ano_referencia,mes_referencia,uf,municipio,marca,modelo,tecnologia,emplacamentos,data_referencia,data_captura,url_fonte,escopo,limite
2022,1,SP,Bauru,M.BENZ,M.BENZ C200 AMG LINE- HEV,HEV,1,2022-01-01,2026-10-02T12:42:14.337255+00:00,https://abve.org.br/abve-data/bi-geral/,"Consulta ABVE filtrada por município Bauru e UF SP; fluxo de emplacamentos, não frota.","O painel público não informa comprador, profissão, local de recarga ou transação individual. Registros são agregados por mês, modelo e município. Não usar para inferir causalidade ou ocupação de carregadores."
2022,1,SP,Bauru,TOYOTA,TOYOTA CCROSS XRV HYBRID,HEV FLEX,1,2022-01-01,2026-10-02T12:42:14.337255+00:00,https://abve.org.br/abve-data/bi-geral/,"Consulta ABVE filtrada por município Bauru e UF SP; fluxo de emplacamentos, não frota.","O painel público não informa comprador, profissão, local de recarga ou transação individual. Registros são agregados por mês, modelo e município. Não usar para inferir causalidade ou ocupação de carregadores."
2022,1,SP,Bauru,TOYOTA,TOYOTA CCROSS XRX HYBRID,HEV FLEX,5,2022-01-01,2026-10-02T12:42:14.337255+00:00,https://abve.org.br/abve-data/bi-geral/,"Consulta ABVE filtrada por município Bauru e UF SP; fluxo de emplacamentos, não frota.","O painel público não informa comprador, profissão, local de recarga ou transação individual. Registros são agregados por mês, modelo e município. Não usar para inferir causalidade ou ocupação de carregadores."
2022,1,SP,Bauru,TOYOTA,TOYOTA COROLLA APREMIUMH,HEV FLEX,1,2022-01-01,2026-10-02T12:42:14.337255+00:00,https://abve.org.br/abve-data/bi-geral/,"Consulta ABVE filtrada por município Bauru e UF SP; fluxo de emplacamentos, não frota.","O painel público não informa comprador, profissão, local de recarga ou transação individual. Registros são agregados por mês, modelo e município. Não usar para inferir causalidade ou ocupação de carregadores."
2022,2,SP,Bauru,BMW,BMW X5XDRIVE45E PHEV,PHEV,1,2022-02-01,2026-10-02T12:42:14.337255+00:00,https://abve.org.br/abve-data/bi-geral/,"Consulta ABVE filtrada por município Bauru e UF SP; fluxo de emplacamentos, não frota.","O painel público não informa comprador, profissão, local de recarga ou transação individual. Registros são agregados por mês, modelo e município. Não usar para inferir causalidade ou ocupação de carregadores."
2022,2,SP,Bauru,LAND ROVER,LR DISC SPT D200 SE 7L PHEV,PHEV,1,2022-02-01,2026-10-02T12:42:14.337255+00:00,https://abve.org.br/abve-data/bi-geral/,"Consulta ABVE filtrada por município Bauru e UF SP; fluxo de emplacamentos, não frota.","O painel público não informa comprador, profissão, local de recarga ou transação individual. Registros são agregados por mês, modelo e município. Não usar para inferir causalidade ou ocupação de carregadores."
2022,2,SP,Bauru,LAND ROVER,LR R.R SPT 3.0 TD HSE  PHEV,PHEV,1,2022-02-01,2026-10-02T12:42:14.337255+00:00,https://abve.org.br/abve-data/bi-geral/,"Consulta ABVE filtrada por município Bauru e UF SP; fluxo de emplacamentos, não frota.","O painel público não informa comprador, profissão, local de recarga ou transação individual. Registros são agregados por mês, modelo e município. Não usar para inferir causalidade ou ocupação de carregadores."
2022,2,SP,Bauru,LAND ROVER,LR R.R SPT 3.0 TD HSED PHEV,PHEV,1,2022-02-01,2026-10-02T12:42:14.337255+00:00,https://abve.org.br/abve-data/bi-geral/,"Consulta ABVE filtrada por município Bauru e UF SP; fluxo de emplacamentos, não frota.","O painel público não informa comprador, profissão, local de recarga ou transação individual. Registros são agregados por mês, modelo e município. Não usar para inferir causalidade ou ocupação de carregadores."
2022,2,SP,Bauru,M.BENZ,M.BENZ C200 AMG LINE- HEV,HEV,1,2022-02-01,2026-10-02T12:42:14.337255+00:00,https://abve.org.br/abve-data/bi-geral/,"Consulta ABVE filtrada por município Bauru e UF SP; fluxo de emplacamentos, não frota.","O painel público não informa comprador, profissão, local de recarga ou transação individual. Registros são agregados por mês, modelo e município. Não usar para inferir causalidade ou ocupação de carregadores."
2022,2,SP,Bauru,TOYOTA,TOYOTA CCROSS XRX HYBRID,HEV FLEX,5,2022-02-01,2026-10-02T12:42:14.337255+00:00,https://abve.org.br/abve-data/bi-geral/,"Consulta ABVE filtrada por município Bauru e UF SP; fluxo de emplacamentos, não frota.","O painel público não informa comprador, profissão, local de recarga ou transação individual. Registros são agregados por mês, modelo e município. Não usar para inferir causalidade ou ocupação de carregadores."
2022,2,SP,Bauru,TOYOTA,TOYOTA COROLLA APREMIUMH,HEV FLEX,1,2022-02-01,2026-10-02T12:42:14.337255+00:00,https://abve.org.br/abve-data/bi-geral/,"Consulta ABVE filtrada por município Bauru e UF SP; fluxo de emplacamentos, não frota.","O painel público não informa comprador, profissão, local de recarga ou transação individual. Registros são agregados por mês, modelo e município. Não usar para inferir causalidade ou ocupação de carregadores."
2022,3,SP,Bauru,JAC,JAC E JS1,BEV,1,2022-03-01,2026-10-02T12:42:14.337255+00:00,https://abve.org.br/abve-data/bi-geral/,"Consulta ABVE filtrada por município Bauru e UF SP; fluxo de emplacamentos, não frota.","O painel público não informa comprador, profissão, local de recarga ou transação individual. Registros são agregados por mês, modelo e município. Não usar para inferir causalidade ou ocupação de carregadores."
2022,3,SP,Bauru,TOYOTA,TOYOTA CCROSS XRX HYBRID,HEV FLEX,7,2022-03-01,2026-10-02T12:42:14.337255+00:00,https://abve.org.br/abve-data/bi-geral/,"Consulta ABVE filtrada por município Bauru e UF SP; fluxo de emplacamentos, não frota.","O painel público não informa comprador, profissão, local de recarga ou transação individual. Registros são agregados por mês, modelo e município. Não usar para inferir causalidade ou ocupação de carregadores."
2022,3,SP,Bauru,TOYOTA,TOYOTA COROLLA APREMIUMH,HEV FLEX,1,2022-03-01,2026-10-02T12:42:14.337255+00:00,https://abve.org.br/abve-data/bi-geral/,"Consulta ABVE filtrada por município Bauru e UF SP; fluxo de emplacamentos, não frota.","O painel público não informa comprador, profissão, local de recarga ou transação individual. Registros são agregados por mês, modelo e município. Não usar para inferir causalidade ou ocupação de carregadores."
2022,4,SP,Bauru,BMW,BMW X3 XDRIVE30E PHEV,PHEV,1,2022-04-01,2026-10-02T12:42:14.337255+00:00,https://abve.org.br/abve-data/bi-geral/,"Consulta ABVE filtrada por município Bauru e UF SP; fluxo de emplacamentos, não frota.","O painel público não informa comprador, profissão, local de recarga ou transação individual. Registros são agregados por mês, modelo e município. Não usar para inferir causalidade ou ocupação de carregadores."
2022,4,SP,Bauru,LAND ROVER,LR DISC SPT D200 SE RD PHEV,PHEV,1,2022-04-01,2026-10-02T12:42:14.337255+00:00,https://abve.org.br/abve-data/bi-geral/,"Consulta ABVE filtrada por município Bauru e UF SP; fluxo de emplacamentos, não frota.","O painel público não informa comprador, profissão, local de recarga ou transação individual. Registros são agregados por mês, modelo e município. Não usar para inferir causalidade ou ocupação de carregadores."
2022,4,SP,Bauru,TOYOTA,TOYOTA CCROSS XRX HYBRID,HEV FLEX,4,2022-04-01,2026-10-02T12:42:14.337255+00:00,https://abve.org.br/abve-data/bi-geral/,"Consulta ABVE filtrada por município Bauru e UF SP; fluxo de emplacamentos, não frota.","O painel público não informa comprador, profissão, local de recarga ou transação individual. Registros são agregados por mês, modelo e município. Não usar para inferir causalidade ou ocupação de carregadores."
2022,4,SP,Bauru,TOYOTA,TOYOTA COROLLA APREMIUMH,HEV FLEX,1,2022-04-01,2026-10-02T12:42:14.337255+00:00,https://abve.org.br/abve-data/bi-geral/,"Consulta ABVE filtrada por município Bauru e UF SP; fluxo de emplacamentos, não frota.","O painel público não informa comprador, profissão, local de recarga ou transação individual. Registros são agregados por mês, modelo e município. Não usar para inferir causalidade ou ocupação de carregadores."
2022,4,SP,Bauru,VOLVO,VOLVO C40 P8 RECHARGE,BEV,2,2022-04-01,2026-10-02T12:42:14.337255+00:00,https://abve.org.br/abve-data/bi-geral/,"Consulta ABVE filtrada por município Bauru e UF SP; fluxo de emplacamentos, não frota.","O painel público não informa comprador, profissão, local de recarga ou transação individual. Registros são agregados por mês, modelo e município. Não usar para inferir causalidade ou ocupação de carregadores."
2022,5,SP,Bauru,KIA,KIA STONIC MHEV SX,MHEV,2,2022-05-01,2026-10-02T12:42:14.337255+00:00,https://abve.org.br/abve-data/bi-geral/,"Consulta ABVE filtrada por município Bauru e UF SP; fluxo de emplacamentos, não frota.","O painel público não informa comprador, profissão, local de recarga ou transação individual. Registros são agregados por mês, modelo e município. Não usar para inferir causalidade ou ocupação de carregadores."
2022,5,SP,Bauru,PORSCHE,PORSCHE CAYENNE PHEV,PHEV,2,2022-05-01,2026-10-02T12:42:14.337255+00:00,https://abve.org.br/abve-data/bi-geral/,"Consulta ABVE filtrada por município Bauru e UF SP; fluxo de emplacamentos, não frota.","O painel público não informa comprador, profissão, local de recarga ou transação individual. Registros são agregados por mês, modelo e município. Não usar para inferir causalidade ou ocupação de carregadores."
2022,5,SP,Bauru,TOYOTA,TOYOTA CCROSS XRX HYBRID,HEV FLEX,4,2022-05-01,2026-10-02T12:42:14.337255+00:00,https://abve.org.br/abve-data/bi-geral/,"Consulta ABVE filtrada por município Bauru e UF SP; fluxo de emplacamentos, não frota.","O painel público não informa comprador, profissão, local de recarga ou transação individual. Registros são agregados por mês, modelo e município. Não usar para inferir causalidade ou ocupação de carregadores."
2022,5,SP,Bauru,TOYOTA,TOYOTA RAV4H SXAWD CNT HEV,HEV,1,2022-05-01,2026-10-02T12:42:14.337255+00:00,https://abve.org.br/abve-data/bi-geral/,"Consulta ABVE filtrada por município Bauru e UF SP; fluxo de emplacamentos, não frota.","O painel público não informa comprador, profissão, local de recarga ou transação individual. Registros são agregados por mês, modelo e município. Não usar para inferir causalidade ou ocupação de carregadores."
2022,5,SP,Bauru,VOLVO,VOLVO XC60 INSC EXPRES PHEV,PHEV,1,2022-05-01,2026-10-02T12:42:14.337255+00:00,https://abve.org.br/abve-data/bi-geral/,"Consulta ABVE filtrada por município Bauru e UF SP; fluxo de emplacamentos, não frota.","O painel público não informa comprador, profissão, local de recarga ou transação individual. Registros são agregados por mês, modelo e município. Não usar para inferir causalidade ou ocupação de carregadores."
2022,5,SP,Bauru,VOLVO,VOLVO XC90 T8 R-DESIGN,PHEV,1,2022-05-01,2026-10-02T12:42:14.337255+00:00,https://abve.org.br/abve-data/bi-geral/,"Consulta ABVE filtrada por município Bauru e UF SP; fluxo de emplacamentos, não frota.","O painel público não informa comprador, profissão, local de recarga ou transação individual. Registros são agregados por mês, modelo e município. Não usar para inferir causalidade ou ocupação de carregadores."
2022,6,SP,Bauru,TOYOTA,TOYOTA CCROSS XRX HYBRID,HEV FLEX,1,2022-06-01,2026-10-02T12:42:14.337255+00:00,https://abve.org.br/abve-data/bi-geral/,"Consulta ABVE filtrada por município Bauru e UF SP; fluxo de emplacamentos, não frota.","O painel público não informa comprador, profissão, local de recarga ou transação individual. Registros são agregados por mês, modelo e município. Não usar para inferir causalidade ou ocupação de carregadores."
2022,6,SP,Bauru,TOYOTA,TOYOTA COROLLA APREMIUMH,HEV FLEX,1,2022-06-01,2026-10-02T12:42:14.337255+00:00,https://abve.org.br/abve-data/bi-geral/,"Consulta ABVE filtrada por município Bauru e UF SP; fluxo de emplacamentos, não frota.","O painel público não informa comprador, profissão, local de recarga ou transação individual. Registros são agregados por mês, modelo e município. Não usar para inferir causalidade ou ocupação de carregadores."
2022,6,SP,Bauru,TOYOTA,TOYOTA RAV4H SXAWD CNT HEV,HEV,1,2022-06-01,2026-10-02T12:42:14.337255+00:00,https://abve.org.br/abve-data/bi-geral/,"Consulta ABVE filtrada por município Bauru e UF SP; fluxo de emplacamentos, não frota.","O painel público não informa comprador, profissão, local de recarga ou transação individual. Registros são agregados por mês, modelo e município. Não usar para inferir causalidade ou ocupação de carregadores."
2022,6,SP,Bauru,VOLVO,VOLVO XC40 RECHARGE PE,BEV,1,2022-06-01,2026-10-02T12:42:14.337255+00:00,https://abve.org.br/abve-data/bi-geral/,"Consulta ABVE filtrada por município Bauru e UF SP; fluxo de emplacamentos, não frota.","O painel público não informa comprador, profissão, local de recarga ou transação individual. Registros são agregados por mês, modelo e município. Não usar para inferir causalidade ou ocupação de carregadores."
2022,7,SP,Bauru,BMW,BMW 330E,PHEV,1,2022-07-01,2026-10-02T12:42:14.337255+00:00,https://abve.org.br/abve-data/bi-geral/,"Consulta ABVE filtrada por município Bauru e UF SP; fluxo de emplacamentos, não frota.","O painel público não informa comprador, profissão, local de recarga ou transação individual. Registros são agregados por mês, modelo e município. Não usar para inferir causalidade ou ocupação de carregadores."
2022,7,SP,Bauru,PORSCHE,PORSCHE TAYCAN  4CT,BEV,1,2022-07-01,2026-10-02T12:42:14.337255+00:00,https://abve.org.br/abve-data/bi-geral/,"Consulta ABVE filtrada por município Bauru e UF SP; fluxo de emplacamentos, não frota.","O painel público não informa comprador, profissão, local de recarga ou transação individual. Registros são agregados por mês, modelo e município. Não usar para inferir causalidade ou ocupação de carregadores."
2022,7,SP,Bauru,TOYOTA,TOYOTA CCROSS XRV HYBRID,HEV FLEX,1,2022-07-01,2026-10-02T12:42:14.337255+00:00,https://abve.org.br/abve-data/bi-geral/,"Consulta ABVE filtrada por município Bauru e UF SP; fluxo de emplacamentos, não frota.","O painel público não informa comprador, profissão, local de recarga ou transação individual. Registros são agregados por mês, modelo e município. Não usar para inferir causalidade ou ocupação de carregadores."
2022,7,SP,Bauru,TOYOTA,TOYOTA CCROSS XRX HYBRID,HEV FLEX,1,2022-07-01,2026-10-02T12:42:14.337255+00:00,https://abve.org.br/abve-data/bi-geral/,"Consulta ABVE filtrada por município Bauru e UF SP; fluxo de emplacamentos, não frota.","O painel público não informa comprador, profissão, local de recarga ou transação individual. Registros são agregados por mês, modelo e município. Não usar para inferir causalidade ou ocupação de carregadores."
2022,7,SP,Bauru,TOYOTA,TOYOTA RAV4H SXAWD CNT,HEV,1,2022-07-01,2026-10-02T12:42:14.337255+00:00,https://abve.org.br/abve-data/bi-geral/,"Consulta ABVE filtrada por município Bauru e UF SP; fluxo de emplacamentos, não frota.","O painel público não informa comprador, profissão, local de recarga ou transação individual. Registros são agregados por mês, modelo e município. Não usar para inferir causalidade ou ocupação de carregadores."
2022,8,SP,Bauru,BMW,BMW X5XDRIVE45E PHEV,PHEV,1,2022-08-01,2026-10-02T12:42:14.337255+00:00,https://abve.org.br/abve-data/bi-geral/,"Consulta ABVE filtrada por município Bauru e UF SP; fluxo de emplacamentos, não frota.","O painel público não informa comprador, profissão, local de recarga ou transação individual. Registros são agregados por mês, modelo e município. Não usar para inferir causalidade ou ocupação de carregadores."
2022,8,SP,Bauru,CAOA CHERY,CAOACHERY ICAR EQ1 TEC,BEV,1,2022-08-01,2026-10-02T12:42:14.337255+00:00,https://abve.org.br/abve-data/bi-geral/,"Consulta ABVE filtrada por município Bauru e UF SP; fluxo de emplacamentos, não frota.","O painel público não informa comprador, profissão, local de recarga ou transação individual. Registros são agregados por mês, modelo e município. Não usar para inferir causalidade ou ocupação de carregadores."
2022,8,SP,Bauru,KIA,KIA SPORTAGE TMHEV EX,MHEV,1,2022-08-01,2026-10-02T12:42:14.337255+00:00,https://abve.org.br/abve-data/bi-geral/,"Consulta ABVE filtrada por município Bauru e UF SP; fluxo de emplacamentos, não frota.","O painel público não informa comprador, profissão, local de recarga ou transação individual. Registros são agregados por mês, modelo e município. Não usar para inferir causalidade ou ocupação de carregadores."
2022,8,SP,Bauru,MINI,MINI COUNTRYMAN PHEV,PHEV,1,2022-08-01,2026-10-02T12:42:14.337255+00:00,https://abve.org.br/abve-data/bi-geral/,"Consulta ABVE filtrada por município Bauru e UF SP; fluxo de emplacamentos, não frota.","O painel público não informa comprador, profissão, local de recarga ou transação individual. Registros são agregados por mês, modelo e município. Não usar para inferir causalidade ou ocupação de carregadores."
2022,8,SP,Bauru,RENAULT,RENAULT E-KWID INTENS,BEV,2,2022-08-01,2026-10-02T12:42:14.337255+00:00,https://abve.org.br/abve-data/bi-geral/,"Consulta ABVE filtrada por município Bauru e UF SP; fluxo de emplacamentos, não frota.","O painel público não informa comprador, profissão, local de recarga ou transação individual. Registros são agregados por mês, modelo e município. Não usar para inferir causalidade ou ocupação de carregadores."
2022,8,SP,Bauru,TOYOTA,TOYOTA CCROSS XRX HYBRID,HEV FLEX,3,2022-08-01,2026-10-02T12:42:14.337255+00:00,https://abve.org.br/abve-data/bi-geral/,"Consulta ABVE filtrada por município Bauru e UF SP; fluxo de emplacamentos, não frota.","O painel público não informa comprador, profissão, local de recarga ou transação individual. Registros são agregados por mês, modelo e município. Não usar para inferir causalidade ou ocupação de carregadores."
2022,8,SP,Bauru,TOYOTA,TOYOTA COROLLA ALTIS HV,HEV FLEX,1,2022-08-01,2026-10-02T12:42:14.337255+00:00,https://abve.org.br/abve-data/bi-geral/,"Consulta ABVE filtrada por município Bauru e UF SP; fluxo de emplacamentos, não frota.","O painel público não informa comprador, profissão, local de recarga ou transação individual. Registros são agregados por mês, modelo e município. Não usar para inferir causalidade ou ocupação de carregadores."
2022,8,SP,Bauru,VOLVO,VOLVO C40 8 ULTIMATE,BEV,1,2022-08-01,2026-10-02T12:42:14.337255+00:00,https://abve.org.br/abve-data/bi-geral/,"Consulta ABVE filtrada por município Bauru e UF SP; fluxo de emplacamentos, não frota.","O painel público não informa comprador, profissão, local de recarga ou transação individual. Registros são agregados por mês, modelo e município. Não usar para inferir causalidade ou ocupação de carregadores."
2022,9,SP,Bauru,CAOA CHERY,CAOACHERY ICAR EQ1 TEC,BEV,1,2022-09-01,2026-10-02T12:42:14.337255+00:00,https://abve.org.br/abve-data/bi-geral/,"Consulta ABVE filtrada por município Bauru e UF SP; fluxo de emplacamentos, não frota.","O painel público não informa comprador, profissão, local de recarga ou transação individual. Registros são agregados por mês, modelo e município. Não usar para inferir causalidade ou ocupação de carregadores."
2022,9,SP,Bauru,CAOA CHERY,CAOACHERY TIGGO7 PRO H,HEV FLEX,1,2022-09-01,2026-10-02T12:42:14.337255+00:00,https://abve.org.br/abve-data/bi-geral/,"Consulta ABVE filtrada por município Bauru e UF SP; fluxo de emplacamentos, não frota.","O painel público não informa comprador, profissão, local de recarga ou transação individual. Registros são agregados por mês, modelo e município. Não usar para inferir causalidade ou ocupação de carregadores."
2022,9,SP,Bauru,CAOA CHERY,CAOACHERY TIGGO8 PHEV,PHEV,3,2022-09-01,2026-10-02T12:42:14.337255+00:00,https://abve.org.br/abve-data/bi-geral/,"Consulta ABVE filtrada por município Bauru e UF SP; fluxo de emplacamentos, não frota.","O painel público não informa comprador, profissão, local de recarga ou transação individual. Registros são agregados por mês, modelo e município. Não usar para inferir causalidade ou ocupação de carregadores."
2022,9,SP,Bauru,LAND ROVER,LR VELAR P340 HSE RDYN,MHEV,1,2022-09-01,2026-10-02T12:42:14.337255+00:00,https://abve.org.br/abve-data/bi-geral/,"Consulta ABVE filtrada por município Bauru e UF SP; fluxo de emplacamentos, não frota.","O painel público não informa comprador, profissão, local de recarga ou transação individual. Registros são agregados por mês, modelo e município. Não usar para inferir causalidade ou ocupação de carregadores."
2022,9,SP,Bauru,MINI,MINI COUNTRYMAN PHEV,PHEV,1,2022-09-01,2026-10-02T12:42:14.337255+00:00,https://abve.org.br/abve-data/bi-geral/,"Consulta ABVE filtrada por município Bauru e UF SP; fluxo de emplacamentos, não frota.","O painel público não informa comprador, profissão, local de recarga ou transação individual. Registros são agregados por mês, modelo e município. Não usar para inferir causalidade ou ocupação de carregadores."
2022,9,SP,Bauru,PORSCHE,PORSCHE TAYCAN 4S,BEV,1,2022-09-01,2026-10-02T12:42:14.337255+00:00,https://abve.org.br/abve-data/bi-geral/,"Consulta ABVE filtrada por município Bauru e UF SP; fluxo de emplacamentos, não frota.","O painel público não informa comprador, profissão, local de recarga ou transação individual. Registros são agregados por mês, modelo e município. Não usar para inferir causalidade ou ocupação de carregadores."
2022,9,SP,Bauru,TOYOTA,TOYOTA CCROSS XRV HYBRID,HEV FLEX,1,2022-09-01,2026-10-02T12:42:14.337255+00:00,https://abve.org.br/abve-data/bi-geral/,"Consulta ABVE filtrada por município Bauru e UF SP; fluxo de emplacamentos, não frota.","O painel público não informa comprador, profissão, local de recarga ou transação individual. Registros são agregados por mês, modelo e município. Não usar para inferir causalidade ou ocupação de carregadores."
2022,9,SP,Bauru,TOYOTA,TOYOTA COROLLA APREMIUMH,HEV FLEX,1,2022-09-01,2026-10-02T12:42:14.337255+00:00,https://abve.org.br/abve-data/bi-geral/,"Consulta ABVE filtrada por município Bauru e UF SP; fluxo de emplacamentos, não frota.","O painel público não informa comprador, profissão, local de recarga ou transação individual. Registros são agregados por mês, modelo e município. Não usar para inferir causalidade ou ocupação de carregadores."
2022,9,SP,Bauru,TOYOTA,TOYOTA RAV4H SXAWD CNT HEV,HEV,2,2022-09-01,2026-10-02T12:42:14.337255+00:00,https://abve.org.br/abve-data/bi-geral/,"Consulta ABVE filtrada por município Bauru e UF SP; fluxo de emplacamentos, não frota.","O painel público não informa comprador, profissão, local de recarga ou transação individual. Registros são agregados por mês, modelo e município. Não usar para inferir causalidade ou ocupação de carregadores."
2022,9,SP,Bauru,VOLVO,VOLVO XC60 T8 ULTIMATE,PHEV,2,2022-09-01,2026-10-02T12:42:14.337255+00:00,https://abve.org.br/abve-data/bi-geral/,"Consulta ABVE filtrada por município Bauru e UF SP; fluxo de emplacamentos, não frota.","O painel público não informa comprador, profissão, local de recarga ou transação individual. Registros são agregados por mês, modelo e município. Não usar para inferir causalidade ou ocupação de carregadores."
2022,10,SP,Bauru,CAOA CHERY,CAOACHERY TIGGO8 PHEV,PHEV,1,2022-10-01,2026-10-02T12:42:14.337255+00:00,https://abve.org.br/abve-data/bi-geral/,"Consulta ABVE filtrada por município Bauru e UF SP; fluxo de emplacamentos, não frota.","O painel público não informa comprador, profissão, local de recarga ou transação individual. Registros são agregados por mês, modelo e município. Não usar para inferir causalidade ou ocupação de carregadores."
2022,10,SP,Bauru,LAND ROVER,LR DISC SPT D200 S 7L,PHEV,1,2022-10-01,2026-10-02T12:42:14.337255+00:00,https://abve.org.br/abve-data/bi-geral/,"Consulta ABVE filtrada por município Bauru e UF SP; fluxo de emplacamentos, não frota.","O painel público não informa comprador, profissão, local de recarga ou transação individual. Registros são agregados por mês, modelo e município. Não usar para inferir causalidade ou ocupação de carregadores."
2022,10,SP,Bauru,TOYOTA,TOYOTA CCROSS XRX HYBRID,HEV FLEX,1,2022-10-01,2026-10-02T12:42:14.337255+00:00,https://abve.org.br/abve-data/bi-geral/,"Consulta ABVE filtrada por município Bauru e UF SP; fluxo de emplacamentos, não frota.","O painel público não informa comprador, profissão, local de recarga ou transação individual. Registros são agregados por mês, modelo e município. Não usar para inferir causalidade ou ocupação de carregadores."
2022,10,SP,Bauru,VOLVO,VOLVO XC40 8 ULTIMATE,BEV,1,2022-10-01,2026-10-02T12:42:14.337255+00:00,https://abve.org.br/abve-data/bi-geral/,"Consulta ABVE filtrada por município Bauru e UF SP; fluxo de emplacamentos, não frota.","O painel público não informa comprador, profissão, local de recarga ou transação individual. Registros são agregados por mês, modelo e município. Não usar para inferir causalidade ou ocupação de carregadores."
2022,11,SP,Bauru,M.BENZ,M.BENZ C300 AMG LINE,MHEV,1,2022-11-01,2026-10-02T12:42:14.337255+00:00,https://abve.org.br/abve-data/bi-geral/,"Consulta ABVE filtrada por município Bauru e UF SP; fluxo de emplacamentos, não frota.","O painel público não informa comprador, profissão, local de recarga ou transação individual. Registros são agregados por mês, modelo e município. Não usar para inferir causalidade ou ocupação de carregadores."
2022,11,SP,Bauru,MINI,MINI COUNTRYMAN PHEV,PHEV,1,2022-11-01,2026-10-02T12:42:14.337255+00:00,https://abve.org.br/abve-data/bi-geral/,"Consulta ABVE filtrada por município Bauru e UF SP; fluxo de emplacamentos, não frota.","O painel público não informa comprador, profissão, local de recarga ou transação individual. Registros são agregados por mês, modelo e município. Não usar para inferir causalidade ou ocupação de carregadores."
2022,11,SP,Bauru,TOYOTA,TOYOTA COROLLA APREMIUMH,HEV FLEX,1,2022-11-01,2026-10-02T12:42:14.337255+00:00,https://abve.org.br/abve-data/bi-geral/,"Consulta ABVE filtrada por município Bauru e UF SP; fluxo de emplacamentos, não frota.","O painel público não informa comprador, profissão, local de recarga ou transação individual. Registros são agregados por mês, modelo e município. Não usar para inferir causalidade ou ocupação de carregadores."
2022,11,SP,Bauru,TOYOTA,TOYOTA RAV4H SXAWD CNT HEV,HEV,1,2022-11-01,2026-10-02T12:42:14.337255+00:00,https://abve.org.br/abve-data/bi-geral/,"Consulta ABVE filtrada por município Bauru e UF SP; fluxo de emplacamentos, não frota.","O painel público não informa comprador, profissão, local de recarga ou transação individual. Registros são agregados por mês, modelo e município. Não usar para inferir causalidade ou ocupação de carregadores."
2022,12,SP,Bauru,BMW,BMW IX XDRIVE40,BEV,1,2022-12-01,2026-10-02T12:42:14.337255+00:00,https://abve.org.br/abve-data/bi-geral/,"Consulta ABVE filtrada por município Bauru e UF SP; fluxo de emplacamentos, não frota.","O painel público não informa comprador, profissão, local de recarga ou transação individual. Registros são agregados por mês, modelo e município. Não usar para inferir causalidade ou ocupação de carregadores."
2022,12,SP,Bauru,CAOA CHERY,CAOACHERY ARRIZO6 PROH,MHEV,2,2022-12-01,2026-10-02T12:42:14.337255+00:00,https://abve.org.br/abve-data/bi-geral/,"Consulta ABVE filtrada por município Bauru e UF SP; fluxo de emplacamentos, não frota.","O painel público não informa comprador, profissão, local de recarga ou transação individual. Registros são agregados por mês, modelo e município. Não usar para inferir causalidade ou ocupação de carregadores."
2022,12,SP,Bauru,CAOA CHERY,CAOACHERY TIGGO5X PRO H,MHEV,1,2022-12-01,2026-10-02T12:42:14.337255+00:00,https://abve.org.br/abve-data/bi-geral/,"Consulta ABVE filtrada por município Bauru e UF SP; fluxo de emplacamentos, não frota.","O painel público não informa comprador, profissão, local de recarga ou transação individual. Registros são agregados por mês, modelo e município. Não usar para inferir causalidade ou ocupação de carregadores."
2022,12,SP,Bauru,CAOA CHERY,CAOACHERY TIGGO7 PRO H,HEV FLEX,1,2022-12-01,2026-10-02T12:42:14.337255+00:00,https://abve.org.br/abve-data/bi-geral/,"Consulta ABVE filtrada por município Bauru e UF SP; fluxo de emplacamentos, não frota.","O painel público não informa comprador, profissão, local de recarga ou transação individual. Registros são agregados por mês, modelo e município. Não usar para inferir causalidade ou ocupação de carregadores."
2022,12,SP,Bauru,MINI,MINI COUNTRYMAN PHEV,PHEV,1,2022-12-01,2026-10-02T12:42:14.337255+00:00,https://abve.org.br/abve-data/bi-geral/,"Consulta ABVE filtrada por município Bauru e UF SP; fluxo de emplacamentos, não frota.","O painel público não informa comprador, profissão, local de recarga ou transação individual. Registros são agregados por mês, modelo e município. Não usar para inferir causalidade ou ocupação de carregadores."
2022,12,SP,Bauru,RENAULT,RENAULT E-KWID INTENS,BEV,1,2022-12-01,2026-10-02T12:42:14.337255+00:00,https://abve.org.br/abve-data/bi-geral/,"Consulta ABVE filtrada por município Bauru e UF SP; fluxo de emplacamentos, não frota.","O painel público não informa comprador, profissão, local de recarga ou transação individual. Registros são agregados por mês, modelo e município. Não usar para inferir causalidade ou ocupação de carregadores."
2022,12,SP,Bauru,TOYOTA,TOYOTA CCROSS XRX HYBRID,HEV FLEX,3,2022-12-01,2026-10-02T12:42:14.337255+00:00,https://abve.org.br/abve-data/bi-geral/,"Consulta ABVE filtrada por município Bauru e UF SP; fluxo de emplacamentos, não frota.","O painel público não informa comprador, profissão, local de recarga ou transação individual. Registros são agregados por mês, modelo e município. Não usar para inferir causalidade ou ocupação de carregadores."
2022,12,SP,Bauru,TOYOTA,TOYOTA COROLLA APREMIUMH,HEV FLEX,1,2022-12-01,2026-10-02T12:42:14.337255+00:00,https://abve.org.br/abve-data/bi-geral/,"Consulta ABVE filtrada por município Bauru e UF SP; fluxo de emplacamentos, não frota.","O painel público não informa comprador, profissão, local de recarga ou transação individual. Registros são agregados por mês, modelo e município. Não usar para inferir causalidade ou ocupação de carregadores."
2022,12,SP,Bauru,TOYOTA,TOYOTA RAV4H SXAWD CNT HEV,HEV,1,2022-12-01,2026-10-02T12:42:14.337255+00:00,https://abve.org.br/abve-data/bi-geral/,"Consulta ABVE filtrada por município Bauru e UF SP; fluxo de emplacamentos, não frota.","O painel público não informa comprador, profissão, local de recarga ou transação individual. Registros são agregados por mês, modelo e município. Não usar para inferir causalidade ou ocupação de carregadores."
2022,12,SP,Bauru,VOLVO,VOLVO XC40 6 PLUS,BEV,1,2022-12-01,2026-10-02T12:42:14.337255+00:00,https://abve.org.br/abve-data/bi-geral/,"Consulta ABVE filtrada por município Bauru e UF SP; fluxo de emplacamentos, não frota.","O painel público não informa comprador, profissão, local de recarga ou transação individual. Registros são agregados por mês, modelo e município. Não usar para inferir causalidade ou ocupação de carregadores."
2022,12,SP,Bauru,VOLVO,VOLVO XC90 T8 PLUS,PHEV,1,2022-12-01,2026-10-02T12:42:14.337255+00:00,https://abve.org.br/abve-data/bi-geral/,"Consulta ABVE filtrada por município Bauru e UF SP; fluxo de emplacamentos, não frota.","O painel público não informa comprador, profissão, local de recarga ou transação individual. Registros são agregados por mês, modelo e município. Não usar para inferir causalidade ou ocupação de carregadores."
2023,1,SP,Bauru,CAOA CHERY,CAOACHERY TIGGO8 PHEV,PHEV,1,2023-01-01,2026-10-02T12:42:14.337255+00:00,https://abve.org.br/abve-data/bi-geral/,"Consulta ABVE filtrada por município Bauru e UF SP; fluxo de emplacamentos, não frota.","O painel público não informa comprador, profissão, local de recarga ou transação individual. Registros são agregados por mês, modelo e município. Não usar para inferir causalidade ou ocupação de carregadores."
2023,1,SP,Bauru,JEEP,JEEP COMPASS S 4XE,PHEV,1,2023-01-01,2026-10-02T12:42:14.337255+00:00,https://abve.org.br/abve-data/bi-geral/,"Consulta ABVE filtrada por município Bauru e UF SP; fluxo de emplacamentos, não frota.","O painel público não informa comprador, profissão, local de recarga ou transação individual. Registros são agregados por mês, modelo e município. Não usar para inferir causalidade ou ocupação de carregadores."
2023,1,SP,Bauru,TOYOTA,TOYOTA CCROSS XRV HYBRID,HEV FLEX,2,2023-01-01,2026-10-02T12:42:14.337255+00:00,https://abve.org.br/abve-data/bi-geral/,"Consulta ABVE filtrada por município Bauru e UF SP; fluxo de emplacamentos, não frota.","O painel público não informa comprador, profissão, local de recarga ou transação individual. Registros são agregados por mês, modelo e município. Não usar para inferir causalidade ou ocupação de carregadores."
2023,1,SP,Bauru,VOLVO,VOLVO XC60 T8 PLUS,PHEV,1,2023-01-01,2026-10-02T12:42:14.337255+00:00,https://abve.org.br/abve-data/bi-geral/,"Consulta ABVE filtrada por município Bauru e UF SP; fluxo de emplacamentos, não frota.","O painel público não informa comprador, profissão, local de recarga ou transação individual. Registros são agregados por mês, modelo e município. Não usar para inferir causalidade ou ocupação de carregadores."
2023,2,SP,Bauru,BMW,BMW X3 XDRIVE30E,PHEV,1,2023-02-01,2026-10-02T12:42:14.337255+00:00,https://abve.org.br/abve-data/bi-geral/,"Consulta ABVE filtrada por município Bauru e UF SP; fluxo de emplacamentos, não frota.","O painel público não informa comprador, profissão, local de recarga ou transação individual. Registros são agregados por mês, modelo e município. Não usar para inferir causalidade ou ocupação de carregadores."
2023,2,SP,Bauru,BMW,BMW X5 XDRIVE45E,PHEV,1,2023-02-01,2026-10-02T12:42:14.337255+00:00,https://abve.org.br/abve-data/bi-geral/,"Consulta ABVE filtrada por município Bauru e UF SP; fluxo de emplacamentos, não frota.","O painel público não informa comprador, profissão, local de recarga ou transação individual. Registros são agregados por mês, modelo e município. Não usar para inferir causalidade ou ocupação de carregadores."
2023,2,SP,Bauru,CAOA CHERY,CAOACHERY TIGGO5X PRO H,MHEV,1,2023-02-01,2026-10-02T12:42:14.337255+00:00,https://abve.org.br/abve-data/bi-geral/,"Consulta ABVE filtrada por município Bauru e UF SP; fluxo de emplacamentos, não frota.","O painel público não informa comprador, profissão, local de recarga ou transação individual. Registros são agregados por mês, modelo e município. Não usar para inferir causalidade ou ocupação de carregadores."
2023,2,SP,Bauru,PORSCHE,PORSCHE CAYENNE CP PHE,PHEV,1,2023-02-01,2026-10-02T12:42:14.337255+00:00,https://abve.org.br/abve-data/bi-geral/,"Consulta ABVE filtrada por município Bauru e UF SP; fluxo de emplacamentos, não frota.","O painel público não informa comprador, profissão, local de recarga ou transação individual. Registros são agregados por mês, modelo e município. Não usar para inferir causalidade ou ocupação de carregadores."
2023,2,SP,Bauru,TOYOTA,TOYOTA CCROSS XRX HYBRID,HEV FLEX,1,2023-02-01,2026-10-02T12:42:14.337255+00:00,https://abve.org.br/abve-data/bi-geral/,"Consulta ABVE filtrada por município Bauru e UF SP; fluxo de emplacamentos, não frota.","O painel público não informa comprador, profissão, local de recarga ou transação individual. Registros são agregados por mês, modelo e município. Não usar para inferir causalidade ou ocupação de carregadores."
2023,2,SP,Bauru,VOLVO,VOLVO XC40 6 PLUS,BEV,1,2023-02-01,2026-10-02T12:42:14.337255+00:00,https://abve.org.br/abve-data/bi-geral/,"Consulta ABVE filtrada por município Bauru e UF SP; fluxo de emplacamentos, não frota.","O painel público não informa comprador, profissão, local de recarga ou transação individual. Registros são agregados por mês, modelo e município. Não usar para inferir causalidade ou ocupação de carregadores."
2023,3,SP,Bauru,BMW,BMW X5 XDRIVE45E,PHEV,1,2023-03-01,2026-10-02T12:42:14.337255+00:00,https://abve.org.br/abve-data/bi-geral/,"Consulta ABVE filtrada por município Bauru e UF SP; fluxo de emplacamentos, não frota.","O painel público não informa comprador, profissão, local de recarga ou transação individual. Registros são agregados por mês, modelo e município. Não usar para inferir causalidade ou ocupação de carregadores."
2023,3,SP,Bauru,CAOA CHERY,CAOACHERY TIGGO5X PRO H,MHEV,1,2023-03-01,2026-10-02T12:42:14.337255+00:00,https://abve.org.br/abve-data/bi-geral/,"Consulta ABVE filtrada por município Bauru e UF SP; fluxo de emplacamentos, não frota.","O painel público não informa comprador, profissão, local de recarga ou transação individual. Registros são agregados por mês, modelo e município. Não usar para inferir causalidade ou ocupação de carregadores."
2023,3,SP,Bauru,CAOA CHERY,CAOACHERY TIGGO8 PHEV,PHEV,1,2023-03-01,2026-10-02T12:42:14.337255+00:00,https://abve.org.br/abve-data/bi-geral/,"Consulta ABVE filtrada por município Bauru e UF SP; fluxo de emplacamentos, não frota.","O painel público não informa comprador, profissão, local de recarga ou transação individual. Registros são agregados por mês, modelo e município. Não usar para inferir causalidade ou ocupação de carregadores."
2023,3,SP,Bauru,HONDA,HONDA CIVIC HYB TRNG,HEV,1,2023-03-01,2026-10-02T12:42:14.337255+00:00,https://abve.org.br/abve-data/bi-geral/,"Consulta ABVE filtrada por município Bauru e UF SP; fluxo de emplacamentos, não frota.","O painel público não informa comprador, profissão, local de recarga ou transação individual. Registros são agregados por mês, modelo e município. Não usar para inferir causalidade ou ocupação de carregadores."
2023,3,SP,Bauru,PORSCHE,PORSCHE PANAMERA 4SEHY,PHEV,1,2023-03-01,2026-10-02T12:42:14.337255+00:00,https://abve.org.br/abve-data/bi-geral/,"Consulta ABVE filtrada por município Bauru e UF SP; fluxo de emplacamentos, não frota.","O painel público não informa comprador, profissão, local de recarga ou transação individual. Registros são agregados por mês, modelo e município. Não usar para inferir causalidade ou ocupação de carregadores."
2023,3,SP,Bauru,TOYOTA,TOYOTA CCROSS XRX HYBRID,HEV FLEX,1,2023-03-01,2026-10-02T12:42:14.337255+00:00,https://abve.org.br/abve-data/bi-geral/,"Consulta ABVE filtrada por município Bauru e UF SP; fluxo de emplacamentos, não frota.","O painel público não informa comprador, profissão, local de recarga ou transação individual. Registros são agregados por mês, modelo e município. Não usar para inferir causalidade ou ocupação de carregadores."
2023,3,SP,Bauru,TOYOTA,TOYOTA RAV4H SXAWD CNT,HEV,1,2023-03-01,2026-10-02T12:42:14.337255+00:00,https://abve.org.br/abve-data/bi-geral/,"Consulta ABVE filtrada por município Bauru e UF SP; fluxo de emplacamentos, não frota.","O painel público não informa comprador, profissão, local de recarga ou transação individual. Registros são agregados por mês, modelo e município. Não usar para inferir causalidade ou ocupação de carregadores."
2023,3,SP,Bauru,VOLVO,VOLVO XC60 T8 PLUS,PHEV,1,2023-03-01,2026-10-02T12:42:14.337255+00:00,https://abve.org.br/abve-data/bi-geral/,"Consulta ABVE filtrada por município Bauru e UF SP; fluxo de emplacamentos, não frota.","O painel público não informa comprador, profissão, local de recarga ou transação individual. Registros são agregados por mês, modelo e município. Não usar para inferir causalidade ou ocupação de carregadores."
2023,3,SP,Bauru,VOLVO,VOLVO XC60 T8 ULT DARK,PHEV,1,2023-03-01,2026-10-02T12:42:14.337255+00:00,https://abve.org.br/abve-data/bi-geral/,"Consulta ABVE filtrada por município Bauru e UF SP; fluxo de emplacamentos, não frota.","O painel público não informa comprador, profissão, local de recarga ou transação individual. Registros são agregados por mês, modelo e município. Não usar para inferir causalidade ou ocupação de carregadores."
2023,4,SP,Bauru,AUDI,AUDI Q5 SB P-HIBRIDO,PHEV,1,2023-04-01,2026-10-02T12:42:14.337255+00:00,https://abve.org.br/abve-data/bi-geral/,"Consulta ABVE filtrada por município Bauru e UF SP; fluxo de emplacamentos, não frota.","O painel público não informa comprador, profissão, local de recarga ou transação individual. Registros são agregados por mês, modelo e município. Não usar para inferir causalidade ou ocupação de carregadores."
2023,4,SP,Bauru,CAOA CHERY,CAOACHERY TIGGO5X PRO H,MHEV,1,2023-04-01,2026-10-02T12:42:14.337255+00:00,https://abve.org.br/abve-data/bi-geral/,"Consulta ABVE filtrada por município Bauru e UF SP; fluxo de emplacamentos, não frota.","O painel público não informa comprador, profissão, local de recarga ou transação individual. Registros são agregados por mês, modelo e município. Não usar para inferir causalidade ou ocupação de carregadores."
2023,4,SP,Bauru,CAOA CHERY,CAOACHERY TIGGO7 PRO H,HEV FLEX,1,2023-04-01,2026-10-02T12:42:14.337255+00:00,https://abve.org.br/abve-data/bi-geral/,"Consulta ABVE filtrada por município Bauru e UF SP; fluxo de emplacamentos, não frota.","O painel público não informa comprador, profissão, local de recarga ou transação individual. Registros são agregados por mês, modelo e município. Não usar para inferir causalidade ou ocupação de carregadores."
2023,4,SP,Bauru,M.BENZ,M.BENZ C200 AMG LINE,MHEV,1,2023-04-01,2026-10-02T12:42:14.337255+00:00,https://abve.org.br/abve-data/bi-geral/,"Consulta ABVE filtrada por município Bauru e UF SP; fluxo de emplacamentos, não frota.","O painel público não informa comprador, profissão, local de recarga ou transação individual. Registros são agregados por mês, modelo e município. Não usar para inferir causalidade ou ocupação de carregadores."
2023,4,SP,Bauru,PORSCHE,PORSCHE CAYENNE CP PHE,PHEV,1,2023-04-01,2026-10-02T12:42:14.337255+00:00,https://abve.org.br/abve-data/bi-geral/,"Consulta ABVE filtrada por município Bauru e UF SP; fluxo de emplacamentos, não frota.","O painel público não informa comprador, profissão, local de recarga ou transação individual. Registros são agregados por mês, modelo e município. Não usar para inferir causalidade ou ocupação de carregadores."
2023,4,SP,Bauru,TOYOTA,TOYOTA CCROSS XRV HYBRID,HEV FLEX,1,2023-04-01,2026-10-02T12:42:14.337255+00:00,https://abve.org.br/abve-data/bi-geral/,"Consulta ABVE filtrada por município Bauru e UF SP; fluxo de emplacamentos, não frota.","O painel público não informa comprador, profissão, local de recarga ou transação individual. Registros são agregados por mês, modelo e município. Não usar para inferir causalidade ou ocupação de carregadores."
2023,4,SP,Bauru,TOYOTA,TOYOTA CCROSS XRX HYBRID,HEV FLEX,4,2023-04-01,2026-10-02T12:42:14.337255+00:00,https://abve.org.br/abve-data/bi-geral/,"Consulta ABVE filtrada por município Bauru e UF SP; fluxo de emplacamentos, não frota.","O painel público não informa comprador, profissão, local de recarga ou transação individual. Registros são agregados por mês, modelo e município. Não usar para inferir causalidade ou ocupação de carregadores."
2023,4,SP,Bauru,TOYOTA,TOYOTA COROLLA APREMIUMH,HEV FLEX,1,2023-04-01,2026-10-02T12:42:14.337255+00:00,https://abve.org.br/abve-data/bi-geral/,"Consulta ABVE filtrada por município Bauru e UF SP; fluxo de emplacamentos, não frota.","O painel público não informa comprador, profissão, local de recarga ou transação individual. Registros são agregados por mês, modelo e município. Não usar para inferir causalidade ou ocupação de carregadores."
2023,5,SP,Bauru,AUDI,AUDI Q5 SB P-HIBRIDO,PHEV,1,2023-05-01,2026-10-02T12:42:14.337255+00:00,https://abve.org.br/abve-data/bi-geral/,"Consulta ABVE filtrada por município Bauru e UF SP; fluxo de emplacamentos, não frota.","O painel público não informa comprador, profissão, local de recarga ou transação individual. Registros são agregados por mês, modelo e município. Não usar para inferir causalidade ou ocupação de carregadores."
2023,5,SP,Bauru,BYD,BYD SONG PLUS GS DM,PHEV,1,2023-05-01,2026-10-02T12:42:14.337255+00:00,https://abve.org.br/abve-data/bi-geral/,"Consulta ABVE filtrada por município Bauru e UF SP; fluxo de emplacamentos, não frota.","O painel público não informa comprador, profissão, local de recarga ou transação individual. Registros são agregados por mês, modelo e município. Não usar para inferir causalidade ou ocupação de carregadores."
2023,5,SP,Bauru,CAOA CHERY,CAOACHERY TIGGO5X PRO H,MHEV,2,2023-05-01,2026-10-02T12:42:14.337255+00:00,https://abve.org.br/abve-data/bi-geral/,"Consulta ABVE filtrada por município Bauru e UF SP; fluxo de emplacamentos, não frota.","O painel público não informa comprador, profissão, local de recarga ou transação individual. Registros são agregados por mês, modelo e município. Não usar para inferir causalidade ou ocupação de carregadores."
2023,5,SP,Bauru,CAOA CHERY,CAOACHERY TIGGO8 PHEV,PHEV,3,2023-05-01,2026-10-02T12:42:14.337255+00:00,https://abve.org.br/abve-data/bi-geral/,"Consulta ABVE filtrada por município Bauru e UF SP; fluxo de emplacamentos, não frota.","O painel público não informa comprador, profissão, local de recarga ou transação individual. Registros são agregados por mês, modelo e município. Não usar para inferir causalidade ou ocupação de carregadores."
2023,5,SP,Bauru,GWM,GWM HAVAL H6 GT,PHEV,3,2023-05-01,2026-10-02T12:42:14.337255+00:00,https://abve.org.br/abve-data/bi-geral/,"Consulta ABVE filtrada por município Bauru e UF SP; fluxo de emplacamentos, não frota.","O painel público não informa comprador, profissão, local de recarga ou transação individual. Registros são agregados por mês, modelo e município. Não usar para inferir causalidade ou ocupação de carregadores."
2023,5,SP,Bauru,GWM,GWM HAVAL H6 PREM HEV,HEV,1,2023-05-01,2026-10-02T12:42:14.337255+00:00,https://abve.org.br/abve-data/bi-geral/,"Consulta ABVE filtrada por município Bauru e UF SP; fluxo de emplacamentos, não frota.","O painel público não informa comprador, profissão, local de recarga ou transação individual. Registros são agregados por mês, modelo e município. Não usar para inferir causalidade ou ocupação de carregadores."
2023,5,SP,Bauru,GWM,GWM HAVAL H6 PREM PHEV,PHEV,1,2023-05-01,2026-10-02T12:42:14.337255+00:00,https://abve.org.br/abve-data/bi-geral/,"Consulta ABVE filtrada por município Bauru e UF SP; fluxo de emplacamentos, não frota.","O painel público não informa comprador, profissão, local de recarga ou transação individual. Registros são agregados por mês, modelo e município. Não usar para inferir causalidade ou ocupação de carregadores."
2023,5,SP,Bauru,HONDA,HONDA CIVIC HYB TRNG,HEV,1,2023-05-01,2026-10-02T12:42:14.337255+00:00,https://abve.org.br/abve-data/bi-geral/,"Consulta ABVE filtrada por município Bauru e UF SP; fluxo de emplacamentos, não frota.","O painel público não informa comprador, profissão, local de recarga ou transação individual. Registros são agregados por mês, modelo e município. Não usar para inferir causalidade ou ocupação de carregadores."
2023,5,SP,Bauru,LAND ROVER,LR RR D350 LE,MHEV,1,2023-05-01,2026-10-02T12:42:14.337255+00:00,https://abve.org.br/abve-data/bi-geral/,"Consulta ABVE filtrada por município Bauru e UF SP; fluxo de emplacamentos, não frota.","O painel público não informa comprador, profissão, local de recarga ou transação individual. Registros são agregados por mês, modelo e município. Não usar para inferir causalidade ou ocupação de carregadores."
2023,5,SP,Bauru,PORSCHE,PORSCHE CAYENNE CP PHE,PHEV,1,2023-05-01,2026-10-02T12:42:14.337255+00:00,https://abve.org.br/abve-data/bi-geral/,"Consulta ABVE filtrada por município Bauru e UF SP; fluxo de emplacamentos, não frota.","O painel público não informa comprador, profissão, local de recarga ou transação individual. Registros são agregados por mês, modelo e município. Não usar para inferir causalidade ou ocupação de carregadores."
2023,5,SP,Bauru,TOYOTA,TOYOTA CCROSS XRV HYBRID,HEV FLEX,1,2023-05-01,2026-10-02T12:42:14.337255+00:00,https://abve.org.br/abve-data/bi-geral/,"Consulta ABVE filtrada por município Bauru e UF SP; fluxo de emplacamentos, não frota.","O painel público não informa comprador, profissão, local de recarga ou transação individual. Registros são agregados por mês, modelo e município. Não usar para inferir causalidade ou ocupação de carregadores."
2023,5,SP,Bauru,TOYOTA,TOYOTA COROLLA APREMIUMH,HEV FLEX,1,2023-05-01,2026-10-02T12:42:14.337255+00:00,https://abve.org.br/abve-data/bi-geral/,"Consulta ABVE filtrada por município Bauru e UF SP; fluxo de emplacamentos, não frota.","O painel público não informa comprador, profissão, local de recarga ou transação individual. Registros são agregados por mês, modelo e município. Não usar para inferir causalidade ou ocupação de carregadores."
2023,5,SP,Bauru,VOLVO,VOLVO XC40 8 ULTIMATE,BEV,1,2023-05-01,2026-10-02T12:42:14.337255+00:00,https://abve.org.br/abve-data/bi-geral/,"Consulta ABVE filtrada por município Bauru e UF SP; fluxo de emplacamentos, não frota.","O painel público não informa comprador, profissão, local de recarga ou transação individual. Registros são agregados por mês, modelo e município. Não usar para inferir causalidade ou ocupação de carregadores."
2023,6,SP,Bauru,CAOA CHERY,CAOACHERY TIGGO5X PRO H,MHEV,1,2023-06-01,2026-10-02T12:42:14.337255+00:00,https://abve.org.br/abve-data/bi-geral/,"Consulta ABVE filtrada por município Bauru e UF SP; fluxo de emplacamentos, não frota.","O painel público não informa comprador, profissão, local de recarga ou transação individual. Registros são agregados por mês, modelo e município. Não usar para inferir causalidade ou ocupação de carregadores."
2023,6,SP,Bauru,CAOA CHERY,CAOACHERY TIGGO8 PHEV,PHEV,1,2023-06-01,2026-10-02T12:42:14.337255+00:00,https://abve.org.br/abve-data/bi-geral/,"Consulta ABVE filtrada por município Bauru e UF SP; fluxo de emplacamentos, não frota.","O painel público não informa comprador, profissão, local de recarga ou transação individual. Registros são agregados por mês, modelo e município. Não usar para inferir causalidade ou ocupação de carregadores."
2023,6,SP,Bauru,GWM,GWM HAVAL H6 GT,PHEV,3,2023-06-01,2026-10-02T12:42:14.337255+00:00,https://abve.org.br/abve-data/bi-geral/,"Consulta ABVE filtrada por município Bauru e UF SP; fluxo de emplacamentos, não frota.","O painel público não informa comprador, profissão, local de recarga ou transação individual. Registros são agregados por mês, modelo e município. Não usar para inferir causalidade ou ocupação de carregadores."
2023,6,SP,Bauru,GWM,GWM HAVAL H6 PREM PHEV,PHEV,2,2023-06-01,2026-10-02T12:42:14.337255+00:00,https://abve.org.br/abve-data/bi-geral/,"Consulta ABVE filtrada por município Bauru e UF SP; fluxo de emplacamentos, não frota.","O painel público não informa comprador, profissão, local de recarga ou transação individual. Registros são agregados por mês, modelo e município. Não usar para inferir causalidade ou ocupação de carregadores."
2023,6,SP,Bauru,PORSCHE,PORSCHE CAYENNE PHEV,PHEV,1,2023-06-01,2026-10-02T12:42:14.337255+00:00,https://abve.org.br/abve-data/bi-geral/,"Consulta ABVE filtrada por município Bauru e UF SP; fluxo de emplacamentos, não frota.","O painel público não informa comprador, profissão, local de recarga ou transação individual. Registros são agregados por mês, modelo e município. Não usar para inferir causalidade ou ocupação de carregadores."
2023,6,SP,Bauru,TOYOTA,TOYOTA CCROSS XRV HYBRID,HEV FLEX,1,2023-06-01,2026-10-02T12:42:14.337255+00:00,https://abve.org.br/abve-data/bi-geral/,"Consulta ABVE filtrada por município Bauru e UF SP; fluxo de emplacamentos, não frota.","O painel público não informa comprador, profissão, local de recarga ou transação individual. Registros são agregados por mês, modelo e município. Não usar para inferir causalidade ou ocupação de carregadores."
2023,6,SP,Bauru,TOYOTA,TOYOTA CCROSS XRX HYBRID,HEV FLEX,2,2023-06-01,2026-10-02T12:42:14.337255+00:00,https://abve.org.br/abve-data/bi-geral/,"Consulta ABVE filtrada por município Bauru e UF SP; fluxo de emplacamentos, não frota.","O painel público não informa comprador, profissão, local de recarga ou transação individual. Registros são agregados por mês, modelo e município. Não usar para inferir causalidade ou ocupação de carregadores."
2023,6,SP,Bauru,TOYOTA,TOYOTA COROLLA APREMIUMH,HEV FLEX,3,2023-06-01,2026-10-02T12:42:14.337255+00:00,https://abve.org.br/abve-data/bi-geral/,"Consulta ABVE filtrada por município Bauru e UF SP; fluxo de emplacamentos, não frota.","O painel público não informa comprador, profissão, local de recarga ou transação individual. Registros são agregados por mês, modelo e município. Não usar para inferir causalidade ou ocupação de carregadores."
2023,7,SP,Bauru,CAOA CHERY,CAOACHERY TIGGO5X PRO HA,MHEV,1,2023-07-01,2026-10-02T12:42:14.337255+00:00,https://abve.org.br/abve-data/bi-geral/,"Consulta ABVE filtrada por município Bauru e UF SP; fluxo de emplacamentos, não frota.","O painel público não informa comprador, profissão, local de recarga ou transação individual. Registros são agregados por mês, modelo e município. Não usar para inferir causalidade ou ocupação de carregadores."
2023,7,SP,Bauru,FORD,FORD MAVERICK HYB LRT,HEV,1,2023-07-01,2026-10-02T12:42:14.337255+00:00,https://abve.org.br/abve-data/bi-geral/,"Consulta ABVE filtrada por município Bauru e UF SP; fluxo de emplacamentos, não frota.","O painel público não informa comprador, profissão, local de recarga ou transação individual. Registros são agregados por mês, modelo e município. Não usar para inferir causalidade ou ocupação de carregadores."
2023,7,SP,Bauru,GM,CHEV BOLT EUV PREMIER,BEV,1,2023-07-01,2026-10-02T12:42:14.337255+00:00,https://abve.org.br/abve-data/bi-geral/,"Consulta ABVE filtrada por município Bauru e UF SP; fluxo de emplacamentos, não frota.","O painel público não informa comprador, profissão, local de recarga ou transação individual. Registros são agregados por mês, modelo e município. Não usar para inferir causalidade ou ocupação de carregadores."
2023,7,SP,Bauru,GWM,GWM HAVAL H6 GT,PHEV,1,2023-07-01,2026-10-02T12:42:14.337255+00:00,https://abve.org.br/abve-data/bi-geral/,"Consulta ABVE filtrada por município Bauru e UF SP; fluxo de emplacamentos, não frota.","O painel público não informa comprador, profissão, local de recarga ou transação individual. Registros são agregados por mês, modelo e município. Não usar para inferir causalidade ou ocupação de carregadores."
2023,7,SP,Bauru,GWM,GWM HAVAL H6 PREM HEV,HEV,1,2023-07-01,2026-10-02T12:42:14.337255+00:00,https://abve.org.br/abve-data/bi-geral/,"Consulta ABVE filtrada por município Bauru e UF SP; fluxo de emplacamentos, não frota.","O painel público não informa comprador, profissão, local de recarga ou transação individual. Registros são agregados por mês, modelo e município. Não usar para inferir causalidade ou ocupação de carregadores."
2023,7,SP,Bauru,M.BENZ,M.BENZ C300 AMG LINE,MHEV,1,2023-07-01,2026-10-02T12:42:14.337255+00:00,https://abve.org.br/abve-data/bi-geral/,"Consulta ABVE filtrada por município Bauru e UF SP; fluxo de emplacamentos, não frota.","O painel público não informa comprador, profissão, local de recarga ou transação individual. Registros são agregados por mês, modelo e município. Não usar para inferir causalidade ou ocupação de carregadores."
2023,7,SP,Bauru,MINI,MINI COUNTRYMAN PHEV,PHEV,2,2023-07-01,2026-10-02T12:42:14.337255+00:00,https://abve.org.br/abve-data/bi-geral/,"Consulta ABVE filtrada por município Bauru e UF SP; fluxo de emplacamentos, não frota.","O painel público não informa comprador, profissão, local de recarga ou transação individual. Registros são agregados por mês, modelo e município. Não usar para inferir causalidade ou ocupação de carregadores."
2023,7,SP,Bauru,TOYOTA,TOYOTA COROLLA APREMIUMH,HEV FLEX,3,2023-07-01,2026-10-02T12:42:14.337255+00:00,https://abve.org.br/abve-data/bi-geral/,"Consulta ABVE filtrada por município Bauru e UF SP; fluxo de emplacamentos, não frota.","O painel público não informa comprador, profissão, local de recarga ou transação individual. Registros são agregados por mês, modelo e município. Não usar para inferir causalidade ou ocupação de carregadores."
2023,7,SP,Bauru,TOYOTA,TOYOTA RAV4H SXAWD CNT,HEV,1,2023-07-01,2026-10-02T12:42:14.337255+00:00,https://abve.org.br/abve-data/bi-geral/,"Consulta ABVE filtrada por município Bauru e UF SP; fluxo de emplacamentos, não frota.","O painel público não informa comprador, profissão, local de recarga ou transação individual. Registros são agregados por mês, modelo e município. Não usar para inferir causalidade ou ocupação de carregadores."
2023,7,SP,Bauru,VOLVO,VOLVO XC60 T8 ULTIMATE,PHEV,1,2023-07-01,2026-10-02T12:42:14.337255+00:00,https://abve.org.br/abve-data/bi-geral/,"Consulta ABVE filtrada por município Bauru e UF SP; fluxo de emplacamentos, não frota.","O painel público não informa comprador, profissão, local de recarga ou transação individual. Registros são agregados por mês, modelo e município. Não usar para inferir causalidade ou ocupação de carregadores."
2023,8,SP,Bauru,BYD,BYD SONG PLUS GS DM,PHEV,1,2023-08-01,2026-10-02T12:42:14.337255+00:00,https://abve.org.br/abve-data/bi-geral/,"Consulta ABVE filtrada por município Bauru e UF SP; fluxo de emplacamentos, não frota.","O painel público não informa comprador, profissão, local de recarga ou transação individual. Registros são agregados por mês, modelo e município. Não usar para inferir causalidade ou ocupação de carregadores."
2023,8,SP,Bauru,CAOA CHERY,CAOACHERY TIGGO5X PRO H,MHEV,1,2023-08-01,2026-10-02T12:42:14.337255+00:00,https://abve.org.br/abve-data/bi-geral/,"Consulta ABVE filtrada por município Bauru e UF SP; fluxo de emplacamentos, não frota.","O painel público não informa comprador, profissão, local de recarga ou transação individual. Registros são agregados por mês, modelo e município. Não usar para inferir causalidade ou ocupação de carregadores."
2023,8,SP,Bauru,CAOA CHERY,CAOACHERY TIGGO7 PRO HA,HEV FLEX,1,2023-08-01,2026-10-02T12:42:14.337255+00:00,https://abve.org.br/abve-data/bi-geral/,"Consulta ABVE filtrada por município Bauru e UF SP; fluxo de emplacamentos, não frota.","O painel público não informa comprador, profissão, local de recarga ou transação individual. Registros são agregados por mês, modelo e município. Não usar para inferir causalidade ou ocupação de carregadores."
2023,8,SP,Bauru,CAOA CHERY,CAOACHERY TIGGO8 PHEV,PHEV,3,2023-08-01,2026-10-02T12:42:14.337255+00:00,https://abve.org.br/abve-data/bi-geral/,"Consulta ABVE filtrada por município Bauru e UF SP; fluxo de emplacamentos, não frota.","O painel público não informa comprador, profissão, local de recarga ou transação individual. Registros são agregados por mês, modelo e município. Não usar para inferir causalidade ou ocupação de carregadores."
2023,8,SP,Bauru,GWM,GWM HAVAL H6 GT,PHEV,4,2023-08-01,2026-10-02T12:42:14.337255+00:00,https://abve.org.br/abve-data/bi-geral/,"Consulta ABVE filtrada por município Bauru e UF SP; fluxo de emplacamentos, não frota.","O painel público não informa comprador, profissão, local de recarga ou transação individual. Registros são agregados por mês, modelo e município. Não usar para inferir causalidade ou ocupação de carregadores."
2023,8,SP,Bauru,GWM,GWM HAVAL H6 PREM HEV,HEV,3,2023-08-01,2026-10-02T12:42:14.337255+00:00,https://abve.org.br/abve-data/bi-geral/,"Consulta ABVE filtrada por município Bauru e UF SP; fluxo de emplacamentos, não frota.","O painel público não informa comprador, profissão, local de recarga ou transação individual. Registros são agregados por mês, modelo e município. Não usar para inferir causalidade ou ocupação de carregadores."
2023,8,SP,Bauru,GWM,GWM HAVAL H6 PREM PHEV,PHEV,2,2023-08-01,2026-10-02T12:42:14.337255+00:00,https://abve.org.br/abve-data/bi-geral/,"Consulta ABVE filtrada por município Bauru e UF SP; fluxo de emplacamentos, não frota.","O painel público não informa comprador, profissão, local de recarga ou transação individual. Registros são agregados por mês, modelo e município. Não usar para inferir causalidade ou ocupação de carregadores."
2023,8,SP,Bauru,LAND ROVER,LR DEF110D HSE XD,MHEV,1,2023-08-01,2026-10-02T12:42:14.337255+00:00,https://abve.org.br/abve-data/bi-geral/,"Consulta ABVE filtrada por município Bauru e UF SP; fluxo de emplacamentos, não frota.","O painel público não informa comprador, profissão, local de recarga ou transação individual. Registros são agregados por mês, modelo e município. Não usar para inferir causalidade ou ocupação de carregadores."
2023,8,SP,Bauru,M.BENZ,M.BENZ C200 AMG LINE,MHEV,1,2023-08-01,2026-10-02T12:42:14.337255+00:00,https://abve.org.br/abve-data/bi-geral/,"Consulta ABVE filtrada por município Bauru e UF SP; fluxo de emplacamentos, não frota.","O painel público não informa comprador, profissão, local de recarga ou transação individual. Registros são agregados por mês, modelo e município. Não usar para inferir causalidade ou ocupação de carregadores."
2023,8,SP,Bauru,TOYOTA,TOYOTA CCROSS XRX HYBRID,HEV FLEX,3,2023-08-01,2026-10-02T12:42:14.337255+00:00,https://abve.org.br/abve-data/bi-geral/,"Consulta ABVE filtrada por município Bauru e UF SP; fluxo de emplacamentos, não frota.","O painel público não informa comprador, profissão, local de recarga ou transação individual. Registros são agregados por mês, modelo e município. Não usar para inferir causalidade ou ocupação de carregadores."
2023,8,SP,Bauru,TOYOTA,TOYOTA COROLLA APREMIUMH,HEV FLEX,4,2023-08-01,2026-10-02T12:42:14.337255+00:00,https://abve.org.br/abve-data/bi-geral/,"Consulta ABVE filtrada por município Bauru e UF SP; fluxo de emplacamentos, não frota.","O painel público não informa comprador, profissão, local de recarga ou transação individual. Registros são agregados por mês, modelo e município. Não usar para inferir causalidade ou ocupação de carregadores."
2023,9,SP,Bauru,AUDI,AUDI Q5 SB P-HIBRIDO,PHEV,2,2023-09-01,2026-10-02T12:42:14.337255+00:00,https://abve.org.br/abve-data/bi-geral/,"Consulta ABVE filtrada por município Bauru e UF SP; fluxo de emplacamentos, não frota.","O painel público não informa comprador, profissão, local de recarga ou transação individual. Registros são agregados por mês, modelo e município. Não usar para inferir causalidade ou ocupação de carregadores."
2023,9,SP,Bauru,BYD,BYD DOLPHIN GS 180EV,BEV,3,2023-09-01,2026-10-02T12:42:14.337255+00:00,https://abve.org.br/abve-data/bi-geral/,"Consulta ABVE filtrada por município Bauru e UF SP; fluxo de emplacamentos, não frota.","O painel público não informa comprador, profissão, local de recarga ou transação individual. Registros são agregados por mês, modelo e município. Não usar para inferir causalidade ou ocupação de carregadores."
2023,9,SP,Bauru,BYD,BYD SONG PLUS GS DM,PHEV,1,2023-09-01,2026-10-02T12:42:14.337255+00:00,https://abve.org.br/abve-data/bi-geral/,"Consulta ABVE filtrada por município Bauru e UF SP; fluxo de emplacamentos, não frota.","O painel público não informa comprador, profissão, local de recarga ou transação individual. Registros são agregados por mês, modelo e município. Não usar para inferir causalidade ou ocupação de carregadores."
2023,9,SP,Bauru,CAOA CHERY,CAOACHERY ARRIZO6 PROH,MHEV,1,2023-09-01,2026-10-02T12:42:14.337255+00:00,https://abve.org.br/abve-data/bi-geral/,"Consulta ABVE filtrada por município Bauru e UF SP; fluxo de emplacamentos, não frota.","O painel público não informa comprador, profissão, local de recarga ou transação individual. Registros são agregados por mês, modelo e município. Não usar para inferir causalidade ou ocupação de carregadores."
2023,9,SP,Bauru,CAOA CHERY,CAOACHERY TIGGO7 PRO HA,HEV FLEX,1,2023-09-01,2026-10-02T12:42:14.337255+00:00,https://abve.org.br/abve-data/bi-geral/,"Consulta ABVE filtrada por município Bauru e UF SP; fluxo de emplacamentos, não frota.","O painel público não informa comprador, profissão, local de recarga ou transação individual. Registros são agregados por mês, modelo e município. Não usar para inferir causalidade ou ocupação de carregadores."
2023,9,SP,Bauru,CAOA CHERY,CAOACHERY TIGGO8 PHEV,PHEV,1,2023-09-01,2026-10-02T12:42:14.337255+00:00,https://abve.org.br/abve-data/bi-geral/,"Consulta ABVE filtrada por município Bauru e UF SP; fluxo de emplacamentos, não frota.","O painel público não informa comprador, profissão, local de recarga ou transação individual. Registros são agregados por mês, modelo e município. Não usar para inferir causalidade ou ocupação de carregadores."
2023,9,SP,Bauru,GWM,GWM HAVAL H6 GT,PHEV,4,2023-09-01,2026-10-02T12:42:14.337255+00:00,https://abve.org.br/abve-data/bi-geral/,"Consulta ABVE filtrada por município Bauru e UF SP; fluxo de emplacamentos, não frota.","O painel público não informa comprador, profissão, local de recarga ou transação individual. Registros são agregados por mês, modelo e município. Não usar para inferir causalidade ou ocupação de carregadores."
2023,9,SP,Bauru,GWM,GWM HAVAL H6 PREM HEV,HEV,3,2023-09-01,2026-10-02T12:42:14.337255+00:00,https://abve.org.br/abve-data/bi-geral/,"Consulta ABVE filtrada por município Bauru e UF SP; fluxo de emplacamentos, não frota.","O painel público não informa comprador, profissão, local de recarga ou transação individual. Registros são agregados por mês, modelo e município. Não usar para inferir causalidade ou ocupação de carregadores."
2023,9,SP,Bauru,GWM,GWM HAVAL H6 PREM PHEV,PHEV,4,2023-09-01,2026-10-02T12:42:14.337255+00:00,https://abve.org.br/abve-data/bi-geral/,"Consulta ABVE filtrada por município Bauru e UF SP; fluxo de emplacamentos, não frota.","O painel público não informa comprador, profissão, local de recarga ou transação individual. Registros são agregados por mês, modelo e município. Não usar para inferir causalidade ou ocupação de carregadores."
2023,9,SP,Bauru,LAND ROVER,LR DISC SPT D200 SE RD,MHEV,1,2023-09-01,2026-10-02T12:42:14.337255+00:00,https://abve.org.br/abve-data/bi-geral/,"Consulta ABVE filtrada por município Bauru e UF SP; fluxo de emplacamentos, não frota.","O painel público não informa comprador, profissão, local de recarga ou transação individual. Registros são agregados por mês, modelo e município. Não usar para inferir causalidade ou ocupação de carregadores."
2023,9,SP,Bauru,TOYOTA,TOYOTA CCROSS XRV HYBRID,HEV FLEX,2,2023-09-01,2026-10-02T12:42:14.337255+00:00,https://abve.org.br/abve-data/bi-geral/,"Consulta ABVE filtrada por município Bauru e UF SP; fluxo de emplacamentos, não frota.","O painel público não informa comprador, profissão, local de recarga ou transação individual. Registros são agregados por mês, modelo e município. Não usar para inferir causalidade ou ocupação de carregadores."
2023,9,SP,Bauru,TOYOTA,TOYOTA CCROSS XRX HYBRID,HEV FLEX,1,2023-09-01,2026-10-02T12:42:14.337255+00:00,https://abve.org.br/abve-data/bi-geral/,"Consulta ABVE filtrada por município Bauru e UF SP; fluxo de emplacamentos, não frota.","O painel público não informa comprador, profissão, local de recarga ou transação individual. Registros são agregados por mês, modelo e município. Não usar para inferir causalidade ou ocupação de carregadores."
2023,9,SP,Bauru,TOYOTA,TOYOTA COROLLA APREMIUMH,HEV FLEX,3,2023-09-01,2026-10-02T12:42:14.337255+00:00,https://abve.org.br/abve-data/bi-geral/,"Consulta ABVE filtrada por município Bauru e UF SP; fluxo de emplacamentos, não frota.","O painel público não informa comprador, profissão, local de recarga ou transação individual. Registros são agregados por mês, modelo e município. Não usar para inferir causalidade ou ocupação de carregadores."
2023,9,SP,Bauru,TOYOTA,TOYOTA RAV4H SXAWD CNT,HEV,1,2023-09-01,2026-10-02T12:42:14.337255+00:00,https://abve.org.br/abve-data/bi-geral/,"Consulta ABVE filtrada por município Bauru e UF SP; fluxo de emplacamentos, não frota.","O painel público não informa comprador, profissão, local de recarga ou transação individual. Registros são agregados por mês, modelo e município. Não usar para inferir causalidade ou ocupação de carregadores."
2023,9,SP,Bauru,VOLVO,VOLVO XC60 T8 ULTIMATE,PHEV,1,2023-09-01,2026-10-02T12:42:14.337255+00:00,https://abve.org.br/abve-data/bi-geral/,"Consulta ABVE filtrada por município Bauru e UF SP; fluxo de emplacamentos, não frota.","O painel público não informa comprador, profissão, local de recarga ou transação individual. Registros são agregados por mês, modelo e município. Não usar para inferir causalidade ou ocupação de carregadores."
2023,9,SP,Bauru,VOLVO,VOLVO XC90 T8 ULTIMATE,PHEV,1,2023-09-01,2026-10-02T12:42:14.337255+00:00,https://abve.org.br/abve-data/bi-geral/,"Consulta ABVE filtrada por município Bauru e UF SP; fluxo de emplacamentos, não frota.","O painel público não informa comprador, profissão, local de recarga ou transação individual. Registros são agregados por mês, modelo e município. Não usar para inferir causalidade ou ocupação de carregadores."
2023,10,SP,Bauru,BYD,BYD DOLPHIN GS 180EV,BEV,4,2023-10-01,2026-10-02T12:42:14.337255+00:00,https://abve.org.br/abve-data/bi-geral/,"Consulta ABVE filtrada por município Bauru e UF SP; fluxo de emplacamentos, não frota.","O painel público não informa comprador, profissão, local de recarga ou transação individual. Registros são agregados por mês, modelo e município. Não usar para inferir causalidade ou ocupação de carregadores."
2023,10,SP,Bauru,CAOA CHERY,CAOACHERY TIGGO8 PHEV,PHEV,1,2023-10-01,2026-10-02T12:42:14.337255+00:00,https://abve.org.br/abve-data/bi-geral/,"Consulta ABVE filtrada por município Bauru e UF SP; fluxo de emplacamentos, não frota.","O painel público não informa comprador, profissão, local de recarga ou transação individual. Registros são agregados por mês, modelo e município. Não usar para inferir causalidade ou ocupação de carregadores."
2023,10,SP,Bauru,GWM,GWM HAVAL H6 GT,PHEV,2,2023-10-01,2026-10-02T12:42:14.337255+00:00,https://abve.org.br/abve-data/bi-geral/,"Consulta ABVE filtrada por município Bauru e UF SP; fluxo de emplacamentos, não frota.","O painel público não informa comprador, profissão, local de recarga ou transação individual. Registros são agregados por mês, modelo e município. Não usar para inferir causalidade ou ocupação de carregadores."
2023,10,SP,Bauru,GWM,GWM HAVAL H6 PREM HEV,HEV,6,2023-10-01,2026-10-02T12:42:14.337255+00:00,https://abve.org.br/abve-data/bi-geral/,"Consulta ABVE filtrada por município Bauru e UF SP; fluxo de emplacamentos, não frota.","O painel público não informa comprador, profissão, local de recarga ou transação individual. Registros são agregados por mês, modelo e município. Não usar para inferir causalidade ou ocupação de carregadores."
2023,10,SP,Bauru,GWM,GWM HAVAL H6 PREM PHEV,PHEV,1,2023-10-01,2026-10-02T12:42:14.337255+00:00,https://abve.org.br/abve-data/bi-geral/,"Consulta ABVE filtrada por município Bauru e UF SP; fluxo de emplacamentos, não frota.","O painel público não informa comprador, profissão, local de recarga ou transação individual. Registros são agregados por mês, modelo e município. Não usar para inferir causalidade ou ocupação de carregadores."
2023,10,SP,Bauru,JAGUAR,JAG FPACE P340 RDYN SE,PHEV,1,2023-10-01,2026-10-02T12:42:14.337255+00:00,https://abve.org.br/abve-data/bi-geral/,"Consulta ABVE filtrada por município Bauru e UF SP; fluxo de emplacamentos, não frota.","O painel público não informa comprador, profissão, local de recarga ou transação individual. Registros são agregados por mês, modelo e município. Não usar para inferir causalidade ou ocupação de carregadores."
2023,10,SP,Bauru,MINI,MINI COUNTRYMAN PHEV,PHEV,1,2023-10-01,2026-10-02T12:42:14.337255+00:00,https://abve.org.br/abve-data/bi-geral/,"Consulta ABVE filtrada por município Bauru e UF SP; fluxo de emplacamentos, não frota.","O painel público não informa comprador, profissão, local de recarga ou transação individual. Registros são agregados por mês, modelo e município. Não usar para inferir causalidade ou ocupação de carregadores."
2023,10,SP,Bauru,TOYOTA,TOYOTA COROLLA APREMIUMH,HEV FLEX,1,2023-10-01,2026-10-02T12:42:14.337255+00:00,https://abve.org.br/abve-data/bi-geral/,"Consulta ABVE filtrada por município Bauru e UF SP; fluxo de emplacamentos, não frota.","O painel público não informa comprador, profissão, local de recarga ou transação individual. Registros são agregados por mês, modelo e município. Não usar para inferir causalidade ou ocupação de carregadores."
2023,10,SP,Bauru,TOYOTA,TOYOTA RAV4H SXAWD CNT,HEV,2,2023-10-01,2026-10-02T12:42:14.337255+00:00,https://abve.org.br/abve-data/bi-geral/,"Consulta ABVE filtrada por município Bauru e UF SP; fluxo de emplacamentos, não frota.","O painel público não informa comprador, profissão, local de recarga ou transação individual. Registros são agregados por mês, modelo e município. Não usar para inferir causalidade ou ocupação de carregadores."
2023,11,SP,Bauru,BYD,BYD DOLPHIN GS 180EV,BEV,3,2023-11-01,2026-10-02T12:42:14.337255+00:00,https://abve.org.br/abve-data/bi-geral/,"Consulta ABVE filtrada por município Bauru e UF SP; fluxo de emplacamentos, não frota.","O painel público não informa comprador, profissão, local de recarga ou transação individual. Registros são agregados por mês, modelo e município. Não usar para inferir causalidade ou ocupação de carregadores."
2023,11,SP,Bauru,BYD,BYD DOLPHIN PLUS 310EV,BEV,2,2023-11-01,2026-10-02T12:42:14.337255+00:00,https://abve.org.br/abve-data/bi-geral/,"Consulta ABVE filtrada por município Bauru e UF SP; fluxo de emplacamentos, não frota.","O painel público não informa comprador, profissão, local de recarga ou transação individual. Registros são agregados por mês, modelo e município. Não usar para inferir causalidade ou ocupação de carregadores."
2023,11,SP,Bauru,BYD,BYD SEAL AWD GS 590EV,BEV,2,2023-11-01,2026-10-02T12:42:14.337255+00:00,https://abve.org.br/abve-data/bi-geral/,"Consulta ABVE filtrada por município Bauru e UF SP; fluxo de emplacamentos, não frota.","O painel público não informa comprador, profissão, local de recarga ou transação individual. Registros são agregados por mês, modelo e município. Não usar para inferir causalidade ou ocupação de carregadores."
2023,11,SP,Bauru,BYD,BYD SONG PLUS GS DM,PHEV,4,2023-11-01,2026-10-02T12:42:14.337255+00:00,https://abve.org.br/abve-data/bi-geral/,"Consulta ABVE filtrada por município Bauru e UF SP; fluxo de emplacamentos, não frota.","O painel público não informa comprador, profissão, local de recarga ou transação individual. Registros são agregados por mês, modelo e município. Não usar para inferir causalidade ou ocupação de carregadores."
2023,11,SP,Bauru,BYD,BYD YUAN PLUS GL 310EV,BEV,1,2023-11-01,2026-10-02T12:42:14.337255+00:00,https://abve.org.br/abve-data/bi-geral/,"Consulta ABVE filtrada por município Bauru e UF SP; fluxo de emplacamentos, não frota.","O painel público não informa comprador, profissão, local de recarga ou transação individual. Registros são agregados por mês, modelo e município. Não usar para inferir causalidade ou ocupação de carregadores."
2023,11,SP,Bauru,CAOA CHERY,CAOACHERY ARRIZO6 PROH,MHEV,1,2023-11-01,2026-10-02T12:42:14.337255+00:00,https://abve.org.br/abve-data/bi-geral/,"Consulta ABVE filtrada por município Bauru e UF SP; fluxo de emplacamentos, não frota.","O painel público não informa comprador, profissão, local de recarga ou transação individual. Registros são agregados por mês, modelo e município. Não usar para inferir causalidade ou ocupação de carregadores."
2023,11,SP,Bauru,CAOA CHERY,CAOACHERY TIGGO8 PHEV,PHEV,3,2023-11-01,2026-10-02T12:42:14.337255+00:00,https://abve.org.br/abve-data/bi-geral/,"Consulta ABVE filtrada por município Bauru e UF SP; fluxo de emplacamentos, não frota.","O painel público não informa comprador, profissão, local de recarga ou transação individual. Registros são agregados por mês, modelo e município. Não usar para inferir causalidade ou ocupação de carregadores."
2023,11,SP,Bauru,FORD,FORD MUSTANG MACH-E GT,BEV,1,2023-11-01,2026-10-02T12:42:14.337255+00:00,https://abve.org.br/abve-data/bi-geral/,"Consulta ABVE filtrada por município Bauru e UF SP; fluxo de emplacamentos, não frota.","O painel público não informa comprador, profissão, local de recarga ou transação individual. Registros são agregados por mês, modelo e município. Não usar para inferir causalidade ou ocupação de carregadores."
2023,11,SP,Bauru,GWM,GWM HAVAL H6 GT,PHEV,5,2023-11-01,2026-10-02T12:42:14.337255+00:00,https://abve.org.br/abve-data/bi-geral/,"Consulta ABVE filtrada por município Bauru e UF SP; fluxo de emplacamentos, não frota.","O painel público não informa comprador, profissão, local de recarga ou transação individual. Registros são agregados por mês, modelo e município. Não usar para inferir causalidade ou ocupação de carregadores."
2023,11,SP,Bauru,GWM,GWM HAVAL H6 PREM HEV,HEV,3,2023-11-01,2026-10-02T12:42:14.337255+00:00,https://abve.org.br/abve-data/bi-geral/,"Consulta ABVE filtrada por município Bauru e UF SP; fluxo de emplacamentos, não frota.","O painel público não informa comprador, profissão, local de recarga ou transação individual. Registros são agregados por mês, modelo e município. Não usar para inferir causalidade ou ocupação de carregadores."
2023,11,SP,Bauru,LAND ROVER,LR DISC SPT D200 SE RD7L,MHEV,1,2023-11-01,2026-10-02T12:42:14.337255+00:00,https://abve.org.br/abve-data/bi-geral/,"Consulta ABVE filtrada por município Bauru e UF SP; fluxo de emplacamentos, não frota.","O painel público não informa comprador, profissão, local de recarga ou transação individual. Registros são agregados por mês, modelo e município. Não usar para inferir causalidade ou ocupação de carregadores."
2023,11,SP,Bauru,LAND ROVER,LR RRS PHEV LE,PHEV,1,2023-11-01,2026-10-02T12:42:14.337255+00:00,https://abve.org.br/abve-data/bi-geral/,"Consulta ABVE filtrada por município Bauru e UF SP; fluxo de emplacamentos, não frota.","O painel público não informa comprador, profissão, local de recarga ou transação individual. Registros são agregados por mês, modelo e município. Não usar para inferir causalidade ou ocupação de carregadores."
2023,11,SP,Bauru,MINI,MINI COUNTRYMAN PHEV,PHEV,2,2023-11-01,2026-10-02T12:42:14.337255+00:00,https://abve.org.br/abve-data/bi-geral/,"Consulta ABVE filtrada por município Bauru e UF SP; fluxo de emplacamentos, não frota.","O painel público não informa comprador, profissão, local de recarga ou transação individual. Registros são agregados por mês, modelo e município. Não usar para inferir causalidade ou ocupação de carregadores."
2023,11,SP,Bauru,RENAULT,RENAULT MEGANE E-TECH,BEV,1,2023-11-01,2026-10-02T12:42:14.337255+00:00,https://abve.org.br/abve-data/bi-geral/,"Consulta ABVE filtrada por município Bauru e UF SP; fluxo de emplacamentos, não frota.","O painel público não informa comprador, profissão, local de recarga ou transação individual. Registros são agregados por mês, modelo e município. Não usar para inferir causalidade ou ocupação de carregadores."
2023,11,SP,Bauru,TOYOTA,TOYOTA CCROSS XRV HYBRID,HEV FLEX,2,2023-11-01,2026-10-02T12:42:14.337255+00:00,https://abve.org.br/abve-data/bi-geral/,"Consulta ABVE filtrada por município Bauru e UF SP; fluxo de emplacamentos, não frota.","O painel público não informa comprador, profissão, local de recarga ou transação individual. Registros são agregados por mês, modelo e município. Não usar para inferir causalidade ou ocupação de carregadores."
2023,11,SP,Bauru,TOYOTA,TOYOTA CCROSS XRX HYBRID,HEV FLEX,4,2023-11-01,2026-10-02T12:42:14.337255+00:00,https://abve.org.br/abve-data/bi-geral/,"Consulta ABVE filtrada por município Bauru e UF SP; fluxo de emplacamentos, não frota.","O painel público não informa comprador, profissão, local de recarga ou transação individual. Registros são agregados por mês, modelo e município. Não usar para inferir causalidade ou ocupação de carregadores."
2023,11,SP,Bauru,TOYOTA,TOYOTA COROLLA APREMIUMH,HEV FLEX,1,2023-11-01,2026-10-02T12:42:14.337255+00:00,https://abve.org.br/abve-data/bi-geral/,"Consulta ABVE filtrada por município Bauru e UF SP; fluxo de emplacamentos, não frota.","O painel público não informa comprador, profissão, local de recarga ou transação individual. Registros são agregados por mês, modelo e município. Não usar para inferir causalidade ou ocupação de carregadores."
2023,11,SP,Bauru,VOLVO,VOLVO C40 6 PLUS,BEV,1,2023-11-01,2026-10-02T12:42:14.337255+00:00,https://abve.org.br/abve-data/bi-geral/,"Consulta ABVE filtrada por município Bauru e UF SP; fluxo de emplacamentos, não frota.","O painel público não informa comprador, profissão, local de recarga ou transação individual. Registros são agregados por mês, modelo e município. Não usar para inferir causalidade ou ocupação de carregadores."
2023,11,SP,Bauru,VOLVO,VOLVO XC90 T8 ULTIMATE,PHEV,1,2023-11-01,2026-10-02T12:42:14.337255+00:00,https://abve.org.br/abve-data/bi-geral/,"Consulta ABVE filtrada por município Bauru e UF SP; fluxo de emplacamentos, não frota.","O painel público não informa comprador, profissão, local de recarga ou transação individual. Registros são agregados por mês, modelo e município. Não usar para inferir causalidade ou ocupação de carregadores."
2023,12,SP,Bauru,AUDI,AUDI Q5 P-HIBRIDO,PHEV,1,2023-12-01,2026-10-02T12:42:14.337255+00:00,https://abve.org.br/abve-data/bi-geral/,"Consulta ABVE filtrada por município Bauru e UF SP; fluxo de emplacamentos, não frota.","O painel público não informa comprador, profissão, local de recarga ou transação individual. Registros são agregados por mês, modelo e município. Não usar para inferir causalidade ou ocupação de carregadores."
2023,12,SP,Bauru,BMW,BMW X5 XDRIVE50E MSP,PHEV,1,2023-12-01,2026-10-02T12:42:14.337255+00:00,https://abve.org.br/abve-data/bi-geral/,"Consulta ABVE filtrada por município Bauru e UF SP; fluxo de emplacamentos, não frota.","O painel público não informa comprador, profissão, local de recarga ou transação individual. Registros são agregados por mês, modelo e município. Não usar para inferir causalidade ou ocupação de carregadores."
2023,12,SP,Bauru,BYD,BYD DOLPHIN GS 180EV,BEV,3,2023-12-01,2026-10-02T12:42:14.337255+00:00,https://abve.org.br/abve-data/bi-geral/,"Consulta ABVE filtrada por município Bauru e UF SP; fluxo de emplacamentos, não frota.","O painel público não informa comprador, profissão, local de recarga ou transação individual. Registros são agregados por mês, modelo e município. Não usar para inferir causalidade ou ocupação de carregadores."
2023,12,SP,Bauru,BYD,BYD DOLPHIN PLUS 310EV,BEV,1,2023-12-01,2026-10-02T12:42:14.337255+00:00,https://abve.org.br/abve-data/bi-geral/,"Consulta ABVE filtrada por município Bauru e UF SP; fluxo de emplacamentos, não frota.","O painel público não informa comprador, profissão, local de recarga ou transação individual. Registros são agregados por mês, modelo e município. Não usar para inferir causalidade ou ocupação de carregadores."
2023,12,SP,Bauru,BYD,BYD SEAL AWD GS 590EV,BEV,3,2023-12-01,2026-10-02T12:42:14.337255+00:00,https://abve.org.br/abve-data/bi-geral/,"Consulta ABVE filtrada por município Bauru e UF SP; fluxo de emplacamentos, não frota.","O painel público não informa comprador, profissão, local de recarga ou transação individual. Registros são agregados por mês, modelo e município. Não usar para inferir causalidade ou ocupação de carregadores."
2023,12,SP,Bauru,BYD,BYD SONG PLUS GS DM,PHEV,4,2023-12-01,2026-10-02T12:42:14.337255+00:00,https://abve.org.br/abve-data/bi-geral/,"Consulta ABVE filtrada por município Bauru e UF SP; fluxo de emplacamentos, não frota.","O painel público não informa comprador, profissão, local de recarga ou transação individual. Registros são agregados por mês, modelo e município. Não usar para inferir causalidade ou ocupação de carregadores."
2023,12,SP,Bauru,CAOA CHERY,CAOACHERY TIGGO8 PHEV,PHEV,1,2023-12-01,2026-10-02T12:42:14.337255+00:00,https://abve.org.br/abve-data/bi-geral/,"Consulta ABVE filtrada por município Bauru e UF SP; fluxo de emplacamentos, não frota.","O painel público não informa comprador, profissão, local de recarga ou transação individual. Registros são agregados por mês, modelo e município. Não usar para inferir causalidade ou ocupação de carregadores."
2023,12,SP,Bauru,GWM,GWM HAVAL H6 GT,PHEV,1,2023-12-01,2026-10-02T12:42:14.337255+00:00,https://abve.org.br/abve-data/bi-geral/,"Consulta ABVE filtrada por município Bauru e UF SP; fluxo de emplacamentos, não frota.","O painel público não informa comprador, profissão, local de recarga ou transação individual. Registros são agregados por mês, modelo e município. Não usar para inferir causalidade ou ocupação de carregadores."
2023,12,SP,Bauru,GWM,GWM HAVAL H6 PREM HEV,HEV,3,2023-12-01,2026-10-02T12:42:14.337255+00:00,https://abve.org.br/abve-data/bi-geral/,"Consulta ABVE filtrada por município Bauru e UF SP; fluxo de emplacamentos, não frota.","O painel público não informa comprador, profissão, local de recarga ou transação individual. Registros são agregados por mês, modelo e município. Não usar para inferir causalidade ou ocupação de carregadores."
2023,12,SP,Bauru,GWM,GWM HAVAL H6 PREM PHEV,PHEV,3,2023-12-01,2026-10-02T12:42:14.337255+00:00,https://abve.org.br/abve-data/bi-geral/,"Consulta ABVE filtrada por município Bauru e UF SP; fluxo de emplacamentos, não frota.","O painel público não informa comprador, profissão, local de recarga ou transação individual. Registros são agregados por mês, modelo e município. Não usar para inferir causalidade ou ocupação de carregadores."
2023,12,SP,Bauru,GWM,GWM ORA 03 GT BEV63,BEV,3,2023-12-01,2026-10-02T12:42:14.337255+00:00,https://abve.org.br/abve-data/bi-geral/,"Consulta ABVE filtrada por município Bauru e UF SP; fluxo de emplacamentos, não frota.","O painel público não informa comprador, profissão, local de recarga ou transação individual. Registros são agregados por mês, modelo e município. Não usar para inferir causalidade ou ocupação de carregadores."
2023,12,SP,Bauru,TOYOTA,TOYOTA CCROSS XRX HYBRID,HEV FLEX,3,2023-12-01,2026-10-02T12:42:14.337255+00:00,https://abve.org.br/abve-data/bi-geral/,"Consulta ABVE filtrada por município Bauru e UF SP; fluxo de emplacamentos, não frota.","O painel público não informa comprador, profissão, local de recarga ou transação individual. Registros são agregados por mês, modelo e município. Não usar para inferir causalidade ou ocupação de carregadores."
2023,12,SP,Bauru,TOYOTA,TOYOTA COROLLA APREMIUMH,HEV FLEX,1,2023-12-01,2026-10-02T12:42:14.337255+00:00,https://abve.org.br/abve-data/bi-geral/,"Consulta ABVE filtrada por município Bauru e UF SP; fluxo de emplacamentos, não frota.","O painel público não informa comprador, profissão, local de recarga ou transação individual. Registros são agregados por mês, modelo e município. Não usar para inferir causalidade ou ocupação de carregadores."
2023,12,SP,Bauru,TOYOTA,TOYOTA RAV4H SXAWD CNT,HEV,1,2023-12-01,2026-10-02T12:42:14.337255+00:00,https://abve.org.br/abve-data/bi-geral/,"Consulta ABVE filtrada por município Bauru e UF SP; fluxo de emplacamentos, não frota.","O painel público não informa comprador, profissão, local de recarga ou transação individual. Registros são agregados por mês, modelo e município. Não usar para inferir causalidade ou ocupação de carregadores."
2023,12,SP,Bauru,VOLVO,VOLVO XC60 T8 ULT DARK,PHEV,2,2023-12-01,2026-10-02T12:42:14.337255+00:00,https://abve.org.br/abve-data/bi-geral/,"Consulta ABVE filtrada por município Bauru e UF SP; fluxo de emplacamentos, não frota.","O painel público não informa comprador, profissão, local de recarga ou transação individual. Registros são agregados por mês, modelo e município. Não usar para inferir causalidade ou ocupação de carregadores."
2024,1,SP,Bauru,BYD,BYD DOLPHIN GS 180EV,BEV,5,2024-01-01,2026-10-02T12:42:14.337255+00:00,https://abve.org.br/abve-data/bi-geral/,"Consulta ABVE filtrada por município Bauru e UF SP; fluxo de emplacamentos, não frota.","O painel público não informa comprador, profissão, local de recarga ou transação individual. Registros são agregados por mês, modelo e município. Não usar para inferir causalidade ou ocupação de carregadores."
2024,1,SP,Bauru,BYD,BYD DOLPHIN PLUS 310EV,BEV,1,2024-01-01,2026-10-02T12:42:14.337255+00:00,https://abve.org.br/abve-data/bi-geral/,"Consulta ABVE filtrada por município Bauru e UF SP; fluxo de emplacamentos, não frota.","O painel público não informa comprador, profissão, local de recarga ou transação individual. Registros são agregados por mês, modelo e município. Não usar para inferir causalidade ou ocupação de carregadores."
2024,1,SP,Bauru,BYD,BYD HAN AWD GS 680EV,BEV,1,2024-01-01,2026-10-02T12:42:14.337255+00:00,https://abve.org.br/abve-data/bi-geral/,"Consulta ABVE filtrada por município Bauru e UF SP; fluxo de emplacamentos, não frota.","O painel público não informa comprador, profissão, local de recarga ou transação individual. Registros são agregados por mês, modelo e município. Não usar para inferir causalidade ou ocupação de carregadores."
2024,1,SP,Bauru,BYD,BYD SEAL AWD GS 590EV,BEV,2,2024-01-01,2026-10-02T12:42:14.337255+00:00,https://abve.org.br/abve-data/bi-geral/,"Consulta ABVE filtrada por município Bauru e UF SP; fluxo de emplacamentos, não frota.","O painel público não informa comprador, profissão, local de recarga ou transação individual. Registros são agregados por mês, modelo e município. Não usar para inferir causalidade ou ocupação de carregadores."
2024,1,SP,Bauru,BYD,BYD SONG PLUS GS DM,PHEV,2,2024-01-01,2026-10-02T12:42:14.337255+00:00,https://abve.org.br/abve-data/bi-geral/,"Consulta ABVE filtrada por município Bauru e UF SP; fluxo de emplacamentos, não frota.","O painel público não informa comprador, profissão, local de recarga ou transação individual. Registros são agregados por mês, modelo e município. Não usar para inferir causalidade ou ocupação de carregadores."
2024,1,SP,Bauru,CAOA CHERY,CAOACHERY TIGGO5X PRO HA,MHEV,1,2024-01-01,2026-10-02T12:42:14.337255+00:00,https://abve.org.br/abve-data/bi-geral/,"Consulta ABVE filtrada por município Bauru e UF SP; fluxo de emplacamentos, não frota.","O painel público não informa comprador, profissão, local de recarga ou transação individual. Registros são agregados por mês, modelo e município. Não usar para inferir causalidade ou ocupação de carregadores."
2024,1,SP,Bauru,FERRARI,FERRARI 296 GTS,PHEV,1,2024-01-01,2026-10-02T12:42:14.337255+00:00,https://abve.org.br/abve-data/bi-geral/,"Consulta ABVE filtrada por município Bauru e UF SP; fluxo de emplacamentos, não frota.","O painel público não informa comprador, profissão, local de recarga ou transação individual. Registros são agregados por mês, modelo e município. Não usar para inferir causalidade ou ocupação de carregadores."
2024,1,SP,Bauru,FORD,FORD MAVERICK HYB LRT,HEV,1,2024-01-01,2026-10-02T12:42:14.337255+00:00,https://abve.org.br/abve-data/bi-geral/,"Consulta ABVE filtrada por município Bauru e UF SP; fluxo de emplacamentos, não frota.","O painel público não informa comprador, profissão, local de recarga ou transação individual. Registros são agregados por mês, modelo e município. Não usar para inferir causalidade ou ocupação de carregadores."
2024,1,SP,Bauru,GWM,GWM HAVAL H6 GT,PHEV,5,2024-01-01,2026-10-02T12:42:14.337255+00:00,https://abve.org.br/abve-data/bi-geral/,"Consulta ABVE filtrada por município Bauru e UF SP; fluxo de emplacamentos, não frota.","O painel público não informa comprador, profissão, local de recarga ou transação individual. Registros são agregados por mês, modelo e município. Não usar para inferir causalidade ou ocupação de carregadores."
2024,1,SP,Bauru,GWM,GWM HAVAL H6 PREM HEV,HEV,8,2024-01-01,2026-10-02T12:42:14.337255+00:00,https://abve.org.br/abve-data/bi-geral/,"Consulta ABVE filtrada por município Bauru e UF SP; fluxo de emplacamentos, não frota.","O painel público não informa comprador, profissão, local de recarga ou transação individual. Registros são agregados por mês, modelo e município. Não usar para inferir causalidade ou ocupação de carregadores."
2024,1,SP,Bauru,GWM,GWM HAVAL H6 PREM PHEV,PHEV,3,2024-01-01,2026-10-02T12:42:14.337255+00:00,https://abve.org.br/abve-data/bi-geral/,"Consulta ABVE filtrada por município Bauru e UF SP; fluxo de emplacamentos, não frota.","O painel público não informa comprador, profissão, local de recarga ou transação individual. Registros são agregados por mês, modelo e município. Não usar para inferir causalidade ou ocupação de carregadores."
2024,1,SP,Bauru,GWM,GWM ORA 03 GT BEV63,BEV,4,2024-01-01,2026-10-02T12:42:14.337255+00:00,https://abve.org.br/abve-data/bi-geral/,"Consulta ABVE filtrada por município Bauru e UF SP; fluxo de emplacamentos, não frota.","O painel público não informa comprador, profissão, local de recarga ou transação individual. Registros são agregados por mês, modelo e município. Não usar para inferir causalidade ou ocupação de carregadores."
2024,1,SP,Bauru,LAND ROVER,LR RRS D350 AB,MHEV,1,2024-01-01,2026-10-02T12:42:14.337255+00:00,https://abve.org.br/abve-data/bi-geral/,"Consulta ABVE filtrada por município Bauru e UF SP; fluxo de emplacamentos, não frota.","O painel público não informa comprador, profissão, local de recarga ou transação individual. Registros são agregados por mês, modelo e município. Não usar para inferir causalidade ou ocupação de carregadores."
2024,1,SP,Bauru,TOYOTA,TOYOTA CCROSS XRX HYBRID,HEV FLEX,3,2024-01-01,2026-10-02T12:42:14.337255+00:00,https://abve.org.br/abve-data/bi-geral/,"Consulta ABVE filtrada por município Bauru e UF SP; fluxo de emplacamentos, não frota.","O painel público não informa comprador, profissão, local de recarga ou transação individual. Registros são agregados por mês, modelo e município. Não usar para inferir causalidade ou ocupação de carregadores."
2024,1,SP,Bauru,VOLVO,VOLVO XC60 T8 ULTIMATE,PHEV,1,2024-01-01,2026-10-02T12:42:14.337255+00:00,https://abve.org.br/abve-data/bi-geral/,"Consulta ABVE filtrada por município Bauru e UF SP; fluxo de emplacamentos, não frota.","O painel público não informa comprador, profissão, local de recarga ou transação individual. Registros são agregados por mês, modelo e município. Não usar para inferir causalidade ou ocupação de carregadores."
2024,2,SP,Bauru,BYD,BYD DOLPHIN GS 180EV,BEV,5,2024-02-01,2026-10-02T12:42:14.337255+00:00,https://abve.org.br/abve-data/bi-geral/,"Consulta ABVE filtrada por município Bauru e UF SP; fluxo de emplacamentos, não frota.","O painel público não informa comprador, profissão, local de recarga ou transação individual. Registros são agregados por mês, modelo e município. Não usar para inferir causalidade ou ocupação de carregadores."
2024,2,SP,Bauru,BYD,BYD DOLPHIN PLUS 310EV,BEV,1,2024-02-01,2026-10-02T12:42:14.337255+00:00,https://abve.org.br/abve-data/bi-geral/,"Consulta ABVE filtrada por município Bauru e UF SP; fluxo de emplacamentos, não frota.","O painel público não informa comprador, profissão, local de recarga ou transação individual. Registros são agregados por mês, modelo e município. Não usar para inferir causalidade ou ocupação de carregadores."
2024,2,SP,Bauru,FERRARI,FERRARI 296 GTB,PHEV,1,2024-02-01,2026-10-02T12:42:14.337255+00:00,https://abve.org.br/abve-data/bi-geral/,"Consulta ABVE filtrada por município Bauru e UF SP; fluxo de emplacamentos, não frota.","O painel público não informa comprador, profissão, local de recarga ou transação individual. Registros são agregados por mês, modelo e município. Não usar para inferir causalidade ou ocupação de carregadores."
2024,2,SP,Bauru,GWM,GWM HAVAL H6 PREM HEV,HEV,3,2024-02-01,2026-10-02T12:42:14.337255+00:00,https://abve.org.br/abve-data/bi-geral/,"Consulta ABVE filtrada por município Bauru e UF SP; fluxo de emplacamentos, não frota.","O painel público não informa comprador, profissão, local de recarga ou transação individual. Registros são agregados por mês, modelo e município. Não usar para inferir causalidade ou ocupação de carregadores."
2024,2,SP,Bauru,GWM,GWM HAVAL H6 PREM PHEV,PHEV,3,2024-02-01,2026-10-02T12:42:14.337255+00:00,https://abve.org.br/abve-data/bi-geral/,"Consulta ABVE filtrada por município Bauru e UF SP; fluxo de emplacamentos, não frota.","O painel público não informa comprador, profissão, local de recarga ou transação individual. Registros são agregados por mês, modelo e município. Não usar para inferir causalidade ou ocupação de carregadores."
2024,2,SP,Bauru,GWM,GWM ORA 03 SKIN BEV48,BEV,2,2024-02-01,2026-10-02T12:42:14.337255+00:00,https://abve.org.br/abve-data/bi-geral/,"Consulta ABVE filtrada por município Bauru e UF SP; fluxo de emplacamentos, não frota.","O painel público não informa comprador, profissão, local de recarga ou transação individual. Registros são agregados por mês, modelo e município. Não usar para inferir causalidade ou ocupação de carregadores."
2024,2,SP,Bauru,HONDA,HONDA CIVIC HYB TRNG,HEV,1,2024-02-01,2026-10-02T12:42:14.337255+00:00,https://abve.org.br/abve-data/bi-geral/,"Consulta ABVE filtrada por município Bauru e UF SP; fluxo de emplacamentos, não frota.","O painel público não informa comprador, profissão, local de recarga ou transação individual. Registros são agregados por mês, modelo e município. Não usar para inferir causalidade ou ocupação de carregadores."
2024,2,SP,Bauru,M.BENZ,M.BENZ GLE450 D 4M CO,MHEV,1,2024-02-01,2026-10-02T12:42:14.337255+00:00,https://abve.org.br/abve-data/bi-geral/,"Consulta ABVE filtrada por município Bauru e UF SP; fluxo de emplacamentos, não frota.","O painel público não informa comprador, profissão, local de recarga ou transação individual. Registros são agregados por mês, modelo e município. Não usar para inferir causalidade ou ocupação de carregadores."
2024,2,SP,Bauru,PEUGEOT,PEUGEOT E2008 GT,BEV,1,2024-02-01,2026-10-02T12:42:14.337255+00:00,https://abve.org.br/abve-data/bi-geral/,"Consulta ABVE filtrada por município Bauru e UF SP; fluxo de emplacamentos, não frota.","O painel público não informa comprador, profissão, local de recarga ou transação individual. Registros são agregados por mês, modelo e município. Não usar para inferir causalidade ou ocupação de carregadores."
2024,2,SP,Bauru,TOYOTA,TOYOTA CCROSS XRX HYBRID,HEV FLEX,1,2024-02-01,2026-10-02T12:42:14.337255+00:00,https://abve.org.br/abve-data/bi-geral/,"Consulta ABVE filtrada por município Bauru e UF SP; fluxo de emplacamentos, não frota.","O painel público não informa comprador, profissão, local de recarga ou transação individual. Registros são agregados por mês, modelo e município. Não usar para inferir causalidade ou ocupação de carregadores."
2024,2,SP,Bauru,TOYOTA,TOYOTA COROLLA APREMIUMH,HEV FLEX,2,2024-02-01,2026-10-02T12:42:14.337255+00:00,https://abve.org.br/abve-data/bi-geral/,"Consulta ABVE filtrada por município Bauru e UF SP; fluxo de emplacamentos, não frota.","O painel público não informa comprador, profissão, local de recarga ou transação individual. Registros são agregados por mês, modelo e município. Não usar para inferir causalidade ou ocupação de carregadores."
2024,2,SP,Bauru,VOLVO,VOLVO C40 8 ULTIMATE,BEV,2,2024-02-01,2026-10-02T12:42:14.337255+00:00,https://abve.org.br/abve-data/bi-geral/,"Consulta ABVE filtrada por município Bauru e UF SP; fluxo de emplacamentos, não frota.","O painel público não informa comprador, profissão, local de recarga ou transação individual. Registros são agregados por mês, modelo e município. Não usar para inferir causalidade ou ocupação de carregadores."
2024,2,SP,Bauru,VOLVO,VOLVO XC60 T8 ULTIMATE,PHEV,1,2024-02-01,2026-10-02T12:42:14.337255+00:00,https://abve.org.br/abve-data/bi-geral/,"Consulta ABVE filtrada por município Bauru e UF SP; fluxo de emplacamentos, não frota.","O painel público não informa comprador, profissão, local de recarga ou transação individual. Registros são agregados por mês, modelo e município. Não usar para inferir causalidade ou ocupação de carregadores."
2024,3,SP,Bauru,BYD,BYD DOLPHIN GS 180EV,BEV,7,2024-03-01,2026-10-02T12:42:14.337255+00:00,https://abve.org.br/abve-data/bi-geral/,"Consulta ABVE filtrada por município Bauru e UF SP; fluxo de emplacamentos, não frota.","O painel público não informa comprador, profissão, local de recarga ou transação individual. Registros são agregados por mês, modelo e município. Não usar para inferir causalidade ou ocupação de carregadores."
2024,3,SP,Bauru,BYD,BYD DOLPHIN MINI GS EV,BEV,18,2024-03-01,2026-10-02T12:42:14.337255+00:00,https://abve.org.br/abve-data/bi-geral/,"Consulta ABVE filtrada por município Bauru e UF SP; fluxo de emplacamentos, não frota.","O painel público não informa comprador, profissão, local de recarga ou transação individual. Registros são agregados por mês, modelo e município. Não usar para inferir causalidade ou ocupação de carregadores."
2024,3,SP,Bauru,BYD,BYD DOLPHIN PLUS 310EV,BEV,2,2024-03-01,2026-10-02T12:42:14.337255+00:00,https://abve.org.br/abve-data/bi-geral/,"Consulta ABVE filtrada por município Bauru e UF SP; fluxo de emplacamentos, não frota.","O painel público não informa comprador, profissão, local de recarga ou transação individual. Registros são agregados por mês, modelo e município. Não usar para inferir causalidade ou ocupação de carregadores."
2024,3,SP,Bauru,BYD,BYD SONG PLUS GS DM,PHEV,5,2024-03-01,2026-10-02T12:42:14.337255+00:00,https://abve.org.br/abve-data/bi-geral/,"Consulta ABVE filtrada por município Bauru e UF SP; fluxo de emplacamentos, não frota.","O painel público não informa comprador, profissão, local de recarga ou transação individual. Registros são agregados por mês, modelo e município. Não usar para inferir causalidade ou ocupação de carregadores."
2024,3,SP,Bauru,FORD,FORD MUSTANG MACH-E GT,BEV,1,2024-03-01,2026-10-02T12:42:14.337255+00:00,https://abve.org.br/abve-data/bi-geral/,"Consulta ABVE filtrada por município Bauru e UF SP; fluxo de emplacamentos, não frota.","O painel público não informa comprador, profissão, local de recarga ou transação individual. Registros são agregados por mês, modelo e município. Não usar para inferir causalidade ou ocupação de carregadores."
2024,3,SP,Bauru,GWM,GWM HAVAL H6 GT,PHEV,2,2024-03-01,2026-10-02T12:42:14.337255+00:00,https://abve.org.br/abve-data/bi-geral/,"Consulta ABVE filtrada por município Bauru e UF SP; fluxo de emplacamentos, não frota.","O painel público não informa comprador, profissão, local de recarga ou transação individual. Registros são agregados por mês, modelo e município. Não usar para inferir causalidade ou ocupação de carregadores."
2024,3,SP,Bauru,GWM,GWM HAVAL H6 PREM HEV,HEV,4,2024-03-01,2026-10-02T12:42:14.337255+00:00,https://abve.org.br/abve-data/bi-geral/,"Consulta ABVE filtrada por município Bauru e UF SP; fluxo de emplacamentos, não frota.","O painel público não informa comprador, profissão, local de recarga ou transação individual. Registros são agregados por mês, modelo e município. Não usar para inferir causalidade ou ocupação de carregadores."
2024,3,SP,Bauru,GWM,GWM ORA 03 GT BEV63,BEV,1,2024-03-01,2026-10-02T12:42:14.337255+00:00,https://abve.org.br/abve-data/bi-geral/,"Consulta ABVE filtrada por município Bauru e UF SP; fluxo de emplacamentos, não frota.","O painel público não informa comprador, profissão, local de recarga ou transação individual. Registros são agregados por mês, modelo e município. Não usar para inferir causalidade ou ocupação de carregadores."
2024,3,SP,Bauru,GWM,GWM ORA 03 SKIN BEV48,BEV,2,2024-03-01,2026-10-02T12:42:14.337255+00:00,https://abve.org.br/abve-data/bi-geral/,"Consulta ABVE filtrada por município Bauru e UF SP; fluxo de emplacamentos, não frota.","O painel público não informa comprador, profissão, local de recarga ou transação individual. Registros são agregados por mês, modelo e município. Não usar para inferir causalidade ou ocupação de carregadores."
2024,3,SP,Bauru,M.BENZ,M.BENZ C200 AMG LINE,MHEV,1,2024-03-01,2026-10-02T12:42:14.337255+00:00,https://abve.org.br/abve-data/bi-geral/,"Consulta ABVE filtrada por município Bauru e UF SP; fluxo de emplacamentos, não frota.","O painel público não informa comprador, profissão, local de recarga ou transação individual. Registros são agregados por mês, modelo e município. Não usar para inferir causalidade ou ocupação de carregadores."
2024,3,SP,Bauru,M.BENZ,M.BENZ C300 AMG LINE,MHEV,1,2024-03-01,2026-10-02T12:42:14.337255+00:00,https://abve.org.br/abve-data/bi-geral/,"Consulta ABVE filtrada por município Bauru e UF SP; fluxo de emplacamentos, não frota.","O painel público não informa comprador, profissão, local de recarga ou transação individual. Registros são agregados por mês, modelo e município. Não usar para inferir causalidade ou ocupação de carregadores."
2024,3,SP,Bauru,RENAULT,RENAULT E-KWID INTENS,BEV,1,2024-03-01,2026-10-02T12:42:14.337255+00:00,https://abve.org.br/abve-data/bi-geral/,"Consulta ABVE filtrada por município Bauru e UF SP; fluxo de emplacamentos, não frota.","O painel público não informa comprador, profissão, local de recarga ou transação individual. Registros são agregados por mês, modelo e município. Não usar para inferir causalidade ou ocupação de carregadores."
2024,3,SP,Bauru,TOYOTA,TOYOTA CCROSS XRV HYBRID,HEV FLEX,1,2024-03-01,2026-10-02T12:42:14.337255+00:00,https://abve.org.br/abve-data/bi-geral/,"Consulta ABVE filtrada por município Bauru e UF SP; fluxo de emplacamentos, não frota.","O painel público não informa comprador, profissão, local de recarga ou transação individual. Registros são agregados por mês, modelo e município. Não usar para inferir causalidade ou ocupação de carregadores."
2024,3,SP,Bauru,TOYOTA,TOYOTA CCROSS XRX HYBRID,HEV FLEX,3,2024-03-01,2026-10-02T12:42:14.337255+00:00,https://abve.org.br/abve-data/bi-geral/,"Consulta ABVE filtrada por município Bauru e UF SP; fluxo de emplacamentos, não frota.","O painel público não informa comprador, profissão, local de recarga ou transação individual. Registros são agregados por mês, modelo e município. Não usar para inferir causalidade ou ocupação de carregadores."
2024,4,SP,Bauru,BMW,BMW X6 XDRIVE40I MSP,PHEV,1,2024-04-01,2026-10-02T12:42:14.337255+00:00,https://abve.org.br/abve-data/bi-geral/,"Consulta ABVE filtrada por município Bauru e UF SP; fluxo de emplacamentos, não frota.","O painel público não informa comprador, profissão, local de recarga ou transação individual. Registros são agregados por mês, modelo e município. Não usar para inferir causalidade ou ocupação de carregadores."
2024,4,SP,Bauru,BYD,BYD DOLPHIN GS 180EV,BEV,4,2024-04-01,2026-10-02T12:42:14.337255+00:00,https://abve.org.br/abve-data/bi-geral/,"Consulta ABVE filtrada por município Bauru e UF SP; fluxo de emplacamentos, não frota.","O painel público não informa comprador, profissão, local de recarga ou transação individual. Registros são agregados por mês, modelo e município. Não usar para inferir causalidade ou ocupação de carregadores."
2024,4,SP,Bauru,BYD,BYD DOLPHIN MINI GS EV,BEV,7,2024-04-01,2026-10-02T12:42:14.337255+00:00,https://abve.org.br/abve-data/bi-geral/,"Consulta ABVE filtrada por município Bauru e UF SP; fluxo de emplacamentos, não frota.","O painel público não informa comprador, profissão, local de recarga ou transação individual. Registros são agregados por mês, modelo e município. Não usar para inferir causalidade ou ocupação de carregadores."
2024,4,SP,Bauru,BYD,BYD DOLPHIN PLUS 310EV,BEV,2,2024-04-01,2026-10-02T12:42:14.337255+00:00,https://abve.org.br/abve-data/bi-geral/,"Consulta ABVE filtrada por município Bauru e UF SP; fluxo de emplacamentos, não frota.","O painel público não informa comprador, profissão, local de recarga ou transação individual. Registros são agregados por mês, modelo e município. Não usar para inferir causalidade ou ocupação de carregadores."
2024,4,SP,Bauru,BYD,BYD SEAL AWD GS 590EV,BEV,1,2024-04-01,2026-10-02T12:42:14.337255+00:00,https://abve.org.br/abve-data/bi-geral/,"Consulta ABVE filtrada por município Bauru e UF SP; fluxo de emplacamentos, não frota.","O painel público não informa comprador, profissão, local de recarga ou transação individual. Registros são agregados por mês, modelo e município. Não usar para inferir causalidade ou ocupação de carregadores."
2024,4,SP,Bauru,BYD,BYD SONG PLUS GS DM,PHEV,9,2024-04-01,2026-10-02T12:42:14.337255+00:00,https://abve.org.br/abve-data/bi-geral/,"Consulta ABVE filtrada por município Bauru e UF SP; fluxo de emplacamentos, não frota.","O painel público não informa comprador, profissão, local de recarga ou transação individual. Registros são agregados por mês, modelo e município. Não usar para inferir causalidade ou ocupação de carregadores."
2024,4,SP,Bauru,CAOA CHERY,CAOACHERY TIGGO8 PHEV,PHEV,1,2024-04-01,2026-10-02T12:42:14.337255+00:00,https://abve.org.br/abve-data/bi-geral/,"Consulta ABVE filtrada por município Bauru e UF SP; fluxo de emplacamentos, não frota.","O painel público não informa comprador, profissão, local de recarga ou transação individual. Registros são agregados por mês, modelo e município. Não usar para inferir causalidade ou ocupação de carregadores."
2024,4,SP,Bauru,GWM,GWM HAVAL H6 GT,PHEV,1,2024-04-01,2026-10-02T12:42:14.337255+00:00,https://abve.org.br/abve-data/bi-geral/,"Consulta ABVE filtrada por município Bauru e UF SP; fluxo de emplacamentos, não frota.","O painel público não informa comprador, profissão, local de recarga ou transação individual. Registros são agregados por mês, modelo e município. Não usar para inferir causalidade ou ocupação de carregadores."
2024,4,SP,Bauru,GWM,GWM HAVAL H6 PREM HEV,HEV,8,2024-04-01,2026-10-02T12:42:14.337255+00:00,https://abve.org.br/abve-data/bi-geral/,"Consulta ABVE filtrada por município Bauru e UF SP; fluxo de emplacamentos, não frota.","O painel público não informa comprador, profissão, local de recarga ou transação individual. Registros são agregados por mês, modelo e município. Não usar para inferir causalidade ou ocupação de carregadores."
2024,4,SP,Bauru,GWM,GWM HAVAL H6 PREM PHEV,PHEV,2,2024-04-01,2026-10-02T12:42:14.337255+00:00,https://abve.org.br/abve-data/bi-geral/,"Consulta ABVE filtrada por município Bauru e UF SP; fluxo de emplacamentos, não frota.","O painel público não informa comprador, profissão, local de recarga ou transação individual. Registros são agregados por mês, modelo e município. Não usar para inferir causalidade ou ocupação de carregadores."
2024,4,SP,Bauru,GWM,GWM ORA 03 GT BEV63,BEV,2,2024-04-01,2026-10-02T12:42:14.337255+00:00,https://abve.org.br/abve-data/bi-geral/,"Consulta ABVE filtrada por município Bauru e UF SP; fluxo de emplacamentos, não frota.","O painel público não informa comprador, profissão, local de recarga ou transação individual. Registros são agregados por mês, modelo e município. Não usar para inferir causalidade ou ocupação de carregadores."
2024,4,SP,Bauru,GWM,GWM ORA 03 SKIN BEV48,BEV,4,2024-04-01,2026-10-02T12:42:14.337255+00:00,https://abve.org.br/abve-data/bi-geral/,"Consulta ABVE filtrada por município Bauru e UF SP; fluxo de emplacamentos, não frota.","O painel público não informa comprador, profissão, local de recarga ou transação individual. Registros são agregados por mês, modelo e município. Não usar para inferir causalidade ou ocupação de carregadores."
2024,4,SP,Bauru,HONDA,HONDA CIVIC HYB TRNG,HEV,2,2024-04-01,2026-10-02T12:42:14.337255+00:00,https://abve.org.br/abve-data/bi-geral/,"Consulta ABVE filtrada por município Bauru e UF SP; fluxo de emplacamentos, não frota.","O painel público não informa comprador, profissão, local de recarga ou transação individual. Registros são agregados por mês, modelo e município. Não usar para inferir causalidade ou ocupação de carregadores."
2024,4,SP,Bauru,LAND ROVER,LR VELAR PHEV HSE DYN,PHEV,1,2024-04-01,2026-10-02T12:42:14.337255+00:00,https://abve.org.br/abve-data/bi-geral/,"Consulta ABVE filtrada por município Bauru e UF SP; fluxo de emplacamentos, não frota.","O painel público não informa comprador, profissão, local de recarga ou transação individual. Registros são agregados por mês, modelo e município. Não usar para inferir causalidade ou ocupação de carregadores."
2024,4,SP,Bauru,LEXUS,LEXUS NX350H F-SPORT,HEV,1,2024-04-01,2026-10-02T12:42:14.337255+00:00,https://abve.org.br/abve-data/bi-geral/,"Consulta ABVE filtrada por município Bauru e UF SP; fluxo de emplacamentos, não frota.","O painel público não informa comprador, profissão, local de recarga ou transação individual. Registros são agregados por mês, modelo e município. Não usar para inferir causalidade ou ocupação de carregadores."
2024,4,SP,Bauru,PORSCHE,PORSCHE PANAMERA 4EHYB,PHEV,1,2024-04-01,2026-10-02T12:42:14.337255+00:00,https://abve.org.br/abve-data/bi-geral/,"Consulta ABVE filtrada por município Bauru e UF SP; fluxo de emplacamentos, não frota.","O painel público não informa comprador, profissão, local de recarga ou transação individual. Registros são agregados por mês, modelo e município. Não usar para inferir causalidade ou ocupação de carregadores."
2024,4,SP,Bauru,TOYOTA,TOYOTA CCROSS XRX HYBRID,HEV FLEX,3,2024-04-01,2026-10-02T12:42:14.337255+00:00,https://abve.org.br/abve-data/bi-geral/,"Consulta ABVE filtrada por município Bauru e UF SP; fluxo de emplacamentos, não frota.","O painel público não informa comprador, profissão, local de recarga ou transação individual. Registros são agregados por mês, modelo e município. Não usar para inferir causalidade ou ocupação de carregadores."
2024,4,SP,Bauru,TOYOTA,TOYOTA COROLLA APREMIUMH,HEV FLEX,2,2024-04-01,2026-10-02T12:42:14.337255+00:00,https://abve.org.br/abve-data/bi-geral/,"Consulta ABVE filtrada por município Bauru e UF SP; fluxo de emplacamentos, não frota.","O painel público não informa comprador, profissão, local de recarga ou transação individual. Registros são agregados por mês, modelo e município. Não usar para inferir causalidade ou ocupação de carregadores."
2024,5,SP,Bauru,AUDI,AUDI SQ8 SB E TRON,BEV,1,2024-05-01,2026-10-02T12:42:14.337255+00:00,https://abve.org.br/abve-data/bi-geral/,"Consulta ABVE filtrada por município Bauru e UF SP; fluxo de emplacamentos, não frota.","O painel público não informa comprador, profissão, local de recarga ou transação individual. Registros são agregados por mês, modelo e município. Não usar para inferir causalidade ou ocupação de carregadores."
2024,5,SP,Bauru,BYD,BYD DOLPHIN GS 180EV,BEV,1,2024-05-01,2026-10-02T12:42:14.337255+00:00,https://abve.org.br/abve-data/bi-geral/,"Consulta ABVE filtrada por município Bauru e UF SP; fluxo de emplacamentos, não frota.","O painel público não informa comprador, profissão, local de recarga ou transação individual. Registros são agregados por mês, modelo e município. Não usar para inferir causalidade ou ocupação de carregadores."
2024,5,SP,Bauru,BYD,BYD DOLPHIN MINI GS EV,BEV,4,2024-05-01,2026-10-02T12:42:14.337255+00:00,https://abve.org.br/abve-data/bi-geral/,"Consulta ABVE filtrada por município Bauru e UF SP; fluxo de emplacamentos, não frota.","O painel público não informa comprador, profissão, local de recarga ou transação individual. Registros são agregados por mês, modelo e município. Não usar para inferir causalidade ou ocupação de carregadores."
2024,5,SP,Bauru,BYD,BYD DOLPHIN PLUS 310EV,BEV,1,2024-05-01,2026-10-02T12:42:14.337255+00:00,https://abve.org.br/abve-data/bi-geral/,"Consulta ABVE filtrada por município Bauru e UF SP; fluxo de emplacamentos, não frota.","O painel público não informa comprador, profissão, local de recarga ou transação individual. Registros são agregados por mês, modelo e município. Não usar para inferir causalidade ou ocupação de carregadores."
2024,5,SP,Bauru,BYD,BYD SEAL AWD GS 590EV,BEV,1,2024-05-01,2026-10-02T12:42:14.337255+00:00,https://abve.org.br/abve-data/bi-geral/,"Consulta ABVE filtrada por município Bauru e UF SP; fluxo de emplacamentos, não frota.","O painel público não informa comprador, profissão, local de recarga ou transação individual. Registros são agregados por mês, modelo e município. Não usar para inferir causalidade ou ocupação de carregadores."
2024,5,SP,Bauru,BYD,BYD SONG PLUS GS DM,PHEV,5,2024-05-01,2026-10-02T12:42:14.337255+00:00,https://abve.org.br/abve-data/bi-geral/,"Consulta ABVE filtrada por município Bauru e UF SP; fluxo de emplacamentos, não frota.","O painel público não informa comprador, profissão, local de recarga ou transação individual. Registros são agregados por mês, modelo e município. Não usar para inferir causalidade ou ocupação de carregadores."
2024,5,SP,Bauru,BYD,BYD TAN AWD GS 700EV,BEV,1,2024-05-01,2026-10-02T12:42:14.337255+00:00,https://abve.org.br/abve-data/bi-geral/,"Consulta ABVE filtrada por município Bauru e UF SP; fluxo de emplacamentos, não frota.","O painel público não informa comprador, profissão, local de recarga ou transação individual. Registros são agregados por mês, modelo e município. Não usar para inferir causalidade ou ocupação de carregadores."
2024,5,SP,Bauru,CAOA CHERY,CAOACHERY TIGGO5X PRO HA,MHEV,1,2024-05-01,2026-10-02T12:42:14.337255+00:00,https://abve.org.br/abve-data/bi-geral/,"Consulta ABVE filtrada por município Bauru e UF SP; fluxo de emplacamentos, não frota.","O painel público não informa comprador, profissão, local de recarga ou transação individual. Registros são agregados por mês, modelo e município. Não usar para inferir causalidade ou ocupação de carregadores."
2024,5,SP,Bauru,CAOA CHERY,CAOACHERY TIGGO7 PRO HA,HEV FLEX,2,2024-05-01,2026-10-02T12:42:14.337255+00:00,https://abve.org.br/abve-data/bi-geral/,"Consulta ABVE filtrada por município Bauru e UF SP; fluxo de emplacamentos, não frota.","O painel público não informa comprador, profissão, local de recarga ou transação individual. Registros são agregados por mês, modelo e município. Não usar para inferir causalidade ou ocupação de carregadores."
2024,5,SP,Bauru,GWM,GWM HAVAL H6 GT,PHEV,4,2024-05-01,2026-10-02T12:42:14.337255+00:00,https://abve.org.br/abve-data/bi-geral/,"Consulta ABVE filtrada por município Bauru e UF SP; fluxo de emplacamentos, não frota.","O painel público não informa comprador, profissão, local de recarga ou transação individual. Registros são agregados por mês, modelo e município. Não usar para inferir causalidade ou ocupação de carregadores."
2024,5,SP,Bauru,GWM,GWM HAVAL H6 PREM HEV,HEV,5,2024-05-01,2026-10-02T12:42:14.337255+00:00,https://abve.org.br/abve-data/bi-geral/,"Consulta ABVE filtrada por município Bauru e UF SP; fluxo de emplacamentos, não frota.","O painel público não informa comprador, profissão, local de recarga ou transação individual. Registros são agregados por mês, modelo e município. Não usar para inferir causalidade ou ocupação de carregadores."
2024,5,SP,Bauru,GWM,GWM HAVAL H6 PREM PHEV,PHEV,3,2024-05-01,2026-10-02T12:42:14.337255+00:00,https://abve.org.br/abve-data/bi-geral/,"Consulta ABVE filtrada por município Bauru e UF SP; fluxo de emplacamentos, não frota.","O painel público não informa comprador, profissão, local de recarga ou transação individual. Registros são agregados por mês, modelo e município. Não usar para inferir causalidade ou ocupação de carregadores."
2024,5,SP,Bauru,GWM,GWM ORA 03 GT BEV63,BEV,1,2024-05-01,2026-10-02T12:42:14.337255+00:00,https://abve.org.br/abve-data/bi-geral/,"Consulta ABVE filtrada por município Bauru e UF SP; fluxo de emplacamentos, não frota.","O painel público não informa comprador, profissão, local de recarga ou transação individual. Registros são agregados por mês, modelo e município. Não usar para inferir causalidade ou ocupação de carregadores."
2024,5,SP,Bauru,GWM,GWM ORA 03 SKIN BEV48,BEV,2,2024-05-01,2026-10-02T12:42:14.337255+00:00,https://abve.org.br/abve-data/bi-geral/,"Consulta ABVE filtrada por município Bauru e UF SP; fluxo de emplacamentos, não frota.","O painel público não informa comprador, profissão, local de recarga ou transação individual. Registros são agregados por mês, modelo e município. Não usar para inferir causalidade ou ocupação de carregadores."
2024,5,SP,Bauru,HONDA,HONDA CR-V FH-TOU,HEV,2,2024-05-01,2026-10-02T12:42:14.337255+00:00,https://abve.org.br/abve-data/bi-geral/,"Consulta ABVE filtrada por município Bauru e UF SP; fluxo de emplacamentos, não frota.","O painel público não informa comprador, profissão, local de recarga ou transação individual. Registros são agregados por mês, modelo e município. Não usar para inferir causalidade ou ocupação de carregadores."
2024,5,SP,Bauru,JAC,JAC E JS1,BEV,1,2024-05-01,2026-10-02T12:42:14.337255+00:00,https://abve.org.br/abve-data/bi-geral/,"Consulta ABVE filtrada por município Bauru e UF SP; fluxo de emplacamentos, não frota.","O painel público não informa comprador, profissão, local de recarga ou transação individual. Registros são agregados por mês, modelo e município. Não usar para inferir causalidade ou ocupação de carregadores."
2024,5,SP,Bauru,LAND ROVER,LR RRS D350 HSED,MHEV,1,2024-05-01,2026-10-02T12:42:14.337255+00:00,https://abve.org.br/abve-data/bi-geral/,"Consulta ABVE filtrada por município Bauru e UF SP; fluxo de emplacamentos, não frota.","O painel público não informa comprador, profissão, local de recarga ou transação individual. Registros são agregados por mês, modelo e município. Não usar para inferir causalidade ou ocupação de carregadores."
2024,5,SP,Bauru,TOYOTA,TOYOTA CCROSS XRV HYBRID,HEV FLEX,1,2024-05-01,2026-10-02T12:42:14.337255+00:00,https://abve.org.br/abve-data/bi-geral/,"Consulta ABVE filtrada por município Bauru e UF SP; fluxo de emplacamentos, não frota.","O painel público não informa comprador, profissão, local de recarga ou transação individual. Registros são agregados por mês, modelo e município. Não usar para inferir causalidade ou ocupação de carregadores."
2024,5,SP,Bauru,TOYOTA,TOYOTA CCROSS XRX HYBRID,HEV FLEX,1,2024-05-01,2026-10-02T12:42:14.337255+00:00,https://abve.org.br/abve-data/bi-geral/,"Consulta ABVE filtrada por município Bauru e UF SP; fluxo de emplacamentos, não frota.","O painel público não informa comprador, profissão, local de recarga ou transação individual. Registros são agregados por mês, modelo e município. Não usar para inferir causalidade ou ocupação de carregadores."
2024,5,SP,Bauru,TOYOTA,TOYOTA RAV4H SXAWD CNT,HEV,2,2024-05-01,2026-10-02T12:42:14.337255+00:00,https://abve.org.br/abve-data/bi-geral/,"Consulta ABVE filtrada por município Bauru e UF SP; fluxo de emplacamentos, não frota.","O painel público não informa comprador, profissão, local de recarga ou transação individual. Registros são agregados por mês, modelo e município. Não usar para inferir causalidade ou ocupação de carregadores."
2024,5,SP,Bauru,VOLVO,VOLVO EX30 E60 ULTRA,BEV,1,2024-05-01,2026-10-02T12:42:14.337255+00:00,https://abve.org.br/abve-data/bi-geral/,"Consulta ABVE filtrada por município Bauru e UF SP; fluxo de emplacamentos, não frota.","O painel público não informa comprador, profissão, local de recarga ou transação individual. Registros são agregados por mês, modelo e município. Não usar para inferir causalidade ou ocupação de carregadores."
2024,6,SP,Bauru,BYD,BYD DOLPHIN GS 180EV,BEV,2,2024-06-01,2026-10-02T12:42:14.337255+00:00,https://abve.org.br/abve-data/bi-geral/,"Consulta ABVE filtrada por município Bauru e UF SP; fluxo de emplacamentos, não frota.","O painel público não informa comprador, profissão, local de recarga ou transação individual. Registros são agregados por mês, modelo e município. Não usar para inferir causalidade ou ocupação de carregadores."
2024,6,SP,Bauru,BYD,BYD DOLPHIN MINI GS EV,BEV,5,2024-06-01,2026-10-02T12:42:14.337255+00:00,https://abve.org.br/abve-data/bi-geral/,"Consulta ABVE filtrada por município Bauru e UF SP; fluxo de emplacamentos, não frota.","O painel público não informa comprador, profissão, local de recarga ou transação individual. Registros são agregados por mês, modelo e município. Não usar para inferir causalidade ou ocupação de carregadores."
2024,6,SP,Bauru,BYD,BYD DOLPHIN PLUS 310EV,BEV,4,2024-06-01,2026-10-02T12:42:14.337255+00:00,https://abve.org.br/abve-data/bi-geral/,"Consulta ABVE filtrada por município Bauru e UF SP; fluxo de emplacamentos, não frota.","O painel público não informa comprador, profissão, local de recarga ou transação individual. Registros são agregados por mês, modelo e município. Não usar para inferir causalidade ou ocupação de carregadores."
2024,6,SP,Bauru,BYD,BYD SEAL AWD GS 590EV,BEV,4,2024-06-01,2026-10-02T12:42:14.337255+00:00,https://abve.org.br/abve-data/bi-geral/,"Consulta ABVE filtrada por município Bauru e UF SP; fluxo de emplacamentos, não frota.","O painel público não informa comprador, profissão, local de recarga ou transação individual. Registros são agregados por mês, modelo e município. Não usar para inferir causalidade ou ocupação de carregadores."
2024,6,SP,Bauru,BYD,BYD SONG PLUS GS DM,PHEV,7,2024-06-01,2026-10-02T12:42:14.337255+00:00,https://abve.org.br/abve-data/bi-geral/,"Consulta ABVE filtrada por município Bauru e UF SP; fluxo de emplacamentos, não frota.","O painel público não informa comprador, profissão, local de recarga ou transação individual. Registros são agregados por mês, modelo e município. Não usar para inferir causalidade ou ocupação de carregadores."
2024,6,SP,Bauru,CAOA CHERY,CAOACHERY TIGGO5X PRO HA,MHEV,1,2024-06-01,2026-10-02T12:42:14.337255+00:00,https://abve.org.br/abve-data/bi-geral/,"Consulta ABVE filtrada por município Bauru e UF SP; fluxo de emplacamentos, não frota.","O painel público não informa comprador, profissão, local de recarga ou transação individual. Registros são agregados por mês, modelo e município. Não usar para inferir causalidade ou ocupação de carregadores."
2024,6,SP,Bauru,CAOA CHERY,CAOACHERY TIGGO7 PRO HA,HEV FLEX,1,2024-06-01,2026-10-02T12:42:14.337255+00:00,https://abve.org.br/abve-data/bi-geral/,"Consulta ABVE filtrada por município Bauru e UF SP; fluxo de emplacamentos, não frota.","O painel público não informa comprador, profissão, local de recarga ou transação individual. Registros são agregados por mês, modelo e município. Não usar para inferir causalidade ou ocupação de carregadores."
2024,6,SP,Bauru,GWM,GWM HAVAL H6 GT,PHEV,3,2024-06-01,2026-10-02T12:42:14.337255+00:00,https://abve.org.br/abve-data/bi-geral/,"Consulta ABVE filtrada por município Bauru e UF SP; fluxo de emplacamentos, não frota.","O painel público não informa comprador, profissão, local de recarga ou transação individual. Registros são agregados por mês, modelo e município. Não usar para inferir causalidade ou ocupação de carregadores."
2024,6,SP,Bauru,GWM,GWM HAVAL H6 PHEV 19,PHEV,1,2024-06-01,2026-10-02T12:42:14.337255+00:00,https://abve.org.br/abve-data/bi-geral/,"Consulta ABVE filtrada por município Bauru e UF SP; fluxo de emplacamentos, não frota.","O painel público não informa comprador, profissão, local de recarga ou transação individual. Registros são agregados por mês, modelo e município. Não usar para inferir causalidade ou ocupação de carregadores."
2024,6,SP,Bauru,GWM,GWM HAVAL H6 PREM HEV,HEV,2,2024-06-01,2026-10-02T12:42:14.337255+00:00,https://abve.org.br/abve-data/bi-geral/,"Consulta ABVE filtrada por município Bauru e UF SP; fluxo de emplacamentos, não frota.","O painel público não informa comprador, profissão, local de recarga ou transação individual. Registros são agregados por mês, modelo e município. Não usar para inferir causalidade ou ocupação de carregadores."
2024,6,SP,Bauru,GWM,GWM HAVAL H6 PREM PHEV,PHEV,4,2024-06-01,2026-10-02T12:42:14.337255+00:00,https://abve.org.br/abve-data/bi-geral/,"Consulta ABVE filtrada por município Bauru e UF SP; fluxo de emplacamentos, não frota.","O painel público não informa comprador, profissão, local de recarga ou transação individual. Registros são agregados por mês, modelo e município. Não usar para inferir causalidade ou ocupação de carregadores."
2024,6,SP,Bauru,GWM,GWM ORA 03 GT BEV63,BEV,1,2024-06-01,2026-10-02T12:42:14.337255+00:00,https://abve.org.br/abve-data/bi-geral/,"Consulta ABVE filtrada por município Bauru e UF SP; fluxo de emplacamentos, não frota.","O painel público não informa comprador, profissão, local de recarga ou transação individual. Registros são agregados por mês, modelo e município. Não usar para inferir causalidade ou ocupação de carregadores."
2024,6,SP,Bauru,GWM,GWM ORA 03 SKIN BEV48,BEV,2,2024-06-01,2026-10-02T12:42:14.337255+00:00,https://abve.org.br/abve-data/bi-geral/,"Consulta ABVE filtrada por município Bauru e UF SP; fluxo de emplacamentos, não frota.","O painel público não informa comprador, profissão, local de recarga ou transação individual. Registros são agregados por mês, modelo e município. Não usar para inferir causalidade ou ocupação de carregadores."
2024,6,SP,Bauru,LAND ROVER,LR DEF110 PHEV HSE XD,PHEV,1,2024-06-01,2026-10-02T12:42:14.337255+00:00,https://abve.org.br/abve-data/bi-geral/,"Consulta ABVE filtrada por município Bauru e UF SP; fluxo de emplacamentos, não frota.","O painel público não informa comprador, profissão, local de recarga ou transação individual. Registros são agregados por mês, modelo e município. Não usar para inferir causalidade ou ocupação de carregadores."
2024,6,SP,Bauru,M.BENZ,M.BENZ GLE450 D 4M,PHEV,1,2024-06-01,2026-10-02T12:42:14.337255+00:00,https://abve.org.br/abve-data/bi-geral/,"Consulta ABVE filtrada por município Bauru e UF SP; fluxo de emplacamentos, não frota.","O painel público não informa comprador, profissão, local de recarga ou transação individual. Registros são agregados por mês, modelo e município. Não usar para inferir causalidade ou ocupação de carregadores."
2024,6,SP,Bauru,M.BENZ,M.BENZ GLE450 D 4M CO,MHEV,1,2024-06-01,2026-10-02T12:42:14.337255+00:00,https://abve.org.br/abve-data/bi-geral/,"Consulta ABVE filtrada por município Bauru e UF SP; fluxo de emplacamentos, não frota.","O painel público não informa comprador, profissão, local de recarga ou transação individual. Registros são agregados por mês, modelo e município. Não usar para inferir causalidade ou ocupação de carregadores."
2024,6,SP,Bauru,TOYOTA,TOYOTA CCROSS XRX HYBRID,HEV FLEX,3,2024-06-01,2026-10-02T12:42:14.337255+00:00,https://abve.org.br/abve-data/bi-geral/,"Consulta ABVE filtrada por município Bauru e UF SP; fluxo de emplacamentos, não frota.","O painel público não informa comprador, profissão, local de recarga ou transação individual. Registros são agregados por mês, modelo e município. Não usar para inferir causalidade ou ocupação de carregadores."
2024,6,SP,Bauru,TOYOTA,TOYOTA COROLLA ALTIS HV,HEV FLEX,1,2024-06-01,2026-10-02T12:42:14.337255+00:00,https://abve.org.br/abve-data/bi-geral/,"Consulta ABVE filtrada por município Bauru e UF SP; fluxo de emplacamentos, não frota.","O painel público não informa comprador, profissão, local de recarga ou transação individual. Registros são agregados por mês, modelo e município. Não usar para inferir causalidade ou ocupação de carregadores."
2024,6,SP,Bauru,VOLVO,VOLVO EX30 E60 CORE,BEV,2,2024-06-01,2026-10-02T12:42:14.337255+00:00,https://abve.org.br/abve-data/bi-geral/,"Consulta ABVE filtrada por município Bauru e UF SP; fluxo de emplacamentos, não frota.","O painel público não informa comprador, profissão, local de recarga ou transação individual. Registros são agregados por mês, modelo e município. Não usar para inferir causalidade ou ocupação de carregadores."
2024,6,SP,Bauru,VOLVO,VOLVO EX30 E60 ULTRA,BEV,4,2024-06-01,2026-10-02T12:42:14.337255+00:00,https://abve.org.br/abve-data/bi-geral/,"Consulta ABVE filtrada por município Bauru e UF SP; fluxo de emplacamentos, não frota.","O painel público não informa comprador, profissão, local de recarga ou transação individual. Registros são agregados por mês, modelo e município. Não usar para inferir causalidade ou ocupação de carregadores."
2024,7,SP,Bauru,BYD,BYD DOLPHIN GS 180EV,BEV,2,2024-07-01,2026-10-02T12:42:14.337255+00:00,https://abve.org.br/abve-data/bi-geral/,"Consulta ABVE filtrada por município Bauru e UF SP; fluxo de emplacamentos, não frota.","O painel público não informa comprador, profissão, local de recarga ou transação individual. Registros são agregados por mês, modelo e município. Não usar para inferir causalidade ou ocupação de carregadores."
2024,7,SP,Bauru,BYD,BYD DOLPHIN MINI GS EV,BEV,2,2024-07-01,2026-10-02T12:42:14.337255+00:00,https://abve.org.br/abve-data/bi-geral/,"Consulta ABVE filtrada por município Bauru e UF SP; fluxo de emplacamentos, não frota.","O painel público não informa comprador, profissão, local de recarga ou transação individual. Registros são agregados por mês, modelo e município. Não usar para inferir causalidade ou ocupação de carregadores."
2024,7,SP,Bauru,BYD,BYD DOLPHIN PLUS 310EV,BEV,1,2024-07-01,2026-10-02T12:42:14.337255+00:00,https://abve.org.br/abve-data/bi-geral/,"Consulta ABVE filtrada por município Bauru e UF SP; fluxo de emplacamentos, não frota.","O painel público não informa comprador, profissão, local de recarga ou transação individual. Registros são agregados por mês, modelo e município. Não usar para inferir causalidade ou ocupação de carregadores."
2024,7,SP,Bauru,BYD,BYD KING GS DM,PHEV,6,2024-07-01,2026-10-02T12:42:14.337255+00:00,https://abve.org.br/abve-data/bi-geral/,"Consulta ABVE filtrada por município Bauru e UF SP; fluxo de emplacamentos, não frota.","O painel público não informa comprador, profissão, local de recarga ou transação individual. Registros são agregados por mês, modelo e município. Não usar para inferir causalidade ou ocupação de carregadores."
2024,7,SP,Bauru,BYD,BYD SONG PLUS GS DM,PHEV,4,2024-07-01,2026-10-02T12:42:14.337255+00:00,https://abve.org.br/abve-data/bi-geral/,"Consulta ABVE filtrada por município Bauru e UF SP; fluxo de emplacamentos, não frota.","O painel público não informa comprador, profissão, local de recarga ou transação individual. Registros são agregados por mês, modelo e município. Não usar para inferir causalidade ou ocupação de carregadores."
2024,7,SP,Bauru,BYD,BYD SONG PRO GL DM,PHEV,2,2024-07-01,2026-10-02T12:42:14.337255+00:00,https://abve.org.br/abve-data/bi-geral/,"Consulta ABVE filtrada por município Bauru e UF SP; fluxo de emplacamentos, não frota.","O painel público não informa comprador, profissão, local de recarga ou transação individual. Registros são agregados por mês, modelo e município. Não usar para inferir causalidade ou ocupação de carregadores."
2024,7,SP,Bauru,BYD,BYD SONG PRO GS DM,PHEV,3,2024-07-01,2026-10-02T12:42:14.337255+00:00,https://abve.org.br/abve-data/bi-geral/,"Consulta ABVE filtrada por município Bauru e UF SP; fluxo de emplacamentos, não frota.","O painel público não informa comprador, profissão, local de recarga ou transação individual. Registros são agregados por mês, modelo e município. Não usar para inferir causalidade ou ocupação de carregadores."
2024,7,SP,Bauru,CAOA CHERY,CAOACHERY TIGGO8 PHEV,PHEV,1,2024-07-01,2026-10-02T12:42:14.337255+00:00,https://abve.org.br/abve-data/bi-geral/,"Consulta ABVE filtrada por município Bauru e UF SP; fluxo de emplacamentos, não frota.","O painel público não informa comprador, profissão, local de recarga ou transação individual. Registros são agregados por mês, modelo e município. Não usar para inferir causalidade ou ocupação de carregadores."
2024,7,SP,Bauru,GWM,GWM HAVAL H6 GT,PHEV,2,2024-07-01,2026-10-02T12:42:14.337255+00:00,https://abve.org.br/abve-data/bi-geral/,"Consulta ABVE filtrada por município Bauru e UF SP; fluxo de emplacamentos, não frota.","O painel público não informa comprador, profissão, local de recarga ou transação individual. Registros são agregados por mês, modelo e município. Não usar para inferir causalidade ou ocupação de carregadores."
2024,7,SP,Bauru,GWM,GWM HAVAL H6 PHEV 19,PHEV,3,2024-07-01,2026-10-02T12:42:14.337255+00:00,https://abve.org.br/abve-data/bi-geral/,"Consulta ABVE filtrada por município Bauru e UF SP; fluxo de emplacamentos, não frota.","O painel público não informa comprador, profissão, local de recarga ou transação individual. Registros são agregados por mês, modelo e município. Não usar para inferir causalidade ou ocupação de carregadores."
2024,7,SP,Bauru,GWM,GWM HAVAL H6 PREM HEV,HEV,2,2024-07-01,2026-10-02T12:42:14.337255+00:00,https://abve.org.br/abve-data/bi-geral/,"Consulta ABVE filtrada por município Bauru e UF SP; fluxo de emplacamentos, não frota.","O painel público não informa comprador, profissão, local de recarga ou transação individual. Registros são agregados por mês, modelo e município. Não usar para inferir causalidade ou ocupação de carregadores."
2024,7,SP,Bauru,GWM,GWM HAVAL H6 PREM PHEV,PHEV,7,2024-07-01,2026-10-02T12:42:14.337255+00:00,https://abve.org.br/abve-data/bi-geral/,"Consulta ABVE filtrada por município Bauru e UF SP; fluxo de emplacamentos, não frota.","O painel público não informa comprador, profissão, local de recarga ou transação individual. Registros são agregados por mês, modelo e município. Não usar para inferir causalidade ou ocupação de carregadores."
2024,7,SP,Bauru,GWM,GWM ORA 03 GT BEV63,BEV,1,2024-07-01,2026-10-02T12:42:14.337255+00:00,https://abve.org.br/abve-data/bi-geral/,"Consulta ABVE filtrada por município Bauru e UF SP; fluxo de emplacamentos, não frota.","O painel público não informa comprador, profissão, local de recarga ou transação individual. Registros são agregados por mês, modelo e município. Não usar para inferir causalidade ou ocupação de carregadores."
2024,7,SP,Bauru,GWM,GWM ORA 03 SKIN BEV48,BEV,3,2024-07-01,2026-10-02T12:42:14.337255+00:00,https://abve.org.br/abve-data/bi-geral/,"Consulta ABVE filtrada por município Bauru e UF SP; fluxo de emplacamentos, não frota.","O painel público não informa comprador, profissão, local de recarga ou transação individual. Registros são agregados por mês, modelo e município. Não usar para inferir causalidade ou ocupação de carregadores."
2024,7,SP,Bauru,HONDA,HONDA CIVIC HYB TRNG,HEV,1,2024-07-01,2026-10-02T12:42:14.337255+00:00,https://abve.org.br/abve-data/bi-geral/,"Consulta ABVE filtrada por município Bauru e UF SP; fluxo de emplacamentos, não frota.","O painel público não informa comprador, profissão, local de recarga ou transação individual. Registros são agregados por mês, modelo e município. Não usar para inferir causalidade ou ocupação de carregadores."
2024,7,SP,Bauru,M.BENZ,M.BENZ CLA200 AMG LINE,MHEV,1,2024-07-01,2026-10-02T12:42:14.337255+00:00,https://abve.org.br/abve-data/bi-geral/,"Consulta ABVE filtrada por município Bauru e UF SP; fluxo de emplacamentos, não frota.","O painel público não informa comprador, profissão, local de recarga ou transação individual. Registros são agregados por mês, modelo e município. Não usar para inferir causalidade ou ocupação de carregadores."
2024,7,SP,Bauru,PORSCHE,PORSCHE CAYENNE CP PHE,PHEV,1,2024-07-01,2026-10-02T12:42:14.337255+00:00,https://abve.org.br/abve-data/bi-geral/,"Consulta ABVE filtrada por município Bauru e UF SP; fluxo de emplacamentos, não frota.","O painel público não informa comprador, profissão, local de recarga ou transação individual. Registros são agregados por mês, modelo e município. Não usar para inferir causalidade ou ocupação de carregadores."
2024,7,SP,Bauru,TOYOTA,TOYOTA CCROSS XRX HYBRID,HEV FLEX,2,2024-07-01,2026-10-02T12:42:14.337255+00:00,https://abve.org.br/abve-data/bi-geral/,"Consulta ABVE filtrada por município Bauru e UF SP; fluxo de emplacamentos, não frota.","O painel público não informa comprador, profissão, local de recarga ou transação individual. Registros são agregados por mês, modelo e município. Não usar para inferir causalidade ou ocupação de carregadores."
2024,7,SP,Bauru,VOLVO,VOLVO XC90 T8 ULTIMATE,PHEV,1,2024-07-01,2026-10-02T12:42:14.337255+00:00,https://abve.org.br/abve-data/bi-geral/,"Consulta ABVE filtrada por município Bauru e UF SP; fluxo de emplacamentos, não frota.","O painel público não informa comprador, profissão, local de recarga ou transação individual. Registros são agregados por mês, modelo e município. Não usar para inferir causalidade ou ocupação de carregadores."
2024,8,SP,Bauru,BYD,BYD DOLPHIN GS 180EV,BEV,1,2024-08-01,2026-10-02T12:42:14.337255+00:00,https://abve.org.br/abve-data/bi-geral/,"Consulta ABVE filtrada por município Bauru e UF SP; fluxo de emplacamentos, não frota.","O painel público não informa comprador, profissão, local de recarga ou transação individual. Registros são agregados por mês, modelo e município. Não usar para inferir causalidade ou ocupação de carregadores."
2024,8,SP,Bauru,BYD,BYD DOLPHIN MINI GS5EV,BEV,3,2024-08-01,2026-10-02T12:42:14.337255+00:00,https://abve.org.br/abve-data/bi-geral/,"Consulta ABVE filtrada por município Bauru e UF SP; fluxo de emplacamentos, não frota.","O painel público não informa comprador, profissão, local de recarga ou transação individual. Registros são agregados por mês, modelo e município. Não usar para inferir causalidade ou ocupação de carregadores."
2024,8,SP,Bauru,BYD,BYD DOLPHIN PLUS 310EV,BEV,1,2024-08-01,2026-10-02T12:42:14.337255+00:00,https://abve.org.br/abve-data/bi-geral/,"Consulta ABVE filtrada por município Bauru e UF SP; fluxo de emplacamentos, não frota.","O painel público não informa comprador, profissão, local de recarga ou transação individual. Registros são agregados por mês, modelo e município. Não usar para inferir causalidade ou ocupação de carregadores."
2024,8,SP,Bauru,BYD,BYD KING GS DM,PHEV,6,2024-08-01,2026-10-02T12:42:14.337255+00:00,https://abve.org.br/abve-data/bi-geral/,"Consulta ABVE filtrada por município Bauru e UF SP; fluxo de emplacamentos, não frota.","O painel público não informa comprador, profissão, local de recarga ou transação individual. Registros são agregados por mês, modelo e município. Não usar para inferir causalidade ou ocupação de carregadores."
2024,8,SP,Bauru,BYD,BYD SONG PLUS GS DM,PHEV,8,2024-08-01,2026-10-02T12:42:14.337255+00:00,https://abve.org.br/abve-data/bi-geral/,"Consulta ABVE filtrada por município Bauru e UF SP; fluxo de emplacamentos, não frota.","O painel público não informa comprador, profissão, local de recarga ou transação individual. Registros são agregados por mês, modelo e município. Não usar para inferir causalidade ou ocupação de carregadores."
2024,8,SP,Bauru,BYD,BYD SONG PRO GL DM,PHEV,1,2024-08-01,2026-10-02T12:42:14.337255+00:00,https://abve.org.br/abve-data/bi-geral/,"Consulta ABVE filtrada por município Bauru e UF SP; fluxo de emplacamentos, não frota.","O painel público não informa comprador, profissão, local de recarga ou transação individual. Registros são agregados por mês, modelo e município. Não usar para inferir causalidade ou ocupação de carregadores."
2024,8,SP,Bauru,BYD,BYD SONG PRO GS DM,PHEV,6,2024-08-01,2026-10-02T12:42:14.337255+00:00,https://abve.org.br/abve-data/bi-geral/,"Consulta ABVE filtrada por município Bauru e UF SP; fluxo de emplacamentos, não frota.","O painel público não informa comprador, profissão, local de recarga ou transação individual. Registros são agregados por mês, modelo e município. Não usar para inferir causalidade ou ocupação de carregadores."
2024,8,SP,Bauru,BYD,BYD YUAN PRO GS 290EV,BEV,1,2024-08-01,2026-10-02T12:42:14.337255+00:00,https://abve.org.br/abve-data/bi-geral/,"Consulta ABVE filtrada por município Bauru e UF SP; fluxo de emplacamentos, não frota.","O painel público não informa comprador, profissão, local de recarga ou transação individual. Registros são agregados por mês, modelo e município. Não usar para inferir causalidade ou ocupação de carregadores."
2024,8,SP,Bauru,GWM,GWM HAVAL H6 PHEV 19,PHEV,3,2024-08-01,2026-10-02T12:42:14.337255+00:00,https://abve.org.br/abve-data/bi-geral/,"Consulta ABVE filtrada por município Bauru e UF SP; fluxo de emplacamentos, não frota.","O painel público não informa comprador, profissão, local de recarga ou transação individual. Registros são agregados por mês, modelo e município. Não usar para inferir causalidade ou ocupação de carregadores."
2024,8,SP,Bauru,GWM,GWM HAVAL H6 PREM HEV,HEV,1,2024-08-01,2026-10-02T12:42:14.337255+00:00,https://abve.org.br/abve-data/bi-geral/,"Consulta ABVE filtrada por município Bauru e UF SP; fluxo de emplacamentos, não frota.","O painel público não informa comprador, profissão, local de recarga ou transação individual. Registros são agregados por mês, modelo e município. Não usar para inferir causalidade ou ocupação de carregadores."
2024,8,SP,Bauru,GWM,GWM ORA 03 SKIN BEV48,BEV,2,2024-08-01,2026-10-02T12:42:14.337255+00:00,https://abve.org.br/abve-data/bi-geral/,"Consulta ABVE filtrada por município Bauru e UF SP; fluxo de emplacamentos, não frota.","O painel público não informa comprador, profissão, local de recarga ou transação individual. Registros são agregados por mês, modelo e município. Não usar para inferir causalidade ou ocupação de carregadores."
2024,8,SP,Bauru,M.BENZ,M.BENZ AMGGLC43,MHEV,1,2024-08-01,2026-10-02T12:42:14.337255+00:00,https://abve.org.br/abve-data/bi-geral/,"Consulta ABVE filtrada por município Bauru e UF SP; fluxo de emplacamentos, não frota.","O painel público não informa comprador, profissão, local de recarga ou transação individual. Registros são agregados por mês, modelo e município. Não usar para inferir causalidade ou ocupação de carregadores."
2024,8,SP,Bauru,M.BENZ,M.BENZ CLA200 AMG LINE,MHEV,1,2024-08-01,2026-10-02T12:42:14.337255+00:00,https://abve.org.br/abve-data/bi-geral/,"Consulta ABVE filtrada por município Bauru e UF SP; fluxo de emplacamentos, não frota.","O painel público não informa comprador, profissão, local de recarga ou transação individual. Registros são agregados por mês, modelo e município. Não usar para inferir causalidade ou ocupação de carregadores."
2024,8,SP,Bauru,M.BENZ,M.BENZ GLA200 AMG LINE,MHEV,1,2024-08-01,2026-10-02T12:42:14.337255+00:00,https://abve.org.br/abve-data/bi-geral/,"Consulta ABVE filtrada por município Bauru e UF SP; fluxo de emplacamentos, não frota.","O painel público não informa comprador, profissão, local de recarga ou transação individual. Registros são agregados por mês, modelo e município. Não usar para inferir causalidade ou ocupação de carregadores."
2024,8,SP,Bauru,PORSCHE,PORSCHE CAYENNE CP PHE,PHEV,1,2024-08-01,2026-10-02T12:42:14.337255+00:00,https://abve.org.br/abve-data/bi-geral/,"Consulta ABVE filtrada por município Bauru e UF SP; fluxo de emplacamentos, não frota.","O painel público não informa comprador, profissão, local de recarga ou transação individual. Registros são agregados por mês, modelo e município. Não usar para inferir causalidade ou ocupação de carregadores."
2024,8,SP,Bauru,TOYOTA,TOYOTA CCROSS XRX HYBRID,HEV FLEX,3,2024-08-01,2026-10-02T12:42:14.337255+00:00,https://abve.org.br/abve-data/bi-geral/,"Consulta ABVE filtrada por município Bauru e UF SP; fluxo de emplacamentos, não frota.","O painel público não informa comprador, profissão, local de recarga ou transação individual. Registros são agregados por mês, modelo e município. Não usar para inferir causalidade ou ocupação de carregadores."
2024,8,SP,Bauru,VOLVO,VOLVO EX30 E60 ULTRA,BEV,1,2024-08-01,2026-10-02T12:42:14.337255+00:00,https://abve.org.br/abve-data/bi-geral/,"Consulta ABVE filtrada por município Bauru e UF SP; fluxo de emplacamentos, não frota.","O painel público não informa comprador, profissão, local de recarga ou transação individual. Registros são agregados por mês, modelo e município. Não usar para inferir causalidade ou ocupação de carregadores."
2024,9,SP,Bauru,BMW,BMW 330E,PHEV,1,2024-09-01,2026-10-02T12:42:14.337255+00:00,https://abve.org.br/abve-data/bi-geral/,"Consulta ABVE filtrada por município Bauru e UF SP; fluxo de emplacamentos, não frota.","O painel público não informa comprador, profissão, local de recarga ou transação individual. Registros são agregados por mês, modelo e município. Não usar para inferir causalidade ou ocupação de carregadores."
2024,9,SP,Bauru,BMW,BMW X3 XDRIVE30E,PHEV,2,2024-09-01,2026-10-02T12:42:14.337255+00:00,https://abve.org.br/abve-data/bi-geral/,"Consulta ABVE filtrada por município Bauru e UF SP; fluxo de emplacamentos, não frota.","O painel público não informa comprador, profissão, local de recarga ou transação individual. Registros são agregados por mês, modelo e município. Não usar para inferir causalidade ou ocupação de carregadores."
2024,9,SP,Bauru,BMW,BMW X5 XDRIVE50E MSP,PHEV,1,2024-09-01,2026-10-02T12:42:14.337255+00:00,https://abve.org.br/abve-data/bi-geral/,"Consulta ABVE filtrada por município Bauru e UF SP; fluxo de emplacamentos, não frota.","O painel público não informa comprador, profissão, local de recarga ou transação individual. Registros são agregados por mês, modelo e município. Não usar para inferir causalidade ou ocupação de carregadores."
2024,9,SP,Bauru,BYD,BYD DOLPHIN GS 180EV,BEV,1,2024-09-01,2026-10-02T12:42:14.337255+00:00,https://abve.org.br/abve-data/bi-geral/,"Consulta ABVE filtrada por município Bauru e UF SP; fluxo de emplacamentos, não frota.","O painel público não informa comprador, profissão, local de recarga ou transação individual. Registros são agregados por mês, modelo e município. Não usar para inferir causalidade ou ocupação de carregadores."
2024,9,SP,Bauru,BYD,BYD DOLPHIN MINI GS EV,BEV,9,2024-09-01,2026-10-02T12:42:14.337255+00:00,https://abve.org.br/abve-data/bi-geral/,"Consulta ABVE filtrada por município Bauru e UF SP; fluxo de emplacamentos, não frota.","O painel público não informa comprador, profissão, local de recarga ou transação individual. Registros são agregados por mês, modelo e município. Não usar para inferir causalidade ou ocupação de carregadores."
2024,9,SP,Bauru,BYD,BYD DOLPHIN MINI GS5EV,BEV,2,2024-09-01,2026-10-02T12:42:14.337255+00:00,https://abve.org.br/abve-data/bi-geral/,"Consulta ABVE filtrada por município Bauru e UF SP; fluxo de emplacamentos, não frota.","O painel público não informa comprador, profissão, local de recarga ou transação individual. Registros são agregados por mês, modelo e município. Não usar para inferir causalidade ou ocupação de carregadores."
2024,9,SP,Bauru,BYD,BYD SONG PLUS GS DM,PHEV,6,2024-09-01,2026-10-02T12:42:14.337255+00:00,https://abve.org.br/abve-data/bi-geral/,"Consulta ABVE filtrada por município Bauru e UF SP; fluxo de emplacamentos, não frota.","O painel público não informa comprador, profissão, local de recarga ou transação individual. Registros são agregados por mês, modelo e município. Não usar para inferir causalidade ou ocupação de carregadores."
2024,9,SP,Bauru,BYD,BYD SONG PRO GL DM,PHEV,1,2024-09-01,2026-10-02T12:42:14.337255+00:00,https://abve.org.br/abve-data/bi-geral/,"Consulta ABVE filtrada por município Bauru e UF SP; fluxo de emplacamentos, não frota.","O painel público não informa comprador, profissão, local de recarga ou transação individual. Registros são agregados por mês, modelo e município. Não usar para inferir causalidade ou ocupação de carregadores."
2024,9,SP,Bauru,BYD,BYD SONG PRO GS DM,PHEV,4,2024-09-01,2026-10-02T12:42:14.337255+00:00,https://abve.org.br/abve-data/bi-geral/,"Consulta ABVE filtrada por município Bauru e UF SP; fluxo de emplacamentos, não frota.","O painel público não informa comprador, profissão, local de recarga ou transação individual. Registros são agregados por mês, modelo e município. Não usar para inferir causalidade ou ocupação de carregadores."
2024,9,SP,Bauru,BYD,BYD YUAN PRO GS 290EV,BEV,1,2024-09-01,2026-10-02T12:42:14.337255+00:00,https://abve.org.br/abve-data/bi-geral/,"Consulta ABVE filtrada por município Bauru e UF SP; fluxo de emplacamentos, não frota.","O painel público não informa comprador, profissão, local de recarga ou transação individual. Registros são agregados por mês, modelo e município. Não usar para inferir causalidade ou ocupação de carregadores."
2024,9,SP,Bauru,GWM,GWM HAVAL H6 GT,PHEV,3,2024-09-01,2026-10-02T12:42:14.337255+00:00,https://abve.org.br/abve-data/bi-geral/,"Consulta ABVE filtrada por município Bauru e UF SP; fluxo de emplacamentos, não frota.","O painel público não informa comprador, profissão, local de recarga ou transação individual. Registros são agregados por mês, modelo e município. Não usar para inferir causalidade ou ocupação de carregadores."
2024,9,SP,Bauru,GWM,GWM HAVAL H6 PHEV 19,PHEV,7,2024-09-01,2026-10-02T12:42:14.337255+00:00,https://abve.org.br/abve-data/bi-geral/,"Consulta ABVE filtrada por município Bauru e UF SP; fluxo de emplacamentos, não frota.","O painel público não informa comprador, profissão, local de recarga ou transação individual. Registros são agregados por mês, modelo e município. Não usar para inferir causalidade ou ocupação de carregadores."
2024,9,SP,Bauru,GWM,GWM HAVAL H6 PREM HEV,HEV,1,2024-09-01,2026-10-02T12:42:14.337255+00:00,https://abve.org.br/abve-data/bi-geral/,"Consulta ABVE filtrada por município Bauru e UF SP; fluxo de emplacamentos, não frota.","O painel público não informa comprador, profissão, local de recarga ou transação individual. Registros são agregados por mês, modelo e município. Não usar para inferir causalidade ou ocupação de carregadores."
2024,9,SP,Bauru,GWM,GWM ORA 03 GT BEV63,BEV,2,2024-09-01,2026-10-02T12:42:14.337255+00:00,https://abve.org.br/abve-data/bi-geral/,"Consulta ABVE filtrada por município Bauru e UF SP; fluxo de emplacamentos, não frota.","O painel público não informa comprador, profissão, local de recarga ou transação individual. Registros são agregados por mês, modelo e município. Não usar para inferir causalidade ou ocupação de carregadores."
2024,9,SP,Bauru,GWM,GWM ORA 03 SKIN BEV48,BEV,1,2024-09-01,2026-10-02T12:42:14.337255+00:00,https://abve.org.br/abve-data/bi-geral/,"Consulta ABVE filtrada por município Bauru e UF SP; fluxo de emplacamentos, não frota.","O painel público não informa comprador, profissão, local de recarga ou transação individual. Registros são agregados por mês, modelo e município. Não usar para inferir causalidade ou ocupação de carregadores."
2024,9,SP,Bauru,HONDA,HONDA CIVIC HYB TRNG,HEV,1,2024-09-01,2026-10-02T12:42:14.337255+00:00,https://abve.org.br/abve-data/bi-geral/,"Consulta ABVE filtrada por município Bauru e UF SP; fluxo de emplacamentos, não frota.","O painel público não informa comprador, profissão, local de recarga ou transação individual. Registros são agregados por mês, modelo e município. Não usar para inferir causalidade ou ocupação de carregadores."
2024,9,SP,Bauru,HONDA,HONDA CR-V FH-TOU,HEV,1,2024-09-01,2026-10-02T12:42:14.337255+00:00,https://abve.org.br/abve-data/bi-geral/,"Consulta ABVE filtrada por município Bauru e UF SP; fluxo de emplacamentos, não frota.","O painel público não informa comprador, profissão, local de recarga ou transação individual. Registros são agregados por mês, modelo e município. Não usar para inferir causalidade ou ocupação de carregadores."
2024,9,SP,Bauru,LAND ROVER,LR DEF110D HSE XD 7L,MHEV,1,2024-09-01,2026-10-02T12:42:14.337255+00:00,https://abve.org.br/abve-data/bi-geral/,"Consulta ABVE filtrada por município Bauru e UF SP; fluxo de emplacamentos, não frota.","O painel público não informa comprador, profissão, local de recarga ou transação individual. Registros são agregados por mês, modelo e município. Não usar para inferir causalidade ou ocupação de carregadores."
2024,9,SP,Bauru,LAND ROVER,LR DEF110D X,MHEV,1,2024-09-01,2026-10-02T12:42:14.337255+00:00,https://abve.org.br/abve-data/bi-geral/,"Consulta ABVE filtrada por município Bauru e UF SP; fluxo de emplacamentos, não frota.","O painel público não informa comprador, profissão, local de recarga ou transação individual. Registros são agregados por mês, modelo e município. Não usar para inferir causalidade ou ocupação de carregadores."
2024,9,SP,Bauru,LAND ROVER,LR RRS D350 HSED,MHEV,1,2024-09-01,2026-10-02T12:42:14.337255+00:00,https://abve.org.br/abve-data/bi-geral/,"Consulta ABVE filtrada por município Bauru e UF SP; fluxo de emplacamentos, não frota.","O painel público não informa comprador, profissão, local de recarga ou transação individual. Registros são agregados por mês, modelo e município. Não usar para inferir causalidade ou ocupação de carregadores."
2024,9,SP,Bauru,M.BENZ,M.BENZ GLE450 D 4M CO,MHEV,1,2024-09-01,2026-10-02T12:42:14.337255+00:00,https://abve.org.br/abve-data/bi-geral/,"Consulta ABVE filtrada por município Bauru e UF SP; fluxo de emplacamentos, não frota.","O painel público não informa comprador, profissão, local de recarga ou transação individual. Registros são agregados por mês, modelo e município. Não usar para inferir causalidade ou ocupação de carregadores."
2024,9,SP,Bauru,RENAULT,RENAULT E-KWID INTENS,BEV,1,2024-09-01,2026-10-02T12:42:14.337255+00:00,https://abve.org.br/abve-data/bi-geral/,"Consulta ABVE filtrada por município Bauru e UF SP; fluxo de emplacamentos, não frota.","O painel público não informa comprador, profissão, local de recarga ou transação individual. Registros são agregados por mês, modelo e município. Não usar para inferir causalidade ou ocupação de carregadores."
2024,9,SP,Bauru,TOYOTA,TOYOTA CCROSS XRX HYBRID,HEV FLEX,1,2024-09-01,2026-10-02T12:42:14.337255+00:00,https://abve.org.br/abve-data/bi-geral/,"Consulta ABVE filtrada por município Bauru e UF SP; fluxo de emplacamentos, não frota.","O painel público não informa comprador, profissão, local de recarga ou transação individual. Registros são agregados por mês, modelo e município. Não usar para inferir causalidade ou ocupação de carregadores."
2024,9,SP,Bauru,TOYOTA,TOYOTA COROLLA APREMIUMH,HEV FLEX,1,2024-09-01,2026-10-02T12:42:14.337255+00:00,https://abve.org.br/abve-data/bi-geral/,"Consulta ABVE filtrada por município Bauru e UF SP; fluxo de emplacamentos, não frota.","O painel público não informa comprador, profissão, local de recarga ou transação individual. Registros são agregados por mês, modelo e município. Não usar para inferir causalidade ou ocupação de carregadores."
2024,9,SP,Bauru,VOLVO,VOLVO XC60 T8 PLUS,PHEV,1,2024-09-01,2026-10-02T12:42:14.337255+00:00,https://abve.org.br/abve-data/bi-geral/,"Consulta ABVE filtrada por município Bauru e UF SP; fluxo de emplacamentos, não frota.","O painel público não informa comprador, profissão, local de recarga ou transação individual. Registros são agregados por mês, modelo e município. Não usar para inferir causalidade ou ocupação de carregadores."
2024,10,SP,Bauru,BMW,BMW X5 XDRIVE50E MSP,PHEV,1,2024-10-01,2026-10-02T12:42:14.337255+00:00,https://abve.org.br/abve-data/bi-geral/,"Consulta ABVE filtrada por município Bauru e UF SP; fluxo de emplacamentos, não frota.","O painel público não informa comprador, profissão, local de recarga ou transação individual. Registros são agregados por mês, modelo e município. Não usar para inferir causalidade ou ocupação de carregadores."
2024,10,SP,Bauru,BYD,BYD DOLPHIN MINI GS EV,BEV,3,2024-10-01,2026-10-02T12:42:14.337255+00:00,https://abve.org.br/abve-data/bi-geral/,"Consulta ABVE filtrada por município Bauru e UF SP; fluxo de emplacamentos, não frota.","O painel público não informa comprador, profissão, local de recarga ou transação individual. Registros são agregados por mês, modelo e município. Não usar para inferir causalidade ou ocupação de carregadores."
2024,10,SP,Bauru,BYD,BYD DOLPHIN MINI GS5EV,BEV,5,2024-10-01,2026-10-02T12:42:14.337255+00:00,https://abve.org.br/abve-data/bi-geral/,"Consulta ABVE filtrada por município Bauru e UF SP; fluxo de emplacamentos, não frota.","O painel público não informa comprador, profissão, local de recarga ou transação individual. Registros são agregados por mês, modelo e município. Não usar para inferir causalidade ou ocupação de carregadores."
2024,10,SP,Bauru,BYD,BYD SEAL AWD GS 590EV,BEV,1,2024-10-01,2026-10-02T12:42:14.337255+00:00,https://abve.org.br/abve-data/bi-geral/,"Consulta ABVE filtrada por município Bauru e UF SP; fluxo de emplacamentos, não frota.","O painel público não informa comprador, profissão, local de recarga ou transação individual. Registros são agregados por mês, modelo e município. Não usar para inferir causalidade ou ocupação de carregadores."
2024,10,SP,Bauru,BYD,BYD SHARK GS DM,PHEV,1,2024-10-01,2026-10-02T12:42:14.337255+00:00,https://abve.org.br/abve-data/bi-geral/,"Consulta ABVE filtrada por município Bauru e UF SP; fluxo de emplacamentos, não frota.","O painel público não informa comprador, profissão, local de recarga ou transação individual. Registros são agregados por mês, modelo e município. Não usar para inferir causalidade ou ocupação de carregadores."
2024,10,SP,Bauru,BYD,BYD SONG PLUS GS DM,PHEV,5,2024-10-01,2026-10-02T12:42:14.337255+00:00,https://abve.org.br/abve-data/bi-geral/,"Consulta ABVE filtrada por município Bauru e UF SP; fluxo de emplacamentos, não frota.","O painel público não informa comprador, profissão, local de recarga ou transação individual. Registros são agregados por mês, modelo e município. Não usar para inferir causalidade ou ocupação de carregadores."
2024,10,SP,Bauru,BYD,BYD SONG PRO GS DM,PHEV,5,2024-10-01,2026-10-02T12:42:14.337255+00:00,https://abve.org.br/abve-data/bi-geral/,"Consulta ABVE filtrada por município Bauru e UF SP; fluxo de emplacamentos, não frota.","O painel público não informa comprador, profissão, local de recarga ou transação individual. Registros são agregados por mês, modelo e município. Não usar para inferir causalidade ou ocupação de carregadores."
2024,10,SP,Bauru,GWM,GWM HAVAL H6 GT,PHEV,3,2024-10-01,2026-10-02T12:42:14.337255+00:00,https://abve.org.br/abve-data/bi-geral/,"Consulta ABVE filtrada por município Bauru e UF SP; fluxo de emplacamentos, não frota.","O painel público não informa comprador, profissão, local de recarga ou transação individual. Registros são agregados por mês, modelo e município. Não usar para inferir causalidade ou ocupação de carregadores."
2024,10,SP,Bauru,GWM,GWM HAVAL H6 PHEV 19,PHEV,9,2024-10-01,2026-10-02T12:42:14.337255+00:00,https://abve.org.br/abve-data/bi-geral/,"Consulta ABVE filtrada por município Bauru e UF SP; fluxo de emplacamentos, não frota.","O painel público não informa comprador, profissão, local de recarga ou transação individual. Registros são agregados por mês, modelo e município. Não usar para inferir causalidade ou ocupação de carregadores."
2024,10,SP,Bauru,GWM,GWM HAVAL H6 PREM HEV,HEV,4,2024-10-01,2026-10-02T12:42:14.337255+00:00,https://abve.org.br/abve-data/bi-geral/,"Consulta ABVE filtrada por município Bauru e UF SP; fluxo de emplacamentos, não frota.","O painel público não informa comprador, profissão, local de recarga ou transação individual. Registros são agregados por mês, modelo e município. Não usar para inferir causalidade ou ocupação de carregadores."
2024,10,SP,Bauru,HONDA,HONDA CIVIC HYB TRNG,HEV,1,2024-10-01,2026-10-02T12:42:14.337255+00:00,https://abve.org.br/abve-data/bi-geral/,"Consulta ABVE filtrada por município Bauru e UF SP; fluxo de emplacamentos, não frota.","O painel público não informa comprador, profissão, local de recarga ou transação individual. Registros são agregados por mês, modelo e município. Não usar para inferir causalidade ou ocupação de carregadores."
2024,10,SP,Bauru,M.BENZ,M.BENZ C200 AMG LINE,MHEV,1,2024-10-01,2026-10-02T12:42:14.337255+00:00,https://abve.org.br/abve-data/bi-geral/,"Consulta ABVE filtrada por município Bauru e UF SP; fluxo de emplacamentos, não frota.","O painel público não informa comprador, profissão, local de recarga ou transação individual. Registros são agregados por mês, modelo e município. Não usar para inferir causalidade ou ocupação de carregadores."
2024,10,SP,Bauru,M.BENZ,M.BENZ GLB220 4M PROG,MHEV,1,2024-10-01,2026-10-02T12:42:14.337255+00:00,https://abve.org.br/abve-data/bi-geral/,"Consulta ABVE filtrada por município Bauru e UF SP; fluxo de emplacamentos, não frota.","O painel público não informa comprador, profissão, local de recarga ou transação individual. Registros são agregados por mês, modelo e município. Não usar para inferir causalidade ou ocupação de carregadores."
2024,10,SP,Bauru,TOYOTA,TOYOTA RAV4H SXAWD CNT,HEV,1,2024-10-01,2026-10-02T12:42:14.337255+00:00,https://abve.org.br/abve-data/bi-geral/,"Consulta ABVE filtrada por município Bauru e UF SP; fluxo de emplacamentos, não frota.","O painel público não informa comprador, profissão, local de recarga ou transação individual. Registros são agregados por mês, modelo e município. Não usar para inferir causalidade ou ocupação de carregadores."
2024,10,SP,Bauru,VOLVO,VOLVO EX30 E60 CORE,BEV,1,2024-10-01,2026-10-02T12:42:14.337255+00:00,https://abve.org.br/abve-data/bi-geral/,"Consulta ABVE filtrada por município Bauru e UF SP; fluxo de emplacamentos, não frota.","O painel público não informa comprador, profissão, local de recarga ou transação individual. Registros são agregados por mês, modelo e município. Não usar para inferir causalidade ou ocupação de carregadores."
2024,10,SP,Bauru,VOLVO,VOLVO EX30 E60 PLUS,BEV,1,2024-10-01,2026-10-02T12:42:14.337255+00:00,https://abve.org.br/abve-data/bi-geral/,"Consulta ABVE filtrada por município Bauru e UF SP; fluxo de emplacamentos, não frota.","O painel público não informa comprador, profissão, local de recarga ou transação individual. Registros são agregados por mês, modelo e município. Não usar para inferir causalidade ou ocupação de carregadores."
2024,10,SP,Bauru,VOLVO,VOLVO XC60 T8 PLUS,PHEV,1,2024-10-01,2026-10-02T12:42:14.337255+00:00,https://abve.org.br/abve-data/bi-geral/,"Consulta ABVE filtrada por município Bauru e UF SP; fluxo de emplacamentos, não frota.","O painel público não informa comprador, profissão, local de recarga ou transação individual. Registros são agregados por mês, modelo e município. Não usar para inferir causalidade ou ocupação de carregadores."
2024,10,SP,Bauru,VOLVO,VOLVO XC60 T8 ULT DARK,PHEV,1,2024-10-01,2026-10-02T12:42:14.337255+00:00,https://abve.org.br/abve-data/bi-geral/,"Consulta ABVE filtrada por município Bauru e UF SP; fluxo de emplacamentos, não frota.","O painel público não informa comprador, profissão, local de recarga ou transação individual. Registros são agregados por mês, modelo e município. Não usar para inferir causalidade ou ocupação de carregadores."
2024,11,SP,Bauru,BYD,BYD DOLPHIN MINI GS EV,BEV,1,2024-11-01,2026-10-02T12:42:14.337255+00:00,https://abve.org.br/abve-data/bi-geral/,"Consulta ABVE filtrada por município Bauru e UF SP; fluxo de emplacamentos, não frota.","O painel público não informa comprador, profissão, local de recarga ou transação individual. Registros são agregados por mês, modelo e município. Não usar para inferir causalidade ou ocupação de carregadores."
2024,11,SP,Bauru,BYD,BYD DOLPHIN MINI GS5EV,BEV,5,2024-11-01,2026-10-02T12:42:14.337255+00:00,https://abve.org.br/abve-data/bi-geral/,"Consulta ABVE filtrada por município Bauru e UF SP; fluxo de emplacamentos, não frota.","O painel público não informa comprador, profissão, local de recarga ou transação individual. Registros são agregados por mês, modelo e município. Não usar para inferir causalidade ou ocupação de carregadores."
2024,11,SP,Bauru,BYD,BYD KING GL DM,PHEV,3,2024-11-01,2026-10-02T12:42:14.337255+00:00,https://abve.org.br/abve-data/bi-geral/,"Consulta ABVE filtrada por município Bauru e UF SP; fluxo de emplacamentos, não frota.","O painel público não informa comprador, profissão, local de recarga ou transação individual. Registros são agregados por mês, modelo e município. Não usar para inferir causalidade ou ocupação de carregadores."
2024,11,SP,Bauru,BYD,BYD SEAL AWD GS 590EV,BEV,1,2024-11-01,2026-10-02T12:42:14.337255+00:00,https://abve.org.br/abve-data/bi-geral/,"Consulta ABVE filtrada por município Bauru e UF SP; fluxo de emplacamentos, não frota.","O painel público não informa comprador, profissão, local de recarga ou transação individual. Registros são agregados por mês, modelo e município. Não usar para inferir causalidade ou ocupação de carregadores."
2024,11,SP,Bauru,BYD,BYD SONG PLUS GS DM,PHEV,7,2024-11-01,2026-10-02T12:42:14.337255+00:00,https://abve.org.br/abve-data/bi-geral/,"Consulta ABVE filtrada por município Bauru e UF SP; fluxo de emplacamentos, não frota.","O painel público não informa comprador, profissão, local de recarga ou transação individual. Registros são agregados por mês, modelo e município. Não usar para inferir causalidade ou ocupação de carregadores."
2024,11,SP,Bauru,BYD,BYD SONG PRO GS DM,PHEV,5,2024-11-01,2026-10-02T12:42:14.337255+00:00,https://abve.org.br/abve-data/bi-geral/,"Consulta ABVE filtrada por município Bauru e UF SP; fluxo de emplacamentos, não frota.","O painel público não informa comprador, profissão, local de recarga ou transação individual. Registros são agregados por mês, modelo e município. Não usar para inferir causalidade ou ocupação de carregadores."
2024,11,SP,Bauru,FIAT,FIAT FASTBACK AUDACE HYB,MHEV,3,2024-11-01,2026-10-02T12:42:14.337255+00:00,https://abve.org.br/abve-data/bi-geral/,"Consulta ABVE filtrada por município Bauru e UF SP; fluxo de emplacamentos, não frota.","O painel público não informa comprador, profissão, local de recarga ou transação individual. Registros são agregados por mês, modelo e município. Não usar para inferir causalidade ou ocupação de carregadores."
2024,11,SP,Bauru,FIAT,FIAT FASTBACK IMPETUS HY,MHEV,1,2024-11-01,2026-10-02T12:42:14.337255+00:00,https://abve.org.br/abve-data/bi-geral/,"Consulta ABVE filtrada por município Bauru e UF SP; fluxo de emplacamentos, não frota.","O painel público não informa comprador, profissão, local de recarga ou transação individual. Registros são agregados por mês, modelo e município. Não usar para inferir causalidade ou ocupação de carregadores."
2024,11,SP,Bauru,FIAT,FIAT PULSE IMPETUS HYB,MHEV,2,2024-11-01,2026-10-02T12:42:14.337255+00:00,https://abve.org.br/abve-data/bi-geral/,"Consulta ABVE filtrada por município Bauru e UF SP; fluxo de emplacamentos, não frota.","O painel público não informa comprador, profissão, local de recarga ou transação individual. Registros são agregados por mês, modelo e município. Não usar para inferir causalidade ou ocupação de carregadores."
2024,11,SP,Bauru,FORD,FORD MAVERICK HYB LRT,HEV,1,2024-11-01,2026-10-02T12:42:14.337255+00:00,https://abve.org.br/abve-data/bi-geral/,"Consulta ABVE filtrada por município Bauru e UF SP; fluxo de emplacamentos, não frota.","O painel público não informa comprador, profissão, local de recarga ou transação individual. Registros são agregados por mês, modelo e município. Não usar para inferir causalidade ou ocupação de carregadores."
2024,11,SP,Bauru,GWM,GWM HAVAL H6 GT,PHEV,3,2024-11-01,2026-10-02T12:42:14.337255+00:00,https://abve.org.br/abve-data/bi-geral/,"Consulta ABVE filtrada por município Bauru e UF SP; fluxo de emplacamentos, não frota.","O painel público não informa comprador, profissão, local de recarga ou transação individual. Registros são agregados por mês, modelo e município. Não usar para inferir causalidade ou ocupação de carregadores."
2024,11,SP,Bauru,GWM,GWM HAVAL H6 PHEV 19,PHEV,2,2024-11-01,2026-10-02T12:42:14.337255+00:00,https://abve.org.br/abve-data/bi-geral/,"Consulta ABVE filtrada por município Bauru e UF SP; fluxo de emplacamentos, não frota.","O painel público não informa comprador, profissão, local de recarga ou transação individual. Registros são agregados por mês, modelo e município. Não usar para inferir causalidade ou ocupação de carregadores."
2024,11,SP,Bauru,GWM,GWM HAVAL H6 PREM HEV,HEV,5,2024-11-01,2026-10-02T12:42:14.337255+00:00,https://abve.org.br/abve-data/bi-geral/,"Consulta ABVE filtrada por município Bauru e UF SP; fluxo de emplacamentos, não frota.","O painel público não informa comprador, profissão, local de recarga ou transação individual. Registros são agregados por mês, modelo e município. Não usar para inferir causalidade ou ocupação de carregadores."
2024,11,SP,Bauru,GWM,GWM ORA 03 SKIN BEV48,BEV,3,2024-11-01,2026-10-02T12:42:14.337255+00:00,https://abve.org.br/abve-data/bi-geral/,"Consulta ABVE filtrada por município Bauru e UF SP; fluxo de emplacamentos, não frota.","O painel público não informa comprador, profissão, local de recarga ou transação individual. Registros são agregados por mês, modelo e município. Não usar para inferir causalidade ou ocupação de carregadores."
2024,11,SP,Bauru,HONDA,HONDA CR-V FH-TOU,HEV,1,2024-11-01,2026-10-02T12:42:14.337255+00:00,https://abve.org.br/abve-data/bi-geral/,"Consulta ABVE filtrada por município Bauru e UF SP; fluxo de emplacamentos, não frota.","O painel público não informa comprador, profissão, local de recarga ou transação individual. Registros são agregados por mês, modelo e município. Não usar para inferir causalidade ou ocupação de carregadores."
2024,11,SP,Bauru,PORSCHE,PORSCHE CAYENNE S PHEV,PHEV,1,2024-11-01,2026-10-02T12:42:14.337255+00:00,https://abve.org.br/abve-data/bi-geral/,"Consulta ABVE filtrada por município Bauru e UF SP; fluxo de emplacamentos, não frota.","O painel público não informa comprador, profissão, local de recarga ou transação individual. Registros são agregados por mês, modelo e município. Não usar para inferir causalidade ou ocupação de carregadores."
2024,11,SP,Bauru,TOYOTA,TOYOTA COROLLA APREMIUMH,HEV FLEX,1,2024-11-01,2026-10-02T12:42:14.337255+00:00,https://abve.org.br/abve-data/bi-geral/,"Consulta ABVE filtrada por município Bauru e UF SP; fluxo de emplacamentos, não frota.","O painel público não informa comprador, profissão, local de recarga ou transação individual. Registros são agregados por mês, modelo e município. Não usar para inferir causalidade ou ocupação de carregadores."
2024,12,SP,Bauru,BMW,BMW 530E M SPORT,PHEV,1,2024-12-01,2026-10-02T12:42:14.337255+00:00,https://abve.org.br/abve-data/bi-geral/,"Consulta ABVE filtrada por município Bauru e UF SP; fluxo de emplacamentos, não frota.","O painel público não informa comprador, profissão, local de recarga ou transação individual. Registros são agregados por mês, modelo e município. Não usar para inferir causalidade ou ocupação de carregadores."
2024,12,SP,Bauru,BMW,BMW X6 XDRIVE40I MSP,PHEV,1,2024-12-01,2026-10-02T12:42:14.337255+00:00,https://abve.org.br/abve-data/bi-geral/,"Consulta ABVE filtrada por município Bauru e UF SP; fluxo de emplacamentos, não frota.","O painel público não informa comprador, profissão, local de recarga ou transação individual. Registros são agregados por mês, modelo e município. Não usar para inferir causalidade ou ocupação de carregadores."
2024,12,SP,Bauru,BYD,BYD DOLPHIN MINI GS5EV,BEV,4,2024-12-01,2026-10-02T12:42:14.337255+00:00,https://abve.org.br/abve-data/bi-geral/,"Consulta ABVE filtrada por município Bauru e UF SP; fluxo de emplacamentos, não frota.","O painel público não informa comprador, profissão, local de recarga ou transação individual. Registros são agregados por mês, modelo e município. Não usar para inferir causalidade ou ocupação de carregadores."
2024,12,SP,Bauru,BYD,BYD KING GL DM,PHEV,5,2024-12-01,2026-10-02T12:42:14.337255+00:00,https://abve.org.br/abve-data/bi-geral/,"Consulta ABVE filtrada por município Bauru e UF SP; fluxo de emplacamentos, não frota.","O painel público não informa comprador, profissão, local de recarga ou transação individual. Registros são agregados por mês, modelo e município. Não usar para inferir causalidade ou ocupação de carregadores."
2024,12,SP,Bauru,BYD,BYD KING GS DM,PHEV,5,2024-12-01,2026-10-02T12:42:14.337255+00:00,https://abve.org.br/abve-data/bi-geral/,"Consulta ABVE filtrada por município Bauru e UF SP; fluxo de emplacamentos, não frota.","O painel público não informa comprador, profissão, local de recarga ou transação individual. Registros são agregados por mês, modelo e município. Não usar para inferir causalidade ou ocupação de carregadores."
2024,12,SP,Bauru,BYD,BYD SEAL AWD GS 590EV,BEV,1,2024-12-01,2026-10-02T12:42:14.337255+00:00,https://abve.org.br/abve-data/bi-geral/,"Consulta ABVE filtrada por município Bauru e UF SP; fluxo de emplacamentos, não frota.","O painel público não informa comprador, profissão, local de recarga ou transação individual. Registros são agregados por mês, modelo e município. Não usar para inferir causalidade ou ocupação de carregadores."
2024,12,SP,Bauru,BYD,BYD SONG PLUS GS DM,PHEV,3,2024-12-01,2026-10-02T12:42:14.337255+00:00,https://abve.org.br/abve-data/bi-geral/,"Consulta ABVE filtrada por município Bauru e UF SP; fluxo de emplacamentos, não frota.","O painel público não informa comprador, profissão, local de recarga ou transação individual. Registros são agregados por mês, modelo e município. Não usar para inferir causalidade ou ocupação de carregadores."
2024,12,SP,Bauru,BYD,BYD SONG PLUS PREM DM,PHEV,1,2024-12-01,2026-10-02T12:42:14.337255+00:00,https://abve.org.br/abve-data/bi-geral/,"Consulta ABVE filtrada por município Bauru e UF SP; fluxo de emplacamentos, não frota.","O painel público não informa comprador, profissão, local de recarga ou transação individual. Registros são agregados por mês, modelo e município. Não usar para inferir causalidade ou ocupação de carregadores."
2024,12,SP,Bauru,BYD,BYD SONG PRO GL DM,PHEV,2,2024-12-01,2026-10-02T12:42:14.337255+00:00,https://abve.org.br/abve-data/bi-geral/,"Consulta ABVE filtrada por município Bauru e UF SP; fluxo de emplacamentos, não frota.","O painel público não informa comprador, profissão, local de recarga ou transação individual. Registros são agregados por mês, modelo e município. Não usar para inferir causalidade ou ocupação de carregadores."
2024,12,SP,Bauru,BYD,BYD SONG PRO GS DM,PHEV,12,2024-12-01,2026-10-02T12:42:14.337255+00:00,https://abve.org.br/abve-data/bi-geral/,"Consulta ABVE filtrada por município Bauru e UF SP; fluxo de emplacamentos, não frota.","O painel público não informa comprador, profissão, local de recarga ou transação individual. Registros são agregados por mês, modelo e município. Não usar para inferir causalidade ou ocupação de carregadores."
2024,12,SP,Bauru,BYD,BYD YUAN PLUS GL 310EV,BEV,1,2024-12-01,2026-10-02T12:42:14.337255+00:00,https://abve.org.br/abve-data/bi-geral/,"Consulta ABVE filtrada por município Bauru e UF SP; fluxo de emplacamentos, não frota.","O painel público não informa comprador, profissão, local de recarga ou transação individual. Registros são agregados por mês, modelo e município. Não usar para inferir causalidade ou ocupação de carregadores."
2024,12,SP,Bauru,FIAT,FIAT FASTBACK IMPETUS HY,MHEV,2,2024-12-01,2026-10-02T12:42:14.337255+00:00,https://abve.org.br/abve-data/bi-geral/,"Consulta ABVE filtrada por município Bauru e UF SP; fluxo de emplacamentos, não frota.","O painel público não informa comprador, profissão, local de recarga ou transação individual. Registros são agregados por mês, modelo e município. Não usar para inferir causalidade ou ocupação de carregadores."
2024,12,SP,Bauru,FIAT,FIAT PULSE AUDACE HYB,MHEV,1,2024-12-01,2026-10-02T12:42:14.337255+00:00,https://abve.org.br/abve-data/bi-geral/,"Consulta ABVE filtrada por município Bauru e UF SP; fluxo de emplacamentos, não frota.","O painel público não informa comprador, profissão, local de recarga ou transação individual. Registros são agregados por mês, modelo e município. Não usar para inferir causalidade ou ocupação de carregadores."
2024,12,SP,Bauru,FORD,FORD MAVERICK HYB LRT,HEV,1,2024-12-01,2026-10-02T12:42:14.337255+00:00,https://abve.org.br/abve-data/bi-geral/,"Consulta ABVE filtrada por município Bauru e UF SP; fluxo de emplacamentos, não frota.","O painel público não informa comprador, profissão, local de recarga ou transação individual. Registros são agregados por mês, modelo e município. Não usar para inferir causalidade ou ocupação de carregadores."
2024,12,SP,Bauru,GWM,GWM HAVAL H6 GT,PHEV,1,2024-12-01,2026-10-02T12:42:14.337255+00:00,https://abve.org.br/abve-data/bi-geral/,"Consulta ABVE filtrada por município Bauru e UF SP; fluxo de emplacamentos, não frota.","O painel público não informa comprador, profissão, local de recarga ou transação individual. Registros são agregados por mês, modelo e município. Não usar para inferir causalidade ou ocupação de carregadores."
2024,12,SP,Bauru,GWM,GWM HAVAL H6 PHEV 19,PHEV,5,2024-12-01,2026-10-02T12:42:14.337255+00:00,https://abve.org.br/abve-data/bi-geral/,"Consulta ABVE filtrada por município Bauru e UF SP; fluxo de emplacamentos, não frota.","O painel público não informa comprador, profissão, local de recarga ou transação individual. Registros são agregados por mês, modelo e município. Não usar para inferir causalidade ou ocupação de carregadores."
2024,12,SP,Bauru,GWM,GWM HAVAL H6 PREM HEV,HEV,3,2024-12-01,2026-10-02T12:42:14.337255+00:00,https://abve.org.br/abve-data/bi-geral/,"Consulta ABVE filtrada por município Bauru e UF SP; fluxo de emplacamentos, não frota.","O painel público não informa comprador, profissão, local de recarga ou transação individual. Registros são agregados por mês, modelo e município. Não usar para inferir causalidade ou ocupação de carregadores."
2024,12,SP,Bauru,HONDA,HONDA CIVIC HYB TRNG,HEV,3,2024-12-01,2026-10-02T12:42:14.337255+00:00,https://abve.org.br/abve-data/bi-geral/,"Consulta ABVE filtrada por município Bauru e UF SP; fluxo de emplacamentos, não frota.","O painel público não informa comprador, profissão, local de recarga ou transação individual. Registros são agregados por mês, modelo e município. Não usar para inferir causalidade ou ocupação de carregadores."
2024,12,SP,Bauru,M.BENZ,M.BENZ GLA200 AMG LINE,MHEV,1,2024-12-01,2026-10-02T12:42:14.337255+00:00,https://abve.org.br/abve-data/bi-geral/,"Consulta ABVE filtrada por município Bauru e UF SP; fluxo de emplacamentos, não frota.","O painel público não informa comprador, profissão, local de recarga ou transação individual. Registros são agregados por mês, modelo e município. Não usar para inferir causalidade ou ocupação de carregadores."
2024,12,SP,Bauru,M.BENZ,M.BENZ GLE450 D 4M CO,MHEV,1,2024-12-01,2026-10-02T12:42:14.337255+00:00,https://abve.org.br/abve-data/bi-geral/,"Consulta ABVE filtrada por município Bauru e UF SP; fluxo de emplacamentos, não frota.","O painel público não informa comprador, profissão, local de recarga ou transação individual. Registros são agregados por mês, modelo e município. Não usar para inferir causalidade ou ocupação de carregadores."
2024,12,SP,Bauru,PORSCHE,PORSCHE CAYENNE CP PHE,PHEV,1,2024-12-01,2026-10-02T12:42:14.337255+00:00,https://abve.org.br/abve-data/bi-geral/,"Consulta ABVE filtrada por município Bauru e UF SP; fluxo de emplacamentos, não frota.","O painel público não informa comprador, profissão, local de recarga ou transação individual. Registros são agregados por mês, modelo e município. Não usar para inferir causalidade ou ocupação de carregadores."
2024,12,SP,Bauru,PORSCHE,PORSCHE PANAMERA 4SEHY,PHEV,1,2024-12-01,2026-10-02T12:42:14.337255+00:00,https://abve.org.br/abve-data/bi-geral/,"Consulta ABVE filtrada por município Bauru e UF SP; fluxo de emplacamentos, não frota.","O painel público não informa comprador, profissão, local de recarga ou transação individual. Registros são agregados por mês, modelo e município. Não usar para inferir causalidade ou ocupação de carregadores."
2024,12,SP,Bauru,RENAULT,RENAULT E-KWID INTENS,BEV,21,2024-12-01,2026-10-02T12:42:14.337255+00:00,https://abve.org.br/abve-data/bi-geral/,"Consulta ABVE filtrada por município Bauru e UF SP; fluxo de emplacamentos, não frota.","O painel público não informa comprador, profissão, local de recarga ou transação individual. Registros são agregados por mês, modelo e município. Não usar para inferir causalidade ou ocupação de carregadores."
2024,12,SP,Bauru,TOYOTA,TOYOTA CCROSS XRX HYBRID,HEV FLEX,1,2024-12-01,2026-10-02T12:42:14.337255+00:00,https://abve.org.br/abve-data/bi-geral/,"Consulta ABVE filtrada por município Bauru e UF SP; fluxo de emplacamentos, não frota.","O painel público não informa comprador, profissão, local de recarga ou transação individual. Registros são agregados por mês, modelo e município. Não usar para inferir causalidade ou ocupação de carregadores."
2024,12,SP,Bauru,TOYOTA,TOYOTA COROLLA APREMIUMH,HEV FLEX,2,2024-12-01,2026-10-02T12:42:14.337255+00:00,https://abve.org.br/abve-data/bi-geral/,"Consulta ABVE filtrada por município Bauru e UF SP; fluxo de emplacamentos, não frota.","O painel público não informa comprador, profissão, local de recarga ou transação individual. Registros são agregados por mês, modelo e município. Não usar para inferir causalidade ou ocupação de carregadores."
2024,12,SP,Bauru,TOYOTA,TOYOTA RAV4 XSE PHEV,PHEV,1,2024-12-01,2026-10-02T12:42:14.337255+00:00,https://abve.org.br/abve-data/bi-geral/,"Consulta ABVE filtrada por município Bauru e UF SP; fluxo de emplacamentos, não frota.","O painel público não informa comprador, profissão, local de recarga ou transação individual. Registros são agregados por mês, modelo e município. Não usar para inferir causalidade ou ocupação de carregadores."
2025,1,SP,Bauru,BMW,BMW X5 XDRIVE50E MSP,PHEV,1,2025-01-01,2026-10-02T12:42:14.337255+00:00,https://abve.org.br/abve-data/bi-geral/,"Consulta ABVE filtrada por município Bauru e UF SP; fluxo de emplacamentos, não frota.","O painel público não informa comprador, profissão, local de recarga ou transação individual. Registros são agregados por mês, modelo e município. Não usar para inferir causalidade ou ocupação de carregadores."
2025,1,SP,Bauru,BYD,BYD DOLPHIN MINI GS EV,BEV,3,2025-01-01,2026-10-02T12:42:14.337255+00:00,https://abve.org.br/abve-data/bi-geral/,"Consulta ABVE filtrada por município Bauru e UF SP; fluxo de emplacamentos, não frota.","O painel público não informa comprador, profissão, local de recarga ou transação individual. Registros são agregados por mês, modelo e município. Não usar para inferir causalidade ou ocupação de carregadores."
2025,1,SP,Bauru,BYD,BYD DOLPHIN MINI GS5EV,BEV,5,2025-01-01,2026-10-02T12:42:14.337255+00:00,https://abve.org.br/abve-data/bi-geral/,"Consulta ABVE filtrada por município Bauru e UF SP; fluxo de emplacamentos, não frota.","O painel público não informa comprador, profissão, local de recarga ou transação individual. Registros são agregados por mês, modelo e município. Não usar para inferir causalidade ou ocupação de carregadores."
2025,1,SP,Bauru,BYD,BYD DOLPHIN PLUS 310EV,BEV,1,2025-01-01,2026-10-02T12:42:14.337255+00:00,https://abve.org.br/abve-data/bi-geral/,"Consulta ABVE filtrada por município Bauru e UF SP; fluxo de emplacamentos, não frota.","O painel público não informa comprador, profissão, local de recarga ou transação individual. Registros são agregados por mês, modelo e município. Não usar para inferir causalidade ou ocupação de carregadores."
2025,1,SP,Bauru,BYD,BYD KING GS DM,PHEV,4,2025-01-01,2026-10-02T12:42:14.337255+00:00,https://abve.org.br/abve-data/bi-geral/,"Consulta ABVE filtrada por município Bauru e UF SP; fluxo de emplacamentos, não frota.","O painel público não informa comprador, profissão, local de recarga ou transação individual. Registros são agregados por mês, modelo e município. Não usar para inferir causalidade ou ocupação de carregadores."
2025,1,SP,Bauru,BYD,BYD SONG PLUS GS DM,PHEV,2,2025-01-01,2026-10-02T12:42:14.337255+00:00,https://abve.org.br/abve-data/bi-geral/,"Consulta ABVE filtrada por município Bauru e UF SP; fluxo de emplacamentos, não frota.","O painel público não informa comprador, profissão, local de recarga ou transação individual. Registros são agregados por mês, modelo e município. Não usar para inferir causalidade ou ocupação de carregadores."
2025,1,SP,Bauru,BYD,BYD SONG PLUS PREM DM,PHEV,1,2025-01-01,2026-10-02T12:42:14.337255+00:00,https://abve.org.br/abve-data/bi-geral/,"Consulta ABVE filtrada por município Bauru e UF SP; fluxo de emplacamentos, não frota.","O painel público não informa comprador, profissão, local de recarga ou transação individual. Registros são agregados por mês, modelo e município. Não usar para inferir causalidade ou ocupação de carregadores."
2025,1,SP,Bauru,BYD,BYD SONG PRO GL DM,PHEV,1,2025-01-01,2026-10-02T12:42:14.337255+00:00,https://abve.org.br/abve-data/bi-geral/,"Consulta ABVE filtrada por município Bauru e UF SP; fluxo de emplacamentos, não frota.","O painel público não informa comprador, profissão, local de recarga ou transação individual. Registros são agregados por mês, modelo e município. Não usar para inferir causalidade ou ocupação de carregadores."
2025,1,SP,Bauru,BYD,BYD SONG PRO GS DM,PHEV,2,2025-01-01,2026-10-02T12:42:14.337255+00:00,https://abve.org.br/abve-data/bi-geral/,"Consulta ABVE filtrada por município Bauru e UF SP; fluxo de emplacamentos, não frota.","O painel público não informa comprador, profissão, local de recarga ou transação individual. Registros são agregados por mês, modelo e município. Não usar para inferir causalidade ou ocupação de carregadores."
2025,1,SP,Bauru,BYD,BYD YUAN PRO GS 290EV,BEV,1,2025-01-01,2026-10-02T12:42:14.337255+00:00,https://abve.org.br/abve-data/bi-geral/,"Consulta ABVE filtrada por município Bauru e UF SP; fluxo de emplacamentos, não frota.","O painel público não informa comprador, profissão, local de recarga ou transação individual. Registros são agregados por mês, modelo e município. Não usar para inferir causalidade ou ocupação de carregadores."
2025,1,SP,Bauru,CAOA CHERY,CAOACHERY TIGGO5X PRO HA,MHEV 48V,1,2025-01-01,2026-10-02T12:42:14.337255+00:00,https://abve.org.br/abve-data/bi-geral/,"Consulta ABVE filtrada por município Bauru e UF SP; fluxo de emplacamentos, não frota.","O painel público não informa comprador, profissão, local de recarga ou transação individual. Registros são agregados por mês, modelo e município. Não usar para inferir causalidade ou ocupação de carregadores."
2025,1,SP,Bauru,FIAT,FIAT FASTBACK AUDACE HYB,MHEV 12V,1,2025-01-01,2026-10-02T12:42:14.337255+00:00,https://abve.org.br/abve-data/bi-geral/,"Consulta ABVE filtrada por município Bauru e UF SP; fluxo de emplacamentos, não frota.","O painel público não informa comprador, profissão, local de recarga ou transação individual. Registros são agregados por mês, modelo e município. Não usar para inferir causalidade ou ocupação de carregadores."
2025,1,SP,Bauru,GWM,GWM HAVAL H6 GT,PHEV,2,2025-01-01,2026-10-02T12:42:14.337255+00:00,https://abve.org.br/abve-data/bi-geral/,"Consulta ABVE filtrada por município Bauru e UF SP; fluxo de emplacamentos, não frota.","O painel público não informa comprador, profissão, local de recarga ou transação individual. Registros são agregados por mês, modelo e município. Não usar para inferir causalidade ou ocupação de carregadores."
2025,1,SP,Bauru,GWM,GWM HAVAL H6 PHEV 19,PHEV,2,2025-01-01,2026-10-02T12:42:14.337255+00:00,https://abve.org.br/abve-data/bi-geral/,"Consulta ABVE filtrada por município Bauru e UF SP; fluxo de emplacamentos, não frota.","O painel público não informa comprador, profissão, local de recarga ou transação individual. Registros são agregados por mês, modelo e município. Não usar para inferir causalidade ou ocupação de carregadores."
2025,1,SP,Bauru,GWM,GWM HAVAL H6 PREM HEV,HEV,2,2025-01-01,2026-10-02T12:42:14.337255+00:00,https://abve.org.br/abve-data/bi-geral/,"Consulta ABVE filtrada por município Bauru e UF SP; fluxo de emplacamentos, não frota.","O painel público não informa comprador, profissão, local de recarga ou transação individual. Registros são agregados por mês, modelo e município. Não usar para inferir causalidade ou ocupação de carregadores."
2025,1,SP,Bauru,GWM,GWM HAVAL H6 PREM PHEV,PHEV,1,2025-01-01,2026-10-02T12:42:14.337255+00:00,https://abve.org.br/abve-data/bi-geral/,"Consulta ABVE filtrada por município Bauru e UF SP; fluxo de emplacamentos, não frota.","O painel público não informa comprador, profissão, local de recarga ou transação individual. Registros são agregados por mês, modelo e município. Não usar para inferir causalidade ou ocupação de carregadores."
2025,1,SP,Bauru,GWM,GWM ORA 03 GT BEV63,BEV,1,2025-01-01,2026-10-02T12:42:14.337255+00:00,https://abve.org.br/abve-data/bi-geral/,"Consulta ABVE filtrada por município Bauru e UF SP; fluxo de emplacamentos, não frota.","O painel público não informa comprador, profissão, local de recarga ou transação individual. Registros são agregados por mês, modelo e município. Não usar para inferir causalidade ou ocupação de carregadores."
2025,1,SP,Bauru,HONDA,HONDA ACCORD HYB TRNG,HEV,1,2025-01-01,2026-10-02T12:42:14.337255+00:00,https://abve.org.br/abve-data/bi-geral/,"Consulta ABVE filtrada por município Bauru e UF SP; fluxo de emplacamentos, não frota.","O painel público não informa comprador, profissão, local de recarga ou transação individual. Registros são agregados por mês, modelo e município. Não usar para inferir causalidade ou ocupação de carregadores."
2025,1,SP,Bauru,HYUNDAI,HYUNDAI KONA LTD HEV,HEV,1,2025-01-01,2026-10-02T12:42:14.337255+00:00,https://abve.org.br/abve-data/bi-geral/,"Consulta ABVE filtrada por município Bauru e UF SP; fluxo de emplacamentos, não frota.","O painel público não informa comprador, profissão, local de recarga ou transação individual. Registros são agregados por mês, modelo e município. Não usar para inferir causalidade ou ocupação de carregadores."
2025,1,SP,Bauru,M.BENZ,M.BENZ AMG GLA35 4M,MHEV 48V,1,2025-01-01,2026-10-02T12:42:14.337255+00:00,https://abve.org.br/abve-data/bi-geral/,"Consulta ABVE filtrada por município Bauru e UF SP; fluxo de emplacamentos, não frota.","O painel público não informa comprador, profissão, local de recarga ou transação individual. Registros são agregados por mês, modelo e município. Não usar para inferir causalidade ou ocupação de carregadores."
2025,1,SP,Bauru,PORSCHE,PORSCHE CAYENNE CP PHE,PHEV,2,2025-01-01,2026-10-02T12:42:14.337255+00:00,https://abve.org.br/abve-data/bi-geral/,"Consulta ABVE filtrada por município Bauru e UF SP; fluxo de emplacamentos, não frota.","O painel público não informa comprador, profissão, local de recarga ou transação individual. Registros são agregados por mês, modelo e município. Não usar para inferir causalidade ou ocupação de carregadores."
2025,1,SP,Bauru,VOLVO,VOLVO EX30 E60 CORE,BEV,1,2025-01-01,2026-10-02T12:42:14.337255+00:00,https://abve.org.br/abve-data/bi-geral/,"Consulta ABVE filtrada por município Bauru e UF SP; fluxo de emplacamentos, não frota.","O painel público não informa comprador, profissão, local de recarga ou transação individual. Registros são agregados por mês, modelo e município. Não usar para inferir causalidade ou ocupação de carregadores."
2025,1,SP,Bauru,VOLVO,VOLVO XC60 T8 ULTIMATE,PHEV,1,2025-01-01,2026-10-02T12:42:14.337255+00:00,https://abve.org.br/abve-data/bi-geral/,"Consulta ABVE filtrada por município Bauru e UF SP; fluxo de emplacamentos, não frota.","O painel público não informa comprador, profissão, local de recarga ou transação individual. Registros são agregados por mês, modelo e município. Não usar para inferir causalidade ou ocupação de carregadores."
2025,2,SP,Bauru,AUDI,AUDI Q5 SB P-HIBRIDO,PHEV,1,2025-02-01,2026-10-02T12:42:14.337255+00:00,https://abve.org.br/abve-data/bi-geral/,"Consulta ABVE filtrada por município Bauru e UF SP; fluxo de emplacamentos, não frota.","O painel público não informa comprador, profissão, local de recarga ou transação individual. Registros são agregados por mês, modelo e município. Não usar para inferir causalidade ou ocupação de carregadores."
2025,2,SP,Bauru,BYD,BYD DOLPHIN MINI GS5EV,BEV,14,2025-02-01,2026-10-02T12:42:14.337255+00:00,https://abve.org.br/abve-data/bi-geral/,"Consulta ABVE filtrada por município Bauru e UF SP; fluxo de emplacamentos, não frota.","O painel público não informa comprador, profissão, local de recarga ou transação individual. Registros são agregados por mês, modelo e município. Não usar para inferir causalidade ou ocupação de carregadores."
2025,2,SP,Bauru,BYD,BYD DOLPHIN PLUS 310EV,BEV,1,2025-02-01,2026-10-02T12:42:14.337255+00:00,https://abve.org.br/abve-data/bi-geral/,"Consulta ABVE filtrada por município Bauru e UF SP; fluxo de emplacamentos, não frota.","O painel público não informa comprador, profissão, local de recarga ou transação individual. Registros são agregados por mês, modelo e município. Não usar para inferir causalidade ou ocupação de carregadores."
2025,2,SP,Bauru,BYD,BYD KING GS DM,PHEV,3,2025-02-01,2026-10-02T12:42:14.337255+00:00,https://abve.org.br/abve-data/bi-geral/,"Consulta ABVE filtrada por município Bauru e UF SP; fluxo de emplacamentos, não frota.","O painel público não informa comprador, profissão, local de recarga ou transação individual. Registros são agregados por mês, modelo e município. Não usar para inferir causalidade ou ocupação de carregadores."
2025,2,SP,Bauru,BYD,BYD SONG PLUS GS DM,PHEV,2,2025-02-01,2026-10-02T12:42:14.337255+00:00,https://abve.org.br/abve-data/bi-geral/,"Consulta ABVE filtrada por município Bauru e UF SP; fluxo de emplacamentos, não frota.","O painel público não informa comprador, profissão, local de recarga ou transação individual. Registros são agregados por mês, modelo e município. Não usar para inferir causalidade ou ocupação de carregadores."
2025,2,SP,Bauru,BYD,BYD SONG PRO GS DM,PHEV,11,2025-02-01,2026-10-02T12:42:14.337255+00:00,https://abve.org.br/abve-data/bi-geral/,"Consulta ABVE filtrada por município Bauru e UF SP; fluxo de emplacamentos, não frota.","O painel público não informa comprador, profissão, local de recarga ou transação individual. Registros são agregados por mês, modelo e município. Não usar para inferir causalidade ou ocupação de carregadores."
2025,2,SP,Bauru,CAOA CHERY,CAOACHERY ARRIZO6 PRHA,MHEV 48V,1,2025-02-01,2026-10-02T12:42:14.337255+00:00,https://abve.org.br/abve-data/bi-geral/,"Consulta ABVE filtrada por município Bauru e UF SP; fluxo de emplacamentos, não frota.","O painel público não informa comprador, profissão, local de recarga ou transação individual. Registros são agregados por mês, modelo e município. Não usar para inferir causalidade ou ocupação de carregadores."
2025,2,SP,Bauru,FIAT,FIAT FASTBACK AUDACE HYB,MHEV 12V,1,2025-02-01,2026-10-02T12:42:14.337255+00:00,https://abve.org.br/abve-data/bi-geral/,"Consulta ABVE filtrada por município Bauru e UF SP; fluxo de emplacamentos, não frota.","O painel público não informa comprador, profissão, local de recarga ou transação individual. Registros são agregados por mês, modelo e município. Não usar para inferir causalidade ou ocupação de carregadores."
2025,2,SP,Bauru,FIAT,FIAT FASTBACK IMPETUS HY,MHEV 12V,1,2025-02-01,2026-10-02T12:42:14.337255+00:00,https://abve.org.br/abve-data/bi-geral/,"Consulta ABVE filtrada por município Bauru e UF SP; fluxo de emplacamentos, não frota.","O painel público não informa comprador, profissão, local de recarga ou transação individual. Registros são agregados por mês, modelo e município. Não usar para inferir causalidade ou ocupação de carregadores."
2025,2,SP,Bauru,GWM,GWM HAVAL H6 PHEV 19,PHEV,2,2025-02-01,2026-10-02T12:42:14.337255+00:00,https://abve.org.br/abve-data/bi-geral/,"Consulta ABVE filtrada por município Bauru e UF SP; fluxo de emplacamentos, não frota.","O painel público não informa comprador, profissão, local de recarga ou transação individual. Registros são agregados por mês, modelo e município. Não usar para inferir causalidade ou ocupação de carregadores."
2025,2,SP,Bauru,GWM,GWM HAVAL H6 PREM HEV,HEV,1,2025-02-01,2026-10-02T12:42:14.337255+00:00,https://abve.org.br/abve-data/bi-geral/,"Consulta ABVE filtrada por município Bauru e UF SP; fluxo de emplacamentos, não frota.","O painel público não informa comprador, profissão, local de recarga ou transação individual. Registros são agregados por mês, modelo e município. Não usar para inferir causalidade ou ocupação de carregadores."
2025,2,SP,Bauru,GWM,GWM HAVAL H6 PREM PHEV,PHEV,3,2025-02-01,2026-10-02T12:42:14.337255+00:00,https://abve.org.br/abve-data/bi-geral/,"Consulta ABVE filtrada por município Bauru e UF SP; fluxo de emplacamentos, não frota.","O painel público não informa comprador, profissão, local de recarga ou transação individual. Registros são agregados por mês, modelo e município. Não usar para inferir causalidade ou ocupação de carregadores."
2025,2,SP,Bauru,GWM,GWM ORA 03 GT BEV63,BEV,1,2025-02-01,2026-10-02T12:42:14.337255+00:00,https://abve.org.br/abve-data/bi-geral/,"Consulta ABVE filtrada por município Bauru e UF SP; fluxo de emplacamentos, não frota.","O painel público não informa comprador, profissão, local de recarga ou transação individual. Registros são agregados por mês, modelo e município. Não usar para inferir causalidade ou ocupação de carregadores."
2025,2,SP,Bauru,HONDA,HONDA CIVIC HYB TRNG,HEV,1,2025-02-01,2026-10-02T12:42:14.337255+00:00,https://abve.org.br/abve-data/bi-geral/,"Consulta ABVE filtrada por município Bauru e UF SP; fluxo de emplacamentos, não frota.","O painel público não informa comprador, profissão, local de recarga ou transação individual. Registros são agregados por mês, modelo e município. Não usar para inferir causalidade ou ocupação de carregadores."
2025,2,SP,Bauru,M.BENZ,M.BENZ C300 AMG LINE,MHEV 48V,1,2025-02-01,2026-10-02T12:42:14.337255+00:00,https://abve.org.br/abve-data/bi-geral/,"Consulta ABVE filtrada por município Bauru e UF SP; fluxo de emplacamentos, não frota.","O painel público não informa comprador, profissão, local de recarga ou transação individual. Registros são agregados por mês, modelo e município. Não usar para inferir causalidade ou ocupação de carregadores."
2025,2,SP,Bauru,TOYOTA,TOYOTA CCROSS XRX HYBRID,HEV FLEX,5,2025-02-01,2026-10-02T12:42:14.337255+00:00,https://abve.org.br/abve-data/bi-geral/,"Consulta ABVE filtrada por município Bauru e UF SP; fluxo de emplacamentos, não frota.","O painel público não informa comprador, profissão, local de recarga ou transação individual. Registros são agregados por mês, modelo e município. Não usar para inferir causalidade ou ocupação de carregadores."
2025,2,SP,Bauru,TOYOTA,TOYOTA COROLLA APREMIUMH,HEV FLEX,2,2025-02-01,2026-10-02T12:42:14.337255+00:00,https://abve.org.br/abve-data/bi-geral/,"Consulta ABVE filtrada por município Bauru e UF SP; fluxo de emplacamentos, não frota.","O painel público não informa comprador, profissão, local de recarga ou transação individual. Registros são agregados por mês, modelo e município. Não usar para inferir causalidade ou ocupação de carregadores."
2025,2,SP,Bauru,TOYOTA,TOYOTA RAV4 XSE PHEV,PHEV,1,2025-02-01,2026-10-02T12:42:14.337255+00:00,https://abve.org.br/abve-data/bi-geral/,"Consulta ABVE filtrada por município Bauru e UF SP; fluxo de emplacamentos, não frota.","O painel público não informa comprador, profissão, local de recarga ou transação individual. Registros são agregados por mês, modelo e município. Não usar para inferir causalidade ou ocupação de carregadores."
2025,2,SP,Bauru,VOLVO,VOLVO XC60 T8 ULTIMATE,PHEV,1,2025-02-01,2026-10-02T12:42:14.337255+00:00,https://abve.org.br/abve-data/bi-geral/,"Consulta ABVE filtrada por município Bauru e UF SP; fluxo de emplacamentos, não frota.","O painel público não informa comprador, profissão, local de recarga ou transação individual. Registros são agregados por mês, modelo e município. Não usar para inferir causalidade ou ocupação de carregadores."
2025,3,SP,Bauru,BYD,BYD DOLPHIN MINI GS5EV,BEV,14,2025-03-01,2026-10-02T12:42:14.337255+00:00,https://abve.org.br/abve-data/bi-geral/,"Consulta ABVE filtrada por município Bauru e UF SP; fluxo de emplacamentos, não frota.","O painel público não informa comprador, profissão, local de recarga ou transação individual. Registros são agregados por mês, modelo e município. Não usar para inferir causalidade ou ocupação de carregadores."
2025,3,SP,Bauru,BYD,BYD KING GS DM,PHEV,2,2025-03-01,2026-10-02T12:42:14.337255+00:00,https://abve.org.br/abve-data/bi-geral/,"Consulta ABVE filtrada por município Bauru e UF SP; fluxo de emplacamentos, não frota.","O painel público não informa comprador, profissão, local de recarga ou transação individual. Registros são agregados por mês, modelo e município. Não usar para inferir causalidade ou ocupação de carregadores."
2025,3,SP,Bauru,BYD,BYD SEAL AWD GS 590EV,BEV,1,2025-03-01,2026-10-02T12:42:14.337255+00:00,https://abve.org.br/abve-data/bi-geral/,"Consulta ABVE filtrada por município Bauru e UF SP; fluxo de emplacamentos, não frota.","O painel público não informa comprador, profissão, local de recarga ou transação individual. Registros são agregados por mês, modelo e município. Não usar para inferir causalidade ou ocupação de carregadores."
2025,3,SP,Bauru,BYD,BYD SONG PLUS GS DM,PHEV,6,2025-03-01,2026-10-02T12:42:14.337255+00:00,https://abve.org.br/abve-data/bi-geral/,"Consulta ABVE filtrada por município Bauru e UF SP; fluxo de emplacamentos, não frota.","O painel público não informa comprador, profissão, local de recarga ou transação individual. Registros são agregados por mês, modelo e município. Não usar para inferir causalidade ou ocupação de carregadores."
2025,3,SP,Bauru,BYD,BYD SONG PRO GS DM,PHEV,6,2025-03-01,2026-10-02T12:42:14.337255+00:00,https://abve.org.br/abve-data/bi-geral/,"Consulta ABVE filtrada por município Bauru e UF SP; fluxo de emplacamentos, não frota.","O painel público não informa comprador, profissão, local de recarga ou transação individual. Registros são agregados por mês, modelo e município. Não usar para inferir causalidade ou ocupação de carregadores."
2025,3,SP,Bauru,CAOA CHERY,CAOACHERY ARRIZO6 PRHA,MHEV 48V,1,2025-03-01,2026-10-02T12:42:14.337255+00:00,https://abve.org.br/abve-data/bi-geral/,"Consulta ABVE filtrada por município Bauru e UF SP; fluxo de emplacamentos, não frota.","O painel público não informa comprador, profissão, local de recarga ou transação individual. Registros são agregados por mês, modelo e município. Não usar para inferir causalidade ou ocupação de carregadores."
2025,3,SP,Bauru,FIAT,FIAT FASTBACK AUDACE HYB,MHEV 12V,3,2025-03-01,2026-10-02T12:42:14.337255+00:00,https://abve.org.br/abve-data/bi-geral/,"Consulta ABVE filtrada por município Bauru e UF SP; fluxo de emplacamentos, não frota.","O painel público não informa comprador, profissão, local de recarga ou transação individual. Registros são agregados por mês, modelo e município. Não usar para inferir causalidade ou ocupação de carregadores."
2025,3,SP,Bauru,FIAT,FIAT FASTBACK IMPETUS HY,MHEV 12V,1,2025-03-01,2026-10-02T12:42:14.337255+00:00,https://abve.org.br/abve-data/bi-geral/,"Consulta ABVE filtrada por município Bauru e UF SP; fluxo de emplacamentos, não frota.","O painel público não informa comprador, profissão, local de recarga ou transação individual. Registros são agregados por mês, modelo e município. Não usar para inferir causalidade ou ocupação de carregadores."
2025,3,SP,Bauru,GWM,GWM HAVAL H6 GT,PHEV,3,2025-03-01,2026-10-02T12:42:14.337255+00:00,https://abve.org.br/abve-data/bi-geral/,"Consulta ABVE filtrada por município Bauru e UF SP; fluxo de emplacamentos, não frota.","O painel público não informa comprador, profissão, local de recarga ou transação individual. Registros são agregados por mês, modelo e município. Não usar para inferir causalidade ou ocupação de carregadores."
2025,3,SP,Bauru,GWM,GWM HAVAL H6 PHEV 19,PHEV,2,2025-03-01,2026-10-02T12:42:14.337255+00:00,https://abve.org.br/abve-data/bi-geral/,"Consulta ABVE filtrada por município Bauru e UF SP; fluxo de emplacamentos, não frota.","O painel público não informa comprador, profissão, local de recarga ou transação individual. Registros são agregados por mês, modelo e município. Não usar para inferir causalidade ou ocupação de carregadores."
2025,3,SP,Bauru,GWM,GWM HAVAL H6 PREM PHEV,PHEV,3,2025-03-01,2026-10-02T12:42:14.337255+00:00,https://abve.org.br/abve-data/bi-geral/,"Consulta ABVE filtrada por município Bauru e UF SP; fluxo de emplacamentos, não frota.","O painel público não informa comprador, profissão, local de recarga ou transação individual. Registros são agregados por mês, modelo e município. Não usar para inferir causalidade ou ocupação de carregadores."
2025,3,SP,Bauru,GWM,GWM ORA 03 GT BEV63,BEV,2,2025-03-01,2026-10-02T12:42:14.337255+00:00,https://abve.org.br/abve-data/bi-geral/,"Consulta ABVE filtrada por município Bauru e UF SP; fluxo de emplacamentos, não frota.","O painel público não informa comprador, profissão, local de recarga ou transação individual. Registros são agregados por mês, modelo e município. Não usar para inferir causalidade ou ocupação de carregadores."
2025,3,SP,Bauru,GWM,GWM ORA 03 SKIN BEV48,BEV,4,2025-03-01,2026-10-02T12:42:14.337255+00:00,https://abve.org.br/abve-data/bi-geral/,"Consulta ABVE filtrada por município Bauru e UF SP; fluxo de emplacamentos, não frota.","O painel público não informa comprador, profissão, local de recarga ou transação individual. Registros são agregados por mês, modelo e município. Não usar para inferir causalidade ou ocupação de carregadores."
2025,3,SP,Bauru,HONDA,HONDA ACCORD HYB TRNG,HEV,1,2025-03-01,2026-10-02T12:42:14.337255+00:00,https://abve.org.br/abve-data/bi-geral/,"Consulta ABVE filtrada por município Bauru e UF SP; fluxo de emplacamentos, não frota.","O painel público não informa comprador, profissão, local de recarga ou transação individual. Registros são agregados por mês, modelo e município. Não usar para inferir causalidade ou ocupação de carregadores."
2025,3,SP,Bauru,KIA,KIA SPORTAGE TMHEV EXP,MHEV 48V,1,2025-03-01,2026-10-02T12:42:14.337255+00:00,https://abve.org.br/abve-data/bi-geral/,"Consulta ABVE filtrada por município Bauru e UF SP; fluxo de emplacamentos, não frota.","O painel público não informa comprador, profissão, local de recarga ou transação individual. Registros são agregados por mês, modelo e município. Não usar para inferir causalidade ou ocupação de carregadores."
2025,3,SP,Bauru,M.BENZ,M.BENZ C300 AMG LINE,MHEV 48V,1,2025-03-01,2026-10-02T12:42:14.337255+00:00,https://abve.org.br/abve-data/bi-geral/,"Consulta ABVE filtrada por município Bauru e UF SP; fluxo de emplacamentos, não frota.","O painel público não informa comprador, profissão, local de recarga ou transação individual. Registros são agregados por mês, modelo e município. Não usar para inferir causalidade ou ocupação de carregadores."
2025,3,SP,Bauru,M.BENZ,M.BENZ GLE450 D 4M,PHEV,1,2025-03-01,2026-10-02T12:42:14.337255+00:00,https://abve.org.br/abve-data/bi-geral/,"Consulta ABVE filtrada por município Bauru e UF SP; fluxo de emplacamentos, não frota.","O painel público não informa comprador, profissão, local de recarga ou transação individual. Registros são agregados por mês, modelo e município. Não usar para inferir causalidade ou ocupação de carregadores."
2025,3,SP,Bauru,PORSCHE,PORSCHE CAYENNE PHEV,PHEV,1,2025-03-01,2026-10-02T12:42:14.337255+00:00,https://abve.org.br/abve-data/bi-geral/,"Consulta ABVE filtrada por município Bauru e UF SP; fluxo de emplacamentos, não frota.","O painel público não informa comprador, profissão, local de recarga ou transação individual. Registros são agregados por mês, modelo e município. Não usar para inferir causalidade ou ocupação de carregadores."
2025,3,SP,Bauru,TOYOTA,TOYOTA CCROSS XRX HYBRID,HEV FLEX,4,2025-03-01,2026-10-02T12:42:14.337255+00:00,https://abve.org.br/abve-data/bi-geral/,"Consulta ABVE filtrada por município Bauru e UF SP; fluxo de emplacamentos, não frota.","O painel público não informa comprador, profissão, local de recarga ou transação individual. Registros são agregados por mês, modelo e município. Não usar para inferir causalidade ou ocupação de carregadores."
2025,3,SP,Bauru,TOYOTA,TOYOTA COROLLA APREMIUMH,HEV FLEX,5,2025-03-01,2026-10-02T12:42:14.337255+00:00,https://abve.org.br/abve-data/bi-geral/,"Consulta ABVE filtrada por município Bauru e UF SP; fluxo de emplacamentos, não frota.","O painel público não informa comprador, profissão, local de recarga ou transação individual. Registros são agregados por mês, modelo e município. Não usar para inferir causalidade ou ocupação de carregadores."
2025,3,SP,Bauru,VOLVO,VOLVO XC60 T8 ULTRA,PHEV,1,2025-03-01,2026-10-02T12:42:14.337255+00:00,https://abve.org.br/abve-data/bi-geral/,"Consulta ABVE filtrada por município Bauru e UF SP; fluxo de emplacamentos, não frota.","O painel público não informa comprador, profissão, local de recarga ou transação individual. Registros são agregados por mês, modelo e município. Não usar para inferir causalidade ou ocupação de carregadores."
2025,4,SP,Bauru,BYD,BYD DOLPHIN GS 180EV,BEV,2,2025-04-01,2026-10-02T12:42:14.337255+00:00,https://abve.org.br/abve-data/bi-geral/,"Consulta ABVE filtrada por município Bauru e UF SP; fluxo de emplacamentos, não frota.","O painel público não informa comprador, profissão, local de recarga ou transação individual. Registros são agregados por mês, modelo e município. Não usar para inferir causalidade ou ocupação de carregadores."
2025,4,SP,Bauru,BYD,BYD DOLPHIN MINI GS EV,BEV,1,2025-04-01,2026-10-02T12:42:14.337255+00:00,https://abve.org.br/abve-data/bi-geral/,"Consulta ABVE filtrada por município Bauru e UF SP; fluxo de emplacamentos, não frota.","O painel público não informa comprador, profissão, local de recarga ou transação individual. Registros são agregados por mês, modelo e município. Não usar para inferir causalidade ou ocupação de carregadores."
2025,4,SP,Bauru,BYD,BYD DOLPHIN MINI GS5EV,BEV,7,2025-04-01,2026-10-02T12:42:14.337255+00:00,https://abve.org.br/abve-data/bi-geral/,"Consulta ABVE filtrada por município Bauru e UF SP; fluxo de emplacamentos, não frota.","O painel público não informa comprador, profissão, local de recarga ou transação individual. Registros são agregados por mês, modelo e município. Não usar para inferir causalidade ou ocupação de carregadores."
2025,4,SP,Bauru,BYD,BYD DOLPHIN PLUS 310EV,BEV,1,2025-04-01,2026-10-02T12:42:14.337255+00:00,https://abve.org.br/abve-data/bi-geral/,"Consulta ABVE filtrada por município Bauru e UF SP; fluxo de emplacamentos, não frota.","O painel público não informa comprador, profissão, local de recarga ou transação individual. Registros são agregados por mês, modelo e município. Não usar para inferir causalidade ou ocupação de carregadores."
2025,4,SP,Bauru,BYD,BYD KING GS DM,PHEV,3,2025-04-01,2026-10-02T12:42:14.337255+00:00,https://abve.org.br/abve-data/bi-geral/,"Consulta ABVE filtrada por município Bauru e UF SP; fluxo de emplacamentos, não frota.","O painel público não informa comprador, profissão, local de recarga ou transação individual. Registros são agregados por mês, modelo e município. Não usar para inferir causalidade ou ocupação de carregadores."
2025,4,SP,Bauru,BYD,BYD SONG PLUS GS DM,PHEV,4,2025-04-01,2026-10-02T12:42:14.337255+00:00,https://abve.org.br/abve-data/bi-geral/,"Consulta ABVE filtrada por município Bauru e UF SP; fluxo de emplacamentos, não frota.","O painel público não informa comprador, profissão, local de recarga ou transação individual. Registros são agregados por mês, modelo e município. Não usar para inferir causalidade ou ocupação de carregadores."
2025,4,SP,Bauru,BYD,BYD SONG PRO GS DM,PHEV,6,2025-04-01,2026-10-02T12:42:14.337255+00:00,https://abve.org.br/abve-data/bi-geral/,"Consulta ABVE filtrada por município Bauru e UF SP; fluxo de emplacamentos, não frota.","O painel público não informa comprador, profissão, local de recarga ou transação individual. Registros são agregados por mês, modelo e município. Não usar para inferir causalidade ou ocupação de carregadores."
2025,4,SP,Bauru,CAOA CHERY,CAOACHERY TIGGO7 PRO HA,MHEV 48V,1,2025-04-01,2026-10-02T12:42:14.337255+00:00,https://abve.org.br/abve-data/bi-geral/,"Consulta ABVE filtrada por município Bauru e UF SP; fluxo de emplacamentos, não frota.","O painel público não informa comprador, profissão, local de recarga ou transação individual. Registros são agregados por mês, modelo e município. Não usar para inferir causalidade ou ocupação de carregadores."
2025,4,SP,Bauru,FIAT,FIAT FASTBACK AUDACE HYB,MHEV 12V,4,2025-04-01,2026-10-02T12:42:14.337255+00:00,https://abve.org.br/abve-data/bi-geral/,"Consulta ABVE filtrada por município Bauru e UF SP; fluxo de emplacamentos, não frota.","O painel público não informa comprador, profissão, local de recarga ou transação individual. Registros são agregados por mês, modelo e município. Não usar para inferir causalidade ou ocupação de carregadores."
2025,4,SP,Bauru,FIAT,FIAT FASTBACK IMPETUS HY,MHEV 12V,3,2025-04-01,2026-10-02T12:42:14.337255+00:00,https://abve.org.br/abve-data/bi-geral/,"Consulta ABVE filtrada por município Bauru e UF SP; fluxo de emplacamentos, não frota.","O painel público não informa comprador, profissão, local de recarga ou transação individual. Registros são agregados por mês, modelo e município. Não usar para inferir causalidade ou ocupação de carregadores."
2025,4,SP,Bauru,FIAT,FIAT PULSE AUDACE HYB,MHEV 12V,1,2025-04-01,2026-10-02T12:42:14.337255+00:00,https://abve.org.br/abve-data/bi-geral/,"Consulta ABVE filtrada por município Bauru e UF SP; fluxo de emplacamentos, não frota.","O painel público não informa comprador, profissão, local de recarga ou transação individual. Registros são agregados por mês, modelo e município. Não usar para inferir causalidade ou ocupação de carregadores."
2025,4,SP,Bauru,FIAT,FIAT PULSE IMPETUS HYB,MHEV 12V,2,2025-04-01,2026-10-02T12:42:14.337255+00:00,https://abve.org.br/abve-data/bi-geral/,"Consulta ABVE filtrada por município Bauru e UF SP; fluxo de emplacamentos, não frota.","O painel público não informa comprador, profissão, local de recarga ou transação individual. Registros são agregados por mês, modelo e município. Não usar para inferir causalidade ou ocupação de carregadores."
2025,4,SP,Bauru,GWM,GWM HAVAL H6 GT,PHEV,1,2025-04-01,2026-10-02T12:42:14.337255+00:00,https://abve.org.br/abve-data/bi-geral/,"Consulta ABVE filtrada por município Bauru e UF SP; fluxo de emplacamentos, não frota.","O painel público não informa comprador, profissão, local de recarga ou transação individual. Registros são agregados por mês, modelo e município. Não usar para inferir causalidade ou ocupação de carregadores."
2025,4,SP,Bauru,GWM,GWM HAVAL H6 PHEV 19,PHEV,7,2025-04-01,2026-10-02T12:42:14.337255+00:00,https://abve.org.br/abve-data/bi-geral/,"Consulta ABVE filtrada por município Bauru e UF SP; fluxo de emplacamentos, não frota.","O painel público não informa comprador, profissão, local de recarga ou transação individual. Registros são agregados por mês, modelo e município. Não usar para inferir causalidade ou ocupação de carregadores."
2025,4,SP,Bauru,GWM,GWM ORA 03 GT BEV63,BEV,1,2025-04-01,2026-10-02T12:42:14.337255+00:00,https://abve.org.br/abve-data/bi-geral/,"Consulta ABVE filtrada por município Bauru e UF SP; fluxo de emplacamentos, não frota.","O painel público não informa comprador, profissão, local de recarga ou transação individual. Registros são agregados por mês, modelo e município. Não usar para inferir causalidade ou ocupação de carregadores."
2025,4,SP,Bauru,GWM,GWM TANK 300 PHEV,PHEV,1,2025-04-01,2026-10-02T12:42:14.337255+00:00,https://abve.org.br/abve-data/bi-geral/,"Consulta ABVE filtrada por município Bauru e UF SP; fluxo de emplacamentos, não frota.","O painel público não informa comprador, profissão, local de recarga ou transação individual. Registros são agregados por mês, modelo e município. Não usar para inferir causalidade ou ocupação de carregadores."
2025,4,SP,Bauru,TOYOTA,TOYOTA CCROSS XRX HYBRID,HEV FLEX,5,2025-04-01,2026-10-02T12:42:14.337255+00:00,https://abve.org.br/abve-data/bi-geral/,"Consulta ABVE filtrada por município Bauru e UF SP; fluxo de emplacamentos, não frota.","O painel público não informa comprador, profissão, local de recarga ou transação individual. Registros são agregados por mês, modelo e município. Não usar para inferir causalidade ou ocupação de carregadores."
2025,4,SP,Bauru,TOYOTA,TOYOTA COROLLA APREMIUMH,HEV FLEX,1,2025-04-01,2026-10-02T12:42:14.337255+00:00,https://abve.org.br/abve-data/bi-geral/,"Consulta ABVE filtrada por município Bauru e UF SP; fluxo de emplacamentos, não frota.","O painel público não informa comprador, profissão, local de recarga ou transação individual. Registros são agregados por mês, modelo e município. Não usar para inferir causalidade ou ocupação de carregadores."
2025,4,SP,Bauru,VOLVO,VOLVO XC90 T8 ULTRA,PHEV,1,2025-04-01,2026-10-02T12:42:14.337255+00:00,https://abve.org.br/abve-data/bi-geral/,"Consulta ABVE filtrada por município Bauru e UF SP; fluxo de emplacamentos, não frota.","O painel público não informa comprador, profissão, local de recarga ou transação individual. Registros são agregados por mês, modelo e município. Não usar para inferir causalidade ou ocupação de carregadores."
2025,5,SP,Bauru,BYD,BYD DOLPHIN GS 180EV,BEV,4,2025-05-01,2026-10-02T12:42:14.337255+00:00,https://abve.org.br/abve-data/bi-geral/,"Consulta ABVE filtrada por município Bauru e UF SP; fluxo de emplacamentos, não frota.","O painel público não informa comprador, profissão, local de recarga ou transação individual. Registros são agregados por mês, modelo e município. Não usar para inferir causalidade ou ocupação de carregadores."
2025,5,SP,Bauru,BYD,BYD DOLPHIN MINI GS EV,BEV,1,2025-05-01,2026-10-02T12:42:14.337255+00:00,https://abve.org.br/abve-data/bi-geral/,"Consulta ABVE filtrada por município Bauru e UF SP; fluxo de emplacamentos, não frota.","O painel público não informa comprador, profissão, local de recarga ou transação individual. Registros são agregados por mês, modelo e município. Não usar para inferir causalidade ou ocupação de carregadores."
2025,5,SP,Bauru,BYD,BYD DOLPHIN MINI GS5EV,BEV,9,2025-05-01,2026-10-02T12:42:14.337255+00:00,https://abve.org.br/abve-data/bi-geral/,"Consulta ABVE filtrada por município Bauru e UF SP; fluxo de emplacamentos, não frota.","O painel público não informa comprador, profissão, local de recarga ou transação individual. Registros são agregados por mês, modelo e município. Não usar para inferir causalidade ou ocupação de carregadores."
2025,5,SP,Bauru,BYD,BYD KING GS DM,PHEV,6,2025-05-01,2026-10-02T12:42:14.337255+00:00,https://abve.org.br/abve-data/bi-geral/,"Consulta ABVE filtrada por município Bauru e UF SP; fluxo de emplacamentos, não frota.","O painel público não informa comprador, profissão, local de recarga ou transação individual. Registros são agregados por mês, modelo e município. Não usar para inferir causalidade ou ocupação de carregadores."
2025,5,SP,Bauru,BYD,BYD SEAL AWD GS 590EV,BEV,3,2025-05-01,2026-10-02T12:42:14.337255+00:00,https://abve.org.br/abve-data/bi-geral/,"Consulta ABVE filtrada por município Bauru e UF SP; fluxo de emplacamentos, não frota.","O painel público não informa comprador, profissão, local de recarga ou transação individual. Registros são agregados por mês, modelo e município. Não usar para inferir causalidade ou ocupação de carregadores."
2025,5,SP,Bauru,BYD,BYD SHARK GS DM,PHEV,1,2025-05-01,2026-10-02T12:42:14.337255+00:00,https://abve.org.br/abve-data/bi-geral/,"Consulta ABVE filtrada por município Bauru e UF SP; fluxo de emplacamentos, não frota.","O painel público não informa comprador, profissão, local de recarga ou transação individual. Registros são agregados por mês, modelo e município. Não usar para inferir causalidade ou ocupação de carregadores."
2025,5,SP,Bauru,BYD,BYD SONG PLUS GS DM,PHEV,5,2025-05-01,2026-10-02T12:42:14.337255+00:00,https://abve.org.br/abve-data/bi-geral/,"Consulta ABVE filtrada por município Bauru e UF SP; fluxo de emplacamentos, não frota.","O painel público não informa comprador, profissão, local de recarga ou transação individual. Registros são agregados por mês, modelo e município. Não usar para inferir causalidade ou ocupação de carregadores."
2025,5,SP,Bauru,CAOA CHERY,CAOACHERY TIGGO7 PRO HA,MHEV 48V,1,2025-05-01,2026-10-02T12:42:14.337255+00:00,https://abve.org.br/abve-data/bi-geral/,"Consulta ABVE filtrada por município Bauru e UF SP; fluxo de emplacamentos, não frota.","O painel público não informa comprador, profissão, local de recarga ou transação individual. Registros são agregados por mês, modelo e município. Não usar para inferir causalidade ou ocupação de carregadores."
2025,5,SP,Bauru,FIAT,FIAT FASTBACK AUDACE HYB,MHEV 12V,6,2025-05-01,2026-10-02T12:42:14.337255+00:00,https://abve.org.br/abve-data/bi-geral/,"Consulta ABVE filtrada por município Bauru e UF SP; fluxo de emplacamentos, não frota.","O painel público não informa comprador, profissão, local de recarga ou transação individual. Registros são agregados por mês, modelo e município. Não usar para inferir causalidade ou ocupação de carregadores."
2025,5,SP,Bauru,FIAT,FIAT FASTBACK IMPETUS HY,MHEV 12V,3,2025-05-01,2026-10-02T12:42:14.337255+00:00,https://abve.org.br/abve-data/bi-geral/,"Consulta ABVE filtrada por município Bauru e UF SP; fluxo de emplacamentos, não frota.","O painel público não informa comprador, profissão, local de recarga ou transação individual. Registros são agregados por mês, modelo e município. Não usar para inferir causalidade ou ocupação de carregadores."
2025,5,SP,Bauru,FIAT,FIAT PULSE AUDACE HYB,MHEV 12V,4,2025-05-01,2026-10-02T12:42:14.337255+00:00,https://abve.org.br/abve-data/bi-geral/,"Consulta ABVE filtrada por município Bauru e UF SP; fluxo de emplacamentos, não frota.","O painel público não informa comprador, profissão, local de recarga ou transação individual. Registros são agregados por mês, modelo e município. Não usar para inferir causalidade ou ocupação de carregadores."
2025,5,SP,Bauru,FIAT,FIAT PULSE IMPETUS HYB,MHEV 12V,1,2025-05-01,2026-10-02T12:42:14.337255+00:00,https://abve.org.br/abve-data/bi-geral/,"Consulta ABVE filtrada por município Bauru e UF SP; fluxo de emplacamentos, não frota.","O painel público não informa comprador, profissão, local de recarga ou transação individual. Registros são agregados por mês, modelo e município. Não usar para inferir causalidade ou ocupação de carregadores."
2025,5,SP,Bauru,GWM,GWM HAVAL H6 GT,PHEV,1,2025-05-01,2026-10-02T12:42:14.337255+00:00,https://abve.org.br/abve-data/bi-geral/,"Consulta ABVE filtrada por município Bauru e UF SP; fluxo de emplacamentos, não frota.","O painel público não informa comprador, profissão, local de recarga ou transação individual. Registros são agregados por mês, modelo e município. Não usar para inferir causalidade ou ocupação de carregadores."
2025,5,SP,Bauru,GWM,GWM HAVAL H6 PHEV 19,PHEV,2,2025-05-01,2026-10-02T12:42:14.337255+00:00,https://abve.org.br/abve-data/bi-geral/,"Consulta ABVE filtrada por município Bauru e UF SP; fluxo de emplacamentos, não frota.","O painel público não informa comprador, profissão, local de recarga ou transação individual. Registros são agregados por mês, modelo e município. Não usar para inferir causalidade ou ocupação de carregadores."
2025,5,SP,Bauru,GWM,GWM HAVAL H6 PREM HEV,HEV,5,2025-05-01,2026-10-02T12:42:14.337255+00:00,https://abve.org.br/abve-data/bi-geral/,"Consulta ABVE filtrada por município Bauru e UF SP; fluxo de emplacamentos, não frota.","O painel público não informa comprador, profissão, local de recarga ou transação individual. Registros são agregados por mês, modelo e município. Não usar para inferir causalidade ou ocupação de carregadores."
2025,5,SP,Bauru,GWM,GWM HAVAL H6 PREM PHEV,PHEV,4,2025-05-01,2026-10-02T12:42:14.337255+00:00,https://abve.org.br/abve-data/bi-geral/,"Consulta ABVE filtrada por município Bauru e UF SP; fluxo de emplacamentos, não frota.","O painel público não informa comprador, profissão, local de recarga ou transação individual. Registros são agregados por mês, modelo e município. Não usar para inferir causalidade ou ocupação de carregadores."
2025,5,SP,Bauru,GWM,GWM ORA 03 GT BEV63,BEV,1,2025-05-01,2026-10-02T12:42:14.337255+00:00,https://abve.org.br/abve-data/bi-geral/,"Consulta ABVE filtrada por município Bauru e UF SP; fluxo de emplacamentos, não frota.","O painel público não informa comprador, profissão, local de recarga ou transação individual. Registros são agregados por mês, modelo e município. Não usar para inferir causalidade ou ocupação de carregadores."
2025,5,SP,Bauru,HONDA,HONDA CIVIC HYB TRNG,HEV,1,2025-05-01,2026-10-02T12:42:14.337255+00:00,https://abve.org.br/abve-data/bi-geral/,"Consulta ABVE filtrada por município Bauru e UF SP; fluxo de emplacamentos, não frota.","O painel público não informa comprador, profissão, local de recarga ou transação individual. Registros são agregados por mês, modelo e município. Não usar para inferir causalidade ou ocupação de carregadores."
2025,5,SP,Bauru,LAND ROVER,LR RRS PHEV AB,PHEV,1,2025-05-01,2026-10-02T12:42:14.337255+00:00,https://abve.org.br/abve-data/bi-geral/,"Consulta ABVE filtrada por município Bauru e UF SP; fluxo de emplacamentos, não frota.","O painel público não informa comprador, profissão, local de recarga ou transação individual. Registros são agregados por mês, modelo e município. Não usar para inferir causalidade ou ocupação de carregadores."
2025,5,SP,Bauru,TOYOTA,TOYOTA CCROSS XRX HYBRID,HEV FLEX,1,2025-05-01,2026-10-02T12:42:14.337255+00:00,https://abve.org.br/abve-data/bi-geral/,"Consulta ABVE filtrada por município Bauru e UF SP; fluxo de emplacamentos, não frota.","O painel público não informa comprador, profissão, local de recarga ou transação individual. Registros são agregados por mês, modelo e município. Não usar para inferir causalidade ou ocupação de carregadores."
2025,5,SP,Bauru,TOYOTA,TOYOTA COROLLA APREMIUMH,HEV FLEX,1,2025-05-01,2026-10-02T12:42:14.337255+00:00,https://abve.org.br/abve-data/bi-geral/,"Consulta ABVE filtrada por município Bauru e UF SP; fluxo de emplacamentos, não frota.","O painel público não informa comprador, profissão, local de recarga ou transação individual. Registros são agregados por mês, modelo e município. Não usar para inferir causalidade ou ocupação de carregadores."
2025,5,SP,Bauru,TOYOTA,TOYOTA RAV4H SXAWD CNT,HEV,1,2025-05-01,2026-10-02T12:42:14.337255+00:00,https://abve.org.br/abve-data/bi-geral/,"Consulta ABVE filtrada por município Bauru e UF SP; fluxo de emplacamentos, não frota.","O painel público não informa comprador, profissão, local de recarga ou transação individual. Registros são agregados por mês, modelo e município. Não usar para inferir causalidade ou ocupação de carregadores."
2025,6,SP,Bauru,BYD,BYD DOLPHIN MINI GS5EV,BEV,3,2025-06-01,2026-10-02T12:42:14.337255+00:00,https://abve.org.br/abve-data/bi-geral/,"Consulta ABVE filtrada por município Bauru e UF SP; fluxo de emplacamentos, não frota.","O painel público não informa comprador, profissão, local de recarga ou transação individual. Registros são agregados por mês, modelo e município. Não usar para inferir causalidade ou ocupação de carregadores."
2025,6,SP,Bauru,BYD,BYD KING GS DM,PHEV,8,2025-06-01,2026-10-02T12:42:14.337255+00:00,https://abve.org.br/abve-data/bi-geral/,"Consulta ABVE filtrada por município Bauru e UF SP; fluxo de emplacamentos, não frota.","O painel público não informa comprador, profissão, local de recarga ou transação individual. Registros são agregados por mês, modelo e município. Não usar para inferir causalidade ou ocupação de carregadores."
2025,6,SP,Bauru,BYD,BYD SEAL AWD GS 590EV,BEV,1,2025-06-01,2026-10-02T12:42:14.337255+00:00,https://abve.org.br/abve-data/bi-geral/,"Consulta ABVE filtrada por município Bauru e UF SP; fluxo de emplacamentos, não frota.","O painel público não informa comprador, profissão, local de recarga ou transação individual. Registros são agregados por mês, modelo e município. Não usar para inferir causalidade ou ocupação de carregadores."
2025,6,SP,Bauru,BYD,BYD SONG PLUS GS DM,PHEV,9,2025-06-01,2026-10-02T12:42:14.337255+00:00,https://abve.org.br/abve-data/bi-geral/,"Consulta ABVE filtrada por município Bauru e UF SP; fluxo de emplacamentos, não frota.","O painel público não informa comprador, profissão, local de recarga ou transação individual. Registros são agregados por mês, modelo e município. Não usar para inferir causalidade ou ocupação de carregadores."
2025,6,SP,Bauru,BYD,BYD SONG PLUS PREM DM,PHEV,1,2025-06-01,2026-10-02T12:42:14.337255+00:00,https://abve.org.br/abve-data/bi-geral/,"Consulta ABVE filtrada por município Bauru e UF SP; fluxo de emplacamentos, não frota.","O painel público não informa comprador, profissão, local de recarga ou transação individual. Registros são agregados por mês, modelo e município. Não usar para inferir causalidade ou ocupação de carregadores."
2025,6,SP,Bauru,BYD,BYD SONG PRO GS DM,PHEV,1,2025-06-01,2026-10-02T12:42:14.337255+00:00,https://abve.org.br/abve-data/bi-geral/,"Consulta ABVE filtrada por município Bauru e UF SP; fluxo de emplacamentos, não frota.","O painel público não informa comprador, profissão, local de recarga ou transação individual. Registros são agregados por mês, modelo e município. Não usar para inferir causalidade ou ocupação de carregadores."
2025,6,SP,Bauru,BYD,BYD YUAN PRO GS 290EV,BEV,1,2025-06-01,2026-10-02T12:42:14.337255+00:00,https://abve.org.br/abve-data/bi-geral/,"Consulta ABVE filtrada por município Bauru e UF SP; fluxo de emplacamentos, não frota.","O painel público não informa comprador, profissão, local de recarga ou transação individual. Registros são agregados por mês, modelo e município. Não usar para inferir causalidade ou ocupação de carregadores."
2025,6,SP,Bauru,FIAT,FIAT FASTBACK AUDACE HYB,MHEV 12V,3,2025-06-01,2026-10-02T12:42:14.337255+00:00,https://abve.org.br/abve-data/bi-geral/,"Consulta ABVE filtrada por município Bauru e UF SP; fluxo de emplacamentos, não frota.","O painel público não informa comprador, profissão, local de recarga ou transação individual. Registros são agregados por mês, modelo e município. Não usar para inferir causalidade ou ocupação de carregadores."
2025,6,SP,Bauru,FIAT,FIAT FASTBACK IMPETUS HY,MHEV 12V,3,2025-06-01,2026-10-02T12:42:14.337255+00:00,https://abve.org.br/abve-data/bi-geral/,"Consulta ABVE filtrada por município Bauru e UF SP; fluxo de emplacamentos, não frota.","O painel público não informa comprador, profissão, local de recarga ou transação individual. Registros são agregados por mês, modelo e município. Não usar para inferir causalidade ou ocupação de carregadores."
2025,6,SP,Bauru,FIAT,FIAT PULSE AUDACE HYB,MHEV 12V,2,2025-06-01,2026-10-02T12:42:14.337255+00:00,https://abve.org.br/abve-data/bi-geral/,"Consulta ABVE filtrada por município Bauru e UF SP; fluxo de emplacamentos, não frota.","O painel público não informa comprador, profissão, local de recarga ou transação individual. Registros são agregados por mês, modelo e município. Não usar para inferir causalidade ou ocupação de carregadores."
2025,6,SP,Bauru,FIAT,FIAT PULSE IMPETUS HYB,MHEV 12V,1,2025-06-01,2026-10-02T12:42:14.337255+00:00,https://abve.org.br/abve-data/bi-geral/,"Consulta ABVE filtrada por município Bauru e UF SP; fluxo de emplacamentos, não frota.","O painel público não informa comprador, profissão, local de recarga ou transação individual. Registros são agregados por mês, modelo e município. Não usar para inferir causalidade ou ocupação de carregadores."
2025,6,SP,Bauru,GAC,GAC AION Y ELITE,BEV,2,2025-06-01,2026-10-02T12:42:14.337255+00:00,https://abve.org.br/abve-data/bi-geral/,"Consulta ABVE filtrada por município Bauru e UF SP; fluxo de emplacamentos, não frota.","O painel público não informa comprador, profissão, local de recarga ou transação individual. Registros são agregados por mês, modelo e município. Não usar para inferir causalidade ou ocupação de carregadores."
2025,6,SP,Bauru,GAC,GAC GS4 PREMIUM,BEV,1,2025-06-01,2026-10-02T12:42:14.337255+00:00,https://abve.org.br/abve-data/bi-geral/,"Consulta ABVE filtrada por município Bauru e UF SP; fluxo de emplacamentos, não frota.","O painel público não informa comprador, profissão, local de recarga ou transação individual. Registros são agregados por mês, modelo e município. Não usar para inferir causalidade ou ocupação de carregadores."
2025,6,SP,Bauru,GWM,GWM HAVAL H6 GT,PHEV,1,2025-06-01,2026-10-02T12:42:14.337255+00:00,https://abve.org.br/abve-data/bi-geral/,"Consulta ABVE filtrada por município Bauru e UF SP; fluxo de emplacamentos, não frota.","O painel público não informa comprador, profissão, local de recarga ou transação individual. Registros são agregados por mês, modelo e município. Não usar para inferir causalidade ou ocupação de carregadores."
2025,6,SP,Bauru,GWM,GWM HAVAL H6 PHEV 19,PHEV,3,2025-06-01,2026-10-02T12:42:14.337255+00:00,https://abve.org.br/abve-data/bi-geral/,"Consulta ABVE filtrada por município Bauru e UF SP; fluxo de emplacamentos, não frota.","O painel público não informa comprador, profissão, local de recarga ou transação individual. Registros são agregados por mês, modelo e município. Não usar para inferir causalidade ou ocupação de carregadores."
2025,6,SP,Bauru,GWM,GWM HAVAL H6 PREM HEV,HEV,2,2025-06-01,2026-10-02T12:42:14.337255+00:00,https://abve.org.br/abve-data/bi-geral/,"Consulta ABVE filtrada por município Bauru e UF SP; fluxo de emplacamentos, não frota.","O painel público não informa comprador, profissão, local de recarga ou transação individual. Registros são agregados por mês, modelo e município. Não usar para inferir causalidade ou ocupação de carregadores."
2025,6,SP,Bauru,GWM,GWM HAVAL H6 PREM PHEV,PHEV,2,2025-06-01,2026-10-02T12:42:14.337255+00:00,https://abve.org.br/abve-data/bi-geral/,"Consulta ABVE filtrada por município Bauru e UF SP; fluxo de emplacamentos, não frota.","O painel público não informa comprador, profissão, local de recarga ou transação individual. Registros são agregados por mês, modelo e município. Não usar para inferir causalidade ou ocupação de carregadores."
2025,6,SP,Bauru,GWM,GWM TANK 300 PHEV,PHEV,1,2025-06-01,2026-10-02T12:42:14.337255+00:00,https://abve.org.br/abve-data/bi-geral/,"Consulta ABVE filtrada por município Bauru e UF SP; fluxo de emplacamentos, não frota.","O painel público não informa comprador, profissão, local de recarga ou transação individual. Registros são agregados por mês, modelo e município. Não usar para inferir causalidade ou ocupação de carregadores."
2025,6,SP,Bauru,HYUNDAI,HYD KONA H 16GDI SIG,HEV,1,2025-06-01,2026-10-02T12:42:14.337255+00:00,https://abve.org.br/abve-data/bi-geral/,"Consulta ABVE filtrada por município Bauru e UF SP; fluxo de emplacamentos, não frota.","O painel público não informa comprador, profissão, local de recarga ou transação individual. Registros são agregados por mês, modelo e município. Não usar para inferir causalidade ou ocupação de carregadores."
2025,6,SP,Bauru,MITSUBISHI,MMC OUTLANDER SIGNTR E,PHEV,1,2025-06-01,2026-10-02T12:42:14.337255+00:00,https://abve.org.br/abve-data/bi-geral/,"Consulta ABVE filtrada por município Bauru e UF SP; fluxo de emplacamentos, não frota.","O painel público não informa comprador, profissão, local de recarga ou transação individual. Registros são agregados por mês, modelo e município. Não usar para inferir causalidade ou ocupação de carregadores."
2025,6,SP,Bauru,TOYOTA,TOYOTA CCROSS XRX HYBRID,HEV FLEX,2,2025-06-01,2026-10-02T12:42:14.337255+00:00,https://abve.org.br/abve-data/bi-geral/,"Consulta ABVE filtrada por município Bauru e UF SP; fluxo de emplacamentos, não frota.","O painel público não informa comprador, profissão, local de recarga ou transação individual. Registros são agregados por mês, modelo e município. Não usar para inferir causalidade ou ocupação de carregadores."
2025,6,SP,Bauru,TOYOTA,TOYOTA COROLLA APREMIUMH,HEV FLEX,1,2025-06-01,2026-10-02T12:42:14.337255+00:00,https://abve.org.br/abve-data/bi-geral/,"Consulta ABVE filtrada por município Bauru e UF SP; fluxo de emplacamentos, não frota.","O painel público não informa comprador, profissão, local de recarga ou transação individual. Registros são agregados por mês, modelo e município. Não usar para inferir causalidade ou ocupação de carregadores."
2025,7,SP,Bauru,BYD,BYD DOLPHIN GS 180EV,BEV,1,2025-07-01,2026-10-02T12:42:14.337255+00:00,https://abve.org.br/abve-data/bi-geral/,"Consulta ABVE filtrada por município Bauru e UF SP; fluxo de emplacamentos, não frota.","O painel público não informa comprador, profissão, local de recarga ou transação individual. Registros são agregados por mês, modelo e município. Não usar para inferir causalidade ou ocupação de carregadores."
2025,7,SP,Bauru,BYD,BYD DOLPHIN MINI GS5EV,BEV,12,2025-07-01,2026-10-02T12:42:14.337255+00:00,https://abve.org.br/abve-data/bi-geral/,"Consulta ABVE filtrada por município Bauru e UF SP; fluxo de emplacamentos, não frota.","O painel público não informa comprador, profissão, local de recarga ou transação individual. Registros são agregados por mês, modelo e município. Não usar para inferir causalidade ou ocupação de carregadores."
2025,7,SP,Bauru,BYD,BYD KING GS DM,PHEV,2,2025-07-01,2026-10-02T12:42:14.337255+00:00,https://abve.org.br/abve-data/bi-geral/,"Consulta ABVE filtrada por município Bauru e UF SP; fluxo de emplacamentos, não frota.","O painel público não informa comprador, profissão, local de recarga ou transação individual. Registros são agregados por mês, modelo e município. Não usar para inferir causalidade ou ocupação de carregadores."
2025,7,SP,Bauru,BYD,BYD SEAL AWD GS 590EV,BEV,1,2025-07-01,2026-10-02T12:42:14.337255+00:00,https://abve.org.br/abve-data/bi-geral/,"Consulta ABVE filtrada por município Bauru e UF SP; fluxo de emplacamentos, não frota.","O painel público não informa comprador, profissão, local de recarga ou transação individual. Registros são agregados por mês, modelo e município. Não usar para inferir causalidade ou ocupação de carregadores."
2025,7,SP,Bauru,BYD,BYD SONG PLUS GS DM,PHEV,6,2025-07-01,2026-10-02T12:42:14.337255+00:00,https://abve.org.br/abve-data/bi-geral/,"Consulta ABVE filtrada por município Bauru e UF SP; fluxo de emplacamentos, não frota.","O painel público não informa comprador, profissão, local de recarga ou transação individual. Registros são agregados por mês, modelo e município. Não usar para inferir causalidade ou ocupação de carregadores."
2025,7,SP,Bauru,BYD,BYD SONG PLUS PREM DM,PHEV,3,2025-07-01,2026-10-02T12:42:14.337255+00:00,https://abve.org.br/abve-data/bi-geral/,"Consulta ABVE filtrada por município Bauru e UF SP; fluxo de emplacamentos, não frota.","O painel público não informa comprador, profissão, local de recarga ou transação individual. Registros são agregados por mês, modelo e município. Não usar para inferir causalidade ou ocupação de carregadores."
2025,7,SP,Bauru,BYD,BYD SONG PRO GS DM,PHEV,4,2025-07-01,2026-10-02T12:42:14.337255+00:00,https://abve.org.br/abve-data/bi-geral/,"Consulta ABVE filtrada por município Bauru e UF SP; fluxo de emplacamentos, não frota.","O painel público não informa comprador, profissão, local de recarga ou transação individual. Registros são agregados por mês, modelo e município. Não usar para inferir causalidade ou ocupação de carregadores."
2025,7,SP,Bauru,CAOA CHERY,CAOACHERY TIGGO7 PRO HA,MHEV 48V,1,2025-07-01,2026-10-02T12:42:14.337255+00:00,https://abve.org.br/abve-data/bi-geral/,"Consulta ABVE filtrada por município Bauru e UF SP; fluxo de emplacamentos, não frota.","O painel público não informa comprador, profissão, local de recarga ou transação individual. Registros são agregados por mês, modelo e município. Não usar para inferir causalidade ou ocupação de carregadores."
2025,7,SP,Bauru,CAOA CHERY,CAOACHERY TIGGO8 PHEV,PHEV,1,2025-07-01,2026-10-02T12:42:14.337255+00:00,https://abve.org.br/abve-data/bi-geral/,"Consulta ABVE filtrada por município Bauru e UF SP; fluxo de emplacamentos, não frota.","O painel público não informa comprador, profissão, local de recarga ou transação individual. Registros são agregados por mês, modelo e município. Não usar para inferir causalidade ou ocupação de carregadores."
2025,7,SP,Bauru,FIAT,FIAT FASTBACK AUDACE HYB,MHEV 12V,10,2025-07-01,2026-10-02T12:42:14.337255+00:00,https://abve.org.br/abve-data/bi-geral/,"Consulta ABVE filtrada por município Bauru e UF SP; fluxo de emplacamentos, não frota.","O painel público não informa comprador, profissão, local de recarga ou transação individual. Registros são agregados por mês, modelo e município. Não usar para inferir causalidade ou ocupação de carregadores."
2025,7,SP,Bauru,FIAT,FIAT FASTBACK IMPETUS HY,MHEV 12V,1,2025-07-01,2026-10-02T12:42:14.337255+00:00,https://abve.org.br/abve-data/bi-geral/,"Consulta ABVE filtrada por município Bauru e UF SP; fluxo de emplacamentos, não frota.","O painel público não informa comprador, profissão, local de recarga ou transação individual. Registros são agregados por mês, modelo e município. Não usar para inferir causalidade ou ocupação de carregadores."
2025,7,SP,Bauru,FIAT,FIAT PULSE AUDACE HYB,MHEV 12V,1,2025-07-01,2026-10-02T12:42:14.337255+00:00,https://abve.org.br/abve-data/bi-geral/,"Consulta ABVE filtrada por município Bauru e UF SP; fluxo de emplacamentos, não frota.","O painel público não informa comprador, profissão, local de recarga ou transação individual. Registros são agregados por mês, modelo e município. Não usar para inferir causalidade ou ocupação de carregadores."
2025,7,SP,Bauru,GAC,GAC AION V ELITE,BEV,1,2025-07-01,2026-10-02T12:42:14.337255+00:00,https://abve.org.br/abve-data/bi-geral/,"Consulta ABVE filtrada por município Bauru e UF SP; fluxo de emplacamentos, não frota.","O painel público não informa comprador, profissão, local de recarga ou transação individual. Registros são agregados por mês, modelo e município. Não usar para inferir causalidade ou ocupação de carregadores."
2025,7,SP,Bauru,GAC,GAC GS4 ELITE,HEV,1,2025-07-01,2026-10-02T12:42:14.337255+00:00,https://abve.org.br/abve-data/bi-geral/,"Consulta ABVE filtrada por município Bauru e UF SP; fluxo de emplacamentos, não frota.","O painel público não informa comprador, profissão, local de recarga ou transação individual. Registros são agregados por mês, modelo e município. Não usar para inferir causalidade ou ocupação de carregadores."
2025,7,SP,Bauru,GAC,GAC GS4 PREMIUM,BEV,1,2025-07-01,2026-10-02T12:42:14.337255+00:00,https://abve.org.br/abve-data/bi-geral/,"Consulta ABVE filtrada por município Bauru e UF SP; fluxo de emplacamentos, não frota.","O painel público não informa comprador, profissão, local de recarga ou transação individual. Registros são agregados por mês, modelo e município. Não usar para inferir causalidade ou ocupação de carregadores."
2025,7,SP,Bauru,GWM,GWM HAVAL H6 HEV,HEV,1,2025-07-01,2026-10-02T12:42:14.337255+00:00,https://abve.org.br/abve-data/bi-geral/,"Consulta ABVE filtrada por município Bauru e UF SP; fluxo de emplacamentos, não frota.","O painel público não informa comprador, profissão, local de recarga ou transação individual. Registros são agregados por mês, modelo e município. Não usar para inferir causalidade ou ocupação de carregadores."
2025,7,SP,Bauru,GWM,GWM HAVAL H6 PHEV 19,PHEV,4,2025-07-01,2026-10-02T12:42:14.337255+00:00,https://abve.org.br/abve-data/bi-geral/,"Consulta ABVE filtrada por município Bauru e UF SP; fluxo de emplacamentos, não frota.","O painel público não informa comprador, profissão, local de recarga ou transação individual. Registros são agregados por mês, modelo e município. Não usar para inferir causalidade ou ocupação de carregadores."
2025,7,SP,Bauru,GWM,GWM HAVAL H6 PREM HEV,HEV,1,2025-07-01,2026-10-02T12:42:14.337255+00:00,https://abve.org.br/abve-data/bi-geral/,"Consulta ABVE filtrada por município Bauru e UF SP; fluxo de emplacamentos, não frota.","O painel público não informa comprador, profissão, local de recarga ou transação individual. Registros são agregados por mês, modelo e município. Não usar para inferir causalidade ou ocupação de carregadores."
2025,7,SP,Bauru,GWM,GWM HAVAL H6 PREM PHEV,PHEV,1,2025-07-01,2026-10-02T12:42:14.337255+00:00,https://abve.org.br/abve-data/bi-geral/,"Consulta ABVE filtrada por município Bauru e UF SP; fluxo de emplacamentos, não frota.","O painel público não informa comprador, profissão, local de recarga ou transação individual. Registros são agregados por mês, modelo e município. Não usar para inferir causalidade ou ocupação de carregadores."
2025,7,SP,Bauru,GWM,GWM ORA 03 SKIN BEV48,BEV,1,2025-07-01,2026-10-02T12:42:14.337255+00:00,https://abve.org.br/abve-data/bi-geral/,"Consulta ABVE filtrada por município Bauru e UF SP; fluxo de emplacamentos, não frota.","O painel público não informa comprador, profissão, local de recarga ou transação individual. Registros são agregados por mês, modelo e município. Não usar para inferir causalidade ou ocupação de carregadores."
2025,7,SP,Bauru,GWM,GWM TANK 300 PHEV,PHEV,1,2025-07-01,2026-10-02T12:42:14.337255+00:00,https://abve.org.br/abve-data/bi-geral/,"Consulta ABVE filtrada por município Bauru e UF SP; fluxo de emplacamentos, não frota.","O painel público não informa comprador, profissão, local de recarga ou transação individual. Registros são agregados por mês, modelo e município. Não usar para inferir causalidade ou ocupação de carregadores."
2025,7,SP,Bauru,M.BENZ,M.BENZ CLA200 PROG,MHEV 48V,1,2025-07-01,2026-10-02T12:42:14.337255+00:00,https://abve.org.br/abve-data/bi-geral/,"Consulta ABVE filtrada por município Bauru e UF SP; fluxo de emplacamentos, não frota.","O painel público não informa comprador, profissão, local de recarga ou transação individual. Registros são agregados por mês, modelo e município. Não usar para inferir causalidade ou ocupação de carregadores."
2025,7,SP,Bauru,M.BENZ,M.BENZ GLC300 4M,MHEV 48V,1,2025-07-01,2026-10-02T12:42:14.337255+00:00,https://abve.org.br/abve-data/bi-geral/,"Consulta ABVE filtrada por município Bauru e UF SP; fluxo de emplacamentos, não frota.","O painel público não informa comprador, profissão, local de recarga ou transação individual. Registros são agregados por mês, modelo e município. Não usar para inferir causalidade ou ocupação de carregadores."
2025,7,SP,Bauru,OMODA JAECOO,JAECOO 7 LUXURY,PHEV,2,2025-07-01,2026-10-02T12:42:14.337255+00:00,https://abve.org.br/abve-data/bi-geral/,"Consulta ABVE filtrada por município Bauru e UF SP; fluxo de emplacamentos, não frota.","O painel público não informa comprador, profissão, local de recarga ou transação individual. Registros são agregados por mês, modelo e município. Não usar para inferir causalidade ou ocupação de carregadores."
2025,7,SP,Bauru,OMODA JAECOO,JAECOO 7 PRESTIGE,PHEV,1,2025-07-01,2026-10-02T12:42:14.337255+00:00,https://abve.org.br/abve-data/bi-geral/,"Consulta ABVE filtrada por município Bauru e UF SP; fluxo de emplacamentos, não frota.","O painel público não informa comprador, profissão, local de recarga ou transação individual. Registros são agregados por mês, modelo e município. Não usar para inferir causalidade ou ocupação de carregadores."
2025,7,SP,Bauru,OMODA JAECOO,OMODA E5,BEV,1,2025-07-01,2026-10-02T12:42:14.337255+00:00,https://abve.org.br/abve-data/bi-geral/,"Consulta ABVE filtrada por município Bauru e UF SP; fluxo de emplacamentos, não frota.","O painel público não informa comprador, profissão, local de recarga ou transação individual. Registros são agregados por mês, modelo e município. Não usar para inferir causalidade ou ocupação de carregadores."
2025,7,SP,Bauru,PORSCHE,PORSCHE CAYENNE S PHEV,PHEV,1,2025-07-01,2026-10-02T12:42:14.337255+00:00,https://abve.org.br/abve-data/bi-geral/,"Consulta ABVE filtrada por município Bauru e UF SP; fluxo de emplacamentos, não frota.","O painel público não informa comprador, profissão, local de recarga ou transação individual. Registros são agregados por mês, modelo e município. Não usar para inferir causalidade ou ocupação de carregadores."
2025,7,SP,Bauru,TOYOTA,TOYOTA CCROSS XRX HYBRID,HEV FLEX,2,2025-07-01,2026-10-02T12:42:14.337255+00:00,https://abve.org.br/abve-data/bi-geral/,"Consulta ABVE filtrada por município Bauru e UF SP; fluxo de emplacamentos, não frota.","O painel público não informa comprador, profissão, local de recarga ou transação individual. Registros são agregados por mês, modelo e município. Não usar para inferir causalidade ou ocupação de carregadores."
2025,7,SP,Bauru,TOYOTA,TOYOTA COROLLA APREMIUMH,HEV FLEX,2,2025-07-01,2026-10-02T12:42:14.337255+00:00,https://abve.org.br/abve-data/bi-geral/,"Consulta ABVE filtrada por município Bauru e UF SP; fluxo de emplacamentos, não frota.","O painel público não informa comprador, profissão, local de recarga ou transação individual. Registros são agregados por mês, modelo e município. Não usar para inferir causalidade ou ocupação de carregadores."
2025,7,SP,Bauru,TOYOTA,TOYOTA RAV4H SXAWD CNT,HEV,1,2025-07-01,2026-10-02T12:42:14.337255+00:00,https://abve.org.br/abve-data/bi-geral/,"Consulta ABVE filtrada por município Bauru e UF SP; fluxo de emplacamentos, não frota.","O painel público não informa comprador, profissão, local de recarga ou transação individual. Registros são agregados por mês, modelo e município. Não usar para inferir causalidade ou ocupação de carregadores."
2025,8,SP,Bauru,BYD,BYD DOLPHIN GS 180EV,BEV,3,2025-08-01,2026-10-02T12:42:14.337255+00:00,https://abve.org.br/abve-data/bi-geral/,"Consulta ABVE filtrada por município Bauru e UF SP; fluxo de emplacamentos, não frota.","O painel público não informa comprador, profissão, local de recarga ou transação individual. Registros são agregados por mês, modelo e município. Não usar para inferir causalidade ou ocupação de carregadores."
2025,8,SP,Bauru,BYD,BYD DOLPHIN MINI GS5EV,BEV,14,2025-08-01,2026-10-02T12:42:14.337255+00:00,https://abve.org.br/abve-data/bi-geral/,"Consulta ABVE filtrada por município Bauru e UF SP; fluxo de emplacamentos, não frota.","O painel público não informa comprador, profissão, local de recarga ou transação individual. Registros são agregados por mês, modelo e município. Não usar para inferir causalidade ou ocupação de carregadores."
2025,8,SP,Bauru,BYD,BYD DOLPHIN PLUS 310EV,BEV,1,2025-08-01,2026-10-02T12:42:14.337255+00:00,https://abve.org.br/abve-data/bi-geral/,"Consulta ABVE filtrada por município Bauru e UF SP; fluxo de emplacamentos, não frota.","O painel público não informa comprador, profissão, local de recarga ou transação individual. Registros são agregados por mês, modelo e município. Não usar para inferir causalidade ou ocupação de carregadores."
2025,8,SP,Bauru,BYD,BYD KING GS DM,PHEV,7,2025-08-01,2026-10-02T12:42:14.337255+00:00,https://abve.org.br/abve-data/bi-geral/,"Consulta ABVE filtrada por município Bauru e UF SP; fluxo de emplacamentos, não frota.","O painel público não informa comprador, profissão, local de recarga ou transação individual. Registros são agregados por mês, modelo e município. Não usar para inferir causalidade ou ocupação de carregadores."
2025,8,SP,Bauru,BYD,BYD SONG PLUS GS DM,PHEV,5,2025-08-01,2026-10-02T12:42:14.337255+00:00,https://abve.org.br/abve-data/bi-geral/,"Consulta ABVE filtrada por município Bauru e UF SP; fluxo de emplacamentos, não frota.","O painel público não informa comprador, profissão, local de recarga ou transação individual. Registros são agregados por mês, modelo e município. Não usar para inferir causalidade ou ocupação de carregadores."
2025,8,SP,Bauru,BYD,BYD SONG PLUS PREM DM,PHEV,1,2025-08-01,2026-10-02T12:42:14.337255+00:00,https://abve.org.br/abve-data/bi-geral/,"Consulta ABVE filtrada por município Bauru e UF SP; fluxo de emplacamentos, não frota.","O painel público não informa comprador, profissão, local de recarga ou transação individual. Registros são agregados por mês, modelo e município. Não usar para inferir causalidade ou ocupação de carregadores."
2025,8,SP,Bauru,BYD,BYD SONG PRO GS DM,PHEV,2,2025-08-01,2026-10-02T12:42:14.337255+00:00,https://abve.org.br/abve-data/bi-geral/,"Consulta ABVE filtrada por município Bauru e UF SP; fluxo de emplacamentos, não frota.","O painel público não informa comprador, profissão, local de recarga ou transação individual. Registros são agregados por mês, modelo e município. Não usar para inferir causalidade ou ocupação de carregadores."
2025,8,SP,Bauru,BYD,BYD YUAN PRO GS 290EV,BEV,1,2025-08-01,2026-10-02T12:42:14.337255+00:00,https://abve.org.br/abve-data/bi-geral/,"Consulta ABVE filtrada por município Bauru e UF SP; fluxo de emplacamentos, não frota.","O painel público não informa comprador, profissão, local de recarga ou transação individual. Registros são agregados por mês, modelo e município. Não usar para inferir causalidade ou ocupação de carregadores."
2025,8,SP,Bauru,FIAT,FIAT FASTBACK AUDACE HYB,MHEV 12V,2,2025-08-01,2026-10-02T12:42:14.337255+00:00,https://abve.org.br/abve-data/bi-geral/,"Consulta ABVE filtrada por município Bauru e UF SP; fluxo de emplacamentos, não frota.","O painel público não informa comprador, profissão, local de recarga ou transação individual. Registros são agregados por mês, modelo e município. Não usar para inferir causalidade ou ocupação de carregadores."
2025,8,SP,Bauru,FIAT,FIAT FASTBACK IMPETUS HY,MHEV 12V,2,2025-08-01,2026-10-02T12:42:14.337255+00:00,https://abve.org.br/abve-data/bi-geral/,"Consulta ABVE filtrada por município Bauru e UF SP; fluxo de emplacamentos, não frota.","O painel público não informa comprador, profissão, local de recarga ou transação individual. Registros são agregados por mês, modelo e município. Não usar para inferir causalidade ou ocupação de carregadores."
2025,8,SP,Bauru,FIAT,FIAT PULSE AUDACE HYB,MHEV 12V,1,2025-08-01,2026-10-02T12:42:14.337255+00:00,https://abve.org.br/abve-data/bi-geral/,"Consulta ABVE filtrada por município Bauru e UF SP; fluxo de emplacamentos, não frota.","O painel público não informa comprador, profissão, local de recarga ou transação individual. Registros são agregados por mês, modelo e município. Não usar para inferir causalidade ou ocupação de carregadores."
2025,8,SP,Bauru,GAC,GAC HYPTEC HT ULTRA,BEV,1,2025-08-01,2026-10-02T12:42:14.337255+00:00,https://abve.org.br/abve-data/bi-geral/,"Consulta ABVE filtrada por município Bauru e UF SP; fluxo de emplacamentos, não frota.","O painel público não informa comprador, profissão, local de recarga ou transação individual. Registros são agregados por mês, modelo e município. Não usar para inferir causalidade ou ocupação de carregadores."
2025,8,SP,Bauru,GM,CHEV SPARK EUV ACTIV,BEV,3,2025-08-01,2026-10-02T12:42:14.337255+00:00,https://abve.org.br/abve-data/bi-geral/,"Consulta ABVE filtrada por município Bauru e UF SP; fluxo de emplacamentos, não frota.","O painel público não informa comprador, profissão, local de recarga ou transação individual. Registros são agregados por mês, modelo e município. Não usar para inferir causalidade ou ocupação de carregadores."
2025,8,SP,Bauru,GWM,GWM HAVAL H6 GT,PHEV,3,2025-08-01,2026-10-02T12:42:14.337255+00:00,https://abve.org.br/abve-data/bi-geral/,"Consulta ABVE filtrada por município Bauru e UF SP; fluxo de emplacamentos, não frota.","O painel público não informa comprador, profissão, local de recarga ou transação individual. Registros são agregados por mês, modelo e município. Não usar para inferir causalidade ou ocupação de carregadores."
2025,8,SP,Bauru,GWM,GWM HAVAL H6 HEV,HEV,4,2025-08-01,2026-10-02T12:42:14.337255+00:00,https://abve.org.br/abve-data/bi-geral/,"Consulta ABVE filtrada por município Bauru e UF SP; fluxo de emplacamentos, não frota.","O painel público não informa comprador, profissão, local de recarga ou transação individual. Registros são agregados por mês, modelo e município. Não usar para inferir causalidade ou ocupação de carregadores."
2025,8,SP,Bauru,GWM,GWM HAVAL H6 PHEV,PHEV,1,2025-08-01,2026-10-02T12:42:14.337255+00:00,https://abve.org.br/abve-data/bi-geral/,"Consulta ABVE filtrada por município Bauru e UF SP; fluxo de emplacamentos, não frota.","O painel público não informa comprador, profissão, local de recarga ou transação individual. Registros são agregados por mês, modelo e município. Não usar para inferir causalidade ou ocupação de carregadores."
2025,8,SP,Bauru,GWM,GWM HAVAL H6 PHEV 19,PHEV,5,2025-08-01,2026-10-02T12:42:14.337255+00:00,https://abve.org.br/abve-data/bi-geral/,"Consulta ABVE filtrada por município Bauru e UF SP; fluxo de emplacamentos, não frota.","O painel público não informa comprador, profissão, local de recarga ou transação individual. Registros são agregados por mês, modelo e município. Não usar para inferir causalidade ou ocupação de carregadores."
2025,8,SP,Bauru,GWM,GWM HAVAL H6 PREM PHEV,PHEV,1,2025-08-01,2026-10-02T12:42:14.337255+00:00,https://abve.org.br/abve-data/bi-geral/,"Consulta ABVE filtrada por município Bauru e UF SP; fluxo de emplacamentos, não frota.","O painel público não informa comprador, profissão, local de recarga ou transação individual. Registros são agregados por mês, modelo e município. Não usar para inferir causalidade ou ocupação de carregadores."
2025,8,SP,Bauru,GWM,GWM ORA 03 SKIN BEV48,BEV,2,2025-08-01,2026-10-02T12:42:14.337255+00:00,https://abve.org.br/abve-data/bi-geral/,"Consulta ABVE filtrada por município Bauru e UF SP; fluxo de emplacamentos, não frota.","O painel público não informa comprador, profissão, local de recarga ou transação individual. Registros são agregados por mês, modelo e município. Não usar para inferir causalidade ou ocupação de carregadores."
2025,8,SP,Bauru,HITECH,AOXIN HITECH ECOTECH 2,BEV,1,2025-08-01,2026-10-02T12:42:14.337255+00:00,https://abve.org.br/abve-data/bi-geral/,"Consulta ABVE filtrada por município Bauru e UF SP; fluxo de emplacamentos, não frota.","O painel público não informa comprador, profissão, local de recarga ou transação individual. Registros são agregados por mês, modelo e município. Não usar para inferir causalidade ou ocupação de carregadores."
2025,8,SP,Bauru,LAND ROVER,LR DISC D350 LE,MHEV 48V,1,2025-08-01,2026-10-02T12:42:14.337255+00:00,https://abve.org.br/abve-data/bi-geral/,"Consulta ABVE filtrada por município Bauru e UF SP; fluxo de emplacamentos, não frota.","O painel público não informa comprador, profissão, local de recarga ou transação individual. Registros são agregados por mês, modelo e município. Não usar para inferir causalidade ou ocupação de carregadores."
2025,8,SP,Bauru,M.BENZ,M.BENZ C200 AMG LINE,MHEV 48V,1,2025-08-01,2026-10-02T12:42:14.337255+00:00,https://abve.org.br/abve-data/bi-geral/,"Consulta ABVE filtrada por município Bauru e UF SP; fluxo de emplacamentos, não frota.","O painel público não informa comprador, profissão, local de recarga ou transação individual. Registros são agregados por mês, modelo e município. Não usar para inferir causalidade ou ocupação de carregadores."
2025,8,SP,Bauru,OMODA JAECOO,JAECOO 7 LUXURY,PHEV,1,2025-08-01,2026-10-02T12:42:14.337255+00:00,https://abve.org.br/abve-data/bi-geral/,"Consulta ABVE filtrada por município Bauru e UF SP; fluxo de emplacamentos, não frota.","O painel público não informa comprador, profissão, local de recarga ou transação individual. Registros são agregados por mês, modelo e município. Não usar para inferir causalidade ou ocupação de carregadores."
2025,8,SP,Bauru,OMODA JAECOO,JAECOO 7 PRESTIGE,PHEV,2,2025-08-01,2026-10-02T12:42:14.337255+00:00,https://abve.org.br/abve-data/bi-geral/,"Consulta ABVE filtrada por município Bauru e UF SP; fluxo de emplacamentos, não frota.","O painel público não informa comprador, profissão, local de recarga ou transação individual. Registros são agregados por mês, modelo e município. Não usar para inferir causalidade ou ocupação de carregadores."
2025,8,SP,Bauru,OMODA JAECOO,OMODA E5,BEV,1,2025-08-01,2026-10-02T12:42:14.337255+00:00,https://abve.org.br/abve-data/bi-geral/,"Consulta ABVE filtrada por município Bauru e UF SP; fluxo de emplacamentos, não frota.","O painel público não informa comprador, profissão, local de recarga ou transação individual. Registros são agregados por mês, modelo e município. Não usar para inferir causalidade ou ocupação de carregadores."
2025,8,SP,Bauru,PORSCHE,PORSCHE CAYENNE S PHEV,PHEV,1,2025-08-01,2026-10-02T12:42:14.337255+00:00,https://abve.org.br/abve-data/bi-geral/,"Consulta ABVE filtrada por município Bauru e UF SP; fluxo de emplacamentos, não frota.","O painel público não informa comprador, profissão, local de recarga ou transação individual. Registros são agregados por mês, modelo e município. Não usar para inferir causalidade ou ocupação de carregadores."
2025,8,SP,Bauru,TOYOTA,TOYOTA CCROSS XRX HYBRID,HEV FLEX,7,2025-08-01,2026-10-02T12:42:14.337255+00:00,https://abve.org.br/abve-data/bi-geral/,"Consulta ABVE filtrada por município Bauru e UF SP; fluxo de emplacamentos, não frota.","O painel público não informa comprador, profissão, local de recarga ou transação individual. Registros são agregados por mês, modelo e município. Não usar para inferir causalidade ou ocupação de carregadores."
2025,8,SP,Bauru,TOYOTA,TOYOTA COROLLA APREMIUMH,HEV FLEX,1,2025-08-01,2026-10-02T12:42:14.337255+00:00,https://abve.org.br/abve-data/bi-geral/,"Consulta ABVE filtrada por município Bauru e UF SP; fluxo de emplacamentos, não frota.","O painel público não informa comprador, profissão, local de recarga ou transação individual. Registros são agregados por mês, modelo e município. Não usar para inferir causalidade ou ocupação de carregadores."
2025,8,SP,Bauru,TOYOTA,TOYOTA RAV4H SXAWD CNT,HEV,1,2025-08-01,2026-10-02T12:42:14.337255+00:00,https://abve.org.br/abve-data/bi-geral/,"Consulta ABVE filtrada por município Bauru e UF SP; fluxo de emplacamentos, não frota.","O painel público não informa comprador, profissão, local de recarga ou transação individual. Registros são agregados por mês, modelo e município. Não usar para inferir causalidade ou ocupação de carregadores."
2025,8,SP,Bauru,VOLVO,VOLVO XC90 T8 AWD ULT,PHEV,1,2025-08-01,2026-10-02T12:42:14.337255+00:00,https://abve.org.br/abve-data/bi-geral/,"Consulta ABVE filtrada por município Bauru e UF SP; fluxo de emplacamentos, não frota.","O painel público não informa comprador, profissão, local de recarga ou transação individual. Registros são agregados por mês, modelo e município. Não usar para inferir causalidade ou ocupação de carregadores."
2025,9,SP,Bauru,BYD,BYD DOLPHIN MINI GS5EV,BEV,16,2025-09-01,2026-10-02T12:42:14.337255+00:00,https://abve.org.br/abve-data/bi-geral/,"Consulta ABVE filtrada por município Bauru e UF SP; fluxo de emplacamentos, não frota.","O painel público não informa comprador, profissão, local de recarga ou transação individual. Registros são agregados por mês, modelo e município. Não usar para inferir causalidade ou ocupação de carregadores."
2025,9,SP,Bauru,BYD,BYD KING GS DM,PHEV,11,2025-09-01,2026-10-02T12:42:14.337255+00:00,https://abve.org.br/abve-data/bi-geral/,"Consulta ABVE filtrada por município Bauru e UF SP; fluxo de emplacamentos, não frota.","O painel público não informa comprador, profissão, local de recarga ou transação individual. Registros são agregados por mês, modelo e município. Não usar para inferir causalidade ou ocupação de carregadores."
2025,9,SP,Bauru,BYD,BYD SEAL AWD GS 590EV,BEV,2,2025-09-01,2026-10-02T12:42:14.337255+00:00,https://abve.org.br/abve-data/bi-geral/,"Consulta ABVE filtrada por município Bauru e UF SP; fluxo de emplacamentos, não frota.","O painel público não informa comprador, profissão, local de recarga ou transação individual. Registros são agregados por mês, modelo e município. Não usar para inferir causalidade ou ocupação de carregadores."
2025,9,SP,Bauru,BYD,BYD SONG PLUS GS DM,PHEV,4,2025-09-01,2026-10-02T12:42:14.337255+00:00,https://abve.org.br/abve-data/bi-geral/,"Consulta ABVE filtrada por município Bauru e UF SP; fluxo de emplacamentos, não frota.","O painel público não informa comprador, profissão, local de recarga ou transação individual. Registros são agregados por mês, modelo e município. Não usar para inferir causalidade ou ocupação de carregadores."
2025,9,SP,Bauru,BYD,BYD SONG PLUS PREM DM,PHEV,2,2025-09-01,2026-10-02T12:42:14.337255+00:00,https://abve.org.br/abve-data/bi-geral/,"Consulta ABVE filtrada por município Bauru e UF SP; fluxo de emplacamentos, não frota.","O painel público não informa comprador, profissão, local de recarga ou transação individual. Registros são agregados por mês, modelo e município. Não usar para inferir causalidade ou ocupação de carregadores."
2025,9,SP,Bauru,BYD,BYD SONG PRO GS DM,PHEV,5,2025-09-01,2026-10-02T12:42:14.337255+00:00,https://abve.org.br/abve-data/bi-geral/,"Consulta ABVE filtrada por município Bauru e UF SP; fluxo de emplacamentos, não frota.","O painel público não informa comprador, profissão, local de recarga ou transação individual. Registros são agregados por mês, modelo e município. Não usar para inferir causalidade ou ocupação de carregadores."
2025,9,SP,Bauru,CAOA CHERY,CAOACHERY TIGGO7 PRO HA,MHEV 48V,1,2025-09-01,2026-10-02T12:42:14.337255+00:00,https://abve.org.br/abve-data/bi-geral/,"Consulta ABVE filtrada por município Bauru e UF SP; fluxo de emplacamentos, não frota.","O painel público não informa comprador, profissão, local de recarga ou transação individual. Registros são agregados por mês, modelo e município. Não usar para inferir causalidade ou ocupação de carregadores."
2025,9,SP,Bauru,FIAT,FIAT FASTBACK AUDACE HYB,MHEV 12V,4,2025-09-01,2026-10-02T12:42:14.337255+00:00,https://abve.org.br/abve-data/bi-geral/,"Consulta ABVE filtrada por município Bauru e UF SP; fluxo de emplacamentos, não frota.","O painel público não informa comprador, profissão, local de recarga ou transação individual. Registros são agregados por mês, modelo e município. Não usar para inferir causalidade ou ocupação de carregadores."
2025,9,SP,Bauru,FIAT,FIAT FASTBACK IMPETUS HY,MHEV 12V,4,2025-09-01,2026-10-02T12:42:14.337255+00:00,https://abve.org.br/abve-data/bi-geral/,"Consulta ABVE filtrada por município Bauru e UF SP; fluxo de emplacamentos, não frota.","O painel público não informa comprador, profissão, local de recarga ou transação individual. Registros são agregados por mês, modelo e município. Não usar para inferir causalidade ou ocupação de carregadores."
2025,9,SP,Bauru,FIAT,FIAT PULSE AUDACE HYB,MHEV 12V,4,2025-09-01,2026-10-02T12:42:14.337255+00:00,https://abve.org.br/abve-data/bi-geral/,"Consulta ABVE filtrada por município Bauru e UF SP; fluxo de emplacamentos, não frota.","O painel público não informa comprador, profissão, local de recarga ou transação individual. Registros são agregados por mês, modelo e município. Não usar para inferir causalidade ou ocupação de carregadores."
2025,9,SP,Bauru,GAC,GAC GS4 ELITE,HEV,1,2025-09-01,2026-10-02T12:42:14.337255+00:00,https://abve.org.br/abve-data/bi-geral/,"Consulta ABVE filtrada por município Bauru e UF SP; fluxo de emplacamentos, não frota.","O painel público não informa comprador, profissão, local de recarga ou transação individual. Registros são agregados por mês, modelo e município. Não usar para inferir causalidade ou ocupação de carregadores."
2025,9,SP,Bauru,GAC,GAC GS4 PREMIUM,BEV,1,2025-09-01,2026-10-02T12:42:14.337255+00:00,https://abve.org.br/abve-data/bi-geral/,"Consulta ABVE filtrada por município Bauru e UF SP; fluxo de emplacamentos, não frota.","O painel público não informa comprador, profissão, local de recarga ou transação individual. Registros são agregados por mês, modelo e município. Não usar para inferir causalidade ou ocupação de carregadores."
2025,9,SP,Bauru,GM,CHEV SPARK EUV ACTIV,BEV,3,2025-09-01,2026-10-02T12:42:14.337255+00:00,https://abve.org.br/abve-data/bi-geral/,"Consulta ABVE filtrada por município Bauru e UF SP; fluxo de emplacamentos, não frota.","O painel público não informa comprador, profissão, local de recarga ou transação individual. Registros são agregados por mês, modelo e município. Não usar para inferir causalidade ou ocupação de carregadores."
2025,9,SP,Bauru,GWM,GWM HAVAL H6 HEV,HEV,8,2025-09-01,2026-10-02T12:42:14.337255+00:00,https://abve.org.br/abve-data/bi-geral/,"Consulta ABVE filtrada por município Bauru e UF SP; fluxo de emplacamentos, não frota.","O painel público não informa comprador, profissão, local de recarga ou transação individual. Registros são agregados por mês, modelo e município. Não usar para inferir causalidade ou ocupação de carregadores."
2025,9,SP,Bauru,GWM,GWM HAVAL H6 PHEV,PHEV,1,2025-09-01,2026-10-02T12:42:14.337255+00:00,https://abve.org.br/abve-data/bi-geral/,"Consulta ABVE filtrada por município Bauru e UF SP; fluxo de emplacamentos, não frota.","O painel público não informa comprador, profissão, local de recarga ou transação individual. Registros são agregados por mês, modelo e município. Não usar para inferir causalidade ou ocupação de carregadores."
2025,9,SP,Bauru,GWM,GWM HAVAL H6 PHEV 19,PHEV,8,2025-09-01,2026-10-02T12:42:14.337255+00:00,https://abve.org.br/abve-data/bi-geral/,"Consulta ABVE filtrada por município Bauru e UF SP; fluxo de emplacamentos, não frota.","O painel público não informa comprador, profissão, local de recarga ou transação individual. Registros são agregados por mês, modelo e município. Não usar para inferir causalidade ou ocupação de carregadores."
2025,9,SP,Bauru,GWM,GWM ORA 03 GT BEV63,BEV,1,2025-09-01,2026-10-02T12:42:14.337255+00:00,https://abve.org.br/abve-data/bi-geral/,"Consulta ABVE filtrada por município Bauru e UF SP; fluxo de emplacamentos, não frota.","O painel público não informa comprador, profissão, local de recarga ou transação individual. Registros são agregados por mês, modelo e município. Não usar para inferir causalidade ou ocupação de carregadores."
2025,9,SP,Bauru,GWM,GWM ORA 03 SKIN BEV48,BEV,1,2025-09-01,2026-10-02T12:42:14.337255+00:00,https://abve.org.br/abve-data/bi-geral/,"Consulta ABVE filtrada por município Bauru e UF SP; fluxo de emplacamentos, não frota.","O painel público não informa comprador, profissão, local de recarga ou transação individual. Registros são agregados por mês, modelo e município. Não usar para inferir causalidade ou ocupação de carregadores."
2025,9,SP,Bauru,GWM,GWM TANK 300 PHEV,PHEV,1,2025-09-01,2026-10-02T12:42:14.337255+00:00,https://abve.org.br/abve-data/bi-geral/,"Consulta ABVE filtrada por município Bauru e UF SP; fluxo de emplacamentos, não frota.","O painel público não informa comprador, profissão, local de recarga ou transação individual. Registros são agregados por mês, modelo e município. Não usar para inferir causalidade ou ocupação de carregadores."
2025,9,SP,Bauru,HONDA,HONDA CR-V FH-TOU,HEV,1,2025-09-01,2026-10-02T12:42:14.337255+00:00,https://abve.org.br/abve-data/bi-geral/,"Consulta ABVE filtrada por município Bauru e UF SP; fluxo de emplacamentos, não frota.","O painel público não informa comprador, profissão, local de recarga ou transação individual. Registros são agregados por mês, modelo e município. Não usar para inferir causalidade ou ocupação de carregadores."
2025,9,SP,Bauru,HYUNDAI,HYD KONA H 16GDI SIG,HEV,1,2025-09-01,2026-10-02T12:42:14.337255+00:00,https://abve.org.br/abve-data/bi-geral/,"Consulta ABVE filtrada por município Bauru e UF SP; fluxo de emplacamentos, não frota.","O painel público não informa comprador, profissão, local de recarga ou transação individual. Registros são agregados por mês, modelo e município. Não usar para inferir causalidade ou ocupação de carregadores."
2025,9,SP,Bauru,M.BENZ,M.BENZ C200 AMG LINE,MHEV 48V,2,2025-09-01,2026-10-02T12:42:14.337255+00:00,https://abve.org.br/abve-data/bi-geral/,"Consulta ABVE filtrada por município Bauru e UF SP; fluxo de emplacamentos, não frota.","O painel público não informa comprador, profissão, local de recarga ou transação individual. Registros são agregados por mês, modelo e município. Não usar para inferir causalidade ou ocupação de carregadores."
2025,9,SP,Bauru,M.BENZ,M.BENZ CLA200 PROG,MHEV 48V,2,2025-09-01,2026-10-02T12:42:14.337255+00:00,https://abve.org.br/abve-data/bi-geral/,"Consulta ABVE filtrada por município Bauru e UF SP; fluxo de emplacamentos, não frota.","O painel público não informa comprador, profissão, local de recarga ou transação individual. Registros são agregados por mês, modelo e município. Não usar para inferir causalidade ou ocupação de carregadores."
2025,9,SP,Bauru,OMODA JAECOO,JAECOO 7 LUXURY,PHEV,3,2025-09-01,2026-10-02T12:42:14.337255+00:00,https://abve.org.br/abve-data/bi-geral/,"Consulta ABVE filtrada por município Bauru e UF SP; fluxo de emplacamentos, não frota.","O painel público não informa comprador, profissão, local de recarga ou transação individual. Registros são agregados por mês, modelo e município. Não usar para inferir causalidade ou ocupação de carregadores."
2025,9,SP,Bauru,OMODA JAECOO,JAECOO 7 PRESTIGE,PHEV,1,2025-09-01,2026-10-02T12:42:14.337255+00:00,https://abve.org.br/abve-data/bi-geral/,"Consulta ABVE filtrada por município Bauru e UF SP; fluxo de emplacamentos, não frota.","O painel público não informa comprador, profissão, local de recarga ou transação individual. Registros são agregados por mês, modelo e município. Não usar para inferir causalidade ou ocupação de carregadores."
2025,9,SP,Bauru,OMODA JAECOO,OMODA E5,BEV,1,2025-09-01,2026-10-02T12:42:14.337255+00:00,https://abve.org.br/abve-data/bi-geral/,"Consulta ABVE filtrada por município Bauru e UF SP; fluxo de emplacamentos, não frota.","O painel público não informa comprador, profissão, local de recarga ou transação individual. Registros são agregados por mês, modelo e município. Não usar para inferir causalidade ou ocupação de carregadores."
2025,9,SP,Bauru,PEUGEOT,PEUGEOT 2008 GT HYBRID,MHEV 12V,1,2025-09-01,2026-10-02T12:42:14.337255+00:00,https://abve.org.br/abve-data/bi-geral/,"Consulta ABVE filtrada por município Bauru e UF SP; fluxo de emplacamentos, não frota.","O painel público não informa comprador, profissão, local de recarga ou transação individual. Registros são agregados por mês, modelo e município. Não usar para inferir causalidade ou ocupação de carregadores."
2025,9,SP,Bauru,PEUGEOT,PEUGEOT 208 GT HYBRID,MHEV 12V,2,2025-09-01,2026-10-02T12:42:14.337255+00:00,https://abve.org.br/abve-data/bi-geral/,"Consulta ABVE filtrada por município Bauru e UF SP; fluxo de emplacamentos, não frota.","O painel público não informa comprador, profissão, local de recarga ou transação individual. Registros são agregados por mês, modelo e município. Não usar para inferir causalidade ou ocupação de carregadores."
2025,9,SP,Bauru,PORSCHE,PORSCHE CAYENNE S PHEV,PHEV,1,2025-09-01,2026-10-02T12:42:14.337255+00:00,https://abve.org.br/abve-data/bi-geral/,"Consulta ABVE filtrada por município Bauru e UF SP; fluxo de emplacamentos, não frota.","O painel público não informa comprador, profissão, local de recarga ou transação individual. Registros são agregados por mês, modelo e município. Não usar para inferir causalidade ou ocupação de carregadores."
2025,9,SP,Bauru,PORSCHE,PORSCHE PANAMERA 4SEHY,PHEV,1,2025-09-01,2026-10-02T12:42:14.337255+00:00,https://abve.org.br/abve-data/bi-geral/,"Consulta ABVE filtrada por município Bauru e UF SP; fluxo de emplacamentos, não frota.","O painel público não informa comprador, profissão, local de recarga ou transação individual. Registros são agregados por mês, modelo e município. Não usar para inferir causalidade ou ocupação de carregadores."
2025,9,SP,Bauru,TOYOTA,TOYOTA CCROSS XRX HYBRID,HEV FLEX,11,2025-09-01,2026-10-02T12:42:14.337255+00:00,https://abve.org.br/abve-data/bi-geral/,"Consulta ABVE filtrada por município Bauru e UF SP; fluxo de emplacamentos, não frota.","O painel público não informa comprador, profissão, local de recarga ou transação individual. Registros são agregados por mês, modelo e município. Não usar para inferir causalidade ou ocupação de carregadores."
2025,9,SP,Bauru,TOYOTA,TOYOTA COROLLA GLI HEV,HEV FLEX,2,2025-09-01,2026-10-02T12:42:14.337255+00:00,https://abve.org.br/abve-data/bi-geral/,"Consulta ABVE filtrada por município Bauru e UF SP; fluxo de emplacamentos, não frota.","O painel público não informa comprador, profissão, local de recarga ou transação individual. Registros são agregados por mês, modelo e município. Não usar para inferir causalidade ou ocupação de carregadores."
2025,9,SP,Bauru,VOLVO,VOLVO XC60 T8 PLUS,PHEV,1,2025-09-01,2026-10-02T12:42:14.337255+00:00,https://abve.org.br/abve-data/bi-geral/,"Consulta ABVE filtrada por município Bauru e UF SP; fluxo de emplacamentos, não frota.","O painel público não informa comprador, profissão, local de recarga ou transação individual. Registros são agregados por mês, modelo e município. Não usar para inferir causalidade ou ocupação de carregadores."
2025,9,SP,Bauru,VOLVO,VOLVO XC60 T8 ULTRA,PHEV,1,2025-09-01,2026-10-02T12:42:14.337255+00:00,https://abve.org.br/abve-data/bi-geral/,"Consulta ABVE filtrada por município Bauru e UF SP; fluxo de emplacamentos, não frota.","O painel público não informa comprador, profissão, local de recarga ou transação individual. Registros são agregados por mês, modelo e município. Não usar para inferir causalidade ou ocupação de carregadores."
2025,9,SP,Bauru,VOLVO,VOLVO XC90 T8 AWD PLUS,PHEV,1,2025-09-01,2026-10-02T12:42:14.337255+00:00,https://abve.org.br/abve-data/bi-geral/,"Consulta ABVE filtrada por município Bauru e UF SP; fluxo de emplacamentos, não frota.","O painel público não informa comprador, profissão, local de recarga ou transação individual. Registros são agregados por mês, modelo e município. Não usar para inferir causalidade ou ocupação de carregadores."
2025,9,SP,Bauru,ZEEKR,ZEEKR 7X FLAGSHIP AWD,BEV,1,2025-09-01,2026-10-02T12:42:14.337255+00:00,https://abve.org.br/abve-data/bi-geral/,"Consulta ABVE filtrada por município Bauru e UF SP; fluxo de emplacamentos, não frota.","O painel público não informa comprador, profissão, local de recarga ou transação individual. Registros são agregados por mês, modelo e município. Não usar para inferir causalidade ou ocupação de carregadores."
2025,10,SP,Bauru,BMW,BMW X5 XDRIVE50E MSP,PHEV,1,2025-10-01,2026-10-02T12:42:14.337255+00:00,https://abve.org.br/abve-data/bi-geral/,"Consulta ABVE filtrada por município Bauru e UF SP; fluxo de emplacamentos, não frota.","O painel público não informa comprador, profissão, local de recarga ou transação individual. Registros são agregados por mês, modelo e município. Não usar para inferir causalidade ou ocupação de carregadores."
2025,10,SP,Bauru,BYD,BYD DOLPHIN MINI GS5EV,BEV,18,2025-10-01,2026-10-02T12:42:14.337255+00:00,https://abve.org.br/abve-data/bi-geral/,"Consulta ABVE filtrada por município Bauru e UF SP; fluxo de emplacamentos, não frota.","O painel público não informa comprador, profissão, local de recarga ou transação individual. Registros são agregados por mês, modelo e município. Não usar para inferir causalidade ou ocupação de carregadores."
2025,10,SP,Bauru,BYD,BYD DOLPHIN PLUS 310EV,BEV,1,2025-10-01,2026-10-02T12:42:14.337255+00:00,https://abve.org.br/abve-data/bi-geral/,"Consulta ABVE filtrada por município Bauru e UF SP; fluxo de emplacamentos, não frota.","O painel público não informa comprador, profissão, local de recarga ou transação individual. Registros são agregados por mês, modelo e município. Não usar para inferir causalidade ou ocupação de carregadores."
2025,10,SP,Bauru,BYD,BYD KING GS DM,PHEV,3,2025-10-01,2026-10-02T12:42:14.337255+00:00,https://abve.org.br/abve-data/bi-geral/,"Consulta ABVE filtrada por município Bauru e UF SP; fluxo de emplacamentos, não frota.","O painel público não informa comprador, profissão, local de recarga ou transação individual. Registros são agregados por mês, modelo e município. Não usar para inferir causalidade ou ocupação de carregadores."
2025,10,SP,Bauru,BYD,BYD SEAL AWD GS 590EV,BEV,1,2025-10-01,2026-10-02T12:42:14.337255+00:00,https://abve.org.br/abve-data/bi-geral/,"Consulta ABVE filtrada por município Bauru e UF SP; fluxo de emplacamentos, não frota.","O painel público não informa comprador, profissão, local de recarga ou transação individual. Registros são agregados por mês, modelo e município. Não usar para inferir causalidade ou ocupação de carregadores."
2025,10,SP,Bauru,BYD,BYD SONG PLUS GS DM,PHEV,13,2025-10-01,2026-10-02T12:42:14.337255+00:00,https://abve.org.br/abve-data/bi-geral/,"Consulta ABVE filtrada por município Bauru e UF SP; fluxo de emplacamentos, não frota.","O painel público não informa comprador, profissão, local de recarga ou transação individual. Registros são agregados por mês, modelo e município. Não usar para inferir causalidade ou ocupação de carregadores."
2025,10,SP,Bauru,BYD,BYD SONG PLUS PREM DM,PHEV,4,2025-10-01,2026-10-02T12:42:14.337255+00:00,https://abve.org.br/abve-data/bi-geral/,"Consulta ABVE filtrada por município Bauru e UF SP; fluxo de emplacamentos, não frota.","O painel público não informa comprador, profissão, local de recarga ou transação individual. Registros são agregados por mês, modelo e município. Não usar para inferir causalidade ou ocupação de carregadores."
2025,10,SP,Bauru,BYD,BYD SONG PRO GS DM,PHEV,3,2025-10-01,2026-10-02T12:42:14.337255+00:00,https://abve.org.br/abve-data/bi-geral/,"Consulta ABVE filtrada por município Bauru e UF SP; fluxo de emplacamentos, não frota.","O painel público não informa comprador, profissão, local de recarga ou transação individual. Registros são agregados por mês, modelo e município. Não usar para inferir causalidade ou ocupação de carregadores."
2025,10,SP,Bauru,BYD,BYD YUAN PLUS GL 310EV,BEV,1,2025-10-01,2026-10-02T12:42:14.337255+00:00,https://abve.org.br/abve-data/bi-geral/,"Consulta ABVE filtrada por município Bauru e UF SP; fluxo de emplacamentos, não frota.","O painel público não informa comprador, profissão, local de recarga ou transação individual. Registros são agregados por mês, modelo e município. Não usar para inferir causalidade ou ocupação de carregadores."
2025,10,SP,Bauru,BYD,BYD YUAN PRO GS 290EV,BEV,1,2025-10-01,2026-10-02T12:42:14.337255+00:00,https://abve.org.br/abve-data/bi-geral/,"Consulta ABVE filtrada por município Bauru e UF SP; fluxo de emplacamentos, não frota.","O painel público não informa comprador, profissão, local de recarga ou transação individual. Registros são agregados por mês, modelo e município. Não usar para inferir causalidade ou ocupação de carregadores."
2025,10,SP,Bauru,FIAT,FIAT FASTBACK AUDACE HYB,MHEV 12V,4,2025-10-01,2026-10-02T12:42:14.337255+00:00,https://abve.org.br/abve-data/bi-geral/,"Consulta ABVE filtrada por município Bauru e UF SP; fluxo de emplacamentos, não frota.","O painel público não informa comprador, profissão, local de recarga ou transação individual. Registros são agregados por mês, modelo e município. Não usar para inferir causalidade ou ocupação de carregadores."
2025,10,SP,Bauru,FIAT,FIAT PULSE AUDACE HYB,MHEV 12V,4,2025-10-01,2026-10-02T12:42:14.337255+00:00,https://abve.org.br/abve-data/bi-geral/,"Consulta ABVE filtrada por município Bauru e UF SP; fluxo de emplacamentos, não frota.","O painel público não informa comprador, profissão, local de recarga ou transação individual. Registros são agregados por mês, modelo e município. Não usar para inferir causalidade ou ocupação de carregadores."
2025,10,SP,Bauru,FIAT,FIAT PULSE IMPETUS HYB,MHEV 12V,1,2025-10-01,2026-10-02T12:42:14.337255+00:00,https://abve.org.br/abve-data/bi-geral/,"Consulta ABVE filtrada por município Bauru e UF SP; fluxo de emplacamentos, não frota.","O painel público não informa comprador, profissão, local de recarga ou transação individual. Registros são agregados por mês, modelo e município. Não usar para inferir causalidade ou ocupação de carregadores."
2025,10,SP,Bauru,GAC,GAC AION V ELITE,BEV,1,2025-10-01,2026-10-02T12:42:14.337255+00:00,https://abve.org.br/abve-data/bi-geral/,"Consulta ABVE filtrada por município Bauru e UF SP; fluxo de emplacamentos, não frota.","O painel público não informa comprador, profissão, local de recarga ou transação individual. Registros são agregados por mês, modelo e município. Não usar para inferir causalidade ou ocupação de carregadores."
2025,10,SP,Bauru,GAC,GAC AION Y ELITE,BEV,1,2025-10-01,2026-10-02T12:42:14.337255+00:00,https://abve.org.br/abve-data/bi-geral/,"Consulta ABVE filtrada por município Bauru e UF SP; fluxo de emplacamentos, não frota.","O painel público não informa comprador, profissão, local de recarga ou transação individual. Registros são agregados por mês, modelo e município. Não usar para inferir causalidade ou ocupação de carregadores."
2025,10,SP,Bauru,GAC,GAC GS4 ELITE,HEV,2,2025-10-01,2026-10-02T12:42:14.337255+00:00,https://abve.org.br/abve-data/bi-geral/,"Consulta ABVE filtrada por município Bauru e UF SP; fluxo de emplacamentos, não frota.","O painel público não informa comprador, profissão, local de recarga ou transação individual. Registros são agregados por mês, modelo e município. Não usar para inferir causalidade ou ocupação de carregadores."
2025,10,SP,Bauru,GAC,GAC GS4 PREMIUM,BEV,2,2025-10-01,2026-10-02T12:42:14.337255+00:00,https://abve.org.br/abve-data/bi-geral/,"Consulta ABVE filtrada por município Bauru e UF SP; fluxo de emplacamentos, não frota.","O painel público não informa comprador, profissão, local de recarga ou transação individual. Registros são agregados por mês, modelo e município. Não usar para inferir causalidade ou ocupação de carregadores."
2025,10,SP,Bauru,GM,CHEV SPARK EUV ACTIV,BEV,2,2025-10-01,2026-10-02T12:42:14.337255+00:00,https://abve.org.br/abve-data/bi-geral/,"Consulta ABVE filtrada por município Bauru e UF SP; fluxo de emplacamentos, não frota.","O painel público não informa comprador, profissão, local de recarga ou transação individual. Registros são agregados por mês, modelo e município. Não usar para inferir causalidade ou ocupação de carregadores."
2025,10,SP,Bauru,GWM,GWM HAVAL H6 GT,PHEV,2,2025-10-01,2026-10-02T12:42:14.337255+00:00,https://abve.org.br/abve-data/bi-geral/,"Consulta ABVE filtrada por município Bauru e UF SP; fluxo de emplacamentos, não frota.","O painel público não informa comprador, profissão, local de recarga ou transação individual. Registros são agregados por mês, modelo e município. Não usar para inferir causalidade ou ocupação de carregadores."
2025,10,SP,Bauru,GWM,GWM HAVAL H6 HEV,HEV,6,2025-10-01,2026-10-02T12:42:14.337255+00:00,https://abve.org.br/abve-data/bi-geral/,"Consulta ABVE filtrada por município Bauru e UF SP; fluxo de emplacamentos, não frota.","O painel público não informa comprador, profissão, local de recarga ou transação individual. Registros são agregados por mês, modelo e município. Não usar para inferir causalidade ou ocupação de carregadores."
2025,10,SP,Bauru,GWM,GWM HAVAL H6 PHEV 19,PHEV,6,2025-10-01,2026-10-02T12:42:14.337255+00:00,https://abve.org.br/abve-data/bi-geral/,"Consulta ABVE filtrada por município Bauru e UF SP; fluxo de emplacamentos, não frota.","O painel público não informa comprador, profissão, local de recarga ou transação individual. Registros são agregados por mês, modelo e município. Não usar para inferir causalidade ou ocupação de carregadores."
2025,10,SP,Bauru,GWM,GWM ORA 03 BEV58,BEV,1,2025-10-01,2026-10-02T12:42:14.337255+00:00,https://abve.org.br/abve-data/bi-geral/,"Consulta ABVE filtrada por município Bauru e UF SP; fluxo de emplacamentos, não frota.","O painel público não informa comprador, profissão, local de recarga ou transação individual. Registros são agregados por mês, modelo e município. Não usar para inferir causalidade ou ocupação de carregadores."
2025,10,SP,Bauru,GWM,GWM ORA 03 SKIN BEV48,BEV,1,2025-10-01,2026-10-02T12:42:14.337255+00:00,https://abve.org.br/abve-data/bi-geral/,"Consulta ABVE filtrada por município Bauru e UF SP; fluxo de emplacamentos, não frota.","O painel público não informa comprador, profissão, local de recarga ou transação individual. Registros são agregados por mês, modelo e município. Não usar para inferir causalidade ou ocupação de carregadores."
2025,10,SP,Bauru,GWM,GWM TANK 300 PHEV,PHEV,2,2025-10-01,2026-10-02T12:42:14.337255+00:00,https://abve.org.br/abve-data/bi-geral/,"Consulta ABVE filtrada por município Bauru e UF SP; fluxo de emplacamentos, não frota.","O painel público não informa comprador, profissão, local de recarga ou transação individual. Registros são agregados por mês, modelo e município. Não usar para inferir causalidade ou ocupação de carregadores."
2025,10,SP,Bauru,HONDA,HONDA CR-V FH-TOU,HEV,1,2025-10-01,2026-10-02T12:42:14.337255+00:00,https://abve.org.br/abve-data/bi-geral/,"Consulta ABVE filtrada por município Bauru e UF SP; fluxo de emplacamentos, não frota.","O painel público não informa comprador, profissão, local de recarga ou transação individual. Registros são agregados por mês, modelo e município. Não usar para inferir causalidade ou ocupação de carregadores."
2025,10,SP,Bauru,LEXUS,LEXUS RX500H F-SPORT,HEV,1,2025-10-01,2026-10-02T12:42:14.337255+00:00,https://abve.org.br/abve-data/bi-geral/,"Consulta ABVE filtrada por município Bauru e UF SP; fluxo de emplacamentos, não frota.","O painel público não informa comprador, profissão, local de recarga ou transação individual. Registros são agregados por mês, modelo e município. Não usar para inferir causalidade ou ocupação de carregadores."
2025,10,SP,Bauru,M.BENZ,M.BENZ GLA200 AMG LINE,MHEV 48V,1,2025-10-01,2026-10-02T12:42:14.337255+00:00,https://abve.org.br/abve-data/bi-geral/,"Consulta ABVE filtrada por município Bauru e UF SP; fluxo de emplacamentos, não frota.","O painel público não informa comprador, profissão, local de recarga ou transação individual. Registros são agregados por mês, modelo e município. Não usar para inferir causalidade ou ocupação de carregadores."
2025,10,SP,Bauru,OMODA JAECOO,JAECOO 7 LUXURY,PHEV,5,2025-10-01,2026-10-02T12:42:14.337255+00:00,https://abve.org.br/abve-data/bi-geral/,"Consulta ABVE filtrada por município Bauru e UF SP; fluxo de emplacamentos, não frota.","O painel público não informa comprador, profissão, local de recarga ou transação individual. Registros são agregados por mês, modelo e município. Não usar para inferir causalidade ou ocupação de carregadores."
2025,10,SP,Bauru,OMODA JAECOO,JAECOO 7 PRESTIGE,PHEV,3,2025-10-01,2026-10-02T12:42:14.337255+00:00,https://abve.org.br/abve-data/bi-geral/,"Consulta ABVE filtrada por município Bauru e UF SP; fluxo de emplacamentos, não frota.","O painel público não informa comprador, profissão, local de recarga ou transação individual. Registros são agregados por mês, modelo e município. Não usar para inferir causalidade ou ocupação de carregadores."
2025,10,SP,Bauru,OMODA JAECOO,OMODA E5,BEV,2,2025-10-01,2026-10-02T12:42:14.337255+00:00,https://abve.org.br/abve-data/bi-geral/,"Consulta ABVE filtrada por município Bauru e UF SP; fluxo de emplacamentos, não frota.","O painel público não informa comprador, profissão, local de recarga ou transação individual. Registros são agregados por mês, modelo e município. Não usar para inferir causalidade ou ocupação de carregadores."
2025,10,SP,Bauru,PEUGEOT,PEUGEOT 2008 GT HYBRID,MHEV 12V,1,2025-10-01,2026-10-02T12:42:14.337255+00:00,https://abve.org.br/abve-data/bi-geral/,"Consulta ABVE filtrada por município Bauru e UF SP; fluxo de emplacamentos, não frota.","O painel público não informa comprador, profissão, local de recarga ou transação individual. Registros são agregados por mês, modelo e município. Não usar para inferir causalidade ou ocupação de carregadores."
2025,10,SP,Bauru,PEUGEOT,PEUGEOT 208 GT HYBRID,MHEV 12V,1,2025-10-01,2026-10-02T12:42:14.337255+00:00,https://abve.org.br/abve-data/bi-geral/,"Consulta ABVE filtrada por município Bauru e UF SP; fluxo de emplacamentos, não frota.","O painel público não informa comprador, profissão, local de recarga ou transação individual. Registros são agregados por mês, modelo e município. Não usar para inferir causalidade ou ocupação de carregadores."
2025,10,SP,Bauru,PORSCHE,PORSCHE CAYENNE S PHEV,PHEV,1,2025-10-01,2026-10-02T12:42:14.337255+00:00,https://abve.org.br/abve-data/bi-geral/,"Consulta ABVE filtrada por município Bauru e UF SP; fluxo de emplacamentos, não frota.","O painel público não informa comprador, profissão, local de recarga ou transação individual. Registros são agregados por mês, modelo e município. Não usar para inferir causalidade ou ocupação de carregadores."
2025,10,SP,Bauru,RENAULT,RENAULT E-KWID INTENS,BEV,1,2025-10-01,2026-10-02T12:42:14.337255+00:00,https://abve.org.br/abve-data/bi-geral/,"Consulta ABVE filtrada por município Bauru e UF SP; fluxo de emplacamentos, não frota.","O painel público não informa comprador, profissão, local de recarga ou transação individual. Registros são agregados por mês, modelo e município. Não usar para inferir causalidade ou ocupação de carregadores."
2025,10,SP,Bauru,TOYOTA,TOYOTA CCROSS XRX HYBRID,HEV FLEX,2,2025-10-01,2026-10-02T12:42:14.337255+00:00,https://abve.org.br/abve-data/bi-geral/,"Consulta ABVE filtrada por município Bauru e UF SP; fluxo de emplacamentos, não frota.","O painel público não informa comprador, profissão, local de recarga ou transação individual. Registros são agregados por mês, modelo e município. Não usar para inferir causalidade ou ocupação de carregadores."
2025,10,SP,Bauru,VOLVO,VOLVO EX30 E40 CORE,BEV,1,2025-10-01,2026-10-02T12:42:14.337255+00:00,https://abve.org.br/abve-data/bi-geral/,"Consulta ABVE filtrada por município Bauru e UF SP; fluxo de emplacamentos, não frota.","O painel público não informa comprador, profissão, local de recarga ou transação individual. Registros são agregados por mês, modelo e município. Não usar para inferir causalidade ou ocupação de carregadores."
2025,11,SP,Bauru,BYD,BYD DOLPHIN GS 180EV,BEV,1,2025-11-01,2026-10-02T12:42:14.337255+00:00,https://abve.org.br/abve-data/bi-geral/,"Consulta ABVE filtrada por município Bauru e UF SP; fluxo de emplacamentos, não frota.","O painel público não informa comprador, profissão, local de recarga ou transação individual. Registros são agregados por mês, modelo e município. Não usar para inferir causalidade ou ocupação de carregadores."
2025,11,SP,Bauru,BYD,BYD DOLPHIN MINI GS5EV,BEV,12,2025-11-01,2026-10-02T12:42:14.337255+00:00,https://abve.org.br/abve-data/bi-geral/,"Consulta ABVE filtrada por município Bauru e UF SP; fluxo de emplacamentos, não frota.","O painel público não informa comprador, profissão, local de recarga ou transação individual. Registros são agregados por mês, modelo e município. Não usar para inferir causalidade ou ocupação de carregadores."
2025,11,SP,Bauru,BYD,BYD KING GS DM,PHEV,3,2025-11-01,2026-10-02T12:42:14.337255+00:00,https://abve.org.br/abve-data/bi-geral/,"Consulta ABVE filtrada por município Bauru e UF SP; fluxo de emplacamentos, não frota.","O painel público não informa comprador, profissão, local de recarga ou transação individual. Registros são agregados por mês, modelo e município. Não usar para inferir causalidade ou ocupação de carregadores."
2025,11,SP,Bauru,BYD,BYD SEAL AWD GS 590EV,BEV,1,2025-11-01,2026-10-02T12:42:14.337255+00:00,https://abve.org.br/abve-data/bi-geral/,"Consulta ABVE filtrada por município Bauru e UF SP; fluxo de emplacamentos, não frota.","O painel público não informa comprador, profissão, local de recarga ou transação individual. Registros são agregados por mês, modelo e município. Não usar para inferir causalidade ou ocupação de carregadores."
2025,11,SP,Bauru,BYD,BYD SONG PLUS GS DM,PHEV,8,2025-11-01,2026-10-02T12:42:14.337255+00:00,https://abve.org.br/abve-data/bi-geral/,"Consulta ABVE filtrada por município Bauru e UF SP; fluxo de emplacamentos, não frota.","O painel público não informa comprador, profissão, local de recarga ou transação individual. Registros são agregados por mês, modelo e município. Não usar para inferir causalidade ou ocupação de carregadores."
2025,11,SP,Bauru,BYD,BYD SONG PLUS PREM DM,PHEV,1,2025-11-01,2026-10-02T12:42:14.337255+00:00,https://abve.org.br/abve-data/bi-geral/,"Consulta ABVE filtrada por município Bauru e UF SP; fluxo de emplacamentos, não frota.","O painel público não informa comprador, profissão, local de recarga ou transação individual. Registros são agregados por mês, modelo e município. Não usar para inferir causalidade ou ocupação de carregadores."
2025,11,SP,Bauru,BYD,BYD SONG PRO GS DM,PHEV,3,2025-11-01,2026-10-02T12:42:14.337255+00:00,https://abve.org.br/abve-data/bi-geral/,"Consulta ABVE filtrada por município Bauru e UF SP; fluxo de emplacamentos, não frota.","O painel público não informa comprador, profissão, local de recarga ou transação individual. Registros são agregados por mês, modelo e município. Não usar para inferir causalidade ou ocupação de carregadores."
2025,11,SP,Bauru,CAOA CHERY,CAOACHERY TIGGO8 PHEV,PHEV,1,2025-11-01,2026-10-02T12:42:14.337255+00:00,https://abve.org.br/abve-data/bi-geral/,"Consulta ABVE filtrada por município Bauru e UF SP; fluxo de emplacamentos, não frota.","O painel público não informa comprador, profissão, local de recarga ou transação individual. Registros são agregados por mês, modelo e município. Não usar para inferir causalidade ou ocupação de carregadores."
2025,11,SP,Bauru,FIAT,FIAT FASTBACK AUDACE HYB,MHEV 12V,3,2025-11-01,2026-10-02T12:42:14.337255+00:00,https://abve.org.br/abve-data/bi-geral/,"Consulta ABVE filtrada por município Bauru e UF SP; fluxo de emplacamentos, não frota.","O painel público não informa comprador, profissão, local de recarga ou transação individual. Registros são agregados por mês, modelo e município. Não usar para inferir causalidade ou ocupação de carregadores."
2025,11,SP,Bauru,GAC,GAC AION V ELITE,BEV,1,2025-11-01,2026-10-02T12:42:14.337255+00:00,https://abve.org.br/abve-data/bi-geral/,"Consulta ABVE filtrada por município Bauru e UF SP; fluxo de emplacamentos, não frota.","O painel público não informa comprador, profissão, local de recarga ou transação individual. Registros são agregados por mês, modelo e município. Não usar para inferir causalidade ou ocupação de carregadores."
2025,11,SP,Bauru,GAC,GAC GS4 ELITE,HEV,1,2025-11-01,2026-10-02T12:42:14.337255+00:00,https://abve.org.br/abve-data/bi-geral/,"Consulta ABVE filtrada por município Bauru e UF SP; fluxo de emplacamentos, não frota.","O painel público não informa comprador, profissão, local de recarga ou transação individual. Registros são agregados por mês, modelo e município. Não usar para inferir causalidade ou ocupação de carregadores."
2025,11,SP,Bauru,GEELY,GEELY EX2 MAX,BEV,1,2025-11-01,2026-10-02T12:42:14.337255+00:00,https://abve.org.br/abve-data/bi-geral/,"Consulta ABVE filtrada por município Bauru e UF SP; fluxo de emplacamentos, não frota.","O painel público não informa comprador, profissão, local de recarga ou transação individual. Registros são agregados por mês, modelo e município. Não usar para inferir causalidade ou ocupação de carregadores."
2025,11,SP,Bauru,GEELY,GEELY EX2 PRO,BEV,1,2025-11-01,2026-10-02T12:42:14.337255+00:00,https://abve.org.br/abve-data/bi-geral/,"Consulta ABVE filtrada por município Bauru e UF SP; fluxo de emplacamentos, não frota.","O painel público não informa comprador, profissão, local de recarga ou transação individual. Registros são agregados por mês, modelo e município. Não usar para inferir causalidade ou ocupação de carregadores."
2025,11,SP,Bauru,GWM,GWM HAVAL H6 GT,PHEV,1,2025-11-01,2026-10-02T12:42:14.337255+00:00,https://abve.org.br/abve-data/bi-geral/,"Consulta ABVE filtrada por município Bauru e UF SP; fluxo de emplacamentos, não frota.","O painel público não informa comprador, profissão, local de recarga ou transação individual. Registros são agregados por mês, modelo e município. Não usar para inferir causalidade ou ocupação de carregadores."
2025,11,SP,Bauru,GWM,GWM HAVAL H6 HEV,HEV,8,2025-11-01,2026-10-02T12:42:14.337255+00:00,https://abve.org.br/abve-data/bi-geral/,"Consulta ABVE filtrada por município Bauru e UF SP; fluxo de emplacamentos, não frota.","O painel público não informa comprador, profissão, local de recarga ou transação individual. Registros são agregados por mês, modelo e município. Não usar para inferir causalidade ou ocupação de carregadores."
2025,11,SP,Bauru,GWM,GWM HAVAL H6 PHEV,PHEV,1,2025-11-01,2026-10-02T12:42:14.337255+00:00,https://abve.org.br/abve-data/bi-geral/,"Consulta ABVE filtrada por município Bauru e UF SP; fluxo de emplacamentos, não frota.","O painel público não informa comprador, profissão, local de recarga ou transação individual. Registros são agregados por mês, modelo e município. Não usar para inferir causalidade ou ocupação de carregadores."
2025,11,SP,Bauru,GWM,GWM HAVAL H6 PHEV 19,PHEV,11,2025-11-01,2026-10-02T12:42:14.337255+00:00,https://abve.org.br/abve-data/bi-geral/,"Consulta ABVE filtrada por município Bauru e UF SP; fluxo de emplacamentos, não frota.","O painel público não informa comprador, profissão, local de recarga ou transação individual. Registros são agregados por mês, modelo e município. Não usar para inferir causalidade ou ocupação de carregadores."
2025,11,SP,Bauru,GWM,GWM ORA 03 BEV58,BEV,1,2025-11-01,2026-10-02T12:42:14.337255+00:00,https://abve.org.br/abve-data/bi-geral/,"Consulta ABVE filtrada por município Bauru e UF SP; fluxo de emplacamentos, não frota.","O painel público não informa comprador, profissão, local de recarga ou transação individual. Registros são agregados por mês, modelo e município. Não usar para inferir causalidade ou ocupação de carregadores."
2025,11,SP,Bauru,GWM,GWM TANK 300 PHEV,PHEV,1,2025-11-01,2026-10-02T12:42:14.337255+00:00,https://abve.org.br/abve-data/bi-geral/,"Consulta ABVE filtrada por município Bauru e UF SP; fluxo de emplacamentos, não frota.","O painel público não informa comprador, profissão, local de recarga ou transação individual. Registros são agregados por mês, modelo e município. Não usar para inferir causalidade ou ocupação de carregadores."
2025,11,SP,Bauru,M.BENZ,M.BENZ C200 AMG LINE,MHEV 48V,1,2025-11-01,2026-10-02T12:42:14.337255+00:00,https://abve.org.br/abve-data/bi-geral/,"Consulta ABVE filtrada por município Bauru e UF SP; fluxo de emplacamentos, não frota.","O painel público não informa comprador, profissão, local de recarga ou transação individual. Registros são agregados por mês, modelo e município. Não usar para inferir causalidade ou ocupação de carregadores."
2025,11,SP,Bauru,M.BENZ,M.BENZ CLA200 AMG LINE,MHEV 48V,1,2025-11-01,2026-10-02T12:42:14.337255+00:00,https://abve.org.br/abve-data/bi-geral/,"Consulta ABVE filtrada por município Bauru e UF SP; fluxo de emplacamentos, não frota.","O painel público não informa comprador, profissão, local de recarga ou transação individual. Registros são agregados por mês, modelo e município. Não usar para inferir causalidade ou ocupação de carregadores."
2025,11,SP,Bauru,M.BENZ,M.BENZ GLA200 PROG,MHEV 48V,1,2025-11-01,2026-10-02T12:42:14.337255+00:00,https://abve.org.br/abve-data/bi-geral/,"Consulta ABVE filtrada por município Bauru e UF SP; fluxo de emplacamentos, não frota.","O painel público não informa comprador, profissão, local de recarga ou transação individual. Registros são agregados por mês, modelo e município. Não usar para inferir causalidade ou ocupação de carregadores."
2025,11,SP,Bauru,OMODA JAECOO,JAECOO 7 LUXURY,PHEV,3,2025-11-01,2026-10-02T12:42:14.337255+00:00,https://abve.org.br/abve-data/bi-geral/,"Consulta ABVE filtrada por município Bauru e UF SP; fluxo de emplacamentos, não frota.","O painel público não informa comprador, profissão, local de recarga ou transação individual. Registros são agregados por mês, modelo e município. Não usar para inferir causalidade ou ocupação de carregadores."
2025,11,SP,Bauru,OMODA JAECOO,JAECOO 7 PRESTIGE,PHEV,1,2025-11-01,2026-10-02T12:42:14.337255+00:00,https://abve.org.br/abve-data/bi-geral/,"Consulta ABVE filtrada por município Bauru e UF SP; fluxo de emplacamentos, não frota.","O painel público não informa comprador, profissão, local de recarga ou transação individual. Registros são agregados por mês, modelo e município. Não usar para inferir causalidade ou ocupação de carregadores."
2025,11,SP,Bauru,OMODA JAECOO,OMODA 5 HEV LUXURY,HEV,1,2025-11-01,2026-10-02T12:42:14.337255+00:00,https://abve.org.br/abve-data/bi-geral/,"Consulta ABVE filtrada por município Bauru e UF SP; fluxo de emplacamentos, não frota.","O painel público não informa comprador, profissão, local de recarga ou transação individual. Registros são agregados por mês, modelo e município. Não usar para inferir causalidade ou ocupação de carregadores."
2025,11,SP,Bauru,OMODA JAECOO,OMODA 5 HEV PRESTIGE,HEV,3,2025-11-01,2026-10-02T12:42:14.337255+00:00,https://abve.org.br/abve-data/bi-geral/,"Consulta ABVE filtrada por município Bauru e UF SP; fluxo de emplacamentos, não frota.","O painel público não informa comprador, profissão, local de recarga ou transação individual. Registros são agregados por mês, modelo e município. Não usar para inferir causalidade ou ocupação de carregadores."
2025,11,SP,Bauru,OMODA JAECOO,OMODA 7 PHEV PRESTIGE,PHEV,1,2025-11-01,2026-10-02T12:42:14.337255+00:00,https://abve.org.br/abve-data/bi-geral/,"Consulta ABVE filtrada por município Bauru e UF SP; fluxo de emplacamentos, não frota.","O painel público não informa comprador, profissão, local de recarga ou transação individual. Registros são agregados por mês, modelo e município. Não usar para inferir causalidade ou ocupação de carregadores."
2025,11,SP,Bauru,PEUGEOT,PEUGEOT 208 GT HYBRID,MHEV 12V,1,2025-11-01,2026-10-02T12:42:14.337255+00:00,https://abve.org.br/abve-data/bi-geral/,"Consulta ABVE filtrada por município Bauru e UF SP; fluxo de emplacamentos, não frota.","O painel público não informa comprador, profissão, local de recarga ou transação individual. Registros são agregados por mês, modelo e município. Não usar para inferir causalidade ou ocupação de carregadores."
2025,11,SP,Bauru,RENAULT,RENAULT E-KWID TECHNO,BEV,2,2025-11-01,2026-10-02T12:42:14.337255+00:00,https://abve.org.br/abve-data/bi-geral/,"Consulta ABVE filtrada por município Bauru e UF SP; fluxo de emplacamentos, não frota.","O painel público não informa comprador, profissão, local de recarga ou transação individual. Registros são agregados por mês, modelo e município. Não usar para inferir causalidade ou ocupação de carregadores."
2025,11,SP,Bauru,TOYOTA,TOYOTA CCROSS XRX HYBRID,HEV FLEX,5,2025-11-01,2026-10-02T12:42:14.337255+00:00,https://abve.org.br/abve-data/bi-geral/,"Consulta ABVE filtrada por município Bauru e UF SP; fluxo de emplacamentos, não frota.","O painel público não informa comprador, profissão, local de recarga ou transação individual. Registros são agregados por mês, modelo e município. Não usar para inferir causalidade ou ocupação de carregadores."
2025,11,SP,Bauru,VOLVO,VOLVO XC60 T8 ULT DARK,PHEV,1,2025-11-01,2026-10-02T12:42:14.337255+00:00,https://abve.org.br/abve-data/bi-geral/,"Consulta ABVE filtrada por município Bauru e UF SP; fluxo de emplacamentos, não frota.","O painel público não informa comprador, profissão, local de recarga ou transação individual. Registros são agregados por mês, modelo e município. Não usar para inferir causalidade ou ocupação de carregadores."
2025,12,SP,Bauru,BMW,BMW 330E,PHEV,1,2025-12-01,2026-10-02T12:42:14.337255+00:00,https://abve.org.br/abve-data/bi-geral/,"Consulta ABVE filtrada por município Bauru e UF SP; fluxo de emplacamentos, não frota.","O painel público não informa comprador, profissão, local de recarga ou transação individual. Registros são agregados por mês, modelo e município. Não usar para inferir causalidade ou ocupação de carregadores."
2025,12,SP,Bauru,BMW,BMW X5 XDRIVE50E MSP,PHEV,1,2025-12-01,2026-10-02T12:42:14.337255+00:00,https://abve.org.br/abve-data/bi-geral/,"Consulta ABVE filtrada por município Bauru e UF SP; fluxo de emplacamentos, não frota.","O painel público não informa comprador, profissão, local de recarga ou transação individual. Registros são agregados por mês, modelo e município. Não usar para inferir causalidade ou ocupação de carregadores."
2025,12,SP,Bauru,BYD,BYD DOLPHIN GS 180EV,BEV,4,2025-12-01,2026-10-02T12:42:14.337255+00:00,https://abve.org.br/abve-data/bi-geral/,"Consulta ABVE filtrada por município Bauru e UF SP; fluxo de emplacamentos, não frota.","O painel público não informa comprador, profissão, local de recarga ou transação individual. Registros são agregados por mês, modelo e município. Não usar para inferir causalidade ou ocupação de carregadores."
2025,12,SP,Bauru,BYD,BYD DOLPHIN MINI GS5EV,BEV,20,2025-12-01,2026-10-02T12:42:14.337255+00:00,https://abve.org.br/abve-data/bi-geral/,"Consulta ABVE filtrada por município Bauru e UF SP; fluxo de emplacamentos, não frota.","O painel público não informa comprador, profissão, local de recarga ou transação individual. Registros são agregados por mês, modelo e município. Não usar para inferir causalidade ou ocupação de carregadores."
2025,12,SP,Bauru,BYD,BYD DOLPHIN PLUS 310EV,BEV,1,2025-12-01,2026-10-02T12:42:14.337255+00:00,https://abve.org.br/abve-data/bi-geral/,"Consulta ABVE filtrada por município Bauru e UF SP; fluxo de emplacamentos, não frota.","O painel público não informa comprador, profissão, local de recarga ou transação individual. Registros são agregados por mês, modelo e município. Não usar para inferir causalidade ou ocupação de carregadores."
2025,12,SP,Bauru,BYD,BYD KING GS DM,PHEV,5,2025-12-01,2026-10-02T12:42:14.337255+00:00,https://abve.org.br/abve-data/bi-geral/,"Consulta ABVE filtrada por município Bauru e UF SP; fluxo de emplacamentos, não frota.","O painel público não informa comprador, profissão, local de recarga ou transação individual. Registros são agregados por mês, modelo e município. Não usar para inferir causalidade ou ocupação de carregadores."
2025,12,SP,Bauru,BYD,BYD SEAL AWD GS 590EV,BEV,3,2025-12-01,2026-10-02T12:42:14.337255+00:00,https://abve.org.br/abve-data/bi-geral/,"Consulta ABVE filtrada por município Bauru e UF SP; fluxo de emplacamentos, não frota.","O painel público não informa comprador, profissão, local de recarga ou transação individual. Registros são agregados por mês, modelo e município. Não usar para inferir causalidade ou ocupação de carregadores."
2025,12,SP,Bauru,BYD,BYD SONG PLUS GS DM,PHEV,6,2025-12-01,2026-10-02T12:42:14.337255+00:00,https://abve.org.br/abve-data/bi-geral/,"Consulta ABVE filtrada por município Bauru e UF SP; fluxo de emplacamentos, não frota.","O painel público não informa comprador, profissão, local de recarga ou transação individual. Registros são agregados por mês, modelo e município. Não usar para inferir causalidade ou ocupação de carregadores."
2025,12,SP,Bauru,BYD,BYD SONG PLUS PREM DM,PHEV,5,2025-12-01,2026-10-02T12:42:14.337255+00:00,https://abve.org.br/abve-data/bi-geral/,"Consulta ABVE filtrada por município Bauru e UF SP; fluxo de emplacamentos, não frota.","O painel público não informa comprador, profissão, local de recarga ou transação individual. Registros são agregados por mês, modelo e município. Não usar para inferir causalidade ou ocupação de carregadores."
2025,12,SP,Bauru,BYD,BYD SONG PRO GS DM,PHEV,13,2025-12-01,2026-10-02T12:42:14.337255+00:00,https://abve.org.br/abve-data/bi-geral/,"Consulta ABVE filtrada por município Bauru e UF SP; fluxo de emplacamentos, não frota.","O painel público não informa comprador, profissão, local de recarga ou transação individual. Registros são agregados por mês, modelo e município. Não usar para inferir causalidade ou ocupação de carregadores."
2025,12,SP,Bauru,CAOA CHERY,CAOACHERY ARRIZO6 PRHA,MHEV 48V,1,2025-12-01,2026-10-02T12:42:14.337255+00:00,https://abve.org.br/abve-data/bi-geral/,"Consulta ABVE filtrada por município Bauru e UF SP; fluxo de emplacamentos, não frota.","O painel público não informa comprador, profissão, local de recarga ou transação individual. Registros são agregados por mês, modelo e município. Não usar para inferir causalidade ou ocupação de carregadores."
2025,12,SP,Bauru,CAOA CHERY,CAOACHERY TIGGO7 PRO HA,MHEV 48V,2,2025-12-01,2026-10-02T12:42:14.337255+00:00,https://abve.org.br/abve-data/bi-geral/,"Consulta ABVE filtrada por município Bauru e UF SP; fluxo de emplacamentos, não frota.","O painel público não informa comprador, profissão, local de recarga ou transação individual. Registros são agregados por mês, modelo e município. Não usar para inferir causalidade ou ocupação de carregadores."
2025,12,SP,Bauru,FIAT,FIAT FASTBACK AUDACE HYB,MHEV 12V,7,2025-12-01,2026-10-02T12:42:14.337255+00:00,https://abve.org.br/abve-data/bi-geral/,"Consulta ABVE filtrada por município Bauru e UF SP; fluxo de emplacamentos, não frota.","O painel público não informa comprador, profissão, local de recarga ou transação individual. Registros são agregados por mês, modelo e município. Não usar para inferir causalidade ou ocupação de carregadores."
2025,12,SP,Bauru,FIAT,FIAT FASTBACK IMPETUS HY,MHEV 12V,2,2025-12-01,2026-10-02T12:42:14.337255+00:00,https://abve.org.br/abve-data/bi-geral/,"Consulta ABVE filtrada por município Bauru e UF SP; fluxo de emplacamentos, não frota.","O painel público não informa comprador, profissão, local de recarga ou transação individual. Registros são agregados por mês, modelo e município. Não usar para inferir causalidade ou ocupação de carregadores."
2025,12,SP,Bauru,FIAT,FIAT PULSE AUDACE HYB,MHEV 12V,2,2025-12-01,2026-10-02T12:42:14.337255+00:00,https://abve.org.br/abve-data/bi-geral/,"Consulta ABVE filtrada por município Bauru e UF SP; fluxo de emplacamentos, não frota.","O painel público não informa comprador, profissão, local de recarga ou transação individual. Registros são agregados por mês, modelo e município. Não usar para inferir causalidade ou ocupação de carregadores."
2025,12,SP,Bauru,FIAT,FIAT PULSE IMPETUS HYB,MHEV 12V,1,2025-12-01,2026-10-02T12:42:14.337255+00:00,https://abve.org.br/abve-data/bi-geral/,"Consulta ABVE filtrada por município Bauru e UF SP; fluxo de emplacamentos, não frota.","O painel público não informa comprador, profissão, local de recarga ou transação individual. Registros são agregados por mês, modelo e município. Não usar para inferir causalidade ou ocupação de carregadores."
2025,12,SP,Bauru,FORD,FORD MAVERICK LRT HYB,HEV,2,2025-12-01,2026-10-02T12:42:14.337255+00:00,https://abve.org.br/abve-data/bi-geral/,"Consulta ABVE filtrada por município Bauru e UF SP; fluxo de emplacamentos, não frota.","O painel público não informa comprador, profissão, local de recarga ou transação individual. Registros são agregados por mês, modelo e município. Não usar para inferir causalidade ou ocupação de carregadores."
2025,12,SP,Bauru,GAC,GAC AION V ELITE,BEV,1,2025-12-01,2026-10-02T12:42:14.337255+00:00,https://abve.org.br/abve-data/bi-geral/,"Consulta ABVE filtrada por município Bauru e UF SP; fluxo de emplacamentos, não frota.","O painel público não informa comprador, profissão, local de recarga ou transação individual. Registros são agregados por mês, modelo e município. Não usar para inferir causalidade ou ocupação de carregadores."
2025,12,SP,Bauru,GAC,GAC AION Y ELITE,BEV,1,2025-12-01,2026-10-02T12:42:14.337255+00:00,https://abve.org.br/abve-data/bi-geral/,"Consulta ABVE filtrada por município Bauru e UF SP; fluxo de emplacamentos, não frota.","O painel público não informa comprador, profissão, local de recarga ou transação individual. Registros são agregados por mês, modelo e município. Não usar para inferir causalidade ou ocupação de carregadores."
2025,12,SP,Bauru,GAC,GAC GS4 ELITE,HEV,5,2025-12-01,2026-10-02T12:42:14.337255+00:00,https://abve.org.br/abve-data/bi-geral/,"Consulta ABVE filtrada por município Bauru e UF SP; fluxo de emplacamentos, não frota.","O painel público não informa comprador, profissão, local de recarga ou transação individual. Registros são agregados por mês, modelo e município. Não usar para inferir causalidade ou ocupação de carregadores."
2025,12,SP,Bauru,GEELY,GEELY EX2 MAX,BEV,1,2025-12-01,2026-10-02T12:42:14.337255+00:00,https://abve.org.br/abve-data/bi-geral/,"Consulta ABVE filtrada por município Bauru e UF SP; fluxo de emplacamentos, não frota.","O painel público não informa comprador, profissão, local de recarga ou transação individual. Registros são agregados por mês, modelo e município. Não usar para inferir causalidade ou ocupação de carregadores."
2025,12,SP,Bauru,GEELY,GEELY EX2 PRO,BEV,1,2025-12-01,2026-10-02T12:42:14.337255+00:00,https://abve.org.br/abve-data/bi-geral/,"Consulta ABVE filtrada por município Bauru e UF SP; fluxo de emplacamentos, não frota.","O painel público não informa comprador, profissão, local de recarga ou transação individual. Registros são agregados por mês, modelo e município. Não usar para inferir causalidade ou ocupação de carregadores."
2025,12,SP,Bauru,GM,CHEV CAPTIVA EV PR,BEV,2,2025-12-01,2026-10-02T12:42:14.337255+00:00,https://abve.org.br/abve-data/bi-geral/,"Consulta ABVE filtrada por município Bauru e UF SP; fluxo de emplacamentos, não frota.","O painel público não informa comprador, profissão, local de recarga ou transação individual. Registros são agregados por mês, modelo e município. Não usar para inferir causalidade ou ocupação de carregadores."
2025,12,SP,Bauru,GWM,GWM HAVAL H6 HEV2,HEV,7,2025-12-01,2026-10-02T12:42:14.337255+00:00,https://abve.org.br/abve-data/bi-geral/,"Consulta ABVE filtrada por município Bauru e UF SP; fluxo de emplacamentos, não frota.","O painel público não informa comprador, profissão, local de recarga ou transação individual. Registros são agregados por mês, modelo e município. Não usar para inferir causalidade ou ocupação de carregadores."
2025,12,SP,Bauru,GWM,GWM HAVAL H6 PHEV19,PHEV,5,2025-12-01,2026-10-02T12:42:14.337255+00:00,https://abve.org.br/abve-data/bi-geral/,"Consulta ABVE filtrada por município Bauru e UF SP; fluxo de emplacamentos, não frota.","O painel público não informa comprador, profissão, local de recarga ou transação individual. Registros são agregados por mês, modelo e município. Não usar para inferir causalidade ou ocupação de carregadores."
2025,12,SP,Bauru,GWM,GWM HAVAL H6 PHEV35,PHEV,3,2025-12-01,2026-10-02T12:42:14.337255+00:00,https://abve.org.br/abve-data/bi-geral/,"Consulta ABVE filtrada por município Bauru e UF SP; fluxo de emplacamentos, não frota.","O painel público não informa comprador, profissão, local de recarga ou transação individual. Registros são agregados por mês, modelo e município. Não usar para inferir causalidade ou ocupação de carregadores."
2025,12,SP,Bauru,GWM,GWM ORA 03 BEV58,BEV,2,2025-12-01,2026-10-02T12:42:14.337255+00:00,https://abve.org.br/abve-data/bi-geral/,"Consulta ABVE filtrada por município Bauru e UF SP; fluxo de emplacamentos, não frota.","O painel público não informa comprador, profissão, local de recarga ou transação individual. Registros são agregados por mês, modelo e município. Não usar para inferir causalidade ou ocupação de carregadores."
2025,12,SP,Bauru,GWM,GWM ORA 03 SKIN BEV48,BEV,1,2025-12-01,2026-10-02T12:42:14.337255+00:00,https://abve.org.br/abve-data/bi-geral/,"Consulta ABVE filtrada por município Bauru e UF SP; fluxo de emplacamentos, não frota.","O painel público não informa comprador, profissão, local de recarga ou transação individual. Registros são agregados por mês, modelo e município. Não usar para inferir causalidade ou ocupação de carregadores."
2025,12,SP,Bauru,GWM,GWM WEY 07,PHEV,1,2025-12-01,2026-10-02T12:42:14.337255+00:00,https://abve.org.br/abve-data/bi-geral/,"Consulta ABVE filtrada por município Bauru e UF SP; fluxo de emplacamentos, não frota.","O painel público não informa comprador, profissão, local de recarga ou transação individual. Registros são agregados por mês, modelo e município. Não usar para inferir causalidade ou ocupação de carregadores."
2025,12,SP,Bauru,M.BENZ,M.BENZ E300 EXCLUSIVE,MHEV 48V,1,2025-12-01,2026-10-02T12:42:14.337255+00:00,https://abve.org.br/abve-data/bi-geral/,"Consulta ABVE filtrada por município Bauru e UF SP; fluxo de emplacamentos, não frota.","O painel público não informa comprador, profissão, local de recarga ou transação individual. Registros são agregados por mês, modelo e município. Não usar para inferir causalidade ou ocupação de carregadores."
2025,12,SP,Bauru,OMODA JAECOO,JAECOO 7 LUXURY,PHEV,10,2025-12-01,2026-10-02T12:42:14.337255+00:00,https://abve.org.br/abve-data/bi-geral/,"Consulta ABVE filtrada por município Bauru e UF SP; fluxo de emplacamentos, não frota.","O painel público não informa comprador, profissão, local de recarga ou transação individual. Registros são agregados por mês, modelo e município. Não usar para inferir causalidade ou ocupação de carregadores."
2025,12,SP,Bauru,OMODA JAECOO,JAECOO 7 PRESTIGE,PHEV,2,2025-12-01,2026-10-02T12:42:14.337255+00:00,https://abve.org.br/abve-data/bi-geral/,"Consulta ABVE filtrada por município Bauru e UF SP; fluxo de emplacamentos, não frota.","O painel público não informa comprador, profissão, local de recarga ou transação individual. Registros são agregados por mês, modelo e município. Não usar para inferir causalidade ou ocupação de carregadores."
2025,12,SP,Bauru,OMODA JAECOO,OMODA 5 HEV LUXURY,HEV,1,2025-12-01,2026-10-02T12:42:14.337255+00:00,https://abve.org.br/abve-data/bi-geral/,"Consulta ABVE filtrada por município Bauru e UF SP; fluxo de emplacamentos, não frota.","O painel público não informa comprador, profissão, local de recarga ou transação individual. Registros são agregados por mês, modelo e município. Não usar para inferir causalidade ou ocupação de carregadores."
2025,12,SP,Bauru,OMODA JAECOO,OMODA 5 HEV PRESTIGE,HEV,6,2025-12-01,2026-10-02T12:42:14.337255+00:00,https://abve.org.br/abve-data/bi-geral/,"Consulta ABVE filtrada por município Bauru e UF SP; fluxo de emplacamentos, não frota.","O painel público não informa comprador, profissão, local de recarga ou transação individual. Registros são agregados por mês, modelo e município. Não usar para inferir causalidade ou ocupação de carregadores."
2025,12,SP,Bauru,OMODA JAECOO,OMODA 7 PHEV PRESTIGE,PHEV,1,2025-12-01,2026-10-02T12:42:14.337255+00:00,https://abve.org.br/abve-data/bi-geral/,"Consulta ABVE filtrada por município Bauru e UF SP; fluxo de emplacamentos, não frota.","O painel público não informa comprador, profissão, local de recarga ou transação individual. Registros são agregados por mês, modelo e município. Não usar para inferir causalidade ou ocupação de carregadores."
2025,12,SP,Bauru,PORSCHE,PORSCHE 911 CARRERAGTS,MHEV 48V,1,2025-12-01,2026-10-02T12:42:14.337255+00:00,https://abve.org.br/abve-data/bi-geral/,"Consulta ABVE filtrada por município Bauru e UF SP; fluxo de emplacamentos, não frota.","O painel público não informa comprador, profissão, local de recarga ou transação individual. Registros são agregados por mês, modelo e município. Não usar para inferir causalidade ou ocupação de carregadores."
2025,12,SP,Bauru,PORSCHE,PORSCHE CAYENNE PHEV,PHEV,1,2025-12-01,2026-10-02T12:42:14.337255+00:00,https://abve.org.br/abve-data/bi-geral/,"Consulta ABVE filtrada por município Bauru e UF SP; fluxo de emplacamentos, não frota.","O painel público não informa comprador, profissão, local de recarga ou transação individual. Registros são agregados por mês, modelo e município. Não usar para inferir causalidade ou ocupação de carregadores."
2025,12,SP,Bauru,RENAULT,RENAULT E-KWID TECHNO,BEV,2,2025-12-01,2026-10-02T12:42:14.337255+00:00,https://abve.org.br/abve-data/bi-geral/,"Consulta ABVE filtrada por município Bauru e UF SP; fluxo de emplacamentos, não frota.","O painel público não informa comprador, profissão, local de recarga ou transação individual. Registros são agregados por mês, modelo e município. Não usar para inferir causalidade ou ocupação de carregadores."
2025,12,SP,Bauru,TOYOTA,TOYOTA CCROSS XRX HYBRID,HEV FLEX,10,2025-12-01,2026-10-02T12:42:14.337255+00:00,https://abve.org.br/abve-data/bi-geral/,"Consulta ABVE filtrada por município Bauru e UF SP; fluxo de emplacamentos, não frota.","O painel público não informa comprador, profissão, local de recarga ou transação individual. Registros são agregados por mês, modelo e município. Não usar para inferir causalidade ou ocupação de carregadores."
2025,12,SP,Bauru,TOYOTA,TOYOTA COROLLA APREMIUMH,HEV FLEX,1,2025-12-01,2026-10-02T12:42:14.337255+00:00,https://abve.org.br/abve-data/bi-geral/,"Consulta ABVE filtrada por município Bauru e UF SP; fluxo de emplacamentos, não frota.","O painel público não informa comprador, profissão, local de recarga ou transação individual. Registros são agregados por mês, modelo e município. Não usar para inferir causalidade ou ocupação de carregadores."
2025,12,SP,Bauru,TOYOTA,TOYOTA COROLLA GLI HEV,HEV FLEX,9,2025-12-01,2026-10-02T12:42:14.337255+00:00,https://abve.org.br/abve-data/bi-geral/,"Consulta ABVE filtrada por município Bauru e UF SP; fluxo de emplacamentos, não frota.","O painel público não informa comprador, profissão, local de recarga ou transação individual. Registros são agregados por mês, modelo e município. Não usar para inferir causalidade ou ocupação de carregadores."
2025,12,SP,Bauru,TOYOTA,TOYOTA RAV4H SXAWD CNT,HEV,2,2025-12-01,2026-10-02T12:42:14.337255+00:00,https://abve.org.br/abve-data/bi-geral/,"Consulta ABVE filtrada por município Bauru e UF SP; fluxo de emplacamentos, não frota.","O painel público não informa comprador, profissão, local de recarga ou transação individual. Registros são agregados por mês, modelo e município. Não usar para inferir causalidade ou ocupação de carregadores."
2025,12,SP,Bauru,VOLVO,VOLVO EX30 E60 ULTRA,BEV,2,2025-12-01,2026-10-02T12:42:14.337255+00:00,https://abve.org.br/abve-data/bi-geral/,"Consulta ABVE filtrada por município Bauru e UF SP; fluxo de emplacamentos, não frota.","O painel público não informa comprador, profissão, local de recarga ou transação individual. Registros são agregados por mês, modelo e município. Não usar para inferir causalidade ou ocupação de carregadores."
2025,12,SP,Bauru,VOLVO,VOLVO XC60 T8 ULTRA,PHEV,1,2025-12-01,2026-10-02T12:42:14.337255+00:00,https://abve.org.br/abve-data/bi-geral/,"Consulta ABVE filtrada por município Bauru e UF SP; fluxo de emplacamentos, não frota.","O painel público não informa comprador, profissão, local de recarga ou transação individual. Registros são agregados por mês, modelo e município. Não usar para inferir causalidade ou ocupação de carregadores."
2026,1,SP,Bauru,BMW,BMW X3 30 XDRIVE,MHEV 48V,1,2026-01-01,2026-10-02T12:42:14.337255+00:00,https://abve.org.br/abve-data/bi-geral/,"Consulta ABVE filtrada por município Bauru e UF SP; fluxo de emplacamentos, não frota.","O painel público não informa comprador, profissão, local de recarga ou transação individual. Registros são agregados por mês, modelo e município. Não usar para inferir causalidade ou ocupação de carregadores."
2026,1,SP,Bauru,BYD,BYD DOLPHIN GS 180EV,BEV,2,2026-01-01,2026-10-02T12:42:14.337255+00:00,https://abve.org.br/abve-data/bi-geral/,"Consulta ABVE filtrada por município Bauru e UF SP; fluxo de emplacamentos, não frota.","O painel público não informa comprador, profissão, local de recarga ou transação individual. Registros são agregados por mês, modelo e município. Não usar para inferir causalidade ou ocupação de carregadores."
2026,1,SP,Bauru,BYD,BYD DOLPHIN MINI GS5EV,BEV,4,2026-01-01,2026-10-02T12:42:14.337255+00:00,https://abve.org.br/abve-data/bi-geral/,"Consulta ABVE filtrada por município Bauru e UF SP; fluxo de emplacamentos, não frota.","O painel público não informa comprador, profissão, local de recarga ou transação individual. Registros são agregados por mês, modelo e município. Não usar para inferir causalidade ou ocupação de carregadores."
2026,1,SP,Bauru,BYD,BYD KING GS DM,PHEV,4,2026-01-01,2026-10-02T12:42:14.337255+00:00,https://abve.org.br/abve-data/bi-geral/,"Consulta ABVE filtrada por município Bauru e UF SP; fluxo de emplacamentos, não frota.","O painel público não informa comprador, profissão, local de recarga ou transação individual. Registros são agregados por mês, modelo e município. Não usar para inferir causalidade ou ocupação de carregadores."
2026,1,SP,Bauru,BYD,BYD SEAL AWD GS 590EV,BEV,2,2026-01-01,2026-10-02T12:42:14.337255+00:00,https://abve.org.br/abve-data/bi-geral/,"Consulta ABVE filtrada por município Bauru e UF SP; fluxo de emplacamentos, não frota.","O painel público não informa comprador, profissão, local de recarga ou transação individual. Registros são agregados por mês, modelo e município. Não usar para inferir causalidade ou ocupação de carregadores."
2026,1,SP,Bauru,BYD,BYD SONG PLUS PREM DM,PHEV,2,2026-01-01,2026-10-02T12:42:14.337255+00:00,https://abve.org.br/abve-data/bi-geral/,"Consulta ABVE filtrada por município Bauru e UF SP; fluxo de emplacamentos, não frota.","O painel público não informa comprador, profissão, local de recarga ou transação individual. Registros são agregados por mês, modelo e município. Não usar para inferir causalidade ou ocupação de carregadores."
2026,1,SP,Bauru,BYD,BYD SONG PRO GS DM,PHEV,4,2026-01-01,2026-10-02T12:42:14.337255+00:00,https://abve.org.br/abve-data/bi-geral/,"Consulta ABVE filtrada por município Bauru e UF SP; fluxo de emplacamentos, não frota.","O painel público não informa comprador, profissão, local de recarga ou transação individual. Registros são agregados por mês, modelo e município. Não usar para inferir causalidade ou ocupação de carregadores."
2026,1,SP,Bauru,BYD,BYD YUAN PRO GS 290EV,BEV,1,2026-01-01,2026-10-02T12:42:14.337255+00:00,https://abve.org.br/abve-data/bi-geral/,"Consulta ABVE filtrada por município Bauru e UF SP; fluxo de emplacamentos, não frota.","O painel público não informa comprador, profissão, local de recarga ou transação individual. Registros são agregados por mês, modelo e município. Não usar para inferir causalidade ou ocupação de carregadores."
2026,1,SP,Bauru,FIAT,FIAT FASTBACK AUDACE HYB,MHEV 12V,3,2026-01-01,2026-10-02T12:42:14.337255+00:00,https://abve.org.br/abve-data/bi-geral/,"Consulta ABVE filtrada por município Bauru e UF SP; fluxo de emplacamentos, não frota.","O painel público não informa comprador, profissão, local de recarga ou transação individual. Registros são agregados por mês, modelo e município. Não usar para inferir causalidade ou ocupação de carregadores."
2026,1,SP,Bauru,FIAT,FIAT PULSE AUDACE HYB,MHEV 12V,2,2026-01-01,2026-10-02T12:42:14.337255+00:00,https://abve.org.br/abve-data/bi-geral/,"Consulta ABVE filtrada por município Bauru e UF SP; fluxo de emplacamentos, não frota.","O painel público não informa comprador, profissão, local de recarga ou transação individual. Registros são agregados por mês, modelo e município. Não usar para inferir causalidade ou ocupação de carregadores."
2026,1,SP,Bauru,GAC,GAC GS4 ELITE,HEV,1,2026-01-01,2026-10-02T12:42:14.337255+00:00,https://abve.org.br/abve-data/bi-geral/,"Consulta ABVE filtrada por município Bauru e UF SP; fluxo de emplacamentos, não frota.","O painel público não informa comprador, profissão, local de recarga ou transação individual. Registros são agregados por mês, modelo e município. Não usar para inferir causalidade ou ocupação de carregadores."
2026,1,SP,Bauru,GAC,GAC GS4 PREMIUM,BEV,3,2026-01-01,2026-10-02T12:42:14.337255+00:00,https://abve.org.br/abve-data/bi-geral/,"Consulta ABVE filtrada por município Bauru e UF SP; fluxo de emplacamentos, não frota.","O painel público não informa comprador, profissão, local de recarga ou transação individual. Registros são agregados por mês, modelo e município. Não usar para inferir causalidade ou ocupação de carregadores."
2026,1,SP,Bauru,GEELY,GEELY EX2 PRO,BEV,2,2026-01-01,2026-10-02T12:42:14.337255+00:00,https://abve.org.br/abve-data/bi-geral/,"Consulta ABVE filtrada por município Bauru e UF SP; fluxo de emplacamentos, não frota.","O painel público não informa comprador, profissão, local de recarga ou transação individual. Registros são agregados por mês, modelo e município. Não usar para inferir causalidade ou ocupação de carregadores."
2026,1,SP,Bauru,GWM,GWM HAVAL H6 GT,PHEV,1,2026-01-01,2026-10-02T12:42:14.337255+00:00,https://abve.org.br/abve-data/bi-geral/,"Consulta ABVE filtrada por município Bauru e UF SP; fluxo de emplacamentos, não frota.","O painel público não informa comprador, profissão, local de recarga ou transação individual. Registros são agregados por mês, modelo e município. Não usar para inferir causalidade ou ocupação de carregadores."
2026,1,SP,Bauru,GWM,GWM HAVAL H6 HEV2,HEV,7,2026-01-01,2026-10-02T12:42:14.337255+00:00,https://abve.org.br/abve-data/bi-geral/,"Consulta ABVE filtrada por município Bauru e UF SP; fluxo de emplacamentos, não frota.","O painel público não informa comprador, profissão, local de recarga ou transação individual. Registros são agregados por mês, modelo e município. Não usar para inferir causalidade ou ocupação de carregadores."
2026,1,SP,Bauru,GWM,GWM HAVAL H6 PHEV19,PHEV,2,2026-01-01,2026-10-02T12:42:14.337255+00:00,https://abve.org.br/abve-data/bi-geral/,"Consulta ABVE filtrada por município Bauru e UF SP; fluxo de emplacamentos, não frota.","O painel público não informa comprador, profissão, local de recarga ou transação individual. Registros são agregados por mês, modelo e município. Não usar para inferir causalidade ou ocupação de carregadores."
2026,1,SP,Bauru,GWM,GWM HAVAL H6 PHEV35,PHEV,2,2026-01-01,2026-10-02T12:42:14.337255+00:00,https://abve.org.br/abve-data/bi-geral/,"Consulta ABVE filtrada por município Bauru e UF SP; fluxo de emplacamentos, não frota.","O painel público não informa comprador, profissão, local de recarga ou transação individual. Registros são agregados por mês, modelo e município. Não usar para inferir causalidade ou ocupação de carregadores."
2026,1,SP,Bauru,GWM,GWM TANK 300 PHEV,PHEV,1,2026-01-01,2026-10-02T12:42:14.337255+00:00,https://abve.org.br/abve-data/bi-geral/,"Consulta ABVE filtrada por município Bauru e UF SP; fluxo de emplacamentos, não frota.","O painel público não informa comprador, profissão, local de recarga ou transação individual. Registros são agregados por mês, modelo e município. Não usar para inferir causalidade ou ocupação de carregadores."
2026,1,SP,Bauru,M.BENZ,M.BENZ C200 AMG LINE,MHEV 48V,1,2026-01-01,2026-10-02T12:42:14.337255+00:00,https://abve.org.br/abve-data/bi-geral/,"Consulta ABVE filtrada por município Bauru e UF SP; fluxo de emplacamentos, não frota.","O painel público não informa comprador, profissão, local de recarga ou transação individual. Registros são agregados por mês, modelo e município. Não usar para inferir causalidade ou ocupação de carregadores."
2026,1,SP,Bauru,M.BENZ,M.BENZ GLE450 D 4M,MHEV 48V,1,2026-01-01,2026-10-02T12:42:14.337255+00:00,https://abve.org.br/abve-data/bi-geral/,"Consulta ABVE filtrada por município Bauru e UF SP; fluxo de emplacamentos, não frota.","O painel público não informa comprador, profissão, local de recarga ou transação individual. Registros são agregados por mês, modelo e município. Não usar para inferir causalidade ou ocupação de carregadores."
2026,1,SP,Bauru,MINI,MINI COOPER SE,BEV,1,2026-01-01,2026-10-02T12:42:14.337255+00:00,https://abve.org.br/abve-data/bi-geral/,"Consulta ABVE filtrada por município Bauru e UF SP; fluxo de emplacamentos, não frota.","O painel público não informa comprador, profissão, local de recarga ou transação individual. Registros são agregados por mês, modelo e município. Não usar para inferir causalidade ou ocupação de carregadores."
2026,1,SP,Bauru,OMODA JAECOO,JAECOO 7 LUXURY,PHEV,3,2026-01-01,2026-10-02T12:42:14.337255+00:00,https://abve.org.br/abve-data/bi-geral/,"Consulta ABVE filtrada por município Bauru e UF SP; fluxo de emplacamentos, não frota.","O painel público não informa comprador, profissão, local de recarga ou transação individual. Registros são agregados por mês, modelo e município. Não usar para inferir causalidade ou ocupação de carregadores."
2026,1,SP,Bauru,OMODA JAECOO,JAECOO 7 PRESTIGE,PHEV,2,2026-01-01,2026-10-02T12:42:14.337255+00:00,https://abve.org.br/abve-data/bi-geral/,"Consulta ABVE filtrada por município Bauru e UF SP; fluxo de emplacamentos, não frota.","O painel público não informa comprador, profissão, local de recarga ou transação individual. Registros são agregados por mês, modelo e município. Não usar para inferir causalidade ou ocupação de carregadores."
2026,1,SP,Bauru,OMODA JAECOO,OMODA 5 HEV LUXURY,HEV,4,2026-01-01,2026-10-02T12:42:14.337255+00:00,https://abve.org.br/abve-data/bi-geral/,"Consulta ABVE filtrada por município Bauru e UF SP; fluxo de emplacamentos, não frota.","O painel público não informa comprador, profissão, local de recarga ou transação individual. Registros são agregados por mês, modelo e município. Não usar para inferir causalidade ou ocupação de carregadores."
2026,1,SP,Bauru,OMODA JAECOO,OMODA 5 HEV PRESTIGE,HEV,4,2026-01-01,2026-10-02T12:42:14.337255+00:00,https://abve.org.br/abve-data/bi-geral/,"Consulta ABVE filtrada por município Bauru e UF SP; fluxo de emplacamentos, não frota.","O painel público não informa comprador, profissão, local de recarga ou transação individual. Registros são agregados por mês, modelo e município. Não usar para inferir causalidade ou ocupação de carregadores."
2026,1,SP,Bauru,OMODA JAECOO,OMODA 7 PHEV PRESTIGE,PHEV,2,2026-01-01,2026-10-02T12:42:14.337255+00:00,https://abve.org.br/abve-data/bi-geral/,"Consulta ABVE filtrada por município Bauru e UF SP; fluxo de emplacamentos, não frota.","O painel público não informa comprador, profissão, local de recarga ou transação individual. Registros são agregados por mês, modelo e município. Não usar para inferir causalidade ou ocupação de carregadores."
2026,1,SP,Bauru,OMODA JAECOO,OMODA E5,BEV,1,2026-01-01,2026-10-02T12:42:14.337255+00:00,https://abve.org.br/abve-data/bi-geral/,"Consulta ABVE filtrada por município Bauru e UF SP; fluxo de emplacamentos, não frota.","O painel público não informa comprador, profissão, local de recarga ou transação individual. Registros são agregados por mês, modelo e município. Não usar para inferir causalidade ou ocupação de carregadores."
2026,1,SP,Bauru,PEUGEOT,PEUGEOT 208 GT HYBRID,MHEV 12V,2,2026-01-01,2026-10-02T12:42:14.337255+00:00,https://abve.org.br/abve-data/bi-geral/,"Consulta ABVE filtrada por município Bauru e UF SP; fluxo de emplacamentos, não frota.","O painel público não informa comprador, profissão, local de recarga ou transação individual. Registros são agregados por mês, modelo e município. Não usar para inferir causalidade ou ocupação de carregadores."
2026,1,SP,Bauru,PORSCHE,PORSCHE CAYENNE PHEV,PHEV,1,2026-01-01,2026-10-02T12:42:14.337255+00:00,https://abve.org.br/abve-data/bi-geral/,"Consulta ABVE filtrada por município Bauru e UF SP; fluxo de emplacamentos, não frota.","O painel público não informa comprador, profissão, local de recarga ou transação individual. Registros são agregados por mês, modelo e município. Não usar para inferir causalidade ou ocupação de carregadores."
2026,1,SP,Bauru,RENAULT,RENAULT E-KWID TECHNO,BEV,1,2026-01-01,2026-10-02T12:42:14.337255+00:00,https://abve.org.br/abve-data/bi-geral/,"Consulta ABVE filtrada por município Bauru e UF SP; fluxo de emplacamentos, não frota.","O painel público não informa comprador, profissão, local de recarga ou transação individual. Registros são agregados por mês, modelo e município. Não usar para inferir causalidade ou ocupação de carregadores."
2026,1,SP,Bauru,TOYOTA,TOYOTA CCROSS XRX HYBRID,HEV FLEX,6,2026-01-01,2026-10-02T12:42:14.337255+00:00,https://abve.org.br/abve-data/bi-geral/,"Consulta ABVE filtrada por município Bauru e UF SP; fluxo de emplacamentos, não frota.","O painel público não informa comprador, profissão, local de recarga ou transação individual. Registros são agregados por mês, modelo e município. Não usar para inferir causalidade ou ocupação de carregadores."
2026,1,SP,Bauru,TOYOTA,TOYOTA COROLLA APREMIUMH,HEV FLEX,2,2026-01-01,2026-10-02T12:42:14.337255+00:00,https://abve.org.br/abve-data/bi-geral/,"Consulta ABVE filtrada por município Bauru e UF SP; fluxo de emplacamentos, não frota.","O painel público não informa comprador, profissão, local de recarga ou transação individual. Registros são agregados por mês, modelo e município. Não usar para inferir causalidade ou ocupação de carregadores."
2026,1,SP,Bauru,TOYOTA,TOYOTA COROLLA GLI HEV,HEV FLEX,1,2026-01-01,2026-10-02T12:42:14.337255+00:00,https://abve.org.br/abve-data/bi-geral/,"Consulta ABVE filtrada por município Bauru e UF SP; fluxo de emplacamentos, não frota.","O painel público não informa comprador, profissão, local de recarga ou transação individual. Registros são agregados por mês, modelo e município. Não usar para inferir causalidade ou ocupação de carregadores."
2026,2,SP,Bauru,BYD,BYD DOLPHIN GS 180EV,BEV,5,2026-02-01,2026-10-02T12:42:14.337255+00:00,https://abve.org.br/abve-data/bi-geral/,"Consulta ABVE filtrada por município Bauru e UF SP; fluxo de emplacamentos, não frota.","O painel público não informa comprador, profissão, local de recarga ou transação individual. Registros são agregados por mês, modelo e município. Não usar para inferir causalidade ou ocupação de carregadores."
2026,2,SP,Bauru,BYD,BYD DOLPHIN MINI GL5EV,BEV,1,2026-02-01,2026-10-02T12:42:14.337255+00:00,https://abve.org.br/abve-data/bi-geral/,"Consulta ABVE filtrada por município Bauru e UF SP; fluxo de emplacamentos, não frota.","O painel público não informa comprador, profissão, local de recarga ou transação individual. Registros são agregados por mês, modelo e município. Não usar para inferir causalidade ou ocupação de carregadores."
2026,2,SP,Bauru,BYD,BYD DOLPHIN MINI GS5EV,BEV,27,2026-02-01,2026-10-02T12:42:14.337255+00:00,https://abve.org.br/abve-data/bi-geral/,"Consulta ABVE filtrada por município Bauru e UF SP; fluxo de emplacamentos, não frota.","O painel público não informa comprador, profissão, local de recarga ou transação individual. Registros são agregados por mês, modelo e município. Não usar para inferir causalidade ou ocupação de carregadores."
2026,2,SP,Bauru,BYD,BYD KING GS DM,PHEV,6,2026-02-01,2026-10-02T12:42:14.337255+00:00,https://abve.org.br/abve-data/bi-geral/,"Consulta ABVE filtrada por município Bauru e UF SP; fluxo de emplacamentos, não frota.","O painel público não informa comprador, profissão, local de recarga ou transação individual. Registros são agregados por mês, modelo e município. Não usar para inferir causalidade ou ocupação de carregadores."
2026,2,SP,Bauru,BYD,BYD SHARK GS DM,PHEV,1,2026-02-01,2026-10-02T12:42:14.337255+00:00,https://abve.org.br/abve-data/bi-geral/,"Consulta ABVE filtrada por município Bauru e UF SP; fluxo de emplacamentos, não frota.","O painel público não informa comprador, profissão, local de recarga ou transação individual. Registros são agregados por mês, modelo e município. Não usar para inferir causalidade ou ocupação de carregadores."
2026,2,SP,Bauru,BYD,BYD SONG PLUS GS DM,PHEV,6,2026-02-01,2026-10-02T12:42:14.337255+00:00,https://abve.org.br/abve-data/bi-geral/,"Consulta ABVE filtrada por município Bauru e UF SP; fluxo de emplacamentos, não frota.","O painel público não informa comprador, profissão, local de recarga ou transação individual. Registros são agregados por mês, modelo e município. Não usar para inferir causalidade ou ocupação de carregadores."
2026,2,SP,Bauru,BYD,BYD SONG PLUS PREM DM,PHEV,4,2026-02-01,2026-10-02T12:42:14.337255+00:00,https://abve.org.br/abve-data/bi-geral/,"Consulta ABVE filtrada por município Bauru e UF SP; fluxo de emplacamentos, não frota.","O painel público não informa comprador, profissão, local de recarga ou transação individual. Registros são agregados por mês, modelo e município. Não usar para inferir causalidade ou ocupação de carregadores."
2026,2,SP,Bauru,BYD,BYD SONG PRO GL DM,PHEV,1,2026-02-01,2026-10-02T12:42:14.337255+00:00,https://abve.org.br/abve-data/bi-geral/,"Consulta ABVE filtrada por município Bauru e UF SP; fluxo de emplacamentos, não frota.","O painel público não informa comprador, profissão, local de recarga ou transação individual. Registros são agregados por mês, modelo e município. Não usar para inferir causalidade ou ocupação de carregadores."
2026,2,SP,Bauru,BYD,BYD SONG PRO GS DM,PHEV,5,2026-02-01,2026-10-02T12:42:14.337255+00:00,https://abve.org.br/abve-data/bi-geral/,"Consulta ABVE filtrada por município Bauru e UF SP; fluxo de emplacamentos, não frota.","O painel público não informa comprador, profissão, local de recarga ou transação individual. Registros são agregados por mês, modelo e município. Não usar para inferir causalidade ou ocupação de carregadores."
2026,2,SP,Bauru,BYD,BYD YUAN PRO GS 290EV,BEV,3,2026-02-01,2026-10-02T12:42:14.337255+00:00,https://abve.org.br/abve-data/bi-geral/,"Consulta ABVE filtrada por município Bauru e UF SP; fluxo de emplacamentos, não frota.","O painel público não informa comprador, profissão, local de recarga ou transação individual. Registros são agregados por mês, modelo e município. Não usar para inferir causalidade ou ocupação de carregadores."
2026,2,SP,Bauru,CAOA CHERY,CAOACHERY ARRIZO6 PRHA,MHEV 48V,1,2026-02-01,2026-10-02T12:42:14.337255+00:00,https://abve.org.br/abve-data/bi-geral/,"Consulta ABVE filtrada por município Bauru e UF SP; fluxo de emplacamentos, não frota.","O painel público não informa comprador, profissão, local de recarga ou transação individual. Registros são agregados por mês, modelo e município. Não usar para inferir causalidade ou ocupação de carregadores."
2026,2,SP,Bauru,FIAT,FIAT FASTBACK AUDACE HYB,MHEV 12V,2,2026-02-01,2026-10-02T12:42:14.337255+00:00,https://abve.org.br/abve-data/bi-geral/,"Consulta ABVE filtrada por município Bauru e UF SP; fluxo de emplacamentos, não frota.","O painel público não informa comprador, profissão, local de recarga ou transação individual. Registros são agregados por mês, modelo e município. Não usar para inferir causalidade ou ocupação de carregadores."
2026,2,SP,Bauru,FORD,FORD MAVERICK LRT HYB,HEV,1,2026-02-01,2026-10-02T12:42:14.337255+00:00,https://abve.org.br/abve-data/bi-geral/,"Consulta ABVE filtrada por município Bauru e UF SP; fluxo de emplacamentos, não frota.","O painel público não informa comprador, profissão, local de recarga ou transação individual. Registros são agregados por mês, modelo e município. Não usar para inferir causalidade ou ocupação de carregadores."
2026,2,SP,Bauru,GAC,GAC AION V ELITE,BEV,1,2026-02-01,2026-10-02T12:42:14.337255+00:00,https://abve.org.br/abve-data/bi-geral/,"Consulta ABVE filtrada por município Bauru e UF SP; fluxo de emplacamentos, não frota.","O painel público não informa comprador, profissão, local de recarga ou transação individual. Registros são agregados por mês, modelo e município. Não usar para inferir causalidade ou ocupação de carregadores."
2026,2,SP,Bauru,GAC,GAC AION Y ELITE,BEV,1,2026-02-01,2026-10-02T12:42:14.337255+00:00,https://abve.org.br/abve-data/bi-geral/,"Consulta ABVE filtrada por município Bauru e UF SP; fluxo de emplacamentos, não frota.","O painel público não informa comprador, profissão, local de recarga ou transação individual. Registros são agregados por mês, modelo e município. Não usar para inferir causalidade ou ocupação de carregadores."
2026,2,SP,Bauru,GAC,GAC GS4 ELITE,HEV,2,2026-02-01,2026-10-02T12:42:14.337255+00:00,https://abve.org.br/abve-data/bi-geral/,"Consulta ABVE filtrada por município Bauru e UF SP; fluxo de emplacamentos, não frota.","O painel público não informa comprador, profissão, local de recarga ou transação individual. Registros são agregados por mês, modelo e município. Não usar para inferir causalidade ou ocupação de carregadores."
2026,2,SP,Bauru,GM,CHEV CAPTIVA EV PR,BEV,2,2026-02-01,2026-10-02T12:42:14.337255+00:00,https://abve.org.br/abve-data/bi-geral/,"Consulta ABVE filtrada por município Bauru e UF SP; fluxo de emplacamentos, não frota.","O painel público não informa comprador, profissão, local de recarga ou transação individual. Registros são agregados por mês, modelo e município. Não usar para inferir causalidade ou ocupação de carregadores."
2026,2,SP,Bauru,GWM,GWM HAVAL H6 HEV ESP,HEV,3,2026-02-01,2026-10-02T12:42:14.337255+00:00,https://abve.org.br/abve-data/bi-geral/,"Consulta ABVE filtrada por município Bauru e UF SP; fluxo de emplacamentos, não frota.","O painel público não informa comprador, profissão, local de recarga ou transação individual. Registros são agregados por mês, modelo e município. Não usar para inferir causalidade ou ocupação de carregadores."
2026,2,SP,Bauru,GWM,GWM HAVAL H6 HEV2,HEV,5,2026-02-01,2026-10-02T12:42:14.337255+00:00,https://abve.org.br/abve-data/bi-geral/,"Consulta ABVE filtrada por município Bauru e UF SP; fluxo de emplacamentos, não frota.","O painel público não informa comprador, profissão, local de recarga ou transação individual. Registros são agregados por mês, modelo e município. Não usar para inferir causalidade ou ocupação de carregadores."
2026,2,SP,Bauru,GWM,GWM HAVAL H6 PHEV19,PHEV,4,2026-02-01,2026-10-02T12:42:14.337255+00:00,https://abve.org.br/abve-data/bi-geral/,"Consulta ABVE filtrada por município Bauru e UF SP; fluxo de emplacamentos, não frota.","O painel público não informa comprador, profissão, local de recarga ou transação individual. Registros são agregados por mês, modelo e município. Não usar para inferir causalidade ou ocupação de carregadores."
2026,2,SP,Bauru,GWM,GWM ORA 03 BEV58,BEV,1,2026-02-01,2026-10-02T12:42:14.337255+00:00,https://abve.org.br/abve-data/bi-geral/,"Consulta ABVE filtrada por município Bauru e UF SP; fluxo de emplacamentos, não frota.","O painel público não informa comprador, profissão, local de recarga ou transação individual. Registros são agregados por mês, modelo e município. Não usar para inferir causalidade ou ocupação de carregadores."
2026,2,SP,Bauru,GWM,GWM WEY 07,PHEV,1,2026-02-01,2026-10-02T12:42:14.337255+00:00,https://abve.org.br/abve-data/bi-geral/,"Consulta ABVE filtrada por município Bauru e UF SP; fluxo de emplacamentos, não frota.","O painel público não informa comprador, profissão, local de recarga ou transação individual. Registros são agregados por mês, modelo e município. Não usar para inferir causalidade ou ocupação de carregadores."
2026,2,SP,Bauru,JETOUR,JETOUR S06 DM PREMIUM,PHEV,2,2026-02-01,2026-10-02T12:42:14.337255+00:00,https://abve.org.br/abve-data/bi-geral/,"Consulta ABVE filtrada por município Bauru e UF SP; fluxo de emplacamentos, não frota.","O painel público não informa comprador, profissão, local de recarga ou transação individual. Registros são agregados por mês, modelo e município. Não usar para inferir causalidade ou ocupação de carregadores."
2026,2,SP,Bauru,JETOUR,JETOUR T1 I-DM PREMIUM,PHEV,2,2026-02-01,2026-10-02T12:42:14.337255+00:00,https://abve.org.br/abve-data/bi-geral/,"Consulta ABVE filtrada por município Bauru e UF SP; fluxo de emplacamentos, não frota.","O painel público não informa comprador, profissão, local de recarga ou transação individual. Registros são agregados por mês, modelo e município. Não usar para inferir causalidade ou ocupação de carregadores."
2026,2,SP,Bauru,JETOUR,JETOUR T2 I-DM PREMIUM,PHEV,3,2026-02-01,2026-10-02T12:42:14.337255+00:00,https://abve.org.br/abve-data/bi-geral/,"Consulta ABVE filtrada por município Bauru e UF SP; fluxo de emplacamentos, não frota.","O painel público não informa comprador, profissão, local de recarga ou transação individual. Registros são agregados por mês, modelo e município. Não usar para inferir causalidade ou ocupação de carregadores."
2026,2,SP,Bauru,LEXUS,LEXUS RX450H PLUG-IN,PHEV,1,2026-02-01,2026-10-02T12:42:14.337255+00:00,https://abve.org.br/abve-data/bi-geral/,"Consulta ABVE filtrada por município Bauru e UF SP; fluxo de emplacamentos, não frota.","O painel público não informa comprador, profissão, local de recarga ou transação individual. Registros são agregados por mês, modelo e município. Não usar para inferir causalidade ou ocupação de carregadores."
2026,2,SP,Bauru,M.BENZ,M.BENZ GLC300 4M CO,MHEV 48V,1,2026-02-01,2026-10-02T12:42:14.337255+00:00,https://abve.org.br/abve-data/bi-geral/,"Consulta ABVE filtrada por município Bauru e UF SP; fluxo de emplacamentos, não frota.","O painel público não informa comprador, profissão, local de recarga ou transação individual. Registros são agregados por mês, modelo e município. Não usar para inferir causalidade ou ocupação de carregadores."
2026,2,SP,Bauru,OMODA JAECOO,JAECOO 7 LUXURY,PHEV,1,2026-02-01,2026-10-02T12:42:14.337255+00:00,https://abve.org.br/abve-data/bi-geral/,"Consulta ABVE filtrada por município Bauru e UF SP; fluxo de emplacamentos, não frota.","O painel público não informa comprador, profissão, local de recarga ou transação individual. Registros são agregados por mês, modelo e município. Não usar para inferir causalidade ou ocupação de carregadores."
2026,2,SP,Bauru,OMODA JAECOO,JAECOO 7 PRESTIGE,PHEV,2,2026-02-01,2026-10-02T12:42:14.337255+00:00,https://abve.org.br/abve-data/bi-geral/,"Consulta ABVE filtrada por município Bauru e UF SP; fluxo de emplacamentos, não frota.","O painel público não informa comprador, profissão, local de recarga ou transação individual. Registros são agregados por mês, modelo e município. Não usar para inferir causalidade ou ocupação de carregadores."
2026,2,SP,Bauru,OMODA JAECOO,OMODA 5 HEV PRESTIGE,HEV,3,2026-02-01,2026-10-02T12:42:14.337255+00:00,https://abve.org.br/abve-data/bi-geral/,"Consulta ABVE filtrada por município Bauru e UF SP; fluxo de emplacamentos, não frota.","O painel público não informa comprador, profissão, local de recarga ou transação individual. Registros são agregados por mês, modelo e município. Não usar para inferir causalidade ou ocupação de carregadores."
2026,2,SP,Bauru,PEUGEOT,PEUGEOT 2008 GT HYBRID,MHEV 12V,1,2026-02-01,2026-10-02T12:42:14.337255+00:00,https://abve.org.br/abve-data/bi-geral/,"Consulta ABVE filtrada por município Bauru e UF SP; fluxo de emplacamentos, não frota.","O painel público não informa comprador, profissão, local de recarga ou transação individual. Registros são agregados por mês, modelo e município. Não usar para inferir causalidade ou ocupação de carregadores."
2026,2,SP,Bauru,PORSCHE,PORSCHE CAYENNE S PHEV,PHEV,1,2026-02-01,2026-10-02T12:42:14.337255+00:00,https://abve.org.br/abve-data/bi-geral/,"Consulta ABVE filtrada por município Bauru e UF SP; fluxo de emplacamentos, não frota.","O painel público não informa comprador, profissão, local de recarga ou transação individual. Registros são agregados por mês, modelo e município. Não usar para inferir causalidade ou ocupação de carregadores."
2026,2,SP,Bauru,TOYOTA,TOYOTA CCROSS XRX HYBRID,HEV FLEX,7,2026-02-01,2026-10-02T12:42:14.337255+00:00,https://abve.org.br/abve-data/bi-geral/,"Consulta ABVE filtrada por município Bauru e UF SP; fluxo de emplacamentos, não frota.","O painel público não informa comprador, profissão, local de recarga ou transação individual. Registros são agregados por mês, modelo e município. Não usar para inferir causalidade ou ocupação de carregadores."
2026,2,SP,Bauru,TOYOTA,TOYOTA COROLLA APREMIUMH,HEV FLEX,2,2026-02-01,2026-10-02T12:42:14.337255+00:00,https://abve.org.br/abve-data/bi-geral/,"Consulta ABVE filtrada por município Bauru e UF SP; fluxo de emplacamentos, não frota.","O painel público não informa comprador, profissão, local de recarga ou transação individual. Registros são agregados por mês, modelo e município. Não usar para inferir causalidade ou ocupação de carregadores."
2026,2,SP,Bauru,TOYOTA,TOYOTA COROLLA GLI HEV,HEV FLEX,5,2026-02-01,2026-10-02T12:42:14.337255+00:00,https://abve.org.br/abve-data/bi-geral/,"Consulta ABVE filtrada por município Bauru e UF SP; fluxo de emplacamentos, não frota.","O painel público não informa comprador, profissão, local de recarga ou transação individual. Registros são agregados por mês, modelo e município. Não usar para inferir causalidade ou ocupação de carregadores."
2026,2,SP,Bauru,TOYOTA,TOYOTA RAV4H SXAWD CNT,HEV,1,2026-02-01,2026-10-02T12:42:14.337255+00:00,https://abve.org.br/abve-data/bi-geral/,"Consulta ABVE filtrada por município Bauru e UF SP; fluxo de emplacamentos, não frota.","O painel público não informa comprador, profissão, local de recarga ou transação individual. Registros são agregados por mês, modelo e município. Não usar para inferir causalidade ou ocupação de carregadores."
2026,2,SP,Bauru,TOYOTA,TOYOTA YCROSS XRX-HYBRID,HEV FLEX,1,2026-02-01,2026-10-02T12:42:14.337255+00:00,https://abve.org.br/abve-data/bi-geral/,"Consulta ABVE filtrada por município Bauru e UF SP; fluxo de emplacamentos, não frota.","O painel público não informa comprador, profissão, local de recarga ou transação individual. Registros são agregados por mês, modelo e município. Não usar para inferir causalidade ou ocupação de carregadores."
2026,3,SP,Bauru,AUDI,AUDI Q7 HIBRIDO,MHEV 48V,1,2026-03-01,2026-10-02T12:42:14.337255+00:00,https://abve.org.br/abve-data/bi-geral/,"Consulta ABVE filtrada por município Bauru e UF SP; fluxo de emplacamentos, não frota.","O painel público não informa comprador, profissão, local de recarga ou transação individual. Registros são agregados por mês, modelo e município. Não usar para inferir causalidade ou ocupação de carregadores."
2026,3,SP,Bauru,BMW,BMW X3 30 XDRIVE,MHEV 48V,1,2026-03-01,2026-10-02T12:42:14.337255+00:00,https://abve.org.br/abve-data/bi-geral/,"Consulta ABVE filtrada por município Bauru e UF SP; fluxo de emplacamentos, não frota.","O painel público não informa comprador, profissão, local de recarga ou transação individual. Registros são agregados por mês, modelo e município. Não usar para inferir causalidade ou ocupação de carregadores."
2026,3,SP,Bauru,BYD,BYD ATTO 8 GS DM,PHEV,1,2026-03-01,2026-10-02T12:42:14.337255+00:00,https://abve.org.br/abve-data/bi-geral/,"Consulta ABVE filtrada por município Bauru e UF SP; fluxo de emplacamentos, não frota.","O painel público não informa comprador, profissão, local de recarga ou transação individual. Registros são agregados por mês, modelo e município. Não usar para inferir causalidade ou ocupação de carregadores."
2026,3,SP,Bauru,BYD,BYD DOLPHIN GS 180EV,BEV,3,2026-03-01,2026-10-02T12:42:14.337255+00:00,https://abve.org.br/abve-data/bi-geral/,"Consulta ABVE filtrada por município Bauru e UF SP; fluxo de emplacamentos, não frota.","O painel público não informa comprador, profissão, local de recarga ou transação individual. Registros são agregados por mês, modelo e município. Não usar para inferir causalidade ou ocupação de carregadores."
2026,3,SP,Bauru,BYD,BYD DOLPHIN MINI GL5EV,BEV,1,2026-03-01,2026-10-02T12:42:14.337255+00:00,https://abve.org.br/abve-data/bi-geral/,"Consulta ABVE filtrada por município Bauru e UF SP; fluxo de emplacamentos, não frota.","O painel público não informa comprador, profissão, local de recarga ou transação individual. Registros são agregados por mês, modelo e município. Não usar para inferir causalidade ou ocupação de carregadores."
2026,3,SP,Bauru,BYD,BYD DOLPHIN MINI GS5EV,BEV,29,2026-03-01,2026-10-02T12:42:14.337255+00:00,https://abve.org.br/abve-data/bi-geral/,"Consulta ABVE filtrada por município Bauru e UF SP; fluxo de emplacamentos, não frota.","O painel público não informa comprador, profissão, local de recarga ou transação individual. Registros são agregados por mês, modelo e município. Não usar para inferir causalidade ou ocupação de carregadores."
2026,3,SP,Bauru,BYD,BYD KING GL DM,PHEV,1,2026-03-01,2026-10-02T12:42:14.337255+00:00,https://abve.org.br/abve-data/bi-geral/,"Consulta ABVE filtrada por município Bauru e UF SP; fluxo de emplacamentos, não frota.","O painel público não informa comprador, profissão, local de recarga ou transação individual. Registros são agregados por mês, modelo e município. Não usar para inferir causalidade ou ocupação de carregadores."
2026,3,SP,Bauru,BYD,BYD KING GS DM,PHEV,7,2026-03-01,2026-10-02T12:42:14.337255+00:00,https://abve.org.br/abve-data/bi-geral/,"Consulta ABVE filtrada por município Bauru e UF SP; fluxo de emplacamentos, não frota.","O painel público não informa comprador, profissão, local de recarga ou transação individual. Registros são agregados por mês, modelo e município. Não usar para inferir causalidade ou ocupação de carregadores."
2026,3,SP,Bauru,BYD,BYD SHARK GS DM,PHEV,1,2026-03-01,2026-10-02T12:42:14.337255+00:00,https://abve.org.br/abve-data/bi-geral/,"Consulta ABVE filtrada por município Bauru e UF SP; fluxo de emplacamentos, não frota.","O painel público não informa comprador, profissão, local de recarga ou transação individual. Registros são agregados por mês, modelo e município. Não usar para inferir causalidade ou ocupação de carregadores."
2026,3,SP,Bauru,BYD,BYD SONG PLUS GS DM,PHEV,5,2026-03-01,2026-10-02T12:42:14.337255+00:00,https://abve.org.br/abve-data/bi-geral/,"Consulta ABVE filtrada por município Bauru e UF SP; fluxo de emplacamentos, não frota.","O painel público não informa comprador, profissão, local de recarga ou transação individual. Registros são agregados por mês, modelo e município. Não usar para inferir causalidade ou ocupação de carregadores."
2026,3,SP,Bauru,BYD,BYD SONG PLUS PREM DM,PHEV,5,2026-03-01,2026-10-02T12:42:14.337255+00:00,https://abve.org.br/abve-data/bi-geral/,"Consulta ABVE filtrada por município Bauru e UF SP; fluxo de emplacamentos, não frota.","O painel público não informa comprador, profissão, local de recarga ou transação individual. Registros são agregados por mês, modelo e município. Não usar para inferir causalidade ou ocupação de carregadores."
2026,3,SP,Bauru,BYD,BYD SONG PRO GL DM,PHEV,3,2026-03-01,2026-10-02T12:42:14.337255+00:00,https://abve.org.br/abve-data/bi-geral/,"Consulta ABVE filtrada por município Bauru e UF SP; fluxo de emplacamentos, não frota.","O painel público não informa comprador, profissão, local de recarga ou transação individual. Registros são agregados por mês, modelo e município. Não usar para inferir causalidade ou ocupação de carregadores."
2026,3,SP,Bauru,BYD,BYD SONG PRO GS DM,PHEV,17,2026-03-01,2026-10-02T12:42:14.337255+00:00,https://abve.org.br/abve-data/bi-geral/,"Consulta ABVE filtrada por município Bauru e UF SP; fluxo de emplacamentos, não frota.","O painel público não informa comprador, profissão, local de recarga ou transação individual. Registros são agregados por mês, modelo e município. Não usar para inferir causalidade ou ocupação de carregadores."
2026,3,SP,Bauru,FIAT,FIAT FASTBACK AUDACE HYB,MHEV 12V,4,2026-03-01,2026-10-02T12:42:14.337255+00:00,https://abve.org.br/abve-data/bi-geral/,"Consulta ABVE filtrada por município Bauru e UF SP; fluxo de emplacamentos, não frota.","O painel público não informa comprador, profissão, local de recarga ou transação individual. Registros são agregados por mês, modelo e município. Não usar para inferir causalidade ou ocupação de carregadores."
2026,3,SP,Bauru,FIAT,FIAT FASTBACK IMPETUS HY,MHEV 12V,3,2026-03-01,2026-10-02T12:42:14.337255+00:00,https://abve.org.br/abve-data/bi-geral/,"Consulta ABVE filtrada por município Bauru e UF SP; fluxo de emplacamentos, não frota.","O painel público não informa comprador, profissão, local de recarga ou transação individual. Registros são agregados por mês, modelo e município. Não usar para inferir causalidade ou ocupação de carregadores."
2026,3,SP,Bauru,FORD,FORD MAVERICK LRT HYB,HEV,1,2026-03-01,2026-10-02T12:42:14.337255+00:00,https://abve.org.br/abve-data/bi-geral/,"Consulta ABVE filtrada por município Bauru e UF SP; fluxo de emplacamentos, não frota.","O painel público não informa comprador, profissão, local de recarga ou transação individual. Registros são agregados por mês, modelo e município. Não usar para inferir causalidade ou ocupação de carregadores."
2026,3,SP,Bauru,GAC,GAC AION ES PLUS,BEV,1,2026-03-01,2026-10-02T12:42:14.337255+00:00,https://abve.org.br/abve-data/bi-geral/,"Consulta ABVE filtrada por município Bauru e UF SP; fluxo de emplacamentos, não frota.","O painel público não informa comprador, profissão, local de recarga ou transação individual. Registros são agregados por mês, modelo e município. Não usar para inferir causalidade ou ocupação de carregadores."
2026,3,SP,Bauru,GAC,GAC GS4 ELITE,HEV,1,2026-03-01,2026-10-02T12:42:14.337255+00:00,https://abve.org.br/abve-data/bi-geral/,"Consulta ABVE filtrada por município Bauru e UF SP; fluxo de emplacamentos, não frota.","O painel público não informa comprador, profissão, local de recarga ou transação individual. Registros são agregados por mês, modelo e município. Não usar para inferir causalidade ou ocupação de carregadores."
2026,3,SP,Bauru,GM,CHEV CAPTIVA EV PR,BEV,2,2026-03-01,2026-10-02T12:42:14.337255+00:00,https://abve.org.br/abve-data/bi-geral/,"Consulta ABVE filtrada por município Bauru e UF SP; fluxo de emplacamentos, não frota.","O painel público não informa comprador, profissão, local de recarga ou transação individual. Registros são agregados por mês, modelo e município. Não usar para inferir causalidade ou ocupação de carregadores."
2026,3,SP,Bauru,GM,CHEV SPARK EUV ACTIV,BEV,2,2026-03-01,2026-10-02T12:42:14.337255+00:00,https://abve.org.br/abve-data/bi-geral/,"Consulta ABVE filtrada por município Bauru e UF SP; fluxo de emplacamentos, não frota.","O painel público não informa comprador, profissão, local de recarga ou transação individual. Registros são agregados por mês, modelo e município. Não usar para inferir causalidade ou ocupação de carregadores."
2026,3,SP,Bauru,GWM,GWM HAVAL H6 HEV2,HEV,9,2026-03-01,2026-10-02T12:42:14.337255+00:00,https://abve.org.br/abve-data/bi-geral/,"Consulta ABVE filtrada por município Bauru e UF SP; fluxo de emplacamentos, não frota.","O painel público não informa comprador, profissão, local de recarga ou transação individual. Registros são agregados por mês, modelo e município. Não usar para inferir causalidade ou ocupação de carregadores."
2026,3,SP,Bauru,GWM,GWM HAVAL H6 PHEV19,PHEV,6,2026-03-01,2026-10-02T12:42:14.337255+00:00,https://abve.org.br/abve-data/bi-geral/,"Consulta ABVE filtrada por município Bauru e UF SP; fluxo de emplacamentos, não frota.","O painel público não informa comprador, profissão, local de recarga ou transação individual. Registros são agregados por mês, modelo e município. Não usar para inferir causalidade ou ocupação de carregadores."
2026,3,SP,Bauru,GWM,GWM HAVAL H6 PHEV35,PHEV,1,2026-03-01,2026-10-02T12:42:14.337255+00:00,https://abve.org.br/abve-data/bi-geral/,"Consulta ABVE filtrada por município Bauru e UF SP; fluxo de emplacamentos, não frota.","O painel público não informa comprador, profissão, local de recarga ou transação individual. Registros são agregados por mês, modelo e município. Não usar para inferir causalidade ou ocupação de carregadores."
2026,3,SP,Bauru,GWM,GWM ORA 03 BEV58,BEV,1,2026-03-01,2026-10-02T12:42:14.337255+00:00,https://abve.org.br/abve-data/bi-geral/,"Consulta ABVE filtrada por município Bauru e UF SP; fluxo de emplacamentos, não frota.","O painel público não informa comprador, profissão, local de recarga ou transação individual. Registros são agregados por mês, modelo e município. Não usar para inferir causalidade ou ocupação de carregadores."
2026,3,SP,Bauru,GWM,GWM TANK 300 PHEV,PHEV,3,2026-03-01,2026-10-02T12:42:14.337255+00:00,https://abve.org.br/abve-data/bi-geral/,"Consulta ABVE filtrada por município Bauru e UF SP; fluxo de emplacamentos, não frota.","O painel público não informa comprador, profissão, local de recarga ou transação individual. Registros são agregados por mês, modelo e município. Não usar para inferir causalidade ou ocupação de carregadores."
2026,3,SP,Bauru,GWM,GWM WEY 07,PHEV,1,2026-03-01,2026-10-02T12:42:14.337255+00:00,https://abve.org.br/abve-data/bi-geral/,"Consulta ABVE filtrada por município Bauru e UF SP; fluxo de emplacamentos, não frota.","O painel público não informa comprador, profissão, local de recarga ou transação individual. Registros são agregados por mês, modelo e município. Não usar para inferir causalidade ou ocupação de carregadores."
2026,3,SP,Bauru,JETOUR,JETOUR S06 DM PREMIUM,PHEV,1,2026-03-01,2026-10-02T12:42:14.337255+00:00,https://abve.org.br/abve-data/bi-geral/,"Consulta ABVE filtrada por município Bauru e UF SP; fluxo de emplacamentos, não frota.","O painel público não informa comprador, profissão, local de recarga ou transação individual. Registros são agregados por mês, modelo e município. Não usar para inferir causalidade ou ocupação de carregadores."
2026,3,SP,Bauru,JETOUR,JETOUR T1 I-DM PREMIUM,PHEV,1,2026-03-01,2026-10-02T12:42:14.337255+00:00,https://abve.org.br/abve-data/bi-geral/,"Consulta ABVE filtrada por município Bauru e UF SP; fluxo de emplacamentos, não frota.","O painel público não informa comprador, profissão, local de recarga ou transação individual. Registros são agregados por mês, modelo e município. Não usar para inferir causalidade ou ocupação de carregadores."
2026,3,SP,Bauru,JETOUR,JETOUR T2 I-DM PREMIUM,PHEV,1,2026-03-01,2026-10-02T12:42:14.337255+00:00,https://abve.org.br/abve-data/bi-geral/,"Consulta ABVE filtrada por município Bauru e UF SP; fluxo de emplacamentos, não frota.","O painel público não informa comprador, profissão, local de recarga ou transação individual. Registros são agregados por mês, modelo e município. Não usar para inferir causalidade ou ocupação de carregadores."
2026,3,SP,Bauru,M.BENZ,M.BENZ C200 AMG LINE,MHEV 48V,1,2026-03-01,2026-10-02T12:42:14.337255+00:00,https://abve.org.br/abve-data/bi-geral/,"Consulta ABVE filtrada por município Bauru e UF SP; fluxo de emplacamentos, não frota.","O painel público não informa comprador, profissão, local de recarga ou transação individual. Registros são agregados por mês, modelo e município. Não usar para inferir causalidade ou ocupação de carregadores."
2026,3,SP,Bauru,M.BENZ,M.BENZ GLB220 4M AMG L,MHEV 48V,1,2026-03-01,2026-10-02T12:42:14.337255+00:00,https://abve.org.br/abve-data/bi-geral/,"Consulta ABVE filtrada por município Bauru e UF SP; fluxo de emplacamentos, não frota.","O painel público não informa comprador, profissão, local de recarga ou transação individual. Registros são agregados por mês, modelo e município. Não usar para inferir causalidade ou ocupação de carregadores."
2026,3,SP,Bauru,M.BENZ,M.BENZ GLC300 4M,MHEV 48V,1,2026-03-01,2026-10-02T12:42:14.337255+00:00,https://abve.org.br/abve-data/bi-geral/,"Consulta ABVE filtrada por município Bauru e UF SP; fluxo de emplacamentos, não frota.","O painel público não informa comprador, profissão, local de recarga ou transação individual. Registros são agregados por mês, modelo e município. Não usar para inferir causalidade ou ocupação de carregadores."
2026,3,SP,Bauru,OMODA JAECOO,JAECOO 7 LUXURY,PHEV,2,2026-03-01,2026-10-02T12:42:14.337255+00:00,https://abve.org.br/abve-data/bi-geral/,"Consulta ABVE filtrada por município Bauru e UF SP; fluxo de emplacamentos, não frota.","O painel público não informa comprador, profissão, local de recarga ou transação individual. Registros são agregados por mês, modelo e município. Não usar para inferir causalidade ou ocupação de carregadores."
2026,3,SP,Bauru,OMODA JAECOO,JAECOO 7 PRESTIGE,PHEV,4,2026-03-01,2026-10-02T12:42:14.337255+00:00,https://abve.org.br/abve-data/bi-geral/,"Consulta ABVE filtrada por município Bauru e UF SP; fluxo de emplacamentos, não frota.","O painel público não informa comprador, profissão, local de recarga ou transação individual. Registros são agregados por mês, modelo e município. Não usar para inferir causalidade ou ocupação de carregadores."
2026,3,SP,Bauru,OMODA JAECOO,OMODA 5 HEV LUXURY,HEV,5,2026-03-01,2026-10-02T12:42:14.337255+00:00,https://abve.org.br/abve-data/bi-geral/,"Consulta ABVE filtrada por município Bauru e UF SP; fluxo de emplacamentos, não frota.","O painel público não informa comprador, profissão, local de recarga ou transação individual. Registros são agregados por mês, modelo e município. Não usar para inferir causalidade ou ocupação de carregadores."
2026,3,SP,Bauru,OMODA JAECOO,OMODA 5 HEV PRESTIGE,HEV,3,2026-03-01,2026-10-02T12:42:14.337255+00:00,https://abve.org.br/abve-data/bi-geral/,"Consulta ABVE filtrada por município Bauru e UF SP; fluxo de emplacamentos, não frota.","O painel público não informa comprador, profissão, local de recarga ou transação individual. Registros são agregados por mês, modelo e município. Não usar para inferir causalidade ou ocupação de carregadores."
2026,3,SP,Bauru,OMODA JAECOO,OMODA 7 PHEV LUXURY,PHEV,2,2026-03-01,2026-10-02T12:42:14.337255+00:00,https://abve.org.br/abve-data/bi-geral/,"Consulta ABVE filtrada por município Bauru e UF SP; fluxo de emplacamentos, não frota.","O painel público não informa comprador, profissão, local de recarga ou transação individual. Registros são agregados por mês, modelo e município. Não usar para inferir causalidade ou ocupação de carregadores."
2026,3,SP,Bauru,TOYOTA,TOYOTA CCROSS XRX HYBRID,HEV FLEX,2,2026-03-01,2026-10-02T12:42:14.337255+00:00,https://abve.org.br/abve-data/bi-geral/,"Consulta ABVE filtrada por município Bauru e UF SP; fluxo de emplacamentos, não frota.","O painel público não informa comprador, profissão, local de recarga ou transação individual. Registros são agregados por mês, modelo e município. Não usar para inferir causalidade ou ocupação de carregadores."
2026,3,SP,Bauru,TOYOTA,TOYOTA COROLLA APREMIUMH,HEV FLEX,3,2026-03-01,2026-10-02T12:42:14.337255+00:00,https://abve.org.br/abve-data/bi-geral/,"Consulta ABVE filtrada por município Bauru e UF SP; fluxo de emplacamentos, não frota.","O painel público não informa comprador, profissão, local de recarga ou transação individual. Registros são agregados por mês, modelo e município. Não usar para inferir causalidade ou ocupação de carregadores."
2026,3,SP,Bauru,TOYOTA,TOYOTA COROLLA GLI HEV,HEV FLEX,8,2026-03-01,2026-10-02T12:42:14.337255+00:00,https://abve.org.br/abve-data/bi-geral/,"Consulta ABVE filtrada por município Bauru e UF SP; fluxo de emplacamentos, não frota.","O painel público não informa comprador, profissão, local de recarga ou transação individual. Registros são agregados por mês, modelo e município. Não usar para inferir causalidade ou ocupação de carregadores."
2026,3,SP,Bauru,TOYOTA,TOYOTA YCROSS XRE-HYBRID,HEV FLEX,5,2026-03-01,2026-10-02T12:42:14.337255+00:00,https://abve.org.br/abve-data/bi-geral/,"Consulta ABVE filtrada por município Bauru e UF SP; fluxo de emplacamentos, não frota.","O painel público não informa comprador, profissão, local de recarga ou transação individual. Registros são agregados por mês, modelo e município. Não usar para inferir causalidade ou ocupação de carregadores."
2026,3,SP,Bauru,TOYOTA,TOYOTA YCROSS XRX-HYBRID,HEV FLEX,3,2026-03-01,2026-10-02T12:42:14.337255+00:00,https://abve.org.br/abve-data/bi-geral/,"Consulta ABVE filtrada por município Bauru e UF SP; fluxo de emplacamentos, não frota.","O painel público não informa comprador, profissão, local de recarga ou transação individual. Registros são agregados por mês, modelo e município. Não usar para inferir causalidade ou ocupação de carregadores."
2026,3,SP,Bauru,VOLVO,VOLVO EX40 6 PLUS,BEV,1,2026-03-01,2026-10-02T12:42:14.337255+00:00,https://abve.org.br/abve-data/bi-geral/,"Consulta ABVE filtrada por município Bauru e UF SP; fluxo de emplacamentos, não frota.","O painel público não informa comprador, profissão, local de recarga ou transação individual. Registros são agregados por mês, modelo e município. Não usar para inferir causalidade ou ocupação de carregadores."
2026,3,SP,Bauru,VOLVO,VOLVO XC60 T8 ULT DARK,PHEV,1,2026-03-01,2026-10-02T12:42:14.337255+00:00,https://abve.org.br/abve-data/bi-geral/,"Consulta ABVE filtrada por município Bauru e UF SP; fluxo de emplacamentos, não frota.","O painel público não informa comprador, profissão, local de recarga ou transação individual. Registros são agregados por mês, modelo e município. Não usar para inferir causalidade ou ocupação de carregadores."
2026,4,SP,Bauru,BYD,BYD ATTO 8 GS DM,PHEV,3,2026-04-01,2026-10-02T12:42:14.337255+00:00,https://abve.org.br/abve-data/bi-geral/,"Consulta ABVE filtrada por município Bauru e UF SP; fluxo de emplacamentos, não frota.","O painel público não informa comprador, profissão, local de recarga ou transação individual. Registros são agregados por mês, modelo e município. Não usar para inferir causalidade ou ocupação de carregadores."
2026,4,SP,Bauru,BYD,BYD DOLPHIN GS 180EV,BEV,2,2026-04-01,2026-10-02T12:42:14.337255+00:00,https://abve.org.br/abve-data/bi-geral/,"Consulta ABVE filtrada por município Bauru e UF SP; fluxo de emplacamentos, não frota.","O painel público não informa comprador, profissão, local de recarga ou transação individual. Registros são agregados por mês, modelo e município. Não usar para inferir causalidade ou ocupação de carregadores."
2026,4,SP,Bauru,BYD,BYD DOLPHIN MINI GL5EV,BEV,1,2026-04-01,2026-10-02T12:42:14.337255+00:00,https://abve.org.br/abve-data/bi-geral/,"Consulta ABVE filtrada por município Bauru e UF SP; fluxo de emplacamentos, não frota.","O painel público não informa comprador, profissão, local de recarga ou transação individual. Registros são agregados por mês, modelo e município. Não usar para inferir causalidade ou ocupação de carregadores."
2026,4,SP,Bauru,BYD,BYD DOLPHIN MINI GS5EV,BEV,18,2026-04-01,2026-10-02T12:42:14.337255+00:00,https://abve.org.br/abve-data/bi-geral/,"Consulta ABVE filtrada por município Bauru e UF SP; fluxo de emplacamentos, não frota.","O painel público não informa comprador, profissão, local de recarga ou transação individual. Registros são agregados por mês, modelo e município. Não usar para inferir causalidade ou ocupação de carregadores."
2026,4,SP,Bauru,BYD,BYD KING GS DM,PHEV,15,2026-04-01,2026-10-02T12:42:14.337255+00:00,https://abve.org.br/abve-data/bi-geral/,"Consulta ABVE filtrada por município Bauru e UF SP; fluxo de emplacamentos, não frota.","O painel público não informa comprador, profissão, local de recarga ou transação individual. Registros são agregados por mês, modelo e município. Não usar para inferir causalidade ou ocupação de carregadores."
2026,4,SP,Bauru,BYD,BYD SONG PLUS GS DM,PHEV,8,2026-04-01,2026-10-02T12:42:14.337255+00:00,https://abve.org.br/abve-data/bi-geral/,"Consulta ABVE filtrada por município Bauru e UF SP; fluxo de emplacamentos, não frota.","O painel público não informa comprador, profissão, local de recarga ou transação individual. Registros são agregados por mês, modelo e município. Não usar para inferir causalidade ou ocupação de carregadores."
2026,4,SP,Bauru,BYD,BYD SONG PRO GL DM,PHEV,3,2026-04-01,2026-10-02T12:42:14.337255+00:00,https://abve.org.br/abve-data/bi-geral/,"Consulta ABVE filtrada por município Bauru e UF SP; fluxo de emplacamentos, não frota.","O painel público não informa comprador, profissão, local de recarga ou transação individual. Registros são agregados por mês, modelo e município. Não usar para inferir causalidade ou ocupação de carregadores."
2026,4,SP,Bauru,BYD,BYD SONG PRO GS DM,PHEV,7,2026-04-01,2026-10-02T12:42:14.337255+00:00,https://abve.org.br/abve-data/bi-geral/,"Consulta ABVE filtrada por município Bauru e UF SP; fluxo de emplacamentos, não frota.","O painel público não informa comprador, profissão, local de recarga ou transação individual. Registros são agregados por mês, modelo e município. Não usar para inferir causalidade ou ocupação de carregadores."
2026,4,SP,Bauru,DENZA,DENZA B5 GS DM,PHEV,1,2026-04-01,2026-10-02T12:42:14.337255+00:00,https://abve.org.br/abve-data/bi-geral/,"Consulta ABVE filtrada por município Bauru e UF SP; fluxo de emplacamentos, não frota.","O painel público não informa comprador, profissão, local de recarga ou transação individual. Registros são agregados por mês, modelo e município. Não usar para inferir causalidade ou ocupação de carregadores."
2026,4,SP,Bauru,FIAT,FIAT FASTBACK AUDACE HYB,MHEV 12V,2,2026-04-01,2026-10-02T12:42:14.337255+00:00,https://abve.org.br/abve-data/bi-geral/,"Consulta ABVE filtrada por município Bauru e UF SP; fluxo de emplacamentos, não frota.","O painel público não informa comprador, profissão, local de recarga ou transação individual. Registros são agregados por mês, modelo e município. Não usar para inferir causalidade ou ocupação de carregadores."
2026,4,SP,Bauru,FIAT,FIAT FASTBACK IMPETUS HY,MHEV 12V,1,2026-04-01,2026-10-02T12:42:14.337255+00:00,https://abve.org.br/abve-data/bi-geral/,"Consulta ABVE filtrada por município Bauru e UF SP; fluxo de emplacamentos, não frota.","O painel público não informa comprador, profissão, local de recarga ou transação individual. Registros são agregados por mês, modelo e município. Não usar para inferir causalidade ou ocupação de carregadores."
2026,4,SP,Bauru,GAC,GAC AION V ELITE,BEV,3,2026-04-01,2026-10-02T12:42:14.337255+00:00,https://abve.org.br/abve-data/bi-geral/,"Consulta ABVE filtrada por município Bauru e UF SP; fluxo de emplacamentos, não frota.","O painel público não informa comprador, profissão, local de recarga ou transação individual. Registros são agregados por mês, modelo e município. Não usar para inferir causalidade ou ocupação de carregadores."
2026,4,SP,Bauru,GAC,GAC GS4 ELITE,HEV,3,2026-04-01,2026-10-02T12:42:14.337255+00:00,https://abve.org.br/abve-data/bi-geral/,"Consulta ABVE filtrada por município Bauru e UF SP; fluxo de emplacamentos, não frota.","O painel público não informa comprador, profissão, local de recarga ou transação individual. Registros são agregados por mês, modelo e município. Não usar para inferir causalidade ou ocupação de carregadores."
2026,4,SP,Bauru,GEELY,GEELY EX2 MAX,BEV,8,2026-04-01,2026-10-02T12:42:14.337255+00:00,https://abve.org.br/abve-data/bi-geral/,"Consulta ABVE filtrada por município Bauru e UF SP; fluxo de emplacamentos, não frota.","O painel público não informa comprador, profissão, local de recarga ou transação individual. Registros são agregados por mês, modelo e município. Não usar para inferir causalidade ou ocupação de carregadores."
2026,4,SP,Bauru,GEELY,GEELY EX2 PRO,BEV,1,2026-04-01,2026-10-02T12:42:14.337255+00:00,https://abve.org.br/abve-data/bi-geral/,"Consulta ABVE filtrada por município Bauru e UF SP; fluxo de emplacamentos, não frota.","O painel público não informa comprador, profissão, local de recarga ou transação individual. Registros são agregados por mês, modelo e município. Não usar para inferir causalidade ou ocupação de carregadores."
2026,4,SP,Bauru,GM,CHEV SPARK EUV ACTIV,BEV,2,2026-04-01,2026-10-02T12:42:14.337255+00:00,https://abve.org.br/abve-data/bi-geral/,"Consulta ABVE filtrada por município Bauru e UF SP; fluxo de emplacamentos, não frota.","O painel público não informa comprador, profissão, local de recarga ou transação individual. Registros são agregados por mês, modelo e município. Não usar para inferir causalidade ou ocupação de carregadores."
2026,4,SP,Bauru,GWM,GWM HAVAL H6 HEV2,HEV,5,2026-04-01,2026-10-02T12:42:14.337255+00:00,https://abve.org.br/abve-data/bi-geral/,"Consulta ABVE filtrada por município Bauru e UF SP; fluxo de emplacamentos, não frota.","O painel público não informa comprador, profissão, local de recarga ou transação individual. Registros são agregados por mês, modelo e município. Não usar para inferir causalidade ou ocupação de carregadores."
2026,4,SP,Bauru,GWM,GWM HAVAL H6 PHEV19,PHEV,3,2026-04-01,2026-10-02T12:42:14.337255+00:00,https://abve.org.br/abve-data/bi-geral/,"Consulta ABVE filtrada por município Bauru e UF SP; fluxo de emplacamentos, não frota.","O painel público não informa comprador, profissão, local de recarga ou transação individual. Registros são agregados por mês, modelo e município. Não usar para inferir causalidade ou ocupação de carregadores."
2026,4,SP,Bauru,GWM,GWM HAVAL H6 PHEV35,PHEV,1,2026-04-01,2026-10-02T12:42:14.337255+00:00,https://abve.org.br/abve-data/bi-geral/,"Consulta ABVE filtrada por município Bauru e UF SP; fluxo de emplacamentos, não frota.","O painel público não informa comprador, profissão, local de recarga ou transação individual. Registros são agregados por mês, modelo e município. Não usar para inferir causalidade ou ocupação de carregadores."
2026,4,SP,Bauru,GWM,GWM ORA 03 BEV58,BEV,1,2026-04-01,2026-10-02T12:42:14.337255+00:00,https://abve.org.br/abve-data/bi-geral/,"Consulta ABVE filtrada por município Bauru e UF SP; fluxo de emplacamentos, não frota.","O painel público não informa comprador, profissão, local de recarga ou transação individual. Registros são agregados por mês, modelo e município. Não usar para inferir causalidade ou ocupação de carregadores."
2026,4,SP,Bauru,GWM,GWM ORA 03 BEV58 C,BEV,1,2026-04-01,2026-10-02T12:42:14.337255+00:00,https://abve.org.br/abve-data/bi-geral/,"Consulta ABVE filtrada por município Bauru e UF SP; fluxo de emplacamentos, não frota.","O painel público não informa comprador, profissão, local de recarga ou transação individual. Registros são agregados por mês, modelo e município. Não usar para inferir causalidade ou ocupação de carregadores."
2026,4,SP,Bauru,GWM,GWM TANK 300 PHEV,PHEV,2,2026-04-01,2026-10-02T12:42:14.337255+00:00,https://abve.org.br/abve-data/bi-geral/,"Consulta ABVE filtrada por município Bauru e UF SP; fluxo de emplacamentos, não frota.","O painel público não informa comprador, profissão, local de recarga ou transação individual. Registros são agregados por mês, modelo e município. Não usar para inferir causalidade ou ocupação de carregadores."
2026,4,SP,Bauru,GWM,GWM WEY 07,PHEV,1,2026-04-01,2026-10-02T12:42:14.337255+00:00,https://abve.org.br/abve-data/bi-geral/,"Consulta ABVE filtrada por município Bauru e UF SP; fluxo de emplacamentos, não frota.","O painel público não informa comprador, profissão, local de recarga ou transação individual. Registros são agregados por mês, modelo e município. Não usar para inferir causalidade ou ocupação de carregadores."
2026,4,SP,Bauru,JETOUR,JETOUR S06 DM ADVANCE,PHEV,1,2026-04-01,2026-10-02T12:42:14.337255+00:00,https://abve.org.br/abve-data/bi-geral/,"Consulta ABVE filtrada por município Bauru e UF SP; fluxo de emplacamentos, não frota.","O painel público não informa comprador, profissão, local de recarga ou transação individual. Registros são agregados por mês, modelo e município. Não usar para inferir causalidade ou ocupação de carregadores."
2026,4,SP,Bauru,JETOUR,JETOUR T1 I-DM ADVANCE,PHEV,2,2026-04-01,2026-10-02T12:42:14.337255+00:00,https://abve.org.br/abve-data/bi-geral/,"Consulta ABVE filtrada por município Bauru e UF SP; fluxo de emplacamentos, não frota.","O painel público não informa comprador, profissão, local de recarga ou transação individual. Registros são agregados por mês, modelo e município. Não usar para inferir causalidade ou ocupação de carregadores."
2026,4,SP,Bauru,JETOUR,JETOUR T1 I-DM PREMIUM,PHEV,2,2026-04-01,2026-10-02T12:42:14.337255+00:00,https://abve.org.br/abve-data/bi-geral/,"Consulta ABVE filtrada por município Bauru e UF SP; fluxo de emplacamentos, não frota.","O painel público não informa comprador, profissão, local de recarga ou transação individual. Registros são agregados por mês, modelo e município. Não usar para inferir causalidade ou ocupação de carregadores."
2026,4,SP,Bauru,JETOUR,JETOUR T2 I-DM ADVANCE,PHEV,2,2026-04-01,2026-10-02T12:42:14.337255+00:00,https://abve.org.br/abve-data/bi-geral/,"Consulta ABVE filtrada por município Bauru e UF SP; fluxo de emplacamentos, não frota.","O painel público não informa comprador, profissão, local de recarga ou transação individual. Registros são agregados por mês, modelo e município. Não usar para inferir causalidade ou ocupação de carregadores."
2026,4,SP,Bauru,JETOUR,JETOUR T2 I-DM PREMIUM,PHEV,2,2026-04-01,2026-10-02T12:42:14.337255+00:00,https://abve.org.br/abve-data/bi-geral/,"Consulta ABVE filtrada por município Bauru e UF SP; fluxo de emplacamentos, não frota.","O painel público não informa comprador, profissão, local de recarga ou transação individual. Registros são agregados por mês, modelo e município. Não usar para inferir causalidade ou ocupação de carregadores."
2026,4,SP,Bauru,LEAPMOTOR,LPM C10 REEV E27,PHEV,1,2026-04-01,2026-10-02T12:42:14.337255+00:00,https://abve.org.br/abve-data/bi-geral/,"Consulta ABVE filtrada por município Bauru e UF SP; fluxo de emplacamentos, não frota.","O painel público não informa comprador, profissão, local de recarga ou transação individual. Registros são agregados por mês, modelo e município. Não usar para inferir causalidade ou ocupação de carregadores."
2026,4,SP,Bauru,M.BENZ,M.BENZ GLC300 4M CO,MHEV 48V,1,2026-04-01,2026-10-02T12:42:14.337255+00:00,https://abve.org.br/abve-data/bi-geral/,"Consulta ABVE filtrada por município Bauru e UF SP; fluxo de emplacamentos, não frota.","O painel público não informa comprador, profissão, local de recarga ou transação individual. Registros são agregados por mês, modelo e município. Não usar para inferir causalidade ou ocupação de carregadores."
2026,4,SP,Bauru,MG,MG MG4 64 KWH LUX,BEV,1,2026-04-01,2026-10-02T12:42:14.337255+00:00,https://abve.org.br/abve-data/bi-geral/,"Consulta ABVE filtrada por município Bauru e UF SP; fluxo de emplacamentos, não frota.","O painel público não informa comprador, profissão, local de recarga ou transação individual. Registros são agregados por mês, modelo e município. Não usar para inferir causalidade ou ocupação de carregadores."
2026,4,SP,Bauru,MG,MG S5 EV 62KWH LUX,BEV,1,2026-04-01,2026-10-02T12:42:14.337255+00:00,https://abve.org.br/abve-data/bi-geral/,"Consulta ABVE filtrada por município Bauru e UF SP; fluxo de emplacamentos, não frota.","O painel público não informa comprador, profissão, local de recarga ou transação individual. Registros são agregados por mês, modelo e município. Não usar para inferir causalidade ou ocupação de carregadores."
2026,4,SP,Bauru,OMODA JAECOO,JAECOO 7 LUXURY,PHEV,2,2026-04-01,2026-10-02T12:42:14.337255+00:00,https://abve.org.br/abve-data/bi-geral/,"Consulta ABVE filtrada por município Bauru e UF SP; fluxo de emplacamentos, não frota.","O painel público não informa comprador, profissão, local de recarga ou transação individual. Registros são agregados por mês, modelo e município. Não usar para inferir causalidade ou ocupação de carregadores."
2026,4,SP,Bauru,OMODA JAECOO,JAECOO 7 PRESTIGE,PHEV,3,2026-04-01,2026-10-02T12:42:14.337255+00:00,https://abve.org.br/abve-data/bi-geral/,"Consulta ABVE filtrada por município Bauru e UF SP; fluxo de emplacamentos, não frota.","O painel público não informa comprador, profissão, local de recarga ou transação individual. Registros são agregados por mês, modelo e município. Não usar para inferir causalidade ou ocupação de carregadores."
2026,4,SP,Bauru,OMODA JAECOO,OMODA 5 HEV LUXURY,HEV,2,2026-04-01,2026-10-02T12:42:14.337255+00:00,https://abve.org.br/abve-data/bi-geral/,"Consulta ABVE filtrada por município Bauru e UF SP; fluxo de emplacamentos, não frota.","O painel público não informa comprador, profissão, local de recarga ou transação individual. Registros são agregados por mês, modelo e município. Não usar para inferir causalidade ou ocupação de carregadores."
2026,4,SP,Bauru,OMODA JAECOO,OMODA 5 HEV PRESTIGE,HEV,7,2026-04-01,2026-10-02T12:42:14.337255+00:00,https://abve.org.br/abve-data/bi-geral/,"Consulta ABVE filtrada por município Bauru e UF SP; fluxo de emplacamentos, não frota.","O painel público não informa comprador, profissão, local de recarga ou transação individual. Registros são agregados por mês, modelo e município. Não usar para inferir causalidade ou ocupação de carregadores."
2026,4,SP,Bauru,PEUGEOT,PEUGEOT 208 GT HYBRID,MHEV 12V,1,2026-04-01,2026-10-02T12:42:14.337255+00:00,https://abve.org.br/abve-data/bi-geral/,"Consulta ABVE filtrada por município Bauru e UF SP; fluxo de emplacamentos, não frota.","O painel público não informa comprador, profissão, local de recarga ou transação individual. Registros são agregados por mês, modelo e município. Não usar para inferir causalidade ou ocupação de carregadores."
2026,4,SP,Bauru,TOYOTA,TOYOTA CCROSS XRX HYBRID,HEV FLEX,2,2026-04-01,2026-10-02T12:42:14.337255+00:00,https://abve.org.br/abve-data/bi-geral/,"Consulta ABVE filtrada por município Bauru e UF SP; fluxo de emplacamentos, não frota.","O painel público não informa comprador, profissão, local de recarga ou transação individual. Registros são agregados por mês, modelo e município. Não usar para inferir causalidade ou ocupação de carregadores."
2026,4,SP,Bauru,TOYOTA,TOYOTA COROLLA APREMIUMH,HEV FLEX,2,2026-04-01,2026-10-02T12:42:14.337255+00:00,https://abve.org.br/abve-data/bi-geral/,"Consulta ABVE filtrada por município Bauru e UF SP; fluxo de emplacamentos, não frota.","O painel público não informa comprador, profissão, local de recarga ou transação individual. Registros são agregados por mês, modelo e município. Não usar para inferir causalidade ou ocupação de carregadores."
2026,4,SP,Bauru,TOYOTA,TOYOTA COROLLA GLI HEV,HEV FLEX,2,2026-04-01,2026-10-02T12:42:14.337255+00:00,https://abve.org.br/abve-data/bi-geral/,"Consulta ABVE filtrada por município Bauru e UF SP; fluxo de emplacamentos, não frota.","O painel público não informa comprador, profissão, local de recarga ou transação individual. Registros são agregados por mês, modelo e município. Não usar para inferir causalidade ou ocupação de carregadores."
2026,4,SP,Bauru,TOYOTA,TOYOTA YCROSS XRE-HYBRID,HEV FLEX,3,2026-04-01,2026-10-02T12:42:14.337255+00:00,https://abve.org.br/abve-data/bi-geral/,"Consulta ABVE filtrada por município Bauru e UF SP; fluxo de emplacamentos, não frota.","O painel público não informa comprador, profissão, local de recarga ou transação individual. Registros são agregados por mês, modelo e município. Não usar para inferir causalidade ou ocupação de carregadores."
2026,4,SP,Bauru,TOYOTA,TOYOTA YCROSS XRX-HYBRID,HEV FLEX,4,2026-04-01,2026-10-02T12:42:14.337255+00:00,https://abve.org.br/abve-data/bi-geral/,"Consulta ABVE filtrada por município Bauru e UF SP; fluxo de emplacamentos, não frota.","O painel público não informa comprador, profissão, local de recarga ou transação individual. Registros são agregados por mês, modelo e município. Não usar para inferir causalidade ou ocupação de carregadores."
2026,4,SP,Bauru,ZEEKR,ZEEKR 7X FLAGSHIP AWD,BEV,1,2026-04-01,2026-10-02T12:42:14.337255+00:00,https://abve.org.br/abve-data/bi-geral/,"Consulta ABVE filtrada por município Bauru e UF SP; fluxo de emplacamentos, não frota.","O painel público não informa comprador, profissão, local de recarga ou transação individual. Registros são agregados por mês, modelo e município. Não usar para inferir causalidade ou ocupação de carregadores."
2026,5,SP,Bauru,AUDI,AUDI Q8 SB HIBRIDO,MHEV 48V,1,2026-05-01,2026-10-02T12:42:14.337255+00:00,https://abve.org.br/abve-data/bi-geral/,"Consulta ABVE filtrada por município Bauru e UF SP; fluxo de emplacamentos, não frota.","O painel público não informa comprador, profissão, local de recarga ou transação individual. Registros são agregados por mês, modelo e município. Não usar para inferir causalidade ou ocupação de carregadores."
2026,5,SP,Bauru,BMW,BMW X3 30 XDRIVE,MHEV 48V,2,2026-05-01,2026-10-02T12:42:14.337255+00:00,https://abve.org.br/abve-data/bi-geral/,"Consulta ABVE filtrada por município Bauru e UF SP; fluxo de emplacamentos, não frota.","O painel público não informa comprador, profissão, local de recarga ou transação individual. Registros são agregados por mês, modelo e município. Não usar para inferir causalidade ou ocupação de carregadores."
2026,5,SP,Bauru,BMW,BMW X5 XDRIVE50E MSP,PHEV,1,2026-05-01,2026-10-02T12:42:14.337255+00:00,https://abve.org.br/abve-data/bi-geral/,"Consulta ABVE filtrada por município Bauru e UF SP; fluxo de emplacamentos, não frota.","O painel público não informa comprador, profissão, local de recarga ou transação individual. Registros são agregados por mês, modelo e município. Não usar para inferir causalidade ou ocupação de carregadores."
2026,5,SP,Bauru,BYD,BYD ATTO 8 GS DM,PHEV,1,2026-05-01,2026-10-02T12:42:14.337255+00:00,https://abve.org.br/abve-data/bi-geral/,"Consulta ABVE filtrada por município Bauru e UF SP; fluxo de emplacamentos, não frota.","O painel público não informa comprador, profissão, local de recarga ou transação individual. Registros são agregados por mês, modelo e município. Não usar para inferir causalidade ou ocupação de carregadores."
2026,5,SP,Bauru,BYD,BYD DOLPHIN GS 180EV,BEV,5,2026-05-01,2026-10-02T12:42:14.337255+00:00,https://abve.org.br/abve-data/bi-geral/,"Consulta ABVE filtrada por município Bauru e UF SP; fluxo de emplacamentos, não frota.","O painel público não informa comprador, profissão, local de recarga ou transação individual. Registros são agregados por mês, modelo e município. Não usar para inferir causalidade ou ocupação de carregadores."
2026,5,SP,Bauru,BYD,BYD DOLPHIN MINI GL5EV,BEV,3,2026-05-01,2026-10-02T12:42:14.337255+00:00,https://abve.org.br/abve-data/bi-geral/,"Consulta ABVE filtrada por município Bauru e UF SP; fluxo de emplacamentos, não frota.","O painel público não informa comprador, profissão, local de recarga ou transação individual. Registros são agregados por mês, modelo e município. Não usar para inferir causalidade ou ocupação de carregadores."
2026,5,SP,Bauru,BYD,BYD DOLPHIN MINI GS5EV,BEV,52,2026-05-01,2026-10-02T12:42:14.337255+00:00,https://abve.org.br/abve-data/bi-geral/,"Consulta ABVE filtrada por município Bauru e UF SP; fluxo de emplacamentos, não frota.","O painel público não informa comprador, profissão, local de recarga ou transação individual. Registros são agregados por mês, modelo e município. Não usar para inferir causalidade ou ocupação de carregadores."
2026,5,SP,Bauru,BYD,BYD DOLPHIN SE 290EV,BEV,1,2026-05-01,2026-10-02T12:42:14.337255+00:00,https://abve.org.br/abve-data/bi-geral/,"Consulta ABVE filtrada por município Bauru e UF SP; fluxo de emplacamentos, não frota.","O painel público não informa comprador, profissão, local de recarga ou transação individual. Registros são agregados por mês, modelo e município. Não usar para inferir causalidade ou ocupação de carregadores."
2026,5,SP,Bauru,BYD,BYD KING GL DM,PHEV,1,2026-05-01,2026-10-02T12:42:14.337255+00:00,https://abve.org.br/abve-data/bi-geral/,"Consulta ABVE filtrada por município Bauru e UF SP; fluxo de emplacamentos, não frota.","O painel público não informa comprador, profissão, local de recarga ou transação individual. Registros são agregados por mês, modelo e município. Não usar para inferir causalidade ou ocupação de carregadores."
2026,5,SP,Bauru,BYD,BYD KING GS DM,PHEV,8,2026-05-01,2026-10-02T12:42:14.337255+00:00,https://abve.org.br/abve-data/bi-geral/,"Consulta ABVE filtrada por município Bauru e UF SP; fluxo de emplacamentos, não frota.","O painel público não informa comprador, profissão, local de recarga ou transação individual. Registros são agregados por mês, modelo e município. Não usar para inferir causalidade ou ocupação de carregadores."
2026,5,SP,Bauru,BYD,BYD SONG PLUS GS DM,PHEV,6,2026-05-01,2026-10-02T12:42:14.337255+00:00,https://abve.org.br/abve-data/bi-geral/,"Consulta ABVE filtrada por município Bauru e UF SP; fluxo de emplacamentos, não frota.","O painel público não informa comprador, profissão, local de recarga ou transação individual. Registros são agregados por mês, modelo e município. Não usar para inferir causalidade ou ocupação de carregadores."
2026,5,SP,Bauru,BYD,BYD SONG PLUS PREM DM,PHEV,2,2026-05-01,2026-10-02T12:42:14.337255+00:00,https://abve.org.br/abve-data/bi-geral/,"Consulta ABVE filtrada por município Bauru e UF SP; fluxo de emplacamentos, não frota.","O painel público não informa comprador, profissão, local de recarga ou transação individual. Registros são agregados por mês, modelo e município. Não usar para inferir causalidade ou ocupação de carregadores."
2026,5,SP,Bauru,BYD,BYD SONG PRO GL DM,PHEV,4,2026-05-01,2026-10-02T12:42:14.337255+00:00,https://abve.org.br/abve-data/bi-geral/,"Consulta ABVE filtrada por município Bauru e UF SP; fluxo de emplacamentos, não frota.","O painel público não informa comprador, profissão, local de recarga ou transação individual. Registros são agregados por mês, modelo e município. Não usar para inferir causalidade ou ocupação de carregadores."
2026,5,SP,Bauru,BYD,BYD SONG PRO GS DM,PHEV,7,2026-05-01,2026-10-02T12:42:14.337255+00:00,https://abve.org.br/abve-data/bi-geral/,"Consulta ABVE filtrada por município Bauru e UF SP; fluxo de emplacamentos, não frota.","O painel público não informa comprador, profissão, local de recarga ou transação individual. Registros são agregados por mês, modelo e município. Não usar para inferir causalidade ou ocupação de carregadores."
2026,5,SP,Bauru,CAOA CHERY,CAOACHERY TIGGO7 PRO HA,MHEV 48V,1,2026-05-01,2026-10-02T12:42:14.337255+00:00,https://abve.org.br/abve-data/bi-geral/,"Consulta ABVE filtrada por município Bauru e UF SP; fluxo de emplacamentos, não frota.","O painel público não informa comprador, profissão, local de recarga ou transação individual. Registros são agregados por mês, modelo e município. Não usar para inferir causalidade ou ocupação de carregadores."
2026,5,SP,Bauru,DENZA,DENZA B5 GS DM,PHEV,3,2026-05-01,2026-10-02T12:42:14.337255+00:00,https://abve.org.br/abve-data/bi-geral/,"Consulta ABVE filtrada por município Bauru e UF SP; fluxo de emplacamentos, não frota.","O painel público não informa comprador, profissão, local de recarga ou transação individual. Registros são agregados por mês, modelo e município. Não usar para inferir causalidade ou ocupação de carregadores."
2026,5,SP,Bauru,FIAT,FIAT FASTBACK IMPETUS HY,MHEV 12V,3,2026-05-01,2026-10-02T12:42:14.337255+00:00,https://abve.org.br/abve-data/bi-geral/,"Consulta ABVE filtrada por município Bauru e UF SP; fluxo de emplacamentos, não frota.","O painel público não informa comprador, profissão, local de recarga ou transação individual. Registros são agregados por mês, modelo e município. Não usar para inferir causalidade ou ocupação de carregadores."
2026,5,SP,Bauru,GAC,GAC AION UT ELITE,BEV,4,2026-05-01,2026-10-02T12:42:14.337255+00:00,https://abve.org.br/abve-data/bi-geral/,"Consulta ABVE filtrada por município Bauru e UF SP; fluxo de emplacamentos, não frota.","O painel público não informa comprador, profissão, local de recarga ou transação individual. Registros são agregados por mês, modelo e município. Não usar para inferir causalidade ou ocupação de carregadores."
2026,5,SP,Bauru,GAC,GAC GS4 ELITE,HEV,3,2026-05-01,2026-10-02T12:42:14.337255+00:00,https://abve.org.br/abve-data/bi-geral/,"Consulta ABVE filtrada por município Bauru e UF SP; fluxo de emplacamentos, não frota.","O painel público não informa comprador, profissão, local de recarga ou transação individual. Registros são agregados por mês, modelo e município. Não usar para inferir causalidade ou ocupação de carregadores."
2026,5,SP,Bauru,GEELY,GEELY EX2 MAX,BEV,2,2026-05-01,2026-10-02T12:42:14.337255+00:00,https://abve.org.br/abve-data/bi-geral/,"Consulta ABVE filtrada por município Bauru e UF SP; fluxo de emplacamentos, não frota.","O painel público não informa comprador, profissão, local de recarga ou transação individual. Registros são agregados por mês, modelo e município. Não usar para inferir causalidade ou ocupação de carregadores."
2026,5,SP,Bauru,GEELY,GEELY EX2 PRO,BEV,2,2026-05-01,2026-10-02T12:42:14.337255+00:00,https://abve.org.br/abve-data/bi-geral/,"Consulta ABVE filtrada por município Bauru e UF SP; fluxo de emplacamentos, não frota.","O painel público não informa comprador, profissão, local de recarga ou transação individual. Registros são agregados por mês, modelo e município. Não usar para inferir causalidade ou ocupação de carregadores."
2026,5,SP,Bauru,GM,CHEV SPARK EUV ACTIV,BEV,1,2026-05-01,2026-10-02T12:42:14.337255+00:00,https://abve.org.br/abve-data/bi-geral/,"Consulta ABVE filtrada por município Bauru e UF SP; fluxo de emplacamentos, não frota.","O painel público não informa comprador, profissão, local de recarga ou transação individual. Registros são agregados por mês, modelo e município. Não usar para inferir causalidade ou ocupação de carregadores."
2026,5,SP,Bauru,GWM,GWM HAVAL H6 GT,PHEV,2,2026-05-01,2026-10-02T12:42:14.337255+00:00,https://abve.org.br/abve-data/bi-geral/,"Consulta ABVE filtrada por município Bauru e UF SP; fluxo de emplacamentos, não frota.","O painel público não informa comprador, profissão, local de recarga ou transação individual. Registros são agregados por mês, modelo e município. Não usar para inferir causalidade ou ocupação de carregadores."
2026,5,SP,Bauru,GWM,GWM HAVAL H6 HEV ESP,HEV,4,2026-05-01,2026-10-02T12:42:14.337255+00:00,https://abve.org.br/abve-data/bi-geral/,"Consulta ABVE filtrada por município Bauru e UF SP; fluxo de emplacamentos, não frota.","O painel público não informa comprador, profissão, local de recarga ou transação individual. Registros são agregados por mês, modelo e município. Não usar para inferir causalidade ou ocupação de carregadores."
2026,5,SP,Bauru,GWM,GWM HAVAL H6 HEV2,HEV,3,2026-05-01,2026-10-02T12:42:14.337255+00:00,https://abve.org.br/abve-data/bi-geral/,"Consulta ABVE filtrada por município Bauru e UF SP; fluxo de emplacamentos, não frota.","O painel público não informa comprador, profissão, local de recarga ou transação individual. Registros são agregados por mês, modelo e município. Não usar para inferir causalidade ou ocupação de carregadores."
2026,5,SP,Bauru,GWM,GWM HAVAL H6 PHEV19,PHEV,5,2026-05-01,2026-10-02T12:42:14.337255+00:00,https://abve.org.br/abve-data/bi-geral/,"Consulta ABVE filtrada por município Bauru e UF SP; fluxo de emplacamentos, não frota.","O painel público não informa comprador, profissão, local de recarga ou transação individual. Registros são agregados por mês, modelo e município. Não usar para inferir causalidade ou ocupação de carregadores."
2026,5,SP,Bauru,GWM,GWM HAVAL H6 PHEV35,PHEV,3,2026-05-01,2026-10-02T12:42:14.337255+00:00,https://abve.org.br/abve-data/bi-geral/,"Consulta ABVE filtrada por município Bauru e UF SP; fluxo de emplacamentos, não frota.","O painel público não informa comprador, profissão, local de recarga ou transação individual. Registros são agregados por mês, modelo e município. Não usar para inferir causalidade ou ocupação de carregadores."
2026,5,SP,Bauru,GWM,GWM ORA 03 BEV58,BEV,1,2026-05-01,2026-10-02T12:42:14.337255+00:00,https://abve.org.br/abve-data/bi-geral/,"Consulta ABVE filtrada por município Bauru e UF SP; fluxo de emplacamentos, não frota.","O painel público não informa comprador, profissão, local de recarga ou transação individual. Registros são agregados por mês, modelo e município. Não usar para inferir causalidade ou ocupação de carregadores."
2026,5,SP,Bauru,GWM,GWM ORA 03 BEV58 C,BEV,1,2026-05-01,2026-10-02T12:42:14.337255+00:00,https://abve.org.br/abve-data/bi-geral/,"Consulta ABVE filtrada por município Bauru e UF SP; fluxo de emplacamentos, não frota.","O painel público não informa comprador, profissão, local de recarga ou transação individual. Registros são agregados por mês, modelo e município. Não usar para inferir causalidade ou ocupação de carregadores."
2026,5,SP,Bauru,GWM,GWM TANK 300 PHEV FLEX,PHEV,1,2026-05-01,2026-10-02T12:42:14.337255+00:00,https://abve.org.br/abve-data/bi-geral/,"Consulta ABVE filtrada por município Bauru e UF SP; fluxo de emplacamentos, não frota.","O painel público não informa comprador, profissão, local de recarga ou transação individual. Registros são agregados por mês, modelo e município. Não usar para inferir causalidade ou ocupação de carregadores."
2026,5,SP,Bauru,GWM,GWM WEY 07,PHEV,1,2026-05-01,2026-10-02T12:42:14.337255+00:00,https://abve.org.br/abve-data/bi-geral/,"Consulta ABVE filtrada por município Bauru e UF SP; fluxo de emplacamentos, não frota.","O painel público não informa comprador, profissão, local de recarga ou transação individual. Registros são agregados por mês, modelo e município. Não usar para inferir causalidade ou ocupação de carregadores."
2026,5,SP,Bauru,JEEP,JEEP COMMANDER LMTD HYB,MHEV 48V,1,2026-05-01,2026-10-02T12:42:14.337255+00:00,https://abve.org.br/abve-data/bi-geral/,"Consulta ABVE filtrada por município Bauru e UF SP; fluxo de emplacamentos, não frota.","O painel público não informa comprador, profissão, local de recarga ou transação individual. Registros são agregados por mês, modelo e município. Não usar para inferir causalidade ou ocupação de carregadores."
2026,5,SP,Bauru,JEEP,JEEP RENEGADE LONGIT HYB,MHEV 48V,4,2026-05-01,2026-10-02T12:42:14.337255+00:00,https://abve.org.br/abve-data/bi-geral/,"Consulta ABVE filtrada por município Bauru e UF SP; fluxo de emplacamentos, não frota.","O painel público não informa comprador, profissão, local de recarga ou transação individual. Registros são agregados por mês, modelo e município. Não usar para inferir causalidade ou ocupação de carregadores."
2026,5,SP,Bauru,JETOUR,JETOUR S06 DM ADVANCE,PHEV,2,2026-05-01,2026-10-02T12:42:14.337255+00:00,https://abve.org.br/abve-data/bi-geral/,"Consulta ABVE filtrada por município Bauru e UF SP; fluxo de emplacamentos, não frota.","O painel público não informa comprador, profissão, local de recarga ou transação individual. Registros são agregados por mês, modelo e município. Não usar para inferir causalidade ou ocupação de carregadores."
2026,5,SP,Bauru,JETOUR,JETOUR T1 I-DM ADVANCE,PHEV,1,2026-05-01,2026-10-02T12:42:14.337255+00:00,https://abve.org.br/abve-data/bi-geral/,"Consulta ABVE filtrada por município Bauru e UF SP; fluxo de emplacamentos, não frota.","O painel público não informa comprador, profissão, local de recarga ou transação individual. Registros são agregados por mês, modelo e município. Não usar para inferir causalidade ou ocupação de carregadores."
2026,5,SP,Bauru,JETOUR,JETOUR T2 I-DM ADVANCE,PHEV,1,2026-05-01,2026-10-02T12:42:14.337255+00:00,https://abve.org.br/abve-data/bi-geral/,"Consulta ABVE filtrada por município Bauru e UF SP; fluxo de emplacamentos, não frota.","O painel público não informa comprador, profissão, local de recarga ou transação individual. Registros são agregados por mês, modelo e município. Não usar para inferir causalidade ou ocupação de carregadores."
2026,5,SP,Bauru,JETOUR,JETOUR T2 I-DM PREMIUM,PHEV,1,2026-05-01,2026-10-02T12:42:14.337255+00:00,https://abve.org.br/abve-data/bi-geral/,"Consulta ABVE filtrada por município Bauru e UF SP; fluxo de emplacamentos, não frota.","O painel público não informa comprador, profissão, local de recarga ou transação individual. Registros são agregados por mês, modelo e município. Não usar para inferir causalidade ou ocupação de carregadores."
2026,5,SP,Bauru,KIA,KIA SPORTAGE TMHEV EXP,MHEV 48V,1,2026-05-01,2026-10-02T12:42:14.337255+00:00,https://abve.org.br/abve-data/bi-geral/,"Consulta ABVE filtrada por município Bauru e UF SP; fluxo de emplacamentos, não frota.","O painel público não informa comprador, profissão, local de recarga ou transação individual. Registros são agregados por mês, modelo e município. Não usar para inferir causalidade ou ocupação de carregadores."
2026,5,SP,Bauru,M.BENZ,M.BENZ C300 AMG LINE,MHEV 48V,1,2026-05-01,2026-10-02T12:42:14.337255+00:00,https://abve.org.br/abve-data/bi-geral/,"Consulta ABVE filtrada por município Bauru e UF SP; fluxo de emplacamentos, não frota.","O painel público não informa comprador, profissão, local de recarga ou transação individual. Registros são agregados por mês, modelo e município. Não usar para inferir causalidade ou ocupação de carregadores."
2026,5,SP,Bauru,OMODA JAECOO,JAECOO 7 ELITE,PHEV,13,2026-05-01,2026-10-02T12:42:14.337255+00:00,https://abve.org.br/abve-data/bi-geral/,"Consulta ABVE filtrada por município Bauru e UF SP; fluxo de emplacamentos, não frota.","O painel público não informa comprador, profissão, local de recarga ou transação individual. Registros são agregados por mês, modelo e município. Não usar para inferir causalidade ou ocupação de carregadores."
2026,5,SP,Bauru,OMODA JAECOO,JAECOO 7 LUXURY,PHEV,1,2026-05-01,2026-10-02T12:42:14.337255+00:00,https://abve.org.br/abve-data/bi-geral/,"Consulta ABVE filtrada por município Bauru e UF SP; fluxo de emplacamentos, não frota.","O painel público não informa comprador, profissão, local de recarga ou transação individual. Registros são agregados por mês, modelo e município. Não usar para inferir causalidade ou ocupação de carregadores."
2026,5,SP,Bauru,OMODA JAECOO,OMODA 5 HEV LUXURY,HEV,1,2026-05-01,2026-10-02T12:42:14.337255+00:00,https://abve.org.br/abve-data/bi-geral/,"Consulta ABVE filtrada por município Bauru e UF SP; fluxo de emplacamentos, não frota.","O painel público não informa comprador, profissão, local de recarga ou transação individual. Registros são agregados por mês, modelo e município. Não usar para inferir causalidade ou ocupação de carregadores."
2026,5,SP,Bauru,OMODA JAECOO,OMODA 5 HEV PRESTIGE,HEV,6,2026-05-01,2026-10-02T12:42:14.337255+00:00,https://abve.org.br/abve-data/bi-geral/,"Consulta ABVE filtrada por município Bauru e UF SP; fluxo de emplacamentos, não frota.","O painel público não informa comprador, profissão, local de recarga ou transação individual. Registros são agregados por mês, modelo e município. Não usar para inferir causalidade ou ocupação de carregadores."
2026,5,SP,Bauru,OMODA JAECOO,OMODA 7 PHEV PRESTIGE,PHEV,2,2026-05-01,2026-10-02T12:42:14.337255+00:00,https://abve.org.br/abve-data/bi-geral/,"Consulta ABVE filtrada por município Bauru e UF SP; fluxo de emplacamentos, não frota.","O painel público não informa comprador, profissão, local de recarga ou transação individual. Registros são agregados por mês, modelo e município. Não usar para inferir causalidade ou ocupação de carregadores."
2026,5,SP,Bauru,PEUGEOT,PEUGEOT 208 GT HYBRID,MHEV 12V,1,2026-05-01,2026-10-02T12:42:14.337255+00:00,https://abve.org.br/abve-data/bi-geral/,"Consulta ABVE filtrada por município Bauru e UF SP; fluxo de emplacamentos, não frota.","O painel público não informa comprador, profissão, local de recarga ou transação individual. Registros são agregados por mês, modelo e município. Não usar para inferir causalidade ou ocupação de carregadores."
2026,5,SP,Bauru,PORSCHE,PORSCHE CAYENNE CP PHE,PHEV,1,2026-05-01,2026-10-02T12:42:14.337255+00:00,https://abve.org.br/abve-data/bi-geral/,"Consulta ABVE filtrada por município Bauru e UF SP; fluxo de emplacamentos, não frota.","O painel público não informa comprador, profissão, local de recarga ou transação individual. Registros são agregados por mês, modelo e município. Não usar para inferir causalidade ou ocupação de carregadores."
2026,5,SP,Bauru,TOYOTA,TOYOTA CCROSS XRX HYBRID,HEV FLEX,4,2026-05-01,2026-10-02T12:42:14.337255+00:00,https://abve.org.br/abve-data/bi-geral/,"Consulta ABVE filtrada por município Bauru e UF SP; fluxo de emplacamentos, não frota.","O painel público não informa comprador, profissão, local de recarga ou transação individual. Registros são agregados por mês, modelo e município. Não usar para inferir causalidade ou ocupação de carregadores."
2026,5,SP,Bauru,TOYOTA,TOYOTA COROLLA APREMIUMH,HEV FLEX,4,2026-05-01,2026-10-02T12:42:14.337255+00:00,https://abve.org.br/abve-data/bi-geral/,"Consulta ABVE filtrada por município Bauru e UF SP; fluxo de emplacamentos, não frota.","O painel público não informa comprador, profissão, local de recarga ou transação individual. Registros são agregados por mês, modelo e município. Não usar para inferir causalidade ou ocupação de carregadores."
2026,5,SP,Bauru,TOYOTA,TOYOTA COROLLA GLI HEV,HEV FLEX,3,2026-05-01,2026-10-02T12:42:14.337255+00:00,https://abve.org.br/abve-data/bi-geral/,"Consulta ABVE filtrada por município Bauru e UF SP; fluxo de emplacamentos, não frota.","O painel público não informa comprador, profissão, local de recarga ou transação individual. Registros são agregados por mês, modelo e município. Não usar para inferir causalidade ou ocupação de carregadores."
2026,5,SP,Bauru,TOYOTA,TOYOTA YCROSS XRE-HYBRID,HEV FLEX,4,2026-05-01,2026-10-02T12:42:14.337255+00:00,https://abve.org.br/abve-data/bi-geral/,"Consulta ABVE filtrada por município Bauru e UF SP; fluxo de emplacamentos, não frota.","O painel público não informa comprador, profissão, local de recarga ou transação individual. Registros são agregados por mês, modelo e município. Não usar para inferir causalidade ou ocupação de carregadores."
2026,5,SP,Bauru,TOYOTA,TOYOTA YCROSS XRX-HYBRID,HEV FLEX,1,2026-05-01,2026-10-02T12:42:14.337255+00:00,https://abve.org.br/abve-data/bi-geral/,"Consulta ABVE filtrada por município Bauru e UF SP; fluxo de emplacamentos, não frota.","O painel público não informa comprador, profissão, local de recarga ou transação individual. Registros são agregados por mês, modelo e município. Não usar para inferir causalidade ou ocupação de carregadores."
2026,6,SP,Bauru,AUDI,AUDI Q8 SB HIBRIDO,MHEV 48V,1,2026-06-01,2026-10-02T12:42:14.337255+00:00,https://abve.org.br/abve-data/bi-geral/,"Consulta ABVE filtrada por município Bauru e UF SP; fluxo de emplacamentos, não frota.","O painel público não informa comprador, profissão, local de recarga ou transação individual. Registros são agregados por mês, modelo e município. Não usar para inferir causalidade ou ocupação de carregadores."
2026,6,SP,Bauru,BMW,BMW X3 M50I,MHEV 48V,1,2026-06-01,2026-10-02T12:42:14.337255+00:00,https://abve.org.br/abve-data/bi-geral/,"Consulta ABVE filtrada por município Bauru e UF SP; fluxo de emplacamentos, não frota.","O painel público não informa comprador, profissão, local de recarga ou transação individual. Registros são agregados por mês, modelo e município. Não usar para inferir causalidade ou ocupação de carregadores."
2026,6,SP,Bauru,BYD,BYD DOLPHIN GS 180EV,BEV,8,2026-06-01,2026-10-02T12:42:14.337255+00:00,https://abve.org.br/abve-data/bi-geral/,"Consulta ABVE filtrada por município Bauru e UF SP; fluxo de emplacamentos, não frota.","O painel público não informa comprador, profissão, local de recarga ou transação individual. Registros são agregados por mês, modelo e município. Não usar para inferir causalidade ou ocupação de carregadores."
2026,6,SP,Bauru,BYD,BYD DOLPHIN MINI GL5EV,BEV,3,2026-06-01,2026-10-02T12:42:14.337255+00:00,https://abve.org.br/abve-data/bi-geral/,"Consulta ABVE filtrada por município Bauru e UF SP; fluxo de emplacamentos, não frota.","O painel público não informa comprador, profissão, local de recarga ou transação individual. Registros são agregados por mês, modelo e município. Não usar para inferir causalidade ou ocupação de carregadores."
2026,6,SP,Bauru,BYD,BYD DOLPHIN MINI GS5EV,BEV,29,2026-06-01,2026-10-02T12:42:14.337255+00:00,https://abve.org.br/abve-data/bi-geral/,"Consulta ABVE filtrada por município Bauru e UF SP; fluxo de emplacamentos, não frota.","O painel público não informa comprador, profissão, local de recarga ou transação individual. Registros são agregados por mês, modelo e município. Não usar para inferir causalidade ou ocupação de carregadores."
2026,6,SP,Bauru,BYD,BYD DOLPHIN SE 290EV,BEV,1,2026-06-01,2026-10-02T12:42:14.337255+00:00,https://abve.org.br/abve-data/bi-geral/,"Consulta ABVE filtrada por município Bauru e UF SP; fluxo de emplacamentos, não frota.","O painel público não informa comprador, profissão, local de recarga ou transação individual. Registros são agregados por mês, modelo e município. Não usar para inferir causalidade ou ocupação de carregadores."
2026,6,SP,Bauru,BYD,BYD KING GL DM,PHEV,2,2026-06-01,2026-10-02T12:42:14.337255+00:00,https://abve.org.br/abve-data/bi-geral/,"Consulta ABVE filtrada por município Bauru e UF SP; fluxo de emplacamentos, não frota.","O painel público não informa comprador, profissão, local de recarga ou transação individual. Registros são agregados por mês, modelo e município. Não usar para inferir causalidade ou ocupação de carregadores."
2026,6,SP,Bauru,BYD,BYD KING GS DM,PHEV,7,2026-06-01,2026-10-02T12:42:14.337255+00:00,https://abve.org.br/abve-data/bi-geral/,"Consulta ABVE filtrada por município Bauru e UF SP; fluxo de emplacamentos, não frota.","O painel público não informa comprador, profissão, local de recarga ou transação individual. Registros são agregados por mês, modelo e município. Não usar para inferir causalidade ou ocupação de carregadores."
2026,6,SP,Bauru,BYD,BYD SONG PLUS GS DM,PHEV,17,2026-06-01,2026-10-02T12:42:14.337255+00:00,https://abve.org.br/abve-data/bi-geral/,"Consulta ABVE filtrada por município Bauru e UF SP; fluxo de emplacamentos, não frota.","O painel público não informa comprador, profissão, local de recarga ou transação individual. Registros são agregados por mês, modelo e município. Não usar para inferir causalidade ou ocupação de carregadores."
2026,6,SP,Bauru,BYD,BYD SONG PLUS PREM DM,PHEV,1,2026-06-01,2026-10-02T12:42:14.337255+00:00,https://abve.org.br/abve-data/bi-geral/,"Consulta ABVE filtrada por município Bauru e UF SP; fluxo de emplacamentos, não frota.","O painel público não informa comprador, profissão, local de recarga ou transação individual. Registros são agregados por mês, modelo e município. Não usar para inferir causalidade ou ocupação de carregadores."
2026,6,SP,Bauru,BYD,BYD SONG PRO GL DM,PHEV,7,2026-06-01,2026-10-02T12:42:14.337255+00:00,https://abve.org.br/abve-data/bi-geral/,"Consulta ABVE filtrada por município Bauru e UF SP; fluxo de emplacamentos, não frota.","O painel público não informa comprador, profissão, local de recarga ou transação individual. Registros são agregados por mês, modelo e município. Não usar para inferir causalidade ou ocupação de carregadores."
2026,6,SP,Bauru,BYD,BYD SONG PRO GS DM,PHEV,7,2026-06-01,2026-10-02T12:42:14.337255+00:00,https://abve.org.br/abve-data/bi-geral/,"Consulta ABVE filtrada por município Bauru e UF SP; fluxo de emplacamentos, não frota.","O painel público não informa comprador, profissão, local de recarga ou transação individual. Registros são agregados por mês, modelo e município. Não usar para inferir causalidade ou ocupação de carregadores."
2026,6,SP,Bauru,CAOA CHERY,CAOACHERY TIGGO7 PRO HA,MHEV 48V,1,2026-06-01,2026-10-02T12:42:14.337255+00:00,https://abve.org.br/abve-data/bi-geral/,"Consulta ABVE filtrada por município Bauru e UF SP; fluxo de emplacamentos, não frota.","O painel público não informa comprador, profissão, local de recarga ou transação individual. Registros são agregados por mês, modelo e município. Não usar para inferir causalidade ou ocupação de carregadores."
2026,6,SP,Bauru,FIAT,FIAT FASTBACK IMPETUS HY,MHEV 12V,3,2026-06-01,2026-10-02T12:42:14.337255+00:00,https://abve.org.br/abve-data/bi-geral/,"Consulta ABVE filtrada por município Bauru e UF SP; fluxo de emplacamentos, não frota.","O painel público não informa comprador, profissão, local de recarga ou transação individual. Registros são agregados por mês, modelo e município. Não usar para inferir causalidade ou ocupação de carregadores."
2026,6,SP,Bauru,FIAT,FIAT TORO VOLC T270 HYB,MHEV 48V,4,2026-06-01,2026-10-02T12:42:14.337255+00:00,https://abve.org.br/abve-data/bi-geral/,"Consulta ABVE filtrada por município Bauru e UF SP; fluxo de emplacamentos, não frota.","O painel público não informa comprador, profissão, local de recarga ou transação individual. Registros são agregados por mês, modelo e município. Não usar para inferir causalidade ou ocupação de carregadores."
2026,6,SP,Bauru,GAC,GAC AION UT ELITE,BEV,4,2026-06-01,2026-10-02T12:42:14.337255+00:00,https://abve.org.br/abve-data/bi-geral/,"Consulta ABVE filtrada por município Bauru e UF SP; fluxo de emplacamentos, não frota.","O painel público não informa comprador, profissão, local de recarga ou transação individual. Registros são agregados por mês, modelo e município. Não usar para inferir causalidade ou ocupação de carregadores."
2026,6,SP,Bauru,GAC,GAC AION UT PREMIUM,BEV,2,2026-06-01,2026-10-02T12:42:14.337255+00:00,https://abve.org.br/abve-data/bi-geral/,"Consulta ABVE filtrada por município Bauru e UF SP; fluxo de emplacamentos, não frota.","O painel público não informa comprador, profissão, local de recarga ou transação individual. Registros são agregados por mês, modelo e município. Não usar para inferir causalidade ou ocupação de carregadores."
2026,6,SP,Bauru,GAC,GAC AION V ELITE,BEV,1,2026-06-01,2026-10-02T12:42:14.337255+00:00,https://abve.org.br/abve-data/bi-geral/,"Consulta ABVE filtrada por município Bauru e UF SP; fluxo de emplacamentos, não frota.","O painel público não informa comprador, profissão, local de recarga ou transação individual. Registros são agregados por mês, modelo e município. Não usar para inferir causalidade ou ocupação de carregadores."
2026,6,SP,Bauru,GAC,GAC GS4 ELITE,HEV,1,2026-06-01,2026-10-02T12:42:14.337255+00:00,https://abve.org.br/abve-data/bi-geral/,"Consulta ABVE filtrada por município Bauru e UF SP; fluxo de emplacamentos, não frota.","O painel público não informa comprador, profissão, local de recarga ou transação individual. Registros são agregados por mês, modelo e município. Não usar para inferir causalidade ou ocupação de carregadores."
2026,6,SP,Bauru,GEELY,GEELY EX2 MAX,BEV,1,2026-06-01,2026-10-02T12:42:14.337255+00:00,https://abve.org.br/abve-data/bi-geral/,"Consulta ABVE filtrada por município Bauru e UF SP; fluxo de emplacamentos, não frota.","O painel público não informa comprador, profissão, local de recarga ou transação individual. Registros são agregados por mês, modelo e município. Não usar para inferir causalidade ou ocupação de carregadores."
2026,6,SP,Bauru,GEELY,GEELY EX5 EM-I MAX,PHEV,2,2026-06-01,2026-10-02T12:42:14.337255+00:00,https://abve.org.br/abve-data/bi-geral/,"Consulta ABVE filtrada por município Bauru e UF SP; fluxo de emplacamentos, não frota.","O painel público não informa comprador, profissão, local de recarga ou transação individual. Registros são agregados por mês, modelo e município. Não usar para inferir causalidade ou ocupação de carregadores."
2026,6,SP,Bauru,GM,CHEV SPARK EUV ACTIV,BEV,1,2026-06-01,2026-10-02T12:42:14.337255+00:00,https://abve.org.br/abve-data/bi-geral/,"Consulta ABVE filtrada por município Bauru e UF SP; fluxo de emplacamentos, não frota.","O painel público não informa comprador, profissão, local de recarga ou transação individual. Registros são agregados por mês, modelo e município. Não usar para inferir causalidade ou ocupação de carregadores."
2026,6,SP,Bauru,GWM,GWM HAVAL H6 GT,PHEV,2,2026-06-01,2026-10-02T12:42:14.337255+00:00,https://abve.org.br/abve-data/bi-geral/,"Consulta ABVE filtrada por município Bauru e UF SP; fluxo de emplacamentos, não frota.","O painel público não informa comprador, profissão, local de recarga ou transação individual. Registros são agregados por mês, modelo e município. Não usar para inferir causalidade ou ocupação de carregadores."
2026,6,SP,Bauru,GWM,GWM HAVAL H6 HEV ESP,HEV,1,2026-06-01,2026-10-02T12:42:14.337255+00:00,https://abve.org.br/abve-data/bi-geral/,"Consulta ABVE filtrada por município Bauru e UF SP; fluxo de emplacamentos, não frota.","O painel público não informa comprador, profissão, local de recarga ou transação individual. Registros são agregados por mês, modelo e município. Não usar para inferir causalidade ou ocupação de carregadores."
2026,6,SP,Bauru,GWM,GWM HAVAL H6 HEV2,HEV,3,2026-06-01,2026-10-02T12:42:14.337255+00:00,https://abve.org.br/abve-data/bi-geral/,"Consulta ABVE filtrada por município Bauru e UF SP; fluxo de emplacamentos, não frota.","O painel público não informa comprador, profissão, local de recarga ou transação individual. Registros são agregados por mês, modelo e município. Não usar para inferir causalidade ou ocupação de carregadores."
2026,6,SP,Bauru,GWM,GWM HAVAL H6 PHEV19,PHEV,3,2026-06-01,2026-10-02T12:42:14.337255+00:00,https://abve.org.br/abve-data/bi-geral/,"Consulta ABVE filtrada por município Bauru e UF SP; fluxo de emplacamentos, não frota.","O painel público não informa comprador, profissão, local de recarga ou transação individual. Registros são agregados por mês, modelo e município. Não usar para inferir causalidade ou ocupação de carregadores."
2026,6,SP,Bauru,GWM,GWM ORA 03 BEV58 C,BEV,1,2026-06-01,2026-10-02T12:42:14.337255+00:00,https://abve.org.br/abve-data/bi-geral/,"Consulta ABVE filtrada por município Bauru e UF SP; fluxo de emplacamentos, não frota.","O painel público não informa comprador, profissão, local de recarga ou transação individual. Registros são agregados por mês, modelo e município. Não usar para inferir causalidade ou ocupação de carregadores."
2026,6,SP,Bauru,GWM,GWM TANK 300 PHEV FLEX,PHEV,1,2026-06-01,2026-10-02T12:42:14.337255+00:00,https://abve.org.br/abve-data/bi-geral/,"Consulta ABVE filtrada por município Bauru e UF SP; fluxo de emplacamentos, não frota.","O painel público não informa comprador, profissão, local de recarga ou transação individual. Registros são agregados por mês, modelo e município. Não usar para inferir causalidade ou ocupação de carregadores."
2026,6,SP,Bauru,JEEP,JEEP RENEGADE LONGIT HYB,MHEV 48V,2,2026-06-01,2026-10-02T12:42:14.337255+00:00,https://abve.org.br/abve-data/bi-geral/,"Consulta ABVE filtrada por município Bauru e UF SP; fluxo de emplacamentos, não frota.","O painel público não informa comprador, profissão, local de recarga ou transação individual. Registros são agregados por mês, modelo e município. Não usar para inferir causalidade ou ocupação de carregadores."
2026,6,SP,Bauru,JETOUR,JETOUR S06 DM PREMIUM,PHEV,1,2026-06-01,2026-10-02T12:42:14.337255+00:00,https://abve.org.br/abve-data/bi-geral/,"Consulta ABVE filtrada por município Bauru e UF SP; fluxo de emplacamentos, não frota.","O painel público não informa comprador, profissão, local de recarga ou transação individual. Registros são agregados por mês, modelo e município. Não usar para inferir causalidade ou ocupação de carregadores."
2026,6,SP,Bauru,JETOUR,JETOUR T1 I-DM ADVANCE,PHEV,1,2026-06-01,2026-10-02T12:42:14.337255+00:00,https://abve.org.br/abve-data/bi-geral/,"Consulta ABVE filtrada por município Bauru e UF SP; fluxo de emplacamentos, não frota.","O painel público não informa comprador, profissão, local de recarga ou transação individual. Registros são agregados por mês, modelo e município. Não usar para inferir causalidade ou ocupação de carregadores."
2026,6,SP,Bauru,JETOUR,JETOUR T2 I-DM PREMIUM,PHEV,1,2026-06-01,2026-10-02T12:42:14.337255+00:00,https://abve.org.br/abve-data/bi-geral/,"Consulta ABVE filtrada por município Bauru e UF SP; fluxo de emplacamentos, não frota.","O painel público não informa comprador, profissão, local de recarga ou transação individual. Registros são agregados por mês, modelo e município. Não usar para inferir causalidade ou ocupação de carregadores."
2026,6,SP,Bauru,OMODA JAECOO,JAECOO 7 ELITE,PHEV,18,2026-06-01,2026-10-02T12:42:14.337255+00:00,https://abve.org.br/abve-data/bi-geral/,"Consulta ABVE filtrada por município Bauru e UF SP; fluxo de emplacamentos, não frota.","O painel público não informa comprador, profissão, local de recarga ou transação individual. Registros são agregados por mês, modelo e município. Não usar para inferir causalidade ou ocupação de carregadores."
2026,6,SP,Bauru,OMODA JAECOO,JAECOO 7 PRESTIGE,PHEV,1,2026-06-01,2026-10-02T12:42:14.337255+00:00,https://abve.org.br/abve-data/bi-geral/,"Consulta ABVE filtrada por município Bauru e UF SP; fluxo de emplacamentos, não frota.","O painel público não informa comprador, profissão, local de recarga ou transação individual. Registros são agregados por mês, modelo e município. Não usar para inferir causalidade ou ocupação de carregadores."
2026,6,SP,Bauru,OMODA JAECOO,OMODA 5 HEV LUXURY,HEV,4,2026-06-01,2026-10-02T12:42:14.337255+00:00,https://abve.org.br/abve-data/bi-geral/,"Consulta ABVE filtrada por município Bauru e UF SP; fluxo de emplacamentos, não frota.","O painel público não informa comprador, profissão, local de recarga ou transação individual. Registros são agregados por mês, modelo e município. Não usar para inferir causalidade ou ocupação de carregadores."
2026,6,SP,Bauru,OMODA JAECOO,OMODA 5 HEV PRESTIGE,HEV,9,2026-06-01,2026-10-02T12:42:14.337255+00:00,https://abve.org.br/abve-data/bi-geral/,"Consulta ABVE filtrada por município Bauru e UF SP; fluxo de emplacamentos, não frota.","O painel público não informa comprador, profissão, local de recarga ou transação individual. Registros são agregados por mês, modelo e município. Não usar para inferir causalidade ou ocupação de carregadores."
2026,6,SP,Bauru,OMODA JAECOO,OMODA E5,BEV,1,2026-06-01,2026-10-02T12:42:14.337255+00:00,https://abve.org.br/abve-data/bi-geral/,"Consulta ABVE filtrada por município Bauru e UF SP; fluxo de emplacamentos, não frota.","O painel público não informa comprador, profissão, local de recarga ou transação individual. Registros são agregados por mês, modelo e município. Não usar para inferir causalidade ou ocupação de carregadores."
2026,6,SP,Bauru,RENAULT,RENAULT KOLEOS E-TECH,HEV,3,2026-06-01,2026-10-02T12:42:14.337255+00:00,https://abve.org.br/abve-data/bi-geral/,"Consulta ABVE filtrada por município Bauru e UF SP; fluxo de emplacamentos, não frota.","O painel público não informa comprador, profissão, local de recarga ou transação individual. Registros são agregados por mês, modelo e município. Não usar para inferir causalidade ou ocupação de carregadores."
2026,6,SP,Bauru,TOYOTA,TOYOTA CCROSS XRX HYBRID,HEV FLEX,1,2026-06-01,2026-10-02T12:42:14.337255+00:00,https://abve.org.br/abve-data/bi-geral/,"Consulta ABVE filtrada por município Bauru e UF SP; fluxo de emplacamentos, não frota.","O painel público não informa comprador, profissão, local de recarga ou transação individual. Registros são agregados por mês, modelo e município. Não usar para inferir causalidade ou ocupação de carregadores."
2026,6,SP,Bauru,TOYOTA,TOYOTA COROLLA APREMIUMH,HEV FLEX,1,2026-06-01,2026-10-02T12:42:14.337255+00:00,https://abve.org.br/abve-data/bi-geral/,"Consulta ABVE filtrada por município Bauru e UF SP; fluxo de emplacamentos, não frota.","O painel público não informa comprador, profissão, local de recarga ou transação individual. Registros são agregados por mês, modelo e município. Não usar para inferir causalidade ou ocupação de carregadores."
2026,6,SP,Bauru,TOYOTA,TOYOTA COROLLA GLI HEV,HEV FLEX,3,2026-06-01,2026-10-02T12:42:14.337255+00:00,https://abve.org.br/abve-data/bi-geral/,"Consulta ABVE filtrada por município Bauru e UF SP; fluxo de emplacamentos, não frota.","O painel público não informa comprador, profissão, local de recarga ou transação individual. Registros são agregados por mês, modelo e município. Não usar para inferir causalidade ou ocupação de carregadores."
2026,6,SP,Bauru,TOYOTA,TOYOTA RAV4 SX HYBRID,HEV,1,2026-06-01,2026-10-02T12:42:14.337255+00:00,https://abve.org.br/abve-data/bi-geral/,"Consulta ABVE filtrada por município Bauru e UF SP; fluxo de emplacamentos, não frota.","O painel público não informa comprador, profissão, local de recarga ou transação individual. Registros são agregados por mês, modelo e município. Não usar para inferir causalidade ou ocupação de carregadores."
2026,6,SP,Bauru,TOYOTA,TOYOTA YCROSS XRX-HYBRID,HEV FLEX,7,2026-06-01,2026-10-02T12:42:14.337255+00:00,https://abve.org.br/abve-data/bi-geral/,"Consulta ABVE filtrada por município Bauru e UF SP; fluxo de emplacamentos, não frota.","O painel público não informa comprador, profissão, local de recarga ou transação individual. Registros são agregados por mês, modelo e município. Não usar para inferir causalidade ou ocupação de carregadores."
2026,6,SP,Bauru,VOLVO,VOLVO EX30 TWIN ULTRA,BEV,1,2026-06-01,2026-10-02T12:42:14.337255+00:00,https://abve.org.br/abve-data/bi-geral/,"Consulta ABVE filtrada por município Bauru e UF SP; fluxo de emplacamentos, não frota.","O painel público não informa comprador, profissão, local de recarga ou transação individual. Registros são agregados por mês, modelo e município. Não usar para inferir causalidade ou ocupação de carregadores."
2026,7,SP,Bauru,BMW,BMW X3 30 XDRIVE,MHEV 48V,1,2026-07-01,2026-10-02T12:42:14.337255+00:00,https://abve.org.br/abve-data/bi-geral/,"Consulta ABVE filtrada por município Bauru e UF SP; fluxo de emplacamentos, não frota.","O painel público não informa comprador, profissão, local de recarga ou transação individual. Registros são agregados por mês, modelo e município. Não usar para inferir causalidade ou ocupação de carregadores."
2026,7,SP,Bauru,BYD,BYD ATTO 8 GS DM,PHEV,2,2026-07-01,2026-10-02T12:42:14.337255+00:00,https://abve.org.br/abve-data/bi-geral/,"Consulta ABVE filtrada por município Bauru e UF SP; fluxo de emplacamentos, não frota.","O painel público não informa comprador, profissão, local de recarga ou transação individual. Registros são agregados por mês, modelo e município. Não usar para inferir causalidade ou ocupação de carregadores."
2026,7,SP,Bauru,BYD,BYD DOLPHIN GS 180EV,BEV,16,2026-07-01,2026-10-02T12:42:14.337255+00:00,https://abve.org.br/abve-data/bi-geral/,"Consulta ABVE filtrada por município Bauru e UF SP; fluxo de emplacamentos, não frota.","O painel público não informa comprador, profissão, local de recarga ou transação individual. Registros são agregados por mês, modelo e município. Não usar para inferir causalidade ou ocupação de carregadores."
2026,7,SP,Bauru,BYD,BYD DOLPHIN MINI GL5EV,BEV,7,2026-07-01,2026-10-02T12:42:14.337255+00:00,https://abve.org.br/abve-data/bi-geral/,"Consulta ABVE filtrada por município Bauru e UF SP; fluxo de emplacamentos, não frota.","O painel público não informa comprador, profissão, local de recarga ou transação individual. Registros são agregados por mês, modelo e município. Não usar para inferir causalidade ou ocupação de carregadores."
2026,7,SP,Bauru,BYD,BYD DOLPHIN MINI GS5EV,BEV,22,2026-07-01,2026-10-02T12:42:14.337255+00:00,https://abve.org.br/abve-data/bi-geral/,"Consulta ABVE filtrada por município Bauru e UF SP; fluxo de emplacamentos, não frota.","O painel público não informa comprador, profissão, local de recarga ou transação individual. Registros são agregados por mês, modelo e município. Não usar para inferir causalidade ou ocupação de carregadores."
2026,7,SP,Bauru,BYD,BYD DOLPHIN SE 290EV,BEV,2,2026-07-01,2026-10-02T12:42:14.337255+00:00,https://abve.org.br/abve-data/bi-geral/,"Consulta ABVE filtrada por município Bauru e UF SP; fluxo de emplacamentos, não frota.","O painel público não informa comprador, profissão, local de recarga ou transação individual. Registros são agregados por mês, modelo e município. Não usar para inferir causalidade ou ocupação de carregadores."
2026,7,SP,Bauru,BYD,BYD KING GL DM,PHEV,3,2026-07-01,2026-10-02T12:42:14.337255+00:00,https://abve.org.br/abve-data/bi-geral/,"Consulta ABVE filtrada por município Bauru e UF SP; fluxo de emplacamentos, não frota.","O painel público não informa comprador, profissão, local de recarga ou transação individual. Registros são agregados por mês, modelo e município. Não usar para inferir causalidade ou ocupação de carregadores."
2026,7,SP,Bauru,BYD,BYD KING GS DM,PHEV,5,2026-07-01,2026-10-02T12:42:14.337255+00:00,https://abve.org.br/abve-data/bi-geral/,"Consulta ABVE filtrada por município Bauru e UF SP; fluxo de emplacamentos, não frota.","O painel público não informa comprador, profissão, local de recarga ou transação individual. Registros são agregados por mês, modelo e município. Não usar para inferir causalidade ou ocupação de carregadores."
2026,7,SP,Bauru,BYD,BYD SEAL AWD GS 590EV,BEV,1,2026-07-01,2026-10-02T12:42:14.337255+00:00,https://abve.org.br/abve-data/bi-geral/,"Consulta ABVE filtrada por município Bauru e UF SP; fluxo de emplacamentos, não frota.","O painel público não informa comprador, profissão, local de recarga ou transação individual. Registros são agregados por mês, modelo e município. Não usar para inferir causalidade ou ocupação de carregadores."
2026,7,SP,Bauru,BYD,BYD SEALION 7 GS 690EV,BEV,2,2026-07-01,2026-10-02T12:42:14.337255+00:00,https://abve.org.br/abve-data/bi-geral/,"Consulta ABVE filtrada por município Bauru e UF SP; fluxo de emplacamentos, não frota.","O painel público não informa comprador, profissão, local de recarga ou transação individual. Registros são agregados por mês, modelo e município. Não usar para inferir causalidade ou ocupação de carregadores."
2026,7,SP,Bauru,BYD,BYD SONG PLUS GS DM,PHEV,10,2026-07-01,2026-10-02T12:42:14.337255+00:00,https://abve.org.br/abve-data/bi-geral/,"Consulta ABVE filtrada por município Bauru e UF SP; fluxo de emplacamentos, não frota.","O painel público não informa comprador, profissão, local de recarga ou transação individual. Registros são agregados por mês, modelo e município. Não usar para inferir causalidade ou ocupação de carregadores."
2026,7,SP,Bauru,BYD,BYD SONG PRO GL DM,PHEV,6,2026-07-01,2026-10-02T12:42:14.337255+00:00,https://abve.org.br/abve-data/bi-geral/,"Consulta ABVE filtrada por município Bauru e UF SP; fluxo de emplacamentos, não frota.","O painel público não informa comprador, profissão, local de recarga ou transação individual. Registros são agregados por mês, modelo e município. Não usar para inferir causalidade ou ocupação de carregadores."
2026,7,SP,Bauru,BYD,BYD SONG PRO GS DM,PHEV,4,2026-07-01,2026-10-02T12:42:14.337255+00:00,https://abve.org.br/abve-data/bi-geral/,"Consulta ABVE filtrada por município Bauru e UF SP; fluxo de emplacamentos, não frota.","O painel público não informa comprador, profissão, local de recarga ou transação individual. Registros são agregados por mês, modelo e município. Não usar para inferir causalidade ou ocupação de carregadores."
2026,7,SP,Bauru,BYD,BYD YUAN PLUS GS 560EV,BEV,1,2026-07-01,2026-10-02T12:42:14.337255+00:00,https://abve.org.br/abve-data/bi-geral/,"Consulta ABVE filtrada por município Bauru e UF SP; fluxo de emplacamentos, não frota.","O painel público não informa comprador, profissão, local de recarga ou transação individual. Registros são agregados por mês, modelo e município. Não usar para inferir causalidade ou ocupação de carregadores."
2026,7,SP,Bauru,CAOA CHERY,CAOACHERY TIGGO7 PHEV,PHEV,3,2026-07-01,2026-10-02T12:42:14.337255+00:00,https://abve.org.br/abve-data/bi-geral/,"Consulta ABVE filtrada por município Bauru e UF SP; fluxo de emplacamentos, não frota.","O painel público não informa comprador, profissão, local de recarga ou transação individual. Registros são agregados por mês, modelo e município. Não usar para inferir causalidade ou ocupação de carregadores."
2026,7,SP,Bauru,CAOA CHERY,CAOACHERY TIGGO8 PHEV,PHEV,4,2026-07-01,2026-10-02T12:42:14.337255+00:00,https://abve.org.br/abve-data/bi-geral/,"Consulta ABVE filtrada por município Bauru e UF SP; fluxo de emplacamentos, não frota.","O painel público não informa comprador, profissão, local de recarga ou transação individual. Registros são agregados por mês, modelo e município. Não usar para inferir causalidade ou ocupação de carregadores."
2026,7,SP,Bauru,DENZA,DENZA B5 GS DM,PHEV,2,2026-07-01,2026-10-02T12:42:14.337255+00:00,https://abve.org.br/abve-data/bi-geral/,"Consulta ABVE filtrada por município Bauru e UF SP; fluxo de emplacamentos, não frota.","O painel público não informa comprador, profissão, local de recarga ou transação individual. Registros são agregados por mês, modelo e município. Não usar para inferir causalidade ou ocupação de carregadores."
2026,7,SP,Bauru,FIAT,FIAT FASTBACK AUDACE HYB,MHEV 12V,1,2026-07-01,2026-10-02T12:42:14.337255+00:00,https://abve.org.br/abve-data/bi-geral/,"Consulta ABVE filtrada por município Bauru e UF SP; fluxo de emplacamentos, não frota.","O painel público não informa comprador, profissão, local de recarga ou transação individual. Registros são agregados por mês, modelo e município. Não usar para inferir causalidade ou ocupação de carregadores."
2026,7,SP,Bauru,FIAT,FIAT FASTBACK IMPETUS HY,MHEV 12V,5,2026-07-01,2026-10-02T12:42:14.337255+00:00,https://abve.org.br/abve-data/bi-geral/,"Consulta ABVE filtrada por município Bauru e UF SP; fluxo de emplacamentos, não frota.","O painel público não informa comprador, profissão, local de recarga ou transação individual. Registros são agregados por mês, modelo e município. Não usar para inferir causalidade ou ocupação de carregadores."
2026,7,SP,Bauru,FIAT,FIAT TORO ULTRA T270 HYB,MHEV 48V,2,2026-07-01,2026-10-02T12:42:14.337255+00:00,https://abve.org.br/abve-data/bi-geral/,"Consulta ABVE filtrada por município Bauru e UF SP; fluxo de emplacamentos, não frota.","O painel público não informa comprador, profissão, local de recarga ou transação individual. Registros são agregados por mês, modelo e município. Não usar para inferir causalidade ou ocupação de carregadores."
2026,7,SP,Bauru,FIAT,FIAT TORO VOLC T270 HYB,MHEV 48V,3,2026-07-01,2026-10-02T12:42:14.337255+00:00,https://abve.org.br/abve-data/bi-geral/,"Consulta ABVE filtrada por município Bauru e UF SP; fluxo de emplacamentos, não frota.","O painel público não informa comprador, profissão, local de recarga ou transação individual. Registros são agregados por mês, modelo e município. Não usar para inferir causalidade ou ocupação de carregadores."
2026,7,SP,Bauru,GAC,GAC AION UT ELITE,BEV,6,2026-07-01,2026-10-02T12:42:14.337255+00:00,https://abve.org.br/abve-data/bi-geral/,"Consulta ABVE filtrada por município Bauru e UF SP; fluxo de emplacamentos, não frota.","O painel público não informa comprador, profissão, local de recarga ou transação individual. Registros são agregados por mês, modelo e município. Não usar para inferir causalidade ou ocupação de carregadores."
2026,7,SP,Bauru,GAC,GAC AION UT PREMIUM,BEV,2,2026-07-01,2026-10-02T12:42:14.337255+00:00,https://abve.org.br/abve-data/bi-geral/,"Consulta ABVE filtrada por município Bauru e UF SP; fluxo de emplacamentos, não frota.","O painel público não informa comprador, profissão, local de recarga ou transação individual. Registros são agregados por mês, modelo e município. Não usar para inferir causalidade ou ocupação de carregadores."
2026,7,SP,Bauru,GAC,GAC GS4 ELITE,HEV,1,2026-07-01,2026-10-02T12:42:14.337255+00:00,https://abve.org.br/abve-data/bi-geral/,"Consulta ABVE filtrada por município Bauru e UF SP; fluxo de emplacamentos, não frota.","O painel público não informa comprador, profissão, local de recarga ou transação individual. Registros são agregados por mês, modelo e município. Não usar para inferir causalidade ou ocupação de carregadores."
2026,7,SP,Bauru,GEELY,GEELY EX2 MAX,BEV,3,2026-07-01,2026-10-02T12:42:14.337255+00:00,https://abve.org.br/abve-data/bi-geral/,"Consulta ABVE filtrada por município Bauru e UF SP; fluxo de emplacamentos, não frota.","O painel público não informa comprador, profissão, local de recarga ou transação individual. Registros são agregados por mês, modelo e município. Não usar para inferir causalidade ou ocupação de carregadores."
2026,7,SP,Bauru,GEELY,GEELY EX2 PRO,BEV,1,2026-07-01,2026-10-02T12:42:14.337255+00:00,https://abve.org.br/abve-data/bi-geral/,"Consulta ABVE filtrada por município Bauru e UF SP; fluxo de emplacamentos, não frota.","O painel público não informa comprador, profissão, local de recarga ou transação individual. Registros são agregados por mês, modelo e município. Não usar para inferir causalidade ou ocupação de carregadores."
2026,7,SP,Bauru,GEELY,GEELY EX5 EM-I MAX,PHEV,1,2026-07-01,2026-10-02T12:42:14.337255+00:00,https://abve.org.br/abve-data/bi-geral/,"Consulta ABVE filtrada por município Bauru e UF SP; fluxo de emplacamentos, não frota.","O painel público não informa comprador, profissão, local de recarga ou transação individual. Registros são agregados por mês, modelo e município. Não usar para inferir causalidade ou ocupação de carregadores."
2026,7,SP,Bauru,GEELY,GEELY EX5 EM-I ULTRA,PHEV,1,2026-07-01,2026-10-02T12:42:14.337255+00:00,https://abve.org.br/abve-data/bi-geral/,"Consulta ABVE filtrada por município Bauru e UF SP; fluxo de emplacamentos, não frota.","O painel público não informa comprador, profissão, local de recarga ou transação individual. Registros são agregados por mês, modelo e município. Não usar para inferir causalidade ou ocupação de carregadores."
2026,7,SP,Bauru,GWM,GWM HAVAL H6 HEV ESP,HEV,2,2026-07-01,2026-10-02T12:42:14.337255+00:00,https://abve.org.br/abve-data/bi-geral/,"Consulta ABVE filtrada por município Bauru e UF SP; fluxo de emplacamentos, não frota.","O painel público não informa comprador, profissão, local de recarga ou transação individual. Registros são agregados por mês, modelo e município. Não usar para inferir causalidade ou ocupação de carregadores."
2026,7,SP,Bauru,GWM,GWM HAVAL H6 HEV1 FLEX,HEV FLEX,1,2026-07-01,2026-10-02T12:42:14.337255+00:00,https://abve.org.br/abve-data/bi-geral/,"Consulta ABVE filtrada por município Bauru e UF SP; fluxo de emplacamentos, não frota.","O painel público não informa comprador, profissão, local de recarga ou transação individual. Registros são agregados por mês, modelo e município. Não usar para inferir causalidade ou ocupação de carregadores."
2026,7,SP,Bauru,GWM,GWM HAVAL H6 HEV2 FLEX,HEV FLEX,9,2026-07-01,2026-10-02T12:42:14.337255+00:00,https://abve.org.br/abve-data/bi-geral/,"Consulta ABVE filtrada por município Bauru e UF SP; fluxo de emplacamentos, não frota.","O painel público não informa comprador, profissão, local de recarga ou transação individual. Registros são agregados por mês, modelo e município. Não usar para inferir causalidade ou ocupação de carregadores."
2026,7,SP,Bauru,GWM,GWM HAVAL H6 PHEV19,PHEV,1,2026-07-01,2026-10-02T12:42:14.337255+00:00,https://abve.org.br/abve-data/bi-geral/,"Consulta ABVE filtrada por município Bauru e UF SP; fluxo de emplacamentos, não frota.","O painel público não informa comprador, profissão, local de recarga ou transação individual. Registros são agregados por mês, modelo e município. Não usar para inferir causalidade ou ocupação de carregadores."
2026,7,SP,Bauru,GWM,GWM HAVAL H6 PHEV19 FF,PHEV,5,2026-07-01,2026-10-02T12:42:14.337255+00:00,https://abve.org.br/abve-data/bi-geral/,"Consulta ABVE filtrada por município Bauru e UF SP; fluxo de emplacamentos, não frota.","O painel público não informa comprador, profissão, local de recarga ou transação individual. Registros são agregados por mês, modelo e município. Não usar para inferir causalidade ou ocupação de carregadores."
2026,7,SP,Bauru,GWM,GWM HAVAL H6 PHEV35 FF,PHEV,1,2026-07-01,2026-10-02T12:42:14.337255+00:00,https://abve.org.br/abve-data/bi-geral/,"Consulta ABVE filtrada por município Bauru e UF SP; fluxo de emplacamentos, não frota.","O painel público não informa comprador, profissão, local de recarga ou transação individual. Registros são agregados por mês, modelo e município. Não usar para inferir causalidade ou ocupação de carregadores."
2026,7,SP,Bauru,GWM,GWM ORA 03 BEV58 C,BEV,1,2026-07-01,2026-10-02T12:42:14.337255+00:00,https://abve.org.br/abve-data/bi-geral/,"Consulta ABVE filtrada por município Bauru e UF SP; fluxo de emplacamentos, não frota.","O painel público não informa comprador, profissão, local de recarga ou transação individual. Registros são agregados por mês, modelo e município. Não usar para inferir causalidade ou ocupação de carregadores."
2026,7,SP,Bauru,GWM,GWM ORA 5,BEV,2,2026-07-01,2026-10-02T12:42:14.337255+00:00,https://abve.org.br/abve-data/bi-geral/,"Consulta ABVE filtrada por município Bauru e UF SP; fluxo de emplacamentos, não frota.","O painel público não informa comprador, profissão, local de recarga ou transação individual. Registros são agregados por mês, modelo e município. Não usar para inferir causalidade ou ocupação de carregadores."
2026,7,SP,Bauru,GWM,GWM TANK 300 PHEV,PHEV,1,2026-07-01,2026-10-02T12:42:14.337255+00:00,https://abve.org.br/abve-data/bi-geral/,"Consulta ABVE filtrada por município Bauru e UF SP; fluxo de emplacamentos, não frota.","O painel público não informa comprador, profissão, local de recarga ou transação individual. Registros são agregados por mês, modelo e município. Não usar para inferir causalidade ou ocupação de carregadores."
2026,7,SP,Bauru,GWM,GWM TANK 300 PHEV FLEX,PHEV,2,2026-07-01,2026-10-02T12:42:14.337255+00:00,https://abve.org.br/abve-data/bi-geral/,"Consulta ABVE filtrada por município Bauru e UF SP; fluxo de emplacamentos, não frota.","O painel público não informa comprador, profissão, local de recarga ou transação individual. Registros são agregados por mês, modelo e município. Não usar para inferir causalidade ou ocupação de carregadores."
2026,7,SP,Bauru,GWM,GWM WEY 07,PHEV,1,2026-07-01,2026-10-02T12:42:14.337255+00:00,https://abve.org.br/abve-data/bi-geral/,"Consulta ABVE filtrada por município Bauru e UF SP; fluxo de emplacamentos, não frota.","O painel público não informa comprador, profissão, local de recarga ou transação individual. Registros são agregados por mês, modelo e município. Não usar para inferir causalidade ou ocupação de carregadores."
2026,7,SP,Bauru,JEEP,JEEP COMMANDER LMTD HYB,MHEV 48V,1,2026-07-01,2026-10-02T12:42:14.337255+00:00,https://abve.org.br/abve-data/bi-geral/,"Consulta ABVE filtrada por município Bauru e UF SP; fluxo de emplacamentos, não frota.","O painel público não informa comprador, profissão, local de recarga ou transação individual. Registros são agregados por mês, modelo e município. Não usar para inferir causalidade ou ocupação de carregadores."
2026,7,SP,Bauru,JEEP,JEEP RENEGADE LONGIT HYB,MHEV 48V,2,2026-07-01,2026-10-02T12:42:14.337255+00:00,https://abve.org.br/abve-data/bi-geral/,"Consulta ABVE filtrada por município Bauru e UF SP; fluxo de emplacamentos, não frota.","O painel público não informa comprador, profissão, local de recarga ou transação individual. Registros são agregados por mês, modelo e município. Não usar para inferir causalidade ou ocupação de carregadores."
2026,7,SP,Bauru,JETOUR,JETOUR S06 DM ADVANCE,PHEV,1,2026-07-01,2026-10-02T12:42:14.337255+00:00,https://abve.org.br/abve-data/bi-geral/,"Consulta ABVE filtrada por município Bauru e UF SP; fluxo de emplacamentos, não frota.","O painel público não informa comprador, profissão, local de recarga ou transação individual. Registros são agregados por mês, modelo e município. Não usar para inferir causalidade ou ocupação de carregadores."
2026,7,SP,Bauru,JETOUR,JETOUR S06 DM PREMIUM,PHEV,2,2026-07-01,2026-10-02T12:42:14.337255+00:00,https://abve.org.br/abve-data/bi-geral/,"Consulta ABVE filtrada por município Bauru e UF SP; fluxo de emplacamentos, não frota.","O painel público não informa comprador, profissão, local de recarga ou transação individual. Registros são agregados por mês, modelo e município. Não usar para inferir causalidade ou ocupação de carregadores."
2026,7,SP,Bauru,JETOUR,JETOUR T1 I-DM PREMIUM,PHEV,1,2026-07-01,2026-10-02T12:42:14.337255+00:00,https://abve.org.br/abve-data/bi-geral/,"Consulta ABVE filtrada por município Bauru e UF SP; fluxo de emplacamentos, não frota.","O painel público não informa comprador, profissão, local de recarga ou transação individual. Registros são agregados por mês, modelo e município. Não usar para inferir causalidade ou ocupação de carregadores."
2026,7,SP,Bauru,JETOUR,JETOUR T2 I-DM PREMIUM,PHEV,2,2026-07-01,2026-10-02T12:42:14.337255+00:00,https://abve.org.br/abve-data/bi-geral/,"Consulta ABVE filtrada por município Bauru e UF SP; fluxo de emplacamentos, não frota.","O painel público não informa comprador, profissão, local de recarga ou transação individual. Registros são agregados por mês, modelo e município. Não usar para inferir causalidade ou ocupação de carregadores."
2026,7,SP,Bauru,JETOUR,JETOUR T2 I-DM PRM 4X4,PHEV,1,2026-07-01,2026-10-02T12:42:14.337255+00:00,https://abve.org.br/abve-data/bi-geral/,"Consulta ABVE filtrada por município Bauru e UF SP; fluxo de emplacamentos, não frota.","O painel público não informa comprador, profissão, local de recarga ou transação individual. Registros são agregados por mês, modelo e município. Não usar para inferir causalidade ou ocupação de carregadores."
2026,7,SP,Bauru,OMODA JAECOO,JAECOO 7 ELITE,PHEV,15,2026-07-01,2026-10-02T12:42:14.337255+00:00,https://abve.org.br/abve-data/bi-geral/,"Consulta ABVE filtrada por município Bauru e UF SP; fluxo de emplacamentos, não frota.","O painel público não informa comprador, profissão, local de recarga ou transação individual. Registros são agregados por mês, modelo e município. Não usar para inferir causalidade ou ocupação de carregadores."
2026,7,SP,Bauru,OMODA JAECOO,JAECOO 7 LUXURY,PHEV,2,2026-07-01,2026-10-02T12:42:14.337255+00:00,https://abve.org.br/abve-data/bi-geral/,"Consulta ABVE filtrada por município Bauru e UF SP; fluxo de emplacamentos, não frota.","O painel público não informa comprador, profissão, local de recarga ou transação individual. Registros são agregados por mês, modelo e município. Não usar para inferir causalidade ou ocupação de carregadores."
2026,7,SP,Bauru,OMODA JAECOO,JAECOO 7 PRESTIGE,PHEV,1,2026-07-01,2026-10-02T12:42:14.337255+00:00,https://abve.org.br/abve-data/bi-geral/,"Consulta ABVE filtrada por município Bauru e UF SP; fluxo de emplacamentos, não frota.","O painel público não informa comprador, profissão, local de recarga ou transação individual. Registros são agregados por mês, modelo e município. Não usar para inferir causalidade ou ocupação de carregadores."
2026,7,SP,Bauru,OMODA JAECOO,OMODA 5 HEV LUXURY,HEV,13,2026-07-01,2026-10-02T12:42:14.337255+00:00,https://abve.org.br/abve-data/bi-geral/,"Consulta ABVE filtrada por município Bauru e UF SP; fluxo de emplacamentos, não frota.","O painel público não informa comprador, profissão, local de recarga ou transação individual. Registros são agregados por mês, modelo e município. Não usar para inferir causalidade ou ocupação de carregadores."
2026,7,SP,Bauru,OMODA JAECOO,OMODA 5 HEV PRESTIGE,HEV,8,2026-07-01,2026-10-02T12:42:14.337255+00:00,https://abve.org.br/abve-data/bi-geral/,"Consulta ABVE filtrada por município Bauru e UF SP; fluxo de emplacamentos, não frota.","O painel público não informa comprador, profissão, local de recarga ou transação individual. Registros são agregados por mês, modelo e município. Não usar para inferir causalidade ou ocupação de carregadores."
2026,7,SP,Bauru,TOYOTA,TOYOTA COROLLA GLI HEV,HEV FLEX,4,2026-07-01,2026-10-02T12:42:14.337255+00:00,https://abve.org.br/abve-data/bi-geral/,"Consulta ABVE filtrada por município Bauru e UF SP; fluxo de emplacamentos, não frota.","O painel público não informa comprador, profissão, local de recarga ou transação individual. Registros são agregados por mês, modelo e município. Não usar para inferir causalidade ou ocupação de carregadores."
2026,7,SP,Bauru,TOYOTA,TOYOTA RAV4 S HYBRID,HEV,2,2026-07-01,2026-10-02T12:42:14.337255+00:00,https://abve.org.br/abve-data/bi-geral/,"Consulta ABVE filtrada por município Bauru e UF SP; fluxo de emplacamentos, não frota.","O painel público não informa comprador, profissão, local de recarga ou transação individual. Registros são agregados por mês, modelo e município. Não usar para inferir causalidade ou ocupação de carregadores."
2026,7,SP,Bauru,TOYOTA,TOYOTA YCROSS XRX-HYBRID,HEV FLEX,5,2026-07-01,2026-10-02T12:42:14.337255+00:00,https://abve.org.br/abve-data/bi-geral/,"Consulta ABVE filtrada por município Bauru e UF SP; fluxo de emplacamentos, não frota.","O painel público não informa comprador, profissão, local de recarga ou transação individual. Registros são agregados por mês, modelo e município. Não usar para inferir causalidade ou ocupação de carregadores."
2026,7,SP,Bauru,VOLVO,VOLVO XC60 T8 ULTRA,PHEV,1,2026-07-01,2026-10-02T12:42:14.337255+00:00,https://abve.org.br/abve-data/bi-geral/,"Consulta ABVE filtrada por município Bauru e UF SP; fluxo de emplacamentos, não frota.","O painel público não informa comprador, profissão, local de recarga ou transação individual. Registros são agregados por mês, modelo e município. Não usar para inferir causalidade ou ocupação de carregadores."
2026,8,SP,Bauru,BMW,BMW X7 XDRIVE40I,MHEV 48V,1,2026-08-01,2026-10-02T12:42:14.337255+00:00,https://abve.org.br/abve-data/bi-geral/,"Consulta ABVE filtrada por município Bauru e UF SP; fluxo de emplacamentos, não frota.","O painel público não informa comprador, profissão, local de recarga ou transação individual. Registros são agregados por mês, modelo e município. Não usar para inferir causalidade ou ocupação de carregadores."
2026,8,SP,Bauru,BYD,BYD ATTO 8 GS DM,PHEV,1,2026-08-01,2026-10-02T12:42:14.337255+00:00,https://abve.org.br/abve-data/bi-geral/,"Consulta ABVE filtrada por município Bauru e UF SP; fluxo de emplacamentos, não frota.","O painel público não informa comprador, profissão, local de recarga ou transação individual. Registros são agregados por mês, modelo e município. Não usar para inferir causalidade ou ocupação de carregadores."
2026,8,SP,Bauru,BYD,BYD DOLPHIN GS 180EV,BEV,5,2026-08-01,2026-10-02T12:42:14.337255+00:00,https://abve.org.br/abve-data/bi-geral/,"Consulta ABVE filtrada por município Bauru e UF SP; fluxo de emplacamentos, não frota.","O painel público não informa comprador, profissão, local de recarga ou transação individual. Registros são agregados por mês, modelo e município. Não usar para inferir causalidade ou ocupação de carregadores."
2026,8,SP,Bauru,BYD,BYD DOLPHIN MINI GL5EV,BEV,8,2026-08-01,2026-10-02T12:42:14.337255+00:00,https://abve.org.br/abve-data/bi-geral/,"Consulta ABVE filtrada por município Bauru e UF SP; fluxo de emplacamentos, não frota.","O painel público não informa comprador, profissão, local de recarga ou transação individual. Registros são agregados por mês, modelo e município. Não usar para inferir causalidade ou ocupação de carregadores."
2026,8,SP,Bauru,BYD,BYD DOLPHIN MINI GS5EV,BEV,16,2026-08-01,2026-10-02T12:42:14.337255+00:00,https://abve.org.br/abve-data/bi-geral/,"Consulta ABVE filtrada por município Bauru e UF SP; fluxo de emplacamentos, não frota.","O painel público não informa comprador, profissão, local de recarga ou transação individual. Registros são agregados por mês, modelo e município. Não usar para inferir causalidade ou ocupação de carregadores."
2026,8,SP,Bauru,BYD,BYD KING GL DM,PHEV,4,2026-08-01,2026-10-02T12:42:14.337255+00:00,https://abve.org.br/abve-data/bi-geral/,"Consulta ABVE filtrada por município Bauru e UF SP; fluxo de emplacamentos, não frota.","O painel público não informa comprador, profissão, local de recarga ou transação individual. Registros são agregados por mês, modelo e município. Não usar para inferir causalidade ou ocupação de carregadores."
2026,8,SP,Bauru,BYD,BYD KING GS DM,PHEV,7,2026-08-01,2026-10-02T12:42:14.337255+00:00,https://abve.org.br/abve-data/bi-geral/,"Consulta ABVE filtrada por município Bauru e UF SP; fluxo de emplacamentos, não frota.","O painel público não informa comprador, profissão, local de recarga ou transação individual. Registros são agregados por mês, modelo e município. Não usar para inferir causalidade ou ocupação de carregadores."
2026,8,SP,Bauru,BYD,BYD SONG PLUS GS DM,PHEV,7,2026-08-01,2026-10-02T12:42:14.337255+00:00,https://abve.org.br/abve-data/bi-geral/,"Consulta ABVE filtrada por município Bauru e UF SP; fluxo de emplacamentos, não frota.","O painel público não informa comprador, profissão, local de recarga ou transação individual. Registros são agregados por mês, modelo e município. Não usar para inferir causalidade ou ocupação de carregadores."
2026,8,SP,Bauru,BYD,BYD SONG PRO GL DM,PHEV,4,2026-08-01,2026-10-02T12:42:14.337255+00:00,https://abve.org.br/abve-data/bi-geral/,"Consulta ABVE filtrada por município Bauru e UF SP; fluxo de emplacamentos, não frota.","O painel público não informa comprador, profissão, local de recarga ou transação individual. Registros são agregados por mês, modelo e município. Não usar para inferir causalidade ou ocupação de carregadores."
2026,8,SP,Bauru,BYD,BYD SONG PRO GS DM,PHEV,1,2026-08-01,2026-10-02T12:42:14.337255+00:00,https://abve.org.br/abve-data/bi-geral/,"Consulta ABVE filtrada por município Bauru e UF SP; fluxo de emplacamentos, não frota.","O painel público não informa comprador, profissão, local de recarga ou transação individual. Registros são agregados por mês, modelo e município. Não usar para inferir causalidade ou ocupação de carregadores."
2026,8,SP,Bauru,BYD,BYD SONG PRO GS DM FLEX,PHEV,14,2026-08-01,2026-10-02T12:42:14.337255+00:00,https://abve.org.br/abve-data/bi-geral/,"Consulta ABVE filtrada por município Bauru e UF SP; fluxo de emplacamentos, não frota.","O painel público não informa comprador, profissão, local de recarga ou transação individual. Registros são agregados por mês, modelo e município. Não usar para inferir causalidade ou ocupação de carregadores."
2026,8,SP,Bauru,BYD,BYD YUAN PRO GS 290EV,BEV,1,2026-08-01,2026-10-02T12:42:14.337255+00:00,https://abve.org.br/abve-data/bi-geral/,"Consulta ABVE filtrada por município Bauru e UF SP; fluxo de emplacamentos, não frota.","O painel público não informa comprador, profissão, local de recarga ou transação individual. Registros são agregados por mês, modelo e município. Não usar para inferir causalidade ou ocupação de carregadores."
2026,8,SP,Bauru,CAOA CHERY,CAOACHERY ARRIZO6 PRHA,MHEV 48V,1,2026-08-01,2026-10-02T12:42:14.337255+00:00,https://abve.org.br/abve-data/bi-geral/,"Consulta ABVE filtrada por município Bauru e UF SP; fluxo de emplacamentos, não frota.","O painel público não informa comprador, profissão, local de recarga ou transação individual. Registros são agregados por mês, modelo e município. Não usar para inferir causalidade ou ocupação de carregadores."
2026,8,SP,Bauru,CAOA CHERY,CAOACHERY TIGGO7 PHEV,PHEV,1,2026-08-01,2026-10-02T12:42:14.337255+00:00,https://abve.org.br/abve-data/bi-geral/,"Consulta ABVE filtrada por município Bauru e UF SP; fluxo de emplacamentos, não frota.","O painel público não informa comprador, profissão, local de recarga ou transação individual. Registros são agregados por mês, modelo e município. Não usar para inferir causalidade ou ocupação de carregadores."
2026,8,SP,Bauru,FIAT,FIAT FASTBACK IMPETUS HY,MHEV 12V,4,2026-08-01,2026-10-02T12:42:14.337255+00:00,https://abve.org.br/abve-data/bi-geral/,"Consulta ABVE filtrada por município Bauru e UF SP; fluxo de emplacamentos, não frota.","O painel público não informa comprador, profissão, local de recarga ou transação individual. Registros são agregados por mês, modelo e município. Não usar para inferir causalidade ou ocupação de carregadores."
2026,8,SP,Bauru,FIAT,FIAT TORO VOLC T270 HYB,MHEV 48V,3,2026-08-01,2026-10-02T12:42:14.337255+00:00,https://abve.org.br/abve-data/bi-geral/,"Consulta ABVE filtrada por município Bauru e UF SP; fluxo de emplacamentos, não frota.","O painel público não informa comprador, profissão, local de recarga ou transação individual. Registros são agregados por mês, modelo e município. Não usar para inferir causalidade ou ocupação de carregadores."
2026,8,SP,Bauru,GAC,GAC AION UT ELITE,BEV,1,2026-08-01,2026-10-02T12:42:14.337255+00:00,https://abve.org.br/abve-data/bi-geral/,"Consulta ABVE filtrada por município Bauru e UF SP; fluxo de emplacamentos, não frota.","O painel público não informa comprador, profissão, local de recarga ou transação individual. Registros são agregados por mês, modelo e município. Não usar para inferir causalidade ou ocupação de carregadores."
2026,8,SP,Bauru,GAC,GAC AION UT PREMIUM,BEV,4,2026-08-01,2026-10-02T12:42:14.337255+00:00,https://abve.org.br/abve-data/bi-geral/,"Consulta ABVE filtrada por município Bauru e UF SP; fluxo de emplacamentos, não frota.","O painel público não informa comprador, profissão, local de recarga ou transação individual. Registros são agregados por mês, modelo e município. Não usar para inferir causalidade ou ocupação de carregadores."
2026,8,SP,Bauru,GAC,GAC AION V ELITE,BEV,3,2026-08-01,2026-10-02T12:42:14.337255+00:00,https://abve.org.br/abve-data/bi-geral/,"Consulta ABVE filtrada por município Bauru e UF SP; fluxo de emplacamentos, não frota.","O painel público não informa comprador, profissão, local de recarga ou transação individual. Registros são agregados por mês, modelo e município. Não usar para inferir causalidade ou ocupação de carregadores."
2026,8,SP,Bauru,GAC,GAC GS4 ELITE,HEV,1,2026-08-01,2026-10-02T12:42:14.337255+00:00,https://abve.org.br/abve-data/bi-geral/,"Consulta ABVE filtrada por município Bauru e UF SP; fluxo de emplacamentos, não frota.","O painel público não informa comprador, profissão, local de recarga ou transação individual. Registros são agregados por mês, modelo e município. Não usar para inferir causalidade ou ocupação de carregadores."
2026,8,SP,Bauru,GAC,GAC GS9 ULTRA,PHEV,2,2026-08-01,2026-10-02T12:42:14.337255+00:00,https://abve.org.br/abve-data/bi-geral/,"Consulta ABVE filtrada por município Bauru e UF SP; fluxo de emplacamentos, não frota.","O painel público não informa comprador, profissão, local de recarga ou transação individual. Registros são agregados por mês, modelo e município. Não usar para inferir causalidade ou ocupação de carregadores."
2026,8,SP,Bauru,GEELY,GEELY EX2 MAX,BEV,1,2026-08-01,2026-10-02T12:42:14.337255+00:00,https://abve.org.br/abve-data/bi-geral/,"Consulta ABVE filtrada por município Bauru e UF SP; fluxo de emplacamentos, não frota.","O painel público não informa comprador, profissão, local de recarga ou transação individual. Registros são agregados por mês, modelo e município. Não usar para inferir causalidade ou ocupação de carregadores."
2026,8,SP,Bauru,GEELY,GEELY EX2 PRO,BEV,3,2026-08-01,2026-10-02T12:42:14.337255+00:00,https://abve.org.br/abve-data/bi-geral/,"Consulta ABVE filtrada por município Bauru e UF SP; fluxo de emplacamentos, não frota.","O painel público não informa comprador, profissão, local de recarga ou transação individual. Registros são agregados por mês, modelo e município. Não usar para inferir causalidade ou ocupação de carregadores."
2026,8,SP,Bauru,GEELY,GEELY EX5 EM-I MAX,PHEV,2,2026-08-01,2026-10-02T12:42:14.337255+00:00,https://abve.org.br/abve-data/bi-geral/,"Consulta ABVE filtrada por município Bauru e UF SP; fluxo de emplacamentos, não frota.","O painel público não informa comprador, profissão, local de recarga ou transação individual. Registros são agregados por mês, modelo e município. Não usar para inferir causalidade ou ocupação de carregadores."
2026,8,SP,Bauru,GEELY,GEELY EX5 EM-I ULTRA,PHEV,1,2026-08-01,2026-10-02T12:42:14.337255+00:00,https://abve.org.br/abve-data/bi-geral/,"Consulta ABVE filtrada por município Bauru e UF SP; fluxo de emplacamentos, não frota.","O painel público não informa comprador, profissão, local de recarga ou transação individual. Registros são agregados por mês, modelo e município. Não usar para inferir causalidade ou ocupação de carregadores."
2026,8,SP,Bauru,GM,CHEV SPARK EUV ACTIV,BEV,1,2026-08-01,2026-10-02T12:42:14.337255+00:00,https://abve.org.br/abve-data/bi-geral/,"Consulta ABVE filtrada por município Bauru e UF SP; fluxo de emplacamentos, não frota.","O painel público não informa comprador, profissão, local de recarga ou transação individual. Registros são agregados por mês, modelo e município. Não usar para inferir causalidade ou ocupação de carregadores."
2026,8,SP,Bauru,GWM,GWM HAVAL H6 HEV ESP,HEV,1,2026-08-01,2026-10-02T12:42:14.337255+00:00,https://abve.org.br/abve-data/bi-geral/,"Consulta ABVE filtrada por município Bauru e UF SP; fluxo de emplacamentos, não frota.","O painel público não informa comprador, profissão, local de recarga ou transação individual. Registros são agregados por mês, modelo e município. Não usar para inferir causalidade ou ocupação de carregadores."
2026,8,SP,Bauru,GWM,GWM HAVAL H6 HEV1 FLEX,HEV FLEX,3,2026-08-01,2026-10-02T12:42:14.337255+00:00,https://abve.org.br/abve-data/bi-geral/,"Consulta ABVE filtrada por município Bauru e UF SP; fluxo de emplacamentos, não frota.","O painel público não informa comprador, profissão, local de recarga ou transação individual. Registros são agregados por mês, modelo e município. Não usar para inferir causalidade ou ocupação de carregadores."
2026,8,SP,Bauru,GWM,GWM HAVAL H6 HEV2 FLEX,HEV FLEX,8,2026-08-01,2026-10-02T12:42:14.337255+00:00,https://abve.org.br/abve-data/bi-geral/,"Consulta ABVE filtrada por município Bauru e UF SP; fluxo de emplacamentos, não frota.","O painel público não informa comprador, profissão, local de recarga ou transação individual. Registros são agregados por mês, modelo e município. Não usar para inferir causalidade ou ocupação de carregadores."
2026,8,SP,Bauru,GWM,GWM HAVAL H6 PHEV19,PHEV,1,2026-08-01,2026-10-02T12:42:14.337255+00:00,https://abve.org.br/abve-data/bi-geral/,"Consulta ABVE filtrada por município Bauru e UF SP; fluxo de emplacamentos, não frota.","O painel público não informa comprador, profissão, local de recarga ou transação individual. Registros são agregados por mês, modelo e município. Não usar para inferir causalidade ou ocupação de carregadores."
2026,8,SP,Bauru,GWM,GWM HAVAL H6 PHEV19 FF,PHEV,13,2026-08-01,2026-10-02T12:42:14.337255+00:00,https://abve.org.br/abve-data/bi-geral/,"Consulta ABVE filtrada por município Bauru e UF SP; fluxo de emplacamentos, não frota.","O painel público não informa comprador, profissão, local de recarga ou transação individual. Registros são agregados por mês, modelo e município. Não usar para inferir causalidade ou ocupação de carregadores."
2026,8,SP,Bauru,GWM,GWM HAVAL H6 PHEV35 FF,PHEV,1,2026-08-01,2026-10-02T12:42:14.337255+00:00,https://abve.org.br/abve-data/bi-geral/,"Consulta ABVE filtrada por município Bauru e UF SP; fluxo de emplacamentos, não frota.","O painel público não informa comprador, profissão, local de recarga ou transação individual. Registros são agregados por mês, modelo e município. Não usar para inferir causalidade ou ocupação de carregadores."
2026,8,SP,Bauru,GWM,GWM ORA 03 BEV58 C,BEV,2,2026-08-01,2026-10-02T12:42:14.337255+00:00,https://abve.org.br/abve-data/bi-geral/,"Consulta ABVE filtrada por município Bauru e UF SP; fluxo de emplacamentos, não frota.","O painel público não informa comprador, profissão, local de recarga ou transação individual. Registros são agregados por mês, modelo e município. Não usar para inferir causalidade ou ocupação de carregadores."
2026,8,SP,Bauru,GWM,GWM ORA 5,BEV,2,2026-08-01,2026-10-02T12:42:14.337255+00:00,https://abve.org.br/abve-data/bi-geral/,"Consulta ABVE filtrada por município Bauru e UF SP; fluxo de emplacamentos, não frota.","O painel público não informa comprador, profissão, local de recarga ou transação individual. Registros são agregados por mês, modelo e município. Não usar para inferir causalidade ou ocupação de carregadores."
2026,8,SP,Bauru,JEEP,JEEP RENEGADE LONGIT HYB,MHEV 48V,3,2026-08-01,2026-10-02T12:42:14.337255+00:00,https://abve.org.br/abve-data/bi-geral/,"Consulta ABVE filtrada por município Bauru e UF SP; fluxo de emplacamentos, não frota.","O painel público não informa comprador, profissão, local de recarga ou transação individual. Registros são agregados por mês, modelo e município. Não usar para inferir causalidade ou ocupação de carregadores."
2026,8,SP,Bauru,JETOUR,JETOUR S06 DM ADVANCE,PHEV,1,2026-08-01,2026-10-02T12:42:14.337255+00:00,https://abve.org.br/abve-data/bi-geral/,"Consulta ABVE filtrada por município Bauru e UF SP; fluxo de emplacamentos, não frota.","O painel público não informa comprador, profissão, local de recarga ou transação individual. Registros são agregados por mês, modelo e município. Não usar para inferir causalidade ou ocupação de carregadores."
2026,8,SP,Bauru,JETOUR,JETOUR S06 DM PREMIUM,PHEV,2,2026-08-01,2026-10-02T12:42:14.337255+00:00,https://abve.org.br/abve-data/bi-geral/,"Consulta ABVE filtrada por município Bauru e UF SP; fluxo de emplacamentos, não frota.","O painel público não informa comprador, profissão, local de recarga ou transação individual. Registros são agregados por mês, modelo e município. Não usar para inferir causalidade ou ocupação de carregadores."
2026,8,SP,Bauru,JETOUR,JETOUR T2 I-DM PRM 4X4,PHEV,6,2026-08-01,2026-10-02T12:42:14.337255+00:00,https://abve.org.br/abve-data/bi-geral/,"Consulta ABVE filtrada por município Bauru e UF SP; fluxo de emplacamentos, não frota.","O painel público não informa comprador, profissão, local de recarga ou transação individual. Registros são agregados por mês, modelo e município. Não usar para inferir causalidade ou ocupação de carregadores."
2026,8,SP,Bauru,LEAPMOTOR,LPM B10 LIFE,BEV,1,2026-08-01,2026-10-02T12:42:14.337255+00:00,https://abve.org.br/abve-data/bi-geral/,"Consulta ABVE filtrada por município Bauru e UF SP; fluxo de emplacamentos, não frota.","O painel público não informa comprador, profissão, local de recarga ou transação individual. Registros são agregados por mês, modelo e município. Não usar para inferir causalidade ou ocupação de carregadores."
2026,8,SP,Bauru,LEAPMOTOR,LPM C10 DESIGN,BEV,1,2026-08-01,2026-10-02T12:42:14.337255+00:00,https://abve.org.br/abve-data/bi-geral/,"Consulta ABVE filtrada por município Bauru e UF SP; fluxo de emplacamentos, não frota.","O painel público não informa comprador, profissão, local de recarga ou transação individual. Registros são agregados por mês, modelo e município. Não usar para inferir causalidade ou ocupação de carregadores."
2026,8,SP,Bauru,LEAPMOTOR,LPM C10 REEV E27,PHEV,1,2026-08-01,2026-10-02T12:42:14.337255+00:00,https://abve.org.br/abve-data/bi-geral/,"Consulta ABVE filtrada por município Bauru e UF SP; fluxo de emplacamentos, não frota.","O painel público não informa comprador, profissão, local de recarga ou transação individual. Registros são agregados por mês, modelo e município. Não usar para inferir causalidade ou ocupação de carregadores."
2026,8,SP,Bauru,M.BENZ,M.BENZ AMG GLE53 4M,MHEV 48V,1,2026-08-01,2026-10-02T12:42:14.337255+00:00,https://abve.org.br/abve-data/bi-geral/,"Consulta ABVE filtrada por município Bauru e UF SP; fluxo de emplacamentos, não frota.","O painel público não informa comprador, profissão, local de recarga ou transação individual. Registros são agregados por mês, modelo e município. Não usar para inferir causalidade ou ocupação de carregadores."
2026,8,SP,Bauru,M.BENZ,M.BENZ GLE450D CO AMGL,MHEV 48V,1,2026-08-01,2026-10-02T12:42:14.337255+00:00,https://abve.org.br/abve-data/bi-geral/,"Consulta ABVE filtrada por município Bauru e UF SP; fluxo de emplacamentos, não frota.","O painel público não informa comprador, profissão, local de recarga ou transação individual. Registros são agregados por mês, modelo e município. Não usar para inferir causalidade ou ocupação de carregadores."
2026,8,SP,Bauru,OMODA JAECOO,JAECOO 7 ELITE,PHEV,6,2026-08-01,2026-10-02T12:42:14.337255+00:00,https://abve.org.br/abve-data/bi-geral/,"Consulta ABVE filtrada por município Bauru e UF SP; fluxo de emplacamentos, não frota.","O painel público não informa comprador, profissão, local de recarga ou transação individual. Registros são agregados por mês, modelo e município. Não usar para inferir causalidade ou ocupação de carregadores."
2026,8,SP,Bauru,OMODA JAECOO,JAECOO 7 LUXURY,PHEV,1,2026-08-01,2026-10-02T12:42:14.337255+00:00,https://abve.org.br/abve-data/bi-geral/,"Consulta ABVE filtrada por município Bauru e UF SP; fluxo de emplacamentos, não frota.","O painel público não informa comprador, profissão, local de recarga ou transação individual. Registros são agregados por mês, modelo e município. Não usar para inferir causalidade ou ocupação de carregadores."
2026,8,SP,Bauru,OMODA JAECOO,JAECOO 7 PRESTIGE,PHEV,2,2026-08-01,2026-10-02T12:42:14.337255+00:00,https://abve.org.br/abve-data/bi-geral/,"Consulta ABVE filtrada por município Bauru e UF SP; fluxo de emplacamentos, não frota.","O painel público não informa comprador, profissão, local de recarga ou transação individual. Registros são agregados por mês, modelo e município. Não usar para inferir causalidade ou ocupação de carregadores."
2026,8,SP,Bauru,OMODA JAECOO,OMODA 5 HEV LUXURY,HEV,10,2026-08-01,2026-10-02T12:42:14.337255+00:00,https://abve.org.br/abve-data/bi-geral/,"Consulta ABVE filtrada por município Bauru e UF SP; fluxo de emplacamentos, não frota.","O painel público não informa comprador, profissão, local de recarga ou transação individual. Registros são agregados por mês, modelo e município. Não usar para inferir causalidade ou ocupação de carregadores."
2026,8,SP,Bauru,OMODA JAECOO,OMODA 5 HEV PRESTIGE,HEV,9,2026-08-01,2026-10-02T12:42:14.337255+00:00,https://abve.org.br/abve-data/bi-geral/,"Consulta ABVE filtrada por município Bauru e UF SP; fluxo de emplacamentos, não frota.","O painel público não informa comprador, profissão, local de recarga ou transação individual. Registros são agregados por mês, modelo e município. Não usar para inferir causalidade ou ocupação de carregadores."
2026,8,SP,Bauru,PEUGEOT,PEUGEOT 208 GT HYBRID,MHEV 12V,1,2026-08-01,2026-10-02T12:42:14.337255+00:00,https://abve.org.br/abve-data/bi-geral/,"Consulta ABVE filtrada por município Bauru e UF SP; fluxo de emplacamentos, não frota.","O painel público não informa comprador, profissão, local de recarga ou transação individual. Registros são agregados por mês, modelo e município. Não usar para inferir causalidade ou ocupação de carregadores."
2026,8,SP,Bauru,TOYOTA,TOYOTA RAV4 S HYBRID,HEV,1,2026-08-01,2026-10-02T12:42:14.337255+00:00,https://abve.org.br/abve-data/bi-geral/,"Consulta ABVE filtrada por município Bauru e UF SP; fluxo de emplacamentos, não frota.","O painel público não informa comprador, profissão, local de recarga ou transação individual. Registros são agregados por mês, modelo e município. Não usar para inferir causalidade ou ocupação de carregadores."
2026,8,SP,Bauru,TOYOTA,TOYOTA YCROSS XRE-HYBRID,HEV FLEX,1,2026-08-01,2026-10-02T12:42:14.337255+00:00,https://abve.org.br/abve-data/bi-geral/,"Consulta ABVE filtrada por município Bauru e UF SP; fluxo de emplacamentos, não frota.","O painel público não informa comprador, profissão, local de recarga ou transação individual. Registros são agregados por mês, modelo e município. Não usar para inferir causalidade ou ocupação de carregadores."
2026,8,SP,Bauru,TOYOTA,TOYOTA YCROSS XRX-HYBRID,HEV FLEX,8,2026-08-01,2026-10-02T12:42:14.337255+00:00,https://abve.org.br/abve-data/bi-geral/,"Consulta ABVE filtrada por município Bauru e UF SP; fluxo de emplacamentos, não frota.","O painel público não informa comprador, profissão, local de recarga ou transação individual. Registros são agregados por mês, modelo e município. Não usar para inferir causalidade ou ocupação de carregadores."
2026,8,SP,Bauru,VOLVO,VOLVO EX40 6 PLUS,BEV,1,2026-08-01,2026-10-02T12:42:14.337255+00:00,https://abve.org.br/abve-data/bi-geral/,"Consulta ABVE filtrada por município Bauru e UF SP; fluxo de emplacamentos, não frota.","O painel público não informa comprador, profissão, local de recarga ou transação individual. Registros são agregados por mês, modelo e município. Não usar para inferir causalidade ou ocupação de carregadores."
