municipio_id,uf,municipio,uf_sigla,pais,uf_informada,tipo_localidade,codigo_ibge,populacao_censo_2022,pib_per_capita_aproximado,renda_domiciliar_per_capita_2022,oportunidade_preliminar,data_referencia_indicadores_frota
6ac0a17e668703db469d7b4b671a69dd,ACRE,ACRELANDIA,AC,Brasil,t,interior,1200013,14021,35850.72,880.50,f,2026-08-01
299f805a93d79ef2491ef01818dba27e,ACRE,ASSIS BRASIL,AC,Brasil,t,interior,1200054,8100,23131.60,775.86,f,2026-08-01
f7eabf8feb618c13f0951ba533b28f31,ACRE,BRASILEIA,AC,Brasil,t,interior,1200104,26000,35761.54,914.18,f,2026-08-01
1b0d03479d043807701e4c5af2fb2f96,ACRE,BUJARI,AC,Brasil,t,interior,1200138,12917,28289.77,709.71,f,2026-08-01
dc9aa9fca4fc6e97f3126febb5bf3bb6,ACRE,CAPIXABA,AC,Brasil,t,interior,1200179,10392,51063.99,806.69,f,2026-08-01
583302a779e3cd03f02755ce52e2fcc9,ACRE,CRUZEIRO DO SUL,AC,Brasil,t,interior,1200203,91888,29167.50,905.21,f,2026-08-01
2d4297f366ddc4ec849c14487732be7c,ACRE,EPITACIOLANDIA,AC,Brasil,t,interior,1200252,18757,42300.31,1026.76,f,2026-08-01
71c8f764c93635ba0371c0012fad6b49,ACRE,FEIJO,AC,Brasil,t,interior,1200302,35426,20926.55,610.92,f,2026-08-01
e2ddc41ef3b7c4f18bbcd72d4fe0dc2e,ACRE,JORDAO,AC,Brasil,t,interior,1200328,9222,16335.72,542.04,f,2026-08-01
947c12c49f849369168caff54f64956c,ACRE,MANCIO LIMA,AC,Brasil,t,interior,1200336,19294,17581.84,695.90,f,2026-08-01
513c06dde5ac371ef2a8112914596284,ACRE,MANOEL URBANO,AC,Brasil,t,interior,1200344,11996,21891.80,622.38,f,2026-08-01
0805d03e5dc662e6b5196dd526e39006,ACRE,MARECHAL THAUMATURGO,AC,Brasil,t,interior,1200351,17093,16851.64,516.91,f,2026-08-01
923c476e55b9e935269f9b77eda394bb,ACRE,PLACIDO DE CASTRO,AC,Brasil,t,interior,1200385,16560,46184.66,992.54,f,2026-08-01
61f8acf9d6844b367f5ea6f09b9f2fdc,ACRE,PORTO ACRE,AC,Brasil,t,interior,1200807,16693,31952.67,733.17,f,2026-08-01
68487588c6bfaa1a3976fb1fecab1d39,ACRE,PORTO WALTER,AC,Brasil,t,interior,1200393,10735,18678.34,603.27,f,2026-08-01
60a8a99eaf7f8a0c2df9190527c05ccf,ACRE,RIO BRANCO,AC,Brasil,t,capital,1200401,364756,35533.25,1436.01,f,2026-08-01
30057d8c90ebdd6ed3ddda8aeffb3794,ACRE,RODRIGUES ALVES,AC,Brasil,t,interior,1200427,14938,19657.58,633.26,f,2026-08-01
70981f503c61185889f75565e3dd7e80,ACRE,SANTA ROSA DO PURUS,AC,Brasil,t,interior,1200435,6723,18454.56,449.80,f,2026-08-01
c6079f58a7ab3c7c604cdbc5b5f6aea1,ACRE,SENA MADUREIRA,AC,Brasil,t,interior,1200500,41343,23526.30,794.44,f,2026-08-01
fbc07c2436defdb27ee04e23fc97a814,ACRE,SENADOR GUIOMARD,AC,Brasil,t,interior,1200450,21454,51823.48,974.21,f,2026-08-01
b1a3fabbd5da0b9a3cb90241ee862a8c,ACRE,TARAUACA,AC,Brasil,t,interior,1200609,43467,21443.39,604.36,f,2026-08-01
a8d901f80550d24e7094c5a69e73d37a,ACRE,XAPURI,AC,Brasil,t,interior,1200708,18243,34315.96,898.65,f,2026-08-01
271afb6fc908582df448497f323294be,ALAGOAS,AGUA BRANCA,AL,Brasil,t,interior,2700102,19008,12944.65,625.07,f,2026-08-01
af4f861526978206bc815266aaf337c1,ALAGOAS,ANADIA,AL,Brasil,t,interior,2700201,13966,19830.45,686.24,f,2026-08-01
60113811b57df67a91d0d544de434988,ALAGOAS,ARAPIRACA,AL,Brasil,t,interior,2700300,234696,29318.52,1080.25,f,2026-08-01
3453c755a3ae700a11178962e1ce93b2,ALAGOAS,ATALAIA,AL,Brasil,t,interior,2700409,37512,43642.22,711.54,f,2026-08-01
71f6aa8247000730abee3096364624bb,ALAGOAS,BARRA DE SANTO ANTONIO,AL,Brasil,t,interior,2700508,16365,21906.57,823.52,f,2026-08-01
278229c429dc85bbf45e4a2c2db37a49,ALAGOAS,BARRA DE SAO MIGUEL,AL,Brasil,t,interior,2700607,7944,38322.76,1090.24,f,2026-08-01
c00407ed1847bfe181bf5122c18c35a9,ALAGOAS,BATALHA,AL,Brasil,t,interior,2700706,16448,18770.25,781.96,f,2026-08-01
3abc340e1fdeff109219b23e3b0b4632,ALAGOAS,BELEM,AL,Brasil,t,interior,2700805,4722,39635.75,785.36,f,2026-08-01
e80fd6b1bf4b9e62fcec95db14e2798a,ALAGOAS,BELO MONTE,AL,Brasil,t,interior,2700904,5936,33082.38,552.98,f,2026-08-01
ebf36814e3aa38e82fb9d52f3ec4d680,ALAGOAS,BOCA DA MATA,AL,Brasil,t,interior,2701001,21187,26690.47,747.10,f,2026-08-01
651cb3083530fe88ab9624b95e12000f,ALAGOAS,BRANQUINHA,AL,Brasil,t,interior,2701100,9603,88437.68,590.50,f,2026-08-01
771b148583015c99db0a3830eec4ffec,ALAGOAS,CACIMBINHAS,AL,Brasil,t,interior,2701209,10482,18611.24,674.58,f,2026-08-01
743860fdb88252c3f967a1cf0b4edf54,ALAGOAS,CAJUEIRO,AL,Brasil,t,interior,2701308,16024,13963.31,735.55,f,2026-08-01
72e738ca86f77b27a57263e80d09d3f7,ALAGOAS,CAMPESTRE,AL,Brasil,t,interior,2701357,6665,16474.87,700.77,f,2026-08-01
eb99786fca94e069417ff271ccd6ff26,ALAGOAS,CAMPO ALEGRE,AL,Brasil,t,interior,2701407,32106,27555.13,751.21,f,2026-08-01
9da535903d6d9fcc01391f6d0eda801a,ALAGOAS,CAMPO GRANDE,AL,Brasil,t,interior,2701506,8143,13934.67,550.50,f,2026-08-01
ef402a6490623a3853001aa701f064e2,ALAGOAS,CANAPI,AL,Brasil,t,interior,2701605,15559,15112.86,628.19,f,2026-08-01
ba862606b6c7b1e09e060dc0eea659d9,ALAGOAS,CAPELA,AL,Brasil,t,interior,2701704,15032,16674.63,743.82,f,2026-08-01
fc09dbe4cf01de6f903ee40d9a93093e,ALAGOAS,CARNEIROS,AL,Brasil,t,interior,2701803,8999,10845.76,607.69,f,2026-08-01
0095b03f97b953181bf0c13b240071f8,ALAGOAS,CHA PRETA,AL,Brasil,t,interior,2701902,5910,49017.43,674.99,f,2026-08-01
cf7eb9261bcb6559899f6fccd574d5c8,ALAGOAS,COITE DO NOIA,AL,Brasil,t,interior,2702009,10810,21682.24,649.14,f,2026-08-01
708e1ae4f008714257c800483ccc25bf,ALAGOAS,COLONIA LEOPOLDINA,AL,Brasil,t,interior,2702108,15816,23211.24,704.10,f,2026-08-01
0c294206f7fc2dc30c1dbdbf76412b98,ALAGOAS,COQUEIRO SECO,AL,Brasil,t,interior,2702207,5581,20724.24,846.43,f,2026-08-01
3538d1bd9f883800f857864af3b30f57,ALAGOAS,CORURIPE,AL,Brasil,t,interior,2702306,50414,47622.07,849.84,f,2026-08-01
18e1624227d2cc8eb0871ea3674f09af,ALAGOAS,CRAIBAS,AL,Brasil,t,interior,2702355,25397,17725.99,558.43,f,2026-08-01
8e5d4084542be6be4d1d1105dcf6c5ad,ALAGOAS,DELMIRO GOUVEIA,AL,Brasil,t,interior,2702405,51318,17755.78,919.98,f,2026-08-01
2fdd61f10ec0e71d8def3b2fea763aef,ALAGOAS,DOIS RIACHOS,AL,Brasil,t,interior,2702504,9805,14281.18,614.92,f,2026-08-01
352d370436ee11c0e8a9265795f6b34e,ALAGOAS,ESTRELA DE ALAGOAS,AL,Brasil,t,interior,2702553,15429,11475.99,603.82,f,2026-08-01
eccba74c45dee046d1fdb23370689973,ALAGOAS,FEIRA GRANDE,AL,Brasil,t,interior,2702603,22712,22031.75,543.54,f,2026-08-01
c2882a93c694bd831feab4f592164aa3,ALAGOAS,FELIZ DESERTO,AL,Brasil,t,interior,2702702,3963,55250.57,731.46,f,2026-08-01
1b0bc7224fa4bd2419b93bb5df961916,ALAGOAS,FLEXEIRAS,AL,Brasil,t,interior,2702801,9618,26157.21,656.18,f,2026-08-01
9afe426d5c319af89af703d7b7759968,ALAGOAS,GIRAU DO PONCIANO,AL,Brasil,t,interior,2702900,36102,16697.47,607.35,f,2026-08-01
ff04cff52950cc9473e3cbb8d9840a60,ALAGOAS,IBATEGUARA,AL,Brasil,t,interior,2703007,13731,16304.93,666.04,f,2026-08-01
a6331aa85f4392509e30ac6d3529443a,ALAGOAS,IGACI,AL,Brasil,t,interior,2703106,23995,13698.48,646.11,f,2026-08-01
75f62bd579ce88688450271478ce598d,ALAGOAS,IGREJA NOVA,AL,Brasil,t,interior,2703205,21372,32639.53,525.81,f,2026-08-01
e324828c8471884328e7dd718d4dd006,ALAGOAS,INHAPI,AL,Brasil,t,interior,2703304,15167,13848.42,599.89,f,2026-08-01
d4db1df9bd21f195d4bac6ed1561b1cb,ALAGOAS,JACARE DOS HOMENS,AL,Brasil,t,interior,2703403,5083,15426.32,724.87,f,2026-08-01
b85713d8a9de37e8ab6356889a57520a,ALAGOAS,JACUIPE,AL,Brasil,t,interior,2703502,5352,27046.52,677.81,f,2026-08-01
eaca640d73bd38a40f7fc40b39656fdf,ALAGOAS,JAPARATINGA,AL,Brasil,t,interior,2703601,9219,35718.95,827.16,f,2026-08-01
aeb4d569f86deb2a77e72b382b508507,ALAGOAS,JARAMATAIA,AL,Brasil,t,interior,2703700,4985,16364.49,637.77,f,2026-08-01
f4acbe3f66f0cf46da2a22cd795d1e92,ALAGOAS,JEQUIA DA PRAIA,AL,Brasil,t,interior,2703759,9470,48217.63,778.85,f,2026-08-01
91f5d6e6242d1fbbee6001c90bf2d881,ALAGOAS,JOAQUIM GOMES,AL,Brasil,t,interior,2703809,17150,31585.83,618.24,f,2026-08-01
945a132e210472538f991e12119454b8,ALAGOAS,JUNDIA,AL,Brasil,t,interior,2703908,4092,22660.80,714.04,f,2026-08-01
ffec3b82c313bff471cc0ec344e5b4fc,ALAGOAS,JUNQUEIRO,AL,Brasil,t,interior,2704005,23907,29509.43,749.29,f,2026-08-01
6113ed17ef032f1194273540e30039ff,ALAGOAS,LAGOA DA CANOA,AL,Brasil,t,interior,2704104,18457,18084.20,633.44,f,2026-08-01
8338bcc3afec61223b8aeba901bdbe76,ALAGOAS,LIMOEIRO DE ANADIA,AL,Brasil,t,interior,2704203,24740,32578.94,652.14,f,2026-08-01
9e1e2e6c87bd38d50841c91213fd270f,ALAGOAS,MACEIO,AL,Brasil,t,capital,2704302,957916,35232.29,1605.60,f,2026-08-01
89efdf08f819151aff5b29681dc61c1e,ALAGOAS,MAJOR ISIDORO,AL,Brasil,t,interior,2704401,17700,16747.63,744.14,f,2026-08-01
ca0686472fbb1c7c8e5709a6771fe982,ALAGOAS,MAR VERMELHO,AL,Brasil,t,interior,2704906,3155,16357.21,904.73,f,2026-08-01
80bc37c5d5da3bb8b02501be8cd155ee,ALAGOAS,MARAGOGI,AL,Brasil,t,interior,2704500,32174,37916.52,833.62,f,2026-08-01
d60d8d66b50264d9f6524d622a325d93,ALAGOAS,MARAVILHA,AL,Brasil,t,interior,2704609,9534,14057.48,713.11,f,2026-08-01
5938ee6b8e8a8ff67963535ca2808984,ALAGOAS,MARECHAL DEODORO,AL,Brasil,t,interior,2704708,60370,52769.31,1208.19,f,2026-08-01
4df6f3fad2c3f78241cd5af8c12a5588,ALAGOAS,MARIBONDO,AL,Brasil,t,interior,2704807,13679,16248.56,783.47,f,2026-08-01
ab482bb5a90addf95691ba36ed41ee5c,ALAGOAS,MATA GRANDE,AL,Brasil,t,interior,2705002,21844,18356.25,528.90,f,2026-08-01
8ef710f28cb78ee388160f1bd391094f,ALAGOAS,MATRIZ DE CAMARAGIBE,AL,Brasil,t,interior,2705101,23857,21586.58,681.56,f,2026-08-01
5ec0f73515fb32e56cbd2f1ae18a5bc4,ALAGOAS,MESSIAS,AL,Brasil,t,interior,2705200,15405,22801.23,643.98,f,2026-08-01
817a9d89e8106545151cedf80cc3b6e9,ALAGOAS,MINADOR DO NEGRAO,AL,Brasil,t,interior,2705309,4845,18601.65,646.55,f,2026-08-01
c808c18eab9a0700d973b881f7c3c93b,ALAGOAS,MONTEIROPOLIS,AL,Brasil,t,interior,2705408,7184,15201.56,635.08,f,2026-08-01
c5b67badec080133f2c35ee03258611b,ALAGOAS,MURICI,AL,Brasil,t,interior,2705507,25187,42894.71,749.66,f,2026-08-01
c618a4b06a0ad36a6bad382fbb52a5d5,ALAGOAS,NOVO LINO,AL,Brasil,t,interior,2705606,10020,24012.28,705.65,f,2026-08-01
d76f96e17173cc80c3c446279bbc046a,ALAGOAS,OLHO D'AGUA DAS FLORES,AL,Brasil,t,interior,2705705,20695,16579.42,697.42,f,2026-08-01
d1de055aa3e403969a0256df732f5915,ALAGOAS,OLHO D'AGUA DO CASADO,AL,Brasil,t,interior,2705804,8349,12048.39,576.56,f,2026-08-01
7d14948a28620c1d6237c3c2e5717a80,ALAGOAS,OLHO D'AGUA GRANDE,AL,Brasil,t,interior,2705903,4330,16803.23,436.54,f,2026-08-01
2a1d5d316168fbb8cfd210c118ef6117,ALAGOAS,OLIVENCA,AL,Brasil,t,interior,2706000,10812,12498.52,521.06,f,2026-08-01
0e630f868236a1ed01ec65774f9b0888,ALAGOAS,OURO BRANCO,AL,Brasil,t,interior,2706109,11446,13148.26,758.14,f,2026-08-01
0c4556be557dbd83519efab7135661ca,ALAGOAS,PALESTINA,AL,Brasil,t,interior,2706208,4325,11288.32,726.16,f,2026-08-01
eeaa6247238ea5298d024984ca18f6cb,ALAGOAS,PALMEIRA DOS INDIOS,AL,Brasil,t,interior,2706307,71574,19102.64,878.62,f,2026-08-01
f0772412e8743c36a940b38241f71916,ALAGOAS,PAO DE ACUCAR,AL,Brasil,t,interior,2706406,23823,11847.25,738.27,f,2026-08-01
029a39ee9efcd204e275aea7e6846faf,ALAGOAS,PARICONHA,AL,Brasil,t,interior,2706422,10573,11303.32,606.59,f,2026-08-01
0bd82be8ef57c9c473b5da35bfd3461c,ALAGOAS,PARIPUEIRA,AL,Brasil,t,interior,2706448,13835,21869.10,1071.88,f,2026-08-01
54b5d970af6dbc97e460e980480de748,ALAGOAS,PASSO DE CAMARAGIBE,AL,Brasil,t,interior,2706505,13804,27411.69,721.98,f,2026-08-01
a5dbbccdd3737fce16df9014cb7fefa7,ALAGOAS,PAULO JACINTO,AL,Brasil,t,interior,2706604,6576,16451.79,731.19,f,2026-08-01
7b7aedf20c6b840086616b00dc2baa93,ALAGOAS,PENEDO,AL,Brasil,t,interior,2706703,58650,19766.00,911.94,f,2026-08-01
51367d8d797cc1ad98ff7eea9c2d26d1,ALAGOAS,PIACABUCU,AL,Brasil,t,interior,2706802,15908,30203.92,689.66,f,2026-08-01
cf7fee6515829262d9160fe5b1ad2d62,ALAGOAS,PILAR,AL,Brasil,t,interior,2706901,35370,27073.93,819.78,f,2026-08-01
bd67b25dc1ee7a55ae7144bfe6d8f712,ALAGOAS,PINDOBA,AL,Brasil,t,interior,2707008,2731,19702.67,674.19,f,2026-08-01
43e950238a2b11eed6cd41497324f5e2,ALAGOAS,PIRANHAS,AL,Brasil,t,interior,2707107,22609,15845.06,826.25,f,2026-08-01
ac5560560a7b75452f0af37579499ff0,ALAGOAS,POCO DAS TRINCHEIRAS,AL,Brasil,t,interior,2707206,12518,11727.19,509.59,f,2026-08-01
2ba78fe4380a56b3812f23362fbebe1f,ALAGOAS,PORTO CALVO,AL,Brasil,t,interior,2707305,24071,22621.41,796.62,f,2026-08-01
b5e2f93309641f548f5dd81d05d0f724,ALAGOAS,PORTO DE PEDRAS,AL,Brasil,t,interior,2707404,9295,48585.05,731.48,f,2026-08-01
0283af4682a426caee37b5bff4c9b458,ALAGOAS,PORTO REAL DO COLEGIO,AL,Brasil,t,interior,2707503,20082,14657.45,571.27,f,2026-08-01
024db822e108dd0c19768ab26e9f1500,ALAGOAS,QUEBRANGULO,AL,Brasil,t,interior,2707602,11080,17600.90,699.05,f,2026-08-01
1d225e5b0d143f3bcb715f7a969e637f,ALAGOAS,RIO LARGO,AL,Brasil,t,interior,2707701,93927,21641.92,778.71,f,2026-08-01
449c9f4b9bd5b4bc7f5386ab50295286,ALAGOAS,ROTEIRO,AL,Brasil,t,interior,2707800,6474,38164.35,665.34,f,2026-08-01
c5cee13c40d0c42d5ab08d30eabdbb09,ALAGOAS,SANTA LUZIA DO NORTE,AL,Brasil,t,interior,2707909,6919,28898.40,692.89,f,2026-08-01
f03eaeff94e05efa893ffccdcfc1f2ed,ALAGOAS,SANTANA DO IPANEMA,AL,Brasil,t,interior,2708006,46220,18677.35,721.11,f,2026-08-01
aeb9e742fbf7b533d25a6dcda6e90efd,ALAGOAS,SANTANA DO MUNDAU,AL,Brasil,t,interior,2708105,11323,99563.81,642.22,f,2026-08-01
387dea779cc52cc1549136107a406efa,ALAGOAS,SAO BRAS,AL,Brasil,t,interior,2708204,6555,18906.79,557.56,f,2026-08-01
b4ae8a70c6b83284643fc6afaebf5c78,ALAGOAS,SAO JOSE DA LAJE,AL,Brasil,t,interior,2708303,20813,39253.98,702.25,f,2026-08-01
c183816e78a60afabdf0ce78c33bf98b,ALAGOAS,SAO JOSE DA TAPERA,AL,Brasil,t,interior,2708402,30604,13760.55,603.09,f,2026-08-01
12ccebff46e86d703a5fc2a0a032d0ee,ALAGOAS,SAO LUIS DO QUITUNDE,AL,Brasil,t,interior,2708501,30873,34104.33,750.66,f,2026-08-01
dd4961dc72e82babf84a8decadffa7c5,ALAGOAS,SAO MIGUEL DOS CAMPOS,AL,Brasil,t,interior,2708600,51990,30663.70,912.83,f,2026-08-01
8fb23eefa0728cf612f4c06935c9cc49,ALAGOAS,SAO MIGUEL DOS MILAGRES,AL,Brasil,t,interior,2708709,8482,36372.32,959.27,f,2026-08-01
fc336bb7c66992181fe22db0180cb05a,ALAGOAS,SAO SEBASTIAO,AL,Brasil,t,interior,2708808,31786,23183.41,672.44,f,2026-08-01
242b3581fe92465136e1d886d2a08fdd,ALAGOAS,SATUBA,AL,Brasil,t,interior,2708907,24278,15206.52,970.21,f,2026-08-01
fab46188613faaaf8e17b756c1a0968f,ALAGOAS,SENADOR RUI PALMEIRA,AL,Brasil,t,interior,2708956,12303,11162.48,560.65,f,2026-08-01
3d769d54689d87e2cb238ed699c21809,ALAGOAS,TANQUE D'ARCA,AL,Brasil,t,interior,2709004,5796,16022.95,687.88,f,2026-08-01
1d1a1b057b82bb6cd727a0aab5c3d0c7,ALAGOAS,TAQUARANA,AL,Brasil,t,interior,2709103,19032,34928.49,618.00,f,2026-08-01
19a4db7286068a2a0b8e3f59d33a655e,ALAGOAS,TEOTONIO VILELA,AL,Brasil,t,interior,2709152,38053,24751.16,740.39,f,2026-08-01
62e655f24e1fff73d9ec5b1d5a6e20e3,ALAGOAS,TRAIPU,AL,Brasil,t,interior,2709202,23565,15179.93,599.73,f,2026-08-01
285ec73deeb3e30205305754c59a9909,ALAGOAS,UNIAO DOS PALMARES,AL,Brasil,t,interior,2709301,59280,28576.21,768.95,f,2026-08-01
a5267181125c5b7ff2128a6cfa93961d,ALAGOAS,VICOSA,AL,Brasil,t,interior,2709400,24092,24772.29,742.73,f,2026-08-01
beb7b431279760ece62add98ee0beaf8,AMAPA,AMAPA,AP,Brasil,t,interior,1600105,7943,27577.11,841.51,f,2026-08-01
ffbe0f509f4de51f43b3655b77298153,AMAPA,CALCOENE,AP,Brasil,t,interior,1600204,10612,27836.51,827.69,f,2026-08-01
fea061c34b09ae882f6bceb22f5080ae,AMAPA,CUTIAS,AP,Brasil,t,interior,1600212,4461,25859.45,642.81,f,2026-08-01
5d3d2e2ad2de641198da7d72f5b7db2d,AMAPA,FERREIRA GOMES,AP,Brasil,t,interior,1600238,6666,83706.87,758.60,f,2026-08-01
c4b1c766c201dc9359f0b6d73fcd7faf,AMAPA,ITAUBAL,AP,Brasil,t,interior,1600253,5599,23704.77,628.24,f,2026-08-01
9582aa3c6f27e4c92a2b18115ffba747,AMAPA,LARANJAL DO JARI,AP,Brasil,t,interior,1600279,35114,38025.43,867.35,f,2026-08-01
0a001e3f752abaca9c24b90bbb595961,AMAPA,MACAPA,AP,Brasil,t,capital,1600303,442933,41701.25,1313.17,f,2026-08-01
2dc16370cfb3969488f26a1937d7d5ef,AMAPA,MAZAGAO,AP,Brasil,t,interior,1600402,21924,26617.09,650.57,f,2026-08-01
3ea53fccf7111eb1dea46bc3dbf4cf03,AMAPA,OIAPOQUE,AP,Brasil,t,interior,1600501,27482,29850.96,846.41,f,2026-08-01
e0dbc8180fba9c4a3d846187511a0038,AMAPA,PEDRA BRANCA DO AMAPARI,AP,Brasil,t,interior,1600154,12847,29254.07,885.60,f,2026-08-01
da1b513d66a4f53b5eeb8b045224ed1d,AMAPA,PORTO GRANDE,AP,Brasil,t,interior,1600535,17848,29563.82,889.05,f,2026-08-01
f94ba5b0dacaccd486a507905d48552e,AMAPA,PRACUUBA,AP,Brasil,t,interior,1600550,3803,26566.66,639.24,f,2026-08-01
abbf7971b92809c68ad33d263a90ac44,AMAPA,SANTANA,AP,Brasil,t,interior,1600600,107618,34619.56,1029.14,f,2026-08-01
a1a57e53a409cf1fbf99034f4f0c3261,AMAPA,SERRA DO NAVIO,AP,Brasil,t,interior,1600055,4673,27079.82,1096.98,f,2026-08-01
3b75d3aa187eab9bf88b75d7f8d5842c,AMAPA,TARTARUGALZINHO,AP,Brasil,t,interior,1600709,12945,25438.78,669.00,f,2026-08-01
47639c6648bed83606c22c241132383c,AMAPA,VITORIA DO JARI,AP,Brasil,t,interior,1600808,11291,26884.16,656.35,f,2026-08-01
65f0bdcd6b1146276cd63cfbc8aa3cf6,AMAZONAS,ALVARAES,AM,Brasil,t,interior,1300029,15866,15289.55,494.91,f,2026-08-01
7709d11d7a0cc8234fe483b2ec39d2ca,AMAZONAS,AMATURA,AM,Brasil,t,interior,1300060,10819,12453.28,556.40,f,2026-08-01
1e2ea7f764374eeae9dcad957bacd548,AMAZONAS,ANAMA,AM,Brasil,t,interior,1300086,9962,15528.41,559.76,f,2026-08-01
10f1a8a602053f71bb235af47570813d,AMAZONAS,ANORI,AM,Brasil,t,interior,1300102,17194,17283.41,624.85,f,2026-08-01
321798ab2eae828a45a5197195b980e7,AMAZONAS,APUI,AM,Brasil,t,interior,1300144,20647,18701.65,1009.03,f,2026-08-01
c4b4eb46f00bf3a71d9c4113d2844961,AMAZONAS,ATALAIA DO NORTE,AM,Brasil,t,interior,1300201,15314,13501.96,556.20,f,2026-08-01
f759a5b920d7b1d01388926ce1d765d0,AMAZONAS,AUTAZES,AM,Brasil,t,interior,1300300,41564,14074.44,649.03,f,2026-08-01
924de229ce82aa1707489360f254ba13,AMAZONAS,BARCELOS,AM,Brasil,t,interior,1300409,18834,12854.41,595.57,f,2026-08-01
823a759fcfae127a76e90a8ca8412726,AMAZONAS,BARREIRINHA,AM,Brasil,t,interior,1300508,31051,12819.81,521.15,f,2026-08-01
9e79466ad9afe166954e5bbf7cd4c4c7,AMAZONAS,BENJAMIN CONSTANT,AM,Brasil,t,interior,1300607,37648,12469.32,576.24,f,2026-08-01
e6df5ae68f0fa6aea7a8bb143612cca7,AMAZONAS,BERURI,AM,Brasil,t,interior,1300631,20718,12651.85,608.58,f,2026-08-01
e639492d816f7a020425d58614299dfa,AMAZONAS,BOA VISTA DO RAMOS,AM,Brasil,t,interior,1300680,23785,10249.27,497.38,f,2026-08-01
6a4b4236fd4cf849ec9469e8292c3e31,AMAZONAS,BOCA DO ACRE,AM,Brasil,t,interior,1300706,35447,18668.29,669.72,f,2026-08-01
d13bf76502ee8fc5fbb403b4ab4dee02,AMAZONAS,BORBA,AM,Brasil,t,interior,1300805,33080,13170.62,567.31,f,2026-08-01
16764f664424932dd47a1efb96d4ed2f,AMAZONAS,CAAPIRANGA,AM,Brasil,t,interior,1300839,13469,16267.87,488.73,f,2026-08-01
0d1f777c041ef217d51f2a3fc77e2600,AMAZONAS,CANUTAMA,AM,Brasil,t,interior,1300904,16869,12344.95,601.49,f,2026-08-01
dec05955c24bc7a11d4bb93e673caec8,AMAZONAS,CARAUARI,AM,Brasil,t,interior,1301001,28742,15076.26,579.82,f,2026-08-01
2e82b572e80f5c961a862fe79f44cc15,AMAZONAS,CAREIRO,AM,Brasil,t,interior,1301100,30792,14181.67,698.24,f,2026-08-01
b665dfacbfcc6b8bd2d986b292a8e50b,AMAZONAS,CAREIRO DA VARZEA,AM,Brasil,t,interior,1301159,19637,21334.11,638.54,f,2026-08-01
d461e282535a9ca472699339d1326b28,AMAZONAS,COARI,AM,Brasil,t,interior,1301209,70616,55138.76,580.54,f,2026-08-01
bf10d88bcc24b84de09f73c8b3c36fa0,AMAZONAS,CODAJAS,AM,Brasil,t,interior,1301308,23549,27080.26,586.95,f,2026-08-01
24a928dab624a831377a3948ff870fb5,AMAZONAS,EIRUNEPE,AM,Brasil,t,interior,1301407,33170,20610.19,588.49,f,2026-08-01
31afec6cb429f29aa74d35a9211d1621,AMAZONAS,ENVIRA,AM,Brasil,t,interior,1301506,17186,13739.32,579.21,f,2026-08-01
11bf925d0c782dfa55db93854c70aa55,AMAZONAS,FONTE BOA,AM,Brasil,t,interior,1301605,25871,12536.39,638.80,f,2026-08-01
e85c2533137f3e9493a459947377cead,AMAZONAS,GUAJARA,AM,Brasil,t,interior,1301654,13815,13365.62,596.23,f,2026-08-01
00155d60e292de8c637bde92119ab150,AMAZONAS,HUMAITA,AM,Brasil,t,interior,1301704,57473,16113.04,871.32,f,2026-08-01
6b3e918f26dfd7a2b602908d71ce0aef,AMAZONAS,IPIXUNA,AM,Brasil,t,interior,1301803,24311,10194.73,508.99,f,2026-08-01
4f2e0a3590029a149368ce9c584e9ac7,AMAZONAS,IRANDUBA,AM,Brasil,t,interior,1301852,61163,20657.85,805.81,f,2026-08-01
ebc3150b2c6332993b2d673cfa1618aa,AMAZONAS,ITACOATIARA,AM,Brasil,t,interior,1301902,103598,32065.64,734.27,f,2026-08-01
a19fc24f26fdd016c0ba82e367996e2e,AMAZONAS,ITAMARATI,AM,Brasil,t,interior,1301951,10937,14791.72,525.38,f,2026-08-01
79ea55b042b015c379d6590fa9af4a54,AMAZONAS,ITAPIRANGA,AM,Brasil,t,interior,1302009,10162,19342.35,687.95,f,2026-08-01
b44fa8bf38cbf5483ddb79e2da6839df,AMAZONAS,JAPURA,AM,Brasil,t,interior,1302108,8858,16407.43,823.60,f,2026-08-01
8c083663b5bf8ce73282a6cd5ed5b5fa,AMAZONAS,JURUA,AM,Brasil,t,interior,1302207,10742,13773.04,516.57,f,2026-08-01
e0ed2b3d194abdc3e5cd693056d2ac2d,AMAZONAS,JUTAI,AM,Brasil,t,interior,1302306,25172,15674.16,566.68,f,2026-08-01
4951cd103ec3f2e96eac0dd8c077f7ef,AMAZONAS,LABREA,AM,Brasil,t,interior,1302405,45448,16347.96,618.00,f,2026-08-01
265109f8d28cf1a90699bc2a51753f2a,AMAZONAS,MANACAPURU,AM,Brasil,t,interior,1302504,101883,18819.75,680.39,f,2026-08-01
e30be7145164f695ebe91df71ec9e62a,AMAZONAS,MANAQUIRI,AM,Brasil,t,interior,1302553,17107,17767.41,568.36,f,2026-08-01
63355984295c8c147173dd821769c297,AMAZONAS,MANAUS,AM,Brasil,t,capital,1302603,2063689,61855.15,1284.70,f,2026-08-01
704a8d051164d46606fb44b3e3481bf9,AMAZONAS,MANICORE,AM,Brasil,t,interior,1302702,53914,17183.11,701.45,f,2026-08-01
5af83cc1b08d783b77fcddc33485dea1,AMAZONAS,MARAA,AM,Brasil,t,interior,1302801,15529,13051.71,518.13,f,2026-08-01
89ceac2794e5ef8bc07d14cb41b2cf4f,AMAZONAS,MAUES,AM,Brasil,t,interior,1302900,61204,11370.29,488.47,f,2026-08-01
7baae25f1a893731ab034de39afc2cc4,AMAZONAS,NHAMUNDA,AM,Brasil,t,interior,1303007,20136,11905.59,539.62,f,2026-08-01
5b5c1c329b1fcf4f02079dbb354bd7b2,AMAZONAS,NOVA OLINDA DO NORTE,AM,Brasil,t,interior,1303106,27062,13106.68,537.70,f,2026-08-01
de6c7c6079cb0b34cb96c1ab726cff1a,AMAZONAS,NOVO AIRAO,AM,Brasil,t,interior,1303205,15761,15437.85,700.88,f,2026-08-01
327d010b594fb4778788c8c3b96e1522,AMAZONAS,NOVO ARIPUANA,AM,Brasil,t,interior,1303304,23818,13088.29,630.53,f,2026-08-01
2a5b3f84e0a07e7b8e726bf668737e2a,AMAZONAS,PARINTINS,AM,Brasil,t,interior,1303403,96372,17193.26,796.66,f,2026-08-01
b754515ad610a6dfc36c291fdf838dd0,AMAZONAS,PAUINI,AM,Brasil,t,interior,1303502,19373,12276.83,454.55,f,2026-08-01
6d1a3484fb2c4dd4e90e61a5171437e0,AMAZONAS,PRESIDENTE FIGUEIREDO,AM,Brasil,t,interior,1303536,30668,23813.19,976.41,f,2026-08-01
07b5afdc7677e5b2ae021f46f4d859d3,AMAZONAS,RIO PRETO DA EVA,AM,Brasil,t,interior,1303569,24936,19885.23,801.10,f,2026-08-01
bee0456ca9d681f64002c760a149e4b2,AMAZONAS,SANTA ISABEL DO RIO NEGRO,AM,Brasil,t,interior,1303601,14164,13969.01,448.85,f,2026-08-01
a041403f0cbb79165e6cd09abc279d06,AMAZONAS,SANTO ANTONIO DO ICA,AM,Brasil,t,interior,1303700,28211,12558.12,489.41,f,2026-08-01
21d4b582dfcd405a62574b24fb1e570c,AMAZONAS,SAO GABRIEL DA CACHOEIRA,AM,Brasil,t,interior,1303809,51795,11283.12,577.82,f,2026-08-01
49e95b13b66e03a73e03755a6c490a71,AMAZONAS,SAO PAULO DE OLIVENCA,AM,Brasil,t,interior,1303908,32967,10871.48,396.95,f,2026-08-01
7c3bec688e4cc36453ce2e5e80556a47,AMAZONAS,SAO SEBASTIAO DO UATUMA,AM,Brasil,t,interior,1303957,11670,12469.15,657.76,f,2026-08-01
90766629cff5885e15e38b0bb8158468,AMAZONAS,SILVES,AM,Brasil,t,interior,1304005,11559,37566.83,559.89,f,2026-08-01
36bbcea6ce115422b3ad54867db0bfb6,AMAZONAS,TABATINGA,AM,Brasil,t,interior,1304062,66764,12726.63,669.60,f,2026-08-01
80c67cf9a31a1a088af0c93238d445e5,AMAZONAS,TAPAUA,AM,Brasil,t,interior,1304104,19599,16225.83,541.23,f,2026-08-01
0476a01d3c358fb1ecd3769705af1d0b,AMAZONAS,TEFE,AM,Brasil,t,interior,1304203,73669,21983.70,767.14,f,2026-08-01
ec31ae658482a3b0dd12d3d18a03e904,AMAZONAS,TONANTINS,AM,Brasil,t,interior,1304237,19247,11149.89,432.01,f,2026-08-01
16a77fe448ab5f2f46dd2e27159eacae,AMAZONAS,UARINI,AM,Brasil,t,interior,1304260,14431,18380.29,516.14,f,2026-08-01
18fd67c980ef19c2ec07e579539d611e,AMAZONAS,URUCARA,AM,Brasil,t,interior,1304302,18631,13125.81,690.49,f,2026-08-01
d0df61f0fe12e0d6aac747febf93bbb7,AMAZONAS,URUCURITUBA,AM,Brasil,t,interior,1304401,23945,12410.65,629.39,f,2026-08-01
175ef66c7de6490f19e5428885570366,BAHIA,ABAIRA,BA,Brasil,t,interior,2900108,7301,11622.24,901.48,f,2026-08-01
bfaf79f467d2ee60fcf83d80a96f791b,BAHIA,ABARE,BA,Brasil,t,interior,2900207,17639,12712.68,600.78,f,2026-08-01
d978025878ccc25aa7cc7dc6a7db53af,BAHIA,ACAJUTIBA,BA,Brasil,t,interior,2900306,13795,13515.48,706.63,f,2026-08-01
161808cf9b5d5f336ea92fbc2a74da08,BAHIA,ADUSTINA,BA,Brasil,t,interior,2900355,14201,19399.62,739.27,f,2026-08-01
161b4a19494fe2213d2c527c7766c38c,BAHIA,AGUA FRIA,BA,Brasil,t,interior,2900405,14497,12057.53,700.83,f,2026-08-01
2a75e1701f360376ebfe18aed101b843,BAHIA,AIQUARA,BA,Brasil,t,interior,2900603,4447,16959.30,756.71,f,2026-08-01
07337478da25376755ab4d120d70c310,BAHIA,ALAGOINHAS,BA,Brasil,t,interior,2900702,151055,37769.20,1072.99,f,2026-08-01
968ecca5187b5806f4f26382741e3aac,BAHIA,ALCOBACA,BA,Brasil,t,interior,2900801,24530,17899.80,747.65,f,2026-08-01
f4e33ee5a018b0780cefd68c5e19a63a,BAHIA,ALMADINA,BA,Brasil,t,interior,2900900,5218,15276.16,912.36,f,2026-08-01
16d0bcf7617dabb7ae1cc6c7b481c426,BAHIA,AMARGOSA,BA,Brasil,t,interior,2901007,36521,16668.90,839.32,f,2026-08-01
7d1868acf8392159d843986b0729465c,BAHIA,AMELIA RODRIGUES,BA,Brasil,t,interior,2901106,24138,21598.68,840.69,f,2026-08-01
d4d64a9c2cb19c74cbc8f9e14658b238,BAHIA,AMERICA DOURADA,BA,Brasil,t,interior,2901155,15137,13121.23,674.14,f,2026-08-01
da16682b94d272502587b5aac4356163,BAHIA,ANAGE,BA,Brasil,t,interior,2901205,25438,11789.25,718.55,f,2026-08-01
1374e57cf0762a5be52c0bb01f6a0feb,BAHIA,ANDARAI,BA,Brasil,t,interior,2901304,13080,13639.76,758.20,f,2026-08-01
3c243b8733df18b9de37a1fb3477b555,BAHIA,ANDORINHA,BA,Brasil,t,interior,2901353,15012,16800.29,796.26,f,2026-08-01
f1d65bd46ab55ada5f111c5624449689,BAHIA,ANGICAL,BA,Brasil,t,interior,2901403,13732,16698.08,823.95,f,2026-08-01
993d247d8ac4edbfa5028d1bb44ddeaa,BAHIA,ANGUERA,BA,Brasil,t,interior,2901502,11031,10747.17,720.44,f,2026-08-01
15019750b7161cc85779f46450128894,BAHIA,ANTAS,BA,Brasil,t,interior,2901601,14206,13928.62,832.00,f,2026-08-01
0a825e69dfcbcab7643a92caec23a3ba,BAHIA,ANTONIO CARDOSO,BA,Brasil,t,interior,2901700,11146,12452.27,702.92,f,2026-08-01
a28806f32095d6780cae60ae6dbb5d3f,BAHIA,ANTONIO GONCALVES,BA,Brasil,t,interior,2901809,10862,9988.95,750.04,f,2026-08-01
530f2e75b086a06e21657d3c8a1b618d,BAHIA,APORA,BA,Brasil,t,interior,2901908,15922,12043.59,710.49,f,2026-08-01
4e8279e73a1a4bfb050235f334164e64,BAHIA,APUAREMA,BA,Brasil,t,interior,2901957,6913,13124.40,836.77,f,2026-08-01
ac08f4aaca6b43264522d6353a4806da,BAHIA,ARACAS,BA,Brasil,t,interior,2902054,11557,28175.31,725.59,f,2026-08-01
d88c5d8fc19beadade142061fe27f4e8,BAHIA,ARACATU,BA,Brasil,t,interior,2902005,13936,12485.94,757.68,f,2026-08-01
3451daeec5a57da2dee0c20231275ede,BAHIA,ARACI,BA,Brasil,t,interior,2902104,48294,13310.39,691.84,f,2026-08-01
ce59c48e58c869aa2c0b0937810b18d2,BAHIA,ARAMARI,BA,Brasil,t,interior,2902203,9833,14110.55,803.04,f,2026-08-01
c9d76804dd050ae68965b3ee6e733af4,BAHIA,ARATACA,BA,Brasil,t,interior,2902252,10191,13254.15,691.76,f,2026-08-01
31326bfa07567276fec7ffd91d077afb,BAHIA,ARATUIPE,BA,Brasil,t,interior,2902302,8677,12374.09,639.58,f,2026-08-01
3e52f3da2085c6027b29a896b8476779,BAHIA,AURELINO LEAL,BA,Brasil,t,interior,2902401,11179,16103.50,745.63,f,2026-08-01
e04f81d6e5bb0a8135c7c93658eb3f19,BAHIA,BAIANOPOLIS,BA,Brasil,t,interior,2902500,13614,26640.66,700.24,f,2026-08-01
bd1a92561ddab371cb623df4f35ebdab,BAHIA,BAIXA GRANDE,BA,Brasil,t,interior,2902609,18220,12442.59,708.86,f,2026-08-01
57434f38d34b7121de9b4a6ac27e072f,BAHIA,BANZAE,BA,Brasil,t,interior,2902658,11958,12717.93,707.64,f,2026-08-01
db3ef55f5f1cc6daa94865735deba071,BAHIA,BARRA,BA,Brasil,t,interior,2902708,51092,10931.12,621.14,f,2026-08-01
503811b379544f12b45504dee3d6eba3,BAHIA,BARRA DA ESTIVA,BA,Brasil,t,interior,2902807,26026,22648.08,796.07,f,2026-08-01
c86cecf40e7f940b356b6d0a1c26eee7,BAHIA,BARRA DO CHOCA,BA,Brasil,t,interior,2902906,36539,14799.26,784.48,f,2026-08-01
3a494ff8a937853199e3af3cd3fa21bb,BAHIA,BARRA DO MENDES,BA,Brasil,t,interior,2903003,13836,10361.09,879.61,f,2026-08-01
2ea4899e38fbbb326fb8da132438303f,BAHIA,BARRA DO ROCHA,BA,Brasil,t,interior,2903102,5775,18688.66,810.44,f,2026-08-01
e0c380d0fd75540daed6d525f3d59eda,BAHIA,BARREIRAS,BA,Brasil,t,interior,2903201,159734,59470.74,1339.99,f,2026-08-01
a0ff527a4f3dcb4ebbbe69551ee324db,BAHIA,BARRO ALTO,BA,Brasil,t,interior,2903235,13453,10223.59,708.95,f,2026-08-01
31d0861a56ac9982ca44bf3e0fa52a56,BAHIA,BARRO PRETO,BA,Brasil,t,interior,2903300,5833,19350.08,860.67,f,2026-08-01
26abf61e56d7a893f03b686efe8193da,BAHIA,BARROCAS,BA,Brasil,t,interior,2903276,15203,19053.34,762.90,f,2026-08-01
63d41bc5471025c2368909182a9ecc24,BAHIA,BELMONTE,BA,Brasil,t,interior,2903409,20121,21488.40,837.51,f,2026-08-01
b3b763f0550ac27d7db5f1460ac1b942,BAHIA,BELO CAMPO,BA,Brasil,t,interior,2903508,18412,11818.16,746.56,f,2026-08-01
ff7f78d53c1e940da9192579cc0ec246,BAHIA,BIRITINGA,BA,Brasil,t,interior,2903607,15146,15492.80,680.46,f,2026-08-01
f96078ea1d11c884d0cdbf6b444cb478,BAHIA,BOA NOVA,BA,Brasil,t,interior,2903706,13690,10585.10,705.02,f,2026-08-01
2acb19cc511ec2ed35221bf9cb42cb5f,BAHIA,BOA VISTA DO TUPIM,BA,Brasil,t,interior,2903805,16873,11097.55,618.24,f,2026-08-01
68153c9fffa07a3e19c63e9c64c34d3b,BAHIA,BOM JESUS DA LAPA,BA,Brasil,t,interior,2903904,65550,23709.44,916.66,f,2026-08-01
7cfbcd2166912c1a03f05fdd656f6873,BAHIA,BOM JESUS DA SERRA,BA,Brasil,t,interior,2903953,9730,9492.91,655.08,f,2026-08-01
5add452c634155ce96ab9fe942689982,BAHIA,BONINAL,BA,Brasil,t,interior,2904001,13622,10745.56,761.38,f,2026-08-01
ca3ca4b9312357144955107ac9c80b27,BAHIA,BONITO,BA,Brasil,t,interior,2904050,15844,16726.14,704.84,f,2026-08-01
ddd98966826d8af8c2d7ed448e69ef02,BAHIA,BOQUIRA,BA,Brasil,t,interior,2904100,19322,11441.41,675.66,f,2026-08-01
3183ff9bb3503932be6395a580343cb7,BAHIA,BOTUPORA,BA,Brasil,t,interior,2904209,11024,11994.29,709.00,f,2026-08-01
c1400a86bd526f0a9d33197839bfcf40,BAHIA,BREJOES,BA,Brasil,t,interior,2904308,12943,13032.22,708.98,f,2026-08-01
00113424e416a8f1275aad28667e70df,BAHIA,BREJOLANDIA,BA,Brasil,t,interior,2904407,9108,16129.01,739.06,f,2026-08-01
f2251ab6cb83086089154ca1f941f2ac,BAHIA,BROTAS DE MACAUBAS,BA,Brasil,t,interior,2904506,11765,12006.20,729.30,f,2026-08-01
3966ddceb41f1229efba803d3e0e8dec,BAHIA,BRUMADO,BA,Brasil,t,interior,2904605,70510,27398.09,1024.01,f,2026-08-01
f1f5d8bafafd9492fdb1bc1255f567a8,BAHIA,BUERAREMA,BA,Brasil,t,interior,2904704,14804,16072.14,880.80,f,2026-08-01
716e24b7d9f9884812ed6c8db07a102a,BAHIA,BURITIRAMA,BA,Brasil,t,interior,2904753,19589,9792.23,511.72,f,2026-08-01
75b9bd0578496225648360d0fe03f78e,BAHIA,CAATIBA,BA,Brasil,t,interior,2904803,6205,15718.29,779.57,f,2026-08-01
82d200bf03ced9fe4c7afe1f3f8d245f,BAHIA,CABACEIRAS DO PARAGUACU,BA,Brasil,t,interior,2904852,16559,11234.25,631.12,f,2026-08-01
c795fcb055aa42a03be40d1266e7d710,BAHIA,CACHOEIRA,BA,Brasil,t,interior,2904902,29250,17826.19,913.46,f,2026-08-01
f3eed2eeda33a6740b1027a8ee77f3b0,BAHIA,CACULE,BA,Brasil,t,interior,2905008,22462,19143.13,1019.26,f,2026-08-01
c78adf9801434a24dc228c47d883e4f4,BAHIA,CAEM,BA,Brasil,t,interior,2905107,10384,12268.97,806.57,f,2026-08-01
59d3eafdeede7accd381472dc4763496,BAHIA,CAETANOS,BA,Brasil,t,interior,2905156,11266,10128.97,696.70,f,2026-08-01
a15309fe729a62c311538fc4e956c4bd,BAHIA,CAETITE,BA,Brasil,t,interior,2905206,52012,23393.51,989.14,f,2026-08-01
dee1bad351dc407a32cf0c249d3ebc3d,BAHIA,CAFARNAUM,BA,Brasil,t,interior,2905305,17466,15871.64,661.74,f,2026-08-01
7712af4d226d083a3f3d79b867c6f7f2,BAHIA,CAIRU,BA,Brasil,t,interior,2905404,17761,81207.42,995.96,f,2026-08-01
cf6beeaa21102801671a9d04db3d1311,BAHIA,CALDEIRAO GRANDE,BA,Brasil,t,interior,2905503,13080,10608.18,620.16,f,2026-08-01
434871e295a2088b2de7ac45c6c6d19f,BAHIA,CAMACAN,BA,Brasil,t,interior,2905602,22579,20849.46,956.88,f,2026-08-01
4d92fedd52cbd28a24a1e1fc95115683,BAHIA,CAMACARI,BA,Brasil,t,interior,2905701,300372,91283.07,1177.89,f,2026-08-01
82098167b59e0990bea6101577ae664a,BAHIA,CAMAMU,BA,Brasil,t,interior,2905800,30469,18302.60,760.25,f,2026-08-01
9026e18a472d551301965ddf2c057736,BAHIA,CAMPO ALEGRE DE LOURDES,BA,Brasil,t,interior,2905909,30671,12501.09,658.13,f,2026-08-01
d26630df90ff5e5725561b2687662260,BAHIA,CAMPO FORMOSO,BA,Brasil,t,interior,2906006,71377,22665.37,749.39,f,2026-08-01
98bba98c0bfe99e6ab051fe1ceeab11a,BAHIA,CANAPOLIS,BA,Brasil,t,interior,2906105,10225,10764.69,628.47,f,2026-08-01
7c6818bf208925ef405cbc49ae88ec74,BAHIA,CANARANA,BA,Brasil,t,interior,2906204,24206,12627.28,634.87,f,2026-08-01
bf5cceb26e01e76ced611befecdee3b4,BAHIA,CANAVIEIRAS,BA,Brasil,t,interior,2906303,32683,15634.40,832.49,f,2026-08-01
b1eb20e0252c83fde8786b780da7bbf0,BAHIA,CANDEAL,BA,Brasil,t,interior,2906402,7772,10931.68,735.08,f,2026-08-01
f48b813459d6763ca5984676faf24cf9,BAHIA,CANDEIAS,BA,Brasil,t,interior,2906501,72382,79440.00,845.21,f,2026-08-01
bb95e22139c06887004581ca91136821,BAHIA,CANDIBA,BA,Brasil,t,interior,2906600,13016,13067.61,751.74,f,2026-08-01
ea649a9b79088cd721841ffa7406b019,BAHIA,CANDIDO SALES,BA,Brasil,t,interior,2906709,25247,11449.16,733.66,f,2026-08-01
7043306b056c47f95fce5e44e56ce8f3,BAHIA,CANSANCAO,BA,Brasil,t,interior,2906808,37439,13635.33,669.08,f,2026-08-01
8244bdaf288e6425b9e3f8cd440f43a6,BAHIA,CANUDOS,BA,Brasil,t,interior,2906824,16105,12646.20,711.38,f,2026-08-01
1bdd81400d673060dee65cf664c39989,BAHIA,CAPELA DO ALTO ALEGRE,BA,Brasil,t,interior,2906857,10744,15296.17,809.20,f,2026-08-01
bd8d05c018f7cc94a0677198409b83e7,BAHIA,CAPIM GROSSO,BA,Brasil,t,interior,2906873,33235,24101.58,850.17,f,2026-08-01
8b534fe233dbe96020f7f60308859831,BAHIA,CARAIBAS,BA,Brasil,t,interior,2906899,9940,12414.69,737.40,f,2026-08-01
98c6bd544a125799edeeb427b32bed8d,BAHIA,CARAVELAS,BA,Brasil,t,interior,2906907,20580,20083.53,896.46,f,2026-08-01
47929453e6ed5026dc9c12ab7f6b0551,BAHIA,CARDEAL DA SILVA,BA,Brasil,t,interior,2907004,8365,16741.42,629.76,f,2026-08-01
ba4cd405d072ad3832a43c2c8530b506,BAHIA,CARINHANHA,BA,Brasil,t,interior,2907103,28869,13060.20,671.34,f,2026-08-01
004f91aa8252d83fc46f21df754e4019,BAHIA,CASA NOVA,BA,Brasil,t,interior,2907202,72086,15748.91,685.09,f,2026-08-01
48dcb510e087d89427dc65efb790e86f,BAHIA,CASTRO ALVES,BA,Brasil,t,interior,2907301,24712,17478.88,819.29,f,2026-08-01
5a7d675ae4bd9a80b1d835f24627afab,BAHIA,CATOLANDIA,BA,Brasil,t,interior,2907400,3434,27106.00,750.89,f,2026-08-01
dbc595900d2c24e470c2a6ea5630bd8f,BAHIA,CATU,BA,Brasil,t,interior,2907509,48148,19287.22,952.59,f,2026-08-01
0a668f763064d47c4ff18fa921b61bba,BAHIA,CATURAMA,BA,Brasil,t,interior,2907558,8841,11891.64,653.61,f,2026-08-01
1bd89b6cb9acfdf3d2cf0ca87b887271,BAHIA,CENTRAL,BA,Brasil,t,interior,2907608,16348,11053.40,735.38,f,2026-08-01
141671dba173bf3b17437e3f7de5e330,BAHIA,CHORROCHO,BA,Brasil,t,interior,2907707,10579,13005.10,660.51,f,2026-08-01
85e8f44faf2e74ee6cc6170a37edd292,BAHIA,CICERO DANTAS,BA,Brasil,t,interior,2907806,30907,16281.81,845.53,f,2026-08-01
64c3d2069d41d0b80c3fbf9c2e183387,BAHIA,CIPO,BA,Brasil,t,interior,2907905,17230,12455.95,831.75,f,2026-08-01
f2e69fbb63d088bcc8ef7a31d4355d24,BAHIA,COARACI,BA,Brasil,t,interior,2908002,17333,14806.61,846.49,f,2026-08-01
e2216344de0c87605d9b5d36576af019,BAHIA,COCOS,BA,Brasil,t,interior,2908101,19151,38286.09,722.49,f,2026-08-01
af9a04546cefe7943a12050c1bf72cfb,BAHIA,CONCEICAO DA FEIRA,BA,Brasil,t,interior,2908200,20800,20702.02,770.78,f,2026-08-01
6a926ccce404590a31fb350f49d4fed9,BAHIA,CONCEICAO DO ALMEIDA,BA,Brasil,t,interior,2908309,15794,14974.48,864.35,f,2026-08-01
87339cea480bb403bed0ae8d6ebc2ffc,BAHIA,CONCEICAO DO COITE,BA,Brasil,t,interior,2908408,67825,16543.50,854.96,f,2026-08-01
ea1f23bcbe58989d785f6680d43ffb3f,BAHIA,CONCEICAO DO JACUIPE,BA,Brasil,t,interior,2908507,35308,74613.94,1009.81,f,2026-08-01
2d9ccf014e0287ab76528538e4895dd2,BAHIA,CONDE,BA,Brasil,t,interior,2908606,23654,15442.72,674.79,f,2026-08-01
f104bc02836471c3c880c508fef9779a,BAHIA,CONDEUBA,BA,Brasil,t,interior,2908705,17053,11922.30,801.30,f,2026-08-01
a8e3d821309ea219438de1b763c4b7e8,BAHIA,CONTENDAS DO SINCORA,BA,Brasil,t,interior,2908804,4333,14684.28,781.32,f,2026-08-01
dad8fe459270699a21947baca6212879,BAHIA,CORACAO DE MARIA,BA,Brasil,t,interior,2908903,26692,12207.55,850.84,f,2026-08-01
015e624f1cba6e7530c84cbfffa5c262,BAHIA,CORDEIROS,BA,Brasil,t,interior,2909000,7546,10475.75,816.33,f,2026-08-01
416d104009e1f1309012fc37ecbc314b,BAHIA,CORIBE,BA,Brasil,t,interior,2909109,13990,14852.47,757.51,f,2026-08-01
ae53c846d148fba2bfa12d8da4281a89,BAHIA,CORONEL JOAO SA,BA,Brasil,t,interior,2909208,17056,15131.80,704.02,f,2026-08-01
86817355f4596bcee9c6a99c274314f8,BAHIA,CORRENTINA,BA,Brasil,t,interior,2909307,32457,117274.02,930.61,f,2026-08-01
700c41122ff8b1748e13080c6ab2f6ac,BAHIA,COTEGIPE,BA,Brasil,t,interior,2909406,13063,16417.13,621.91,f,2026-08-01
b40f2b66ab032a21431cfcdec28b147f,BAHIA,CRAVOLANDIA,BA,Brasil,t,interior,2909505,4415,13069.76,723.17,f,2026-08-01
bca360209540300ed3f0466d90b9e587,BAHIA,CRISOPOLIS,BA,Brasil,t,interior,2909604,19729,13286.03,673.53,f,2026-08-01
0f5116b1dc80b6dac23ba381f5683db6,BAHIA,CRISTOPOLIS,BA,Brasil,t,interior,2909703,13993,15616.74,778.03,f,2026-08-01
466f617d48b6e7c323c45e0e6cb68b25,BAHIA,CRUZ DAS ALMAS,BA,Brasil,t,interior,2909802,60348,21196.64,1167.93,f,2026-08-01
78e3ec0f45ee22d8b6e4cb3ef2536371,BAHIA,CURACA,BA,Brasil,t,interior,2909901,34180,14626.45,646.06,f,2026-08-01
1e66368b942eb147e8d73e5d55c81c0d,BAHIA,DARIO MEIRA,BA,Brasil,t,interior,2910008,10820,14351.85,730.32,f,2026-08-01
c40071a820b2ee1a3216ca30a63d30fc,BAHIA,DIAS D'AVILA,BA,Brasil,t,interior,2910057,71485,33263.17,901.27,f,2026-08-01
8a1c143645c5ad9049233f913d527c44,BAHIA,DOM BASILIO,BA,Brasil,t,interior,2910107,11884,14914.42,760.00,f,2026-08-01
e07d8eff1de869422a363839f8bdf4d6,BAHIA,DOM MACEDO COSTA,BA,Brasil,t,interior,2910206,4407,13805.31,764.82,f,2026-08-01
39d6f843488c1674c25a67886f945a8c,BAHIA,ELISIO MEDRADO,BA,Brasil,t,interior,2910305,7808,13336.32,744.89,f,2026-08-01
8417b2fad8677216a60cc79ff804ae10,BAHIA,ENCRUZILHADA,BA,Brasil,t,interior,2910404,19107,13336.89,611.21,f,2026-08-01
15dbb5acb68d05b6fa7ec96400435d12,BAHIA,ENTRE RIOS,BA,Brasil,t,interior,2910503,38098,20756.63,828.08,f,2026-08-01
48d8d5a2c3c08a6a5bc09828b028d192,BAHIA,ERICO CARDOSO,BA,Brasil,t,interior,2900504,10604,9707.09,765.89,f,2026-08-01
7932c1412e3745ae9ea89fbfaec05374,BAHIA,ESPLANADA,BA,Brasil,t,interior,2910602,32554,24911.84,760.79,f,2026-08-01
7667779f57b13ea7179af36d1f631221,BAHIA,EUCLIDES DA CUNHA,BA,Brasil,t,interior,2910701,61456,15613.58,819.62,f,2026-08-01
2ebc47b077866ec9b419e13e8afc3ff4,BAHIA,EUNAPOLIS,BA,Brasil,t,interior,2910727,113710,37503.24,1253.64,f,2026-08-01
85fde8e180b388ca210f71e1ffa7ed57,BAHIA,FATIMA,BA,Brasil,t,interior,2910750,17895,16702.49,718.87,f,2026-08-01
cf9b4e0e05c71c5f7d02a8b13a88a439,BAHIA,FEIRA DA MATA,BA,Brasil,t,interior,2910776,5631,14764.70,731.17,f,2026-08-01
0cb96ef01c8fee58663c0fe17240151c,BAHIA,FEIRA DE SANTANA,BA,Brasil,t,interior,2910800,616272,35449.37,1209.69,f,2026-08-01
4a94e2d6aaad6268f1d9d0d5a7d490e2,BAHIA,FILADELFIA,BA,Brasil,t,interior,2910859,17897,11266.02,690.18,f,2026-08-01
dc7bc00c687eb7e40c44f270d23b322f,BAHIA,FIRMINO ALVES,BA,Brasil,t,interior,2910909,4873,18180.18,829.88,f,2026-08-01
a14001b64e189afb5ea65139940cf00c,BAHIA,FLORESTA AZUL,BA,Brasil,t,interior,2911006,11059,12123.97,817.95,f,2026-08-01
c66ff20891483756799b48d386b4fb58,BAHIA,FORMOSA DO RIO PRETO,BA,Brasil,t,interior,2911105,25899,205989.92,860.52,f,2026-08-01
8a9e993b79da9575850a9b5dde045a9a,BAHIA,GANDU,BA,Brasil,t,interior,2911204,32178,18604.11,910.60,f,2026-08-01
772a110a819a177de33c2965026284f7,BAHIA,GAVIAO,BA,Brasil,t,interior,2911253,4360,14758.94,878.17,f,2026-08-01
be2ba7261737826a27486f978f829921,BAHIA,GENTIO DO OURO,BA,Brasil,t,interior,2911303,10884,51772.05,715.00,f,2026-08-01
5c07a27f56046daf1d8297f33cce454b,BAHIA,GLORIA,BA,Brasil,t,interior,2911402,15524,19171.28,722.37,f,2026-08-01
28f5187d8fa1d68c7c673b0510b26548,BAHIA,GONGOGI,BA,Brasil,t,interior,2911501,5555,16483.17,733.31,f,2026-08-01
736fd8e97c05d9588f4bb81b89c78646,BAHIA,GOVERNADOR MANGABEIRA,BA,Brasil,t,interior,2911600,20605,13824.17,814.42,f,2026-08-01
d006c3fb88cc4314b5e68ed4367042d7,BAHIA,GUAJERU,BA,Brasil,t,interior,2911659,8050,10718.76,803.95,f,2026-08-01
b5055b24bf5c36b2558ae7f902bf7cf8,BAHIA,GUANAMBI,BA,Brasil,t,interior,2911709,87817,23093.63,1201.16,f,2026-08-01
4f0610e41d0be2d7f6c2ff6b791d2c3c,BAHIA,GUARATINGA,BA,Brasil,t,interior,2911808,19049,16737.73,822.20,f,2026-08-01
184804c68ada433b1ca646786af3b1f1,BAHIA,HELIOPOLIS,BA,Brasil,t,interior,2911857,12309,13854.17,748.53,f,2026-08-01
1c1ec62cc688c99f57938c61780c9044,BAHIA,IACU,BA,Brasil,t,interior,2911907,24607,12587.35,765.53,f,2026-08-01
7b355dba6104f7e4a6793eed815e060a,BAHIA,IBIASSUCE,BA,Brasil,t,interior,2912004,10429,11624.32,917.13,f,2026-08-01
c33e6b0a8c3ded3d198540be5ce42320,BAHIA,IBICARAI,BA,Brasil,t,interior,2912103,21665,12260.88,1006.71,f,2026-08-01
e827a2ab713a21a95773d398873cb1ae,BAHIA,IBICOARA,BA,Brasil,t,interior,2912202,20785,24909.98,808.75,f,2026-08-01
6167e41f3015bba8aee92218e6cf7051,BAHIA,IBICUI,BA,Brasil,t,interior,2912301,13934,16111.88,914.50,f,2026-08-01
6fddf64043e85acec953b8aaf2da1d96,BAHIA,IBIPEBA,BA,Brasil,t,interior,2912400,16603,12117.15,713.13,f,2026-08-01
7b5b5aeaa825747c453abcfd69f1b0a1,BAHIA,IBIPITANGA,BA,Brasil,t,interior,2912509,13863,11184.45,783.29,f,2026-08-01
51b54557a78e53084bf7c75134bb777a,BAHIA,IBIQUERA,BA,Brasil,t,interior,2912608,3725,13120.54,655.52,f,2026-08-01
75d5344815d45817821425899549ebc5,BAHIA,IBIRAPITANGA,BA,Brasil,t,interior,2912707,25344,15204.82,671.17,f,2026-08-01
1452bf8c4be959522735e4763aa105f8,BAHIA,IBIRAPUA,BA,Brasil,t,interior,2912806,8896,54651.75,1036.38,f,2026-08-01
cd1b857170ab82af92a3973c8922fd8b,BAHIA,IBIRATAIA,BA,Brasil,t,interior,2912905,18792,14590.52,784.17,f,2026-08-01
ac7d993e7622cf11c8a40f876eeaf1cc,BAHIA,IBITIARA,BA,Brasil,t,interior,2913002,14637,9915.97,771.57,f,2026-08-01
3e1153b02825b0cec507ebf280832922,BAHIA,IBITITA,BA,Brasil,t,interior,2913101,16969,10705.99,699.28,f,2026-08-01
ab1025f2541590abe6dd33dc9822d3cd,BAHIA,IBOTIRAMA,BA,Brasil,t,interior,2913200,26309,20686.04,804.43,f,2026-08-01
e18b7cdf5ec9df1368a10b9db5d4e62c,BAHIA,ICHU,BA,Brasil,t,interior,2913309,6190,11655.57,889.43,f,2026-08-01
ead35200606993ba5b91dba95b1320ad,BAHIA,IGAPORA,BA,Brasil,t,interior,2913408,15527,15275.71,811.64,f,2026-08-01
f54210f5fd95587b5e889a402f8d9b07,BAHIA,IGRAPIUNA,BA,Brasil,t,interior,2913457,13151,18859.02,726.44,f,2026-08-01
c9785662e03a018130c617acfcfeec81,BAHIA,IGUAI,BA,Brasil,t,interior,2913507,21491,13148.67,794.87,f,2026-08-01
981d96f00ff217f1a2c4076963fa440d,BAHIA,ILHEUS,BA,Brasil,t,interior,2913606,178649,40494.94,1298.64,f,2026-08-01
394c73d512419c88639d1e97592eb01f,BAHIA,INHAMBUPE,BA,Brasil,t,interior,2913705,33790,21546.52,739.71,f,2026-08-01
958ec7816c77c18df545788698d2a3c1,BAHIA,IPECAETA,BA,Brasil,t,interior,2913804,13709,10314.68,518.63,f,2026-08-01
8a8aba963b6734edde8c9c6e49cf1333,BAHIA,IPIAU,BA,Brasil,t,interior,2913903,40706,17563.46,970.31,f,2026-08-01
286996ba37438c1e3b0533bed2b8b28f,BAHIA,IPIRA,BA,Brasil,t,interior,2914000,56876,14050.99,765.59,f,2026-08-01
c76f94056c23f0112574d1339ad2c515,BAHIA,IPUPIARA,BA,Brasil,t,interior,2914109,9935,13896.73,779.19,f,2026-08-01
8049d91814dd9deaae680c11a77333bc,BAHIA,IRAJUBA,BA,Brasil,t,interior,2914208,6101,13327.32,772.34,f,2026-08-01
47a407fb1182b77ce49dd41c7d40e0cd,BAHIA,IRAMAIA,BA,Brasil,t,interior,2914307,10752,11968.75,668.60,f,2026-08-01
1694aa20b62d247db064a5de3c9a492d,BAHIA,IRAQUARA,BA,Brasil,t,interior,2914406,23879,29109.80,681.79,f,2026-08-01
13341c330e0c20ff512dce5bfbc319fc,BAHIA,IRARA,BA,Brasil,t,interior,2914505,28043,13752.63,858.51,f,2026-08-01
a86c0deda35b054aa9bae6c77017db59,BAHIA,IRECE,BA,Brasil,t,interior,2914604,74507,26348.84,1188.07,f,2026-08-01
ebf6012664479bd509da2d24c42f3839,BAHIA,ITABELA,BA,Brasil,t,interior,2914653,28165,23776.42,910.41,f,2026-08-01
508bae2df391f590177a6f57401c6fe5,BAHIA,ITABERABA,BA,Brasil,t,interior,2914703,65073,19473.31,1013.18,f,2026-08-01
61abcb390fe5a0167690435348656a8b,BAHIA,ITABUNA,BA,Brasil,t,interior,2914802,186708,27595.86,1292.99,f,2026-08-01
e576dacef0427adebae0b250b93d2224,BAHIA,ITACARE,BA,Brasil,t,interior,2914901,27704,20326.13,1013.93,f,2026-08-01
5b60c3ada0c4a756954c65769da78d74,BAHIA,ITAETE,BA,Brasil,t,interior,2915007,13472,11218.97,688.07,f,2026-08-01
565e745f4ae11eeb31d72cefa84f3876,BAHIA,ITAGI,BA,Brasil,t,interior,2915106,13803,11798.16,682.87,f,2026-08-01
af5332de4a8a74f05374bafd055fc6d4,BAHIA,ITAGIBA,BA,Brasil,t,interior,2915205,15310,48780.08,934.69,f,2026-08-01
13c112886d3ebad772db9afc0e0b2962,BAHIA,ITAGIMIRIM,BA,Brasil,t,interior,2915304,6347,24203.40,888.00,f,2026-08-01
3ed370671ac2459d74c6ba1213d95d6f,BAHIA,ITAGUACU DA BAHIA,BA,Brasil,t,interior,2915353,12311,14125.66,658.64,f,2026-08-01
dc8c597d8cddc161aee627cd2df93cae,BAHIA,ITAJU DO COLONIA,BA,Brasil,t,interior,2915403,6037,18253.60,793.34,f,2026-08-01
bcb54184fa5ff60f44164319f01f783f,BAHIA,ITAJUIPE,BA,Brasil,t,interior,2915502,18781,20382.04,829.36,f,2026-08-01
819ecf99c9d8b194a022686538f3b4e4,BAHIA,ITAMARAJU,BA,Brasil,t,interior,2915601,59605,23412.57,997.27,f,2026-08-01
8cf76972a593adb7c29673833a2e42c2,BAHIA,ITAMARI,BA,Brasil,t,interior,2915700,7051,16863.71,782.50,f,2026-08-01
e8250d696c172cccbe41df9ada1227fe,BAHIA,ITAMBE,BA,Brasil,t,interior,2915809,24394,16557.27,812.81,f,2026-08-01
91853c0cf27628d245a1ff95845720c6,BAHIA,ITANAGRA,BA,Brasil,t,interior,2915908,5914,18697.50,658.79,f,2026-08-01
aa9cb520e14a9e9565b58fe8bf689872,BAHIA,ITANHEM,BA,Brasil,t,interior,2916005,17813,19148.71,951.09,f,2026-08-01
0d165f03640ab3f522d0fd9c7777d750,BAHIA,ITAPARICA,BA,Brasil,t,interior,2916104,19789,15084.85,857.63,f,2026-08-01
d35ac270808f4fd3fb75553733ddcdb6,BAHIA,ITAPE,BA,Brasil,t,interior,2916203,10341,13123.68,833.82,f,2026-08-01
39bb79c5d0b3e92d619d19664e3c7d4b,BAHIA,ITAPEBI,BA,Brasil,t,interior,2916302,9174,35874.86,811.95,f,2026-08-01
11022026e3336983446dbfe2750eceee,BAHIA,ITAPETINGA,BA,Brasil,t,interior,2916401,65897,29416.70,982.63,f,2026-08-01
fca5adaf9a221b96c758334a95066d38,BAHIA,ITAPICURU,BA,Brasil,t,interior,2916500,31679,16883.83,662.46,f,2026-08-01
5e751e87a449ec1d5247c567217d314e,BAHIA,ITAPITANGA,BA,Brasil,t,interior,2916609,10279,12082.79,655.60,f,2026-08-01
dd53734647505769917a107be55b407c,BAHIA,ITAQUARA,BA,Brasil,t,interior,2916708,8153,12971.67,636.45,f,2026-08-01
c136a43e53a30141398768f9d77037fe,BAHIA,ITARANTIM,BA,Brasil,t,interior,2916807,17052,22023.22,823.97,f,2026-08-01
1c9aa092a33c4f3956f573a022d1dfdf,BAHIA,ITATIM,BA,Brasil,t,interior,2916856,15737,32623.82,715.27,f,2026-08-01
4ca5e4967b05a8a9b73bca5c687f4eb2,BAHIA,ITIRUCU,BA,Brasil,t,interior,2916906,10999,13820.44,833.85,f,2026-08-01
ccbafea87d5279cf2c9ea421eb686bd7,BAHIA,ITIUBA,BA,Brasil,t,interior,2917003,33872,12685.34,702.63,f,2026-08-01
d06f070ed21a8f2b6a06880cfd6237e8,BAHIA,ITORORO,BA,Brasil,t,interior,2917102,16617,16917.13,900.14,f,2026-08-01
aae1081c020bd9dbfda294e41b78f5ed,BAHIA,ITUACU,BA,Brasil,t,interior,2917201,17914,19090.71,774.57,f,2026-08-01
3db5a01229f8e5df3c1384567d1a348e,BAHIA,ITUBERA,BA,Brasil,t,interior,2917300,21902,19216.19,826.22,f,2026-08-01
d3fbea4cae4e2f270876440e8fe5ce9c,BAHIA,IUIU,BA,Brasil,t,interior,2917334,11118,16131.77,634.79,f,2026-08-01
1543c09a390795a481e5821b293fe463,BAHIA,JABORANDI,BA,Brasil,t,interior,2917359,9275,164727.22,648.51,f,2026-08-01
a41d84169054f8f9e51dce7ad4a3341b,BAHIA,JACARACI,BA,Brasil,t,interior,2917409,14436,10438.90,842.61,f,2026-08-01
22fd3e740515f93a82484aadb34af33d,BAHIA,JACOBINA,BA,Brasil,t,interior,2917508,82590,24580.97,1083.02,f,2026-08-01
83f42203d091df8fe88a08119be68eae,BAHIA,JAGUAQUARA,BA,Brasil,t,interior,2917607,45964,17558.72,791.77,f,2026-08-01
1e70ee1dee798c21b5ec634e68ef0f7f,BAHIA,JAGUARARI,BA,Brasil,t,interior,2917706,32703,24637.01,882.99,f,2026-08-01
5bfa01e5ded5724e05be70a51bc61183,BAHIA,JAGUARIPE,BA,Brasil,t,interior,2917805,17659,14786.85,627.54,f,2026-08-01
e3991e200ce13891b4cc58742b174a9d,BAHIA,JANDAIRA,BA,Brasil,t,interior,2917904,9285,23457.94,657.50,f,2026-08-01
1364dc0844b1f811ea52c0bf46f3f0a5,BAHIA,JEQUIE,BA,Brasil,t,interior,2918001,158813,24448.29,1013.69,f,2026-08-01
c5d1f008c32d85a0cb65ba4cc0a7ea35,BAHIA,JEREMOABO,BA,Brasil,t,interior,2918100,37626,16580.45,764.11,f,2026-08-01
62545534ec9c79286b89254dbaf0351b,BAHIA,JIQUIRICA,BA,Brasil,t,interior,2918209,13629,14376.92,750.18,f,2026-08-01
99a63e63916a8a525457f30df2d7ba1d,BAHIA,JITAUNA,BA,Brasil,t,interior,2918308,14355,17626.12,770.22,f,2026-08-01
f75e51457c3582cf37e0aab7549ec2c4,BAHIA,JOAO DOURADO,BA,Brasil,t,interior,2918357,24854,13995.13,751.74,f,2026-08-01
6a43731a84ed6253bffd11641f515a46,BAHIA,JUAZEIRO,BA,Brasil,t,interior,2918407,237821,25900.17,1047.97,f,2026-08-01
6f8472d55c42f57eaccf0186f67cbfe9,BAHIA,JUCURUCU,BA,Brasil,t,interior,2918456,9655,15787.05,827.44,f,2026-08-01
86dfcb540e4265e39eb75718f393d6fa,BAHIA,JUSSARA,BA,Brasil,t,interior,2918506,16354,9284.46,656.54,f,2026-08-01
de8931574bd968f64d4084817ee1cdcc,BAHIA,JUSSARI,BA,Brasil,t,interior,2918555,5888,15353.94,788.28,f,2026-08-01
9072605eb1a1a57580b773ab04a0f767,BAHIA,JUSSIAPE,BA,Brasil,t,interior,2918605,7379,11821.11,757.64,f,2026-08-01
d00a5eb0cfdea3d492ed98c75abbbdec,BAHIA,LAFAIETE COUTINHO,BA,Brasil,t,interior,2918704,4075,17411.78,794.63,f,2026-08-01
39b3564a14d500cb7e77aef53ed59721,BAHIA,LAGEDO DO TABOCAL,BA,Brasil,t,interior,,,,,,2026-08-01
13f960e3d0d150dc6375bbf7cce5bfb6,BAHIA,LAGOA REAL,BA,Brasil,t,interior,2918753,14105,10445.37,635.69,f,2026-08-01
620226fd09441c4819bf5f11d5c0bbe2,BAHIA,LAJE,BA,Brasil,t,interior,2918803,21052,16366.19,672.28,f,2026-08-01
07bdfb6e27fd7e85323f8156fcb6c989,BAHIA,LAJEDAO,BA,Brasil,t,interior,2918902,3845,34363.07,939.41,f,2026-08-01
0e6fb5203d46a4b0de1f5c9aae546608,BAHIA,LAJEDINHO,BA,Brasil,t,interior,2919009,3527,18792.17,672.38,f,2026-08-01
d322763057c3d2977b028e309f9c8586,BAHIA,LAMARAO,BA,Brasil,t,interior,2919108,9015,9234.83,697.73,f,2026-08-01
bf97c350d9a49e5f095f213e39243d60,BAHIA,LAPAO,BA,Brasil,t,interior,2919157,25736,14835.72,703.21,f,2026-08-01
84126a5c1020c34beb70abad38a3f258,BAHIA,LAURO DE FREITAS,BA,Brasil,t,interior,2919207,203331,43861.88,1879.69,f,2026-08-01
7c8e95c0049dc26fba25ff3f2bcc8574,BAHIA,LENCOIS,BA,Brasil,t,interior,2919306,10774,19525.71,1042.72,f,2026-08-01
a80e25957e69d60eaa58f6d83e45fc28,BAHIA,LICINIO DE ALMEIDA,BA,Brasil,t,interior,2919405,11834,13960.79,846.36,f,2026-08-01
94641c979b16364c24df89a16b2c1527,BAHIA,LIVRAMENTO DE NOSSA SENHORA,BA,Brasil,t,interior,2919504,43903,16069.31,884.92,f,2026-08-01
ba5e3298d96321bac7e6cb5063584dba,BAHIA,LUIS EDUARDO MAGALHAES,BA,Brasil,t,interior,2919553,107909,107118.26,1644.88,f,2026-08-01
3da3fde83c8d96d5ebb389bb2fdc8492,BAHIA,MACAJUBA,BA,Brasil,t,interior,2919603,10454,10387.60,673.31,f,2026-08-01
f119dab304508a1b8b01eaf8e3b4f63f,BAHIA,MACARANI,BA,Brasil,t,interior,2919702,21599,12485.81,667.69,f,2026-08-01
27e5bbdaf4388c89f258483e921a5c7c,BAHIA,MACAUBAS,BA,Brasil,t,interior,2919801,41859,13129.46,799.52,f,2026-08-01
800725d0ca82647a1f94cf0a2545af20,BAHIA,MACURURE,BA,Brasil,t,interior,2919900,7256,11159.32,659.19,f,2026-08-01
a7361e5c1f0f605705a728892edac8d8,BAHIA,MADRE DE DEUS,BA,Brasil,t,interior,2919926,18504,38393.75,1046.58,f,2026-08-01
3ef9f2855ce73bfa410e20908b647b11,BAHIA,MAETINGA,BA,Brasil,t,interior,2919959,6973,11739.57,748.52,f,2026-08-01
0ffd07df920497867d774e3f7a200e91,BAHIA,MAIQUINIQUE,BA,Brasil,t,interior,2920007,8731,24154.85,859.88,f,2026-08-01
8a8d251d2d33d9b9c207065f2045c5a5,BAHIA,MAIRI,BA,Brasil,t,interior,2920106,17674,11994.00,708.57,f,2026-08-01
f4c540919c4ff353314f51d53ed3a76e,BAHIA,MALHADA,BA,Brasil,t,interior,2920205,15398,15475.58,586.10,f,2026-08-01
aa63d6c3b92a6b9094b8754274c4630e,BAHIA,MALHADA DE PEDRAS,BA,Brasil,t,interior,2920304,8670,12844.87,743.95,f,2026-08-01
5109d5df33a69182e364f5efc70ed27f,BAHIA,MANOEL VITORINO,BA,Brasil,t,interior,2920403,13860,11935.93,672.33,f,2026-08-01
6a93944807ed7b2fa2c6ed6dfa30c879,BAHIA,MANSIDAO,BA,Brasil,t,interior,2920452,13919,8462.32,611.87,f,2026-08-01
67e3eb0eb483450fc40553753abfa577,BAHIA,MARACAS,BA,Brasil,t,interior,2920502,27620,25066.94,858.28,f,2026-08-01
50ae279dfd7ab0e5ef8ca4a6545679c4,BAHIA,MARAGOGIPE,BA,Brasil,t,interior,2920601,35859,13363.79,649.73,f,2026-08-01
44002482ef0e494a57f7a89a974c66ae,BAHIA,MARAU,BA,Brasil,t,interior,2920700,24527,17723.81,1029.95,f,2026-08-01
5e44555d36b16bdbce485db98292cba0,BAHIA,MARCIONILIO SOUZA,BA,Brasil,t,interior,2920809,9267,12899.32,762.80,f,2026-08-01
a23cad68d99360213f04cfc4a0f33f73,BAHIA,MASCOTE,BA,Brasil,t,interior,2920908,13544,14273.26,677.40,f,2026-08-01
544289bb586da6663382969704105398,BAHIA,MATA DE SAO JOAO,BA,Brasil,t,interior,2921005,42566,40756.87,894.54,f,2026-08-01
c4fecdf7a60ad0cbec29293d32fce4ef,BAHIA,MATINA,BA,Brasil,t,interior,2921054,10330,11932.33,731.93,f,2026-08-01
bce6ec03a9afa0ddb993266a93c1f840,BAHIA,MEDEIROS NETO,BA,Brasil,t,interior,2921104,22194,22780.57,928.63,f,2026-08-01
cc8a3989155d47e0b0a178c37cbd5c36,BAHIA,MIGUEL CALMON,BA,Brasil,t,interior,2921203,24661,13795.06,738.57,f,2026-08-01
e34a5405ef2d689471d67f36efdc017c,BAHIA,MILAGRES,BA,Brasil,t,interior,2921302,11071,16354.80,752.90,f,2026-08-01
cb14fb6451b26957ec26dfab8e732ab0,BAHIA,MIRANGABA,BA,Brasil,t,interior,2921401,15734,10626.10,610.87,f,2026-08-01
fd9abf65c679e75948a870b6efbde8a4,BAHIA,MIRANTE,BA,Brasil,t,interior,2921450,10187,10093.45,627.62,f,2026-08-01
ca412ad8fdaebdfe27d79b8fd545ff9b,BAHIA,MONTE SANTO,BA,Brasil,t,interior,2921500,47780,12365.11,644.10,f,2026-08-01
2c8cefafbb6425b1ad1f889365a7dc53,BAHIA,MORPARA,BA,Brasil,t,interior,2921609,7996,12839.79,615.40,f,2026-08-01
abeb90e11aec1732aec7d92496f14d9e,BAHIA,MORRO DO CHAPEU,BA,Brasil,t,interior,2921708,33594,46595.26,858.19,f,2026-08-01
97ce13ae61b343dcedc2f163d5227cb9,BAHIA,MORTUGABA,BA,Brasil,t,interior,2921807,11143,11921.39,704.83,f,2026-08-01
dee8bc0a771b0310b55b6bdbf10f1933,BAHIA,MUCUGE,BA,Brasil,t,interior,2921906,12137,49401.91,1009.75,f,2026-08-01
fe955ba80f8f98fc011443c11b20adbf,BAHIA,MUCURI,BA,Brasil,t,interior,2922003,37977,82350.03,1134.46,f,2026-08-01
1851dabb545776a1d8fe6b6ef67c99cb,BAHIA,MULUNGU DO MORRO,BA,Brasil,t,interior,2922052,13152,21552.31,619.03,f,2026-08-01
b46715d8cd192507959ccc19749b1636,BAHIA,MUNDO NOVO,BA,Brasil,t,interior,2922102,17305,12682.87,747.97,f,2026-08-01
c714adae824996e3ceb340141d13f60f,BAHIA,MUNIZ FERREIRA,BA,Brasil,t,interior,2922201,7190,12006.82,816.80,f,2026-08-01
0ffc1f61ca980141a8f8bdc4bf596dbc,BAHIA,MUQUEM DO SAO FRANCISCO,BA,Brasil,t,interior,2922250,10443,25561.33,658.83,f,2026-08-01
2e4abb9369cf3483afb22e9a05020233,BAHIA,MURITIBA,BA,Brasil,t,interior,2922300,28707,13097.05,936.11,f,2026-08-01
1e28ed9ad76ccdb6f175b74e0a297223,BAHIA,MUTUIPE,BA,Brasil,t,interior,2922409,20037,25536.86,713.00,f,2026-08-01
2c722cbcb37b2c191725f933ce561d3f,BAHIA,NAZARE,BA,Brasil,t,interior,2922508,27060,17136.77,829.76,f,2026-08-01
c866d64c2bc677a741e9a4bc025d332b,BAHIA,NILO PECANHA,BA,Brasil,t,interior,2922607,12063,16664.84,700.48,f,2026-08-01
eaef83f8d23d9845451648f59aefccf7,BAHIA,NORDESTINA,BA,Brasil,t,interior,2922656,18523,9963.94,571.72,f,2026-08-01
2031e7c135fe8d905712bfd02540a47f,BAHIA,NOVA CANAA,BA,Brasil,t,interior,2922706,13715,16621.66,828.75,f,2026-08-01
c9909676c332574354d9edeb9be3df84,BAHIA,NOVA FATIMA,BA,Brasil,t,interior,2922730,7967,15287.94,865.88,f,2026-08-01
edf92b7c16af74f354f5df6d5f5dd159,BAHIA,NOVA IBIA,BA,Brasil,t,interior,2922755,6501,19672.05,776.20,f,2026-08-01
3ac5014c029be5c7d46b75a99da2fade,BAHIA,NOVA ITARANA,BA,Brasil,t,interior,2922805,7780,11547.56,639.57,f,2026-08-01
634f9b39138ec64fad1662bc376f563a,BAHIA,NOVA REDENCAO,BA,Brasil,t,interior,2922854,7538,12352.75,678.60,f,2026-08-01
7a7b6a1945942762b48ce1a242a501a8,BAHIA,NOVA SOURE,BA,Brasil,t,interior,2922904,24236,14104.72,676.56,f,2026-08-01
9134203bbd2047a8f76b631ba3d02fe3,BAHIA,NOVA VICOSA,BA,Brasil,t,interior,2923001,39509,17711.00,905.71,f,2026-08-01
8fceb6d68cf01ed81f34847e1a066874,BAHIA,NOVO HORIZONTE,BA,Brasil,t,interior,2923035,11162,12307.11,637.13,f,2026-08-01
3204d0530147008f6c6c6548c0f31345,BAHIA,NOVO TRIUNFO,BA,Brasil,t,interior,2923050,10660,12267.73,657.33,f,2026-08-01
fdb2f6a1681cc00e9a4ebcb6abd0d178,BAHIA,OLINDINA,BA,Brasil,t,interior,2923100,22633,13080.41,659.41,f,2026-08-01
6cf4d417a9df4ccdfbebf75c8d51c0e6,BAHIA,OLIVEIRA DOS BREJINHOS,BA,Brasil,t,interior,2923209,20715,20281.15,719.07,f,2026-08-01
ab3cfb578299ffe30c8bd34b6794c3bd,BAHIA,OURICANGAS,BA,Brasil,t,interior,2923308,7716,14256.48,721.96,f,2026-08-01
fd5457dd4dc094a0602fe8572d32eaf4,BAHIA,OUROLANDIA,BA,Brasil,t,interior,2923357,19243,16527.15,583.09,f,2026-08-01
40d0d43e94a32d34a6d9f524b48cbfbc,BAHIA,PALMAS DE MONTE ALTO,BA,Brasil,t,interior,2923407,20078,14525.30,776.26,f,2026-08-01
51dbf911a6b7cb7af1c0eae7912d3815,BAHIA,PALMEIRAS,BA,Brasil,t,interior,2923506,10339,14887.22,932.17,f,2026-08-01
be64e2c3772a3fb5e56f84ece38ad82a,BAHIA,PARAMIRIM,BA,Brasil,t,interior,2923605,20351,15254.93,985.08,f,2026-08-01
38e39f5ba60b53636e2e5792696844e9,BAHIA,PARATINGA,BA,Brasil,t,interior,2923704,29252,11206.52,652.63,f,2026-08-01
d5c2ef1434a58081cecdb3c080515e3f,BAHIA,PARIPIRANGA,BA,Brasil,t,interior,2923803,26604,21049.43,777.04,f,2026-08-01
b21dec642b9ce9bf86312acf306ad2d5,BAHIA,PAU BRASIL,BA,Brasil,t,interior,2923902,9370,14446.00,791.71,f,2026-08-01
bfaf6fdb93c4f4f2e9c2097e5cd3649b,BAHIA,PAULO AFONSO,BA,Brasil,t,interior,2924009,112870,37732.71,1059.84,f,2026-08-01
9d9fd0c95ab1894f1a917d9276d4c91d,BAHIA,PE DE SERRA,BA,Brasil,t,interior,2924058,13243,12537.26,757.86,f,2026-08-01
954152f0959d279d3c2b634e9999fc5c,BAHIA,PEDRAO,BA,Brasil,t,interior,2924108,6235,11054.37,706.81,f,2026-08-01
54bb95f2a28a6a5f23b45845348392a1,BAHIA,PEDRO ALEXANDRE,BA,Brasil,t,interior,2924207,13954,12815.68,609.45,f,2026-08-01
c8b713fb1394f5162daa7a65d963f4d0,BAHIA,PIATA,BA,Brasil,t,interior,2924306,20086,10987.35,790.79,f,2026-08-01
0663cf66fc5a003a66ea37b3f76ae1a3,BAHIA,PILAO ARCADO,BA,Brasil,t,interior,2924405,35357,10384.90,514.71,f,2026-08-01
68c45be552bf954142130de2638b12b4,BAHIA,PINDAI,BA,Brasil,t,interior,2924504,14731,19361.41,780.64,f,2026-08-01
b27f366b2e15eedc79053b653712aaa8,BAHIA,PINDOBACU,BA,Brasil,t,interior,2924603,19083,11271.97,693.36,f,2026-08-01
c3288c4c7783703fde04c795f9ebbeef,BAHIA,PINTADAS,BA,Brasil,t,interior,2924652,10325,12817.92,819.37,f,2026-08-01
a7ceeb3141c449d7ee8b23e8df35cc12,BAHIA,PIRAI DO NORTE,BA,Brasil,t,interior,2924678,10974,14306.63,576.78,f,2026-08-01
cc942e16c7769a0faca7f5ad815cf3b1,BAHIA,PIRIPA,BA,Brasil,t,interior,2924702,9152,10087.08,716.89,f,2026-08-01
70d3d96514b27aee3e2485cc1d338fdc,BAHIA,PIRITIBA,BA,Brasil,t,interior,2924801,17566,12462.20,741.19,f,2026-08-01
9a4cdb76352da96b54bc3d47b68098e7,BAHIA,PLANALTINO,BA,Brasil,t,interior,2924900,8022,11009.22,696.59,f,2026-08-01
4ac5bb0aa3a3115aafb6d764ecd1494e,BAHIA,PLANALTO,BA,Brasil,t,interior,2925006,23334,13922.77,768.89,f,2026-08-01
d4317c05a384f40162d6085658a2104b,BAHIA,POCOES,BA,Brasil,t,interior,2925105,48293,14119.46,793.11,f,2026-08-01
c99689ed6043dd190a7d6bdcde8f39e6,BAHIA,POJUCA,BA,Brasil,t,interior,2925204,32136,94490.88,981.96,f,2026-08-01
a4524e41659459022858f65d8611b490,BAHIA,PONTO NOVO,BA,Brasil,t,interior,2925253,17938,13736.76,629.55,f,2026-08-01
ee279850dc5999e55ba2933677aff267,BAHIA,PORTO SEGURO,BA,Brasil,t,interior,2925303,168326,29763.04,1293.05,f,2026-08-01
64198f743d3934271786209ff77af852,BAHIA,POTIRAGUA,BA,Brasil,t,interior,2925402,10274,14720.95,857.35,f,2026-08-01
9cfb88d626abfc4af6a3deff6b6ae834,BAHIA,PRADO,BA,Brasil,t,interior,2925501,35003,22197.58,985.70,f,2026-08-01
cc546e6fa275f0a5c9a807153e072516,BAHIA,PRESIDENTE DUTRA,BA,Brasil,t,interior,2925600,15130,11086.12,752.48,f,2026-08-01
4d62f20b7940cb3e66cd5afa1b56c654,BAHIA,PRESIDENTE JANIO QUADROS,BA,Brasil,t,interior,2925709,12621,9667.54,670.52,f,2026-08-01
d48c45ae7d5f2dd091f6d03abe6bbaf9,BAHIA,PRESIDENTE TANCREDO NEVES,BA,Brasil,t,interior,2925758,27734,15069.34,813.19,f,2026-08-01
f159ed61db1a7bb29b393e49aa6262d5,BAHIA,QUEIMADAS,BA,Brasil,t,interior,2925808,25988,12375.06,662.08,f,2026-08-01
5fbae870a40936363bb9aa6f8ff1de30,BAHIA,QUIJINGUE,BA,Brasil,t,interior,2925907,25272,10996.52,698.98,f,2026-08-01
4441167f68469d0a49ca42906d084986,BAHIA,QUIXABEIRA,BA,Brasil,t,interior,2925931,9461,12434.41,666.94,f,2026-08-01
990c7834c3ffe359746f3c3cff646268,BAHIA,RAFAEL JAMBEIRO,BA,Brasil,t,interior,2925956,19662,21476.25,562.90,f,2026-08-01
6ce5f503073560d39707efa278de084e,BAHIA,REMANSO,BA,Brasil,t,interior,2926004,40586,14127.61,802.97,f,2026-08-01
8fc7a3891cf49f82475797e6395da077,BAHIA,RETIROLANDIA,BA,Brasil,t,interior,2926103,13651,12859.72,765.41,f,2026-08-01
8f4c98992f6516bc049a9984534014ea,BAHIA,RIACHAO DAS NEVES,BA,Brasil,t,interior,2926202,21642,87644.67,697.01,f,2026-08-01
47466ea2877aa5fa21e790f55ca7d0f1,BAHIA,RIACHAO DO JACUIPE,BA,Brasil,t,interior,2926301,33386,16950.61,934.18,f,2026-08-01
093dbd6c6f9ecc92860fe578c5e58501,BAHIA,RIACHO DE SANTANA,BA,Brasil,t,interior,2926400,30711,13242.81,720.89,f,2026-08-01
831210b18dd0c25f44cbc271fa39af60,BAHIA,RIBEIRA DO AMPARO,BA,Brasil,t,interior,2926509,13841,14431.54,643.57,f,2026-08-01
91f45a6cb8f148c342dfb948d22c326d,BAHIA,RIBEIRA DO POMBAL,BA,Brasil,t,interior,2926608,54010,17013.15,869.51,f,2026-08-01
7429e71520bb39fca6bc9efc14bcf505,BAHIA,RIBEIRAO DO LARGO,BA,Brasil,t,interior,2926657,9740,13765.30,677.52,f,2026-08-01
489d13da8ddf96e3cd5a0e120784f2b7,BAHIA,RIO DE CONTAS,BA,Brasil,t,interior,2926707,13184,15051.27,888.97,f,2026-08-01
58c00e82ba2580cdd579dc125f9e4b96,BAHIA,RIO DO ANTONIO,BA,Brasil,t,interior,2926806,13146,10935.80,723.78,f,2026-08-01
f3b4309d8feb05d1ad48b74e581ad4cd,BAHIA,RIO DO PIRES,BA,Brasil,t,interior,2926905,10497,11355.91,739.04,f,2026-08-01
3276d929191c61a97190ed74af81d207,BAHIA,RIO REAL,BA,Brasil,t,interior,2927002,35362,36080.88,749.58,f,2026-08-01
27b9d4fff0956b17c21cf2daf81c318e,BAHIA,RODELAS,BA,Brasil,t,interior,2927101,10308,15766.20,697.59,f,2026-08-01
ad1041f16da07299f463f7c4911c0bbc,BAHIA,RUY BARBOSA,BA,Brasil,t,interior,2927200,28282,19020.79,819.06,f,2026-08-01
fdeede5e1d976e8ae60e7ce231d9cd34,BAHIA,SALINAS DA MARGARIDA,BA,Brasil,t,interior,2927309,14987,16686.53,675.29,f,2026-08-01
928d071efea11a3e4af200518518e855,BAHIA,SALVADOR,BA,Brasil,t,capital,2927408,2417678,31724.15,1770.35,f,2026-08-01
8cba0f537d6544cb3f827a0867161788,BAHIA,SANTA BARBARA,BA,Brasil,t,interior,2927507,20952,10962.77,722.28,f,2026-08-01
dc3a3a9ee4bb68fe167f4027ef0ade89,BAHIA,SANTA BRIGIDA,BA,Brasil,t,interior,2927606,14965,10797.19,578.63,f,2026-08-01
eb5212bce4191b9c2f140179fe42809b,BAHIA,SANTA CRUZ CABRALIA,BA,Brasil,t,interior,2927705,29185,22254.65,1012.34,f,2026-08-01
9fcc3fcadd4649e4008dbfbf1c942227,BAHIA,SANTA CRUZ DA VITORIA,BA,Brasil,t,interior,2927804,4681,16606.92,739.82,f,2026-08-01
940480ac0a5160aecbb9551be8c0a712,BAHIA,SANTA INES,BA,Brasil,t,interior,2927903,10300,11043.50,883.20,f,2026-08-01
f5ff543b12a6a68e7b4b05d6e7e2d13c,BAHIA,SANTA LUZIA,BA,Brasil,t,interior,2928059,13896,11884.36,769.97,f,2026-08-01
1342de4e3c71b86035bc793a22d6815d,BAHIA,SANTA MARIA DA VITORIA,BA,Brasil,t,interior,2928109,38604,18048.93,954.86,f,2026-08-01
0a6a5cdc55b6cbffaccad55d5cd328cf,BAHIA,SANTA RITA DE CASSIA,BA,Brasil,t,interior,2928406,27390,14216.87,771.05,f,2026-08-01
b23fd269e8c76976b66ddce436dc1554,BAHIA,SANTA TERESINHA,BA,Brasil,t,interior,,,,,,2026-08-01
b1ead9b0c4808e9914587085f4257103,BAHIA,SANTALUZ,BA,Brasil,t,interior,2928000,37834,17923.90,750.53,f,2026-08-01
0ef08c9078ad5800b86e58850bc1df3b,BAHIA,SANTANA,BA,Brasil,t,interior,2928208,24755,17234.62,777.82,f,2026-08-01
e770ea35e0f8dd195c2d5d22508b2fc7,BAHIA,SANTANOPOLIS,BA,Brasil,t,interior,2928307,8716,9692.75,741.39,f,2026-08-01
0d6f37dbcc5b3ccfb6f71168eeb5b1de,BAHIA,SANTO AMARO,BA,Brasil,t,interior,2928604,56012,24562.08,787.73,f,2026-08-01
f83a557fc06942a83884402d40182c65,BAHIA,SANTO ANTONIO DE JESUS,BA,Brasil,t,interior,2928703,103055,29386.39,1214.78,f,2026-08-01
e9350c14fca60b615a1258d6891e18cd,BAHIA,SANTO ESTEVAO,BA,Brasil,t,interior,2928802,52276,24779.36,816.54,f,2026-08-01
6ec92bdfbd8d65000a96904d2a37c0a3,BAHIA,SAO DESIDERIO,BA,Brasil,t,interior,2928901,32828,259713.11,921.65,f,2026-08-01
dd8a4216065e067de1a308aba6e7c031,BAHIA,SAO DOMINGOS,BA,Brasil,t,interior,2928950,8426,12938.52,842.87,f,2026-08-01
0b54db6ff41569ec7d44cd6e1a25e181,BAHIA,SAO FELIPE,BA,Brasil,t,interior,2929107,20283,13947.20,792.48,f,2026-08-01
45ba524a9b19cd5e106b7ce618047bc0,BAHIA,SAO FELIX,BA,Brasil,t,interior,2929008,11026,17963.54,759.68,f,2026-08-01
ee667fc229ff3b62286f94852be5b387,BAHIA,SAO FELIX DO CORIBE,BA,Brasil,t,interior,2929057,15194,18196.92,965.83,f,2026-08-01
f014ab814da760a4f60d45161125baad,BAHIA,SAO FRANCISCO DO CONDE,BA,Brasil,t,interior,2929206,38733,684319.24,794.44,f,2026-08-01
8faf139410a099f7264ef9ec7773af6f,BAHIA,SAO GABRIEL,BA,Brasil,t,interior,2929255,18600,10406.08,689.50,f,2026-08-01
ffb5a12eda18f358ced7ae743bcc1f03,BAHIA,SAO GONCALO DOS CAMPOS,BA,Brasil,t,interior,2929305,39513,42350.26,898.41,f,2026-08-01
7ecc96b71977b62dea6ba57d36a93e54,BAHIA,SAO JOSE DA VITORIA,BA,Brasil,t,interior,2929354,5315,13435.00,764.56,f,2026-08-01
65cbd96caf55e0a4946847c1af33f552,BAHIA,SAO JOSE DO JACUIPE,BA,Brasil,t,interior,2929370,10187,15138.02,711.00,f,2026-08-01
04209ed1159fc3900879187027ae7979,BAHIA,SAO MIGUEL DAS MATAS,BA,Brasil,t,interior,2929404,10334,20085.93,871.05,f,2026-08-01
9a0cc813f47193928eab415362587b1c,BAHIA,SAO SEBASTIAO DO PASSE,BA,Brasil,t,interior,2929503,40958,23367.57,884.62,f,2026-08-01
445d08fa002d6bcc7c971875da040891,BAHIA,SAPEACU,BA,Brasil,t,interior,2929602,17963,19139.62,796.57,f,2026-08-01
d467bb384ac92228dd53e5abddc7707d,BAHIA,SATIRO DIAS,BA,Brasil,t,interior,2929701,16008,22051.04,665.74,f,2026-08-01
67e1a4af880199ac3313d6ee0da56dc7,BAHIA,SAUBARA,BA,Brasil,t,interior,2929750,11438,15699.60,728.12,f,2026-08-01
9c0561cc7d72920158458907cb9e98aa,BAHIA,SAUDE,BA,Brasil,t,interior,2929800,10478,11540.18,828.22,f,2026-08-01
2a97b1c9c0154587c14c94b36399586d,BAHIA,SEABRA,BA,Brasil,t,interior,2929909,46160,18670.39,892.99,f,2026-08-01
a7beb467f7a9dc520f733ed153962190,BAHIA,SEBASTIAO LARANJEIRAS,BA,Brasil,t,interior,2930006,9360,13240.71,723.55,f,2026-08-01
af1f406b4100e15c3811af9e6ac18c20,BAHIA,SENHOR DO BONFIM,BA,Brasil,t,interior,2930105,74523,16914.54,1035.85,f,2026-08-01
a934af90ebe8ed10f8ab6bf6e3cca844,BAHIA,SENTO SE,BA,Brasil,t,interior,2930204,38154,41049.27,604.61,f,2026-08-01
6fcf8c9d0688b44af482bf53965370b0,BAHIA,SERRA DO RAMALHO,BA,Brasil,t,interior,2930154,34222,15226.64,748.40,f,2026-08-01
374da9becb1e71d35689c4baf5cded76,BAHIA,SERRA DOURADA,BA,Brasil,t,interior,2930303,17066,15317.71,736.13,f,2026-08-01
51198c001de1d11172df3c8167ab4886,BAHIA,SERRA PRETA,BA,Brasil,t,interior,2930402,17996,9738.72,726.76,f,2026-08-01
c6b984bc82c16db6cb2fbf8c49c7ea70,BAHIA,SERRINHA,BA,Brasil,t,interior,2930501,80435,17662.57,924.48,f,2026-08-01
d698badb8b5eb79ba092a12512b7c89c,BAHIA,SERROLANDIA,BA,Brasil,t,interior,2930600,13335,11529.81,814.99,f,2026-08-01
e3ff74af0f13ba994d647b7709f3b313,BAHIA,SIMOES FILHO,BA,Brasil,t,interior,2930709,114559,74270.21,884.11,f,2026-08-01
1ea7f9c150ed687bba6de52c4c0d3a6d,BAHIA,SITIO DO MATO,BA,Brasil,t,interior,2930758,13408,11486.28,626.52,f,2026-08-01
d542297d093edd9fb5ab4480b2eff2f1,BAHIA,SITIO DO QUINTO,BA,Brasil,t,interior,2930766,14773,11386.25,654.99,f,2026-08-01
e436fc6f87402202ae489a6439ba1f4c,BAHIA,SOBRADINHO,BA,Brasil,t,interior,2930774,25475,35664.14,846.24,f,2026-08-01
44d6d23f49ebcf5fd18363158b18dd59,BAHIA,SOUTO SOARES,BA,Brasil,t,interior,2930808,17054,10390.70,634.01,f,2026-08-01
6f57d4f0022573f15e0c35bc10dcf342,BAHIA,TABOCAS DO BREJO VELHO,BA,Brasil,t,interior,2930907,11979,28546.87,655.88,f,2026-08-01
f16f718eee84bd12283dbca913628322,BAHIA,TANHACU,BA,Brasil,t,interior,2931004,21006,15023.18,716.18,f,2026-08-01
12377996b137b6fdcd95ecec61890255,BAHIA,TANQUE NOVO,BA,Brasil,t,interior,2931053,17158,17335.06,672.28,f,2026-08-01
2e50e08385c2b8d48f1e6045e5c51bbe,BAHIA,TANQUINHO,BA,Brasil,t,interior,2931103,7717,10864.46,789.95,f,2026-08-01
97681dec254c7eff331fdbd3f2f8b471,BAHIA,TAPEROA,BA,Brasil,t,interior,2931202,18044,14114.50,725.65,f,2026-08-01
544e79d5d474bed40e9f191221050644,BAHIA,TAPIRAMUTA,BA,Brasil,t,interior,2931301,15818,11016.88,638.16,f,2026-08-01
90e6c162cad14e169c3ea86e1a0392ea,BAHIA,TEIXEIRA DE FREITAS,BA,Brasil,t,interior,2931350,145216,25278.01,1204.69,f,2026-08-01
cda27ca2c72b4da48fd9b644fe069ec1,BAHIA,TEODORO SAMPAIO,BA,Brasil,t,interior,2931400,7110,17353.16,773.05,f,2026-08-01
ca4d7bca010ea5f9373c9a9bc901706a,BAHIA,TEOFILANDIA,BA,Brasil,t,interior,2931509,21176,11243.77,794.16,f,2026-08-01
f5e992449ce710568dcc2f81527a688e,BAHIA,TEOLANDIA,BA,Brasil,t,interior,2931608,15332,18237.15,818.79,f,2026-08-01
83351b1b0a85a384de33907190adc055,BAHIA,TERRA NOVA,BA,Brasil,t,interior,2931707,10798,15268.66,797.69,f,2026-08-01
2a9b575934aad0f77480772988b74d10,BAHIA,TREMEDAL,BA,Brasil,t,interior,2931806,16296,10613.59,667.27,f,2026-08-01
b3d22491f79557a716576fb11959a2be,BAHIA,TUCANO,BA,Brasil,t,interior,2931905,48736,16897.39,798.18,f,2026-08-01
5b89ae3c94531afac56a93393b6a5e3c,BAHIA,UAUA,BA,Brasil,t,interior,2932002,24665,12905.41,701.98,f,2026-08-01
a4dda2c3616dc4d0a44957f305454b09,BAHIA,UBAIRA,BA,Brasil,t,interior,2932101,18626,16379.63,759.87,f,2026-08-01
5e1f773235f16704312f8a958442468a,BAHIA,UBAITABA,BA,Brasil,t,interior,2932200,17596,17961.98,979.40,f,2026-08-01
862d1d4708de2665f4ffaa447c6a61b1,BAHIA,UBATA,BA,Brasil,t,interior,2932309,16094,16416.86,768.37,f,2026-08-01
c2777e9635a51a06bedd3cb9f1fdac1b,BAHIA,UIBAI,BA,Brasil,t,interior,2932408,13432,13197.22,871.38,f,2026-08-01
849329d7e953c544e6089f4862699d6b,BAHIA,UMBURANAS,BA,Brasil,t,interior,2932457,13642,17516.13,641.00,f,2026-08-01
1f2d53c4ae73b4c0a9e1664e3ed16405,BAHIA,UNA,BA,Brasil,t,interior,2932507,18131,25024.05,926.31,f,2026-08-01
39b3de811535606b52d7f56ae9752a35,BAHIA,URANDI,BA,Brasil,t,interior,2932606,15355,15133.18,970.15,f,2026-08-01
38941141cea0d2b298784d10c276b949,BAHIA,URUCUCA,BA,Brasil,t,interior,2932705,21420,17933.99,975.66,f,2026-08-01
25dad19c1110ddceacc166eddcb19e41,BAHIA,UTINGA,BA,Brasil,t,interior,2932804,16277,18303.07,743.48,f,2026-08-01
a28efa08a3710623758f58d12094523e,BAHIA,VALENCA,BA,Brasil,t,interior,2932903,85655,25619.68,935.55,f,2026-08-01
1e46f3b735403c3bc987bc6cd4bcfb2c,BAHIA,VALENTE,BA,Brasil,t,interior,2933000,24362,14390.07,868.25,f,2026-08-01
a5bcd1d95fb3e4ade3aaa8f7db7b5ae6,BAHIA,VARZEA DA ROCA,BA,Brasil,t,interior,2933059,13800,11022.46,635.29,f,2026-08-01
ada2c215cf88f611048b6dfd43c08873,BAHIA,VARZEA DO POCO,BA,Brasil,t,interior,2933109,8101,19091.59,759.52,f,2026-08-01
d20145aedf67eaba4d2bcd386a8299c3,BAHIA,VARZEA NOVA,BA,Brasil,t,interior,2933158,13377,42839.20,676.06,f,2026-08-01
931209d08388c06868e950dc775ae123,BAHIA,VARZEDO,BA,Brasil,t,interior,2933174,9913,17445.27,679.67,f,2026-08-01
95672d9d8fb647ee01897cd087007b76,BAHIA,VERA CRUZ,BA,Brasil,t,interior,2933208,42529,16678.74,953.76,f,2026-08-01
d29909818bad522dc73127ea5f743845,BAHIA,VEREDA,BA,Brasil,t,interior,2933257,6003,19379.31,798.60,f,2026-08-01
6e3538fd0b6c6d26f4b352d4cf361c5b,BAHIA,VITORIA DA CONQUISTA,BA,Brasil,t,interior,2933307,370879,34152.84,1310.93,f,2026-08-01
1657a831a1124f7cf51e71a28eadb056,BAHIA,WAGNER,BA,Brasil,t,interior,2933406,9503,12134.17,680.62,f,2026-08-01
654dccafec4c3ce0a5b95c7c80de71b3,BAHIA,WANDERLEY,BA,Brasil,t,interior,2933455,12968,17773.90,803.96,f,2026-08-01
27bc732a4626682ee62596f490cf16ec,BAHIA,WENCESLAU GUIMARAES,BA,Brasil,t,interior,2933505,24474,17345.75,602.20,f,2026-08-01
484f5b9b0f6fd74e146d07da3fab29e9,BAHIA,XIQUE-XIQUE,BA,Brasil,t,interior,2933604,44757,17429.23,761.53,f,2026-08-01
6b42a5886ea4764dd3c4d79683e2c2f6,CEARA,ABAIARA,CE,Brasil,t,interior,2300101,10038,14318.59,677.33,f,2026-08-01
0289cd99e045dc07c4cc4cb7a3cb6d3a,CEARA,ACARAPE,CE,Brasil,t,interior,2300150,14027,15717.83,674.46,f,2026-08-01
9cf8e425d6e4060e6a28d2592b051fd5,CEARA,ACARAU,CE,Brasil,t,interior,2300200,65264,19156.82,694.70,f,2026-08-01
748f5d5ba03b52ab56846acca042097f,CEARA,ACOPIARA,CE,Brasil,t,interior,2300309,44962,15424.91,758.47,f,2026-08-01
51372bf28e87efce7d18ab0ccd22410b,CEARA,AIUABA,CE,Brasil,t,interior,2300408,14076,12011.65,659.88,f,2026-08-01
4f1f61a837538ac850881393d4e1b526,CEARA,ALCANTARAS,CE,Brasil,t,interior,2300507,11369,10171.78,753.79,f,2026-08-01
b2c0ebd3c87e3db85e779d7f7aa63766,CEARA,ALTANEIRA,CE,Brasil,t,interior,2300606,6782,13584.19,699.36,f,2026-08-01
d088e94a9cd23adc0d7ac4a8f124d99b,CEARA,ALTO SANTO,CE,Brasil,t,interior,2300705,14155,19347.44,803.58,f,2026-08-01
37ab8cf6e93f23c3015a6d6d7d5c4c39,CEARA,AMONTADA,CE,Brasil,t,interior,2300754,42156,19169.89,582.24,f,2026-08-01
fb37d9ad1b2affdef44590604dc03669,CEARA,ANTONINA DO NORTE,CE,Brasil,t,interior,2300804,7245,13967.01,793.02,f,2026-08-01
8d4ec139180e22ac7c52241ccdde672c,CEARA,APUIARES,CE,Brasil,t,interior,2300903,12928,12907.18,627.92,f,2026-08-01
320f9556fa596b5293627d223df1a1a1,CEARA,AQUIRAZ,CE,Brasil,t,interior,2301000,80645,60152.62,930.64,f,2026-08-01
ca8aa6819130a5a5ff9a3b2d202b216c,CEARA,ARACATI,CE,Brasil,t,interior,2301109,75113,26180.20,904.09,f,2026-08-01
590c011475636be64aedfdad4156959c,CEARA,ARACOIABA,CE,Brasil,t,interior,2301208,25553,13160.26,718.73,f,2026-08-01
ebb8d5b246474a718f88b6f11c14f8be,CEARA,ARARENDA,CE,Brasil,t,interior,2301257,11096,12925.74,623.37,f,2026-08-01
6a1c96b8e743e5c4ec20ff6370148c68,CEARA,ARARIPE,CE,Brasil,t,interior,2301307,19783,13100.54,545.54,f,2026-08-01
2da797ce9bec7b035e5e9f8f1d8be9d8,CEARA,ARATUBA,CE,Brasil,t,interior,2301406,11224,17022.01,732.99,f,2026-08-01
70f09d889e92750544ac0cc31f38cbed,CEARA,ARNEIROZ,CE,Brasil,t,interior,2301505,7429,11855.97,732.65,f,2026-08-01
64dc293ba6ba8d88c21673285a210c55,CEARA,ASSARE,CE,Brasil,t,interior,2301604,21697,14278.66,720.44,f,2026-08-01
f503ee6fac3610322b1f57491e41488b,CEARA,AURORA,CE,Brasil,t,interior,2301703,23714,12311.29,714.57,f,2026-08-01
c16f24402a917b131c4e8c4493c34045,CEARA,BAIXIO,CE,Brasil,t,interior,2301802,5704,12708.27,660.22,f,2026-08-01
3234cd889455afb434977531bdc12e25,CEARA,BANABUIU,CE,Brasil,t,interior,2301851,17195,18527.42,740.46,f,2026-08-01
169902f691873694df724d7410407b10,CEARA,BARBALHA,CE,Brasil,t,interior,2301901,75033,21942.40,1005.61,f,2026-08-01
22fea17abdb089af0f92fd437165466c,CEARA,BARREIRA,CE,Brasil,t,interior,2301950,22392,12926.27,713.88,f,2026-08-01
d49aec317110725c940759e45b9f7980,CEARA,BARRO,CE,Brasil,t,interior,2302008,19381,14785.46,729.66,f,2026-08-01
01f69aca3a1a139d7b0d1cb8467de7ed,CEARA,BARROQUINHA,CE,Brasil,t,interior,2302057,14567,11653.60,509.21,f,2026-08-01
174a81e1df15dea28fe2abd2f434f655,CEARA,BATURITE,CE,Brasil,t,interior,2302107,35218,16417.83,773.07,f,2026-08-01
a4315f1bbdad57575eb749bf042e1f3f,CEARA,BEBERIBE,CE,Brasil,t,interior,2302206,53114,27215.14,759.16,f,2026-08-01
81dd6214d2037629da5804ad2dfec1eb,CEARA,BELA CRUZ,CE,Brasil,t,interior,2302305,32775,11642.04,621.73,f,2026-08-01
21bfcf302e7af62863279c417b08ba9f,CEARA,BOA VIAGEM,CE,Brasil,t,interior,2302404,50411,14237.39,714.71,f,2026-08-01
8f329807a705f7c223095023fe1fc96e,CEARA,BREJO SANTO,CE,Brasil,t,interior,2302503,51090,24737.97,873.09,f,2026-08-01
e7801201d465e934c3f3e80203ba225d,CEARA,CAMOCIM,CE,Brasil,t,interior,2302602,62326,15770.10,731.25,f,2026-08-01
3f78619dbe67cc2f8ca769400299a9d4,CEARA,CAMPOS SALES,CE,Brasil,t,interior,2302701,25135,14724.77,748.63,f,2026-08-01
6674d2569947fa8c614a7cc47dab74a5,CEARA,CANINDE,CE,Brasil,t,interior,2302800,74174,16108.97,816.43,f,2026-08-01
72623730c17ecc6f9baf4dd52333c2af,CEARA,CAPISTRANO,CE,Brasil,t,interior,2302909,17254,13129.77,612.32,f,2026-08-01
361a748a7cc7b7932fbf99c8ce976440,CEARA,CARIDADE,CE,Brasil,t,interior,2303006,16377,12806.25,655.30,f,2026-08-01
031ea62647daaf769a3c2f8b906cb9c6,CEARA,CARIRE,CE,Brasil,t,interior,2303105,17632,13868.99,608.07,f,2026-08-01
a8cf5976a9bfc322fef56ffb5cdf8658,CEARA,CARIRIACU,CE,Brasil,t,interior,2303204,26320,11213.37,627.49,f,2026-08-01
09d3115431bd8250857b635b11766bde,CEARA,CARIUS,CE,Brasil,t,interior,2303303,17015,13504.03,681.18,f,2026-08-01
38db685acdc775876fa12671690f2b26,CEARA,CARNAUBAL,CE,Brasil,t,interior,2303402,17210,12252.47,654.73,f,2026-08-01
b1c1ea01ad6a9c0619faf19721b5954f,CEARA,CASCAVEL,CE,Brasil,t,interior,2303501,72720,18349.34,873.81,f,2026-08-01
b5d3d6524f498113154f62ce1c019f92,CEARA,CATARINA,CE,Brasil,t,interior,2303600,10243,14835.40,715.33,f,2026-08-01
ac0b448068e2e3bdc80e6f8cdd7c6165,CEARA,CATUNDA,CE,Brasil,t,interior,2303659,10444,13184.99,659.33,f,2026-08-01
b56a4e0f05ab940f392c490e4d16d9fd,CEARA,CAUCAIA,CE,Brasil,t,interior,2303709,355679,27759.74,947.97,f,2026-08-01
75dcb78feb19fdb4fbf75d9b35579508,CEARA,CEDRO,CE,Brasil,t,interior,2303808,22344,13608.58,857.12,f,2026-08-01
6834de0f17327244c4ab4b30ce81dcae,CEARA,CHAVAL,CE,Brasil,t,interior,2303907,12462,11331.33,672.47,f,2026-08-01
6843299ee3250e26751eab8734dac825,CEARA,CHORO,CE,Brasil,t,interior,2303931,12113,17458.85,549.53,f,2026-08-01
18f05e9f905fe95202f2df7ecbddd699,CEARA,CHOROZINHO,CE,Brasil,t,interior,2303956,20163,13329.66,723.23,f,2026-08-01
211c0cc1502528bf14ff0cdf17edf49c,CEARA,COREAU,CE,Brasil,t,interior,2304004,20953,12672.12,656.99,f,2026-08-01
255cc0364a143a1b2531cd21e1945ec3,CEARA,CRATEUS,CE,Brasil,t,interior,2304103,76390,16476.31,920.10,f,2026-08-01
afb30a72c32995633013336341073738,CEARA,CRATO,CE,Brasil,t,interior,2304202,131050,18661.33,1060.11,f,2026-08-01
7ed22db75b1fc11307b993ce69425dcb,CEARA,CROATA,CE,Brasil,t,interior,2304236,17481,16175.68,576.04,f,2026-08-01
6277b099782367d100516102a8ef7250,CEARA,CRUZ,CE,Brasil,t,interior,2304251,29761,19006.85,834.25,f,2026-08-01
f500b01d7e253384f72de9f2fd79c73c,CEARA,DEPUTADO IRAPUAN PINHEIRO,CE,Brasil,t,interior,2304269,8932,13929.91,606.51,f,2026-08-01
2df118c99e2b240f6de5ffc88e6564bc,CEARA,ERERE,CE,Brasil,t,interior,2304277,6474,15824.07,705.28,f,2026-08-01
3870f05117640903824457529309362b,CEARA,EUSEBIO,CE,Brasil,t,interior,2304285,74170,66608.49,2512.70,f,2026-08-01
4419f85c08ae80ab46a528268308689b,CEARA,FARIAS BRITO,CE,Brasil,t,interior,2304301,18217,13295.82,691.36,f,2026-08-01
2a21a83c3305f6e8174771c54dc9543f,CEARA,FORQUILHA,CE,Brasil,t,interior,2304350,24173,14326.07,727.41,f,2026-08-01
c975db81554867402494c9f6b552b00f,CEARA,FORTALEZA,CE,Brasil,t,capital,2304400,2428708,35796.74,1668.98,f,2026-08-01
7013175d7f679987c062b03a46a1ce1a,CEARA,FORTIM,CE,Brasil,t,interior,2304459,17294,22627.85,900.17,f,2026-08-01
ed7c8a4d462d147b84678d1da963c97d,CEARA,FRECHEIRINHA,CE,Brasil,t,interior,2304509,15657,27047.97,822.31,f,2026-08-01
7f260b3fff200e771d4e43a81d1d7966,CEARA,GENERAL SAMPAIO,CE,Brasil,t,interior,2304608,6734,14464.81,634.44,f,2026-08-01
72e92e5c70d52fa7e812790fce4c1a9c,CEARA,GRACA,CE,Brasil,t,interior,2304657,13801,11557.57,574.75,f,2026-08-01
ed17acc2079b08c693d4b9aefc612319,CEARA,GRANJA,CE,Brasil,t,interior,2304707,53344,10523.66,564.83,f,2026-08-01
2a3760c2e9b41c2db0f79782b4af5446,CEARA,GRANJEIRO,CE,Brasil,t,interior,2304806,4841,13935.76,693.39,f,2026-08-01
45f0f90ca15d8265eb29d914528d085b,CEARA,GROAIRAS,CE,Brasil,t,interior,2304905,10910,12462.60,753.78,f,2026-08-01
4021fc2bfc4115aaa128fed73c749df9,CEARA,GUAIUBA,CE,Brasil,t,interior,2304954,24325,12971.10,601.44,f,2026-08-01
3d88f2575e46e27d68a6a92a9e738b49,CEARA,GUARACIABA DO NORTE,CE,Brasil,t,interior,2305001,42053,20886.83,716.54,f,2026-08-01
cd64beaef85b0387f44b7be41f1621e9,CEARA,GUARAMIRANGA,CE,Brasil,t,interior,2305100,5654,18538.38,748.44,f,2026-08-01
1f3ee355cc43acb2972788c44a221883,CEARA,HIDROLANDIA,CE,Brasil,t,interior,2305209,17855,13420.72,659.36,f,2026-08-01
b6fa584f38fa65a50cbcfd7f2908f760,CEARA,HORIZONTE,CE,Brasil,t,interior,2305233,74755,39660.41,762.19,f,2026-08-01
8ace5b6f1eb417f2d593c1018a2834ae,CEARA,IBARETAMA,CE,Brasil,t,interior,2305266,11956,13697.31,624.16,f,2026-08-01
e7d3837e82644d5b89e27f316ea56134,CEARA,IBIAPINA,CE,Brasil,t,interior,2305308,23965,18022.32,692.97,f,2026-08-01
15267eaca7db51bc241c9f1d718e1c9a,CEARA,IBICUITINGA,CE,Brasil,t,interior,2305332,11611,12994.32,627.47,f,2026-08-01
cda151bd6b838f67d3f8d0ca218c55ad,CEARA,ICAPUI,CE,Brasil,t,interior,2305357,21433,21144.26,824.14,f,2026-08-01
89d3e7c84dbd3c4ba504b9d32a7c46eb,CEARA,ICO,CE,Brasil,t,interior,2305407,62642,14749.94,706.40,f,2026-08-01
3da005cfcb7abeb12ea24cd6efbbbc07,CEARA,IGUATU,CE,Brasil,t,interior,2305506,98064,23882.71,1009.72,f,2026-08-01
e316e6e4c92131535971560a196bc8cd,CEARA,INDEPENDENCIA,CE,Brasil,t,interior,2305605,24024,16988.34,705.50,f,2026-08-01
a210ec0a7a327d77877acb88f3c41b29,CEARA,IPAPORANGA,CE,Brasil,t,interior,2305654,11575,11589.63,648.09,f,2026-08-01
210fd7a5abc5ed9574d3dfa0a5c8b6b0,CEARA,IPAUMIRIM,CE,Brasil,t,interior,2305704,12083,15464.79,744.84,f,2026-08-01
ad7b3cd1c6008d908fd267a85136b661,CEARA,IPU,CE,Brasil,t,interior,2305803,41081,16467.93,735.80,f,2026-08-01
23b4bef95b1aea96c7d5ace8199d4b8a,CEARA,IPUEIRAS,CE,Brasil,t,interior,2305902,36798,11055.79,625.83,f,2026-08-01
657bf051462f378a45f452c20dad4b96,CEARA,IRACEMA,CE,Brasil,t,interior,2306009,14001,18081.14,850.77,f,2026-08-01
0bf8e26f19437c0687d34c75d97d6096,CEARA,IRAUCUBA,CE,Brasil,t,interior,2306108,23915,11357.81,584.86,f,2026-08-01
66716a278ec785ddaba2f9e83568f19f,CEARA,ITAICABA,CE,Brasil,t,interior,2306207,7536,13753.45,772.01,f,2026-08-01
40a064d3535199c2b6dc4727dfd70b3d,CEARA,ITAITINGA,CE,Brasil,t,interior,2306256,64650,36391.91,1008.70,f,2026-08-01
a296ce865bfdda78f04c494ea9e8eab8,CEARA,ITAPAJE,CE,Brasil,t,interior,2306306,46426,15971.93,687.35,f,2026-08-01
611c516427ba5568d0da9de1fde26f10,CEARA,ITAPIPOCA,CE,Brasil,t,interior,2306405,131123,19450.22,720.40,f,2026-08-01
05e4b63463ebe42e103984259627ad37,CEARA,ITAPIUNA,CE,Brasil,t,interior,2306504,17841,11994.79,597.58,f,2026-08-01
8eec0e0a0b0e94375349ca25d9086dbc,CEARA,ITAREMA,CE,Brasil,t,interior,2306553,42957,16555.28,642.63,f,2026-08-01
3184fb8d279e253eefdd83a8781945e5,CEARA,ITATIRA,CE,Brasil,t,interior,2306603,20424,11561.30,602.54,f,2026-08-01
7cc45eb1919c94a448745eae8ae28c6c,CEARA,JAGUARETAMA,CE,Brasil,t,interior,2306702,17232,18394.09,744.65,f,2026-08-01
6f1e766a8d61f8afb9910ae4bc2b1b4c,CEARA,JAGUARIBARA,CE,Brasil,t,interior,2306801,10356,18977.69,892.83,f,2026-08-01
ba6b0aff06195624cf6a670291bb1d67,CEARA,JAGUARIBE,CE,Brasil,t,interior,2306900,33726,21966.05,882.89,f,2026-08-01
337b8b03238cda468d0d28cbf065e69d,CEARA,JAGUARUANA,CE,Brasil,t,interior,2307007,31701,20980.10,789.66,f,2026-08-01
7de1d080f6bc55a05ea00b6baf9d7731,CEARA,JARDIM,CE,Brasil,t,interior,2307106,27411,13484.66,726.42,f,2026-08-01
28e28f24007f0a6b213a116de9bfc973,CEARA,JATI,CE,Brasil,t,interior,2307205,7861,16531.23,727.11,f,2026-08-01
820bd2cea45605bb7bff9c1ec7f09ccb,CEARA,JIJOCA DE JERICOACOARA,CE,Brasil,t,interior,2307254,25555,27829.90,968.32,f,2026-08-01
c887a6a50f0995548bd3edfef83a7867,CEARA,JUAZEIRO DO NORTE,CE,Brasil,t,interior,2307304,286120,22569.35,1021.94,f,2026-08-01
acf367b515416d5f7d49a2be3e60708d,CEARA,JUCAS,CE,Brasil,t,interior,2307403,23922,16319.29,694.23,f,2026-08-01
4db03f23a63832520b180327d97162b4,CEARA,LAVRAS DA MANGABEIRA,CE,Brasil,t,interior,2307502,30802,14447.11,677.99,f,2026-08-01
55d8b02c25e64538da430cce7393d8ae,CEARA,LIMOEIRO DO NORTE,CE,Brasil,t,interior,2307601,59560,31129.37,1128.21,f,2026-08-01
a16a408df973ba026d8213e6d033d67f,CEARA,MADALENA,CE,Brasil,t,interior,2307635,16896,12766.10,656.35,f,2026-08-01
972c068f2e2883b6fcd98f0e9e597a59,CEARA,MARACANAU,CE,Brasil,t,interior,2307650,234509,57738.06,910.74,f,2026-08-01
f7ce650053620f69a307144614d67e47,CEARA,MARANGUAPE,CE,Brasil,t,interior,2307700,105093,19137.28,833.02,f,2026-08-01
5a833edeee7d73d5163d4ccd1bc8ca7a,CEARA,MARCO,CE,Brasil,t,interior,2307809,25799,17579.63,584.74,f,2026-08-01
af1f276ed320744047bf752d8af3f711,CEARA,MARTINOPOLE,CE,Brasil,t,interior,2307908,10846,11568.50,622.75,f,2026-08-01
c6f93bc36df46ae5c395dba7711ce78d,CEARA,MASSAPE,CE,Brasil,t,interior,2308005,37697,12818.79,652.16,f,2026-08-01
9812a417bae702e76db8dd5affb2db21,CEARA,MAURITI,CE,Brasil,t,interior,2308104,45561,15532.30,667.97,f,2026-08-01
5431c7812f02f352caef71af22e76582,CEARA,MERUOCA,CE,Brasil,t,interior,2308203,15157,10995.84,752.71,f,2026-08-01
b13ebed2d439beda84c377bbd47a905f,CEARA,MILAGRES,CE,Brasil,t,interior,2308302,25900,12943.59,740.97,f,2026-08-01
a73cea176d47290c7448cf9c7caae84c,CEARA,MILHA,CE,Brasil,t,interior,2308351,14123,17718.69,827.51,f,2026-08-01
1cb88073b3a301e66d2300f11b021c57,CEARA,MIRAIMA,CE,Brasil,t,interior,2308377,14196,9964.92,453.17,f,2026-08-01
ccfe9a2bf20322cc49508cddb1b67fe4,CEARA,MISSAO VELHA,CE,Brasil,t,interior,2308401,36822,16247.38,629.90,f,2026-08-01
83861e3a9f6c6e5dfa2e20f4615a7518,CEARA,MOMBACA,CE,Brasil,t,interior,2308500,37735,14622.87,765.22,f,2026-08-01
a13ff814e15802de39f0a9615ae24c5a,CEARA,MONSENHOR TABOSA,CE,Brasil,t,interior,2308609,17149,12300.31,705.32,f,2026-08-01
49d299d5d9591a9bb3502944f821b72e,CEARA,MORADA NOVA,CE,Brasil,t,interior,2308708,61443,30564.62,842.15,f,2026-08-01
77ecf966ce3e9c049452077423bf6892,CEARA,MORAUJO,CE,Brasil,t,interior,2308807,8254,10427.67,763.44,f,2026-08-01
6459a6c5b9d1deed05ea7f23148f4543,CEARA,MORRINHOS,CE,Brasil,t,interior,2308906,22753,10547.84,667.16,f,2026-08-01
25c1c4c1ab6fb8f0ccbb4ba1c1293805,CEARA,MUCAMBO,CE,Brasil,t,interior,2309003,13666,12593.59,730.44,f,2026-08-01
52d425698cf6c76408342b353a183fec,CEARA,MULUNGU,CE,Brasil,t,interior,2309102,10569,13861.58,768.51,f,2026-08-01
a0a774c6c0dbc2d5e28a65a1829bd39e,CEARA,NOVA OLINDA,CE,Brasil,t,interior,2309201,15399,13431.98,674.97,f,2026-08-01
d79cafc5f48224106177176654045b7a,CEARA,NOVA RUSSAS,CE,Brasil,t,interior,2309300,30699,14103.00,744.82,f,2026-08-01
80cdf8591ed5afd03343ed5a1d989004,CEARA,NOVO ORIENTE,CE,Brasil,t,interior,2309409,27545,12477.11,771.68,f,2026-08-01
3ae87a9fc657f8538838794aa6d1b98f,CEARA,OCARA,CE,Brasil,t,interior,2309458,24493,13174.62,714.07,f,2026-08-01
4d5c27fe493bfdd3bf77eb17cd1de6f5,CEARA,OROS,CE,Brasil,t,interior,2309508,19675,13610.72,673.92,f,2026-08-01
6a1be56aaa3911fb2b2f7639b0f55159,CEARA,PACAJUS,CE,Brasil,t,interior,2309607,70983,25471.85,835.89,f,2026-08-01
5b8a25587d0bee027f5b26a1e352ba0d,CEARA,PACATUBA,CE,Brasil,t,interior,2309706,81524,21028.80,862.29,f,2026-08-01
cdccbc4e546b13b0358ca00af59b9b7b,CEARA,PACOTI,CE,Brasil,t,interior,2309805,11186,15678.44,720.80,f,2026-08-01
2260ac8971fb0c6acd810326322ee696,CEARA,PACUJA,CE,Brasil,t,interior,2309904,6175,13155.79,723.25,f,2026-08-01
d026d47e91f29c41ac80c341c885bb2d,CEARA,PALHANO,CE,Brasil,t,interior,2310001,9346,13392.04,838.31,f,2026-08-01
28ca82370bf2eb1d7c75f90deb329fbb,CEARA,PALMACIA,CE,Brasil,t,interior,2310100,10242,13792.62,689.96,f,2026-08-01
6d81bb5bb3d2ac4bf0cacc71659ac366,CEARA,PARACURU,CE,Brasil,t,interior,2310209,38980,17434.25,871.22,f,2026-08-01
18e0bde55de07a4d5208df30c79b2c45,CEARA,PARAIPABA,CE,Brasil,t,interior,2310258,32216,19061.65,813.25,f,2026-08-01
11793b9889450427af8520fe19ce88f2,CEARA,PARAMBU,CE,Brasil,t,interior,2310308,31445,11114.26,643.03,f,2026-08-01
a2a7de4f79ab7a6862f288d5665d1af0,CEARA,PARAMOTI,CE,Brasil,t,interior,2310407,10384,13246.63,569.94,f,2026-08-01
18dfda4ab59c8ea7e1ceb4ad6f77efa3,CEARA,PEDRA BRANCA,CE,Brasil,t,interior,2310506,40187,11973.95,667.71,f,2026-08-01
ef1642b80e585aec7b1e4b33ebfc6979,CEARA,PENAFORTE,CE,Brasil,t,interior,2310605,8972,16639.88,712.89,f,2026-08-01
4e9afd8f82d491f1122938f3ae0bb966,CEARA,PENTECOSTE,CE,Brasil,t,interior,2310704,37813,13810.54,733.42,f,2026-08-01
83d236dd4942d196869878afcd846341,CEARA,PEREIRO,CE,Brasil,t,interior,2310803,15274,43452.53,719.30,f,2026-08-01
3ccefd241e833d705c1ed2bba4a8acba,CEARA,PINDORETAMA,CE,Brasil,t,interior,2310852,23391,15531.36,794.00,f,2026-08-01
d5427bbb7e0dd010d984663b45f71d9c,CEARA,PIQUET CARNEIRO,CE,Brasil,t,interior,2310902,16616,12249.22,704.36,f,2026-08-01
b7842466856588035990ab71c458a268,CEARA,PIRES FERREIRA,CE,Brasil,t,interior,2310951,10606,9767.21,651.65,f,2026-08-01
d71f8f32fe2aa252f29ad1bb770ab115,CEARA,PORANGA,CE,Brasil,t,interior,2311009,12065,11515.38,654.04,f,2026-08-01
652bb5e24b6bd67b233a1b6e32847d8b,CEARA,PORTEIRAS,CE,Brasil,t,interior,2311108,17050,13631.55,829.82,f,2026-08-01
825a206d0832dba29bfa5e52b59505ed,CEARA,POTENGI,CE,Brasil,t,interior,2311207,8833,13696.48,604.42,f,2026-08-01
81f0bee4735a42c5f66dd27d05ede189,CEARA,POTIRETAMA,CE,Brasil,t,interior,2311231,5974,17466.52,756.94,f,2026-08-01
6178486ff74ed8940b1870f87a8ee9a9,CEARA,QUITERIANOPOLIS,CE,Brasil,t,interior,2311264,20213,12363.23,677.69,f,2026-08-01
103161f3c930627d52c23ab4519c756e,CEARA,QUIXADA,CE,Brasil,t,interior,2311306,84168,16923.75,888.08,f,2026-08-01
7aa976dc072c9ddd10cd80475e3ff2f8,CEARA,QUIXELO,CE,Brasil,t,interior,2311355,15910,15166.37,693.31,f,2026-08-01
5f54e036dac0f75d70cefe5a0edd9478,CEARA,QUIXERAMOBIM,CE,Brasil,t,interior,2311405,82177,23468.35,853.65,f,2026-08-01
bc481ce325258863e0ea75ddfc5442bf,CEARA,QUIXERE,CE,Brasil,t,interior,2311504,20874,38601.99,900.07,f,2026-08-01
7afd14a09b6bac51df054c2500257d86,CEARA,REDENCAO,CE,Brasil,t,interior,2311603,27214,19137.43,670.02,f,2026-08-01
52d3bc34ef9437fc4f5bae54a1c61d0d,CEARA,RERIUTABA,CE,Brasil,t,interior,2311702,18606,12820.49,724.54,f,2026-08-01
3f42b192b3511f558811e3b475f0f2e6,CEARA,RUSSAS,CE,Brasil,t,interior,2311801,72928,20809.29,867.47,f,2026-08-01
125e9a13830272df2b3f37132f511c0f,CEARA,SABOEIRO,CE,Brasil,t,interior,2311900,13854,13773.78,665.49,f,2026-08-01
24a7f5d803f536149bab21d52b795c21,CEARA,SALITRE,CE,Brasil,t,interior,2311959,16633,13369.75,544.51,f,2026-08-01
1fded74bcca039f1661babfd137e89f7,CEARA,SANTA QUITERIA,CE,Brasil,t,interior,2312205,40183,21382.80,770.52,f,2026-08-01
4b702d2330f9cfc90e16e484fcf59023,CEARA,SANTANA DO ACARAU,CE,Brasil,t,interior,2312007,30628,11499.02,587.81,f,2026-08-01
708c380b974c7b060dc85bb25a314994,CEARA,SANTANA DO CARIRI,CE,Brasil,t,interior,2312106,16954,11277.40,597.15,f,2026-08-01
bd7bf79ac7af6ce00ce6e2b07211541f,CEARA,SAO BENEDITO,CE,Brasil,t,interior,2312304,47640,18535.35,718.45,f,2026-08-01
0856f8b8978c6569818711f33e51d006,CEARA,SAO GONCALO DO AMARANTE,CE,Brasil,t,interior,2312403,54143,127594.94,834.41,f,2026-08-01
efca7d81463d00ab8b82c7fe895e5a0d,CEARA,SAO JOAO DO JAGUARIBE,CE,Brasil,t,interior,2312502,5855,23410.42,939.84,f,2026-08-01
379f525af211b78c8ba947364139a913,CEARA,SAO LUIS DO CURU,CE,Brasil,t,interior,2312601,10822,14876.82,622.89,f,2026-08-01
63a270671f33393af86bb85ed0237b68,CEARA,SENADOR POMPEU,CE,Brasil,t,interior,2312700,24266,19529.38,781.30,f,2026-08-01
45e48e10780386f3231575b6a2479f0a,CEARA,SENADOR SA,CE,Brasil,t,interior,2312809,7262,11328.84,623.36,f,2026-08-01
2cdbb5578a5fdd85d821fdec3e6bbd04,CEARA,SOBRAL,CE,Brasil,t,interior,2312908,203023,32454.10,1013.74,f,2026-08-01
0527f1563ef1bb4b1755ca7d49378f86,CEARA,SOLONOPOLE,CE,Brasil,t,interior,2313005,18179,20391.28,788.81,f,2026-08-01
4b2d31e064e448b10b0eb905b871877f,CEARA,TABULEIRO DO NORTE,CE,Brasil,t,interior,2313104,30652,19072.62,895.75,f,2026-08-01
c3e25b52cf9cf1bb1977a3bd0d5e26a9,CEARA,TAMBORIL,CE,Brasil,t,interior,2313203,24815,12863.27,688.17,f,2026-08-01
a2d04aad3ec482cb93de2070f2be4760,CEARA,TARRAFAS,CE,Brasil,t,interior,2313252,7529,15516.93,767.47,f,2026-08-01
0c68f2b050f5af07d4e4cd62d8d31397,CEARA,TAUA,CE,Brasil,t,interior,2313302,61227,15260.41,831.53,f,2026-08-01
eb31b1a7caeabaf3427a1ab65841e0b9,CEARA,TEJUCUOCA,CE,Brasil,t,interior,2313351,17154,10163.75,554.86,f,2026-08-01
767bc9945b1d867ed58a5d1c8d65a7b1,CEARA,TIANGUA,CE,Brasil,t,interior,2313401,81506,27792.47,844.10,f,2026-08-01
add4412e806458802ce1b40ff4a2af7f,CEARA,TRAIRI,CE,Brasil,t,interior,2313500,58415,17787.95,662.17,f,2026-08-01
ee0461325b2302c25c5137092fd9251e,CEARA,TURURU,CE,Brasil,t,interior,2313559,15412,10667.08,565.11,f,2026-08-01
24e2cf7d2a83d60ad9d24197c70fd825,CEARA,UBAJARA,CE,Brasil,t,interior,2313609,32767,25632.10,785.04,f,2026-08-01
f05303ee7af0e23973b0e5b2d3dd140c,CEARA,UMARI,CE,Brasil,t,interior,2313708,6871,12462.96,629.05,f,2026-08-01
4361af626f06904b5501cbb04ac6b259,CEARA,UMIRIM,CE,Brasil,t,interior,2313757,17470,12059.07,558.68,f,2026-08-01
11387e7ee4d05c874a0680652f9ad42c,CEARA,URUBURETAMA,CE,Brasil,t,interior,2313807,20189,22056.27,661.25,f,2026-08-01
73d0741c0b36611faa523741a8863930,CEARA,URUOCA,CE,Brasil,t,interior,2313906,13746,18516.95,611.47,f,2026-08-01
fad9dbb42df2fd3b22f40cc30ec8e03b,CEARA,VARJOTA,CE,Brasil,t,interior,2313955,18105,26958.52,702.29,f,2026-08-01
5a344b961193cb5330c473ff2c9e80b5,CEARA,VARZEA ALEGRE,CE,Brasil,t,interior,2314003,38984,14755.13,768.75,f,2026-08-01
a27b99cfb844896796ff2a86d7cef3b2,CEARA,VICOSA DO CEARA,CE,Brasil,t,interior,2314102,59712,12112.31,548.18,f,2026-08-01
c458c18fbda74d79db4dc5470277b0c1,DISTRITO FEDERAL,BRASILIA,DF,Brasil,t,capital,5300108,2817381,129790.44,2999.18,f,2026-08-01
70516eeda129ac7bff64992b861d12a0,ESPIRITO SANTO,AFONSO CLAUDIO,ES,Brasil,t,interior,3200102,30684,24123.97,1191.25,f,2026-08-01
328b594262f30f7b93450e65fd064f84,ESPIRITO SANTO,AGUA DOCE DO NORTE,ES,Brasil,t,interior,3200169,12042,19457.48,965.09,f,2026-08-01
ada02186d6e1e23bd375034fb3cf504a,ESPIRITO SANTO,AGUIA BRANCA,ES,Brasil,t,interior,3200136,9711,32288.95,1242.59,f,2026-08-01
208eefa3465c1f870a0b27913f3ef2df,ESPIRITO SANTO,ALEGRE,ES,Brasil,t,interior,3200201,29177,24063.71,1336.26,f,2026-08-01
df3006fa0c93edcad4485e002bbd803b,ESPIRITO SANTO,ALFREDO CHAVES,ES,Brasil,t,interior,3200300,13836,40863.33,1469.82,f,2026-08-01
98f91bbab7a4f3eb8fecafef3441d9e7,ESPIRITO SANTO,ALTO RIO NOVO,ES,Brasil,t,interior,3200359,7434,20511.84,1247.98,f,2026-08-01
d0a7c86f82d28f04ff136cb9ed825c5d,ESPIRITO SANTO,ANCHIETA,ES,Brasil,t,interior,3200409,29984,77293.86,1257.88,f,2026-08-01
4d317eb84808aa2c1cb8aa4e56eec30d,ESPIRITO SANTO,APIACA,ES,Brasil,t,interior,3200508,7223,20325.90,1138.77,f,2026-08-01
bf39e162ea496a884923e0cd94ccd4d1,ESPIRITO SANTO,ARACRUZ,ES,Brasil,t,interior,3200607,94765,81515.74,1507.13,f,2026-08-01
cc997c7927cd7c083814cb45a14acf6f,ESPIRITO SANTO,ATILIO VIVACQUA,ES,Brasil,t,interior,3200706,10540,43058.73,1103.70,f,2026-08-01
4533256a3df4a25c5d9227d2fbde006a,ESPIRITO SANTO,BAIXO GUANDU,ES,Brasil,t,interior,3200805,30674,29686.74,1257.09,f,2026-08-01
d1e204dbc663b4ab0b3112c5fd721b43,ESPIRITO SANTO,BARRA DE SAO FRANCISCO,ES,Brasil,t,interior,3200904,42498,31217.40,1262.47,f,2026-08-01
5b1bdcc7314cdd3916d68c936efcd3bc,ESPIRITO SANTO,BOA ESPERANCA,ES,Brasil,t,interior,3201001,13608,27367.58,1151.53,f,2026-08-01
ed8dd342f0395c9aeb0ec597a8a6539d,ESPIRITO SANTO,BOM JESUS DO NORTE,ES,Brasil,t,interior,3201100,10254,26307.59,1133.04,f,2026-08-01
2863aff78bd6aa5a1390bbb27e0d89b8,ESPIRITO SANTO,BREJETUBA,ES,Brasil,t,interior,3201159,12985,26388.76,1016.25,f,2026-08-01
c1fb1a546f804763ce069b9b8dce3b9b,ESPIRITO SANTO,CACHOEIRO DE ITAPEMIRIM,ES,Brasil,t,interior,3201209,185786,40872.58,1516.30,f,2026-08-01
d5bcb1ad4b6fd87f3266eccde4baa715,ESPIRITO SANTO,CARIACICA,ES,Brasil,t,interior,3201308,353491,55760.52,1244.17,f,2026-08-01
74c0afe0b09e2dd879da3fd7ccbd6d5a,ESPIRITO SANTO,CASTELO,ES,Brasil,t,interior,3201407,36930,37791.44,1634.05,f,2026-08-01
5e1d6bb6cbe61aa7e17a1e1ec7af0658,ESPIRITO SANTO,COLATINA,ES,Brasil,t,interior,3201506,120033,42971.06,1603.31,f,2026-08-01
572d030b024b309e44848aefb9e50488,ESPIRITO SANTO,CONCEICAO DA BARRA,ES,Brasil,t,interior,3201605,27458,24622.11,1122.43,f,2026-08-01
33504b340659431af2fafe5fff94c779,ESPIRITO SANTO,CONCEICAO DO CASTELO,ES,Brasil,t,interior,3201704,11937,29880.12,1352.34,f,2026-08-01
1ad5225ca0d45b80bc80549a23b3e4c6,ESPIRITO SANTO,DIVINO DE SAO LOURENCO,ES,Brasil,t,interior,3201803,5083,20058.63,1119.67,f,2026-08-01
aaea08f0bfef851131db9e3af564eba2,ESPIRITO SANTO,DOMINGOS MARTINS,ES,Brasil,t,interior,3201902,35416,36564.66,1477.15,f,2026-08-01
7b60b9766cda6f727b6413ddeac7e53e,ESPIRITO SANTO,DORES DO RIO PRETO,ES,Brasil,t,interior,3202009,6596,35214.98,1182.10,f,2026-08-01
fe81c74746241e246ff9d8d456f16785,ESPIRITO SANTO,ECOPORANGA,ES,Brasil,t,interior,3202108,21992,21882.64,1062.01,f,2026-08-01
9270f2c2d95d1b7b734905053d39ea9f,ESPIRITO SANTO,FUNDAO,ES,Brasil,t,interior,3202207,18014,33052.90,1406.78,f,2026-08-01
de6456134647f14ca41a394b5603ed1c,ESPIRITO SANTO,GOVERNADOR LINDENBERG,ES,Brasil,t,interior,3202256,11009,38914.80,1407.77,f,2026-08-01
f9e23e3a67c51df51f0f59d967507efb,ESPIRITO SANTO,GUACUI,ES,Brasil,t,interior,3202306,29358,26690.85,1302.02,f,2026-08-01
23ea0843bc35657b959cb75aa48febaa,ESPIRITO SANTO,GUARAPARI,ES,Brasil,t,interior,3202405,124656,27203.62,1656.50,f,2026-08-01
bd5883318dac02c6323c856c30959d3f,ESPIRITO SANTO,IBATIBA,ES,Brasil,t,interior,3202454,25380,22101.93,1074.38,f,2026-08-01
b7a801a0edd601ef020fa0f62a86fec6,ESPIRITO SANTO,IBIRACU,ES,Brasil,t,interior,3202504,11723,30683.87,1466.20,f,2026-08-01
120eea47763ea561705c0b781f31c13c,ESPIRITO SANTO,IBITIRAMA,ES,Brasil,t,interior,3202553,9520,21711.45,941.80,f,2026-08-01
c954e73c86d1008bc0be5822d0dda794,ESPIRITO SANTO,ICONHA,ES,Brasil,t,interior,3202603,12326,31241.36,1398.56,f,2026-08-01
1db1ebf992cd586de18606592c8d26be,ESPIRITO SANTO,IRUPI,ES,Brasil,t,interior,3202652,13710,20473.96,1269.82,f,2026-08-01
3578c991e696ad6eff3796a0868701e7,ESPIRITO SANTO,ITAGUACU,ES,Brasil,t,interior,3202702,13589,33349.25,1255.55,f,2026-08-01
bc22b9e1d13c43c60d35f31cfbe4e0fa,ESPIRITO SANTO,ITAPEMIRIM,ES,Brasil,t,interior,3202801,39832,154008.99,1072.13,f,2026-08-01
1093361e103d34a6a2a8c9b4c2a40b29,ESPIRITO SANTO,ITARANA,ES,Brasil,t,interior,3202900,10597,41638.29,1524.80,f,2026-08-01
f3d4627229b4bc804b9ebfaf7b9b947a,ESPIRITO SANTO,IUNA,ES,Brasil,t,interior,3203007,28590,25287.72,1187.08,f,2026-08-01
4b258d5905748c6e65e89627f87a110e,ESPIRITO SANTO,JAGUARE,ES,Brasil,t,interior,3203056,28931,43277.90,1288.05,f,2026-08-01
0dcbacd4e09e69ca95b4fa25597eebe3,ESPIRITO SANTO,JERONIMO MONTEIRO,ES,Brasil,t,interior,3203106,11575,18911.79,1357.18,f,2026-08-01
954ae8921768072a04e4275882425a59,ESPIRITO SANTO,JOAO NEIVA,ES,Brasil,t,interior,3203130,14079,43730.52,1585.86,f,2026-08-01
5d4abf6e96f0087752298631e88f8d2f,ESPIRITO SANTO,LARANJA DA TERRA,ES,Brasil,t,interior,3203163,11094,24601.95,1256.48,f,2026-08-01
4610b56f6cb7712d301a57b1d4de3f5a,ESPIRITO SANTO,LINHARES,ES,Brasil,t,interior,3203205,166786,60043.15,1472.50,f,2026-08-01
78c7db3ad4670f17b99e732282c6b0eb,ESPIRITO SANTO,MANTENOPOLIS,ES,Brasil,t,interior,3203304,12770,19640.02,1099.96,f,2026-08-01
4d7532f393fd3eb57a2cf7a47da665e9,ESPIRITO SANTO,MARATAIZES,ES,Brasil,t,interior,3203320,41929,169391.54,1247.27,f,2026-08-01
1692155f70a46bc2d20bcc62bda45806,ESPIRITO SANTO,MARECHAL FLORIANO,ES,Brasil,t,interior,3203346,17641,38704.78,1433.67,f,2026-08-01
ad52020084137d16399361236fc14fca,ESPIRITO SANTO,MARILANDIA,ES,Brasil,t,interior,3203353,12387,32651.41,1480.41,f,2026-08-01
aec58a4d38535bebc988c47117501679,ESPIRITO SANTO,MIMOSO DO SUL,ES,Brasil,t,interior,3203403,24475,28717.59,1139.00,f,2026-08-01
bdaba674e034a38f8f1c5e134a79de56,ESPIRITO SANTO,MONTANHA,ES,Brasil,t,interior,3203502,18900,29870.32,1129.12,f,2026-08-01
812aaab586988ae29aa05658d9611d10,ESPIRITO SANTO,MUCURICI,ES,Brasil,t,interior,3203601,5466,24883.83,1025.33,f,2026-08-01
e3131c8d86638ce66bd4d1b7f8d83d04,ESPIRITO SANTO,MUNIZ FREIRE,ES,Brasil,t,interior,3203700,18153,28091.11,1075.20,f,2026-08-01
52baaf873e6d61f14988bcb0fadc28fe,ESPIRITO SANTO,MUQUI,ES,Brasil,t,interior,3203809,13745,22399.78,1359.97,f,2026-08-01
c912fa986e6a7db421b985371a510dda,ESPIRITO SANTO,NOVA VENECIA,ES,Brasil,t,interior,3203908,49065,38441.27,1462.06,f,2026-08-01
03e7025642da3aaf29108a1cd549809a,ESPIRITO SANTO,PANCAS,ES,Brasil,t,interior,3204005,18893,24722.49,1188.19,f,2026-08-01
dbcff76661c7b68e675c18b11e118752,ESPIRITO SANTO,PEDRO CANARIO,ES,Brasil,t,interior,3204054,21522,25325.57,1091.36,f,2026-08-01
0b41fba5abbb4c89bf8387fd3d20952f,ESPIRITO SANTO,PINHEIROS,ES,Brasil,t,interior,3204104,23915,42846.58,1123.49,f,2026-08-01
f406cfc05689b1da3837545489b3c037,ESPIRITO SANTO,PIUMA,ES,Brasil,t,interior,3204203,22300,47358.88,1247.95,f,2026-08-01
5bc4beffe6a0151ec57e54759c14a606,ESPIRITO SANTO,PONTO BELO,ES,Brasil,t,interior,3204252,6497,21707.56,900.20,f,2026-08-01
c5e35a531d4f9c4fc7e0da4df20af41e,ESPIRITO SANTO,PRESIDENTE KENNEDY,ES,Brasil,t,interior,3204302,13696,537982.70,1101.94,f,2026-08-01
491275e996d0210013957d90e414142d,ESPIRITO SANTO,RIO BANANAL,ES,Brasil,t,interior,3204351,19274,40878.80,1231.12,f,2026-08-01
e0cdca3b49627214aee9b65de5d9763b,ESPIRITO SANTO,RIO NOVO DO SUL,ES,Brasil,t,interior,3204401,11069,26522.63,1277.89,f,2026-08-01
cf39dc434278e4323330a7abc4cf91cf,ESPIRITO SANTO,SANTA LEOPOLDINA,ES,Brasil,t,interior,3204500,13106,33545.25,1155.17,f,2026-08-01
8dff387b0d20874c521339053c8d07b0,ESPIRITO SANTO,SANTA MARIA DE JETIBA,ES,Brasil,t,interior,3204559,41636,62270.27,1374.43,f,2026-08-01
ff3ee730202facc3ef8c5ce9fa6c0ee8,ESPIRITO SANTO,SANTA TERESA,ES,Brasil,t,interior,3204609,22808,35982.07,1744.55,f,2026-08-01
727403163a834fef29878546feea1f95,ESPIRITO SANTO,SAO DOMINGOS DO NORTE,ES,Brasil,t,interior,3204658,8589,45586.80,1228.15,f,2026-08-01
378c206308072a3c5253c9f56992a8ce,ESPIRITO SANTO,SAO GABRIEL DA PALHA,ES,Brasil,t,interior,3204708,32252,30644.64,1370.65,f,2026-08-01
c75944eeeb934708c937df3e7e49eb23,ESPIRITO SANTO,SAO JOSE DO CALCADO,ES,Brasil,t,interior,3204807,10878,21218.24,1293.72,f,2026-08-01
f02c1b0c97f17a78687da8b02ccc36e0,ESPIRITO SANTO,SAO MATEUS,ES,Brasil,t,interior,3204906,123752,35194.88,1400.64,f,2026-08-01
3753bde581436f3db000e83859aed3dd,ESPIRITO SANTO,SAO ROQUE DO CANAA,ES,Brasil,t,interior,3204955,10886,27723.77,1243.74,f,2026-08-01
335eeafb8a0d3529a964e66d374ed38d,ESPIRITO SANTO,SERRA,ES,Brasil,t,interior,3205002,520653,72311.41,1541.03,f,2026-08-01
bb128601cd2bdabfa41f694fba88c836,ESPIRITO SANTO,SOORETAMA,ES,Brasil,t,interior,3205010,26502,34409.93,1154.25,f,2026-08-01
9f1d93d8c14fd1b661c02bc5d49102e4,ESPIRITO SANTO,VARGEM ALTA,ES,Brasil,t,interior,3205036,19563,26753.26,1316.67,f,2026-08-01
ec6253ecf09a3cb78dd9578db15bf3e4,ESPIRITO SANTO,VENDA NOVA DO IMIGRANTE,ES,Brasil,t,interior,3205069,23831,39671.52,1683.88,f,2026-08-01
ef02f773c48156eb86d6ac0a66b0831a,ESPIRITO SANTO,VIANA,ES,Brasil,t,interior,3205101,73423,81139.92,1186.66,f,2026-08-01
3b8122299fc6e0464a895a7c14a48a73,ESPIRITO SANTO,VILA PAVAO,ES,Brasil,t,interior,3205150,8911,23942.54,1069.92,f,2026-08-01
44942e92041bc13fcaad17567737d28d,ESPIRITO SANTO,VILA VALERIO,ES,Brasil,t,interior,3205176,13728,44849.36,1199.07,f,2026-08-01
93b816eabdd5a2bddfc535ba5410569e,ESPIRITO SANTO,VILA VELHA,ES,Brasil,t,interior,3205200,467722,42143.26,2232.27,f,2026-08-01
bdabd7bb164ea94e07002b72e5e156cc,ESPIRITO SANTO,VITORIA,ES,Brasil,t,capital,3205309,322869,87520.34,3351.64,f,2026-08-01
0500cefee771e7e704318b08f19c8b35,GOIAS,ABADIA DE GOIAS,GO,Brasil,t,interior,5200050,19128,24988.66,1180.20,f,2026-08-01
cdd0a58c0b000fb139fcb84f2923b4d9,GOIAS,ABADIANIA,GO,Brasil,t,interior,5200100,17232,36735.43,1120.29,f,2026-08-01
b6327aba072e15e30183d6b7281dac73,GOIAS,ACREUNA,GO,Brasil,t,interior,5200134,21568,55089.90,1489.52,f,2026-08-01
d5ca0eaf8bcb327005f1058a45d5a952,GOIAS,ADELANDIA,GO,Brasil,t,interior,5200159,2297,25897.26,1490.18,f,2026-08-01
3379fb5cc45b6f521ae0736980b62835,GOIAS,AGUA FRIA DE GOIAS,GO,Brasil,t,interior,5200175,4954,96142.11,1067.37,f,2026-08-01
eeec93248c066af0cac96ba5c9a3197e,GOIAS,AGUA LIMPA,GO,Brasil,t,interior,5200209,1858,40331.00,1517.07,f,2026-08-01
4475ef823150e4a0650bce255a9647f2,GOIAS,AGUAS LINDAS DE GOIAS,GO,Brasil,t,interior,5200258,225693,13567.92,1027.34,f,2026-08-01
1f55e4583011d51562d4900a2cc410ab,GOIAS,ALEXANIA,GO,Brasil,t,interior,5200308,27008,67842.16,1299.21,f,2026-08-01
cb9735ce0b5bbd19a5f75fa96f8effbc,GOIAS,ALOANDIA,GO,Brasil,t,interior,5200506,1973,33658.39,1654.76,f,2026-08-01
d4c61deee2d4857de145375b05a0c56a,GOIAS,ALTO HORIZONTE,GO,Brasil,t,interior,5200555,6072,102603.10,1527.35,f,2026-08-01
11c273d34ba987028cca1bb5e62f3e57,GOIAS,ALTO PARAISO DE GOIAS,GO,Brasil,t,interior,5200605,10306,39619.83,1767.85,f,2026-08-01
aac27dda9630b2342cca07188c66f60f,GOIAS,ALVORADA DO NORTE,GO,Brasil,t,interior,5200803,8446,26415.94,1143.51,f,2026-08-01
daf9b7b5e983265d750743b03576d1fb,GOIAS,AMARALINA,GO,Brasil,t,interior,5200829,3268,38127.60,1184.95,f,2026-08-01
13a83c166f70de0d35c0982cc31fbe26,GOIAS,AMERICANO DO BRASIL,GO,Brasil,t,interior,5200852,5259,20174.75,914.55,f,2026-08-01
715ba855840b3e7d273efd5e4bfda500,GOIAS,AMORINOPOLIS,GO,Brasil,t,interior,5200902,3007,43513.47,1484.20,f,2026-08-01
8514bd517dda7c155ef94c924468cb21,GOIAS,ANAPOLIS,GO,Brasil,t,interior,5201108,398869,51225.11,1723.02,f,2026-08-01
d762bc595d996f80f398928ef72f0f29,GOIAS,ANHANGUERA,GO,Brasil,t,interior,5201207,924,28937.23,1518.80,f,2026-08-01
fc5a3e12340727478bcfb9c0c55e33dc,GOIAS,ANICUNS,GO,Brasil,t,interior,5201306,18503,39481.38,1473.21,f,2026-08-01
a69521d4d5f96877d48806770ae00a26,GOIAS,APARECIDA DE GOIANIA,GO,Brasil,t,interior,5201405,527796,39577.67,1417.33,f,2026-08-01
b5809b88abb3973d6888748a79db0f49,GOIAS,APARECIDA DO RIO DOCE,GO,Brasil,t,interior,5201454,2907,52059.51,1436.79,f,2026-08-01
da48ab4a6db3bde345a559c031ec5579,GOIAS,APORE,GO,Brasil,t,interior,5201504,4325,119903.35,1507.57,f,2026-08-01
9a3aae8c67dc95a03bc4ceed8dc01e50,GOIAS,ARACU,GO,Brasil,t,interior,5201603,3799,22961.83,1368.99,f,2026-08-01
04e96de71007e2abef264cc6ad0b4d48,GOIAS,ARAGARCAS,GO,Brasil,t,interior,5201702,18390,19607.01,1333.37,f,2026-08-01
3195a0a18e74fa29417292d676162e50,GOIAS,ARAGOIANIA,GO,Brasil,t,interior,5201801,11890,20007.49,1165.08,f,2026-08-01
bc908543a4f5c12f9af32920dbbfe56f,GOIAS,ARAGUAPAZ,GO,Brasil,t,interior,5202155,7153,35344.33,1306.11,f,2026-08-01
b0f08da7a41ddfd670cb9d08612e2832,GOIAS,ARENOPOLIS,GO,Brasil,t,interior,5202353,2946,91292.26,1335.20,f,2026-08-01
d802616cc31643e8070c4461078f1e50,GOIAS,ARUANA,GO,Brasil,t,interior,5202502,8300,45773.61,1469.30,f,2026-08-01
13e8d1402a8547de5e17d6ef87c564c0,GOIAS,AURILANDIA,GO,Brasil,t,interior,5202601,3284,33910.78,1491.47,f,2026-08-01
8d8e1071a63606638525c75a4c4d053f,GOIAS,AVELINOPOLIS,GO,Brasil,t,interior,5202809,2868,29152.02,1395.39,f,2026-08-01
ada9e97c2d31cbdcdd29ebc040011380,GOIAS,BALIZA,GO,Brasil,t,interior,5203104,3351,52361.09,1183.70,f,2026-08-01
d76eb8af5a6682f20db4191fb051c9c8,GOIAS,BARRO ALTO,GO,Brasil,t,interior,5203203,10371,162586.73,1311.55,f,2026-08-01
e13622bd427725db64d0826d88a9c1d5,GOIAS,BELA VISTA DE GOIAS,GO,Brasil,t,interior,5203302,34445,57574.86,1637.71,f,2026-08-01
97c22b18a9aaed83ac20dbdb85e617ad,GOIAS,BOM JARDIM DE GOIAS,GO,Brasil,t,interior,5203401,7826,53432.92,1367.26,f,2026-08-01
7655fce84c7062630b1c530752d3d05e,GOIAS,BOM JESUS,GO,Brasil,t,interior,,,,,,2026-08-01
ddc88e377244619be98aed77d54eb5cc,GOIAS,BONFINOPOLIS,GO,Brasil,t,interior,5203559,10296,15396.27,1337.45,f,2026-08-01
88223bb6908c76e58b4f1ca424a7a78a,GOIAS,BONOPOLIS,GO,Brasil,t,interior,5203575,3299,85569.57,1200.67,f,2026-08-01
2ae843bf7769303383fd5a8714cd7bea,GOIAS,BRAZABRANTES,GO,Brasil,t,interior,5203609,3992,26656.31,1266.06,f,2026-08-01
1f9353f65ec8865c35efb5179163fe0a,GOIAS,BRITANIA,GO,Brasil,t,interior,5203807,5695,53643.02,1469.56,f,2026-08-01
cd7a436c5b0f91891597c955b7455763,GOIAS,BURITI ALEGRE,GO,Brasil,t,interior,5203906,10495,53513.20,1463.96,f,2026-08-01
d79ea15d1cd4f4be1c16ef450e31e1f9,GOIAS,BURITI DE GOIAS,GO,Brasil,t,interior,5203939,2732,28905.93,1419.51,f,2026-08-01
4dae6cd53a7429da99861130fdd5ed6c,GOIAS,BURITINOPOLIS,GO,Brasil,t,interior,5203962,3145,21624.80,883.67,f,2026-08-01
33df5feebdf45cda3c1b8d44832b6872,GOIAS,CABECEIRAS,GO,Brasil,t,interior,5204003,7560,64064.55,1170.16,f,2026-08-01
8ec70f71589b9825915aad2db19b9c47,GOIAS,CACHOEIRA ALTA,GO,Brasil,t,interior,5204102,11513,31716.32,1562.18,f,2026-08-01
b6de99ba3eece3c42140d184117beab2,GOIAS,CACHOEIRA DE GOIAS,GO,Brasil,t,interior,5204201,1405,32400.00,1196.62,f,2026-08-01
9d1002badcdb7549d69a29141eb9ddd4,GOIAS,CACHOEIRA DOURADA,GO,Brasil,t,interior,5204250,7782,114440.50,1531.74,f,2026-08-01
75ebbd00517752c1355c92be556886ab,GOIAS,CACU,GO,Brasil,t,interior,5204300,13774,88571.51,1796.75,f,2026-08-01
59ad3919613a0beb84402b2da5a97369,GOIAS,CAIAPONIA,GO,Brasil,t,interior,5204409,16513,88193.42,1652.40,f,2026-08-01
81665825c4f9e29812e44a58390e5713,GOIAS,CALDAS NOVAS,GO,Brasil,t,interior,5204508,98622,38348.68,1596.14,f,2026-08-01
76b1953b0cf5d55af46f30e7dd50296d,GOIAS,CALDAZINHA,GO,Brasil,t,interior,5204557,4507,22964.72,1384.25,f,2026-08-01
d4bb84044fc27d499e203840d67c430d,GOIAS,CAMPESTRE DE GOIAS,GO,Brasil,t,interior,5204607,3755,20841.54,1348.84,f,2026-08-01
418c550535ec1e7af94ff5b7fdcfe812,GOIAS,CAMPINACU,GO,Brasil,t,interior,5204656,3708,36668.02,1225.94,f,2026-08-01
075dc201062d47a2236d995860d47e0b,GOIAS,CAMPINORTE,GO,Brasil,t,interior,5204706,12510,33786.65,1364.05,f,2026-08-01
ed7d014331b77f85d663f9b890f5aa0d,GOIAS,CAMPO ALEGRE DE GOIAS,GO,Brasil,t,interior,5204805,7422,130003.37,1503.15,f,2026-08-01
37648a83da21f8a8c54628f9fec83e9c,GOIAS,CAMPO LIMPO DE GOIAS,GO,Brasil,t,interior,5204854,8081,29420.99,1141.62,f,2026-08-01
3c0ba692a54328ad6eeb7c25a634f6de,GOIAS,CAMPOS BELOS,GO,Brasil,t,interior,5204904,18108,22357.19,1105.23,f,2026-08-01
675609f4e47933f828c1aa51a1274b1a,GOIAS,CAMPOS VERDES,GO,Brasil,t,interior,5204953,4005,20215.73,1092.31,f,2026-08-01
d0bdb396a42ba6df4f81facf5a63db90,GOIAS,CARMO DO RIO VERDE,GO,Brasil,t,interior,5205000,9710,55986.30,1138.24,f,2026-08-01
293f8c03d9ecc403e9c8f89cae99baad,GOIAS,CASTELANDIA,GO,Brasil,t,interior,5205059,2985,47008.71,1362.98,f,2026-08-01
864983bb283892ce57336ddd66afe80e,GOIAS,CATALAO,GO,Brasil,t,interior,5205109,114427,90415.66,1978.99,f,2026-08-01
f391c9ad29e1a055c6c3f66334bdf073,GOIAS,CATURAI,GO,Brasil,t,interior,5205208,5184,24435.96,1173.84,f,2026-08-01
3e7b70f66b24e220c85002152c30dc24,GOIAS,CAVALCANTE,GO,Brasil,t,interior,5205307,9583,38945.95,992.49,f,2026-08-01
9f1176e44808ada8f0b51781a56ad48b,GOIAS,CERES,GO,Brasil,t,interior,5205406,22046,44727.25,1905.87,f,2026-08-01
81c70e9f85553853994699b7ba3f4877,GOIAS,CEZARINA,GO,Brasil,t,interior,5205455,8090,65904.82,1470.53,f,2026-08-01
22aa800e4b385984c6caf36ef22d59fb,GOIAS,CHAPADAO DO CEU,GO,Brasil,t,interior,5205471,12870,193162.86,2014.50,f,2026-08-01
578af341f7eec58f074fb4c581984eb0,GOIAS,CIDADE OCIDENTAL,GO,Brasil,t,interior,5205497,91767,14722.21,1257.39,f,2026-08-01
c8c58e836a4829d4fb39b89b82be599f,GOIAS,COCALZINHO DE GOIAS,GO,Brasil,t,interior,5205513,25016,21193.76,1124.98,f,2026-08-01
3c033c2b8a1a90bef7171ebb3d09f4ab,GOIAS,COLINAS DO SUL,GO,Brasil,t,interior,5205521,4030,21686.60,1094.18,f,2026-08-01
3dcb5a66d25f8401f1d21af3ffbdfb70,GOIAS,CORREGO DO OURO,GO,Brasil,t,interior,5205703,2454,35603.10,1696.12,f,2026-08-01
562792d40a7f92bc4661a0068327b907,GOIAS,CORUMBA DE GOIAS,GO,Brasil,t,interior,5205802,10562,32234.52,1266.95,f,2026-08-01
2c94f97be14c0f708222be4fddc3e5fa,GOIAS,CORUMBAIBA,GO,Brasil,t,interior,5205901,9164,118035.57,1501.21,f,2026-08-01
6b2e6ce732aa59760c3fc571090b744d,GOIAS,CRISTALINA,GO,Brasil,t,interior,5206206,62337,91562.28,1347.24,f,2026-08-01
d2acd6cad09d708ffb93d6053127fb5b,GOIAS,CRISTIANOPOLIS,GO,Brasil,t,interior,5206305,3504,38450.91,1545.25,f,2026-08-01
ec9efd4d5299eb66e63bc514501e0024,GOIAS,CRIXAS,GO,Brasil,t,interior,5206404,17065,35854.61,1438.23,f,2026-08-01
67f814505800a717d2a3651eec3af4b8,GOIAS,CROMINIA,GO,Brasil,t,interior,5206503,3883,36301.57,1625.46,f,2026-08-01
01d260922eaa51916c48479acb0c0342,GOIAS,CUMARI,GO,Brasil,t,interior,5206602,2927,39419.54,1392.56,f,2026-08-01
2a32885d6cd64a090f0f50cd677fbb79,GOIAS,DAMIANOPOLIS,GO,Brasil,t,interior,5206701,3770,15790.19,914.23,f,2026-08-01
3f42707fb3a99d522e18b64d6d6f539d,GOIAS,DAMOLANDIA,GO,Brasil,t,interior,5206800,2724,22248.16,1029.48,f,2026-08-01
aa4fd4647b02d1728e4b41f5d3ce1ffe,GOIAS,DAVINOPOLIS,GO,Brasil,t,interior,5206909,1902,261043.11,1201.26,f,2026-08-01
a7afb93dfe01936b7d037b09e73f2f6b,GOIAS,DIORAMA,GO,Brasil,t,interior,5207105,2062,59035.40,1362.30,f,2026-08-01
c105510a5d364f5f6c3564025c10cef7,GOIAS,DIVINOPOLIS DE GOIAS,GO,Brasil,t,interior,5208301,4457,25502.58,988.81,f,2026-08-01
958364dcb6532f1ffd0191822ffc98eb,GOIAS,DOVERLANDIA,GO,Brasil,t,interior,5207253,6956,98060.38,1501.93,f,2026-08-01
6955061743bba747e1a0a1374d25cb2f,GOIAS,EDEALINA,GO,Brasil,t,interior,5207352,4001,129033.49,1467.35,f,2026-08-01
839b632fb7f11373268dc282399ab233,GOIAS,EDEIA,GO,Brasil,t,interior,5207402,11747,101837.32,1592.09,f,2026-08-01
6c43f1ee760fa3018b76d10beec4abe1,GOIAS,ESTRELA DO NORTE,GO,Brasil,t,interior,5207501,3205,35473.01,1317.60,f,2026-08-01
75b483859cccd767aa119bd68db02363,GOIAS,FAINA,GO,Brasil,t,interior,5207535,7070,29893.49,1212.29,f,2026-08-01
d3c2cd1026e7a35819ae8f32dcf181b6,GOIAS,FAZENDA NOVA,GO,Brasil,t,interior,5207600,5877,42336.06,1503.77,f,2026-08-01
1c5cd706fb1e38ba37a6408925107b7b,GOIAS,FIRMINOPOLIS,GO,Brasil,t,interior,5207808,10419,33689.70,1777.07,f,2026-08-01
cf3015f13e950c9ce4f64bff7221e1de,GOIAS,FLORES DE GOIAS,GO,Brasil,t,interior,5207907,13744,20923.24,911.08,f,2026-08-01
5d50d881ddff1d9d66c0bebce952ca4b,GOIAS,FORMOSA,GO,Brasil,t,interior,5208004,115901,33806.77,1553.54,f,2026-08-01
2732ebff4babee2ac2eb04e1cf96023b,GOIAS,FORMOSO,GO,Brasil,t,interior,5208103,4660,28652.36,1442.82,f,2026-08-01
0863db8e271d94bbc5b41ee65e1cbaaf,GOIAS,GAMELEIRA DE GOIAS,GO,Brasil,t,interior,5208152,3456,70712.38,1420.81,f,2026-08-01
817654094f476010efc39f9322db0e99,GOIAS,GOIANAPOLIS,GO,Brasil,t,interior,5208400,13967,28378.25,1280.32,f,2026-08-01
b62ec19505c110f503d99550e3551802,GOIAS,GOIANDIRA,GO,Brasil,t,interior,5208509,4973,42375.23,1519.40,f,2026-08-01
dc209bbc22bcdff6ee4b3f9e4d6328aa,GOIAS,GOIANESIA,GO,Brasil,t,interior,5208608,73707,36519.49,1539.47,f,2026-08-01
6ade67a74b85a5a042ce30178332d2d7,GOIAS,GOIANIA,GO,Brasil,t,capital,5208707,1437366,52722.02,2668.80,f,2026-08-01
7d2968bf4db98e81f89d5c3f69728296,GOIAS,GOIANIRA,GO,Brasil,t,interior,5208806,71916,22313.35,1135.58,f,2026-08-01
22bd095217c9d0829eecf9a357a0fab8,GOIAS,GOIAS,GO,Brasil,t,interior,5208905,24071,32983.55,1718.77,f,2026-08-01
48b5cd55bccd4b3c2c4b9be1bfbcb5b7,GOIAS,GOIATUBA,GO,Brasil,t,interior,5209101,35664,76413.19,1689.55,f,2026-08-01
68b65dcab2fce39b14e32bd573821fb3,GOIAS,GOUVELANDIA,GO,Brasil,t,interior,5209150,4390,77029.61,1288.30,f,2026-08-01
0c3a74c7fd2017ff3f1a5419cde7691e,GOIAS,GUAPO,GO,Brasil,t,interior,5209200,19545,25445.59,1227.07,f,2026-08-01
68a61e06a824a533030deb6955e5741c,GOIAS,GUARAITA,GO,Brasil,t,interior,5209291,2188,27680.53,1292.35,f,2026-08-01
101691a3e0be5409605ad88d4d29151b,GOIAS,GUARANI DE GOIAS,GO,Brasil,t,interior,5209408,4085,24507.96,916.72,f,2026-08-01
2627f3164606af9b41666f6cade3f47d,GOIAS,GUARINOS,GO,Brasil,t,interior,5209457,2161,34033.78,1100.76,f,2026-08-01
a8af8e31a39f5436aa5e50f3ca05b710,GOIAS,HEITORAI,GO,Brasil,t,interior,5209606,3354,28788.61,1315.65,f,2026-08-01
8ebc89f4e54276e8186e38bda6bb2d63,GOIAS,HIDROLANDIA,GO,Brasil,t,interior,5209705,27742,55084.31,1626.34,f,2026-08-01
45a57e048189b3dcbca6404d297d487f,GOIAS,HIDROLINA,GO,Brasil,t,interior,5209804,3545,31310.86,1353.29,f,2026-08-01
26553c1de5193957b8d5fe02a08c54aa,GOIAS,IACIARA,GO,Brasil,t,interior,5209903,10584,25093.73,919.34,f,2026-08-01
6566b35f3b6461344572f0f27ee054de,GOIAS,INACIOLANDIA,GO,Brasil,t,interior,5209937,5954,62707.59,1249.96,f,2026-08-01
93503986a98a7d941810bd080ec7d7ac,GOIAS,INDIARA,GO,Brasil,t,interior,5209952,17061,44197.12,1441.09,f,2026-08-01
71e4c7df548feb23a5728c35373b7a1a,GOIAS,INHUMAS,GO,Brasil,t,interior,5210000,52204,36024.88,1498.36,f,2026-08-01
b92ef2deb68e760431e009c2125429ee,GOIAS,IPAMERI,GO,Brasil,t,interior,5210109,25548,109517.97,1527.05,f,2026-08-01
255bd724ab4aa9c90960c8d4fa3699b9,GOIAS,IPIRANGA DE GOIAS,GO,Brasil,t,interior,5210158,2919,32827.00,1315.82,f,2026-08-01
cdd3b5d2e876aa4f50c9663e85b20617,GOIAS,IPORA,GO,Brasil,t,interior,5210208,35684,34402.84,1748.63,f,2026-08-01
bec5a923d6b941350bc0ddba643789f8,GOIAS,ISRAELANDIA,GO,Brasil,t,interior,5210307,2560,35539.06,1254.54,f,2026-08-01
7fd845bc21105f298c6997ad17d135ba,GOIAS,ITABERAI,GO,Brasil,t,interior,5210406,44734,51540.42,1421.51,f,2026-08-01
6f6aa8d7498db786399876131bc36f79,GOIAS,ITAGUARI,GO,Brasil,t,interior,5210562,4963,25514.81,1331.54,f,2026-08-01
c7c8e53b9608b68a25906d8f9358891f,GOIAS,ITAGUARU,GO,Brasil,t,interior,5210604,4904,24447.19,1127.42,f,2026-08-01
19b271c3779e5d1b08b3236c8f0ad7c5,GOIAS,ITAJA,GO,Brasil,t,interior,5210802,4380,42992.24,1582.01,f,2026-08-01
a55e98060e544bd89fb34e335e2c03b5,GOIAS,ITAPACI,GO,Brasil,t,interior,5210901,21087,28449.19,1335.74,f,2026-08-01
1a183f865c9f2878a7a0afdd81ec9353,GOIAS,ITAPIRAPUA,GO,Brasil,t,interior,5211008,8007,37498.56,1503.44,f,2026-08-01
d4a8a18c636a27b98d13dbfe7d3bedc5,GOIAS,ITAPURANGA,GO,Brasil,t,interior,5211206,26113,28143.57,1371.33,f,2026-08-01
53f232528ec55ca49acd688eec1fba85,GOIAS,ITARUMA,GO,Brasil,t,interior,5211305,6101,67588.76,1776.07,f,2026-08-01
8e783e0ee5f3a336fc312670517f33b3,GOIAS,ITAUCU,GO,Brasil,t,interior,5211404,7736,46490.56,1451.46,f,2026-08-01
dea0348435969346843262c7291963a9,GOIAS,ITUMBIARA,GO,Brasil,t,interior,5211503,107970,60714.79,1838.90,f,2026-08-01
f30807b7e10afd02bdce724517243ecd,GOIAS,IVOLANDIA,GO,Brasil,t,interior,5211602,2693,54111.40,1548.54,t,2026-08-01
efb2b506d28d77befe8d3f230fb4383f,GOIAS,JANDAIA,GO,Brasil,t,interior,5211701,6272,71224.97,1620.89,f,2026-08-01
e8839d140250632eec434664e12a9034,GOIAS,JARAGUA,GO,Brasil,t,interior,5211800,45223,26652.28,1313.47,f,2026-08-01
56b58c8946f434daace8de6503745042,GOIAS,JATAI,GO,Brasil,t,interior,5211909,105729,94828.45,1818.86,f,2026-08-01
4545f5076272de5b4f7245dc12f80304,GOIAS,JAUPACI,GO,Brasil,t,interior,5212006,2924,38511.29,994.09,f,2026-08-01
0d1da110f82591c3c05df0f7515379bc,GOIAS,JESUPOLIS,GO,Brasil,t,interior,5212055,2123,24131.89,1290.01,f,2026-08-01
db4b3b78fe4525a02b6ffd950a79950b,GOIAS,JOVIANIA,GO,Brasil,t,interior,5212105,7159,59109.51,1785.45,f,2026-08-01
96a02eed3955e1e5631c5bffd26766ee,GOIAS,JUSSARA,GO,Brasil,t,interior,5212204,19620,45074.72,1661.84,f,2026-08-01
735aed65f21e317134aa3427ed522504,GOIAS,LAGOA SANTA,GO,Brasil,t,interior,5212253,1390,48382.01,1385.97,f,2026-08-01
38ac64d499dc81882153595366eff191,GOIAS,LEOPOLDO DE BULHOES,GO,Brasil,t,interior,5212303,8745,51725.79,1248.93,f,2026-08-01
7729210e8a3c79fbcda4f667deabce3f,GOIAS,LUZIANIA,GO,Brasil,t,interior,5212501,209129,29956.01,1154.28,f,2026-08-01
3db9f1134ecf0abd9056752c86af854d,GOIAS,MAIRIPOTABA,GO,Brasil,t,interior,5212600,2561,39573.60,1624.03,f,2026-08-01
52bd1568913d15953cb1a0c39559d6a9,GOIAS,MAMBAI,GO,Brasil,t,interior,5212709,8124,17189.81,1009.52,f,2026-08-01
e39acae6a431a66c8328f71935fc80fa,GOIAS,MARA ROSA,GO,Brasil,t,interior,5212808,10700,38460.56,1531.62,f,2026-08-01
c8bd9511c6fb5517addf92a144b7c73a,GOIAS,MARZAGAO,GO,Brasil,t,interior,5212907,2758,27658.09,1499.44,f,2026-08-01
f45cf2f02311816b26906d795b0ca2aa,GOIAS,MATRINCHA,GO,Brasil,t,interior,5212956,4042,55674.17,1160.03,f,2026-08-01
14f03bf84a3adc7535756c7b70904939,GOIAS,MAURILANDIA,GO,Brasil,t,interior,5213004,10304,31784.55,1294.83,f,2026-08-01
60f24829af1cbb70d8373063349df4ab,GOIAS,MIMOSO DE GOIAS,GO,Brasil,t,interior,5213053,2614,68541.70,1104.60,f,2026-08-01
28eb857fa1cae8a92fb38327967c0266,GOIAS,MINACU,GO,Brasil,t,interior,5213087,27075,47516.05,1290.17,f,2026-08-01
f9992dd6e0490f2c2fba1eac05c83380,GOIAS,MINEIROS,GO,Brasil,t,interior,5213103,70081,64729.74,1576.30,f,2026-08-01
35820f03cfe68007a3d466113a77fd8b,GOIAS,MOIPORA,GO,Brasil,t,interior,5213400,1685,43404.15,1576.61,f,2026-08-01
d08837d88c919aff1de4e0179592c5a4,GOIAS,MONTE ALEGRE DE GOIAS,GO,Brasil,t,interior,5213509,6692,21187.99,817.02,f,2026-08-01
e82c6bce0fa5389af91dc1b6391eb112,GOIAS,MONTES CLAROS DE GOIAS,GO,Brasil,t,interior,5213707,8756,93427.25,1724.65,f,2026-08-01
14fcb141e17eea396b3737e0a120ee9d,GOIAS,MONTIVIDIU,GO,Brasil,t,interior,5213756,12521,129369.78,1765.18,f,2026-08-01
3252feb6518c84c6275c19f10528a545,GOIAS,MONTIVIDIU DO NORTE,GO,Brasil,t,interior,5213772,3779,32816.88,1049.67,f,2026-08-01
0ebf8f04f0d68e9d75deeaa598754676,GOIAS,MORRINHOS,GO,Brasil,t,interior,5213806,51351,49152.36,1637.60,f,2026-08-01
4a32d10fc9620b0cd030d8a5ceb0f74e,GOIAS,MORRO AGUDO DE GOIAS,GO,Brasil,t,interior,5213855,2456,28089.58,1081.81,f,2026-08-01
011f835cb4f3928500aeb0acf4356421,GOIAS,MOSSAMEDES,GO,Brasil,t,interior,5213905,4654,36734.64,1488.19,f,2026-08-01
e8f3456dfa718db29c66611eb906abab,GOIAS,MOZARLANDIA,GO,Brasil,t,interior,5214002,14750,92677.02,1506.16,f,2026-08-01
d77eb68c6ddbe9d3f0a109f73c6a8ae7,GOIAS,MUNDO NOVO,GO,Brasil,t,interior,5214051,6189,51685.25,1347.87,f,2026-08-01
71f887f5b05fa787166118d7e3250a51,GOIAS,MUTUNOPOLIS,GO,Brasil,t,interior,5214101,3564,29660.77,1101.70,f,2026-08-01
ed2b7640fb825b4a93058492d4d14cf6,GOIAS,NAZARIO,GO,Brasil,t,interior,5214408,8189,38253.51,1255.13,f,2026-08-01
530fec8a238f191186a81d1cc5929f78,GOIAS,NEROPOLIS,GO,Brasil,t,interior,5214507,31932,48493.42,1390.60,f,2026-08-01
938b99202bdc34467ed7da74db8d5555,GOIAS,NIQUELANDIA,GO,Brasil,t,interior,5214606,34964,43362.40,1385.45,f,2026-08-01
6a9aac636713d4333e86dfc1e487a98f,GOIAS,NOVA AMERICA,GO,Brasil,t,interior,5214705,2337,25982.46,1100.11,f,2026-08-01
224cf0f53752d87f8549e1c20df6253b,GOIAS,NOVA AURORA,GO,Brasil,t,interior,5214804,2101,33969.06,1465.60,f,2026-08-01
a17bed9059eb0573582db3767a359a79,GOIAS,NOVA CRIXAS,GO,Brasil,t,interior,5214838,12815,72741.71,1606.50,f,2026-08-01
4e54f119c307d1b533ee16d107587efa,GOIAS,NOVA GLORIA,GO,Brasil,t,interior,5214861,8310,23606.26,1215.39,f,2026-08-01
0f9e1d9fc147cfc33e6e10bae485b6d4,GOIAS,NOVA IGUACU DE GOIAS,GO,Brasil,t,interior,5214879,3010,24244.19,1397.76,f,2026-08-01
48b931960ab11f4545f6b2110e32f26f,GOIAS,NOVA ROMA,GO,Brasil,t,interior,5214903,3076,26303.64,1060.47,f,2026-08-01
f6951c5eb84e40eb79f74e46c954fde8,GOIAS,NOVA VENEZA,GO,Brasil,t,interior,5215009,9481,27602.68,1427.24,f,2026-08-01
8b147db1124457eb699455ae92ff7723,GOIAS,NOVO BRASIL,GO,Brasil,t,interior,5215207,3527,29965.13,1369.21,f,2026-08-01
028b1f15b1b38e1de26fca12fc7ddd9b,GOIAS,NOVO GAMA,GO,Brasil,t,interior,5215231,103804,13005.12,1000.39,f,2026-08-01
c995c9eb2884f69485b5c8e304dcc44d,GOIAS,NOVO PLANALTO,GO,Brasil,t,interior,5215256,3716,51362.22,1129.16,f,2026-08-01
c1bb7280e93353f729dbcb77611cfaeb,GOIAS,ORIZONA,GO,Brasil,t,interior,5215306,16399,69978.90,1855.19,f,2026-08-01
ecae6f1a6326af6f3a175edd5b2977ee,GOIAS,OURO VERDE DE GOIAS,GO,Brasil,t,interior,5215405,4057,53568.15,1332.08,f,2026-08-01
8741552ec714e595f7ba752170bf88f4,GOIAS,OUVIDOR,GO,Brasil,t,interior,5215504,7200,67599.58,1528.14,f,2026-08-01
35a104ccc6443a24eacb629db2ffb908,GOIAS,PADRE BERNARDO,GO,Brasil,t,interior,5215603,34967,29631.97,984.91,f,2026-08-01
9100a75d47db38a53ce3f88849c28a65,GOIAS,PALESTINA DE GOIAS,GO,Brasil,t,interior,5215652,3132,82863.35,1405.74,f,2026-08-01
c0b2e8ce873ef1b62149c9c00c67bce4,GOIAS,PALMEIRAS DE GOIAS,GO,Brasil,t,interior,5215702,31858,65399.15,1337.68,f,2026-08-01
4dd710458ece0ad5ae0f174294bfbdee,GOIAS,PALMELO,GO,Brasil,t,interior,5215801,2259,26091.63,1688.91,f,2026-08-01
f25aa30fdd988a16c459021488b8a55f,GOIAS,PALMINOPOLIS,GO,Brasil,t,interior,5215900,3851,60704.23,1410.92,f,2026-08-01
9ad747f6bd43f65a35b0c4a9f6a46f08,GOIAS,PANAMA,GO,Brasil,t,interior,5216007,2455,84715.68,1380.71,f,2026-08-01
fde13b9ac03706fc078cf161ed12df1e,GOIAS,PARANAIGUARA,GO,Brasil,t,interior,5216304,7607,41781.25,1222.10,f,2026-08-01
35c124b61f7f0dc7b30d45603ec62480,GOIAS,PARAUNA,GO,Brasil,t,interior,5216403,10659,171201.43,1539.70,f,2026-08-01
a4e9e1b817613eb8c91c1321cafd8302,GOIAS,PEROLANDIA,GO,Brasil,t,interior,5216452,2964,266805.33,1469.08,f,2026-08-01
d3b6e5963443d367b771c7701d7f9567,GOIAS,PETROLINA DE GOIAS,GO,Brasil,t,interior,5216809,9573,25576.41,1336.02,f,2026-08-01
e0f5d5b355ace1c2ae039800c460bb12,GOIAS,PILAR DE GOIAS,GO,Brasil,t,interior,5216908,2328,52039.09,1090.50,f,2026-08-01
51da69dba1850d5401b8d297a975e841,GOIAS,PIRACANJUBA,GO,Brasil,t,interior,5217104,24883,52716.59,1876.46,f,2026-08-01
df00e50794e0f8d4d7b74cacfdee8dc0,GOIAS,PIRANHAS,GO,Brasil,t,interior,5217203,11712,81379.10,1598.10,f,2026-08-01
f6790023b641532319d4c9d1bd617bfd,GOIAS,PIRENOPOLIS,GO,Brasil,t,interior,5217302,26690,31101.12,1492.76,f,2026-08-01
6c5683e17ed2de3a3b72d1a6b2302eab,GOIAS,PIRES DO RIO,GO,Brasil,t,interior,5217401,32373,59566.98,1745.69,f,2026-08-01
3e670adddce6628511a54116a1ff6548,GOIAS,PLANALTINA,GO,Brasil,t,interior,5217609,105031,18469.82,996.10,f,2026-08-01
0274cbaf39c3491777ef2e7e454cbff1,GOIAS,PONTALINA,GO,Brasil,t,interior,5217708,18309,45881.92,1692.99,f,2026-08-01
5e4bfb19be9af5ab6be76d8ef2a0a3ae,GOIAS,PORANGATU,GO,Brasil,t,interior,5218003,44317,46772.73,1524.50,f,2026-08-01
a033279fcc5518bebcd1cf96402893bc,GOIAS,PORTEIRAO,GO,Brasil,t,interior,5218052,4070,95414.99,1696.91,f,2026-08-01
1de07170f1c7eceac7478d3fbb5ec6e3,GOIAS,PORTELANDIA,GO,Brasil,t,interior,5218102,3280,93165.85,1368.96,f,2026-08-01
0a4b52c4afa60739e2f2b27a0de13d2b,GOIAS,POSSE,GO,Brasil,t,interior,5218300,34914,26869.59,1333.77,f,2026-08-01
4258fbd6ddf1edd3157b77eee7470571,GOIAS,PROFESSOR JAMIL,GO,Brasil,t,interior,5218391,3649,23793.64,1453.05,f,2026-08-01
e909869c4b8da4e19c78eef58083d335,GOIAS,QUIRINOPOLIS,GO,Brasil,t,interior,5218508,48447,64472.60,1722.78,f,2026-08-01
a7bfb5d337c22ee00ebbfa0bef5068ca,GOIAS,RIALMA,GO,Brasil,t,interior,5218607,12165,33770.16,1469.23,f,2026-08-01
f56f5d188b28380abe9389d445a59b65,GOIAS,RIANAPOLIS,GO,Brasil,t,interior,5218706,3980,31508.04,1482.64,f,2026-08-01
2b2be60b4efc798e71b34b64721d35c2,GOIAS,RIO QUENTE,GO,Brasil,t,interior,5218789,3864,149884.58,1613.63,f,2026-08-01
ad8e5382178fcadbbbe82ca7f6050300,GOIAS,RIO VERDE,GO,Brasil,t,interior,5218805,225696,98849.92,1822.67,f,2026-08-01
64a31fbc74ad2869992d9d861df472f3,GOIAS,RUBIATABA,GO,Brasil,t,interior,5218904,19788,38782.04,1478.55,f,2026-08-01
ece4ead8f41451fba0f03e9bebbd49b7,GOIAS,SANCLERLANDIA,GO,Brasil,t,interior,5219001,7918,35271.28,1561.85,f,2026-08-01
8e8d04afca83dbab653bc63dd9ec1648,GOIAS,SANTA BARBARA DE GOIAS,GO,Brasil,t,interior,5219100,6149,29831.03,1408.78,f,2026-08-01
44d8814717cdf970207dc58370450b71,GOIAS,SANTA CRUZ DE GOIAS,GO,Brasil,t,interior,5219209,3002,97677.88,1776.30,f,2026-08-01
f20f180069d30b8974f0df3a1056fa93,GOIAS,SANTA FE DE GOIAS,GO,Brasil,t,interior,5219258,4951,70870.73,1530.95,f,2026-08-01
021817e52dbff9b7c5f7047ea42fccaa,GOIAS,SANTA HELENA DE GOIAS,GO,Brasil,t,interior,5219308,38492,51848.49,1538.33,f,2026-08-01
45afd744e9857b3ca3a8f29d9b439daa,GOIAS,SANTA ISABEL,GO,Brasil,t,interior,5219357,3538,41745.05,1333.06,f,2026-08-01
cddb7e4082bac713cec6e3aa94399489,GOIAS,SANTA RITA DO ARAGUAIA,GO,Brasil,t,interior,5219407,5924,36493.75,1156.18,f,2026-08-01
0d18e888f5dac87a2cdb43f8d3e12e52,GOIAS,SANTA RITA DO NOVO DESTINO,GO,Brasil,t,interior,5219456,2689,66798.07,961.70,f,2026-08-01
dae30697f543f20c32533d6f9ef82725,GOIAS,SANTA ROSA DE GOIAS,GO,Brasil,t,interior,5219506,2820,35736.52,1247.28,f,2026-08-01
ffb587397bee8df2e90c6ba6c6656279,GOIAS,SANTA TEREZA DE GOIAS,GO,Brasil,t,interior,5219605,3293,32029.76,1239.43,f,2026-08-01
7e145efd969e8de32e51a049daa38dd2,GOIAS,SANTA TEREZINHA DE GOIAS,GO,Brasil,t,interior,5219704,10645,24415.88,1239.58,f,2026-08-01
d46ddf324d2b6983bc6089d4d11c5a6f,GOIAS,SANTO ANTONIO DA BARRA,GO,Brasil,t,interior,5219712,4267,77168.27,1279.99,f,2026-08-01
c074f3333f26c4ac9997c165967360fc,GOIAS,SANTO ANTONIO DE GOIAS,GO,Brasil,t,interior,5219738,7386,27092.61,1735.60,f,2026-08-01
fddb7be281fc086c6c07ce1c7c436064,GOIAS,SANTO ANTONIO DO DESCOBERTO,GO,Brasil,t,interior,5219753,72127,13488.69,1046.54,f,2026-08-01
e56a14188210c9a9e7bc713bfda1505f,GOIAS,SAO DOMINGOS,GO,Brasil,t,interior,5219803,9711,28505.10,952.58,f,2026-08-01
2c4803d03e906f27708f66decf00a514,GOIAS,SAO FRANCISCO DE GOIAS,GO,Brasil,t,interior,5219902,6378,27260.74,1112.78,f,2026-08-01
a8eb13c5c611542fdcd89d9f914ec95b,GOIAS,SAO JOAO D'ALIANCA,GO,Brasil,t,interior,5220009,14041,42537.57,915.03,f,2026-08-01
84abdb382b45d7b5a2387ac507db51cd,GOIAS,SAO JOAO DA PARAUNA,GO,Brasil,t,interior,5220058,1774,83825.82,1629.30,f,2026-08-01
6c84a5ebe229f1d2c9735a9dae632534,GOIAS,SAO LUIS DE MONTES BELOS,GO,Brasil,t,interior,5220108,33852,59329.58,1873.64,f,2026-08-01
9c22a57162f797096e9335a9aff9ebbb,GOIAS,SAO LUIZ DO NORTE,GO,Brasil,t,interior,5220157,4837,45838.95,1233.48,f,2026-08-01
dd64c298d241d861209826f840910aa1,GOIAS,SAO MIGUEL DO ARAGUAIA,GO,Brasil,t,interior,5220207,21900,40219.27,1608.32,f,2026-08-01
dfe9e9c66f8afa2d4995b7a0c7eac0e4,GOIAS,SAO MIGUEL DO PASSA QUATRO,GO,Brasil,t,interior,5220264,4464,75597.89,1824.82,f,2026-08-01
1fc77596a657900e1aa16f12fae49157,GOIAS,SAO PATRICIO,GO,Brasil,t,interior,5220280,2143,30855.81,1242.99,f,2026-08-01
8cdaf672f93197d1c8bd7294a8e5ccfd,GOIAS,SAO SIMAO,GO,Brasil,t,interior,5220405,17020,149076.09,1403.26,f,2026-08-01
353149e6c90dd8662a54d99aa6886e47,GOIAS,SENADOR CANEDO,GO,Brasil,t,interior,5220454,155635,35307.32,1346.08,f,2026-08-01
340f369329d62bbe8f9bbc02b784a052,GOIAS,SERRANOPOLIS,GO,Brasil,t,interior,5220504,8027,102115.36,1440.72,f,2026-08-01
d65214ab50655d580991ac90dca64e8a,GOIAS,SILVANIA,GO,Brasil,t,interior,5220603,22245,71665.14,1585.22,f,2026-08-01
50a75239082b538b33190439c969366a,GOIAS,SIMOLANDIA,GO,Brasil,t,interior,5220686,5742,40637.23,955.32,f,2026-08-01
1c8cf95b5dec235d528c0b6230c8a31f,GOIAS,SITIO D'ABADIA,GO,Brasil,t,interior,5220702,2927,35615.99,1224.18,f,2026-08-01
32ae5080922af044b1cb3cf1369c9d5a,GOIAS,TAQUARAL DE GOIAS,GO,Brasil,t,interior,5221007,4026,24115.75,1406.18,f,2026-08-01
e3ecff049b67f098178c07d683fb56cc,GOIAS,TERESINA DE GOIAS,GO,Brasil,t,interior,5221080,2701,17585.71,1007.11,f,2026-08-01
9f4b87c5b4c7a4d11887fa95b15f46a5,GOIAS,TEREZOPOLIS DE GOIAS,GO,Brasil,t,interior,5221197,7944,32533.74,1205.20,f,2026-08-01
5d6cba5b4592e661302b012fae99d1a7,GOIAS,TRES RANCHOS,GO,Brasil,t,interior,5221304,2921,33124.27,1577.47,f,2026-08-01
c78a3df495b37e29123454af6f2b6701,GOIAS,TRINDADE,GO,Brasil,t,interior,5221403,142431,25497.43,1355.44,f,2026-08-01
e5cb3683c2f3edff524ac23613a8b50a,GOIAS,TROMBAS,GO,Brasil,t,interior,5221452,3120,26326.28,1118.10,f,2026-08-01
b3080859c6e91bdecebae2013a5add5c,GOIAS,TURVANIA,GO,Brasil,t,interior,5221502,4480,80195.09,1413.92,f,2026-08-01
04ec0836ee9f3bbd2caa3207de36076a,GOIAS,TURVELANDIA,GO,Brasil,t,interior,5221551,4985,151920.96,1307.37,f,2026-08-01
0903fd25d5de33b48200cd4bcd5dae12,GOIAS,UIRAPURU,GO,Brasil,t,interior,5221577,2798,30976.41,1187.62,f,2026-08-01
28cc5bdc636609efc766a4050ed62e09,GOIAS,URUACU,GO,Brasil,t,interior,5221601,42546,38484.28,1578.46,f,2026-08-01
a44ec5fd6581053b00ec14ab7c2c45f5,GOIAS,URUANA,GO,Brasil,t,interior,5221700,13729,29547.96,1422.20,f,2026-08-01
1758ba2451a780450ed19f4ed685da5b,GOIAS,URUTAI,GO,Brasil,t,interior,5221809,3553,42866.31,1587.02,f,2026-08-01
90e835b786ca149667799abc5e31cf58,GOIAS,VALPARAISO DE GOIAS,GO,Brasil,t,interior,5221858,198861,18212.92,1444.85,f,2026-08-01
39d79fc40abb0a26d8784bcaf21294e4,GOIAS,VARJAO,GO,Brasil,t,interior,5221908,3716,32932.19,1544.18,f,2026-08-01
163c2ad8299f1e4e46755c2b27963908,GOIAS,VIANOPOLIS,GO,Brasil,t,interior,5222005,14956,61175.65,1763.05,f,2026-08-01
38411519e1a27c552e1489879f5a1227,GOIAS,VICENTINOPOLIS,GO,Brasil,t,interior,5222054,8768,77281.02,1340.26,f,2026-08-01
e41d9155998455d5ba500bb72daf832e,GOIAS,VILA BOA,GO,Brasil,t,interior,5222203,4215,47887.54,884.85,f,2026-08-01
1ceded0645dcede66f2dec177468754d,GOIAS,VILA PROPICIO,GO,Brasil,t,interior,5222302,5815,76390.20,1212.43,f,2026-08-01
2f265d8c0db6c3a8a25135c459b8e25c,MARANHAO,ACAILANDIA,MA,Brasil,t,interior,2100055,106550,40114.14,1007.41,f,2026-08-01
94d5d19e0ec94b4c390e4aab7d3de494,MARANHAO,AFONSO CUNHA,MA,Brasil,t,interior,2100105,6144,17184.41,605.56,f,2026-08-01
5ec3fc9f966c510c5ea28741cda912fe,MARANHAO,AGUA DOCE DO MARANHAO,MA,Brasil,t,interior,2100154,12142,10768.08,597.92,f,2026-08-01
8ed77f6c6bc173030d6ec8de9e1d2788,MARANHAO,ALCANTARA,MA,Brasil,t,interior,2100204,18467,9219.74,681.48,f,2026-08-01
024ef7ccb2c0774314bd751384d99e83,MARANHAO,ALDEIAS ALTAS,MA,Brasil,t,interior,2100303,23286,14396.89,533.46,f,2026-08-01
416f4b7118f69cbc64bcee0aab9339ae,MARANHAO,ALTAMIRA DO MARANHAO,MA,Brasil,t,interior,2100402,6447,13702.96,798.15,f,2026-08-01
95727b29b6919ddfe834b565e6404f84,MARANHAO,ALTO ALEGRE DO MARANHAO,MA,Brasil,t,interior,2100436,24048,15731.62,671.08,f,2026-08-01
0af2bfaff993e35ffa9e9529fd18dd1b,MARANHAO,ALTO ALEGRE DO PINDARE,MA,Brasil,t,interior,2100477,25710,12063.09,616.57,f,2026-08-01
731d76c613f0cf758e54033e02662fd6,MARANHAO,ALTO PARNAIBA,MA,Brasil,t,interior,2100501,11109,51649.02,803.48,f,2026-08-01
6d4fcb11795bf392e5782b2e338aaeca,MARANHAO,AMAPA DO MARANHAO,MA,Brasil,t,interior,2100550,7170,13253.28,546.81,f,2026-08-01
b5940a8448cc2b1cf93d1f483a01c67b,MARANHAO,AMARANTE DO MARANHAO,MA,Brasil,t,interior,2100600,37085,13503.63,602.61,f,2026-08-01
3af4b0dba53649ea5e5d49c3945ac88a,MARANHAO,ANAJATUBA,MA,Brasil,t,interior,2100709,25322,10087.63,647.55,f,2026-08-01
3c39b6ce04a8789a0894dabd23f40173,MARANHAO,ANAPURUS,MA,Brasil,t,interior,2100808,13793,13979.05,647.27,f,2026-08-01
5bbc533a7df111d9c1893b8c3e781343,MARANHAO,APICUM-ACU,MA,Brasil,t,interior,2100832,17519,9710.43,594.97,f,2026-08-01
e338c0e781cbd31ea070b8464643c582,MARANHAO,ARAGUANA,MA,Brasil,t,interior,2100873,11181,11442.18,601.30,f,2026-08-01
9b6951adda55e167d66b06aabe9cbd76,MARANHAO,ARAIOSES,MA,Brasil,t,interior,2100907,39052,8996.31,495.55,f,2026-08-01
332d8831301e31439ac28b504f75257c,MARANHAO,ARAME,MA,Brasil,t,interior,2100956,25517,12565.07,570.78,f,2026-08-01
423264d9080a25e53776dee0c16fd7e2,MARANHAO,ARARI,MA,Brasil,t,interior,2101004,29472,14342.87,723.36,f,2026-08-01
7f26fdd9c0906f31ef270c58d2c2a473,MARANHAO,AXIXA,MA,Brasil,t,interior,2101103,11790,10019.59,692.03,f,2026-08-01
89c4008f3da410f9270f98fa35ddbb02,MARANHAO,BACABAL,MA,Brasil,t,interior,2101202,103711,18444.22,894.93,f,2026-08-01
1321f1a0444cb0ee51f3dc674f2c68d2,MARANHAO,BACABEIRA,MA,Brasil,t,interior,2101251,16966,27480.02,704.29,f,2026-08-01
34b6228ef23ea40816b8db916bfbaddc,MARANHAO,BACURI,MA,Brasil,t,interior,2101301,16290,9598.71,639.65,f,2026-08-01
d40912736856bccc49d6ffbb4027c255,MARANHAO,BACURITUBA,MA,Brasil,t,interior,2101350,5252,9927.27,624.92,f,2026-08-01
30bddbe0c8e1bf582f0b21589694191f,MARANHAO,BALSAS,MA,Brasil,t,interior,2101400,101767,73990.57,1166.62,f,2026-08-01
c93752a96d40a4f69b6664bf56d2c8d3,MARANHAO,BARAO DE GRAJAU,MA,Brasil,t,interior,2101509,18984,16324.80,815.92,f,2026-08-01
199c24af2131dc865d7da9398605f6de,MARANHAO,BARRA DO CORDA,MA,Brasil,t,interior,2101608,84532,13698.13,817.61,f,2026-08-01
42b9aa0d2a7a4c5ccb8c1642c36a9469,MARANHAO,BARREIRINHAS,MA,Brasil,t,interior,2101707,65589,12453.14,612.86,f,2026-08-01
e6aa8805ba80db05538ea911e8cde10d,MARANHAO,BELA VISTA DO MARANHAO,MA,Brasil,t,interior,2101772,11750,11354.38,670.39,f,2026-08-01
d54f967d0c544cb15d69342e14509c14,MARANHAO,BELAGUA,MA,Brasil,t,interior,2101731,8460,11922.34,388.46,f,2026-08-01
6b907df60271c0d0eb6f767d22236725,MARANHAO,BENEDITO LEITE,MA,Brasil,t,interior,2101806,5469,17270.80,715.98,f,2026-08-01
5ff1f92361f4aae87741348113b8e660,MARANHAO,BEQUIMAO,MA,Brasil,t,interior,2101905,19584,8485.14,679.09,f,2026-08-01
1f0169ee46e5acbc5590b1106ffcd702,MARANHAO,BERNARDO DO MEARIM,MA,Brasil,t,interior,2101939,5840,47280.48,728.32,f,2026-08-01
7edea2c0edfca42b537d363e0fd06720,MARANHAO,BOA VISTA DO GURUPI,MA,Brasil,t,interior,2101970,7574,12320.04,570.27,f,2026-08-01
8ebe89f76e0641d6a27e1d6b4a704755,MARANHAO,BOM JARDIM,MA,Brasil,t,interior,2102002,33100,17253.81,545.68,f,2026-08-01
9cfa340da053647f65806925ab79937a,MARANHAO,BOM JESUS DAS SELVAS,MA,Brasil,t,interior,2102036,28599,15971.40,698.74,f,2026-08-01
7f1c56ef0ecb17f0a62d2c68660eea5c,MARANHAO,BOM LUGAR,MA,Brasil,t,interior,2102077,12212,12205.70,638.84,f,2026-08-01
cd1eb7a65fc068a2c55e8e1d1024cf94,MARANHAO,BREJO,MA,Brasil,t,interior,2102101,34120,12498.21,615.04,f,2026-08-01
476f3509a3771c5beb148e31f2ab6cb7,MARANHAO,BREJO DE AREIA,MA,Brasil,t,interior,2102150,9218,9773.16,516.09,f,2026-08-01
f09f3ec9548a5807d11f6de6b1248cb2,MARANHAO,BURITI,MA,Brasil,t,interior,2102200,29685,11201.95,489.45,f,2026-08-01
2ad69e1a7fba8bdaa049c563161bf5b5,MARANHAO,BURITI BRAVO,MA,Brasil,t,interior,2102309,22455,13775.42,593.63,f,2026-08-01
c5e82439f560fa4cdf0adce311d9e2ee,MARANHAO,BURITICUPU,MA,Brasil,t,interior,2102325,55499,18169.30,667.09,f,2026-08-01
e999379a4313d9adc7a3819a8a361960,MARANHAO,BURITIRANA,MA,Brasil,t,interior,2102358,12918,12116.74,696.88,f,2026-08-01
0abd0ebd698f60c9ac515baef469cd0a,MARANHAO,CACHOEIRA GRANDE,MA,Brasil,t,interior,2102374,9732,8738.49,389.45,f,2026-08-01
66ccd502909fec6759fc566eaa0383af,MARANHAO,CAJAPIO,MA,Brasil,t,interior,2102408,10121,8079.74,507.33,f,2026-08-01
f7e7ff30f23fe20d8fe0200d5e0def59,MARANHAO,CAJARI,MA,Brasil,t,interior,2102507,16412,9450.58,552.62,f,2026-08-01
86ae8ca9357c35d76ce21e7c237a5902,MARANHAO,CAMPESTRE DO MARANHAO,MA,Brasil,t,interior,2102556,12301,24653.04,833.52,f,2026-08-01
424640c12f7d243e86a1742b6a24e839,MARANHAO,CANDIDO MENDES,MA,Brasil,t,interior,2102606,19932,10261.19,587.02,f,2026-08-01
25f534fea6ba9ff7674e2812507a0c87,MARANHAO,CANTANHEDE,MA,Brasil,t,interior,2102705,24303,9598.53,737.41,f,2026-08-01
c677169d73e259a768211ad30a1ee9e6,MARANHAO,CAPINZAL DO NORTE,MA,Brasil,t,interior,2102754,11374,18969.05,780.81,f,2026-08-01
1b546ca6b1fcf07602fbc63909add632,MARANHAO,CAROLINA,MA,Brasil,t,interior,2102804,24062,24753.30,936.53,f,2026-08-01
69284146957a8fb7224558d084127ce0,MARANHAO,CARUTAPERA,MA,Brasil,t,interior,2102903,24238,10167.79,676.39,f,2026-08-01
1b2558fd91e0af523b69619ca6844a94,MARANHAO,CAXIAS,MA,Brasil,t,interior,2103000,156973,17175.06,853.08,f,2026-08-01
65d8e9025efe07c8462df03f9c75d56a,MARANHAO,CEDRAL,MA,Brasil,t,interior,2103109,10208,8440.93,616.29,f,2026-08-01
ed4ac717c048922a7e1c14568ef82431,MARANHAO,CENTRAL DO MARANHAO,MA,Brasil,t,interior,2103125,7094,9748.24,580.82,f,2026-08-01
17b2c97eafa6406495e3986acde54a06,MARANHAO,CENTRO DO GUILHERME,MA,Brasil,t,interior,2103158,12342,11142.44,735.27,f,2026-08-01
71d97c83ad1cbbd46c2829b292f7d9f4,MARANHAO,CENTRO NOVO DO MARANHAO,MA,Brasil,t,interior,2103174,16267,14545.40,705.59,f,2026-08-01
889e02caeea610877b5f88c6dd318a5c,MARANHAO,CHAPADINHA,MA,Brasil,t,interior,2103208,81386,13890.13,741.25,f,2026-08-01
50ad4aeb9ddd7957abfbdf102b49f954,MARANHAO,CIDELANDIA,MA,Brasil,t,interior,2103257,12878,18817.36,831.99,f,2026-08-01
8dba9811c5f57172c70a08e06f29d16d,MARANHAO,CODO,MA,Brasil,t,interior,2103307,114275,15821.77,725.27,f,2026-08-01
1b1a8376d984363027f85ffc2fbbe6eb,MARANHAO,COELHO NETO,MA,Brasil,t,interior,2103406,41658,11671.49,671.03,f,2026-08-01
8f54aa13c5c3442ce35b15ea37b2b1da,MARANHAO,COLINAS,MA,Brasil,t,interior,2103505,40316,18102.24,711.68,f,2026-08-01
a68e477ed9020cc3eae24e55970eb2f8,MARANHAO,CONCEICAO DO LAGO-ACU,MA,Brasil,t,interior,2103554,14915,10710.69,542.17,f,2026-08-01
2f4afdabad1925354aaf1a32c8e77a0f,MARANHAO,COROATA,MA,Brasil,t,interior,2103604,59566,10702.15,625.41,f,2026-08-01
2aaf310a6b8ae8ef18f93e7969f1e5c1,MARANHAO,CURURUPU,MA,Brasil,t,interior,2103703,31558,10872.17,699.05,f,2026-08-01
dce623b463803a3ad925736fd4d61303,MARANHAO,DAVINOPOLIS,MA,Brasil,t,interior,2103752,14404,15139.68,823.31,f,2026-08-01
5c3417fff7a337144f5272a0a26a7f19,MARANHAO,DOM PEDRO,MA,Brasil,t,interior,2103802,23053,13647.16,863.58,f,2026-08-01
8e9b456c03f74eead63efb6d3e30c3fd,MARANHAO,DUQUE BACELAR,MA,Brasil,t,interior,2103901,10223,10637.58,535.56,f,2026-08-01
228bcff249ba02db7bf737c6aa22bb74,MARANHAO,ESPERANTINOPOLIS,MA,Brasil,t,interior,2104008,18311,11078.37,641.75,f,2026-08-01
55acf9871266c2049eedef10092addba,MARANHAO,ESTREITO,MA,Brasil,t,interior,2104057,33294,35904.34,1045.87,f,2026-08-01
181a142c7b899209c6ba4e5e15dcc5b4,MARANHAO,FEIRA NOVA DO MARANHAO,MA,Brasil,t,interior,2104073,8048,16523.73,680.02,f,2026-08-01
12196d4197827f30e038aeb0ca8fb7f7,MARANHAO,FERNANDO FALCAO,MA,Brasil,t,interior,2104081,10873,14693.37,584.52,f,2026-08-01
a545302824843b5639824738570ce458,MARANHAO,FORMOSA DA SERRA NEGRA,MA,Brasil,t,interior,2104099,17719,14506.91,658.60,f,2026-08-01
57d8aa9d16a1f88bd7bbdcb1773d7497,MARANHAO,FORTALEZA DOS NOGUEIRAS,MA,Brasil,t,interior,2104107,12640,28041.77,922.26,f,2026-08-01
8b9431b0b4b2f551142195bbed52ae36,MARANHAO,FORTUNA,MA,Brasil,t,interior,2104206,16976,12624.12,663.54,f,2026-08-01
c1aee218b67f2a802c66094247e3b0a4,MARANHAO,GODOFREDO VIANA,MA,Brasil,t,interior,2104305,10186,83957.00,799.67,f,2026-08-01
0b2ef44e7414b30349bf54265cf80968,MARANHAO,GONCALVES DIAS,MA,Brasil,t,interior,2104404,17206,10872.95,761.90,f,2026-08-01
33036455696b0ccd0f946d66cbba4be3,MARANHAO,GOVERNADOR ARCHER,MA,Brasil,t,interior,2104503,10231,12026.88,708.84,f,2026-08-01
f53bcafc0030288ad62c20e99b5a572d,MARANHAO,GOVERNADOR EDISON LOBAO,MA,Brasil,t,interior,2104552,18411,24333.66,790.85,f,2026-08-01
d9af829a1daa1ba00b4cb91f0b769b5c,MARANHAO,GOVERNADOR EUGENIO BARROS,MA,Brasil,t,interior,2104602,13930,14011.06,734.73,f,2026-08-01
e36543c2c28eba10fea975241aed3cea,MARANHAO,GOVERNADOR LUIZ ROCHA,MA,Brasil,t,interior,2104628,7063,15334.14,710.62,f,2026-08-01
4ad9f4e1772c2a9fb557f03cf15d78c9,MARANHAO,GOVERNADOR NEWTON BELLO,MA,Brasil,t,interior,2104651,10713,11225.05,619.07,f,2026-08-01
013fa3643f72beb4d4abeeda0f45feca,MARANHAO,GOVERNADOR NUNES FREIRE,MA,Brasil,t,interior,2104677,23128,14041.94,678.51,f,2026-08-01
03faa509959aca955996e3f4976b1a31,MARANHAO,GRACA ARANHA,MA,Brasil,t,interior,2104701,6023,11105.10,681.18,f,2026-08-01
64781e162136a061cf41201e04afe63e,MARANHAO,GRAJAU,MA,Brasil,t,interior,2104800,73872,19161.36,821.45,f,2026-08-01
cd037acf97d299242024c8e9f3700be9,MARANHAO,GUIMARAES,MA,Brasil,t,interior,2104909,10290,10133.24,740.79,f,2026-08-01
3eed8853867e38264d6a53edcd63295f,MARANHAO,HUMBERTO DE CAMPOS,MA,Brasil,t,interior,2105005,25680,9393.61,415.69,f,2026-08-01
0d7e63c71be31a776edffe7f6a1513c0,MARANHAO,ICATU,MA,Brasil,t,interior,2105104,24794,8547.27,439.27,f,2026-08-01
2f4e67fa7f1ec066b70b313ab1361732,MARANHAO,IGARAPE DO MEIO,MA,Brasil,t,interior,2105153,13974,33268.00,646.04,f,2026-08-01
1b883a641f8662f2ee0cdc8bc2d73280,MARANHAO,IGARAPE GRANDE,MA,Brasil,t,interior,2105203,10231,13502.49,800.72,f,2026-08-01
0aae6544b32d333037421ebd9a69b92d,MARANHAO,IMPERATRIZ,MA,Brasil,t,interior,2105302,273110,34695.92,1324.19,f,2026-08-01
3d0d9897e80b315beb9decd80b44fd6c,MARANHAO,ITAIPAVA DO GRAJAU,MA,Brasil,t,interior,2105351,13828,9841.55,553.45,f,2026-08-01
9929a80967be6c9eb00df50f8ced3f33,MARANHAO,ITAPECURU MIRIM,MA,Brasil,t,interior,2105401,60440,14724.16,658.19,f,2026-08-01
00db6723bc59f95ea883027e26b65aa3,MARANHAO,ITINGA DO MARANHAO,MA,Brasil,t,interior,2105427,22513,30538.53,882.07,f,2026-08-01
1a3635a650fd5758d5a68e92740a1912,MARANHAO,JATOBA,MA,Brasil,t,interior,2105450,7471,11171.20,559.77,f,2026-08-01
a4dafc8d83dfaf0b190f2e435d9fa072,MARANHAO,JENIPAPO DOS VIEIRAS,MA,Brasil,t,interior,2105476,17076,10197.06,465.99,f,2026-08-01
99cac8c55b4fe22ad882073b9188067e,MARANHAO,JOAO LISBOA,MA,Brasil,t,interior,2105500,24709,14678.54,850.02,f,2026-08-01
7ef429aca4562b4d78a66e29fb9fc85f,MARANHAO,JOSELANDIA,MA,Brasil,t,interior,2105609,14924,9365.72,669.96,f,2026-08-01
bafcdf8eca892e79d757181081d98cfc,MARANHAO,JUNCO DO MARANHAO,MA,Brasil,t,interior,2105658,5146,13892.54,569.66,f,2026-08-01
b3a9a3057a304315b1a445a0f304b0b4,MARANHAO,LAGO DA PEDRA,MA,Brasil,t,interior,2105708,44403,13988.87,819.51,f,2026-08-01
399b1de8d49bb2680b49abf1f72d985a,MARANHAO,LAGO DO JUNCO,MA,Brasil,t,interior,2105807,9506,11389.02,780.64,f,2026-08-01
0d9e0f5935855ebfadad02478093bc92,MARANHAO,LAGO DOS RODRIGUES,MA,Brasil,t,interior,2105948,8758,11909.23,774.33,f,2026-08-01
28bc000ffc134f53a18444fe8ec27ec9,MARANHAO,LAGO VERDE,MA,Brasil,t,interior,2105906,14769,11470.31,665.18,f,2026-08-01
cca9f9173007228f7305042fac120efb,MARANHAO,LAGOA DO MATO,MA,Brasil,t,interior,2105922,10572,20010.12,568.19,f,2026-08-01
ea0750a5c282c1623bf1c3bfd37b9411,MARANHAO,LAGOA GRANDE DO MARANHAO,MA,Brasil,t,interior,2105963,11411,11286.57,589.81,f,2026-08-01
86ccc9a50f0a44ba61fd3825c58c6fd9,MARANHAO,LAJEADO NOVO,MA,Brasil,t,interior,2105989,7057,17394.36,765.61,f,2026-08-01
c8e8f4aaa256b98f242e5ab458f57948,MARANHAO,LIMA CAMPOS,MA,Brasil,t,interior,2106003,11297,21051.34,831.60,f,2026-08-01
75df930760e0a8ba21ce5e76cc502caf,MARANHAO,LORETO,MA,Brasil,t,interior,2106102,11597,33711.05,747.53,f,2026-08-01
2995a121cbf78e097ea60b772d5b34b3,MARANHAO,LUIS DOMINGUES,MA,Brasil,t,interior,2106201,7161,10158.78,592.02,f,2026-08-01
e90449f07672eaf2be8d83edb80075af,MARANHAO,MAGALHAES DE ALMEIDA,MA,Brasil,t,interior,2106300,13807,13150.36,660.15,f,2026-08-01
b32dbd29370ed0225b301a2d772b6e34,MARANHAO,MARACACUME,MA,Brasil,t,interior,2106326,21149,13014.61,546.44,f,2026-08-01
0bc9f3f58a8e8092fd8f4e04e3f3fd6d,MARANHAO,MARAJA DO SENA,MA,Brasil,t,interior,2106359,7027,16511.03,425.87,f,2026-08-01
1c95b6b5676578e48816e1c51b98535f,MARANHAO,MARANHAOZINHO,MA,Brasil,t,interior,2106375,13761,10657.95,468.04,f,2026-08-01
33215c631d3976aec8031deca8546dbe,MARANHAO,MATA ROMA,MA,Brasil,t,interior,2106409,17090,13241.84,624.96,f,2026-08-01
7c013aa033b5014b23da472a2fc59640,MARANHAO,MATINHA,MA,Brasil,t,interior,2106508,22034,10553.42,630.66,f,2026-08-01
33e11a5b7cffa34ab0a1913f63b2e6f2,MARANHAO,MATOES,MA,Brasil,t,interior,2106607,32174,10393.52,597.81,f,2026-08-01
0daa22af5382f5fae031533a0b2892af,MARANHAO,MATOES DO NORTE,MA,Brasil,t,interior,2106631,17432,7722.87,446.05,f,2026-08-01
8fcde787a81c1039e9b92c511de88b19,MARANHAO,MILAGRES DO MARANHAO,MA,Brasil,t,interior,2106672,8818,10661.94,433.27,f,2026-08-01
a00622df1a51b8cf6b0bb29a3dd5fc75,MARANHAO,MIRADOR,MA,Brasil,t,interior,2106706,21030,18538.14,584.89,f,2026-08-01
e16a0cb94d0334bdd214910b27774a5f,MARANHAO,MIRANDA DO NORTE,MA,Brasil,t,interior,2106755,23864,24235.92,629.09,f,2026-08-01
e77acef8f057954f04aff8fb15467384,MARANHAO,MIRINZAL,MA,Brasil,t,interior,2106805,13978,9531.76,750.33,f,2026-08-01
dacd35e0d9a42588e87bbfc0ed59e0e2,MARANHAO,MONCAO,MA,Brasil,t,interior,2106904,27751,10102.95,555.93,f,2026-08-01
8bb716d4ae17b66640b3e8f301a7f418,MARANHAO,MONTES ALTOS,MA,Brasil,t,interior,2107001,9106,13118.05,775.51,f,2026-08-01
53e8b1343ef120e134527971765e46f3,MARANHAO,MORROS,MA,Brasil,t,interior,2107100,18554,10264.74,509.29,f,2026-08-01
7fac95dfdc8cc13eff90c8442a36ec03,MARANHAO,NINA RODRIGUES,MA,Brasil,t,interior,2107209,14176,7701.33,535.22,f,2026-08-01
08fe1cdd99b8dc459a9d5ee0f6dc1446,MARANHAO,NOVA COLINAS,MA,Brasil,t,interior,2107258,5021,19063.53,765.00,f,2026-08-01
017c7246163cfe57048d8b72aa993935,MARANHAO,NOVA IORQUE,MA,Brasil,t,interior,2107308,4320,12369.44,727.08,f,2026-08-01
51c91b36d127c789e21a42de6ac064c7,MARANHAO,NOVA OLINDA DO MARANHAO,MA,Brasil,t,interior,2107357,14314,12013.62,627.94,f,2026-08-01
206fb7d4108b3450e3d226b2e2b7adaa,MARANHAO,OLHO D'AGUA DAS CUNHAS,MA,Brasil,t,interior,2107407,17919,12598.64,786.89,f,2026-08-01
ea3a5a8cfc9fafb900c00dcc5c29874f,MARANHAO,OLINDA NOVA DO MARANHAO,MA,Brasil,t,interior,2107456,13577,9778.38,566.55,f,2026-08-01
91719726def39207055f3b1ce7368bd9,MARANHAO,PACO DO LUMIAR,MA,Brasil,t,interior,2107506,145643,11284.70,1055.14,f,2026-08-01
b7ad689d514201752688f8b5f2022ae0,MARANHAO,PALMEIRANDIA,MA,Brasil,t,interior,2107605,21059,8936.32,522.16,f,2026-08-01
5ea07bb4ebbcb1d1e2641f39dd76fcf0,MARANHAO,PARAIBANO,MA,Brasil,t,interior,2107704,18274,11508.26,735.73,f,2026-08-01
ef0e3f8076b04e8258473109489f9209,MARANHAO,PARNARAMA,MA,Brasil,t,interior,2107803,31250,12217.38,609.43,f,2026-08-01
197ce208bab50bbdeff69fcf2598201a,MARANHAO,PASSAGEM FRANCA,MA,Brasil,t,interior,2107902,17220,12021.72,634.75,f,2026-08-01
7bb6587ffff3328b7f99e45e659c1e8d,MARANHAO,PASTOS BONS,MA,Brasil,t,interior,2108009,18802,17160.51,759.03,f,2026-08-01
855f91d773239a78b03e6b24301837c7,MARANHAO,PAULINO NEVES,MA,Brasil,t,interior,2108058,17056,9262.66,560.24,f,2026-08-01
85ebbd13728d9d539aec70989a04033d,MARANHAO,PAULO RAMOS,MA,Brasil,t,interior,2108108,20341,12834.91,668.82,f,2026-08-01
264d33dd6bb419f9df5da0312ea7bda2,MARANHAO,PEDREIRAS,MA,Brasil,t,interior,2108207,37050,22406.77,1102.76,f,2026-08-01
561c73d0aa60cc4192281d83ef35ddd7,MARANHAO,PEDRO DO ROSARIO,MA,Brasil,t,interior,2108256,24320,9284.33,507.80,f,2026-08-01
9356bdc0ab05193b81cf273d775d21f4,MARANHAO,PENALVA,MA,Brasil,t,interior,2108306,32511,9636.49,565.26,f,2026-08-01
4ba42f265571de4681d7495f48457e2b,MARANHAO,PERI MIRIM,MA,Brasil,t,interior,2108405,11108,9904.57,665.56,f,2026-08-01
ac6a7e14fe4e107ea5aed40835a134af,MARANHAO,PERITORO,MA,Brasil,t,interior,2108454,20479,13571.71,710.01,f,2026-08-01
29c869ae0e86c94b1ec9a89ad6b4f6a7,MARANHAO,PINDARE MIRIM,MA,Brasil,t,interior,,,,,,2026-08-01
289d2e257c59e0bbe601b93d0de3a8e5,MARANHAO,PINHEIRO,MA,Brasil,t,interior,2108603,84621,15752.59,833.75,f,2026-08-01
3d06671561d026e1e148346fb4b65053,MARANHAO,PIO XII,MA,Brasil,t,interior,2108702,21886,12306.73,726.65,f,2026-08-01
b46635182cc60228d22c0858f9053437,MARANHAO,PIRAPEMAS,MA,Brasil,t,interior,2108801,17714,10470.19,629.73,f,2026-08-01
d2f41d2080d3a374cbdc7282f3222d48,MARANHAO,POCAO DE PEDRAS,MA,Brasil,t,interior,2108900,17161,12897.09,810.21,f,2026-08-01
35bbb91ee6333a2fd36d978d7792f36e,MARANHAO,PORTO FRANCO,MA,Brasil,t,interior,2109007,23903,52413.92,1084.18,f,2026-08-01
9e64f3fb547a69223ca53f5f69779acc,MARANHAO,PORTO RICO DO MARANHAO,MA,Brasil,t,interior,2109056,5954,10710.28,671.08,f,2026-08-01
e3a7aeca9cba983241bb6214441bbfc4,MARANHAO,PRESIDENTE DUTRA,MA,Brasil,t,interior,2109106,45155,21926.10,1062.56,f,2026-08-01
aa2c444cf9f7c1e8e980886e8ba7162c,MARANHAO,PRESIDENTE JUSCELINO,MA,Brasil,t,interior,2109205,11356,9022.37,539.16,f,2026-08-01
7b9cb33ec4051ecb847663588c870b41,MARANHAO,PRESIDENTE MEDICI,MA,Brasil,t,interior,2109239,4696,15862.01,663.31,f,2026-08-01
59bbd597112fb1c73781ec706dc2c87e,MARANHAO,PRESIDENTE SARNEY,MA,Brasil,t,interior,2109270,17511,10624.35,516.19,f,2026-08-01
4a07e37bd2aafa4349b63529a5830c6b,MARANHAO,PRESIDENTE VARGAS,MA,Brasil,t,interior,2109304,10549,10321.74,549.26,f,2026-08-01
4e897e851d696330d82ffbed67a571dc,MARANHAO,PRIMEIRA CRUZ,MA,Brasil,t,interior,2109403,13614,8851.77,413.00,f,2026-08-01
856165d8ab73088f7b608415dd49bf5e,MARANHAO,RAPOSA,MA,Brasil,t,interior,2109452,30839,12356.79,872.96,f,2026-08-01
d8fd4fe110e487ed140ad284438ec8a2,MARANHAO,RIACHAO,MA,Brasil,t,interior,2109502,22145,31054.46,751.06,f,2026-08-01
5f16d4b3538ce9af723cf27318144506,MARANHAO,RIBAMAR FIQUENE,MA,Brasil,t,interior,2109551,7420,20081.00,725.47,f,2026-08-01
eb0f2b15fbae9044f9f72d5dac2561e5,MARANHAO,ROSARIO,MA,Brasil,t,interior,2109601,38475,13577.52,675.16,f,2026-08-01
6fc491da26a42d73a397a89c2eee7dfc,MARANHAO,SAMBAIBA,MA,Brasil,t,interior,2109700,5568,77826.87,703.14,f,2026-08-01
54c6b071190257b814851c217c1fd496,MARANHAO,SANTA FILOMENA DO MARANHAO,MA,Brasil,t,interior,2109759,6697,10734.06,602.71,f,2026-08-01
89ae243fefbd88ea6f8e49c2f5b5efd7,MARANHAO,SANTA HELENA,MA,Brasil,t,interior,2109809,41561,11643.20,599.67,f,2026-08-01
a4efc8f7b18454cd1547b35425a8c4b2,MARANHAO,SANTA INES,MA,Brasil,t,interior,2109908,85014,21615.44,979.59,f,2026-08-01
c9da453a9a07ae5ee954825eecb9d664,MARANHAO,SANTA LUZIA,MA,Brasil,t,interior,2110005,57635,17104.35,712.85,f,2026-08-01
05c49848590b17c5dadb162a367eaf61,MARANHAO,SANTA LUZIA DO PARUA,MA,Brasil,t,interior,2110039,24307,15747.07,793.93,f,2026-08-01
1948f5fe00624c7a1b4177243bcacc40,MARANHAO,SANTA QUITERIA DO MARANHAO,MA,Brasil,t,interior,2110104,23957,16349.21,509.60,f,2026-08-01
ea18fb2fb332c698fc07dd2470eba013,MARANHAO,SANTA RITA,MA,Brasil,t,interior,2110203,37035,9848.68,667.41,f,2026-08-01
db3e5b258e053a74481e5776316dcd8b,MARANHAO,SANTANA DO MARANHAO,MA,Brasil,t,interior,2110237,10567,10953.72,552.60,f,2026-08-01
60d64d2d1edd9643c06f9ec2a71eaadd,MARANHAO,SANTO AMARO DO MARANHAO,MA,Brasil,t,interior,2110278,13949,9438.53,520.09,f,2026-08-01
b2ca01b9d38eb88dd4c2a7cd15c9f5c4,MARANHAO,SANTO ANTONIO DOS LOPES,MA,Brasil,t,interior,2110302,14304,362455.54,717.65,f,2026-08-01
82f70f465b81b9bbe26c014f91b98cff,MARANHAO,SAO BENEDITO DO RIO PRETO,MA,Brasil,t,interior,2110401,18364,10154.32,445.33,f,2026-08-01
708c61e3eca307e432d91fd8514290b8,MARANHAO,SAO BENTO,MA,Brasil,t,interior,2110500,46395,8711.05,536.73,f,2026-08-01
8be7d28a29c730c01864d4f7a5f00674,MARANHAO,SAO BERNARDO,MA,Brasil,t,interior,2110609,26943,14259.33,648.46,f,2026-08-01
4ed2a9917855ac74ca06bdd641612494,MARANHAO,SAO DOMINGOS DO AZEITAO,MA,Brasil,t,interior,2110658,7992,42493.62,762.98,f,2026-08-01
6d4b56e3a9562ceb2b1a58118806bc3e,MARANHAO,SAO DOMINGOS DO MARANHAO,MA,Brasil,t,interior,2110708,34034,14099.19,758.81,f,2026-08-01
8bdf19087a2c99bbdbc550c7a4472f62,MARANHAO,SAO FELIX DE BALSAS,MA,Brasil,t,interior,2110807,4402,20899.82,673.96,f,2026-08-01
eca658f088f4fe867ab806d5e2da8167,MARANHAO,SAO FRANCISCO DO BREJAO,MA,Brasil,t,interior,2110856,9051,15328.36,766.28,f,2026-08-01
6eeedf912f5e2d2d1e08a72d52008c7c,MARANHAO,SAO FRANCISCO DO MARANHAO,MA,Brasil,t,interior,2110906,12064,10559.43,595.04,f,2026-08-01
81c8d698519aa9126902f80e9099eedf,MARANHAO,SAO JOAO BATISTA,MA,Brasil,t,interior,2111003,18544,8246.12,591.36,f,2026-08-01
caa127b15b6570ad7e9aac9513f641bf,MARANHAO,SAO JOAO DO CARU,MA,Brasil,t,interior,2111029,12251,11737.57,554.76,f,2026-08-01
0d4d3e711095b43c85ffc64da4b8e52a,MARANHAO,SAO JOAO DO PARAISO,MA,Brasil,t,interior,2111052,9904,22872.07,773.11,f,2026-08-01
7e2139a6fc5eca1079a01eb94215db2b,MARANHAO,SAO JOAO DO SOTER,MA,Brasil,t,interior,2111078,16889,12348.81,537.27,f,2026-08-01
26b0c01a744c90bff51c691c3cced0dc,MARANHAO,SAO JOAO DOS PATOS,MA,Brasil,t,interior,2111102,25020,17757.19,851.72,f,2026-08-01
74f4146664bcbcea5190f236aa5e1d63,MARANHAO,SAO JOSE DE RIBAMAR,MA,Brasil,t,interior,2111201,244579,12820.31,1134.31,f,2026-08-01
ec1e247861941ec6b3a6ca319f7d8f3b,MARANHAO,SAO JOSE DOS BASILIOS,MA,Brasil,t,interior,2111250,6957,10914.19,543.75,f,2026-08-01
81a7d75d962d04f22c0cec0e788aa1cc,MARANHAO,SAO LUIS,MA,Brasil,t,capital,2111300,1037775,40846.09,1595.48,f,2026-08-01
60de76e40b3aaeae0747e8c95edc150c,MARANHAO,SAO LUIS GONZAGA DO MARANHAO,MA,Brasil,t,interior,2111409,17818,11130.04,635.40,f,2026-08-01
28c7f3204d8296f3280ba8131f56fa80,MARANHAO,SAO MATEUS DO MARANHAO,MA,Brasil,t,interior,2111508,38829,15105.93,753.38,f,2026-08-01
89600bf8a5ab57264ce4650e5ca95d98,MARANHAO,SAO PEDRO DA AGUA BRANCA,MA,Brasil,t,interior,2111532,14338,10417.00,728.31,f,2026-08-01
5f157e1deb13dff88a30ab5d4635974b,MARANHAO,SAO PEDRO DOS CRENTES,MA,Brasil,t,interior,2111573,5783,17971.30,726.47,f,2026-08-01
1b8310208746e8bb8e4235f382e3198a,MARANHAO,SAO RAIMUNDO DAS MANGABEIRAS,MA,Brasil,t,interior,2111607,18672,58377.95,850.43,f,2026-08-01
89e7c277f0829423787f4b535f90fc60,MARANHAO,SAO RAIMUNDO DO DOCA BEZERRA,MA,Brasil,t,interior,2111631,5650,11082.48,589.90,f,2026-08-01
23a694265d9af9e2a8c636da87a1efc6,MARANHAO,SAO ROBERTO,MA,Brasil,t,interior,2111672,4544,12879.84,545.37,f,2026-08-01
bef12b8ec3c13df3548ed135619f50a5,MARANHAO,SAO VICENTE FERRER,MA,Brasil,t,interior,2111706,19498,9423.27,605.08,f,2026-08-01
7c403cccf10f4d558bef81814f41f2ac,MARANHAO,SATUBINHA,MA,Brasil,t,interior,2111722,8784,12286.09,634.69,f,2026-08-01
f8b97e1b5516acf1e7202cf5b98df05b,MARANHAO,SENADOR ALEXANDRE COSTA,MA,Brasil,t,interior,2111748,10207,14237.68,661.54,f,2026-08-01
97427a952a9a256eb244ec7f5080e272,MARANHAO,SENADOR LA ROCQUE,MA,Brasil,t,interior,2111763,14700,15315.71,797.07,f,2026-08-01
e12f7b8d0225103a59510808ffe3ee17,MARANHAO,SERRANO DO MARANHAO,MA,Brasil,t,interior,2111789,10202,11596.94,642.91,f,2026-08-01
88edccc359888af4424c1b3bb1cb0b9c,MARANHAO,SITIO NOVO,MA,Brasil,t,interior,2111805,17074,17113.21,668.73,f,2026-08-01
cc2d902cd3a5b14ecc9b0ced773484b4,MARANHAO,SUCUPIRA DO NORTE,MA,Brasil,t,interior,2111904,10238,18940.13,694.83,f,2026-08-01
5ea9863f07d21713cf50dbc752f9e313,MARANHAO,SUCUPIRA DO RIACHAO,MA,Brasil,t,interior,2111953,4985,12680.84,658.02,f,2026-08-01
ce79e6c6ab3d230800f71af8d8de991c,MARANHAO,TASSO FRAGOSO,MA,Brasil,t,interior,2112001,8862,295272.85,889.15,f,2026-08-01
77ea6aade904edd0106457e61b15f31a,MARANHAO,TIMBIRAS,MA,Brasil,t,interior,2112100,26484,9384.38,538.90,f,2026-08-01
e7945f2e7b52424ac5c7f079e9f79ce3,MARANHAO,TIMON,MA,Brasil,t,interior,2112209,174465,16279.06,937.58,f,2026-08-01
e9c20d5ea6617490f9b5b13c39f28ddc,MARANHAO,TRIZIDELA DO VALE,MA,Brasil,t,interior,2112233,22484,19415.10,801.90,f,2026-08-01
c20bff4ad2f9b84a0af2580dabc75a50,MARANHAO,TUFILANDIA,MA,Brasil,t,interior,2112274,5507,13757.04,622.31,f,2026-08-01
8f6a9a645deb9af54072eeb478f33d36,MARANHAO,TUNTUM,MA,Brasil,t,interior,2112308,36251,11313.54,648.84,f,2026-08-01
4b3c8093096165ab8dd1224c23eb7ae0,MARANHAO,TURIACU,MA,Brasil,t,interior,2112407,37491,11068.66,548.20,f,2026-08-01
d47138156bb44ea28cd7e5743097a4d2,MARANHAO,TURILANDIA,MA,Brasil,t,interior,2112456,31638,8850.12,469.19,f,2026-08-01
3f927e91081937bc083049963575e85d,MARANHAO,TUTOIA,MA,Brasil,t,interior,2112506,53356,12045.75,594.37,f,2026-08-01
674371dcde9b88e1dbfb99ff2ed2126d,MARANHAO,URBANO SANTOS,MA,Brasil,t,interior,2112605,32812,9604.75,552.47,f,2026-08-01
bcae81e569a63493dcb418c5afa13d3b,MARANHAO,VARGEM GRANDE,MA,Brasil,t,interior,2112704,43261,10803.06,616.42,f,2026-08-01
0417aea629b2121fd75c62dcd4bf1c70,MARANHAO,VIANA,MA,Brasil,t,interior,2112803,51442,11833.35,717.55,f,2026-08-01
179f256a501ca552aa306721d8b45169,MARANHAO,VILA NOVA DOS MARTIRIOS,MA,Brasil,t,interior,2112852,10362,18480.51,727.65,f,2026-08-01
4fce1fc033320f03d1f7f934b5b386a0,MARANHAO,VITORIA DO MEARIM,MA,Brasil,t,interior,2112902,30805,13318.20,641.96,f,2026-08-01
96641671ebfbfbc2d6baaee5609c6a52,MARANHAO,VITORINO FREIRE,MA,Brasil,t,interior,2113009,30845,13339.37,754.86,f,2026-08-01
6ad000d30a3f86f35b04d0eb4214eb79,MARANHAO,ZE DOCA,MA,Brasil,t,interior,2114007,40801,16809.83,760.10,f,2026-08-01
d342233beca607ccdc305b71b86f5330,MATO GROSSO,ACORIZAL,MT,Brasil,t,interior,5100102,5014,33780.02,1231.13,f,2026-08-01
737f8f74af3bda526670825383460f20,MATO GROSSO,AGUA BOA,MT,Brasil,t,interior,5100201,29219,84866.53,2215.90,f,2026-08-01
6353bc72614a8a239fb1db4c3a01b9e5,MATO GROSSO,ALTA FLORESTA,MT,Brasil,t,interior,5100250,58613,51773.38,1840.57,f,2026-08-01
bc305d464b9d2d8ca81c5f2542a37969,MATO GROSSO,ALTO ARAGUAIA,MT,Brasil,t,interior,5100300,17193,118455.71,1828.79,f,2026-08-01
e672572a521480d00ffcf67b4fcf83c1,MATO GROSSO,ALTO BOA VISTA,MT,Brasil,t,interior,5100359,5715,53846.37,1237.65,f,2026-08-01
7c942dedb02a1d2982c0b2530f22f12d,MATO GROSSO,ALTO GARCAS,MT,Brasil,t,interior,5100409,13052,94491.88,1517.96,f,2026-08-01
25411b0b45ccbbf50236c1c7550e9c26,MATO GROSSO,ALTO PARAGUAI,MT,Brasil,t,interior,5100508,8009,21382.32,1030.35,f,2026-08-01
ebfac5d792c24da6ed30b5742362ae82,MATO GROSSO,ALTO TAQUARI,MT,Brasil,t,interior,5100607,10904,109576.85,1946.75,f,2026-08-01
62671341b562642d2b4226b91dde58cd,MATO GROSSO,APIACAS,MT,Brasil,t,interior,5100805,8590,33929.34,1635.19,f,2026-08-01
1c360f92206f1a33c22e2ad766166f2e,MATO GROSSO,ARAGUAIANA,MT,Brasil,t,interior,5101001,3795,44533.60,1425.49,f,2026-08-01
daddc5d5173c73e12fa45491b1cc99fe,MATO GROSSO,ARAGUAINHA,MT,Brasil,t,interior,5101209,1010,30789.11,1663.95,f,2026-08-01
6e6b7aef7b2c58e0d45344f981bad4c3,MATO GROSSO,ARAPUTANGA,MT,Brasil,t,interior,5101258,14786,58458.14,1379.75,f,2026-08-01
73d767afe3982718abc5ae3b89bc851f,MATO GROSSO,ARENAPOLIS,MT,Brasil,t,interior,5101308,10576,30774.11,1649.73,f,2026-08-01
2fdbd7e04fdd93cfc7188f3d11aaf553,MATO GROSSO,ARIPUANA,MT,Brasil,t,interior,5101407,24626,58959.47,1863.42,f,2026-08-01
610b1debb54ce6a735730e836113f528,MATO GROSSO,BARAO DE MELGACO,MT,Brasil,t,interior,5101605,7253,19806.56,985.39,f,2026-08-01
2efc0cd5017df0004dce0bbae79d2b62,MATO GROSSO,BARRA DO BUGRES,MT,Brasil,t,interior,5101704,29403,60340.71,1466.38,f,2026-08-01
62c5c9c973427d6f01a66ca64921bf92,MATO GROSSO,BARRA DO GARCAS,MT,Brasil,t,interior,5101803,69210,51115.39,1778.99,f,2026-08-01
10f898126365679a49759d60a15076ef,MATO GROSSO,BOA ESPERANCA DO NORTE,MT,Brasil,t,interior,,,,,,2026-08-01
17b1c62f6379465a66cc700a8f7296a9,MATO GROSSO,BOM JESUS DO ARAGUAIA,MT,Brasil,t,interior,5101852,7280,137636.54,1533.79,f,2026-08-01
d42808fc1b23334fbf6757dff423610d,MATO GROSSO,BRASNORTE,MT,Brasil,t,interior,5101902,17004,156909.61,1603.19,f,2026-08-01
90baf05dca75f8c64e5ac2894017b3a9,MATO GROSSO,CACERES,MT,Brasil,t,interior,5102504,89681,31174.15,1459.05,f,2026-08-01
a850d41b740c5ea40608f1e894c0d653,MATO GROSSO,CAMPINAPOLIS,MT,Brasil,t,interior,5102603,15347,40063.60,861.15,f,2026-08-01
a58ca4335d58efad1fc826e7e385a9f9,MATO GROSSO,CAMPO NOVO DO PARECIS,MT,Brasil,t,interior,5102637,45899,172492.49,1827.46,f,2026-08-01
76daa6a14436f2dd38469c7116cb2746,MATO GROSSO,CAMPO VERDE,MT,Brasil,t,interior,5102678,44585,114368.17,1712.11,f,2026-08-01
088b858cf0d6e0d8ece7b038db59d0f9,MATO GROSSO,CAMPOS DE JULIO,MT,Brasil,t,interior,5102686,8822,329299.37,1850.44,f,2026-08-01
7ce69ce56c935a37777604306e87b069,MATO GROSSO,CANABRAVA DO NORTE,MT,Brasil,t,interior,5102694,4485,66674.47,1615.55,t,2026-08-01
09207315b47dcb42b9d1cdc3f360eed6,MATO GROSSO,CANARANA,MT,Brasil,t,interior,5102702,25858,116043.55,2136.38,f,2026-08-01
17c30011b25e3a57035b1e6233515b19,MATO GROSSO,CARLINDA,MT,Brasil,t,interior,5102793,10332,40950.25,1460.34,f,2026-08-01
fefea1e490515b6a05b8d56b5cb8443a,MATO GROSSO,CASTANHEIRA,MT,Brasil,t,interior,5102850,7506,34846.39,1335.04,f,2026-08-01
7fe9bf154cc62374981b6079ee02aa30,MATO GROSSO,CHAPADA DOS GUIMARAES,MT,Brasil,t,interior,5103007,18990,95713.32,1863.33,f,2026-08-01
2a51914340362e74cdb91375f564dc12,MATO GROSSO,CLAUDIA,MT,Brasil,t,interior,5103056,9593,124317.00,1473.42,f,2026-08-01
c18c18be5b458a19c0bf47371aed79f6,MATO GROSSO,COCALINHO,MT,Brasil,t,interior,5103106,6220,58471.06,1466.11,f,2026-08-01
a79d6a3c61fa461340ea2f9e8e4f206a,MATO GROSSO,COLIDER,MT,Brasil,t,interior,5103205,31370,62423.40,1796.83,f,2026-08-01
23f1d92112ca0d90483f824329df7b1a,MATO GROSSO,COLNIZA,MT,Brasil,t,interior,5103254,25766,33073.62,1262.59,f,2026-08-01
b46e9a3fb5e0a1361fb4e94507d8e701,MATO GROSSO,COMODORO,MT,Brasil,t,interior,5103304,18238,59657.09,1444.11,f,2026-08-01
e2cbd89092e5a4c4e08bf8d94768536e,MATO GROSSO,CONFRESA,MT,Brasil,t,interior,5103353,35075,56101.95,1500.84,f,2026-08-01
19714940927f664484ba66b19797dc5a,MATO GROSSO,CONQUISTA D'OESTE,MT,Brasil,t,interior,5103361,3760,47646.81,1523.36,f,2026-08-01
f6de2ed5a144e1f66d832164eebed862,MATO GROSSO,COTRIGUACU,MT,Brasil,t,interior,5103379,11011,29765.78,1520.40,f,2026-08-01
e3f517c67f2dd262fca7cf9c3d67d841,MATO GROSSO,CUIABA,MT,Brasil,t,capital,5103403,650877,59997.13,2428.24,f,2026-08-01
573342502e7f6c66237055dc6f537d40,MATO GROSSO,CURVELANDIA,MT,Brasil,t,interior,5103437,4903,27693.05,1300.68,f,2026-08-01
1dc6f4fcedd33c9c72f4eabe34d5e366,MATO GROSSO,DENISE,MT,Brasil,t,interior,5103452,7014,110814.66,1436.49,f,2026-08-01
4deac09b3f87fa89f69df2d3b13f2fb2,MATO GROSSO,DIAMANTINO,MT,Brasil,t,interior,5103502,21941,261696.28,1634.49,f,2026-08-01
0d427910893ebcda36222b5a34fd03c4,MATO GROSSO,DOM AQUINO,MT,Brasil,t,interior,5103601,7872,92077.49,1456.31,f,2026-08-01
707a623b4b30fb032a2e443ee4c0e0fa,MATO GROSSO,FELIZ NATAL,MT,Brasil,t,interior,5103700,10521,109429.81,1520.23,f,2026-08-01
012c4321f4eacb9e2a248fa79fabf516,MATO GROSSO,FIGUEIROPOLIS D'OESTE,MT,Brasil,t,interior,5103809,3187,35317.54,1457.44,f,2026-08-01
0ef32dc1bec7d10425c081662d1be492,MATO GROSSO,GAUCHA DO NORTE,MT,Brasil,t,interior,5103858,8642,160370.40,1347.27,f,2026-08-01
fe35d018549970d220a192ea164d7120,MATO GROSSO,GENERAL CARNEIRO,MT,Brasil,t,interior,5103908,6037,83898.13,1051.79,f,2026-08-01
af54de618e85f59a1382093436948f09,MATO GROSSO,GLORIA D'OESTE,MT,Brasil,t,interior,5103957,2905,39644.75,1190.16,f,2026-08-01
cdba892ada46aff33a120fda04b86c9f,MATO GROSSO,GUARANTA DO NORTE,MT,Brasil,t,interior,5104104,31024,41462.38,1740.16,f,2026-08-01
520266a6ae388a22d2005e82d791658e,MATO GROSSO,GUIRATINGA,MT,Brasil,t,interior,5104203,10966,64382.27,1502.94,f,2026-08-01
0410f753e3d9137cd850e70c1ee8bc1f,MATO GROSSO,INDIAVAI,MT,Brasil,t,interior,5104500,2213,49552.64,1281.65,f,2026-08-01
c8e096dff6078f60c91fbe3f1196f01f,MATO GROSSO,IPIRANGA DO NORTE,MT,Brasil,t,interior,5104526,7815,278315.67,1872.14,f,2026-08-01
9827a00335f609f44525bde0457e2068,MATO GROSSO,ITANHANGA,MT,Brasil,t,interior,5104542,7539,113564.93,1587.37,f,2026-08-01
adb241740d4941af9a6d878983aeffff,MATO GROSSO,ITAUBA,MT,Brasil,t,interior,5104559,5020,132810.16,1489.28,f,2026-08-01
fec303eb84aee2e09f492b2b4119a9ec,MATO GROSSO,ITIQUIRA,MT,Brasil,t,interior,5104609,12236,167482.76,1638.65,f,2026-08-01
b398a894e9ce84c147450f96236c2669,MATO GROSSO,JACIARA,MT,Brasil,t,interior,5104807,28569,59909.97,1638.82,f,2026-08-01
5ec2c107491ca04a5854ed6b1dbdb961,MATO GROSSO,JANGADA,MT,Brasil,t,interior,5104906,7426,28319.55,1095.63,f,2026-08-01
b822ff07d59383e821f9dcc02656b450,MATO GROSSO,JAURU,MT,Brasil,t,interior,5105002,8367,44391.54,1721.24,f,2026-08-01
136f92422a38b92b7cc28c1f4fe35417,MATO GROSSO,JUARA,MT,Brasil,t,interior,5105101,34906,53258.04,1605.60,f,2026-08-01
bed2b1d6a8d7964461ba85a3c3d68d3b,MATO GROSSO,JUINA,MT,Brasil,t,interior,5105150,45869,40234.93,1597.67,f,2026-08-01
81c7519490655497263e83f596a98ba2,MATO GROSSO,JURUENA,MT,Brasil,t,interior,5105176,10213,37799.96,1627.82,f,2026-08-01
3e4cd18f0944236353b3ed39a9d08568,MATO GROSSO,JUSCIMEIRA,MT,Brasil,t,interior,5105200,11480,48349.22,1222.76,f,2026-08-01
a8692105e4578db8f91b2b44a4114f1a,MATO GROSSO,LAMBARI D'OESTE,MT,Brasil,t,interior,5105234,4790,59335.91,1165.12,f,2026-08-01
eb51d238bb95db7991e02bb9e43c1347,MATO GROSSO,LUCAS DO RIO VERDE,MT,Brasil,t,interior,5105259,83798,98319.36,2202.82,f,2026-08-01
0c317f9ee2c9debc0febf5c10067119b,MATO GROSSO,LUCIARA,MT,Brasil,t,interior,5105309,2509,38012.75,1051.57,f,2026-08-01
3e6dc9adea0f8487970cfc6db927c3b7,MATO GROSSO,MARCELANDIA,MT,Brasil,t,interior,5105580,11396,90320.46,1570.67,f,2026-08-01
4367045e30421ca6398d6cdba78f5a5c,MATO GROSSO,MATUPA,MT,Brasil,t,interior,5105606,20091,89129.16,1880.90,f,2026-08-01
bfef1a0a680a1d9fc94602806a9ef893,MATO GROSSO,MIRASSOL D'OESTE,MT,Brasil,t,interior,5105622,26785,43433.97,1480.30,f,2026-08-01
ddc59d7b09d760d698503063235f7bb8,MATO GROSSO,NOBRES,MT,Brasil,t,interior,5105903,15492,96343.47,1484.25,f,2026-08-01
bda8bc468a1fab579f29e42631e84e14,MATO GROSSO,NORTELANDIA,MT,Brasil,t,interior,5106000,5956,67058.26,1454.13,f,2026-08-01
923244ecfd42697cb22a7ddb28630917,MATO GROSSO,NOSSA SENHORA DO LIVRAMENTO,MT,Brasil,t,interior,5106109,12940,33510.51,1107.38,f,2026-08-01
dbba41be16b4bdc9bf2c0afdf8564c1a,MATO GROSSO,NOVA BANDEIRANTES,MT,Brasil,t,interior,5106158,13635,37113.75,1419.80,f,2026-08-01
cf159fb0aa77ec058ffdb6cb5bad9127,MATO GROSSO,NOVA BRASILANDIA,MT,Brasil,t,interior,5106208,3932,55116.99,1187.78,f,2026-08-01
4c08e16b0550f0e13a2a7ba4cd819a60,MATO GROSSO,NOVA CANAA DO NORTE,MT,Brasil,t,interior,5106216,11707,90368.33,1532.50,f,2026-08-01
0a3f39c5f26459c91f487e437373881c,MATO GROSSO,NOVA GUARITA,MT,Brasil,t,interior,5108808,4590,51616.99,1130.89,f,2026-08-01
9595af55ecb5696fb4a083cc41097cd1,MATO GROSSO,NOVA LACERDA,MT,Brasil,t,interior,5106182,6670,72989.06,1411.77,f,2026-08-01
4d28873941f68b5814051f370f792ad7,MATO GROSSO,NOVA MARILANDIA,MT,Brasil,t,interior,5108857,3529,156361.29,1504.51,f,2026-08-01
33d056d551255ae235c01b475623fda2,MATO GROSSO,NOVA MARINGA,MT,Brasil,t,interior,5108907,5846,255023.78,1721.46,f,2026-08-01
65476638280362d8d0fda7d2e714eab7,MATO GROSSO,NOVA MONTE VERDE,MT,Brasil,t,interior,5108956,8313,53163.84,1604.84,f,2026-08-01
7a8f3b36cc376b43b9e7fee2f76c250a,MATO GROSSO,NOVA MUTUM,MT,Brasil,t,interior,5106224,55839,136949.61,2222.75,f,2026-08-01
153392497eb88c8789e9a06a15ecb126,MATO GROSSO,NOVA NAZARE,MT,Brasil,t,interior,5106174,4200,43738.57,1290.57,f,2026-08-01
8b3cb3501db98a0e6fdfbc54a43ce200,MATO GROSSO,NOVA OLIMPIA,MT,Brasil,t,interior,5106232,16352,47209.15,1378.26,f,2026-08-01
ad0231ed8190703262b32b3de99fea2e,MATO GROSSO,NOVA SANTA HELENA,MT,Brasil,t,interior,5106190,4239,114128.57,1673.59,f,2026-08-01
9b9eebd4fa8d1f8fa644e32f27759006,MATO GROSSO,NOVA UBIRATA,MT,Brasil,t,interior,5106240,11530,276222.64,1588.72,f,2026-08-01
dd6a827355e37f8ebcb2945472d006fa,MATO GROSSO,NOVA XAVANTINA,MT,Brasil,t,interior,5106257,24345,48683.18,1674.32,f,2026-08-01
a44b5f6845d18f9d17e25c78b22f0518,MATO GROSSO,NOVO HORIZONTE DO NORTE,MT,Brasil,t,interior,5106273,3349,39607.64,1535.86,f,2026-08-01
ed55cebac303f836cf09324bdad28a5f,MATO GROSSO,NOVO MUNDO,MT,Brasil,t,interior,5106265,6520,96163.19,1395.50,f,2026-08-01
14f68b7e842fb03fe25bdc3325ac41c4,MATO GROSSO,NOVO SANTO ANTONIO,MT,Brasil,t,interior,5106315,2015,35485.36,1343.52,f,2026-08-01
bd7dc78ad355a3bb83e1f2080dc31099,MATO GROSSO,NOVO SAO JOAQUIM,MT,Brasil,t,interior,5106281,6919,134538.52,1521.54,f,2026-08-01
177100941da3fb796c06b209a99cfba1,MATO GROSSO,PARANAITA,MT,Brasil,t,interior,5106299,11671,71382.83,1616.67,f,2026-08-01
ff266d3d10d00493ece0d126882e12e2,MATO GROSSO,PARANATINGA,MT,Brasil,t,interior,5106307,26423,110538.02,1493.00,f,2026-08-01
0135028635664dda3daa17f7ad0fac68,MATO GROSSO,PEDRA PRETA,MT,Brasil,t,interior,5106372,18066,82518.27,1510.72,f,2026-08-01
ea2cd8c02a2fcc83c899cb86df2d3d28,MATO GROSSO,PEIXOTO DE AZEVEDO,MT,Brasil,t,interior,5106422,32714,35042.76,1089.88,f,2026-08-01
55a5883ab60beaea26e77bdb40638f6d,MATO GROSSO,PLANALTO DA SERRA,MT,Brasil,t,interior,5106455,3166,93512.32,1477.03,f,2026-08-01
89aaaea952db90fd06f8c1e1ec1e496f,MATO GROSSO,POCONE,MT,Brasil,t,interior,5106505,31217,27609.12,1066.69,f,2026-08-01
2dc5f821732cb13f13441c6b38e30fd6,MATO GROSSO,PONTAL DO ARAGUAIA,MT,Brasil,t,interior,5106653,6932,35297.46,1748.56,f,2026-08-01
25c88f5bbd2c7a19b9a62ea42cd8e39b,MATO GROSSO,PONTE BRANCA,MT,Brasil,t,interior,5106703,2008,24828.69,1511.48,f,2026-08-01
36fcd008242223caaa8ed9b3ec68a432,MATO GROSSO,PONTES E LACERDA,MT,Brasil,t,interior,5106752,52018,54919.55,1576.59,f,2026-08-01
66e3fcf5045f42de5751a9db375b2007,MATO GROSSO,PORTO ALEGRE DO NORTE,MT,Brasil,t,interior,5106778,12127,46040.24,1438.58,f,2026-08-01
66cab326be364de1bfc7bb8a3738ca4e,MATO GROSSO,PORTO DOS GAUCHOS,MT,Brasil,t,interior,5106802,5593,258304.13,1773.87,f,2026-08-01
9b65ab9e550211f2e652b8104575c4ae,MATO GROSSO,PORTO ESPERIDIAO,MT,Brasil,t,interior,5106828,10204,31726.19,1172.74,f,2026-08-01
a4e02b30ffb1555c65b1723107e09c99,MATO GROSSO,PORTO ESTRELA,MT,Brasil,t,interior,5106851,3224,30969.91,1006.14,f,2026-08-01
920ade8cde1929336208fca6613d6a50,MATO GROSSO,POXOREU,MT,Brasil,t,interior,5107008,23283,53343.94,1126.25,f,2026-08-01
9fa2bd876eba75ae658154aaf60eb2cb,MATO GROSSO,PRIMAVERA DO LESTE,MT,Brasil,t,interior,5107040,85146,100664.85,2064.23,f,2026-08-01
8c0334bd12fa12fcdf87946925bf7676,MATO GROSSO,QUERENCIA,MT,Brasil,t,interior,5107065,26769,140882.81,1861.74,f,2026-08-01
60d78011bc979426fe6298cfc84211e9,MATO GROSSO,RESERVA DO CABACAL,MT,Brasil,t,interior,5107156,2122,25459.00,1328.48,f,2026-08-01
ee1e75927b4ad4f6d6696f56b56436f9,MATO GROSSO,RIBEIRAO CASCALHEIRA,MT,Brasil,t,interior,5107180,10089,80732.08,1455.45,f,2026-08-01
82803de5fd8512da3c242b9ceab285d2,MATO GROSSO,RIBEIRAOZINHO,MT,Brasil,t,interior,5107198,2593,74378.71,1593.37,t,2026-08-01
e3b78914b15800d80c471fbf84603b31,MATO GROSSO,RIO BRANCO,MT,Brasil,t,interior,5107206,4535,28642.78,1472.23,f,2026-08-01
34621260e545d5ababbb7b4ebf8b3ae6,MATO GROSSO,RONDOLANDIA,MT,Brasil,t,interior,5107578,3505,38714.41,920.06,f,2026-08-01
573314ccb8b4a59e585dc1b9322de834,MATO GROSSO,RONDONOPOLIS,MT,Brasil,t,interior,5107602,244911,67650.09,1960.35,f,2026-08-01
43ea8fa9f761f73a7333605da5be476d,MATO GROSSO,ROSARIO OESTE,MT,Brasil,t,interior,5107701,15453,42087.43,1249.99,f,2026-08-01
7982dc9dc826f65665dbfa7f91c6e0ca,MATO GROSSO,SALTO DO CEU,MT,Brasil,t,interior,5107750,3679,32653.17,1383.61,f,2026-08-01
997dfc031dc8f575fe53a80c9228f76b,MATO GROSSO,SANTA CARMEM,MT,Brasil,t,interior,5107248,5374,210850.95,1739.40,f,2026-08-01
6f69fa17f55c25e49598b210e5d7a327,MATO GROSSO,SANTA CRUZ DO XINGU,MT,Brasil,t,interior,5107743,2661,225944.76,2108.12,t,2026-08-01
23c5461fce0315dff8103aa6d0486ebb,MATO GROSSO,SANTA RITA DO TRIVELATO,MT,Brasil,t,interior,5107768,3276,409443.53,1598.18,f,2026-08-01
7169e1979e833dc89e473c278fab6e59,MATO GROSSO,SANTA TEREZINHA,MT,Brasil,t,interior,5107776,7596,40302.40,1002.97,f,2026-08-01
eea4788f6025f7f0843410c636ca50a7,MATO GROSSO,SANTO AFONSO,MT,Brasil,t,interior,5107263,2519,76907.90,1498.51,f,2026-08-01
1ddf7a5d49af002d5ad655f84cbad940,MATO GROSSO,SANTO ANTONIO DO LESTE,MT,Brasil,t,interior,5107792,4099,320476.21,1168.53,f,2026-08-01
7450fa9726b799062607cf4567a4dab3,MATO GROSSO,SANTO ANTONIO DO LEVERGER,MT,Brasil,t,interior,,,,,,2026-08-01
04dc491818b00b8b5f54503214f27f76,MATO GROSSO,SAO FELIX DO ARAGUAIA,MT,Brasil,t,interior,5107859,13621,172659.28,1502.25,f,2026-08-01
2d8f34d1abc11895a8c409beff3fadfc,MATO GROSSO,SAO JOSE DO POVO,MT,Brasil,t,interior,5107297,2875,24409.04,1417.51,f,2026-08-01
07119b235cbe63f65c48ca91801a1fa7,MATO GROSSO,SAO JOSE DO RIO CLARO,MT,Brasil,t,interior,5107305,14911,112872.11,1335.67,f,2026-08-01
c9b1d273a843fa601f73a3d672842df4,MATO GROSSO,SAO JOSE DO XINGU,MT,Brasil,t,interior,5107354,5964,141378.60,1336.91,f,2026-08-01
06932189d6f1260912f5d32c74dfcdd3,MATO GROSSO,SAO JOSE DOS QUATRO MARCOS,MT,Brasil,t,interior,5107107,17849,30834.11,1355.35,f,2026-08-01
5ddac9fd15cfb8b9f001cfa9de29ca8e,MATO GROSSO,SAO PEDRO DA CIPA,MT,Brasil,t,interior,5107404,4191,19347.41,1339.52,f,2026-08-01
94e748aa145f18c975746cbc53a4e239,MATO GROSSO,SAPEZAL,MT,Brasil,t,interior,5107875,28944,221470.67,1957.35,f,2026-08-01
4db582015b9b37faa93988ccf8ecd4ea,MATO GROSSO,SERRA NOVA DOURADA,MT,Brasil,t,interior,5107883,1800,88917.78,1552.08,t,2026-08-01
e975e6449c619811fb1157ece1fb1d2a,MATO GROSSO,SINOP,MT,Brasil,t,interior,5107909,196312,59782.63,2146.78,f,2026-08-01
d65907608a92d832ac0c196c6b50c139,MATO GROSSO,SORRISO,MT,Brasil,t,interior,5107925,110635,124271.32,2175.07,f,2026-08-01
bd67a08cd4692e1edacf51d857871a88,MATO GROSSO,TABAPORA,MT,Brasil,t,interior,5107941,9818,156889.28,1631.67,f,2026-08-01
f45ff1b7dab6140358d84a31b100738f,MATO GROSSO,TANGARA DA SERRA,MT,Brasil,t,interior,5107958,106434,52635.44,1846.11,f,2026-08-01
c356f813ac7615b670e669a418055b4e,MATO GROSSO,TAPURAH,MT,Brasil,t,interior,5108006,14370,171709.60,1743.62,f,2026-08-01
0b74281e2d5d542b82ef81f13a1b8643,MATO GROSSO,TERRA NOVA DO NORTE,MT,Brasil,t,interior,5108055,10616,53828.94,1545.61,f,2026-08-01
41e89cec03b7828ca3313f4cdc11d1a1,MATO GROSSO,TESOURO,MT,Brasil,t,interior,5108105,3025,108088.60,1370.11,f,2026-08-01
afba5b0d61ccff8e3065546df8abd06d,MATO GROSSO,TORIXOREU,MT,Brasil,t,interior,5108204,4164,58018.49,1390.27,f,2026-08-01
78c540741a26aaee231666f6819c2dce,MATO GROSSO,UNIAO DO SUL,MT,Brasil,t,interior,5108303,3838,156757.95,1589.30,f,2026-08-01
1fd380f46022cd6e82239e472f36e327,MATO GROSSO,VALE DE SAO DOMINGOS,MT,Brasil,t,interior,5108352,2904,28002.07,1348.22,f,2026-08-01
752f78c946246f27c5e7f735805bc89d,MATO GROSSO,VARZEA GRANDE,MT,Brasil,t,interior,5108402,300078,46601.94,1453.88,f,2026-08-01
419f122743b98dc31a155f0ba6497e40,MATO GROSSO,VERA,MT,Brasil,t,interior,5108501,12800,117523.75,1618.26,f,2026-08-01
4abbb8208d308484f123911e0041896b,MATO GROSSO,VILA BELA DA SANTISSIMA TRINDADE,MT,Brasil,t,interior,5105507,16774,56436.33,1260.10,f,2026-08-01
61a15841f0901424fb5eec306bb4df39,MATO GROSSO,VILA RICA,MT,Brasil,t,interior,5108600,19888,46290.28,1632.85,f,2026-08-01
3e59198b79b427763fdb08c2ce49a5f3,MATO GROSSO DO SUL,AGUA CLARA,MS,Brasil,t,interior,5000203,16741,92266.47,1627.25,f,2026-08-01
00eced622a74653c0f76945023a01771,MATO GROSSO DO SUL,ALCINOPOLIS,MS,Brasil,t,interior,5000252,4537,84718.54,1395.32,f,2026-08-01
935eb96104ab1b33b91c0843a8b008df,MATO GROSSO DO SUL,AMAMBAI,MS,Brasil,t,interior,5000609,39325,61697.67,1281.38,f,2026-08-01
15560883acb99dab39fcbccd41b15b1d,MATO GROSSO DO SUL,ANASTACIO,MS,Brasil,t,interior,5000708,24114,32505.64,1196.18,f,2026-08-01
46e49f4287cfc1a0765344ffd5220b73,MATO GROSSO DO SUL,ANAURILANDIA,MS,Brasil,t,interior,5000807,7653,81498.76,1265.50,f,2026-08-01
202aa4fe1f7df64d787bd49dabca381b,MATO GROSSO DO SUL,ANGELICA,MS,Brasil,t,interior,5000856,10729,115898.13,1272.49,f,2026-08-01
070b7112c99809d5cca52df145c42fa6,MATO GROSSO DO SUL,ANTONIO JOAO,MS,Brasil,t,interior,5000906,9303,91559.82,980.80,f,2026-08-01
d6101c0100c411b964e423459d7595c8,MATO GROSSO DO SUL,APARECIDA DO TABOADO,MS,Brasil,t,interior,5001003,27674,79107.54,1465.45,f,2026-08-01
f6368a202543b14dd02740b0e8d94f0a,MATO GROSSO DO SUL,AQUIDAUANA,MS,Brasil,t,interior,5001102,46803,30712.80,1307.08,f,2026-08-01
08cbf6ff38bbb7502782d4f1fc638ac3,MATO GROSSO DO SUL,ARAL MOREIRA,MS,Brasil,t,interior,5001243,10748,125488.65,1083.72,f,2026-08-01
4e10785b876d5b655d3088c73777690d,MATO GROSSO DO SUL,BANDEIRANTES,MS,Brasil,t,interior,5001508,7940,126114.11,1797.07,f,2026-08-01
fe005c82f6078849feec96b7f08a2fbb,MATO GROSSO DO SUL,BATAGUASSU,MS,Brasil,t,interior,5001904,23031,79975.55,1453.70,f,2026-08-01
9fa1387b9e6f39d51935d91ff07a0f51,MATO GROSSO DO SUL,BATAYPORA,MS,Brasil,t,interior,5002001,10712,73266.34,1366.25,f,2026-08-01
2ee6815d98d157da3e7f477ebfe2ec3c,MATO GROSSO DO SUL,BELA VISTA,MS,Brasil,t,interior,5002100,21613,54425.58,1166.61,f,2026-08-01
47930b4e54f6be540e5b86c0adc3034b,MATO GROSSO DO SUL,BODOQUENA,MS,Brasil,t,interior,5002159,8567,45105.64,1334.74,f,2026-08-01
52faef4785c1336fc432da00b4867b05,MATO GROSSO DO SUL,BONITO,MS,Brasil,t,interior,5002209,23659,67060.19,1796.79,f,2026-08-01
6453d445c00171170e24c20d4283f468,MATO GROSSO DO SUL,BRASILANDIA,MS,Brasil,t,interior,5002308,11579,100131.01,1328.35,f,2026-08-01
0c1bc226d02653f5b67dab76ae2470da,MATO GROSSO DO SUL,CAARAPO,MS,Brasil,t,interior,5002407,30612,83401.44,1227.87,f,2026-08-01
666a716b056d12132e4d615925ffc0d4,MATO GROSSO DO SUL,CAMAPUA,MS,Brasil,t,interior,5002605,13583,64218.21,1710.09,f,2026-08-01
0de101e3a4089a304ae8840dd340c227,MATO GROSSO DO SUL,CAMPO GRANDE,MS,Brasil,t,capital,5002704,898100,47065.77,2088.31,f,2026-08-01
fc260fc1959054262922709784f39faf,MATO GROSSO DO SUL,CARACOL,MS,Brasil,t,interior,5002803,5036,49870.53,1175.54,f,2026-08-01
9d365e8a536ce7e3873e1d4f22c3f08a,MATO GROSSO DO SUL,CASSILANDIA,MS,Brasil,t,interior,5002902,20988,50503.76,1522.15,f,2026-08-01
2a06ab81230522e769ec93abb0bb0c7d,MATO GROSSO DO SUL,CHAPADAO DO SUL,MS,Brasil,t,interior,5002951,30993,107428.35,2090.92,f,2026-08-01
c0369da7976288459418f8965d1f8552,MATO GROSSO DO SUL,CORGUINHO,MS,Brasil,t,interior,5003108,4783,36075.89,1190.38,f,2026-08-01
1bf875325d29542b2dc2b17b962f71f6,MATO GROSSO DO SUL,CORONEL SAPUCAIA,MS,Brasil,t,interior,5003157,14289,27170.62,699.98,f,2026-08-01
cf7ffc786710b7d2735ae6757176e5a8,MATO GROSSO DO SUL,CORUMBA,MS,Brasil,t,interior,5003207,96268,43497.62,1432.56,f,2026-08-01
ee2439c2e296a1688a0896e9590a8147,MATO GROSSO DO SUL,COSTA RICA,MS,Brasil,t,interior,5003256,26037,128336.25,1508.09,f,2026-08-01
b56d1b5d6b4fd30eca7ab221cebc19d8,MATO GROSSO DO SUL,COXIM,MS,Brasil,t,interior,5003306,32151,43570.43,1501.32,f,2026-08-01
d378e486a963a9bb031310210b4cbd06,MATO GROSSO DO SUL,DEODAPOLIS,MS,Brasil,t,interior,5003454,13663,52157.87,1317.66,f,2026-08-01
96ae085c2548efdb74ae26313eb072a9,MATO GROSSO DO SUL,DOIS IRMAOS DO BURITI,MS,Brasil,t,interior,5003488,11100,41151.08,1232.92,f,2026-08-01
7667a4ca5dea0a2786a8ead35b4e960c,MATO GROSSO DO SUL,DOURADINA,MS,Brasil,t,interior,5003504,5578,46611.51,1196.02,f,2026-08-01
91047c31f0441965076dab420401af3c,MATO GROSSO DO SUL,DOURADOS,MS,Brasil,t,interior,5003702,243367,83240.34,2015.16,f,2026-08-01
a07389c9a363a3848e344194c5f87adb,MATO GROSSO DO SUL,ELDORADO,MS,Brasil,t,interior,5003751,11386,61882.31,1275.12,f,2026-08-01
17235636f9ff4e05836867e6f0b9e788,MATO GROSSO DO SUL,FATIMA DO SUL,MS,Brasil,t,interior,5003801,20609,37329.95,1514.57,f,2026-08-01
b10d7b0969c9b48aba9c1625ee23e66e,MATO GROSSO DO SUL,FIGUEIRAO,MS,Brasil,t,interior,5003900,3539,52793.16,1711.92,f,2026-08-01
b3be5ca3a444efe589101ea308c19393,MATO GROSSO DO SUL,GLORIA DE DOURADOS,MS,Brasil,t,interior,5004007,10444,43080.24,1559.86,f,2026-08-01
ae77cf00b4a6918fd1b47689cbc0a1c1,MATO GROSSO DO SUL,GUIA LOPES DA LAGUNA,MS,Brasil,t,interior,5004106,9940,48048.29,1147.34,f,2026-08-01
95099101fa7bfc50d7954d27e68dade6,MATO GROSSO DO SUL,IGUATEMI,MS,Brasil,t,interior,5004304,13808,69712.70,1475.20,f,2026-08-01
59634bf31bdbf4424bdd6e2303b58f61,MATO GROSSO DO SUL,INOCENCIA,MS,Brasil,t,interior,5004403,8404,112601.98,1686.73,f,2026-08-01
8a16f1326c77fe7ebf6b5268d3e420aa,MATO GROSSO DO SUL,ITAPORA,MS,Brasil,t,interior,5004502,24137,63208.10,1257.96,f,2026-08-01
239b4cb77473cfea231a15885144972f,MATO GROSSO DO SUL,ITAQUIRAI,MS,Brasil,t,interior,5004601,19423,79624.83,1255.34,f,2026-08-01
1909aafc85e4bfaf4fb2ab93d23a47ee,MATO GROSSO DO SUL,IVINHEMA,MS,Brasil,t,interior,5004700,27821,72084.72,1420.01,f,2026-08-01
61b84de64fb25331c7d04b960bd98b49,MATO GROSSO DO SUL,JAPORA,MS,Brasil,t,interior,5004809,8148,29722.02,757.40,f,2026-08-01
89dfee2d10a1b0e8e092887dac96a70d,MATO GROSSO DO SUL,JARAGUARI,MS,Brasil,t,interior,5004908,7139,100532.43,1392.46,f,2026-08-01
98b315367b193be5aaaf3c5a3e72df86,MATO GROSSO DO SUL,JARDIM,MS,Brasil,t,interior,5005004,23981,47130.52,1572.74,f,2026-08-01
6d9729e96559d46df10ff5c757d0f7b4,MATO GROSSO DO SUL,JATEI,MS,Brasil,t,interior,5005103,3586,203563.30,1424.47,f,2026-08-01
706e0985f0b0bfd3dd132d3c2dd08bc4,MATO GROSSO DO SUL,JUTI,MS,Brasil,t,interior,5005152,6729,76969.83,1202.34,f,2026-08-01
25352db046fb60395ba47c3ac5241dca,MATO GROSSO DO SUL,LADARIO,MS,Brasil,t,interior,5005202,21522,19546.74,1172.23,f,2026-08-01
5f47860899af7cda170e014c0984d944,MATO GROSSO DO SUL,LAGUNA CARAPA,MS,Brasil,t,interior,5005251,6799,184975.73,1295.64,f,2026-08-01
0ab9b285cbef489e4b9d7cc7510044f2,MATO GROSSO DO SUL,MARACAJU,MS,Brasil,t,interior,5005400,45047,131446.31,1785.78,f,2026-08-01
6b232f5d8f01b1909d0a6c9b0a4c5d32,MATO GROSSO DO SUL,MIRANDA,MS,Brasil,t,interior,5005608,25536,30640.47,924.13,f,2026-08-01
de0d6395c98bcd685e9a1d9ad09b1b68,MATO GROSSO DO SUL,MUNDO NOVO,MS,Brasil,t,interior,5005681,19193,53050.33,1531.14,f,2026-08-01
e2aff6e60a30510f24c73e41a1d698e5,MATO GROSSO DO SUL,NAVIRAI,MS,Brasil,t,interior,5005707,50457,72739.30,1743.97,f,2026-08-01
afb1c75f6aa259ee3d7f40deafb5d501,MATO GROSSO DO SUL,NIOAQUE,MS,Brasil,t,interior,5005806,13220,46806.66,1269.36,f,2026-08-01
8301ed406f827949e8eea5a39b1e9d6b,MATO GROSSO DO SUL,NOVA ALVORADA DO SUL,MS,Brasil,t,interior,5006002,21822,118807.40,1245.03,f,2026-08-01
2070c4701482baf9d3ac7a2eaa9a245b,MATO GROSSO DO SUL,NOVA ANDRADINA,MS,Brasil,t,interior,5006200,48563,73486.91,1656.18,f,2026-08-01
8b52935c7d5ac0a3ab0880503f8d28e4,MATO GROSSO DO SUL,NOVO HORIZONTE DO SUL,MS,Brasil,t,interior,5006259,4721,95506.46,1347.22,f,2026-08-01
0de5c85431789c2353b78fe7ca4cdb38,MATO GROSSO DO SUL,PARAISO DAS AGUAS,MS,Brasil,t,interior,5006275,5510,252215.25,1692.38,f,2026-08-01
ece9a9c6c03c96b84180eca0ab5527c0,MATO GROSSO DO SUL,PARANAIBA,MS,Brasil,t,interior,5006309,40957,49127.28,1719.67,f,2026-08-01
e0d06add531184486aa372e4968213b5,MATO GROSSO DO SUL,PARANHOS,MS,Brasil,t,interior,5006358,12921,28727.11,763.99,f,2026-08-01
a700b1be48422287bb734131dac4ac20,MATO GROSSO DO SUL,PEDRO GOMES,MS,Brasil,t,interior,5006408,6941,66407.43,1271.33,f,2026-08-01
3543e20f4e132eb7d14d23c4df82607b,MATO GROSSO DO SUL,PONTA PORA,MS,Brasil,t,interior,5006606,92017,65963.79,1484.68,f,2026-08-01
8fdd932b61ff2ead627a23c270c6faf6,MATO GROSSO DO SUL,PORTO MURTINHO,MS,Brasil,t,interior,5006903,12859,44444.44,1166.44,f,2026-08-01
4b7e292fb39aaccff41c56aa9250f12f,MATO GROSSO DO SUL,RIBAS DO RIO PARDO,MS,Brasil,t,interior,5007109,23150,144850.37,1580.75,f,2026-08-01
8c2080ca940adea8b5fa3cedf41fdff5,MATO GROSSO DO SUL,RIO BRILHANTE,MS,Brasil,t,interior,5007208,37601,101963.01,1528.88,f,2026-08-01
7d6c424ae9934e7ba59b098638c2d1af,MATO GROSSO DO SUL,RIO NEGRO,MS,Brasil,t,interior,5007307,4841,35196.45,1501.79,f,2026-08-01
9e49763691eabf744af5c9ab1eb90922,MATO GROSSO DO SUL,RIO VERDE DE MATO GROSSO,MS,Brasil,t,interior,5007406,19818,46755.32,1598.28,f,2026-08-01
8f743a8585621d4a9cbcd20538590d49,MATO GROSSO DO SUL,ROCHEDO,MS,Brasil,t,interior,5007505,5199,67770.15,1211.98,f,2026-08-01
a54afc103b344ef01c63b573b6872b5b,MATO GROSSO DO SUL,SANTA RITA DO PARDO,MS,Brasil,t,interior,5007554,7027,91499.50,1223.61,f,2026-08-01
e41b10c95558a0b96675dbb8ef4b0e13,MATO GROSSO DO SUL,SAO GABRIEL DO OESTE,MS,Brasil,t,interior,5007695,29579,97496.53,2084.65,f,2026-08-01
d0d2c480e87b79a74475e73b3ce72819,MATO GROSSO DO SUL,SELVIRIA,MS,Brasil,t,interior,5007802,8142,330535.25,1247.44,f,2026-08-01
4a48eb3104c67a0fa6bc86e23c8b8ea6,MATO GROSSO DO SUL,SETE QUEDAS,MS,Brasil,t,interior,5007703,10994,44928.96,1282.59,f,2026-08-01
7a7a73f8ee0522be8105307732140bab,MATO GROSSO DO SUL,SIDROLANDIA,MS,Brasil,t,interior,5007901,47118,87065.37,1236.58,f,2026-08-01
a46b359a7b9effa66256e59efd04ba5d,MATO GROSSO DO SUL,SONORA,MS,Brasil,t,interior,5007935,14516,102582.87,1487.62,f,2026-08-01
9928eda0ca8c3c13b55c72214b7435fe,MATO GROSSO DO SUL,TACURU,MS,Brasil,t,interior,5007950,10808,34988.06,727.90,f,2026-08-01
2d07e89c747839e0ae4e0cb64a188110,MATO GROSSO DO SUL,TAQUARUSSU,MS,Brasil,t,interior,5007976,3625,59412.14,1326.37,f,2026-08-01
8381ee0f423b503fc15a6da7c786e27b,MATO GROSSO DO SUL,TERENOS,MS,Brasil,t,interior,5008008,17652,76396.10,1302.89,f,2026-08-01
a709316b8cfaed41f658feaa59d30e0d,MATO GROSSO DO SUL,TRES LAGOAS,MS,Brasil,t,interior,5008305,132152,111703.31,1674.66,f,2026-08-01
036f271f7136bbe4581fb7098fc58f9e,MATO GROSSO DO SUL,VICENTINA,MS,Brasil,t,interior,5008404,6336,60721.91,1429.37,f,2026-08-01
320834ed0b0895b5118af95d7dd87848,MINAS GERAIS,ABADIA DOS DOURADOS,MG,Brasil,t,interior,3100104,6272,30356.66,1435.00,f,2026-08-01
8f247421b86e2772fd1ef3956b8732d3,MINAS GERAIS,ABAETE,MG,Brasil,t,interior,3100203,22675,28311.84,1439.09,f,2026-08-01
0c828b504b72dfe53b989dd408cb9081,MINAS GERAIS,ABRE CAMPO,MG,Brasil,t,interior,3100302,13927,23803.55,1100.72,f,2026-08-01
fd94bc56cfdb91912d9f8bc0dfef2430,MINAS GERAIS,ACAIACA,MG,Brasil,t,interior,3100401,3909,21761.58,1142.10,f,2026-08-01
39ed8176eba6bc3086ef250720e87c63,MINAS GERAIS,ACUCENA,MG,Brasil,t,interior,3100500,8943,19243.43,890.65,f,2026-08-01
c388654f6d5875dfe48743236d2e1383,MINAS GERAIS,AGUA BOA,MG,Brasil,t,interior,3100609,12589,18700.61,872.39,f,2026-08-01
a8d2dcd7c103ffdd2752ba738bad65df,MINAS GERAIS,AGUA COMPRIDA,MG,Brasil,t,interior,3100708,2108,156992.41,1631.86,f,2026-08-01
615abb3cdfc04d092f330a817ea36bc4,MINAS GERAIS,AGUANIL,MG,Brasil,t,interior,3100807,4357,25589.63,1383.44,f,2026-08-01
d9da55d1725f4b1022030041ef1be230,MINAS GERAIS,AGUAS FORMOSAS,MG,Brasil,t,interior,3100906,18448,19667.50,991.23,f,2026-08-01
866921a25bf3ced8ac7365b397b7ed60,MINAS GERAIS,AGUAS VERMELHAS,MG,Brasil,t,interior,3101003,14037,19832.59,783.82,f,2026-08-01
9caa8b4ceacc278df44b2174116e4896,MINAS GERAIS,AIMORES,MG,Brasil,t,interior,3101102,25269,31397.21,1341.42,f,2026-08-01
1e87b8a983c1c176624b79128fd930e8,MINAS GERAIS,AIURUOCA,MG,Brasil,t,interior,3101201,6233,24774.91,1650.78,f,2026-08-01
bbb1f48f41216d74e8db190b4461320f,MINAS GERAIS,ALAGOA,MG,Brasil,t,interior,3101300,2749,23222.99,1327.04,f,2026-08-01
8720111af697b18f55f4038fa5769be7,MINAS GERAIS,ALBERTINA,MG,Brasil,t,interior,3101409,2952,30794.72,1222.92,f,2026-08-01
932646327949c81867232c1616f9aa57,MINAS GERAIS,ALEM PARAIBA,MG,Brasil,t,interior,3101508,30717,34044.96,1372.25,f,2026-08-01
30123800faf3755a2d9996625827fd41,MINAS GERAIS,ALFENAS,MG,Brasil,t,interior,3101607,78970,46472.07,1745.37,f,2026-08-01
9f5221b492c4999b17a82e1f42c2c452,MINAS GERAIS,ALFREDO VASCONCELOS,MG,Brasil,t,interior,3101631,6931,25532.25,1133.93,f,2026-08-01
f8c1b497785c3240b05c7fec37755f04,MINAS GERAIS,ALMENARA,MG,Brasil,t,interior,3101706,40364,20164.43,1088.43,f,2026-08-01
dd54a2dcd1525cf07d736019c9632c18,MINAS GERAIS,ALPERCATA,MG,Brasil,t,interior,3101805,6903,16365.78,1077.73,f,2026-08-01
152243f1815e7cc13a290aab37ac9948,MINAS GERAIS,ALPINOPOLIS,MG,Brasil,t,interior,3101904,18300,33804.26,1427.77,f,2026-08-01
0f6df1168f76b04b2e619267850e0ab9,MINAS GERAIS,ALTEROSA,MG,Brasil,t,interior,3102001,13915,23877.54,1244.79,f,2026-08-01
b8d26930f0a110cd7af0e69404588986,MINAS GERAIS,ALTO CAPARAO,MG,Brasil,t,interior,3102050,5795,22722.69,1118.10,f,2026-08-01
70d31bd687b4ad74032af73d3743bb6c,MINAS GERAIS,ALTO JEQUITIBA,MG,Brasil,t,interior,3153509,8397,19132.19,1163.60,f,2026-08-01
c1788b32ae550d249d61b65992b48ff4,MINAS GERAIS,ALTO RIO DOCE,MG,Brasil,t,interior,3102100,10891,20466.16,945.93,f,2026-08-01
51e8feaebb97481590c7f79a58b7b391,MINAS GERAIS,ALVARENGA,MG,Brasil,t,interior,3102209,3975,16336.86,961.67,f,2026-08-01
1c32b2644585fe227c1314aa4f80df99,MINAS GERAIS,ALVINOPOLIS,MG,Brasil,t,interior,3102308,15059,26729.07,1234.09,f,2026-08-01
6f2025e5741d0ded8146a7f0d2c16ab0,MINAS GERAIS,ALVORADA DE MINAS,MG,Brasil,t,interior,3102407,4159,22844.19,798.24,f,2026-08-01
39e276493cb51f75f3afa16877622d4f,MINAS GERAIS,AMPARO DA SERRA,MG,Brasil,t,interior,,,,,,2026-08-01
281e7e3888c8dc2c168e8df7edb558dc,MINAS GERAIS,ANDRADAS,MG,Brasil,t,interior,3102605,40553,36575.47,1827.75,f,2026-08-01
6f07657316b48ad08c27fcea324888dc,MINAS GERAIS,ANDRELANDIA,MG,Brasil,t,interior,3102803,11927,28572.31,1272.14,f,2026-08-01
a171d1ebf0154ecfcd70b9b3c195bbde,MINAS GERAIS,ANGELANDIA,MG,Brasil,t,interior,3102852,7718,25117.00,978.90,f,2026-08-01
f7e971f6fefe41448183644b98ffc7da,MINAS GERAIS,ANTONIO CARLOS,MG,Brasil,t,interior,3102902,11095,37194.77,1252.15,f,2026-08-01
09f499105928a3fa0f515a5d84fdd9ad,MINAS GERAIS,ANTONIO DIAS,MG,Brasil,t,interior,3103009,9219,58081.25,1006.48,f,2026-08-01
05ba9c2e20bf1a1effbd35dd8d20e08b,MINAS GERAIS,ANTONIO PRADO DE MINAS,MG,Brasil,t,interior,3103108,1538,23271.78,1266.27,f,2026-08-01
891b28b2785aedefbcb8bd19b36ce671,MINAS GERAIS,ARACAI,MG,Brasil,t,interior,3103207,2181,34712.98,1095.05,f,2026-08-01
178adb2c782fd77f7b90b1396f6f4edf,MINAS GERAIS,ARACITABA,MG,Brasil,t,interior,3103306,2049,19602.73,1076.41,f,2026-08-01
5a05f2df4d50cb5215d119e034662965,MINAS GERAIS,ARACUAI,MG,Brasil,t,interior,3103405,34297,31544.83,1140.90,f,2026-08-01
47d2967fef55976a8d71e1fd8406627d,MINAS GERAIS,ARAGUARI,MG,Brasil,t,interior,3103504,117808,58217.90,1693.43,f,2026-08-01
cc7d29b0d7d5997c506e935343c55229,MINAS GERAIS,ARANTINA,MG,Brasil,t,interior,3103603,2915,26663.12,1178.03,f,2026-08-01
ff415cd05ad2590ab1a9a07f40f77f34,MINAS GERAIS,ARAPONGA,MG,Brasil,t,interior,3103702,8048,17815.23,835.20,f,2026-08-01
afb2a2c321a6d7ae058b61f554dc6898,MINAS GERAIS,ARAPORA,MG,Brasil,t,interior,3103751,8479,142592.88,1606.42,t,2026-08-01
e3664e6801715c4b5de248be6e406cc0,MINAS GERAIS,ARAPUA,MG,Brasil,t,interior,3103801,2631,94825.92,1770.70,f,2026-08-01
5f6fca1a50ce71cb3ee0906264721841,MINAS GERAIS,ARAUJOS,MG,Brasil,t,interior,3103900,9199,50543.21,1655.99,f,2026-08-01
786e1b7f54e7a2fe8136301547bf8207,MINAS GERAIS,ARAXA,MG,Brasil,t,interior,3104007,111691,79211.75,1896.33,f,2026-08-01
c569eb8d497124c47be0f8db9aa4f120,MINAS GERAIS,ARCEBURGO,MG,Brasil,t,interior,3104106,9177,50160.07,1387.12,f,2026-08-01
2a758d7815f172d0dd4edd675e1b1c35,MINAS GERAIS,ARCOS,MG,Brasil,t,interior,3104205,41416,73837.00,1485.29,f,2026-08-01
e15729ed2a8769c5471f24786b0860c3,MINAS GERAIS,AREADO,MG,Brasil,t,interior,3104304,13881,27379.58,1355.26,f,2026-08-01
5ede322186009574bc258039e07bd25f,MINAS GERAIS,ARGIRITA,MG,Brasil,t,interior,3104403,2688,19111.61,1184.26,f,2026-08-01
65c74573c4180878d86db5bae89b2495,MINAS GERAIS,ARICANDUVA,MG,Brasil,t,interior,3104452,4719,18311.08,936.92,f,2026-08-01
376b4fc04873f16e712c069f8ffad9e6,MINAS GERAIS,ARINOS,MG,Brasil,t,interior,3104502,17272,31528.95,1080.02,f,2026-08-01
4972eb58056e0dd89741940ff64fc90c,MINAS GERAIS,ASTOLFO DUTRA,MG,Brasil,t,interior,3104601,14138,32077.80,1207.03,f,2026-08-01
91b1b0354a52e75ee77d6722792747c3,MINAS GERAIS,ATALEIA,MG,Brasil,t,interior,3104700,13736,18906.23,850.69,f,2026-08-01
a92c1658e80c91bb0e676fd110ca9d4a,MINAS GERAIS,AUGUSTO DE LIMA,MG,Brasil,t,interior,3104809,4538,25090.79,992.15,f,2026-08-01
1bf8a04fa643727d360bcaa7201a3136,MINAS GERAIS,BAEPENDI,MG,Brasil,t,interior,3104908,18366,24607.43,1268.97,f,2026-08-01
b715f9baeea838c20bed4bdfcaa69ea9,MINAS GERAIS,BALDIM,MG,Brasil,t,interior,3105004,7492,17635.48,1121.88,f,2026-08-01
a43b1205216a5afdffba0992a0b8954d,MINAS GERAIS,BAMBUI,MG,Brasil,t,interior,3105103,23546,36567.40,1499.46,f,2026-08-01
d4971df3371f6c1020890a5dc4ab7c0b,MINAS GERAIS,BANDEIRA,MG,Brasil,t,interior,3105202,4741,13987.98,903.55,f,2026-08-01
12c310f61350fad0148c800cb87c3be7,MINAS GERAIS,BANDEIRA DO SUL,MG,Brasil,t,interior,3105301,5943,19159.01,1440.33,f,2026-08-01
bb16e1ea3e5428e9b3e4b2e1f317b32a,MINAS GERAIS,BARAO D0 MONTE ALTO,MG,Brasil,t,interior,,,,,,2026-08-01
7d8d89657b4de4b4d902dc30d330b58f,MINAS GERAIS,BARAO DE COCAIS,MG,Brasil,t,interior,3105400,30778,50268.70,1539.77,f,2026-08-01
50f75e0d7bc97c6e1a0ca9fc9c02b287,MINAS GERAIS,BARBACENA,MG,Brasil,t,interior,3105608,125317,32785.79,1598.76,f,2026-08-01
47847632edc615a433bbbdfef6309ed9,MINAS GERAIS,BARRA LONGA,MG,Brasil,t,interior,3105707,5666,17955.52,1180.30,f,2026-08-01
1eb3b1b162a988b0b2e180022b019e38,MINAS GERAIS,BARROSO,MG,Brasil,t,interior,3105905,20080,39930.78,1232.08,f,2026-08-01
fcc6631271b18bdb4f9d4a64820a69b4,MINAS GERAIS,BELA VISTA DE MINAS,MG,Brasil,t,interior,3106002,10167,40103.67,1242.62,f,2026-08-01
10b7f274d7e92c8faa32ff9a831fed82,MINAS GERAIS,BELMIRO BRAGA,MG,Brasil,t,interior,3106101,3244,24432.18,1338.48,f,2026-08-01
e936374635f14f21df83042dbaf96702,MINAS GERAIS,BELO HORIZONTE,MG,Brasil,t,capital,3106200,2315560,56227.29,2748.85,f,2026-08-01
c7bc1f416f8c109110c8806e60630f28,MINAS GERAIS,BELO ORIENTE,MG,Brasil,t,interior,3106309,23928,97365.18,958.65,f,2026-08-01
628473d1882d3e62b9bd5f8a4e7eec96,MINAS GERAIS,BELO VALE,MG,Brasil,t,interior,3106408,8627,31136.66,1300.70,f,2026-08-01
c6652450ca8486cb504073fc06e0ae75,MINAS GERAIS,BERILO,MG,Brasil,t,interior,3106507,9826,14184.10,907.52,f,2026-08-01
965baf3301241b0ebdc35992b187d1f8,MINAS GERAIS,BERIZAL,MG,Brasil,t,interior,3106655,4201,16672.46,764.89,f,2026-08-01
ba9da5c59accc8d168c042c824dbfa7b,MINAS GERAIS,BERTOPOLIS,MG,Brasil,t,interior,3106606,4451,14104.70,697.84,f,2026-08-01
be6e377fdefd916aee3ee9353566af90,MINAS GERAIS,BETIM,MG,Brasil,t,interior,3106705,411846,127752.42,1399.69,f,2026-08-01
9c403f408e146e47a8e150b71f1a96f3,MINAS GERAIS,BIAS FORTES,MG,Brasil,t,interior,3106804,3361,15264.80,1000.58,f,2026-08-01
635d7ad3d2f29231398935dc66ca1dc8,MINAS GERAIS,BICAS,MG,Brasil,t,interior,3106903,13978,25575.26,1467.66,f,2026-08-01
5faf40f7ea416df102c03f271a9d40b2,MINAS GERAIS,BIQUINHAS,MG,Brasil,t,interior,3107000,2383,31738.98,1325.89,f,2026-08-01
6d51d82b399a79ce952c1b8bfa753b5d,MINAS GERAIS,BOA ESPERANCA,MG,Brasil,t,interior,3107109,39848,35476.41,1439.58,f,2026-08-01
87ffef06079cd12950cae6956e7d9284,MINAS GERAIS,BOCAINA DE MINAS,MG,Brasil,t,interior,3107208,5348,19808.90,1391.48,f,2026-08-01
aed64b64247d6dbe7b88f164dd1dfb25,MINAS GERAIS,BOCAIUVA,MG,Brasil,t,interior,3107307,48032,29895.72,1035.32,f,2026-08-01
c35d7b4f755b9ea3fa828fec50d34cc5,MINAS GERAIS,BOM DESPACHO,MG,Brasil,t,interior,3107406,51737,42391.56,1785.98,f,2026-08-01
b02910488c9d0bbb465c311c29998202,MINAS GERAIS,BOM JARDIM DE MINAS,MG,Brasil,t,interior,3107505,6783,22474.57,1164.24,f,2026-08-01
f30c8eece3831dedbc73706d6a26e447,MINAS GERAIS,BOM JESUS DA PENHA,MG,Brasil,t,interior,3107604,4474,45385.11,1448.73,f,2026-08-01
86e2797a35d470e1abc021f329c5180b,MINAS GERAIS,BOM JESUS DO AMPARO,MG,Brasil,t,interior,3107703,5631,31687.62,1079.93,f,2026-08-01
edd660c9d0d126ae5a82f12a699b35b6,MINAS GERAIS,BOM JESUS DO GALHO,MG,Brasil,t,interior,3107802,14536,15228.95,1035.37,f,2026-08-01
09c834a2cecb1a75a25c25baab176258,MINAS GERAIS,BOM REPOUSO,MG,Brasil,t,interior,3107901,12649,16582.89,1274.15,f,2026-08-01
71ebca72af486fbb61fcf995812cbf9a,MINAS GERAIS,BOM SUCESSO,MG,Brasil,t,interior,3108008,17151,27308.20,1366.27,f,2026-08-01
dbd8051c78d8a504de67df097c22b843,MINAS GERAIS,BONFIM,MG,Brasil,t,interior,3108107,7434,19218.19,1304.77,f,2026-08-01
6eb562f708e5f3f40488e3ae30c0ce58,MINAS GERAIS,BONFINOPOLIS DE MINAS,MG,Brasil,t,interior,3108206,5528,85621.56,1492.57,f,2026-08-01
a5231825eb3a8c16d114d75618cd7960,MINAS GERAIS,BONITO DE MINAS,MG,Brasil,t,interior,3108255,10204,12492.55,706.44,f,2026-08-01
575eaec896520f101c920d1d14338c38,MINAS GERAIS,BORDA DA MATA,MG,Brasil,t,interior,3108305,17404,26729.83,1531.54,f,2026-08-01
e5a3f024d1d4f04cd89f8e354b61dcd1,MINAS GERAIS,BOTELHOS,MG,Brasil,t,interior,3108404,14828,23349.54,1402.29,f,2026-08-01
9eaf26e98728ee761e780c20d16d82bc,MINAS GERAIS,BOTUMIRIM,MG,Brasil,t,interior,3108503,5790,14802.59,760.09,f,2026-08-01
69cb2f24aee8606ea65e9c03f84d3b80,MINAS GERAIS,BRAS PIRES,MG,Brasil,t,interior,3108701,4260,14172.77,926.17,f,2026-08-01
dd1abb960090ac3e52a79f3ba6ce2aa6,MINAS GERAIS,BRASILANDIA DE MINAS,MG,Brasil,t,interior,3108552,15020,31089.81,1225.72,f,2026-08-01
17764cd1498a012fb78ef417c8501c18,MINAS GERAIS,BRASILIA DE MINAS,MG,Brasil,t,interior,3108602,32025,15947.79,922.51,f,2026-08-01
1d8d6958b9545e4015afbf40c1fbebde,MINAS GERAIS,BRAUNAS,MG,Brasil,t,interior,3108800,4441,50495.38,847.02,f,2026-08-01
b1526e905b98160f8a2fc433cf154085,MINAS GERAIS,BRAZOPOLIS,MG,Brasil,t,interior,3108909,14246,19509.06,1252.06,f,2026-08-01
bdecea9f4f17f2ea1ab19e17fe72c77f,MINAS GERAIS,BRUMADINHO,MG,Brasil,t,interior,3109006,38915,73116.54,2128.23,f,2026-08-01
915fe002267cf5cf570d3bacc963fffb,MINAS GERAIS,BUENO BRANDAO,MG,Brasil,t,interior,3109105,10911,23528.64,1501.73,f,2026-08-01
48ac9122ca3d9ea67523c1bf8da0a6f5,MINAS GERAIS,BUENOPOLIS,MG,Brasil,t,interior,3109204,9150,20956.07,1087.41,f,2026-08-01
7f078978cc60bdb43e7862ec747c74d3,MINAS GERAIS,BUGRE,MG,Brasil,t,interior,3109253,4041,13974.76,847.70,f,2026-08-01
b63914c55a245ab461785165fd4e5e2c,MINAS GERAIS,BURITIS,MG,Brasil,t,interior,3109303,24030,60180.57,1128.10,f,2026-08-01
d31691bf855286f55f6ddeda445a318b,MINAS GERAIS,BURITIZEIRO,MG,Brasil,t,interior,3109402,23910,35635.55,923.83,f,2026-08-01
13490cde080a9fc4f42eb3fe8906c995,MINAS GERAIS,CABECEIRA GRANDE,MG,Brasil,t,interior,3109451,6627,79944.02,1418.63,f,2026-08-01
434e87f0884db00099b8be30ba5a4082,MINAS GERAIS,CABO VERDE,MG,Brasil,t,interior,3109501,11410,28070.11,1263.99,f,2026-08-01
114574787bbfd19407b97d51c875cfe7,MINAS GERAIS,CACHOEIRA DA PRATA,MG,Brasil,t,interior,3109600,3693,18441.65,1394.94,f,2026-08-01
c0e5ef3e12270167d2f5bb928784573d,MINAS GERAIS,CACHOEIRA DE MINAS,MG,Brasil,t,interior,3109709,11883,51312.38,1210.17,f,2026-08-01
b7b93e26ea266432c487405a4c14ae56,MINAS GERAIS,CACHOEIRA DE PAJEU,MG,Brasil,t,interior,3102704,9110,16075.19,704.82,f,2026-08-01
150f4235e968543e8b656764edf52efe,MINAS GERAIS,CACHOEIRA DOURADA,MG,Brasil,t,interior,3109808,2315,67775.38,1536.12,f,2026-08-01
cf41f92d856622419c779b094432ece6,MINAS GERAIS,CAETANOPOLIS,MG,Brasil,t,interior,3109907,11435,31647.92,1269.47,f,2026-08-01
2a3ee79b350fb423e850ed3e29a2e7b3,MINAS GERAIS,CAETE,MG,Brasil,t,interior,3110004,38776,25895.68,1288.62,f,2026-08-01
c57ef7f5059df12ff67786872ce6c5ea,MINAS GERAIS,CAIANA,MG,Brasil,t,interior,3110103,5304,19563.35,932.52,f,2026-08-01
68206efffbf755000bce5d766cbe2db5,MINAS GERAIS,CAJURI,MG,Brasil,t,interior,3110202,4088,31383.56,1007.83,f,2026-08-01
74869a22c61eb88f692b68d69207f72d,MINAS GERAIS,CALDAS,MG,Brasil,t,interior,3110301,14217,26206.23,1496.53,f,2026-08-01
37bc5c6519cb8d6e370704db4eded143,MINAS GERAIS,CAMACHO,MG,Brasil,t,interior,3110400,2838,31448.56,989.79,f,2026-08-01
52eac37aa464a05320555e6be0c35a84,MINAS GERAIS,CAMANDUCAIA,MG,Brasil,t,interior,3110509,26097,50515.77,1544.47,f,2026-08-01
36a961c26b763dfb33dd5a7568f8abf8,MINAS GERAIS,CAMBUI,MG,Brasil,t,interior,3110608,29536,82998.48,1743.77,f,2026-08-01
d20a983523d65aa6097254225c6e6b77,MINAS GERAIS,CAMBUQUIRA,MG,Brasil,t,interior,3110707,12313,36965.73,1375.16,f,2026-08-01
d0ba2cc16d65b620faab1ec40b39c44c,MINAS GERAIS,CAMPANARIO,MG,Brasil,t,interior,3110806,2923,20926.10,957.55,f,2026-08-01
d9bbae15e39f8e83acbd296fee274eed,MINAS GERAIS,CAMPANHA,MG,Brasil,t,interior,3110905,15935,35264.95,1448.88,f,2026-08-01
6d0c112ee82476fe867eeedfd29cf4a3,MINAS GERAIS,CAMPESTRE,MG,Brasil,t,interior,3111002,20696,27278.17,1278.69,f,2026-08-01
8ea92b68c242ef43ef9669407b971a69,MINAS GERAIS,CAMPINA VERDE,MG,Brasil,t,interior,3111101,18011,37625.23,1558.18,f,2026-08-01
a96f62c20eeaaeb3852259e5799dde71,MINAS GERAIS,CAMPO AZUL,MG,Brasil,t,interior,3111150,3714,14134.89,831.73,f,2026-08-01
df2c00fb808d9c5a6931a0d83aac86fb,MINAS GERAIS,CAMPO BELO,MG,Brasil,t,interior,3111200,52277,27891.73,1379.80,f,2026-08-01
3e5321cbc1ea4a8e16de7db1c3a60e8f,MINAS GERAIS,CAMPO DO MEIO,MG,Brasil,t,interior,3111309,11377,21479.74,1167.47,f,2026-08-01
a0147abb5747ba861702b780ac69690a,MINAS GERAIS,CAMPO FLORIDO,MG,Brasil,t,interior,3111408,8466,124600.99,1420.61,f,2026-08-01
2a49c2c668af3c4b29d5f81ef81b4f73,MINAS GERAIS,CAMPOS ALTOS,MG,Brasil,t,interior,3111507,12979,40439.09,1463.90,f,2026-08-01
722c26cebaa75fac647a5aeb1fdb2a93,MINAS GERAIS,CAMPOS GERAIS,MG,Brasil,t,interior,3111606,26105,32221.80,1282.57,f,2026-08-01
4c94260e6cf2f61314ab47a4c0ce1354,MINAS GERAIS,CANA VERDE,MG,Brasil,t,interior,3111903,5272,18099.96,1162.96,f,2026-08-01
9a1818b3608cd064251226e33bcf42e5,MINAS GERAIS,CANAA,MG,Brasil,t,interior,3111705,4715,21641.36,999.28,f,2026-08-01
74be930637dfcd12f93c05a726c9853c,MINAS GERAIS,CANAPOLIS,MG,Brasil,t,interior,3111804,10608,88401.30,1330.40,f,2026-08-01
227db4c89037f79c1e89b952f104a44f,MINAS GERAIS,CANDEIAS,MG,Brasil,t,interior,3112000,14001,31618.60,1219.12,f,2026-08-01
18fc90d85a7e022c7bc1bf11929b753f,MINAS GERAIS,CANTAGALO,MG,Brasil,t,interior,3112059,3974,15925.77,940.19,f,2026-08-01
a97ee1bf25e83e9ad21eb7782530633b,MINAS GERAIS,CAPARAO,MG,Brasil,t,interior,3112109,5048,25672.74,986.29,f,2026-08-01
8dd6098b6a1ffbc39219c24188257d74,MINAS GERAIS,CAPELA NOVA,MG,Brasil,t,interior,3112208,4362,16089.87,1032.86,f,2026-08-01
f71a02da9d6a4420e453dbbfa11b8b06,MINAS GERAIS,CAPELINHA,MG,Brasil,t,interior,3112307,39626,28058.02,1211.15,f,2026-08-01
c54a73f638b331f0d347115112f915c9,MINAS GERAIS,CAPETINGA,MG,Brasil,t,interior,3112406,6562,35558.98,1133.49,f,2026-08-01
1e65e4d74de24f0f428fbce4accb4a58,MINAS GERAIS,CAPIM BRANCO,MG,Brasil,t,interior,3112505,10663,16835.88,1306.80,f,2026-08-01
52375ea0e31921302128c2e2ce636708,MINAS GERAIS,CAPINOPOLIS,MG,Brasil,t,interior,3112604,14655,58817.74,1337.48,f,2026-08-01
b86b973c28dab81c90c3dc0d8ce3e10e,MINAS GERAIS,CAPITAO ANDRADE,MG,Brasil,t,interior,3112653,4585,15516.68,1030.24,f,2026-08-01
1a938b7bf07c41e43bdcaa1327a4998f,MINAS GERAIS,CAPITAO ENEAS,MG,Brasil,t,interior,3112703,14108,41139.64,885.31,f,2026-08-01
1c8c31bd11f04a6cc0cd623b70c5460c,MINAS GERAIS,CAPITOLIO,MG,Brasil,t,interior,3112802,10380,42758.09,1679.34,f,2026-08-01
5fe8cc0e289535b9b6807a85f64e8607,MINAS GERAIS,CAPUTIRA,MG,Brasil,t,interior,3112901,8936,22031.33,1119.77,f,2026-08-01
4049f5221ee8ef5b5fc68f250b7919b9,MINAS GERAIS,CARAI,MG,Brasil,t,interior,3113008,19548,14007.72,710.86,f,2026-08-01
29e9e419e4e6a1fe0aa34ff0265ab364,MINAS GERAIS,CARANAIBA,MG,Brasil,t,interior,3113107,2933,16810.77,1026.51,f,2026-08-01
c5658eaf376c45b52acda43b4b8b2bfd,MINAS GERAIS,CARANDAI,MG,Brasil,t,interior,3113206,23812,37097.64,1152.80,f,2026-08-01
08aec9dd2c40fdd63177eb50ce6c918a,MINAS GERAIS,CARANGOLA,MG,Brasil,t,interior,3113305,31240,24977.69,1342.69,f,2026-08-01
fab16a79deb49b82980981a09ecfc5ec,MINAS GERAIS,CARATINGA,MG,Brasil,t,interior,3113404,87360,32870.30,1369.59,f,2026-08-01
fe4d1732462b6146f1f907db0ce3d67d,MINAS GERAIS,CARBONITA,MG,Brasil,t,interior,3113503,8512,23487.08,1075.86,f,2026-08-01
37dde94a1441aae29e7d83412f40b4f1,MINAS GERAIS,CAREACU,MG,Brasil,t,interior,3113602,6816,29280.52,1366.57,f,2026-08-01
263cb50a19d21348a224c976e79f15df,MINAS GERAIS,CARLOS CHAGAS,MG,Brasil,t,interior,3113701,18615,33834.65,1052.33,f,2026-08-01
dc055f047acea8976900e1457fb940c3,MINAS GERAIS,CARMESIA,MG,Brasil,t,interior,3113800,2605,17477.54,1123.38,f,2026-08-01
772e114f11a3a401227d5fe510360d13,MINAS GERAIS,CARMO DA CACHOEIRA,MG,Brasil,t,interior,3113909,11547,31847.06,1219.36,f,2026-08-01
22ccc388eb9b58131f44fa60ac0bdea2,MINAS GERAIS,CARMO DA MATA,MG,Brasil,t,interior,3114006,11019,28594.43,1422.49,f,2026-08-01
b8996b2f66e130c5de9d93b70f4eab31,MINAS GERAIS,CARMO DE MINAS,MG,Brasil,t,interior,3114105,13797,23937.67,1189.70,f,2026-08-01
788b18d534a5ae4e0558c67b28baa976,MINAS GERAIS,CARMO DO CAJURU,MG,Brasil,t,interior,3114204,23479,33212.36,1484.94,f,2026-08-01
670e60acf79f937636ead12b6e95f566,MINAS GERAIS,CARMO DO PARANAIBA,MG,Brasil,t,interior,3114303,29011,41200.54,1498.40,f,2026-08-01
644249477944afd418a41ddfefc7de30,MINAS GERAIS,CARMO DO RIO CLARO,MG,Brasil,t,interior,3114402,20954,40263.77,1360.13,f,2026-08-01
77b28d3c47c949797ca1a526db9577f2,MINAS GERAIS,CARMOPOLIS DE MINAS,MG,Brasil,t,interior,3114501,18003,30071.71,1381.32,f,2026-08-01
d38a0bd1b25c9358088d800c524666ab,MINAS GERAIS,CARNEIRINHO,MG,Brasil,t,interior,3114550,9422,72650.39,1588.77,f,2026-08-01
e82efa87b53c8260c949d797208308f8,MINAS GERAIS,CARRANCAS,MG,Brasil,t,interior,3114600,4049,43049.39,1610.15,f,2026-08-01
ed814ba9997ca55ba49e15e180a70a5c,MINAS GERAIS,CARVALHOPOLIS,MG,Brasil,t,interior,3114709,3341,25807.84,1425.34,f,2026-08-01
2eba95615abe92e144fbacd8b71b1dd5,MINAS GERAIS,CARVALHOS,MG,Brasil,t,interior,3114808,4422,23477.16,1190.33,f,2026-08-01
d2cba234b0e2744a10e78d680535b299,MINAS GERAIS,CASA GRANDE,MG,Brasil,t,interior,3114907,2214,37016.26,1418.00,f,2026-08-01
f352cf494251e0887b2fc272bd842591,MINAS GERAIS,CASCALHO RICO,MG,Brasil,t,interior,3115003,2712,37351.40,1254.67,f,2026-08-01
3bd5822480f3f9186bfb1be98a7c4d53,MINAS GERAIS,CASSIA,MG,Brasil,t,interior,3115102,17155,30305.57,1332.07,f,2026-08-01
43996496d850b1c3c62e89c393cd2493,MINAS GERAIS,CATAGUASES,MG,Brasil,t,interior,3115300,66261,32290.73,1422.54,f,2026-08-01
0af1a733c5f4ddc7ab31c30962da88cf,MINAS GERAIS,CATAS ALTAS,MG,Brasil,t,interior,3115359,5473,325175.22,1448.80,f,2026-08-01
e135fe66f447a995a3824d2abdd56431,MINAS GERAIS,CATAS ALTAS DA NORUEGA,MG,Brasil,t,interior,3115409,3110,16604.50,911.77,f,2026-08-01
4952bd767dd49f101f2b8fb7ea6b5ffa,MINAS GERAIS,CATUJI,MG,Brasil,t,interior,3115458,7030,15630.16,827.43,f,2026-08-01
825632aa5fbafe7548740b90b14bf4c1,MINAS GERAIS,CATUTI,MG,Brasil,t,interior,3115474,4739,14945.77,743.35,f,2026-08-01
7b9c7886e5c73496cd1cce52ee036e93,MINAS GERAIS,CAXAMBU,MG,Brasil,t,interior,3115508,21056,22079.74,1615.69,f,2026-08-01
2ae4829e1f28e110441dbf56c18d41df,MINAS GERAIS,CEDRO DO ABAETE,MG,Brasil,t,interior,3115607,1081,25878.82,1156.11,f,2026-08-01
2cee52f1d6d39376754235eb99d9041b,MINAS GERAIS,CENTRAL DE MINAS,MG,Brasil,t,interior,3115706,6171,16210.34,1098.14,f,2026-08-01
70257d7f8e6b8541532b62f98524a94c,MINAS GERAIS,CENTRALINA,MG,Brasil,t,interior,3115805,10207,43977.96,1367.47,f,2026-08-01
53c76ab0f17f9e86f7fb2277b7c1c9be,MINAS GERAIS,CHACARA,MG,Brasil,t,interior,3115904,3075,20261.46,1295.50,f,2026-08-01
923f1d871b1292fc8deafcc82b68834a,MINAS GERAIS,CHALE,MG,Brasil,t,interior,3116001,6075,23001.81,950.59,f,2026-08-01
5e7305674b9537747737659e49418340,MINAS GERAIS,CHAPADA DO NORTE,MG,Brasil,t,interior,3116100,10337,11745.77,981.72,f,2026-08-01
5d7dad27ac02fde70af61922b9f3a0eb,MINAS GERAIS,CHAPADA GAUCHA,MG,Brasil,t,interior,3116159,12355,47036.58,1117.56,f,2026-08-01
b98472cb4269402346ba2eb18d99ce39,MINAS GERAIS,CHIADOR,MG,Brasil,t,interior,3116209,2800,16825.00,1156.13,f,2026-08-01
90640829569a7ea8fb22a4b1c9bb3af5,MINAS GERAIS,CIPOTANEA,MG,Brasil,t,interior,3116308,5581,14494.00,824.01,f,2026-08-01
dd53ec5c7b47aa517ec5eb9a8ad487d7,MINAS GERAIS,CLARAVAL,MG,Brasil,t,interior,3116407,4658,56243.67,1209.49,f,2026-08-01
f9f98acf74d5cea54aa367da7cc7ff6c,MINAS GERAIS,CLARO DOS POCOES,MG,Brasil,t,interior,3116506,7166,15776.30,861.27,f,2026-08-01
852bc53ca678ebe288038c19b860392a,MINAS GERAIS,CLAUDIO,MG,Brasil,t,interior,3116605,30159,47293.01,1520.13,f,2026-08-01
10e6e335bdf04777328e7d3507f4e6bc,MINAS GERAIS,COIMBRA,MG,Brasil,t,interior,3116704,7117,21021.36,1226.61,f,2026-08-01
bdabc7d0e5a9afffc0e87b590d68b8e2,MINAS GERAIS,COLUNA,MG,Brasil,t,interior,3116803,8163,16507.17,955.24,f,2026-08-01
04442b44a2642ffd0845be658293d9c8,MINAS GERAIS,COMENDADOR GOMES,MG,Brasil,t,interior,3116902,2773,81280.20,1482.71,f,2026-08-01
10afbb775520864aa62a405e437d1305,MINAS GERAIS,COMERCINHO,MG,Brasil,t,interior,3117009,6660,12639.04,761.43,f,2026-08-01
f6e09ff271ec7ae88e8649de7f2ab6f4,MINAS GERAIS,CONCEICAO DA APARECIDA,MG,Brasil,t,interior,3117108,10371,31415.10,1278.54,f,2026-08-01
0ed329e0f831c82098636b90e089661b,MINAS GERAIS,CONCEICAO DA BARRA DE MINAS,MG,Brasil,t,interior,3115201,3560,24578.93,1325.47,f,2026-08-01
b01dbd71d0b40c818625e5052c9afe63,MINAS GERAIS,CONCEICAO DAS ALAGOAS,MG,Brasil,t,interior,3117306,28381,62796.87,1299.73,f,2026-08-01
d547946f8d1071d30db06a8005e3b8e0,MINAS GERAIS,CONCEICAO DAS PEDRAS,MG,Brasil,t,interior,3117207,2772,28423.52,1103.41,f,2026-08-01
be63f915f5a64d2217760c40cb184038,MINAS GERAIS,CONCEICAO DE IPANEMA,MG,Brasil,t,interior,3117405,4409,20740.98,1040.28,f,2026-08-01
ccadde8406c1d46358f23c7c433a72df,MINAS GERAIS,CONCEICAO DO MATO DENTRO,MG,Brasil,t,interior,3117504,23163,137909.64,1246.56,f,2026-08-01
69b8fdf2f5e8f8d0452289ed4ae3a86e,MINAS GERAIS,CONCEICAO DO PARA,MG,Brasil,t,interior,3117603,5415,57902.68,1380.89,f,2026-08-01
5a7faa16a0d820dbc629217b6656e23b,MINAS GERAIS,CONCEICAO DO RIO VERDE,MG,Brasil,t,interior,3117702,12541,28072.24,1256.41,f,2026-08-01
b9be537cb9c62f335413c0c89cc0d7da,MINAS GERAIS,CONCEICAO DOS OUROS,MG,Brasil,t,interior,3117801,10880,28357.81,1293.50,f,2026-08-01
50d56e3adbcaf3df2904ef43aa5b9c23,MINAS GERAIS,CONEGO MARINHO,MG,Brasil,t,interior,3117836,7237,10875.36,703.42,f,2026-08-01
445124373f56205a9b508d42cf6b7c6b,MINAS GERAIS,CONFINS,MG,Brasil,t,interior,3117876,7350,220002.31,1569.68,f,2026-08-01
ec5704fdeb1a1245baa21a03966f215e,MINAS GERAIS,CONGONHAL,MG,Brasil,t,interior,3117900,11083,24727.69,1442.78,f,2026-08-01
9da822d71f042a205f1ddb51970ebdd5,MINAS GERAIS,CONGONHAS,MG,Brasil,t,interior,3118007,52890,145467.84,1419.41,f,2026-08-01
67c332ea9f829ffbdddffcf027e55f88,MINAS GERAIS,CONGONHAS DO NORTE,MG,Brasil,t,interior,3118106,4831,13224.80,958.62,f,2026-08-01
843ad18ec59426caf707579baca37ba7,MINAS GERAIS,CONQUISTA,MG,Brasil,t,interior,3118205,6694,100331.49,1504.91,f,2026-08-01
d772ad343292620f922b9b95f6353dbd,MINAS GERAIS,CONSELHEIRO LAFAIETE,MG,Brasil,t,interior,3118304,131621,26459.67,1650.12,f,2026-08-01
2fb2048d1e7c00605de4c2a026c4836a,MINAS GERAIS,CONSELHEIRO PENA,MG,Brasil,t,interior,3118403,20824,24052.58,1260.69,f,2026-08-01
1b89d0098cc5e7dc469333f4bebb2b02,MINAS GERAIS,CONSOLACAO,MG,Brasil,t,interior,3118502,1563,23198.34,1271.89,f,2026-08-01
6085fe1bfa0241081832c6bd50e4f139,MINAS GERAIS,CONTAGEM,MG,Brasil,t,interior,3118601,621863,72511.78,1662.86,f,2026-08-01
7517a20c5ec628602537d4dbdac893e0,MINAS GERAIS,COQUEIRAL,MG,Brasil,t,interior,3118700,9023,31011.86,1177.95,f,2026-08-01
47ef8164212093a9317ad465ad55da2f,MINAS GERAIS,CORACAO DE JESUS,MG,Brasil,t,interior,3118809,25377,14105.53,893.74,f,2026-08-01
9e83c99a18c64133c979a5e0c91fb024,MINAS GERAIS,CORDISBURGO,MG,Brasil,t,interior,3118908,7547,21747.98,1109.52,f,2026-08-01
4f83f278e014b58daf45bdddb0577da8,MINAS GERAIS,CORDISLANDIA,MG,Brasil,t,interior,3119005,3200,40995.94,1028.84,f,2026-08-01
c73e4c91c4dbb2c9daa8fafa554c743e,MINAS GERAIS,CORINTO,MG,Brasil,t,interior,3119104,23532,23238.31,1046.63,f,2026-08-01
06a9203433f204eccc74616d101aeaeb,MINAS GERAIS,COROACI,MG,Brasil,t,interior,3119203,10884,14704.24,1144.81,f,2026-08-01
8ac88a42d4f34f46e4736af2ededea45,MINAS GERAIS,COROMANDEL,MG,Brasil,t,interior,3119302,28894,71010.76,1675.41,f,2026-08-01
b9fd2e1e05f54219a46b0c2c27ddb1fd,MINAS GERAIS,CORONEL FABRICIANO,MG,Brasil,t,interior,3119401,104736,22798.71,1409.34,f,2026-08-01
0b79221ca497f32b63088bbaf942a671,MINAS GERAIS,CORONEL MURTA,MG,Brasil,t,interior,3119500,8200,14151.71,801.24,f,2026-08-01
6a6a32bd1e6ae5712f5929fbf533ee04,MINAS GERAIS,CORONEL PACHECO,MG,Brasil,t,interior,3119609,2762,26227.37,1116.26,f,2026-08-01
67bbaab5557adad264dcb490d9e7cf47,MINAS GERAIS,CORONEL XAVIER CHAVES,MG,Brasil,t,interior,3119708,3486,25771.94,1530.20,f,2026-08-01
344047816253cd613a93f8c72b6a6113,MINAS GERAIS,CORREGO DANTA,MG,Brasil,t,interior,3119807,2960,61253.38,1524.19,t,2026-08-01
748397db6839d118c9f40f9162a0c9ca,MINAS GERAIS,CORREGO DO BOM JESUS,MG,Brasil,t,interior,3119906,4272,15328.42,1580.09,f,2026-08-01
c3641d716f32c54b447e030e8539186d,MINAS GERAIS,CORREGO FUNDO,MG,Brasil,t,interior,3119955,6133,82848.20,1374.15,f,2026-08-01
6c99b84db50e97c3bcdaf5bd770d8629,MINAS GERAIS,CORREGO NOVO,MG,Brasil,t,interior,3120003,2875,22171.13,864.05,f,2026-08-01
0c6b938f2c5e5c2b6ee4abcd9f494886,MINAS GERAIS,COUTO DE MAGALHAES DE MINAS,MG,Brasil,t,interior,3120102,4245,18081.98,989.82,f,2026-08-01
b8e0b46694404ee087104aa60c46a325,MINAS GERAIS,CRISOLITA,MG,Brasil,t,interior,3120151,5265,17531.24,796.13,f,2026-08-01
cf34bb76db5ed33be94836a8ecefd2df,MINAS GERAIS,CRISTAIS,MG,Brasil,t,interior,3120201,12197,28127.33,1226.45,f,2026-08-01
58e4b3b07cd37f3b2278c3910bf46393,MINAS GERAIS,CRISTALIA,MG,Brasil,t,interior,3120300,5121,14537.59,740.25,f,2026-08-01
7c837e147c355db522f4ca5dc876b97e,MINAS GERAIS,CRISTIANO OTONI,MG,Brasil,t,interior,3120409,4667,36140.56,1022.92,f,2026-08-01
7c5296a223f4ad0d158bc4fa965f8f67,MINAS GERAIS,CRISTINA,MG,Brasil,t,interior,3120508,10374,30535.28,1226.32,f,2026-08-01
ed5e40eae3e36285231c12c8677433a0,MINAS GERAIS,CRUCILANDIA,MG,Brasil,t,interior,3120607,5434,18530.00,1229.03,f,2026-08-01
70ed0504d6c66bbc5c2b3e0ad5a09cca,MINAS GERAIS,CRUZEIRO DA FORTALEZA,MG,Brasil,t,interior,3120706,3521,52043.74,1557.31,f,2026-08-01
aee0956b3eb99e84d9317fae39df4a85,MINAS GERAIS,CRUZILIA,MG,Brasil,t,interior,3120805,15362,27418.37,1260.02,f,2026-08-01
82a3beeb7f09f772d044bd027811e05f,MINAS GERAIS,CUPARAQUE,MG,Brasil,t,interior,3120839,3983,20994.98,1172.95,f,2026-08-01
cde0e4aaa1e9ff82c91e7d63fd8cb37d,MINAS GERAIS,CURRAL DE DENTRO,MG,Brasil,t,interior,3120870,7406,12793.28,810.26,f,2026-08-01
f40c5443ce5f68476a4fa6ebc333ad63,MINAS GERAIS,CURVELO,MG,Brasil,t,interior,3120904,80665,33550.19,1429.39,f,2026-08-01
b46b64b81affff945325d46c1e8f01d7,MINAS GERAIS,DATAS,MG,Brasil,t,interior,3121001,5465,16112.53,862.29,f,2026-08-01
fb4663921ff07516217dd53fec7d0e60,MINAS GERAIS,DELFIM MOREIRA,MG,Brasil,t,interior,3121100,7952,17835.01,1261.35,f,2026-08-01
1a5fba1ecc6cdc30c861b087e5c43f7a,MINAS GERAIS,DELFINOPOLIS,MG,Brasil,t,interior,3121209,8393,42373.41,1458.39,f,2026-08-01
9ac4fd62dff688ca35a698cc807a6014,MINAS GERAIS,DELTA,MG,Brasil,t,interior,3121258,10494,67510.86,1021.95,f,2026-08-01
fbf9439e843571b73bfe6864b7be04de,MINAS GERAIS,DESCOBERTO,MG,Brasil,t,interior,3121308,4928,23599.43,1143.37,f,2026-08-01
7d75871c359b8f04df0a93f204e3cfe4,MINAS GERAIS,DESTERRO DE ENTRE RIOS,MG,Brasil,t,interior,3121407,7653,32633.61,1120.94,f,2026-08-01
c22a87f5fd7aff6e6794ece9a98c99a7,MINAS GERAIS,DESTERRO DO MELO,MG,Brasil,t,interior,3121506,2994,20721.78,928.67,f,2026-08-01
383792837f70a638ebf1c54b4227792c,MINAS GERAIS,DIAMANTINA,MG,Brasil,t,interior,3121605,47702,25181.77,1544.40,f,2026-08-01
eaa5895ac217f2ca6aaf967af62be504,MINAS GERAIS,DIOGO DE VASCONCELOS,MG,Brasil,t,interior,3121704,3549,15597.35,920.07,f,2026-08-01
467d4eb83dc75c794e1d6847ad1afa81,MINAS GERAIS,DIONISIO,MG,Brasil,t,interior,3121803,6847,15306.41,1053.51,f,2026-08-01
3897b8f8d2575b74d66a276f82bcb5bc,MINAS GERAIS,DIVINESIA,MG,Brasil,t,interior,3121902,4226,20587.55,1282.56,f,2026-08-01
293ad434cbe5cd69fe6e48b83ccbf0b8,MINAS GERAIS,DIVINO,MG,Brasil,t,interior,3122009,20706,21385.59,1200.86,f,2026-08-01
6c473d31f260519453c925b7787e4406,MINAS GERAIS,DIVINO DAS LARANJEIRAS,MG,Brasil,t,interior,3122108,4178,16831.26,1015.31,f,2026-08-01
a1815d4c411fee52ee991cd7298d0027,MINAS GERAIS,DIVINOLANDIA DE MINAS,MG,Brasil,t,interior,3122207,6516,14059.85,913.25,f,2026-08-01
17149d2a15bb5c582b155f11be2d384d,MINAS GERAIS,DIVINOPOLIS,MG,Brasil,t,interior,3122306,231091,40414.09,1835.09,f,2026-08-01
d43c830b2581c03a22fd792d046d96ac,MINAS GERAIS,DIVISA ALEGRE,MG,Brasil,t,interior,3122355,6321,34280.34,846.99,f,2026-08-01
c000383ac283bd28922a85089e6193c3,MINAS GERAIS,DIVISA NOVA,MG,Brasil,t,interior,3122405,5851,26848.23,1160.89,f,2026-08-01
07cf775abc4b26102ca9d316ad5fda4e,MINAS GERAIS,DIVISOPOLIS,MG,Brasil,t,interior,3122454,10213,11603.15,721.76,f,2026-08-01
4a6dd1c410d219927f661d1856e6d5dc,MINAS GERAIS,DOM BOSCO,MG,Brasil,t,interior,3122470,3697,23109.82,1136.60,f,2026-08-01
21754eff06a992fb7969f5226ee5d0ab,MINAS GERAIS,DOM CAVATI,MG,Brasil,t,interior,3122504,4904,17412.52,1192.51,f,2026-08-01
02a708bef2082ad6ba87d4ed54872287,MINAS GERAIS,DOM JOAQUIM,MG,Brasil,t,interior,3122603,4899,16710.35,1029.37,f,2026-08-01
800be802bfedd1fe3c1c509600d20658,MINAS GERAIS,DOM SILVERIO,MG,Brasil,t,interior,3122702,5228,24641.55,1266.36,f,2026-08-01
7c6e835226a06f254d3c5354a26fdf85,MINAS GERAIS,DOM VICOSO,MG,Brasil,t,interior,3122801,3095,16382.55,1209.15,f,2026-08-01
d656e9d3b7fa081cb617a119724988c9,MINAS GERAIS,DONA EUZEBIA,MG,Brasil,t,interior,3122900,6093,20782.37,1113.39,f,2026-08-01
cd4816fd07f50b0a42f18cbf1e90ef53,MINAS GERAIS,DORES DE CAMPOS,MG,Brasil,t,interior,3123007,10007,48563.71,1188.87,f,2026-08-01
f4d10443934db03cdbdfa597be57c291,MINAS GERAIS,DORES DE GUANHAES,MG,Brasil,t,interior,3123106,5029,37874.33,860.08,f,2026-08-01
ed3419503a4202720116d7fdafec67f5,MINAS GERAIS,DORES DO INDAIA,MG,Brasil,t,interior,3123205,12630,31579.18,1495.21,f,2026-08-01
cf7b7b11c977e8352a922a6ff40e8909,MINAS GERAIS,DORES DO TURVO,MG,Brasil,t,interior,3123304,4987,15399.64,1239.11,f,2026-08-01
ab28e35540af13df319d1551c9aa69f4,MINAS GERAIS,DORESOPOLIS,MG,Brasil,t,interior,3123403,1461,92215.61,1181.20,f,2026-08-01
45bad62738a7e6578bb52fd0b4a0b448,MINAS GERAIS,DOURADOQUARA,MG,Brasil,t,interior,3123502,1829,48518.86,1368.13,f,2026-08-01
28ddcaaf71722e205398902c236ee6a5,MINAS GERAIS,DURANDE,MG,Brasil,t,interior,3123528,7817,19727.90,1202.37,f,2026-08-01
845f76fd58bdd6c30100070b980b4c61,MINAS GERAIS,ELOI MENDES,MG,Brasil,t,interior,3123601,26336,36009.34,1354.11,f,2026-08-01
0d3112d0f79461bfac772cee4f02e9ea,MINAS GERAIS,ENGENHEIRO CALDAS,MG,Brasil,t,interior,3123700,13622,13866.17,968.64,f,2026-08-01
30559799ec7e9c119ea9af021dd6b78c,MINAS GERAIS,ENGENHEIRO NAVARRO,MG,Brasil,t,interior,3123809,6354,18328.45,907.19,f,2026-08-01
a099e4b46ce88c0e6a5ffd9741f4dc47,MINAS GERAIS,ENTRE FOLHAS,MG,Brasil,t,interior,3123858,5179,15886.27,953.02,f,2026-08-01
05b0d066a67c24e6bc3beb8aa4dab26e,MINAS GERAIS,ENTRE RIOS DE MINAS,MG,Brasil,t,interior,3123908,14746,28299.67,1410.08,f,2026-08-01
128cf23f494181a392234708cd93eda2,MINAS GERAIS,ERVALIA,MG,Brasil,t,interior,3124005,20255,28482.30,1238.49,f,2026-08-01
f6953b53319c33587cdc0e5b28dd5251,MINAS GERAIS,ESMERALDAS,MG,Brasil,t,interior,3124104,85598,15358.90,1207.13,f,2026-08-01
f3e65f6162dba2c4f5ecfc384f9c4f27,MINAS GERAIS,ESPERA FELIZ,MG,Brasil,t,interior,3124203,24102,23682.64,1138.40,f,2026-08-01
25d83dcc36741b6dcc57a306a7f1bff4,MINAS GERAIS,ESPINOSA,MG,Brasil,t,interior,3124302,30443,15510.86,886.68,f,2026-08-01
8269caf4c95c7366ae47579e36f83ebf,MINAS GERAIS,ESPIRITO SANTO DO DOURADO,MG,Brasil,t,interior,3124401,6611,22849.19,1278.49,f,2026-08-01
69c4288f984120526c31a19b3cea2318,MINAS GERAIS,ESTIVA,MG,Brasil,t,interior,3124500,11502,49781.26,1161.12,f,2026-08-01
6e39283fccb4377ce76ae30acc999448,MINAS GERAIS,ESTRELA DALVA,MG,Brasil,t,interior,3124609,2186,23666.97,988.21,f,2026-08-01
8a2110ad0997fa1ff4dfe9626abece4d,MINAS GERAIS,ESTRELA DO INDAIA,MG,Brasil,t,interior,3124708,2772,59125.54,1427.99,f,2026-08-01
cd9ea2aed04d9761cedb4cab0f26fecd,MINAS GERAIS,ESTRELA DO SUL,MG,Brasil,t,interior,3124807,6840,67003.36,1511.39,f,2026-08-01
88668639fdefbec1a6d2d5e58c254f06,MINAS GERAIS,EUGENOPOLIS,MG,Brasil,t,interior,3124906,10801,22512.27,1160.50,f,2026-08-01
66158c4c83074f553b14fad7af977618,MINAS GERAIS,EWBANK DA CAMARA,MG,Brasil,t,interior,3125002,3875,18471.23,991.70,f,2026-08-01
acfc8b0dbb255de75a246b737a741900,MINAS GERAIS,EXTREMA,MG,Brasil,t,interior,3125101,53482,377790.64,1657.54,f,2026-08-01
337817729599914938c2fc9b65863c6b,MINAS GERAIS,FAMA,MG,Brasil,t,interior,3125200,2578,26425.91,1435.88,f,2026-08-01
5270aeaa5848a63063eecb1b1cd56255,MINAS GERAIS,FARIA LEMOS,MG,Brasil,t,interior,3125309,3188,24926.60,1089.64,f,2026-08-01
99cd57e34e61c7e2ee93042accc21214,MINAS GERAIS,FELICIO DOS SANTOS,MG,Brasil,t,interior,3125408,5133,17594.78,879.10,f,2026-08-01
d808d4d74aef75e9eaca7ed08723793b,MINAS GERAIS,FELISBURGO,MG,Brasil,t,interior,3125606,6489,14080.44,906.32,f,2026-08-01
3f15c8e6a14ea60cd47f50d34e4026e6,MINAS GERAIS,FELIXLANDIA,MG,Brasil,t,interior,3125705,13978,22597.44,1319.20,f,2026-08-01
204a838497e12ce30c5837b07f667e1d,MINAS GERAIS,FERNANDES TOURINHO,MG,Brasil,t,interior,3125804,2789,19978.49,1036.92,f,2026-08-01
d7b25447e55bd81712b2073126997647,MINAS GERAIS,FERROS,MG,Brasil,t,interior,3125903,9590,17054.12,1059.57,f,2026-08-01
1c87f90ea87737e4636269a5200121eb,MINAS GERAIS,FERVEDOURO,MG,Brasil,t,interior,3125952,10445,17689.04,944.84,f,2026-08-01
711cbc92d21aa6c4efc6986f16b3cfaa,MINAS GERAIS,FLORESTAL,MG,Brasil,t,interior,3126000,8045,22735.74,1858.14,f,2026-08-01
5fd3ab95bc836e6677e350b5fb49f7ce,MINAS GERAIS,FORMIGA,MG,Brasil,t,interior,3126109,68248,43506.97,1636.39,f,2026-08-01
735dc7a1c80b008d866f095ea329a9dd,MINAS GERAIS,FORMOSO,MG,Brasil,t,interior,3126208,7949,67456.03,959.33,f,2026-08-01
3c428ba0193a3f6b0207fc61369a0be1,MINAS GERAIS,FORTALEZA DE MINAS,MG,Brasil,t,interior,3126307,3477,28350.59,1390.27,f,2026-08-01
8e51969db5cd9febbfe55cebbe359e89,MINAS GERAIS,FORTUNA DE MINAS,MG,Brasil,t,interior,3126406,3093,22942.45,1481.31,f,2026-08-01
df8a151862cb351b278707186204194e,MINAS GERAIS,FRANCISCO BADARO,MG,Brasil,t,interior,3126505,7366,12382.84,945.37,f,2026-08-01
7bc883edd0d43fe5f9bd938550398e17,MINAS GERAIS,FRANCISCO DUMONT,MG,Brasil,t,interior,3126604,4503,23631.36,895.80,f,2026-08-01
6c175e1900db4a7a9e2c7f2ca926215f,MINAS GERAIS,FRANCISCO SA,MG,Brasil,t,interior,3126703,23476,22700.55,904.49,f,2026-08-01
48846889bed6f02031232db96d9b1a7c,MINAS GERAIS,FRANCISCOPOLIS,MG,Brasil,t,interior,3126752,5034,18891.14,746.03,f,2026-08-01
a1346120eac3982094f172783f8dd336,MINAS GERAIS,FREI GASPAR,MG,Brasil,t,interior,3126802,5640,16149.47,814.37,f,2026-08-01
894351ea9b4380870713114f8f094842,MINAS GERAIS,FREI INOCENCIO,MG,Brasil,t,interior,3126901,8226,21092.75,913.56,f,2026-08-01
852c3678afd9658f21d91fceef93eade,MINAS GERAIS,FREI LAGONEGRO,MG,Brasil,t,interior,3126950,3391,15020.05,894.84,f,2026-08-01
66cd91d50810ded03a5f729d650e50b5,MINAS GERAIS,FRONTEIRA,MG,Brasil,t,interior,3127008,14540,74995.46,1354.64,f,2026-08-01
2cbe64399fe307fe2eea33910308fca6,MINAS GERAIS,FRONTEIRA DOS VALES,MG,Brasil,t,interior,3127057,4345,13301.73,831.76,f,2026-08-01
ff513605e14eb2b277c8ebcf95457288,MINAS GERAIS,FRUTA DE LEITE,MG,Brasil,t,interior,3127073,4647,12360.02,672.44,f,2026-08-01
8edcf68b5dbda0207f8d57e358bbd789,MINAS GERAIS,FRUTAL,MG,Brasil,t,interior,3127107,58588,68730.27,1600.24,f,2026-08-01
d67bc5ca1362e70da73b6933719882c6,MINAS GERAIS,FUNILANDIA,MG,Brasil,t,interior,3127206,4686,23719.16,1229.50,f,2026-08-01
3c823eca4174d979cc70fe1fb8de800c,MINAS GERAIS,GALILEIA,MG,Brasil,t,interior,3127305,6222,20379.62,1147.43,f,2026-08-01
09dc56f15f3262e81e241971c09a9dd6,MINAS GERAIS,GAMELEIRAS,MG,Brasil,t,interior,3127339,4793,15620.49,723.32,f,2026-08-01
e2b66fa730dc2ecffbb7264154cf8cf0,MINAS GERAIS,GLAUCILANDIA,MG,Brasil,t,interior,3127354,2928,18917.35,894.79,f,2026-08-01
61db6a40be451e57866787bb5df1cf3a,MINAS GERAIS,GOIABEIRA,MG,Brasil,t,interior,3127370,2830,20156.18,1272.17,f,2026-08-01
644a08f8b89d3a6debee79861758488f,MINAS GERAIS,GOIANA,MG,Brasil,t,interior,3127388,4053,25772.02,1384.47,f,2026-08-01
824a98125165266265eee32ba102f7f0,MINAS GERAIS,GONCALVES,MG,Brasil,t,interior,3127404,4727,26274.59,1786.45,f,2026-08-01
e8144267c68eb0ad10bc8b1c95dfec6c,MINAS GERAIS,GONZAGA,MG,Brasil,t,interior,3127503,5230,17753.35,866.16,f,2026-08-01
4f7cfe72885b7e3debcfb7828a664546,MINAS GERAIS,GOUVEA,MG,Brasil,t,interior,,,,,,
2032da4e2b34907fcad85a5a6ddc11bf,MINAS GERAIS,GOUVEIA,MG,Brasil,t,interior,3127602,11331,18176.42,1051.14,f,2026-08-01
bdcd076bdb5ee46e69123bbf183574d9,MINAS GERAIS,GOVERNADOR VALADARES,MG,Brasil,t,interior,3127701,257171,33488.48,1605.10,f,2026-08-01
1a585fdb5c9d1f2fcd995f02b3afca40,MINAS GERAIS,GRAO MOGOL,MG,Brasil,t,interior,3127800,13901,58805.77,904.97,f,2026-08-01
6c54cc52168689563b1b9b1f9fa73774,MINAS GERAIS,GRUPIARA,MG,Brasil,t,interior,3127909,1392,37038.79,1419.30,f,2026-08-01
3e33f58fb0ab66c79de86fa344c94a00,MINAS GERAIS,GUANHAES,MG,Brasil,t,interior,3128006,32244,39834.76,1379.63,f,2026-08-01
064e885891c8c29bf48f51b9685809bb,MINAS GERAIS,GUAPE,MG,Brasil,t,interior,3128105,13772,36292.62,1354.23,f,2026-08-01
68abc451be0290e00f0e93f3a810da20,MINAS GERAIS,GUARACIABA,MG,Brasil,t,interior,3128204,9753,13580.85,939.25,f,2026-08-01
96eb481827049ad30d0bc3cdba36389f,MINAS GERAIS,GUARACIAMA,MG,Brasil,t,interior,3128253,5051,16579.89,925.01,f,2026-08-01
add8106c8f04b428ebc09947329a6069,MINAS GERAIS,GUARANESIA,MG,Brasil,t,interior,3128303,19150,42362.87,1386.82,f,2026-08-01
21a821e950bd7e0adbedb87505744ce0,MINAS GERAIS,GUARANI,MG,Brasil,t,interior,3128402,7714,29320.72,1345.45,f,2026-08-01
830ade91a78fbd90e0d0a9e4732904a6,MINAS GERAIS,GUARARA,MG,Brasil,t,interior,3128501,3149,22954.27,1219.41,f,2026-08-01
7a5ca3e8bd93f97d6b8a3a6ba0635b05,MINAS GERAIS,GUARDA-MOR,MG,Brasil,t,interior,3128600,6539,136087.32,1829.31,f,2026-08-01
8890868dce85cddfd5b4550963e51535,MINAS GERAIS,GUAXUPE,MG,Brasil,t,interior,3128709,50911,47760.99,1699.14,f,2026-08-01
eeb368ecd76abb00465e0ef7f0c0493a,MINAS GERAIS,GUIDOVAL,MG,Brasil,t,interior,3128808,7131,18839.29,1330.90,f,2026-08-01
6588acaf34a318899b68528487f27f68,MINAS GERAIS,GUIMARANIA,MG,Brasil,t,interior,3128907,8478,42383.11,1410.72,f,2026-08-01
d0693ace13243fa7535034c18e617d46,MINAS GERAIS,GUIRICEMA,MG,Brasil,t,interior,3129004,7778,17469.79,1232.23,f,2026-08-01
702b8f788eb1d9d2bb1fff61b92e1b79,MINAS GERAIS,GURINHATA,MG,Brasil,t,interior,3129103,5192,45910.63,1863.32,f,2026-08-01
f4e5de6be43006615912f7a43dacd962,MINAS GERAIS,HELIODORA,MG,Brasil,t,interior,3129202,6134,25585.75,1086.85,f,2026-08-01
c6f19bb107638e2f71f231a4c4b7b7f3,MINAS GERAIS,IAPU,MG,Brasil,t,interior,3129301,12030,17171.16,1057.55,f,2026-08-01
89aefcad2d63f49bc5c5a7ff60a31939,MINAS GERAIS,IBERTIOGA,MG,Brasil,t,interior,3129400,5198,23254.14,1060.87,f,2026-08-01
1b07aa9e86b233352653fd2fd99f219c,MINAS GERAIS,IBIA,MG,Brasil,t,interior,3129509,22229,76543.03,1577.50,f,2026-08-01
711068565dd2196b0da3a95f2c329ff2,MINAS GERAIS,IBIAI,MG,Brasil,t,interior,3129608,6286,19682.47,774.15,f,2026-08-01
c0a92d1dfe1d3f4b575fcef2ea2b412f,MINAS GERAIS,IBIRACATU,MG,Brasil,t,interior,3129657,5081,12239.32,702.48,f,2026-08-01
6d2dbe47951c09f252e66a016918a2a5,MINAS GERAIS,IBIRACI,MG,Brasil,t,interior,3129707,10948,81825.81,1255.07,f,2026-08-01
13a11972580b5e7e411a1f355fa96692,MINAS GERAIS,IBIRITE,MG,Brasil,t,interior,3129806,170537,18973.20,1185.48,f,2026-08-01
260ad9fc39761ea9fa379d2ffed33778,MINAS GERAIS,IBITIURA DE MINAS,MG,Brasil,t,interior,3129905,3365,22562.85,1530.84,f,2026-08-01
818d3f4a4786694ccd2cb8103d194ca5,MINAS GERAIS,IBITURUNA,MG,Brasil,t,interior,3130002,2698,27000.00,1286.16,f,2026-08-01
b0e3ca3e8374021f8691ff0196658e78,MINAS GERAIS,ICARAI DE MINAS,MG,Brasil,t,interior,3130051,10677,11855.76,664.71,f,2026-08-01
f3e71ff374aa26cfee87d71fad27ec76,MINAS GERAIS,IGARAPE,MG,Brasil,t,interior,3130101,45847,30576.13,1434.96,f,2026-08-01
b975e65e601a0c961dbf492ac8fa488b,MINAS GERAIS,IGARATINGA,MG,Brasil,t,interior,3130200,10830,76779.96,1150.85,f,2026-08-01
75e7958f31b5fa49b147f273b170674f,MINAS GERAIS,IGUATAMA,MG,Brasil,t,interior,3130309,6826,83455.76,1573.90,f,2026-08-01
0d1e367e9871a2a1e3cd93704788099d,MINAS GERAIS,IJACI,MG,Brasil,t,interior,3130408,7003,85943.88,1167.67,f,2026-08-01
14c620284da35b17237ea2a4262db2d7,MINAS GERAIS,ILICINEA,MG,Brasil,t,interior,3130507,12741,24689.19,1201.48,f,2026-08-01
8438f28d9aee7fe845849cdd78364e57,MINAS GERAIS,IMBE DE MINAS,MG,Brasil,t,interior,3130556,6986,18600.77,854.21,f,2026-08-01
f66f5020928ea0f6b168a46c08c83687,MINAS GERAIS,INCONFIDENTES,MG,Brasil,t,interior,3130606,7301,24012.19,1353.68,f,2026-08-01
6453b801010416aba9b4dcf7a5fb7802,MINAS GERAIS,INDAIABIRA,MG,Brasil,t,interior,3130655,6346,15257.64,751.52,f,2026-08-01
32fb7adb3bb63c4ff0b548b1e0006b04,MINAS GERAIS,INDIANOPOLIS,MG,Brasil,t,interior,3130705,6171,348422.78,1534.43,f,2026-08-01
2bb04f9c17f32d4458e578fb766e1526,MINAS GERAIS,INGAI,MG,Brasil,t,interior,3130804,2580,63256.98,1349.36,f,2026-08-01
37db629e817df13d7de67e4eda488e6e,MINAS GERAIS,INHAPIM,MG,Brasil,t,interior,3130903,22692,23940.60,1150.02,f,2026-08-01
9b4a19228307f233105bfd40eb0a08d1,MINAS GERAIS,INHAUMA,MG,Brasil,t,interior,3131000,6239,25286.10,1288.32,f,2026-08-01
2998e27d50804dadd6427e80c07a227b,MINAS GERAIS,INIMUTABA,MG,Brasil,t,interior,3131109,7371,14831.37,989.42,f,2026-08-01
5a520fde3716631a2da9197c1ab02e42,MINAS GERAIS,IPABA,MG,Brasil,t,interior,3131158,17136,13158.56,994.21,f,2026-08-01
f54eaa246fa6cb0813e4f6e3122425d5,MINAS GERAIS,IPANEMA,MG,Brasil,t,interior,3131208,19522,21688.92,1163.65,f,2026-08-01
54b54074226ca5125fa982cf33e4456a,MINAS GERAIS,IPATINGA,MG,Brasil,t,interior,3131307,227731,74079.68,1763.63,f,2026-08-01
97eb82db02d073e8013f69515820783c,MINAS GERAIS,IPIACU,MG,Brasil,t,interior,3131406,3775,61065.17,1429.29,f,2026-08-01
b2939bafbbd9fc35100a969f57c968ad,MINAS GERAIS,IPUIUNA,MG,Brasil,t,interior,3131505,9135,24456.81,1406.05,f,2026-08-01
bd81909f95010fd8b682605122b82f47,MINAS GERAIS,IRAI DE MINAS,MG,Brasil,t,interior,3131604,7180,63400.28,1468.50,f,2026-08-01
78e112c36dbcb06da4f5bccff3c41f1a,MINAS GERAIS,ITABIRA,MG,Brasil,t,interior,3131703,113343,65590.29,1619.03,f,2026-08-01
fb5f8b3dcd32fb79f2025e8c8cd4f3ef,MINAS GERAIS,ITABIRINHA,MG,Brasil,t,interior,3131802,10362,17611.18,1040.93,f,2026-08-01
befdc1574ce1845ce0cdf69e38d2c61b,MINAS GERAIS,ITABIRITO,MG,Brasil,t,interior,3131901,53365,134178.66,1629.67,f,2026-08-01
70238baa918353537e1694a353a95a4a,MINAS GERAIS,ITACAMBIRA,MG,Brasil,t,interior,3132008,4252,17032.69,831.20,f,2026-08-01
8449e907c65fdac5a3c58d8e5e703d0b,MINAS GERAIS,ITACARAMBI,MG,Brasil,t,interior,3132107,17208,17018.25,765.85,f,2026-08-01
71cb15d5989dac06fb23fe21b83ab3b0,MINAS GERAIS,ITAGUARA,MG,Brasil,t,interior,3132206,13846,33656.65,1429.51,f,2026-08-01
c8e8379f1ab5a650023ed6f1e78dc370,MINAS GERAIS,ITAIPE,MG,Brasil,t,interior,3132305,10463,13728.28,757.17,f,2026-08-01
9b89da015e3992c42b24238aa9bdecf0,MINAS GERAIS,ITAJUBA,MG,Brasil,t,interior,3132404,93073,48327.22,1765.13,f,2026-08-01
dc0506c2a34108d5e975917ffafb46df,MINAS GERAIS,ITAMARANDIBA,MG,Brasil,t,interior,3132503,32948,20332.04,1041.12,f,2026-08-01
bd66dd27890d6896c4925f672c694371,MINAS GERAIS,ITAMARATI DE MINAS,MG,Brasil,t,interior,3132602,3690,19962.06,1027.88,f,2026-08-01
f94effecc58c1db6fae87668edef85c3,MINAS GERAIS,ITAMBACURI,MG,Brasil,t,interior,3132701,21042,19725.07,1048.66,f,2026-08-01
e736bdb7283a69c3b8ea487cd3162c23,MINAS GERAIS,ITAMBE DO MATO DENTRO,MG,Brasil,t,interior,3132800,2142,20139.12,1014.00,f,2026-08-01
9635a47bd7aa654f327bb0ea31be9bfd,MINAS GERAIS,ITAMOGI,MG,Brasil,t,interior,3132909,10770,32355.34,1412.13,f,2026-08-01
c881b5ddc80d94762af312df7d6ad67c,MINAS GERAIS,ITAMONTE,MG,Brasil,t,interior,3133006,14786,73576.56,1160.67,f,2026-08-01
72c7552f99ff8410ee0fbe9a2a4c8964,MINAS GERAIS,ITANHANDU,MG,Brasil,t,interior,3133105,15236,42614.60,1483.59,f,2026-08-01
14105030d4964b34a826ab3ba0308323,MINAS GERAIS,ITANHOMI,MG,Brasil,t,interior,3133204,11128,16065.60,1161.06,f,2026-08-01
782380614f1c601670a1c167c15deb4d,MINAS GERAIS,ITAOBIM,MG,Brasil,t,interior,3133303,19151,19630.93,1044.53,f,2026-08-01
12be5c55ceed6ae6416ddd4f8d548e0e,MINAS GERAIS,ITAPAGIPE,MG,Brasil,t,interior,3133402,13690,52218.55,1635.17,f,2026-08-01
2832a7d8af54b1124b12ba7d21471b95,MINAS GERAIS,ITAPECERICA,MG,Brasil,t,interior,3133501,21046,31642.69,1320.83,f,2026-08-01
be75ce29ca91f655138c3640d6fa0558,MINAS GERAIS,ITAPEVA,MG,Brasil,t,interior,3133600,12692,133856.52,1207.05,f,2026-08-01
7ff8d753def06155d166ed499b93f2db,MINAS GERAIS,ITATIAIUCU,MG,Brasil,t,interior,3133709,12966,187766.08,1307.86,f,2026-08-01
e873cda992ec663a556433b38187f42f,MINAS GERAIS,ITAU DE MINAS,MG,Brasil,t,interior,3133758,14406,62415.87,1532.93,f,2026-08-01
24bdde3cbf7a856300846ace22c69475,MINAS GERAIS,ITAUNA,MG,Brasil,t,interior,3133808,97669,50947.27,1859.49,f,2026-08-01
fb0eaf89ee084dc10b5cb5783bf481ba,MINAS GERAIS,ITAVERAVA,MG,Brasil,t,interior,3133907,5642,14885.86,1084.27,f,2026-08-01
7710b3f3a42ba1fe54b4c38769b62366,MINAS GERAIS,ITINGA,MG,Brasil,t,interior,3134004,13745,20633.90,685.00,f,2026-08-01
ea307716f419fa856bf7427045402f3d,MINAS GERAIS,ITUETA,MG,Brasil,t,interior,3134103,6055,27072.34,1287.31,f,2026-08-01
3e44fd72a73b22d247202d489cd48a61,MINAS GERAIS,ITUIUTABA,MG,Brasil,t,interior,3134202,102217,48673.56,1700.41,f,2026-08-01
4d15ad3e81a53a214ab36d32920baf0e,MINAS GERAIS,ITUMIRIM,MG,Brasil,t,interior,3134301,6638,16716.93,1162.49,f,2026-08-01
d0cde3944678ce7a5aed60dd474689de,MINAS GERAIS,ITURAMA,MG,Brasil,t,interior,3134400,38295,74812.25,1765.14,f,2026-08-01
7e99eeb297deb2d26460ae6627d9dd51,MINAS GERAIS,ITUTINGA,MG,Brasil,t,interior,3134509,4217,52582.88,1471.50,f,2026-08-01
e06112aab4248f967a9cfca3817ac867,MINAS GERAIS,JABOTICATUBAS,MG,Brasil,t,interior,3134608,20406,18317.60,1322.35,f,2026-08-01
ff2669535a78df2c3f18463c5dbdcfdf,MINAS GERAIS,JACINTO,MG,Brasil,t,interior,3134707,11042,14462.05,903.94,f,2026-08-01
d0d30f2efd569c81de18d1349ab569a9,MINAS GERAIS,JACUI,MG,Brasil,t,interior,3134806,7495,24856.44,1127.99,f,2026-08-01
fbf73ac848eba193e38fbf62d02df3c9,MINAS GERAIS,JACUTINGA,MG,Brasil,t,interior,3134905,25525,66949.66,1537.09,f,2026-08-01
c14ceaf7b7fa449860c15d51a7364474,MINAS GERAIS,JAGUARACU,MG,Brasil,t,interior,3135001,3092,50882.60,1331.52,f,2026-08-01
cdeb9c4056085704aaddcc5eb5e5862f,MINAS GERAIS,JAIBA,MG,Brasil,t,interior,3135050,37660,25754.49,865.12,f,2026-08-01
cf770e2611f8a161d2839a21ff3bc3bd,MINAS GERAIS,JAMPRUCA,MG,Brasil,t,interior,3135076,4296,19751.63,912.29,f,2026-08-01
be55421bfb08fa79cce3cf7d2cc21d8c,MINAS GERAIS,JANAUBA,MG,Brasil,t,interior,3135100,70699,27796.16,1239.96,f,2026-08-01
19e0ff28d3041bf32a531ec8566422a4,MINAS GERAIS,JANUARIA,MG,Brasil,t,interior,3135209,65150,15970.67,973.95,f,2026-08-01
a5045bc67e57d37fef9e70a2038fdb71,MINAS GERAIS,JAPARAIBA,MG,Brasil,t,interior,3135308,4506,28045.94,1480.30,f,2026-08-01
7e722373a038afdb282fc7554542c232,MINAS GERAIS,JAPONVAR,MG,Brasil,t,interior,3135357,8127,12321.40,741.50,f,2026-08-01
d8b4c8d790128036fd22d753ffe3abbe,MINAS GERAIS,JECEABA,MG,Brasil,t,interior,3135407,6197,272673.07,1320.57,f,2026-08-01
73b8980c6238ba8fc57ee3a9b22445c3,MINAS GERAIS,JENIPAPO DE MINAS,MG,Brasil,t,interior,3135456,6100,14405.57,747.96,f,2026-08-01
1f803bcd4a498231e680fdd10c6a9c11,MINAS GERAIS,JEQUERI,MG,Brasil,t,interior,3135506,12419,19779.53,904.68,f,2026-08-01
245688fbc52a10157f2bf5029a3cabed,MINAS GERAIS,JEQUITAI,MG,Brasil,t,interior,3135605,6484,24257.25,954.71,f,2026-08-01
1dbd30257fc694b655975305905df929,MINAS GERAIS,JEQUITIBA,MG,Brasil,t,interior,3135704,5883,27494.99,1110.23,f,2026-08-01
7ae5b71acb3051d7d357b028f9a3da1e,MINAS GERAIS,JEQUITINHONHA,MG,Brasil,t,interior,3135803,24007,15993.17,877.23,f,2026-08-01
015769272648c0e48d00eefd4516f3c6,MINAS GERAIS,JESUANIA,MG,Brasil,t,interior,3135902,5138,22011.09,1172.13,f,2026-08-01
43d00addd167581bff660b1cda044eb8,MINAS GERAIS,JOAIMA,MG,Brasil,t,interior,3136009,13888,15202.04,767.77,f,2026-08-01
f10922a217cae15a2ee6a681beab9673,MINAS GERAIS,JOANESIA,MG,Brasil,t,interior,3136108,4329,27734.81,1037.96,f,2026-08-01
d8f8f3af7da9c7e8fd2787eabebbb4f4,MINAS GERAIS,JOAO MONLEVADE,MG,Brasil,t,interior,3136207,80187,53454.41,1607.09,f,2026-08-01
45fbb815889c02a046363ecd8daf4373,MINAS GERAIS,JOAO PINHEIRO,MG,Brasil,t,interior,3136306,46801,54758.06,1319.21,f,2026-08-01
6e05cab24263a0e61a3a6bf9ce47e487,MINAS GERAIS,JOAQUIM FELICIO,MG,Brasil,t,interior,3136405,3854,21696.94,982.06,f,2026-08-01
c3ce5b7990ee36b194e66a8f4fc3a215,MINAS GERAIS,JORDANIA,MG,Brasil,t,interior,3136504,10304,12561.04,916.01,f,2026-08-01
0c4361d44cce08b8b5a2e834471791f3,MINAS GERAIS,JOSE GONCALVES DE MINAS,MG,Brasil,t,interior,3136520,3969,15684.30,935.50,f,2026-08-01
e8329bbf13c98fe105af338bd37cb70c,MINAS GERAIS,JOSE RAYDAN,MG,Brasil,t,interior,3136553,4268,26665.89,839.60,f,2026-08-01
400efc1e033787a288fe26bd68c898ed,MINAS GERAIS,JOSENOPOLIS,MG,Brasil,t,interior,3136579,3630,16428.37,729.18,f,2026-08-01
0f47ad6aeed5edb120a7de68a814fc51,MINAS GERAIS,JUATUBA,MG,Brasil,t,interior,3136652,30716,69160.99,1183.00,f,2026-08-01
54d9b6bc376c8bab59081aa18c97467c,MINAS GERAIS,JUIZ DE FORA,MG,Brasil,t,interior,3136702,540756,43035.36,1983.62,f,2026-08-01
cf56891bffc54f34548ecc86d08a7cce,MINAS GERAIS,JURAMENTO,MG,Brasil,t,interior,3136801,3768,16910.56,885.82,f,2026-08-01
59de56bb3ab6083150f82c5431f2b503,MINAS GERAIS,JURUAIA,MG,Brasil,t,interior,3136900,11084,27366.29,1433.99,f,2026-08-01
af2c337e5817bc3ea973ebea6ae66147,MINAS GERAIS,JUVENILIA,MG,Brasil,t,interior,3136959,5789,15524.44,678.48,f,2026-08-01
97d91e851af4fc3882b3157a395ce236,MINAS GERAIS,LADAINHA,MG,Brasil,t,interior,3137007,14383,11686.99,759.02,f,2026-08-01
f0d04208692b87424f364fa5e367481d,MINAS GERAIS,LAGAMAR,MG,Brasil,t,interior,3137106,6631,40025.49,1507.22,f,2026-08-01
b67805d1126e858f208f4b19ac8094f4,MINAS GERAIS,LAGOA DA PRATA,MG,Brasil,t,interior,3137205,51412,48073.31,1462.44,f,2026-08-01
26f837e4cdf991ccc779533017b4657b,MINAS GERAIS,LAGOA DOS PATOS,MG,Brasil,t,interior,3137304,3313,19881.68,841.04,f,2026-08-01
ca47fdff9b9693af9d9d920442266caa,MINAS GERAIS,LAGOA DOURADA,MG,Brasil,t,interior,3137403,12769,29524.55,1077.38,f,2026-08-01
7363568d49fcdd7c49c631ddea6f2ce1,MINAS GERAIS,LAGOA FORMOSA,MG,Brasil,t,interior,3137502,18904,37753.02,1516.86,f,2026-08-01
551cd1eb1066448afac3d51ec97faf27,MINAS GERAIS,LAGOA GRANDE,MG,Brasil,t,interior,3137536,8969,34814.81,1274.20,f,2026-08-01
6621af5826137465b491881d76d50ebf,MINAS GERAIS,LAGOA SANTA,MG,Brasil,t,interior,3137601,75145,37599.04,2311.42,f,2026-08-01
f7aaff7e52b1a672a14587c572ea85ac,MINAS GERAIS,LAJINHA,MG,Brasil,t,interior,3137700,20835,24388.72,1298.14,f,2026-08-01
f8c11f458cc44b61b35c1a68ce960572,MINAS GERAIS,LAMBARI,MG,Brasil,t,interior,3137809,20414,26399.92,1264.21,f,2026-08-01
265a80fe9d05ad094b1221091d726ebc,MINAS GERAIS,LAMIM,MG,Brasil,t,interior,3137908,3184,21016.96,991.20,f,2026-08-01
0866f6c1a3b0cbacea2837f61bfe0fe8,MINAS GERAIS,LARANJAL,MG,Brasil,t,interior,3138005,5963,19486.00,1210.39,f,2026-08-01
2dad59bf8def220ce5dda88b7791ce29,MINAS GERAIS,LASSANCE,MG,Brasil,t,interior,3138104,7124,32473.61,973.84,f,2026-08-01
7cf3e71473627e92ea27b08a384f74c4,MINAS GERAIS,LAVRAS,MG,Brasil,t,interior,3138203,104761,37386.83,1886.69,f,2026-08-01
ee224e7af86f12865e57d50a136c5abe,MINAS GERAIS,LEANDRO FERREIRA,MG,Brasil,t,interior,3138302,3199,20964.68,1435.77,f,2026-08-01
145520480fde44efa653a11fbd0365ee,MINAS GERAIS,LEME DO PRADO,MG,Brasil,t,interior,3138351,4341,16965.22,956.16,f,2026-08-01
41430deaa550cc0010fca985da8aae52,MINAS GERAIS,LEOPOLDINA,MG,Brasil,t,interior,3138401,51145,26289.63,1401.68,f,2026-08-01
4af1c597c9207662d0342f0a98fe3cad,MINAS GERAIS,LIBERDADE,MG,Brasil,t,interior,3138500,4737,24868.69,1231.78,f,2026-08-01
588a0f152276c8a046b16f73aee8a5f5,MINAS GERAIS,LIMA DUARTE,MG,Brasil,t,interior,3138609,17221,25114.51,1266.34,f,2026-08-01
23838a4f72e46b6065b9142bba986e38,MINAS GERAIS,LIMEIRA DO OESTE,MG,Brasil,t,interior,3138625,8687,89243.81,1567.05,t,2026-08-01
179ffe125207b87806771e0c96070145,MINAS GERAIS,LONTRA,MG,Brasil,t,interior,3138658,8790,12601.02,846.80,f,2026-08-01
4336eb1e862a4a5050ff7be986240d09,MINAS GERAIS,LUISBURGO,MG,Brasil,t,interior,3138674,6956,22336.11,974.30,f,2026-08-01
e1cd19f476757efcf9d2604494b2e051,MINAS GERAIS,LUISLANDIA,MG,Brasil,t,interior,3138682,6210,13279.87,592.92,f,2026-08-01
110626dc71e44d5529b57162fac5d3e4,MINAS GERAIS,LUMINARIAS,MG,Brasil,t,interior,3138708,5586,29741.14,1304.11,f,2026-08-01
ac6928a306f6a77ca4992f267b8ec926,MINAS GERAIS,LUZ,MG,Brasil,t,interior,3138807,17875,48318.10,1754.40,f,2026-08-01
5bea2a55f8b9fe772a024e767fed2ebd,MINAS GERAIS,MACHACALIS,MG,Brasil,t,interior,3138906,6487,21096.04,941.72,f,2026-08-01
e54d68bbc0b26040525cb88b40e68826,MINAS GERAIS,MACHADO,MG,Brasil,t,interior,3139003,37684,37319.76,1431.70,f,2026-08-01
861eda31fc70ca5e85c055f3a1cf0f44,MINAS GERAIS,MADRE DE DEUS DE MINAS,MG,Brasil,t,interior,3139102,5191,78696.01,1570.26,f,2026-08-01
2c9dde3d54b9efeaca0443d7bb9eac15,MINAS GERAIS,MALACACHETA,MG,Brasil,t,interior,3139201,17516,15572.16,972.90,f,2026-08-01
9a8631747e4ab7733482c5c60eba10fc,MINAS GERAIS,MAMONAS,MG,Brasil,t,interior,3139250,5997,13337.17,795.96,f,2026-08-01
fd3f6471681154ff6c6784b11a5f2a7d,MINAS GERAIS,MANGA,MG,Brasil,t,interior,3139300,18886,16720.27,833.49,f,2026-08-01
facf6233c4d57782c5f7549975e2e14e,MINAS GERAIS,MANHUACU,MG,Brasil,t,interior,3139409,91886,40383.06,1343.65,f,2026-08-01
6f9e747f8712b34c5e597ca25b75bcc0,MINAS GERAIS,MANHUMIRIM,MG,Brasil,t,interior,3139508,20613,28520.21,1249.19,f,2026-08-01
8eebd480e5937cde17dd8f6fcd1ad4cb,MINAS GERAIS,MANTENA,MG,Brasil,t,interior,3139607,26535,23022.31,1387.38,f,2026-08-01
cd698b3f612225c2d5b69c53eacc0ea1,MINAS GERAIS,MAR DE ESPANHA,MG,Brasil,t,interior,3139805,12721,22711.34,1304.13,f,2026-08-01
155adbaa356fab7ca94bc118fdbe7a0c,MINAS GERAIS,MARAVILHAS,MG,Brasil,t,interior,3139706,7333,33206.33,1202.04,f,2026-08-01
3fba59db53b996b68826049ae82bc002,MINAS GERAIS,MARIA DA FE,MG,Brasil,t,interior,3139904,14247,19192.11,1275.10,f,2026-08-01
db22aef964ae48dd46a5c1042b3ab946,MINAS GERAIS,MARIANA,MG,Brasil,t,interior,3140001,61387,75862.09,1553.36,f,2026-08-01
e3476eb2ea479b56c321351b13dad210,MINAS GERAIS,MARILAC,MG,Brasil,t,interior,3140100,4224,17806.34,976.08,f,2026-08-01
fbcf73c7af1610d69c0ba40b310abd8b,MINAS GERAIS,MARIO CAMPOS,MG,Brasil,t,interior,3140159,15900,15124.34,1367.25,f,2026-08-01
6bc92af93bad0fd9b9196025395af9e1,MINAS GERAIS,MARIPA DE MINAS,MG,Brasil,t,interior,3140209,3387,32776.79,1385.29,f,2026-08-01
12b3e7d4971388fe7131f35f481ab1ba,MINAS GERAIS,MARLIERIA,MG,Brasil,t,interior,3140308,4592,14760.24,1319.11,f,2026-08-01
9271e4793790f91650eda28290cce145,MINAS GERAIS,MARMELOPOLIS,MG,Brasil,t,interior,3140407,3200,19290.63,1119.38,f,2026-08-01
9d28510dbdb1a57dc54f53af536cc0a2,MINAS GERAIS,MARTINHO CAMPOS,MG,Brasil,t,interior,3140506,14003,41723.77,1396.61,f,2026-08-01
51bd87bd8891a3318ea55412579daaa0,MINAS GERAIS,MARTINS SOARES,MG,Brasil,t,interior,3140530,8396,35588.97,910.71,f,2026-08-01
6841e1a3fc20f3d3cb6ba03fac85a850,MINAS GERAIS,MATA VERDE,MG,Brasil,t,interior,3140555,9112,12362.16,860.93,f,2026-08-01
f7f83e24be0aad7a1e9af1e2ea556685,MINAS GERAIS,MATERLANDIA,MG,Brasil,t,interior,3140605,3963,19364.12,949.39,f,2026-08-01
7277bd24ebf8029c9b293105d13d577e,MINAS GERAIS,MATEUS LEME,MG,Brasil,t,interior,3140704,37841,28963.14,1176.11,f,2026-08-01
c072656342bcf8b4e1f0bc0f4b814586,MINAS GERAIS,MATHIAS LOBATO,MG,Brasil,t,interior,3171501,3038,19092.17,907.26,f,2026-08-01
031854ae6182709b747ff367927f5e4a,MINAS GERAIS,MATIAS BARBOSA,MG,Brasil,t,interior,3140803,14121,62258.98,1435.48,f,2026-08-01
2e7e8e2ac0aec830aea1849faf80586f,MINAS GERAIS,MATIAS CARDOSO,MG,Brasil,t,interior,3140852,8895,22549.63,742.96,f,2026-08-01
73811298fda948284e7151681010e98a,MINAS GERAIS,MATIPO,MG,Brasil,t,interior,3140902,18552,25986.20,906.79,f,2026-08-01
25bc0744e03e9c4498887cf4ca85fe88,MINAS GERAIS,MATO VERDE,MG,Brasil,t,interior,3141009,12038,19030.49,970.08,f,2026-08-01
fcdd4dc18a222347735fd1dc6bff621f,MINAS GERAIS,MATOZINHOS,MG,Brasil,t,interior,3141108,37618,50386.14,1233.49,f,2026-08-01
46a965d0f1f8288b86928f46b4980723,MINAS GERAIS,MATUTINA,MG,Brasil,t,interior,3141207,3814,33723.91,1804.53,f,2026-08-01
ae73e4607e224b6818717d5c0103e1df,MINAS GERAIS,MEDEIROS,MG,Brasil,t,interior,3141306,3900,70047.44,1685.36,f,2026-08-01
be533f35b4a1990c43884c58790c75f6,MINAS GERAIS,MEDINA,MG,Brasil,t,interior,3141405,20156,16407.77,825.27,f,2026-08-01
d1aba755dac689e8c80c9d3162c5dfa7,MINAS GERAIS,MENDES PIMENTEL,MG,Brasil,t,interior,3141504,5606,17506.42,1068.80,f,2026-08-01
d0fc49b889249252546480003d796311,MINAS GERAIS,MERCES,MG,Brasil,t,interior,3141603,10373,18257.78,1172.23,f,2026-08-01
7991dc8a9ef6da3c11d5448dce0a0696,MINAS GERAIS,MESQUITA,MG,Brasil,t,interior,3141702,5040,14595.63,1148.49,f,2026-08-01
db16947444a11904e8cab886e47fa701,MINAS GERAIS,MINAS NOVAS,MG,Brasil,t,interior,3141801,24405,16887.03,976.97,f,2026-08-01
b73834425be980547f99a7726deef949,MINAS GERAIS,MINDURI,MG,Brasil,t,interior,3141900,3741,53199.41,1349.72,f,2026-08-01
279bdf4678e7de95cfd961a9f46579de,MINAS GERAIS,MIRABELA,MG,Brasil,t,interior,3142007,13651,14193.98,881.64,f,2026-08-01
e33fdc1c37f5043d7e3e87642d29b825,MINAS GERAIS,MIRADOURO,MG,Brasil,t,interior,3142106,8968,22978.26,1079.43,f,2026-08-01
a7cc98913c7aaca5729beba9fa5f7571,MINAS GERAIS,MIRAI,MG,Brasil,t,interior,3142205,13633,27053.25,1161.72,f,2026-08-01
700b86c082550ce4346ab32d4b16a942,MINAS GERAIS,MIRAVANIA,MG,Brasil,t,interior,3142254,3985,14534.25,775.27,f,2026-08-01
267d4ca58f30372610d5de9e0140fa5d,MINAS GERAIS,MOEDA,MG,Brasil,t,interior,3142304,5125,20318.44,1551.75,f,2026-08-01
8c1d93b245155c0c2595acb2885d8667,MINAS GERAIS,MOEMA,MG,Brasil,t,interior,3142403,7548,21214.10,1289.48,f,2026-08-01
1c629b57bcc1b4c728298e3f1b5eeacf,MINAS GERAIS,MONJOLOS,MG,Brasil,t,interior,3142502,2169,19278.47,1008.05,f,2026-08-01
7ff921f8a4226ecb1ded590d9d53ffe7,MINAS GERAIS,MONSENHOR PAULO,MG,Brasil,t,interior,3142601,8340,33594.12,1350.50,f,2026-08-01
4ade838eeef1464f6355322ab87489fc,MINAS GERAIS,MONTALVANIA,MG,Brasil,t,interior,3142700,14060,14720.06,803.08,f,2026-08-01
cad0e60c0c758a8cbb0ea707c98425f9,MINAS GERAIS,MONTE ALEGRE DE MINAS,MG,Brasil,t,interior,3142809,20170,44805.21,1418.59,f,2026-08-01
ee5ac5c81377fc32a594bda51b5d60d8,MINAS GERAIS,MONTE AZUL,MG,Brasil,t,interior,3142908,20328,16034.93,951.14,f,2026-08-01
6651a648ab049c300339579f113cf18b,MINAS GERAIS,MONTE BELO,MG,Brasil,t,interior,3143005,13046,37259.01,1358.18,f,2026-08-01
b14eb6c5f0095b2c40b0bedc24240be2,MINAS GERAIS,MONTE CARMELO,MG,Brasil,t,interior,3143104,47692,41037.51,1490.73,f,2026-08-01
0cbf5b661a6f6e0bd58d9d590b6a82f0,MINAS GERAIS,MONTE FORMOSO,MG,Brasil,t,interior,3143153,4381,12024.20,590.22,f,2026-08-01
4b43762969133353fdbb0bc6b38b3825,MINAS GERAIS,MONTE SANTO DE MINAS,MG,Brasil,t,interior,3143203,20890,30279.32,1325.93,f,2026-08-01
426db5c4a8cbc3b862297f4979a6b24f,MINAS GERAIS,MONTE SIAO,MG,Brasil,t,interior,3143401,24089,30041.84,1480.80,f,2026-08-01
846f072e9607273b70a2f40fe317dfcb,MINAS GERAIS,MONTES CLAROS,MG,Brasil,t,interior,3143302,414240,32170.33,1517.61,f,2026-08-01
fb4b1ef0ccbe73664e7a15f6c97df589,MINAS GERAIS,MONTEZUMA,MG,Brasil,t,interior,3143450,6888,15199.19,840.43,f,2026-08-01
d12143e02b30c91f3084f48681f8b268,MINAS GERAIS,MORADA NOVA DE MINAS,MG,Brasil,t,interior,3143500,9067,62940.66,1429.84,f,2026-08-01
d589cc55a15eac7c288625b355d324b8,MINAS GERAIS,MORRO DA GARCA,MG,Brasil,t,interior,3143609,2411,26068.02,1035.11,f,2026-08-01
9dafc02d45dde31d8d07de2a2e26ce20,MINAS GERAIS,MORRO DO PILAR,MG,Brasil,t,interior,3143708,3133,17900.73,866.26,f,2026-08-01
b6575f5346431ea924b149061c2faad6,MINAS GERAIS,MUNHOZ,MG,Brasil,t,interior,3143807,7451,21464.10,1280.96,f,2026-08-01
16cbf9ecbb51420170e7f46fe1d38915,MINAS GERAIS,MURIAE,MG,Brasil,t,interior,3143906,104108,30846.73,1569.08,f,2026-08-01
f823cd5572ce25c732be010bd270ceea,MINAS GERAIS,MUTUM,MG,Brasil,t,interior,3144003,27635,23986.57,1238.20,f,2026-08-01
50bc20459de1d8ede97a3f429f31b532,MINAS GERAIS,MUZAMBINHO,MG,Brasil,t,interior,3144102,21891,33933.26,1798.02,f,2026-08-01
549189b70df4b5215c84bfdd23310ecf,MINAS GERAIS,NACIP RAYDAN,MG,Brasil,t,interior,3144201,2459,16525.42,889.64,f,2026-08-01
ce31e877e567f8fda96649e36b0890d8,MINAS GERAIS,NANUQUE,MG,Brasil,t,interior,3144300,35038,30677.81,1211.08,f,2026-08-01
2ebd1a26293a1cd9d05cf93d51b982eb,MINAS GERAIS,NAQUE,MG,Brasil,t,interior,3144359,6303,17147.55,923.24,f,2026-08-01
9a28637e52ec61c40879113bb3b17864,MINAS GERAIS,NATALANDIA,MG,Brasil,t,interior,3144375,3520,26363.35,1143.35,f,2026-08-01
6f230e287172f012cc79cb888f0e15e8,MINAS GERAIS,NATERCIA,MG,Brasil,t,interior,3144409,4691,28557.88,1484.28,f,2026-08-01
5ee29349af11a9976fff1c7f9fa7cf51,MINAS GERAIS,NAZARENO,MG,Brasil,t,interior,3144508,8179,101107.59,1296.31,f,2026-08-01
052fd5495d70083e31989043b678a7e0,MINAS GERAIS,NEPOMUCENO,MG,Brasil,t,interior,3144607,25018,30274.88,1284.35,f,2026-08-01
cd98fcb2d12f4a6ab7927b785180b45b,MINAS GERAIS,NINHEIRA,MG,Brasil,t,interior,3144656,10588,15755.19,854.27,f,2026-08-01
f30d6b39cb44ab1b4123f4c8f1c39f98,MINAS GERAIS,NOVA BELEM,MG,Brasil,t,interior,3144672,3151,42379.56,924.70,f,2026-08-01
08d75b957749f86f63a42c304a28152c,MINAS GERAIS,NOVA ERA,MG,Brasil,t,interior,3144706,17438,27570.54,1342.77,f,2026-08-01
61b13a28762a87f19b0652c5e85dd86c,MINAS GERAIS,NOVA LIMA,MG,Brasil,t,interior,3144805,111697,111440.33,4299.91,f,2026-08-01
c6dc9b37ab2aa347627eb964a339e59e,MINAS GERAIS,NOVA MODICA,MG,Brasil,t,interior,3144904,3663,19633.09,1067.60,f,2026-08-01
f2457ec49423cd4ac1db4794933406fc,MINAS GERAIS,NOVA PONTE,MG,Brasil,t,interior,3145000,14598,108346.90,1505.83,f,2026-08-01
360feaa8d378c02efaa1de1f47a0793d,MINAS GERAIS,NOVA PORTEIRINHA,MG,Brasil,t,interior,3145059,6706,23695.35,867.32,f,2026-08-01
d7a8a0ed08df8842e8136e885f6df1f3,MINAS GERAIS,NOVA RESENDE,MG,Brasil,t,interior,3145109,16387,30082.14,1312.37,f,2026-08-01
a054dc7c6ce621b6feb650dc89f61311,MINAS GERAIS,NOVA SERRANA,MG,Brasil,t,interior,3145208,105552,37293.07,1430.91,f,2026-08-01
8728e2ed884672d1c081603bbb95193b,MINAS GERAIS,NOVA UNIAO,MG,Brasil,t,interior,3136603,5909,24892.37,1219.03,f,2026-08-01
ac541365298ed2ea0d84ab6048ee7dad,MINAS GERAIS,NOVO CRUZEIRO,MG,Brasil,t,interior,3145307,26975,15447.64,783.61,f,2026-08-01
7f9623db46e8eb750fa0da3ad1ca044c,MINAS GERAIS,NOVO ORIENTE DE MINAS,MG,Brasil,t,interior,3145356,10275,14694.79,834.08,f,2026-08-01
d5814c51fa56fa1072376c3fbb742d83,MINAS GERAIS,NOVORIZONTE,MG,Brasil,t,interior,3145372,4571,20256.84,807.48,f,2026-08-01
43203a495e0b8c0e396e5fbc6a543210,MINAS GERAIS,OLARIA,MG,Brasil,t,interior,3145406,1945,22969.67,960.76,f,2026-08-01
ece80c886d724b9224282673e6643e0e,MINAS GERAIS,OLHOS-D'AGUA,MG,Brasil,t,interior,3145455,5385,38042.15,939.63,f,2026-08-01
929a490898ebc28293be275e194ed999,MINAS GERAIS,OLIMPIO NORONHA,MG,Brasil,t,interior,3145505,2555,21587.48,1089.87,f,2026-08-01
5d8b2c81a3374d318dfad9aaa7ac2e0e,MINAS GERAIS,OLIVEIRA,MG,Brasil,t,interior,3145604,39262,37268.53,1428.74,f,2026-08-01
7a3ee97575f42847a37671861e7b3947,MINAS GERAIS,OLIVEIRA FORTES,MG,Brasil,t,interior,3145703,2027,21910.21,1134.36,f,2026-08-01
97096cec9cb4d5daaa8bdfcf0f7e5b65,MINAS GERAIS,ONCA DE PITANGUI,MG,Brasil,t,interior,3145802,2969,27742.34,1216.35,f,2026-08-01
efa5c6e7fea3eadf81ee4d873ff3eb1c,MINAS GERAIS,ORATORIOS,MG,Brasil,t,interior,3145851,4917,17105.76,1169.90,f,2026-08-01
8172d6bf880bb70b0072ece522ab506e,MINAS GERAIS,ORIZANIA,MG,Brasil,t,interior,3145877,8437,17421.83,923.59,f,2026-08-01
792208293585b86c50666cef35384bee,MINAS GERAIS,OURO BRANCO,MG,Brasil,t,interior,3145901,38724,111320.29,1833.06,f,2026-08-01
822c5fd3f6fd55b581ac10f25f485f91,MINAS GERAIS,OURO FINO,MG,Brasil,t,interior,3146008,32094,38131.46,1461.23,f,2026-08-01
f6e2c6e02d52ea5d2d7c90c463116a73,MINAS GERAIS,OURO PRETO,MG,Brasil,t,interior,3146107,74821,90426.62,1611.45,f,2026-08-01
e9805cf65d57a2879693b0c5d84f982e,MINAS GERAIS,OURO VERDE DE MINAS,MG,Brasil,t,interior,3146206,5757,15175.09,835.85,f,2026-08-01
4c3630712e095d9ae8eb9b41b0475678,MINAS GERAIS,PADRE CARVALHO,MG,Brasil,t,interior,3146255,5058,13532.62,707.54,f,2026-08-01
69986bc29f4499778e446d98c36f64c8,MINAS GERAIS,PADRE PARAISO,MG,Brasil,t,interior,3146305,17334,14692.57,829.05,f,2026-08-01
fc51e83937918f9ad0d1bbe35942e544,MINAS GERAIS,PAI PEDRO,MG,Brasil,t,interior,3146552,5551,13263.02,752.74,f,2026-08-01
44624c097ba036a4a2d30f3f0e836ffd,MINAS GERAIS,PAINEIRAS,MG,Brasil,t,interior,3146404,4224,23424.95,1322.83,f,2026-08-01
d53775b2e52eeb757956134f71495165,MINAS GERAIS,PAINS,MG,Brasil,t,interior,3146503,8142,83087.20,1405.87,f,2026-08-01
85b17135f189248cf19c291738e2b67f,MINAS GERAIS,PAIVA,MG,Brasil,t,interior,3146602,1474,22970.83,1334.26,f,2026-08-01
c2cdda0465e978fe8f82e8a20575a4fa,MINAS GERAIS,PALMA,MG,Brasil,t,interior,3146701,5707,20055.90,1296.82,f,2026-08-01
d9076e4903b02036b18db3bfc7d4982b,MINAS GERAIS,PALMOPOLIS,MG,Brasil,t,interior,3146750,6301,13170.61,795.77,f,2026-08-01
2bdd743bab0fefe7a63844a0917a2dd7,MINAS GERAIS,PAPAGAIOS,MG,Brasil,t,interior,3146909,13920,27185.42,1141.60,f,2026-08-01
fe17d82db018ebb11452a09bf3597b51,MINAS GERAIS,PARA DE MINAS,MG,Brasil,t,interior,3147105,97139,53134.48,1716.59,f,2026-08-01
c08524697170486119577e3d610d353c,MINAS GERAIS,PARACATU,MG,Brasil,t,interior,3147006,94023,72311.26,1559.79,f,2026-08-01
c7de5a18c59b4cb629e8e91bef363bdf,MINAS GERAIS,PARAGUACU,MG,Brasil,t,interior,3147204,21723,36882.57,1407.18,f,2026-08-01
a291a2b5f8cac69240af7330fc1a1210,MINAS GERAIS,PARAISOPOLIS,MG,Brasil,t,interior,3147303,20445,37638.35,1498.20,f,2026-08-01
7362e44fb7a419054d74580d99eb37ff,MINAS GERAIS,PARAOPEBA,MG,Brasil,t,interior,3147402,24107,45967.27,1220.57,f,2026-08-01
ff3dbb6ab66e7ee286b512f0775b5f1c,MINAS GERAIS,PASSA QUATRO,MG,Brasil,t,interior,3147600,15515,47660.14,1257.17,f,2026-08-01
6396a1eb6b0b9de1504a9025198c08f5,MINAS GERAIS,PASSA TEMPO,MG,Brasil,t,interior,3147709,8473,36652.31,1242.12,f,2026-08-01
ef7b90b65b901e020fa59c572c6db6c4,MINAS GERAIS,PASSA VINTE,MG,Brasil,t,interior,3147808,2233,21300.94,1285.86,f,2026-08-01
d1392c526ed8220ff53d36bddfe69915,MINAS GERAIS,PASSABEM,MG,Brasil,t,interior,3147501,1600,18751.25,1171.67,f,2026-08-01
db8833b31f78879879acd5593e77c9c0,MINAS GERAIS,PASSOS,MG,Brasil,t,interior,3147907,111939,36449.37,1683.36,f,2026-08-01
5f884cb56e1601196738e82387356bec,MINAS GERAIS,PATIS,MG,Brasil,t,interior,3147956,4837,12743.85,744.88,f,2026-08-01
aea60e446a18a22829069d7b7ba842b0,MINAS GERAIS,PATOS DE MINAS,MG,Brasil,t,interior,3148004,159235,51190.81,2004.61,f,2026-08-01
4225746b780f1a754a4f0b55fe41567a,MINAS GERAIS,PATROCINIO,MG,Brasil,t,interior,3148103,89826,54502.98,1660.45,f,2026-08-01
91e4a9322896b0bb4285bd6bec869a52,MINAS GERAIS,PATROCINIO DO MURIAE,MG,Brasil,t,interior,3148202,5576,27280.85,1451.69,f,2026-08-01
4ee3ad841fbe665f7db6a2ffe23f3a24,MINAS GERAIS,PAULA CANDIDO,MG,Brasil,t,interior,3148301,8659,16557.69,1095.60,f,2026-08-01
909d9d305d97328b119cc439e91258ed,MINAS GERAIS,PAULISTAS,MG,Brasil,t,interior,3148400,4389,18336.98,1000.87,f,2026-08-01
e404c0936d27927d4cada928715741e7,MINAS GERAIS,PAVAO,MG,Brasil,t,interior,3148509,8047,13798.06,804.53,f,2026-08-01
d6e1e8f25bf8827621534c91151dd6e3,MINAS GERAIS,PECANHA,MG,Brasil,t,interior,3148608,17446,16822.48,982.01,f,2026-08-01
b74fabe6cd6b728cc50f0467c9255da6,MINAS GERAIS,PEDRA AZUL,MG,Brasil,t,interior,3148707,24410,17569.44,900.24,f,2026-08-01
45ee8b45e9e5084ca57f8dc38980ec9f,MINAS GERAIS,PEDRA BONITA,MG,Brasil,t,interior,3148756,7320,17074.86,802.06,f,2026-08-01
bc26210892cb2bf759a7715304e9f2e0,MINAS GERAIS,PEDRA DO ANTA,MG,Brasil,t,interior,3148806,3311,19697.37,1138.31,f,2026-08-01
4210625293e708b551a52d551bb45c25,MINAS GERAIS,PEDRA DO INDAIA,MG,Brasil,t,interior,3148905,4112,32541.34,1187.01,f,2026-08-01
232603274b7dad86c655be5c43eebdf8,MINAS GERAIS,PEDRA DOURADA,MG,Brasil,t,interior,3149002,2757,23754.81,1009.99,f,2026-08-01
464fa5f6e0106a59d0ce4764520e3dee,MINAS GERAIS,PEDRALVA,MG,Brasil,t,interior,3149101,10760,20585.22,1200.49,f,2026-08-01
6ce4d1a369656ea7c219ce841ff75e97,MINAS GERAIS,PEDRAS DE MARIA DA CRUZ,MG,Brasil,t,interior,3149150,10433,12676.70,777.73,f,2026-08-01
98c5b582d2bf3c57ef60766c7e21b71d,MINAS GERAIS,PEDRINOPOLIS,MG,Brasil,t,interior,3149200,3344,99738.94,1741.60,f,2026-08-01
bec71f9515741b0ed0194b53045a1e9a,MINAS GERAIS,PEDRO LEOPOLDO,MG,Brasil,t,interior,3149309,62580,40178.60,1581.33,f,2026-08-01
05675d92c25a9d427293e0a99edcc008,MINAS GERAIS,PEDRO TEIXEIRA,MG,Brasil,t,interior,3149408,1810,20639.23,1111.61,f,2026-08-01
4cb51ce009b86b9e686cf476c3b2c15f,MINAS GERAIS,PEQUERI,MG,Brasil,t,interior,3149507,3351,23475.38,1306.63,f,2026-08-01
08b3c206bd7767f4579b4787c397b31d,MINAS GERAIS,PEQUI,MG,Brasil,t,interior,3149606,4155,25012.03,1495.68,f,2026-08-01
0e01fa796aacb6a2ae7d8d1baaa2fb83,MINAS GERAIS,PERDIGAO,MG,Brasil,t,interior,3149705,12268,30874.31,1374.87,f,2026-08-01
b2e6d574f787662c4c814cc13c11abd3,MINAS GERAIS,PERDIZES,MG,Brasil,t,interior,3149804,17151,150305.17,1572.06,f,2026-08-01
5e5223d013066151976cd1c62aba5c20,MINAS GERAIS,PERDOES,MG,Brasil,t,interior,3149903,21384,37957.54,1430.63,f,2026-08-01
0aa6ff0fe0dc5faea5ce6178390509cd,MINAS GERAIS,PERIQUITO,MG,Brasil,t,interior,3149952,6553,18310.39,873.94,f,2026-08-01
83012b884666dcca13a5e6f9745d499c,MINAS GERAIS,PESCADOR,MG,Brasil,t,interior,3150000,3570,16021.57,965.48,f,2026-08-01
8d9c8e13c3e06e3245321b9b9a3ea799,MINAS GERAIS,PIAU,MG,Brasil,t,interior,3150109,2796,40942.42,1225.92,f,2026-08-01
2bdf6605db388219046b294641ac4d09,MINAS GERAIS,PIEDADE DE CARATINGA,MG,Brasil,t,interior,3150158,8529,25137.18,1075.94,f,2026-08-01
0699073ee6f80373f91591709407f9b8,MINAS GERAIS,PIEDADE DE PONTE NOVA,MG,Brasil,t,interior,3150208,3976,19166.75,1126.56,f,2026-08-01
8d6aecaee1ba62b499d345c08196fbfe,MINAS GERAIS,PIEDADE DO RIO GRANDE,MG,Brasil,t,interior,3150307,4604,29356.65,1286.04,f,2026-08-01
6831ee101782fedb941ef775657e2fd9,MINAS GERAIS,PIEDADE DOS GERAIS,MG,Brasil,t,interior,3150406,5019,25591.15,1087.06,f,2026-08-01
0289a4d774aadacad28d02d493059764,MINAS GERAIS,PIMENTA,MG,Brasil,t,interior,3150505,8563,36723.81,1514.49,f,2026-08-01
ecb4a48ffa212185a1180f088bcb5a10,MINAS GERAIS,PINGO D'AGUA,MG,Brasil,t,interior,,,,,,2026-08-01
58bc292424e18e084799f1dec2732bd8,MINAS GERAIS,PINTOPOLIS,MG,Brasil,t,interior,3150570,7084,13301.81,795.88,f,2026-08-01
d8ed3ca80adac0f0bd446af1e0051b20,MINAS GERAIS,PIRACEMA,MG,Brasil,t,interior,3150604,6700,37099.25,1357.43,f,2026-08-01
476756b785ed31ff8f3a838e205f4ee9,MINAS GERAIS,PIRAJUBA,MG,Brasil,t,interior,3150703,5537,115406.00,1418.83,f,2026-08-01
51b5245f2fec2ce83b137f0636b894c7,MINAS GERAIS,PIRANGA,MG,Brasil,t,interior,3150802,17018,14876.95,970.68,f,2026-08-01
8c36afb34ae859abf20dffda57345514,MINAS GERAIS,PIRANGUCU,MG,Brasil,t,interior,3150901,6041,19634.99,1241.17,f,2026-08-01
ebe0b6be93ded711774669815d6c10d2,MINAS GERAIS,PIRANGUINHO,MG,Brasil,t,interior,3151008,9120,18812.83,1409.41,f,2026-08-01
95aafea729cb6b93e55608df7df79cf4,MINAS GERAIS,PIRAPETINGA,MG,Brasil,t,interior,3151107,11077,63909.72,1352.97,f,2026-08-01
e6cf238763d10e3e01b4e6e24168512c,MINAS GERAIS,PIRAPORA,MG,Brasil,t,interior,3151206,55606,60447.78,1339.03,f,2026-08-01
1abd33d0f59fcd13af2a4f4d6956524a,MINAS GERAIS,PIRAUBA,MG,Brasil,t,interior,3151305,11610,21223.17,1245.52,f,2026-08-01
53f8426be17d9729182df2fbb2b19f8d,MINAS GERAIS,PITANGUI,MG,Brasil,t,interior,3151404,26685,26339.40,1309.25,f,2026-08-01
2384101c866238c4331c9b97b83a34ee,MINAS GERAIS,PIUMHI,MG,Brasil,t,interior,3151503,36062,43496.59,1708.76,f,2026-08-01
f5ac361b8fffb002d633eb436570a6df,MINAS GERAIS,PLANURA,MG,Brasil,t,interior,3151602,11145,75657.34,1330.63,f,2026-08-01
27b95a749c6c5193ac7a99b94e97d570,MINAS GERAIS,POCO FUNDO,MG,Brasil,t,interior,3151701,16390,33488.65,1458.51,f,2026-08-01
eba07d9888ecf5c65f7da8c2bf3167b5,MINAS GERAIS,POCOS DE CALDAS,MG,Brasil,t,interior,3151800,163742,65547.68,1994.50,f,2026-08-01
975a0bfc4b19eb350cc9429f2d64cf52,MINAS GERAIS,POCRANE,MG,Brasil,t,interior,3151909,8350,18200.48,1000.98,f,2026-08-01
9c7491f6a5480395cd4fe4ddc8930494,MINAS GERAIS,POMPEU,MG,Brasil,t,interior,3152006,31047,39614.39,1419.04,f,2026-08-01
221faba3a2bbefa58bef78b3745f0291,MINAS GERAIS,PONTE NOVA,MG,Brasil,t,interior,3152105,57776,44898.56,1524.53,f,2026-08-01
75c0903f63ce627130a617fc9caf14e0,MINAS GERAIS,PONTO CHIQUE,MG,Brasil,t,interior,3152131,3747,17061.92,788.63,f,2026-08-01
4173a970a460ef2ad01b489f86a9f7ad,MINAS GERAIS,PONTO DOS VOLANTES,MG,Brasil,t,interior,3152170,10883,13729.30,685.33,f,2026-08-01
25673598ef2a1cf66467d687cbfde09a,MINAS GERAIS,PORTEIRINHA,MG,Brasil,t,interior,3152204,37438,16708.29,948.26,f,2026-08-01
ee400a3779cd727d6686c2e57f46dcf0,MINAS GERAIS,PORTO FIRME,MG,Brasil,t,interior,3152303,10569,14358.88,950.39,f,2026-08-01
43e8fe8333bf63e30ad5378f89da997b,MINAS GERAIS,POTE,MG,Brasil,t,interior,3152402,13666,15642.18,840.81,f,2026-08-01
20f0cee1fc66fce2d5abc59eabfe7f1b,MINAS GERAIS,POUSO ALEGRE,MG,Brasil,t,interior,3152501,152217,93295.79,1875.32,f,2026-08-01
a3d958190c9179cba0d822b1de5534f9,MINAS GERAIS,POUSO ALTO,MG,Brasil,t,interior,3152600,6566,82639.20,1248.01,f,2026-08-01
39416ed34aff0267a7b12077945debdd,MINAS GERAIS,PRADOS,MG,Brasil,t,interior,3152709,9048,28494.58,1246.38,f,2026-08-01
7a3710393fb30367b6c72109a638ef21,MINAS GERAIS,PRATA,MG,Brasil,t,interior,3152808,28342,60076.04,1557.71,f,2026-08-01
1704192afee1c31194c57ed2558251c6,MINAS GERAIS,PRATAPOLIS,MG,Brasil,t,interior,3152907,8406,29693.55,1441.15,f,2026-08-01
1ca1c42e62215f9a470a77500ee2fd62,MINAS GERAIS,PRATINHA,MG,Brasil,t,interior,3153004,3559,64673.22,1414.64,f,2026-08-01
07eac218b874ff00ffc2cd363252dd91,MINAS GERAIS,PRESIDENTE BERNARDES,MG,Brasil,t,interior,3153103,4850,16617.73,1065.38,f,2026-08-01
84ba7444f4a8df2e841e17014d2dc72e,MINAS GERAIS,PRESIDENTE JUSCELINO,MG,Brasil,t,interior,3153202,3465,18079.94,1096.77,f,2026-08-01
dedd39c8a942fd484b4b344ff62eb905,MINAS GERAIS,PRESIDENTE KUBITSCHEK,MG,Brasil,t,interior,3153301,3071,14774.67,842.67,f,2026-08-01
b2fce43b6abcf31deec39371134d31f7,MINAS GERAIS,PRESIDENTE OLEGARIO,MG,Brasil,t,interior,3153400,18765,48221.85,1444.15,f,2026-08-01
95e099cb54248a02f93293e7b6a0341f,MINAS GERAIS,PRUDENTE DE MORAIS,MG,Brasil,t,interior,3153608,11466,29044.30,1218.79,f,2026-08-01
538f976d530e774ce0ade16242e6a8ea,MINAS GERAIS,QUARTEL GERAL,MG,Brasil,t,interior,3153707,3179,28277.45,1266.00,f,2026-08-01
82b0eee96164e2f7f36a4910e2337fd9,MINAS GERAIS,QUELUZITA,MG,Brasil,t,interior,,,,,,2026-08-01
2554b4ef2e60926c2f595550cca4fdba,MINAS GERAIS,RAPOSOS,MG,Brasil,t,interior,3153905,16279,14292.59,1370.14,f,2026-08-01
7c6ab50771cb35f978cd79574c9c30af,MINAS GERAIS,RAUL SOARES,MG,Brasil,t,interior,3154002,23423,21257.87,1124.02,f,2026-08-01
be8de646dab35a4e9f21dde2b05720bf,MINAS GERAIS,RECREIO,MG,Brasil,t,interior,3154101,11007,13855.82,1221.25,f,2026-08-01
b95052334c4e9a8144821e51d083daaf,MINAS GERAIS,REDUTO,MG,Brasil,t,interior,3154150,7848,16724.90,1143.36,f,2026-08-01
33c3983583d49fd2dbb0f1065a924622,MINAS GERAIS,RESENDE COSTA,MG,Brasil,t,interior,3154200,11230,21717.54,1360.95,f,2026-08-01
34429049427f39f96702b02634b44e61,MINAS GERAIS,RESPLENDOR,MG,Brasil,t,interior,3154309,17226,21845.41,1045.69,f,2026-08-01
ed9e3279dae1d6b0d4d86d486f1fde02,MINAS GERAIS,RESSAQUINHA,MG,Brasil,t,interior,3154408,4548,111484.61,1235.77,f,2026-08-01
f15962bda597ababca96a0dbf3a6fd8b,MINAS GERAIS,RIACHINHO,MG,Brasil,t,interior,3154457,6863,27375.49,1056.93,f,2026-08-01
ddab6bb34e3965075e6db5eff342a984,MINAS GERAIS,RIACHO DOS MACHADOS,MG,Brasil,t,interior,3154507,8756,34459.80,858.76,f,2026-08-01
eed2a4aa9e433369f9d638fc7df73aec,MINAS GERAIS,RIBEIRAO DAS NEVES,MG,Brasil,t,interior,3154606,329794,19214.10,1126.97,f,2026-08-01
d2aec373ad2d3a2e677ec82973c9f477,MINAS GERAIS,RIBEIRAO VERMELHO,MG,Brasil,t,interior,3154705,4080,32564.46,1337.90,f,2026-08-01
2407611354c7d4d35c1b824f2f96d817,MINAS GERAIS,RIO ACIMA,MG,Brasil,t,interior,3154804,10261,25373.94,1428.13,f,2026-08-01
c1ca50f25e8dcbbf9aa5f078063566e0,MINAS GERAIS,RIO CASCA,MG,Brasil,t,interior,3154903,12789,21722.89,1235.03,f,2026-08-01
1d6da340d1668e75f1c4b73d71ec2d70,MINAS GERAIS,RIO DO PRADO,MG,Brasil,t,interior,3155108,4639,14681.40,839.03,f,2026-08-01
984b711c70188248966c1d9ddf213086,MINAS GERAIS,RIO DOCE,MG,Brasil,t,interior,3155009,2484,43333.74,1332.87,f,2026-08-01
cad38f28528b24965cb62a82bf1bee52,MINAS GERAIS,RIO ESPERA,MG,Brasil,t,interior,3155207,5429,13904.77,959.91,f,2026-08-01
03756da166cf001902d26c5d4d9a88ef,MINAS GERAIS,RIO MANSO,MG,Brasil,t,interior,3155306,5568,24834.59,1284.38,f,2026-08-01
10814c45b75d8239af7b482373ea345d,MINAS GERAIS,RIO NOVO,MG,Brasil,t,interior,3155405,8518,16853.25,1292.52,f,2026-08-01
fd40d5c0ced73c754a6e94c8d99391ce,MINAS GERAIS,RIO PARANAIBA,MG,Brasil,t,interior,3155504,14532,79005.02,1446.33,f,2026-08-01
62869fec4f1ca187956733f78e3ec38d,MINAS GERAIS,RIO PARDO DE MINAS,MG,Brasil,t,interior,3155603,28271,14301.30,805.02,f,2026-08-01
7991ea8a5a8f6a9f6b3b088d3299b96d,MINAS GERAIS,RIO PIRACICABA,MG,Brasil,t,interior,3155702,14631,18471.81,1311.82,f,2026-08-01
fd05a0ec7fb5a92d30dcb7afa53909c1,MINAS GERAIS,RIO POMBA,MG,Brasil,t,interior,3155801,17443,32911.83,1509.58,f,2026-08-01
71a83deaab59b41c84813deebce21a31,MINAS GERAIS,RIO PRETO,MG,Brasil,t,interior,3155900,5141,16084.42,1203.03,f,2026-08-01
8f1a3827247949b93b0b5a4f9aa3d4db,MINAS GERAIS,RIO VERMELHO,MG,Brasil,t,interior,3156007,12641,14037.66,904.30,f,2026-08-01
00b6542899567f4685b276ed8b95f391,MINAS GERAIS,RITAPOLIS,MG,Brasil,t,interior,3156106,4994,24992.19,1335.21,f,2026-08-01
2612bdcba71583b050f334a34399c0f5,MINAS GERAIS,ROCHEDO DE MINAS,MG,Brasil,t,interior,3156205,2291,81881.71,1125.90,f,2026-08-01
2f2ec14deffea27878da2a090ad7201d,MINAS GERAIS,RODEIRO,MG,Brasil,t,interior,3156304,8664,81359.42,1186.60,f,2026-08-01
60f3fc39167a76ecfe80922b03adc961,MINAS GERAIS,ROMARIA,MG,Brasil,t,interior,3156403,3386,85099.82,1291.69,f,2026-08-01
91938009e2050caa9264d499c2e27bca,MINAS GERAIS,ROSARIO DA LIMEIRA,MG,Brasil,t,interior,3156452,4734,19179.97,1075.93,f,2026-08-01
e1b9a8360d8b552f5066435aefb6daef,MINAS GERAIS,RUBELITA,MG,Brasil,t,interior,3156502,5679,15103.89,828.98,f,2026-08-01
90ee232293137f99b756063979c53bfd,MINAS GERAIS,RUBIM,MG,Brasil,t,interior,3156601,10298,13518.55,812.90,f,2026-08-01
377a4c8c992cf55429fa7b38b9c5d51d,MINAS GERAIS,SABARA,MG,Brasil,t,interior,3156700,129380,29658.31,1462.10,f,2026-08-01
8df2e26b9ac9d4b5e63af146d0ac1f84,MINAS GERAIS,SABINOPOLIS,MG,Brasil,t,interior,3156809,14240,29145.93,984.74,f,2026-08-01
314bf798e058238ded209165b31a5cd1,MINAS GERAIS,SACRAMENTO,MG,Brasil,t,interior,3156908,26670,89506.94,1829.52,f,2026-08-01
99df7f6b4bfe27b9958042fbe72f994b,MINAS GERAIS,SALINAS,MG,Brasil,t,interior,3157005,40178,22492.26,1106.52,f,2026-08-01
e0eeaf778bb4ae6f6c4632b673e6067d,MINAS GERAIS,SALTO DA DIVISA,MG,Brasil,t,interior,3157104,6110,19428.81,810.38,f,2026-08-01
1fb7c98e1bedf694b6ebcf299f667f3d,MINAS GERAIS,SANTA BARBARA,MG,Brasil,t,interior,3157203,30466,33450.01,1324.19,f,2026-08-01
ae91bce2ce02e8256e23cd9aad60d988,MINAS GERAIS,SANTA BARBARA DO LESTE,MG,Brasil,t,interior,3157252,8458,18115.63,1083.66,f,2026-08-01
36e5d9d0cf2c03360182965bc56de6bb,MINAS GERAIS,SANTA BARBARA DO MONTE VERDE,MG,Brasil,t,interior,3157278,3095,23081.74,953.43,f,2026-08-01
299f62ea0e346b03219701bc92cd1dd4,MINAS GERAIS,SANTA BARBARA DO TUGURIO,MG,Brasil,t,interior,3157302,4208,18537.79,1035.66,f,2026-08-01
f5770e0c8740be9906d2690086cd1ada,MINAS GERAIS,SANTA CRUZ DE MINAS,MG,Brasil,t,interior,3157336,8109,19113.95,1112.25,f,2026-08-01
abf826e3c84dadead9c4f8a776957d69,MINAS GERAIS,SANTA CRUZ DE SALINAS,MG,Brasil,t,interior,3157377,3910,15132.74,783.39,f,2026-08-01
12b7fb1a1a67ed758b91c3fc349d493e,MINAS GERAIS,SANTA CRUZ DO ESCALVADO,MG,Brasil,t,interior,3157401,4673,19330.41,912.04,f,2026-08-01
1307849340ed73fcd73cfea4a1433672,MINAS GERAIS,SANTA EFIGENIA DE MINAS,MG,Brasil,t,interior,3157500,4039,14521.42,915.08,f,2026-08-01
90306fddfabf6daa2be248654343baf7,MINAS GERAIS,SANTA FE DE MINAS,MG,Brasil,t,interior,3157609,3522,20121.24,924.03,f,2026-08-01
c30036007e6988e30fae952110648a75,MINAS GERAIS,SANTA HELENA DE MINAS,MG,Brasil,t,interior,3157658,5938,11624.96,673.30,f,2026-08-01
4dc60a65efd083e4ca89dfa859b488f3,MINAS GERAIS,SANTA JULIANA,MG,Brasil,t,interior,3157708,15734,57968.29,1600.94,f,2026-08-01
895a5324ebb45949bf968b1b17153672,MINAS GERAIS,SANTA LUZIA,MG,Brasil,t,interior,3157807,219132,30155.78,1305.74,f,2026-08-01
3611ec772ccb59b00ce4d406296aebda,MINAS GERAIS,SANTA MARGARIDA,MG,Brasil,t,interior,3157906,16395,30349.37,933.07,f,2026-08-01
912c92fd126cefb732b06b48aede0e1b,MINAS GERAIS,SANTA MARIA DE ITABIRA,MG,Brasil,t,interior,3158003,10485,31192.18,1194.25,f,2026-08-01
91a2e404fe3a748b175277b368098a4a,MINAS GERAIS,SANTA MARIA DO SALTO,MG,Brasil,t,interior,3158102,4755,12797.48,791.94,f,2026-08-01
13c5bdf3a6797605fdc21c300ee3ed4d,MINAS GERAIS,SANTA MARIA DO SUACUI,MG,Brasil,t,interior,3158201,12788,17459.02,1032.69,f,2026-08-01
c7ad6315bffe3191448fd0b08cfa7af3,MINAS GERAIS,SANTA RITA DE CALDAS,MG,Brasil,t,interior,3159209,8460,29439.83,1494.51,f,2026-08-01
92397a18229902e8a0e9f2587c28d263,MINAS GERAIS,SANTA RITA DE IBITIPOCA,MG,Brasil,t,interior,3159407,3301,21891.55,965.30,f,2026-08-01
2229654f7d4ef38a1cac65c8a120e578,MINAS GERAIS,SANTA RITA DE JACUTINGA,MG,Brasil,t,interior,3159308,4755,18347.42,1178.73,f,2026-08-01
3cf079b318cf4cab88fd31a0e139b4e3,MINAS GERAIS,SANTA RITA DE MINAS,MG,Brasil,t,interior,3159357,6773,30777.50,1018.16,f,2026-08-01
2d6acc565d1c0c5bc97f0c019aee4970,MINAS GERAIS,SANTA RITA DO ITUETO,MG,Brasil,t,interior,3159506,5826,40086.68,1088.91,f,2026-08-01
90c835ca855c35d81b981e7ec2ea4d4a,MINAS GERAIS,SANTA RITA DO SAPUCAI,MG,Brasil,t,interior,3159605,40635,61875.18,1701.65,f,2026-08-01
70fd64a81bfb7f0c44c74dc399000199,MINAS GERAIS,SANTA ROSA DA SERRA,MG,Brasil,t,interior,3159704,3382,35285.63,1205.38,f,2026-08-01
805e3129aa55404ed67db19c67745b68,MINAS GERAIS,SANTA VITORIA,MG,Brasil,t,interior,3159803,20973,47995.76,1529.62,f,2026-08-01
0fbedb02c41c9f05db73ceedf8d4079c,MINAS GERAIS,SANTANA DA VARGEM,MG,Brasil,t,interior,3158300,6691,38604.54,1385.20,f,2026-08-01
286b52268bc151c603d04594a27ba284,MINAS GERAIS,SANTANA DE CATAGUASES,MG,Brasil,t,interior,3158409,3489,17527.37,1005.32,f,2026-08-01
0a4adb83e6d4088b086ed247c9b10a58,MINAS GERAIS,SANTANA DE PIRAPAMA,MG,Brasil,t,interior,3158508,7030,19279.23,910.44,f,2026-08-01
d16f990686140abc8891e3ba4c543085,MINAS GERAIS,SANTANA DO DESERTO,MG,Brasil,t,interior,3158607,3747,22571.12,1164.44,f,2026-08-01
f33813aadef26c711fae5f88515e725e,MINAS GERAIS,SANTANA DO GARAMBEU,MG,Brasil,t,interior,3158706,2137,22612.07,1087.43,f,2026-08-01
5ef15ec999dd00656b2de893c4660941,MINAS GERAIS,SANTANA DO JACARE,MG,Brasil,t,interior,3158805,4214,30669.67,1217.31,f,2026-08-01
b631ed396b31badae1ec5558dbdea9c7,MINAS GERAIS,SANTANA DO MANHUACU,MG,Brasil,t,interior,3158904,8987,25357.41,829.24,f,2026-08-01
aa7051572d9a6c4aabe5a8f90bb9ccee,MINAS GERAIS,SANTANA DO PARAISO,MG,Brasil,t,interior,3158953,44800,27923.62,1389.43,f,2026-08-01
aab41ae4dcbbbc9da26e91b6293e007b,MINAS GERAIS,SANTANA DO RIACHO,MG,Brasil,t,interior,3159001,5313,26320.53,1345.61,f,2026-08-01
5ee45cee2ce397b03e906db7bfb288ec,MINAS GERAIS,SANTANA DOS MONTES,MG,Brasil,t,interior,3159100,3469,18603.92,938.09,f,2026-08-01
3f464a3c61b810f09ed37a9b446d2a31,MINAS GERAIS,SANTO ANTONIO DO AMPARO,MG,Brasil,t,interior,3159902,17285,27617.70,1176.11,f,2026-08-01
8dfa836e71306dcee303603e53c78ac4,MINAS GERAIS,SANTO ANTONIO DO AVENTUREIRO,MG,Brasil,t,interior,3160009,3769,21025.47,1154.37,f,2026-08-01
00b115501dd04e562c76b6cd71130539,MINAS GERAIS,SANTO ANTONIO DO GRAMA,MG,Brasil,t,interior,3160108,4229,24253.01,1170.30,f,2026-08-01
ea985864f580e0f5daea0ec239071a47,MINAS GERAIS,SANTO ANTONIO DO ITAMBE,MG,Brasil,t,interior,3160207,3915,15157.85,719.21,f,2026-08-01
559174e8c579be00d0e0c4953b2bbc03,MINAS GERAIS,SANTO ANTONIO DO JACINTO,MG,Brasil,t,interior,3160306,10327,12689.45,721.83,f,2026-08-01
6d246def849b22fe8f4296c71383c247,MINAS GERAIS,SANTO ANTONIO DO MONTE,MG,Brasil,t,interior,3160405,27295,34517.49,1404.17,f,2026-08-01
54b9bfc6af239b86a197ea5fd56e47c3,MINAS GERAIS,SANTO ANTONIO DO RETIRO,MG,Brasil,t,interior,3160454,6629,12774.78,763.14,f,2026-08-01
857d430d7d80be0b66236b77d586a68a,MINAS GERAIS,SANTO ANTONIO DO RIO ABAIXO,MG,Brasil,t,interior,3160504,1808,21096.24,1420.41,f,2026-08-01
8fed4e46cdc5e9506ac61bb1268b07bc,MINAS GERAIS,SANTO HIPOLITO,MG,Brasil,t,interior,3160603,2717,26383.88,1070.64,f,2026-08-01
ca45ded30ed8c179d1eecacb297c08e7,MINAS GERAIS,SANTOS DUMONT,MG,Brasil,t,interior,3160702,42406,29698.77,1222.91,f,2026-08-01
1484e87f4e2a9b1892dcf8130bd68336,MINAS GERAIS,SAO BENTO ABADE,MG,Brasil,t,interior,3160801,4713,20514.11,1108.08,f,2026-08-01
9fc0ce69412167d65407ff0b250ec401,MINAS GERAIS,SAO BRAS DO SUACUI,MG,Brasil,t,interior,3160900,3989,25076.96,1526.19,f,2026-08-01
486afe67d31c5bf8f69b1a91b8d4df08,MINAS GERAIS,SAO DOMINGOS DAS DORES,MG,Brasil,t,interior,3160959,5626,21439.39,1159.89,f,2026-08-01
2a2d6fa1b9c42c6521f9c961343f27bd,MINAS GERAIS,SAO DOMINGOS DO PRATA,MG,Brasil,t,interior,3161007,17392,23165.59,1153.05,f,2026-08-01
083e4cf2e5cbf09d02b274084bb86ada,MINAS GERAIS,SAO FELIX DE MINAS,MG,Brasil,t,interior,3161056,3200,18471.25,1061.23,f,2026-08-01
b1240dc4d51973801874f0b5faa70418,MINAS GERAIS,SAO FRANCISCO,MG,Brasil,t,interior,3161106,52762,16286.13,813.04,f,2026-08-01
2ba7a2ce896a0d08be02381935789fda,MINAS GERAIS,SAO FRANCISCO DE PAULA,MG,Brasil,t,interior,3161205,6187,37466.62,1205.09,f,2026-08-01
2e5dc682ec03a9b6f26388747a774f9d,MINAS GERAIS,SAO FRANCISCO DE SALES,MG,Brasil,t,interior,3161304,5732,43501.74,1313.75,f,2026-08-01
24fa6fb28c58fc40710e7f495e6a8d82,MINAS GERAIS,SAO FRANCISCO DO GLORIA,MG,Brasil,t,interior,3161403,4800,18717.29,1258.54,f,2026-08-01
bdb3970e52578b9ad5353c5e10092093,MINAS GERAIS,SAO GERALDO,MG,Brasil,t,interior,3161502,10282,34224.57,1086.63,f,2026-08-01
270c511becd05a3bcee86cbb8b8e38de,MINAS GERAIS,SAO GERALDO DA PIEDADE,MG,Brasil,t,interior,3161601,3305,16176.40,918.91,f,2026-08-01
2f5549cf6971c5ba7726c45380aa691d,MINAS GERAIS,SAO GERALDO DO BAIXIO,MG,Brasil,t,interior,3161650,3143,18075.41,951.67,f,2026-08-01
5abb47cd27470126fd83b23c65f93107,MINAS GERAIS,SAO GONCALO DO ABAETE,MG,Brasil,t,interior,3161700,7375,51027.66,1212.62,f,2026-08-01
52214ff2c8a71d19ffc887ff489cc7f4,MINAS GERAIS,SAO GONCALO DO PARA,MG,Brasil,t,interior,3161809,11770,32304.25,1395.03,f,2026-08-01
57c53b4007b3c7f538ded784ccbb6777,MINAS GERAIS,SAO GONCALO DO RIO ABAIXO,MG,Brasil,t,interior,3161908,11850,317824.64,1260.15,f,2026-08-01
e36fd1017810f32b6d716a777fd0b87d,MINAS GERAIS,SAO GONCALO DO RIO PRETO,MG,Brasil,t,interior,3125507,3032,19631.27,1029.69,f,2026-08-01
80ace8f2b16e6a4a922df94f4f5ae6f7,MINAS GERAIS,SAO GONCALO DO SAPUCAI,MG,Brasil,t,interior,3162005,23959,49638.01,1245.00,f,2026-08-01
c82a3e33e6b60927f088780faafaf9c1,MINAS GERAIS,SAO GOTARDO,MG,Brasil,t,interior,3162104,40910,38019.09,1594.93,f,2026-08-01
b61f65517be4c01263697200fd4be38b,MINAS GERAIS,SAO JOAO BATISTA DO GLORIA,MG,Brasil,t,interior,3162203,7652,38528.36,1378.85,f,2026-08-01
4e80fe4b604ae03e401cfcbb88bd700d,MINAS GERAIS,SAO JOAO DA LAGOA,MG,Brasil,t,interior,3162252,4822,15265.45,949.31,f,2026-08-01
29d5a80563620f2bd0304607f79c37d8,MINAS GERAIS,SAO JOAO DA MATA,MG,Brasil,t,interior,3162302,2914,22416.95,1052.04,f,2026-08-01
b020e0a2eb0b2844f5a410b50fa6284c,MINAS GERAIS,SAO JOAO DA PONTE,MG,Brasil,t,interior,3162401,23930,14972.88,816.07,f,2026-08-01
ffc27738f97de93ab8c6e9eb80f4de24,MINAS GERAIS,SAO JOAO DAS MISSOES,MG,Brasil,t,interior,3162450,13024,9139.90,657.00,f,2026-08-01
e03f05c3e7f229d4b3acf5cfd54405a0,MINAS GERAIS,SAO JOAO DEL REI,MG,Brasil,t,interior,3162500,90225,38851.16,1691.04,f,2026-08-01
94a23977ad3c353810256d40d8a7cb42,MINAS GERAIS,SAO JOAO DO MANHUACU,MG,Brasil,t,interior,3162559,11246,21806.15,930.40,f,2026-08-01
fc3c16754472f631d183efee1eebdf96,MINAS GERAIS,SAO JOAO DO MANTENINHA,MG,Brasil,t,interior,3162575,5331,17399.55,1096.76,f,2026-08-01
6e8af969e475ce415db9a959854acd20,MINAS GERAIS,SAO JOAO DO ORIENTE,MG,Brasil,t,interior,3162609,7070,18370.72,1045.13,f,2026-08-01
e093b1b05fdd7bbb5b453be29f874758,MINAS GERAIS,SAO JOAO DO PACUI,MG,Brasil,t,interior,3162658,3972,13289.78,772.21,f,2026-08-01
847e9653223b09ab7067420d099b2404,MINAS GERAIS,SAO JOAO DO PARAISO,MG,Brasil,t,interior,3162708,23910,14372.10,807.01,f,2026-08-01
eb431f5125ea9e8891ee6134ec5dfdf2,MINAS GERAIS,SAO JOAO EVANGELISTA,MG,Brasil,t,interior,3162807,15315,19114.33,1109.19,f,2026-08-01
d2f86989c39fc39de5b03b41564c43c3,MINAS GERAIS,SAO JOAO NEPOMUCENO,MG,Brasil,t,interior,3162906,25565,26304.64,1374.08,f,2026-08-01
8cb82e76614b0a69db6dd6a431d5d4b3,MINAS GERAIS,SAO JOAQUIM DE BICAS,MG,Brasil,t,interior,3162922,34348,31010.36,1067.53,f,2026-08-01
ec6fd694da2d66481768787fdddf40ac,MINAS GERAIS,SAO JOSE DA BARRA,MG,Brasil,t,interior,3162948,7793,116931.22,1391.61,f,2026-08-01
c6d92575a55ca70075d33ef23b96ed51,MINAS GERAIS,SAO JOSE DA LAPA,MG,Brasil,t,interior,3162955,26090,39337.64,1319.20,f,2026-08-01
6eeffbb44ed992e3c98641e0e788a8d5,MINAS GERAIS,SAO JOSE DA SAFIRA,MG,Brasil,t,interior,3163003,3806,13941.67,854.90,f,2026-08-01
188d82839df133a72315606af13e213d,MINAS GERAIS,SAO JOSE DA VARGINHA,MG,Brasil,t,interior,3163102,4536,30177.25,1189.68,f,2026-08-01
32fe2744c0a1b6db2f3b43821c8ef7ef,MINAS GERAIS,SAO JOSE DO ALEGRE,MG,Brasil,t,interior,3163201,4133,19109.85,910.86,f,2026-08-01
d8f7ed682ba126217dfa0667fd05ab2c,MINAS GERAIS,SAO JOSE DO DIVINO,MG,Brasil,t,interior,3163300,3464,17421.48,1016.23,f,2026-08-01
e54797a5cd315d577055e7399ec4721e,MINAS GERAIS,SAO JOSE DO GOIABAL,MG,Brasil,t,interior,3163409,5396,16182.91,1115.90,f,2026-08-01
19a803daa49437813307bfaa04b22cac,MINAS GERAIS,SAO JOSE DO JACURI,MG,Brasil,t,interior,3163508,6197,25422.14,819.84,f,2026-08-01
cb5bd5c630b4415be226936430727970,MINAS GERAIS,SAO JOSE DO MANTIMENTO,MG,Brasil,t,interior,3163607,2753,20701.78,1087.61,f,2026-08-01
85f230c8ccca916ca2848bd7ff62f267,MINAS GERAIS,SAO LOURENCO,MG,Brasil,t,interior,3163706,44798,31519.71,1781.22,f,2026-08-01
e904530fa4b8f1adbdbac3ec3548c06a,MINAS GERAIS,SAO MIGUEL DO ANTA,MG,Brasil,t,interior,3163805,6334,20483.11,1126.44,f,2026-08-01
f9d2b2980c92fc9e602567807ec72eef,MINAS GERAIS,SAO PEDRO DA UNIAO,MG,Brasil,t,interior,3163904,4885,32238.28,1414.88,f,2026-08-01
7045f7f24973ef548731f3e485f7891e,MINAS GERAIS,SAO PEDRO DO SUACUI,MG,Brasil,t,interior,3164100,5103,22998.63,993.57,f,2026-08-01
0b0fbcb7b6045e2b9beb59e292165ba5,MINAS GERAIS,SAO PEDRO DOS FERROS,MG,Brasil,t,interior,3164001,7166,22415.02,1096.96,f,2026-08-01
1ea97907a0df94e685592d11c21b09bf,MINAS GERAIS,SAO ROMAO,MG,Brasil,t,interior,3164209,10315,22113.91,726.62,f,2026-08-01
d81d48409403c82a206f1a68f3b98170,MINAS GERAIS,SAO ROQUE DE MINAS,MG,Brasil,t,interior,3164308,7129,59499.51,2002.71,f,2026-08-01
4f49fe9effaafc1f63f19b2c7bfe3ce8,MINAS GERAIS,SAO SEBASTIAO DA BELA VISTA,MG,Brasil,t,interior,3164407,6387,112492.09,1300.15,f,2026-08-01
be332a550ed8daee94bd077c226eb66a,MINAS GERAIS,SAO SEBASTIAO DA VARGEM ALEGRE,MG,Brasil,t,interior,3164431,3113,20619.02,1261.02,f,2026-08-01
5b2f4225210fd3b2fa8d95c09afe9782,MINAS GERAIS,SAO SEBASTIAO DO ANTA,MG,Brasil,t,interior,3164472,6194,20739.43,921.38,f,2026-08-01
93746079c129dc1b8e1b426b4b685b97,MINAS GERAIS,SAO SEBASTIAO DO MARANHAO,MG,Brasil,t,interior,3164506,10079,12513.15,756.62,f,2026-08-01
7fea69ba36c9592198453635944ba833,MINAS GERAIS,SAO SEBASTIAO DO OESTE,MG,Brasil,t,interior,3164605,8815,100121.16,1321.95,f,2026-08-01
34f4de585d99d1e0f88a2aa5e19e04b0,MINAS GERAIS,SAO SEBASTIAO DO PARAISO,MG,Brasil,t,interior,3164704,71796,39476.43,1629.10,f,2026-08-01
a4370c153911d6f6634e531c78a5b6d2,MINAS GERAIS,SAO SEBASTIAO DO RIO PRETO,MG,Brasil,t,interior,3164803,1259,25063.54,1044.03,f,2026-08-01
eafff63032d40ca52376a51a7299931f,MINAS GERAIS,SAO SEBASTIAO DO RIO VERDE,MG,Brasil,t,interior,3164902,2300,20932.61,1208.85,f,2026-08-01
74acee41aa0c7f285bc6d9274c01e0f3,MINAS GERAIS,SAO TIAGO,MG,Brasil,t,interior,3165008,11192,25065.31,1406.52,f,2026-08-01
f3a80ab2d38436e15cae228e97831769,MINAS GERAIS,SAO TOMAS DE AQUINO,MG,Brasil,t,interior,3165107,6740,35131.16,1243.41,f,2026-08-01
37d5ca34e60bf31ee432b75e5a98ceed,MINAS GERAIS,SAO TOME DAS LETRAS,MG,Brasil,t,interior,3165206,6904,23103.42,1341.66,f,2026-08-01
05cdf3eb9f2bfa9b34f1e0979a9c5325,MINAS GERAIS,SAO VICENTE DE MINAS,MG,Brasil,t,interior,3165305,6804,36498.53,1395.09,f,2026-08-01
f3f5b36b29875aabef96861b166816b1,MINAS GERAIS,SAPUCAI-MIRIM,MG,Brasil,t,interior,3165404,6311,27614.32,1269.56,f,2026-08-01
c296ec620f5c841cdd046108c887541c,MINAS GERAIS,SARDOA,MG,Brasil,t,interior,3165503,5104,16711.21,845.55,f,2026-08-01
40296434849f9420b47d74f542513f13,MINAS GERAIS,SARZEDO,MG,Brasil,t,interior,3165537,36844,44580.45,1461.78,f,2026-08-01
f607712b2a4ea08932a2f396563fbb74,MINAS GERAIS,SEM-PEIXE,MG,Brasil,t,interior,3165560,2433,17165.23,1066.41,f,2026-08-01
86ffec22da0bb73f0ddc86adc8b38dc0,MINAS GERAIS,SENADOR AMARAL,MG,Brasil,t,interior,3165578,6206,18648.08,1195.38,f,2026-08-01
11514d70d696f7b24572b854b953ebe0,MINAS GERAIS,SENADOR CORTES,MG,Brasil,t,interior,3165602,2240,21683.04,1126.28,f,2026-08-01
bcb6e59134a615efa03f5313e817053a,MINAS GERAIS,SENADOR FIRMINO,MG,Brasil,t,interior,3165701,7716,18527.22,1233.96,f,2026-08-01
6d7ea75df02dabbfe9f16ec1b78ce417,MINAS GERAIS,SENADOR JOSE BENTO,MG,Brasil,t,interior,3165800,2068,20984.04,1282.20,f,2026-08-01
bec0ba5d7eb95e6ebc4e5f6e8084eb4f,MINAS GERAIS,SENADOR MODESTINO GONCALVES,MG,Brasil,t,interior,3165909,4008,23123.50,935.44,f,2026-08-01
e817e142cae3bde55d7154cdcba1c0e8,MINAS GERAIS,SENHORA DE OLIVEIRA,MG,Brasil,t,interior,3166006,5483,16620.10,885.56,f,2026-08-01
36f73762f306a05e9bad3c92713e9a6d,MINAS GERAIS,SENHORA DO PORTO,MG,Brasil,t,interior,3166105,3067,18281.71,961.01,f,2026-08-01
2fda080579d0b9c9252f1f752fa45465,MINAS GERAIS,SENHORA DOS REMEDIOS,MG,Brasil,t,interior,3166204,10384,13368.07,990.54,f,2026-08-01
0a08c7dd571610d7d018951c44136556,MINAS GERAIS,SERICITA,MG,Brasil,t,interior,3166303,7345,21298.57,996.25,f,2026-08-01
90d323be41a4685dede9ef0a304be73e,MINAS GERAIS,SERITINGA,MG,Brasil,t,interior,3166402,1819,30107.75,1450.73,f,2026-08-01
88347f6aa274191ef5401102733a642b,MINAS GERAIS,SERRA AZUL DE MINAS,MG,Brasil,t,interior,3166501,3792,14780.85,738.71,f,2026-08-01
1f00aa0d885238657722b05b3fa8e21d,MINAS GERAIS,SERRA DA SAUDADE,MG,Brasil,t,interior,3166600,833,30686.67,1411.95,f,2026-08-01
f02bbc622345df867c8aa48699fbf1c3,MINAS GERAIS,SERRA DO SALITRE,MG,Brasil,t,interior,3166808,11801,76136.68,1573.89,f,2026-08-01
90fdff41913b86182ef6c99e00537af4,MINAS GERAIS,SERRA DOS AIMORES,MG,Brasil,t,interior,3166709,6944,22908.84,1016.56,f,2026-08-01
9174f3ab632d1e93bf91f6f72fccd188,MINAS GERAIS,SERRANIA,MG,Brasil,t,interior,3166907,7621,26579.85,1155.32,f,2026-08-01
b58bb1dd0de941660020afcfbbe0e7be,MINAS GERAIS,SERRANOPOLIS DE MINAS,MG,Brasil,t,interior,3166956,4399,13928.39,811.29,f,2026-08-01
4f6108058bc419a8db4b8c4f3e175c62,MINAS GERAIS,SERRANOS,MG,Brasil,t,interior,3167004,1990,24281.41,1182.63,f,2026-08-01
7c23a1c9ab076e3f5e79626a0d731dc8,MINAS GERAIS,SERRO,MG,Brasil,t,interior,3167103,21952,17625.87,923.20,f,2026-08-01
f054b055e5282bb2516801ddc8e6db4d,MINAS GERAIS,SETE LAGOAS,MG,Brasil,t,interior,3167202,227397,65543.81,1668.60,f,2026-08-01
a24dea655076768f9bb15c39cbd98f09,MINAS GERAIS,SETUBINHA,MG,Brasil,t,interior,3165552,9917,13619.04,825.56,f,2026-08-01
a79e5a7ff7e58934bec344104a1c3bce,MINAS GERAIS,SILVEIRANIA,MG,Brasil,t,interior,3167301,2323,19374.52,1213.40,f,2026-08-01
f5b3c65ee7dd9d8cecbb9c37f2884910,MINAS GERAIS,SILVIANOPOLIS,MG,Brasil,t,interior,3167400,6179,28921.02,1597.35,f,2026-08-01
1d23b83dae7167877f7df783735ce49a,MINAS GERAIS,SIMAO PEREIRA,MG,Brasil,t,interior,3167509,2947,39392.26,1350.40,f,2026-08-01
6cfa584e59faf9708365132a15ba2e6c,MINAS GERAIS,SIMONESIA,MG,Brasil,t,interior,3167608,19750,18796.46,1037.28,f,2026-08-01
552f56548504ad11ff1e48ca3a96f174,MINAS GERAIS,SOBRALIA,MG,Brasil,t,interior,3167707,5137,15990.07,1139.19,f,2026-08-01
fd91bb058bf1bfaadcb13df19d9e211e,MINAS GERAIS,SOLEDADE DE MINAS,MG,Brasil,t,interior,3167806,5613,18554.61,1255.32,f,2026-08-01
69926dc5e412cd9017392079eac545e5,MINAS GERAIS,TABULEIRO,MG,Brasil,t,interior,3167905,4014,21570.75,1166.15,f,2026-08-01
27ceb2a78d5970039b6fb4183869fa00,MINAS GERAIS,TAIOBEIRAS,MG,Brasil,t,interior,3168002,33050,21342.60,1079.79,f,2026-08-01
792e4b4ab1b4a8e631ff3e47616f815b,MINAS GERAIS,TAPARUBA,MG,Brasil,t,interior,3168051,3387,17709.18,949.47,f,2026-08-01
a3c92f07ffaa45780a237a0d07dc1335,MINAS GERAIS,TAPIRA,MG,Brasil,t,interior,3168101,4118,153403.59,1554.17,f,2026-08-01
e04b1db404c279168e34e4c1e764aeb6,MINAS GERAIS,TAPIRAI,MG,Brasil,t,interior,3168200,1690,41586.39,1331.31,f,2026-08-01
11cbb758e04636b05a999e0f1eac0a5b,MINAS GERAIS,TAQUARACU DE MINAS,MG,Brasil,t,interior,3168309,4224,20052.79,1209.10,f,2026-08-01
a5ab7ab1e5b728238e0662e6a0bb80c9,MINAS GERAIS,TARUMIRIM,MG,Brasil,t,interior,3168408,14709,16070.30,993.40,f,2026-08-01
5886a825d4763f7e749b6ca58cdc97bc,MINAS GERAIS,TEIXEIRAS,MG,Brasil,t,interior,3168507,12255,17955.12,1233.73,f,2026-08-01
fb9cc83d7420a4324dd376346a9ca346,MINAS GERAIS,TEOFILO OTONI,MG,Brasil,t,interior,3168606,137418,25762.62,1338.49,f,2026-08-01
5920379b5ebb2b53733c29cda0e65b4a,MINAS GERAIS,TIMOTEO,MG,Brasil,t,interior,3168705,81579,56987.61,1630.44,f,2026-08-01
36c07b9975f4346e5799d7e3ee43098d,MINAS GERAIS,TIRADENTES,MG,Brasil,t,interior,3168804,7744,38423.42,1872.35,f,2026-08-01
b6130cf2ae3410b77dc64f6449e4e0b5,MINAS GERAIS,TIROS,MG,Brasil,t,interior,3168903,7883,55948.75,1633.94,f,2026-08-01
306bf041b2b91deb6fef44bb68915066,MINAS GERAIS,TOCANTINS,MG,Brasil,t,interior,3169000,16185,27851.96,1244.19,f,2026-08-01
491fb5127441ca72cbc379165ec52ac4,MINAS GERAIS,TOCOS DO MOJI,MG,Brasil,t,interior,3169059,3826,21608.21,1301.34,f,2026-08-01
6d5302d5babd038e9d2088b3eb7c5581,MINAS GERAIS,TOLEDO,MG,Brasil,t,interior,3169109,7214,17413.09,1257.12,f,2026-08-01
614ef6726e67d4471d72752c54a6bbae,MINAS GERAIS,TOMBOS,MG,Brasil,t,interior,3169208,8609,19520.50,1491.51,f,2026-08-01
bcf81322a1744b597039c3c5887594b9,MINAS GERAIS,TRES CORACOES,MG,Brasil,t,interior,3169307,75485,47277.07,1370.02,f,2026-08-01
3fea49b3eb2276f3c139566a56d71521,MINAS GERAIS,TRES MARIAS,MG,Brasil,t,interior,3169356,28895,89376.40,1333.18,f,2026-08-01
3399a8d0c7c4bb0fa7071dd1b2953939,MINAS GERAIS,TRES PONTAS,MG,Brasil,t,interior,3169406,55255,41417.07,1459.07,f,2026-08-01
0f3b21a5252dc14c6ce04c8b2a2c1fec,MINAS GERAIS,TUMIRITINGA,MG,Brasil,t,interior,3169505,5886,16056.74,895.69,f,2026-08-01
b0b47be703ebbd2721e3a8c5529b2d34,MINAS GERAIS,TUPACIGUARA,MG,Brasil,t,interior,3169604,25470,54974.91,1424.49,f,2026-08-01
e06c1d4e28ae705cd869cbc7b7cbb6f9,MINAS GERAIS,TURMALINA,MG,Brasil,t,interior,3169703,20000,24343.45,1093.34,f,2026-08-01
1df0e10642d64f981e257e6b42fdf4a1,MINAS GERAIS,TURVOLANDIA,MG,Brasil,t,interior,3169802,4935,32184.80,1172.12,f,2026-08-01
73015c934ede1e00e029085b3043c2da,MINAS GERAIS,UBA,MG,Brasil,t,interior,3169901,103365,43169.47,1507.27,f,2026-08-01
4bc497660d1dc09c896b088de8579242,MINAS GERAIS,UBAI,MG,Brasil,t,interior,3170008,11708,12133.33,803.38,f,2026-08-01
013e1882bb2c4c9ec2b16f5931524605,MINAS GERAIS,UBAPORANGA,MG,Brasil,t,interior,3170057,13017,17452.87,1088.96,f,2026-08-01
13c93fc309d8ee8e06b14e23c51d59df,MINAS GERAIS,UBERABA,MG,Brasil,t,interior,3170107,337836,70120.94,1939.60,f,2026-08-01
6521964fcb2e7a8432dc477ed54523f0,MINAS GERAIS,UBERLANDIA,MG,Brasil,t,interior,3170206,713224,71598.38,2079.68,f,2026-08-01
5f2a7b28a076db359f5dea07efd34f6b,MINAS GERAIS,UMBURATIBA,MG,Brasil,t,interior,3170305,2684,20220.19,927.61,f,2026-08-01
b802a7504d400a9c2413f5e23139aa8f,MINAS GERAIS,UNAI,MG,Brasil,t,interior,3170404,86619,60281.57,1760.50,f,2026-08-01
67095e37e4854752d689d9672d109eca,MINAS GERAIS,UNIAO DE MINAS,MG,Brasil,t,interior,3170438,3828,49027.95,1279.07,f,2026-08-01
e90a0c1da553741e203fef05afdc32df,MINAS GERAIS,URUANA DE MINAS,MG,Brasil,t,interior,3170479,3282,29293.72,1091.98,f,2026-08-01
681b92c2d7058be257e66fae0b34f567,MINAS GERAIS,URUCANIA,MG,Brasil,t,interior,3170503,10600,33597.83,1080.19,f,2026-08-01
49e7fcf0b4cb32a9e11d70ca979fd5a9,MINAS GERAIS,URUCUIA,MG,Brasil,t,interior,3170529,17479,13209.39,727.87,f,2026-08-01
835891f27dbae41fc8239a53aefde1f3,MINAS GERAIS,VARGEM ALEGRE,MG,Brasil,t,interior,3170578,5780,15012.80,1037.57,f,2026-08-01
d9d3c4ec4b7ea16c27e3ede8c7a880bd,MINAS GERAIS,VARGEM BONITA,MG,Brasil,t,interior,3170602,2158,42818.35,1496.78,f,2026-08-01
9fda3fc4c803d5f81ce6c80e1961f8ba,MINAS GERAIS,VARGEM GRANDE DO RIO PARDO,MG,Brasil,t,interior,3170651,4633,16621.41,881.50,f,2026-08-01
cf6891bab6571a84d24858f50f3e5951,MINAS GERAIS,VARGINHA,MG,Brasil,t,interior,3170701,136467,73780.24,1874.49,f,2026-08-01
b17e5dcb6b4baa913aa9a0cc05cf601b,MINAS GERAIS,VARJAO DE MINAS,MG,Brasil,t,interior,3170750,6969,51926.82,1349.13,f,2026-08-01
a32603e596b2eb2f92d9a5ae35fbe805,MINAS GERAIS,VARZEA DA PALMA,MG,Brasil,t,interior,3170800,33744,40059.09,1062.12,f,2026-08-01
44ee1c08f90dce71a308344e1125ea53,MINAS GERAIS,VARZELANDIA,MG,Brasil,t,interior,3170909,18840,12478.66,738.74,f,2026-08-01
dd5c4587b3cbbf0c47fa39377b0d869a,MINAS GERAIS,VAZANTE,MG,Brasil,t,interior,3171006,19975,60233.24,1572.32,f,2026-08-01
b45d545a894791cc58a72e9d04157d26,MINAS GERAIS,VERDELANDIA,MG,Brasil,t,interior,3171030,7672,17824.69,764.71,f,2026-08-01
dcbe33cb746cdd97f1ae68dba595adf0,MINAS GERAIS,VEREDINHA,MG,Brasil,t,interior,3171071,5181,22185.49,898.68,f,2026-08-01
bfdb0abd0d874e31b1932594b585fb4c,MINAS GERAIS,VERISSIMO,MG,Brasil,t,interior,3171105,3411,89993.55,1352.42,f,2026-08-01
a4d51cca41da05e4eb4c1af7941964d5,MINAS GERAIS,VERMELHO NOVO,MG,Brasil,t,interior,3171154,4899,17923.86,859.63,f,2026-08-01
ebdab12fc6b93f4a9932d72d58963d3c,MINAS GERAIS,VESPASIANO,MG,Brasil,t,interior,3171204,129246,28001.11,1291.72,f,2026-08-01
f11f0b13c4358b2b808f685eb4af12e3,MINAS GERAIS,VICOSA,MG,Brasil,t,interior,3171303,76430,29239.36,1864.42,f,2026-08-01
889ed6c39d0badadcf31e62250f8e9bd,MINAS GERAIS,VIEIRAS,MG,Brasil,t,interior,3171402,3700,18752.70,1216.73,f,2026-08-01
090bb101285317d1b6b7ae6311eb7006,MINAS GERAIS,VIRGEM DA LAPA,MG,Brasil,t,interior,3171600,11804,13773.97,959.90,f,2026-08-01
8a19b9b90ebac74dfbb877cdc323035c,MINAS GERAIS,VIRGINIA,MG,Brasil,t,interior,3171709,8908,26814.44,987.85,f,2026-08-01
c684a3a495f125de99efb08f1f553fb6,MINAS GERAIS,VIRGINOPOLIS,MG,Brasil,t,interior,3171808,10314,20456.85,1116.83,f,2026-08-01
6a19fb35dbcc4f8264395a7c5e407bb9,MINAS GERAIS,VIRGOLANDIA,MG,Brasil,t,interior,3171907,4552,14883.13,927.50,f,2026-08-01
f7481d83016909dba4147bca4cb6ee8a,MINAS GERAIS,VISCONDE DO RIO BRANCO,MG,Brasil,t,interior,3172004,39160,52407.51,1493.02,f,2026-08-01
cee107a92dc356845ec34dd0fb4eff46,MINAS GERAIS,VOLTA GRANDE,MG,Brasil,t,interior,3172103,4443,32947.56,1153.24,f,2026-08-01
45ae9778c8297f09a4b354c5b66edb56,MINAS GERAIS,WENCESLAU BRAZ,MG,Brasil,t,interior,3172202,2356,18576.83,1240.48,f,2026-08-01
f53813c21daec20f2c7f63d693b8c4cb,Não Identificado,Não Identificado,,Brasil,t,interior,,,,,,2026-08-01
c06b6c4f65f65e30e0688705218a114a,Não se Aplica,Não se Aplica,,Brasil,t,interior,,,,,,2026-08-01
101ed4cde61bd8d3e671aeacdb88234f,PARA,ABAETETUBA,PA,Brasil,t,interior,1500107,158188,15431.59,771.33,f,2026-08-01
7a0a1a7773c376692b85d3698167677c,PARA,ABEL FIGUEIREDO,PA,Brasil,t,interior,1500131,6136,21361.96,923.20,f,2026-08-01
9392e44070b071e53b1be4a03cd125c1,PARA,ACARA,PA,Brasil,t,interior,1500206,59023,35773.63,505.33,f,2026-08-01
67bb511acee6bdfc21da2368cdb4e1f8,PARA,AFUA,PA,Brasil,t,interior,1500305,37765,17623.65,476.09,f,2026-08-01
94752b10e84148555ebc78d37264afcd,PARA,AGUA AZUL DO NORTE,PA,Brasil,t,interior,1500347,18080,57921.79,936.70,f,2026-08-01
dbf6dfe32d7b336af02e019b88674bb7,PARA,ALENQUER,PA,Brasil,t,interior,1500404,69377,22753.71,562.30,f,2026-08-01
2d41aae65a6db2c62d03f0a8daf397d5,PARA,ALMEIRIM,PA,Brasil,t,interior,1500503,34280,17323.42,773.03,f,2026-08-01
e2df3af3f86adcefbefcf0fb602f57a0,PARA,ALTAMIRA,PA,Brasil,t,interior,1500602,126279,30788.13,1245.26,f,2026-08-01
c92f1b70978ce207169bc8436f956d2e,PARA,ANAJAS,PA,Brasil,t,interior,1500701,28011,13239.01,524.25,f,2026-08-01
87b3da951277dc8d47692b0961fbf8e2,PARA,ANANINDEUA,PA,Brasil,t,interior,1500800,478778,23964.96,1219.88,f,2026-08-01
6b59d26fd2c9dfc966428963cef5b192,PARA,ANAPU,PA,Brasil,t,interior,1500859,31850,22480.35,765.01,f,2026-08-01
39cb4ef5c2ac1b48d206b9170e5e2039,PARA,AUGUSTO CORREA,PA,Brasil,t,interior,1500909,44573,10996.72,479.94,f,2026-08-01
890d8c8f83d09bdfd0b6fe27a6c43cb2,PARA,AURORA DO PARA,PA,Brasil,t,interior,1500958,23774,16421.93,574.32,f,2026-08-01
0731aa38d533a69ff7ecaebe01b2029d,PARA,AVEIRO,PA,Brasil,t,interior,1501006,18290,12483.16,477.87,f,2026-08-01
9f4d30a75b3b10beb27969f2093416d5,PARA,BAGRE,PA,Brasil,t,interior,1501105,31892,10342.66,358.65,f,2026-08-01
e13cc8cd09d9ade07e6467c4e75ad738,PARA,BAIAO,PA,Brasil,t,interior,1501204,51641,15479.23,460.65,f,2026-08-01
09308c369e7f467e5a6bc92250a8a638,PARA,BANNACH,PA,Brasil,t,interior,1501253,4031,38202.68,995.23,f,2026-08-01
01123f592065260415761aa90a5a8322,PARA,BARCARENA,PA,Brasil,t,interior,1501303,126650,72562.44,975.54,f,2026-08-01
7507bd3a1543783def2d2ab188922c57,PARA,BELEM,PA,Brasil,t,capital,1501402,1303403,31100.18,1668.52,f,2026-08-01
9745814f2ff0dabf7ea590e9c4175d3d,PARA,BELTERRA,PA,Brasil,t,interior,1501451,18099,19495.22,741.15,f,2026-08-01
e53266d9456a220a35d8d3be5f218c76,PARA,BENEVIDES,PA,Brasil,t,interior,1501501,63567,52513.80,818.99,f,2026-08-01
130f0d1f84d8a4fb9713be670797a16a,PARA,BOM JESUS DO TOCANTINS,PA,Brasil,t,interior,1501576,18005,18715.58,947.99,f,2026-08-01
22e0b86b24099f402ad83bb47d1efb5f,PARA,BONITO,PA,Brasil,t,interior,1501600,12622,11666.77,739.25,f,2026-08-01
8b6ffc43425aadae716c4718481ae80d,PARA,BRAGANCA,PA,Brasil,t,interior,1501709,123082,16065.14,810.48,f,2026-08-01
ea08756d6a0c27269eb18b5272b46b68,PARA,BRASIL NOVO,PA,Brasil,t,interior,1501725,24718,20935.43,763.34,f,2026-08-01
b377c54aa3cfe6a15d192b9b702a1f0d,PARA,BREJO GRANDE DO ARAGUAIA,PA,Brasil,t,interior,1501758,6783,21114.70,766.20,f,2026-08-01
9081dceef43242264f34c89e0c184800,PARA,BREU BRANCO,PA,Brasil,t,interior,1501782,45712,17549.46,725.32,f,2026-08-01
69ae3da5e9296961be523036d379152b,PARA,BREVES,PA,Brasil,t,interior,1501808,106968,14165.45,606.08,f,2026-08-01
fdd5bd81c75178389aa1812c339233a3,PARA,BUJARU,PA,Brasil,t,interior,1501907,24383,28229.50,526.09,f,2026-08-01
b09f62aa6e6cafecc8fb2c73eaa24853,PARA,CACHOEIRA DO ARARI,PA,Brasil,t,interior,1502004,23981,14790.96,488.54,f,2026-08-01
e477c2afc18cbb353b66f74fef597634,PARA,CACHOEIRA DO PIRIA,PA,Brasil,t,interior,1501956,19630,12119.61,564.23,f,2026-08-01
f6df8f9e300adbf1250294dfddb388f4,PARA,CAMETA,PA,Brasil,t,interior,1502103,134184,14171.24,597.90,f,2026-08-01
02a9d7ae9a908766e5f8d64e265c46ad,PARA,CANAA DOS CARAJAS,PA,Brasil,t,interior,1502152,77079,215643.17,1364.40,f,2026-08-01
878853571cd5eb83e8dcad16f2a319b6,PARA,CAPANEMA,PA,Brasil,t,interior,1502202,70394,26753.44,966.47,f,2026-08-01
14f4bf821885589e727edc3e0063cca0,PARA,CAPITAO POCO,PA,Brasil,t,interior,1502301,56506,15929.88,704.58,f,2026-08-01
5874e9f1fc2eb781a89ea7f073919cea,PARA,CASTANHAL,PA,Brasil,t,interior,1502400,192256,32862.91,1055.05,f,2026-08-01
dd983467a293c1a7315493d0233ecb05,PARA,CHAVES,PA,Brasil,t,interior,1502509,20757,15955.58,584.29,f,2026-08-01
ae91fe2ce3bbc2ec956b2b5e07c42bc9,PARA,COLARES,PA,Brasil,t,interior,1502608,12868,10583.93,655.87,f,2026-08-01
908e00c98ad19bdf5c9a8b781a3b6dd8,PARA,CONCEICAO DO ARAGUAIA,PA,Brasil,t,interior,1502707,44617,22083.42,1032.80,f,2026-08-01
3f356b46c66585cdb4964d7ed5be615d,PARA,CONCORDIA DO PARA,PA,Brasil,t,interior,1502756,26881,19375.47,699.98,f,2026-08-01
12a276b64c8f1b53844815e94179b1f5,PARA,CUMARU DO NORTE,PA,Brasil,t,interior,1502764,14036,34128.81,1007.72,f,2026-08-01
60811bb37b0631a2fbbc484dcbeebe04,PARA,CURIONOPOLIS,PA,Brasil,t,interior,1502772,19950,36982.76,1036.35,f,2026-08-01
b19b95d1bdac89b4dd67036efbda7167,PARA,CURRALINHO,PA,Brasil,t,interior,1502806,33903,11704.92,472.98,f,2026-08-01
9e04aabe43c18a0b88e93b4fdc946107,PARA,CURUA,PA,Brasil,t,interior,1502855,14117,13612.52,556.04,f,2026-08-01
d20c286d7d1e75013f738bfe43d11da5,PARA,CURUCA,PA,Brasil,t,interior,1502905,41262,11765.26,614.45,f,2026-08-01
4e97360528d7df2bf826f265ffecd05a,PARA,DOM ELISEU,PA,Brasil,t,interior,1502939,58484,22782.93,782.32,f,2026-08-01
52c45520e0f40fc41da410cb705d9449,PARA,ELDORADO DOS CARAJAS,PA,Brasil,t,interior,,,,,,2026-08-01
ff39380ab1e65b3b7a56ae436952f8a8,PARA,FARO,PA,Brasil,t,interior,1503002,8728,11692.48,594.92,f,2026-08-01
5dfcde5d9a09f1bfaf09fbefbfffb292,PARA,FLORESTA DO ARAGUAIA,PA,Brasil,t,interior,1503044,17898,36709.41,831.86,f,2026-08-01
46a066b70aa342d0fc4e6bf0dd77b59b,PARA,GARRAFAO DO NORTE,PA,Brasil,t,interior,1503077,24703,17279.16,620.45,f,2026-08-01
d29ee57e78819bfdca37ca0bba68d57e,PARA,GOIANESIA DO PARA,PA,Brasil,t,interior,1503093,26362,22601.13,829.00,f,2026-08-01
8fe608a23c1b0e8a22a8b8be2b879037,PARA,GURUPA,PA,Brasil,t,interior,1503101,31786,15399.77,634.91,f,2026-08-01
87db82d7b78a48e565dfae4091023357,PARA,IGARAPE-ACU,PA,Brasil,t,interior,1503200,35797,16741.24,718.26,f,2026-08-01
a8e89adc505f5a62385c22371b4f2750,PARA,IGARAPE-MIRI,PA,Brasil,t,interior,1503309,64831,15763.23,617.29,f,2026-08-01
6e1f9f37a14bc07f8001a53b0ae18350,PARA,INHANGAPI,PA,Brasil,t,interior,1503408,10325,22327.36,631.70,f,2026-08-01
ce5ab26006cc97fd598753453fe1955b,PARA,IPIXUNA DO PARA,PA,Brasil,t,interior,1503457,30329,20202.02,594.25,f,2026-08-01
86164fa430934140feb22b65a5e39281,PARA,IRITUIA,PA,Brasil,t,interior,1503507,30955,12202.71,616.62,f,2026-08-01
063fc34b19bc361bc8b0480a24ec08e9,PARA,ITAITUBA,PA,Brasil,t,interior,1503606,123314,30864.46,1074.37,f,2026-08-01
58ce62c53e602233896c846939a29617,PARA,ITUPIRANGA,PA,Brasil,t,interior,1503705,49754,19692.73,636.27,f,2026-08-01
aaeef432660bc63e5f5b23efe5271d9f,PARA,JACAREACANGA,PA,Brasil,t,interior,1503754,24042,30464.10,787.87,f,2026-08-01
ad13b3645b4468a4ac53dd9a7a93c3dd,PARA,JACUNDA,PA,Brasil,t,interior,1503804,37707,21222.51,905.18,f,2026-08-01
7e1d1faececaef78854bbb47856fec9e,PARA,JURUTI,PA,Brasil,t,interior,1503903,50881,23286.53,713.05,f,2026-08-01
b3355a694b1997edf4509c4cd99f5ddb,PARA,LIMOEIRO DO AJURU,PA,Brasil,t,interior,1504000,29569,20358.86,463.89,f,2026-08-01
b986eb92b4843f960e4d4693261b1b13,PARA,MAE DO RIO,PA,Brasil,t,interior,1504059,34353,14217.10,786.61,f,2026-08-01
3d0d6b6ab88d6d41897912498bb495da,PARA,MAGALHAES BARATA,PA,Brasil,t,interior,1504109,8115,15015.53,619.04,f,2026-08-01
7c425fb57dbda3bae19b54cc1fca4cc5,PARA,MARABA,PA,Brasil,t,interior,1504208,266533,36576.95,1137.50,f,2026-08-01
59f560c7d80c2428cfe7e0d86995dda3,PARA,MARACANA,PA,Brasil,t,interior,1504307,25971,13930.38,634.79,f,2026-08-01
548c837cc0f2fa4197140de46dd3bcf7,PARA,MARAPANIM,PA,Brasil,t,interior,1504406,26573,12566.93,576.69,f,2026-08-01
c96134d20e6daefebdc1cc3008ea87ec,PARA,MARITUBA,PA,Brasil,t,interior,1504422,111785,24873.84,883.71,f,2026-08-01
e17dd664898925dcb4733cf8ea91ec47,PARA,MEDICILANDIA,PA,Brasil,t,interior,1504455,27094,42093.05,763.10,f,2026-08-01
497bb7626c7b8e00ac2cc77bab18dbfa,PARA,MELGACO,PA,Brasil,t,interior,1504505,27881,12463.65,476.85,f,2026-08-01
47ceeabe2dcc3cf8b3340e2089f32f6a,PARA,MOCAJUBA,PA,Brasil,t,interior,1504604,27198,17661.59,694.48,f,2026-08-01
a8e354f6397376b207cc346fd2f132d7,PARA,MOJU,PA,Brasil,t,interior,1504703,84094,25641.22,626.33,f,2026-08-01
88b14f45ec5d288b5aaee4827390a7e7,PARA,MOJUI DOS CAMPOS,PA,Brasil,t,interior,1504752,23501,19456.66,705.92,f,2026-08-01
1954e942dabf7b6cc1d54b0365dcd13a,PARA,MONTE ALEGRE,PA,Brasil,t,interior,1504802,60012,20451.23,687.01,f,2026-08-01
55d275e45ddade6d668ff0edcc99c4b8,PARA,MUANA,PA,Brasil,t,interior,1504901,45368,10235.72,505.26,f,2026-08-01
7522d47da01ba9af7e86c132c71a192a,PARA,NOVA ESPERANCA DO PIRIA,PA,Brasil,t,interior,1504950,20478,16335.19,535.30,f,2026-08-01
124ba9b140c1f933675ab20b59c8f76e,PARA,NOVA IPIXUNA,PA,Brasil,t,interior,1504976,13955,16563.60,824.87,f,2026-08-01
df48721c93bc2f05e414e6145e32da7d,PARA,NOVA TIMBOTEUA,PA,Brasil,t,interior,1505007,12806,14452.37,709.95,f,2026-08-01
c32b772951b955ca0b5ed5580d081411,PARA,NOVO PROGRESSO,PA,Brasil,t,interior,1505031,33638,45812.71,1274.42,f,2026-08-01
fcbe8a455cbeadb3951f47abca080e42,PARA,NOVO REPARTIMENTO,PA,Brasil,t,interior,1505064,60732,23157.48,721.31,f,2026-08-01
8eb94f5873f118867186152c77a8d1f0,PARA,OBIDOS,PA,Brasil,t,interior,1505106,52229,17652.68,652.59,f,2026-08-01
6119d84c57adf1d46acf162e5c61da8e,PARA,OEIRAS DO PARA,PA,Brasil,t,interior,1505205,33844,15837.14,460.54,f,2026-08-01
242c21ac4454bc8c3204d698f6468198,PARA,ORIXIMINA,PA,Brasil,t,interior,1505304,68294,25469.47,727.72,f,2026-08-01
01afb19cf9e58ab9a831694ceaf60bd3,PARA,OUREM,PA,Brasil,t,interior,1505403,17855,15630.41,694.89,f,2026-08-01
322c087f29e058097f08345f28f48630,PARA,OURILANDIA DO NORTE,PA,Brasil,t,interior,1505437,32467,32433.36,935.72,f,2026-08-01
7cff684fb0c7219f7bcec32a7a66cc99,PARA,PACAJA,PA,Brasil,t,interior,1505486,41097,27114.58,689.59,f,2026-08-01
b00abec2c6eefd60216ef3df8b593fca,PARA,PALESTINA DO PARA,PA,Brasil,t,interior,1505494,6885,18531.88,856.12,f,2026-08-01
8753ff79a8b77c0af50997ade1638913,PARA,PARAGOMINAS,PA,Brasil,t,interior,1505502,105550,50294.69,992.06,f,2026-08-01
b209e3dc64cbe50644e51368296852fc,PARA,PARAUAPEBAS,PA,Brasil,t,interior,1505536,267836,98646.44,1321.92,f,2026-08-01
064260d41ceb66274cc01b8dd918df7e,PARA,PAU D'ARCO,PA,Brasil,t,interior,1505551,6931,22149.91,882.09,f,2026-08-01
8087db480bef34836f53822001a4275f,PARA,PEIXE-BOI,PA,Brasil,t,interior,1505601,8285,12149.31,756.62,f,2026-08-01
21495d2ff24c4950e1d451362feab6bc,PARA,PICARRA,PA,Brasil,t,interior,1505635,12832,28186.56,864.32,f,2026-08-01
82205740f807818f2f04797c8e4a3973,PARA,PLACAS,PA,Brasil,t,interior,1505650,18668,26323.23,793.04,f,2026-08-01
433c864f3909b9b6961bcf2a924f3462,PARA,PONTA DE PEDRAS,PA,Brasil,t,interior,1505700,24984,12543.71,574.17,f,2026-08-01
97d977380e3dafd9b5418e93540f310d,PARA,PORTEL,PA,Brasil,t,interior,1505809,62503,18455.75,508.31,f,2026-08-01
6c66688e1cede45664e0ecb6de1853df,PARA,PORTO DE MOZ,PA,Brasil,t,interior,1505908,40597,12492.97,484.97,f,2026-08-01
abbdebdfae7c05cee4c5346d1c2f56fb,PARA,PRAINHA,PA,Brasil,t,interior,1506005,35577,15428.11,451.71,f,2026-08-01
775dcc82452080d0dd114d8731e99ebd,PARA,PRIMAVERA,PA,Brasil,t,interior,1506104,10851,51981.94,716.90,f,2026-08-01
514d597793ced42df315e3ad703bf2cc,PARA,QUATIPURU,PA,Brasil,t,interior,1506112,11524,12767.18,649.32,f,2026-08-01
817d26672cab11f2dc005d2d5f70ecc6,PARA,REDENCAO,PA,Brasil,t,interior,1506138,85597,43012.09,1295.20,f,2026-08-01
c3cdaa67ca27d005610c08ce4a53b2e7,PARA,RIO MARIA,PA,Brasil,t,interior,1506161,18384,54795.64,1039.00,f,2026-08-01
f0360f76611742db3179af9d7f67605b,PARA,RONDON DO PARA,PA,Brasil,t,interior,1506187,53143,20383.47,946.14,f,2026-08-01
f2c50f07d8d6eebd2942d9edb9bbe073,PARA,RUROPOLIS,PA,Brasil,t,interior,1506195,35769,16929.58,731.95,f,2026-08-01
c2b1d7e980e117160d65a6da9d4365e1,PARA,SALINOPOLIS,PA,Brasil,t,interior,1506203,44772,17919.39,875.11,f,2026-08-01
df3b7dde6f0c0165565fe0f10bc8c220,PARA,SALVATERRA,PA,Brasil,t,interior,1506302,24129,11218.78,723.40,f,2026-08-01
1edeadca1ffd6588efbf74a84cb097a0,PARA,SANTA BARBARA DO PARA,PA,Brasil,t,interior,1506351,21087,14235.50,762.45,f,2026-08-01
e4e6de09776d65fc7dcb9c10b66ea443,PARA,SANTA CRUZ DO ARARI,PA,Brasil,t,interior,1506401,7445,15479.52,520.36,f,2026-08-01
50fd276847edc7587ccbd1c91fb89b51,PARA,SANTA ISABEL DO PARA,PA,Brasil,t,interior,,,,,,2026-08-01
28db1028dbc6c10cca9faa72417cfc30,PARA,SANTA LUZIA DO PARA,PA,Brasil,t,interior,1506559,20370,12683.36,685.08,f,2026-08-01
fb559a5905ff30c735fd70f40e382084,PARA,SANTA MARIA DAS BARREIRAS,PA,Brasil,t,interior,1506583,16548,57009.06,1175.42,f,2026-08-01
2d64f6939475e7846c40bcf74e4aef35,PARA,SANTA MARIA DO PARA,PA,Brasil,t,interior,1506609,24624,23151.44,793.59,f,2026-08-01
e847e6e6fdf48b94d0dd34f5426fa6ac,PARA,SANTANA DO ARAGUAIA,PA,Brasil,t,interior,1506708,32413,61032.73,1137.95,f,2026-08-01
47dcd497f9cdf3dc6b257c02b28b2e05,PARA,SANTAREM,PA,Brasil,t,interior,1506807,331942,26154.78,1024.30,f,2026-08-01
e0df1ba94595a9ddb27f48274cb76145,PARA,SANTAREM NOVO,PA,Brasil,t,interior,1506906,6116,13279.43,743.73,f,2026-08-01
8a3646577578ed9658c714f3c1ae871d,PARA,SANTO ANTONIO DO TAUA,PA,Brasil,t,interior,1507003,27461,25027.89,697.67,f,2026-08-01
34bf50c9a6099bc50385aba8c9a181da,PARA,SAO CAETANO DE ODIVELAS,PA,Brasil,t,interior,1507102,16666,14510.32,611.22,f,2026-08-01
c173d43932dc17f77ae2c54d1813183b,PARA,SAO DOMINGOS DO ARAGUAIA,PA,Brasil,t,interior,1507151,21092,23232.93,922.63,f,2026-08-01
a20861b88c6fb082473e3a27e5adffaa,PARA,SAO DOMINGOS DO CAPIM,PA,Brasil,t,interior,1507201,30599,21375.83,520.37,f,2026-08-01
15b1fe1a6ff220218d17522a51c162bb,PARA,SAO FELIX DO XINGU,PA,Brasil,t,interior,1507300,65418,35953.62,980.71,f,2026-08-01
4b687fb5b407f6e2222649ad18ef6015,PARA,SAO FRANCISCO DO PARA,PA,Brasil,t,interior,1507409,14894,24156.71,681.98,f,2026-08-01
522327ab38dfed53a05b7c734260f0c2,PARA,SAO GERALDO DO ARAGUAIA,PA,Brasil,t,interior,1507458,24255,42408.78,852.58,f,2026-08-01
8d6ed6a827717c7815455ec1841fa236,PARA,SAO JOAO DA PONTA,PA,Brasil,t,interior,1507466,4430,17897.74,566.06,f,2026-08-01
d4b01e9cb336389e2e6050446e885e44,PARA,SAO JOAO DE PIRABAS,PA,Brasil,t,interior,1507474,20689,11256.13,624.11,f,2026-08-01
b9408e3d7c5d382b18b2feb2e290548d,PARA,SAO JOAO DO ARAGUAIA,PA,Brasil,t,interior,1507508,13664,17234.70,684.94,f,2026-08-01
3fb0f8a421fa22dbc1e6c2cf3fe5df06,PARA,SAO MIGUEL DO GUAMA,PA,Brasil,t,interior,1507607,52894,21412.22,739.47,f,2026-08-01
3df84e007f822a8c7c476d09f4e95669,PARA,SAO SEBASTIAO DA BOA VISTA,PA,Brasil,t,interior,1507706,25643,12079.05,541.45,f,2026-08-01
baf56d3f32c335e48e037c70da6075d1,PARA,SAPUCAIA,PA,Brasil,t,interior,1507755,5847,29536.51,780.97,f,2026-08-01
2aceca043bf317905643eb88c7781a2a,PARA,SENADOR JOSE PORFIRIO,PA,Brasil,t,interior,1507805,22576,15115.34,627.70,f,2026-08-01
39d39571b0f73d4174a9e5a503ef4652,PARA,SOURE,PA,Brasil,t,interior,1507904,24204,13995.54,728.05,f,2026-08-01
61a37dc0d8a4f1184c947a38f9564372,PARA,TAILANDIA,PA,Brasil,t,interior,1507953,72493,27913.98,829.70,f,2026-08-01
055904f75a78bcffa9ae1471198c6fcb,PARA,TERRA ALTA,PA,Brasil,t,interior,1507961,10400,11031.83,729.04,f,2026-08-01
8ab52da9fa649ddafd73ca582659d5a6,PARA,TERRA SANTA,PA,Brasil,t,interior,1507979,18782,31431.10,692.20,f,2026-08-01
bf893661d3681c7778575de8331d0377,PARA,TOME-ACU,PA,Brasil,t,interior,1508001,67585,25841.28,710.04,f,2026-08-01
cfba297579a963bcf744b6433eb0635c,PARA,TRACUATEUA,PA,Brasil,t,interior,1508035,28595,13696.03,536.71,f,2026-08-01
a4153fefd409226b2543537c810260a5,PARA,TRAIRAO,PA,Brasil,t,interior,1508050,15242,29822.73,964.72,f,2026-08-01
3d75267b91a9cdfdbfc0ee361ffa66ee,PARA,TUCUMA,PA,Brasil,t,interior,1508084,39550,34081.39,1120.97,f,2026-08-01
255592446da3b9a565c6a027ab68f42d,PARA,TUCURUI,PA,Brasil,t,interior,1508100,91306,59767.24,1124.55,f,2026-08-01
fa9dcb12655b9c934957698bed321539,PARA,ULIANOPOLIS,PA,Brasil,t,interior,1508126,37972,61737.20,718.62,f,2026-08-01
6fbabdb8d168b9ce4c8522fd198898dd,PARA,URUARA,PA,Brasil,t,interior,1508159,43558,24284.72,840.09,f,2026-08-01
9663f3c6ecfb0a0f3e002063213f5a7b,PARA,VIGIA,PA,Brasil,t,interior,1508209,50832,11845.71,699.55,f,2026-08-01
7ae9078291260dea352d64ad7b33caa1,PARA,VISEU,PA,Brasil,t,interior,1508308,58692,14818.19,515.80,f,2026-08-01
da0fdef1c6f4f26ff3b1815058bbdbe9,PARA,VITORIA DO XINGU,PA,Brasil,t,interior,1508357,15607,255464.66,838.42,f,2026-08-01
c4edcc2faa32204c23ae6952ac93140c,PARA,XINGUARA,PA,Brasil,t,interior,1508407,52893,43892.10,1187.19,f,2026-08-01
ae3af92bd97d44e2a3595c2aca0e7f8a,PARAIBA,AGUA BRANCA,PB,Brasil,t,interior,2500106,9335,11501.66,771.95,f,2026-08-01
e489127eb0cb332d2aa1f5f07bd1c065,PARAIBA,AGUIAR,PB,Brasil,t,interior,2500205,5003,13708.77,737.35,f,2026-08-01
36354b56c4c441eadd4e92691f72ca3d,PARAIBA,ALAGOA GRANDE,PB,Brasil,t,interior,2500304,26062,14090.71,725.37,f,2026-08-01
65c64981e79107760d44d25f07bc6af6,PARAIBA,ALAGOA NOVA,PB,Brasil,t,interior,2500403,21013,17932.95,726.13,f,2026-08-01
ebff18ff6156b76a9ce33249361b7f03,PARAIBA,ALAGOINHA,PB,Brasil,t,interior,2500502,13725,12144.70,687.49,f,2026-08-01
0de2c56cdc93f75bdae577f8a4f84718,PARAIBA,ALCANTIL,PB,Brasil,t,interior,2500536,5578,12611.69,723.59,f,2026-08-01
63aa8e78be5ef2ead35895f04508f297,PARAIBA,ALGODAO DE JANDAIRA,PB,Brasil,t,interior,2500577,2953,13031.83,556.64,f,2026-08-01
854d0a571033d7520bb2d28ed952e4af,PARAIBA,ALHANDRA,PB,Brasil,t,interior,2500601,21730,144880.44,764.63,f,2026-08-01
17764fc2a914374bae0663d075c3ec60,PARAIBA,AMPARO,PB,Brasil,t,interior,2500734,2234,16579.68,642.40,f,2026-08-01
2f3aca2cc5478512484934ec630370ab,PARAIBA,APARECIDA,PB,Brasil,t,interior,2500775,7960,18547.36,735.42,f,2026-08-01
01b09ee732947f5a6aa8f373e8e99ead,PARAIBA,ARACAGI,PB,Brasil,t,interior,2500809,16646,14004.15,644.87,f,2026-08-01
0a26f1ffbd31763e50ef06a504495fed,PARAIBA,ARARA,PB,Brasil,t,interior,2500908,12212,10970.93,763.66,f,2026-08-01
bc7bf1c5dfd491f0621f82c58468b865,PARAIBA,ARARUNA,PB,Brasil,t,interior,2501005,17189,14201.47,657.11,f,2026-08-01
8fccefc770a7af6ef15b384c8766bafa,PARAIBA,AREIA,PB,Brasil,t,interior,2501104,22633,15707.68,782.89,f,2026-08-01
59571f6192251c69d12cc7738c453863,PARAIBA,AREIA DE BARAUNAS,PB,Brasil,t,interior,2501153,2005,13923.19,611.76,f,2026-08-01
2710be145583a007fcc1c10a3040dd54,PARAIBA,AREIAL,PB,Brasil,t,interior,2501203,7128,11428.59,763.73,f,2026-08-01
49421fd703aee12f39e688365312844f,PARAIBA,AROEIRAS,PB,Brasil,t,interior,2501302,18705,17519.33,639.85,f,2026-08-01
bce566292884bb4b1d2acb2d79c98982,PARAIBA,ASSUNCAO,PB,Brasil,t,interior,2501351,4152,13554.67,687.73,f,2026-08-01
cae37be884f0537cad99de44b7890a8a,PARAIBA,BAIA DA TRAICAO,PB,Brasil,t,interior,2501401,9224,14143.76,660.37,f,2026-08-01
06e0ada5ac278d27bbf3958eb2b42706,PARAIBA,BANANEIRAS,PB,Brasil,t,interior,2501500,23134,16036.14,803.76,f,2026-08-01
0657a4117e2c08fb4733c89d17d2e4d1,PARAIBA,BARAUNA,PB,Brasil,t,interior,2501534,4762,13020.16,689.63,f,2026-08-01
895e083dc7e18107330b5841c5aeec61,PARAIBA,BARRA DE SANTA ROSA,PB,Brasil,t,interior,2501609,12904,14567.19,686.75,f,2026-08-01
7cbe5bd0147637d03cb3b8cc6eee9ad5,PARAIBA,BARRA DE SANTANA,PB,Brasil,t,interior,2501575,8059,14284.77,596.44,f,2026-08-01
404a132bf326549ce5dae5744fccac2f,PARAIBA,BARRA DE SAO MIGUEL,PB,Brasil,t,interior,2501708,5906,17189.98,692.09,f,2026-08-01
fbae9dca5be72a8b885e7431ccc6048f,PARAIBA,BAYEUX,PB,Brasil,t,interior,2501807,82742,22950.86,854.80,f,2026-08-01
2dc6b72a473868349117b1de2224732a,PARAIBA,BELEM,PB,Brasil,t,interior,2501906,16401,16380.40,772.54,f,2026-08-01
c0c6cdd5385a3e891671c7845238c1fc,PARAIBA,BELEM DO BREJO DO CRUZ,PB,Brasil,t,interior,2502003,6268,14862.80,798.02,f,2026-08-01
f45d2a45432d25c6073304e4fad8800b,PARAIBA,BERNARDINO BATISTA,PB,Brasil,t,interior,2502052,3504,15331.34,774.50,f,2026-08-01
cbe87871cc13a7bc887b91ea81377d43,PARAIBA,BOA VENTURA,PB,Brasil,t,interior,2502102,5207,12214.52,693.65,f,2026-08-01
091b73f1099502b9b8d3f576e90ca2b8,PARAIBA,BOA VISTA,PB,Brasil,t,interior,2502151,6377,50093.46,958.96,f,2026-08-01
7ddf6768c3b8d67c43efd9b3987e53e5,PARAIBA,BOM JESUS,PB,Brasil,t,interior,2502201,2286,17633.42,755.41,f,2026-08-01
9ab69222e27cbf04da09adb17cf7b534,PARAIBA,BOM SUCESSO,PB,Brasil,t,interior,2502300,4661,14280.41,782.42,f,2026-08-01
cae67dddaa8dc37e44db71a0a4b4a173,PARAIBA,BONITO DE SANTA FE,PB,Brasil,t,interior,2502409,10252,11664.65,665.95,f,2026-08-01
80114e1f658c0e4cec8a509e097585a6,PARAIBA,BOQUEIRAO,PB,Brasil,t,interior,2502508,17598,17209.34,769.10,f,2026-08-01
a1872c3de6f7022e0b33b7673865f588,PARAIBA,BORBOREMA,PB,Brasil,t,interior,2502706,4214,19143.57,691.08,f,2026-08-01
d106b01e55ebda203440b9a588ffd735,PARAIBA,BREJO DO CRUZ,PB,Brasil,t,interior,2502805,13613,15228.46,732.48,f,2026-08-01
4ceec20b11371f533c04508b1d0c3284,PARAIBA,BREJO DOS SANTOS,PB,Brasil,t,interior,2502904,5742,13777.60,910.04,f,2026-08-01
7b2b4d3f92d3f9732f72452302f6c383,PARAIBA,CAAPORA,PB,Brasil,t,interior,2503001,21193,25723.45,673.18,f,2026-08-01
0797ae36e8f49ca3b711634dd71bdb59,PARAIBA,CABACEIRAS,PB,Brasil,t,interior,2503100,5335,32065.42,833.95,f,2026-08-01
265d6f9ee2cee2713fdada0fcf488f53,PARAIBA,CABEDELO,PB,Brasil,t,interior,2503209,66519,61527.94,1834.97,f,2026-08-01
98cead0b210178385b81d1d61d08a3c0,PARAIBA,CACHOEIRA DOS INDIOS,PB,Brasil,t,interior,2503308,9151,16733.14,695.21,f,2026-08-01
2ddfc5a707f10dd7f074a8af3360c49a,PARAIBA,CACIMBA DE AREIA,PB,Brasil,t,interior,2503407,3291,13876.94,672.45,f,2026-08-01
dfb68bc0d393977549e81e7db067d9d8,PARAIBA,CACIMBA DE DENTRO,PB,Brasil,t,interior,2503506,16064,11161.54,686.16,f,2026-08-01
738daf26496ebc903b4de1bffdd1cdfe,PARAIBA,CACIMBAS,PB,Brasil,t,interior,2503555,7223,11630.21,559.00,f,2026-08-01
943682255b99975dc6e444c73467a694,PARAIBA,CAICARA,PB,Brasil,t,interior,2503605,6602,12636.78,617.26,f,2026-08-01
bb42acbe64acfbeac16b456aa2e7a29e,PARAIBA,CAJAZEIRAS,PB,Brasil,t,interior,2503704,63239,28597.02,1119.77,f,2026-08-01
e054bc20aca6cf2696cc81f027586464,PARAIBA,CAJAZEIRINHAS,PB,Brasil,t,interior,2503753,2740,18640.51,624.16,f,2026-08-01
e75bb1836ac9a5d49508893796d4af64,PARAIBA,CALDAS BRANDAO,PB,Brasil,t,interior,2503803,5753,16014.08,668.83,f,2026-08-01
ba376770759eb42dbcb811e74100e1c1,PARAIBA,CAMALAU,PB,Brasil,t,interior,2503902,6085,14414.63,687.73,f,2026-08-01
2e19b4400fb2e272fec4b26b239d8680,PARAIBA,CAMPINA GRANDE,PB,Brasil,t,interior,2504009,419379,30780.61,1373.42,f,2026-08-01
b8092a32a8e116c9c6e161f2340aeed0,PARAIBA,CAPIM,PB,Brasil,t,interior,2504033,6970,14575.61,624.27,f,2026-08-01
5a555d0ea3a0e79f7d64a54af010d000,PARAIBA,CARAUBAS,PB,Brasil,t,interior,2504074,3944,13962.47,790.87,f,2026-08-01
e1b934b7a9084d4ea4beaec2df958521,PARAIBA,CARRAPATEIRA,PB,Brasil,t,interior,2504108,2312,17215.40,697.38,f,2026-08-01
d36ea7483f438880dc8bb4968ba74617,PARAIBA,CASSERENGUE,PB,Brasil,t,interior,2504157,6889,12180.87,581.94,f,2026-08-01
c3d007e52a028b0707dd340f48e21a77,PARAIBA,CATINGUEIRA,PB,Brasil,t,interior,2504207,4491,14143.62,663.05,f,2026-08-01
4ec0a57bb47a95f8e0d852c6c0c97554,PARAIBA,CATOLE DO ROCHA,PB,Brasil,t,interior,2504306,30661,20309.64,1018.31,f,2026-08-01
a03449677196edca3c87137ba26b6299,PARAIBA,CATURITE,PB,Brasil,t,interior,2504355,5254,16600.11,674.16,f,2026-08-01
82814050ef42d23649f5b8acd6d5b81d,PARAIBA,CONCEICAO,PB,Brasil,t,interior,2504405,18260,14110.13,749.69,f,2026-08-01
9260fbdda576724f58c3bde096c40dc9,PARAIBA,CONDADO,PB,Brasil,t,interior,2504504,6451,13802.05,770.62,f,2026-08-01
2045b8a6e273e6e6e917c008c4c28a88,PARAIBA,CONDE,PB,Brasil,t,interior,2504603,27605,59710.20,880.41,f,2026-08-01
57332fab35ce427bb16dee61187e39f8,PARAIBA,CONGO,PB,Brasil,t,interior,2504702,4933,17325.16,763.73,f,2026-08-01
dcecdfec3e483c0d923875849b2ed226,PARAIBA,COREMAS,PB,Brasil,t,interior,2504801,14683,17368.45,772.26,f,2026-08-01
94edc79dc5be6925e56b3957de4042e1,PARAIBA,COXIXOLA,PB,Brasil,t,interior,2504850,1824,16960.53,882.30,f,2026-08-01
0591f9ace7d6423f5fd38b882389fc92,PARAIBA,CRUZ DO ESPIRITO SANTO,PB,Brasil,t,interior,2504900,17095,14800.41,671.67,f,2026-08-01
c0d05f10ef56fc65239dd2702c8bd3a5,PARAIBA,CUBATI,PB,Brasil,t,interior,2505006,7580,13473.48,693.24,f,2026-08-01
27ab2769ab33c0dbdf1aaacfd5c9be20,PARAIBA,CUITE,PB,Brasil,t,interior,2505105,19719,13867.18,864.92,f,2026-08-01
f3f3ddd85375e2f34520d1120ac395ca,PARAIBA,CUITE DE MAMANGUAPE,PB,Brasil,t,interior,2505238,6251,13614.62,661.45,f,2026-08-01
67106c8670f513d2550d00411b49720d,PARAIBA,CUITEGI,PB,Brasil,t,interior,2505204,6730,13025.85,625.73,f,2026-08-01
8e75de1640c0e71338457ec2ed3af3d9,PARAIBA,CURRAL DE CIMA,PB,Brasil,t,interior,2505279,5254,14167.49,653.58,f,2026-08-01
9ed166ea0fb470e8256c652f7066c650,PARAIBA,CURRAL VELHO,PB,Brasil,t,interior,2505303,2292,14739.53,745.84,f,2026-08-01
6c41b466dc7288d7a1c9bb0c8bd6fcaf,PARAIBA,DAMIAO,PB,Brasil,t,interior,2505352,4982,12576.07,566.06,f,2026-08-01
f76d6c666dd3cfbf4693fce94ecae399,PARAIBA,DESTERRO,PB,Brasil,t,interior,2505402,8067,11748.36,696.72,f,2026-08-01
755265fb3a0638f506051e2248fd5313,PARAIBA,DIAMANTE,PB,Brasil,t,interior,2505600,6299,11993.65,720.93,f,2026-08-01
63aff45d3a7c75b0f5a4c5848f760b75,PARAIBA,DONA INES,PB,Brasil,t,interior,2505709,10380,11311.95,657.97,f,2026-08-01
8bc46f1b5b301ebcab1f838143cda8a4,PARAIBA,DUAS ESTRADAS,PB,Brasil,t,interior,2505808,3327,15621.58,696.67,f,2026-08-01
7887f71dc497e58dcf49b9d26a786df6,PARAIBA,EMAS,PB,Brasil,t,interior,2505907,3011,15291.27,759.34,f,2026-08-01
421d98bc411a2d914d8ef81539998dc4,PARAIBA,ESPERANCA,PB,Brasil,t,interior,2506004,31231,27269.38,809.81,f,2026-08-01
a776417e8e87fe2acebfe0d5119db54a,PARAIBA,FAGUNDES,PB,Brasil,t,interior,2506103,11049,12258.21,651.81,f,2026-08-01
813cc038a2c0dc02a70bf08bde4d91bd,PARAIBA,FREI MARTINHO,PB,Brasil,t,interior,2506202,2846,13624.03,854.92,f,2026-08-01
fe956d36143064d1f9117c9861ce86f2,PARAIBA,GADO BRAVO,PB,Brasil,t,interior,2506251,8179,12446.63,554.19,f,2026-08-01
cba7f01db2f8710fbf24890d0f93a4c6,PARAIBA,GUARABIRA,PB,Brasil,t,interior,2506301,57484,25907.87,1027.67,f,2026-08-01
44ec64e8e3bcb68e3f5fd6b1b618aca3,PARAIBA,GURINHEM,PB,Brasil,t,interior,2506400,13766,14617.68,684.73,f,2026-08-01
d1d13bcd08338aec4cfd751df099388f,PARAIBA,GURJAO,PB,Brasil,t,interior,2506509,3242,15549.97,777.68,f,2026-08-01
4cb5372689fa4d565d719e0861f1c57b,PARAIBA,IBIARA,PB,Brasil,t,interior,2506608,5631,11294.09,719.73,f,2026-08-01
a10feeb14320b78b0c8d1bf699195b3c,PARAIBA,IGARACY,PB,Brasil,t,interior,2502607,5648,12941.75,702.71,f,2026-08-01
f269f3ab677dab1e09de03d4cd5c6dac,PARAIBA,IMACULADA,PB,Brasil,t,interior,2506707,10392,10199.00,599.58,f,2026-08-01
7b59b97d86f356b511d154eb96b93baf,PARAIBA,INGA,PB,Brasil,t,interior,2506806,17692,15270.12,841.64,f,2026-08-01
3ea3c8ce374b1b866aefdcd807eb901c,PARAIBA,ITABAIANA,PB,Brasil,t,interior,2506905,23182,18004.79,811.30,f,2026-08-01
d219142777486e8356842153320c4884,PARAIBA,ITAPORANGA,PB,Brasil,t,interior,2507002,23940,18624.35,875.23,f,2026-08-01
9e4c751a2cfca877cac682ff988897c7,PARAIBA,ITAPOROROCA,PB,Brasil,t,interior,2507101,18382,14200.03,653.03,f,2026-08-01
7a1fbf0393cf9d041697ff237d97f450,PARAIBA,ITATUBA,PB,Brasil,t,interior,2507200,10499,20146.87,675.15,f,2026-08-01
4b2a3ecb1a517e619b6935b3e45c82cb,PARAIBA,JACARAU,PB,Brasil,t,interior,2507309,14477,15007.11,721.89,f,2026-08-01
7379e267cc22e253a0503ecbb58d3eaa,PARAIBA,JERICO,PB,Brasil,t,interior,2507408,7516,12769.96,811.24,f,2026-08-01
d6f601ca8750440cf9e055cde562581b,PARAIBA,JOAO PESSOA,PB,Brasil,t,capital,2507507,833932,34106.06,1879.00,f,2026-08-01
5ae1fc754cd104471522f0a9e571efe4,PARAIBA,JUAREZ TAVORA,PB,Brasil,t,interior,2507606,7796,11957.80,753.84,f,2026-08-01
823f4de29203e9e6b58e68e67219c256,PARAIBA,JUAZEIRINHO,PB,Brasil,t,interior,2507705,17007,15265.60,673.57,f,2026-08-01
9a7b0c2b635567b73550d0db84124c48,PARAIBA,JUNCO DO SERIDO,PB,Brasil,t,interior,2507804,6793,18871.19,836.75,f,2026-08-01
38dc4a082053b204c7f78a8704360ba8,PARAIBA,JURIPIRANGA,PB,Brasil,t,interior,2507903,10012,15028.07,659.58,f,2026-08-01
b198eb0157384c51af19befc543ac606,PARAIBA,JURU,PB,Brasil,t,interior,2508000,9234,12023.18,626.11,f,2026-08-01
13e7c492dfb02ae639c02d7b0fd252da,PARAIBA,LAGOA,PB,Brasil,t,interior,2508109,4415,14947.00,737.35,f,2026-08-01
15a25126901ea8b3a3e76753648c3f21,PARAIBA,LAGOA DE DENTRO,PB,Brasil,t,interior,2508208,7819,13356.82,738.79,f,2026-08-01
2d5b5857352327c17fffbeae05921a87,PARAIBA,LAGOA SECA,PB,Brasil,t,interior,2508307,27730,15030.44,927.20,f,2026-08-01
c5a15d60d73f3b16eaf825e9e2bb7099,PARAIBA,LASTRO,PB,Brasil,t,interior,2508406,3162,11779.89,607.64,f,2026-08-01
7ff89d34ff006c326dc1b8cc77fcf9aa,PARAIBA,LIVRAMENTO,PB,Brasil,t,interior,2508505,6877,12156.75,619.98,f,2026-08-01
465712b457b266a287b75dca0a0eba89,PARAIBA,LOGRADOURO,PB,Brasil,t,interior,2508554,4797,13668.75,713.72,f,2026-08-01
109ce3dbf2c4ce2f69fcf68939c00b6c,PARAIBA,LUCENA,PB,Brasil,t,interior,2508604,12560,22288.54,759.66,f,2026-08-01
6e278851c401f7523d0ac93df95ca6da,PARAIBA,MAE D'AGUA,PB,Brasil,t,interior,2508703,3583,12700.25,740.54,f,2026-08-01
14412f0887c70424e4a146247cce053e,PARAIBA,MALTA,PB,Brasil,t,interior,2508802,6046,12821.04,879.93,f,2026-08-01
447d63d3213247d5a4f843e0fc488b36,PARAIBA,MAMANGUAPE,PB,Brasil,t,interior,2508901,44599,24368.26,772.08,f,2026-08-01
d355b318364acef936582b052ad803bd,PARAIBA,MANAIRA,PB,Brasil,t,interior,2509008,10434,10545.72,617.91,f,2026-08-01
f1a85ddb8f3c3cc611e281a46a1d951d,PARAIBA,MARCACAO,PB,Brasil,t,interior,2509057,8999,13705.52,547.14,f,2026-08-01
2d47dc23ffe32266c5cdc807e92e87d5,PARAIBA,MARI,PB,Brasil,t,interior,2509107,21512,14087.58,675.91,f,2026-08-01
643e6514c73931b0ceaaab0753ddbc39,PARAIBA,MARIZOPOLIS,PB,Brasil,t,interior,2509156,6705,14579.72,737.18,f,2026-08-01
775fab2c0cf346201acbb47ec5ecb292,PARAIBA,MASSARANDUBA,PB,Brasil,t,interior,2509206,14139,13874.60,759.50,f,2026-08-01
bd93dd10c2c79c588c16dd4c4c46bd4d,PARAIBA,MATARACA,PB,Brasil,t,interior,2509305,8244,28025.96,761.17,f,2026-08-01
3801a95141863eed30f32123e6bb4db7,PARAIBA,MATINHAS,PB,Brasil,t,interior,2509339,4571,17681.25,557.71,f,2026-08-01
e40d78499e3c4ec9c734c96798d1a0c9,PARAIBA,MATO GROSSO,PB,Brasil,t,interior,2509370,2543,15296.89,812.10,f,2026-08-01
6d8a1a733b7a6f84a052db86ad1b9ffe,PARAIBA,MATUREIA,PB,Brasil,t,interior,2509396,6433,12359.71,653.01,f,2026-08-01
61ade75a29fda44090e93bfdcae019f7,PARAIBA,MOGEIRO,PB,Brasil,t,interior,2509404,13899,15851.28,685.55,f,2026-08-01
cc6c0c9bca0fddcceeedbe25ed639e62,PARAIBA,MONTADAS,PB,Brasil,t,interior,2509503,5812,11757.57,711.20,f,2026-08-01
7ad09c32203cbc193bc568b059cd35a1,PARAIBA,MONTE HOREBE,PB,Brasil,t,interior,2509602,4338,13785.15,588.45,f,2026-08-01
ef8076a4fd17f0bbf96c63d940eed2c7,PARAIBA,MONTEIRO,PB,Brasil,t,interior,2509701,32277,26099.61,855.10,f,2026-08-01
dec4b0adf174f35c6c48cd679e256189,PARAIBA,MULUNGU,PB,Brasil,t,interior,2509800,8791,12693.55,701.66,f,2026-08-01
b931c0de557b393582a2c86dba703eb1,PARAIBA,NATUBA,PB,Brasil,t,interior,2509909,8945,12984.80,597.24,f,2026-08-01
5f57f7076747b0ea97ec0fe73b5bb8a3,PARAIBA,NAZAREZINHO,PB,Brasil,t,interior,2510006,7203,11306.54,710.83,f,2026-08-01
62cdd1743fe4dd2527ddaa95f2c17fb8,PARAIBA,NOVA FLORESTA,PB,Brasil,t,interior,2510105,9724,11821.78,745.22,f,2026-08-01
6e04c9514269909f85cd73347e760fdc,PARAIBA,NOVA OLINDA,PB,Brasil,t,interior,2510204,5787,12006.57,669.66,f,2026-08-01
31994d6f1b8a420eada596f342bf15aa,PARAIBA,NOVA PALMEIRA,PB,Brasil,t,interior,2510303,4259,12827.66,859.40,f,2026-08-01
fd3ba4b9a9b40352004365a5c140af26,PARAIBA,OLHO D'AGUA,PB,Brasil,t,interior,2510402,6060,12629.37,506.11,f,2026-08-01
133494d7bd9f0267e296506a5cca8209,PARAIBA,OLIVEDOS,PB,Brasil,t,interior,2510501,3580,14879.89,705.86,f,2026-08-01
2d1568153784469fe5cd07bd6a0b6a0e,PARAIBA,OURO VELHO,PB,Brasil,t,interior,2510600,2918,16292.67,789.71,f,2026-08-01
9165b8d78b68595e30f65e66df31a5a2,PARAIBA,PARARI,PB,Brasil,t,interior,2510659,1720,16303.49,810.88,f,2026-08-01
10e37f34eb88b2edab87a0ae3121a47a,PARAIBA,PASSAGEM,PB,Brasil,t,interior,2510709,2463,14353.23,746.66,f,2026-08-01
16d8a31536141624c6718d35564dfd61,PARAIBA,PATOS,PB,Brasil,t,interior,2510808,103165,24768.23,1142.69,f,2026-08-01
43c9a73049770c723db2a397c417928c,PARAIBA,PAULISTA,PB,Brasil,t,interior,2510907,11834,16924.20,838.40,f,2026-08-01
5b5f522c072d38d294031aa14fa0d0bd,PARAIBA,PEDRA BRANCA,PB,Brasil,t,interior,2511004,3739,12998.66,803.95,f,2026-08-01
8c83a863cd9cc614bc564a33a012c902,PARAIBA,PEDRA LAVRADA,PB,Brasil,t,interior,2511103,6859,13808.86,756.49,f,2026-08-01
d325ebcc6e3ed0792d05dc9881e534cc,PARAIBA,PEDRAS DE FOGO,PB,Brasil,t,interior,2511202,29662,28216.88,753.14,f,2026-08-01
46ffa1c15701f525b7d415d2074643d9,PARAIBA,PEDRO REGIS,PB,Brasil,t,interior,2512721,5766,12229.62,566.40,f,2026-08-01
e109937d41c96b7f626262a75a33030e,PARAIBA,PIANCO,PB,Brasil,t,interior,2511301,16441,15004.26,818.71,f,2026-08-01
70ca421175d3596e7842a718542202e6,PARAIBA,PICUI,PB,Brasil,t,interior,2511400,18333,14744.78,811.97,f,2026-08-01
e6b69104725471d857035657fa6c4acb,PARAIBA,PILAR,PB,Brasil,t,interior,2511509,12311,12907.24,684.50,f,2026-08-01
6c1862a8ca936bb271b717ceff2e5bd7,PARAIBA,PILOES,PB,Brasil,t,interior,2511608,6815,19647.25,631.44,f,2026-08-01
380821ad9e226130afa636d903e3e1f7,PARAIBA,PILOEZINHOS,PB,Brasil,t,interior,2511707,5329,12106.59,698.44,f,2026-08-01
9dce2f53d57fe5674d32c299f6896c0c,PARAIBA,PIRPIRITUBA,PB,Brasil,t,interior,2511806,9340,12953.96,705.61,f,2026-08-01
938a2a730014da3ccfefc1889027df0e,PARAIBA,PITIMBU,PB,Brasil,t,interior,2511905,16751,28605.58,792.24,f,2026-08-01
edd52f67ea46a39ba7d1ba2eba42afd7,PARAIBA,POCINHOS,PB,Brasil,t,interior,2512002,17469,19125.99,675.29,f,2026-08-01
044dd67e51d7870bcdcf468754443c2a,PARAIBA,POCO DANTAS,PB,Brasil,t,interior,2512036,3830,14807.57,624.78,f,2026-08-01
8a8065908cae1b9636024899f057db05,PARAIBA,POCO DE JOSE DE MOURA,PB,Brasil,t,interior,2512077,4006,15390.66,838.02,f,2026-08-01
e77ea77574d31b1dc98221ade5fd9d3a,PARAIBA,POMBAL,PB,Brasil,t,interior,2512101,32473,18301.05,933.34,f,2026-08-01
1853ad54c263f964251a628b63baf55f,PARAIBA,PRATA,PB,Brasil,t,interior,2512200,3915,21369.09,839.70,f,2026-08-01
9ff2917b419d401d9ec11e1c896bc7d0,PARAIBA,PRINCESA ISABEL,PB,Brasil,t,interior,2512309,21114,16263.10,878.34,f,2026-08-01
442581ad2c0f8ff6b2df1a139404a2d5,PARAIBA,PUXINANA,PB,Brasil,t,interior,2512408,14277,13265.18,699.33,f,2026-08-01
25ec684ad7798acdf026513dd3c477e9,PARAIBA,QUEIMADAS,PB,Brasil,t,interior,2512507,47658,16549.83,731.28,f,2026-08-01
0af112c03e827faa436cf57bb471a985,PARAIBA,QUIXABA,PB,Brasil,t,interior,2512606,1743,17582.90,661.14,f,2026-08-01
41887a29e9de1d156bee6a5e52744f03,PARAIBA,REMIGIO,PB,Brasil,t,interior,2512705,17885,12544.93,855.49,f,2026-08-01
07a8891af18571d68977423883db01cc,PARAIBA,RIACHAO,PB,Brasil,t,interior,2512747,2927,14351.55,576.42,f,2026-08-01
90920aa77dd6aa78dfb958d027531834,PARAIBA,RIACHAO DO BACAMARTE,PB,Brasil,t,interior,2512754,4690,14524.95,669.38,f,2026-08-01
f4bc497393fe485c24a6c69313341370,PARAIBA,RIACHAO DO POCO,PB,Brasil,t,interior,2512762,4738,15522.58,516.30,f,2026-08-01
89ae6000d554378eebadff55d6723ecb,PARAIBA,RIACHO DE SANTO ANTONIO,PB,Brasil,t,interior,2512788,1955,18067.52,750.97,f,2026-08-01
26895b28070f8a78503b8cac3731c6f1,PARAIBA,RIACHO DOS CAVALOS,PB,Brasil,t,interior,2512804,8493,13159.19,677.30,f,2026-08-01
2063229a0f0c0d98d2297d799ff121d0,PARAIBA,RIO TINTO,PB,Brasil,t,interior,2512903,24581,15992.19,898.43,f,2026-08-01
7888b50d281614fe5749b39cf3d53463,PARAIBA,SALGADINHO,PB,Brasil,t,interior,2513000,3355,12005.37,704.73,f,2026-08-01
bce6e149f7ebd56cb66fd850171d795b,PARAIBA,SALGADO DE SAO FELIX,PB,Brasil,t,interior,2513109,11505,15412.52,636.36,f,2026-08-01
046e90aaec68af6a64e2dd4853f0c8e2,PARAIBA,SANTA CECILIA,PB,Brasil,t,interior,2513158,7670,11794.39,619.23,f,2026-08-01
49c00c1455f2b891c68930709bd01eee,PARAIBA,SANTA CRUZ,PB,Brasil,t,interior,2513208,5947,12495.71,784.35,f,2026-08-01
6766b1fe2b2af113f9bc15cc68a38787,PARAIBA,SANTA HELENA,PB,Brasil,t,interior,2513307,5865,14365.90,806.74,f,2026-08-01
f3e1c197fe4dbabad63369e587d00f5b,PARAIBA,SANTA INES,PB,Brasil,t,interior,2513356,3227,12400.06,715.43,f,2026-08-01
ef98c22777cc135408e53a00456c2152,PARAIBA,SANTA LUZIA,PB,Brasil,t,interior,2513406,14959,38333.11,1091.08,f,2026-08-01
1ecec48a4a0de0dbf24c2e9683b26074,PARAIBA,SANTA RITA,PB,Brasil,t,interior,2513703,149910,21102.96,798.63,f,2026-08-01
91b4af34c89f151c1f0b37d6b5b2245f,PARAIBA,SANTA TERESINHA,PB,Brasil,t,interior,2513802,4402,15199.68,755.28,f,2026-08-01
845b2f0da34f0cbc91d86d3964346d3d,PARAIBA,SANTANA DE MANGUEIRA,PB,Brasil,t,interior,2513505,5010,12163.67,646.52,f,2026-08-01
4c67a263496e18f682e190409ec30194,PARAIBA,SANTANA DOS GARROTES,PB,Brasil,t,interior,2513604,6569,12407.06,712.84,f,2026-08-01
459308e4d6e9dc30c0e0804fa6db728f,PARAIBA,SANTAREM,PB,Brasil,t,interior,,,,,,2026-08-01
9d3b1c3a28d01fd02d177250615a469e,PARAIBA,SANTO ANDRE,PB,Brasil,t,interior,2513851,2622,15336.00,760.73,f,2026-08-01
3b17fb6819c5ffc58b4d46f977c35e50,PARAIBA,SAO BENTINHO,PB,Brasil,t,interior,2513927,4327,14851.86,710.23,f,2026-08-01
b7a572e502448c883a2c4f32de59edcd,PARAIBA,SAO BENTO,PB,Brasil,t,interior,2513901,32235,22470.79,768.83,f,2026-08-01
5bb45208e6ead5bed2f4a1fd83500bd0,PARAIBA,SAO DOMINGOS DE POMBAL,PB,Brasil,t,interior,,,,,,2026-08-01
82eec348abac6a4e247965b01c457c9c,PARAIBA,SAO DOMINGOS DO CARIRI,PB,Brasil,t,interior,2513943,2585,15361.32,736.91,f,2026-08-01
3e4f88d8527f7110434995c8eee59284,PARAIBA,SAO FRANCISCO,PB,Brasil,t,interior,2513984,3137,15443.74,799.27,f,2026-08-01
0c419276dee2a87b2837fc563094fa78,PARAIBA,SAO JOAO DO CARIRI,PB,Brasil,t,interior,2514008,4226,16932.09,945.10,f,2026-08-01
b97436f3c184988296c99a588465aac0,PARAIBA,SAO JOAO DO RIO DO PEIXE,PB,Brasil,t,interior,2500700,17964,15924.07,847.03,f,2026-08-01
fbae12651c6aa3a62f90596873acfbf9,PARAIBA,SAO JOAO DO TIGRE,PB,Brasil,t,interior,2514107,4263,12079.76,646.30,f,2026-08-01
96264223c72c6ee61a212c3cc218d68e,PARAIBA,SAO JOSE DA LAGOA TAPADA,PB,Brasil,t,interior,2514206,7126,12246.56,704.78,f,2026-08-01
5fb9934970803dc6a6300d7e7e76d873,PARAIBA,SAO JOSE DE CAIANA,PB,Brasil,t,interior,2514305,5034,12708.18,647.02,f,2026-08-01
6c4bf60ca33322e5c4078c01f2adaadc,PARAIBA,SAO JOSE DE ESPINHARAS,PB,Brasil,t,interior,2514404,4083,16279.45,728.77,f,2026-08-01
e66b739bcc0ced998997dead5d312ceb,PARAIBA,SAO JOSE DE PIRANHAS,PB,Brasil,t,interior,2514503,19067,15180.00,820.53,f,2026-08-01
1e123f512086206b6afe595461b3face,PARAIBA,SAO JOSE DE PRINCESA,PB,Brasil,t,interior,2514552,3416,12693.79,600.80,f,2026-08-01
7bd418900d63518759d2306fd345eaa4,PARAIBA,SAO JOSE DO BONFIM,PB,Brasil,t,interior,2514602,3242,12653.30,706.28,f,2026-08-01
23231303c44954b21a175ab0d1b41baf,PARAIBA,SAO JOSE DO BREJO DO CRUZ,PB,Brasil,t,interior,2514651,1699,21367.27,631.90,f,2026-08-01
94795ca975c12e1cf214c983120c1605,PARAIBA,SAO JOSE DO SABUGI,PB,Brasil,t,interior,2514701,4138,31317.30,857.72,f,2026-08-01
dcc5013e1c0e2bb5440d33465fac3ed5,PARAIBA,SAO JOSE DOS CORDEIROS,PB,Brasil,t,interior,2514800,3411,13132.51,702.98,f,2026-08-01
685c9c19d12997d216c2eb6251eafc65,PARAIBA,SAO JOSE DOS RAMOS,PB,Brasil,t,interior,2514453,5891,13274.49,555.75,f,2026-08-01
db19daaee3cd16e0fae9715a74d1eb58,PARAIBA,SAO MAMEDE,PB,Brasil,t,interior,2514909,7470,13553.01,964.15,f,2026-08-01
677acbd892da8d368e0693b15eae3a2f,PARAIBA,SAO MIGUEL DE TAIPU,PB,Brasil,t,interior,2515005,7066,17343.76,666.13,f,2026-08-01
74b6857c35346f23f246ef4997a86b52,PARAIBA,SAO SEBASTIAO DE LAGOA DE ROCA,PB,Brasil,t,interior,2515104,11040,12137.05,790.63,f,2026-08-01
ef0c8a462c6f75e6ea37b81982467226,PARAIBA,SAO SEBASTIAO DO UMBUZEIRO,PB,Brasil,t,interior,2515203,3279,14172.61,649.40,f,2026-08-01
63af53919d78a486ebb6c3cbc81a5f87,PARAIBA,SAO VICENTE DO SERIDO,PB,Brasil,t,interior,2515401,10291,10883.59,565.48,f,2026-08-01
35b22fbfe7c4dd94cc222143c54641f6,PARAIBA,SAPE,PB,Brasil,t,interior,2515302,51306,16615.43,745.51,f,2026-08-01
806784866e1d6ecc279066867f8a6d60,PARAIBA,SERRA BRANCA,PB,Brasil,t,interior,2515500,13614,13739.68,799.81,f,2026-08-01
9e46586781db1edef050df7df9e81ec5,PARAIBA,SERRA DA RAIZ,PB,Brasil,t,interior,2515609,3094,15354.56,775.82,f,2026-08-01
b1a53b6cfc5bc62ebd27ac5a24200433,PARAIBA,SERRA GRANDE,PB,Brasil,t,interior,2515708,2942,13734.19,808.70,f,2026-08-01
b2b8a233774a90b3b53e4204342f6c62,PARAIBA,SERRA REDONDA,PB,Brasil,t,interior,2515807,6828,10942.44,753.33,f,2026-08-01
36a0c2566090ea80d5315ec669f923ea,PARAIBA,SERRARIA,PB,Brasil,t,interior,2515906,4885,16290.48,675.36,f,2026-08-01
96696e19ba0b3244bf5d5e5dd9d7c797,PARAIBA,SERTAOZINHO,PB,Brasil,t,interior,2515930,5054,14082.90,740.43,f,2026-08-01
b5b94f87a117a864fd5161a15b75cf4e,PARAIBA,SOBRADO,PB,Brasil,t,interior,2515971,8236,16423.26,652.46,f,2026-08-01
a67c2c4c7f02cc72d44d4e7ec90f1364,PARAIBA,SOLANEA,PB,Brasil,t,interior,2516003,26774,16003.40,839.65,f,2026-08-01
469a84ce1a7607a509fe7539fe8e8407,PARAIBA,SOLEDADE,PB,Brasil,t,interior,2516102,13968,22883.95,706.29,f,2026-08-01
fcf3ebb0123a2a75bca5e613052c7add,PARAIBA,SOSSEGO,PB,Brasil,t,interior,2516151,3345,14282.51,616.53,f,2026-08-01
cfe37fafd5082708971250c5f51aeefc,PARAIBA,SOUSA,PB,Brasil,t,interior,2516201,67259,25495.03,981.33,f,2026-08-01
0b47269aaa8e25f1ea74ac873ef8716d,PARAIBA,SUME,PB,Brasil,t,interior,2516300,17166,14889.96,880.46,f,2026-08-01
6da1694f7830ba83164ea4b587a9e59f,PARAIBA,TACIMA,PB,Brasil,t,interior,2516409,8010,13317.10,650.92,f,2026-08-01
9228309e2f9b12bd8e0cf322fc68d237,PARAIBA,TAPEROA,PB,Brasil,t,interior,2516508,14068,12068.60,700.22,f,2026-08-01
bc234e7e31f616b70ed2e1ba3efaf9fb,PARAIBA,TAVARES,PB,Brasil,t,interior,2516607,14101,11866.75,663.48,f,2026-08-01
fa72e56ebc2631923cc5d330aa15a82d,PARAIBA,TEIXEIRA,PB,Brasil,t,interior,2516706,14631,15206.00,702.92,f,2026-08-01
151bc1b9810ba85aabc106e94336db6e,PARAIBA,TENORIO,PB,Brasil,t,interior,2516755,2966,13564.06,702.81,f,2026-08-01
cc346ef77164d6ecabc79df1da1f04e9,PARAIBA,TRIUNFO,PB,Brasil,t,interior,2516805,9892,12312.58,789.08,f,2026-08-01
14fe290e094ec4d92f64416e1af936ca,PARAIBA,UIRAUNA,PB,Brasil,t,interior,2516904,14930,16444.07,952.63,f,2026-08-01
0c61aa7331aae9b7e6ca8e38901c317d,PARAIBA,UMBUZEIRO,PB,Brasil,t,interior,2517001,9124,12993.97,654.31,f,2026-08-01
d97b5b5ebb207b3db78529a7a6d7244e,PARAIBA,VARZEA,PB,Brasil,t,interior,2517100,2668,17394.30,1170.44,f,2026-08-01
87d7c18149455d5df6bdb85408392755,PARAIBA,VIEIROPOLIS,PB,Brasil,t,interior,2517209,4864,12179.69,639.99,f,2026-08-01
ca229c78fe66c9b0c46d96b4028c18b8,PARAIBA,VISTA SERRANA,PB,Brasil,t,interior,2505501,3641,13856.63,649.30,f,2026-08-01
13dbab0c3f188e1f80b8aad8c36abdb1,PARAIBA,ZABELE,PB,Brasil,t,interior,2517407,2228,15860.41,663.21,f,2026-08-01
d0c6b8f03c9a2c7d209b712a91e5f062,PARANA,ABATIA,PR,Brasil,t,interior,4100103,7241,41039.36,1096.83,f,2026-08-01
01828ed3b88af89e9dbd0297e3360277,PARANA,ADRIANOPOLIS,PR,Brasil,t,interior,4100202,6256,74668.96,1182.06,f,2026-08-01
fc4138218b09c3b83df2f8989ec769bf,PARANA,AGUDOS DO SUL,PR,Brasil,t,interior,4100301,10233,27302.65,1296.35,f,2026-08-01
9efa4ab2453d315f8cbdff6206ebb022,PARANA,ALMIRANTE TAMANDARE,PR,Brasil,t,interior,4100400,119825,18715.79,1352.58,f,2026-08-01
4660a78c6bdfbb6cb486c838d60b249a,PARANA,ALTAMIRA DO PARANA,PR,Brasil,t,interior,4100459,3590,32175.21,1382.24,f,2026-08-01
a72ce0798f51b10a57fb2d0273b723b3,PARANA,ALTO PARAISO,PR,Brasil,t,interior,4128625,3055,48366.61,1217.29,f,2026-08-01
1a2b7d92f57efd6d8714b31b7ef21cc9,PARANA,ALTO PARANA,PR,Brasil,t,interior,4100608,13909,40453.45,1448.91,f,2026-08-01
efcf6fe875d3ee0c77447836aa52e73d,PARANA,ALTO PIQUIRI,PR,Brasil,t,interior,4100707,9727,50230.70,1180.60,f,2026-08-01
fd52b30aef412bf0f1984720a71b4808,PARANA,ALTONIA,PR,Brasil,t,interior,4100509,18742,29153.83,1362.99,f,2026-08-01
e537a1ddf6ac13bf0a09e6b2a0f17dba,PARANA,ALVORADA DO SUL,PR,Brasil,t,interior,4100806,10326,42266.41,1538.57,f,2026-08-01
57f366a3b8100888c96702603c4668bd,PARANA,AMAPORA,PR,Brasil,t,interior,4100905,4762,34418.10,1067.49,f,2026-08-01
21d60a13cda9ae10134aac2651b000e6,PARANA,AMPERE,PR,Brasil,t,interior,4101002,19620,51028.24,1815.06,f,2026-08-01
596777333569cd7c7246e87b1b1168ef,PARANA,ANAHY,PR,Brasil,t,interior,4101051,2918,42605.55,1370.33,f,2026-08-01
8c29bc1ea4c70efe007500d5cf4762a2,PARANA,ANDIRA,PR,Brasil,t,interior,4101101,19878,43322.92,1578.21,f,2026-08-01
207592364b18f73865ed298490282da7,PARANA,ANGULO,PR,Brasil,t,interior,4101150,3235,55572.80,1394.70,f,2026-08-01
2a64eaac070f6e1543e866eff2530032,PARANA,ANTONINA,PR,Brasil,t,interior,4101200,18091,55368.69,1211.84,f,2026-08-01
c32295d98c56f80d8b3daac8aa98c47c,PARANA,ANTONIO OLINTO,PR,Brasil,t,interior,4101309,7018,40269.45,1190.28,f,2026-08-01
f543145a709d72023e1ab0c17e7256bd,PARANA,APUCARANA,PR,Brasil,t,interior,4101408,130134,37146.43,1770.29,f,2026-08-01
0c72c1c1a2e4f9cd5e46199e597e76b6,PARANA,ARAPONGAS,PR,Brasil,t,interior,4101507,119138,47973.53,1778.09,f,2026-08-01
95d25bb5d57096fd750d08500f3f5692,PARANA,ARAPOTI,PR,Brasil,t,interior,4101606,25777,63347.91,1526.02,f,2026-08-01
cfe9b8388b9b89a481862bdd544fa9c4,PARANA,ARAPUA,PR,Brasil,t,interior,4101655,3527,43743.98,1226.76,f,2026-08-01
d9a6af960e96728740a2ae45af9cdd5b,PARANA,ARARUNA,PR,Brasil,t,interior,4101705,14485,43548.22,1513.63,f,2026-08-01
a8bc236c010dc50ece15f5e57ed041c2,PARANA,ARAUCARIA,PR,Brasil,t,interior,4101804,151666,224671.66,1600.99,f,2026-08-01
71c3410a847ec570373f6f8d1f896e66,PARANA,ARIRANHA DO IVAI,PR,Brasil,t,interior,4101853,2329,62246.89,1383.07,f,2026-08-01
f785d77e4d414e461588c968561b60e6,PARANA,ASSAI,PR,Brasil,t,interior,4101903,13797,46183.52,1275.36,f,2026-08-01
3eb6f864c67fd22e139b9e1c14dee99b,PARANA,ASSIS CHATEAUBRIAND,PR,Brasil,t,interior,4102000,36808,55252.42,1672.22,f,2026-08-01
884d43aaff9700836ed8b4e43c3e3112,PARANA,ASTORGA,PR,Brasil,t,interior,4102109,25475,45723.89,1554.91,f,2026-08-01
80a764477422785fcd4da8deac5c407e,PARANA,ATALAIA,PR,Brasil,t,interior,4102208,3980,64008.04,1709.41,t,2026-08-01
e56ce8f0690325d896f7d63624658b17,PARANA,BALSA NOVA,PR,Brasil,t,interior,4102307,13395,97201.64,1606.33,f,2026-08-01
f8973b89fbe865ce965f2524443958d6,PARANA,BANDEIRANTES,PR,Brasil,t,interior,4102406,31273,43559.40,1502.12,f,2026-08-01
debf5f23cd365863ffd4534e71d6a3c7,PARANA,BARBOSA FERRAZ,PR,Brasil,t,interior,4102505,10795,31695.69,1309.84,f,2026-08-01
fd11a1ade808fb430f2045a02c29a88c,PARANA,BARRA DO JACARE,PR,Brasil,t,interior,4102703,2814,66502.49,1473.07,f,2026-08-01
e9ea6096fc3b6bcb9bd3b68bcc4e3365,PARANA,BARRACAO,PR,Brasil,t,interior,4102604,9759,33128.09,1469.89,f,2026-08-01
3b7ce5ae4a1d08bb0df3addd59c849ed,PARANA,BELA VISTA DO CAROBA,PR,Brasil,t,interior,,,,,,2026-08-01
4c34fb0765ee13e5e88747a2751930d0,PARANA,BELA VISTA DO PARAISO,PR,Brasil,t,interior,4102802,14833,38026.97,1399.26,f,2026-08-01
e47d109d923ac52760692a96c6fd1ee6,PARANA,BITURUNA,PR,Brasil,t,interior,4102901,15533,42256.94,1382.61,f,2026-08-01
91837c20795b583aaca7559d7db00223,PARANA,BOA ESPERANCA,PR,Brasil,t,interior,4103008,4558,75236.95,1556.08,f,2026-08-01
e45a4bdf36ecc5354102574b57245a19,PARANA,BOA ESPERANCA DO IGUACU,PR,Brasil,t,interior,4103024,2455,67222.40,2185.28,f,2026-08-01
0bb91fb1a4d3e94af9556a731f630322,PARANA,BOA VENTURA DE SAO ROQUE,PR,Brasil,t,interior,4103040,6378,70463.15,1567.86,f,2026-08-01
17c895698212cdeb9c5918532c9bb76c,PARANA,BOA VISTA DA APARECIDA,PR,Brasil,t,interior,4103057,7924,28071.30,1272.15,f,2026-08-01
9879c055a28538ba482a6962325ca6c2,PARANA,BOCAIUVA DO SUL,PR,Brasil,t,interior,4103107,13299,22971.50,1328.20,f,2026-08-01
4fe74573804aa6414f410517d05415c4,PARANA,BOM JESUS DO SUL,PR,Brasil,t,interior,4103156,3980,35783.42,1545.13,f,2026-08-01
9f50783ffc58e58a90b77ed95463b657,PARANA,BOM SUCESSO,PR,Brasil,t,interior,4103206,6581,33681.51,1387.30,f,2026-08-01
0b73b119e52c6ce096c2ad54cca698c1,PARANA,BOM SUCESSO DO SUL,PR,Brasil,t,interior,4103222,3202,103530.61,1788.27,f,2026-08-01
140cd6445cd1ab08a0c32748b17aeb40,PARANA,BORRAZOPOLIS,PR,Brasil,t,interior,4103305,7735,38327.73,1549.47,f,2026-08-01
ca21ec56816396bddceaf1829e262869,PARANA,BRAGANEY,PR,Brasil,t,interior,4103354,4854,53771.53,1317.26,f,2026-08-01
46553d0337ba6c4c98f55f415dea9885,PARANA,BRASILANDIA DO SUL,PR,Brasil,t,interior,4103370,3708,80537.76,1443.73,f,2026-08-01
c422e44bd5e1292147f3c1f48e683553,PARANA,CAFEARA,PR,Brasil,t,interior,4103404,2627,46262.66,1490.03,f,2026-08-01
259b5a7a4e15398ca987a4c8632013a7,PARANA,CAFELANDIA,PR,Brasil,t,interior,4103453,18997,142008.42,1712.31,f,2026-08-01
71d9220925c7efd315a0df7183d27fa8,PARANA,CAFEZAL DO SUL,PR,Brasil,t,interior,4103479,4473,44494.97,1393.28,f,2026-08-01
983a3b3f90d7abcd395917f8f5069d1e,PARANA,CALIFORNIA,PR,Brasil,t,interior,4103503,8710,28817.34,1415.61,f,2026-08-01
93a663d68ce5e5d0af40890bf3986bed,PARANA,CAMBARA,PR,Brasil,t,interior,4103602,23212,42457.00,1436.07,f,2026-08-01
f836ff17102f1be58c5a2ef77527758c,PARANA,CAMBE,PR,Brasil,t,interior,4103701,107208,63159.21,1753.93,f,2026-08-01
90b1d24296f7775754a2fbd7719fa520,PARANA,CAMBIRA,PR,Brasil,t,interior,4103800,9460,36930.97,1624.96,f,2026-08-01
eab9428f8f9164badca39e589188595b,PARANA,CAMPINA DA LAGOA,PR,Brasil,t,interior,4103909,15723,42893.98,1619.88,f,2026-08-01
8683334549097d560c34682ef13cf27f,PARANA,CAMPINA DO SIMAO,PR,Brasil,t,interior,4103958,3936,49573.17,1316.21,f,2026-08-01
bd4e0b00975a2d0ffdf1d9bdb37ef7f2,PARANA,CAMPINA GRANDE DO SUL,PR,Brasil,t,interior,4104006,47825,60047.40,1514.06,f,2026-08-01
95afffd53817377740bf701c1e9d5c3a,PARANA,CAMPO BONITO,PR,Brasil,t,interior,4104055,4027,58901.66,1444.58,f,2026-08-01
86e8c75aefaae57132e9f45629e71b94,PARANA,CAMPO DO TENENTE,PR,Brasil,t,interior,4104105,7508,40846.16,1119.38,f,2026-08-01
0cf6021ee7c9223cde70242c6ae97bd2,PARANA,CAMPO LARGO,PR,Brasil,t,interior,4104204,136327,51863.48,1755.14,f,2026-08-01
8defcaf08da00b0fecbfd2026ef5a72b,PARANA,CAMPO MAGRO,PR,Brasil,t,interior,4104253,30160,23228.88,1402.36,f,2026-08-01
a3525656d9ed01899abccea0746298f8,PARANA,CAMPO MOURAO,PR,Brasil,t,interior,4104303,99432,60261.36,2064.25,f,2026-08-01
1640e653d6f1714f3362834ec75e5810,PARANA,CANDIDO DE ABREU,PR,Brasil,t,interior,4104402,15244,31175.22,1245.36,f,2026-08-01
765dab9aa0bcf3d59a3f16e8aba87ffe,PARANA,CANDOI,PR,Brasil,t,interior,4104428,14973,60204.97,1389.16,f,2026-08-01
a92f1113ec7c18dc531b86da515ac19f,PARANA,CANTAGALO,PR,Brasil,t,interior,4104451,10933,35336.60,1380.05,f,2026-08-01
03f6f5f1a0b694c54c4e2ee339e4b322,PARANA,CAPANEMA,PR,Brasil,t,interior,4104501,20481,77763.83,1827.28,f,2026-08-01
fed98f03283ebed691451c3677729eef,PARANA,CAPITAO LEONIDAS MARQUES,PR,Brasil,t,interior,4104600,14648,88764.34,1698.36,f,2026-08-01
1a48284b456fd6d7d4a5acade1ab8902,PARANA,CARAMBEI,PR,Brasil,t,interior,4104659,23283,85465.62,1600.57,f,2026-08-01
ee3ff1bbd2c492c7b275212a57b850f2,PARANA,CARLOPOLIS,PR,Brasil,t,interior,4104709,16905,34061.76,1441.28,f,2026-08-01
580487b4b0f905e0b92415ebd420de3f,PARANA,CASCAVEL,PR,Brasil,t,interior,4104808,348051,55176.33,2217.32,f,2026-08-01
3f18cf48e2d60039aaf1dc4764c5daa9,PARANA,CASTRO,PR,Brasil,t,interior,4104907,73075,61820.06,1568.37,f,2026-08-01
23c02beda33ed451743d938acc106707,PARANA,CATANDUVAS,PR,Brasil,t,interior,4105003,10446,39602.24,1376.45,f,2026-08-01
a131230e0e43306b3b6c2a3d23814505,PARANA,CENTENARIO DO SUL,PR,Brasil,t,interior,4105102,10832,34760.43,1244.49,f,2026-08-01
9f17209c4ceb3f21cd944ad9f5af3f91,PARANA,CERRO AZUL,PR,Brasil,t,interior,4105201,16134,23181.48,935.00,f,2026-08-01
41a2781fe4fb23d7f2648ab172f768bb,PARANA,CEU AZUL,PR,Brasil,t,interior,4105300,11087,96562.01,1771.19,f,2026-08-01
e879d04367c318c5a0aac05e48b22df1,PARANA,CHOPINZINHO,PR,Brasil,t,interior,4105409,21085,56739.86,1839.01,f,2026-08-01
3b1164ac68419c090597ea5ee47df29f,PARANA,CIANORTE,PR,Brasil,t,interior,4105508,79527,50130.11,1868.11,f,2026-08-01
a1691776b4000bede07a26955c9c0300,PARANA,CIDADE GAUCHA,PR,Brasil,t,interior,4105607,11467,54113.89,1589.25,f,2026-08-01
dfe14eec4e0a600f17f6f8147afd6608,PARANA,CLEVELANDIA,PR,Brasil,t,interior,4105706,15070,60754.81,1590.88,f,2026-08-01
1215a7872e64316bae6aef1eeff2fc88,PARANA,COLOMBO,PR,Brasil,t,interior,4105805,232212,32853.49,1526.60,f,2026-08-01
1d3bfc2565ce1101585e58f0abbec523,PARANA,COLORADO,PR,Brasil,t,interior,4105904,22896,51174.35,1845.18,f,2026-08-01
46a278b8d2090ba529471ab94cca8310,PARANA,CONGONHINHAS,PR,Brasil,t,interior,4106001,8320,37201.56,1207.32,f,2026-08-01
bfbd5c145b5b3952dbf32f0e268a8293,PARANA,CONSELHEIRO MAIRINCK,PR,Brasil,t,interior,4106100,3461,48767.70,1357.56,f,2026-08-01
a6652b03431a574687045e7c920a5efe,PARANA,CONTENDA,PR,Brasil,t,interior,4106209,19128,32821.94,1234.23,f,2026-08-01
167baa5648e645f3ba92d3571af37737,PARANA,CORBELIA,PR,Brasil,t,interior,4106308,17470,56867.77,1707.15,f,2026-08-01
f491bbbfc9d0ef0573703ba6f2754420,PARANA,CORNELIO PROCOPIO,PR,Brasil,t,interior,4106407,45206,52697.45,1919.99,f,2026-08-01
8d3793c419175dfb446e8a9828c3447d,PARANA,CORONEL DOMINGOS SOARES,PR,Brasil,t,interior,4106456,5649,58230.13,1162.70,f,2026-08-01
84d519c2b88beceaf940b194f7db5cbb,PARANA,CORONEL VIVIDA,PR,Brasil,t,interior,4106506,23331,47552.23,1923.36,f,2026-08-01
95ff29f6a7690c2060952f41de22af6c,PARANA,CORUMBATAI DO SUL,PR,Brasil,t,interior,4106555,3760,27908.24,1219.96,f,2026-08-01
a7cb1942b6a8f2847f680dfb6e34346f,PARANA,CRUZ MACHADO,PR,Brasil,t,interior,4106803,15978,31791.46,1245.38,f,2026-08-01
2389e055b5f6ee50dd580bac09996121,PARANA,CRUZEIRO DO IGUACU,PR,Brasil,t,interior,4106571,4133,50000.24,1665.75,f,2026-08-01
1d4b946103ba1b95c8fbf0b37895508f,PARANA,CRUZEIRO DO OESTE,PR,Brasil,t,interior,4106605,23831,45708.07,1571.31,f,2026-08-01
6316317868c313b38b78d8d924212637,PARANA,CRUZEIRO DO SUL,PR,Brasil,t,interior,4106704,4494,62589.01,1407.88,f,2026-08-01
efd503c11331aea7ec58f190ddc7ca0f,PARANA,CRUZMALTINA,PR,Brasil,t,interior,4106852,2892,65430.15,1308.84,f,2026-08-01
ca59c6c58a01883a9d422c4ae88d82e3,PARANA,CURITIBA,PR,Brasil,t,capital,4106902,1773718,67691.30,3137.92,f,2026-08-01
2f4db335f40e362c1df444f3b0448745,PARANA,CURIUVA,PR,Brasil,t,interior,4107009,13647,24397.60,1174.71,f,2026-08-01
74b325f006c07aa4ce362727c4172a1a,PARANA,DIAMANTE D'OESTE,PR,Brasil,t,interior,4107157,4557,29513.50,1469.26,f,2026-08-01
81a713b88cbab1f68c5e2ac4feca706c,PARANA,DIAMANTE DO NORTE,PR,Brasil,t,interior,4107108,5142,80500.39,1508.14,f,2026-08-01
f680fc94e655662226c021bd8d938b66,PARANA,DIAMANTE DO SUL,PR,Brasil,t,interior,4107124,3171,27043.20,1190.65,f,2026-08-01
d59592ce14d8f77b4f3e6702101cc5fb,PARANA,DOIS VIZINHOS,PR,Brasil,t,interior,4107207,44869,58150.91,2032.62,f,2026-08-01
8ad83a76732e09af4f43e1b94e267992,PARANA,DOURADINA,PR,Brasil,t,interior,4107256,9161,93783.43,1609.13,f,2026-08-01
41572cf825136c29dfbd2d46e33b88d3,PARANA,DOUTOR CAMARGO,PR,Brasil,t,interior,4107306,6327,38349.14,1607.28,f,2026-08-01
40695438e6391971f57f4dc034a6cc9d,PARANA,DOUTOR ULYSSES,PR,Brasil,t,interior,4128633,5697,20387.40,893.21,f,2026-08-01
eda8c64bd6c8cd569d603450a11dbd08,PARANA,ENEAS MARQUES,PR,Brasil,t,interior,4107405,5999,64920.82,2211.98,f,2026-08-01
666f265a26d539effede8680dbd42109,PARANA,ENGENHEIRO BELTRAO,PR,Brasil,t,interior,4107504,12454,56098.44,1697.37,f,2026-08-01
9293946cbdd3da35a2150a55a32fd754,PARANA,ENTRE RIOS DO OESTE,PR,Brasil,t,interior,4107538,4575,91973.33,2240.05,f,2026-08-01
ec8ee77d9c1e45748017faa0a4785f2b,PARANA,ESPERANCA NOVA,PR,Brasil,t,interior,4107520,1849,40683.61,1417.10,f,2026-08-01
19de9819010ff402a6496d670dc8b8de,PARANA,ESPIGAO ALTO DO IGUACU,PR,Brasil,t,interior,4107546,4797,42057.95,1363.45,f,2026-08-01
3d00089779896db5e64ba7f8b0b1888c,PARANA,FAROL,PR,Brasil,t,interior,4107553,3039,84118.46,1519.69,f,2026-08-01
c98694ced57bec033bfe460a24264ff8,PARANA,FAXINAL,PR,Brasil,t,interior,4107603,16389,38140.15,1452.98,f,2026-08-01
e42265cd25f43f6eb495633ff48b9c85,PARANA,FAZENDA RIO GRANDE,PR,Brasil,t,interior,4107652,148873,27805.32,1448.37,f,2026-08-01
d1a990986a31fca543683206d57356e4,PARANA,FENIX,PR,Brasil,t,interior,4107702,4492,54235.08,1434.14,f,2026-08-01
85e02003cd6dc62f5584731508e97282,PARANA,FERNANDES PINHEIRO,PR,Brasil,t,interior,4107736,6255,51786.09,1162.70,f,2026-08-01
9d0f0e4820428752ffe1284e5927ed7a,PARANA,FIGUEIRA,PR,Brasil,t,interior,4107751,8062,23775.99,1371.25,f,2026-08-01
d576fb9f9e00e012652a5ef27185c160,PARANA,FLOR DA SERRA DO SUL,PR,Brasil,t,interior,4107850,4364,47286.21,1957.58,f,2026-08-01
4471c6b5c2eb600c29f96b59eb1edf8a,PARANA,FLORAI,PR,Brasil,t,interior,4107801,4792,64824.71,1468.80,f,2026-08-01
cfab581fa618fc2b508ebcfa0889c9c7,PARANA,FLORESTA,PR,Brasil,t,interior,4107900,10458,34828.84,1457.38,f,2026-08-01
b5cac165b13c83a791dcf002704e36be,PARANA,FLORESTOPOLIS,PR,Brasil,t,interior,4108007,11446,54502.18,1226.32,f,2026-08-01
b75267788d1e24a7b527d3464e7dd042,PARANA,FLORIDA,PR,Brasil,t,interior,4108106,2652,38182.88,903.94,f,2026-08-01
a9662b4f3bf0f786cecc6d9ecb5dc9a0,PARANA,FORMOSA DO OESTE,PR,Brasil,t,interior,4108205,7635,53117.09,1600.27,f,2026-08-01
868e87f272a0b16be09cc7365711777b,PARANA,FOZ DO IGUACU,PR,Brasil,t,interior,4108304,285415,59468.67,1910.76,f,2026-08-01
cd54cb92b99089299c571953081cd4d6,PARANA,FOZ DO JORDAO,PR,Brasil,t,interior,4108452,4926,38120.58,1270.58,f,2026-08-01
caada79c08921f8809aad62ae00ffce4,PARANA,FRANCISCO ALVES,PR,Brasil,t,interior,4108320,8116,31307.29,1363.92,f,2026-08-01
eeae736406d64c3e567feaf58a5efbc4,PARANA,FRANCISCO BELTRAO,PR,Brasil,t,interior,4108403,96666,46814.84,2277.74,f,2026-08-01
6f393cc52c281415693b511c4c5d3abe,PARANA,GENERAL CARNEIRO,PR,Brasil,t,interior,4108502,11062,39531.19,1246.29,f,2026-08-01
509fd94f0528c2e1568190b841514381,PARANA,GODOY MOREIRA,PR,Brasil,t,interior,4108551,2977,32291.90,1320.61,f,2026-08-01
57ee220b4b49a0eebe8334b215da48fe,PARANA,GOIOERE,PR,Brasil,t,interior,4108601,28437,46969.30,1577.15,f,2026-08-01
5e9f0f603879a42f813739b4611e10a7,PARANA,GOIOXIM,PR,Brasil,t,interior,4108650,6566,47001.52,1183.13,f,2026-08-01
dbb2b672bc02a2bc805658025a4e387e,PARANA,GRANDES RIOS,PR,Brasil,t,interior,4108700,5641,31475.80,1258.21,f,2026-08-01
53532cbdb585cdb493e320872203a550,PARANA,GUAIRA,PR,Brasil,t,interior,4108809,32097,44828.05,1631.65,f,2026-08-01
b78bfbe571664ac63e0ab822fb00a037,PARANA,GUAIRACA,PR,Brasil,t,interior,4108908,6587,61458.48,1274.78,f,2026-08-01
65a076a72c855c7a612995d24f22e113,PARANA,GUAMIRANGA,PR,Brasil,t,interior,4108957,7856,45451.12,1305.12,f,2026-08-01
8b97942c9984b17a28318bb272444f16,PARANA,GUAPIRAMA,PR,Brasil,t,interior,4109005,4626,49485.30,1337.57,f,2026-08-01
496bc39173d23e9c9a9741d663936783,PARANA,GUAPOREMA,PR,Brasil,t,interior,4109104,2191,48463.26,1850.26,f,2026-08-01
f470ddfd6c0313eff1b756457dea2bbd,PARANA,GUARACI,PR,Brasil,t,interior,4109203,4748,40499.37,1709.29,f,2026-08-01
ee41c9187805eccebcf134f639ab3b00,PARANA,GUARANIACU,PR,Brasil,t,interior,4109302,13735,43991.55,1490.34,f,2026-08-01
e6eacd0bcb078a93246423e31a94d54c,PARANA,GUARAPUAVA,PR,Brasil,t,interior,4109401,182093,54170.74,1703.75,f,2026-08-01
c8e2772c694cef719171e1853517b51c,PARANA,GUARAQUECABA,PR,Brasil,t,interior,4109500,7430,19660.97,974.13,f,2026-08-01
1441b47f303d679fd889c773182647a9,PARANA,GUARATUBA,PR,Brasil,t,interior,4109609,42062,29027.36,1685.43,f,2026-08-01
57b427577fc7afefdd8039c7956ffd9b,PARANA,HONORIO SERPA,PR,Brasil,t,interior,4109658,4941,78227.28,1708.91,f,2026-08-01
ce2fdbca0dc94a910c639d5273c377df,PARANA,IBAITI,PR,Brasil,t,interior,4109708,28830,42887.86,1437.92,f,2026-08-01
59ca0b218501b90cff8c126b9d34d827,PARANA,IBEMA,PR,Brasil,t,interior,4109757,6218,33465.91,1329.26,f,2026-08-01
97bcd2a92fa86d9a3af7cbf1444d885b,PARANA,IBIPORA,PR,Brasil,t,interior,4109807,51603,78248.45,1651.74,f,2026-08-01
51022b6ca8b986284dec1e078fa64158,PARANA,ICARAIMA,PR,Brasil,t,interior,4109906,8991,36603.94,1338.60,f,2026-08-01
c11404d4f79ca50ebf40bf63777bfaf8,PARANA,IGUARACU,PR,Brasil,t,interior,4110003,5338,50048.33,1388.72,f,2026-08-01
011062e540ce9fdc45e88b4b5791fdfd,PARANA,IGUATU,PR,Brasil,t,interior,4110052,2144,44212.22,1480.17,f,2026-08-01
dcf315b54f2ccd2b38942a9f9e0485e2,PARANA,IMBAU,PR,Brasil,t,interior,4110078,14249,22490.77,1176.57,f,2026-08-01
40ee91b21e7eba61f3e4e0fff7b7d5e7,PARANA,IMBITUVA,PR,Brasil,t,interior,4110102,29924,50241.21,1254.07,f,2026-08-01
ccd97f4b05dce3952c0eb9db9a1e2cff,PARANA,INACIO MARTINS,PR,Brasil,t,interior,4110201,9670,25847.88,1124.11,f,2026-08-01
6b87b5ebed3c78ded14bccb646fd6feb,PARANA,INAJA,PR,Brasil,t,interior,4110300,2536,30062.70,1139.89,f,2026-08-01
3ad8dbb95088f5bb14a4b7e502feb8f4,PARANA,INDIANOPOLIS,PR,Brasil,t,interior,4110409,4448,173682.55,1380.22,f,2026-08-01
e37f0a6e1b736faef632b3511bb6c202,PARANA,IPIRANGA,PR,Brasil,t,interior,4110508,14142,54879.37,1507.37,f,2026-08-01
a87f1f2649862d640dbe7535c87e733a,PARANA,IPORA,PR,Brasil,t,interior,4110607,15746,53982.41,1543.14,f,2026-08-01
ee505a0f1eca211e0eb84a1a1a9fc5cd,PARANA,IRACEMA DO OESTE,PR,Brasil,t,interior,4110656,2343,53804.95,1353.34,f,2026-08-01
a8d93a3153c6506670f14b95d26a388a,PARANA,IRATI,PR,Brasil,t,interior,4110706,59250,47529.86,1765.52,f,2026-08-01
c6e4c73b5454a77be4c08b91ea3ea2b4,PARANA,IRETAMA,PR,Brasil,t,interior,4110805,10684,38330.96,1310.73,f,2026-08-01
b56251f3d4598ecc617a53601771d12a,PARANA,ITAGUAJE,PR,Brasil,t,interior,4110904,4481,36664.81,1391.90,f,2026-08-01
65db2952424947163a61b754bb82c765,PARANA,ITAIPULANDIA,PR,Brasil,t,interior,4110953,11485,49349.24,1555.62,f,2026-08-01
04e007a1d4cb31331fae19efa1d7306d,PARANA,ITAMBARACA,PR,Brasil,t,interior,4111001,5908,47300.78,1287.62,f,2026-08-01
2a9a0e9ec317605f834ac6fe67f24693,PARANA,ITAMBE,PR,Brasil,t,interior,4111100,6111,45168.06,1536.99,f,2026-08-01
2ac163f74e12b57063f9ea241541eca0,PARANA,ITAPEJARA D'OESTE,PR,Brasil,t,interior,4111209,12344,78624.84,1613.14,f,2026-08-01
b5c5bcbd8ca91119be0b491a754d0934,PARANA,ITAPERUCU,PR,Brasil,t,interior,4111258,31217,25618.03,1035.18,f,2026-08-01
9ded8d491e13cac4c663c5616188e2c5,PARANA,ITAUNA DO SUL,PR,Brasil,t,interior,4111308,3572,42504.20,1251.41,f,2026-08-01
a840ad41002de8ff820b5a58a4c130a1,PARANA,IVAI,PR,Brasil,t,interior,4111407,13229,53751.08,1289.23,f,2026-08-01
f92cfa3f65c5fe3747a0800322dbcc96,PARANA,IVAIPORA,PR,Brasil,t,interior,4111506,32720,34910.33,1764.64,f,2026-08-01
02a5618ee516dd2c0dbe74bd1b91b943,PARANA,IVATE,PR,Brasil,t,interior,4111555,6831,41052.55,1318.30,f,2026-08-01
b6b0505dddf56a2e6425bcd42a907606,PARANA,IVATUBA,PR,Brasil,t,interior,4111605,2708,61748.52,1780.15,f,2026-08-01
f285aee7b19cf379081f80db1f0fea40,PARANA,JABOTI,PR,Brasil,t,interior,4111704,5427,28851.30,1482.44,f,2026-08-01
bf8f2edbaccce13478d8b09dfc739533,PARANA,JACAREZINHO,PR,Brasil,t,interior,4111803,40375,48470.41,1591.93,f,2026-08-01
0bda6b537197d4ab24e00e4fb96f9cfd,PARANA,JAGUAPITA,PR,Brasil,t,interior,4111902,15122,96050.99,1517.31,f,2026-08-01
1e144e33499b664d3b2d9ba2177a4ea5,PARANA,JAGUARIAIVA,PR,Brasil,t,interior,4112009,35141,58693.12,1418.37,f,2026-08-01
ccf36b30399ebfe835c76e785d5df612,PARANA,JANDAIA DO SUL,PR,Brasil,t,interior,4112108,21408,44978.70,1763.44,f,2026-08-01
c31a04f663872b9fe13b531bd55c59cd,PARANA,JANIOPOLIS,PR,Brasil,t,interior,4112207,5870,57397.79,1208.61,f,2026-08-01
afedb2379dfd21cf2dc375a33f4cd04b,PARANA,JAPIRA,PR,Brasil,t,interior,4112306,4972,34179.40,1339.86,f,2026-08-01
c6219843841c7dccdec110ef4f8b7ec2,PARANA,JAPURA,PR,Brasil,t,interior,4112405,9144,48327.54,1684.55,f,2026-08-01
fbbb8e4e9e1930b092b93c5a34094d90,PARANA,JARDIM ALEGRE,PR,Brasil,t,interior,4112504,12004,35358.96,1312.61,f,2026-08-01
6d62c0e424d287fe815e42336eb45351,PARANA,JARDIM OLINDA,PR,Brasil,t,interior,4112603,1343,58807.89,1120.71,f,2026-08-01
c69a2cb1877b939691ef7d3684229665,PARANA,JATAIZINHO,PR,Brasil,t,interior,4112702,11813,25520.19,1263.41,f,2026-08-01
de0899b5d97a13a82cfb53462509f7e2,PARANA,JESUITAS,PR,Brasil,t,interior,4112751,10506,52977.92,1610.56,f,2026-08-01
95fd54a6424ced181136f9bf4c3879ea,PARANA,JOAQUIM TAVORA,PR,Brasil,t,interior,4112801,11945,73021.85,1481.83,f,2026-08-01
1ca23ccd981bd5bb38cd7831558ddd2e,PARANA,JUNDIAI DO SUL,PR,Brasil,t,interior,4112900,3333,47213.02,1278.67,f,2026-08-01
7298a199303f6b9c5fc1d16cb9f34add,PARANA,JURANDA,PR,Brasil,t,interior,4112959,7771,63966.93,1524.76,f,2026-08-01
b9c3f140839f57b16d06fe27a5ccccfd,PARANA,JUSSARA,PR,Brasil,t,interior,4113007,6690,55375.93,1489.41,f,2026-08-01
9f2b2d4cddf6a9c94d7a513ea1c16abd,PARANA,KALORE,PR,Brasil,t,interior,4113106,4582,43918.81,1400.13,f,2026-08-01
13d8899f0fc1bfeb1efb18da31bb6cf0,PARANA,LAPA,PR,Brasil,t,interior,4113205,45003,58830.88,1508.11,f,2026-08-01
d213232b4b37bcc13fce6854638b1070,PARANA,LARANJAL,PR,Brasil,t,interior,4113254,5600,22407.68,1001.65,f,2026-08-01
114f91dc58560888d96b82a684d08bf0,PARANA,LARANJEIRAS DO SUL,PR,Brasil,t,interior,4113304,32227,38195.43,1801.68,f,2026-08-01
ef9ccf61e3a06cc34cb7593b77771058,PARANA,LEOPOLIS,PR,Brasil,t,interior,4113403,3752,60265.99,1313.79,f,2026-08-01
38641a7241a76dc647548f1d4472fa13,PARANA,LIDIANOPOLIS,PR,Brasil,t,interior,4113429,3938,37287.20,1256.59,f,2026-08-01
06e84a438d29cf6a1b1a82c03c3f6b25,PARANA,LINDOESTE,PR,Brasil,t,interior,4113452,5175,48126.96,1258.41,f,2026-08-01
d3405269c9df81756a354766f09cb9d6,PARANA,LOANDA,PR,Brasil,t,interior,4113502,23225,39155.39,1760.13,f,2026-08-01
64e22204e36341cbbd80bc94c7c7bd48,PARANA,LOBATO,PR,Brasil,t,interior,4113601,4601,72455.55,1604.37,f,2026-08-01
7a073f8b1921b7b2e69df216849bb3ef,PARANA,LONDRINA,PR,Brasil,t,interior,4113700,555965,50362.05,2332.51,f,2026-08-01
baed553068b4f56a642891ada2bcfc8c,PARANA,LUIZIANA,PR,Brasil,t,interior,4113734,6690,89587.59,1271.33,f,2026-08-01
3f90f9faeefb7415699dd4a72a6cfa90,PARANA,LUNARDELLI,PR,Brasil,t,interior,4113759,4872,30231.94,1265.28,f,2026-08-01
e1e7557e26f38e6448badb6fdab48c39,PARANA,LUPIONOPOLIS,PR,Brasil,t,interior,4113809,4813,34250.16,1332.01,f,2026-08-01
7e2dbfbfca6e87f71a4c42147c7c7325,PARANA,MALLET,PR,Brasil,t,interior,4113908,13428,72484.06,1481.24,f,2026-08-01
c51405c13f2828d0ae923457ae21b2cf,PARANA,MAMBORE,PR,Brasil,t,interior,4114005,13452,63873.10,1688.63,f,2026-08-01
e0ffbdee038127240b166d15b2cc2462,PARANA,MANDAGUACU,PR,Brasil,t,interior,4114104,31457,31643.51,1651.00,f,2026-08-01
a63835b98ae1f1039fe88f517cb221b9,PARANA,MANDAGUARI,PR,Brasil,t,interior,4114203,36716,79434.03,1604.93,f,2026-08-01
6713cb1fe2e26001ededdad637b0f840,PARANA,MANDIRITUBA,PR,Brasil,t,interior,4114302,27439,29207.81,1269.58,f,2026-08-01
a491203441bbc67e20b33ff634380aad,PARANA,MANFRINOPOLIS,PR,Brasil,t,interior,4114351,2770,37689.17,1680.04,f,2026-08-01
c1e95311f7c5d415ef0a95ac60c7fedb,PARANA,MANGUEIRINHA,PR,Brasil,t,interior,4114401,16603,112613.08,1500.51,f,2026-08-01
53695250080a7932c16b5f8922aa1e0a,PARANA,MANOEL RIBAS,PR,Brasil,t,interior,4114500,14240,46081.18,1828.41,f,2026-08-01
d6869df5d29bc57b91398b86dc374624,PARANA,MARECHAL CANDIDO RONDON,PR,Brasil,t,interior,4114609,55836,70187.82,2069.05,f,2026-08-01
911b7b95a6ca9ddeef809c05adaa7272,PARANA,MARIA HELENA,PR,Brasil,t,interior,4114708,5865,30077.92,1434.22,f,2026-08-01
d3bf3c86d09cb79aabe71c76db0a63ff,PARANA,MARIALVA,PR,Brasil,t,interior,4114807,41851,70837.49,1696.15,f,2026-08-01
bb4da03fd8a086e3b1975ba0ad8831c2,PARANA,MARILANDIA DO SUL,PR,Brasil,t,interior,4114906,8677,58806.96,1533.15,f,2026-08-01
6a2362ed5f63866777d633e35d789525,PARANA,MARILENA,PR,Brasil,t,interior,4115002,7253,32708.81,1287.26,f,2026-08-01
d8ada7adb8460557458c87dd00c38424,PARANA,MARILUZ,PR,Brasil,t,interior,4115101,9847,41023.36,1300.28,f,2026-08-01
7e5a9e33db82ab4f27f1b199d7ad94f9,PARANA,MARINGA,PR,Brasil,t,interior,4115200,409657,67903.99,2646.96,f,2026-08-01
adbedecb5e2d96c91bada162c92ce8b6,PARANA,MARIOPOLIS,PR,Brasil,t,interior,4115309,6371,86961.86,2076.62,f,2026-08-01
416f1a557412316f4a31757bd0b73c58,PARANA,MARIPA,PR,Brasil,t,interior,4115358,6555,81721.28,1580.45,f,2026-08-01
774a011e4da0e704603a974974bb3c5d,PARANA,MARMELEIRO,PR,Brasil,t,interior,4115408,15901,46437.52,2013.84,f,2026-08-01
7dbc71e006f2b48b002fea1c8e24899a,PARANA,MARQUINHO,PR,Brasil,t,interior,4115457,4504,29969.36,1563.73,f,2026-08-01
d6194ed28103f00201d18a73e48176de,PARANA,MARUMBI,PR,Brasil,t,interior,4115507,4699,28583.32,1424.62,f,2026-08-01
2771889d47553fc2f59daaf5044b9143,PARANA,MATELANDIA,PR,Brasil,t,interior,4115606,18450,78092.95,1633.10,f,2026-08-01
68f93fc4cd61ed21054d1da00da94d50,PARANA,MATINHOS,PR,Brasil,t,interior,4115705,39259,29246.92,1729.34,f,2026-08-01
15b94c1b3760bbd45e31e3a9fdd55c1a,PARANA,MATO RICO,PR,Brasil,t,interior,4115739,3267,48162.84,1179.56,f,2026-08-01
796f86b812d79c629130ba28d2e3d0a3,PARANA,MAUA DA SERRA,PR,Brasil,t,interior,4115754,9383,56188.00,1055.56,f,2026-08-01
621190c355bda188c0716b4eb9abd7a8,PARANA,MEDIANEIRA,PR,Brasil,t,interior,4115804,54369,55318.21,2049.11,f,2026-08-01
9fdcda937446eff64885d4d1cb9255ef,PARANA,MERCEDES,PR,Brasil,t,interior,4115853,5931,52582.87,1778.11,f,2026-08-01
1e96a24188089ded034c9954544c1686,PARANA,MIRADOR,PR,Brasil,t,interior,4115903,2238,79981.68,1213.96,f,2026-08-01
bc762ab3c96084fe551becd543f0e379,PARANA,MIRASELVA,PR,Brasil,t,interior,4116000,1966,35297.05,1212.39,f,2026-08-01
bf9365b6556587eedb57e32dc2056d9a,PARANA,MISSAL,PR,Brasil,t,interior,4116059,11064,44894.07,1858.61,f,2026-08-01
afac5692ab2c2df13352ef63f97bfc48,PARANA,MOREIRA SALES,PR,Brasil,t,interior,4116109,11175,34192.21,1204.28,f,2026-08-01
cc9f5031d4d74cb2b8a141733c35ee1c,PARANA,MORRETES,PR,Brasil,t,interior,4116208,18309,29204.87,1394.05,f,2026-08-01
26e1782a6f057c32263156f626f5ab4c,PARANA,MUNHOZ DE MELLO,PR,Brasil,t,interior,,,,,,2026-08-01
226902c58420dfae8bf203efd078cd58,PARANA,NOSSA SENHORA DAS GRACAS,PR,Brasil,t,interior,4116406,3669,34590.62,1612.61,f,2026-08-01
2a73200e96a4533770037866ed693788,PARANA,NOVA ALIANCA DO IVAI,PR,Brasil,t,interior,4116505,1323,53845.80,1455.89,f,2026-08-01
2ca50f80ae6e1e132508b252cd578e5a,PARANA,NOVA AMERICA DA COLINA,PR,Brasil,t,interior,4116604,3280,32956.40,1149.02,f,2026-08-01
088506c669152772b1426bab1385e3c3,PARANA,NOVA AURORA,PR,Brasil,t,interior,4116703,13765,75613.00,1730.42,f,2026-08-01
468fa0f94fc6da9c315ea6bb435b2f75,PARANA,NOVA CANTU,PR,Brasil,t,interior,4116802,6790,50327.69,1355.91,f,2026-08-01
286cbb5ad94c5ff4cedae878d090fcbd,PARANA,NOVA ESPERANCA,PR,Brasil,t,interior,4116901,26585,47150.57,1663.04,f,2026-08-01
1336b84d1003bba84cc67ae3fa8e3fd7,PARANA,NOVA ESPERANCA DO SUDOESTE,PR,Brasil,t,interior,4116950,5597,35513.67,2953.34,f,2026-08-01
9eb58444e5594c8d87d52691056d5dd8,PARANA,NOVA FATIMA,PR,Brasil,t,interior,4117008,7225,45319.45,1230.27,f,2026-08-01
f2689ffea8aa67e4fed03969052171a3,PARANA,NOVA LARANJEIRAS,PR,Brasil,t,interior,4117057,12074,31337.75,1149.47,f,2026-08-01
e20d1a39d94f21f8009f3c4a3d4dd51e,PARANA,NOVA LONDRINA,PR,Brasil,t,interior,4117107,12923,55592.20,1559.23,f,2026-08-01
e35f435d5b2cf671e8f90c91bd97eba1,PARANA,NOVA OLIMPIA,PR,Brasil,t,interior,4117206,5833,22756.90,1373.96,f,2026-08-01
fb1bffd1fb6c32dfb5ee13951a4afcd1,PARANA,NOVA PRATA DO IGUACU,PR,Brasil,t,interior,4117255,12699,44107.73,2106.68,f,2026-08-01
753a3cb413963da5f49184bfa6f6a2da,PARANA,NOVA SANTA BARBARA,PR,Brasil,t,interior,4117214,4184,31455.31,1183.28,f,2026-08-01
33bb63921d27baa4f61299d7c996ebd3,PARANA,NOVA SANTA ROSA,PR,Brasil,t,interior,4117222,8322,58192.14,1713.57,f,2026-08-01
fe4aa7c66f59bdd212d6014575ed55f8,PARANA,NOVA TEBAS,PR,Brasil,t,interior,4117271,6848,34638.14,1473.55,f,2026-08-01
b83e060cc5971bfe777b10ce6a9064ff,PARANA,NOVO ITACOLOMI,PR,Brasil,t,interior,4117297,3125,39975.36,1568.06,f,2026-08-01
0349e10efa80fc123a59de4d44d7e2f5,PARANA,ORTIGUEIRA,PR,Brasil,t,interior,4117305,24192,148490.00,1156.60,f,2026-08-01
716c286967c6c80e0113460ee5df62c1,PARANA,OURIZONA,PR,Brasil,t,interior,4117404,3187,58541.89,1624.55,f,2026-08-01
badc81c7086bb8f561a9b0dec8500676,PARANA,OURO VERDE DO OESTE,PR,Brasil,t,interior,4117453,6785,43793.22,1323.87,f,2026-08-01
e8a67c5c6da7cb980cdecce1eb3feb02,PARANA,PAICANDU,PR,Brasil,t,interior,4117503,45962,29205.91,1423.93,f,2026-08-01
6f8d060fe24974132da685e482857dd1,PARANA,PALMAS,PR,Brasil,t,interior,4117602,48247,35819.06,1515.41,f,2026-08-01
244ce0db5c11b8d47b752aa3dec5077e,PARANA,PALMEIRA,PR,Brasil,t,interior,4117701,33855,65573.86,1563.68,f,2026-08-01
fff09a24c535f557ec5984039cdde06f,PARANA,PALMITAL,PR,Brasil,t,interior,4117800,13033,31211.62,1265.43,f,2026-08-01
bb440e2be77949ecb2d855d5dc617d7f,PARANA,PALOTINA,PR,Brasil,t,interior,4117909,35011,105626.66,2272.86,f,2026-08-01
bb0b5591a1c992992b93337bd931b344,PARANA,PARAISO DO NORTE,PR,Brasil,t,interior,4118006,13245,40273.84,1575.83,f,2026-08-01
99d437d3c2f3a6275e6f89fcb513bf5c,PARANA,PARANACITY,PR,Brasil,t,interior,4118105,9557,54160.20,1362.04,f,2026-08-01
bbee2052035a22c624a4b2cc10b8b64f,PARANA,PARANAGUA,PR,Brasil,t,interior,4118204,145829,104860.51,1570.84,f,2026-08-01
f759dc8c1a3b93377f32bdb5ba16df12,PARANA,PARANAPOEMA,PR,Brasil,t,interior,4118303,2398,37022.94,1089.81,f,2026-08-01
dc21cc345d37f2d7c8f549db52410112,PARANA,PARANAVAI,PR,Brasil,t,interior,4118402,92001,45540.43,1810.85,f,2026-08-01
0f25d14ec4f554cea6ed4dacfaf49e3a,PARANA,PATO BRAGADO,PR,Brasil,t,interior,4118451,5733,47051.11,1801.41,f,2026-08-01
f52ce556776adbfe41710f461f371eb8,PARANA,PATO BRANCO,PR,Brasil,t,interior,4118501,91836,63350.93,2309.92,f,2026-08-01
71532653c68c1074b48442ff7532a25a,PARANA,PAULA FREITAS,PR,Brasil,t,interior,4118600,5666,86221.67,1665.15,f,2026-08-01
580eddef471dddbd1a67c192dd3181b6,PARANA,PAULO FRONTIN,PR,Brasil,t,interior,4118709,6343,74705.19,1462.14,f,2026-08-01
2b911e2be8b50e448a8a9fb49e757c34,PARANA,PEABIRU,PR,Brasil,t,interior,4118808,13346,39764.20,1549.52,f,2026-08-01
78b1f59bffc1c4da9336c79a577d3dcf,PARANA,PEROBAL,PR,Brasil,t,interior,4118857,7189,49373.77,1393.26,f,2026-08-01
c6ff4855137d42ed71c6cfe507f75fef,PARANA,PEROLA,PR,Brasil,t,interior,4118907,11878,30647.08,1485.86,f,2026-08-01
6a1fed24854c406ffb88324ee9561131,PARANA,PEROLA D'OESTE,PR,Brasil,t,interior,4119004,6221,43479.67,2376.50,f,2026-08-01
e0f466f29ccfda82c34aa5156d20687b,PARANA,PIEN,PR,Brasil,t,interior,4119103,13655,62484.44,1421.44,f,2026-08-01
3f6d4565c523f44d53dcc363d3fa94d6,PARANA,PINHAIS,PR,Brasil,t,interior,4119152,127019,77567.93,2122.76,f,2026-08-01
de2054bfbf345686e8b9fe7266c37e82,PARANA,PINHAL DO SAO BENTO,PR,Brasil,t,interior,,,,,,2026-08-01
994b3c9045f7082c3ddc83849003ea4b,PARANA,PINHALAO,PR,Brasil,t,interior,4119202,6566,38365.98,1351.43,f,2026-08-01
f3358d59c3925aff435a5155d1773eca,PARANA,PINHAO,PR,Brasil,t,interior,4119301,29886,61938.97,1121.81,f,2026-08-01
3581375dcdc235242b2e9e2f9e798072,PARANA,PIRAI DO SUL,PR,Brasil,t,interior,4119400,23651,60939.33,1409.00,f,2026-08-01
fbdc4a18d53866f50b49e057750ffebf,PARANA,PIRAQUARA,PR,Brasil,t,interior,4119509,118730,16015.57,1420.03,f,2026-08-01
de079a57808a2bc6ea3a7a318de40643,PARANA,PITANGA,PR,Brasil,t,interior,4119608,33567,43159.77,1584.10,f,2026-08-01
f4a879e15fd7e7c2cbf99177095ec82e,PARANA,PITANGUEIRAS,PR,Brasil,t,interior,4119657,3046,52716.02,1609.52,f,2026-08-01
c823192d199c04d5db8610eb18619f6e,PARANA,PLANALTINA DO PARANA,PR,Brasil,t,interior,4119707,4070,36742.01,1178.56,f,2026-08-01
38152be685a2f2099c0dff4856a0789a,PARANA,PLANALTO,PR,Brasil,t,interior,4119806,14374,36597.19,2090.83,f,2026-08-01
5e4306e98034b4250592969768ef5f05,PARANA,PONTA GROSSA,PR,Brasil,t,interior,4119905,358371,71387.82,1891.65,f,2026-08-01
242e911c9674e0a29c99670848b27a33,PARANA,PONTAL DO PARANA,PR,Brasil,t,interior,4119954,30425,26613.25,1644.82,f,2026-08-01
3ff00d4cd5227f595201d70747334617,PARANA,PORECATU,PR,Brasil,t,interior,4120002,11624,63054.71,1614.47,f,2026-08-01
2752ece46ef91dbf492b6ed03f6144b2,PARANA,PORTO AMAZONAS,PR,Brasil,t,interior,4120101,4098,95573.94,1567.66,f,2026-08-01
189b1e9c23657c0d1da9eba7811cc810,PARANA,PORTO BARREIRO,PR,Brasil,t,interior,4120150,3110,54394.86,1915.74,t,2026-08-01
c8798b4d717edb59f691d6e0a1dba606,PARANA,PORTO RICO,PR,Brasil,t,interior,4120200,3182,48076.68,2008.51,f,2026-08-01
28c1c91e10b96a8e967625907e38f8c6,PARANA,PORTO VITORIA,PR,Brasil,t,interior,4120309,3562,27608.37,1212.67,f,2026-08-01
ea39c29569124bd4fcf08a715822234d,PARANA,PRADO FERREIRA,PR,Brasil,t,interior,4120333,3709,56067.67,1321.84,f,2026-08-01
46d19291d49cc572a88bf8295eb625c5,PARANA,PRANCHITA,PR,Brasil,t,interior,4120358,5737,66007.84,2502.72,f,2026-08-01
6dda8964134ed3bd41992729f9296598,PARANA,PRESIDENTE CASTELO BRANCO,PR,Brasil,t,interior,4120408,4336,45464.94,1492.24,f,2026-08-01
1f8077628c2fe4a55aac06dc1cdde238,PARANA,PRIMEIRO DE MAIO,PR,Brasil,t,interior,4120507,10082,45871.45,1561.86,f,2026-08-01
346ef40a8548d583c503c7795233510c,PARANA,PRUDENTOPOLIS,PR,Brasil,t,interior,4120606,49393,38587.31,1411.17,f,2026-08-01
59edd9b92685daf3d8aecc7da719eb81,PARANA,QUARTO CENTENARIO,PR,Brasil,t,interior,4120655,4201,97362.29,1287.55,f,2026-08-01
123b0d51f259f82b2c564665a86b7df1,PARANA,QUATIGUA,PR,Brasil,t,interior,4120705,8099,30189.78,1506.45,f,2026-08-01
cf65ddf68781e22c65ff397c3f8a549b,PARANA,QUATRO BARRAS,PR,Brasil,t,interior,4120804,24191,96572.32,2002.85,f,2026-08-01
664d21c7e63df95e61e296c19d19b328,PARANA,QUATRO PONTES,PR,Brasil,t,interior,4120853,4480,68554.02,2437.06,f,2026-08-01
1c82602b6e5b7d326ea64566772ba730,PARANA,QUEDAS DO IGUACU,PR,Brasil,t,interior,4120903,30738,62721.88,1425.00,f,2026-08-01
3f2082dcc6f4cabf3b97e4db5872c3d2,PARANA,QUERENCIA DO NORTE,PR,Brasil,t,interior,4121000,10685,32030.32,1373.66,f,2026-08-01
1bc06a6c74aa11332c00aeca07ed66e4,PARANA,QUINTA DO SOL,PR,Brasil,t,interior,4121109,5001,62978.00,1463.10,f,2026-08-01
c6d3765d13d82c772fe433044a9ed912,PARANA,QUITANDINHA,PR,Brasil,t,interior,4121208,18398,32311.07,1211.25,f,2026-08-01
4a46f5766340819872052ad631126b82,PARANA,RAMILANDIA,PR,Brasil,t,interior,4121257,4221,29989.34,1122.96,f,2026-08-01
b8f31c6be166301afb98cd5e1aa6bd36,PARANA,RANCHO ALEGRE,PR,Brasil,t,interior,4121307,3512,56141.80,1381.13,f,2026-08-01
55e558d3ca655541f2d6e09cad89cf9e,PARANA,RANCHO ALEGRE D'OESTE,PR,Brasil,t,interior,4121356,2618,90008.40,1077.07,f,2026-08-01
94505eb3edc9bd5da41f07cf62b7dc88,PARANA,REALEZA,PR,Brasil,t,interior,4121406,19247,49825.27,2238.89,f,2026-08-01
8a36ce5be4b8fe84b65428697d6de2d6,PARANA,REBOUCAS,PR,Brasil,t,interior,4121505,14514,43802.67,1322.81,f,2026-08-01
c364a513d40cb3153565c6dd29657e43,PARANA,RENASCENCA,PR,Brasil,t,interior,4121604,6845,67212.86,1626.85,f,2026-08-01
ff95866aebb04bcc51d35fac4289c4b9,PARANA,RESERVA,PR,Brasil,t,interior,4121703,24573,31106.13,1228.72,f,2026-08-01
73276b04244f51377a116ab1da17f8e5,PARANA,RESERVA DO IGUACU,PR,Brasil,t,interior,4121752,6553,39346.71,1098.19,f,2026-08-01
7e346ecc3d3fe275a635b65aa0e7f081,PARANA,RIBEIRAO CLARO,PR,Brasil,t,interior,4121802,12364,49315.84,1565.81,f,2026-08-01
7b3ec8e55d5d985769516934ddf76ee4,PARANA,RIBEIRAO DO PINHAL,PR,Brasil,t,interior,4121901,13060,37360.87,1275.58,f,2026-08-01
4b450e8565739745a8af39aa3737b755,PARANA,RIO AZUL,PR,Brasil,t,interior,4122008,14025,71086.77,1310.29,f,2026-08-01
e2f9af68fe221d3c9dc721e1203eb367,PARANA,RIO BOM,PR,Brasil,t,interior,4122107,3197,37164.53,1418.24,f,2026-08-01
223eae12a80e4cf4eb01c5bd8594c9d5,PARANA,RIO BONITO DO IGUACU,PR,Brasil,t,interior,4122156,13929,36921.89,1218.66,f,2026-08-01
d3cb510346e5d4d521f32fb54c06ea5c,PARANA,RIO BRANCO DO IVAI,PR,Brasil,t,interior,4122172,3808,45877.10,1163.27,f,2026-08-01
eb9ec1565a8da71c3832436c6b1a17b1,PARANA,RIO BRANCO DO SUL,PR,Brasil,t,interior,4122206,37558,49279.14,1030.48,f,2026-08-01
63c58f8095b65c778bf078110c7b2d30,PARANA,RIO NEGRO,PR,Brasil,t,interior,4122305,31324,46487.20,1799.19,f,2026-08-01
5a6aa01ea6171283e559aaa72587a4cf,PARANA,ROLANDIA,PR,Brasil,t,interior,4122404,71670,64220.79,1663.39,f,2026-08-01
27766aa412059a9e0f069eff3b86db1e,PARANA,RONCADOR,PR,Brasil,t,interior,4122503,11251,56837.08,1349.95,f,2026-08-01
eb0ed454bca19620b5df982330ae9ec5,PARANA,RONDON,PR,Brasil,t,interior,4122602,9097,59221.28,1514.88,f,2026-08-01
642f3ee608409f15d56b536830f2a5bb,PARANA,ROSARIO DO IVAI,PR,Brasil,t,interior,4122651,5435,30660.17,1324.47,f,2026-08-01
c0dfbf61964943ee6f37365eb99726ba,PARANA,SABAUDIA,PR,Brasil,t,interior,4122701,8822,84033.67,1580.46,f,2026-08-01
a5a17ce536aa301051b850faee58b928,PARANA,SALGADO FILHO,PR,Brasil,t,interior,4122800,4075,35480.00,1865.95,f,2026-08-01
a053ddee33eb4f16aebfccd9ba41be74,PARANA,SALTO DO ITARARE,PR,Brasil,t,interior,4122909,5192,23913.71,1385.52,f,2026-08-01
a56c3b094fa46fb85b10f4ee3c664008,PARANA,SALTO DO LONTRA,PR,Brasil,t,interior,4123006,15223,41283.19,1937.98,f,2026-08-01
50fa797760fa569b4e370aea149fa948,PARANA,SANTA AMELIA,PR,Brasil,t,interior,4123105,3394,41703.59,1219.36,f,2026-08-01
15374816126df41786649018288f766a,PARANA,SANTA CECILIA DO PAVAO,PR,Brasil,t,interior,4123204,3365,53243.98,1194.03,f,2026-08-01
c369bbbebac573e3b7fca68dc2e3873a,PARANA,SANTA CRUZ DO MONTE CASTELO,PR,Brasil,t,interior,,,,,,2026-08-01
addd777318588f1827966cd3266e19ed,PARANA,SANTA FE,PR,Brasil,t,interior,4123402,11378,39541.75,1458.51,f,2026-08-01
391fa692cd765f8593071b6a35d19bd7,PARANA,SANTA HELENA,PR,Brasil,t,interior,4123501,25492,64374.86,2128.29,f,2026-08-01
c93e7a99fa5c7679b6d47d07b088c8dd,PARANA,SANTA INES,PR,Brasil,t,interior,4123600,1748,48715.68,1333.84,f,2026-08-01
12d34bfdc82eb44ac5d3053042369380,PARANA,SANTA ISABEL DO IVAI,PR,Brasil,t,interior,4123709,8912,32954.67,1425.90,f,2026-08-01
6316dcc554afe8517779ceb254971caa,PARANA,SANTA IZABEL DO OESTE,PR,Brasil,t,interior,4123808,14070,36537.24,1908.59,f,2026-08-01
e32b720a8f06456ff6fde813ac5b00df,PARANA,SANTA LUCIA,PR,Brasil,t,interior,4123824,3644,43410.54,1305.23,f,2026-08-01
6ece7474d9634d6116c8b2c019f68b7b,PARANA,SANTA MARIA DO OESTE,PR,Brasil,t,interior,4123857,9934,35539.16,1045.38,f,2026-08-01
c7a9971a82263cd895264b3587aa5076,PARANA,SANTA MARIANA,PR,Brasil,t,interior,4123907,11066,44999.19,1464.31,f,2026-08-01
6468f7b576617b6eb5fcf3db4cc41e5c,PARANA,SANTA MONICA,PR,Brasil,t,interior,4123956,3356,34407.33,1158.56,f,2026-08-01
8f1439af1a1e5b419175a99f9e45eca8,PARANA,SANTA TEREZA DO OESTE,PR,Brasil,t,interior,4124020,13174,54145.67,1489.90,f,2026-08-01
c6f468fa00904ee2b2e5096a278d056c,PARANA,SANTA TEREZINHA DE ITAIPU,PR,Brasil,t,interior,4124053,24262,31536.72,1690.18,f,2026-08-01
c574ea9c01d413cb99699b5de3d39110,PARANA,SANTANA DO ITARARE,PR,Brasil,t,interior,4124004,5514,33377.22,1360.85,f,2026-08-01
dafb7af03da099867c483719d4e6a923,PARANA,SANTO ANTONIO DA PLATINA,PR,Brasil,t,interior,4124103,44369,41422.71,1439.66,f,2026-08-01
20156f900a80cecd9576dae02fda1ce7,PARANA,SANTO ANTONIO DO CAIUA,PR,Brasil,t,interior,4124202,2493,28089.45,1309.09,f,2026-08-01
2c8f3bf91924798452b9318ff5f7c28d,PARANA,SANTO ANTONIO DO PARAISO,PR,Brasil,t,interior,4124301,2125,54023.06,1340.41,f,2026-08-01
cb47d8984740abc54de4d3e1aa2964d9,PARANA,SANTO ANTONIO DO SUDOESTE,PR,Brasil,t,interior,4124400,23673,33999.32,1734.86,f,2026-08-01
3e594a9629489f4c9c231e761e4acf35,PARANA,SANTO INACIO,PR,Brasil,t,interior,4124509,6181,135370.81,1660.45,f,2026-08-01
6238a5606e06ce37425783f2457e41a6,PARANA,SAO CARLOS DO IVAI,PR,Brasil,t,interior,4124608,6587,86205.56,1514.76,f,2026-08-01
ce5dc1ff4824b0cc597a0b4dc61438b5,PARANA,SAO JERONIMO DA SERRA,PR,Brasil,t,interior,4124707,10830,32253.55,1168.93,f,2026-08-01
c6ca4990249c167af64828695050b4db,PARANA,SAO JOAO,PR,Brasil,t,interior,4124806,11886,102656.74,1693.11,f,2026-08-01
77f62d39ff35858b6a3ddbc63c17e6cd,PARANA,SAO JOAO DO CAIUA,PR,Brasil,t,interior,4124905,5586,34310.06,1220.35,f,2026-08-01
e950df5d1f15d103d65a75af7c413149,PARANA,SAO JOAO DO IVAI,PR,Brasil,t,interior,4125001,10667,38494.14,1435.26,f,2026-08-01
83054f3d9756edc7b71263ba251f5984,PARANA,SAO JOAO DO TRIUNFO,PR,Brasil,t,interior,4125100,13726,63813.71,1474.27,f,2026-08-01
3fa06fc916452e41b110cdfae33f540f,PARANA,SAO JORGE D'OESTE,PR,Brasil,t,interior,4125209,9378,56677.44,1829.04,f,2026-08-01
dbeb082a80f3eda30e57676c4976d5ab,PARANA,SAO JORGE DO IVAI,PR,Brasil,t,interior,4125308,5168,80750.00,1785.31,f,2026-08-01
2f090b270ad8d0ad0f788c37b62f9150,PARANA,SAO JORGE DO PATROCINIO,PR,Brasil,t,interior,4125357,6504,28172.20,1373.72,f,2026-08-01
5dba6c997ee6f6ce7f089789e77a4e3f,PARANA,SAO JOSE DA BOA VISTA,PR,Brasil,t,interior,4125407,6040,38516.72,1395.21,f,2026-08-01
b090497d933f2b4ea82d2e10daa32957,PARANA,SAO JOSE DAS PALMEIRAS,PR,Brasil,t,interior,4125456,3957,27716.45,1557.10,f,2026-08-01
04b9c704aa8e4818932f631d2b6fe88a,PARANA,SAO JOSE DOS PINHAIS,PR,Brasil,t,interior,4125506,329628,103019.05,1823.68,f,2026-08-01
a68cea428dbd8d05d39d44b67e88198c,PARANA,SAO MANOEL DO PARANA,PR,Brasil,t,interior,4125555,2138,38835.36,1301.92,f,2026-08-01
481e43e1e8402719002d197a71e3ac66,PARANA,SAO MATEUS DO SUL,PR,Brasil,t,interior,4125605,42366,45653.17,1568.37,f,2026-08-01
3eb73b03c3e65efe11b56c0a967efecb,PARANA,SAO MIGUEL DO IGUACU,PR,Brasil,t,interior,4125704,29122,50972.19,1733.78,f,2026-08-01
53d8d2ed98254846b75f904c2a64e327,PARANA,SAO PEDRO DO IGUACU,PR,Brasil,t,interior,4125753,5784,46313.45,1478.95,f,2026-08-01
1707c8b3bbccb380bf3ffb38e58a8083,PARANA,SAO PEDRO DO IVAI,PR,Brasil,t,interior,4125803,8690,52135.56,1588.58,f,2026-08-01
88fcbe90ae1c259dbaff1451360bfd4d,PARANA,SAO PEDRO DO PARANA,PR,Brasil,t,interior,4125902,2661,41823.00,1682.34,f,2026-08-01
b10b4e628a848ee0d0b15e3c11637129,PARANA,SAO SEBASTIAO DA AMOREIRA,PR,Brasil,t,interior,4126009,8063,34425.03,1305.25,f,2026-08-01
fabcdb848f490b2dd080e8906e4a53f4,PARANA,SAO TOME,PR,Brasil,t,interior,4126108,5232,42277.14,1352.04,f,2026-08-01
af23a1a39f66447db014a8cc242acf54,PARANA,SAPOPEMA,PR,Brasil,t,interior,4126207,6695,27337.27,1074.17,f,2026-08-01
cda7535c35fe8edd3a56c4dc7ce640b9,PARANA,SARANDI,PR,Brasil,t,interior,4126256,118455,20249.80,1461.61,f,2026-08-01
46e73af279fcb20e4d2dbe92806e094a,PARANA,SAUDADE DO IGUACU,PR,Brasil,t,interior,4126272,6108,187201.54,1875.40,f,2026-08-01
c1f19950f7ad2ce3e1787b3acb3a6ab8,PARANA,SENGES,PR,Brasil,t,interior,4126306,17270,40007.18,1315.97,f,2026-08-01
b302a3ac0b9a54a341fa91239fb8a07d,PARANA,SERRANOPOLIS DO IGUACU,PR,Brasil,t,interior,4126355,5007,54438.39,1990.96,f,2026-08-01
32bf33e022cb13b7304121022dbc0e98,PARANA,SERTANEJA,PR,Brasil,t,interior,4126405,5616,82925.93,1730.01,f,2026-08-01
97c5b2c7d29160bd7fb8f3122f6ed7a7,PARANA,SERTANOPOLIS,PR,Brasil,t,interior,4126504,15930,54232.96,1843.32,f,2026-08-01
55f3216ac4780c379412c19c439f05ea,PARANA,SIQUEIRA CAMPOS,PR,Brasil,t,interior,4126603,22811,37311.87,1562.88,f,2026-08-01
bacde932a6273a37acef4ad6e2841125,PARANA,SULINA,PR,Brasil,t,interior,4126652,3440,55517.15,2593.96,f,2026-08-01
f10539bbc7de7b5c0c44b61a9487d36d,PARANA,TAMARANA,PR,Brasil,t,interior,4126678,10707,44325.77,1129.05,f,2026-08-01
e3e82ce7d5409f1aef9054079127a256,PARANA,TAMBOARA,PR,Brasil,t,interior,4126702,4880,37734.63,1407.37,f,2026-08-01
de2732ee7db29984b61ead1ab5c6f6bb,PARANA,TAPEJARA,PR,Brasil,t,interior,4126801,15869,46073.67,1355.43,f,2026-08-01
988f4a5b8a44a8def194e41c8dbdc6f0,PARANA,TAPIRA,PR,Brasil,t,interior,4126900,5745,32674.33,1376.12,f,2026-08-01
7a6e2ec836997edf9b2dec25d8154017,PARANA,TEIXEIRA SOARES,PR,Brasil,t,interior,4127007,9547,66312.24,1413.01,f,2026-08-01
6b25882b8000586c38e5668b0e9dbf9b,PARANA,TELEMACO BORBA,PR,Brasil,t,interior,4127106,75042,85411.17,1683.23,f,2026-08-01
ea9fa0225971b8d964e9c241751d6abf,PARANA,TERRA BOA,PR,Brasil,t,interior,4127205,17568,40409.95,1465.38,f,2026-08-01
bd0212c2f443922b36715b1f059642e2,PARANA,TERRA RICA,PR,Brasil,t,interior,4127304,14842,36352.65,1486.82,f,2026-08-01
e62ee6760b2c03056b1b624ab944a28c,PARANA,TERRA ROXA,PR,Brasil,t,interior,4127403,18119,50852.70,1587.77,f,2026-08-01
cd8e7720e1e559994b7ea86be5d3c044,PARANA,TIBAGI,PR,Brasil,t,interior,4127502,19961,72572.72,1248.88,f,2026-08-01
627c5c95d5d66fa9d22ce09929d7cc79,PARANA,TIJUCAS DO SUL,PR,Brasil,t,interior,4127601,17621,31449.69,1318.51,f,2026-08-01
d0a2b3d580362ce23309211745bbb013,PARANA,TOLEDO,PR,Brasil,t,interior,4127700,150470,63192.48,2165.17,f,2026-08-01
7ecd273f698c9b00d0cb441ac1106ae1,PARANA,TOMAZINA,PR,Brasil,t,interior,4127809,8426,41593.28,1530.72,f,2026-08-01
dee50d52baf53fae2b30dc750fc21f4f,PARANA,TRES BARRAS DO PARANA,PR,Brasil,t,interior,4127858,11135,40731.93,1602.60,f,2026-08-01
47be18708d39f049d4a72cf8c88e243a,PARANA,TUNAS DO PARANA,PR,Brasil,t,interior,4127882,6219,22908.35,1119.88,f,2026-08-01
e9a95cd60532891410759320fcdf80b2,PARANA,TUNEIRAS DO OESTE,PR,Brasil,t,interior,4127908,8067,36881.24,1190.36,f,2026-08-01
555c33bcd6f96dfcd6e8055f908609c9,PARANA,TUPASSI,PR,Brasil,t,interior,4127957,8077,64431.97,1663.51,f,2026-08-01
1ed0f1dfadd51a7be6e681b0f3a01e91,PARANA,TURVO,PR,Brasil,t,interior,4127965,14231,49038.72,1317.98,f,2026-08-01
428895152e69ed0475dc36320a026758,PARANA,UBIRATA,PR,Brasil,t,interior,4128005,24749,86060.93,1637.48,f,2026-08-01
9ec328b008883906a3179bd3197b8fa3,PARANA,UMUARAMA,PR,Brasil,t,interior,4128104,117095,43528.72,1959.13,f,2026-08-01
abbfc37a9f6c30627a968d66cd1a88eb,PARANA,UNIAO DA VITORIA,PR,Brasil,t,interior,4128203,55033,40400.72,1628.91,f,2026-08-01
8bb0a95fe8db84b29889d65a267ca96f,PARANA,UNIFLOR,PR,Brasil,t,interior,4128302,2136,61640.92,1318.40,f,2026-08-01
c64124a502e7b32736132ea9a55f28bd,PARANA,URAI,PR,Brasil,t,interior,4128401,10406,37963.96,1578.68,f,2026-08-01
277527adeef91e7f511248f1b81a19df,PARANA,VENTANIA,PR,Brasil,t,interior,4128534,9681,39126.54,1263.37,f,2026-08-01
532faa7ce0bef1435ab82820a2605363,PARANA,VERA CRUZ DO OESTE,PR,Brasil,t,interior,4128559,8215,40852.95,1368.31,f,2026-08-01
cebd68def6fe641811d2a03a2c65b4a5,PARANA,VERE,PR,Brasil,t,interior,4128609,7932,76503.78,1887.70,f,2026-08-01
b136a8df5bcb26088b394d88202854f5,PARANA,VIRMOND,PR,Brasil,t,interior,4128658,3811,63389.92,1641.92,f,2026-08-01
69b043a176ecadddb6b1e38b0637bde2,PARANA,VITORINO,PR,Brasil,t,interior,4128708,9706,65013.91,1800.07,f,2026-08-01
368c946d52a13c0a9bfd74b25ebcdc74,PARANA,WENCESLAU BRAZ,PR,Brasil,t,interior,4128500,19188,39986.24,1431.15,f,2026-08-01
366ced335b801850fe0c33d05dce23d4,PARANA,XAMBRE,PR,Brasil,t,interior,4128807,5798,23887.20,1278.58,f,2026-08-01
89465edb7d5abd69cb209b3eee2bc27c,PERNAMBUCO,ABREU E LIMA,PE,Brasil,t,interior,2600054,98462,21630.43,846.62,f,2026-08-01
a216ebff810320f6a0e166faae724f07,PERNAMBUCO,AFOGADOS DA INGAZEIRA,PE,Brasil,t,interior,2600104,40241,16177.56,919.32,f,2026-08-01
2a07241908c949ca27129ccb7f030d6b,PERNAMBUCO,AFRANIO,PE,Brasil,t,interior,2600203,18674,14547.93,691.79,f,2026-08-01
f13fcc9fb3769da27f07dffedf994146,PERNAMBUCO,AGRESTINA,PE,Brasil,t,interior,2600302,23779,15479.04,705.78,f,2026-08-01
8ed870f09a814156f7c492d2659e5c86,PERNAMBUCO,AGUA PRETA,PE,Brasil,t,interior,2600401,26461,9963.42,648.88,f,2026-08-01
5ca90fc95b7482849df1e90bddf4bff6,PERNAMBUCO,AGUAS BELAS,PE,Brasil,t,interior,2600500,41548,11784.85,664.95,f,2026-08-01
c4986dfc3e328ba6b6cf588355644704,PERNAMBUCO,ALAGOINHA,PE,Brasil,t,interior,2600609,13542,14750.48,874.61,f,2026-08-01
2bb728f60d2d6d70213f3c9c5480ed42,PERNAMBUCO,ALIANCA,PE,Brasil,t,interior,2600708,35741,13218.68,690.20,f,2026-08-01
1847a5cdc260feea9b8802d0857ab5f2,PERNAMBUCO,ALTINHO,PE,Brasil,t,interior,2600807,20674,14608.78,750.58,f,2026-08-01
a56ac35d716140939001b5eafa516977,PERNAMBUCO,AMARAJI,PE,Brasil,t,interior,2600906,18205,16907.00,660.20,f,2026-08-01
8fc44f3d1e35f6740d893c9b6b368331,PERNAMBUCO,ANGELIM,PE,Brasil,t,interior,2601003,10241,18252.81,715.39,f,2026-08-01
a4d535118f6270d347731a7cdd9b0f38,PERNAMBUCO,ARACOIABA,PE,Brasil,t,interior,2601052,19243,10555.16,654.41,f,2026-08-01
0b766bb6bdc1a7df953788632d194f12,PERNAMBUCO,ARARIPINA,PE,Brasil,t,interior,2601102,85088,20892.64,739.65,f,2026-08-01
71e270b662f5f8f4caadd4f15d3dadf8,PERNAMBUCO,ARCOVERDE,PE,Brasil,t,interior,2601201,77742,19341.17,1070.66,f,2026-08-01
fdf269c38e9c9516becfeb70fa3b522d,PERNAMBUCO,BARRA DE GUABIRABA,PE,Brasil,t,interior,2601300,12263,16065.97,636.98,f,2026-08-01
110f91dfd51fda65096a2372ae751988,PERNAMBUCO,BARREIROS,PE,Brasil,t,interior,2601409,40121,16087.26,716.35,f,2026-08-01
55d876ac2992ce3fd889a0bd34387fa6,PERNAMBUCO,BELEM DE MARIA,PE,Brasil,t,interior,2601508,10378,10669.97,699.08,f,2026-08-01
8e4e63c6bc7923d794b04d40f3b82792,PERNAMBUCO,BELEM DE SAO FRANCISCO,PE,Brasil,t,interior,,,,,,2026-08-01
11964bbffbc3977f97bf932a05e1eabe,PERNAMBUCO,BELO JARDIM,PE,Brasil,t,interior,2601706,79507,43136.18,891.95,f,2026-08-01
d4536a2bdaf3204a295e8d1600ba7f1c,PERNAMBUCO,BETANIA,PE,Brasil,t,interior,2601805,11232,11173.25,640.05,f,2026-08-01
db9b68540bd06eee97951a1556eddcc4,PERNAMBUCO,BEZERROS,PE,Brasil,t,interior,2601904,61694,17662.74,924.11,f,2026-08-01
e9e3de20420fff918d4f3c16ab08b4d7,PERNAMBUCO,BODOCO,PE,Brasil,t,interior,2602001,34478,11260.72,682.16,f,2026-08-01
217fcf4f4f3fe59c4297d336d4e3c376,PERNAMBUCO,BOM CONSELHO,PE,Brasil,t,interior,2602100,44294,18098.86,770.50,f,2026-08-01
ab56f5d14bb06e8cb15ab889d70d0126,PERNAMBUCO,BOM JARDIM,PE,Brasil,t,interior,2602209,37629,11136.14,690.72,f,2026-08-01
6626b787281b0b2381525fa71538864b,PERNAMBUCO,BONITO,PE,Brasil,t,interior,2602308,37474,19645.38,709.58,f,2026-08-01
1dc7bd8fdcd3314d5d15c0ed5b594d1e,PERNAMBUCO,BREJAO,PE,Brasil,t,interior,2602407,9079,24997.03,636.03,f,2026-08-01
5e419cc0e4f59759cf11fa60b620464f,PERNAMBUCO,BREJINHO,PE,Brasil,t,interior,2602506,7720,12394.17,773.01,f,2026-08-01
ea934a6674d142e4c73b2ec8b908330c,PERNAMBUCO,BREJO DA MADRE DE DEUS,PE,Brasil,t,interior,2602605,48648,10895.31,675.81,f,2026-08-01
4724fba7cf6f06da3fba46a1d6c3796f,PERNAMBUCO,BUENOS AIRES,PE,Brasil,t,interior,2602704,12808,12743.36,708.20,f,2026-08-01
6344a84b4a8ffb08d2e772bba9e49adb,PERNAMBUCO,BUIQUE,PE,Brasil,t,interior,2602803,52097,12420.35,568.15,f,2026-08-01
d5a61119d880f59639e3ef419299fc6d,PERNAMBUCO,CABO DE SANTO AGOSTINHO,PE,Brasil,t,interior,2602902,203440,78144.02,945.95,f,2026-08-01
f6206d72e18637e0ec4877bb56036541,PERNAMBUCO,CABROBO,PE,Brasil,t,interior,2603009,30294,17699.05,696.24,f,2026-08-01
cc0df6ab5ee8fa34ec048b86463f4b62,PERNAMBUCO,CACHOEIRINHA,PE,Brasil,t,interior,2603108,19899,14590.58,751.83,f,2026-08-01
52915ded151c710b4d696dbf6096445a,PERNAMBUCO,CAETES,PE,Brasil,t,interior,2603207,28827,17456.27,638.00,f,2026-08-01
9be6b28860a82f30748b53e6ab94af24,PERNAMBUCO,CALCADO,PE,Brasil,t,interior,2603306,11093,12109.53,649.94,f,2026-08-01
4d4fc8035e79f87177d998efa423fe52,PERNAMBUCO,CALUMBI,PE,Brasil,t,interior,2603405,5228,11906.85,734.95,f,2026-08-01
b007e3db496c34dfb85a89122b3a9c96,PERNAMBUCO,CAMARAGIBE,PE,Brasil,t,interior,2603454,147771,16488.70,1097.38,f,2026-08-01
747cdc06fde0f62cffea53e0ff3160aa,PERNAMBUCO,CAMOCIM DE SAO FELIX,PE,Brasil,t,interior,2603504,17419,12012.52,756.16,f,2026-08-01
98cbbc22d3a802be1f3abd6bca333a50,PERNAMBUCO,CAMUTANGA,PE,Brasil,t,interior,2603603,7750,55160.65,704.26,f,2026-08-01
e8a6d6f212b7069c400652962b67d646,PERNAMBUCO,CANHOTINHO,PE,Brasil,t,interior,2603702,24329,15002.51,705.83,f,2026-08-01
9b59e0d504cef9f8a71fff09750f7bb1,PERNAMBUCO,CAPOEIRAS,PE,Brasil,t,interior,2603801,18338,14510.31,632.03,f,2026-08-01
7511636c814a219ed62498f1964bf36e,PERNAMBUCO,CARNAIBA,PE,Brasil,t,interior,2603900,18644,11418.74,701.37,f,2026-08-01
785b0b8511f6fc46724fab5160f03ab9,PERNAMBUCO,CARNAUBEIRA DA PENHA,PE,Brasil,t,interior,2603926,12239,8747.36,646.68,f,2026-08-01
d8e4b983b087565d0a9b94bf700625c0,PERNAMBUCO,CARPINA,PE,Brasil,t,interior,2604007,79293,24434.31,1015.04,f,2026-08-01
56b96ef3d43e85a2ae8acbaa8a95d251,PERNAMBUCO,CARUARU,PE,Brasil,t,interior,2604106,378048,29727.53,1147.39,f,2026-08-01
d2691a7ad0a05c5b126b111755469939,PERNAMBUCO,CASINHAS,PE,Brasil,t,interior,2604155,12967,9688.52,604.46,f,2026-08-01
dcc127f9b817992f9c0606a6198e640e,PERNAMBUCO,CATENDE,PE,Brasil,t,interior,2604205,32156,12130.71,751.85,f,2026-08-01
7b8159c5df675ba60eeb3ae73ccda72f,PERNAMBUCO,CEDRO,PE,Brasil,t,interior,2604304,10518,12697.66,684.12,f,2026-08-01
12a501450d5571c91b338314fa0e72b3,PERNAMBUCO,CHA DE ALEGRIA,PE,Brasil,t,interior,2604403,12984,14654.42,658.43,f,2026-08-01
bc16296edbd858cc7d02be6b1301a053,PERNAMBUCO,CHA GRANDE,PE,Brasil,t,interior,2604502,20546,15824.44,751.12,f,2026-08-01
6649886438bec70f64b64fb4b69cce5b,PERNAMBUCO,CONDADO,PE,Brasil,t,interior,2604601,24587,11997.68,767.77,f,2026-08-01
d0a145c3281414cea65b81c711bba49a,PERNAMBUCO,CORRENTES,PE,Brasil,t,interior,2604700,17131,12368.22,619.92,f,2026-08-01
3af86aace9bbfbe778a9b2c04f540924,PERNAMBUCO,CORTES,PE,Brasil,t,interior,2604809,10198,14489.21,678.09,f,2026-08-01
9b810818fc5fd4d3e8cb8de8366e1067,PERNAMBUCO,CUMARU,PE,Brasil,t,interior,2604908,15920,10294.60,750.88,f,2026-08-01
a66a6b72581518000d62d3ddc89d43d3,PERNAMBUCO,CUPIRA,PE,Brasil,t,interior,2605004,23518,15129.22,712.78,f,2026-08-01
9bd261656ae51afc56ad8bb820d3cf82,PERNAMBUCO,CUSTODIA,PE,Brasil,t,interior,2605103,37699,20149.31,857.53,f,2026-08-01
dd0af32c4232f33134a829e23a3762e0,PERNAMBUCO,DORMENTES,PE,Brasil,t,interior,2605152,17188,18143.70,775.81,f,2026-08-01
d1bcf59d3505277afe808ba864d2ded7,PERNAMBUCO,ESCADA,PE,Brasil,t,interior,2605202,59891,26419.71,822.04,f,2026-08-01
9268d797aa4dd8dbfec46267f778e74c,PERNAMBUCO,EXU,PE,Brasil,t,interior,2605301,31843,13827.69,647.76,f,2026-08-01
846b42a96deab6ee76db07df1a111046,PERNAMBUCO,FEIRA NOVA,PE,Brasil,t,interior,2605400,21427,12812.90,738.81,f,2026-08-01
f97aff639b0f650baee7290bada9cc4f,PERNAMBUCO,FERNANDO DE NORONHA,PE,Brasil,t,interior,2605459,3167,96281.34,2566.14,f,2026-08-01
8176d218fffe0000b01db60ac80cf771,PERNAMBUCO,FERREIROS,PE,Brasil,t,interior,2605509,15026,11408.43,803.44,f,2026-08-01
316580f0d5169ce6a3f6ae1a5088dd4c,PERNAMBUCO,FLORES,PE,Brasil,t,interior,2605608,20347,12074.46,666.01,f,2026-08-01
fb9dafb0e7874bdb90facfbf441d80ea,PERNAMBUCO,FLORESTA,PE,Brasil,t,interior,2605707,30137,19353.59,843.67,f,2026-08-01
2e6e02eb0d3ce5c889ff857aae913adb,PERNAMBUCO,FREI MIGUELINHO,PE,Brasil,t,interior,2605806,13636,11149.31,794.41,f,2026-08-01
4bb384f9e8f1ed1957dd2f890afb096b,PERNAMBUCO,GAMELEIRA,PE,Brasil,t,interior,2605905,18214,13626.00,707.33,f,2026-08-01
3df1321b3f99afed845bc8706aa9bd0f,PERNAMBUCO,GARANHUNS,PE,Brasil,t,interior,2606002,142506,26908.59,1128.17,f,2026-08-01
a46a3d6b4f86383ab748adcf3c5010f3,PERNAMBUCO,GLORIA DO GOITA,PE,Brasil,t,interior,2606101,29347,21334.86,691.86,f,2026-08-01
49bf662f478e681d4289703a75a17689,PERNAMBUCO,GOIANA,PE,Brasil,t,interior,2606200,81055,171409.82,839.04,f,2026-08-01
3afab356f3b398f3b37385b80e1a2487,PERNAMBUCO,GRANITO,PE,Brasil,t,interior,2606309,6967,13071.77,697.41,f,2026-08-01
f72a185d3d63da78e8cbd1a2649124d1,PERNAMBUCO,GRAVATA,PE,Brasil,t,interior,2606408,86516,18929.94,1029.73,f,2026-08-01
5ba4c1b74ecb13772ca560c3d551b561,PERNAMBUCO,IATI,PE,Brasil,t,interior,2606507,17165,13749.67,670.09,f,2026-08-01
e6ff04eb06c099d135aed8e99af4fed0,PERNAMBUCO,IBIMIRIM,PE,Brasil,t,interior,2606606,26593,15995.00,646.06,f,2026-08-01
8c7aacb29842f9fdd3ac2709d2ae967c,PERNAMBUCO,IBIRAJUBA,PE,Brasil,t,interior,2606705,7140,13886.97,704.48,f,2026-08-01
a1bc4b98b4e372bf04f8028f028c823e,PERNAMBUCO,IGARASSU,PE,Brasil,t,interior,2606804,115196,32733.91,880.67,f,2026-08-01
c8d76ccc552148c57bbe6103ee70614e,PERNAMBUCO,IGUARACI,PE,Brasil,t,interior,,,,,,2026-08-01
834767d7ef7a9379e0c67941272ee011,PERNAMBUCO,ILHA DE ITAMARACA,PE,Brasil,t,interior,2607604,24540,12155.46,871.13,f,2026-08-01
fd91989f0a3edd56d4389c30fc73bd12,PERNAMBUCO,INAJA,PE,Brasil,t,interior,2607000,25603,10787.95,506.86,f,2026-08-01
02922cfff9b62fef1b3d3fa45537827f,PERNAMBUCO,INGAZEIRA,PE,Brasil,t,interior,2607109,4765,13737.04,728.49,f,2026-08-01
85599d000d6b4d5299d547385150013a,PERNAMBUCO,IPOJUCA,PE,Brasil,t,interior,2607208,98932,181663.40,829.65,f,2026-08-01
7bcd1f27bb178b9cfa0188fa7b7c9234,PERNAMBUCO,IPUBI,PE,Brasil,t,interior,2607307,29009,14220.93,677.16,f,2026-08-01
f6f5caf8ada3639dbbb20c8149f44e5d,PERNAMBUCO,ITACURUBA,PE,Brasil,t,interior,2607406,4284,19241.36,662.99,f,2026-08-01
d1b19c2e39860ab37a0fde6dc4656ce9,PERNAMBUCO,ITAIBA,PE,Brasil,t,interior,2607505,32650,11952.50,603.53,f,2026-08-01
2233f4f71dc2158d2c4d9756cb1760a0,PERNAMBUCO,ITAMBE,PE,Brasil,t,interior,2607653,34935,16797.57,728.38,f,2026-08-01
575b81a0d9129e64b6096a0ce527f6dc,PERNAMBUCO,ITAPETIM,PE,Brasil,t,interior,2607703,13791,12346.39,874.77,f,2026-08-01
db25a732a142e72888b89e813579e776,PERNAMBUCO,ITAPISSUMA,PE,Brasil,t,interior,2607752,27749,117432.12,745.48,f,2026-08-01
095ec93a9ca039138b264bd2101e1c82,PERNAMBUCO,ITAQUITINGA,PE,Brasil,t,interior,2607802,16554,13486.11,625.18,f,2026-08-01
850ca08d669883aedab7f0e1749d9930,PERNAMBUCO,JABOATAO DOS GUARARAPES,PE,Brasil,t,interior,2607901,644037,31490.89,1141.05,f,2026-08-01
6dbaa1912fce0c40a1b2fddb03b3bc27,PERNAMBUCO,JAQUEIRA,PE,Brasil,t,interior,2607950,10247,12621.65,544.67,f,2026-08-01
c815c10ddab67932ebd3a0e729c744fc,PERNAMBUCO,JATAUBA,PE,Brasil,t,interior,2608008,15843,12143.15,627.22,f,2026-08-01
feafb28617a9dc1d80e790997c227cd2,PERNAMBUCO,JATOBA,PE,Brasil,t,interior,2608057,14020,13096.58,826.57,f,2026-08-01
2dadbd5a0574978c60324c855d1338ce,PERNAMBUCO,JOAO ALFREDO,PE,Brasil,t,interior,2608107,27725,12799.96,727.48,f,2026-08-01
6aa6492ac6b9bacb01f117fd4affcfca,PERNAMBUCO,JOAQUIM NABUCO,PE,Brasil,t,interior,2608206,13269,12396.64,689.95,f,2026-08-01
2d2d71b447c0e54e8a1302c4a244509e,PERNAMBUCO,JUCATI,PE,Brasil,t,interior,2608255,11517,12398.19,651.62,f,2026-08-01
d4f7eec19131db25eef02e6c30f1c094,PERNAMBUCO,JUPI,PE,Brasil,t,interior,2608305,15329,16123.03,802.92,f,2026-08-01
28e8fb7655267aab7b6249ae3c13d2d1,PERNAMBUCO,JUREMA,PE,Brasil,t,interior,2608404,13648,10709.70,613.20,f,2026-08-01
892408bfe396b4c431e537e4a4f946b1,PERNAMBUCO,LAGOA DO CARRO,PE,Brasil,t,interior,2608453,17981,18237.08,736.67,f,2026-08-01
add3ad9e3e07249754ff3b54114d2382,PERNAMBUCO,LAGOA DO ITAENGA,PE,Brasil,t,interior,,,,,,2026-08-01
fbbc32b5fde558d08e3e907cf57ae257,PERNAMBUCO,LAGOA DO OURO,PE,Brasil,t,interior,2608602,11933,12585.27,631.35,f,2026-08-01
c5e7eb7d26ad17b135ba8566f48a2d7e,PERNAMBUCO,LAGOA DOS GATOS,PE,Brasil,t,interior,2608701,14076,11994.25,619.00,f,2026-08-01
36977b8468dad7ced3c7eff31ead74c0,PERNAMBUCO,LAGOA GRANDE,PE,Brasil,t,interior,2608750,24088,29625.08,740.89,f,2026-08-01
8e33a3038a7725af7abe963616f22b77,PERNAMBUCO,LAJEDO,PE,Brasil,t,interior,2608800,39582,17848.19,731.14,f,2026-08-01
33fe6d576be3d765e005285dceabcd92,PERNAMBUCO,LIMOEIRO,PE,Brasil,t,interior,2608909,56510,17539.20,937.06,f,2026-08-01
b4dca19510f167d80a02fcaadf7c80af,PERNAMBUCO,MACAPARANA,PE,Brasil,t,interior,2609006,23879,15042.84,730.04,f,2026-08-01
72485b1dd4fe98d29883073f06ef7ca8,PERNAMBUCO,MACHADOS,PE,Brasil,t,interior,2609105,11333,23975.47,730.09,f,2026-08-01
cf9c63e7662e9b1ca238846785bb70b1,PERNAMBUCO,MANARI,PE,Brasil,t,interior,2609154,23763,7707.53,359.10,f,2026-08-01
cdbf4a8d947bb426627b4875226c0a2c,PERNAMBUCO,MARAIAL,PE,Brasil,t,interior,2609204,9359,11758.20,663.74,f,2026-08-01
89f8351a02ef5e16a1c1b1f9b12ae623,PERNAMBUCO,MIRANDIBA,PE,Brasil,t,interior,2609303,14166,15615.35,719.61,f,2026-08-01
41f8ccbc1bdb4e71ceb9381a0f7a8b4b,PERNAMBUCO,MOREILANDIA,PE,Brasil,t,interior,2614303,10540,10100.76,640.24,f,2026-08-01
0b03fdb6312ad977a7e1a70c08076afb,PERNAMBUCO,MORENO,PE,Brasil,t,interior,2609402,55292,20225.51,783.46,f,2026-08-01
b42ade1e6a7a5830151196948aa62033,PERNAMBUCO,NAZARE DA MATA,PE,Brasil,t,interior,2609501,30648,25355.23,908.93,f,2026-08-01
bb7392f4f98e76a7e429feea6c519cce,PERNAMBUCO,OLINDA,PE,Brasil,t,interior,2609600,349976,20072.57,1277.73,f,2026-08-01
3fb334795a06ab2e72ac4fcd68c142cf,PERNAMBUCO,OROBO,PE,Brasil,t,interior,2609709,21808,26727.35,685.96,f,2026-08-01
dbf65fd6a0de546050af2be051b2197f,PERNAMBUCO,OROCO,PE,Brasil,t,interior,2609808,13613,14126.86,578.24,f,2026-08-01
860998ebe7de093d3b59a0c650520b2d,PERNAMBUCO,OURICURI,PE,Brasil,t,interior,2609907,65245,15582.86,725.60,f,2026-08-01
1b28186a995c8bdb7982566a02c37b17,PERNAMBUCO,PALMARES,PE,Brasil,t,interior,2610004,54584,21179.32,872.56,f,2026-08-01
b08730390dcc899ab2eebe2ac83ba20f,PERNAMBUCO,PALMEIRINA,PE,Brasil,t,interior,2610103,7031,12994.17,744.56,f,2026-08-01
52e18c237fbbf5a499901d828e3f249b,PERNAMBUCO,PANELAS,PE,Brasil,t,interior,2610202,22991,10436.48,609.74,f,2026-08-01
d964b5936d8f8582b0b6d1a31768197e,PERNAMBUCO,PARANATAMA,PE,Brasil,t,interior,2610301,12199,25113.86,567.51,f,2026-08-01
34aeaf16a5f5dd75bd682dd11b958d5a,PERNAMBUCO,PARNAMIRIM,PE,Brasil,t,interior,2610400,18612,14407.69,704.76,f,2026-08-01
ae49c64fec9383ff3c173f7409f221b4,PERNAMBUCO,PASSIRA,PE,Brasil,t,interior,2610509,28340,10356.39,698.48,f,2026-08-01
c82f9c582d674983597151b81c59f879,PERNAMBUCO,PAUDALHO,PE,Brasil,t,interior,2610608,56665,20329.67,1129.46,f,2026-08-01
afd7ea52ab401b028743076f79a3ad69,PERNAMBUCO,PAULISTA,PE,Brasil,t,interior,2610707,342167,20454.96,1197.17,f,2026-08-01
59e4104a1425b836920771ee7a0da722,PERNAMBUCO,PEDRA,PE,Brasil,t,interior,2610806,22795,18689.89,566.96,f,2026-08-01
2296d0b75813d178eaee49e7cb860805,PERNAMBUCO,PESQUEIRA,PE,Brasil,t,interior,2610905,62722,17253.02,863.67,f,2026-08-01
1936eb174f2f2af62cd72036666cd9c0,PERNAMBUCO,PETROLANDIA,PE,Brasil,t,interior,2611002,34161,45917.95,745.92,f,2026-08-01
ea6f6d63951c32878e26114b227037aa,PERNAMBUCO,PETROLINA,PE,Brasil,t,interior,2611101,386791,27346.89,1290.18,f,2026-08-01
6f44061ad6304c7c81af002124f091bf,PERNAMBUCO,POCAO,PE,Brasil,t,interior,2611200,10500,12648.29,654.04,f,2026-08-01
19245f7d6787241b7bfbb7fcbfda39bf,PERNAMBUCO,POMBOS,PE,Brasil,t,interior,2611309,27552,23078.00,774.09,f,2026-08-01
ac984a80f8dd6e43556cd81db6797256,PERNAMBUCO,PRIMAVERA,PE,Brasil,t,interior,2611408,13838,23153.56,660.57,f,2026-08-01
49d000280b57a2457a4634205095f1ef,PERNAMBUCO,QUIPAPA,PE,Brasil,t,interior,2611507,17928,11795.12,633.82,f,2026-08-01
c09058c6b5b3aa5077510aa1fe4c1b4e,PERNAMBUCO,QUIXABA,PE,Brasil,t,interior,2611533,6554,11581.02,551.89,f,2026-08-01
27aa8970530bfee16004fbf7f04dbe09,PERNAMBUCO,RECIFE,PE,Brasil,t,capital,2611606,1488920,44563.38,2284.77,f,2026-08-01
ba9f5d9971ce68efa68f1dfed1889d8d,PERNAMBUCO,RIACHO DAS ALMAS,PE,Brasil,t,interior,2611705,20639,14018.46,744.57,f,2026-08-01
893e57faf6986c70901dbe3ab2e9e435,PERNAMBUCO,RIBEIRAO,PE,Brasil,t,interior,2611804,33507,17955.92,833.71,f,2026-08-01
1010c99c226871df6667831c290ee1a0,PERNAMBUCO,RIO FORMOSO,PE,Brasil,t,interior,2611903,20009,18718.83,729.18,f,2026-08-01
e63a668c5e79130ed04c35279161ca97,PERNAMBUCO,SAIRE,PE,Brasil,t,interior,2612000,10887,18756.22,838.63,f,2026-08-01
390ab77a21706cb983f3624f88667696,PERNAMBUCO,SALGADINHO,PE,Brasil,t,interior,2612109,5727,13378.56,771.72,f,2026-08-01
5db543b28347874d216f40f2fff4a34c,PERNAMBUCO,SALGUEIRO,PE,Brasil,t,interior,2612208,62372,22285.14,952.41,f,2026-08-01
caf66271d5489af7e770c74f093efba2,PERNAMBUCO,SALOA,PE,Brasil,t,interior,2612307,13836,18202.80,658.78,f,2026-08-01
20e24a94f81d04a9ef70eedd4f4a246b,PERNAMBUCO,SANHARO,PE,Brasil,t,interior,2612406,18624,14480.99,656.04,f,2026-08-01
d8c9f4a8f0c6ecde13b99db96a092146,PERNAMBUCO,SANTA CRUZ,PE,Brasil,t,interior,2612455,13841,11279.89,661.87,f,2026-08-01
ecd4c1a2e28a2b1b79a1f171bf1b59c3,PERNAMBUCO,SANTA CRUZ DA BAIXA VERDE,PE,Brasil,t,interior,2612471,11567,12425.26,629.41,f,2026-08-01
8d68739dda66516bbc86438336d29fcc,PERNAMBUCO,SANTA CRUZ DO CAPIBARIBE,PE,Brasil,t,interior,2612505,98254,21634.69,965.72,f,2026-08-01
9ebb952a238575c74bc4a1fc63d116a5,PERNAMBUCO,SANTA FILOMENA,PE,Brasil,t,interior,2612554,12106,10998.68,600.05,f,2026-08-01
08dc3ed4207a4b456863e3efef56f344,PERNAMBUCO,SANTA MARIA DA BOA VISTA,PE,Brasil,t,interior,2612604,40578,19268.89,698.96,f,2026-08-01
5160178dd329cdbe8683ee8cd245ac50,PERNAMBUCO,SANTA MARIA DO CAMBUCA,PE,Brasil,t,interior,2612703,14013,10806.75,698.75,f,2026-08-01
aa6df347d019071be8cb93819a0faa22,PERNAMBUCO,SANTA TEREZINHA,PE,Brasil,t,interior,2612802,10244,11981.55,710.20,f,2026-08-01
5bb9211f4fe93efafdf17440b6b1b8db,PERNAMBUCO,SAO BENEDITO DO SUL,PE,Brasil,t,interior,2612901,13113,9843.36,606.58,f,2026-08-01
211fb0e5ac42cb1d954a6c4722f1ad2e,PERNAMBUCO,SAO BENTO DO UNA,PE,Brasil,t,interior,2613008,49449,38607.01,678.99,f,2026-08-01
5717eca7575fe9d4f3a898d72212728f,PERNAMBUCO,SAO CAITANO,PE,Brasil,t,interior,2613107,37126,15514.25,698.82,f,2026-08-01
48c717a21b92aae66f91c9f5fc31f68a,PERNAMBUCO,SAO JOAO,PE,Brasil,t,interior,2613206,23837,15706.13,739.27,f,2026-08-01
16bb75b1643840476a3b0a001516c8de,PERNAMBUCO,SAO JOAQUIM DO MONTE,PE,Brasil,t,interior,2613305,20037,12896.69,646.01,f,2026-08-01
4664dc4eba12ed81ce054fbe342d2644,PERNAMBUCO,SAO JOSE DA COROA GRANDE,PE,Brasil,t,interior,2613404,18825,20689.03,953.27,f,2026-08-01
3834afa2c88270a478d5300595feec30,PERNAMBUCO,SAO JOSE DO BELMONTE,PE,Brasil,t,interior,2613503,34843,15208.31,780.35,f,2026-08-01
a5988ac5d85c994d8f7c44dfd5ab514b,PERNAMBUCO,SAO JOSE DO EGITO,PE,Brasil,t,interior,2613602,31004,15205.33,818.37,f,2026-08-01
94f1ddb5fbde985be02c6182670734d4,PERNAMBUCO,SAO LOURENCO DA MATA,PE,Brasil,t,interior,2613701,111249,16099.55,850.82,f,2026-08-01
6619851f110527eca631c258726108ed,PERNAMBUCO,SAO VICENTE FERRER,PE,Brasil,t,interior,2613800,16677,23038.44,623.20,f,2026-08-01
5bb4ea2c0854cda0d907e11b4d213663,PERNAMBUCO,SERRA TALHADA,PE,Brasil,t,interior,2613909,92228,21719.14,992.09,f,2026-08-01
48f6c98dea4913d14434625c7cd13b02,PERNAMBUCO,SERRITA,PE,Brasil,t,interior,2614006,18207,10764.49,632.57,f,2026-08-01
682bad2f6118d6577abc54cc34f6606d,PERNAMBUCO,SERTANIA,PE,Brasil,t,interior,2614105,32811,12314.99,787.05,f,2026-08-01
12314cf242e4e90bc19b085d9c653afe,PERNAMBUCO,SIRINHAEM,PE,Brasil,t,interior,2614204,37596,22912.46,728.49,f,2026-08-01
dd14344c0c7c03896ef0d88ab4a25bb5,PERNAMBUCO,SOLIDAO,PE,Brasil,t,interior,2614402,5210,12101.92,650.08,f,2026-08-01
d32d429fc52f28064c4a027f414dc804,PERNAMBUCO,SURUBIM,PE,Brasil,t,interior,2614501,64120,17653.68,868.11,f,2026-08-01
45d8bde5b1e1fa4802d6406f0d327088,PERNAMBUCO,TABIRA,PE,Brasil,t,interior,2614600,27681,12941.11,836.97,f,2026-08-01
65a2c9c41854d4fe1a7656106b0b06be,PERNAMBUCO,TACAIMBO,PE,Brasil,t,interior,2614709,13738,16141.29,667.75,f,2026-08-01
853e2671c42e4f64379877630fdfb7a8,PERNAMBUCO,TACARATU,PE,Brasil,t,interior,2614808,23902,10969.71,581.90,f,2026-08-01
cba14aed53935ec848fb43d0f69e59ec,PERNAMBUCO,TAMANDARE,PE,Brasil,t,interior,2614857,23561,18347.99,807.27,f,2026-08-01
226b041968dbb8a8d6e29a9b73feebfb,PERNAMBUCO,TAQUARITINGA DO NORTE,PE,Brasil,t,interior,2615003,24736,16255.17,869.56,f,2026-08-01
086130820c9d27b27c9b05c8926f67dd,PERNAMBUCO,TEREZINHA,PE,Brasil,t,interior,2615102,6513,14067.40,627.03,f,2026-08-01
1bed2c2179584708e4beac643b961cd2,PERNAMBUCO,TERRA NOVA,PE,Brasil,t,interior,2615201,8920,14053.70,676.58,f,2026-08-01
e9d81600fd25a41d5b49aef3229a0e84,PERNAMBUCO,TIMBAUBA,PE,Brasil,t,interior,2615300,46147,19616.98,824.27,f,2026-08-01
eeb063c9c2e6d0b0498568842a5185c1,PERNAMBUCO,TORITAMA,PE,Brasil,t,interior,2615409,41137,19757.27,775.68,f,2026-08-01
1f5d5a3520ffc0875a9b76286f82a47b,PERNAMBUCO,TRACUNHAEM,PE,Brasil,t,interior,2615508,13867,14319.61,697.46,f,2026-08-01
e4fb20e9649376b6a171671a11f3196e,PERNAMBUCO,TRINDADE,PE,Brasil,t,interior,2615607,30321,21576.17,700.43,f,2026-08-01
180ee8e3e309105f9d7ccaa6f2418803,PERNAMBUCO,TRIUNFO,PE,Brasil,t,interior,2615706,14705,13750.77,988.78,f,2026-08-01
cee5333bbb882fcab1bb1a1d9fd11636,PERNAMBUCO,TUPANATINGA,PE,Brasil,t,interior,2615805,26937,10243.57,507.68,f,2026-08-01
71a4972fd379c7bc65187217a5498e70,PERNAMBUCO,TUPARETAMA,PE,Brasil,t,interior,2615904,8005,11872.83,802.72,f,2026-08-01
7aae1a2dfdc5d9753b82ce97fbe897a2,PERNAMBUCO,VENTUROSA,PE,Brasil,t,interior,2616001,17251,16872.36,812.65,f,2026-08-01
ffaa211030f82a275fdbcbf970830b1a,PERNAMBUCO,VERDEJANTE,PE,Brasil,t,interior,2616100,9169,11257.61,697.90,f,2026-08-01
46be8b80028dbf0758dc2b5395321454,PERNAMBUCO,VERTENTE DO LERIO,PE,Brasil,t,interior,2616183,7558,12364.65,693.87,f,2026-08-01
82003d605cd1846801ae37b7e85adbf8,PERNAMBUCO,VERTENTES,PE,Brasil,t,interior,2616209,21959,10421.06,820.75,f,2026-08-01
6f3a6f1ec30a0bdb4947a93665a142e6,PERNAMBUCO,VICENCIA,PE,Brasil,t,interior,2616308,26359,23353.73,752.56,f,2026-08-01
8e7de962b032d600ce03c0b7b09bf6e2,PERNAMBUCO,VITORIA DE SANTO ANTAO,PE,Brasil,t,interior,2616407,134084,45463.98,945.42,f,2026-08-01
ebf555da477a1683b5626e56532626c1,PERNAMBUCO,XEXEU,PE,Brasil,t,interior,2616506,11611,17339.59,639.13,f,2026-08-01
aae3b663153c265d327bc206b79214a2,PIAUI,ACAUA,PI,Brasil,t,interior,2200053,6420,13228.04,611.20,f,2026-08-01
5fedb195247b03b37c2bd804616c1a94,PIAUI,AGRICOLANDIA,PI,Brasil,t,interior,2200103,4940,11606.28,728.51,f,2026-08-01
9d89a5790b591c5a4a0c0e960e7fbfcb,PIAUI,AGUA BRANCA,PI,Brasil,t,interior,2200202,17573,17272.63,838.94,f,2026-08-01
9e81307fe3989ff6d7c45ab60bb2a464,PIAUI,ALAGOINHA DO PIAUI,PI,Brasil,t,interior,2200251,6819,11847.34,640.87,f,2026-08-01
241c098bbdb1cfa4fe9211b714c2d53b,PIAUI,ALEGRETE DO PIAUI,PI,Brasil,t,interior,2200277,4634,12162.06,652.29,f,2026-08-01
564e587f97be4cc0c86b76ace5058a9a,PIAUI,ALTO LONGA,PI,Brasil,t,interior,2200301,13479,10899.40,754.37,f,2026-08-01
8f40e061667b094f6f042250d47addea,PIAUI,ALTOS,PI,Brasil,t,interior,2200400,47453,16119.40,836.62,f,2026-08-01
6959dd148f964e62a30622c1cbcfd24e,PIAUI,ALVORADA DO GURGUEIA,PI,Brasil,t,interior,2200459,5322,20497.56,644.28,f,2026-08-01
73498ca4b65a1dfdbb5a24d45fd66597,PIAUI,AMARANTE,PI,Brasil,t,interior,2200509,17234,14155.39,765.13,f,2026-08-01
c56551f32772c0e70451523bab65c1ca,PIAUI,ANGICAL DO PIAUI,PI,Brasil,t,interior,2200608,6827,12417.17,869.02,f,2026-08-01
5f8f48eb934595c950e4a9beb67de0c3,PIAUI,ANISIO DE ABREU,PI,Brasil,t,interior,2200707,9407,13286.91,740.25,f,2026-08-01
e131e1fa51252a64f0b1e9a983d55f22,PIAUI,ANTONIO ALMEIDA,PI,Brasil,t,interior,2200806,3152,62696.38,906.69,f,2026-08-01
84909fcd29d90dce800debc842b4ebba,PIAUI,AROAZES,PI,Brasil,t,interior,2200905,5369,12942.63,732.79,f,2026-08-01
d72321dbf05e0c80461e55de9577f97d,PIAUI,AROEIRAS DO ITAIM,PI,Brasil,t,interior,2200954,2690,11724.91,705.46,f,2026-08-01
20138f6ce2f02ea811e224d924ac62e6,PIAUI,ARRAIAL,PI,Brasil,t,interior,2201002,4520,13303.76,683.68,f,2026-08-01
8ca16718c41c3b745b1ecbafc8550690,PIAUI,ASSUNCAO DO PIAUI,PI,Brasil,t,interior,2201051,7452,10875.60,499.26,f,2026-08-01
c5cc98367096351eead4e46e6a630eb1,PIAUI,AVELINO LOPES,PI,Brasil,t,interior,2201101,10866,11700.44,678.26,f,2026-08-01
51e6259aaededbcc9b40588abe6d31bf,PIAUI,BAIXA GRANDE DO RIBEIRO,PI,Brasil,t,interior,2201150,13272,200215.79,816.19,f,2026-08-01
e39422323f5d2161f283fdcf6be8602a,PIAUI,BARRA D'ALCANTARA,PI,Brasil,t,interior,2201176,3995,11832.54,661.27,f,2026-08-01
3d265fbe0a336b2435041d81353ecac1,PIAUI,BARRAS,PI,Brasil,t,interior,2201200,47938,14048.63,741.61,f,2026-08-01
b9f9cd182e382dcd2fad11247b6f5d6a,PIAUI,BARREIRAS DO PIAUI,PI,Brasil,t,interior,2201309,3264,42139.09,660.51,f,2026-08-01
2d9c8b18d5e5e83cb31f47fb54bf27e8,PIAUI,BARRO DURO,PI,Brasil,t,interior,2201408,6640,15795.93,740.09,f,2026-08-01
43ae5b51537c509946a698ebadf968dd,PIAUI,BATALHA,PI,Brasil,t,interior,2201507,26300,11641.67,649.57,f,2026-08-01
6bc068eb800196de53c830354d11c8e0,PIAUI,BELA VISTA DO PIAUI,PI,Brasil,t,interior,2201556,4091,15468.83,691.55,f,2026-08-01
f0dd5fb9e0585ca43e33c2c559eed234,PIAUI,BELEM DO PIAUI,PI,Brasil,t,interior,2201572,3423,13883.44,843.88,f,2026-08-01
b96ca23578166114a5231de921caa835,PIAUI,BENEDITINOS,PI,Brasil,t,interior,2201606,9929,11911.07,652.94,f,2026-08-01
6fd4457dab6bf4a69b8bd9a3ff4b804d,PIAUI,BERTOLINIA,PI,Brasil,t,interior,2201705,5562,16332.97,945.82,f,2026-08-01
7a1307810fa1532abd5b6d66f662565e,PIAUI,BETANIA DO PIAUI,PI,Brasil,t,interior,2201739,6220,19313.02,574.10,f,2026-08-01
6a4163c7cfb3c3531f7356b588312aac,PIAUI,BOA HORA,PI,Brasil,t,interior,2201770,6902,11296.58,616.36,f,2026-08-01
29de3571c2e794ebcee0d55dff9ba22f,PIAUI,BOCAINA,PI,Brasil,t,interior,2201804,4078,13152.77,900.37,f,2026-08-01
a62a5f60a94c1d0cee673f43de0ee682,PIAUI,BOM JESUS,PI,Brasil,t,interior,2201903,28796,57705.03,1130.24,f,2026-08-01
79da7f1ec7e7b5348b9e2ab0caa291ff,PIAUI,BOM PRINCIPIO DO PIAUI,PI,Brasil,t,interior,2201919,5636,14666.25,544.35,f,2026-08-01
edeb849429cff735c766476496b7f051,PIAUI,BONFIM DO PIAUI,PI,Brasil,t,interior,2201929,5913,11518.01,637.35,f,2026-08-01
ef4443aabfb8b9e723c05a694de5df96,PIAUI,BOQUEIRAO DO PIAUI,PI,Brasil,t,interior,2201945,6545,10301.60,672.54,f,2026-08-01
8aff0b4ecfe7d660e2bcd4e3d161b744,PIAUI,BRASILEIRA,PI,Brasil,t,interior,2201960,8436,11986.37,799.36,f,2026-08-01
93ebba86589bcf7ee2975834a926c548,PIAUI,BREJO DO PIAUI,PI,Brasil,t,interior,2201988,3904,14845.29,662.87,f,2026-08-01
38163952ca67a8ba1477cf171fef1348,PIAUI,BURITI DOS LOPES,PI,Brasil,t,interior,2202000,19654,14064.62,655.04,f,2026-08-01
7392150b8995d1b15a2f1da1e8920724,PIAUI,BURITI DOS MONTES,PI,Brasil,t,interior,2202026,7434,13272.67,666.86,f,2026-08-01
b58b0f86b22a23904d90d0abfa67b1ee,PIAUI,CABECEIRAS DO PIAUI,PI,Brasil,t,interior,2202059,10212,10557.87,623.38,f,2026-08-01
b2c030abf81cfb1838cbe3b157703870,PIAUI,CAJAZEIRAS DO PIAUI,PI,Brasil,t,interior,2202075,3108,14683.72,630.48,f,2026-08-01
1c7af0d0da52e2b3b2ada48820870c1c,PIAUI,CAJUEIRO DA PRAIA,PI,Brasil,t,interior,2202083,7957,19161.87,833.97,f,2026-08-01
cb77fe3290fa9c93f0c28c9256103cfe,PIAUI,CALDEIRAO GRANDE DO PIAUI,PI,Brasil,t,interior,2202091,5503,44297.11,710.22,f,2026-08-01
35b8d5993760772945899518aed45e26,PIAUI,CAMPINAS DO PIAUI,PI,Brasil,t,interior,2202109,4938,15233.09,685.57,f,2026-08-01
603d580d523bd6b037b6d43335c02a8c,PIAUI,CAMPO ALEGRE DO FIDALGO,PI,Brasil,t,interior,2202117,4616,13472.92,636.40,f,2026-08-01
33e67a479faa3b247a19fe7caef99ceb,PIAUI,CAMPO GRANDE DO PIAUI,PI,Brasil,t,interior,2202133,6020,12831.06,686.67,f,2026-08-01
22c3741e6a1da7b518560e654fcb6fe4,PIAUI,CAMPO LARGO DO PIAUI,PI,Brasil,t,interior,2202174,7419,10901.87,525.88,f,2026-08-01
b235daf403ec06d0a23bdeedfbbe9181,PIAUI,CAMPO MAIOR,PI,Brasil,t,interior,2202208,45793,20544.67,1038.91,f,2026-08-01
d53b67cb6fda433e054c0a13a82d245e,PIAUI,CANAVIEIRA,PI,Brasil,t,interior,2202251,3414,15240.77,755.33,f,2026-08-01
22ade65e62e86f380b62d32ff0f99f60,PIAUI,CANTO DO BURITI,PI,Brasil,t,interior,2202307,19365,17710.92,913.41,f,2026-08-01
bbfbc8233944cdd45a95206e93b97dc0,PIAUI,CAPITAO DE CAMPOS,PI,Brasil,t,interior,2202406,11100,11984.77,618.65,f,2026-08-01
a0b99ba516891252874de8f8047d421e,PIAUI,CAPITAO GERVASIO OLIVEIRA,PI,Brasil,t,interior,2202455,3974,14772.02,677.47,f,2026-08-01
19ee5f2f74800e365be11383f23c61d3,PIAUI,CARACOL,PI,Brasil,t,interior,2202505,10318,12361.21,643.52,f,2026-08-01
3f8b80caf963be3dcf60fe423f83180e,PIAUI,CARAUBAS DO PIAUI,PI,Brasil,t,interior,2202539,5630,12074.07,554.55,f,2026-08-01
270d984fa6f1cef000524b21e7bcc7ff,PIAUI,CARIDADE DO PIAUI,PI,Brasil,t,interior,2202554,5033,14417.64,633.05,f,2026-08-01
fc4ba8071e1a89c80d49d5bf88883f26,PIAUI,CASTELO DO PIAUI,PI,Brasil,t,interior,2202604,19288,12158.91,711.61,f,2026-08-01
705806661f6282abc576b0e27b4c29c6,PIAUI,CAXINGO,PI,Brasil,t,interior,2202653,5496,12484.72,577.30,f,2026-08-01
15981d06522b842e9c5b440743e56040,PIAUI,COCAL,PI,Brasil,t,interior,2202703,28212,12471.01,594.08,f,2026-08-01
d9ed1daccf445ed166f85a6c49580bca,PIAUI,COCAL DE TELHA,PI,Brasil,t,interior,2202711,4911,12283.45,716.92,f,2026-08-01
9fc092ce2bdba89f80ab5987c82daf9c,PIAUI,COCAL DOS ALVES,PI,Brasil,t,interior,2202729,6386,11496.09,567.23,f,2026-08-01
1f954869a2948af2d149c86d2c608bba,PIAUI,COIVARAS,PI,Brasil,t,interior,2202737,4117,12151.81,658.23,f,2026-08-01
8ce969a4e94fbf187c491bcc75b0969b,PIAUI,COLONIA DO GURGUEIA,PI,Brasil,t,interior,2202752,6150,15113.66,843.92,f,2026-08-01
c84cdcaacbd6eaefc75cdb21de08707a,PIAUI,COLONIA DO PIAUI,PI,Brasil,t,interior,2202778,6994,11779.10,716.44,f,2026-08-01
cd8bb06241ca074022870c798812f734,PIAUI,CONCEICAO DO CANINDE,PI,Brasil,t,interior,2202802,4932,17925.39,776.18,f,2026-08-01
2a1da8762faafd26382e0fd741cde6f3,PIAUI,CORONEL JOSE DIAS,PI,Brasil,t,interior,2202851,4250,13110.12,724.86,f,2026-08-01
4a5b5b7ac5e620013751ccae0373bbc5,PIAUI,CORRENTE,PI,Brasil,t,interior,2202901,27278,28016.06,946.37,f,2026-08-01
e81d50101f9d007bcb4a4e8f5b331f55,PIAUI,CRISTALANDIA DO PIAUI,PI,Brasil,t,interior,2203008,7356,12173.33,684.39,f,2026-08-01
6ab21c91721b4dc8b791e9c2135c59d1,PIAUI,CRISTINO CASTRO,PI,Brasil,t,interior,2203107,10503,14823.96,857.08,f,2026-08-01
2e5845e9a0c73addf00a49323ea738dd,PIAUI,CURIMATA,PI,Brasil,t,interior,2203206,11270,16526.97,693.11,f,2026-08-01
e32cc00900b59e6202a7c6b55d71f298,PIAUI,CURRAIS,PI,Brasil,t,interior,2203230,4854,117417.80,664.97,f,2026-08-01
bf163d862a1c29bb5557e50f17c9e970,PIAUI,CURRAL NOVO DO PIAUI,PI,Brasil,t,interior,2203271,5073,19440.17,567.11,f,2026-08-01
269feb88190591f582de61e165ed25a9,PIAUI,CURRALINHOS,PI,Brasil,t,interior,2203255,4413,12173.80,744.99,f,2026-08-01
3664d122bbe07a5d2db09cebd6565c2d,PIAUI,DEMERVAL LOBAO,PI,Brasil,t,interior,2203305,16352,21011.07,862.34,f,2026-08-01
a75175d15d4668094b03052b8fd9f593,PIAUI,DIRCEU ARCOVERDE,PI,Brasil,t,interior,2203354,7054,12703.57,799.60,f,2026-08-01
d451feda2eb60fd313280a602f5eb190,PIAUI,DOM EXPEDITO LOPES,PI,Brasil,t,interior,2203404,6320,14868.51,918.12,f,2026-08-01
c0390cb1b4e142284ebbbc4b31c3265c,PIAUI,DOM INOCENCIO,PI,Brasil,t,interior,2203453,9159,23191.40,748.74,f,2026-08-01
543c066cdf3840053609c262e5f63b26,PIAUI,DOMINGOS MOURAO,PI,Brasil,t,interior,2203420,4075,13728.34,591.00,f,2026-08-01
5d376985e12e038f07d071c0af33767e,PIAUI,ELESBAO VELOSO,PI,Brasil,t,interior,2203503,13607,15350.41,794.04,f,2026-08-01
cab1fc3055126b48f06a27e84c0793e0,PIAUI,ELISEU MARTINS,PI,Brasil,t,interior,2203602,4377,15043.18,886.51,f,2026-08-01
5d0c48067172fc2a6fb4e809439219b7,PIAUI,ESPERANTINA,PI,Brasil,t,interior,2203701,40970,15398.90,826.99,f,2026-08-01
68632807370f62f76d93bd0ef23e3f75,PIAUI,FARTURA DO PIAUI,PI,Brasil,t,interior,2203750,5284,11947.77,575.61,f,2026-08-01
aeab9a75fefe1c9fca1b8addb3953a32,PIAUI,FLORES DO PIAUI,PI,Brasil,t,interior,2203800,4414,12494.11,629.95,f,2026-08-01
42d6ffea2f4e39c446695ce972856556,PIAUI,FLORESTA DO PIAUI,PI,Brasil,t,interior,2203859,2333,13562.79,727.11,f,2026-08-01
64811a94ec61823d0454881c94b98ca6,PIAUI,FLORIANO,PI,Brasil,t,interior,2203909,62036,27298.79,1223.01,f,2026-08-01
0793239792361b1899599855472766df,PIAUI,FRANCINOPOLIS,PI,Brasil,t,interior,2204006,4505,12695.01,679.25,f,2026-08-01
59f2d910bfbf96d70b040310c13ab6ed,PIAUI,FRANCISCO AYRES,PI,Brasil,t,interior,2204105,4412,15148.01,701.60,f,2026-08-01
bb66809b0b6f55eed77f0f2f0a610929,PIAUI,FRANCISCO MACEDO,PI,Brasil,t,interior,2204154,2929,12787.98,693.49,f,2026-08-01
d9eca1a75b65ea8880977489e83ad862,PIAUI,FRANCISCO SANTOS,PI,Brasil,t,interior,2204204,8237,13541.46,882.67,f,2026-08-01
64fb01a43ae76f5d33b24affc8e321fc,PIAUI,FRONTEIRAS,PI,Brasil,t,interior,2204303,10259,13660.69,790.71,f,2026-08-01
1687f2e68c3ad178b591911222df9405,PIAUI,GEMINIANO,PI,Brasil,t,interior,2204352,5445,13018.55,667.92,f,2026-08-01
628f9062888ffc5d2a3364bb105e30d1,PIAUI,GILBUES,PI,Brasil,t,interior,2204402,10892,45029.84,747.26,f,2026-08-01
2b76b6a7f56561ee65425cafd9809255,PIAUI,GUADALUPE,PI,Brasil,t,interior,2204501,10270,56958.71,1002.95,f,2026-08-01
e56d543a062aa71aeb05426bffb1e948,PIAUI,GUARIBAS,PI,Brasil,t,interior,2204550,4276,14100.56,511.07,f,2026-08-01
4507f002cf43d71cdb795c394d966b4b,PIAUI,HUGO NAPOLEAO,PI,Brasil,t,interior,2204600,3518,11700.11,795.13,f,2026-08-01
46d6c58d5213878e5eedf1eed5765640,PIAUI,ILHA GRANDE,PI,Brasil,t,interior,2204659,9274,14324.13,675.74,f,2026-08-01
024ce4d97b84407c891667c327fb579f,PIAUI,INHUMA,PI,Brasil,t,interior,2204709,14958,12709.59,822.11,f,2026-08-01
3fc5df58b17e9230443769a682d7adfa,PIAUI,IPIRANGA DO PIAUI,PI,Brasil,t,interior,2204808,9420,10805.73,708.73,f,2026-08-01
fd46405116919a689ff5d166ae870a6b,PIAUI,ISAIAS COELHO,PI,Brasil,t,interior,2204907,7774,12081.17,606.85,f,2026-08-01
8de121d531da28db71f449313fbf1cb7,PIAUI,ITAINOPOLIS,PI,Brasil,t,interior,2205003,10790,11756.35,783.42,f,2026-08-01
402d7c770681fe14d4ab916ee41cb62e,PIAUI,ITAUEIRA,PI,Brasil,t,interior,2205102,10323,15919.98,828.90,f,2026-08-01
6d3038bb7e274c61e98ff0bd7c275b3d,PIAUI,JACOBINA DO PIAUI,PI,Brasil,t,interior,2205151,5613,16246.57,800.20,f,2026-08-01
a262a4ee9ce51fbfa0b67e19f63d2ae8,PIAUI,JAICOS,PI,Brasil,t,interior,2205201,17527,12226.28,728.46,f,2026-08-01
f1b6b4c8645c2788e8385ed8f7c88dd1,PIAUI,JARDIM DO MULATO,PI,Brasil,t,interior,2205250,4180,12314.83,698.08,f,2026-08-01
31380ba7902d663cfb41d41d14ea7ed6,PIAUI,JATOBA DO PIAUI,PI,Brasil,t,interior,2205276,4494,15576.99,724.37,f,2026-08-01
2a35e42b65aa7a95b2f77136b274a38e,PIAUI,JERUMENHA,PI,Brasil,t,interior,2205300,4497,15315.77,958.54,f,2026-08-01
9f15556e343abbec0c3c08fed2ec4337,PIAUI,JOAO COSTA,PI,Brasil,t,interior,2205359,2970,27629.29,613.26,f,2026-08-01
7dcc8974f558c06447505131c5a5606d,PIAUI,JOAQUIM PIRES,PI,Brasil,t,interior,2205409,13886,10481.28,613.19,f,2026-08-01
bfd55b54ccb1d9041eba850089b2e51f,PIAUI,JOCA MARQUES,PI,Brasil,t,interior,2205458,5394,10775.86,545.86,f,2026-08-01
3a767fe60ea2097fb0983c00a1a41108,PIAUI,JOSE DE FREITAS,PI,Brasil,t,interior,2205508,42559,13013.65,709.87,f,2026-08-01
7b7a002ef98cca3d15ae3a423242ee5c,PIAUI,JUAZEIRO DO PIAUI,PI,Brasil,t,interior,2205516,5214,12918.11,798.22,f,2026-08-01
04b1e056063429ad13e0442374074322,PIAUI,JULIO BORGES,PI,Brasil,t,interior,2205524,5388,20016.15,611.82,f,2026-08-01
00f41c1e70b19d86e8376df40ad2cbc2,PIAUI,JUREMA,PI,Brasil,t,interior,2205532,4425,13120.45,570.59,f,2026-08-01
bae6ee1668c9c905c117be3e55cd5563,PIAUI,LAGOA ALEGRE,PI,Brasil,t,interior,2205557,8256,11635.78,735.09,f,2026-08-01
4dc834024bc6e5aa31574aabfe05f6af,PIAUI,LAGOA DE SAO FRANCISCO,PI,Brasil,t,interior,2205573,6331,10788.03,610.03,f,2026-08-01
307b5ee5cab4c37b8670170553bfdaff,PIAUI,LAGOA DO BARRO DO PIAUI,PI,Brasil,t,interior,2205565,4995,73812.41,791.53,f,2026-08-01
8ddba996ffe5efa6ae27d97291a3f8bc,PIAUI,LAGOA DO PIAUI,PI,Brasil,t,interior,2205581,4810,20966.53,781.88,f,2026-08-01
a7471adcc121cfc1ac6228fa10da81ef,PIAUI,LAGOA DO SITIO,PI,Brasil,t,interior,2205599,4520,11843.81,692.81,f,2026-08-01
1a8a37db528297a6e6ac71405b93a779,PIAUI,LAGOINHA DO PIAUI,PI,Brasil,t,interior,2205540,2939,15852.33,646.62,f,2026-08-01
2a983e1cb16bb1f2507075e696bb287f,PIAUI,LANDRI SALES,PI,Brasil,t,interior,2205607,5213,24792.25,766.24,f,2026-08-01
7496734a45598d86e9c1c9073dad53d9,PIAUI,LUIS CORREIA,PI,Brasil,t,interior,2205706,30641,15071.51,694.72,f,2026-08-01
f2f820351cdd4575d1e2c51f84c6a8ba,PIAUI,LUZILANDIA,PI,Brasil,t,interior,2205805,25375,12553.77,648.33,f,2026-08-01
9ac49275a18feb98e35f2ab7ab928a01,PIAUI,MADEIRO,PI,Brasil,t,interior,2205854,8032,10871.76,617.37,f,2026-08-01
94b11a4182aea70a56f1b84774c6a24a,PIAUI,MANOEL EMIDIO,PI,Brasil,t,interior,2205904,5209,13334.04,790.65,f,2026-08-01
746a79ce3d202f002d4f9560e307f2a8,PIAUI,MARCOLANDIA,PI,Brasil,t,interior,2205953,8533,22835.46,723.89,f,2026-08-01
3855b52a62fac924a9187b2fe6d2df1b,PIAUI,MARCOS PARENTE,PI,Brasil,t,interior,2206001,4724,14543.82,822.41,f,2026-08-01
cb21a39febd3f67af8067ee64d4aaf1f,PIAUI,MASSAPE DO PIAUI,PI,Brasil,t,interior,2206050,5218,11675.55,569.05,f,2026-08-01
eb20b5e51c1803647937cd427d8bc4bc,PIAUI,MATIAS OLIMPIO,PI,Brasil,t,interior,2206100,10641,12453.34,625.81,f,2026-08-01
beab5997030810da0ade29e0ce2be478,PIAUI,MIGUEL ALVES,PI,Brasil,t,interior,2206209,32150,13122.77,561.01,f,2026-08-01
406aa77d966bd7776a0afbf2ce2b4f6b,PIAUI,MIGUEL LEAO,PI,Brasil,t,interior,2206308,1318,26322.46,694.67,f,2026-08-01
2a008100c26cbcaa3e9abe73b4c03b98,PIAUI,MILTON BRANDAO,PI,Brasil,t,interior,2206357,6542,10382.91,548.51,f,2026-08-01
436385f86e45a048d9679e14a5f28b75,PIAUI,MONSENHOR GIL,PI,Brasil,t,interior,2206407,10255,15760.80,799.67,f,2026-08-01
74267e5fa163ebac7f19bcd1b008c018,PIAUI,MONSENHOR HIPOLITO,PI,Brasil,t,interior,2206506,7577,12065.99,748.47,f,2026-08-01
202c6c2cecda0f6497bd03a5718b663b,PIAUI,MONTE ALEGRE DO PIAUI,PI,Brasil,t,interior,2206605,10660,36708.63,587.18,f,2026-08-01
e4f1bb3344b7440987244eb521c8a5db,PIAUI,MORRO CABECA NO TEMPO,PI,Brasil,t,interior,2206654,4377,12180.49,579.63,f,2026-08-01
fc4d6734e499ca7918c4d3f7a6e6923b,PIAUI,MORRO DO CHAPEU DO PIAUI,PI,Brasil,t,interior,2206670,6425,11779.61,591.58,f,2026-08-01
f8fd2739a2e264e85f62dc6d83bbf39a,PIAUI,MURICI DOS PORTELAS,PI,Brasil,t,interior,2206696,9797,10577.73,586.54,f,2026-08-01
4b806e7a43fb75edbf0807bce1c8da63,PIAUI,NAZARE DO PIAUI,PI,Brasil,t,interior,2206704,6665,11824.76,722.03,f,2026-08-01
e6dd974b20d9782969c0cdd172cfe563,PIAUI,NAZARIA,PI,Brasil,t,interior,2206720,10262,13065.29,634.76,f,2026-08-01
eb5c84203eee67401f7789cd58066d1e,PIAUI,NOSSA SENHORA DE NAZARE,PI,Brasil,t,interior,2206753,5228,13242.16,759.01,f,2026-08-01
27b455f5de56dc9e74b29f7c78819f00,PIAUI,NOSSA SENHORA DOS REMEDIOS,PI,Brasil,t,interior,2206803,8525,13812.43,607.60,f,2026-08-01
5613ee9ac985476fc612dbec99432abf,PIAUI,NOVA SANTA RITA,PI,Brasil,t,interior,2207959,4076,12672.72,581.67,f,2026-08-01
01b6852787b141a1d7a676ae57b206f3,PIAUI,NOVO ORIENTE DO PIAUI,PI,Brasil,t,interior,2206902,6097,10956.70,724.29,f,2026-08-01
f14f8b4ce0acee556c8920373e0dd304,PIAUI,NOVO SANTO ANTONIO,PI,Brasil,t,interior,2206951,2827,13640.96,664.96,f,2026-08-01
3cffa5b970fb9ad69480da7d7f524ea5,PIAUI,OEIRAS,PI,Brasil,t,interior,2207009,38161,19394.04,986.29,f,2026-08-01
1473e31ee7e8b415a3020ab2ef63f093,PIAUI,OLHO D'AGUA DO PIAUI,PI,Brasil,t,interior,2207108,2637,14541.52,688.37,f,2026-08-01
81c428f964198724c4538bc41370fdfa,PIAUI,PADRE MARCOS,PI,Brasil,t,interior,2207207,6382,13858.51,711.16,f,2026-08-01
9f3ad7d68edf1d3d07e8f60d830e5261,PIAUI,PAES LANDIM,PI,Brasil,t,interior,2207306,4088,14242.66,709.55,f,2026-08-01
0d3ada421cb307173e233a6ff8abbbea,PIAUI,PAJEU DO PIAUI,PI,Brasil,t,interior,2207355,3000,20361.33,907.28,f,2026-08-01
f73477462f26494c1eb91c4197232c0a,PIAUI,PALMEIRA DO PIAUI,PI,Brasil,t,interior,2207405,4952,36399.23,749.81,f,2026-08-01
0f66b5fdb4df222a1a8baf28ea683b91,PIAUI,PALMEIRAIS,PI,Brasil,t,interior,2207504,13264,12640.46,746.07,f,2026-08-01
769a34eeb109f4f2be12364e16ee149a,PIAUI,PAQUETA,PI,Brasil,t,interior,2207553,3813,13956.73,640.94,f,2026-08-01
c72172978caca50b48f19affd0683454,PIAUI,PARNAGUA,PI,Brasil,t,interior,2207603,10103,13258.34,668.53,f,2026-08-01
4e0658a12c422089693e73e889686de3,PIAUI,PARNAIBA,PI,Brasil,t,interior,2207702,162159,22707.01,1121.72,f,2026-08-01
8d9d5b90dfbfcaa981f305ebd36e233e,PIAUI,PASSAGEM FRANCA DO PIAUI,PI,Brasil,t,interior,2207751,4135,15170.01,776.48,f,2026-08-01
2c168f7aa44acee0e52dd553847062da,PIAUI,PATOS DO PIAUI,PI,Brasil,t,interior,2207777,5425,12099.72,610.90,f,2026-08-01
b0350dd720546efcb42d0be3b0b079aa,PIAUI,PAU D'ARCO DO PIAUI,PI,Brasil,t,interior,2207793,3880,11328.35,539.48,f,2026-08-01
32be18f741da559a91107fa3f9926c55,PIAUI,PAULISTANA,PI,Brasil,t,interior,2207801,21055,17060.79,853.62,f,2026-08-01
1376c0934a3382a1a106242166ab6896,PIAUI,PAVUSSU,PI,Brasil,t,interior,2207850,3628,12630.37,612.34,f,2026-08-01
f8328520553602f8e617ea162a7a06db,PIAUI,PEDRO II,PI,Brasil,t,interior,2207900,37894,13193.01,726.92,f,2026-08-01
efb886eb97d6b96968f8c1f0c56a526b,PIAUI,PEDRO LAURENTINO,PI,Brasil,t,interior,2207934,2458,15534.99,630.74,f,2026-08-01
621531db316acadfb4608ac0b71c466f,PIAUI,PICOS,PI,Brasil,t,interior,2208007,83090,29566.52,1207.78,f,2026-08-01
fed4e7c380ea71bf7dd869e9ee516de8,PIAUI,PIMENTEIRAS,PI,Brasil,t,interior,2208106,11341,10603.74,696.28,f,2026-08-01
a2eda3eb592bcf35f1d83fe2930832e6,PIAUI,PIO IX,PI,Brasil,t,interior,2208205,17613,13288.76,696.71,f,2026-08-01
0ff7387d979cfb393c11949adf98c53b,PIAUI,PIRACURUCA,PI,Brasil,t,interior,2208304,28846,16108.85,817.75,f,2026-08-01
7eae7daa7ffbc24770ce3310c658a44f,PIAUI,PIRIPIRI,PI,Brasil,t,interior,2208403,65538,18956.35,943.13,f,2026-08-01
0db1b32baaffe826d2db6a9aef581b91,PIAUI,PORTO,PI,Brasil,t,interior,2208502,12052,11871.64,562.71,f,2026-08-01
756eb1f7e32f2794a06f264c18f51815,PIAUI,PORTO ALEGRE DO PIAUI,PI,Brasil,t,interior,2208551,2364,20238.16,768.43,f,2026-08-01
8135e72b08e32c383924ba1f7f7b1ab9,PIAUI,PRATA DO PIAUI,PI,Brasil,t,interior,2208601,3042,14252.14,756.31,f,2026-08-01
41742200b6d69b02ef47033999c7755c,PIAUI,QUEIMADA NOVA,PI,Brasil,t,interior,2208650,8738,21609.98,691.98,f,2026-08-01
35fbffc2888afb0a5ae417aed22c2f11,PIAUI,REDENCAO DO GURGUEIA,PI,Brasil,t,interior,2208700,8394,14964.62,697.28,f,2026-08-01
fb0771a03f6ca89f3e0508ad755b3721,PIAUI,REGENERACAO,PI,Brasil,t,interior,2208809,17133,19682.83,691.08,f,2026-08-01
09fffd3f52bb8585da936176a4e138ba,PIAUI,RIACHO FRIO,PI,Brasil,t,interior,2208858,4165,14766.63,613.04,f,2026-08-01
e7444295f2a22f28b70499cf5328c921,PIAUI,RIBEIRA DO PIAUI,PI,Brasil,t,interior,2208874,4055,68568.68,710.23,f,2026-08-01
82c997a337fd9fa9c84d5aa106793e90,PIAUI,RIBEIRO GONCALVES,PI,Brasil,t,interior,2208908,6164,150461.55,822.23,f,2026-08-01
a18c46e40f86bd781bb90e0a9e66f9ce,PIAUI,RIO GRANDE DO PIAUI,PI,Brasil,t,interior,2209005,5801,13083.61,770.90,f,2026-08-01
e7905c8432a7926fa7af8749d7f8bea7,PIAUI,SANTA CRUZ DO PIAUI,PI,Brasil,t,interior,2209104,5831,13385.87,778.50,f,2026-08-01
b40f1b1f3fa391fa1633077e112649dd,PIAUI,SANTA CRUZ DOS MILAGRES,PI,Brasil,t,interior,2209153,3435,15048.03,635.96,f,2026-08-01
d7b58d1b0c0824411698d1e73528f85c,PIAUI,SANTA FILOMENA,PI,Brasil,t,interior,2209203,6087,129679.32,791.19,f,2026-08-01
6974b66e60bbf30e437a64dd7847d29f,PIAUI,SANTA LUZ,PI,Brasil,t,interior,2209302,5336,16432.72,703.92,f,2026-08-01
2f515a4295a1002c715804dec03a26a9,PIAUI,SANTA ROSA DO PIAUI,PI,Brasil,t,interior,2209377,4650,13644.09,716.12,f,2026-08-01
24ae0e70b4fd21266e033998eaa03915,PIAUI,SANTANA DO PIAUI,PI,Brasil,t,interior,2209351,4125,12698.18,756.73,f,2026-08-01
b103038bc5216d415224f8120fead78e,PIAUI,SANTO ANTONIO DE LISBOA,PI,Brasil,t,interior,2209401,5839,16757.84,764.21,f,2026-08-01
db69e89823b7252e291b800ef56441c1,PIAUI,SANTO ANTONIO DOS MILAGRES,PI,Brasil,t,interior,2209450,2138,11826.01,593.44,f,2026-08-01
f47c8326d50a03a15c39d0b2c1be75d4,PIAUI,SANTO INACIO DO PIAUI,PI,Brasil,t,interior,2209500,3646,13507.41,761.49,f,2026-08-01
94ea4b9b5e7b2f89e283625424498053,PIAUI,SAO BRAZ DO PIAUI,PI,Brasil,t,interior,2209559,4358,12331.34,707.43,f,2026-08-01
cf93c234947ce7baf2f5fa8016159268,PIAUI,SAO FELIX DO PIAUI,PI,Brasil,t,interior,2209609,2842,13378.96,899.57,f,2026-08-01
f1023788566b26bc6aafe458ede5cc6e,PIAUI,SAO FRANCISCO DE ASSIS DO PIAUI,PI,Brasil,t,interior,2209658,5572,12243.72,564.56,f,2026-08-01
e96f0c21725eaa317e83659a936a537b,PIAUI,SAO FRANCISCO DO PIAUI,PI,Brasil,t,interior,2209708,5392,12474.78,677.67,f,2026-08-01
c857fc72fd51b26c8b5caa76449aded1,PIAUI,SAO GONCALO DO GURGUEIA,PI,Brasil,t,interior,2209757,2947,21789.28,669.94,f,2026-08-01
cdfd0c38640d32c809b7e8cf25599971,PIAUI,SAO GONCALO DO PIAUI,PI,Brasil,t,interior,2209807,4837,16647.30,761.61,f,2026-08-01
6cab0485bb803f4b1e33bd16139842f1,PIAUI,SAO JOAO DA CANABRAVA,PI,Brasil,t,interior,2209856,4242,12796.32,801.84,f,2026-08-01
20303faee689debf059f6386b31b094e,PIAUI,SAO JOAO DA FRONTEIRA,PI,Brasil,t,interior,2209872,5522,13571.17,592.16,f,2026-08-01
b1bc3c811a62cb15edf5ed0cdf450e80,PIAUI,SAO JOAO DA SERRA,PI,Brasil,t,interior,2209906,6114,11896.96,704.34,f,2026-08-01
2c83728b72712f28d92a4146d843fdbf,PIAUI,SAO JOAO DA VARJOTA,PI,Brasil,t,interior,2209955,4383,10481.41,606.44,f,2026-08-01
62bc9e17df46f023aeaf9fedc0a1ebce,PIAUI,SAO JOAO DO ARRAIAL,PI,Brasil,t,interior,2209971,8186,11715.61,562.84,f,2026-08-01
8c59a801237349bdbc278f4fa3a910d5,PIAUI,SAO JOAO DO PIAUI,PI,Brasil,t,interior,2210003,21421,19535.92,938.51,f,2026-08-01
8bc8b729028108ad40e8a55288bab6a4,PIAUI,SAO JOSE DO DIVINO,PI,Brasil,t,interior,2210052,4841,17147.08,675.53,f,2026-08-01
4d39b2c5556fec8d0369a2fae54a546d,PIAUI,SAO JOSE DO PEIXE,PI,Brasil,t,interior,2210102,3297,15177.13,840.15,f,2026-08-01
ae4cb71b78bdb08ef5ed3e2a093aeb7c,PIAUI,SAO JOSE DO PIAUI,PI,Brasil,t,interior,2210201,6597,12280.89,717.80,f,2026-08-01
4eea9e138950cd1d0c8388b030cae5e4,PIAUI,SAO JULIAO,PI,Brasil,t,interior,2210300,6025,11258.42,844.95,f,2026-08-01
18cb2403da2d69844295ddbe8492ae75,PIAUI,SAO LOURENCO DO PIAUI,PI,Brasil,t,interior,2210359,4410,12450.57,792.54,f,2026-08-01
ce37c4b8ff81e29290f40421bb5da373,PIAUI,SAO LUIS DO PIAUI,PI,Brasil,t,interior,2210375,2309,12313.99,627.35,f,2026-08-01
bd16428ff5292250405255437aa1121e,PIAUI,SAO MIGUEL DA BAIXA GRANDE,PI,Brasil,t,interior,2210383,2269,14503.75,668.78,f,2026-08-01
1bcd5a5c572a85b55a8d66724b556443,PIAUI,SAO MIGUEL DO FIDALGO,PI,Brasil,t,interior,2210391,2829,13020.86,686.11,f,2026-08-01
c91c6a2a3c257264ba0b821bd9e52ee3,PIAUI,SAO MIGUEL DO TAPUIO,PI,Brasil,t,interior,2210409,17554,11768.94,649.54,f,2026-08-01
057c7776af238587ea44bb87a29cd29b,PIAUI,SAO PEDRO DO PIAUI,PI,Brasil,t,interior,2210508,13755,11592.29,706.19,f,2026-08-01
657a600aa248bf026c1efa44380c697f,PIAUI,SAO RAIMUNDO NONATO,PI,Brasil,t,interior,2210607,38934,19566.06,1068.24,f,2026-08-01
b66b8bba5ea6ec4a3f7600e30127f1a1,PIAUI,SEBASTIAO BARROS,PI,Brasil,t,interior,2210623,3202,17981.57,634.49,f,2026-08-01
d568ff9a04df200c6a9d4580dd8b4032,PIAUI,SEBASTIAO LEAL,PI,Brasil,t,interior,2210631,4446,163047.91,814.19,f,2026-08-01
709d4f1435b3bf3968c6d147cef8d5e7,PIAUI,SIGEFREDO PACHECO,PI,Brasil,t,interior,2210656,9460,10254.33,659.91,f,2026-08-01
b2c5c00a49b77152617eedb8760fb261,PIAUI,SIMOES,PI,Brasil,t,interior,2210706,14350,37844.46,698.60,f,2026-08-01
64cf241e8c669ade361436d79eb35b67,PIAUI,SIMPLICIO MENDES,PI,Brasil,t,interior,2210805,13870,17066.40,856.73,f,2026-08-01
68bb1a72ac100ca0f63077fa80ac1fda,PIAUI,SOCORRO DO PIAUI,PI,Brasil,t,interior,2210904,4141,12776.38,569.04,f,2026-08-01
dd84aca237437000ca2401c244c729e8,PIAUI,SUSSUAPARA,PI,Brasil,t,interior,2210938,6220,13712.70,798.91,f,2026-08-01
4c1df35637ca9385310db089508851fa,PIAUI,TAMBORIL DO PIAUI,PI,Brasil,t,interior,2210953,2949,13270.26,671.89,f,2026-08-01
5ce1ef06494d90864d3e9ba75128e56e,PIAUI,TANQUE DO PIAUI,PI,Brasil,t,interior,2210979,2316,19013.39,955.24,f,2026-08-01
48b3a31895db05d1fb1e8538182e2241,PIAUI,TERESINA,PI,Brasil,t,capital,2211001,866300,33994.07,1559.89,f,2026-08-01
829a92f7c99f93b22c56b5a4521b2ab8,PIAUI,UNIAO,PI,Brasil,t,interior,2211100,46119,13207.62,727.69,f,2026-08-01
c5678aebd65e7117f6628b608b356f60,PIAUI,URUCUI,PI,Brasil,t,interior,2211209,25203,167689.01,1041.20,f,2026-08-01
8ad07234b18812c79c14b79f5d90bf0d,PIAUI,VALENCA DO PIAUI,PI,Brasil,t,interior,2211308,22279,17319.63,1059.55,f,2026-08-01
fa4cb26c4abd2522417249aa0996ff19,PIAUI,VARZEA BRANCA,PI,Brasil,t,interior,2211357,5055,12036.80,610.54,f,2026-08-01
49d1ed2ec795ba6bcd6e6a7651da2035,PIAUI,VARZEA GRANDE,PI,Brasil,t,interior,2211407,4417,12375.82,839.80,f,2026-08-01
ebc4e2221bebc3322346bd37106fc855,PIAUI,VERA MENDES,PI,Brasil,t,interior,2211506,3185,12180.85,599.07,f,2026-08-01
94d7e1ff77f359386c55c0756e1ef845,PIAUI,VILA NOVA DO PIAUI,PI,Brasil,t,interior,2211605,2935,14283.13,738.02,f,2026-08-01
475fe4128f53dc44ddae2b79072f58d6,PIAUI,WALL FERRAZ,PI,Brasil,t,interior,2211704,4059,14324.71,601.14,f,2026-08-01
f3dbfb156bfec2aeccb2af97d4524f09,RIO DE JANEIRO,ANGRA DOS REIS,RJ,Brasil,t,interior,3300100,167434,71075.76,1463.14,f,2026-08-01
3b15c2cf29597c7ce6bef433c959cf71,RIO DE JANEIRO,APERIBE,RJ,Brasil,t,interior,3300159,11034,27291.01,1360.14,f,2026-08-01
120517e98925ce026421a8d4fd4413f0,RIO DE JANEIRO,ARARUAMA,RJ,Brasil,t,interior,3300209,129671,101458.16,1311.77,f,2026-08-01
1e5821682fdf48fd308b4c6d404c8670,RIO DE JANEIRO,AREAL,RJ,Brasil,t,interior,3300225,11828,50479.54,1352.93,f,2026-08-01
5896e8ededc82908d6431c334769e944,RIO DE JANEIRO,ARMACAO DOS BUZIOS,RJ,Brasil,t,interior,3300233,40006,125471.70,1619.56,f,2026-08-01
159a30337faadc78966c984385d20c45,RIO DE JANEIRO,ARRAIAL DO CABO,RJ,Brasil,t,interior,3300258,30986,301277.16,1466.08,f,2026-08-01
6635cc56fe328ac85e0a21010d0b0e57,RIO DE JANEIRO,BARRA DO PIRAI,RJ,Brasil,t,interior,3300308,92883,34728.88,1422.60,f,2026-08-01
130452da717722281d9308cf64696099,RIO DE JANEIRO,BARRA MANSA,RJ,Brasil,t,interior,3300407,169894,40208.10,1407.80,f,2026-08-01
ea0f78697575603ab63abdb63fed2a0f,RIO DE JANEIRO,BELFORD ROXO,RJ,Brasil,t,interior,3300456,483087,20050.92,915.03,f,2026-08-01
7a58c11c115e92413f24e8e29ab2b78d,RIO DE JANEIRO,BOM JARDIM,RJ,Brasil,t,interior,3300506,28102,36257.92,1392.13,f,2026-08-01
b83d4ecd9a610479cf5653bd7da58a37,RIO DE JANEIRO,BOM JESUS DO ITABAPOANA,RJ,Brasil,t,interior,3300605,35173,34333.47,1537.40,f,2026-08-01
2bf60a5b831717274c2662f1ee693ed1,RIO DE JANEIRO,CABO FRIO,RJ,Brasil,t,interior,3300704,222161,76361.16,1549.33,f,2026-08-01
b26a637c66391cbfd203e6453f218a14,RIO DE JANEIRO,CACHOEIRAS DE MACACU,RJ,Brasil,t,interior,3300803,56943,29896.60,1212.66,f,2026-08-01
33243c0864fe386e2ada592dda203a95,RIO DE JANEIRO,CAMBUCI,RJ,Brasil,t,interior,3300902,14616,32811.17,1315.25,f,2026-08-01
985f2d757bc7db9c9831d0e7b42b819e,RIO DE JANEIRO,CAMPOS DOS GOYTACAZES,RJ,Brasil,t,interior,3301009,483540,88831.26,1385.75,f,2026-08-01
3c21e0e2f6a1eab60e2a825ee01057fb,RIO DE JANEIRO,CANTAGALO,RJ,Brasil,t,interior,3301108,19390,55456.21,1207.29,f,2026-08-01
0162d455ada251735cbe316642dbfde6,RIO DE JANEIRO,CARAPEBUS,RJ,Brasil,t,interior,3300936,13847,75513.32,1132.90,f,2026-08-01
aa4dacd2ab6925857922c2bc5ea0a102,RIO DE JANEIRO,CARDOSO MOREIRA,RJ,Brasil,t,interior,3301157,12958,30338.40,1077.50,f,2026-08-01
3b686065bc78d3ca3a6f6ae3836d227d,RIO DE JANEIRO,CARMO,RJ,Brasil,t,interior,3301207,17198,39066.52,1309.80,f,2026-08-01
441e65f89f949f79966b7abde772b903,RIO DE JANEIRO,CASIMIRO DE ABREU,RJ,Brasil,t,interior,3301306,46110,72939.47,1378.38,f,2026-08-01
6aa6ebbc546fac8621d367770be4e536,RIO DE JANEIRO,COMENDADOR LEVY GASPARIAN,RJ,Brasil,t,interior,3300951,8741,72481.64,1127.61,f,2026-08-01
eb87e958bfa99b6cc5849e446970423f,RIO DE JANEIRO,CONCEICAO DE MACABU,RJ,Brasil,t,interior,3301405,21104,23881.73,1267.02,f,2026-08-01
bf17174ec2ea2a1ad3538a96b68f028b,RIO DE JANEIRO,CORDEIRO,RJ,Brasil,t,interior,3301504,20783,25527.26,1414.42,f,2026-08-01
aebc0a1a7425bd078c5be719463bf103,RIO DE JANEIRO,DUAS BARRAS,RJ,Brasil,t,interior,3301603,10980,25997.09,1155.27,f,2026-08-01
3e125832dbb9f8bcdf0ba9c7c8b9d093,RIO DE JANEIRO,DUQUE DE CAXIAS,RJ,Brasil,t,interior,3301702,808161,86700.55,1100.31,f,2026-08-01
f0896859cc4baf7fc53aeae40c88bcc1,RIO DE JANEIRO,ENGENHEIRO PAULO DE FRONTIN,RJ,Brasil,t,interior,3301801,12242,26175.30,1284.42,f,2026-08-01
1f7132854894f707c2a40ec92636fe26,RIO DE JANEIRO,GUAPIMIRIM,RJ,Brasil,t,interior,3301850,51696,30756.40,1197.43,f,2026-08-01
f14eb5377a23d5b6164c03c273afec1a,RIO DE JANEIRO,IGUABA GRANDE,RJ,Brasil,t,interior,3301876,27920,29178.40,1526.99,f,2026-08-01
311954e7611870b4f34d12b700743933,RIO DE JANEIRO,ITABORAI,RJ,Brasil,t,interior,3301900,224267,27995.17,1101.64,f,2026-08-01
cf06b9e80b85f307821f4a392e03e0bc,RIO DE JANEIRO,ITAGUAI,RJ,Brasil,t,interior,3302007,116841,97431.23,1199.57,f,2026-08-01
f4d408d42792006f0df17b3c94bf7589,RIO DE JANEIRO,ITALVA,RJ,Brasil,t,interior,3302056,14073,30661.05,1227.13,f,2026-08-01
fdbe8d02723ee870c6235e0f5cad6ffc,RIO DE JANEIRO,ITAOCARA,RJ,Brasil,t,interior,3302106,22919,33007.07,1421.51,f,2026-08-01
6a23220afeb1b405698e675b6413c7a1,RIO DE JANEIRO,ITAPERUNA,RJ,Brasil,t,interior,3302205,101041,40257.29,1520.46,f,2026-08-01
1724ae123caa6c3c0d4843ca0b6dcdd2,RIO DE JANEIRO,ITATIAIA,RJ,Brasil,t,interior,3302254,30908,226112.50,1527.73,f,2026-08-01
32b462e8ade959a6caf4ae0c527231c8,RIO DE JANEIRO,JAPERI,RJ,Brasil,t,interior,3302270,96289,19470.53,786.34,f,2026-08-01
35512c62408e72b916a97f6be873e75c,RIO DE JANEIRO,LAJE DO MURIAE,RJ,Brasil,t,interior,3302304,7336,28435.52,1145.60,f,2026-08-01
b79f6afdfdc02cf55a302509e8996883,RIO DE JANEIRO,MACAE,RJ,Brasil,t,interior,3302403,246391,90891.55,1876.38,f,2026-08-01
8bb5574052c4148f3fb8ffef89154e7e,RIO DE JANEIRO,MACUCO,RJ,Brasil,t,interior,3302452,5415,52193.17,1289.93,f,2026-08-01
2afeae2ea4ae9c37fdbd4de41249277c,RIO DE JANEIRO,MAGE,RJ,Brasil,t,interior,3302502,228127,23238.86,1036.31,f,2026-08-01
bc7a4ca830b95f9d4852982c70866f72,RIO DE JANEIRO,MANGARATIBA,RJ,Brasil,t,interior,3302601,41220,83543.43,1501.02,f,2026-08-01
c543dc786c3309e8eb48804db26ef892,RIO DE JANEIRO,MARICA,RJ,Brasil,t,interior,3302700,197277,679714.48,1707.99,f,2026-08-01
c9cbb42ad9627fcc85b9b52d80ba1d4b,RIO DE JANEIRO,MENDES,RJ,Brasil,t,interior,3302809,17502,25412.18,1399.30,f,2026-08-01
2c3fadbe7a339d03682f59432317252d,RIO DE JANEIRO,MESQUITA,RJ,Brasil,t,interior,3302858,167127,18123.98,1115.94,f,2026-08-01
262d7a8661542637149ade8749457c7f,RIO DE JANEIRO,MIGUEL PEREIRA,RJ,Brasil,t,interior,3302908,26582,31871.12,1784.00,f,2026-08-01
7928476160e089a06e09f07fc1170420,RIO DE JANEIRO,MIRACEMA,RJ,Brasil,t,interior,3303005,26881,27606.00,1414.60,f,2026-08-01
e0a2351827662500e6c6fd2430057845,RIO DE JANEIRO,NATIVIDADE,RJ,Brasil,t,interior,3303104,15074,27095.40,1393.71,f,2026-08-01
9075026c5f9cfbc15d6f632922c5617b,RIO DE JANEIRO,NILOPOLIS,RJ,Brasil,t,interior,3303203,146774,22754.50,1298.90,f,2026-08-01
7be18e958ce1818dbb78175b4c7bb751,RIO DE JANEIRO,NITEROI,RJ,Brasil,t,interior,3303302,481749,158314.82,3577.32,f,2026-08-01
052d27ef30e5c31c362b0ebf0fa628e6,RIO DE JANEIRO,NOVA FRIBURGO,RJ,Brasil,t,interior,3303401,189939,38789.12,1757.65,f,2026-08-01
c4ec09619376cf451a9452a3f0f0acf1,RIO DE JANEIRO,NOVA IGUACU,RJ,Brasil,t,interior,3303500,785867,26109.54,1102.46,f,2026-08-01
76d307dddb47c99ab81d661e6c4630d2,RIO DE JANEIRO,PARACAMBI,RJ,Brasil,t,interior,3303609,41375,26235.38,1349.13,f,2026-08-01
4b7113dcf464c834ba73f180cf5b4aa5,RIO DE JANEIRO,PARAIBA DO SUL,RJ,Brasil,t,interior,3303708,42063,33263.37,1216.57,f,2026-08-01
e817e51f5aceb992065dbd3d04cbda82,RIO DE JANEIRO,PARATI,RJ,Brasil,t,interior,,,,,,2026-08-01
7d9497bb48e9b5a65220acc838715bc2,RIO DE JANEIRO,PATY DO ALFERES,RJ,Brasil,t,interior,3303856,29619,29127.92,1210.31,f,2026-08-01
c46b080981b573ff8472b292a499e1de,RIO DE JANEIRO,PETROPOLIS,RJ,Brasil,t,interior,3303906,278881,71382.90,1822.76,f,2026-08-01
1a8847abc289251aba17d4790709d7ff,RIO DE JANEIRO,PINHEIRAL,RJ,Brasil,t,interior,3303955,24298,48880.44,1366.90,f,2026-08-01
bd9d0168936adcb4636440ce6de70928,RIO DE JANEIRO,PIRAI,RJ,Brasil,t,interior,3304003,27474,123343.78,1462.21,f,2026-08-01
60ef05b5a19b61c9feeb3d857b5d8adc,RIO DE JANEIRO,PORCIUNCULA,RJ,Brasil,t,interior,3304102,17288,32349.20,1404.53,f,2026-08-01
1e14c9e793273119406bf8971bcdeba8,RIO DE JANEIRO,PORTO REAL,RJ,Brasil,t,interior,3304110,20373,157344.62,1237.94,f,2026-08-01
61776f12862ba5c0d43c434084c60168,RIO DE JANEIRO,QUATIS,RJ,Brasil,t,interior,3304128,13682,29292.57,1274.65,f,2026-08-01
0d3852712ba65872727d4ffe5fed901d,RIO DE JANEIRO,QUEIMADOS,RJ,Brasil,t,interior,3304144,140523,35145.93,958.95,f,2026-08-01
7de4ab5ad9bdb795d7baff32d4490275,RIO DE JANEIRO,QUISSAMA,RJ,Brasil,t,interior,3304151,22393,253188.23,1108.09,f,2026-08-01
b571634d4d52993514ab0078d3eeda57,RIO DE JANEIRO,RESENDE,RJ,Brasil,t,interior,3304201,129612,94649.38,1881.11,f,2026-08-01
3f39a6d2bae66d47d9dac1cd8b4df6fd,RIO DE JANEIRO,RIO BONITO,RJ,Brasil,t,interior,3304300,56276,36222.65,1407.84,f,2026-08-01
e736a4e426ae6cb73b5a1c089a84921f,RIO DE JANEIRO,RIO CLARO,RJ,Brasil,t,interior,3304409,17401,33183.78,1232.33,f,2026-08-01
477810eb5909f83f8a721583358966db,RIO DE JANEIRO,RIO DAS FLORES,RJ,Brasil,t,interior,3304508,8954,37826.11,1181.25,f,2026-08-01
bc3046be69c44b565dff3d96bcafd3b3,RIO DE JANEIRO,RIO DAS OSTRAS,RJ,Brasil,t,interior,3304524,156491,67734.87,1840.11,f,2026-08-01
7dc3eac672edbe1923f2ee16c979c71e,RIO DE JANEIRO,RIO DE JANEIRO,RJ,Brasil,t,capital,3304557,6211223,67371.97,2515.32,f,2026-08-01
b946c17e7420d0a85883324e9e85b461,RIO DE JANEIRO,SANTA MARIA MADALENA,RJ,Brasil,t,interior,3304607,10232,26886.04,1337.53,f,2026-08-01
4fc78c187d19488fadfcb3a633bfa29f,RIO DE JANEIRO,SANTO ANTONIO DE PADUA,RJ,Brasil,t,interior,3304706,41325,40806.70,1308.22,f,2026-08-01
5e1f2b7a85a93eb3c04ef716972f88e0,RIO DE JANEIRO,SAO FIDELIS,RJ,Brasil,t,interior,3304805,38961,25305.77,1296.11,f,2026-08-01
99d1af659ee97fda759ddb309258a8d1,RIO DE JANEIRO,SAO FRANCISCO DE ITABAPOANA,RJ,Brasil,t,interior,3304755,45059,32876.16,939.48,f,2026-08-01
d5a4b2bcb0c353135cf7ec9c1fa47024,RIO DE JANEIRO,SAO GONCALO,RJ,Brasil,t,interior,3304904,896744,25719.37,1209.50,f,2026-08-01
ab856259489f603b3dff6bcd707fa2a1,RIO DE JANEIRO,SAO JOAO DA BARRA,RJ,Brasil,t,interior,3305000,36573,382417.41,985.72,f,2026-08-01
f0e420f647c3b53bf6dc0f20a830b652,RIO DE JANEIRO,SAO JOAO DE MERITI,RJ,Brasil,t,interior,3305109,440962,26156.56,1042.94,f,2026-08-01
7c48e8741d2bdebe838c8ae468b33bcb,RIO DE JANEIRO,SAO JOSE DE UBA,RJ,Brasil,t,interior,3305133,7070,32917.96,1150.71,f,2026-08-01
240beb4739d47c0cae013dfc9eb1563b,RIO DE JANEIRO,SAO JOSE DO VALE DO RIO PRETO,RJ,Brasil,t,interior,3305158,22080,42646.97,1203.03,f,2026-08-01
3e592cf756adffbede6678604cfc245a,RIO DE JANEIRO,SAO PEDRO DA ALDEIA,RJ,Brasil,t,interior,3305208,104029,32289.18,1462.39,f,2026-08-01
61b11adaaa6ac4820015d08073f7bdaa,RIO DE JANEIRO,SAO SEBASTIAO DO ALTO,RJ,Brasil,t,interior,3305307,7750,35205.81,1123.79,f,2026-08-01
5cd6144eed85d79732f567df34dd3712,RIO DE JANEIRO,SAPUCAIA,RJ,Brasil,t,interior,3305406,17729,69249.31,1246.50,f,2026-08-01
8d3f02452067b589e5badf61feea7a53,RIO DE JANEIRO,SAQUAREMA,RJ,Brasil,t,interior,3305505,89559,722441.52,1491.00,f,2026-08-01
534eccaec04274cee66929836631f4fb,RIO DE JANEIRO,SEROPEDICA,RJ,Brasil,t,interior,3305554,80596,46653.38,1181.47,f,2026-08-01
f25f403a537d00a146c402355062520e,RIO DE JANEIRO,SILVA JARDIM,RJ,Brasil,t,interior,3305604,21352,33060.70,1042.66,f,2026-08-01
5187037d071888fff39ed0f7e3cf90bc,RIO DE JANEIRO,SUMIDOURO,RJ,Brasil,t,interior,3305703,15206,48259.96,1223.03,f,2026-08-01
691164a567b0eab668602bdeefb672d0,RIO DE JANEIRO,TANGUA,RJ,Brasil,t,interior,3305752,31086,27627.07,959.96,f,2026-08-01
eaf6140b65885914b4d566ab68a8f358,RIO DE JANEIRO,TERESOPOLIS,RJ,Brasil,t,interior,3305802,165123,43025.78,1860.47,f,2026-08-01
3b4d7558c00e6b5b7461b5b64f4deee0,RIO DE JANEIRO,TRAJANO DE MORAIS,RJ,Brasil,t,interior,,,,,,2026-08-01
ad2e2972eff83c176d35a0128862f6bb,RIO DE JANEIRO,TRES RIOS,RJ,Brasil,t,interior,3306008,78346,76808.47,1438.62,f,2026-08-01
2fe7273cb4de00429790b99c6f73d596,RIO DE JANEIRO,VALENCA,RJ,Brasil,t,interior,3306107,68088,45595.24,1443.99,f,2026-08-01
3ecdf03501d96877070d9b6a3d1b526c,RIO DE JANEIRO,VARRE-SAI,RJ,Brasil,t,interior,3306156,10207,39964.24,1108.62,f,2026-08-01
1f05aedb51e0cf29e43ed6c2fcbc4501,RIO DE JANEIRO,VASSOURAS,RJ,Brasil,t,interior,3306206,33976,43350.60,1519.05,f,2026-08-01
57c6c731f55cf545d484a6756f0464be,RIO DE JANEIRO,VOLTA REDONDA,RJ,Brasil,t,interior,3306305,261563,58523.63,1787.91,f,2026-08-01
e3bbc20967d26f5b890adb5a120bc9cd,RIO GRANDE DO NORTE,ACARI,RN,Brasil,t,interior,2400109,10597,18479.57,1023.87,f,2026-08-01
be6cb4b0356ec00d58cf750a7acf208e,RIO GRANDE DO NORTE,AFONSO BEZERRA,RN,Brasil,t,interior,2400307,10839,14846.48,792.26,f,2026-08-01
9732b4a9e9ca06ff55d150ba8940cf4c,RIO GRANDE DO NORTE,AGUA NOVA,RN,Brasil,t,interior,2400406,2946,14444.67,773.54,f,2026-08-01
a2e8923fc9099b7db2f9755f3c84fa73,RIO GRANDE DO NORTE,ALEXANDRIA,RN,Brasil,t,interior,2400505,13640,15331.16,767.82,f,2026-08-01
c62b45be9524a64b1a8e0dfe29392f44,RIO GRANDE DO NORTE,ALMINO AFONSO,RN,Brasil,t,interior,2400604,4687,14578.41,918.71,f,2026-08-01
f5eae9f797dc90aab75b50ba649faec3,RIO GRANDE DO NORTE,ALTO DO RODRIGUES,RN,Brasil,t,interior,2400703,12484,72315.20,885.33,f,2026-08-01
3fa805bc863c0ac9d087ddf6368374a6,RIO GRANDE DO NORTE,ANGICOS,RN,Brasil,t,interior,2400802,11632,22173.23,913.59,f,2026-08-01
b37b506bc2cb4f6c97ae253705bf01b5,RIO GRANDE DO NORTE,ANTONIO MARTINS,RN,Brasil,t,interior,2400901,6577,12082.10,702.33,f,2026-08-01
b97dcad71c7d344342eb76c28a96a22e,RIO GRANDE DO NORTE,APODI,RN,Brasil,t,interior,2401008,36093,26097.03,923.68,f,2026-08-01
18d2f999ed4755c9bce8d385d1e66857,RIO GRANDE DO NORTE,AREIA BRANCA,RN,Brasil,t,interior,2401107,24093,45226.70,1004.75,f,2026-08-01
499cecd66f782893ee651ed6f1cd0f36,RIO GRANDE DO NORTE,ARES,RN,Brasil,t,interior,,,,,,2026-08-01
b8a4d0dd4fde6782f7d5188827e8e8df,RIO GRANDE DO NORTE,ASSU,RN,Brasil,t,interior,2400208,56496,38412.93,1026.89,f,2026-08-01
f4d919a06a6d7fd4138d439da47cf6de,RIO GRANDE DO NORTE,BAIA FORMOSA,RN,Brasil,t,interior,2401404,8825,38064.93,917.51,f,2026-08-01
2d28a7e5f611ca1e2134448ca0cbfe04,RIO GRANDE DO NORTE,BARAUNA,RN,Brasil,t,interior,2401453,26913,36828.45,816.94,f,2026-08-01
b7d5654d5fe32d483d7c9412c6678df3,RIO GRANDE DO NORTE,BARCELONA,RN,Brasil,t,interior,2401503,3986,15951.58,727.09,f,2026-08-01
60c04fced0a56482ce1cd6e22a4a425d,RIO GRANDE DO NORTE,BENTO FERNANDES,RN,Brasil,t,interior,2401602,4807,26749.32,702.64,f,2026-08-01
b13b2c6d1a2be9c402ddb3c26c88c343,RIO GRANDE DO NORTE,BOA SAUDE,RN,Brasil,t,interior,,,,,,2026-08-01
f493a30bfcd058cb27a934d60ab57aa1,RIO GRANDE DO NORTE,BODO,RN,Brasil,t,interior,2401651,2306,104148.31,748.45,f,2026-08-01
1b5a4c51119dd9d20b78a84e2fec744c,RIO GRANDE DO NORTE,BOM JESUS,RN,Brasil,t,interior,2401701,9952,14119.67,760.67,f,2026-08-01
d42dec5ebfa560c1bcbce061fe24f227,RIO GRANDE DO NORTE,BREJINHO,RN,Brasil,t,interior,2401800,12202,13781.59,714.73,f,2026-08-01
b224257c5640d65242cd99771814e12c,RIO GRANDE DO NORTE,CAICARA DO NORTE,RN,Brasil,t,interior,2401859,6293,19006.99,765.49,f,2026-08-01
7e80ef78d1b5fc49a893e38e9e6ca7d0,RIO GRANDE DO NORTE,CAICARA DO RIO DO VENTO,RN,Brasil,t,interior,2401909,3268,145099.14,744.88,f,2026-08-01
e0ac2d9a369ecb9146ca1ebac1eef026,RIO GRANDE DO NORTE,CAICO,RN,Brasil,t,interior,2402006,61146,28387.74,1387.38,f,2026-08-01
ff749399df4b82b39349e8b890225549,RIO GRANDE DO NORTE,CAMPO GRANDE,RN,Brasil,t,interior,2401305,9730,14017.57,716.29,f,2026-08-01
02a28297aeb033db6f1431af28e4213c,RIO GRANDE DO NORTE,CAMPO REDONDO,RN,Brasil,t,interior,2402105,10215,12919.73,737.65,f,2026-08-01
772a53db8de8988250c742a8f001e2a6,RIO GRANDE DO NORTE,CANGUARETAMA,RN,Brasil,t,interior,2402204,29668,20761.66,678.69,f,2026-08-01
07aceda00eb8768e00ab93d7c4bf8042,RIO GRANDE DO NORTE,CARAUBAS,RN,Brasil,t,interior,2402303,19727,27385.46,863.21,f,2026-08-01
7952b3b7e9ab91d43734d0896ca55c87,RIO GRANDE DO NORTE,CARNAUBA DOS DANTAS,RN,Brasil,t,interior,2402402,7992,18881.63,1016.38,f,2026-08-01
7e1b1d6dc928e050cb84182c49175bb3,RIO GRANDE DO NORTE,CARNAUBAIS,RN,Brasil,t,interior,2402501,9714,23864.11,770.65,f,2026-08-01
e871ec5a553cec2e750229aacfa64037,RIO GRANDE DO NORTE,CEARA-MIRIM,RN,Brasil,t,interior,2402600,79115,15930.56,749.64,f,2026-08-01
3aac2465460bfba4714213b5d2638d9d,RIO GRANDE DO NORTE,CERRO-CORA,RN,Brasil,t,interior,,,,,,2026-08-01
006a1e5c13dca8de79d289660a5cbfa3,RIO GRANDE DO NORTE,CORONEL EZEQUIEL,RN,Brasil,t,interior,2402808,5117,12792.65,623.76,f,2026-08-01
beade97eb6998fefa6520302eac8d409,RIO GRANDE DO NORTE,CORONEL JOAO PESSOA,RN,Brasil,t,interior,2402907,4237,12784.99,777.32,f,2026-08-01
1d6c99d6fa0470f5c5f11308c79fbee4,RIO GRANDE DO NORTE,CRUZETA,RN,Brasil,t,interior,2403004,8005,19330.67,984.82,f,2026-08-01
4ad22ffd63d6111f6d6c8053ea286099,RIO GRANDE DO NORTE,CURRAIS NOVOS,RN,Brasil,t,interior,2403103,41313,23136.71,1156.23,f,2026-08-01
923ac75e24dc5ab3e91393067e06322a,RIO GRANDE DO NORTE,DOUTOR SEVERIANO,RN,Brasil,t,interior,2403202,7044,15071.55,730.16,f,2026-08-01
f7e0b173ec0a87e476cac4daded701ca,RIO GRANDE DO NORTE,ENCANTO,RN,Brasil,t,interior,2403301,6016,12474.07,783.97,f,2026-08-01
299a4546dd6b9fe458054f164b41baae,RIO GRANDE DO NORTE,EQUADOR,RN,Brasil,t,interior,2403400,5360,16821.08,866.99,f,2026-08-01
605049e6485f7607c0b0177ca495e52f,RIO GRANDE DO NORTE,ESPIRITO SANTO,RN,Brasil,t,interior,2403509,10620,11928.63,705.54,f,2026-08-01
99d12eed8b70ee38e85b8681fff89d69,RIO GRANDE DO NORTE,EXTREMOZ,RN,Brasil,t,interior,2403608,61635,16005.65,910.25,f,2026-08-01
868108c0ec84354753ccf919552ff500,RIO GRANDE DO NORTE,FELIPE GUERRA,RN,Brasil,t,interior,2403707,5944,50877.02,860.07,f,2026-08-01
8076c2753c4400bf722acd608a1ec564,RIO GRANDE DO NORTE,FERNANDO PEDROZA,RN,Brasil,t,interior,2403756,2938,21100.75,820.99,f,2026-08-01
885b8f5ea742f927f84f6a19d1ce0434,RIO GRANDE DO NORTE,FLORANIA,RN,Brasil,t,interior,2403806,10196,14957.04,884.77,f,2026-08-01
e352640cc12b0a21581b9abf31bbcf93,RIO GRANDE DO NORTE,FRANCISCO DANTAS,RN,Brasil,t,interior,2403905,2700,15770.37,823.81,f,2026-08-01
38ca096690ca3eb8f6dbc786d01684a2,RIO GRANDE DO NORTE,FRUTUOSO GOMES,RN,Brasil,t,interior,2404002,4122,14311.98,794.96,f,2026-08-01
e71fb4a220f2e663cbebb4598ef3387f,RIO GRANDE DO NORTE,GALINHOS,RN,Brasil,t,interior,2404101,2104,78741.44,993.68,f,2026-08-01
2ce256373f33cdd058f2c218571a835a,RIO GRANDE DO NORTE,GOIANINHA,RN,Brasil,t,interior,2404200,26741,24171.98,825.49,f,2026-08-01
3c02b0932fba1bcf664b2351b5966b6d,RIO GRANDE DO NORTE,GOVERNADOR DIX-SEPT ROSADO,RN,Brasil,t,interior,2404309,11938,49911.38,792.12,f,2026-08-01
8c44e2c629c91d446aefbb3476508f2e,RIO GRANDE DO NORTE,GROSSOS,RN,Brasil,t,interior,2404408,9924,18734.48,875.50,f,2026-08-01
28d65869ed7c367e37ab5b6b55506b99,RIO GRANDE DO NORTE,GUAMARE,RN,Brasil,t,interior,2404507,15295,168808.24,840.99,f,2026-08-01
ccb33dff87849e1bb63385fbe5bc4e34,RIO GRANDE DO NORTE,IELMO MARINHO,RN,Brasil,t,interior,2404606,11615,14546.19,602.87,f,2026-08-01
07d780b2c9bf5208d9772c9e2179d489,RIO GRANDE DO NORTE,IPANGUACU,RN,Brasil,t,interior,2404705,14131,18669.95,767.65,f,2026-08-01
4c881019122e45a6ee2eca09558b7fc9,RIO GRANDE DO NORTE,IPUEIRA,RN,Brasil,t,interior,2404804,2035,20967.57,929.94,f,2026-08-01
4cbaa0747bfdc4edbd847e4f73dbe215,RIO GRANDE DO NORTE,ITAJA,RN,Brasil,t,interior,2404853,7292,24682.94,820.66,f,2026-08-01
df10b773d7433965190e8994b46f5b4e,RIO GRANDE DO NORTE,ITAU,RN,Brasil,t,interior,2404903,5320,17100.75,705.31,f,2026-08-01
950edcfc465eb90564fcfb4008f48061,RIO GRANDE DO NORTE,JACANA,RN,Brasil,t,interior,2405009,7834,12847.08,714.44,f,2026-08-01
66956d81dbeebe7c6176662102f80d14,RIO GRANDE DO NORTE,JANDAIRA,RN,Brasil,t,interior,2405108,6562,55417.25,762.69,f,2026-08-01
843bb72f048637df32ec7f52742636e9,RIO GRANDE DO NORTE,JANDUIS,RN,Brasil,t,interior,2405207,4746,22084.28,822.98,f,2026-08-01
e0849bc49c6c31099c7fb228e169097e,RIO GRANDE DO NORTE,JAPI,RN,Brasil,t,interior,2405405,5117,13519.05,600.23,f,2026-08-01
77cd5029fdd9234e87745a5aef00dec7,RIO GRANDE DO NORTE,JARDIM DE ANGICOS,RN,Brasil,t,interior,2405504,2437,28428.40,735.11,f,2026-08-01
66f6cab58ad13264f9e9a65c450431cd,RIO GRANDE DO NORTE,JARDIM DE PIRANHAS,RN,Brasil,t,interior,2405603,13977,19758.25,822.69,f,2026-08-01
54f0cbe8332a9d062c49ecadffb33db0,RIO GRANDE DO NORTE,JARDIM DO SERIDO,RN,Brasil,t,interior,2405702,11655,20992.11,1184.50,f,2026-08-01
8e207db6c2d7b4479061d47a297d7f7b,RIO GRANDE DO NORTE,JOAO CAMARA,RN,Brasil,t,interior,2405801,33290,45870.29,758.00,f,2026-08-01
5576ec0eb885ca392de216da0e289923,RIO GRANDE DO NORTE,JOAO DIAS,RN,Brasil,t,interior,2405900,2076,16281.31,669.87,f,2026-08-01
62a6fc296c502be4b20ccf721e5acc58,RIO GRANDE DO NORTE,JOSE DA PENHA,RN,Brasil,t,interior,2406007,5803,15216.61,869.82,f,2026-08-01
6d21a98ab0821c9f356a80c108135aae,RIO GRANDE DO NORTE,JUCURUTU,RN,Brasil,t,interior,2406106,17793,24884.22,812.37,f,2026-08-01
c09c42b2765b49b1ca9b22e8679cef96,RIO GRANDE DO NORTE,JUNDIA,RN,Brasil,t,interior,2406155,3739,12648.03,716.60,f,2026-08-01
2affedbd1e3e3611e1496ce271474cb2,RIO GRANDE DO NORTE,LAGOA DANTA,RN,Brasil,t,interior,,,,,,2026-08-01
9aae267b385ecf332f55ee0d80f83e98,RIO GRANDE DO NORTE,LAGOA DE PEDRAS,RN,Brasil,t,interior,2406304,7338,13768.06,552.73,f,2026-08-01
9668f8db5eaf46197a99abcce3d7feba,RIO GRANDE DO NORTE,LAGOA DE VELHOS,RN,Brasil,t,interior,2406403,2567,19066.61,815.39,f,2026-08-01
425f1c2369586bd466d7d2bb03fbd01c,RIO GRANDE DO NORTE,LAGOA NOVA,RN,Brasil,t,interior,2406502,15573,20940.54,787.33,f,2026-08-01
0e1efbb7c437ca3255053e5619b903a3,RIO GRANDE DO NORTE,LAGOA SALGADA,RN,Brasil,t,interior,2406601,8319,14963.70,692.89,f,2026-08-01
ef764e24b54073d6f72e914a479be84e,RIO GRANDE DO NORTE,LAJES,RN,Brasil,t,interior,2406700,9866,64126.29,860.33,f,2026-08-01
527eec049c3228af5d70369cc1c8e95c,RIO GRANDE DO NORTE,LAJES PINTADAS,RN,Brasil,t,interior,2406809,4787,14265.72,785.09,f,2026-08-01
406bdc19877072ce308220208d31c503,RIO GRANDE DO NORTE,LUCRECIA,RN,Brasil,t,interior,2406908,3490,17502.01,780.38,f,2026-08-01
859c4454e071b5857cefb4097aaa8c1f,RIO GRANDE DO NORTE,LUIS GOMES,RN,Brasil,t,interior,2407005,9070,12392.39,751.13,f,2026-08-01
76e2bd25f629748b336b748c8576fe9e,RIO GRANDE DO NORTE,MACAIBA,RN,Brasil,t,interior,2407104,82249,29857.37,850.48,f,2026-08-01
146a0e5b686f8ab13d6f4e799a6200f1,RIO GRANDE DO NORTE,MACAU,RN,Brasil,t,interior,2407203,27369,48071.91,974.59,f,2026-08-01
47dbbf402a7e2047c42ed8433cfccf0d,RIO GRANDE DO NORTE,MAJOR SALES,RN,Brasil,t,interior,2407252,3924,16749.49,774.51,f,2026-08-01
c8b12b0ab90f0896ed0c06701315285b,RIO GRANDE DO NORTE,MARCELINO VIEIRA,RN,Brasil,t,interior,2407302,7896,12813.70,714.94,f,2026-08-01
d9282cfcc279f9b5711edf24532a8d02,RIO GRANDE DO NORTE,MARTINS,RN,Brasil,t,interior,2407401,8179,15962.46,888.12,f,2026-08-01
5e09b73b80661e2a21f555667cd4aef2,RIO GRANDE DO NORTE,MAXARANGUAPE,RN,Brasil,t,interior,2407500,10255,16133.98,770.28,f,2026-08-01
a893dee371d1363a6d7a3ad846e30b52,RIO GRANDE DO NORTE,MESSIAS TARGINO,RN,Brasil,t,interior,2407609,4274,15284.28,907.34,f,2026-08-01
f66d51561b6ffa49e6914c2ce74cb196,RIO GRANDE DO NORTE,MONTANHAS,RN,Brasil,t,interior,2407708,11444,13890.42,708.38,f,2026-08-01
d4702171b8b33de86b81cb6c4623a72c,RIO GRANDE DO NORTE,MONTE ALEGRE,RN,Brasil,t,interior,2407807,23031,15142.68,743.36,f,2026-08-01
a5a0bfa259d33cfcbe17f923ed65cefb,RIO GRANDE DO NORTE,MONTE DAS GAMELEIRAS,RN,Brasil,t,interior,2407906,2276,20176.63,652.71,f,2026-08-01
87e677bac387592890c97c4a71e2b8b0,RIO GRANDE DO NORTE,MOSSORO,RN,Brasil,t,interior,2408003,264577,39019.51,1397.73,f,2026-08-01
664ebbe256e98eae07d00efe970dc8b3,RIO GRANDE DO NORTE,NATAL,RN,Brasil,t,capital,2408102,751300,41477.50,2049.37,f,2026-08-01
76615c21c1e05c55da63b15639f07296,RIO GRANDE DO NORTE,NISIA FLORESTA,RN,Brasil,t,interior,2408201,31942,17949.97,849.24,f,2026-08-01
19c28e81cac2ea6712278053b36c0a13,RIO GRANDE DO NORTE,NOVA CRUZ,RN,Brasil,t,interior,2408300,34269,18361.23,796.06,f,2026-08-01
6386fc7211b062d9e2933e34ae9f5bee,RIO GRANDE DO NORTE,OLHO D'AGUA DO BORGES,RN,Brasil,t,interior,2408409,3905,15101.66,779.49,f,2026-08-01
d452eb350f9dc92cb3cede3d418e9c77,RIO GRANDE DO NORTE,OURO BRANCO,RN,Brasil,t,interior,2408508,4913,16464.28,1010.77,f,2026-08-01
9b89b5cb2a8e58c50f1b494b7d92587a,RIO GRANDE DO NORTE,PARANA,RN,Brasil,t,interior,2408607,3934,14250.64,792.64,f,2026-08-01
3f2d2ca668ecf3df0bef7c1f39eb349c,RIO GRANDE DO NORTE,PARAU,RN,Brasil,t,interior,2408706,3579,17365.19,867.89,f,2026-08-01
1e73a01234ec1e42486b3132889d863f,RIO GRANDE DO NORTE,PARAZINHO,RN,Brasil,t,interior,2408805,4801,109346.80,692.93,f,2026-08-01
c4a0f51378d8d7db2488cfa13fd9bf25,RIO GRANDE DO NORTE,PARELHAS,RN,Brasil,t,interior,2408904,21499,22037.07,1039.24,f,2026-08-01
bca78226c9a030be7bb3d9bb0f45292c,RIO GRANDE DO NORTE,PARNAMIRIM,RN,Brasil,t,interior,2403251,252716,30107.02,1846.59,f,2026-08-01
722b9b875cf75b4e1ecfa26365c05564,RIO GRANDE DO NORTE,PASSA E FICA,RN,Brasil,t,interior,2409100,10896,16481.46,741.29,f,2026-08-01
3a80fe1ac09370bd9a66fd8a50fdb00d,RIO GRANDE DO NORTE,PASSAGEM,RN,Brasil,t,interior,2409209,3115,14954.41,744.56,f,2026-08-01
0f8272c30f26bc25872b93f93c5b89d3,RIO GRANDE DO NORTE,PATU,RN,Brasil,t,interior,2409308,11007,18001.82,832.72,f,2026-08-01
09bd947a23f74180d816b87adfcf57b0,RIO GRANDE DO NORTE,PAU DOS FERROS,RN,Brasil,t,interior,2409407,30479,27157.19,1254.99,f,2026-08-01
cbd488e8226330aebf7ee72e3264e5e9,RIO GRANDE DO NORTE,PEDRA GRANDE,RN,Brasil,t,interior,2409506,3618,89940.57,865.04,f,2026-08-01
04a3b07b1a34dea09fa9a5c8e4d91ae5,RIO GRANDE DO NORTE,PEDRA PRETA,RN,Brasil,t,interior,2409605,2441,26726.75,756.32,f,2026-08-01
64f7e691261fc3dcc2745afbda285972,RIO GRANDE DO NORTE,PEDRO AVELINO,RN,Brasil,t,interior,2409704,6242,45194.33,764.88,f,2026-08-01
fc58d6aa84671dac5abf63e9b3cb383f,RIO GRANDE DO NORTE,PEDRO VELHO,RN,Brasil,t,interior,2409803,13824,14532.41,697.64,f,2026-08-01
a9b23a9a8eb7d164282df65a763fdddf,RIO GRANDE DO NORTE,PENDENCIAS,RN,Brasil,t,interior,2409902,12278,54449.42,903.44,f,2026-08-01
9da5963f8fd621fb556cb548124c3186,RIO GRANDE DO NORTE,PILOES,RN,Brasil,t,interior,2410009,2965,17048.90,753.42,f,2026-08-01
f6dfb6af9190c1567ae96978339a8b53,RIO GRANDE DO NORTE,POCO BRANCO,RN,Brasil,t,interior,2410108,12390,13002.66,657.73,f,2026-08-01
5d46c3c67edf504e8b2130ac10423610,RIO GRANDE DO NORTE,PORTALEGRE,RN,Brasil,t,interior,2410207,7601,13134.06,910.62,f,2026-08-01
f1ef5bd3f999c1e6ed6289fc46e071e0,RIO GRANDE DO NORTE,PORTO DO MANGUE,RN,Brasil,t,interior,2410256,5228,32595.45,666.78,f,2026-08-01
bdb6eed1bcc9ca62064e6cd96915b423,RIO GRANDE DO NORTE,PUREZA,RN,Brasil,t,interior,2410405,9362,19535.25,619.44,f,2026-08-01
5edc684b8bc70cf72cee519a47276a38,RIO GRANDE DO NORTE,RAFAEL FERNANDES,RN,Brasil,t,interior,2410504,5432,11388.99,890.46,f,2026-08-01
d475fe9fad559a96ad7e7d1e9dec6583,RIO GRANDE DO NORTE,RAFAEL GODEIRO,RN,Brasil,t,interior,2410603,2934,16458.76,762.21,f,2026-08-01
10b34c452685278e67e1087c3ab5185c,RIO GRANDE DO NORTE,RIACHO DA CRUZ,RN,Brasil,t,interior,2410702,2701,15867.09,662.16,f,2026-08-01
b6c97c3a48796f5227d22a8c64c1dee3,RIO GRANDE DO NORTE,RIACHO DE SANTANA,RN,Brasil,t,interior,2410801,4127,13044.83,708.26,f,2026-08-01
c70626260e794009ff4dcbe76ffe4691,RIO GRANDE DO NORTE,RIACHUELO,RN,Brasil,t,interior,2410900,7389,43298.28,761.66,f,2026-08-01
be7116d002e7e6ffe8c9195c08e62c6b,RIO GRANDE DO NORTE,RIO DO FOGO,RN,Brasil,t,interior,2408953,10351,20022.12,688.26,f,2026-08-01
fa17cf204bd8a62e55c72082eff64fe3,RIO GRANDE DO NORTE,RODOLFO FERNANDES,RN,Brasil,t,interior,2411007,4242,15974.78,589.27,f,2026-08-01
64fafe8002cbff8da29c0f136d008a07,RIO GRANDE DO NORTE,RUY BARBOSA,RN,Brasil,t,interior,2411106,3206,68072.05,690.88,f,2026-08-01
e8157310409e769419ea66bcdb95f13b,RIO GRANDE DO NORTE,SANTA CRUZ,RN,Brasil,t,interior,2411205,37313,19197.30,962.17,f,2026-08-01
6b6ef3de268ddd26ec5560487aaab0a6,RIO GRANDE DO NORTE,SANTA MARIA,RN,Brasil,t,interior,2409332,4847,18512.28,756.95,f,2026-08-01
28a09de8d6b244a70b110713645a84ff,RIO GRANDE DO NORTE,SANTANA DO MATOS,RN,Brasil,t,interior,2411403,12456,16625.56,707.32,f,2026-08-01
3cb94968ebb3714d930d476290c28083,RIO GRANDE DO NORTE,SANTANA DO SERIDO,RN,Brasil,t,interior,2411429,2696,19083.46,1041.01,f,2026-08-01
1c51eaf33103a56e7c39e50016dee0f0,RIO GRANDE DO NORTE,SANTO ANTONIO,RN,Brasil,t,interior,2411502,22177,15309.33,756.25,f,2026-08-01
d93496ad6eaa61339fe918154ae41f39,RIO GRANDE DO NORTE,SAO BENTO DO NORTE,RN,Brasil,t,interior,2411601,3304,119507.57,775.91,f,2026-08-01
3c46423aba4a37903f42eaed5d08c5fe,RIO GRANDE DO NORTE,SAO BENTO DO TRAIRI,RN,Brasil,t,interior,2411700,3792,15361.55,715.33,f,2026-08-01
8473c5a2058d82a01f5b0b208f3ef30b,RIO GRANDE DO NORTE,SAO FERNANDO,RN,Brasil,t,interior,2411809,3492,22210.77,1045.69,f,2026-08-01
1d49c066d72f1a10af40835f48b17a9e,RIO GRANDE DO NORTE,SAO FRANCISCO DO OESTE,RN,Brasil,t,interior,2411908,4161,17869.98,913.11,f,2026-08-01
081222a90f8ff2927e7af9f8c448231f,RIO GRANDE DO NORTE,SAO GONCALO DO AMARANTE,RN,Brasil,t,interior,2412005,115838,22346.41,946.92,f,2026-08-01
2eb8adf172d59706289b3e730ba82cd5,RIO GRANDE DO NORTE,SAO JOAO DO SABUGI,RN,Brasil,t,interior,2412104,5956,16802.05,1017.09,f,2026-08-01
86a01889c065ce0b18468c4966812393,RIO GRANDE DO NORTE,SAO JOSE DE MIPIBU,RN,Brasil,t,interior,2412203,47286,30829.42,824.72,f,2026-08-01
b96c12d600e323430ea6c9c257eca651,RIO GRANDE DO NORTE,SAO JOSE DO CAMPESTRE,RN,Brasil,t,interior,2412302,11121,14857.48,797.93,f,2026-08-01
1da0cf6f0d78e72b0b1ed2342dad03fc,RIO GRANDE DO NORTE,SAO JOSE DO SERIDO,RN,Brasil,t,interior,2412401,4558,23376.04,1033.87,f,2026-08-01
a0d3e081b6f6094d8a075c1bb681aa79,RIO GRANDE DO NORTE,SAO MIGUEL,RN,Brasil,t,interior,2412500,23537,17846.96,778.63,f,2026-08-01
f74ba7a931a1016ac5ef90fa18eecbe8,RIO GRANDE DO NORTE,SAO MIGUEL DO GOSTOSO,RN,Brasil,t,interior,2412559,10221,69670.09,892.15,f,2026-08-01
4c7ab05944da5868dc6d92bcabfb7832,RIO GRANDE DO NORTE,SAO PAULO DO POTENGI,RN,Brasil,t,interior,2412609,16786,17314.43,907.11,f,2026-08-01
2ed81e2f7920c52b2f74ab4cc9744ce2,RIO GRANDE DO NORTE,SAO PEDRO,RN,Brasil,t,interior,2412708,5776,12552.63,766.63,f,2026-08-01
62d4c83e0db59a7fd934b911df1d03f6,RIO GRANDE DO NORTE,SAO RAFAEL,RN,Brasil,t,interior,2412807,7711,14036.44,766.60,f,2026-08-01
36d6f69001bd4f1f516b232a43197928,RIO GRANDE DO NORTE,SAO TOME,RN,Brasil,t,interior,2412906,9972,18537.51,779.34,f,2026-08-01
9055b9f6c6b15cbb56afcc2d294915a6,RIO GRANDE DO NORTE,SAO VICENTE,RN,Brasil,t,interior,2413003,6310,15920.44,795.80,f,2026-08-01
1ad1adbd440e72c492159d53c94f1c6f,RIO GRANDE DO NORTE,SENADOR ELOI DE SOUZA,RN,Brasil,t,interior,2413102,5965,13403.19,685.44,f,2026-08-01
f66deb571d5294882b6d2bb7a37aeef5,RIO GRANDE DO NORTE,SENADOR GEORGINO AVELINO,RN,Brasil,t,interior,2413201,4065,28176.14,676.62,f,2026-08-01
a8c5d943b257d48abe2bb120b66f290e,RIO GRANDE DO NORTE,SERRA CAIADA,RN,Brasil,t,interior,2410306,10125,14855.60,632.55,f,2026-08-01
6b6064381403bc242f6af42a51162e86,RIO GRANDE DO NORTE,SERRA DE SAO BENTO,RN,Brasil,t,interior,2413300,5703,14875.15,664.27,f,2026-08-01
9e04e90f4cbb3ef124cf502de4790513,RIO GRANDE DO NORTE,SERRA DO MEL,RN,Brasil,t,interior,2413359,13091,52352.07,697.83,f,2026-08-01
db36cd56c71ffa9f24a1db0fd9911d15,RIO GRANDE DO NORTE,SERRA NEGRA DO NORTE,RN,Brasil,t,interior,2413409,7597,21368.83,966.15,f,2026-08-01
af3f2d64b41ffdfb0d32b36f3117f43b,RIO GRANDE DO NORTE,SERRINHA,RN,Brasil,t,interior,2413508,6436,14351.77,684.65,f,2026-08-01
b0dd078235ccd9cc00e5335a5c06f027,RIO GRANDE DO NORTE,SERRINHA DOS PINTOS,RN,Brasil,t,interior,2413557,4659,13891.82,795.22,f,2026-08-01
73028c0d58cd46f5c5558223626d1c30,RIO GRANDE DO NORTE,SEVERIANO MELO,RN,Brasil,t,interior,2413607,5487,17654.46,852.77,f,2026-08-01
652279cff9398b6d28104316d716be59,RIO GRANDE DO NORTE,SITIO NOVO,RN,Brasil,t,interior,2413706,4654,13793.51,664.20,f,2026-08-01
2bcb12c1ce493ff6afb5cb2abc67491d,RIO GRANDE DO NORTE,TABOLEIRO GRANDE,RN,Brasil,t,interior,2413805,2338,18629.60,845.26,f,2026-08-01
7f320448ec50beab55536c67e1ddf741,RIO GRANDE DO NORTE,TAIPU,RN,Brasil,t,interior,2413904,11422,16117.23,669.73,f,2026-08-01
12daa39c10677545ec4642f1ecbb71db,RIO GRANDE DO NORTE,TANGARA,RN,Brasil,t,interior,2414001,13281,16941.50,716.71,f,2026-08-01
3f42b3fbed7008ab69e5817fe7f57af3,RIO GRANDE DO NORTE,TENENTE ANANIAS,RN,Brasil,t,interior,2414100,10262,13914.93,689.68,f,2026-08-01
268c932d16d5fd4d48ec87b848b27575,RIO GRANDE DO NORTE,TENENTE LAURENTINO CRUZ,RN,Brasil,t,interior,2414159,5891,20453.74,789.17,f,2026-08-01
158658b5ac604d408edf4a5dd5cf9771,RIO GRANDE DO NORTE,TIBAU,RN,Brasil,t,interior,2411056,5382,28817.35,965.37,f,2026-08-01
57b067bd598d19467ca03b989cb9cf86,RIO GRANDE DO NORTE,TIBAU DO SUL,RN,Brasil,t,interior,2414209,16929,34037.16,1286.38,f,2026-08-01
a7dd6e254c610e3e3a5337c308e696cd,RIO GRANDE DO NORTE,TIMBAUBA DOS BATISTAS,RN,Brasil,t,interior,2414308,2348,20162.27,1082.62,f,2026-08-01
1873f1d6bee68d9720cf6ba5b597d72c,RIO GRANDE DO NORTE,TOUROS,RN,Brasil,t,interior,2414407,33035,30745.27,701.16,f,2026-08-01
ea44b514eee53eebf06c05d60182ede8,RIO GRANDE DO NORTE,TRIUNFO POTIGUAR,RN,Brasil,t,interior,2414456,3376,16571.09,736.83,f,2026-08-01
5a1f02f63eae865adcf51971dfa7b5bb,RIO GRANDE DO NORTE,UMARIZAL,RN,Brasil,t,interior,2414506,10078,16577.89,836.22,f,2026-08-01
0bf81d3b0574a569149485113fe4a470,RIO GRANDE DO NORTE,UPANEMA,RN,Brasil,t,interior,2414605,13577,27268.17,825.81,f,2026-08-01
2d3d1f29d7b4764d442d43b6347bfb78,RIO GRANDE DO NORTE,VARZEA,RN,Brasil,t,interior,2414704,5233,13912.29,723.48,f,2026-08-01
82bbafb9422a87e9b3157f6c686ca4d2,RIO GRANDE DO NORTE,VENHA-VER,RN,Brasil,t,interior,2414753,3014,15882.55,592.10,f,2026-08-01
df7dd7806930560db7144a8960e64b69,RIO GRANDE DO NORTE,VERA CRUZ,RN,Brasil,t,interior,2414803,10735,15586.96,662.24,f,2026-08-01
4676a27422b622c6b03783118fcd08ca,RIO GRANDE DO NORTE,VICOSA,RN,Brasil,t,interior,2414902,1822,16310.10,860.02,f,2026-08-01
a87200091070ae3390e3fd27fbc620e9,RIO GRANDE DO NORTE,VILA FLOR,RN,Brasil,t,interior,2415008,3174,15709.83,758.88,f,2026-08-01
a1494ec538862da208a447eef4864e2e,RIO GRANDE DO SUL,ACEGUA,RS,Brasil,t,interior,4300034,4170,91688.25,1644.79,f,2026-08-01
53add02d89f84e7b47e02b6750e0f750,RIO GRANDE DO SUL,AGUA SANTA,RS,Brasil,t,interior,4300059,3912,107039.37,2262.10,f,2026-08-01
76cbf37ccc9ba35e3e0f96a133d091d9,RIO GRANDE DO SUL,AGUDO,RS,Brasil,t,interior,4300109,16041,48634.87,1720.07,f,2026-08-01
0f9fd145e47b6cd4c70530bfec4a112c,RIO GRANDE DO SUL,AJURICABA,RS,Brasil,t,interior,4300208,6720,57072.17,2357.63,f,2026-08-01
4a21bce0047ebd055c41ce2796a92778,RIO GRANDE DO SUL,ALECRIM,RS,Brasil,t,interior,4300307,6123,25105.18,1732.26,f,2026-08-01
9c08f6e2783f06aba6fbb3c4f7dffb9a,RIO GRANDE DO SUL,ALEGRETE,RS,Brasil,t,interior,4300406,72409,42840.37,1653.21,f,2026-08-01
df056058d05cad82ec4e34abe77f81f0,RIO GRANDE DO SUL,ALEGRIA,RS,Brasil,t,interior,4300455,3651,37277.18,2205.90,f,2026-08-01
11d25400f01fc833c77dbd32f2a432df,RIO GRANDE DO SUL,ALMIRANTE TAMANDARE DO SUL,RS,Brasil,t,interior,4300471,1969,113340.27,2128.82,f,2026-08-01
c164878721ab61d5b8eabeb7e2938189,RIO GRANDE DO SUL,ALPESTRE,RS,Brasil,t,interior,4300505,7117,42555.71,2094.44,f,2026-08-01
5568432df9b5a36710e140557483e0dd,RIO GRANDE DO SUL,ALTO ALEGRE,RS,Brasil,t,interior,4300554,1800,40245.56,1652.45,f,2026-08-01
8f8c4a0dfab597a9bb9a5a0242682894,RIO GRANDE DO SUL,ALTO FELIZ,RS,Brasil,t,interior,4300570,3072,66136.39,1814.97,f,2026-08-01
5748b44fe4c462bed366d31a2df3cc1f,RIO GRANDE DO SUL,ALVORADA,RS,Brasil,t,interior,4300604,187315,22048.07,1332.84,f,2026-08-01
fc683966ccef259541a11458ba7c04e6,RIO GRANDE DO SUL,AMARAL FERRADOR,RS,Brasil,t,interior,4300638,5310,32778.53,1018.29,f,2026-08-01
400e8e02c31c14d21419f8a80199efbc,RIO GRANDE DO SUL,AMETISTA DO SUL,RS,Brasil,t,interior,4300646,7650,26598.43,1500.41,f,2026-08-01
11afb4ce3ef5f4712545ef4f33a2ff50,RIO GRANDE DO SUL,ANDRE DA ROCHA,RS,Brasil,t,interior,4300661,1135,98689.87,1705.55,f,2026-08-01
ed6e0d4a23921655e79403aeddc78d6d,RIO GRANDE DO SUL,ANTA GORDA,RS,Brasil,t,interior,4300703,5957,55943.76,2682.97,f,2026-08-01
c7965a400f034b789db9e568851644db,RIO GRANDE DO SUL,ANTONIO PRADO,RS,Brasil,t,interior,4300802,13045,71019.01,2153.43,f,2026-08-01
ce6e40a717ccda7ca6797391c4de38c3,RIO GRANDE DO SUL,ARAMBARE,RS,Brasil,t,interior,4300851,4112,56804.96,1556.44,f,2026-08-01
f549d3f2e205e8f12254b2d72ea72c61,RIO GRANDE DO SUL,ARARICA,RS,Brasil,t,interior,4300877,8525,37883.28,1362.38,f,2026-08-01
6a4d11ba99ac2488e9ef766fa78d901a,RIO GRANDE DO SUL,ARATIBA,RS,Brasil,t,interior,4300901,6483,182819.22,2353.81,f,2026-08-01
6f33675b8684e4bfe5190798b390e6f7,RIO GRANDE DO SUL,ARROIO DO MEIO,RS,Brasil,t,interior,4301008,21958,88493.40,2120.87,f,2026-08-01
c05f50463c17bb8ef65dd224b29e505f,RIO GRANDE DO SUL,ARROIO DO PADRE,RS,Brasil,t,interior,4301073,2599,37149.29,1613.45,f,2026-08-01
98ae7a3ae5bd4a1c334a1e55fe003535,RIO GRANDE DO SUL,ARROIO DO SAL,RS,Brasil,t,interior,4301057,11057,31987.61,1638.58,f,2026-08-01
54f74a7d036cada88e12596b6a474ae5,RIO GRANDE DO SUL,ARROIO DO TIGRE,RS,Brasil,t,interior,4301206,12058,39205.42,1519.14,f,2026-08-01
e2afe3e3706623d9a0b1e830fb8d1e29,RIO GRANDE DO SUL,ARROIO DOS RATOS,RS,Brasil,t,interior,4301107,14601,27736.80,1504.33,f,2026-08-01
03458a35a0daa4699a053ea9bebfe40f,RIO GRANDE DO SUL,ARROIO GRANDE,RS,Brasil,t,interior,4301305,17558,54989.63,1360.17,f,2026-08-01
24a403c57218b0242f3608bb9b142e66,RIO GRANDE DO SUL,ARVOREZINHA,RS,Brasil,t,interior,4301404,10322,39202.87,1561.86,f,2026-08-01
0d6edbe6501a588407d13f1db2cc2d37,RIO GRANDE DO SUL,AUGUSTO PESTANA,RS,Brasil,t,interior,4301503,7149,49053.99,2387.12,f,2026-08-01
9c9891ef999dfb0c19c6a2581273b8db,RIO GRANDE DO SUL,AUREA,RS,Brasil,t,interior,4301552,3396,52342.76,1517.58,f,2026-08-01
d8dd32832ed1d548a0e73423c9ab313d,RIO GRANDE DO SUL,BAGE,RS,Brasil,t,interior,4301602,117938,37432.96,1662.21,f,2026-08-01
b4346ff4eefda1790d8c18932fd420f2,RIO GRANDE DO SUL,BALNEARIO PINHAL,RS,Brasil,t,interior,4301636,14955,22276.76,1475.90,f,2026-08-01
0865ee47c9011aab39bf2c9477aeb4ad,RIO GRANDE DO SUL,BARAO,RS,Brasil,t,interior,4301651,6461,71646.96,2268.93,f,2026-08-01
d640418f57cf69716eb9f9734e7768a4,RIO GRANDE DO SUL,BARAO DE COTEGIPE,RS,Brasil,t,interior,4301701,7144,45460.39,2068.99,f,2026-08-01
89d1d6a9a439623bcea653731f007088,RIO GRANDE DO SUL,BARAO DO TRIUNFO,RS,Brasil,t,interior,4301750,5889,24188.66,1185.44,f,2026-08-01
08ef107e1c62fed86fcfdb8c0794f3e2,RIO GRANDE DO SUL,BARRA DO GUARITA,RS,Brasil,t,interior,4301859,3161,19953.18,1418.41,f,2026-08-01
222c63fb38a7f5b922df95bb040e8c07,RIO GRANDE DO SUL,BARRA DO QUARAI,RS,Brasil,t,interior,4301875,4241,78422.54,1229.26,f,2026-08-01
cc34881c21bc871146970a5970af85d7,RIO GRANDE DO SUL,BARRA DO RIBEIRO,RS,Brasil,t,interior,4301909,12225,47529.98,1523.42,f,2026-08-01
4445864c3b39050bb2cf7739629a1a27,RIO GRANDE DO SUL,BARRA DO RIO AZUL,RS,Brasil,t,interior,4301925,1696,46327.24,2481.84,f,2026-08-01
969624046a93ee845481f3070712404d,RIO GRANDE DO SUL,BARRA FUNDA,RS,Brasil,t,interior,4301958,2498,67006.41,1991.52,f,2026-08-01
a1df19ca0cd52bdc90516d64601cfe89,RIO GRANDE DO SUL,BARRACAO,RS,Brasil,t,interior,4301800,4831,62102.05,1797.57,f,2026-08-01
b3f65967001cb0630bad0a6e47561026,RIO GRANDE DO SUL,BARROS CASSAL,RS,Brasil,t,interior,4302006,9296,29526.03,1364.70,f,2026-08-01
3e75f697aefb2f07e8a9d4fc9d1427f8,RIO GRANDE DO SUL,BENJAMIN CONSTANT DO SUL,RS,Brasil,t,interior,4302055,2082,24008.65,1631.91,f,2026-08-01
3fa2ed47b101825f7aa74cbdf7fc366d,RIO GRANDE DO SUL,BENTO GONCALVES,RS,Brasil,t,interior,4302105,123151,73589.32,2516.92,f,2026-08-01
a4d5d31c53e57a01fd195f8f88daa968,RIO GRANDE DO SUL,BOA VISTA DAS MISSOES,RS,Brasil,t,interior,4302154,1933,89601.66,1653.55,f,2026-08-01
a45806a4910da39ca9d7b2be4b92f29e,RIO GRANDE DO SUL,BOA VISTA DO BURICA,RS,Brasil,t,interior,4302204,6966,50904.68,1976.81,f,2026-08-01
05672d43681ae3605cd9bbc9abcce70b,RIO GRANDE DO SUL,BOA VISTA DO CADEADO,RS,Brasil,t,interior,4302220,2229,121126.51,2133.19,f,2026-08-01
1c4cd6f6f121d078c4ed7dcb011a584c,RIO GRANDE DO SUL,BOA VISTA DO INCRA,RS,Brasil,t,interior,4302238,2271,86745.05,1302.75,f,2026-08-01
ffa3c070015916833aafbfd4ffb67ea3,RIO GRANDE DO SUL,BOA VISTA DO SUL,RS,Brasil,t,interior,4302253,2779,48546.96,2314.50,f,2026-08-01
86f26b8edfd600ba5d6ff3168f4c769a,RIO GRANDE DO SUL,BOM JESUS,RS,Brasil,t,interior,4302303,11202,52972.95,1183.20,f,2026-08-01
87023e64f4c1adbd3d4e189f1f98a862,RIO GRANDE DO SUL,BOM PRINCIPIO,RS,Brasil,t,interior,4302352,13142,72364.86,2002.51,f,2026-08-01
98eeaaace69141d9a4b23825dbd599af,RIO GRANDE DO SUL,BOM PROGRESSO,RS,Brasil,t,interior,4302378,2096,35111.16,1621.07,f,2026-08-01
f6d3925f64e0f01661c8664a3fc3e048,RIO GRANDE DO SUL,BOM RETIRO DO SUL,RS,Brasil,t,interior,4302402,12294,41461.28,1774.79,f,2026-08-01
b136450456976f39fad48d477af08f97,RIO GRANDE DO SUL,BOQUEIRAO DO LEAO,RS,Brasil,t,interior,4302451,6247,31861.69,1647.73,f,2026-08-01
2fd7e820ad01050d3f9d688b336eed6c,RIO GRANDE DO SUL,BOSSOROCA,RS,Brasil,t,interior,4302501,5890,42538.20,1390.70,f,2026-08-01
8bd7b5f19c9bfd50a34a183c548fcaf1,RIO GRANDE DO SUL,BOZANO,RS,Brasil,t,interior,4302584,2151,55520.69,1638.05,f,2026-08-01
5daad30ef55658bb1d170c1dd5d39e2c,RIO GRANDE DO SUL,BRAGA,RS,Brasil,t,interior,4302600,3268,33488.07,1343.57,f,2026-08-01
d0113acdda9994fc031e9d4198dd781e,RIO GRANDE DO SUL,BROCHIER,RS,Brasil,t,interior,4302659,4966,26634.11,1992.92,f,2026-08-01
c2d045dc6259676dfba810d625131a94,RIO GRANDE DO SUL,BUTIA,RS,Brasil,t,interior,4302709,19084,29715.00,1374.61,f,2026-08-01
de270881543fa1f3882ce11120fca002,RIO GRANDE DO SUL,CACAPAVA DO SUL,RS,Brasil,t,interior,4302808,32515,36161.83,1519.48,f,2026-08-01
444b3619fb05b52f01e4432776545e1a,RIO GRANDE DO SUL,CACEQUI,RS,Brasil,t,interior,4302907,11157,50804.25,1367.34,f,2026-08-01
1618ca79abe2dd01280ef3f256bbe441,RIO GRANDE DO SUL,CACHOEIRA DO SUL,RS,Brasil,t,interior,4303004,80070,42103.62,1757.97,f,2026-08-01
16097c63da23a06a80f6c7f8190bcba9,RIO GRANDE DO SUL,CACHOEIRINHA,RS,Brasil,t,interior,4303103,136258,57110.95,1884.12,f,2026-08-01
8524ea03a611785e98b54e539118bd84,RIO GRANDE DO SUL,CACIQUE DOBLE,RS,Brasil,t,interior,4303202,4603,33461.22,1246.35,f,2026-08-01
ebb60bb2663341d5f8f014f2e3e50a0e,RIO GRANDE DO SUL,CAIBATE,RS,Brasil,t,interior,4303301,4704,38352.89,1856.95,f,2026-08-01
d06f8d5eb171d85e390a52cd5a8bc9a6,RIO GRANDE DO SUL,CAICARA,RS,Brasil,t,interior,4303400,4836,33063.28,2241.76,f,2026-08-01
70f4d4df91b80b0b3c5a23d32aa442b1,RIO GRANDE DO SUL,CAMAQUA,RS,Brasil,t,interior,4303509,62200,50718.28,1605.16,f,2026-08-01
88b2142db2ccbe80e970dbc85c7f6426,RIO GRANDE DO SUL,CAMARGO,RS,Brasil,t,interior,4303558,2981,205446.16,2309.51,f,2026-08-01
d254dc4db92b4097199a635456a98164,RIO GRANDE DO SUL,CAMBARA DO SUL,RS,Brasil,t,interior,4303608,6361,43284.39,1511.60,f,2026-08-01
052050b8f7ca4a3c78936c9a06d355d4,RIO GRANDE DO SUL,CAMPESTRE DA SERRA,RS,Brasil,t,interior,4303673,3242,73041.95,1371.16,f,2026-08-01
acce1216720ef187bbfcfec8b31256d6,RIO GRANDE DO SUL,CAMPINA DAS MISSOES,RS,Brasil,t,interior,4303707,5882,34643.15,2384.95,f,2026-08-01
46967e35af74f9e772952f46c108aa4b,RIO GRANDE DO SUL,CAMPINAS DO SUL,RS,Brasil,t,interior,4303806,5284,55805.26,1877.21,f,2026-08-01
af28ae56e906209e3fecedb6a6c504ab,RIO GRANDE DO SUL,CAMPO BOM,RS,Brasil,t,interior,4303905,62886,72015.35,1991.18,f,2026-08-01
a60cab0b7453f39e45c2977fb546d7b8,RIO GRANDE DO SUL,CAMPO NOVO,RS,Brasil,t,interior,4304002,4975,57749.15,1441.24,f,2026-08-01
f76885aab028f7c26e5aa43000202911,RIO GRANDE DO SUL,CAMPOS BORGES,RS,Brasil,t,interior,4304101,3613,29067.26,1859.44,f,2026-08-01
fe832358b9668e53e207d2c73b05a538,RIO GRANDE DO SUL,CANDELARIA,RS,Brasil,t,interior,4304200,28906,42713.52,1375.38,f,2026-08-01
a358a153b2d52af57cd776fc86e82920,RIO GRANDE DO SUL,CANDIDO GODOI,RS,Brasil,t,interior,4304309,6294,59584.05,2260.55,f,2026-08-01
fe80ac5a30f0d90547c33b5cbcd235a9,RIO GRANDE DO SUL,CANDIOTA,RS,Brasil,t,interior,4304358,10710,158672.64,1372.47,f,2026-08-01
91f7787b2e9aa60b9a76323a74a2024b,RIO GRANDE DO SUL,CANELA,RS,Brasil,t,interior,4304408,48946,40038.39,2181.94,f,2026-08-01
95df04faef676abef162ee93103de36e,RIO GRANDE DO SUL,CANGUCU,RS,Brasil,t,interior,4304507,49680,36745.73,1501.90,f,2026-08-01
3695400d5fc6110a573e87d254c1e91d,RIO GRANDE DO SUL,CANOAS,RS,Brasil,t,interior,4304606,347657,83895.04,2066.82,f,2026-08-01
d7b8563fc163a0c91d6c4dbe4836bee4,RIO GRANDE DO SUL,CANUDOS DO VALE,RS,Brasil,t,interior,4304614,1656,40430.56,1812.70,f,2026-08-01
c0a48f8cfea633a28407eaa0d63e7437,RIO GRANDE DO SUL,CAPAO BONITO DO SUL,RS,Brasil,t,interior,4304622,1733,128719.56,1683.27,f,2026-08-01
99f2a7daf8512f1e57913314e89b3a0d,RIO GRANDE DO SUL,CAPAO DA CANOA,RS,Brasil,t,interior,4304630,63594,40698.19,1932.27,f,2026-08-01
c088186a08494a59fb526b149a2039dd,RIO GRANDE DO SUL,CAPAO DO CIPO,RS,Brasil,t,interior,4304655,3119,70575.83,1746.81,f,2026-08-01
affcafc0d2d60cd5dd9126a510fec60d,RIO GRANDE DO SUL,CAPAO DO LEAO,RS,Brasil,t,interior,4304663,26487,32243.06,1171.22,f,2026-08-01
64b994b3cb25e951717d94956415e463,RIO GRANDE DO SUL,CAPELA DE SANTANA,RS,Brasil,t,interior,4304689,11159,28313.20,1406.12,f,2026-08-01
6e0662fa399749392c8c8ee2b2dd916e,RIO GRANDE DO SUL,CAPITAO,RS,Brasil,t,interior,4304697,2921,30321.47,1761.46,f,2026-08-01
8d627dd3ce3a0e3313a6f468926cd9a4,RIO GRANDE DO SUL,CAPIVARI DO SUL,RS,Brasil,t,interior,4304671,3991,100076.42,1622.38,f,2026-08-01
713f528a81349fdf15bcb8e50223f40a,RIO GRANDE DO SUL,CARAA,RS,Brasil,t,interior,4304713,7394,21392.21,1436.47,f,2026-08-01
8d689e32bd641c3dd340f36fa3972da1,RIO GRANDE DO SUL,CARAZINHO,RS,Brasil,t,interior,4304705,61804,60594.25,2049.08,f,2026-08-01
db311f7c8e150c18c3d0241809416d3b,RIO GRANDE DO SUL,CARLOS BARBOSA,RS,Brasil,t,interior,4304804,30420,125413.54,2626.72,f,2026-08-01
f5f71ff74fed184fcd404aaf37c99dca,RIO GRANDE DO SUL,CARLOS GOMES,RS,Brasil,t,interior,4304853,1368,45148.39,1475.20,f,2026-08-01
4b1b8c4194d526af0830cdb9e7701c10,RIO GRANDE DO SUL,CASCA,RS,Brasil,t,interior,4304903,9465,92546.12,2626.19,f,2026-08-01
fa902fbdd1d03593ec9ff656abb54243,RIO GRANDE DO SUL,CASEIROS,RS,Brasil,t,interior,4304952,3000,59052.67,1774.11,f,2026-08-01
b3a7bb4445a73178ae8cdf35d499a017,RIO GRANDE DO SUL,CATUIPE,RS,Brasil,t,interior,4305009,8674,49000.00,1787.11,f,2026-08-01
0b09e1386898ee251c56abb6062c5b38,RIO GRANDE DO SUL,CAXIAS DO SUL,RS,Brasil,t,interior,4305108,463501,81683.97,2330.62,f,2026-08-01
9c8de754f46ce55fd85ba9b46c93e429,RIO GRANDE DO SUL,CENTENARIO,RS,Brasil,t,interior,4305116,2721,45331.50,1378.30,f,2026-08-01
fa393a831a2b52cf0fc7c2016b530ac4,RIO GRANDE DO SUL,CERRITO,RS,Brasil,t,interior,4305124,5808,22583.68,1229.98,f,2026-08-01
db8696ffbdc680003930d99e0cb5392f,RIO GRANDE DO SUL,CERRO BRANCO,RS,Brasil,t,interior,4305132,3802,27411.89,1507.25,f,2026-08-01
93252600a38d146ecdeeadbdcc4e307e,RIO GRANDE DO SUL,CERRO GRANDE,RS,Brasil,t,interior,4305157,2379,26035.31,1824.62,f,2026-08-01
39f8c08f6a8acc1d2165716efaaa752f,RIO GRANDE DO SUL,CERRO GRANDE DO SUL,RS,Brasil,t,interior,4305173,9178,27361.08,1300.87,f,2026-08-01
f5b00e3ab34c6c57c120ac27ab7f7f95,RIO GRANDE DO SUL,CERRO LARGO,RS,Brasil,t,interior,4305207,13705,58884.13,1996.14,f,2026-08-01
752ba6636817d8de1d37f83958fa03e1,RIO GRANDE DO SUL,CHAPADA,RS,Brasil,t,interior,4305306,9540,63213.10,1849.22,f,2026-08-01
5e49fc4fb5e05df6574d33acce2971f3,RIO GRANDE DO SUL,CHARQUEADAS,RS,Brasil,t,interior,4305355,35012,53050.95,1785.15,f,2026-08-01
5e5c8beed5761a47b8789b3b2a0e0896,RIO GRANDE DO SUL,CHARRUA,RS,Brasil,t,interior,4305371,2768,45392.70,1739.81,f,2026-08-01
0a719fbcb58d6bfbd6abfe3d387978a9,RIO GRANDE DO SUL,CHIAPETTA,RS,Brasil,t,interior,4305405,3913,67903.91,1954.81,f,2026-08-01
f76c6981505db599061254d1e60ec9d7,RIO GRANDE DO SUL,CHUI,RS,Brasil,t,interior,4305439,6262,83417.44,1448.23,f,2026-08-01
bff8e769d789cecf27e5dd439aa52a32,RIO GRANDE DO SUL,CHUVISCA,RS,Brasil,t,interior,4305447,4597,35548.18,1608.16,f,2026-08-01
a59cc6e4d74647a52c6c9fbb046ed25c,RIO GRANDE DO SUL,CIDREIRA,RS,Brasil,t,interior,4305454,17071,23836.68,1526.55,f,2026-08-01
1cb84a25864a7dff9a6442053b2a89b3,RIO GRANDE DO SUL,CIRIACO,RS,Brasil,t,interior,4305504,4149,56256.93,1730.43,f,2026-08-01
8b83e0ed6f99ac86cb50d7db4af23f85,RIO GRANDE DO SUL,COLINAS,RS,Brasil,t,interior,4305587,2423,37308.30,2243.77,f,2026-08-01
0e4fb8c33e97734a31b30bcba60462b0,RIO GRANDE DO SUL,COLORADO,RS,Brasil,t,interior,4305603,3258,61073.36,2130.43,f,2026-08-01
9fe5b207e95fa738dfcf4af491a7086e,RIO GRANDE DO SUL,CONDOR,RS,Brasil,t,interior,4305702,6406,73461.13,1895.81,f,2026-08-01
bc9c36afa0cc5a074ba5d374bba5722f,RIO GRANDE DO SUL,CONSTANTINA,RS,Brasil,t,interior,4305801,10385,45442.95,2063.36,f,2026-08-01
21b7d4a369725bf888f2131c8240d423,RIO GRANDE DO SUL,COQUEIRO BAIXO,RS,Brasil,t,interior,4305835,1290,43419.38,2430.83,f,2026-08-01
417c115d3768c4d56c9cd81864251911,RIO GRANDE DO SUL,COQUEIROS DO SUL,RS,Brasil,t,interior,4305850,2211,62995.48,2555.61,f,2026-08-01
8acb2c462860585ff74f86d012d4f393,RIO GRANDE DO SUL,CORONEL BARROS,RS,Brasil,t,interior,4305871,2822,50693.83,2178.56,f,2026-08-01
a833121cca9bb6deb7bf1ba48f91e64c,RIO GRANDE DO SUL,CORONEL BICACO,RS,Brasil,t,interior,4305900,6144,64631.35,1313.41,f,2026-08-01
1c663e2fce2aedf82816319223f00492,RIO GRANDE DO SUL,CORONEL PILAR,RS,Brasil,t,interior,4305934,1607,36187.31,2882.39,f,2026-08-01
7cdeadbe4ef92c1a3b85f5845d38807e,RIO GRANDE DO SUL,COTIPORA,RS,Brasil,t,interior,4305959,3846,53328.65,2003.46,f,2026-08-01
85bbecc958f7418516e105d40c75f381,RIO GRANDE DO SUL,COXILHA,RS,Brasil,t,interior,4305975,2667,130995.13,1655.79,f,2026-08-01
1c1e7c00279d2a56286841b24314063a,RIO GRANDE DO SUL,CRISSIUMAL,RS,Brasil,t,interior,4306007,12886,38853.02,1902.99,f,2026-08-01
17a53d77d394d98c5586c245ffb01333,RIO GRANDE DO SUL,CRISTAL,RS,Brasil,t,interior,4306056,7299,41174.13,1456.88,f,2026-08-01
db6525ba8a83979eca6b19309c75b78a,RIO GRANDE DO SUL,CRISTAL DO SUL,RS,Brasil,t,interior,4306072,2692,36696.51,1402.30,f,2026-08-01
2521c68e00ac80ff09ef7fa58f452fab,RIO GRANDE DO SUL,CRUZ ALTA,RS,Brasil,t,interior,4306106,58913,74684.47,1995.66,f,2026-08-01
9442c1ad6588780e085ad46c059bb84a,RIO GRANDE DO SUL,CRUZALTENSE,RS,Brasil,t,interior,4306130,1635,64186.54,1965.07,f,2026-08-01
99086b94abc4089cddcde73e80cf3a9d,RIO GRANDE DO SUL,CRUZEIRO DO SUL,RS,Brasil,t,interior,4306205,11600,59116.03,1693.59,f,2026-08-01
9a0990816715a384a3d83c6cfe2f3add,RIO GRANDE DO SUL,DAVID CANABARRO,RS,Brasil,t,interior,4306304,4321,47877.81,1785.56,f,2026-08-01
eb476850213e5f60e018c653f262ba33,RIO GRANDE DO SUL,DERRUBADAS,RS,Brasil,t,interior,4306320,2751,42741.19,1783.00,f,2026-08-01
ecd4b9e691ff854253addfaf571a3876,RIO GRANDE DO SUL,DEZESSEIS DE NOVEMBRO,RS,Brasil,t,interior,4306353,2507,20507.38,1659.75,f,2026-08-01
e1174073feff56c6fb6075c1ae8580f9,RIO GRANDE DO SUL,DILERMANDO DE AGUIAR,RS,Brasil,t,interior,4306379,2806,72323.24,1705.85,f,2026-08-01
8d578816e23bce0dee4347c55162684a,RIO GRANDE DO SUL,DOIS IRMAOS,RS,Brasil,t,interior,4306403,30709,85952.75,2188.04,f,2026-08-01
a9180e2e85ac9bbf750c308acbeb7471,RIO GRANDE DO SUL,DOIS IRMAOS DAS MISSOES,RS,Brasil,t,interior,4306429,2090,60170.81,1288.19,f,2026-08-01
e1fe5d6f48b733de734495d04785b893,RIO GRANDE DO SUL,DOIS LAJEADOS,RS,Brasil,t,interior,4306452,3097,53600.90,1823.90,f,2026-08-01
a51bb95f63c046fbea637652c2bd72dc,RIO GRANDE DO SUL,DOM FELICIANO,RS,Brasil,t,interior,4306502,13051,32041.91,1327.63,f,2026-08-01
b8a5599c5cd3e30f610f03bdde82a952,RIO GRANDE DO SUL,DOM PEDRITO,RS,Brasil,t,interior,4306601,36981,61874.26,1515.04,f,2026-08-01
c97dcb1127b33a520a72d9744b9f68f9,RIO GRANDE DO SUL,DOM PEDRO DE ALCANTARA,RS,Brasil,t,interior,4306551,2562,32652.62,1374.70,f,2026-08-01
36f9280aac6a1aa76987b5e91d53d0d1,RIO GRANDE DO SUL,DONA FRANCISCA,RS,Brasil,t,interior,4306700,3079,36445.60,1460.43,f,2026-08-01
1293b53d18510b107076e50fae50e680,RIO GRANDE DO SUL,DOUTOR MAURICIO CARDOSO,RS,Brasil,t,interior,4306734,4470,51066.22,2041.23,f,2026-08-01
d259733eeaa8608f453fd0cda62704ca,RIO GRANDE DO SUL,DOUTOR RICARDO,RS,Brasil,t,interior,4306759,1888,47512.71,2045.38,f,2026-08-01
d73c05e771576e1075f2fc49e1a3baba,RIO GRANDE DO SUL,ELDORADO DO SUL,RS,Brasil,t,interior,4306767,39559,66318.44,1573.59,f,2026-08-01
26297d22c912c3ab7e332c477a8ba47a,RIO GRANDE DO SUL,ENCANTADO,RS,Brasil,t,interior,4306809,22962,61467.73,2213.18,f,2026-08-01
2d89202960741f43b4bb00211e123c6c,RIO GRANDE DO SUL,ENCRUZILHADA DO SUL,RS,Brasil,t,interior,4306908,23819,49940.30,1425.04,f,2026-08-01
3c7160c5cd9b0b4d73a0c8cbb8e634a0,RIO GRANDE DO SUL,ENGENHO VELHO,RS,Brasil,t,interior,4306924,1296,39157.41,1746.89,f,2026-08-01
a646ae7d2ff714c7e40267636d6bbc6e,RIO GRANDE DO SUL,ENTRE IJUIS,RS,Brasil,t,interior,,,,,,2026-08-01
4a60ecdda384d7786692841287758cea,RIO GRANDE DO SUL,ENTRE RIOS DO SUL,RS,Brasil,t,interior,4306957,2685,78104.66,1596.55,t,2026-08-01
379a396c9a5359f65f94ccbdfa83e863,RIO GRANDE DO SUL,EREBANGO,RS,Brasil,t,interior,4306973,3054,49785.85,1452.05,f,2026-08-01
7a906e17fd5191724f3bbec674a12491,RIO GRANDE DO SUL,ERECHIM,RS,Brasil,t,interior,4307005,105705,80385.09,2385.71,f,2026-08-01
c531508d86a3e52248ee61b36d7c8a6b,RIO GRANDE DO SUL,ERNESTINA,RS,Brasil,t,interior,4307054,3034,53867.50,1833.01,f,2026-08-01
877d0f7b393835f6d218f663e2762034,RIO GRANDE DO SUL,ERVAL GRANDE,RS,Brasil,t,interior,4307203,4930,32793.51,1448.46,f,2026-08-01
27401857358b0e03d86d297ac698b38a,RIO GRANDE DO SUL,ERVAL SECO,RS,Brasil,t,interior,4307302,6787,44174.30,1414.36,f,2026-08-01
29fe3cc12713eee50c3c8cb59b8e7c80,RIO GRANDE DO SUL,ESMERALDA,RS,Brasil,t,interior,4307401,3195,113859.47,1412.83,f,2026-08-01
adbb84bc0963c774a00e05e394238adc,RIO GRANDE DO SUL,ESPERANCA DO SUL,RS,Brasil,t,interior,4307450,3226,31415.38,1449.92,f,2026-08-01
59137db230eecc2fc613dcc67d25814b,RIO GRANDE DO SUL,ESPUMOSO,RS,Brasil,t,interior,4307500,15173,56780.99,1984.00,f,2026-08-01
0b91d4c0822842d6f68e2373d847842c,RIO GRANDE DO SUL,ESTACAO,RS,Brasil,t,interior,4307559,5582,71277.68,1792.35,f,2026-08-01
9f04eecb88bbe7a09ee9d3e830b46e13,RIO GRANDE DO SUL,ESTANCIA VELHA,RS,Brasil,t,interior,4307609,47924,48184.54,1975.46,f,2026-08-01
8d89b0153ff4e2f3324e63070bc8d86a,RIO GRANDE DO SUL,ESTEIO,RS,Brasil,t,interior,4307708,76137,52518.32,1899.78,f,2026-08-01
7b2bc521496de30f7c04ef7c4ed420f0,RIO GRANDE DO SUL,ESTRELA,RS,Brasil,t,interior,4307807,32183,73856.17,2031.92,f,2026-08-01
71fad02f8738502aab024cfd045bfb0b,RIO GRANDE DO SUL,ESTRELA VELHA,RS,Brasil,t,interior,4307815,3070,47325.41,1666.27,f,2026-08-01
d94825214991af48ad80d4a9263cd93f,RIO GRANDE DO SUL,EUGENIO DE CASTRO,RS,Brasil,t,interior,4307831,2633,85401.44,1771.70,t,2026-08-01
46420919550c74e890442ee3d105083f,RIO GRANDE DO SUL,FAGUNDES VARELA,RS,Brasil,t,interior,4307864,2566,73985.97,2086.70,f,2026-08-01
e08e4f94fc31ea31e73c72bf7273540c,RIO GRANDE DO SUL,FARROUPILHA,RS,Brasil,t,interior,4307906,70286,70577.65,2099.90,f,2026-08-01
7d024399611e243badc1da80d77d9571,RIO GRANDE DO SUL,FAXINAL DO SOTURNO,RS,Brasil,t,interior,4308003,6702,44543.87,1987.81,f,2026-08-01
26b3412e0a28dcc405536ae29fc18e44,RIO GRANDE DO SUL,FAXINALZINHO,RS,Brasil,t,interior,4308052,2520,45095.24,1922.21,f,2026-08-01
5686fb8ad59b0a42a32b202b47f131c2,RIO GRANDE DO SUL,FAZENDA VILANOVA,RS,Brasil,t,interior,4308078,4291,33970.17,1500.24,f,2026-08-01
c4cf0e38643ff3c39d3d7b9e8d09507b,RIO GRANDE DO SUL,FELIZ,RS,Brasil,t,interior,4308102,13764,49155.84,2300.06,f,2026-08-01
2f15006ce4430b0c16afc903aaaa5fc2,RIO GRANDE DO SUL,FLORES DA CUNHA,RS,Brasil,t,interior,4308201,30892,107998.45,2303.59,f,2026-08-01
3e7ef7558c49e782e68d190010bb8175,RIO GRANDE DO SUL,FLORIANO PEIXOTO,RS,Brasil,t,interior,4308250,1668,46406.47,1586.03,f,2026-08-01
14d09b0e1981b377780ee1debde7f90c,RIO GRANDE DO SUL,FONTOURA XAVIER,RS,Brasil,t,interior,4308300,9550,27276.96,1460.29,f,2026-08-01
981df8055b4b34100f07ce21ac3bf8a1,RIO GRANDE DO SUL,FORMIGUEIRO,RS,Brasil,t,interior,4308409,6413,41044.13,1436.99,f,2026-08-01
0a09642b0403d273ee50ff4362ab0f0d,RIO GRANDE DO SUL,FORQUETINHA,RS,Brasil,t,interior,4308433,2393,26959.05,1608.56,f,2026-08-01
3fb33d786e19f6a157309a5b2269529a,RIO GRANDE DO SUL,FORTALEZA DOS VALOS,RS,Brasil,t,interior,4308458,4477,73910.65,2095.83,f,2026-08-01
808936530c7e23c0ff74c8cc6b13fd7f,RIO GRANDE DO SUL,FREDERICO WESTPHALEN,RS,Brasil,t,interior,4308508,32627,54934.13,2257.68,f,2026-08-01
c86762944a47dc513035ca73f3ec4146,RIO GRANDE DO SUL,GARIBALDI,RS,Brasil,t,interior,4308607,34335,103842.78,2487.48,f,2026-08-01
0d46ffc628b6d8ea73603b621ee76116,RIO GRANDE DO SUL,GARRUCHOS,RS,Brasil,t,interior,4308656,2688,50126.12,1367.69,f,2026-08-01
837f20e14d18d74f6a10a1946d376754,RIO GRANDE DO SUL,GAURAMA,RS,Brasil,t,interior,4308706,5665,61609.18,2655.63,f,2026-08-01
49622c4b4175945983d7174d54319e1a,RIO GRANDE DO SUL,GENERAL CAMARA,RS,Brasil,t,interior,4308805,7612,30748.55,1484.84,f,2026-08-01
ad53dcef3802c29713a14d1cdd136142,RIO GRANDE DO SUL,GENTIL,RS,Brasil,t,interior,4308854,1744,87302.75,2888.72,f,2026-08-01
2755c65ff7103b29c5532c3675ba0ec3,RIO GRANDE DO SUL,GETULIO VARGAS,RS,Brasil,t,interior,4308904,16602,53003.25,2249.90,f,2026-08-01
c8d1aa3c40d598578d3651fef5ac9344,RIO GRANDE DO SUL,GIRUA,RS,Brasil,t,interior,4309001,16013,63540.12,1632.65,f,2026-08-01
53c697c305c0a130810777d1781ce44a,RIO GRANDE DO SUL,GLORINHA,RS,Brasil,t,interior,4309050,7658,77744.71,1564.64,f,2026-08-01
a098f44fa73f1524675ed8fd7874dedd,RIO GRANDE DO SUL,GRAMADO,RS,Brasil,t,interior,4309100,40134,88848.11,2622.73,f,2026-08-01
3d44f751c7457092069816fc6fc6903c,RIO GRANDE DO SUL,GRAMADO DOS LOUREIROS,RS,Brasil,t,interior,4309126,2014,43490.07,1252.53,f,2026-08-01
db7d099c302ff3547d7f6f7216817427,RIO GRANDE DO SUL,GRAMADO XAVIER,RS,Brasil,t,interior,4309159,3304,37615.01,1202.09,f,2026-08-01
aa94219f6af37d1e2df9104abb116be6,RIO GRANDE DO SUL,GRAVATAI,RS,Brasil,t,interior,4309209,265074,58646.11,1696.73,f,2026-08-01
99eb8e887e5e0b7fa6662442337d19ba,RIO GRANDE DO SUL,GUABIJU,RS,Brasil,t,interior,4309258,1417,75994.35,1705.26,f,2026-08-01
ae4ee03a854f938899c6e21d5579c850,RIO GRANDE DO SUL,GUAIBA,RS,Brasil,t,interior,4309308,92924,96872.55,1668.25,f,2026-08-01
29f9f20db3e7935f3880fdd1d590ab71,RIO GRANDE DO SUL,GUAPORE,RS,Brasil,t,interior,4309407,25268,50045.00,2065.92,f,2026-08-01
4b12dc7c807fc9e161c27169e92fc32f,RIO GRANDE DO SUL,GUARANI DAS MISSOES,RS,Brasil,t,interior,4309506,7415,39884.42,1956.16,f,2026-08-01
e75479662471aa8972c7833fe1cbb1fb,RIO GRANDE DO SUL,HARMONIA,RS,Brasil,t,interior,4309555,5378,57073.45,2119.47,f,2026-08-01
7dbaa1ea80699b80b55a8288f4fd8c51,RIO GRANDE DO SUL,HERVAL,RS,Brasil,t,interior,4307104,6191,32205.30,1225.78,f,2026-08-01
e53f3ed4facf239aace711eb2890082a,RIO GRANDE DO SUL,HERVEIRAS,RS,Brasil,t,interior,4309571,2565,34479.14,1484.10,f,2026-08-01
8c83fac24eaf2e365be5e6980ac8e6c7,RIO GRANDE DO SUL,HORIZONTINA,RS,Brasil,t,interior,4309605,18851,96973.64,2203.71,f,2026-08-01
85f4065aa9702c2631c314f9255030a3,RIO GRANDE DO SUL,HULHA NEGRA,RS,Brasil,t,interior,4309654,5976,38296.52,1219.72,f,2026-08-01
c77a3b6337b9a65a151aa3ffdd9a78b9,RIO GRANDE DO SUL,HUMAITA,RS,Brasil,t,interior,4309704,4681,46575.73,1799.56,f,2026-08-01
7e93e1ff8a693b3d8d0cb6d953522c55,RIO GRANDE DO SUL,IBARAMA,RS,Brasil,t,interior,4309753,3732,28260.72,1515.91,f,2026-08-01
ebfb15da7c6b511b430ad246a1c3a22d,RIO GRANDE DO SUL,IBIACA,RS,Brasil,t,interior,4309803,4527,65995.36,1840.85,f,2026-08-01
fc5f82fe55e4c16014b3fd1ab9add28d,RIO GRANDE DO SUL,IBIRAIARAS,RS,Brasil,t,interior,4309902,6776,56109.65,2287.25,f,2026-08-01
37d107831d2c8af66fa4b6e2a48811d6,RIO GRANDE DO SUL,IBIRAPUITA,RS,Brasil,t,interior,4309951,3723,50524.31,1762.16,f,2026-08-01
01e051e53e61959695e207b883f132da,RIO GRANDE DO SUL,IBIRUBA,RS,Brasil,t,interior,4310009,21583,79138.30,2923.72,f,2026-08-01
ee360aba7399105202903792e8776384,RIO GRANDE DO SUL,IGREJINHA,RS,Brasil,t,interior,4310108,32808,80959.74,1769.21,f,2026-08-01
d17a1999152bd909a2bafd054068b138,RIO GRANDE DO SUL,IJUI,RS,Brasil,t,interior,4310207,84780,72012.79,2280.37,f,2026-08-01
84827ba64c97b1924a4e63e0d4255f2c,RIO GRANDE DO SUL,ILOPOLIS,RS,Brasil,t,interior,4310306,4157,39668.03,2139.37,f,2026-08-01
9ad000831bb41c151e8a37be96ee36f6,RIO GRANDE DO SUL,IMBE,RS,Brasil,t,interior,4310330,26824,28439.68,1774.31,f,2026-08-01
74c789a21da515bcc106326ccfb236b3,RIO GRANDE DO SUL,IMIGRANTE,RS,Brasil,t,interior,4310363,3080,191712.99,2396.68,f,2026-08-01
c4a5ad89243d905ac5a1d292002e1453,RIO GRANDE DO SUL,INDEPENDENCIA,RS,Brasil,t,interior,4310405,6427,69022.25,1910.25,f,2026-08-01
acc0a9083df1f8cbcb2799231eddca96,RIO GRANDE DO SUL,INHACORA,RS,Brasil,t,interior,4310413,2014,37932.47,1245.23,f,2026-08-01
39fa4234040105d8023b32dd7a9354ae,RIO GRANDE DO SUL,IPE,RS,Brasil,t,interior,4310439,5399,72776.81,1802.03,f,2026-08-01
21da4c6b03dcc001d9469b13bbbc6954,RIO GRANDE DO SUL,IPIRANGA DO SUL,RS,Brasil,t,interior,4310462,1720,71148.84,2773.20,f,2026-08-01
39e40595d9a79f2c95ce39025c5661be,RIO GRANDE DO SUL,IRAI,RS,Brasil,t,interior,4310504,7482,34186.71,1572.85,f,2026-08-01
b49a9086a17fcab23d3604721595ae22,RIO GRANDE DO SUL,ITAARA,RS,Brasil,t,interior,4310538,5572,54588.48,2136.25,f,2026-08-01
e2e667e8c4efc8bfa70047f404728918,RIO GRANDE DO SUL,ITACURUBI,RS,Brasil,t,interior,4310553,2995,38177.63,1298.07,f,2026-08-01
ab97a257289fcdcbdaae4ac6fd6cf2b9,RIO GRANDE DO SUL,ITAPUCA,RS,Brasil,t,interior,4310579,1937,48467.22,2035.46,f,2026-08-01
b623f4f876ac427df8ec904af50b79f0,RIO GRANDE DO SUL,ITAQUI,RS,Brasil,t,interior,4310603,35768,57843.30,1442.82,f,2026-08-01
656b199e11471b1b45490e3da57dc7cc,RIO GRANDE DO SUL,ITATI,RS,Brasil,t,interior,4310652,2638,39227.82,1327.12,f,2026-08-01
e121a0e3c4fdad905ab88e19c86cc128,RIO GRANDE DO SUL,ITATIBA DO SUL,RS,Brasil,t,interior,4310702,3208,26531.48,1459.71,f,2026-08-01
affa5cd58dd38011f3aa70ac8fa6e63a,RIO GRANDE DO SUL,IVORA,RS,Brasil,t,interior,4310751,1929,27968.90,1960.11,f,2026-08-01
ad97d6d154e52680484872dbda1bec5a,RIO GRANDE DO SUL,IVOTI,RS,Brasil,t,interior,4310801,22983,66957.23,2380.00,f,2026-08-01
a20f963d81b29585b7a6c9121a4ceec6,RIO GRANDE DO SUL,JABOTICABA,RS,Brasil,t,interior,4310850,3779,28251.65,1329.75,f,2026-08-01
6d07352fa8a920dc80b2d344caf3a962,RIO GRANDE DO SUL,JACUIZINHO,RS,Brasil,t,interior,4310876,2040,61346.08,1148.00,f,2026-08-01
598c41e4932a835ad1254d8a282a72d4,RIO GRANDE DO SUL,JACUTINGA,RS,Brasil,t,interior,4310900,3338,56527.56,1979.26,f,2026-08-01
954b443bec3eb63af5a434beb30999df,RIO GRANDE DO SUL,JAGUARAO,RS,Brasil,t,interior,4311007,26603,38897.94,1581.33,f,2026-08-01
1920a6759c0c720feb61fcb231b20ab9,RIO GRANDE DO SUL,JAGUARI,RS,Brasil,t,interior,4311106,10579,31093.39,1871.31,f,2026-08-01
1ee9720e81f83b5af95b8a4ec0fac659,RIO GRANDE DO SUL,JAQUIRANA,RS,Brasil,t,interior,4311122,3690,27590.79,1058.77,f,2026-08-01
8d54630719d092158fe2c212d65345a5,RIO GRANDE DO SUL,JARI,RS,Brasil,t,interior,4311130,3349,63193.49,1331.59,f,2026-08-01
b6cab780b3024958747f8028bd17c4b2,RIO GRANDE DO SUL,JOIA,RS,Brasil,t,interior,4311155,7184,48147.83,1881.40,f,2026-08-01
70ea8c1ac869cdfa5a1e3ca2b8ef42eb,RIO GRANDE DO SUL,JULIO DE CASTILHOS,RS,Brasil,t,interior,4311205,18226,71704.27,1699.46,f,2026-08-01
d6e6274fed7b885f5a8a3c9251413fb2,RIO GRANDE DO SUL,LAGOA BONITA DO SUL,RS,Brasil,t,interior,4311239,2251,37416.26,1502.05,f,2026-08-01
24f237db0eb4e0dfdf5adca5c60792d6,RIO GRANDE DO SUL,LAGOA DOS TRES CANTOS,RS,Brasil,t,interior,4311270,1738,47102.42,2326.25,f,2026-08-01
66e66cb7d2d3322ae68d200a4caea997,RIO GRANDE DO SUL,LAGOA VERMELHA,RS,Brasil,t,interior,4311304,27659,58142.49,1855.38,f,2026-08-01
8b919a1519b4cfee9733eb5cb96850f8,RIO GRANDE DO SUL,LAGOAO,RS,Brasil,t,interior,4311254,5341,28041.75,1280.03,f,2026-08-01
f0e868b974300ff189c933a09fdae4a5,RIO GRANDE DO SUL,LAJEADO,RS,Brasil,t,interior,4311403,93646,71601.85,2490.87,f,2026-08-01
291bfc40b35951b018e6fc22984f0663,RIO GRANDE DO SUL,LAJEADO DO BUGRE,RS,Brasil,t,interior,4311429,2601,25156.86,1182.61,f,2026-08-01
91c441607998ddd69d285cb6aee5791f,RIO GRANDE DO SUL,LAVRAS DO SUL,RS,Brasil,t,interior,4311502,7157,51675.98,1521.74,f,2026-08-01
8b49a428fcca7c81db13aaf88805f861,RIO GRANDE DO SUL,LIBERATO SALZANO,RS,Brasil,t,interior,4311601,4781,31911.94,1705.05,f,2026-08-01
13a1f44467fa931ca5acf24a66e8d75b,RIO GRANDE DO SUL,LINDOLFO COLLOR,RS,Brasil,t,interior,4311627,6248,56515.52,1516.47,f,2026-08-01
4e9a3a212594f9859d42ec9ebbd8df84,RIO GRANDE DO SUL,LINHA NOVA,RS,Brasil,t,interior,4311643,1683,45248.96,1864.49,f,2026-08-01
f9484ead98a694b961cf916fbd383b6b,RIO GRANDE DO SUL,MACAMBARA,RS,Brasil,t,interior,4311718,4425,83155.48,1297.03,f,2026-08-01
643cd1d16e0e924dd39f5759c86aa8b3,RIO GRANDE DO SUL,MACHADINHO,RS,Brasil,t,interior,4311700,5735,45491.72,1501.06,f,2026-08-01
49490ae62d7a3000703c0e3009e1d255,RIO GRANDE DO SUL,MAMPITUBA,RS,Brasil,t,interior,4311734,3131,32328.33,1297.67,f,2026-08-01
950620f0da19701f4af9e4a9c7ceffcf,RIO GRANDE DO SUL,MANOEL VIANA,RS,Brasil,t,interior,4311759,6801,44602.56,1491.49,f,2026-08-01
7891d168cebd5678999ab7009c8f62a3,RIO GRANDE DO SUL,MAQUINE,RS,Brasil,t,interior,4311775,7418,30836.88,1494.90,f,2026-08-01
5007ed94a63b6920a5d79e5b55107e77,RIO GRANDE DO SUL,MARATA,RS,Brasil,t,interior,4311791,2470,42164.78,2028.04,f,2026-08-01
392ed7c9a3d9ca65f5372e6483b4fea0,RIO GRANDE DO SUL,MARAU,RS,Brasil,t,interior,4311809,45124,82844.94,2256.96,f,2026-08-01
ff0a44e6509943f5fda0348802fca5c5,RIO GRANDE DO SUL,MARCELINO RAMOS,RS,Brasil,t,interior,4311908,4320,44568.29,2070.86,f,2026-08-01
01acf5dca1c266d79092e4cfd11e8d96,RIO GRANDE DO SUL,MARIANA PIMENTEL,RS,Brasil,t,interior,4311981,3916,30078.40,1441.03,f,2026-08-01
97490ef51ba33a2f7e3cc9b95e41a7b1,RIO GRANDE DO SUL,MARIANO MORO,RS,Brasil,t,interior,4312005,1858,38526.91,2243.73,f,2026-08-01
f8df5895957fba3bf8df14335df5a17a,RIO GRANDE DO SUL,MARQUES DE SOUZA,RS,Brasil,t,interior,4312054,3969,34642.23,1825.90,f,2026-08-01
c8e8653b9f3f65f23f4293090a7e998e,RIO GRANDE DO SUL,MATA,RS,Brasil,t,interior,4312104,4698,37038.31,1543.63,f,2026-08-01
ccfaad739e9c4ff99c0bb9b8feb60494,RIO GRANDE DO SUL,MATO CASTELHANO,RS,Brasil,t,interior,4312138,2553,50333.73,1605.58,f,2026-08-01
adc3f29bab9ba0a54597c342015d0d09,RIO GRANDE DO SUL,MATO LEITAO,RS,Brasil,t,interior,4312153,4859,60721.14,1637.84,f,2026-08-01
127ee5e17592e23f26f88d56467ab7d7,RIO GRANDE DO SUL,MATO QUEIMADO,RS,Brasil,t,interior,4312179,1795,34344.29,1352.71,f,2026-08-01
716b204ba1d46def211bc09fa58ccb9a,RIO GRANDE DO SUL,MAXIMILIANO DE ALMEIDA,RS,Brasil,t,interior,4312203,4191,38078.74,1564.17,f,2026-08-01
79669a811212aa671ce57a553378d635,RIO GRANDE DO SUL,MINAS DO LEAO,RS,Brasil,t,interior,4312252,7505,38782.28,1237.25,f,2026-08-01
1c2dddcdb8bf48cd3c405d10bc5d59fa,RIO GRANDE DO SUL,MIRAGUAI,RS,Brasil,t,interior,4312302,4427,45312.18,1413.56,f,2026-08-01
b77865fee75cb4a4f96b3e3445337155,RIO GRANDE DO SUL,MONTAURI,RS,Brasil,t,interior,4312351,1499,49188.13,2821.46,f,2026-08-01
5fcd2695db392a9a3f12153789d1fb9b,RIO GRANDE DO SUL,MONTE ALEGRE DOS CAMPOS,RS,Brasil,t,interior,4312377,3180,36808.49,1166.56,f,2026-08-01
d208c47a18d0047cd0d81e2fafa60843,RIO GRANDE DO SUL,MONTE BELO DO SUL,RS,Brasil,t,interior,4312385,2557,49595.62,1921.88,f,2026-08-01
86bb069cc8c9fc39c009d8846f591c2b,RIO GRANDE DO SUL,MONTENEGRO,RS,Brasil,t,interior,4312401,64322,81767.31,1897.77,f,2026-08-01
e3e2b3117fbd9e527e6af78d8880643d,RIO GRANDE DO SUL,MORMACO,RS,Brasil,t,interior,4312427,2756,37115.02,1549.13,f,2026-08-01
2739514fae2bd7b453dec73993a75e4d,RIO GRANDE DO SUL,MORRINHOS DO SUL,RS,Brasil,t,interior,4312443,3071,33620.32,1608.45,f,2026-08-01
c23b3f34f6105d68e01bdbeb3495cc22,RIO GRANDE DO SUL,MORRO REDONDO,RS,Brasil,t,interior,4312450,6046,25343.37,1503.22,f,2026-08-01
5a22a6b9271652268d37efb71d92253a,RIO GRANDE DO SUL,MORRO REUTER,RS,Brasil,t,interior,4312476,6029,50429.59,1806.64,f,2026-08-01
80a3cd4f7cd1eae158be45f024f6698f,RIO GRANDE DO SUL,MOSTARDAS,RS,Brasil,t,interior,4312500,12090,40888.42,1246.83,f,2026-08-01
5cf668e883833e947d766e7fc166b03a,RIO GRANDE DO SUL,MUCUM,RS,Brasil,t,interior,4312609,4601,59413.82,2114.86,f,2026-08-01
c35c2e7d0eac634b8cae14ec3a8eee89,RIO GRANDE DO SUL,MUITOS CAPOES,RS,Brasil,t,interior,4312617,2879,330080.58,1418.99,f,2026-08-01
31130bf34af140c8f513755ef5073a38,RIO GRANDE DO SUL,MULITERNO,RS,Brasil,t,interior,4312625,1721,41353.86,2360.89,f,2026-08-01
fc808acb0749d6f73731323f7941dea9,RIO GRANDE DO SUL,NAO-ME-TOQUE,RS,Brasil,t,interior,4312658,17898,164932.39,2175.25,f,2026-08-01
507aade0dea9cb3680d19b7ad325890b,RIO GRANDE DO SUL,NICOLAU VERGUEIRO,RS,Brasil,t,interior,4312674,1932,52703.42,2530.73,f,2026-08-01
4aebd7f5246c2f2f9a6acbd6e4c8964f,RIO GRANDE DO SUL,NONOAI,RS,Brasil,t,interior,4312708,13719,39315.84,1582.13,f,2026-08-01
469b3a029b0729160f9c325e63c499e0,RIO GRANDE DO SUL,NOVA ALVORADA,RS,Brasil,t,interior,4312757,3163,63845.08,2575.70,f,2026-08-01
349aaf9d7ced44a41c51bcedf612cceb,RIO GRANDE DO SUL,NOVA ARACA,RS,Brasil,t,interior,4312807,4954,95836.70,2136.64,f,2026-08-01
d1abb93f00a5ff306dfe483fdf31860a,RIO GRANDE DO SUL,NOVA BASSANO,RS,Brasil,t,interior,4312906,9649,79288.84,2046.80,f,2026-08-01
69a9a74e839dd75363e935553a709175,RIO GRANDE DO SUL,NOVA BOA VISTA,RS,Brasil,t,interior,4312955,2042,67476.00,2487.62,t,2026-08-01
3aa7d7f8fcbb0db7f6d6f745b5b2322c,RIO GRANDE DO SUL,NOVA BRESCIA,RS,Brasil,t,interior,4313003,3044,50582.46,2582.36,f,2026-08-01
2a1f9c4ffd2bcbf80673a0e353b32525,RIO GRANDE DO SUL,NOVA CANDELARIA,RS,Brasil,t,interior,4313011,3061,73796.80,2547.55,f,2026-08-01
f67fe1e1a7ec25fdc2d92d8828983d3e,RIO GRANDE DO SUL,NOVA ESPERANCA DO SUL,RS,Brasil,t,interior,4313037,4865,40542.24,1628.39,f,2026-08-01
57153c6c754910032208b65dd4663f3d,RIO GRANDE DO SUL,NOVA HARTZ,RS,Brasil,t,interior,4313060,20088,52487.16,1487.48,f,2026-08-01
1fea7fa53087e134ad5785e583b1bac0,RIO GRANDE DO SUL,NOVA PADUA,RS,Brasil,t,interior,4313086,2343,49459.67,2241.70,f,2026-08-01
58e20060eb90fb430ee58aba98e8b3ce,RIO GRANDE DO SUL,NOVA PALMA,RS,Brasil,t,interior,4313102,5586,54932.33,1829.37,f,2026-08-01
eb8a40ab915c45f4c380d15dca02df6f,RIO GRANDE DO SUL,NOVA PETROPOLIS,RS,Brasil,t,interior,4313201,23300,47365.58,2219.28,f,2026-08-01
5e7f10ff0ebe6517a15628bfeae5d414,RIO GRANDE DO SUL,NOVA PRATA,RS,Brasil,t,interior,4313300,25692,60691.11,2089.33,f,2026-08-01
6486abf767edb12080e44e86bba64b99,RIO GRANDE DO SUL,NOVA RAMADA,RS,Brasil,t,interior,4313334,2163,94774.39,3024.38,f,2026-08-01
ca4ce848f6119f6d6c366df33f7f9c50,RIO GRANDE DO SUL,NOVA ROMA DO SUL,RS,Brasil,t,interior,4313359,3466,59628.97,2294.79,f,2026-08-01
92e85fcf9fc05e1254c3b8dbf17547bc,RIO GRANDE DO SUL,NOVA SANTA RITA,RS,Brasil,t,interior,4313375,29024,111265.95,1533.62,f,2026-08-01
87696124a90addffa14875ab8340a3cd,RIO GRANDE DO SUL,NOVO BARREIRO,RS,Brasil,t,interior,4313490,4272,28163.16,1322.87,f,2026-08-01
f8938f6cce18c4aaeec8cdfe3b27286b,RIO GRANDE DO SUL,NOVO CABRAIS,RS,Brasil,t,interior,4313391,3568,36906.95,1644.07,f,2026-08-01
79195150b1ca91e30dd8b59f0866c253,RIO GRANDE DO SUL,NOVO HAMBURGO,RS,Brasil,t,interior,4313409,227646,52434.84,2138.48,f,2026-08-01
f64749ce45a5fa264a8fe40b62b5dbca,RIO GRANDE DO SUL,NOVO MACHADO,RS,Brasil,t,interior,4313425,3198,44058.47,1276.42,f,2026-08-01
fba215d8ab5c4cfccc8f691ce1084f13,RIO GRANDE DO SUL,NOVO TIRADENTES,RS,Brasil,t,interior,4313441,2146,34181.27,1617.01,f,2026-08-01
414940a8fcf4415a1377b7d66881a4d6,RIO GRANDE DO SUL,NOVO XINGU,RS,Brasil,t,interior,4313466,1646,41154.92,2118.70,f,2026-08-01
20ad2ec8852f0b7c7bf6a6497f0143d8,RIO GRANDE DO SUL,OSORIO,RS,Brasil,t,interior,4313508,47396,45192.63,2065.29,f,2026-08-01
fb69ec094a6a5d62240a5b2bdd22aacd,RIO GRANDE DO SUL,PAIM FILHO,RS,Brasil,t,interior,4313607,3629,44866.63,1670.92,f,2026-08-01
4484c3f2c56669692e67dd2d6980f449,RIO GRANDE DO SUL,PALMARES DO SUL,RS,Brasil,t,interior,4313656,12844,57603.16,1325.77,f,2026-08-01
607e92a1b9436f5629a0cd29d79bc4bf,RIO GRANDE DO SUL,PALMEIRA DAS MISSOES,RS,Brasil,t,interior,4313706,33216,51430.76,1578.86,f,2026-08-01
fd44bd817c0f81d0ae1d4390ade93ee0,RIO GRANDE DO SUL,PALMITINHO,RS,Brasil,t,interior,4313805,7839,33846.79,1562.57,f,2026-08-01
827561c1e20d672a8ecda5451d9d7a8d,RIO GRANDE DO SUL,PANAMBI,RS,Brasil,t,interior,4313904,43515,92180.08,2086.21,f,2026-08-01
b834c8a3dd19d28f32eefe8c79307286,RIO GRANDE DO SUL,PANTANO GRANDE,RS,Brasil,t,interior,4313953,10212,56464.36,1438.55,f,2026-08-01
645ca55073a3b8239c356d893d62a282,RIO GRANDE DO SUL,PARAI,RS,Brasil,t,interior,4314001,7194,67869.89,2303.16,f,2026-08-01
c516e1f342c8d8d9c71e1b27a6160865,RIO GRANDE DO SUL,PARAISO DO SUL,RS,Brasil,t,interior,4314027,6519,35286.70,1115.75,f,2026-08-01
ecbfee4e18a0b680e449137e33d89cb2,RIO GRANDE DO SUL,PARECI NOVO,RS,Brasil,t,interior,4314035,4319,36872.89,1816.63,f,2026-08-01
ef481c790a9ec26e722b61628fe9355d,RIO GRANDE DO SUL,PAROBE,RS,Brasil,t,interior,4314050,52058,33150.45,1535.37,f,2026-08-01
9e783f8e39e46f1d074d9d6b74e87fa0,RIO GRANDE DO SUL,PASSA SETE,RS,Brasil,t,interior,4314068,3983,36308.81,1266.84,f,2026-08-01
3adf89a87fe438041821503610a57039,RIO GRANDE DO SUL,PASSO DO SOBRADO,RS,Brasil,t,interior,4314076,6025,46783.57,1493.09,f,2026-08-01
6b54cda950251463e3db6a0bd6db09a9,RIO GRANDE DO SUL,PASSO FUNDO,RS,Brasil,t,interior,4314100,206215,68227.53,2343.36,f,2026-08-01
f91daf8286e139db3121c0723f4657a0,RIO GRANDE DO SUL,PAULO BENTO,RS,Brasil,t,interior,4314134,2144,111267.72,2959.51,f,2026-08-01
58a3bdbecf734181ceccf94edf3e2b25,RIO GRANDE DO SUL,PAVERAMA,RS,Brasil,t,interior,4314159,7978,37761.59,1447.12,f,2026-08-01
dcd61a3e6c3a4cdab88b08566340fa21,RIO GRANDE DO SUL,PEDRAS ALTAS,RS,Brasil,t,interior,4314175,2061,83868.03,1529.35,f,2026-08-01
a727a81da3b0edf595f91f14a0afc3d3,RIO GRANDE DO SUL,PEDRO OSORIO,RS,Brasil,t,interior,4314209,7484,32391.10,1254.09,f,2026-08-01
dc65357ee1a4216beb9dd13d1c1f10bf,RIO GRANDE DO SUL,PEJUCARA,RS,Brasil,t,interior,4314308,3745,78260.08,1691.27,f,2026-08-01
d2cf69f3a6aed7ab432cf4d756d91731,RIO GRANDE DO SUL,PELOTAS,RS,Brasil,t,interior,4314407,325685,38322.06,1959.93,f,2026-08-01
a493b0d225d44e88b561fe0a15e9be07,RIO GRANDE DO SUL,PICADA CAFE,RS,Brasil,t,interior,4314423,5351,73528.69,2056.94,f,2026-08-01
5a84a889b9a3886f019d0795c8e9e310,RIO GRANDE DO SUL,PINHAL,RS,Brasil,t,interior,4314456,2959,52087.53,1426.23,f,2026-08-01
e5ab623176c22b6b381f4e8a02c04fed,RIO GRANDE DO SUL,PINHAL DA SERRA,RS,Brasil,t,interior,4314464,2248,110772.24,1382.28,f,2026-08-01
e219ef3c845ce623884e6383f4b10315,RIO GRANDE DO SUL,PINHAL GRANDE,RS,Brasil,t,interior,4314472,3805,131668.33,2173.71,f,2026-08-01
dc11fea18a037b960e7a314d977024e8,RIO GRANDE DO SUL,PINHEIRINHO DO VALE,RS,Brasil,t,interior,4314498,4540,30961.67,1757.29,f,2026-08-01
e64f4dfdb6dc7f96f025fc43135b6a23,RIO GRANDE DO SUL,PINHEIRO MACHADO,RS,Brasil,t,interior,4314506,11214,31915.11,1416.97,f,2026-08-01
4a13384e92c20864279b864fe72aea88,RIO GRANDE DO SUL,PINTO BANDEIRA,RS,Brasil,t,interior,4314548,2723,34202.72,2510.66,f,2026-08-01
234c509a3ca816cf6206d822a234da13,RIO GRANDE DO SUL,PIRAPO,RS,Brasil,t,interior,4314555,2260,31865.49,1342.02,f,2026-08-01
6715c84402d3e63a8f780eca76346613,RIO GRANDE DO SUL,PIRATINI,RS,Brasil,t,interior,4314605,17504,42525.19,1240.96,f,2026-08-01
0836359526eb87905a6298b22e6c1628,RIO GRANDE DO SUL,PLANALTO,RS,Brasil,t,interior,4314704,10406,31306.75,1342.22,f,2026-08-01
1a63dc45bd0584892eaad4a64202e56d,RIO GRANDE DO SUL,POCO DAS ANTAS,RS,Brasil,t,interior,4314753,2171,46418.24,1915.28,f,2026-08-01
866b21642eb304c2612cf795961a78af,RIO GRANDE DO SUL,PONTAO,RS,Brasil,t,interior,4314779,3296,82517.60,1695.82,f,2026-08-01
9ee14706b8cf7b929403f5015f134cc4,RIO GRANDE DO SUL,PONTE PRETA,RS,Brasil,t,interior,4314787,1575,49725.08,2431.26,f,2026-08-01
4fc6ef2f9f2628d7727efaaa33c3919d,RIO GRANDE DO SUL,PORTAO,RS,Brasil,t,interior,4314803,34071,53320.33,1627.56,f,2026-08-01
fd56e22a59281f6bc8b98c825f7fdfdc,RIO GRANDE DO SUL,PORTO ALEGRE,RS,Brasil,t,capital,4314902,1332845,78586.24,3203.31,f,2026-08-01
55b15925ae39494c9dfc0e746ea085a1,RIO GRANDE DO SUL,PORTO LUCENA,RS,Brasil,t,interior,4315008,4360,29580.73,1673.28,f,2026-08-01
064e83a68ed4415714f25b36afaa17ce,RIO GRANDE DO SUL,PORTO MAUA,RS,Brasil,t,interior,4315057,2142,37141.46,1373.97,f,2026-08-01
764a53c94170904773257a8e64712b9e,RIO GRANDE DO SUL,PORTO VERA CRUZ,RS,Brasil,t,interior,4315073,1560,31008.33,1544.81,f,2026-08-01
0dbd884df0dfb53d426a7d77dc456430,RIO GRANDE DO SUL,PORTO XAVIER,RS,Brasil,t,interior,4315107,9938,23151.74,1572.31,f,2026-08-01
94958a8ac8d35aedaa79321e9721ada6,RIO GRANDE DO SUL,POUSO NOVO,RS,Brasil,t,interior,4315131,1739,33297.30,1783.78,f,2026-08-01
86eedde7a05d06846817581d25c821fe,RIO GRANDE DO SUL,PRESIDENTE LUCENA,RS,Brasil,t,interior,4315149,3077,120810.53,1581.99,f,2026-08-01
d079f3560589a8ee25c1d82fef701df5,RIO GRANDE DO SUL,PROGRESSO,RS,Brasil,t,interior,4315156,5340,33993.07,1524.47,f,2026-08-01
4dbca8b9df79e873d151de47658d1df3,RIO GRANDE DO SUL,PROTASIO ALVES,RS,Brasil,t,interior,4315172,2025,46102.72,2219.02,f,2026-08-01
e711e820234382e804c9b9c66a6d84cd,RIO GRANDE DO SUL,PUTINGA,RS,Brasil,t,interior,4315206,3747,41034.96,1838.13,f,2026-08-01
4f4709c4b5c59f18ae9f28636cdb022b,RIO GRANDE DO SUL,QUARAI,RS,Brasil,t,interior,4315305,23500,30640.72,1391.76,f,2026-08-01
130d5e9b65cc3cbd0a40f2fbf51235c1,RIO GRANDE DO SUL,QUATRO IRMAOS,RS,Brasil,t,interior,4315313,1552,87965.85,1947.15,f,2026-08-01
8600599f09a63844e8ad6969052c41c6,RIO GRANDE DO SUL,QUEVEDOS,RS,Brasil,t,interior,4315321,2507,62326.69,1417.51,f,2026-08-01
0af265693712401862686a993cb4784c,RIO GRANDE DO SUL,QUINZE DE NOVEMBRO,RS,Brasil,t,interior,4315354,3910,44217.65,2866.59,f,2026-08-01
ffd17e9296dc62cf7f380559edcae095,RIO GRANDE DO SUL,REDENTORA,RS,Brasil,t,interior,4315404,9738,21318.96,851.69,f,2026-08-01
a0fc95c3af012b6784c8db84f6f6e0bf,RIO GRANDE DO SUL,RELVADO,RS,Brasil,t,interior,4315453,1796,42091.87,1810.47,f,2026-08-01
be56e77e589f07bb0443f0030fbe45eb,RIO GRANDE DO SUL,RESTINGA SECA,RS,Brasil,t,interior,4315503,14939,43057.10,1470.95,f,2026-08-01
c5a72d0ef4f290aec10c72871238bdad,RIO GRANDE DO SUL,RIO DOS INDIOS,RS,Brasil,t,interior,4315552,2835,41149.91,1646.66,f,2026-08-01
f98fac6cb1147900452cd0f73192a031,RIO GRANDE DO SUL,RIO GRANDE,RS,Brasil,t,interior,4315602,191900,73510.58,1671.01,f,2026-08-01
ad9a78ce08d5ca19f4b4d3f0a6e41d26,RIO GRANDE DO SUL,RIO PARDO,RS,Brasil,t,interior,4315701,34654,36013.71,1477.03,f,2026-08-01
b509c52a437c26abda6312246c3416f5,RIO GRANDE DO SUL,RIOZINHO,RS,Brasil,t,interior,4315750,4473,37060.59,1519.68,f,2026-08-01
b851ed5f3c77170f337578aa2aaeda73,RIO GRANDE DO SUL,ROCA SALES,RS,Brasil,t,interior,4315800,10418,60146.96,1866.11,f,2026-08-01
f79bfb9676a64a5fc9830434125e4f4e,RIO GRANDE DO SUL,RODEIO BONITO,RS,Brasil,t,interior,4315909,6654,45258.49,1960.07,f,2026-08-01
93e2b4e7f66ed1ef49d2d572346cc986,RIO GRANDE DO SUL,ROLADOR,RS,Brasil,t,interior,4315958,2291,39897.42,1225.08,f,2026-08-01
9604a9287d6df762d0d694db2ab3d128,RIO GRANDE DO SUL,ROLANTE,RS,Brasil,t,interior,4316006,21253,44747.00,1643.72,f,2026-08-01
16e27605b27cce1829c459bd7f77a94b,RIO GRANDE DO SUL,RONDA ALTA,RS,Brasil,t,interior,4316105,9777,41200.37,2330.21,f,2026-08-01
f84d9e6cc4b4cc6227a45e73533e98df,RIO GRANDE DO SUL,RONDINHA,RS,Brasil,t,interior,4316204,4991,45625.33,2559.50,f,2026-08-01
9bbdba2a16a5213547bb1f3959cac133,RIO GRANDE DO SUL,ROQUE GONZALES,RS,Brasil,t,interior,4316303,6576,60333.49,1796.07,f,2026-08-01
b9dc85b1a1adbe9c08b8d2e9208ef413,RIO GRANDE DO SUL,ROSARIO DO SUL,RS,Brasil,t,interior,4316402,36630,40903.99,1627.08,f,2026-08-01
2911905a6abfa605ccf3b18bfb2f4f9a,RIO GRANDE DO SUL,SAGRADA FAMILIA,RS,Brasil,t,interior,4316428,2480,27057.26,1376.32,f,2026-08-01
f8a31e6b3ea929c9463c4891d0e85bbe,RIO GRANDE DO SUL,SALDANHA MARINHO,RS,Brasil,t,interior,4316436,2575,66053.98,1873.11,f,2026-08-01
3889c69c5ddd8cdb02da86fad6616503,RIO GRANDE DO SUL,SALTO DO JACUI,RS,Brasil,t,interior,4316451,10203,58308.44,1561.65,f,2026-08-01
35b48d1729c127b940bf1ac928791948,RIO GRANDE DO SUL,SALVADOR DAS MISSOES,RS,Brasil,t,interior,4316477,2877,56399.03,1696.82,f,2026-08-01
e8d76237cda9c920d58d5dff133adeb3,RIO GRANDE DO SUL,SALVADOR DO SUL,RS,Brasil,t,interior,4316501,6879,57513.59,1967.63,f,2026-08-01
02c1cecaf8cede04c70b5270e76db31e,RIO GRANDE DO SUL,SANANDUVA,RS,Brasil,t,interior,4316600,16399,53537.23,1943.31,f,2026-08-01
40d5785d2b7b839d28cb067d73cbcc97,RIO GRANDE DO SUL,SANTA BARBARA DO SUL,RS,Brasil,t,interior,4316709,8122,107801.16,1887.18,f,2026-08-01
de1827858b92de8fc3de3b9bd9690299,RIO GRANDE DO SUL,SANTA CECILIA DO SUL,RS,Brasil,t,interior,4316733,1674,54576.46,2248.46,f,2026-08-01
f2479eaf5f313f02b582c182744d3e23,RIO GRANDE DO SUL,SANTA CLARA DO SUL,RS,Brasil,t,interior,4316758,6887,62108.90,1832.22,f,2026-08-01
55ba50351d086aadff783f0f2fe55dcb,RIO GRANDE DO SUL,SANTA CRUZ DO SUL,RS,Brasil,t,interior,4316808,133230,100552.56,2192.33,f,2026-08-01
3f0e45d8fc58c308cf1ec0ded29d4aa6,RIO GRANDE DO SUL,SANTA MARGARIDA DO SUL,RS,Brasil,t,interior,4316972,2596,107207.24,1610.73,f,2026-08-01
b38fca6f45a454930195b3023a1db698,RIO GRANDE DO SUL,SANTA MARIA,RS,Brasil,t,interior,4316907,271735,40230.46,2365.64,f,2026-08-01
6e93c5f1f41e83d01df77f1ff5d9efa0,RIO GRANDE DO SUL,SANTA MARIA DO HERVAL,RS,Brasil,t,interior,4316956,6340,42823.50,1764.69,f,2026-08-01
01ae93124a42ca3ba96c66cfbf0f5568,RIO GRANDE DO SUL,SANTA ROSA,RS,Brasil,t,interior,4317202,76963,58864.08,2122.58,f,2026-08-01
7da54df4bda01a2a85be35913e44a09e,RIO GRANDE DO SUL,SANTA TEREZA,RS,Brasil,t,interior,4317251,1505,35708.97,2366.65,f,2026-08-01
7d88cc0d4b796ebcfb7690efef5a1369,RIO GRANDE DO SUL,SANTA VITORIA DO PALMAR,RS,Brasil,t,interior,4317301,30983,64252.62,1518.77,f,2026-08-01
95014a12747202ee6028bc3f86aea026,RIO GRANDE DO SUL,SANTANA DA BOA VISTA,RS,Brasil,t,interior,4317004,7024,33831.01,1182.47,f,2026-08-01
49b18ebb69345d0408eab9e2ca0ecd09,RIO GRANDE DO SUL,SANTANA DO LIVRAMENTO,RS,Brasil,t,interior,,,,,,2026-08-01
88e4ed909242ad7629c387e8c74d37cf,RIO GRANDE DO SUL,SANTIAGO,RS,Brasil,t,interior,4317400,48938,38041.83,2097.02,f,2026-08-01
017d0db8583eaa7f4333103170e99847,RIO GRANDE DO SUL,SANTO ANGELO,RS,Brasil,t,interior,4317509,76917,43941.11,2046.80,f,2026-08-01
2426bc35ec873a00980d80a33292ea82,RIO GRANDE DO SUL,SANTO ANTONIO DA PATRULHA,RS,Brasil,t,interior,4317608,42947,50733.02,1614.13,f,2026-08-01
4cbf08ae7f2506745b97e0a969e58dd7,RIO GRANDE DO SUL,SANTO ANTONIO DAS MISSOES,RS,Brasil,t,interior,4317707,10300,42070.19,1526.41,f,2026-08-01
f20195ab28f80d7a1345622ac5e36154,RIO GRANDE DO SUL,SANTO ANTONIO DO PALMA,RS,Brasil,t,interior,4317558,2091,53766.14,2000.81,f,2026-08-01
b4d967f44b047689faeed586aa8737af,RIO GRANDE DO SUL,SANTO ANTONIO DO PLANALTO,RS,Brasil,t,interior,4317756,2089,79773.58,1912.78,f,2026-08-01
4e144716f1932f53496965dd5da65d7b,RIO GRANDE DO SUL,SANTO AUGUSTO,RS,Brasil,t,interior,4317806,13902,52398.94,1895.92,f,2026-08-01
c1757f78161df47efc917d76200c430d,RIO GRANDE DO SUL,SANTO CRISTO,RS,Brasil,t,interior,4317905,15320,50040.21,2116.06,f,2026-08-01
ebcbbe9fe49935babd2ee537950fe282,RIO GRANDE DO SUL,SANTO EXPEDITO DO SUL,RS,Brasil,t,interior,4317954,2349,44928.48,2108.68,f,2026-08-01
ae45e83d40447dce28fc09efc0164ced,RIO GRANDE DO SUL,SAO BORJA,RS,Brasil,t,interior,4318002,59676,42737.25,1568.58,f,2026-08-01
a4ff3bd7f1a2022229203c14f68a20a7,RIO GRANDE DO SUL,SAO DOMINGOS DO SUL,RS,Brasil,t,interior,4318051,2754,47408.86,2785.62,f,2026-08-01
993a6735d0ff9754f5b67f36cb9a19aa,RIO GRANDE DO SUL,SAO FRANCISCO DE ASSIS,RS,Brasil,t,interior,4318101,17618,33634.29,1663.89,f,2026-08-01
042237ee9cb1c574644263e5c0878d9a,RIO GRANDE DO SUL,SAO FRANCISCO DE PAULA,RS,Brasil,t,interior,4318200,21893,54907.14,1572.34,f,2026-08-01
472708b4a5a077a8a73aa41a4ee6e709,RIO GRANDE DO SUL,SAO GABRIEL,RS,Brasil,t,interior,4318309,58487,45872.18,1526.68,f,2026-08-01
00f0fd0ef9e229f319b3aa2cfdd259a3,RIO GRANDE DO SUL,SAO JERONIMO,RS,Brasil,t,interior,4318408,21028,33872.84,1635.38,f,2026-08-01
f4ff7eb731f1fa70bb17d780b8e80599,RIO GRANDE DO SUL,SAO JOAO DA URTIGA,RS,Brasil,t,interior,4318424,4461,44443.17,2185.87,f,2026-08-01
aab3c39a8670eba14df8bf518aff3f59,RIO GRANDE DO SUL,SAO JOAO DO POLESINE,RS,Brasil,t,interior,4318432,2649,44534.92,2028.21,f,2026-08-01
68da83b852af17525aff1bc02ce3b60d,RIO GRANDE DO SUL,SAO JORGE,RS,Brasil,t,interior,4318440,2912,38857.83,1677.22,f,2026-08-01
4ebc54892f8b38db1a373608e65d4dd7,RIO GRANDE DO SUL,SAO JOSE DAS MISSOES,RS,Brasil,t,interior,4318457,2362,32295.09,1309.27,f,2026-08-01
ca850474f670e72bb26ba71137221198,RIO GRANDE DO SUL,SAO JOSE DO HERVAL,RS,Brasil,t,interior,4318465,1902,29281.81,1379.43,f,2026-08-01
52830ae2964e8292502dc922627a0ab8,RIO GRANDE DO SUL,SAO JOSE DO HORTENCIO,RS,Brasil,t,interior,4318481,4447,33538.57,1834.47,f,2026-08-01
434167c68dcdbc17c3069fbbd7cccec1,RIO GRANDE DO SUL,SAO JOSE DO INHACORA,RS,Brasil,t,interior,4318499,2406,88984.62,1809.63,f,2026-08-01
1731665b5649fb90189c31a6df752350,RIO GRANDE DO SUL,SAO JOSE DO NORTE,RS,Brasil,t,interior,4318507,25443,50051.64,1183.51,f,2026-08-01
f5850fd34db80cf97776160c13b2aa7c,RIO GRANDE DO SUL,SAO JOSE DO OURO,RS,Brasil,t,interior,4318606,6834,62370.21,2185.37,f,2026-08-01
047880edd81bd57298f23ee35e064ef7,RIO GRANDE DO SUL,SAO JOSE DO SUL,RS,Brasil,t,interior,4318614,2380,46854.62,1684.96,f,2026-08-01
eae785827ad18843ea2bfc974bdfb546,RIO GRANDE DO SUL,SAO JOSE DOS AUSENTES,RS,Brasil,t,interior,4318622,4172,42468.12,1066.14,f,2026-08-01
9d6533c272306055eebe45b03a06e161,RIO GRANDE DO SUL,SAO LEOPOLDO,RS,Brasil,t,interior,4318705,217409,54003.80,1922.89,f,2026-08-01
894773e5a1b7134c8a381df3ee8ec205,RIO GRANDE DO SUL,SAO LOURENCO DO SUL,RS,Brasil,t,interior,4318804,41989,40953.49,1750.71,f,2026-08-01
22095a5ed3ed77db4408f5b91a1a1230,RIO GRANDE DO SUL,SAO LUIZ GONZAGA,RS,Brasil,t,interior,4318903,34752,49291.84,1901.46,f,2026-08-01
74380b3d65b940c3154b4c51f255fef6,RIO GRANDE DO SUL,SAO MARCOS,RS,Brasil,t,interior,4319000,21084,70610.75,1695.70,f,2026-08-01
0063ec5378ff534364190d27e59926cb,RIO GRANDE DO SUL,SAO MARTINHO,RS,Brasil,t,interior,4319109,5481,55635.65,1810.54,f,2026-08-01
bac8a5b98393a957302ff876c8bb41be,RIO GRANDE DO SUL,SAO MARTINHO DA SERRA,RS,Brasil,t,interior,4319125,2860,73849.65,1776.57,t,2026-08-01
0411f9eb744edb32f05e7ff48fedb380,RIO GRANDE DO SUL,SAO MIGUEL DAS MISSOES,RS,Brasil,t,interior,4319158,7056,73296.77,1484.86,f,2026-08-01
601bbd80e5be3df81b0c5a5c747a5069,RIO GRANDE DO SUL,SAO NICOLAU,RS,Brasil,t,interior,4319208,5118,34925.56,1350.34,f,2026-08-01
692b0c6b93f97d9541bebb700b7abefd,RIO GRANDE DO SUL,SAO PAULO DAS MISSOES,RS,Brasil,t,interior,4319307,5846,36726.48,1792.43,f,2026-08-01
cd395000923dfd102adf96e8f01cbcda,RIO GRANDE DO SUL,SAO PEDRO DA SERRA,RS,Brasil,t,interior,4319356,3548,34569.05,1942.46,f,2026-08-01
d450f7842272c9ca5794a39eb4507416,RIO GRANDE DO SUL,SAO PEDRO DAS MISSOES,RS,Brasil,t,interior,4319364,1757,41497.44,1178.39,f,2026-08-01
0aabe862e00e3d074a3d7cbad182d7c7,RIO GRANDE DO SUL,SAO PEDRO DO BUTIA,RS,Brasil,t,interior,4319372,3070,45434.85,2153.13,f,2026-08-01
6f316432b0351c9bba822bc09b74e757,RIO GRANDE DO SUL,SAO PEDRO DO SUL,RS,Brasil,t,interior,4319406,15577,32471.14,1606.44,f,2026-08-01
e452b3f51a83da0915d158db5dd0d1e0,RIO GRANDE DO SUL,SAO SEBASTIAO DO CAI,RS,Brasil,t,interior,4319505,24428,45995.09,1718.35,f,2026-08-01
609f6af72855dd2242fbf3b5e17eb9f2,RIO GRANDE DO SUL,SAO SEPE,RS,Brasil,t,interior,4319604,21219,49932.09,1613.74,f,2026-08-01
c610c3ea147418d30b42113a0bff2353,RIO GRANDE DO SUL,SAO VALENTIM,RS,Brasil,t,interior,4319703,3264,38259.19,1963.67,f,2026-08-01
de3ffc280a9e62e5e62db467ccbaf11b,RIO GRANDE DO SUL,SAO VALENTIM DO SUL,RS,Brasil,t,interior,4319711,2207,38449.03,1652.84,f,2026-08-01
6797f7de010ae434f128e45b8df388a3,RIO GRANDE DO SUL,SAO VALERIO DO SUL,RS,Brasil,t,interior,4319737,2543,26677.55,1050.48,f,2026-08-01
ccd2bd9d13ad9b569e05afd7edc0a026,RIO GRANDE DO SUL,SAO VENDELINO,RS,Brasil,t,interior,4319752,2251,46784.10,2313.19,f,2026-08-01
d19947b4468fc399d5b81381c3db9a1b,RIO GRANDE DO SUL,SAO VICENTE DO SUL,RS,Brasil,t,interior,4319802,8097,58032.11,1507.10,f,2026-08-01
6e423cb351802564fd5e2d63296278e3,RIO GRANDE DO SUL,SAPIRANGA,RS,Brasil,t,interior,4319901,75648,61786.88,1641.28,f,2026-08-01
8a1c17490e4e004ba6ad6002ce84ebad,RIO GRANDE DO SUL,SAPUCAIA DO SUL,RS,Brasil,t,interior,4320008,132107,35799.83,1571.59,f,2026-08-01
8acbd3eea87d4f169458bf3a793d3c5f,RIO GRANDE DO SUL,SARANDI,RS,Brasil,t,interior,4320107,22851,62476.96,1850.64,f,2026-08-01
947c0d8ce80fdfdac1c3caecafd8074c,RIO GRANDE DO SUL,SEBERI,RS,Brasil,t,interior,4320206,11950,69246.53,1567.87,f,2026-08-01
01677104618d5d5388f58b542ce51091,RIO GRANDE DO SUL,SEDE NOVA,RS,Brasil,t,interior,4320230,2704,45338.39,1991.34,f,2026-08-01
5387a0f2c764f190b4ae9c2779f2cf3d,RIO GRANDE DO SUL,SEGREDO,RS,Brasil,t,interior,4320263,6009,30235.65,1663.32,f,2026-08-01
451b2aadf863f71c7463dd5a39dc68bf,RIO GRANDE DO SUL,SELBACH,RS,Brasil,t,interior,4320305,5107,56160.17,2458.17,f,2026-08-01
8786a7155cbb978e761061ebe477694a,RIO GRANDE DO SUL,SENADOR SALGADO FILHO,RS,Brasil,t,interior,4320321,2673,34939.39,1464.59,f,2026-08-01
0fa15dbb7b84dc57d3d6af109d3e191e,RIO GRANDE DO SUL,SENTINELA DO SUL,RS,Brasil,t,interior,4320354,5306,33904.45,1250.16,f,2026-08-01
81b38e7f1d926584671b3a53c50efa1a,RIO GRANDE DO SUL,SERAFINA CORREA,RS,Brasil,t,interior,4320404,16961,58281.71,2126.45,f,2026-08-01
d5d94217a0c58a02d1689e767499c6ae,RIO GRANDE DO SUL,SERIO,RS,Brasil,t,interior,4320453,1941,36233.38,1799.08,f,2026-08-01
1c64c48738c54bf2a58760a1f73edb36,RIO GRANDE DO SUL,SERTAO,RS,Brasil,t,interior,4320503,5541,70296.70,1226.99,f,2026-08-01
edc8ee3554723bee4d1564db8dc5494b,RIO GRANDE DO SUL,SERTAO SANTANA,RS,Brasil,t,interior,4320552,5863,58770.42,1517.50,f,2026-08-01
714169190da63dd6432aa1cf4f1b9875,RIO GRANDE DO SUL,SETE DE SETEMBRO,RS,Brasil,t,interior,4320578,1830,42178.14,1435.27,f,2026-08-01
d3532dad4ba5eb7e72976e4e5a824757,RIO GRANDE DO SUL,SEVERIANO DE ALMEIDA,RS,Brasil,t,interior,4320602,3406,41812.10,2745.42,f,2026-08-01
59dd5455a70687d9c78ac6ddb1229b89,RIO GRANDE DO SUL,SILVEIRA MARTINS,RS,Brasil,t,interior,4320651,2028,35603.55,2041.91,f,2026-08-01
7c5f7bb4776304095bbcef1aa64e38a4,RIO GRANDE DO SUL,SINIMBU,RS,Brasil,t,interior,4320677,8578,28942.29,1313.34,f,2026-08-01
7f0f5baf4aa1e02884d3c26495f6c613,RIO GRANDE DO SUL,SOBRADINHO,RS,Brasil,t,interior,4320701,14226,36780.54,1838.82,f,2026-08-01
d59f525034898d09b896871d231b4b0d,RIO GRANDE DO SUL,SOLEDADE,RS,Brasil,t,interior,4320800,29991,43774.53,1773.11,f,2026-08-01
518bdff2bf47453cf105dec5e3fd80fc,RIO GRANDE DO SUL,TABAI,RS,Brasil,t,interior,4320859,4461,39509.98,1576.83,f,2026-08-01
d3b2064f223024c838ec45ccf56dcf8f,RIO GRANDE DO SUL,TAPEJARA,RS,Brasil,t,interior,4320909,24557,76169.61,1867.41,f,2026-08-01
22eb9f853f7617ee03853af66279404c,RIO GRANDE DO SUL,TAPERA,RS,Brasil,t,interior,4321006,10592,55150.02,2018.36,f,2026-08-01
218001868ac5b92853b6c3c7b96f0d48,RIO GRANDE DO SUL,TAPES,RS,Brasil,t,interior,4321105,14695,43150.05,1449.76,f,2026-08-01
029b9f919f31751fe4ac718a31845563,RIO GRANDE DO SUL,TAQUARA,RS,Brasil,t,interior,4321204,53242,34104.18,1711.54,f,2026-08-01
3ef9a0c6272a9451c48cb6d0a448755b,RIO GRANDE DO SUL,TAQUARI,RS,Brasil,t,interior,4321303,25198,44596.59,1630.78,f,2026-08-01
bd36a46c32ebbb52b1c2376302cb6dd0,RIO GRANDE DO SUL,TAQUARUCU DO SUL,RS,Brasil,t,interior,4321329,3119,60383.78,2332.95,f,2026-08-01
b472474dfafe9122390b0a964105ca66,RIO GRANDE DO SUL,TAVARES,RS,Brasil,t,interior,4321352,5212,26079.05,1361.72,f,2026-08-01
e5d15a4a1ca0b334443e99036a386a6f,RIO GRANDE DO SUL,TENENTE PORTELA,RS,Brasil,t,interior,4321402,14497,42416.64,1735.10,f,2026-08-01
26e1aad0cfcc5788ef16d63ae802358c,RIO GRANDE DO SUL,TERRA DE AREIA,RS,Brasil,t,interior,4321436,10334,33149.80,1502.13,f,2026-08-01
1e17f903cf2c5e321b847e9909feeb2e,RIO GRANDE DO SUL,TEUTONIA,RS,Brasil,t,interior,4321451,32797,61083.36,1891.48,f,2026-08-01
90d41780adcede3925546e1d973bb327,RIO GRANDE DO SUL,TIO HUGO,RS,Brasil,t,interior,4321469,3267,53124.89,1671.90,f,2026-08-01
a90c1a8f26b63eefa11b9c30f54e99a2,RIO GRANDE DO SUL,TIRADENTES DO SUL,RS,Brasil,t,interior,4321477,5129,31775.20,2310.17,f,2026-08-01
3a32d813efb9c7e37d862315f258307d,RIO GRANDE DO SUL,TOROPI,RS,Brasil,t,interior,4321493,2554,32225.53,1452.65,f,2026-08-01
d259cc66e679e983bbfcd1a95220021e,RIO GRANDE DO SUL,TORRES,RS,Brasil,t,interior,4321501,41751,43963.71,2080.13,f,2026-08-01
5b07fe0c8f48eace052a43280d7885cd,RIO GRANDE DO SUL,TRAMANDAI,RS,Brasil,t,interior,4321600,54387,29046.00,1871.57,f,2026-08-01
e06ce33e37cb9ba660f30160135704ea,RIO GRANDE DO SUL,TRAVESSEIRO,RS,Brasil,t,interior,4321626,2152,39999.07,1637.11,f,2026-08-01
45319a2fb8e79aaa63d59d48043c137a,RIO GRANDE DO SUL,TRES ARROIOS,RS,Brasil,t,interior,4321634,2591,51829.80,2492.19,f,2026-08-01
37e3b50da2bc88b112ae158c05d9e229,RIO GRANDE DO SUL,TRES CACHOEIRAS,RS,Brasil,t,interior,4321667,10962,34006.84,1632.48,f,2026-08-01
a76508647e54b4eba79a39fb90fbec56,RIO GRANDE DO SUL,TRES COROAS,RS,Brasil,t,interior,4321709,24425,42827.96,1619.03,f,2026-08-01
9aa64585bf6fc77c9f4f4b87d976dd44,RIO GRANDE DO SUL,TRES DE MAIO,RS,Brasil,t,interior,4321808,24916,61208.94,2038.20,f,2026-08-01
3de216bd372d4b1fb49226df1356d122,RIO GRANDE DO SUL,TRES FORQUILHAS,RS,Brasil,t,interior,4321832,2760,28694.57,1413.66,f,2026-08-01
53671be6b13c1825a97bca152e372119,RIO GRANDE DO SUL,TRES PALMEIRAS,RS,Brasil,t,interior,4321857,4716,35178.33,1177.01,f,2026-08-01
7ed92f90bd376b5cbb0e800704d1b165,RIO GRANDE DO SUL,TRES PASSOS,RS,Brasil,t,interior,4321907,25436,48279.29,1970.49,f,2026-08-01
b1b81bdf2a4a85d216fd993c9bc57142,RIO GRANDE DO SUL,TRINDADE DO SUL,RS,Brasil,t,interior,4321956,7556,53405.37,2079.23,f,2026-08-01
bb069af69bf13ae016c4b4205dc894c4,RIO GRANDE DO SUL,TRIUNFO,RS,Brasil,t,interior,4322004,27498,275341.30,1481.51,f,2026-08-01
3eff4d8d67e3937bfb8905147703dd40,RIO GRANDE DO SUL,TUCUNDUVA,RS,Brasil,t,interior,4322103,5542,41710.93,1823.72,f,2026-08-01
2d1d4bbd45c3261db78f28a2c72e083b,RIO GRANDE DO SUL,TUNAS,RS,Brasil,t,interior,4322152,3681,25604.46,1340.45,f,2026-08-01
232d7fe791496402ae5e0dd77a279775,RIO GRANDE DO SUL,TUPANCI DO SUL,RS,Brasil,t,interior,4322186,1374,58077.15,1414.83,f,2026-08-01
e285984e29ab64ea6d17e8decc9ed4e2,RIO GRANDE DO SUL,TUPANCIRETA,RS,Brasil,t,interior,4322202,20005,63746.76,1606.74,f,2026-08-01
6a3d7d7cac6ececa21edbf3f5ecaab00,RIO GRANDE DO SUL,TUPANDI,RS,Brasil,t,interior,4322251,5029,120151.92,1897.87,f,2026-08-01
dca1d2f7404f906cb1890c579c0485b9,RIO GRANDE DO SUL,TUPARENDI,RS,Brasil,t,interior,4322301,8363,44841.09,2155.38,f,2026-08-01
578c48723c4f1ff82b57ab077d95705e,RIO GRANDE DO SUL,TURUCU,RS,Brasil,t,interior,4322327,3419,47185.14,1599.23,f,2026-08-01
15432bf48874b161b8df4aa782987979,RIO GRANDE DO SUL,UBIRETAMA,RS,Brasil,t,interior,4322343,1994,36873.62,1986.68,f,2026-08-01
e5d58a5ae1deb23e9477d7679242c4ba,RIO GRANDE DO SUL,UNIAO DA SERRA,RS,Brasil,t,interior,4322350,1170,54968.38,2893.51,f,2026-08-01
6a19a35f01132d563c0365c39ba9b1f1,RIO GRANDE DO SUL,UNISTALDA,RS,Brasil,t,interior,4322376,1995,35608.02,1306.67,f,2026-08-01
3c27bf065049ef50b97f2ce1deb74152,RIO GRANDE DO SUL,URUGUAIANA,RS,Brasil,t,interior,4322400,117210,33406.31,1566.17,f,2026-08-01
5d0c250d91d09f63c93c278a986caa38,RIO GRANDE DO SUL,VACARIA,RS,Brasil,t,interior,4322509,64197,57655.86,1790.15,f,2026-08-01
059cac6ddd28339ca1b039020f355699,RIO GRANDE DO SUL,VALE DO SOL,RS,Brasil,t,interior,4322533,9897,38444.88,1538.70,f,2026-08-01
e939f05ba2b9c00aa624c5cb81e338a5,RIO GRANDE DO SUL,VALE REAL,RS,Brasil,t,interior,4322541,6058,49206.17,1927.06,f,2026-08-01
55ecf921a314f06750073c0f5fc10771,RIO GRANDE DO SUL,VALE VERDE,RS,Brasil,t,interior,4322525,3150,49796.83,1263.82,f,2026-08-01
3d9a2a7bf5e1d8552ec821c0378e8846,RIO GRANDE DO SUL,VANINI,RS,Brasil,t,interior,4322558,2004,40780.44,1773.91,f,2026-08-01
aed2328036a3f293a5a34c9ec55a745d,RIO GRANDE DO SUL,VENANCIO AIRES,RS,Brasil,t,interior,4322608,68763,68105.43,1739.54,f,2026-08-01
4cd86a76ff582115ae18850b147250c7,RIO GRANDE DO SUL,VERA CRUZ,RS,Brasil,t,interior,4322707,26710,42184.05,1596.06,f,2026-08-01
bb398583217f00064d75dae8789f24e5,RIO GRANDE DO SUL,VERANOPOLIS,RS,Brasil,t,interior,4322806,24021,99721.79,2257.23,f,2026-08-01
ca2b3ec3984bc25aff008910ee3f43ab,RIO GRANDE DO SUL,VESPASIANO CORREA,RS,Brasil,t,interior,4322855,1818,57397.14,3279.07,f,2026-08-01
49d8f626f7a519fe82e804e3e851607d,RIO GRANDE DO SUL,VIADUTOS,RS,Brasil,t,interior,4322905,4769,40097.09,1777.55,f,2026-08-01
3ad2f9b50ed4b59dab8cca3c1373fa7d,RIO GRANDE DO SUL,VIAMAO,RS,Brasil,t,interior,4323002,224112,24742.91,1489.82,f,2026-08-01
dde40ca52bbf33c4591e0ade71d2cdf0,RIO GRANDE DO SUL,VICENTE DUTRA,RS,Brasil,t,interior,4323101,4665,31696.46,1497.70,f,2026-08-01
b2d2bf9225c092813ab8a4285c805d21,RIO GRANDE DO SUL,VICTOR GRAEFF,RS,Brasil,t,interior,4323200,2780,84803.60,2384.33,f,2026-08-01
def9ecd490dbb61be17a08f199e2651d,RIO GRANDE DO SUL,VILA FLORES,RS,Brasil,t,interior,4323309,3646,103321.17,1903.28,f,2026-08-01
bf5ad23d69a6ae1f193967569640d17c,RIO GRANDE DO SUL,VILA LANGARO,RS,Brasil,t,interior,4323358,2079,74685.43,1454.41,f,2026-08-01
c66c47e306c81c96157939e8c6d2d415,RIO GRANDE DO SUL,VILA MARIA,RS,Brasil,t,interior,4323408,4413,89191.03,2679.60,f,2026-08-01
62e44310bb26e3351c0fefdef86c1864,RIO GRANDE DO SUL,VILA NOVA DO SUL,RS,Brasil,t,interior,4323457,3863,56302.87,1344.10,f,2026-08-01
9837155db8ef1480b23ae66a798196a3,RIO GRANDE DO SUL,VISTA ALEGRE,RS,Brasil,t,interior,4323507,2660,51573.31,2168.24,f,2026-08-01
144a71009cc7e3ecc21e1aefd4257748,RIO GRANDE DO SUL,VISTA ALEGRE DO PRATA,RS,Brasil,t,interior,4323606,1590,48029.56,2249.69,f,2026-08-01
ee54be37e78e962bbbae20813390840d,RIO GRANDE DO SUL,VISTA GAUCHA,RS,Brasil,t,interior,4323705,2783,33868.49,2018.17,f,2026-08-01
c701a7b06141c078be2b34e5f83a0e85,RIO GRANDE DO SUL,VITORIA DAS MISSOES,RS,Brasil,t,interior,4323754,3260,27322.39,1414.14,f,2026-08-01
8a7ba5a23ee861825a0ca4a72de15a4a,RIO GRANDE DO SUL,WESTFALIA,RS,Brasil,t,interior,4323770,3098,75751.45,2321.97,f,2026-08-01
e345f79331b1e4fd6ad2916538ee0875,RIO GRANDE DO SUL,XANGRI-LA,RS,Brasil,t,interior,4323804,16463,55561.20,2134.14,f,2026-08-01
dfbf6780afb9dddd335229e00f8dd3a2,RONDONIA,ALTA FLORESTA D'OESTE,RO,Brasil,t,interior,1100015,21494,48680.70,1210.60,f,2026-08-01
9c9582f25177171530d12d682566ab02,RONDONIA,ALTO ALEGRE DOS PARECIS,RO,Brasil,t,interior,1100379,11479,50102.71,1173.26,f,2026-08-01
7228360108ed7f2e046d66dbb6a8db55,RONDONIA,ALTO PARAISO,RO,Brasil,t,interior,1100403,16320,40926.65,1185.26,f,2026-08-01
593e925e082cdc200bc2f26f1a2198b7,RONDONIA,ALVORADA D'OESTE,RO,Brasil,t,interior,1100346,13117,37098.88,1223.18,f,2026-08-01
407c6a51e2829709ff7bbce4b07faf5a,RONDONIA,ARIQUEMES,RO,Brasil,t,interior,1100023,96833,45271.91,1458.57,f,2026-08-01
e6209af5fac75347ead5403146dbf000,RONDONIA,BURITIS,RO,Brasil,t,interior,1100452,27992,43619.89,1219.49,f,2026-08-01
1f9e17c24a439d70cb9e997075ea1e45,RONDONIA,CABIXI,RO,Brasil,t,interior,1100031,5351,56219.77,1323.79,f,2026-08-01
412b1ee1d42daf0f37b96e5c6e6bf04f,RONDONIA,CACAULANDIA,RO,Brasil,t,interior,1100601,4150,57587.71,1187.10,f,2026-08-01
28b21f6f0cbe31322bf7e71a5a38bbb0,RONDONIA,CACOAL,RO,Brasil,t,interior,1100049,86887,44292.79,1625.88,f,2026-08-01
77bc2d6c0763c7b3d6e798af7d8f221f,RONDONIA,CAMPO NOVO DE RONDONIA,RO,Brasil,t,interior,1100700,8844,51475.69,1004.63,f,2026-08-01
3c31e1058c24c3648eeefa2ed7b17a34,RONDONIA,CANDEIAS DO JAMARI,RO,Brasil,t,interior,1100809,22310,44895.11,927.05,f,2026-08-01
cae27efdea352116a2b3e291a400c5de,RONDONIA,CASTANHEIRAS,RO,Brasil,t,interior,1100908,3233,42868.54,1163.49,f,2026-08-01
591aec20fa1a3e39b15d318a5be8bfd6,RONDONIA,CEREJEIRAS,RO,Brasil,t,interior,1100056,15890,63334.74,1554.33,f,2026-08-01
dee55189c85515fcfb4ea0be3e01ddbc,RONDONIA,CHUPINGUAIA,RO,Brasil,t,interior,1100924,9324,72285.50,1275.25,f,2026-08-01
8ea7258006641ab0b7b7b9b2a6bb2e48,RONDONIA,COLORADO DO OESTE,RO,Brasil,t,interior,1100064,15663,37087.34,1666.54,f,2026-08-01
79ddbb8234124032c91fae0cfb5a1324,RONDONIA,CORUMBIARA,RO,Brasil,t,interior,1100072,7519,67770.45,1234.62,f,2026-08-01
a40d3c76ed910efd240bef70db71db34,RONDONIA,COSTA MARQUES,RO,Brasil,t,interior,1100080,12627,32782.37,1088.06,f,2026-08-01
9fe89a481807db10cef380bd61491100,RONDONIA,CUJUBIM,RO,Brasil,t,interior,1100940,14863,39167.60,1152.39,f,2026-08-01
11af06a51d5864a9b7d7ca23160c74e2,RONDONIA,ESPIGAO D'OESTE,RO,Brasil,t,interior,1100098,29414,34812.44,1371.66,f,2026-08-01
391ad200a2c57efcbf477e066f74bc4e,RONDONIA,GOVERNADOR JORGE TEIXEIRA,RO,Brasil,t,interior,1101005,8001,40010.37,943.98,f,2026-08-01
ce108ffe5352116296462c493a52a98e,RONDONIA,GUAJARA-MIRIM,RO,Brasil,t,interior,1100106,39387,29071.37,1035.94,f,2026-08-01
aa7d1e7f9cb4255127e683e6654bd381,RONDONIA,ITAPUA DO OESTE,RO,Brasil,t,interior,1101104,8548,39794.34,1014.42,f,2026-08-01
1a85d53f85b5dba13c6d945f8548b1b4,RONDONIA,JARU,RO,Brasil,t,interior,1100114,50591,49723.43,1406.29,f,2026-08-01
4cac4fc5ce6ef4f90fafeecb47c9bd3d,RONDONIA,JI-PARANA,RO,Brasil,t,interior,1100122,124333,46845.74,1437.55,f,2026-08-01
af7801246658f8e0b1ea0b9ae660f7b8,RONDONIA,MACHADINHO D'OESTE,RO,Brasil,t,interior,1100130,30707,34383.24,1047.39,f,2026-08-01
197b211a51c3876fc28572debe7dfd30,RONDONIA,MINISTRO ANDREAZZA,RO,Brasil,t,interior,1101203,6466,68091.87,1209.48,f,2026-08-01
4bb0a55387fcae2d9c62b53d2db6d863,RONDONIA,MIRANTE DA SERRA,RO,Brasil,t,interior,1101302,9235,41167.19,1199.72,f,2026-08-01
586732e3d8ad94f35b42dd997e816240,RONDONIA,MONTE NEGRO,RO,Brasil,t,interior,1101401,11548,45634.74,1241.80,f,2026-08-01
89dbf58ccefd007a083877fcbcf0e4b8,RONDONIA,NOVA BRASILANDIA D'OESTE,RO,Brasil,t,interior,1100148,15679,46683.59,981.78,f,2026-08-01
c2b67336f08542edd886e03a1f12d2fa,RONDONIA,NOVA MAMORE,RO,Brasil,t,interior,1100338,25444,41682.36,1152.19,f,2026-08-01
321136601dd9651b836fea151dd4a05c,RONDONIA,NOVA UNIAO,RO,Brasil,t,interior,1101435,6200,31218.87,920.17,f,2026-08-01
8f2875a484e48a021a2b46d05ff6d4e1,RONDONIA,NOVO HORIZONTE DO OESTE,RO,Brasil,t,interior,1100502,7667,43296.99,1102.33,f,2026-08-01
113aa8b97a0ef9241196d8fdd0779f7c,RONDONIA,OURO PRETO DO OESTE,RO,Brasil,t,interior,1100155,35044,36396.50,1389.04,f,2026-08-01
8311a64f06409f7f10246820e0804a05,RONDONIA,PARECIS,RO,Brasil,t,interior,1101450,4125,48850.91,1014.39,f,2026-08-01
c6b3622e076b8d62d0c7331d047c9ea9,RONDONIA,PIMENTA BUENO,RO,Brasil,t,interior,1100189,35079,60558.74,1389.70,f,2026-08-01
86a7843d9df76a1e104980d70d867d93,RONDONIA,PIMENTEIRAS DO OESTE,RO,Brasil,t,interior,1101468,2156,164742.58,911.62,f,2026-08-01
91577abb39aabea354514ab97f7adada,RONDONIA,PORTO VELHO,RO,Brasil,t,capital,1100205,460434,55170.11,1459.81,f,2026-08-01
2b1846c889a3e4e05f6b62108a53b977,RONDONIA,PRESIDENTE MEDICI,RO,Brasil,t,interior,1100254,19327,40165.62,1164.63,f,2026-08-01
6fb7ec3177a28321bec6f7aeab1a0ea3,RONDONIA,PRIMAVERA DE RONDONIA,RO,Brasil,t,interior,1101476,3076,42650.52,919.32,f,2026-08-01
07c7c8fc21a9106a74252fbfbd1bc52c,RONDONIA,RIO CRESPO,RO,Brasil,t,interior,1100262,3471,76392.97,1244.38,f,2026-08-01
fff3958abfbffb4bda6a1b40a1aeafd2,RONDONIA,ROLIM DE MOURA,RO,Brasil,t,interior,1100288,56406,40556.52,1446.88,f,2026-08-01
a2f1d53ef8742e94e1a0cf80a553de62,RONDONIA,SANTA LUZIA D'OESTE,RO,Brasil,t,interior,1100296,7419,39343.17,1110.56,f,2026-08-01
5db4cf696173151798c4d1a8b2e0d7ba,RONDONIA,SAO FELIPE D'OESTE,RO,Brasil,t,interior,1101484,5258,33835.30,1362.82,f,2026-08-01
48fa401dc0b7ce82ba7a81267b6ad062,RONDONIA,SAO FRANCISCO DO GUAPORE,RO,Brasil,t,interior,1101492,16286,43989.38,1172.03,f,2026-08-01
8cdf1513737b870fd9d6e4dbad1c29f1,RONDONIA,SAO MIGUEL DO GUAPORE,RO,Brasil,t,interior,1100320,21635,71605.82,1303.07,f,2026-08-01
93b6a830477e415080d67a0337814312,RONDONIA,SERINGUEIRAS,RO,Brasil,t,interior,1101500,11171,40014.05,1027.63,f,2026-08-01
663a321720782dc16d087729fc89e245,RONDONIA,TEIXEIROPOLIS,RO,Brasil,t,interior,1101559,4256,36754.23,1179.05,f,2026-08-01
07ffc5dcd2f5ceb12ec506b3ec5577ba,RONDONIA,THEOBROMA,RO,Brasil,t,interior,1101609,8113,37933.44,1102.84,f,2026-08-01
420f9665836d53dfe5522019939a4f9d,RONDONIA,URUPA,RO,Brasil,t,interior,1101708,10725,34518.79,1121.21,f,2026-08-01
340d82991e9758def12d5a4c1f55d546,RONDONIA,VALE DO ANARI,RO,Brasil,t,interior,1101757,7788,33039.42,1095.38,f,2026-08-01
40292c2b52f0fc57889832e24eced8ed,RONDONIA,VALE DO PARAISO,RO,Brasil,t,interior,1101807,6479,34756.44,1218.98,f,2026-08-01
7bc9beba08ed093b652cd55087c4d3b5,RONDONIA,VILHENA,RO,Brasil,t,interior,1100304,95832,53382.85,1650.51,f,2026-08-01
8bfd81d9f12f5cf34b80029adf5d6fa3,RORAIMA,ALTO ALEGRE,RR,Brasil,t,interior,1400050,21096,38042.28,467.63,f,2026-08-01
b7e851bd58541294691fe134f6433648,RORAIMA,AMAJARI,RR,Brasil,t,interior,1400027,13927,23630.36,493.70,f,2026-08-01
87d41f6a86df84730cf948b3dbf87fdf,RORAIMA,BOA VISTA,RR,Brasil,t,capital,1400100,413486,44098.64,1399.00,f,2026-08-01
c4c0e8415b2d3101fff6d6e8456c6dc1,RORAIMA,BONFIM,RR,Brasil,t,interior,1400159,13923,55512.68,583.73,f,2026-08-01
e8b5ddc5b212025679de9b8fcbd180d8,RORAIMA,CANTA,RR,Brasil,t,interior,1400175,18682,26677.76,787.97,f,2026-08-01
0a7ceafffc9730e7f0294585c53d9ddd,RORAIMA,CARACARAI,RR,Brasil,t,interior,1400209,20957,30417.24,714.44,f,2026-08-01
1b2b2958774c80b49b751faff3334183,RORAIMA,CAROEBE,RR,Brasil,t,interior,1400233,10656,29783.88,917.60,f,2026-08-01
6452ca6f2e046d78ac80ee2f82e82a26,RORAIMA,IRACEMA,RR,Brasil,t,interior,1400282,10023,27891.75,781.65,f,2026-08-01
79871c0e38410b11505b95f19f7a47e2,RORAIMA,MUCAJAI,RR,Brasil,t,interior,1400308,18095,30508.10,809.57,f,2026-08-01
695e8b611e9f0f530f3628b5a9aa675e,RORAIMA,NORMANDIA,RR,Brasil,t,interior,1400407,13986,26523.38,486.61,f,2026-08-01
f06f4b0fab73beeab28b014560abb29b,RORAIMA,PACARAIMA,RR,Brasil,t,interior,1400456,19305,23176.43,578.04,f,2026-08-01
5af7b010dea6c0b41f87c4080866edfd,RORAIMA,RORAINOPOLIS,RR,Brasil,t,interior,1400472,32647,30049.93,831.40,f,2026-08-01
a5556d3f741d4396cb57cd47471b59cb,RORAIMA,SAO JOAO DA BALIZA,RR,Brasil,t,interior,1400506,8858,48070.56,895.80,f,2026-08-01
45d890a8a5bd669f1c1143bf9e3bec19,RORAIMA,SAO LUIZ,RR,Brasil,t,interior,,,,,,2026-08-01
00b5757b18b4f0e622024d713104c639,RORAIMA,UIRAMUTA,RR,Brasil,t,interior,1400704,13751,18504.33,288.65,f,2026-08-01
1b26918bdbe79b32f35ed4b677a42e17,SANTA CATARINA,ABDON BATISTA,SC,Brasil,t,interior,4200051,2598,44643.96,2127.38,f,2026-08-01
253e0047537322931cf35b480cd45827,SANTA CATARINA,ABELARDO LUZ,SC,Brasil,t,interior,4200101,17392,62434.34,1685.84,f,2026-08-01
08a606ea8fd35655772ca74d43b37285,SANTA CATARINA,AGROLANDIA,SC,Brasil,t,interior,4200200,10990,45141.95,1683.01,f,2026-08-01
f103ca9a49cd6d9c6732f1b537ff036c,SANTA CATARINA,AGRONOMICA,SC,Brasil,t,interior,4200309,6055,46144.67,2206.89,f,2026-08-01
674024bd93b609851d71bf8bc366f6b2,SANTA CATARINA,AGUA DOCE,SC,Brasil,t,interior,4200408,6508,114906.58,2200.72,f,2026-08-01
e21451cfcabbe6867c21a7ca96d2c6da,SANTA CATARINA,AGUAS DE CHAPECO,SC,Brasil,t,interior,4200507,6036,39866.30,1626.84,f,2026-08-01
74172664303a977232a1115a80ae09f9,SANTA CATARINA,AGUAS FRIAS,SC,Brasil,t,interior,4200556,2839,64576.26,2175.45,f,2026-08-01
048b6b6aa3e8dd32e3b8b5aee9bc2021,SANTA CATARINA,AGUAS MORNAS,SC,Brasil,t,interior,4200606,6743,41790.30,1876.74,f,2026-08-01
d5d34b11f788b7a999f7402776cab283,SANTA CATARINA,ALFREDO WAGNER,SC,Brasil,t,interior,4200705,10481,39575.14,1625.18,f,2026-08-01
7c1fbeca344ff78ff825bcd40e6f8be2,SANTA CATARINA,ALTO BELA VISTA,SC,Brasil,t,interior,4200754,1856,50653.02,2513.02,f,2026-08-01
fe5549207f3bab6bcebf629b6ea9fb7b,SANTA CATARINA,ANCHIETA,SC,Brasil,t,interior,4200804,5943,43982.00,2515.03,f,2026-08-01
45215a841c18bba5aa953630bd1f9db5,SANTA CATARINA,ANGELINA,SC,Brasil,t,interior,4200903,5358,35883.17,1380.10,f,2026-08-01
328cbf89583230fa4422e02ae1f272c2,SANTA CATARINA,ANITA GARIBALDI,SC,Brasil,t,interior,4201000,8285,30354.98,1468.32,f,2026-08-01
071393e81baff69fede358cc63764da5,SANTA CATARINA,ANITAPOLIS,SC,Brasil,t,interior,4201109,3593,32675.48,1642.76,f,2026-08-01
d53d50a8441185b409255a156e0f3f36,SANTA CATARINA,ANTONIO CARLOS,SC,Brasil,t,interior,4201208,11224,103625.45,1801.02,f,2026-08-01
502729d5da48035da93510974342a56e,SANTA CATARINA,APIUNA,SC,Brasil,t,interior,4201257,9811,52044.64,1835.23,f,2026-08-01
eb04fd1c0cce9feab17bada9524c373d,SANTA CATARINA,ARABUTA,SC,Brasil,t,interior,4201273,4378,91494.06,2056.91,f,2026-08-01
f11c682cc629e5bc42715e09bc6e9ca7,SANTA CATARINA,ARAQUARI,SC,Brasil,t,interior,4201307,45283,218625.97,1494.49,f,2026-08-01
5540ee111e396dee6f7a6b08273bc2c7,SANTA CATARINA,ARARANGUA,SC,Brasil,t,interior,4201406,71922,42033.04,1922.77,f,2026-08-01
21095427d2cc3deba3073d66488d833a,SANTA CATARINA,ARMAZEM,SC,Brasil,t,interior,4201505,8834,38902.88,2061.11,f,2026-08-01
b852542a52fde681d5365b3aefb61142,SANTA CATARINA,ARROIO TRINTA,SC,Brasil,t,interior,4201604,3556,43390.61,2168.63,f,2026-08-01
c5dfe34171bd423523110ec4d1aa2e8c,SANTA CATARINA,ARVOREDO,SC,Brasil,t,interior,4201653,2510,77525.10,2237.43,f,2026-08-01
686cc169039216fb8352d80fad1145b8,SANTA CATARINA,ASCURRA,SC,Brasil,t,interior,4201703,8319,37889.41,1713.62,f,2026-08-01
02b0cca9ca61782211f6b9960ebd7f97,SANTA CATARINA,ATALANTA,SC,Brasil,t,interior,4201802,3227,45477.22,2095.50,f,2026-08-01
d56ef002582cf14a0339dea548b39759,SANTA CATARINA,AURORA,SC,Brasil,t,interior,4201901,6780,69027.73,2233.37,f,2026-08-01
6ae0b73cb790c4ff882ac2be006a5342,SANTA CATARINA,BALNEARIO ARROIO DO SILVA,SC,Brasil,t,interior,4201950,15820,19096.14,1530.60,f,2026-08-01
a4c9c9310c429dc98208f47bfb9a15c2,SANTA CATARINA,BALNEARIO BARRA DO SUL,SC,Brasil,t,interior,4202057,14912,21567.13,1709.56,f,2026-08-01
df4a3e362a1c7bbe68200d40592adcda,SANTA CATARINA,BALNEARIO CAMBORIU,SC,Brasil,t,interior,4202008,139155,64707.51,3583.85,f,2026-08-01
7c2761ab46417bd5506ce5ef60d7d524,SANTA CATARINA,BALNEARIO DE PICARRAS,SC,Brasil,t,interior,,,,,,2026-08-01
fe95475c9b24479a475a9d4582207284,SANTA CATARINA,BALNEARIO GAIVOTA,SC,Brasil,t,interior,4202073,15669,19712.11,1743.57,f,2026-08-01
6c415d5970d9d0ebda997718919d1edc,SANTA CATARINA,BALNEARIO RINCAO,SC,Brasil,t,interior,4220000,15981,26294.22,1651.68,f,2026-08-01
14f0b7880af6e289be9500b135c4bf32,SANTA CATARINA,BANDEIRANTE,SC,Brasil,t,interior,4202081,3144,41418.58,1849.34,f,2026-08-01
2ed0b844b6af9f74d60e3efce5f4c159,SANTA CATARINA,BARRA BONITA,SC,Brasil,t,interior,4202099,1668,39691.85,2909.71,f,2026-08-01
088fb5bd138a60da696e96b8039a9bc3,SANTA CATARINA,BARRA VELHA,SC,Brasil,t,interior,4202107,45369,54409.51,1670.39,f,2026-08-01
b825584d8e0d24f992edc2ecf39f91e4,SANTA CATARINA,BELA VISTA DO TOLDO,SC,Brasil,t,interior,4202131,5872,47298.19,1195.56,f,2026-08-01
b94789dcf7365069e7f6cd4d7ecb20cb,SANTA CATARINA,BELMONTE,SC,Brasil,t,interior,4202156,2658,32373.97,1798.71,f,2026-08-01
b354dc1c5ad8a5be2f6a99726cdcc07f,SANTA CATARINA,BENEDITO NOVO,SC,Brasil,t,interior,4202206,10520,47226.62,1654.16,f,2026-08-01
bf2e672692c131b9fe9b62023697f74a,SANTA CATARINA,BIGUACU,SC,Brasil,t,interior,4202305,76773,45892.67,1899.63,f,2026-08-01
8a8062b8f3f085a5be3f0c2a6ec1ea5f,SANTA CATARINA,BLUMENAU,SC,Brasil,t,interior,4202404,361261,68847.51,2633.68,f,2026-08-01
5ec8ad3f745e689432e57d162059e838,SANTA CATARINA,BOCAINA DO SUL,SC,Brasil,t,interior,4202438,3515,41275.68,1561.31,f,2026-08-01
f2f2b23dd09260c56638cba220c08996,SANTA CATARINA,BOM JARDIM DA SERRA,SC,Brasil,t,interior,4202503,4026,84150.02,1591.86,f,2026-08-01
4132f2e48967a956b4ec2a45b4ed0c01,SANTA CATARINA,BOM JESUS,SC,Brasil,t,interior,4202537,2777,67645.66,1602.98,f,2026-08-01
2e881d19c5b7f064af7a86e2fe2c5b45,SANTA CATARINA,BOM JESUS DO OESTE,SC,Brasil,t,interior,4202578,2187,47358.02,2347.75,f,2026-08-01
779e7fd10d6b964075f1485044864216,SANTA CATARINA,BOM RETIRO,SC,Brasil,t,interior,4202602,8418,53987.88,1710.21,f,2026-08-01
bbc0062b7dc2e8589351ef3783ef290b,SANTA CATARINA,BOMBINHAS,SC,Brasil,t,interior,4202453,25058,47045.57,1964.03,f,2026-08-01
1cfa27cf63dac378f3cc8a70fab9aad0,SANTA CATARINA,BOTUVERA,SC,Brasil,t,interior,4202701,5363,103335.63,1804.04,f,2026-08-01
e4bc6cf41cf536bf48f3385dda310d25,SANTA CATARINA,BRACO DO NORTE,SC,Brasil,t,interior,4202800,33773,65020.43,1873.21,f,2026-08-01
fca82355bada5e0e48902d33366c4f2c,SANTA CATARINA,BRACO DO TROMBUDO,SC,Brasil,t,interior,4202859,4026,68011.92,1932.61,f,2026-08-01
b5538f9cb8d61d7f19769b746a7bf6a0,SANTA CATARINA,BRUNOPOLIS,SC,Brasil,t,interior,4202875,2489,57760.55,1449.82,f,2026-08-01
79ee36ac58918af4af35084ae0b96768,SANTA CATARINA,BRUSQUE,SC,Brasil,t,interior,4202909,141385,78307.71,2235.17,f,2026-08-01
7aa712c94a02185f77d437cd07d74483,SANTA CATARINA,CACADOR,SC,Brasil,t,interior,4203006,73720,72913.20,1873.80,f,2026-08-01
32e6d061c708646427a67d5d6b4b5fcb,SANTA CATARINA,CAIBI,SC,Brasil,t,interior,4203105,6304,60600.73,2564.39,f,2026-08-01
a22ae5e5eefa04df47a0b40547cefdff,SANTA CATARINA,CALMON,SC,Brasil,t,interior,4203154,3443,39260.24,1031.92,f,2026-08-01
d75193a4e9c4751a481b97d5d8e622f3,SANTA CATARINA,CAMBORIU,SC,Brasil,t,interior,4203204,103074,26227.55,1838.18,f,2026-08-01
c4f61d815d5ad3deabd0f235909ea7fa,SANTA CATARINA,CAMPO ALEGRE,SC,Brasil,t,interior,4203303,12501,69807.62,1633.87,f,2026-08-01
a9a42b37425843359fae56df7813ba0b,SANTA CATARINA,CAMPO BELO DO SUL,SC,Brasil,t,interior,4203402,7257,55322.59,1293.18,f,2026-08-01
373af4eb48259c2f78e106c1a0d1b548,SANTA CATARINA,CAMPO ERE,SC,Brasil,t,interior,4203501,9623,55296.58,1921.14,f,2026-08-01
f662064f3f4eb8879e256368f19bf5df,SANTA CATARINA,CAMPOS NOVOS,SC,Brasil,t,interior,4203600,36932,93600.51,1809.20,f,2026-08-01
cbf0bcb1c9f5fe8ee58ab41b423d4ee9,SANTA CATARINA,CANELINHA,SC,Brasil,t,interior,4203709,12821,32190.00,1639.81,f,2026-08-01
9eabc5bb979108b98770dc5fd37df2c5,SANTA CATARINA,CANOINHAS,SC,Brasil,t,interior,4203808,55016,50160.83,1821.76,f,2026-08-01
9bea6ceb5d27b4fe6de55210ce0adc76,SANTA CATARINA,CAPAO ALTO,SC,Brasil,t,interior,4203253,2625,107351.62,1338.98,f,2026-08-01
58faa33043e230e383d0eb929d0105a0,SANTA CATARINA,CAPINZAL,SC,Brasil,t,interior,4203907,23314,63590.72,1812.66,f,2026-08-01
183a9756f71f8224d1b3c58e84a30102,SANTA CATARINA,CAPIVARI DE BAIXO,SC,Brasil,t,interior,4203956,23975,28739.06,1711.32,f,2026-08-01
2c78165b5a576f365e25cf6b9c59e066,SANTA CATARINA,CATANDUVAS,SC,Brasil,t,interior,4204004,10566,64036.63,1900.84,f,2026-08-01
db0759f610ec0e0bb49302b6dfc8c836,SANTA CATARINA,CAXAMBU DO SUL,SC,Brasil,t,interior,4204103,4614,53824.01,2494.40,f,2026-08-01
2af14b78bf95fa25568169086d77a5d4,SANTA CATARINA,CELSO RAMOS,SC,Brasil,t,interior,4204152,2805,34398.22,1552.72,f,2026-08-01
cd27cfb72e4d80d6a19112d6fd6c6cdf,SANTA CATARINA,CERRO NEGRO,SC,Brasil,t,interior,4204178,3317,45912.87,1203.24,f,2026-08-01
072c22b041b7a302a92f805a777d2362,SANTA CATARINA,CHAPADAO DO LAGEADO,SC,Brasil,t,interior,4204194,2950,49869.49,1770.31,t,2026-08-01
610dbe114c7f399dae3fc57c3cb7d89b,SANTA CATARINA,CHAPECO,SC,Brasil,t,interior,4204202,254785,69153.54,2385.86,f,2026-08-01
71c9f42d0247e316b979154f4c1f9f6d,SANTA CATARINA,COCAL DO SUL,SC,Brasil,t,interior,4204251,17240,62930.97,2094.01,f,2026-08-01
3333e90b1f40b80d957cb73a1060698d,SANTA CATARINA,CONCORDIA,SC,Brasil,t,interior,4204301,81646,67491.27,2277.94,f,2026-08-01
8376161b72f3f4c1062897cbb092f4e7,SANTA CATARINA,CORDILHEIRA ALTA,SC,Brasil,t,interior,4204350,4781,110687.72,2130.12,f,2026-08-01
8f9d1a849179511eabe706bcc5e64dd7,SANTA CATARINA,CORONEL FREITAS,SC,Brasil,t,interior,4204400,10388,46649.31,2249.78,f,2026-08-01
c3d1641e3502ffd0c000656bac66d26d,SANTA CATARINA,CORONEL MARTINS,SC,Brasil,t,interior,4204459,2065,36203.87,2083.12,f,2026-08-01
4796be51eb7b6f447a0e51c4cc65af42,SANTA CATARINA,CORREIA PINTO,SC,Brasil,t,interior,4204558,15727,48533.22,1531.40,f,2026-08-01
5f6aae08e11ca358a3e7f2dba5f85cb1,SANTA CATARINA,CORUPA,SC,Brasil,t,interior,4204509,15267,69139.52,1989.39,f,2026-08-01
fc73568c52036e2fb2199e8525cf1597,SANTA CATARINA,CRICIUMA,SC,Brasil,t,interior,4204608,214493,57528.91,2235.77,f,2026-08-01
1ac54cb7cdd61e2e2c3f53dd1079a5f1,SANTA CATARINA,CUNHA PORA,SC,Brasil,t,interior,4204707,10953,99518.94,2191.07,f,2026-08-01
6dcc9f1f928c9f48230bca60e2d6b60b,SANTA CATARINA,CUNHATAI,SC,Brasil,t,interior,4204756,1968,54284.04,2169.22,f,2026-08-01
f9c919f5ae2d4813b20c453f04d41409,SANTA CATARINA,CURITIBANOS,SC,Brasil,t,interior,4204806,40045,50040.90,1806.18,f,2026-08-01
83609dbe29124be98ee6f4bd8e766ee2,SANTA CATARINA,DESCANSO,SC,Brasil,t,interior,4204905,8530,44797.30,2412.49,f,2026-08-01
1d27ef2d54394314525ab4cc7b249c2b,SANTA CATARINA,DIONISIO CERQUEIRA,SC,Brasil,t,interior,4205001,15008,44963.55,2292.36,f,2026-08-01
1d0c911971a96dc37d703379e16f5c24,SANTA CATARINA,DONA EMMA,SC,Brasil,t,interior,4205100,4221,43697.70,1899.35,f,2026-08-01
6333c09bd9468261e919f288cb753a25,SANTA CATARINA,DOUTOR PEDRINHO,SC,Brasil,t,interior,4205159,3637,50599.95,1771.60,f,2026-08-01
4bb8e3c9aeb5c32c03463da6006dcb25,SANTA CATARINA,ENTRE RIOS,SC,Brasil,t,interior,4205175,3402,22334.22,1241.72,f,2026-08-01
fe2dea6ce16fe7ad1db784217cb42637,SANTA CATARINA,ERMO,SC,Brasil,t,interior,4205191,2269,106323.05,1847.57,f,2026-08-01
5d9b8b8cd78041e5543f6716be13af28,SANTA CATARINA,ERVAL VELHO,SC,Brasil,t,interior,4205209,4885,51827.84,1649.61,f,2026-08-01
f0b0e8d9c4ca8b67cc42ac4b6cbd6f93,SANTA CATARINA,FAXINAL DOS GUEDES,SC,Brasil,t,interior,4205308,11192,75534.94,1884.75,f,2026-08-01
4786a05388741908d3ef4c49686233dd,SANTA CATARINA,FLOR DO SERTAO,SC,Brasil,t,interior,4205357,1783,53647.22,2168.65,f,2026-08-01
a9a5c4cfe10ca61518e085f6b1f7cf11,SANTA CATARINA,FLORIANOPOLIS,SC,Brasil,t,capital,4205407,537211,58059.37,3636.13,f,2026-08-01
932a94db84073cc1127b6e8ad8b08f74,SANTA CATARINA,FORMOSA DO SUL,SC,Brasil,t,interior,4205431,2682,39076.44,2102.36,f,2026-08-01
a01ab4d2858184bb328ccb3aaba2d99f,SANTA CATARINA,FORQUILHINHA,SC,Brasil,t,interior,4205456,31431,48548.38,1664.12,f,2026-08-01
0c8d77ea6cac1f3a833ea6b55347858b,SANTA CATARINA,FRAIBURGO,SC,Brasil,t,interior,4205506,33481,47675.19,1714.52,f,2026-08-01
0553a0ca8fe60e5537dc691465b9478e,SANTA CATARINA,FREI ROGERIO,SC,Brasil,t,interior,4205555,2411,47411.86,1788.63,f,2026-08-01
f41c80a15093e2d30555c4d6c0db0782,SANTA CATARINA,GALVAO,SC,Brasil,t,interior,4205605,3210,49811.21,2170.52,f,2026-08-01
7382242dc76fe83e81346d884cc77271,SANTA CATARINA,GAROPABA,SC,Brasil,t,interior,4205704,29959,33556.13,2120.74,f,2026-08-01
a3c7d7407615c37e536094cff8b06b87,SANTA CATARINA,GARUVA,SC,Brasil,t,interior,4205803,18545,106877.27,1603.44,f,2026-08-01
b26af1f8a2e21932a16ce8ecfe26df62,SANTA CATARINA,GASPAR,SC,Brasil,t,interior,4205902,72570,69711.30,2016.67,f,2026-08-01
6feb955078bfa470986343dab631da50,SANTA CATARINA,GOVERNADOR CELSO RAMOS,SC,Brasil,t,interior,4206009,16915,39118.95,1823.64,f,2026-08-01
2430be8ecbf6bd86858a1b89e05c892c,SANTA CATARINA,GRAO PARA,SC,Brasil,t,interior,,,,,,2026-08-01
b220128e2b9256bfabb67653a58dd0f9,SANTA CATARINA,GRAVATAL,SC,Brasil,t,interior,4206207,12435,36749.58,1841.83,f,2026-08-01
a004afc8c670d970ea5dfc79f1ff69a6,SANTA CATARINA,GUABIRUBA,SC,Brasil,t,interior,4206306,24543,60814.29,1933.97,f,2026-08-01
c0c421157cf24f3771340b96f2d87cb2,SANTA CATARINA,GUARACIABA,SC,Brasil,t,interior,4206405,10796,56991.29,2834.02,f,2026-08-01
af526b2f3c76fe647672df232922c397,SANTA CATARINA,GUARAMIRIM,SC,Brasil,t,interior,4206504,46711,67152.28,1850.72,f,2026-08-01
89bb82289ea37b079d2b89ba07c52f53,SANTA CATARINA,GUARUJA DO SUL,SC,Brasil,t,interior,4206603,4829,54445.64,2492.22,f,2026-08-01
983b1df380fa1a4348457cf30619fd83,SANTA CATARINA,GUATAMBU,SC,Brasil,t,interior,4206652,8425,73303.86,1858.24,f,2026-08-01
59b5137e429d43d9c24d49c6a342a921,SANTA CATARINA,HERVAL D'OESTE,SC,Brasil,t,interior,4206702,21724,33305.19,1922.35,f,2026-08-01
0017cfdb108625305defdfcec7f52a86,SANTA CATARINA,IBIAM,SC,Brasil,t,interior,4206751,2008,45165.84,2299.32,f,2026-08-01
842a02c6493a767fdcd569b1b5a3ce15,SANTA CATARINA,IBICARE,SC,Brasil,t,interior,4206801,3269,53332.52,1917.72,f,2026-08-01
e93d77e61c054dedef8a55305689e05e,SANTA CATARINA,IBIRAMA,SC,Brasil,t,interior,4206900,19862,38988.77,2075.03,f,2026-08-01
26e3171f3952d836d7f201f80e866e9d,SANTA CATARINA,ICARA,SC,Brasil,t,interior,4207007,59035,82633.59,1976.00,f,2026-08-01
6e278f9ec0ffaed1f2a14bbe04733928,SANTA CATARINA,ILHOTA,SC,Brasil,t,interior,4207106,17046,69846.59,1724.10,f,2026-08-01
dfe141c274585c4e49963ee11f9e0b4d,SANTA CATARINA,IMARUI,SC,Brasil,t,interior,4207205,11881,26999.41,1397.34,f,2026-08-01
a007450ec6a39e028a6ce6a53ca117fe,SANTA CATARINA,IMBITUBA,SC,Brasil,t,interior,4207304,52579,61824.84,1867.08,f,2026-08-01
096638c68d68f362da1270fd84fc84d9,SANTA CATARINA,IMBUIA,SC,Brasil,t,interior,4207403,5982,53400.37,1900.55,f,2026-08-01
6464b267a033e3852372d1ba3b7a08a5,SANTA CATARINA,INDAIAL,SC,Brasil,t,interior,4207502,71549,62680.37,1941.73,f,2026-08-01
ef0edeea6e8444c561820a9487a8affe,SANTA CATARINA,IOMERE,SC,Brasil,t,interior,4207577,2877,132563.09,2700.40,f,2026-08-01
c849da8694dcc9004b2d10e14538e4aa,SANTA CATARINA,IPIRA,SC,Brasil,t,interior,4207601,4578,29487.77,2074.85,f,2026-08-01
2bb246ce3315cadf623548584b2715fd,SANTA CATARINA,IPORA DO OESTE,SC,Brasil,t,interior,4207650,9335,52091.48,2584.82,f,2026-08-01
1fa2f02f370e0b73d9f4b1caaa3c524c,SANTA CATARINA,IPUACU,SC,Brasil,t,interior,4207684,7730,56390.69,1290.53,f,2026-08-01
c8221be28ef7680868fd61aa29a53524,SANTA CATARINA,IPUMIRIM,SC,Brasil,t,interior,4207700,7816,72263.05,2372.79,f,2026-08-01
1aa6cbc6abffae223aa5f733490e6cdf,SANTA CATARINA,IRACEMINHA,SC,Brasil,t,interior,4207759,3986,64958.10,2149.25,t,2026-08-01
1e0a9107e36e7fbef63a38f024f97b1d,SANTA CATARINA,IRANI,SC,Brasil,t,interior,4207809,10195,33330.36,1801.71,f,2026-08-01
da818466a1f90d9b1d45b5c48dd1bf1b,SANTA CATARINA,IRATI,SC,Brasil,t,interior,4207858,2069,37970.03,2193.15,f,2026-08-01
de055b2de6fe42b4116655da638abfec,SANTA CATARINA,IRINEOPOLIS,SC,Brasil,t,interior,4207908,10285,61879.05,1443.53,f,2026-08-01
d06b64c3d628d2b6a9c13959758ab5e0,SANTA CATARINA,ITA,SC,Brasil,t,interior,4208005,7067,77857.93,2845.16,f,2026-08-01
72a1a7e61c58ef3b7dbd80a1041f9e0f,SANTA CATARINA,ITAIOPOLIS,SC,Brasil,t,interior,4208104,22051,63700.60,1585.77,f,2026-08-01
3f23de7dcd880ba78fc24fb51334ca2b,SANTA CATARINA,ITAJAI,SC,Brasil,t,interior,4208203,264054,182522.93,2365.70,f,2026-08-01
3ebf13db2991300d9724373f18f946dc,SANTA CATARINA,ITAPEMA,SC,Brasil,t,interior,4208302,75940,50035.95,2579.53,f,2026-08-01
16a669917d4ee52efc8a611ab44582d5,SANTA CATARINA,ITAPIRANGA,SC,Brasil,t,interior,4208401,16638,82338.56,2634.98,f,2026-08-01
dfb4a1a27d4fd730c45b34a27286674c,SANTA CATARINA,ITAPOA,SC,Brasil,t,interior,4208450,30750,64736.62,1795.93,f,2026-08-01
0fb7073a72ac5eaa914fa1d5545e179a,SANTA CATARINA,ITUPORANGA,SC,Brasil,t,interior,4208500,26525,59028.95,2112.88,f,2026-08-01
04ff69e437ddc7d2607a6d15fdf94807,SANTA CATARINA,JABORA,SC,Brasil,t,interior,4208609,4310,54981.44,2085.55,f,2026-08-01
dd312e849f12a30e46eb37b312a6ee95,SANTA CATARINA,JACINTO MACHADO,SC,Brasil,t,interior,4208708,10624,69047.63,1613.26,f,2026-08-01
90cd1229563dc88806b6ce6c6ff2083c,SANTA CATARINA,JAGUARUNA,SC,Brasil,t,interior,4208807,20375,43552.69,1851.84,f,2026-08-01
8b4b02858b32de96c72f301e2c50bfc2,SANTA CATARINA,JARAGUA DO SUL,SC,Brasil,t,interior,4208906,182660,84907.82,2341.61,f,2026-08-01
c318adecca3891ab6a942b0ea93799a2,SANTA CATARINA,JARDINOPOLIS,SC,Brasil,t,interior,4208955,1776,46649.21,2584.16,f,2026-08-01
c165d7de28782366c322ad951c6bb85b,SANTA CATARINA,JOACABA,SC,Brasil,t,interior,4209003,30146,91372.45,2837.07,f,2026-08-01
133d5b6cdc71bcbd02295e70cb30b8ce,SANTA CATARINA,JOINVILLE,SC,Brasil,t,interior,4209102,616317,80828.34,2260.92,f,2026-08-01
e6f154242ea95da1822fc76dfc304192,SANTA CATARINA,JOSE BOITEUX,SC,Brasil,t,interior,4209151,5985,28700.42,1488.38,f,2026-08-01
5a3e5f76d2317704e9763bd0856c2be3,SANTA CATARINA,JUPIA,SC,Brasil,t,interior,4209177,2555,43052.45,2527.58,f,2026-08-01
49045b8d3172ae490c4418fe2c5f2683,SANTA CATARINA,LACERDOPOLIS,SC,Brasil,t,interior,4209201,2248,83000.00,2588.10,f,2026-08-01
e0db53f9a2e6861c1288d6c4c9a1f927,SANTA CATARINA,LAGEADO GRANDE,SC,Brasil,t,interior,,,,,,2026-08-01
f4ebc3b32eb902412f4b7ec2b0a35527,SANTA CATARINA,LAGES,SC,Brasil,t,interior,4209300,164981,50561.28,2029.41,f,2026-08-01
90963bd816e8e9b48aec5b553d7c4225,SANTA CATARINA,LAGUNA,SC,Brasil,t,interior,4209409,42785,32818.74,1700.15,f,2026-08-01
c9ed40837d31935bffd57f918af46a0a,SANTA CATARINA,LAURENTINO,SC,Brasil,t,interior,4209508,7932,67607.29,2054.57,f,2026-08-01
982e89e776a617052c0f184021699f60,SANTA CATARINA,LAURO MULLER,SC,Brasil,t,interior,4209607,14381,33497.67,1957.24,f,2026-08-01
50fe45a94015649936c240a6b514b76f,SANTA CATARINA,LEBON REGIS,SC,Brasil,t,interior,4209706,11472,40683.75,1252.95,f,2026-08-01
76e93d8af18c1013a4cf5dba34de0920,SANTA CATARINA,LEOBERTO LEAL,SC,Brasil,t,interior,4209805,3330,50937.54,1675.05,f,2026-08-01
bd42a28707c2b7e181b913ddcaaa32bf,SANTA CATARINA,LINDOIA DO SUL,SC,Brasil,t,interior,4209854,4549,44191.25,1702.86,f,2026-08-01
9e01200fd2cb46a62d0ad1ed2aa11a74,SANTA CATARINA,LONTRAS,SC,Brasil,t,interior,4209904,12873,45054.53,1799.95,f,2026-08-01
643422689669a3a279941e32310e1d2a,SANTA CATARINA,LUIZ ALVES,SC,Brasil,t,interior,4210001,11684,97401.75,1830.61,f,2026-08-01
b93c04b5fe830de6d13219c772d31961,SANTA CATARINA,LUZERNA,SC,Brasil,t,interior,4210035,5794,59770.28,2502.26,f,2026-08-01
81714a7a98584ebc91821ef333ed9cee,SANTA CATARINA,MACIEIRA,SC,Brasil,t,interior,4210050,1778,39374.58,1809.53,f,2026-08-01
8a110bf1d8fc829dfeb6d35b45b1b3ee,SANTA CATARINA,MAFRA,SC,Brasil,t,interior,4210100,55286,59631.95,1806.38,f,2026-08-01
5dd5e7c92c8ba5f93c20950965476aef,SANTA CATARINA,MAJOR GERCINO,SC,Brasil,t,interior,4210209,3214,26905.41,1622.58,f,2026-08-01
239429bc55cfbd49e4dde00d760b7df6,SANTA CATARINA,MAJOR VIEIRA,SC,Brasil,t,interior,4210308,7425,56189.76,1244.76,f,2026-08-01
77885dcc24ef55e8cb5f1f437dc07616,SANTA CATARINA,MARACAJA,SC,Brasil,t,interior,4210407,7815,45472.17,1861.57,f,2026-08-01
06f503a3ec5bfc6b11a06385bfb97f42,SANTA CATARINA,MARAVILHA,SC,Brasil,t,interior,4210506,28251,88464.94,2146.03,f,2026-08-01
614d9f3920f6cf961c8c749efbed86ab,SANTA CATARINA,MAREMA,SC,Brasil,t,interior,4210555,2184,50940.93,3440.45,f,2026-08-01
cb115675eea189c74a9af1d9e15ec1ba,SANTA CATARINA,MASSARANDUBA,SC,Brasil,t,interior,4210605,17162,61193.98,1903.58,f,2026-08-01
72351f8f639778154f5277e5ecd91c04,SANTA CATARINA,MATOS COSTA,SC,Brasil,t,interior,4210704,2761,28165.16,1198.14,f,2026-08-01
94d3bf293aa141849c5574539091ed44,SANTA CATARINA,MELEIRO,SC,Brasil,t,interior,4210803,7006,66987.72,1822.00,f,2026-08-01
ea147df3a43e2a6f3f00992b4207c6e3,SANTA CATARINA,MIRIM DOCE,SC,Brasil,t,interior,4210852,2511,42587.42,1380.51,f,2026-08-01
c2613a91593855480c12cafb66f380ad,SANTA CATARINA,MODELO,SC,Brasil,t,interior,4210902,4080,49842.16,2525.48,f,2026-08-01
e04c4b8fd3ada61c0df75ad6ece75b1f,SANTA CATARINA,MONDAI,SC,Brasil,t,interior,4211009,10066,124112.56,2163.03,f,2026-08-01
62b3d8557a19ad3407a62689b2e1d557,SANTA CATARINA,MONTE CARLO,SC,Brasil,t,interior,4211058,9117,35651.31,1157.98,f,2026-08-01
eccb01007c70b2739eb73802234a9913,SANTA CATARINA,MONTE CASTELO,SC,Brasil,t,interior,4211108,7736,36964.71,1235.91,f,2026-08-01
f742fe755900225ba6e618eeb99c0e53,SANTA CATARINA,MORRO DA FUMACA,SC,Brasil,t,interior,4211207,18537,55005.72,1720.72,f,2026-08-01
f059356fd0fb1eb2aee64e76dbc83761,SANTA CATARINA,MORRO GRANDE,SC,Brasil,t,interior,4211256,3010,64590.70,1647.35,f,2026-08-01
2e4b6845c41bb5c9638f23180fe2ab3c,SANTA CATARINA,NAVEGANTES,SC,Brasil,t,interior,4211306,86401,91893.31,1738.92,f,2026-08-01
a8e95c044fb3afb59cfd06030bbb643e,SANTA CATARINA,NOVA ERECHIM,SC,Brasil,t,interior,4211405,5155,51697.77,2798.97,f,2026-08-01
4be31ea880dcc009ff093403a9007962,SANTA CATARINA,NOVA ITABERABA,SC,Brasil,t,interior,4211454,4536,42317.46,2406.86,f,2026-08-01
26c138fa52c34a979c5653c4c861987a,SANTA CATARINA,NOVA TRENTO,SC,Brasil,t,interior,4211504,13727,70874.04,2047.66,f,2026-08-01
63d884bd1d2a9fbdfa1e8b25cc3abd17,SANTA CATARINA,NOVA VENEZA,SC,Brasil,t,interior,4211603,13664,97595.80,1877.88,f,2026-08-01
693371deda41ea1ee18eab1ef2f73b6a,SANTA CATARINA,NOVO HORIZONTE,SC,Brasil,t,interior,4211652,2643,60880.82,2185.28,t,2026-08-01
8549937649c789abe076b01b2ed72a58,SANTA CATARINA,ORLEANS,SC,Brasil,t,interior,4211702,23661,59547.10,2065.31,f,2026-08-01
76eaf554995acafa9bf56895de7816dc,SANTA CATARINA,OTACILIO COSTA,SC,Brasil,t,interior,4211751,17312,73231.75,1792.79,f,2026-08-01
d9e23e155f053eae924a6be009c8a90b,SANTA CATARINA,OURO,SC,Brasil,t,interior,4211801,7032,43686.29,2446.42,f,2026-08-01
723e27f1d00dd36cc02909110756e97b,SANTA CATARINA,OURO VERDE,SC,Brasil,t,interior,4211850,2181,78321.87,1508.02,f,2026-08-01
d54810b80d8ee8bbbe64774e31125e86,SANTA CATARINA,PAIAL,SC,Brasil,t,interior,4211876,1927,38291.65,1673.43,f,2026-08-01
e5ed5973935c699a6feb3727c572ca2c,SANTA CATARINA,PAINEL,SC,Brasil,t,interior,4211892,2215,50115.58,1156.41,f,2026-08-01
06f0c3c8ff3eefc9f3bca5bc8d31ed91,SANTA CATARINA,PALHOCA,SC,Brasil,t,interior,4211900,222598,46247.27,2029.43,f,2026-08-01
56e30f118894a4e82de13d769591a30b,SANTA CATARINA,PALMA SOLA,SC,Brasil,t,interior,4212007,7605,47497.04,2139.93,f,2026-08-01
fcac319ba7fb36ff6ce82e57c48c4125,SANTA CATARINA,PALMEIRA,SC,Brasil,t,interior,4212056,2561,80067.55,1501.95,f,2026-08-01
e64a699a76f1380501eeb7ba4fcdb254,SANTA CATARINA,PALMITOS,SC,Brasil,t,interior,4212106,15626,77515.93,1913.03,f,2026-08-01
f36813a946b66b2637d301e067e1f742,SANTA CATARINA,PAPANDUVA,SC,Brasil,t,interior,4212205,19150,61778.49,1568.58,f,2026-08-01
81baa10e797fed182184d7df36f354f7,SANTA CATARINA,PARAISO,SC,Brasil,t,interior,4212239,4267,45522.38,2750.48,f,2026-08-01
5ea98356951257cb6955e609542f442c,SANTA CATARINA,PASSO DE TORRES,SC,Brasil,t,interior,4212254,12897,23411.18,1750.71,f,2026-08-01
25d86c16fd46ceeeed55ca4417dc7cb3,SANTA CATARINA,PASSOS MAIA,SC,Brasil,t,interior,4212270,4034,54244.92,1587.67,f,2026-08-01
2eaed465313404c0a3c5e7a8595a3f82,SANTA CATARINA,PAULO LOPES,SC,Brasil,t,interior,4212304,9063,46098.97,1513.69,f,2026-08-01
78ca1a0a1e3a1176f99c4b84a58d3ed7,SANTA CATARINA,PEDRAS GRANDES,SC,Brasil,t,interior,4212403,4245,71935.45,1875.23,f,2026-08-01
3edb5124ffe17e94f2f701fe6bea7326,SANTA CATARINA,PENHA,SC,Brasil,t,interior,4212502,33663,39826.01,1753.22,f,2026-08-01
b8a1c890b4d7eb96280d9d37083d37d6,SANTA CATARINA,PERITIBA,SC,Brasil,t,interior,4212601,2992,55715.57,2454.13,f,2026-08-01
b1348f6e44e266d5c32b15ccaeb15f22,SANTA CATARINA,PESCARIA BRAVA,SC,Brasil,t,interior,4212650,10190,16141.61,1490.29,f,2026-08-01
46cbf733a31c86c2450d5cad84890cfc,SANTA CATARINA,PETROLANDIA,SC,Brasil,t,interior,4212700,6716,39559.56,3308.39,f,2026-08-01
57b116a832a04c45addc75c9221fe8b8,SANTA CATARINA,PINHALZINHO,SC,Brasil,t,interior,4212908,21972,88371.61,2285.95,f,2026-08-01
92d2dff53352173fc76861067c34ae6b,SANTA CATARINA,PINHEIRO PRETO,SC,Brasil,t,interior,4213005,3473,93063.35,2022.36,f,2026-08-01
82fb014826b7db5bad4ba1acecacbf87,SANTA CATARINA,PIRATUBA,SC,Brasil,t,interior,4213104,5769,165309.59,1775.54,f,2026-08-01
1cb533e6142cefb64d4304349e028366,SANTA CATARINA,PLANALTO ALEGRE,SC,Brasil,t,interior,4213153,2946,48882.21,1901.26,f,2026-08-01
a736fbca04fe8c3a38deff3ab9d07674,SANTA CATARINA,POMERODE,SC,Brasil,t,interior,4213203,34289,92877.37,2135.56,f,2026-08-01
3df934fb71a80794aeb60c9715c5254b,SANTA CATARINA,PONTE ALTA,SC,Brasil,t,interior,4213302,4437,46315.98,1329.52,f,2026-08-01
14e72d7d46826f99854b50c4a10c23ec,SANTA CATARINA,PONTE ALTA DO NORTE,SC,Brasil,t,interior,4213351,3210,49331.78,1197.09,f,2026-08-01
0b69cc0bb097d298e16d54de86839196,SANTA CATARINA,PONTE SERRADA,SC,Brasil,t,interior,4213401,10649,36669.36,1564.49,f,2026-08-01
a6201af9c0e5225d4ab3cc015e7b6cc3,SANTA CATARINA,PORTO BELO,SC,Brasil,t,interior,4213500,27688,75508.45,2069.10,f,2026-08-01
398b030375df110415dad84af285be2a,SANTA CATARINA,PORTO UNIAO,SC,Brasil,t,interior,4213609,32970,39882.86,1898.25,f,2026-08-01
8df528c3662b535d3ffdebc462123b37,SANTA CATARINA,POUSO REDONDO,SC,Brasil,t,interior,4213708,17123,53300.82,1720.92,f,2026-08-01
293ccada5657bdc4772b9635761c6c07,SANTA CATARINA,PRAIA GRANDE,SC,Brasil,t,interior,4213807,8270,37762.27,1478.65,f,2026-08-01
7fbd654b0972962ac6883567825dfc82,SANTA CATARINA,PRESIDENTE CASTELO BRANCO,SC,Brasil,t,interior,,,,,,2026-08-01
f4640df50ce1b97440bd14cda5b5eb28,SANTA CATARINA,PRESIDENTE GETULIO,SC,Brasil,t,interior,4214003,20010,54566.27,1966.13,f,2026-08-01
2ff1fa732ce16be30b82506b76661138,SANTA CATARINA,PRESIDENTE NEREU,SC,Brasil,t,interior,4214102,2301,35325.08,1951.22,f,2026-08-01
409e90bc57c0744a189f249588e2177f,SANTA CATARINA,PRINCESA,SC,Brasil,t,interior,4214151,2964,45400.47,2349.85,f,2026-08-01
845ffd6d32b4df267b553259bb74e173,SANTA CATARINA,QUILOMBO,SC,Brasil,t,interior,4214201,11022,60824.62,1806.72,f,2026-08-01
71c8078120e9ac2da69652c8013bf1f6,SANTA CATARINA,RANCHO QUEIMADO,SC,Brasil,t,interior,4214300,3279,69503.51,2011.61,f,2026-08-01
684a5540b1f326c7083fccd8fb391388,SANTA CATARINA,RIO DAS ANTAS,SC,Brasil,t,interior,4214409,6253,52605.15,1809.13,f,2026-08-01
365852e9fe69d27a0636d4325e72558a,SANTA CATARINA,RIO DO CAMPO,SC,Brasil,t,interior,4214508,6452,41122.60,2058.98,f,2026-08-01
4c8c30ecf431bd72f6eb8b47d380ab20,SANTA CATARINA,RIO DO OESTE,SC,Brasil,t,interior,4214607,7747,45012.00,2489.70,f,2026-08-01
49025259ad42156c62bc65598e417d39,SANTA CATARINA,RIO DO SUL,SC,Brasil,t,interior,4214805,72587,63673.98,2416.85,f,2026-08-01
bff3a435c21171807c279ef385bc44f8,SANTA CATARINA,RIO DOS CEDROS,SC,Brasil,t,interior,4214706,10865,52091.76,1654.22,f,2026-08-01
6646fdf0fb8bf45c5c824d799440e00d,SANTA CATARINA,RIO FORTUNA,SC,Brasil,t,interior,4214904,4847,76997.73,1801.19,f,2026-08-01
0757808cf523f776b956b6a94e5e5634,SANTA CATARINA,RIO NEGRINHO,SC,Brasil,t,interior,4215000,39261,44111.66,1592.73,f,2026-08-01
8a1d9a262db9b81b0db9348042537e31,SANTA CATARINA,RIO RUFINO,SC,Brasil,t,interior,4215059,2397,40377.14,1770.92,f,2026-08-01
8e96fb3590334494239023aff6bb58df,SANTA CATARINA,RIQUEZA,SC,Brasil,t,interior,4215075,4768,41668.20,1853.54,f,2026-08-01
3762082a562a04b46f61e139b3ffce70,SANTA CATARINA,RODEIO,SC,Brasil,t,interior,4215109,12757,35796.82,1885.06,f,2026-08-01
37af0bc5160e45abf28f6927d201caa1,SANTA CATARINA,ROMELANDIA,SC,Brasil,t,interior,4215208,4823,27477.71,2356.31,f,2026-08-01
e3636eefb70c217d35cae6a741890887,SANTA CATARINA,SALETE,SC,Brasil,t,interior,4215307,7489,51202.16,1842.19,f,2026-08-01
a750e19b76398697a633f73b3e06ca1c,SANTA CATARINA,SALTINHO,SC,Brasil,t,interior,4215356,3632,31759.64,1583.41,f,2026-08-01
d319da40e44ee307c03e15ceb75d0145,SANTA CATARINA,SALTO VELOSO,SC,Brasil,t,interior,4215406,4390,79188.15,1953.74,f,2026-08-01
0b0326ebdca0e6ef584a476458ac1395,SANTA CATARINA,SANGAO,SC,Brasil,t,interior,4215455,12882,54422.92,1365.46,f,2026-08-01
005987b133484480d84bdfe74dca21c2,SANTA CATARINA,SANTA CECILIA,SC,Brasil,t,interior,4215505,15546,43242.63,1544.14,f,2026-08-01
61016ee5e37cb4a78fbd27207afffb9d,SANTA CATARINA,SANTA HELENA,SC,Brasil,t,interior,4215554,2425,52952.16,2133.42,f,2026-08-01
343661eb07a3a5928f7cc543e88b7aa2,SANTA CATARINA,SANTA ROSA DE LIMA,SC,Brasil,t,interior,4215604,2088,52123.56,1903.24,f,2026-08-01
656c7272b0e652b3c5c85f0ef65c5a17,SANTA CATARINA,SANTA ROSA DO SUL,SC,Brasil,t,interior,4215653,9792,28349.06,1531.38,f,2026-08-01
655f1f997b1c546be2394e08e6c7ee17,SANTA CATARINA,SANTA TEREZINHA,SC,Brasil,t,interior,4215679,8066,42495.54,1685.25,f,2026-08-01
ddbd75045a2dd3a0751dd2b92411dcb8,SANTA CATARINA,SANTA TEREZINHA DO PROGRESSO,SC,Brasil,t,interior,4215687,2576,34552.02,1861.87,f,2026-08-01
129a71288588c7e919ce066d5ca21cd3,SANTA CATARINA,SANTIAGO DO SUL,SC,Brasil,t,interior,4215695,1651,37805.57,1422.63,f,2026-08-01
43dbbc58a338e95217e56b9d6011e847,SANTA CATARINA,SANTO AMARO DA IMPERATRIZ,SC,Brasil,t,interior,4215703,27272,64165.30,1906.51,f,2026-08-01
71c97038205cdd1bd8f7fe1c23310c47,SANTA CATARINA,SAO BENTO DO SUL,SC,Brasil,t,interior,4215802,83277,60499.57,1941.74,f,2026-08-01
8a49ea4a321b0b1552d006e350f0da3a,SANTA CATARINA,SAO BERNARDINO,SC,Brasil,t,interior,4215752,2684,41274.59,2364.31,f,2026-08-01
f21408c87d69b57f7b809249da49c72b,SANTA CATARINA,SAO BONIFACIO,SC,Brasil,t,interior,4215901,2946,90064.49,1564.53,f,2026-08-01
93dae6fe2b808dba89aa82ac821f2ae6,SANTA CATARINA,SAO CARLOS,SC,Brasil,t,interior,4216008,10282,77318.62,2123.60,f,2026-08-01
051c6129fbc8e44633cb9d5bf54ff1ba,SANTA CATARINA,SAO CRISTOVAO DO SUL,SC,Brasil,t,interior,4216057,6084,32429.16,1488.60,f,2026-08-01
65cb3911e158cf4ecff5801f1bf8833e,SANTA CATARINA,SAO DOMINGOS,SC,Brasil,t,interior,4216107,9226,58115.54,2247.77,f,2026-08-01
b0c9021c460ac7d9a3c75608a5d6ba86,SANTA CATARINA,SAO FRANCISCO DO SUL,SC,Brasil,t,interior,4216206,52674,140417.13,1869.82,f,2026-08-01
de053f30612cbaf048e37ddeb5428a62,SANTA CATARINA,SAO JOAO BATISTA,SC,Brasil,t,interior,4216305,32687,39885.09,1715.92,f,2026-08-01
b13d1ec72158ae85b3fcec1762081a94,SANTA CATARINA,SAO JOAO DO ITAPERIU,SC,Brasil,t,interior,4216354,4463,102135.33,1695.69,f,2026-08-01
048ad9f8afe028b691843616ad954893,SANTA CATARINA,SAO JOAO DO OESTE,SC,Brasil,t,interior,4216255,6295,73577.12,3215.69,f,2026-08-01
3e33bbbe9f3092a4b32f869433157335,SANTA CATARINA,SAO JOAO DO SUL,SC,Brasil,t,interior,4216404,8668,50150.55,1534.99,f,2026-08-01
590162320f902c43606f0feed774e1a2,SANTA CATARINA,SAO JOAQUIM,SC,Brasil,t,interior,4216503,25939,57243.96,1604.93,f,2026-08-01
54e1ee2eeed42a956ceb8bb5a734aafb,SANTA CATARINA,SAO JOSE,SC,Brasil,t,interior,4216602,270299,57623.86,2396.69,f,2026-08-01
c6f39de464c104f43d54fdb6ee98cae3,SANTA CATARINA,SAO JOSE DO CEDRO,SC,Brasil,t,interior,4216701,14167,48132.35,2548.44,f,2026-08-01
54664e8168cec2da5423b2374b5f60f1,SANTA CATARINA,SAO JOSE DO CERRITO,SC,Brasil,t,interior,4216800,8708,40869.77,1223.88,f,2026-08-01
93ccba2f91d15097dbe2162412e12444,SANTA CATARINA,SAO LOURENCO D'OESTE,SC,Brasil,t,interior,,,,,,2026-08-01
994fa7ac95662cd436e3ee89684f29fe,SANTA CATARINA,SAO LUDGERO,SC,Brasil,t,interior,4217006,13509,91900.07,2064.29,f,2026-08-01
e7aafd477f2bdb0e454c6592abbf8a07,SANTA CATARINA,SAO MARTINHO,SC,Brasil,t,interior,4217105,3405,43624.38,2224.39,f,2026-08-01
d259957df8ef0e94fa2f2c38140a0d4f,SANTA CATARINA,SAO MIGUEL D'OESTE,SC,Brasil,t,interior,,,,,,2026-08-01
f608ec0f1e58ddc4d7f39f932923c57c,SANTA CATARINA,SAO MIGUEL DA BOA VISTA,SC,Brasil,t,interior,4217154,1781,41477.26,2281.10,f,2026-08-01
904e50eb392a2ba555949e9df384a06b,SANTA CATARINA,SAO PEDRO DE ALCANTARA,SC,Brasil,t,interior,4217253,5776,25677.11,2167.98,f,2026-08-01
fac94068b06d54484bdc43fb78feb6b0,SANTA CATARINA,SAUDADES,SC,Brasil,t,interior,4217303,10265,69991.52,2154.73,f,2026-08-01
c4c73b8692f1f6a5aa237e165cda60d5,SANTA CATARINA,SCHROEDER,SC,Brasil,t,interior,4217402,20061,45191.72,1978.64,f,2026-08-01
d524c84fea5683c3569d6eb19c1b06d0,SANTA CATARINA,SEARA,SC,Brasil,t,interior,4217501,18620,80915.57,2097.28,f,2026-08-01
4877eef5e639c6dfbb908b6cfb63ef7c,SANTA CATARINA,SERRA ALTA,SC,Brasil,t,interior,4217550,3303,44625.49,1823.32,f,2026-08-01
c5af2b873d350240cac67c11695f0122,SANTA CATARINA,SIDEROPOLIS,SC,Brasil,t,interior,4217600,13714,58661.37,1838.15,f,2026-08-01
93c8142f62c7fd69a77a9d636454368f,SANTA CATARINA,SOMBRIO,SC,Brasil,t,interior,4217709,29991,43491.68,1687.98,f,2026-08-01
9e8f3c9e04485814effd94dab61d191b,SANTA CATARINA,SUL BRASIL,SC,Brasil,t,interior,4217758,2832,43651.13,3151.90,f,2026-08-01
4e76a021f9f39a2d15fb83a79f72bffa,SANTA CATARINA,TAIO,SC,Brasil,t,interior,4217808,18310,56705.24,2065.30,f,2026-08-01
290fe48624cada2f900e7c6b008cbc77,SANTA CATARINA,TANGARA,SC,Brasil,t,interior,4217907,8143,93366.70,1861.19,f,2026-08-01
e78554aa10aa799e22bb54422f23e353,SANTA CATARINA,TIGRINHOS,SC,Brasil,t,interior,4217956,2329,37934.31,1442.85,f,2026-08-01
bfc98e4914e954ea0acb39d5db428e86,SANTA CATARINA,TIJUCAS,SC,Brasil,t,interior,4218004,51592,71465.52,1989.06,f,2026-08-01
3ec762e11b8f61ab2c1077971228ccf4,SANTA CATARINA,TIMBE DO SUL,SC,Brasil,t,interior,4218103,5386,36741.92,1777.55,f,2026-08-01
51939a90b1075f39bd9a0202c82f89f4,SANTA CATARINA,TIMBO,SC,Brasil,t,interior,4218202,46099,59389.94,2129.74,f,2026-08-01
b9b8c34544e6116a699738d50bc82ddf,SANTA CATARINA,TIMBO GRANDE,SC,Brasil,t,interior,4218251,7342,41467.31,1221.89,f,2026-08-01
f8bf62a57a2da724464bf0e1def7aa8b,SANTA CATARINA,TRES BARRAS,SC,Brasil,t,interior,4218301,19746,104330.50,1287.60,f,2026-08-01
c172b002a523529ac582af336ea446c9,SANTA CATARINA,TREVISO,SC,Brasil,t,interior,4218350,3782,52591.22,1977.65,f,2026-08-01
ab541754e4d49cecf41799dd849045c9,SANTA CATARINA,TREZE DE MAIO,SC,Brasil,t,interior,4218400,7362,34707.42,1556.82,f,2026-08-01
a4d5e1e96aef6a6065873f29598909fe,SANTA CATARINA,TREZE TILIAS,SC,Brasil,t,interior,4218509,8787,135979.74,2521.03,f,2026-08-01
0ec35ed6fb1ccd102861ef324d143015,SANTA CATARINA,TROMBUDO CENTRAL,SC,Brasil,t,interior,4218608,7274,59572.45,2025.72,f,2026-08-01
a585f5abeafc196990e00f54adc28dac,SANTA CATARINA,TUBARAO,SC,Brasil,t,interior,4218707,110088,54566.42,2160.06,f,2026-08-01
2a9d0ce43d216e68e39a3be0c86adc2b,SANTA CATARINA,TUNAPOLIS,SC,Brasil,t,interior,4218756,4916,46685.52,3288.15,f,2026-08-01
9a6937c5eb9916a193126e0865bd5315,SANTA CATARINA,TURVO,SC,Brasil,t,interior,4218806,13043,76105.11,2009.39,f,2026-08-01
a9dee829fd271e5b5a8aed40440f6778,SANTA CATARINA,UNIAO DO OESTE,SC,Brasil,t,interior,4218855,2774,42088.32,2224.06,f,2026-08-01
2f117e6b181ca2f8ff9d50d69ee15965,SANTA CATARINA,URUBICI,SC,Brasil,t,interior,4218905,10834,43545.87,2017.81,f,2026-08-01
5c77141003170880cdc6cf905ec46550,SANTA CATARINA,URUPEMA,SC,Brasil,t,interior,4218954,2656,49642.32,1649.66,f,2026-08-01
6b711fb927d55fb34ecc4d622ac28440,SANTA CATARINA,URUSSANGA,SC,Brasil,t,interior,4219002,20919,58437.16,1838.88,f,2026-08-01
35bf98b7580171028e33e49f35bc3a0d,SANTA CATARINA,VARGEAO,SC,Brasil,t,interior,4219101,3634,83058.34,2062.19,f,2026-08-01
d8f4ba99d99602cc4cb6a5ab2cbb6bbc,SANTA CATARINA,VARGEM,SC,Brasil,t,interior,4219150,2627,38090.60,1330.09,f,2026-08-01
9bd97b0edba335bf43db3dbfb279e18a,SANTA CATARINA,VARGEM BONITA,SC,Brasil,t,interior,4219176,4576,144578.45,1899.82,f,2026-08-01
060594c0b43af16953952bffec5dee1f,SANTA CATARINA,VIDAL RAMOS,SC,Brasil,t,interior,4219200,6189,64946.36,1633.53,f,2026-08-01
f2d5502978e38913e28a17d21f829402,SANTA CATARINA,VIDEIRA,SC,Brasil,t,interior,4219309,55466,74451.43,2199.25,f,2026-08-01
626d90178caa346c11e1eff4d0fe86c5,SANTA CATARINA,VITOR MEIRELES,SC,Brasil,t,interior,4219358,5370,36079.14,1613.42,f,2026-08-01
95cf227af3423e97a0d83dccfa560033,SANTA CATARINA,WITMARSUM,SC,Brasil,t,interior,4219408,4255,46495.65,2324.29,f,2026-08-01
b9140c6b8acdef7aca0d88597a1560ff,SANTA CATARINA,XANXERE,SC,Brasil,t,interior,4219507,51607,60952.29,2120.34,f,2026-08-01
df3c1cb87fb3b9bdcf1b62c5afe9e182,SANTA CATARINA,XAVANTINA,SC,Brasil,t,interior,4219606,3653,68286.34,2639.27,f,2026-08-01
45540dff8f2a392880697227ee1cc32c,SANTA CATARINA,XAXIM,SC,Brasil,t,interior,4219705,31918,54435.65,1900.05,f,2026-08-01
1b6615114497973160a8e63e545f60f8,SANTA CATARINA,ZORTEA,SC,Brasil,t,interior,4219853,3930,34366.41,1456.33,f,2026-08-01
3f51c7196a41c79b8edc6bff9dd66d86,SAO PAULO,ADAMANTINA,SP,Brasil,t,interior,3500105,34687,49179.66,1868.26,f,2026-08-01
f454e69e9aa1e375bc91a06b11d40a67,SAO PAULO,ADOLFO,SP,Brasil,t,interior,3500204,4351,49478.97,1514.80,f,2026-08-01
c7d2ec7c2d2ceac89325b033d3fe36ec,SAO PAULO,AGUAI,SP,Brasil,t,interior,3500303,32072,55308.15,1321.67,f,2026-08-01
b58ca9edb8750a3577e3b4aae4cdece6,SAO PAULO,AGUAS DA PRATA,SP,Brasil,t,interior,3500402,7369,36960.10,1684.99,f,2026-08-01
8ba1fdaa5a72bf08f67385c92cc1d1eb,SAO PAULO,AGUAS DE LINDOIA,SP,Brasil,t,interior,3500501,17930,44680.15,1742.52,f,2026-08-01
9851ecd6b1c757983354c0371cba3fd3,SAO PAULO,AGUAS DE SANTA BARBARA,SP,Brasil,t,interior,3500550,7177,52328.55,1946.69,f,2026-08-01
439a965711b39ed076331f5f324a4a8a,SAO PAULO,AGUAS DE SAO PEDRO,SP,Brasil,t,interior,3500600,2780,66687.05,2932.68,f,2026-08-01
b119953a3cd87a265ebf1b72cd547517,SAO PAULO,AGUDOS,SP,Brasil,t,interior,3500709,37680,90653.11,1590.76,f,2026-08-01
4002bd69640846ca1add579f0b9ee1f2,SAO PAULO,ALAMBARI,SP,Brasil,t,interior,3500758,6141,26095.42,1317.23,f,2026-08-01
eec0fd6795150bb56c84722c42641336,SAO PAULO,ALFREDO MARCONDES,SP,Brasil,t,interior,3500808,4445,35576.38,1485.42,f,2026-08-01
6b4669c5224ccc5c43475eb340a61026,SAO PAULO,ALTAIR,SP,Brasil,t,interior,3500907,3451,61005.22,1313.69,f,2026-08-01
867b9235e9d5b9c7a3f8193ad1a9c377,SAO PAULO,ALTINOPOLIS,SP,Brasil,t,interior,3501004,16818,56281.25,1391.26,f,2026-08-01
05d9679bc88c2b8fffd42d4111524259,SAO PAULO,ALTO ALEGRE,SP,Brasil,t,interior,3501103,3841,44883.10,1349.61,f,2026-08-01
62d88bd2d011c90d702adcd937fbd134,SAO PAULO,ALUMINIO,SP,Brasil,t,interior,3501152,17301,198774.29,1523.42,f,2026-08-01
cce36294bf5d58b1585f081e6ce00e7e,SAO PAULO,ALVARES FLORENCE,SP,Brasil,t,interior,3501202,3915,44852.62,1429.27,f,2026-08-01
d6f3c03bd2f7d08f180d25a4cf473cf1,SAO PAULO,ALVARES MACHADO,SP,Brasil,t,interior,3501301,27255,31545.44,1462.07,f,2026-08-01
b5ae680417a6175e8c8f31cb6afde383,SAO PAULO,ALVARO DE CARVALHO,SP,Brasil,t,interior,3501400,4808,14429.49,1137.02,f,2026-08-01
9b27fdb4e65eda173cfd1abe71e4ba94,SAO PAULO,ALVINLANDIA,SP,Brasil,t,interior,3501509,2885,28635.36,1203.52,f,2026-08-01
6780012359d99db6bacbe41368a6c475,SAO PAULO,AMERICANA,SP,Brasil,t,interior,3501608,237240,74188.86,2358.27,f,2026-08-01
836bc9fe79a831bc3b8ee5e64ea08308,SAO PAULO,AMERICO BRASILIENSE,SP,Brasil,t,interior,3501707,33019,45578.67,1233.06,f,2026-08-01
21b30a2b2fb787d89244b95e09e96945,SAO PAULO,AMERICO DE CAMPOS,SP,Brasil,t,interior,3501806,5870,29957.07,1580.65,f,2026-08-01
d9a3b24f3adf4c388c9e195a43810e4c,SAO PAULO,AMPARO,SP,Brasil,t,interior,3501905,68008,98495.31,1986.75,f,2026-08-01
f158f35b5b600f288dfd3632e8233b03,SAO PAULO,ANALANDIA,SP,Brasil,t,interior,3502002,4589,58028.33,1677.47,f,2026-08-01
3c5993a7e548c99b6fde21932952b9ed,SAO PAULO,ANDRADINA,SP,Brasil,t,interior,3502101,59783,74685.78,1774.02,f,2026-08-01
786fb0aa741f15a28b8135b4efefb781,SAO PAULO,ANGATUBA,SP,Brasil,t,interior,3502200,24022,73952.00,1526.22,f,2026-08-01
d4816bf46dc3ce78a5a229c8a620c240,SAO PAULO,ANHEMBI,SP,Brasil,t,interior,3502309,5674,55541.77,1188.66,f,2026-08-01
92307d64e6ee3c99a7b68d6c54bdc49f,SAO PAULO,ANHUMAS,SP,Brasil,t,interior,3502408,4023,32904.80,1409.42,f,2026-08-01
cc444f85cc543aa5008d2412ec51c868,SAO PAULO,APARECIDA,SP,Brasil,t,interior,3502507,32569,42055.30,1468.76,f,2026-08-01
a0c280ad13976110fc4b109bf68d0e77,SAO PAULO,APARECIDA D'OESTE,SP,Brasil,t,interior,3502606,4086,55260.40,1418.94,f,2026-08-01
9acec9b6a97cb9635ef7f2e6d19c4cf2,SAO PAULO,APIAI,SP,Brasil,t,interior,3502705,24585,50259.35,1148.15,f,2026-08-01
37129a174df65f36db66cb0d1a6ab925,SAO PAULO,ARACARIGUAMA,SP,Brasil,t,interior,3502754,21522,224518.03,1464.76,f,2026-08-01
bff777932d3e3a9dbeb2c52d548222c7,SAO PAULO,ARACATUBA,SP,Brasil,t,interior,3502804,200124,57253.20,2088.68,f,2026-08-01
ce85141fec7ea030159d15a769596ed1,SAO PAULO,ARACOIABA DA SERRA,SP,Brasil,t,interior,3502903,32443,46949.85,1993.37,f,2026-08-01
8d0ff2e382506cd638773794308ac257,SAO PAULO,ARAMINA,SP,Brasil,t,interior,3503000,5420,40438.93,1628.68,f,2026-08-01
038240f79918071560397170bef582d6,SAO PAULO,ARANDU,SP,Brasil,t,interior,3503109,6885,31552.36,1251.83,f,2026-08-01
f42d57ce2e47336002ee80924e6f3587,SAO PAULO,ARAPEI,SP,Brasil,t,interior,3503158,2330,22848.07,1149.76,f,2026-08-01
493902dcdf08d8ac36d767352e44e0e5,SAO PAULO,ARARAQUARA,SP,Brasil,t,interior,3503208,242228,60643.28,2128.11,f,2026-08-01
6813cc964a7f6156a7590dbe1a987869,SAO PAULO,ARARAS,SP,Brasil,t,interior,3503307,130866,76588.82,1910.50,f,2026-08-01
1662a0e904f95b13d0989e6f2ce7a6a3,SAO PAULO,ARCO-IRIS,SP,Brasil,t,interior,3503356,2044,66697.16,1178.32,f,2026-08-01
1fe2e156727f2fb9d3102abd2b6e1856,SAO PAULO,AREALVA,SP,Brasil,t,interior,3503406,8130,37036.90,1731.53,f,2026-08-01
3424204a4d42063e97f8b92437c04707,SAO PAULO,AREIAS,SP,Brasil,t,interior,3503505,3577,20979.03,1093.27,f,2026-08-01
1ffe18c44bc66b17bfdcfbab487ae420,SAO PAULO,AREIOPOLIS,SP,Brasil,t,interior,3503604,10130,21886.18,1345.98,f,2026-08-01
74eb3315280585df2f12b654a28b7dcd,SAO PAULO,ARIRANHA,SP,Brasil,t,interior,3503703,7602,164693.76,1546.55,f,2026-08-01
2792d092e4951901636a95eb4acfd98c,SAO PAULO,ARTUR NOGUEIRA,SP,Brasil,t,interior,3503802,51456,42032.67,1649.80,f,2026-08-01
ad0c83aa8320b52b7511dec50b1f1486,SAO PAULO,ARUJA,SP,Brasil,t,interior,3503901,86678,120285.74,1982.83,f,2026-08-01
a71906eb8e1f20c87fb627d7a37f785a,SAO PAULO,ASPASIA,SP,Brasil,t,interior,3503950,1842,35749.73,1361.65,f,2026-08-01
f142b97c73e94d75257dbef66db88769,SAO PAULO,ASSIS,SP,Brasil,t,interior,3504008,101409,46175.48,1997.74,f,2026-08-01
9ec619d3c59bd9fa863c25a8bdfd954e,SAO PAULO,ATIBAIA,SP,Brasil,t,interior,3504107,158647,59418.61,2283.78,f,2026-08-01
55bd74713e0f1fe56b03786f827eac04,SAO PAULO,AURIFLAMA,SP,Brasil,t,interior,3504206,13692,32396.44,1494.63,f,2026-08-01
56501af47aa9ac0674d9bb4aa54d0af5,SAO PAULO,AVAI,SP,Brasil,t,interior,3504305,4483,111745.04,1349.49,f,2026-08-01
dae3d4b2536c4d22a5ff489968e46628,SAO PAULO,AVANHANDAVA,SP,Brasil,t,interior,3504404,11263,26258.99,1246.92,f,2026-08-01
bbc722114dfa584a33b3022255f9484d,SAO PAULO,AVARE,SP,Brasil,t,interior,3504503,92805,47503.24,1769.85,f,2026-08-01
a3f0cd895c32c87f0626c9d5930990e8,SAO PAULO,BADY BASSITT,SP,Brasil,t,interior,3504602,27260,27960.20,1808.97,f,2026-08-01
63664b9b91ee3ca0a481db2949cb68e5,SAO PAULO,BALBINOS,SP,Brasil,t,interior,3504701,3887,21326.22,1703.84,f,2026-08-01
690d600f303df24b32c4e5707c3dfc48,SAO PAULO,BALSAMO,SP,Brasil,t,interior,3504800,9596,38335.87,1568.80,f,2026-08-01
a3ab792f41b2841bae34c2dabcdccf69,SAO PAULO,BANANAL,SP,Brasil,t,interior,3504909,9969,28332.23,1340.96,f,2026-08-01
d79be9cf13b933d493e504128f6d9c22,SAO PAULO,BARAO DE ANTONINA,SP,Brasil,t,interior,3505005,3531,22770.60,1066.93,f,2026-08-01
9fc96626ec95d449ab506f750fac9b6b,SAO PAULO,BARBOSA,SP,Brasil,t,interior,3505104,5640,33142.38,1080.41,f,2026-08-01
0f7a915d1cf34fa0b18496dea289801f,SAO PAULO,BARIRI,SP,Brasil,t,interior,3505203,31595,58989.21,1755.66,f,2026-08-01
65866ef55417d29b69762fc5f27c77e9,SAO PAULO,BARRA BONITA,SP,Brasil,t,interior,3505302,34346,60499.07,1853.96,f,2026-08-01
0cb7177e92c050695881a6c27442176a,SAO PAULO,BARRA DO CHAPEU,SP,Brasil,t,interior,3505351,5179,39171.65,888.50,f,2026-08-01
ba4bca42ec342569c140260ff7b7b13f,SAO PAULO,BARRA DO TURVO,SP,Brasil,t,interior,3505401,6876,21110.97,1094.16,f,2026-08-01
886a1c41249979614c8e04632dcbd638,SAO PAULO,BARRETOS,SP,Brasil,t,interior,3505500,122485,54826.42,1844.44,f,2026-08-01
29097564285121b7fe6640d245312b1e,SAO PAULO,BARRINHA,SP,Brasil,t,interior,3505609,32092,22983.30,1385.51,f,2026-08-01
cf43bbe63cb71e0b68fe7646537d628b,SAO PAULO,BARUERI,SP,Brasil,t,interior,3505708,316473,226391.22,2412.35,f,2026-08-01
167130d394db78d854d82bcaa3c8586c,SAO PAULO,BASTOS,SP,Brasil,t,interior,3505807,21503,74250.24,1449.37,f,2026-08-01
c72f8f611d1143ccdfd1ff3ded135932,SAO PAULO,BATATAIS,SP,Brasil,t,interior,3505906,58402,56996.16,1826.35,f,2026-08-01
03e222bab98d3bed87675d3d40f4b226,SAO PAULO,BAURU,SP,Brasil,t,interior,3506003,379146,54477.06,2210.10,f,2026-08-01
13fb84d74cfc7ce0aa28ed00921effa1,SAO PAULO,BEBEDOURO,SP,Brasil,t,interior,3506102,76373,69967.93,1734.11,f,2026-08-01
5d7e03c2b4d589da70614514fe65c0e1,SAO PAULO,BENTO DE ABREU,SP,Brasil,t,interior,3506201,2606,110521.87,1550.41,f,2026-08-01
bab315e181fc61dd57e758e687207e83,SAO PAULO,BERNARDINO DE CAMPOS,SP,Brasil,t,interior,3506300,11607,52166.71,1515.11,f,2026-08-01
674d39248090f4aee736f63548e76999,SAO PAULO,BERTIOGA,SP,Brasil,t,interior,3506359,64188,41496.07,1511.97,f,2026-08-01
c4b4d36dcbd9c8f571410705473e31e6,SAO PAULO,BILAC,SP,Brasil,t,interior,3506409,7319,42047.41,1639.46,f,2026-08-01
97e1512dd21223f3323330f0c93703a2,SAO PAULO,BIRIGUI,SP,Brasil,t,interior,3506508,118979,40902.09,1732.98,f,2026-08-01
ad508f965e11f0ba0312351ba7b902a1,SAO PAULO,BIRITIBA-MIRIM,SP,Brasil,t,interior,,,,,,2026-08-01
8c5afd813abfa0f02ab7afc19f26fa05,SAO PAULO,BOA ESPERANCA DO SUL,SP,Brasil,t,interior,3506706,12978,48791.49,1261.94,f,2026-08-01
ccf0b4cff7609fca0bfbdeceb3339065,SAO PAULO,BOCAINA,SP,Brasil,t,interior,3506805,11259,33872.99,1595.83,f,2026-08-01
16feb21f35ec3357b4e13cff37241c60,SAO PAULO,BOFETE,SP,Brasil,t,interior,3506904,10460,29615.01,1480.67,f,2026-08-01
91532a50c44a05a7500d1e96c05d9724,SAO PAULO,BOITUVA,SP,Brasil,t,interior,3507001,61081,73249.13,1819.01,f,2026-08-01
673340fa7d7132debf69f446dc8f2d03,SAO PAULO,BOM JESUS DOS PERDOES,SP,Brasil,t,interior,3507100,22006,73953.06,1604.07,f,2026-08-01
a03d299a8f6c69369aa73c59b8bbaaf5,SAO PAULO,BOM SUCESSO DE ITARARE,SP,Brasil,t,interior,3507159,3555,21796.62,1141.43,f,2026-08-01
462623cd52a277fea96abe233c2f671d,SAO PAULO,BORA,SP,Brasil,t,interior,3507209,907,133364.94,1323.39,f,2026-08-01
e6e404593830714582fdeb441cf6db6b,SAO PAULO,BORACEIA,SP,Brasil,t,interior,3507308,4715,139455.99,1269.35,f,2026-08-01
f27d4d28edcbd869fbb1cc3dab960779,SAO PAULO,BORBOREMA,SP,Brasil,t,interior,3507407,14226,49551.60,1614.88,f,2026-08-01
c9b590b857403acc11ff4102dbfd0a7a,SAO PAULO,BOREBI,SP,Brasil,t,interior,3507456,2713,43660.89,1282.36,f,2026-08-01
345d577c1938c77ac95613035f6591a7,SAO PAULO,BOTUCATU,SP,Brasil,t,interior,3507506,145155,55059.41,1991.29,f,2026-08-01
ec4cead13a3c4fd716f0a93c02f83165,SAO PAULO,BRAGANCA PAULISTA,SP,Brasil,t,interior,3507605,176811,59064.70,1941.50,f,2026-08-01
4f41fea91db468062cef33e0600ce35b,SAO PAULO,BRAUNA,SP,Brasil,t,interior,3507704,5356,29472.55,1369.89,f,2026-08-01
e932b3c7c66f1ded9b9933d3490e65cd,SAO PAULO,BREJO ALEGRE,SP,Brasil,t,interior,3507753,2565,35359.45,1329.38,f,2026-08-01
e29d6e939c145a303ba7c32d7d2ffd51,SAO PAULO,BRODOWSKI,SP,Brasil,t,interior,3507803,25201,48026.07,1711.42,f,2026-08-01
758ca272c488a64b93b64a27ed3d1599,SAO PAULO,BROTAS,SP,Brasil,t,interior,3507902,23898,65109.21,1482.87,f,2026-08-01
bf40504f17e06c46c5c8b30cdce5fbf3,SAO PAULO,BURI,SP,Brasil,t,interior,3508009,20250,44831.26,996.87,f,2026-08-01
1bbfcd1e288f8911e4c36a19075741f4,SAO PAULO,BURITAMA,SP,Brasil,t,interior,3508108,17210,43358.74,1627.85,f,2026-08-01
349652713738e02e58ab5909ead82b77,SAO PAULO,BURITIZAL,SP,Brasil,t,interior,3508207,4356,70148.76,1763.97,f,2026-08-01
d89afad11bb208abef6bc45a2d52e2c9,SAO PAULO,CABRALIA PAULISTA,SP,Brasil,t,interior,3508306,4299,41284.25,1242.79,f,2026-08-01
0cc1966fbeed2c5fa02211408645aaf2,SAO PAULO,CABREUVA,SP,Brasil,t,interior,3508405,47011,154027.38,1480.46,f,2026-08-01
84e51ff045ae63ddaa8431f21b2d3242,SAO PAULO,CACAPAVA,SP,Brasil,t,interior,3508504,96202,67735.30,1632.59,f,2026-08-01
3474f674ae860cc46ef605155220ace5,SAO PAULO,CACHOEIRA PAULISTA,SP,Brasil,t,interior,3508603,31564,26859.27,1383.47,f,2026-08-01
2835232b48e90bb73a9411f9053d989b,SAO PAULO,CACONDE,SP,Brasil,t,interior,3508702,17101,32402.14,1386.07,f,2026-08-01
3971fa90757b4f3dd276824988522597,SAO PAULO,CAFELANDIA,SP,Brasil,t,interior,3508801,16654,55880.57,1524.12,f,2026-08-01
4fb81d4755ee84ec09d6de4f13190323,SAO PAULO,CAIABU,SP,Brasil,t,interior,3508900,3712,23710.94,1359.73,f,2026-08-01
a534edbad5fde0681d58b8e75613688c,SAO PAULO,CAIEIRAS,SP,Brasil,t,interior,3509007,95032,57955.42,1668.47,f,2026-08-01
3760e722d9de0caf2748d15b9058af1b,SAO PAULO,CAIUA,SP,Brasil,t,interior,3509106,5466,20471.09,1214.27,f,2026-08-01
6f7fd3090b596034a32bbb8a4891fadc,SAO PAULO,CAJAMAR,SP,Brasil,t,interior,3509205,92689,312708.11,1728.39,f,2026-08-01
3eb9cba8c90f27e5844bb217c98b4519,SAO PAULO,CAJATI,SP,Brasil,t,interior,3509254,28515,69706.12,1206.25,f,2026-08-01
649d83477ce35628e224340d533c1ca4,SAO PAULO,CAJOBI,SP,Brasil,t,interior,3509304,9133,30110.70,1564.43,f,2026-08-01
e5877e4efbe5ad17e13d7969d9d25812,SAO PAULO,CAJURU,SP,Brasil,t,interior,3509403,23830,47159.00,1447.00,f,2026-08-01
c42a8ac7ca106deaeaa690bd542bb127,SAO PAULO,CAMPINA DO MONTE ALEGRE,SP,Brasil,t,interior,3509452,5954,35511.59,1336.83,f,2026-08-01
40618772aa84b6206f9b26f0941894eb,SAO PAULO,CAMPINAS,SP,Brasil,t,interior,3509502,1139047,80741.47,2678.60,f,2026-08-01
0d7a628729fa0f8e5fc0af289ed5317f,SAO PAULO,CAMPO LIMPO PAULISTA,SP,Brasil,t,interior,3509601,77632,41657.24,1564.93,f,2026-08-01
00fe6720bd1257305202f37db2bbd6ad,SAO PAULO,CAMPOS DO JORDAO,SP,Brasil,t,interior,3509700,46974,41444.18,1626.97,f,2026-08-01
3f77ca315f958c4050e33b2505099398,SAO PAULO,CAMPOS NOVOS PAULISTA,SP,Brasil,t,interior,3509809,4888,70027.62,1334.45,f,2026-08-01
1efa779d7b1c9388f435d60a7e979306,SAO PAULO,CANANEIA,SP,Brasil,t,interior,3509908,12289,26897.06,1281.29,f,2026-08-01
3237a50c7e05b71c060cbb4f50851115,SAO PAULO,CANAS,SP,Brasil,t,interior,3509957,4931,24542.08,1174.28,f,2026-08-01
f2111778ca695dae0066a4fcab18792b,SAO PAULO,CANDIDO MOTA,SP,Brasil,t,interior,3510005,29449,84306.94,1531.52,f,2026-08-01
d920a7f9b6f22d7fca6b745bd9ebc418,SAO PAULO,CANDIDO RODRIGUES,SP,Brasil,t,interior,3510104,2889,54673.24,1528.06,f,2026-08-01
a9c02645986428c9c9d5f8960a5f70a0,SAO PAULO,CANITAR,SP,Brasil,t,interior,3510153,6283,34749.01,1266.24,f,2026-08-01
2037f28e39b13dacb77aca9e4d70cc90,SAO PAULO,CAPAO BONITO,SP,Brasil,t,interior,3510203,46337,36016.19,1240.46,f,2026-08-01
98962e5f220e9fdc037bd073b2caf5b9,SAO PAULO,CAPELA DO ALTO,SP,Brasil,t,interior,3510302,22866,23443.02,1062.65,f,2026-08-01
168fb1da1fbb8348a749851382397cbc,SAO PAULO,CAPIVARI,SP,Brasil,t,interior,3510401,50068,76385.32,1570.15,f,2026-08-01
e5df0ef5e5d01e67d594fe924e72afe3,SAO PAULO,CARAGUATATUBA,SP,Brasil,t,interior,3510500,134873,43172.58,1578.40,f,2026-08-01
079de63861fe150931fbc15ebd0d9f59,SAO PAULO,CARAPICUIBA,SP,Brasil,t,interior,3510609,386984,21801.46,1432.95,f,2026-08-01
01eb12d4e34c00656848919de8d27c73,SAO PAULO,CARDOSO,SP,Brasil,t,interior,3510708,11345,38785.81,1515.63,f,2026-08-01
44e673edbb78fac02ac013b202137169,SAO PAULO,CASA BRANCA,SP,Brasil,t,interior,3510807,28083,53209.38,1545.95,f,2026-08-01
d737bbc928a009a6dea4e81f31d8ec3e,SAO PAULO,CASSIA DOS COQUEIROS,SP,Brasil,t,interior,3510906,2799,109344.77,1539.70,f,2026-08-01
c788bdce759803895f0c701ac1a7e474,SAO PAULO,CASTILHO,SP,Brasil,t,interior,3511003,19977,113908.04,1419.26,f,2026-08-01
31698dde8d5210667e967bf77c456cb6,SAO PAULO,CATANDUVA,SP,Brasil,t,interior,3511102,115791,60712.43,1898.84,f,2026-08-01
bb9b4bc8c3684242d6e065ddcbba8bfc,SAO PAULO,CATIGUA,SP,Brasil,t,interior,3511201,7003,28123.09,1398.86,f,2026-08-01
d974c03388306b9de853a9f284cdc540,SAO PAULO,CEDRAL,SP,Brasil,t,interior,3511300,12618,64104.45,1810.97,f,2026-08-01
7f030e9cdfeab0bce43c4c7217acee68,SAO PAULO,CERQUEIRA CESAR,SP,Brasil,t,interior,3511409,21469,65239.09,1459.90,f,2026-08-01
6f71798c8af1bed98452455e4e530036,SAO PAULO,CERQUILHO,SP,Brasil,t,interior,3511508,44695,64690.19,1839.05,f,2026-08-01
149673ec1fbf3c42856e46bd9d2a9c2c,SAO PAULO,CESARIO LANGE,SP,Brasil,t,interior,3511607,19048,63832.63,1256.04,f,2026-08-01
fafb37b6a7b9934dee882bf10fbc1533,SAO PAULO,CHARQUEADA,SP,Brasil,t,interior,3511706,15535,50891.99,1454.08,f,2026-08-01
fb7e3548131952cb786c11c9a506817d,SAO PAULO,CHAVANTES,SP,Brasil,t,interior,3557204,12211,39081.16,1348.48,f,2026-08-01
57cecc631420e82601bf74a3511a5291,SAO PAULO,CLEMENTINA,SP,Brasil,t,interior,3511904,6982,36394.59,1390.17,f,2026-08-01
ee02803b320d1fc941e333079a4c9675,SAO PAULO,COLINA,SP,Brasil,t,interior,3512001,18486,111034.08,1572.33,f,2026-08-01
12efb41dbbd1118e9eacf2059eb86f1e,SAO PAULO,COLOMBIA,SP,Brasil,t,interior,3512100,6629,112148.59,1282.70,f,2026-08-01
005eefb02238308231654336caee7ce4,SAO PAULO,CONCHAL,SP,Brasil,t,interior,3512209,28101,38919.04,1349.53,f,2026-08-01
c7c5169ea6d721ddd667e21e14a1245b,SAO PAULO,CONCHAS,SP,Brasil,t,interior,3512308,15232,36180.61,1601.09,f,2026-08-01
2d9dbd105e6a291514475e1f482af7ef,SAO PAULO,CORDEIROPOLIS,SP,Brasil,t,interior,3512407,24514,170021.82,1684.38,f,2026-08-01
68e999e0355350ec38bf1c503d15c240,SAO PAULO,COROADOS,SP,Brasil,t,interior,3512506,5400,62112.04,1464.68,f,2026-08-01
097b61fcbe05672445e6216e6cfb3125,SAO PAULO,CORONEL MACEDO,SP,Brasil,t,interior,3512605,4280,38749.77,1281.73,f,2026-08-01
42e51194b30db80730596757f7ed5295,SAO PAULO,CORUMBATAI,SP,Brasil,t,interior,3512704,4195,84530.15,1543.11,f,2026-08-01
5eac5b836117a0d925d9164b82d7ecd2,SAO PAULO,COSMOPOLIS,SP,Brasil,t,interior,3512803,59773,38702.49,1614.71,f,2026-08-01
8f3bd028b6baaafb30dfcf72c4fe33ae,SAO PAULO,COSMORAMA,SP,Brasil,t,interior,3512902,8719,100748.60,1404.70,f,2026-08-01
5ae3cd2ea294fba4195b0692c992c407,SAO PAULO,COTIA,SP,Brasil,t,interior,3513009,274413,69460.17,2275.73,f,2026-08-01
0067c160e280d6a0519748426845e98f,SAO PAULO,CRAVINHOS,SP,Brasil,t,interior,3513108,33281,70831.80,1576.75,f,2026-08-01
2fee3b08855fed3a74a9511a4c614efb,SAO PAULO,CRISTAIS PAULISTA,SP,Brasil,t,interior,3513207,9272,48443.81,1581.65,f,2026-08-01
7314b557de11e6cb2b80ebd281246963,SAO PAULO,CRUZALIA,SP,Brasil,t,interior,3513306,2108,103509.96,1505.41,f,2026-08-01
2ab6c590dffed7649c6209af674eef82,SAO PAULO,CRUZEIRO,SP,Brasil,t,interior,3513405,74961,57122.53,1498.46,f,2026-08-01
83c2fca40693767c4fc1da3e84dc802b,SAO PAULO,CUBATAO,SP,Brasil,t,interior,3513504,112476,247282.87,1246.76,f,2026-08-01
b93d8fbe83f61fb0a7a85b2bdc1e9401,SAO PAULO,CUNHA,SP,Brasil,t,interior,3513603,22110,19581.23,1243.82,f,2026-08-01
6e2c41d9b6f4f6c48f86ae0e48874f26,SAO PAULO,DESCALVADO,SP,Brasil,t,interior,3513702,31756,81385.66,1726.15,f,2026-08-01
e544e2dfb43f411fc8b23b77df229e36,SAO PAULO,DIADEMA,SP,Brasil,t,interior,3513801,393237,53985.47,1522.03,f,2026-08-01
d27fd8ccdf4b49dd8fd530bc4903a6fa,SAO PAULO,DIRCE REIS,SP,Brasil,t,interior,3513850,1620,61410.49,1358.16,f,2026-08-01
f1eaca0df29102006a23248171420e58,SAO PAULO,DIVINOLANDIA,SP,Brasil,t,interior,3513900,11158,47372.65,1682.61,f,2026-08-01
0e79bdd3f95ec2044a80fb8867c40084,SAO PAULO,DOBRADA,SP,Brasil,t,interior,3514007,8759,24404.04,1361.96,f,2026-08-01
44a6a5cf6043e966f92e08dfa1ed7bb6,SAO PAULO,DOIS CORREGOS,SP,Brasil,t,interior,3514106,24510,48433.17,1357.54,f,2026-08-01
a6fe458985656e6404a3512615db8efc,SAO PAULO,DOLCINOPOLIS,SP,Brasil,t,interior,3514205,2207,38237.43,1359.18,f,2026-08-01
92e8e9bba9ddcc8461d8a247fbf9704e,SAO PAULO,DOURADO,SP,Brasil,t,interior,3514304,8096,145521.25,1694.59,f,2026-08-01
220e46384c4827d31b10f62addf16fbe,SAO PAULO,DRACENA,SP,Brasil,t,interior,3514403,45474,40797.47,1886.73,f,2026-08-01
43f5dc16480f4567af6701c63ee805ee,SAO PAULO,DUARTINA,SP,Brasil,t,interior,3514502,12328,35348.80,1624.70,f,2026-08-01
cf4e22582177c933a2832688a816f82f,SAO PAULO,DUMONT,SP,Brasil,t,interior,3514601,9471,43712.60,1673.48,f,2026-08-01
8040cb87c05dca9ffc3f00fcbf34ddc1,SAO PAULO,ECHAPORA,SP,Brasil,t,interior,3514700,6205,30201.93,1387.75,f,2026-08-01
d8612c1fe690c721b0c3725257f08bcd,SAO PAULO,ELDORADO,SP,Brasil,t,interior,3514809,13069,32442.80,1096.71,f,2026-08-01
db3143c332078226861fe49822646bf3,SAO PAULO,ELIAS FAUSTO,SP,Brasil,t,interior,3514908,17699,122013.05,1295.02,f,2026-08-01
39d405a1c630a90ea5c85ea4d08cbc46,SAO PAULO,ELISIARIO,SP,Brasil,t,interior,3514924,3138,38869.02,1535.69,f,2026-08-01
bfbd9e507f62469697f12facdac1ae5a,SAO PAULO,EMBAUBA,SP,Brasil,t,interior,3514957,2323,40048.21,1354.87,f,2026-08-01
ba14761fc74da0fb0dd88d6883c0f4ed,SAO PAULO,EMBU-GUACU,SP,Brasil,t,interior,3515103,66970,26025.38,1386.48,f,2026-08-01
b5f6a4f197907212df82b93432e3ae54,SAO PAULO,EMBU DAS ARTES,SP,Brasil,t,interior,3515004,250691,68971.96,1249.69,f,2026-08-01
0ecd40b2eb3f5c3bd420e2999d7f11b0,SAO PAULO,EMILIANOPOLIS,SP,Brasil,t,interior,3515129,3014,32470.47,1334.16,f,2026-08-01
e2b3767d5e26973a63a911a5b2c99a9f,SAO PAULO,ENGENHEIRO COELHO,SP,Brasil,t,interior,3515152,19566,41622.71,1609.27,f,2026-08-01
517e85070279b38e8c99ff6c726e689f,SAO PAULO,ESPIRITO SANTO DO PINHAL,SP,Brasil,t,interior,3515186,39816,68194.87,1838.17,f,2026-08-01
5d58630d1b6842f1f4fc4b445efbde37,SAO PAULO,ESPIRITO SANTO DO TURVO,SP,Brasil,t,interior,3515194,4157,43735.63,1193.58,f,2026-08-01
f330d10c05a76b860ea0a66098b2d1a0,SAO PAULO,ESTIVA GERBI,SP,Brasil,t,interior,3557303,11295,47119.26,1645.48,f,2026-08-01
a1d5d5bda6b0638c470106fe9902260b,SAO PAULO,ESTRELA D'OESTE,SP,Brasil,t,interior,3515202,9417,139870.77,1667.09,f,2026-08-01
0e9f408cb3b0b4528cc3b32ea175ca70,SAO PAULO,ESTRELA DO NORTE,SP,Brasil,t,interior,3515301,2703,25783.20,1405.87,f,2026-08-01
9e3970b508b0188da053a7c780acc03c,SAO PAULO,EUCLIDES DA CUNHA PAULISTA,SP,Brasil,t,interior,3515350,7924,20470.47,1077.55,f,2026-08-01
8981c575b0c8b69c649fa0eb7fe49372,SAO PAULO,FARTURA,SP,Brasil,t,interior,3515400,16641,34036.12,1482.13,f,2026-08-01
ba08656453c15accb6da856a0f550b9a,SAO PAULO,FERNANDO PRESTES,SP,Brasil,t,interior,3515608,5942,47401.88,1600.05,f,2026-08-01
f76d611326062a11d02b5b1d90209b7c,SAO PAULO,FERNANDOPOLIS,SP,Brasil,t,interior,3515509,71186,39203.05,1853.80,f,2026-08-01
16719cac57920bd33b8163ec9874bbe9,SAO PAULO,FERNAO,SP,Brasil,t,interior,3515657,1656,61977.05,1270.67,f,2026-08-01
a5bb7f1d6861b20a175c95611162d106,SAO PAULO,FERRAZ DE VASCONCELOS,SP,Brasil,t,interior,3515707,179198,30826.13,1201.71,f,2026-08-01
523af601ffe1ad9b9f500c31435dd458,SAO PAULO,FLORA RICA,SP,Brasil,t,interior,3515806,1487,44159.38,1376.01,f,2026-08-01
a18f519daaa5cccd3dc0a58d5174327b,SAO PAULO,FLOREAL,SP,Brasil,t,interior,3515905,2733,47995.24,1699.56,f,2026-08-01
7719f172b0c4c9a87a4bbee0584326f0,SAO PAULO,FLORIDA PAULISTA,SP,Brasil,t,interior,3516002,12958,27912.02,1313.48,f,2026-08-01
b2c2033943977c264ba88728e374dac8,SAO PAULO,FLORINEA,SP,Brasil,t,interior,3516101,3851,56131.13,1361.28,f,2026-08-01
1b4b97bc50aca94d65a18447e88e6156,SAO PAULO,FRANCA,SP,Brasil,t,interior,3516200,352536,40777.87,1734.79,f,2026-08-01
ad83acf29ccde0f090564627746d689d,SAO PAULO,FRANCISCO MORATO,SP,Brasil,t,interior,3516309,165139,13549.00,1035.25,f,2026-08-01
50ffbabcc9e59c082afa578a06d6176b,SAO PAULO,FRANCO DA ROCHA,SP,Brasil,t,interior,3516408,144849,37543.16,1397.55,f,2026-08-01
6c29491426e3be3a414188536ebd8f3e,SAO PAULO,GABRIEL MONTEIRO,SP,Brasil,t,interior,3516507,2763,44862.83,1710.43,f,2026-08-01
59e7cf213d4ebcc52ff1cc8fc92e2e49,SAO PAULO,GALIA,SP,Brasil,t,interior,3516606,6380,34615.83,1433.66,f,2026-08-01
f5db5e2dd95f08815f8c5b0e3d4b1610,SAO PAULO,GARCA,SP,Brasil,t,interior,3516705,42110,44971.88,1612.63,f,2026-08-01
3d8bd3c48cdcdae3ea8252b2567fb96e,SAO PAULO,GASTAO VIDIGAL,SP,Brasil,t,interior,3516804,3252,31347.48,1377.87,f,2026-08-01
53be4e940bf83cdb6656d7e13631e27c,SAO PAULO,GAVIAO PEIXOTO,SP,Brasil,t,interior,3516853,4702,369126.54,1489.75,f,2026-08-01
ec9f317465874bd2a0b3a5bb606ef5e8,SAO PAULO,GENERAL SALGADO,SP,Brasil,t,interior,3516903,10312,33836.60,1735.05,f,2026-08-01
d5dd42911a6a6ce28548a18293215fcf,SAO PAULO,GETULINA,SP,Brasil,t,interior,3517000,10232,26665.46,1290.17,f,2026-08-01
b4404c66d4da3064146ba4c5628265a8,SAO PAULO,GLICERIO,SP,Brasil,t,interior,3517109,4138,45527.31,1412.75,f,2026-08-01
db69582a398019598f17097d927b9f00,SAO PAULO,GUAICARA,SP,Brasil,t,interior,3517208,11239,27658.33,1305.59,f,2026-08-01
7476070d2f71f417a2788c2adc7fbe43,SAO PAULO,GUAIMBE,SP,Brasil,t,interior,3517307,5512,107723.51,1235.95,f,2026-08-01
140d978c45d71af897f0430bffd41836,SAO PAULO,GUAIRA,SP,Brasil,t,interior,3517406,39279,82333.00,1685.85,f,2026-08-01
89d9ca4f553bcb4788656cb8df977542,SAO PAULO,GUAPIACU,SP,Brasil,t,interior,3517505,21711,52235.13,1671.55,f,2026-08-01
a194cc06e933122b2ada37588d578b03,SAO PAULO,GUAPIARA,SP,Brasil,t,interior,3517604,17071,34279.30,1032.99,f,2026-08-01
41fc5a2f9eb524acad5541f1e2c2a291,SAO PAULO,GUARA,SP,Brasil,t,interior,3517703,18606,45937.60,1332.26,f,2026-08-01
320faceb7a057b334fabd3e8f9f48d39,SAO PAULO,GUARACAI,SP,Brasil,t,interior,3517802,7441,50323.07,1542.83,f,2026-08-01
4c2915db6f2d2a4cd0316f02c6ae9865,SAO PAULO,GUARACI,SP,Brasil,t,interior,3517901,10350,63815.07,1492.66,f,2026-08-01
17a7730f35e509e05767bd65f23ce30e,SAO PAULO,GUARANI D'OESTE,SP,Brasil,t,interior,3518008,1968,24728.15,1226.38,f,2026-08-01
ef929d4441fa19db5d77d98beb99695f,SAO PAULO,GUARANTA,SP,Brasil,t,interior,3518107,6427,48552.20,1310.94,f,2026-08-01
68026f29d4b4b3a8444767fc5501f573,SAO PAULO,GUARARAPES,SP,Brasil,t,interior,3518206,31043,55358.31,1575.63,f,2026-08-01
c2d537fd976c54357f9f46c5bdb51b13,SAO PAULO,GUARAREMA,SP,Brasil,t,interior,3518305,31236,65138.40,1601.96,f,2026-08-01
7c8676bedfd15fba317ae53ae3a8ae6a,SAO PAULO,GUARATINGUETA,SP,Brasil,t,interior,3518404,118044,70904.25,1872.42,f,2026-08-01
e2116bc216918cb38b15b5fe56674c9f,SAO PAULO,GUAREI,SP,Brasil,t,interior,3518503,15013,25724.44,1385.89,f,2026-08-01
c84fb34f704666726394fc7269ab4e81,SAO PAULO,GUARIBA,SP,Brasil,t,interior,3518602,37498,40482.00,1320.05,f,2026-08-01
c8430fc09b8f92d1f9dc43f508bdc66a,SAO PAULO,GUARUJA,SP,Brasil,t,interior,3518701,287634,40107.77,1416.67,f,2026-08-01
0d37205d8ef002ac8bc3773a1289e3ab,SAO PAULO,GUARULHOS,SP,Brasil,t,interior,3518800,1291771,75522.42,1643.73,f,2026-08-01
56a8a1a506f5b9be192866b2a6332108,SAO PAULO,GUATAPARA,SP,Brasil,t,interior,3518859,7320,48333.06,1428.08,f,2026-08-01
0e37a583ab45764d7cc434fafd57c9d6,SAO PAULO,GUZOLANDIA,SP,Brasil,t,interior,3518909,4246,28298.63,1208.80,f,2026-08-01
f6f5c5f6b30c47a88a4eb5f0b5de76c0,SAO PAULO,HERCULANDIA,SP,Brasil,t,interior,3519006,9125,60568.66,1172.66,f,2026-08-01
158b8713a0ceb06bb1df8bbe2a1baa03,SAO PAULO,HOLAMBRA,SP,Brasil,t,interior,3519055,15094,119692.13,2545.63,f,2026-08-01
7e57b2a57205514d4ab4f1c153ba7ba4,SAO PAULO,HORTOLANDIA,SP,Brasil,t,interior,3519071,236641,93660.54,1619.28,f,2026-08-01
816ae4ff94cb428fae0a33609d073831,SAO PAULO,IACANGA,SP,Brasil,t,interior,3519105,10437,65874.29,1415.72,f,2026-08-01
aa61da8d599537a6babd3375f273a3c8,SAO PAULO,IACRI,SP,Brasil,t,interior,3519204,6131,60697.11,1368.52,f,2026-08-01
d26f01069e23f45e1f4b1c24737d55fa,SAO PAULO,IARAS,SP,Brasil,t,interior,3519253,8010,40700.00,1284.97,f,2026-08-01
4f1271343268cbbde1acf2590bf1a094,SAO PAULO,IBATE,SP,Brasil,t,interior,3519303,32178,47138.95,1285.02,f,2026-08-01
ad387e14fc15dcab0c84b41c76d64382,SAO PAULO,IBIRA,SP,Brasil,t,interior,3519402,11690,35772.28,1717.95,f,2026-08-01
77dd1c59de8fb98741fd0f30790edec8,SAO PAULO,IBIRAREMA,SP,Brasil,t,interior,3519501,6385,51900.86,1429.78,f,2026-08-01
e0369df92860ba25ea58882e96e4c16d,SAO PAULO,IBITINGA,SP,Brasil,t,interior,3519600,60033,42124.08,1437.98,f,2026-08-01
d9a80ced8bdcfeddfaf341e20da2464d,SAO PAULO,IBITIUVA,SP,Brasil,t,interior,,,,,,
8d6045b2b5a6eb3ee8742d53becde9e5,SAO PAULO,IBIUNA,SP,Brasil,t,interior,3519709,75605,39990.75,1324.95,f,2026-08-01
9135fde408d9ccc2d778947e102231a4,SAO PAULO,ICEM,SP,Brasil,t,interior,3519808,7819,33755.21,1574.21,f,2026-08-01
68604e4336ff4ef31bd1e003a24b4d11,SAO PAULO,IEPE,SP,Brasil,t,interior,3519907,7619,66115.24,1401.72,f,2026-08-01
b3ea54e60247c54d343edb0d440bb6d1,SAO PAULO,IGARACU DO TIETE,SP,Brasil,t,interior,3520004,23106,20686.23,1348.69,f,2026-08-01
fa605e6220624d48eb754b46a42686d3,SAO PAULO,IGARAPAVA,SP,Brasil,t,interior,3520103,26212,54254.62,1501.48,f,2026-08-01
e5785d0b7c658c75977dee8c61f77e99,SAO PAULO,IGARATA,SP,Brasil,t,interior,3520202,10605,33301.56,1478.86,f,2026-08-01
3d30215598add41a2244ab4ada24104a,SAO PAULO,IGUAPE,SP,Brasil,t,interior,3520301,29115,65150.27,1336.34,f,2026-08-01
45756e314f771398f7c17a30e1d31cce,SAO PAULO,ILHA COMPRIDA,SP,Brasil,t,interior,3520426,13419,208848.35,1392.20,f,2026-08-01
4e63a29bafba61c1cc96ff602bda6b0a,SAO PAULO,ILHA SOLTEIRA,SP,Brasil,t,interior,3520442,25549,35920.47,2147.45,f,2026-08-01
5faef3f114fef84197746c790807f149,SAO PAULO,ILHABELA,SP,Brasil,t,interior,3520400,34934,424535.27,1970.57,f,2026-08-01
161d0cb54af8a825e9e3f47e9fd4567e,SAO PAULO,INDAIATUBA,SP,Brasil,t,interior,3520509,255748,110518.41,2601.91,f,2026-08-01
fe3a063b90407a3bc2fc0c785c80155a,SAO PAULO,INDIANA,SP,Brasil,t,interior,3520608,5090,19623.97,1627.06,f,2026-08-01
20918e96bde40f7c7575ebe22b378f41,SAO PAULO,INDIAPORA,SP,Brasil,t,interior,3520707,4035,41409.42,1550.80,f,2026-08-01
20c534e8ba6cc605e25b5d226dc8fe3f,SAO PAULO,INUBIA PAULISTA,SP,Brasil,t,interior,3520806,3615,48886.03,1419.58,f,2026-08-01
1f39d3a332adbeaa12138cb19e1e4006,SAO PAULO,IPAUSSU,SP,Brasil,t,interior,3520905,13712,49454.35,1441.01,f,2026-08-01
d601e6d0d606d2488a8be6fc55ccb640,SAO PAULO,IPERO,SP,Brasil,t,interior,3521002,36459,35409.72,1304.00,f,2026-08-01
a88ba9c29d7f89f33dffcdcef75e7d05,SAO PAULO,IPEUNA,SP,Brasil,t,interior,3521101,6831,154556.58,1722.53,f,2026-08-01
35f7e32e6c32da63ed36a349eae02299,SAO PAULO,IPIGUA,SP,Brasil,t,interior,3521150,6761,25601.39,1353.73,f,2026-08-01
b1c5b204bf67396dbbf33e2882fc2a7c,SAO PAULO,IPORANGA,SP,Brasil,t,interior,3521200,4046,17505.93,1124.95,f,2026-08-01
12e72a9f84022a1f215ca12af4e0c9f9,SAO PAULO,IPUA,SP,Brasil,t,interior,3521309,14454,40806.01,1452.66,f,2026-08-01
53c072fac143a87cf3428009ed4c66a0,SAO PAULO,IRACEMAPOLIS,SP,Brasil,t,interior,3521408,21967,109426.78,1866.43,f,2026-08-01
894f87d2695828a1e8151bb95686bd02,SAO PAULO,IRAPUA,SP,Brasil,t,interior,3521507,6867,41126.55,1334.09,f,2026-08-01
8bd5df79b8cbe58d6c55e84a18089d52,SAO PAULO,IRAPURU,SP,Brasil,t,interior,3521606,7085,20101.91,1356.24,f,2026-08-01
59e01941cd084a26dede3196c0e718bf,SAO PAULO,ITABERA,SP,Brasil,t,interior,3521705,17983,58842.18,1205.06,f,2026-08-01
f93915ceb4289340910a6450e0811fca,SAO PAULO,ITAI,SP,Brasil,t,interior,3521804,25180,43000.48,1400.91,f,2026-08-01
44fcf551167c8521d19bede74cc5f30f,SAO PAULO,ITAJOBI,SP,Brasil,t,interior,3521903,16989,75256.58,1572.71,f,2026-08-01
f508e42096bce6b27cdb2e1b5657397f,SAO PAULO,ITAJU,SP,Brasil,t,interior,3522000,3618,85214.21,1371.85,f,2026-08-01
776e4be34e27280948ab7310366c1d35,SAO PAULO,ITANHAEM,SP,Brasil,t,interior,3522109,112476,26284.77,1374.20,f,2026-08-01
dcfdae3a6403658c093a017063f6b7b2,SAO PAULO,ITAOCA,SP,Brasil,t,interior,3522158,3422,19866.16,1008.01,f,2026-08-01
bb26bdc5f14837b5ca673872588db44f,SAO PAULO,ITAPECERICA DA SERRA,SP,Brasil,t,interior,3522208,158522,39206.76,1248.65,f,2026-08-01
c886cd6ceffcb7686c6b02b26f33e301,SAO PAULO,ITAPETININGA,SP,Brasil,t,interior,3522307,157790,50464.55,1671.40,f,2026-08-01
754f08677ce459223b5fd767090404ba,SAO PAULO,ITAPEVA,SP,Brasil,t,interior,3522406,89728,50803.67,1443.07,f,2026-08-01
d79b52f7f56851f6ba9f57f71649f664,SAO PAULO,ITAPEVI,SP,Brasil,t,interior,3522505,232297,67220.40,1138.47,f,2026-08-01
7a655345a9d41d44c31dce11d2028330,SAO PAULO,ITAPIRA,SP,Brasil,t,interior,3522604,72022,88389.30,1823.28,f,2026-08-01
c9b22d17cb39d63326babc2349da24ac,SAO PAULO,ITAPIRAPUA PAULISTA,SP,Brasil,t,interior,3522653,4306,17953.55,1084.01,f,2026-08-01
d4da302e5c9e15bbc7abd361637fdb87,SAO PAULO,ITAPOLIS,SP,Brasil,t,interior,3522703,39493,63931.79,1675.41,f,2026-08-01
bca84ea1ecad54b6bb17b56f939abbaf,SAO PAULO,ITAPORANGA,SP,Brasil,t,interior,3522802,14085,28988.78,1283.91,f,2026-08-01
18d705e59e944ee53be48e34f9be06fa,SAO PAULO,ITAPUI,SP,Brasil,t,interior,3522901,13659,96005.42,1421.09,f,2026-08-01
52be7a63bf331241561342150291672f,SAO PAULO,ITAPURA,SP,Brasil,t,interior,3523008,3979,52613.47,1299.95,f,2026-08-01
d927ebe811a702c855bf73634899e336,SAO PAULO,ITAQUAQUECETUBA,SP,Brasil,t,interior,3523107,369275,32439.94,1101.16,f,2026-08-01
f964d8d04992df1075fc94e320644e35,SAO PAULO,ITARARE,SP,Brasil,t,interior,3523206,44438,31649.60,1297.43,f,2026-08-01
df5c1ee57cf2e3c56f7b42c96fdcb9a2,SAO PAULO,ITARIRI,SP,Brasil,t,interior,3523305,15528,25800.30,1027.49,f,2026-08-01
093071f082085abdadb92f1626211374,SAO PAULO,ITATIBA,SP,Brasil,t,interior,3523404,121590,84936.81,2282.10,f,2026-08-01
f839625bc10e0de3a57eaca9652448c0,SAO PAULO,ITATINGA,SP,Brasil,t,interior,3523503,19070,31523.91,1388.79,f,2026-08-01
cfa21bb1990632d58b6676f2f7b80d8b,SAO PAULO,ITIRAPINA,SP,Brasil,t,interior,3523602,16148,97242.57,1659.02,f,2026-08-01
e40888146e159d2a53178b3349ccdb19,SAO PAULO,ITIRAPUA,SP,Brasil,t,interior,3523701,5779,33029.24,1202.12,f,2026-08-01
9f6df9a3923aad99405477e08a653ca8,SAO PAULO,ITOBI,SP,Brasil,t,interior,3523800,8046,31212.78,1439.31,f,2026-08-01
9e2a619df0ec45d9f9555193bfb6a165,SAO PAULO,ITU,SP,Brasil,t,interior,3523909,168240,83288.93,1874.09,f,2026-08-01
f6c22e2f97021255ebed46d64dee6d1e,SAO PAULO,ITUPEVA,SP,Brasil,t,interior,3524006,70616,149105.87,2035.47,f,2026-08-01
6922ec126e43837adb20aa88edc726c8,SAO PAULO,ITUVERAVA,SP,Brasil,t,interior,3524105,37571,59051.53,1788.40,f,2026-08-01
1d11b8daaac9dca4c171b78a85043996,SAO PAULO,JABORANDI,SP,Brasil,t,interior,3524204,6221,39719.50,1584.97,f,2026-08-01
2dec96ac7a9d7e1d041c3d7113701bdd,SAO PAULO,JABOTICABAL,SP,Brasil,t,interior,3524303,71821,57869.61,1948.36,f,2026-08-01
27ab9714dc5ef042821287ea710b133c,SAO PAULO,JACAREI,SP,Brasil,t,interior,3524402,240275,81960.24,1799.50,f,2026-08-01
0f51d71c6363a7dc43e47b1a8f164d96,SAO PAULO,JACI,SP,Brasil,t,interior,3524501,7613,115696.83,1443.85,f,2026-08-01
0ee291bd90fffc1a8bac052ad2a2db7f,SAO PAULO,JACUPIRANGA,SP,Brasil,t,interior,3524600,16097,43418.09,1256.95,f,2026-08-01
15920480024e125a8b7accf7d804e5eb,SAO PAULO,JAGUARIUNA,SP,Brasil,t,interior,3524709,59347,247373.55,2045.01,f,2026-08-01
17ac81d98b577fb30e4f32db277aab66,SAO PAULO,JALES,SP,Brasil,t,interior,3524808,48776,53104.15,2077.24,f,2026-08-01
8a0e70760dd9113cbfb9deeb7ba679a5,SAO PAULO,JAMBEIRO,SP,Brasil,t,interior,3524907,6397,72165.39,1751.77,f,2026-08-01
3c5e688c694e7d158b314c1f3e1748b2,SAO PAULO,JANDIRA,SP,Brasil,t,interior,3525003,118045,46991.46,1628.78,f,2026-08-01
c05c411c913a32ba07b97d688c699462,SAO PAULO,JARDINOPOLIS,SP,Brasil,t,interior,3525102,45282,52970.54,1536.17,f,2026-08-01
e0421ba7f11bdc6a4cc583c215955751,SAO PAULO,JARINU,SP,Brasil,t,interior,3525201,37535,94483.66,1368.78,f,2026-08-01
83b967cc0a1a30e3d93e67af0a8fbd4f,SAO PAULO,JAU,SP,Brasil,t,interior,3525300,133497,49011.84,1751.62,f,2026-08-01
a42ba9ea1f48fcd890163785a26751c5,SAO PAULO,JERIQUARA,SP,Brasil,t,interior,3525409,3863,79935.02,1491.08,f,2026-08-01
81ca5deb05804b9eb38bb1fdf7ab8564,SAO PAULO,JOANOPOLIS,SP,Brasil,t,interior,3525508,12815,26198.75,1780.73,f,2026-08-01
5664a403554f87c340a752dc9596aaf5,SAO PAULO,JOAO RAMALHO,SP,Brasil,t,interior,3525607,4371,42781.97,1261.53,f,2026-08-01
37cc1fb77dcbeab615b8c390eafd9686,SAO PAULO,JOSE BONIFACIO,SP,Brasil,t,interior,3525706,36633,52972.46,1697.31,f,2026-08-01
244a2825aaa9bf18cd25291f142f6438,SAO PAULO,JULIO MESQUITA,SP,Brasil,t,interior,3525805,4254,19473.20,1240.61,f,2026-08-01
0813b505087c5161d2bbc3303450ef10,SAO PAULO,JUMIRIM,SP,Brasil,t,interior,3525854,3056,94224.80,1366.75,f,2026-08-01
8a90f849f09654c800741166843f9b5e,SAO PAULO,JUNDIAI,SP,Brasil,t,interior,3525904,443221,147597.65,2774.36,f,2026-08-01
a646a16fdfbf57d2b36eb0d9c569964b,SAO PAULO,JUNQUEIROPOLIS,SP,Brasil,t,interior,3526001,20448,46012.86,1638.65,f,2026-08-01
f903f1904d9d1fb44d8456708efacafc,SAO PAULO,JUQUIA,SP,Brasil,t,interior,3526100,17154,26024.13,1160.51,f,2026-08-01
7e841e874057e566e94737c4d2ab4845,SAO PAULO,JUQUITIBA,SP,Brasil,t,interior,3526209,27404,24108.34,1076.35,f,2026-08-01
0bb2bb4ecf2444e66fd4ab800a1bd667,SAO PAULO,LAGOINHA,SP,Brasil,t,interior,3526308,5083,19951.01,1368.11,f,2026-08-01
bcb8544a53f10a35670ff480d5f49352,SAO PAULO,LARANJAL PAULISTA,SP,Brasil,t,interior,3526407,26261,64315.11,1556.49,f,2026-08-01
97bcd2d5dcd8db1c7793f45653a82d33,SAO PAULO,LAVINIA,SP,Brasil,t,interior,3526506,9689,27071.32,1527.78,f,2026-08-01
7b2f5f3309bd29555041d5478e49f41f,SAO PAULO,LAVRINHAS,SP,Brasil,t,interior,3526605,7171,23692.09,1164.45,f,2026-08-01
8a5daafa083029e13c56bf8fc4559b96,SAO PAULO,LEME,SP,Brasil,t,interior,3526704,98161,50310.33,1577.91,f,2026-08-01
8e19d8166747fdbd1c4561025c7f309e,SAO PAULO,LENCOIS PAULISTA,SP,Brasil,t,interior,3526803,66505,98709.09,1795.57,f,2026-08-01
d852dd4332098878380874fd068b4372,SAO PAULO,LIMEIRA,SP,Brasil,t,interior,3526902,291869,71528.46,1932.42,f,2026-08-01
687fdcde09139adf620978de1edbdbb2,SAO PAULO,LINDOIA,SP,Brasil,t,interior,3527009,7014,57785.57,1690.27,f,2026-08-01
a2e790bc90f62f1254496eae7aa9db4a,SAO PAULO,LINS,SP,Brasil,t,interior,3527108,74779,115144.13,1864.07,f,2026-08-01
9940e43891203c15d2ef4293863fa1a1,SAO PAULO,LORENA,SP,Brasil,t,interior,3527207,84855,53047.17,1673.50,f,2026-08-01
2f64d4262ed821850a9dd8a6987328a5,SAO PAULO,LOURDES,SP,Brasil,t,interior,3527256,1950,28430.77,1400.55,f,2026-08-01
2884fb02824737543e89130697378c0e,SAO PAULO,LOUVEIRA,SP,Brasil,t,interior,3527306,51847,388732.46,2025.97,f,2026-08-01
a038675212af3d0c1e2153d809a7259a,SAO PAULO,LUCELIA,SP,Brasil,t,interior,3527405,20061,29912.17,1571.18,f,2026-08-01
307be92d712625a8ffa032df16f70f23,SAO PAULO,LUCIANOPOLIS,SP,Brasil,t,interior,3527504,2372,58454.47,1464.02,f,2026-08-01
8377eeaeb036b6429f16116df870d282,SAO PAULO,LUIS ANTONIO,SP,Brasil,t,interior,3527603,12265,194506.07,1381.42,f,2026-08-01
0d7ef5526922f406c7d612232fb6c52c,SAO PAULO,LUIZIANIA,SP,Brasil,t,interior,3527702,4701,25060.41,1314.88,f,2026-08-01
3ddb6060998cb180103e6e185a543594,SAO PAULO,LUPERCIO,SP,Brasil,t,interior,3527801,3981,28948.51,1073.89,f,2026-08-01
b63ab2655cd6c2367e38faa8f9986662,SAO PAULO,LUTECIA,SP,Brasil,t,interior,3527900,2661,50975.20,1451.06,f,2026-08-01
42921330f55693b3e053110ad79bf6b1,SAO PAULO,MACATUBA,SP,Brasil,t,interior,3528007,16829,41110.40,1555.42,f,2026-08-01
8b50d49a7b107948199aae34e11885de,SAO PAULO,MACAUBAL,SP,Brasil,t,interior,3528106,7481,32754.71,1516.91,f,2026-08-01
4aa55f9b25908dc567d7ce4d5bcbb1d0,SAO PAULO,MACEDONIA,SP,Brasil,t,interior,3528205,3963,31226.34,1428.56,f,2026-08-01
1258e7fe88324f70a60c49fc38f091dd,SAO PAULO,MAGDA,SP,Brasil,t,interior,3528304,3165,53380.41,1547.56,f,2026-08-01
b8cabf1fcca446ba5e7ae4b7721464d0,SAO PAULO,MAIRINQUE,SP,Brasil,t,interior,3528403,50027,58437.70,1607.36,f,2026-08-01
fa415a6017dd2c5f965ce91e67fedd46,SAO PAULO,MAIRIPORA,SP,Brasil,t,interior,3528502,93853,29484.20,1825.67,f,2026-08-01
0167d8e35507fc797df2c5a376fd2912,SAO PAULO,MANDURI,SP,Brasil,t,interior,3528601,9871,36583.73,1661.83,f,2026-08-01
04e0b1f480284fa87831073a9fc37827,SAO PAULO,MARABA PAULISTA,SP,Brasil,t,interior,3528700,4573,44099.72,1197.87,f,2026-08-01
5517a49430f5732751003716115b56cc,SAO PAULO,MARACAI,SP,Brasil,t,interior,3528809,12673,82038.66,1465.29,f,2026-08-01
3633983e134f8efa2dac5c8d0a1ee1f5,SAO PAULO,MARAPOAMA,SP,Brasil,t,interior,3528858,3292,49684.69,1526.46,f,2026-08-01
4ab56738c9f90ba4b7bde4e40bef8e2e,SAO PAULO,MARIAPOLIS,SP,Brasil,t,interior,3528908,3513,25691.72,1361.35,f,2026-08-01
319134eb2ddf878ce8c14a33b54497b4,SAO PAULO,MARILIA,SP,Brasil,t,interior,3529005,237627,52635.31,2024.26,f,2026-08-01
7ba642398cfe348cfd79642b38b1635f,SAO PAULO,MARINOPOLIS,SP,Brasil,t,interior,3529104,1860,30303.76,1441.96,f,2026-08-01
83cdffe14f0d80d55af961a22b556b72,SAO PAULO,MARTINOPOLIS,SP,Brasil,t,interior,3529203,24881,38158.27,1439.59,f,2026-08-01
b375568b666a212c8ba5e8a9c2c3fa7c,SAO PAULO,MATAO,SP,Brasil,t,interior,3529302,79033,96754.27,1700.46,f,2026-08-01
530f3bacdfae3d0e87acccd189946b03,SAO PAULO,MAUA,SP,Brasil,t,interior,3529401,418261,59773.04,1478.74,f,2026-08-01
ee82ed9973977df0bae9458ca1f47ee7,SAO PAULO,MENDONCA,SP,Brasil,t,interior,3529500,6159,96402.83,1756.32,f,2026-08-01
f90593b1dbcb0103daaf771466432fce,SAO PAULO,MERIDIANO,SP,Brasil,t,interior,3529609,4572,95701.66,1579.55,f,2026-08-01
da528ffce326d85b09993359901acb07,SAO PAULO,MESOPOLIS,SP,Brasil,t,interior,3529658,1952,55497.44,1278.93,f,2026-08-01
43a573030f59a51f1695d456d6cbbc13,SAO PAULO,MIGUELOPOLIS,SP,Brasil,t,interior,3529708,19441,57255.18,1416.73,f,2026-08-01
2dfda5bbac3f0561d6af62a968bc29ea,SAO PAULO,MINEIROS DO TIETE,SP,Brasil,t,interior,3529807,11230,27599.38,1304.70,f,2026-08-01
9a9472c85cf0fc3aa5f356a9cad7defb,SAO PAULO,MIRA ESTRELA,SP,Brasil,t,interior,3530003,3126,24708.89,1291.65,f,2026-08-01
0ec6829b50477bf8704f2661568d9484,SAO PAULO,MIRACATU,SP,Brasil,t,interior,3529906,18553,30228.37,1125.40,f,2026-08-01
8500d355c73152cc81be752a7bf26f17,SAO PAULO,MIRANDOPOLIS,SP,Brasil,t,interior,3530102,27983,34979.02,1683.93,f,2026-08-01
cecbb05f09d1da641afccf9386453d10,SAO PAULO,MIRANTE DO PARANAPANEMA,SP,Brasil,t,interior,3530201,15917,40906.45,1182.36,f,2026-08-01
0dc4f62921757da4edb7bf49870e8bbc,SAO PAULO,MIRASSOL,SP,Brasil,t,interior,3530300,63337,52826.75,2049.55,f,2026-08-01
ce912dabea9daba57d6be8d40fa0a525,SAO PAULO,MIRASSOLANDIA,SP,Brasil,t,interior,3530409,4669,80992.50,1322.05,f,2026-08-01
a62f982c5000c9ec7c6af34f9de1c76f,SAO PAULO,MOCOCA,SP,Brasil,t,interior,3530508,67681,59315.81,1693.15,f,2026-08-01
9691331ce7f13f65502b6f727765beec,SAO PAULO,MOGI-GUACU,SP,Brasil,t,interior,,,,,,2026-08-01
093fb30a5a2e11ad12d8ac5b0ebf68e4,SAO PAULO,MOGI-MIRIM,SP,Brasil,t,interior,,,,,,2026-08-01
2bf55ed6bedf74c9ac59240d5c69cf2a,SAO PAULO,MOGI DAS CRUZES,SP,Brasil,t,interior,3530607,451505,57745.81,1851.39,f,2026-08-01
01692c590ce05db4900ff745fb57e05f,SAO PAULO,MOMBUCA,SP,Brasil,t,interior,3530904,3722,48143.20,1274.03,f,2026-08-01
4e9a2d8496445c01059a3b99f33248d2,SAO PAULO,MONCOES,SP,Brasil,t,interior,3531001,1937,40207.02,1338.77,f,2026-08-01
21bc9971b710f1827ef6068f8fa1b3eb,SAO PAULO,MONGAGUA,SP,Brasil,t,interior,3531100,61951,24792.27,1287.82,f,2026-08-01
bd0f3ab14c18182d68c58912e11a6fc1,SAO PAULO,MONTE ALEGRE DO SUL,SP,Brasil,t,interior,3531209,8627,35302.54,1992.61,f,2026-08-01
6253adf8c7c98871d79dd049412a67cb,SAO PAULO,MONTE ALTO,SP,Brasil,t,interior,3531308,47574,64379.32,1861.15,f,2026-08-01
fa47f0cee6f4520d42073172fddb2627,SAO PAULO,MONTE APRAZIVEL,SP,Brasil,t,interior,3531407,22280,46614.00,1691.50,f,2026-08-01
11a222f065c5a0d5a5bfde0bb308223b,SAO PAULO,MONTE AZUL PAULISTA,SP,Brasil,t,interior,3531506,18151,52780.23,1799.99,f,2026-08-01
4c01c4d324e1991cc3b98250178e12fd,SAO PAULO,MONTE CASTELO,SP,Brasil,t,interior,3531605,4222,38357.89,1402.16,f,2026-08-01
b87646da672797a1635b053406ddbbb4,SAO PAULO,MONTE MOR,SP,Brasil,t,interior,3531803,64662,93554.14,1367.63,f,2026-08-01
dd20e17bc46b9bb010843245f63bb556,SAO PAULO,MONTEIRO LOBATO,SP,Brasil,t,interior,3531704,4138,27523.20,1471.13,f,2026-08-01
4523b70617b08104082b541050b1b4f4,SAO PAULO,MORRO AGUDO,SP,Brasil,t,interior,3531902,27933,70890.88,1397.00,f,2026-08-01
09271000c44e55df419ab6724d3e9106,SAO PAULO,MORUNGABA,SP,Brasil,t,interior,3532009,13720,55804.74,1680.58,f,2026-08-01
596c7cf233f6cd54c983e56a00ab10c4,SAO PAULO,MOTUCA,SP,Brasil,t,interior,3532058,4034,42396.38,1479.74,f,2026-08-01
13c7d8a61dbf3448d9b1b517e94a257c,SAO PAULO,MURUTINGA DO SUL,SP,Brasil,t,interior,3532108,3737,30365.00,1502.97,f,2026-08-01
541ee34b04e208c9dfd4ca159eaf0c57,SAO PAULO,NANTES,SP,Brasil,t,interior,3532157,2660,71261.65,1361.26,f,2026-08-01
068419df929f01e9cce364912a1ead27,SAO PAULO,NARANDIBA,SP,Brasil,t,interior,3532207,5713,156845.27,1397.19,f,2026-08-01
b9960c5d4abc2e126578beff362a69d2,SAO PAULO,NATIVIDADE DA SERRA,SP,Brasil,t,interior,3532306,6999,22778.25,1183.61,f,2026-08-01
8c79b28157932fffe46bbcdc11a70126,SAO PAULO,NAZARE PAULISTA,SP,Brasil,t,interior,3532405,18217,32684.31,1356.62,f,2026-08-01
1495d3129cbb402cd82ce70395d19107,SAO PAULO,NEVES PAULISTA,SP,Brasil,t,interior,3532504,9699,39652.75,1828.88,f,2026-08-01
1a31f3a83d39c8d9da3acbc06cfc0774,SAO PAULO,NHANDEARA,SP,Brasil,t,interior,3532603,9852,51549.13,1668.97,f,2026-08-01
deaa236fb948f47367ee12481fa5c83a,SAO PAULO,NIPOA,SP,Brasil,t,interior,3532702,4750,30888.21,1346.36,f,2026-08-01
966a869cd7b097e91c07db12dfcc88fe,SAO PAULO,NOVA ALIANCA,SP,Brasil,t,interior,3532801,6693,54010.16,1565.88,f,2026-08-01
c7947a281ab8147affcf98a1e01670c7,SAO PAULO,NOVA CAMPINA,SP,Brasil,t,interior,3532827,8497,30687.65,926.06,f,2026-08-01
44900f76b3ebf2b1cfeaa2bfc5b271c9,SAO PAULO,NOVA CANAA PAULISTA,SP,Brasil,t,interior,3532843,2032,28135.83,1499.45,f,2026-08-01
a5a6540669b20260eafbb2480c3744b2,SAO PAULO,NOVA CASTILHO,SP,Brasil,t,interior,3532868,1062,85902.07,1681.27,f,2026-08-01
c5015cfd42f8b3d867f2b1e151a714fd,SAO PAULO,NOVA EUROPA,SP,Brasil,t,interior,3532900,9311,59757.28,1301.87,f,2026-08-01
2cf3a7a6f9a5025ff15ba4ae18bbd464,SAO PAULO,NOVA GRANADA,SP,Brasil,t,interior,3533007,19419,37712.60,1455.77,f,2026-08-01
7caf2b5a100467ee53e557047d01559a,SAO PAULO,NOVA GUATAPORANGA,SP,Brasil,t,interior,3533106,2156,22008.81,1356.94,f,2026-08-01
687102dcd0cbcff466a5d5bf51f15487,SAO PAULO,NOVA INDEPENDENCIA,SP,Brasil,t,interior,3533205,4609,62039.27,1422.32,f,2026-08-01
6d284ff170e1cbd8d945e591d1c00753,SAO PAULO,NOVA LUZITANIA,SP,Brasil,t,interior,3533304,2837,24702.15,1254.56,f,2026-08-01
417e7b1c4f33f9311bdc779144bd0816,SAO PAULO,NOVA ODESSA,SP,Brasil,t,interior,3533403,62019,90509.31,1934.32,f,2026-08-01
018f944ed0103a07132f7d8977a640e7,SAO PAULO,NOVAIS,SP,Brasil,t,interior,3533254,4412,23913.64,1145.17,f,2026-08-01
14d2ab757d42cadc41293ba3297b08e6,SAO PAULO,NOVO HORIZONTE,SP,Brasil,t,interior,3533502,38324,60374.26,1693.96,f,2026-08-01
7098d0150d3e8f3f4816f0d8cc9d01ec,SAO PAULO,NUPORANGA,SP,Brasil,t,interior,3533601,7391,167167.77,1765.43,f,2026-08-01
fa93e7955a128ea87dda7ccf823bfb07,SAO PAULO,OCAUCU,SP,Brasil,t,interior,3533700,4331,37845.76,1349.57,f,2026-08-01
9e25046dca670c5a4380d94b412921c3,SAO PAULO,OLEO,SP,Brasil,t,interior,3533809,2512,57011.15,1376.51,f,2026-08-01
443c005d511915ff9b94b4c92713a25d,SAO PAULO,OLIMPIA,SP,Brasil,t,interior,3533908,55074,64815.99,1674.78,f,2026-08-01
bde5a1c8e7a175e32aefc27075480e60,SAO PAULO,ONDA VERDE,SP,Brasil,t,interior,3534005,4771,77675.33,1480.85,f,2026-08-01
c3cccd58d1b8130b467f71838eebcc22,SAO PAULO,ORIENTE,SP,Brasil,t,interior,3534104,6085,31894.66,1590.53,f,2026-08-01
ba6285b4c016157d12434a63edb4d96a,SAO PAULO,ORINDIUVA,SP,Brasil,t,interior,3534203,6024,137843.63,1567.59,f,2026-08-01
a925618426a8f9ba4cd6cadd28eeec75,SAO PAULO,ORLANDIA,SP,Brasil,t,interior,3534302,38319,84752.94,1737.14,f,2026-08-01
fdebe9513b535763b0200e8a6139ebb2,SAO PAULO,OSASCO,SP,Brasil,t,interior,3534401,728615,163878.12,1951.14,f,2026-08-01
fc17de3ddce6814e0a5f3aee4f1fb45f,SAO PAULO,OSCAR BRESSANE,SP,Brasil,t,interior,3534500,2470,49959.11,1469.93,f,2026-08-01
0297811b610f9f2b2522663dac8c7926,SAO PAULO,OSVALDO CRUZ,SP,Brasil,t,interior,3534609,31272,51651.57,1773.28,f,2026-08-01
98a1b669cf083c34a515f7e7920e872d,SAO PAULO,OURINHOS,SP,Brasil,t,interior,3534708,103970,47155.54,1834.77,f,2026-08-01
61d5114f0b77ed857c7eb4e9c22548e4,SAO PAULO,OURO VERDE,SP,Brasil,t,interior,3534807,7779,24025.07,1167.79,f,2026-08-01
0163a66f410e79a4d881ac46354fde56,SAO PAULO,OUROESTE,SP,Brasil,t,interior,3534757,10294,65157.86,1715.52,f,2026-08-01
8670221e9dcdf7db7271c69f1f60bbfb,SAO PAULO,PACAEMBU,SP,Brasil,t,interior,3534906,14877,19173.49,1561.57,f,2026-08-01
49b434835486df18940028625e6de065,SAO PAULO,PALESTINA,SP,Brasil,t,interior,3535002,11476,52574.76,1569.56,f,2026-08-01
875bdc9876a0270819f5dc62edba75e9,SAO PAULO,PALMARES PAULISTA,SP,Brasil,t,interior,3535101,9650,21724.97,1390.30,f,2026-08-01
885127d3610210503c828bcb6c30723a,SAO PAULO,PALMEIRA D'OESTE,SP,Brasil,t,interior,3535200,8903,34692.13,1515.31,f,2026-08-01
3087a7df9bda99f0a97742e48bbd12d7,SAO PAULO,PALMITAL,SP,Brasil,t,interior,3535309,19594,71746.81,1582.67,f,2026-08-01
3086dedf42d6c200d4534e3784ecafc9,SAO PAULO,PANORAMA,SP,Brasil,t,interior,3535408,14964,26540.56,1347.66,f,2026-08-01
96bcb07904ac02cc18a6cd48d2dc5675,SAO PAULO,PARAGUACU PAULISTA,SP,Brasil,t,interior,3535507,41120,76213.57,1546.02,f,2026-08-01
4a3b834d729791ad2f7ebb1d68642b2c,SAO PAULO,PARAIBUNA,SP,Brasil,t,interior,3535606,17667,23126.11,1390.47,f,2026-08-01
6c05fac4e05ee865e506543f44188f07,SAO PAULO,PARAISO,SP,Brasil,t,interior,3535705,6099,71499.59,1744.46,f,2026-08-01
22980ee7f99730fb50473ebf596bb198,SAO PAULO,PARANAPANEMA,SP,Brasil,t,interior,3535804,19395,63034.13,1579.99,f,2026-08-01
63a15a181f4d437c508af39164ad4866,SAO PAULO,PARANAPUA,SP,Brasil,t,interior,3535903,4031,39854.38,1515.68,f,2026-08-01
8a1370a6b6024a9c96d4f0035f94c1e0,SAO PAULO,PARAPUA,SP,Brasil,t,interior,3536000,10580,108729.30,1490.20,f,2026-08-01
d0d47b6fda6ec47c13cabed1a7c8c3b1,SAO PAULO,PARDINHO,SP,Brasil,t,interior,3536109,7153,72133.51,1633.36,f,2026-08-01
2a8899438398f160cc8668bb32818632,SAO PAULO,PARIQUERA-ACU,SP,Brasil,t,interior,3536208,19233,39156.50,1435.07,f,2026-08-01
cf95194ba7fcef61131fe0bbb148d9b4,SAO PAULO,PARISI,SP,Brasil,t,interior,3536257,2892,23489.28,1359.26,f,2026-08-01
4d8ab00c67d132f09f2a4589f9d8314f,SAO PAULO,PATROCINIO PAULISTA,SP,Brasil,t,interior,3536307,14512,127481.53,1342.63,f,2026-08-01
6d7bee7fbcb2cc06055b615809e94e65,SAO PAULO,PAULICEIA,SP,Brasil,t,interior,3536406,7955,40527.22,1196.60,f,2026-08-01
41d52b9c8d289aa28156a1e0b9a340e9,SAO PAULO,PAULINIA,SP,Brasil,t,interior,3536505,110537,606740.73,2680.07,f,2026-08-01
9bc7c6349c60da2aed42b14673c8199e,SAO PAULO,PAULISTANIA,SP,Brasil,t,interior,3536570,2090,35648.80,1337.04,f,2026-08-01
4689b3bf596182184b6abebe9f2cf007,SAO PAULO,PAULO DE FARIA,SP,Brasil,t,interior,3536604,7400,57587.30,1373.91,f,2026-08-01
5e761f43b949341c8fc759f707c711aa,SAO PAULO,PEDERNEIRAS,SP,Brasil,t,interior,3536703,44827,85672.05,1528.30,f,2026-08-01
fdb52aa7eefc8f04d16508645212cffc,SAO PAULO,PEDRA BELA,SP,Brasil,t,interior,3536802,6557,22505.57,1372.00,f,2026-08-01
870fdda2992f7c89ce1438b512963608,SAO PAULO,PEDRANOPOLIS,SP,Brasil,t,interior,3536901,2787,41954.79,1530.81,f,2026-08-01
e5b1c3d0e263d294e912cef20f1001bf,SAO PAULO,PEDREGULHO,SP,Brasil,t,interior,3537008,15525,91303.57,1428.33,f,2026-08-01
ca38ed8fb4ac77c846ec54ad62273627,SAO PAULO,PEDREIRA,SP,Brasil,t,interior,3537107,43112,42152.81,1769.50,f,2026-08-01
a3a3b13365a17154183115313456a429,SAO PAULO,PEDRINHAS PAULISTA,SP,Brasil,t,interior,3537156,2804,63468.97,1839.31,f,2026-08-01
a7e4d29475b7e437f828c749bb7b0b4d,SAO PAULO,PEDRO DE TOLEDO,SP,Brasil,t,interior,3537206,11281,18473.45,1125.29,f,2026-08-01
340bf9d390815f5d68157f8fae7a207f,SAO PAULO,PENAPOLIS,SP,Brasil,t,interior,3537305,61679,44475.10,1737.74,f,2026-08-01
263b8977b53eb3f050c8b5c6e836079e,SAO PAULO,PEREIRA BARRETO,SP,Brasil,t,interior,3537404,24095,62081.72,1619.12,f,2026-08-01
ecba9872423a55ad2c5a299fae30bda1,SAO PAULO,PEREIRAS,SP,Brasil,t,interior,3537503,8737,46979.86,1397.46,f,2026-08-01
cb4890483fa46e51f538144344ca17a8,SAO PAULO,PERUIBE,SP,Brasil,t,interior,3537602,68352,34629.51,1407.11,f,2026-08-01
633c7c69fd914ee1cb880ec05e2ae487,SAO PAULO,PIACATU,SP,Brasil,t,interior,3537701,5519,29004.35,1450.85,f,2026-08-01
a02714684706fe85d4082b697d176c65,SAO PAULO,PIEDADE,SP,Brasil,t,interior,3537800,52970,34730.07,1446.28,f,2026-08-01
919388dfdabef096e7d3538de1114807,SAO PAULO,PILAR DO SUL,SP,Brasil,t,interior,3537909,27619,54411.60,1571.17,f,2026-08-01
46f2233b8cc687153c8beacc851f7a77,SAO PAULO,PINDAMONHANGABA,SP,Brasil,t,interior,3538006,165428,82662.43,1610.98,f,2026-08-01
fe6481c437e62f903b4ac0ced3a8d2c9,SAO PAULO,PINDORAMA,SP,Brasil,t,interior,3538105,14542,50426.08,1694.67,f,2026-08-01
82da70216c27d512d09a8de9b6310167,SAO PAULO,PINHALZINHO,SP,Brasil,t,interior,3538204,15224,27351.88,1382.52,f,2026-08-01
12e5e4719208c230be736150e7b13595,SAO PAULO,PIQUEROBI,SP,Brasil,t,interior,3538303,3264,30727.94,1304.25,f,2026-08-01
fbd4448f0c3ccadcafb0f567b242e47b,SAO PAULO,PIQUETE,SP,Brasil,t,interior,3538501,12490,18203.44,1321.99,f,2026-08-01
276e07ce50b804a62c3ea3ea42d97465,SAO PAULO,PIRACAIA,SP,Brasil,t,interior,3538600,26029,30713.78,1603.66,f,2026-08-01
a0be1d4d1d275c98aa6a346b3f1eb164,SAO PAULO,PIRACICABA,SP,Brasil,t,interior,3538709,423323,104770.09,2145.67,f,2026-08-01
1e9a22289ad1d7a391289d9b499a9340,SAO PAULO,PIRAJU,SP,Brasil,t,interior,3538808,29436,36982.91,1659.91,f,2026-08-01
90fc8e1653a4d95a1f8b38686a71d22f,SAO PAULO,PIRAJUI,SP,Brasil,t,interior,3538907,22431,32892.38,1707.81,f,2026-08-01
8f55b60c72969cb4dd36205bfbf851e1,SAO PAULO,PIRANGI,SP,Brasil,t,interior,3539004,10885,49200.28,1696.01,f,2026-08-01
cb365c5aef71a6b4805a7a7a02421ce7,SAO PAULO,PIRAPORA DO BOM JESUS,SP,Brasil,t,interior,3539103,18370,37741.64,1199.19,f,2026-08-01
46503f426cfbbc5ff1d2a990bb94d513,SAO PAULO,PIRAPOZINHO,SP,Brasil,t,interior,3539202,25348,55662.30,1546.97,f,2026-08-01
92df939f80eddbb6e3a4fa712e2a1126,SAO PAULO,PIRASSUNUNGA,SP,Brasil,t,interior,3539301,73545,58527.61,2014.47,f,2026-08-01
6417fb5fef077f3a284f1e7794f07b82,SAO PAULO,PIRATININGA,SP,Brasil,t,interior,3539400,15108,25791.30,2157.60,f,2026-08-01
67485ab858de62283a3d93b4afb92b2e,SAO PAULO,PITANGUEIRAS,SP,Brasil,t,interior,3539509,33674,54349.35,1363.54,f,2026-08-01
a49b1f32237d7b71ac4c4b329615fb19,SAO PAULO,PLANALTO,SP,Brasil,t,interior,3539608,4389,75526.77,1363.79,f,2026-08-01
531585f6a8b96d8ed2bb700422438fd0,SAO PAULO,PLATINA,SP,Brasil,t,interior,3539707,3025,53026.78,1317.54,f,2026-08-01
9d40f8af04e4e8b93e55b694f7446937,SAO PAULO,POA,SP,Brasil,t,interior,3539806,103765,44434.64,1476.59,f,2026-08-01
be897cae56b87ab45083a6ce55e55101,SAO PAULO,POLONI,SP,Brasil,t,interior,3539905,5592,35764.31,1589.47,f,2026-08-01
0e7c0cb06e5b28dc9d1cea0e9c1db5ff,SAO PAULO,POMPEIA,SP,Brasil,t,interior,3540002,20196,124235.74,1904.12,f,2026-08-01
263008d007b9c32d54333a3ed0ab6431,SAO PAULO,PONGAI,SP,Brasil,t,interior,3540101,3395,36636.23,1724.87,f,2026-08-01
2ec3697ec548509a96a72fddb9559337,SAO PAULO,PONTAL,SP,Brasil,t,interior,3540200,37607,57275.35,1384.14,f,2026-08-01
e07a9455721a230897d159a41d75b5ec,SAO PAULO,PONTALINDA,SP,Brasil,t,interior,3540259,4127,31983.77,1217.50,f,2026-08-01
a5426a4f1fc65c0ab31e8233ddf85e79,SAO PAULO,PONTES GESTAL,SP,Brasil,t,interior,3540309,2387,63887.31,1493.44,f,2026-08-01
624ca58375b40c781ffa9ead3b779666,SAO PAULO,POPULINA,SP,Brasil,t,interior,3540408,4127,37808.82,1340.00,f,2026-08-01
60f8730250271e72abc1b5e3c30bbd22,SAO PAULO,PORANGABA,SP,Brasil,t,interior,3540507,10451,29585.69,1451.19,f,2026-08-01
dad6a60d6a99e4104321664896d68732,SAO PAULO,PORTO FELIZ,SP,Brasil,t,interior,3540606,56497,89687.05,1626.03,f,2026-08-01
015ae93aee07dd091bf20872c5a60ee1,SAO PAULO,PORTO FERREIRA,SP,Brasil,t,interior,3540705,52649,58298.45,1719.41,f,2026-08-01
64148d7c0b8d760fc32e317231b77abd,SAO PAULO,POTIM,SP,Brasil,t,interior,3540754,20392,17422.08,1092.82,f,2026-08-01
337f5b064eb6457648ca1debbd1e4b01,SAO PAULO,POTIRENDABA,SP,Brasil,t,interior,3540804,18496,54996.92,1696.31,f,2026-08-01
484725a77a408aec8cbb586be1629718,SAO PAULO,PRACINHA,SP,Brasil,t,interior,3540853,2578,17067.88,1252.86,f,2026-08-01
5c49c3a2a5a9188f4f566143a5b97be3,SAO PAULO,PRADOPOLIS,SP,Brasil,t,interior,3540903,17078,85302.49,1538.35,f,2026-08-01
56038f651ad638b7f8fe4d66ec05490b,SAO PAULO,PRAIA GRANDE,SP,Brasil,t,interior,3541000,349935,32567.89,1795.56,f,2026-08-01
7290cd7661a28b690a9f5686ffd3dc0f,SAO PAULO,PRATANIA,SP,Brasil,t,interior,3541059,5126,49288.92,1368.51,f,2026-08-01
ffec92d06b5f0a254da6321a4e9ff8cb,SAO PAULO,PRESIDENTE ALVES,SP,Brasil,t,interior,3541109,3804,29698.21,1520.64,f,2026-08-01
3f62ae291339bc442a37515ecc1177d4,SAO PAULO,PRESIDENTE BERNARDES,SP,Brasil,t,interior,3541208,14490,24277.64,1619.00,f,2026-08-01
c6b6c65043ba5784f87cc1bb5c9a54e4,SAO PAULO,PRESIDENTE EPITACIO,SP,Brasil,t,interior,3541307,39505,38520.74,1428.42,f,2026-08-01
8066a356323933873e1e04795bb2027e,SAO PAULO,PRESIDENTE PRUDENTE,SP,Brasil,t,interior,3541406,225668,51480.93,2104.17,f,2026-08-01
7dc0b33d07a426a505153f350e18a813,SAO PAULO,PRESIDENTE VENCESLAU,SP,Brasil,t,interior,3541505,35201,31143.94,1954.88,f,2026-08-01
b976a9690030e9133804fb4ab1f5a1d4,SAO PAULO,PROMISSAO,SP,Brasil,t,interior,3541604,35131,95348.30,1506.74,f,2026-08-01
8461684dee7720a4d5aec334fbcfc049,SAO PAULO,QUADRA,SP,Brasil,t,interior,3541653,3405,61662.26,1517.01,f,2026-08-01
f25063428d9191f10204667ef10e91c5,SAO PAULO,QUATA,SP,Brasil,t,interior,3541703,13163,82621.21,1377.34,f,2026-08-01
b49ac94ca0882747c4716226cb0a977d,SAO PAULO,QUEIROZ,SP,Brasil,t,interior,3541802,3265,335620.21,1374.71,f,2026-08-01
605f8f2fca26414d318a8d66bfe3ca20,SAO PAULO,QUELUZ,SP,Brasil,t,interior,3541901,9159,52572.22,1157.07,f,2026-08-01
918f64f08577fd8d6572bbe5dd8af77d,SAO PAULO,QUINTANA,SP,Brasil,t,interior,3542008,7038,52812.73,1452.52,f,2026-08-01
2547f37c4ab05905d9f4f1523dd385cf,SAO PAULO,RAFARD,SP,Brasil,t,interior,3542107,8965,66361.41,1616.59,f,2026-08-01
2a1bced0e726e7c3ccbc393f4acb511d,SAO PAULO,RANCHARIA,SP,Brasil,t,interior,3542206,28588,69947.43,1424.04,f,2026-08-01
cac1d03bdcfb65f1067f0170adc49a01,SAO PAULO,REDENCAO DA SERRA,SP,Brasil,t,interior,3542305,4494,27160.44,1108.67,f,2026-08-01
0959ed60dd0208963b2668b671f8c28b,SAO PAULO,REGENTE FEIJO,SP,Brasil,t,interior,3542404,20145,64224.27,1607.09,f,2026-08-01
f1eac5b0b1d562cf15537c4de4b7904b,SAO PAULO,REGINOPOLIS,SP,Brasil,t,interior,3542503,7662,35322.89,1654.56,f,2026-08-01
a667f817401c4ba2a456b1648c21c916,SAO PAULO,REGISTRO,SP,Brasil,t,interior,3542602,59947,48908.45,1533.08,f,2026-08-01
80d73b14f7ce0ee7ac6fec27ac54dae3,SAO PAULO,RESTINGA,SP,Brasil,t,interior,3542701,6404,48687.85,1215.00,f,2026-08-01
8ce823021f9e385f7644f373cbbb5418,SAO PAULO,RIBEIRA,SP,Brasil,t,interior,3542800,3132,19770.75,1092.39,f,2026-08-01
c88ab694f6c440a1c6018aff5b5ce78c,SAO PAULO,RIBEIRAO BONITO,SP,Brasil,t,interior,3542909,10989,44958.96,1436.29,f,2026-08-01
32bebc940c1432f6731ad0d993a6709f,SAO PAULO,RIBEIRAO BRANCO,SP,Brasil,t,interior,3543006,18627,34398.94,1023.29,f,2026-08-01
4fc106275ad3787cac2c1757b8489be8,SAO PAULO,RIBEIRAO CORRENTE,SP,Brasil,t,interior,3543105,4608,61322.48,1222.84,f,2026-08-01
f46e297580d0d9587cd70814a82df5a4,SAO PAULO,RIBEIRAO DO SUL,SP,Brasil,t,interior,3543204,4677,69885.61,1402.27,f,2026-08-01
edea2186eb3aad9edacf9712ecc27412,SAO PAULO,RIBEIRAO DOS INDIOS,SP,Brasil,t,interior,3543238,2025,27905.68,1309.36,f,2026-08-01
51d952956452d4d3c17e7bde8c10f361,SAO PAULO,RIBEIRAO GRANDE,SP,Brasil,t,interior,3543253,7450,17083.09,1110.80,f,2026-08-01
22b8674810332b8ce64911b6cb5d4baf,SAO PAULO,RIBEIRAO PIRES,SP,Brasil,t,interior,3543303,115559,41997.85,1660.30,f,2026-08-01
cb9dce22e477c16526fab47d60feb36c,SAO PAULO,RIBEIRAO PRETO,SP,Brasil,t,interior,3543402,698642,74869.27,2507.29,f,2026-08-01
6aa0053a2dea243c5c0da28b61606002,SAO PAULO,RIFAINA,SP,Brasil,t,interior,3543600,4049,57523.09,1599.06,f,2026-08-01
7f9fb8f593d638296cb688aa022a237f,SAO PAULO,RINCAO,SP,Brasil,t,interior,3543709,9098,38133.33,1396.80,f,2026-08-01
18ed23c411b0a69498f9371769a2c74e,SAO PAULO,RINOPOLIS,SP,Brasil,t,interior,3543808,9259,53534.94,1359.86,f,2026-08-01
abcfd31137e1c08bb8c0a60987ca01c4,SAO PAULO,RIO CLARO,SP,Brasil,t,interior,3543907,201418,76592.54,2056.67,f,2026-08-01
2101bae50e3248ffaf39939b2ceed987,SAO PAULO,RIO DAS PEDRAS,SP,Brasil,t,interior,3544004,31328,65038.50,1563.69,f,2026-08-01
698b1d66b833160b63cb2114fb26a7fd,SAO PAULO,RIO GRANDE DA SERRA,SP,Brasil,t,interior,3544103,44170,26399.14,1233.69,f,2026-08-01
3d2ec2eedb69c4a7a199f929ae4b99f1,SAO PAULO,RIOLANDIA,SP,Brasil,t,interior,3544202,10309,37892.62,1152.39,f,2026-08-01
882f4d997939625bee764cbf8b05b67e,SAO PAULO,RIVERSUL,SP,Brasil,t,interior,3543501,5599,21283.09,1032.65,f,2026-08-01
757c690408951282090a490973d9ef7a,SAO PAULO,ROSANA,SP,Brasil,t,interior,3544251,17440,88459.35,1598.65,f,2026-08-01
12832518003c8d857c54ac496a4337c9,SAO PAULO,ROSEIRA,SP,Brasil,t,interior,3544301,10832,41572.56,1393.07,f,2026-08-01
93e399434e8d12b8459589c2879dee30,SAO PAULO,RUBIACEA,SP,Brasil,t,interior,3544400,2700,32844.07,1214.43,f,2026-08-01
316713026fbafd303559a59f2209007e,SAO PAULO,RUBINEIA,SP,Brasil,t,interior,3544509,3833,51234.54,1417.38,f,2026-08-01
14c702c2e2bd99eb0c2840274eb4e43f,SAO PAULO,SABINO,SP,Brasil,t,interior,3544608,5112,35842.14,1431.47,f,2026-08-01
e4a07450f61355502265cf9be061e4ca,SAO PAULO,SAGRES,SP,Brasil,t,interior,3544707,2474,29355.30,1184.76,f,2026-08-01
209544454b8d83eef888e1ab310878a2,SAO PAULO,SALES,SP,Brasil,t,interior,3544806,6437,41359.95,1449.56,f,2026-08-01
57c2f61ca99dcb218c5a1783da2d6dd6,SAO PAULO,SALES OLIVEIRA,SP,Brasil,t,interior,3544905,11411,46399.44,1668.02,f,2026-08-01
14fa24c078909dbeee644ffda3caeedc,SAO PAULO,SALESOPOLIS,SP,Brasil,t,interior,3545001,15202,20456.85,1326.05,f,2026-08-01
5f6f35f0c10691aee554f62d764ad43e,SAO PAULO,SALMOURAO,SP,Brasil,t,interior,3545100,4808,23881.86,1280.67,f,2026-08-01
38e5e59d7023d46befa1dee523988725,SAO PAULO,SALTINHO,SP,Brasil,t,interior,3545159,8161,57755.42,1814.85,f,2026-08-01
89298ba15390aaa63929589de2807d54,SAO PAULO,SALTO,SP,Brasil,t,interior,3545209,134319,85609.33,1902.87,f,2026-08-01
ae8939c5b706f4f625ae07f963ffb082,SAO PAULO,SALTO DE PIRAPORA,SP,Brasil,t,interior,3545308,43748,65292.47,1536.70,f,2026-08-01
c361eb7786402c9c9d3dd1acef676cfe,SAO PAULO,SALTO GRANDE,SP,Brasil,t,interior,3545407,9050,43638.45,1320.50,f,2026-08-01
652845539a4fed1785a7c77f8a88225e,SAO PAULO,SANDOVALINA,SP,Brasil,t,interior,3545506,3645,125092.46,1322.62,f,2026-08-01
36d6e92402da8b9304cb3d55bb2e5902,SAO PAULO,SANTA ADELIA,SP,Brasil,t,interior,3545605,14018,39972.82,1450.23,f,2026-08-01
4bfd146abd033a67fc8486a5271236e4,SAO PAULO,SANTA ALBERTINA,SP,Brasil,t,interior,3545704,6393,52228.53,1489.31,f,2026-08-01
9e6620bbf5a387cc4cc4c570bd644dd3,SAO PAULO,SANTA BARBARA D'OESTE,SP,Brasil,t,interior,3545803,183347,58926.47,1877.28,f,2026-08-01
f8692e78be0dcf51da6cc8508ce8a038,SAO PAULO,SANTA BRANCA,SP,Brasil,t,interior,3546009,13975,25585.40,1448.84,f,2026-08-01
daecf4ccb1fbc2c5ab9d13f97181e197,SAO PAULO,SANTA CLARA D'OESTE,SP,Brasil,t,interior,3546108,2598,50251.35,1467.76,f,2026-08-01
9be718361c9d5dc2577d26973bcf9f10,SAO PAULO,SANTA CRUZ DA CONCEICAO,SP,Brasil,t,interior,3546207,4277,46876.32,1761.73,f,2026-08-01
ef8a2454c068c62993dd776db43393c8,SAO PAULO,SANTA CRUZ DA ESPERANCA,SP,Brasil,t,interior,3546256,2116,47948.49,1486.50,f,2026-08-01
47557bde7f6ae5ae77091ade273f60ff,SAO PAULO,SANTA CRUZ DAS PALMEIRAS,SP,Brasil,t,interior,3546306,28864,27334.33,1607.04,f,2026-08-01
afd0ca86621f8bd1847a8184f00ecfcb,SAO PAULO,SANTA CRUZ DO RIO PARDO,SP,Brasil,t,interior,3546405,46442,93015.42,1738.78,f,2026-08-01
86f7fe522c8af60f961f5640add8e428,SAO PAULO,SANTA ERNESTINA,SP,Brasil,t,interior,3546504,6118,24870.06,1533.31,f,2026-08-01
64a5d2d40fe5419fffe474c4eed06ec8,SAO PAULO,SANTA FE DO SUL,SP,Brasil,t,interior,3546603,34794,57161.58,1938.25,f,2026-08-01
b203e419b0cb6ed7a588b3cdfbb21359,SAO PAULO,SANTA GERTRUDES,SP,Brasil,t,interior,3546702,23611,151126.89,1593.01,f,2026-08-01
96d1f39798b2976003c7494c6f62043a,SAO PAULO,SANTA ISABEL,SP,Brasil,t,interior,3546801,53174,43217.76,1412.60,f,2026-08-01
bd34230bef4e1b33a23cb68a73a653d6,SAO PAULO,SANTA LUCIA,SP,Brasil,t,interior,3546900,7149,25928.38,1388.30,f,2026-08-01
ff21e1fc5028cae850928d2f4175ee61,SAO PAULO,SANTA MARIA DA SERRA,SP,Brasil,t,interior,3547007,5243,37720.58,1491.60,f,2026-08-01
770317def767b9921f41ef24be309515,SAO PAULO,SANTA MERCEDES,SP,Brasil,t,interior,3547106,2956,32903.25,1549.88,f,2026-08-01
736397cbf4a75b5f70a02153457692d5,SAO PAULO,SANTA RITA D'OESTE,SP,Brasil,t,interior,3547403,2733,38611.42,1350.25,f,2026-08-01
2b1d7d8524756b23b40d63cbc1d2b6ef,SAO PAULO,SANTA RITA DO PASSA QUATRO,SP,Brasil,t,interior,3547502,24833,39954.09,1753.02,f,2026-08-01
78e567a37e85ba6c3808c3ee4c782aaa,SAO PAULO,SANTA ROSA DE VITERBO,SP,Brasil,t,interior,3547601,23411,48352.87,1588.13,f,2026-08-01
9f7eecd2ce67a058909a1b14dff40583,SAO PAULO,SANTA SALETE,SP,Brasil,t,interior,3547650,1645,40206.69,1589.31,f,2026-08-01
a5b6c2f24a05105baeb2770bd829b065,SAO PAULO,SANTANA DA PONTE PENSA,SP,Brasil,t,interior,3547205,1670,33997.60,1574.52,f,2026-08-01
74631b0c1bdc0c76a545cd9d6fc6b3e9,SAO PAULO,SANTANA DE PARNAIBA,SP,Brasil,t,interior,3547304,154105,92978.14,3465.07,f,2026-08-01
7514a2e7bc0bb37371d4c8b7b12e9718,SAO PAULO,SANTO ANASTACIO,SP,Brasil,t,interior,3547700,17963,35098.42,1557.89,f,2026-08-01
3f30a2dcc652388edd5edff1623d8e42,SAO PAULO,SANTO ANDRE,SP,Brasil,t,interior,3547809,748919,49312.88,2460.93,f,2026-08-01
5713297856e87c9005986811e171efb9,SAO PAULO,SANTO ANTONIO DA ALEGRIA,SP,Brasil,t,interior,3547908,6775,41761.92,1366.48,f,2026-08-01
3bebbc1f9c332cd4f04eb88abe3e8664,SAO PAULO,SANTO ANTONIO DE POSSE,SP,Brasil,t,interior,3548005,23244,92363.19,1423.41,f,2026-08-01
2c7983ef950452c156b563f0d8dc5029,SAO PAULO,SANTO ANTONIO DO ARACANGUA,SP,Brasil,t,interior,3548054,8379,45377.61,1499.77,f,2026-08-01
6993c87b459c07680e8b50ddb46b4c40,SAO PAULO,SANTO ANTONIO DO JARDIM,SP,Brasil,t,interior,3548104,6126,41420.67,1487.79,f,2026-08-01
039943e6814c54d5ef3569276e81e79f,SAO PAULO,SANTO ANTONIO DO PINHAL,SP,Brasil,t,interior,3548203,7133,26881.68,1728.57,f,2026-08-01
99cd3884471f6492ce5af407b2416769,SAO PAULO,SANTO EXPEDITO,SP,Brasil,t,interior,3548302,3000,20085.33,1258.52,f,2026-08-01
e56fecc84843eeeb71507980f41802ca,SAO PAULO,SANTOPOLIS DO AGUAPEI,SP,Brasil,t,interior,3548401,3899,25083.87,1254.45,f,2026-08-01
ed147f849a1d583c8d8dc2513aaa0974,SAO PAULO,SANTOS,SP,Brasil,t,interior,3548500,418608,73963.51,3237.52,f,2026-08-01
75c5f184e51e8ac9f4a0163245b1830a,SAO PAULO,SAO BENTO DO SAPUCAI,SP,Brasil,t,interior,3548609,11674,30389.58,1710.26,f,2026-08-01
d5349fa3960c5ed84f9d7507c12d3141,SAO PAULO,SAO BERNARDO DO CAMPO,SP,Brasil,t,interior,3548708,810729,88766.77,2229.41,f,2026-08-01
fa57660869e0ee68706e20b61f31206c,SAO PAULO,SAO CAETANO DO SUL,SP,Brasil,t,interior,3548807,165655,136147.10,3884.58,f,2026-08-01
3bf12b74571aa83f21a81f1d5f52d4f9,SAO PAULO,SAO CARLOS,SP,Brasil,t,interior,3548906,254857,72146.03,2281.26,f,2026-08-01
078f327e4eaa90627d045af6f5a2ddd9,SAO PAULO,SAO FRANCISCO,SP,Brasil,t,interior,3549003,2602,22888.55,1574.40,f,2026-08-01
15a7c21650e5c62658e2db6d9edae187,SAO PAULO,SAO JOAO DA BOA VISTA,SP,Brasil,t,interior,3549102,92547,54147.42,1961.78,f,2026-08-01
877c8db062346663e69d2cc00266ec79,SAO PAULO,SAO JOAO DAS DUAS PONTES,SP,Brasil,t,interior,3549201,2580,28183.33,1560.38,f,2026-08-01
1e39a36f03e2626a1081321d92ddcb1d,SAO PAULO,SAO JOAO DE IRACEMA,SP,Brasil,t,interior,3549250,1846,37710.73,1454.39,f,2026-08-01
8523c4817be952773cfff6c36fb8d1e0,SAO PAULO,SAO JOAO DO PAU D'ALHO,SP,Brasil,t,interior,3549300,2242,37188.22,1578.37,f,2026-08-01
a5350fa8d9d850876a9d1c245260a2b9,SAO PAULO,SAO JOAQUIM DA BARRA,SP,Brasil,t,interior,3549409,48558,56299.39,1577.23,f,2026-08-01
73fbbbd0c7bb13608abeb0fd8eb6b3ba,SAO PAULO,SAO JOSE DA BELA VISTA,SP,Brasil,t,interior,3549508,7626,44062.68,1171.92,f,2026-08-01
0cc84e94f6e687bae8d6325ca32be5cb,SAO PAULO,SAO JOSE DO BARREIRO,SP,Brasil,t,interior,3549607,3853,20906.57,1251.77,f,2026-08-01
3e7a6bb075e0a6d6b35e4a23346ecc6d,SAO PAULO,SAO JOSE DO RIO PARDO,SP,Brasil,t,interior,3549706,52205,55109.15,1547.43,f,2026-08-01
181119f8d129e0814753183ed76e5e9c,SAO PAULO,SAO JOSE DO RIO PRETO,SP,Brasil,t,interior,3549805,480393,54934.44,2410.09,f,2026-08-01
c750b4775e0e29c8f78cc72139e54cb3,SAO PAULO,SAO JOSE DOS CAMPOS,SP,Brasil,t,interior,3549904,697054,88077.14,2276.81,f,2026-08-01
2c2c8f8cf66254777f74c8509ce082d5,SAO PAULO,SAO LOURENCO DA SERRA,SP,Brasil,t,interior,3549953,16067,21541.98,1374.59,f,2026-08-01
152bbb113ff1310b2d8cf5ce76c9cb3f,SAO PAULO,SAO LUIZ DO PARAITINGA,SP,Brasil,t,interior,3550001,10337,24434.46,1465.87,f,2026-08-01
d4bd7f90f2cc7c458df394bf4ce7f8b1,SAO PAULO,SAO MANUEL,SP,Brasil,t,interior,3550100,37289,50681.89,1448.66,f,2026-08-01
eadbc3efe8eff5f1a0c8135fc677db78,SAO PAULO,SAO MIGUEL ARCANJO,SP,Brasil,t,interior,3550209,32039,36134.90,1302.75,f,2026-08-01
b4b7c9ec1723c4326a2b5b8398cfa785,SAO PAULO,SAO PAULO,SP,Brasil,t,capital,3550308,11451999,93156.23,2713.36,f,2026-08-01
5450c663ab6c98dfdf5fb575299baa84,SAO PAULO,SAO PEDRO,SP,Brasil,t,interior,3550407,38256,32496.26,1747.04,f,2026-08-01
ee0e818836888a46aed92fbe594a05b3,SAO PAULO,SAO PEDRO DO TURVO,SP,Brasil,t,interior,3550506,7217,54584.45,1416.03,f,2026-08-01
6a17602d96244603ab4e5ae15be9bf5c,SAO PAULO,SAO ROQUE,SP,Brasil,t,interior,3550605,79484,57024.90,2014.74,f,2026-08-01
2221e60d8ae5997aa26d7a4f35d55293,SAO PAULO,SAO SEBASTIAO,SP,Brasil,t,interior,3550704,81595,213255.95,1607.55,f,2026-08-01
e0d06d09e3e554a675e2c5565c85e52d,SAO PAULO,SAO SEBASTIAO DA GRAMA,SP,Brasil,t,interior,3550803,10441,46152.28,1428.62,f,2026-08-01
058a50d72f0a44f2d4659778f4797e13,SAO PAULO,SAO SIMAO,SP,Brasil,t,interior,3550902,13442,48213.96,1642.69,f,2026-08-01
b5337a3f8a396873d8165b10069323b5,SAO PAULO,SAO VICENTE,SP,Brasil,t,interior,3551009,329911,22474.72,1451.91,f,2026-08-01
acc6d70190f826140a0c35bd0fa222c3,SAO PAULO,SARAPUI,SP,Brasil,t,interior,3551108,10369,26051.02,1495.18,f,2026-08-01
0edff7d3b7e525e7368510d768c85e08,SAO PAULO,SARUTAIA,SP,Brasil,t,interior,3551207,3704,31218.95,1165.06,f,2026-08-01
94436ee7e05cd6fbf8b06a9ee83301c2,SAO PAULO,SEBASTIANOPOLIS DO SUL,SP,Brasil,t,interior,3551306,3130,145221.09,1667.35,f,2026-08-01
61915dd221925e7b1554470100a55765,SAO PAULO,SERRA AZUL,SP,Brasil,t,interior,3551405,12746,21127.96,1340.01,f,2026-08-01
495c6a16198942f182c5f4a68cf6c40b,SAO PAULO,SERRA NEGRA,SP,Brasil,t,interior,3551603,29894,34288.05,1836.39,f,2026-08-01
bb8b7d38bcc854e233e9a53564231f2a,SAO PAULO,SERRANA,SP,Brasil,t,interior,3551504,43909,33126.12,1283.46,f,2026-08-01
e1607330c119262710a782f5ad5764df,SAO PAULO,SERTAOZINHO,SP,Brasil,t,interior,3551702,126887,71520.47,1797.64,f,2026-08-01
09904a83240c75076319156419843134,SAO PAULO,SETE BARRAS,SP,Brasil,t,interior,3551801,12730,36280.36,1004.06,f,2026-08-01
e6442d9c9d992358f47bd8610423401b,SAO PAULO,SEVERINIA,SP,Brasil,t,interior,3551900,14576,23366.97,1360.31,f,2026-08-01
7424e752e0fa416fff97ea9963572a8c,SAO PAULO,SILVEIRAS,SP,Brasil,t,interior,3552007,6186,18795.02,1153.40,f,2026-08-01
6489ac65b88c1d3ddbfc11900dc8eed3,SAO PAULO,SOCORRO,SP,Brasil,t,interior,3552106,40122,36122.35,1787.74,f,2026-08-01
7d73c2c9bc44b45fb5a103d736d1b653,SAO PAULO,SOROCABA,SP,Brasil,t,interior,3552205,723682,81273.66,2165.31,f,2026-08-01
68becaeae563616ee47562f00687295b,SAO PAULO,SUD MENNUCCI,SP,Brasil,t,interior,3552304,7355,41169.41,1361.70,f,2026-08-01
639ddc43e0c9fe6602231b5d93c45ccc,SAO PAULO,SUMARE,SP,Brasil,t,interior,3552403,279545,68060.93,1586.30,f,2026-08-01
4cf5522af2982ca730068c29eea4b032,SAO PAULO,SUZANAPOLIS,SP,Brasil,t,interior,3552551,3408,150089.20,1343.10,f,2026-08-01
8770c01dd26a2850286de19c9f725b21,SAO PAULO,SUZANO,SP,Brasil,t,interior,3552502,307429,60562.59,1407.50,f,2026-08-01
9076361a0f8f9b868afe6fbb5c4de3bf,SAO PAULO,TABAPUA,SP,Brasil,t,interior,3552601,11323,35122.41,1674.01,f,2026-08-01
4059b238b04f6806a441f9e3581d052a,SAO PAULO,TABATINGA,SP,Brasil,t,interior,3552700,14769,34691.65,1493.36,f,2026-08-01
7566ee9a1f219910dc57dfb8dbf2ed8a,SAO PAULO,TABOAO DA SERRA,SP,Brasil,t,interior,3552809,273542,44176.69,1740.20,f,2026-08-01
d3f15b3ad13183d445442dc016958383,SAO PAULO,TACIBA,SP,Brasil,t,interior,3552908,6260,38672.68,1391.05,f,2026-08-01
4a733f239e7c7f6142ebe5ca379cfb4a,SAO PAULO,TAGUAI,SP,Brasil,t,interior,3553005,12669,32309.97,1290.18,f,2026-08-01
55cd6298fd9395d02ebeda9974351e51,SAO PAULO,TAIACU,SP,Brasil,t,interior,3553104,5677,27415.89,1340.52,f,2026-08-01
0429fa144f7e4cae402b48501cb9ce4d,SAO PAULO,TAIUVA,SP,Brasil,t,interior,3553203,6548,28764.97,1644.90,f,2026-08-01
9b13ef04da1498d371bddc3ca57ff2cf,SAO PAULO,TAMBAU,SP,Brasil,t,interior,3553302,21435,45099.79,1702.58,f,2026-08-01
3a2a3dba0b729ac8c2cd5f3ec5fe38b3,SAO PAULO,TANABI,SP,Brasil,t,interior,3553401,25265,63030.56,1480.38,f,2026-08-01
efcf8585e74cb6a8883d011e83d1eded,SAO PAULO,TAPIRAI,SP,Brasil,t,interior,3553500,7996,28008.25,1156.39,f,2026-08-01
8bf8e5688f86cc29d1937ef7e48f0751,SAO PAULO,TAPIRATIBA,SP,Brasil,t,interior,3553609,11816,30353.17,1422.36,f,2026-08-01
c24ad105c4fbe0a4d580eaec9af5712a,SAO PAULO,TAQUARAL,SP,Brasil,t,interior,3553658,2619,35274.15,1606.61,f,2026-08-01
1499947a35c714775697d84dd13df4da,SAO PAULO,TAQUARITINGA,SP,Brasil,t,interior,3553708,52260,44147.44,1620.23,f,2026-08-01
a2c8a7264c009d17fdf24b415ca9990e,SAO PAULO,TAQUARITUBA,SP,Brasil,t,interior,3553807,24350,52529.90,1515.25,f,2026-08-01
bc56e6af943758d2538b6b800bffa7ab,SAO PAULO,TAQUARIVAI,SP,Brasil,t,interior,3553856,6876,62974.69,1253.48,f,2026-08-01
1d3a6f2c41a087d4f128b64a6ea36dbf,SAO PAULO,TARABAI,SP,Brasil,t,interior,3553906,6536,28636.93,1266.70,f,2026-08-01
1a8fd0bcabfb043a1f8a9b06ece5de3c,SAO PAULO,TARUMA,SP,Brasil,t,interior,3553955,14882,77481.72,1307.96,f,2026-08-01
c6b0fa11975b2861a1a05c5bad524440,SAO PAULO,TATUI,SP,Brasil,t,interior,3554003,123942,54739.60,1558.09,f,2026-08-01
78e498e5cbcc37b02e9118374801d8c4,SAO PAULO,TAUBATE,SP,Brasil,t,interior,3554102,310739,72754.95,1941.51,f,2026-08-01
1b65e665d0e8885b2d5a364f8be46467,SAO PAULO,TEJUPA,SP,Brasil,t,interior,3554201,4127,82657.38,1042.07,f,2026-08-01
f00318a8c3f08352ef93c03bc7a71ea0,SAO PAULO,TEODORO SAMPAIO,SP,Brasil,t,interior,3554300,22173,37106.39,1337.30,f,2026-08-01
6136bc4522e428569a0eaca1e98e7383,SAO PAULO,TERRA ROXA,SP,Brasil,t,interior,3554409,7904,30038.71,1605.47,f,2026-08-01
739a104ff0dfc971b4bb064a99229cf6,SAO PAULO,TIETE,SP,Brasil,t,interior,3554508,37663,78457.58,2011.60,f,2026-08-01
5f35f48c29d867e2863fdfb1d82e4d93,SAO PAULO,TIMBURI,SP,Brasil,t,interior,3554607,2464,32576.30,1241.59,f,2026-08-01
175b6723b1d68d327075cff22f8873fa,SAO PAULO,TORRE DE PEDRA,SP,Brasil,t,interior,3554656,2046,21547.90,1344.68,f,2026-08-01
a000f71125c117cb7f9a6869991affbf,SAO PAULO,TORRINHA,SP,Brasil,t,interior,3554706,9335,40715.05,1525.18,f,2026-08-01
a470ace53b16e6b8797476b0d17b5d58,SAO PAULO,TRABIJU,SP,Brasil,t,interior,3554755,1682,39620.10,1217.77,f,2026-08-01
4fb3573237aeb6fc37632320d434e479,SAO PAULO,TREMEMBE,SP,Brasil,t,interior,3554805,51173,21334.90,1946.41,f,2026-08-01
3b432a320f9d44754edbe7e0b4a87273,SAO PAULO,TRES FRONTEIRAS,SP,Brasil,t,interior,3554904,6804,22854.94,1569.16,f,2026-08-01
4785263d59dd25530a49d1ac3c821d02,SAO PAULO,TUIUTI,SP,Brasil,t,interior,3554953,6778,35361.76,1438.03,f,2026-08-01
e3d7c14f8d70b6461ad7b1c472f7508e,SAO PAULO,TUPA,SP,Brasil,t,interior,3555000,63928,48934.77,1848.89,f,2026-08-01
4e25905ce0cd05dfcd9843066908aa82,SAO PAULO,TUPI PAULISTA,SP,Brasil,t,interior,3555109,15854,28190.87,1947.45,f,2026-08-01
5feea39ddff701caad12ab1e7e120ef6,SAO PAULO,TURIUBA,SP,Brasil,t,interior,3555208,1818,48454.90,1691.07,f,2026-08-01
fb9228a6450e78d9c678046ee7de135d,SAO PAULO,TURMALINA,SP,Brasil,t,interior,3555307,1669,60051.53,1793.09,f,2026-08-01
0930fe19298f4b5fad01aa806fdc486a,SAO PAULO,UBARANA,SP,Brasil,t,interior,3555356,5365,55684.25,1156.09,f,2026-08-01
f8767f4293882d4747f8aa19b243de4d,SAO PAULO,UBATUBA,SP,Brasil,t,interior,3555406,92981,37716.51,1615.62,f,2026-08-01
b1a7544b5d4da346c17cd63812496acc,SAO PAULO,UBIRAJARA,SP,Brasil,t,interior,3555505,5132,39171.08,1339.15,f,2026-08-01
16f864c3747f23871216ad7122576641,SAO PAULO,UCHOA,SP,Brasil,t,interior,3555604,10394,50204.35,1575.95,f,2026-08-01
11e8f4edda4bed976e2c40afa0722ac6,SAO PAULO,UNIAO PAULISTA,SP,Brasil,t,interior,3555703,1603,45068.00,1330.00,f,2026-08-01
11fb768cdff00482d4c6839537f7a493,SAO PAULO,URANIA,SP,Brasil,t,interior,3555802,8833,41505.72,1502.78,f,2026-08-01
cddebe88a07b64ae695a73b961579a7d,SAO PAULO,URU,SP,Brasil,t,interior,3555901,1387,48125.45,1489.99,f,2026-08-01
923fc3130cff7eafb34186251a1f227e,SAO PAULO,URUPES,SP,Brasil,t,interior,3556008,13744,47084.91,1630.42,f,2026-08-01
c71bc01c4f055794892e592d933b7bea,SAO PAULO,VALENTIM GENTIL,SP,Brasil,t,interior,3556107,14098,40122.93,1475.19,f,2026-08-01
154e68f95d240c5f8958adfa639a33bd,SAO PAULO,VALINHOS,SP,Brasil,t,interior,3556206,126373,80718.99,3127.28,f,2026-08-01
8051a3d432a7e33737b4d4ba55c03cb2,SAO PAULO,VALPARAISO,SP,Brasil,t,interior,3556305,24241,58864.20,1439.26,f,2026-08-01
2147040accc64549a17891658ea262c3,SAO PAULO,VARGEM,SP,Brasil,t,interior,3556354,10512,21119.86,1452.82,f,2026-08-01
e624c93d3996ad3469faa2e08c5165fc,SAO PAULO,VARGEM GRANDE DO SUL,SP,Brasil,t,interior,3556404,40133,35672.44,1350.12,f,2026-08-01
4baa3f53dc6620f30de5f9d0d8b2a5fa,SAO PAULO,VARGEM GRANDE PAULISTA,SP,Brasil,t,interior,3556453,50415,69905.64,1929.62,f,2026-08-01
f325fba8dc7804aa5fca2880848b9148,SAO PAULO,VARZEA PAULISTA,SP,Brasil,t,interior,3556503,115771,40908.88,1446.57,f,2026-08-01
1a05b236791ec7592fbd796fae8b644e,SAO PAULO,VERA CRUZ,SP,Brasil,t,interior,3556602,10176,29756.78,1513.70,f,2026-08-01
cf8ebcdf170a6b1a100c8b1eafe3bf9a,SAO PAULO,VINHEDO,SP,Brasil,t,interior,3556701,76540,192052.05,3247.77,f,2026-08-01
394101bcd7cbb890a2c96d037bbfdfe7,SAO PAULO,VIRADOURO,SP,Brasil,t,interior,3556800,17414,32378.32,1399.34,f,2026-08-01
c1511df048755da61dbf519c7d60bb05,SAO PAULO,VISTA ALEGRE DO ALTO,SP,Brasil,t,interior,3556909,8109,87056.48,1473.26,f,2026-08-01
db7c94dcd879f2cd8706e1ead5a312d6,SAO PAULO,VITORIA BRASIL,SP,Brasil,t,interior,3556958,1794,35942.59,1415.49,f,2026-08-01
c7502194b6ba797369717e12a2ad1b89,SAO PAULO,VOTORANTIM,SP,Brasil,t,interior,3557006,127923,40724.92,1837.40,f,2026-08-01
70eb02c1a05bcb4c0ba517de8aa2eca2,SAO PAULO,VOTUPORANGA,SP,Brasil,t,interior,3557105,96634,47418.12,1789.36,f,2026-08-01
9db69f4b44d47aba0b883c677366aeae,SAO PAULO,ZACARIAS,SP,Brasil,t,interior,3557154,2692,65959.14,1437.75,f,2026-08-01
6082e1d522528fc6e15ed0090af8233c,Sem Informação,Sem Informação,,Brasil,f,nao_informado,,,,,,2026-08-01
d3d2d6a933204eef5918d11fe618f330,SERGIPE,AMPARO DE SAO FRANCISCO,SE,Brasil,t,interior,,,,,,2026-08-01
420feb05072b389c7b3c1e3d2f68addb,SERGIPE,AQUIDABA,SE,Brasil,t,interior,2800209,20131,17997.07,782.01,f,2026-08-01
2aff3fe184342a90e56ebab16ef359df,SERGIPE,ARACAJU,SE,Brasil,t,capital,2800308,602757,36983.19,2087.74,f,2026-08-01
3318781b5cccc37986904ccba0d778d2,SERGIPE,ARAUA,SE,Brasil,t,interior,2800407,10318,19750.63,749.83,f,2026-08-01
8fabefc8ee9b591016ab4a642789e0d1,SERGIPE,AREIA BRANCA,SE,Brasil,t,interior,2800506,18081,19569.38,794.41,f,2026-08-01
b8fd4e78d941f847fb0206d54f56c6e5,SERGIPE,BARRA DOS COQUEIROS,SE,Brasil,t,interior,2800605,41511,59718.68,1589.75,f,2026-08-01
0f104d352f1a2b3531dc43621d2da979,SERGIPE,BOQUIM,SE,Brasil,t,interior,2800670,24636,17723.49,880.42,f,2026-08-01
61176f03557167255b5c1559de2b3298,SERGIPE,BREJO GRANDE,SE,Brasil,t,interior,2800704,7841,15677.34,554.26,f,2026-08-01
a7845988cfb485da5ccb8fa699f832ce,SERGIPE,CAMPO DO BRITO,SE,Brasil,t,interior,2801009,18149,19526.48,921.66,f,2026-08-01
5d303307d08f484cb2f6af680cbaf0cc,SERGIPE,CANHOBA,SE,Brasil,t,interior,2801108,3791,25094.96,689.22,f,2026-08-01
6ed358d3fcfdfb8ba110a40ac02b1c8c,SERGIPE,CANINDE DE SAO FRANCISCO,SE,Brasil,t,interior,2801207,26834,110604.35,707.36,f,2026-08-01
7b849a4e49c078a32a870f8faa632a47,SERGIPE,CAPELA,SE,Brasil,t,interior,2801306,31645,18804.27,698.56,f,2026-08-01
52db2e4c66363048ed488a0e51429404,SERGIPE,CARIRA,SE,Brasil,t,interior,2801405,19939,36299.16,712.75,f,2026-08-01
1177fb0572e8cfff1aaffabdfa61c663,SERGIPE,CARMOPOLIS,SE,Brasil,t,interior,2801504,13853,33524.65,766.36,f,2026-08-01
0bb7db36829dbebff270f42b01a5fb50,SERGIPE,CEDRO DE SAO JOAO,SE,Brasil,t,interior,2801603,5391,15757.56,764.19,f,2026-08-01
bca21c108ba39cdc0eb13cbad5929fc3,SERGIPE,CRISTINAPOLIS,SE,Brasil,t,interior,2801702,17100,34497.89,661.19,f,2026-08-01
4e74ccb17ae7e53df63f6a6d96f34d8b,SERGIPE,CUMBE,SE,Brasil,t,interior,2801900,3824,21618.99,711.39,f,2026-08-01
41e897f9def31a8c6460793be4b1364d,SERGIPE,DIVINA PASTORA,SE,Brasil,t,interior,2802007,4340,55483.18,789.16,f,2026-08-01
7f728823db49bfc87a8290728e0362d7,SERGIPE,ESTANCIA,SE,Brasil,t,interior,2802106,65078,22637.83,896.64,f,2026-08-01
24ece3d2073448e1e4d97143b06b50f5,SERGIPE,FEIRA NOVA,SE,Brasil,t,interior,2802205,5975,28344.27,640.00,f,2026-08-01
e7aa1b49700bc2235d34de3cb841d752,SERGIPE,FREI PAULO,SE,Brasil,t,interior,2802304,14530,37922.85,851.07,f,2026-08-01
c9bbbd76fc3b6122e9adb56786eb3e1b,SERGIPE,GARARU,SE,Brasil,t,interior,2802403,11096,19607.61,700.41,f,2026-08-01
75494b50330008105d8331649e00c1fa,SERGIPE,GENERAL MAYNARD,SE,Brasil,t,interior,2802502,3037,16594.34,765.34,f,2026-08-01
55dea4496fea41aac2118c8f9672981a,SERGIPE,GRACCHO CARDOSO,SE,Brasil,t,interior,2802601,5834,23962.80,665.05,f,2026-08-01
5172a431fd5c1b772614d5bfc7e51961,SERGIPE,ILHA DAS FLORES,SE,Brasil,t,interior,2802700,8321,14228.10,522.34,f,2026-08-01
588dfefa4bdfd21ddb43c645bbe43dac,SERGIPE,INDIAROBA,SE,Brasil,t,interior,2802809,16549,19511.03,611.83,f,2026-08-01
09df06a3aa96a83ea961ab0c64e28858,SERGIPE,ITABAIANA,SE,Brasil,t,interior,2802908,103440,28448.24,1080.72,f,2026-08-01
c61a4409bfe37cca3af1ed8736698421,SERGIPE,ITABAIANINHA,SE,Brasil,t,interior,2803005,40678,21283.54,682.43,f,2026-08-01
ad5518a3bf2aa6a9126b002f4635afb7,SERGIPE,ITABI,SE,Brasil,t,interior,2803104,4745,21314.65,772.31,f,2026-08-01
af1a67cb8f54c8599dfc1fd0270b0797,SERGIPE,ITAPORANGA D'AJUDA,SE,Brasil,t,interior,2803203,34411,16342.62,663.07,f,2026-08-01
d8af4c4cd5b0b3ea2a60b49b13b1822b,SERGIPE,JAPARATUBA,SE,Brasil,t,interior,2803302,16209,33874.39,816.67,f,2026-08-01
4398c749a5b6deebc5cb5f2ec5d29d24,SERGIPE,JAPOATA,SE,Brasil,t,interior,2803401,13407,22273.44,715.33,f,2026-08-01
ccbcb5c4a212ee7a0a5a3a01b36f7dfa,SERGIPE,LAGARTO,SE,Brasil,t,interior,2803500,101579,21439.72,928.75,f,2026-08-01
c98343ed2408ec10579039b70e0c2160,SERGIPE,LARANJEIRAS,SE,Brasil,t,interior,2803609,23975,26612.43,752.52,f,2026-08-01
d82e80f25c3da814b1dbedeafad574d6,SERGIPE,MACAMBIRA,SE,Brasil,t,interior,2803708,6838,19935.36,859.09,f,2026-08-01
11b64c404e925ddcb25d5d6ba07bf4ed,SERGIPE,MALHADA DOS BOIS,SE,Brasil,t,interior,2803807,3579,18788.49,747.74,f,2026-08-01
94d98bb460f9a7508fc8359312a7d21a,SERGIPE,MALHADOR,SE,Brasil,t,interior,2803906,11533,19463.02,779.87,f,2026-08-01
3da75f7147bef6dd1bb1414165b654b7,SERGIPE,MARUIM,SE,Brasil,t,interior,2804003,15719,20418.79,770.84,f,2026-08-01
24888f97d061dc08eb903533e92868a8,SERGIPE,MOITA BONITA,SE,Brasil,t,interior,2804102,11050,25352.04,796.80,f,2026-08-01
559fb00be16270afde75384796116d0f,SERGIPE,MONTE ALEGRE DE SERGIPE,SE,Brasil,t,interior,2804201,14336,23521.28,727.55,f,2026-08-01
bab70f0ac93b1e0d28f9e5efcb9e6c89,SERGIPE,MURIBECA,SE,Brasil,t,interior,2804300,7822,14388.14,740.68,f,2026-08-01
b6a293790d15a8e6c2b7604ed944a3d7,SERGIPE,NEOPOLIS,SE,Brasil,t,interior,2804409,16426,23298.73,761.43,f,2026-08-01
be8196a7a47cf0771a300d71446e9718,SERGIPE,NOSSA SENHORA APARECIDA,SE,Brasil,t,interior,2804458,9232,22704.18,812.94,f,2026-08-01
e26aede215e1c5a3d7404ec17376b713,SERGIPE,NOSSA SENHORA DA GLORIA,SE,Brasil,t,interior,2804508,41212,25437.25,879.22,f,2026-08-01
f781193580434b22a3419ef6acd1333e,SERGIPE,NOSSA SENHORA DAS DORES,SE,Brasil,t,interior,2804607,24996,21627.86,760.07,f,2026-08-01
ca177bbd08b43da0669437a8365275a2,SERGIPE,NOSSA SENHORA DE LOURDES,SE,Brasil,t,interior,2804706,6268,18492.34,814.61,f,2026-08-01
a06a3b1d2b61a3332ce14d99eb16f202,SERGIPE,NOSSA SENHORA DO SOCORRO,SE,Brasil,t,interior,2804805,192330,14829.08,822.63,f,2026-08-01
cf0c1708ab3227f326226c4cda2686b0,SERGIPE,PACATUBA,SE,Brasil,t,interior,2804904,12502,17551.75,588.41,f,2026-08-01
7250288b3cb7b03a9c210d281ceea28f,SERGIPE,PEDRA MOLE,SE,Brasil,t,interior,2805000,2778,26822.17,631.36,f,2026-08-01
277a8bbdbf0d515ec7de8d519129f4aa,SERGIPE,PEDRINHAS,SE,Brasil,t,interior,2805109,7396,17383.72,745.96,f,2026-08-01
09d52ff83228a80aefaa34c90ec96aeb,SERGIPE,PINHAO,SE,Brasil,t,interior,2805208,5677,24910.52,677.94,f,2026-08-01
f1e8576338172145789b6d72654ead8c,SERGIPE,PIRAMBU,SE,Brasil,t,interior,2805307,7913,19630.48,750.38,f,2026-08-01
7dac6c447b95e05d95ead7637bf7b222,SERGIPE,POCO REDONDO,SE,Brasil,t,interior,2805406,33439,22833.79,632.67,f,2026-08-01
dd497a61f077b74b2811c548e1550699,SERGIPE,POCO VERDE,SE,Brasil,t,interior,2805505,21794,17840.83,757.03,f,2026-08-01
a721c51c12123caaa7ab87642d37e537,SERGIPE,PORTO DA FOLHA,SE,Brasil,t,interior,2805604,26576,23999.40,616.69,f,2026-08-01
ebadb7783e169c5dc4a9e611dfcbebe7,SERGIPE,PROPRIA,SE,Brasil,t,interior,2805703,26618,23100.16,941.63,f,2026-08-01
6a4d0bd0c238c6b444d4b35e4e9c386e,SERGIPE,RIACHAO DO DANTAS,SE,Brasil,t,interior,2805802,18313,22898.43,671.74,f,2026-08-01
39928db9017139b5c43797939f1fece6,SERGIPE,RIACHUELO,SE,Brasil,t,interior,2805901,8748,27499.20,688.58,f,2026-08-01
5ebcec3a00d60c6ee1583807dd8f906e,SERGIPE,RIBEIROPOLIS,SE,Brasil,t,interior,2806008,17033,21844.13,883.07,f,2026-08-01
b083dbf2261c4093b161d13713bd1520,SERGIPE,ROSARIO DO CATETE,SE,Brasil,t,interior,2806107,9295,42160.09,753.63,f,2026-08-01
09f783194dd78975382be578adaa0447,SERGIPE,SALGADO,SE,Brasil,t,interior,2806206,20279,15826.37,798.99,f,2026-08-01
3c782ae97abad7bf020ec2229d0530a8,SERGIPE,SANTA LUZIA DO ITANHY,SE,Brasil,t,interior,2806305,13616,17499.85,571.88,f,2026-08-01
eed569aa9ec906a59ae4034802e087c9,SERGIPE,SANTA ROSA DE LIMA,SE,Brasil,t,interior,2806503,3937,15033.27,578.91,f,2026-08-01
b6c2dcd852b807208c72a27eb3bd3805,SERGIPE,SANTANA DO SAO FRANCISCO,SE,Brasil,t,interior,2806404,7346,21864.28,717.52,f,2026-08-01
7792d404c32cf498e925ff9b5f0ab7c3,SERGIPE,SANTO AMARO DAS BROTAS,SE,Brasil,t,interior,2806602,11092,20550.13,767.22,f,2026-08-01
f65374e8032f31c65aff7c659f770c89,SERGIPE,SAO CRISTOVAO,SE,Brasil,t,interior,2806701,95612,14568.65,1124.93,f,2026-08-01
eb5e8edb30b29b1c8101b33e4b5c6f3b,SERGIPE,SAO DOMINGOS,SE,Brasil,t,interior,2806800,10327,15623.61,729.31,f,2026-08-01
ee34e2f09c912f84f2f09ececc7f2507,SERGIPE,SAO FRANCISCO,SE,Brasil,t,interior,2806909,3243,18967.31,776.93,f,2026-08-01
4263e30fe04d40d7ba44efffdcbead7e,SERGIPE,SAO MIGUEL DO ALEIXO,SE,Brasil,t,interior,2807006,3434,23041.06,734.03,f,2026-08-01
6a037cc0bc1e69842a01c9a7dec07c60,SERGIPE,SIMAO DIAS,SE,Brasil,t,interior,2807105,42578,21733.92,850.37,f,2026-08-01
7389a074633b42b2cbc42934a7b5633a,SERGIPE,SIRIRI,SE,Brasil,t,interior,2807204,7834,25782.61,759.73,f,2026-08-01
5f22dad688019d2cd1e37121bf543f35,SERGIPE,TELHA,SE,Brasil,t,interior,2807303,3274,16330.79,692.33,f,2026-08-01
6fe4fae33b0b953e20fdcce792491ca1,SERGIPE,TOBIAS BARRETO,SE,Brasil,t,interior,2807402,50905,22591.30,881.15,f,2026-08-01
9f3db2ca433281862444576066b04174,SERGIPE,TOMAR DO GERU,SE,Brasil,t,interior,2807501,12012,17385.36,552.13,f,2026-08-01
4863aa0d39ca131e5aa9953e78e38198,SERGIPE,UMBAUBA,SE,Brasil,t,interior,2807600,23917,30182.38,743.59,f,2026-08-01
f77f01ed9e83677e9da696c69ff059a4,TOCANTINS,ABREULANDIA,TO,Brasil,t,interior,1700251,2576,55097.05,1103.87,f,2026-08-01
0ea4f7775ada8f18fbd6755bd1fbeadf,TOCANTINS,AGUIARNOPOLIS,TO,Brasil,t,interior,1700301,4497,50308.65,969.45,f,2026-08-01
7d63f158730b4e24b86687d1ca2dc194,TOCANTINS,ALIANCA DO TOCANTINS,TO,Brasil,t,interior,1700350,5147,82197.40,962.77,f,2026-08-01
5d88226db780616d707ce823e31691f8,TOCANTINS,ALMAS,TO,Brasil,t,interior,1700400,6499,51718.73,901.21,f,2026-08-01
24355b13bcd58fd803f42eb11d3882a0,TOCANTINS,ALVORADA,TO,Brasil,t,interior,1700707,8802,100667.69,1420.73,f,2026-08-01
117d06ab1742cc156eb36d9a61b528fb,TOCANTINS,ANANAS,TO,Brasil,t,interior,1701002,10325,19324.55,905.85,f,2026-08-01
4fe0e7378afaa2f6939a6330420388e2,TOCANTINS,ANGICO,TO,Brasil,t,interior,1701051,2876,18926.63,864.48,f,2026-08-01
b5adb0f9e841f2548435807619b3f3e2,TOCANTINS,APARECIDA DO RIO NEGRO,TO,Brasil,t,interior,1701101,4856,58329.28,1086.79,f,2026-08-01
3b73ef47540aefa32aa1f65cf662dab0,TOCANTINS,ARAGOMINAS,TO,Brasil,t,interior,1701309,5290,21532.70,948.87,f,2026-08-01
ccdbd8e5fb267a1639419d818383f6da,TOCANTINS,ARAGUACEMA,TO,Brasil,t,interior,1701903,5927,69497.38,1126.54,f,2026-08-01
91db7af1e09d8d6d2b4d90d2b796cfc1,TOCANTINS,ARAGUACU,TO,Brasil,t,interior,1702000,8133,58340.46,1309.80,f,2026-08-01
e06a06c0cedd0e9cd4722660a65074bc,TOCANTINS,ARAGUAINA,TO,Brasil,t,interior,1702109,171301,42951.52,1450.20,f,2026-08-01
fe249ecce937fd89c63fe32e6ad960d4,TOCANTINS,ARAGUANA,TO,Brasil,t,interior,1702158,4310,24967.29,882.97,f,2026-08-01
326492cbe3f74f11231bf0402e59a11a,TOCANTINS,ARAGUATINS,TO,Brasil,t,interior,1702208,31918,20096.50,968.04,f,2026-08-01
811cb658c61647f5597acdfcc0d04515,TOCANTINS,ARAPOEMA,TO,Brasil,t,interior,1702307,5550,28571.53,1063.76,f,2026-08-01
7e15c658337aa6139c28171fd7a3778d,TOCANTINS,ARRAIAS,TO,Brasil,t,interior,1702406,10287,23241.96,1165.13,f,2026-08-01
7eaab18f55b02196067418214dd86ca0,TOCANTINS,AUGUSTINOPOLIS,TO,Brasil,t,interior,1702554,17484,22662.26,995.19,f,2026-08-01
2c411c34e4daea2043bf00e7c0456b26,TOCANTINS,AURORA DO TOCANTINS,TO,Brasil,t,interior,1702703,3342,20914.42,988.14,f,2026-08-01
414dcfc9fc8e3d950ad0b948df7611ed,TOCANTINS,AXIXA DO TOCANTINS,TO,Brasil,t,interior,1702901,10262,16894.66,729.12,f,2026-08-01
b5aa9a18667d2b4a3d99b897b19d5265,TOCANTINS,BABACULANDIA,TO,Brasil,t,interior,1703008,7880,21502.66,877.11,f,2026-08-01
f9af6c96533c3b6564b6432bda05bd25,TOCANTINS,BANDEIRANTES DO TOCANTINS,TO,Brasil,t,interior,1703057,3407,73289.11,1113.71,f,2026-08-01
c2efec20093966337f582159f7f7018f,TOCANTINS,BARRA DO OURO,TO,Brasil,t,interior,1703073,4476,22426.72,750.89,f,2026-08-01
48cb72af6c74eb011afab643c0d05eb3,TOCANTINS,BARROLANDIA,TO,Brasil,t,interior,1703107,4846,28911.06,1073.11,f,2026-08-01
8b74a523899b6023c1a8100b401982d1,TOCANTINS,BERNARDO SAYAO,TO,Brasil,t,interior,1703206,4229,30399.62,1113.41,f,2026-08-01
39025d04f4c1336c871d6095bb5b215e,TOCANTINS,BOM JESUS DO TOCANTINS,TO,Brasil,t,interior,1703305,4038,35567.86,1047.77,f,2026-08-01
fe94c4a3b4be848c106856890ebcf725,TOCANTINS,BRASILANDIA DO TOCANTINS,TO,Brasil,t,interior,1703602,1974,37998.99,945.34,f,2026-08-01
830d8829470cfaf1f217a8c721e05bbb,TOCANTINS,BREJINHO DE NAZARE,TO,Brasil,t,interior,1703701,4725,56631.53,889.67,f,2026-08-01
f524f5ce2fa136de5834ad6d223645a5,TOCANTINS,BURITI DO TOCANTINS,TO,Brasil,t,interior,1703800,10307,14550.60,665.20,f,2026-08-01
f11cc21d34fb2b1a7b264de16a4d9227,TOCANTINS,CACHOEIRINHA,TO,Brasil,t,interior,1703826,1961,31664.97,763.82,f,2026-08-01
034c2de6713a224c57b64f5df62d86a1,TOCANTINS,CAMPOS LINDOS,TO,Brasil,t,interior,1703842,8653,76951.00,912.29,f,2026-08-01
f879c5b56b83ff24ff1356fe0baf8740,TOCANTINS,CARIRI DO TOCANTINS,TO,Brasil,t,interior,1703867,4007,249014.23,1174.15,f,2026-08-01
b00ff727f187c3d2a1fcb3aa2a2bff3b,TOCANTINS,CARMOLANDIA,TO,Brasil,t,interior,1703883,2201,33244.89,982.10,f,2026-08-01
52162872d19c7c84d2ad72b9da8c193a,TOCANTINS,CARRASCO BONITO,TO,Brasil,t,interior,1703891,3318,16935.50,590.10,f,2026-08-01
6d434e31fcd3b7619be0e7097f27a1c1,TOCANTINS,CASEARA,TO,Brasil,t,interior,1703909,4847,97893.13,1047.86,f,2026-08-01
2ee498c0c15b6c01b5d4503f07411fd3,TOCANTINS,CENTENARIO,TO,Brasil,t,interior,1704105,2131,51302.21,860.47,f,2026-08-01
1e3a9669b42985085c06f2f7ee574466,TOCANTINS,CHAPADA DA NATIVIDADE,TO,Brasil,t,interior,1705102,3117,49848.25,809.82,f,2026-08-01
10a96b4a623fb71d839e72b8e53149a2,TOCANTINS,CHAPADA DE AREIA,TO,Brasil,t,interior,1704600,1501,34361.09,927.68,f,2026-08-01
23e7c4fe9daed854041d8f8eed193283,TOCANTINS,COLINAS DO TOCANTINS,TO,Brasil,t,interior,1705508,34233,33923.44,1378.65,f,2026-08-01
95c32f3a7a66f955eafd26326bbb4b18,TOCANTINS,COLMEIA,TO,Brasil,t,interior,1716703,8941,25504.98,1172.54,f,2026-08-01
660693fc895fff8a150b0c3cef79e55f,TOCANTINS,COMBINADO,TO,Brasil,t,interior,1705557,4756,19974.98,1156.96,f,2026-08-01
e3aba9318c180ba78de8c76f618508dc,TOCANTINS,CONCEICAO DO TOCANTINS,TO,Brasil,t,interior,1705607,3887,22889.89,966.54,f,2026-08-01
a5db6f12fff66e7137185710ed3f47b4,TOCANTINS,COUTO DE MAGALHAES,TO,Brasil,t,interior,,,,,,2026-08-01
137713f33772f7497db4fd4e4c85b231,TOCANTINS,CRISTALANDIA,TO,Brasil,t,interior,1706100,6371,33605.40,1299.17,f,2026-08-01
23f2e6169dd32deaec286cf6a3114237,TOCANTINS,CRIXAS DO TOCANTINS,TO,Brasil,t,interior,1706258,1470,52644.22,1034.63,f,2026-08-01
b52320f590315db3d9bf7024eee9897c,TOCANTINS,DARCINOPOLIS,TO,Brasil,t,interior,1706506,5827,43340.14,865.80,f,2026-08-01
d8bdd980874ae3faa7d02a4ee4c92a6b,TOCANTINS,DIANOPOLIS,TO,Brasil,t,interior,1707009,17739,44065.22,1143.30,f,2026-08-01
a6ff2673518451f6e9a85ca62b4b3788,TOCANTINS,DIVINOPOLIS DO TOCANTINS,TO,Brasil,t,interior,1707108,7024,46007.83,1231.09,f,2026-08-01
a0f4a93202ea67df42055bb7f2a20515,TOCANTINS,DOIS IRMAOS DO TOCANTINS,TO,Brasil,t,interior,1707207,6327,45700.81,1097.58,f,2026-08-01
ca18d530221c8b24fa2bffccb9d321c0,TOCANTINS,DUERE,TO,Brasil,t,interior,1707306,4248,68459.98,1188.81,f,2026-08-01
0e137a518de500c51e8bab6e81c7213c,TOCANTINS,ESPERANTINA,TO,Brasil,t,interior,1707405,7530,15829.61,723.55,f,2026-08-01
4df0254c06435f7804fdcef142389f37,TOCANTINS,FATIMA,TO,Brasil,t,interior,1707553,3467,36824.92,1181.37,f,2026-08-01
af70ca884d4e3951354cc80d9aa128de,TOCANTINS,FIGUEIROPOLIS,TO,Brasil,t,interior,1707652,5211,67182.88,1201.32,f,2026-08-01
bf3bf48e866bfff795b67a0ae1d8fd7f,TOCANTINS,FILADELFIA,TO,Brasil,t,interior,1707702,7712,20968.23,922.76,f,2026-08-01
8a3a795a43d0c934e330d9579d07bcc6,TOCANTINS,FORMOSO DO ARAGUAIA,TO,Brasil,t,interior,1708205,18881,52336.69,1174.54,f,2026-08-01
ef4ca2f740c38d9911fd13efb699912b,TOCANTINS,FORTALEZA DO TABOCAO,TO,Brasil,t,interior,,,,,,2026-08-01
8f8f82fab9a73cda68bfda0ecb08cbc6,TOCANTINS,GOIANORTE,TO,Brasil,t,interior,1708304,4738,37621.78,1104.48,f,2026-08-01
49a1ee864ff86b024314904e4595a86c,TOCANTINS,GOIATINS,TO,Brasil,t,interior,1709005,12433,24866.65,803.98,f,2026-08-01
fcb40d8acf33324cdd2c93cfa30cb727,TOCANTINS,GUARAI,TO,Brasil,t,interior,1709302,24775,45614.77,1406.97,f,2026-08-01
e97431bf2aea08ea7aacc71cbc9b9e81,TOCANTINS,GURUPI,TO,Brasil,t,interior,1709500,85125,43406.95,1665.16,f,2026-08-01
c5ca8533f824b77161614eb46c1994df,TOCANTINS,IPUEIRAS,TO,Brasil,t,interior,1709807,1590,45211.95,1060.80,f,2026-08-01
30a72f773bc2f079cd9182fa197f92d2,TOCANTINS,ITACAJA,TO,Brasil,t,interior,1710508,6819,29284.94,951.97,f,2026-08-01
527dfa2be0d5d60eecd7a37dc08dd0c5,TOCANTINS,ITAGUATINS,TO,Brasil,t,interior,1710706,5172,19377.42,850.59,f,2026-08-01
d8504e06d0d8637f26484b0fd21b9025,TOCANTINS,ITAPIRATINS,TO,Brasil,t,interior,1710904,3577,42798.43,933.46,f,2026-08-01
ca4ad8d968426337ec31a664b69a5f92,TOCANTINS,ITAPORA DO TOCANTINS,TO,Brasil,t,interior,1711100,2404,31817.39,1076.92,f,2026-08-01
9cd2f487a590f0b2278fa7534a8df7a4,TOCANTINS,JAU DO TOCANTINS,TO,Brasil,t,interior,1711506,3334,33238.15,1033.94,f,2026-08-01
b0739c00a1af7a3e89ba8a0d07b23bfe,TOCANTINS,JUARINA,TO,Brasil,t,interior,1711803,2243,24770.40,791.63,f,2026-08-01
5b7078f7072bb03547c3b0ca764cb569,TOCANTINS,LAGOA DA CONFUSAO,TO,Brasil,t,interior,1711902,15288,71287.55,1229.28,f,2026-08-01
00e61f89064142db5263ae3effb81a14,TOCANTINS,LAGOA DO TOCANTINS,TO,Brasil,t,interior,1711951,3516,24451.08,777.80,f,2026-08-01
0c017c2fc1f56ce593bdd9e419306bcd,TOCANTINS,LAJEADO,TO,Brasil,t,interior,1712009,3357,23653.56,1306.33,f,2026-08-01
6aa783857f2082ee5012164e1e935035,TOCANTINS,LAVANDEIRA,TO,Brasil,t,interior,1712157,1626,25533.21,904.21,f,2026-08-01
713ed1c0dd1f873e2ce6f405ff6f511e,TOCANTINS,LIZARDA,TO,Brasil,t,interior,1712405,2999,26122.37,912.48,f,2026-08-01
755e5f4e238bf4c7e84f4f426ff4a51d,TOCANTINS,LUZINOPOLIS,TO,Brasil,t,interior,1712454,2717,21648.88,658.43,f,2026-08-01
ab8a62fc442347dd5836c402091de6e1,TOCANTINS,MARIANOPOLIS DO TOCANTINS,TO,Brasil,t,interior,1712504,4615,80866.09,1221.45,f,2026-08-01
696ce737e2b8f91e3cbd2b6abbd62ad4,TOCANTINS,MATEIROS,TO,Brasil,t,interior,1712702,2748,170006.91,775.80,f,2026-08-01
0fa6464392af917cf9ab3a3c49e7768a,TOCANTINS,MAURILANDIA DO TOCANTINS,TO,Brasil,t,interior,1712801,3095,20456.54,810.37,f,2026-08-01
b6d995dcf110373bdc26e547b48ea4ef,TOCANTINS,MIRACEMA DO TOCANTINS,TO,Brasil,t,interior,1713205,18566,46344.82,1345.89,f,2026-08-01
430ecad72427b4e08499513a1472aeb4,TOCANTINS,MIRANORTE,TO,Brasil,t,interior,1713304,12701,38059.52,1172.19,f,2026-08-01
a756ba93b85b45d1cf93657cbb402f9e,TOCANTINS,MONTE DO CARMO,TO,Brasil,t,interior,1713601,5694,70021.95,1018.53,f,2026-08-01
c72f8e744384b48825de3eb4da356220,TOCANTINS,MONTE SANTO DO TOCANTINS,TO,Brasil,t,interior,1713700,2396,36145.24,969.74,f,2026-08-01
3a5776d8e11e95249a68d2ce994cdf0a,TOCANTINS,MURICILANDIA,TO,Brasil,t,interior,1713957,3367,23749.93,925.82,f,2026-08-01
1e911225dcf01431956523c1feed38b1,TOCANTINS,NATIVIDADE,TO,Brasil,t,interior,1714203,8754,40295.64,1184.27,f,2026-08-01
659a92de614a353304128b0c69b713f5,TOCANTINS,NAZARE,TO,Brasil,t,interior,1714302,4521,17351.69,810.68,f,2026-08-01
5093a0b91c92a655e2e35d6ce7eb6b77,TOCANTINS,NOVA OLINDA,TO,Brasil,t,interior,1714880,10367,42683.90,916.26,f,2026-08-01
945073f11f907d5aca82a82d4ce3ae62,TOCANTINS,NOVA ROSALANDIA,TO,Brasil,t,interior,1715002,3362,32762.34,1068.55,f,2026-08-01
b27a5babb0d59a3c6739a2fc2d5d7bcc,TOCANTINS,NOVO ACORDO,TO,Brasil,t,interior,1715101,3969,44437.64,1024.13,f,2026-08-01
67eab4139cdbf789c86f35a93d34437f,TOCANTINS,NOVO ALEGRE,TO,Brasil,t,interior,1715150,1846,20916.58,1123.63,f,2026-08-01
9d5aec1170c60f80c3c75c31f69c8e2a,TOCANTINS,NOVO JARDIM,TO,Brasil,t,interior,1715259,2230,22016.59,876.15,f,2026-08-01
2a09bc8fdb9f5db681e118de10b00893,TOCANTINS,OLIVEIRA DE FATIMA,TO,Brasil,t,interior,1715507,1164,43108.25,925.74,f,2026-08-01
beb664668c0bc949dc9bd880dc7631e1,TOCANTINS,PALMAS,TO,Brasil,t,capital,1721000,302692,46808.20,2260.06,f,2026-08-01
d0a3fe9ea148545eafe31aeb07ce4476,TOCANTINS,PALMEIRANTE,TO,Brasil,t,interior,1715705,4798,51604.21,862.06,f,2026-08-01
cbd2c1ce3aca780103f0f0d1fb1b2526,TOCANTINS,PALMEIRAS DO TOCANTINS,TO,Brasil,t,interior,1713809,4872,22215.72,812.99,f,2026-08-01
60c23aa261d38cbe54a1e72b97f7e9ab,TOCANTINS,PALMEIROPOLIS,TO,Brasil,t,interior,1715754,6975,31315.56,1242.87,f,2026-08-01
90e73aac852723de9f1c5d0b89902ba7,TOCANTINS,PARAISO DO TOCANTINS,TO,Brasil,t,interior,1716109,52360,43703.78,1526.29,f,2026-08-01
54349baab85d8787d780a4fd5bcf1e67,TOCANTINS,PARANA,TO,Brasil,t,interior,1716208,10542,33504.65,977.59,f,2026-08-01
447b6c64f59380f77cf14262f1163344,TOCANTINS,PAU D'ARCO,TO,Brasil,t,interior,1716307,4043,27405.89,933.91,f,2026-08-01
019cc62b39ee4cf3435718c986a5859d,TOCANTINS,PEDRO AFONSO,TO,Brasil,t,interior,1716505,14055,77583.99,1441.40,f,2026-08-01
1324a7e5ee91e2ffdff7faeca5713379,TOCANTINS,PEIXE,TO,Brasil,t,interior,1716604,9317,96294.30,1080.34,f,2026-08-01
6477b8de180fdf0be53fb4901ecfbe2c,TOCANTINS,PEQUIZEIRO,TO,Brasil,t,interior,1716653,4921,26266.21,1002.46,f,2026-08-01
57f87428b3a7b18383a626cb1ee78143,TOCANTINS,PINDORAMA DO TOCANTINS,TO,Brasil,t,interior,1717008,4478,24739.39,787.79,f,2026-08-01
9d653a2f0d0867c9fcd290ce8e1b517f,TOCANTINS,PIRAQUE,TO,Brasil,t,interior,1717206,2282,43049.08,857.47,f,2026-08-01
3323cb2f516dd6f89aa331f144bab7dc,TOCANTINS,PIUM,TO,Brasil,t,interior,1717503,7128,64341.33,1037.53,f,2026-08-01
97da8db51678c117a9985cc82131b2f6,TOCANTINS,PONTE ALTA DO BOM JESUS,TO,Brasil,t,interior,1717800,4220,19550.47,817.92,f,2026-08-01
e6bf5131b901ebb5106f6bf610344d8d,TOCANTINS,PONTE ALTA DO TOCANTINS,TO,Brasil,t,interior,1717909,7586,18656.87,906.89,f,2026-08-01
45ce00106ad86cff905f54306ece7e74,TOCANTINS,PORTO ALEGRE DO TOCANTINS,TO,Brasil,t,interior,1718006,2866,20909.63,881.18,f,2026-08-01
70b187b207916814f933ef1e089a74de,TOCANTINS,PORTO NACIONAL,TO,Brasil,t,interior,1718204,64418,49611.82,1349.96,f,2026-08-01
7f6c14e3715b421c37ff02fc13419de3,TOCANTINS,PRAIA NORTE,TO,Brasil,t,interior,1718303,9044,12657.34,721.44,f,2026-08-01
93bc1b7f6035de711ff9a58ff96905ba,TOCANTINS,PRESIDENTE KENNEDY,TO,Brasil,t,interior,1718402,3047,29157.53,1017.64,f,2026-08-01
8b67f52f38ec5e2bfd6ae6e56e7ca853,TOCANTINS,PUGMIL,TO,Brasil,t,interior,1718451,2193,58334.25,912.80,f,2026-08-01
a7b5480c19d7f229d4442f5cbedb286e,TOCANTINS,RECURSOLANDIA,TO,Brasil,t,interior,1718501,3421,29758.84,723.11,f,2026-08-01
20ad33ea147877f99faf03f91ea1cb8b,TOCANTINS,RIACHINHO,TO,Brasil,t,interior,1718550,3960,19013.89,708.06,f,2026-08-01
945070a080f938d02ae4017b0efddba4,TOCANTINS,RIO DA CONCEICAO,TO,Brasil,t,interior,1718659,1768,25870.48,913.38,f,2026-08-01
33d49bc4420adc96be7ad99d336ff99b,TOCANTINS,RIO DOS BOIS,TO,Brasil,t,interior,1718709,2738,32423.30,916.21,f,2026-08-01
a047d68ba944897c1d6358f1f0b36ee0,TOCANTINS,RIO SONO,TO,Brasil,t,interior,1718758,4841,31149.56,987.98,f,2026-08-01
d60dd03cf8b6b70461e8a6bc5aa62847,TOCANTINS,SAMPAIO,TO,Brasil,t,interior,1718808,4215,16639.62,832.94,f,2026-08-01
e21e28de7a79a76779fcf7f67da8765b,TOCANTINS,SANDOLANDIA,TO,Brasil,t,interior,1718840,3723,36100.46,1043.85,f,2026-08-01
78ebb5b29beb22fe8823de0bb2219f1d,TOCANTINS,SANTA FE DO ARAGUAIA,TO,Brasil,t,interior,1718865,7216,28091.32,1011.88,f,2026-08-01
68c786431ee3ba8d30d3b4d508b4b4f6,TOCANTINS,SANTA MARIA DO TOCANTINS,TO,Brasil,t,interior,1718881,2680,44161.57,915.70,f,2026-08-01
53a0490d94b8c57d9ddc7eb4bee9e6f4,TOCANTINS,SANTA RITA DO TOCANTINS,TO,Brasil,t,interior,1718899,2219,124013.07,1145.36,f,2026-08-01
d850312d8199f23ac1ae8d1649db04ba,TOCANTINS,SANTA ROSA DO TOCANTINS,TO,Brasil,t,interior,1718907,4653,90238.99,848.41,f,2026-08-01
fea16b75363563635ded9c0d7655801d,TOCANTINS,SANTA TEREZA DO TOCANTINS,TO,Brasil,t,interior,1719004,2781,20584.68,942.39,f,2026-08-01
73e4e0202c8de07d6dbb8b38eedafc05,TOCANTINS,SANTA TEREZINHA DO TOCANTINS,TO,Brasil,t,interior,1720002,2406,19403.99,793.10,f,2026-08-01
71ae1c6d531e132bdfdeae29bc727633,TOCANTINS,SAO BENTO DO TOCANTINS,TO,Brasil,t,interior,1720101,5654,16091.62,750.11,f,2026-08-01
0011492da924a797d532e3af6c8a7ea9,TOCANTINS,SAO FELIX DO TOCANTINS,TO,Brasil,t,interior,1720150,1783,23754.91,1195.77,f,2026-08-01
b9755c8180d39dddb2121a68837280a5,TOCANTINS,SAO MIGUEL DO TOCANTINS,TO,Brasil,t,interior,1720200,13241,18097.88,820.57,f,2026-08-01
a304838ba9b61f395cda67176883eaee,TOCANTINS,SAO SALVADOR DO TOCANTINS,TO,Brasil,t,interior,1720259,2385,25097.27,815.37,f,2026-08-01
81ecac4f51a760d88af4833d56dae9dd,TOCANTINS,SAO SEBASTIAO DO TOCANTINS,TO,Brasil,t,interior,1720309,4100,16756.59,868.76,f,2026-08-01
92e8748378196e120784c154c7a3e597,TOCANTINS,SAO VALERIO DA NATIVIDADE,TO,Brasil,t,interior,,,,,,2026-08-01
c720900265b17ebf923a9fe37c548088,TOCANTINS,SILVANOPOLIS,TO,Brasil,t,interior,1720655,5108,55749.22,1231.48,f,2026-08-01
18eca901b40efa66550f36aa11833ed6,TOCANTINS,SITIO NOVO DO TOCANTINS,TO,Brasil,t,interior,1720804,10830,16586.98,803.30,f,2026-08-01
133ef0ac740851f3bef6ae1c582a3f8f,TOCANTINS,SUCUPIRA,TO,Brasil,t,interior,1720853,1577,196804.69,1087.47,f,2026-08-01
88017e5336acc414cca9a52ed5510375,TOCANTINS,TAGUATINGA,TO,Brasil,t,interior,1720903,14011,27610.16,1004.29,f,2026-08-01
5595267ca1964d0bcbb7224df9bb432e,TOCANTINS,TAIPAS DO TOCANTINS,TO,Brasil,t,interior,1720937,2021,20597.23,1041.52,f,2026-08-01
a824e473428ee6027e001c9a838482b4,TOCANTINS,TALISMA,TO,Brasil,t,interior,1720978,2456,70490.64,1136.59,f,2026-08-01
4dd990647b8f06f66f81b9698ff23081,TOCANTINS,TOCANTINIA,TO,Brasil,t,interior,1721109,7459,43914.73,755.36,f,2026-08-01
e2da0ee2346eadd6217f88dee4dfefe7,TOCANTINS,TOCANTINOPOLIS,TO,Brasil,t,interior,1721208,22615,23395.67,1055.63,f,2026-08-01
9464c83f0e5fd8c4bb2a19fec4e176cb,TOCANTINS,TUPIRAMA,TO,Brasil,t,interior,1721257,1909,50733.89,1308.74,f,2026-08-01
235c2615f736847bb39a307f2eb33556,TOCANTINS,TUPIRATINS,TO,Brasil,t,interior,1721307,1874,25836.18,1052.03,f,2026-08-01
aeda46c0b03ca0d939f00e316bbdbffb,TOCANTINS,WANDERLANDIA,TO,Brasil,t,interior,1722081,10522,23357.44,870.86,f,2026-08-01
a9f40a16bc4975384a119a63cc704199,TOCANTINS,XAMBIOA,TO,Brasil,t,interior,1722107,10517,68718.55,1051.05,f,2026-08-01
