ano_referencia,mes_referencia,uf,municipio,tipo_localidade,total_veiculos_eletrificados
2026,7,SAO PAULO,SAO PAULO,capital,148969
2026,7,DISTRITO FEDERAL,BRASILIA,capital,77854
2026,7,MINAS GERAIS,BELO HORIZONTE,capital,54668
2026,7,RIO DE JANEIRO,RIO DE JANEIRO,capital,42293
2026,7,PARANA,CURITIBA,capital,30426
2026,7,BAHIA,SALVADOR,capital,18561
2026,7,RIO GRANDE DO SUL,PORTO ALEGRE,capital,17739
2026,7,GOIAS,GOIANIA,capital,17055
2026,7,PERNAMBUCO,RECIFE,capital,16844
2026,7,CEARA,FORTALEZA,capital,16205
2026,7,SAO PAULO,CAMPINAS,interior,15247
2026,7,SANTA CATARINA,FLORIANOPOLIS,capital,11849
2026,7,AMAZONAS,MANAUS,capital,11810
2026,7,ALAGOAS,MACEIO,capital,9345
2026,7,MATO GROSSO,CUIABA,capital,8573
2026,7,SAO PAULO,RIBEIRAO PRETO,interior,8242
2026,7,PARAIBA,JOAO PESSOA,capital,7336
2026,7,SAO PAULO,SOROCABA,interior,7142
2026,7,RIO GRANDE DO NORTE,NATAL,capital,7103
2026,7,MATO GROSSO DO SUL,CAMPO GRANDE,capital,6495
2026,7,PARA,BELEM,capital,6482
2026,7,MARANHAO,SAO LUIS,capital,6420
2026,7,MINAS GERAIS,UBERLANDIA,interior,6333
2026,7,ESPIRITO SANTO,VITORIA,capital,6319
2026,7,PIAUI,TERESINA,capital,6266
2026,7,SAO PAULO,SAO BERNARDO DO CAMPO,interior,5626
2026,7,RIO DE JANEIRO,NITEROI,interior,5571
2026,7,SERGIPE,ARACAJU,capital,5544
2026,7,SAO PAULO,SAO JOSE DO RIO PRETO,interior,5482
2026,7,SAO PAULO,GUARULHOS,interior,5469
2026,7,SAO PAULO,BARUERI,interior,5447
2026,7,SAO PAULO,INDAIATUBA,interior,5325
2026,7,SAO PAULO,JUNDIAI,interior,5271
2026,7,ESPIRITO SANTO,VILA VELHA,interior,5222
2026,7,SANTA CATARINA,JOINVILLE,interior,5216
2026,7,PARANA,LONDRINA,interior,5084
2026,7,SANTA CATARINA,BALNEARIO CAMBORIU,interior,5053
2026,7,SAO PAULO,SANTO ANDRE,interior,4993
2026,7,PARANA,MARINGA,interior,4941
2026,7,SAO PAULO,SANTANA DE PARNAIBA,interior,4590
2026,7,SAO PAULO,SAO JOSE DOS CAMPOS,interior,4537
2026,7,RIO GRANDE DO SUL,CAXIAS DO SUL,interior,4416
2026,7,SANTA CATARINA,BLUMENAU,interior,4330
2026,7,SAO PAULO,SANTOS,interior,4186
2026,7,RONDONIA,PORTO VELHO,capital,4145
2026,7,SAO PAULO,PIRACICABA,interior,3865
2026,7,SANTA CATARINA,ITAJAI,interior,3767
2026,7,BAHIA,FEIRA DE SANTANA,interior,3355
2026,7,SAO PAULO,OSASCO,interior,3301
2026,7,SAO PAULO,MOGI DAS CRUZES,interior,3242
2026,7,PARANA,SAO JOSE DOS PINHAIS,interior,3139
2026,7,SAO PAULO,BAURU,interior,3088
2026,7,SANTA CATARINA,SAO JOSE,interior,3081
2026,7,BAHIA,LAURO DE FREITAS,interior,3059
2026,7,SAO PAULO,SAO CAETANO DO SUL,interior,3054
2026,7,ESPIRITO SANTO,SERRA,interior,2946
2026,7,TOCANTINS,PALMAS,capital,2916
2026,7,MINAS GERAIS,JUIZ DE FORA,interior,2906
2026,7,ESPIRITO SANTO,CARIACICA,interior,2730
2026,7,PARANA,CASCAVEL,interior,2724
2026,7,PERNAMBUCO,JABOATAO DOS GUARARAPES,interior,2701
2026,7,SAO PAULO,AMERICANA,interior,2600
2026,7,RIO GRANDE DO NORTE,PARNAMIRIM,interior,2590
2026,7,SAO PAULO,LIMEIRA,interior,2578
2026,7,SAO PAULO,VALINHOS,interior,2509
2026,7,PERNAMBUCO,PETROLINA,interior,2486
2026,7,RIO GRANDE DO SUL,NOVO HAMBURGO,interior,2445
2026,7,SANTA CATARINA,CHAPECO,interior,2381
2026,7,GOIAS,ANAPOLIS,interior,2307
2026,7,SANTA CATARINA,ITAPEMA,interior,2225
2026,7,BAHIA,VITORIA DA CONQUISTA,interior,2206
2026,7,PARAIBA,CAMPINA GRANDE,interior,2200
2026,7,RIO GRANDE DO SUL,CANOAS,interior,2126
2026,7,SANTA CATARINA,CRICIUMA,interior,2051
2026,7,SAO PAULO,COTIA,interior,2025
2026,7,RIO GRANDE DO SUL,PASSO FUNDO,interior,2009
2026,7,SANTA CATARINA,JARAGUA DO SUL,interior,1943
2026,7,SAO PAULO,ITU,interior,1931
2026,7,SAO PAULO,ARARAQUARA,interior,1854
2026,7,RIO GRANDE DO NORTE,MOSSORO,interior,1850
2026,7,GOIAS,APARECIDA DE GOIANIA,interior,1846
2026,7,RIO GRANDE DO SUL,PELOTAS,interior,1839
2026,7,ALAGOAS,ARAPIRACA,interior,1798
2026,7,SANTA CATARINA,PALHOCA,interior,1793
2026,7,CEARA,EUSEBIO,interior,1774
2026,7,SAO PAULO,FRANCA,interior,1768
2026,7,RIO DE JANEIRO,MACAE,interior,1764
2026,7,PARANA,PONTA GROSSA,interior,1761
2026,7,MINAS GERAIS,CONTAGEM,interior,1750
2026,7,RIO GRANDE DO SUL,SANTA MARIA,interior,1749
2026,7,PERNAMBUCO,CARUARU,interior,1708
2026,7,AMAPA,MACAPA,capital,1699
2026,7,PARANA,FOZ DO IGUACU,interior,1677
2026,7,RIO DE JANEIRO,PETROPOLIS,interior,1665
2026,7,RIO DE JANEIRO,NOVA IGUACU,interior,1648
2026,7,SAO PAULO,ATIBAIA,interior,1625
2026,7,SAO PAULO,MARILIA,interior,1615
2026,7,MATO GROSSO,VARZEA GRANDE,interior,1615
2026,7,RIO DE JANEIRO,VOLTA REDONDA,interior,1604
2026,7,RIO GRANDE DO SUL,GRAVATAI,interior,1584
2026,7,SAO PAULO,PRESIDENTE PRUDENTE,interior,1568
2026,7,PARANA,PINHAIS,interior,1552
2026,7,GOIAS,RIO VERDE,interior,1523
2026,7,RIO DE JANEIRO,DUQUE DE CAXIAS,interior,1500
2026,7,MATO GROSSO DO SUL,DOURADOS,interior,1482
2026,7,ACRE,RIO BRANCO,capital,1478
2026,7,RORAIMA,BOA VISTA,capital,1476
2026,7,SAO PAULO,PRAIA GRANDE,interior,1471
2026,7,SAO PAULO,BRAGANCA PAULISTA,interior,1452
2026,7,SANTA CATARINA,BRUSQUE,interior,1442
2026,7,RIO DE JANEIRO,SAO GONCALO,interior,1414
2026,7,PERNAMBUCO,OLINDA,interior,1390
2026,7,ESPIRITO SANTO,GUARAPARI,interior,1389
2026,7,SAO PAULO,SAO CARLOS,interior,1389
2026,7,SAO PAULO,VINHEDO,interior,1377
2026,7,BAHIA,CAMACARI,interior,1376
2026,7,MATO GROSSO,SINOP,interior,1353
2026,7,MATO GROSSO,RONDONOPOLIS,interior,1337
2026,7,RIO DE JANEIRO,CAMPOS DOS GOYTACAZES,interior,1323
2026,7,SAO PAULO,ARACATUBA,interior,1313
2026,7,SAO PAULO,PAULINIA,interior,1282
2026,7,MINAS GERAIS,UBERABA,interior,1255
2026,7,SAO PAULO,TAUBATE,interior,1241
2026,7,MINAS GERAIS,NOVA LIMA,interior,1201
2026,7,PERNAMBUCO,PAULISTA,interior,1195
2026,7,RIO GRANDE DO SUL,SAO LEOPOLDO,interior,1162
2026,7,MINAS GERAIS,MONTES CLAROS,interior,1161
2026,7,PARA,ANANINDEUA,interior,1159
2026,7,RIO DE JANEIRO,CABO FRIO,interior,1131
2026,7,RIO DE JANEIRO,MARICA,interior,1121
2026,7,ESPIRITO SANTO,CACHOEIRO DE ITAPEMIRIM,interior,1097
2026,7,SAO PAULO,DIADEMA,interior,1067
2026,7,RIO DE JANEIRO,RIO DAS OSTRAS,interior,1048
2026,7,MARANHAO,IMPERATRIZ,interior,1047
2026,7,SAO PAULO,BOTUCATU,interior,1037
2026,7,MINAS GERAIS,IPATINGA,interior,989
2026,7,RIO DE JANEIRO,RESENDE,interior,987
2026,7,SAO PAULO,JACAREI,interior,982
2026,7,ESPIRITO SANTO,LINHARES,interior,981
2026,7,MINAS GERAIS,GOVERNADOR VALADARES,interior,966
2026,7,MINAS GERAIS,POUSO ALEGRE,interior,951
2026,7,SAO PAULO,RIO CLARO,interior,951
2026,7,SANTA CATARINA,TUBARAO,interior,931
2026,7,SAO PAULO,MAUA,interior,928
2026,7,SAO PAULO,SUZANO,interior,925
2026,7,PARAIBA,CABEDELO,interior,920
2026,7,RIO DE JANEIRO,NOVA FRIBURGO,interior,910
2026,7,PARANA,COLOMBO,interior,906
2026,7,SAO PAULO,VOTORANTIM,interior,903
2026,7,RIO GRANDE DO SUL,LAJEADO,interior,899
2026,7,SAO PAULO,CARAPICUIBA,interior,887
2026,7,SAO PAULO,ARUJA,interior,883
2026,7,SAO PAULO,ITATIBA,interior,881
2026,7,MINAS GERAIS,BETIM,interior,876
2026,7,MINAS GERAIS,POCOS DE CALDAS,interior,875
2026,7,RIO DE JANEIRO,TERESOPOLIS,interior,869
2026,7,SAO PAULO,SUMARE,interior,830
2026,7,CEARA,JUAZEIRO DO NORTE,interior,806
2026,7,SAO PAULO,GUARUJA,interior,806
2026,7,SAO PAULO,TABOAO DA SERRA,interior,806
2026,7,SANTA CATARINA,LAGES,interior,787
2026,7,SAO PAULO,SANTA BARBARA D'OESTE,interior,786
2026,7,RIO GRANDE DO SUL,SANTA CRUZ DO SUL,interior,785
2026,7,MATO GROSSO,SORRISO,interior,784
2026,7,RIO GRANDE DO SUL,VIAMAO,interior,780
2026,7,BAHIA,ITABUNA,interior,779
2026,7,SAO PAULO,SALTO,interior,753
2026,7,MINAS GERAIS,DIVINOPOLIS,interior,737
2026,7,PARANA,GUARAPUAVA,interior,729
2026,7,PIAUI,PARNAIBA,interior,726
2026,7,PARANA,TOLEDO,interior,718
2026,7,SANTA CATARINA,CAMBORIU,interior,716
2026,7,RIO GRANDE DO SUL,BENTO GONCALVES,interior,714
2026,7,RIO DE JANEIRO,ANGRA DOS REIS,interior,712
2026,7,RIO DE JANEIRO,ARARUAMA,interior,709
2026,7,SAO PAULO,ITUPEVA,interior,708
2026,7,SAO PAULO,CARAGUATATUBA,interior,702
2026,7,MARANHAO,SAO JOSE DE RIBAMAR,interior,698
2026,7,RIO GRANDE DO SUL,CACHOEIRINHA,interior,697
2026,7,PARA,PARAUAPEBAS,interior,690
2026,7,SAO PAULO,CATANDUVA,interior,687
2026,7,TOCANTINS,ARAGUAINA,interior,679
2026,7,SAO PAULO,HORTOLANDIA,interior,675
2026,7,PARA,SANTAREM,interior,659
2026,7,PERNAMBUCO,CABO DE SANTO AGOSTINHO,interior,655
2026,7,SANTA CATARINA,RIO DO SUL,interior,645
2026,7,SAO PAULO,ITAPETININGA,interior,643
2026,7,CEARA,CAUCAIA,interior,642
2026,7,SAO PAULO,MOGI-MIRIM,interior,635
2026,7,RIO GRANDE DO SUL,ERECHIM,interior,631
2026,7,SANTA CATARINA,NAVEGANTES,interior,629
2026,7,SAO PAULO,ARARAS,interior,627
2026,7,GOIAS,SENADOR CANEDO,interior,620
2026,7,SAO PAULO,BARRETOS,interior,618
2026,7,SAO PAULO,CAJAMAR,interior,604
2026,7,SAO PAULO,SERTAOZINHO,interior,603
2026,7,SAO PAULO,MIRASSOL,interior,594
2026,7,ALAGOAS,MARECHAL DEODORO,interior,593
2026,7,GOIAS,ITUMBIARA,interior,587
2026,7,PARANA,ARAPONGAS,interior,582
2026,7,PERNAMBUCO,CAMARAGIBE,interior,582
2026,7,ESPIRITO SANTO,COLATINA,interior,580
2026,7,PARANA,CAMPO LARGO,interior,573
2026,7,RIO GRANDE DO SUL,RIO GRANDE,interior,559
2026,7,CEARA,SOBRAL,interior,557
2026,7,PARANA,ARAUCARIA,interior,551
2026,7,SAO PAULO,JAU,interior,550
2026,7,RIO DE JANEIRO,SAO JOAO DE MERITI,interior,547
2026,7,MINAS GERAIS,VARGINHA,interior,536
2026,7,PARA,MARABA,interior,533
2026,7,SAO PAULO,TATUI,interior,533
2026,7,SAO PAULO,EMBU DAS ARTES,interior,533
2026,7,SANTA CATARINA,BOMBINHAS,interior,519
2026,7,SAO PAULO,MOGI-GUACU,interior,518
2026,7,PARANA,PATO BRANCO,interior,518
2026,7,GOIAS,CATALAO,interior,517
2026,7,RIO DE JANEIRO,BARRA MANSA,interior,514
2026,7,PARANA,UMUARAMA,interior,511
2026,7,SANTA CATARINA,BIGUACU,interior,511
2026,7,CEARA,MARACANAU,interior,508
2026,7,SAO PAULO,ITAQUAQUECETUBA,interior,496
2026,7,SAO PAULO,SAO JOAO DA BOA VISTA,interior,494
2026,7,SAO PAULO,BOITUVA,interior,492
2026,7,SAO PAULO,MAIRIPORA,interior,486
2026,7,SAO PAULO,JANDIRA,interior,473
2026,7,ESPIRITO SANTO,SAO MATEUS,interior,473
2026,7,MATO GROSSO DO SUL,TRES LAGOAS,interior,471
2026,7,PERNAMBUCO,GARANHUNS,interior,470
2026,7,SAO PAULO,ASSIS,interior,470
2026,7,SAO PAULO,JAGUARIUNA,interior,470
2026,7,SAO PAULO,SAO VICENTE,interior,463
2026,7,SERGIPE,BARRA DOS COQUEIROS,interior,459
2026,7,RIO GRANDE DO SUL,GRAMADO,interior,458
2026,7,PARA,CASTANHAL,interior,453
2026,7,SAO PAULO,SAO ROQUE,interior,449
2026,7,PARANA,APUCARANA,interior,449
2026,7,SAO PAULO,ITAPEVI,interior,444
2026,7,SANTA CATARINA,PORTO BELO,interior,442
2026,7,SANTA CATARINA,ARARANGUA,interior,442
2026,7,RIO GRANDE DO SUL,CAPAO DA CANOA,interior,441
2026,7,MARANHAO,PACO DO LUMIAR,interior,440
2026,7,RIO GRANDE DO SUL,FARROUPILHA,interior,437
2026,7,RIO DE JANEIRO,BELFORD ROXO,interior,434
2026,7,BAHIA,BARREIRAS,interior,433
2026,7,RIO GRANDE DO SUL,CAMPO BOM,interior,433
2026,7,MATO GROSSO,PRIMAVERA DO LESTE,interior,431
2026,7,BAHIA,LUIS EDUARDO MAGALHAES,interior,426
2026,7,SAO PAULO,CAIEIRAS,interior,425
2026,7,SAO PAULO,BIRIGUI,interior,423
2026,7,GOIAS,TRINDADE,interior,422
2026,7,SAO PAULO,PINDAMONHANGABA,interior,421
2026,7,MINAS GERAIS,SETE LAGOAS,interior,418
2026,7,ESPIRITO SANTO,ARACRUZ,interior,415
2026,7,SANTA CATARINA,BALNEARIO DE PICARRAS,interior,415
2026,7,SANTA CATARINA,GASPAR,interior,413
2026,7,PARANA,PARANAGUA,interior,408
2026,7,SAO PAULO,RIBEIRAO PIRES,interior,407
2026,7,PARANA,CAMBE,interior,407
2026,7,RIO DE JANEIRO,SAO PEDRO DA ALDEIA,interior,406
2026,7,SAO PAULO,NOVA ODESSA,interior,405
2026,7,SAO PAULO,UBATUBA,interior,403
2026,7,SAO PAULO,VOTUPORANGA,interior,403
2026,7,GOIAS,JATAI,interior,401
2026,7,RIO GRANDE DO SUL,OSORIO,interior,391
2026,7,SANTA CATARINA,CONCORDIA,interior,391
2026,7,PARANA,FAZENDA RIO GRANDE,interior,388
2026,7,SAO PAULO,LOUVEIRA,interior,387
2026,7,RIO GRANDE DO SUL,ESTANCIA VELHA,interior,387
2026,7,SANTA CATARINA,TIJUCAS,interior,381
2026,7,SAO PAULO,VARGEM GRANDE PAULISTA,interior,379
2026,7,RIO GRANDE DO SUL,SAPIRANGA,interior,379
2026,7,RIO GRANDE DO SUL,IJUI,interior,378
2026,7,RIO DE JANEIRO,SAQUAREMA,interior,378
2026,7,RIO GRANDE DO SUL,SAPUCAIA DO SUL,interior,376
2026,7,RIO DE JANEIRO,TRES RIOS,interior,375
2026,7,SANTA CATARINA,INDAIAL,interior,374
2026,7,SAO PAULO,JABOTICABAL,interior,374
2026,7,RIO GRANDE DO SUL,ESTEIO,interior,373
2026,7,SANTA CATARINA,IMBITUBA,interior,371
2026,7,RIO GRANDE DO SUL,TORRES,interior,366
2026,7,PARANA,CAMPO MOURAO,interior,364
2026,7,SANTA CATARINA,VIDEIRA,interior,364
2026,7,PARANA,FRANCISCO BELTRAO,interior,363
2026,7,MINAS GERAIS,ARAXA,interior,362
2026,7,SAO PAULO,BERTIOGA,interior,361
2026,7,RIO GRANDE DO SUL,ALVORADA,interior,360
2026,7,CEARA,AQUIRAZ,interior,360
2026,7,RIO DE JANEIRO,ITABORAI,interior,359
2026,7,PARANA,ALMIRANTE TAMANDARE,interior,357
2026,7,RIO DE JANEIRO,ITAPERUNA,interior,356
2026,7,SANTA CATARINA,ITAPOA,interior,355
2026,7,PARANA,PARANAVAI,interior,355
2026,7,BAHIA,ILHEUS,interior,354
2026,7,MINAS GERAIS,PATOS DE MINAS,interior,354
2026,7,RIO DE JANEIRO,ITAGUAI,interior,352
2026,7,RIO DE JANEIRO,MAGE,interior,351
2026,7,RIO GRANDE DO SUL,SANTIAGO,interior,350
2026,7,SANTA CATARINA,TIMBO,interior,349
2026,7,MATO GROSSO,TANGARA DA SERRA,interior,348
2026,7,RIO DE JANEIRO,ARMACAO DOS BUZIOS,interior,344
2026,7,RIO GRANDE DO SUL,GUAIBA,interior,344
2026,7,PARANA,CIANORTE,interior,343
2026,7,RONDONIA,CACOAL,interior,342
2026,7,SAO PAULO,GUARATINGUETA,interior,340
2026,7,BAHIA,PORTO SEGURO,interior,335
2026,7,SANTA CATARINA,SAO FRANCISCO DO SUL,interior,334
2026,7,SANTA CATARINA,SAO BENTO DO SUL,interior,333
2026,7,SAO PAULO,ARACOIABA DA SERRA,interior,327
2026,7,SANTA CATARINA,GAROPABA,interior,327
2026,7,BAHIA,SIMOES FILHO,interior,327
2026,7,MATO GROSSO,LUCAS DO RIO VERDE,interior,327
2026,7,SAO PAULO,ITAPECERICA DA SERRA,interior,326
2026,7,BAHIA,SANTO ANTONIO DE JESUS,interior,326
2026,7,RONDONIA,ARIQUEMES,interior,324
2026,7,RIO GRANDE DO SUL,SANTA ROSA,interior,318
2026,7,SAO PAULO,POA,interior,315
2026,7,SAO PAULO,PIRASSUNUNGA,interior,314
2026,7,SAO PAULO,AVARE,interior,313
2026,7,SAO PAULO,BEBEDOURO,interior,313
2026,7,SANTA CATARINA,JOACABA,interior,312
2026,7,GOIAS,CALDAS NOVAS,interior,311
2026,7,SAO PAULO,MATAO,interior,310
2026,7,SAO PAULO,LEME,interior,307
2026,7,SANTA CATARINA,PENHA,interior,305
2026,7,SAO PAULO,SAO SEBASTIAO,interior,303
2026,7,SAO PAULO,CACAPAVA,interior,302
2026,7,BAHIA,JUAZEIRO,interior,302
2026,7,RIO DE JANEIRO,MESQUITA,interior,302
2026,7,SANTA CATARINA,BARRA VELHA,interior,298
2026,7,RONDONIA,JI-PARANA,interior,297
2026,7,MATO GROSSO,CACERES,interior,295
2026,7,SAO PAULO,FERNANDOPOLIS,interior,295
2026,7,SANTA CATARINA,ARAQUARI,interior,293
2026,7,SANTA CATARINA,CACADOR,interior,292
2026,7,SANTA CATARINA,ICARA,interior,289
2026,7,RIO GRANDE DO SUL,MONTENEGRO,interior,288
2026,7,MINAS GERAIS,LAGOA SANTA,interior,287
2026,7,SANTA CATARINA,MAFRA,interior,282
2026,7,SAO PAULO,OURINHOS,interior,282
2026,7,PARAIBA,PATOS,interior,281
2026,7,MARANHAO,BALSAS,interior,280
2026,7,SAO PAULO,IBITINGA,interior,279
2026,7,BAHIA,ALAGOINHAS,interior,274
2026,7,RIO DE JANEIRO,NILOPOLIS,interior,273
2026,7,MINAS GERAIS,ITABIRA,interior,272
2026,7,RIO GRANDE DO SUL,IVOTI,interior,271
2026,7,PARANA,PIRAQUARA,interior,267
2026,7,SAO PAULO,OLIMPIA,interior,266
2026,7,SAO PAULO,AMPARO,interior,266
2026,7,SAO PAULO,ITANHAEM,interior,265
2026,7,SAO PAULO,LINS,interior,262
2026,7,SAO PAULO,ITAPIRA,interior,262
2026,7,SAO PAULO,ITAPEVA,interior,258
2026,7,RIO GRANDE DO SUL,URUGUAIANA,interior,255
2026,7,RIO GRANDE DO SUL,XANGRI-LA,interior,255
2026,7,SERGIPE,ITABAIANA,interior,252
2026,7,RIO DE JANEIRO,MANGARATIBA,interior,251
2026,7,RONDONIA,VILHENA,interior,251
2026,7,RIO GRANDE DO SUL,CANELA,interior,250
2026,7,PARANA,ROLANDIA,interior,248
2026,7,SAO PAULO,FRANCO DA ROCHA,interior,247
2026,7,SAO PAULO,LENCOIS PAULISTA,interior,246
2026,7,PARANA,SARANDI,interior,244
2026,7,RIO GRANDE DO SUL,ELDORADO DO SUL,interior,244
2026,7,RIO GRANDE DO SUL,CARAZINHO,interior,242
2026,7,RIO GRANDE DO SUL,TRAMANDAI,interior,241
2026,7,PERNAMBUCO,VITORIA DE SANTO ANTAO,interior,238
2026,7,PIAUI,PICOS,interior,238
2026,7,SANTA CATARINA,GUARAMIRIM,interior,237
2026,7,RIO GRANDE DO SUL,DOIS IRMAOS,interior,236
2026,7,SAO PAULO,TAQUARITINGA,interior,235
2026,7,MATO GROSSO DO SUL,PONTA PORA,interior,234
2026,7,PARA,ALTAMIRA,interior,233
2026,7,RIO DE JANEIRO,RIO BONITO,interior,232
2026,7,CEARA,CRATO,interior,232
2026,7,RIO GRANDE DO SUL,TAQUARA,interior,232
2026,7,SAO PAULO,ILHABELA,interior,231
2026,7,SAO PAULO,FERRAZ DE VASCONCELOS,interior,231
2026,7,RIO GRANDE DO SUL,FLORES DA CUNHA,interior,230
2026,7,SAO PAULO,PORTO FELIZ,interior,230
2026,7,BAHIA,JEQUIE,interior,228
2026,7,BAHIA,TEIXEIRA DE FREITAS,interior,226
2026,7,MINAS GERAIS,JOAO MONLEVADE,interior,225
2026,7,PARAIBA,BAYEUX,interior,224
2026,7,RIO GRANDE DO SUL,SANTO ANGELO,interior,224
2026,7,SANTA CATARINA,XANXERE,interior,223
2026,7,AMAPA,SANTANA,interior,218
2026,7,PERNAMBUCO,SAO LOURENCO DA MATA,interior,218
2026,7,SAO PAULO,CERQUILHO,interior,215
2026,7,RIO GRANDE DO SUL,GARIBALDI,interior,214
2026,7,MINAS GERAIS,PASSOS,interior,212
2026,7,SANTA CATARINA,POMERODE,interior,211
2026,7,SAO PAULO,TUPA,interior,211
2026,7,PERNAMBUCO,CARPINA,interior,211
2026,7,GOIAS,MINEIROS,interior,210
2026,7,SAO PAULO,VARZEA PAULISTA,interior,210
2026,7,RIO GRANDE DO SUL,VENANCIO AIRES,interior,209
2026,7,MINAS GERAIS,MURIAE,interior,209
2026,7,MINAS GERAIS,ALFENAS,interior,207
2026,7,BAHIA,PAULO AFONSO,interior,205
2026,7,MINAS GERAIS,ITAUNA,interior,205
2026,7,SAO PAULO,ARTUR NOGUEIRA,interior,204
2026,7,SANTA CATARINA,SANTO AMARO DA IMPERATRIZ,interior,203
2026,7,RIO GRANDE DO SUL,BAGE,interior,203
2026,7,PARANA,MARECHAL CANDIDO RONDON,interior,203
2026,7,SANTA CATARINA,SAO MIGUEL D'OESTE,interior,203
2026,7,MATO GROSSO,NOVA MUTUM,interior,200
2026,7,SAO PAULO,TREMEMBE,interior,199
2026,7,RIO DE JANEIRO,QUEIMADOS,interior,198
2026,7,SAO PAULO,CABREUVA,interior,198
2026,7,SAO PAULO,CAMPO LIMPO PAULISTA,interior,196
2026,7,MATO GROSSO DO SUL,CORUMBA,interior,196
2026,7,SANTA CATARINA,BRACO DO NORTE,interior,196
2026,7,SAO PAULO,MOCOCA,interior,195
2026,7,CEARA,IGUATU,interior,195
2026,7,SANTA CATARINA,CANOINHAS,interior,194
2026,7,SANTA CATARINA,LAGUNA,interior,193
2026,7,MINAS GERAIS,LAVRAS,interior,192
2026,7,RIO DE JANEIRO,ITATIAIA,interior,192
2026,7,PERNAMBUCO,ABREU E LIMA,interior,192
2026,7,PERNAMBUCO,SANTA CRUZ DO CAPIBARIBE,interior,191
2026,7,MINAS GERAIS,UNAI,interior,191
2026,7,MINAS GERAIS,UBA,interior,190
2026,7,SAO PAULO,MONTE MOR,interior,190
2026,7,SAO PAULO,IBIUNA,interior,188
2026,7,MINAS GERAIS,PARA DE MINAS,interior,188
2026,7,ESPIRITO SANTO,VIANA,interior,187
2026,7,SAO PAULO,ORLANDIA,interior,187
2026,7,MINAS GERAIS,ARAGUARI,interior,186
2026,7,MINAS GERAIS,CORONEL FABRICIANO,interior,186
2026,7,SAO PAULO,GARCA,interior,185
2026,7,SAO PAULO,PERUIBE,interior,185
2026,7,RIO GRANDE DO NORTE,CAICO,interior,184
2026,7,SAO PAULO,PORTO FERREIRA,interior,184
2026,7,SAO PAULO,GUARAREMA,interior,182
2026,7,PARANA,IBIPORA,interior,182
2026,7,SERGIPE,NOSSA SENHORA DO SOCORRO,interior,182
2026,7,MINAS GERAIS,ITAJUBA,interior,182
2026,7,PARANA,QUATRO BARRAS,interior,182
2026,7,SANTA CATARINA,SAO JOAO BATISTA,interior,181
2026,7,PERNAMBUCO,IPOJUCA,interior,180
2026,7,BAHIA,EUNAPOLIS,interior,180
2026,7,RIO DE JANEIRO,BARRA DO PIRAI,interior,180
2026,7,MINAS GERAIS,CARATINGA,interior,179
2026,7,SAO PAULO,BATATAIS,interior,179
2026,7,MINAS GERAIS,SANTA LUZIA,interior,179
2026,7,SAO PAULO,CRAVINHOS,interior,179
2026,7,SAO PAULO,EMBU-GUACU,interior,178
2026,7,PERNAMBUCO,GOIANA,interior,177
2026,7,SAO PAULO,MONTE ALTO,interior,176
2026,7,BAHIA,GUANAMBI,interior,176
2026,7,SAO PAULO,HOLAMBRA,interior,176
2026,7,PERNAMBUCO,IGARASSU,interior,175
2026,7,SANTA CATARINA,GOVERNADOR CELSO RAMOS,interior,175
2026,7,RIO GRANDE DO NORTE,SAO GONCALO DO AMARANTE,interior,175
2026,7,SAO PAULO,REGISTRO,interior,175
2026,7,SAO PAULO,PENAPOLIS,interior,174
2026,7,PARANA,MEDIANEIRA,interior,174
2026,7,SAO PAULO,FRANCISCO MORATO,interior,172
2026,7,SAO PAULO,PRESIDENTE EPITACIO,interior,172
2026,7,SAO PAULO,COSMOPOLIS,interior,172
2026,7,SAO PAULO,BADY BASSITT,interior,172
2026,7,SAO PAULO,SAO JOSE DO RIO PARDO,interior,171
2026,7,SANTA CATARINA,PASSO DE TORRES,interior,171
2026,7,RIO DE JANEIRO,SEROPEDICA,interior,170
2026,7,SAO PAULO,CAMPOS DO JORDAO,interior,170
2026,7,RIO GRANDE DO SUL,MARAU,interior,169
2026,7,RIO GRANDE DO SUL,CRUZ ALTA,interior,168
2026,7,ALAGOAS,PENEDO,interior,168
2026,7,PARANA,TELEMACO BORBA,interior,168
2026,7,ESPIRITO SANTO,MARATAIZES,interior,167
2026,7,PARAIBA,CAJAZEIRAS,interior,167
2026,7,MINAS GERAIS,TIMOTEO,interior,166
2026,7,SAO PAULO,SANTA ISABEL,interior,166
2026,7,SAO PAULO,ANDRADINA,interior,163
2026,7,PERNAMBUCO,GRAVATA,interior,163
2026,7,PARANA,CASTRO,interior,163
2026,7,PARANA,CAMPINA GRANDE DO SUL,interior,162
2026,7,PARANA,MATINHOS,interior,162
2026,7,MINAS GERAIS,MANHUACU,interior,161
2026,7,RIO GRANDE DO SUL,PORTAO,interior,161
2026,7,SAO PAULO,CUBATAO,interior,161
2026,7,SAO PAULO,SAO JOAQUIM DA BARRA,interior,160
2026,7,SANTA CATARINA,ITUPORANGA,interior,160
2026,7,SANTA CATARINA,GUABIRUBA,interior,159
2026,7,PARANA,MARIALVA,interior,159
2026,7,PARA,CANAA DOS CARAJAS,interior,158
2026,7,RIO DE JANEIRO,VALENCA,interior,157
2026,7,SAO PAULO,LORENA,interior,156
2026,7,ESPIRITO SANTO,BARRA DE SAO FRANCISCO,interior,156
2026,7,RIO DE JANEIRO,VASSOURAS,interior,155
2026,7,SAO PAULO,PIRATININGA,interior,154
2026,7,RIO DE JANEIRO,PARATI,interior,153
2026,7,TOCANTINS,GURUPI,interior,153
2026,7,SAO PAULO,SAO PEDRO,interior,153
2026,7,SAO PAULO,PIEDADE,interior,152
2026,7,SAO PAULO,JALES,interior,152
2026,7,ESPIRITO SANTO,NOVA VENECIA,interior,151
2026,7,PERNAMBUCO,SERRA TALHADA,interior,151
2026,7,SANTA CATARINA,PORTO UNIAO,interior,150
2026,7,SAO PAULO,TIETE,interior,150
2026,7,PERNAMBUCO,FERNANDO DE NORONHA,interior,150
2026,7,ESPIRITO SANTO,ANCHIETA,interior,149
2026,7,MINAS GERAIS,IBIRITE,interior,149
2026,7,SAO PAULO,PEDREIRA,interior,148
2026,7,PARANA,IRATI,interior,147
2026,7,RIO GRANDE DO SUL,SAO BORJA,interior,147
2026,7,PARA,BARCARENA,interior,147
2026,7,PERNAMBUCO,ARCOVERDE,interior,146
2026,7,MINAS GERAIS,CONSELHEIRO LAFAIETE,interior,146
2026,7,SAO PAULO,ESPIRITO SANTO DO PINHAL,interior,145
2026,7,PARANA,GUARATUBA,interior,144
2026,7,MATO GROSSO,CAMPO VERDE,interior,143
2026,7,RIO GRANDE DO SUL,ESTRELA,interior,143
2026,7,PARA,REDENCAO,interior,143
2026,7,SAO PAULO,CAPIVARI,interior,143
2026,7,CEARA,BARBALHA,interior,142
2026,7,RIO GRANDE DO SUL,SANTANA DO LIVRAMENTO,interior,141
2026,7,RIO DE JANEIRO,PARACAMBI,interior,140
2026,7,MINAS GERAIS,PATROCINIO,interior,140
2026,7,RIO GRANDE DO SUL,CARLOS BARBOSA,interior,140
2026,7,PARAIBA,SANTA RITA,interior,140
2026,7,SAO PAULO,ADAMANTINA,interior,139
2026,7,SANTA CATARINA,CAMPOS NOVOS,interior,139
2026,7,SERGIPE,LAGARTO,interior,139
2026,7,BAHIA,IRECE,interior,139
2026,7,PARANA,CORNELIO PROCOPIO,interior,139
2026,7,RIO GRANDE DO SUL,PAROBE,interior,138
2026,7,MINAS GERAIS,ITUIUTABA,interior,137
2026,7,SAO PAULO,MAIRINQUE,interior,136
2026,7,MINAS GERAIS,EXTREMA,interior,136
2026,7,MINAS GERAIS,PONTE NOVA,interior,136
2026,7,RIO GRANDE DO SUL,SANTO ANTONIO DA PATRULHA,interior,135
2026,7,MINAS GERAIS,NOVA SERRANA,interior,135
2026,7,PARA,PARAGOMINAS,interior,135
2026,7,MINAS GERAIS,BARBACENA,interior,135
2026,7,RIO DE JANEIRO,GUAPIMIRIM,interior,134
2026,7,RIO GRANDE DO SUL,VACARIA,interior,134
2026,7,RIO GRANDE DO SUL,FREDERICO WESTPHALEN,interior,134
2026,7,RIO GRANDE DO NORTE,MACAIBA,interior,134
2026,7,MINAS GERAIS,VICOSA,interior,134
2026,7,SAO PAULO,CRUZEIRO,interior,133
2026,7,SAO PAULO,GUAIRA,interior,133
2026,7,RIO GRANDE DO SUL,IMBE,interior,133
2026,7,SAO PAULO,JOSE BONIFACIO,interior,133
2026,7,RIO GRANDE DO SUL,NOVA SANTA RITA,interior,132
2026,7,RIO GRANDE DO SUL,CACHOEIRA DO SUL,interior,131
2026,7,RIO DE JANEIRO,ARRAIAL DO CABO,interior,131
2026,7,MATO GROSSO,ALTA FLORESTA,interior,130
2026,7,ACRE,CRUZEIRO DO SUL,interior,130
2026,7,RIO GRANDE DO SUL,NOVA PETROPOLIS,interior,129
2026,7,MINAS GERAIS,RIBEIRAO DAS NEVES,interior,129
2026,7,BAHIA,CATU,interior,128
2026,7,MATO GROSSO,BARRA DO GARCAS,interior,128
2026,7,PARANA,PALOTINA,interior,128
2026,7,ESPIRITO SANTO,DOMINGOS MARTINS,interior,127
2026,7,MATO GROSSO,PONTES E LACERDA,interior,127
2026,7,RIO GRANDE DO SUL,CAMAQUA,interior,127
2026,7,CEARA,PACATUBA,interior,126
2026,7,GOIAS,GOIANIRA,interior,126
2026,7,SAO PAULO,ITUVERAVA,interior,125
2026,7,SANTA CATARINA,MARAVILHA,interior,123
2026,7,GOIAS,GOIANESIA,interior,123
2026,7,SAO PAULO,ITAPOLIS,interior,123
2026,7,PARA,ITAITUBA,interior,122
2026,7,RIO GRANDE DO SUL,ENCANTADO,interior,122
2026,7,GOIAS,INHUMAS,interior,122
2026,7,ESPIRITO SANTO,CASTELO,interior,122
2026,7,SAO PAULO,JARDINOPOLIS,interior,122
2026,7,SAO PAULO,AGUDOS,interior,121
2026,7,MINAS GERAIS,TEOFILO OTONI,interior,121
2026,7,PARANA,SANTO ANTONIO DA PLATINA,interior,120
2026,7,PARANA,MANDAGUARI,interior,120
2026,7,MINAS GERAIS,VESPASIANO,interior,120
2026,7,PARAIBA,SOUSA,interior,120
2026,7,BAHIA,JACOBINA,interior,120
2026,7,PARANA,DOIS VIZINHOS,interior,119
2026,7,MINAS GERAIS,SAO JOAO DEL REI,interior,119
2026,7,SAO PAULO,JARINU,interior,119
2026,7,CEARA,ITAITINGA,interior,119
2026,7,ESPIRITO SANTO,ITAPEMIRIM,interior,118
2026,7,RIO DE JANEIRO,IGUABA GRANDE,interior,118
2026,7,ESPIRITO SANTO,PIUMA,interior,118
2026,7,SAO PAULO,PEDERNEIRAS,interior,118
2026,7,RIO GRANDE DO SUL,IGREJINHA,interior,118
2026,7,SANTA CATARINA,XAXIM,interior,116
2026,7,MATO GROSSO DO SUL,MARACAJU,interior,116
2026,7,SAO PAULO,ALVARES MACHADO,interior,116
2026,7,GOIAS,QUIRINOPOLIS,interior,115
2026,7,SAO PAULO,CORDEIROPOLIS,interior,114
2026,7,RIO GRANDE DO SUL,ALEGRETE,interior,114
2026,7,RIO GRANDE DO SUL,TEUTONIA,interior,114
2026,7,ALAGOAS,PALMEIRA DOS INDIOS,interior,114
2026,7,SAO PAULO,BARRA BONITA,interior,113
2026,7,PERNAMBUCO,PAUDALHO,interior,112
2026,7,MARANHAO,BACABAL,interior,112
2026,7,SAO PAULO,SALTO DE PIRAPORA,interior,111
2026,7,MINAS GERAIS,TRES PONTAS,interior,111
2026,7,RIO GRANDE DO SUL,VERANOPOLIS,interior,111
2026,7,PARA,MARITUBA,interior,110
2026,7,ESPIRITO SANTO,BAIXO GUANDU,interior,110
2026,7,RIO DE JANEIRO,CACHOEIRAS DE MACACU,interior,110
2026,7,SANTA CATARINA,SOMBRIO,interior,110
2026,7,SERGIPE,SAO CRISTOVAO,interior,110
2026,7,BAHIA,SERRINHA,interior,110
2026,7,BAHIA,CANDEIAS,interior,109
2026,7,SAO PAULO,APARECIDA,interior,109
2026,7,MARANHAO,ACAILANDIA,interior,109
2026,7,SANTA CATARINA,CURITIBANOS,interior,108
2026,7,SAO PAULO,SERRA NEGRA,interior,108
2026,7,PERNAMBUCO,SURUBIM,interior,108
2026,7,PARAIBA,GUARABIRA,interior,107
2026,7,GOIAS,SANTA HELENA DE GOIAS,interior,107
2026,7,PARANA,PONTAL DO PARANA,interior,107
2026,7,BAHIA,DIAS D'AVILA,interior,106
2026,7,BAHIA,BRUMADO,interior,106
2026,7,CEARA,QUIXADA,interior,106
2026,7,ALAGOAS,RIO LARGO,interior,105
2026,7,RIO DE JANEIRO,MIGUEL PEREIRA,interior,105
2026,7,SAO PAULO,SERRANA,interior,105
2026,7,SAO PAULO,DRACENA,interior,105
2026,7,MATO GROSSO DO SUL,PARANAIBA,interior,104
2026,7,MINAS GERAIS,MARIANA,interior,104
2026,7,MINAS GERAIS,CURVELO,interior,103
2026,7,SAO PAULO,MONGAGUA,interior,103
2026,7,SAO PAULO,SANTA FE DO SUL,interior,103
2026,7,MINAS GERAIS,ITABIRITO,interior,102
2026,7,MINAS GERAIS,GUAXUPE,interior,102
2026,7,PARAIBA,LAGOA SECA,interior,102
2026,7,RIO GRANDE DO SUL,NOVA PRATA,interior,102
2026,7,SAO PAULO,BOM JESUS DOS PERDOES,interior,101
2026,7,MARANHAO,SANTA INES,interior,101
2026,7,RIO GRANDE DO NORTE,ASSU,interior,101
2026,7,RIO GRANDE DO NORTE,PAU DOS FERROS,interior,100
2026,7,BAHIA,MATA DE SAO JOAO,interior,99
2026,7,BAHIA,VALENCA,interior,99
2026,7,MATO GROSSO,JUINA,interior,99
2026,7,SAO PAULO,RIO DAS PEDRAS,interior,98
2026,7,SAO PAULO,NOVO HORIZONTE,interior,98
2026,7,BAHIA,CRUZ DAS ALMAS,interior,98
2026,7,SAO PAULO,BARIRI,interior,97
2026,7,GOIAS,HIDROLANDIA,interior,97
2026,7,MATO GROSSO,CAMPO NOVO DO PARECIS,interior,97
2026,7,MINAS GERAIS,FORMIGA,interior,97
2026,7,CEARA,TIANGUA,interior,96
2026,7,ESPIRITO SANTO,VENDA NOVA DO IMIGRANTE,interior,96
2026,7,PERNAMBUCO,JATAUBA,interior,96
2026,7,MINAS GERAIS,PEDRO LEOPOLDO,interior,96
2026,7,MINAS GERAIS,SABARA,interior,96
2026,7,SAO PAULO,IRACEMAPOLIS,interior,95
2026,7,PARANA,ASSIS CHATEAUBRIAND,interior,94
2026,7,ESPIRITO SANTO,SANTA MARIA DE JETIBA,interior,94
2026,7,SANTA CATARINA,ORLEANS,interior,94
2026,7,RIO GRANDE DO SUL,SAO GABRIEL,interior,94
2026,7,RIO GRANDE DO SUL,SAO SEBASTIAO DO CAI,interior,94
2026,7,SANTA CATARINA,RIO NEGRINHO,interior,94
2026,7,RIO GRANDE DO NORTE,CURRAIS NOVOS,interior,94
2026,7,CEARA,HORIZONTE,interior,93
2026,7,PARANA,PALMEIRA,interior,93
2026,7,PERNAMBUCO,PALMARES,interior,93
2026,7,RIO GRANDE DO SUL,SOLEDADE,interior,93
2026,7,RIO GRANDE DO SUL,SAO MARCOS,interior,93
2026,7,MINAS GERAIS,SAO SEBASTIAO DO PARAISO,interior,93
2026,7,MINAS GERAIS,BRUMADINHO,interior,93
2026,7,ESPIRITO SANTO,GUACUI,interior,92
2026,7,SAO PAULO,SOCORRO,interior,92
2026,7,MARANHAO,TIMON,interior,92
2026,7,RIO GRANDE DO SUL,GUAPORE,interior,90
2026,7,RONDONIA,ROLIM DE MOURA,interior,90
2026,7,SANTA CATARINA,GARUVA,interior,89
2026,7,PIAUI,FLORIANO,interior,89
2026,7,SANTA CATARINA,MORRO DA FUMACA,interior,89
2026,7,ESPIRITO SANTO,SANTA TERESA,interior,89
2026,7,SANTA CATARINA,FRAIBURGO,interior,89
2026,7,RONDONIA,JARU,interior,89
2026,7,SANTA CATARINA,SAO LUDGERO,interior,89
2026,7,MINAS GERAIS,FRUTAL,interior,88
2026,7,PARANA,UNIAO DA VITORIA,interior,88
2026,7,SAO PAULO,SANTA CRUZ DO RIO PARDO,interior,88
2026,7,SAO PAULO,BRODOWSKI,interior,88
2026,7,PARANA,SAO MATEUS DO SUL,interior,87
2026,7,MARANHAO,CAXIAS,interior,87
2026,7,GOIAS,MORRINHOS,interior,87
2026,7,MATO GROSSO DO SUL,SAO GABRIEL DO OESTE,interior,87
2026,7,SANTA CATARINA,MASSARANDUBA,interior,87
2026,7,ESPIRITO SANTO,IBATIBA,interior,86
2026,7,SAO PAULO,PILAR DO SUL,interior,85
2026,7,MATO GROSSO DO SUL,NOVA ANDRADINA,interior,85
2026,7,PARANA,IVAIPORA,interior,84
2026,7,RIO GRANDE DO NORTE,EXTREMOZ,interior,84
2026,7,MINAS GERAIS,SAO LOURENCO,interior,84
2026,7,RIO DE JANEIRO,PARAIBA DO SUL,interior,83
2026,7,BAHIA,CONCEICAO DO COITE,interior,83
2026,7,SAO PAULO,DESCALVADO,interior,83
2026,7,GOIAS,SAO LUIS DE MONTES BELOS,interior,83
2026,7,SAO PAULO,POMPEIA,interior,83
2026,7,SAO PAULO,ARACARIGUAMA,interior,83
2026,7,RIO DE JANEIRO,CASIMIRO DE ABREU,interior,83
2026,7,SAO PAULO,GUARARAPES,interior,83
2026,7,MINAS GERAIS,CATAGUASES,interior,83
2026,7,SAO PAULO,PIRACAIA,interior,82
2026,7,SAO PAULO,AGUAS DE LINDOIA,interior,82
2026,7,ALAGOAS,SANTANA DO IPANEMA,interior,82
2026,7,SAO PAULO,VARGEM GRANDE DO SUL,interior,82
2026,7,SANTA CATARINA,SCHROEDER,interior,82
2026,7,SAO PAULO,PRESIDENTE VENCESLAU,interior,81
2026,7,GOIAS,GOIATUBA,interior,81
2026,7,PERNAMBUCO,SALGUEIRO,interior,80
2026,7,BAHIA,ITAPETINGA,interior,80
2026,7,BAHIA,SENHOR DO BONFIM,interior,79
2026,7,RIO DE JANEIRO,SANTO ANTONIO DE PADUA,interior,79
2026,7,MINAS GERAIS,CONFINS,interior,79
2026,7,SAO PAULO,MORRO AGUDO,interior,79
2026,7,RIO GRANDE DO SUL,BOM PRINCIPIO,interior,79
2026,7,SANTA CATARINA,NOVA TRENTO,interior,79
2026,7,PARA,ABAETETUBA,interior,78
2026,7,SANTA CATARINA,PINHALZINHO,interior,78
2026,7,MINAS GERAIS,TRES CORACOES,interior,78
2026,7,SAO PAULO,LARANJAL PAULISTA,interior,77
2026,7,PARANA,GUAIRA,interior,77
2026,7,TOCANTINS,PARAISO DO TOCANTINS,interior,77
2026,7,SANTA CATARINA,CAPIVARI DE BAIXO,interior,77
2026,7,SAO PAULO,GUARIBA,interior,77
2026,7,SAO PAULO,SANTO ANTONIO DE POSSE,interior,76
2026,7,SANTA CATARINA,FORQUILHINHA,interior,76
2026,7,MINAS GERAIS,SANTANA DO PARAISO,interior,76
2026,7,ESPIRITO SANTO,SAO GABRIEL DA PALHA,interior,76
2026,7,GOIAS,JARAGUA,interior,75
2026,7,MATO GROSSO DO SUL,CHAPADAO DO SUL,interior,75
2026,7,RIO GRANDE DO SUL,TRES PASSOS,interior,75
2026,7,PARANA,JANDAIA DO SUL,interior,75
2026,7,SANTA CATARINA,ANTONIO CARLOS,interior,75
2026,7,RIO GRANDE DO SUL,PANAMBI,interior,75
2026,7,SAO PAULO,MONTE AZUL PAULISTA,interior,74
2026,7,MATO GROSSO DO SUL,NAVIRAI,interior,74
2026,7,GOIAS,ITABERAI,interior,74
2026,7,PERNAMBUCO,BELO JARDIM,interior,74
2026,7,PARANA,JACAREZINHO,interior,74
2026,7,SANTA CATARINA,COCAL DO SUL,interior,73
2026,7,RIO GRANDE DO SUL,ARROIO DO MEIO,interior,73
2026,7,SANTA CATARINA,SAO LOURENCO D'OESTE,interior,73
2026,7,PARA,CAPANEMA,interior,73
2026,7,SANTA CATARINA,BALNEARIO GAIVOTA,interior,73
2026,7,MATO GROSSO DO SUL,COXIM,interior,72
2026,7,PERNAMBUCO,LIMOEIRO,interior,72
2026,7,RIO DE JANEIRO,PINHEIRAL,interior,72
2026,7,PERNAMBUCO,MORENO,interior,72
2026,7,MINAS GERAIS,LAGOA DA PRATA,interior,72
2026,7,PARANA,LOANDA,interior,71
2026,7,RIO GRANDE DO NORTE,APODI,interior,71
2026,7,CEARA,MARANGUAPE,interior,71
2026,7,SANTA CATARINA,BALNEARIO RINCAO,interior,71
2026,7,PARANA,GOIOERE,interior,71
2026,7,ALAGOAS,BARRA DE SAO MIGUEL,interior,71
2026,7,RIO DE JANEIRO,JAPERI,interior,71
2026,7,MATO GROSSO DO SUL,RIO BRILHANTE,interior,70
2026,7,SAO PAULO,CAPAO BONITO,interior,70
2026,7,MINAS GERAIS,SANTA RITA DO SAPUCAI,interior,70
2026,7,PARA,BRAGANCA,interior,70
2026,7,ALAGOAS,CORURIPE,interior,70
2026,7,RIO GRANDE DO SUL,PALMEIRA DAS MISSOES,interior,70
2026,7,PARANA,NOVA ESPERANCA,interior,69
2026,7,PARANA,SAO MIGUEL DO IGUACU,interior,69
2026,7,GOIAS,BELA VISTA DE GOIAS,interior,69
2026,7,GOIAS,PIRES DO RIO,interior,68
2026,7,SANTA CATARINA,IBIRAMA,interior,67
2026,7,RIO GRANDE DO SUL,IBIRUBA,interior,67
2026,7,PERNAMBUCO,TORITAMA,interior,67
2026,7,MINAS GERAIS,BOM DESPACHO,interior,67
2026,7,RIO GRANDE DO SUL,GETULIO VARGAS,interior,67
2026,7,SAO PAULO,AGUAI,interior,67
2026,7,ALAGOAS,SAO MIGUEL DOS CAMPOS,interior,66
2026,7,SAO PAULO,ENGENHEIRO COELHO,interior,66
2026,7,RIO GRANDE DO SUL,TAPEJARA,interior,66
2026,7,ESPIRITO SANTO,ALEGRE,interior,66
2026,7,RIO GRANDE DO SUL,SAO LUIZ GONZAGA,interior,65
2026,7,PARANA,MANDAGUACU,interior,65
2026,7,RIO GRANDE DO NORTE,SAO JOSE DE MIPIBU,interior,65
2026,7,RIO GRANDE DO SUL,SANANDUVA,interior,65
2026,7,CEARA,CRATEUS,interior,65
2026,7,RIO GRANDE DO SUL,SAO LOURENCO DO SUL,interior,65
2026,7,PARANA,ASSAI,interior,65
2026,7,SAO PAULO,CONCHAL,interior,65
2026,7,BAHIA,BOM JESUS DA LAPA,interior,65
2026,7,RIO GRANDE DO NORTE,CEARA-MIRIM,interior,64
2026,7,MINAS GERAIS,IGARAPE,interior,64
2026,7,PARANA,PRUDENTOPOLIS,interior,64
2026,7,SANTA CATARINA,ILHOTA,interior,64
2026,7,ESPIRITO SANTO,JAGUARE,interior,63
2026,7,RIO GRANDE DO NORTE,SANTA CRUZ,interior,63
2026,7,MINAS GERAIS,OURO PRETO,interior,63
2026,7,CEARA,LIMOEIRO DO NORTE,interior,63
2026,7,BAHIA,POJUCA,interior,63
2026,7,SANTA CATARINA,URUSSANGA,interior,63
2026,7,RIO DE JANEIRO,PIRAI,interior,63
2026,7,ESPIRITO SANTO,FUNDAO,interior,63
2026,7,PARANA,LAPA,interior,63
2026,7,ESPIRITO SANTO,RIO BANANAL,interior,63
2026,7,MINAS GERAIS,MACHADO,interior,62
2026,7,PARANA,CORONEL VIVIDA,interior,62
2026,7,SAO PAULO,RANCHARIA,interior,62
2026,7,MATO GROSSO,CHAPADA DOS GUIMARAES,interior,62
2026,7,SANTA CATARINA,NOVA VENEZA,interior,62
2026,7,PARANA,CAMPO MAGRO,interior,62
2026,7,PARA,SANTA ISABEL DO PARA,interior,62
2026,7,RIO DE JANEIRO,PORTO REAL,interior,61
2026,7,RIO GRANDE DO SUL,FELIZ,interior,61
2026,7,SANTA CATARINA,ITAPIRANGA,interior,61
2026,7,SAO PAULO,BASTOS,interior,61
2026,7,RIO GRANDE DO SUL,SARANDI,interior,61
2026,7,MATO GROSSO DO SUL,AMAMBAI,interior,61
2026,7,MINAS GERAIS,OURO BRANCO,interior,61
2026,7,GOIAS,CERES,interior,61
2026,7,RIO GRANDE DO NORTE,NOVA CRUZ,interior,60
2026,7,BAHIA,SANTO ESTEVAO,interior,60
2026,7,PARA,BENEVIDES,interior,60
2026,7,RIO GRANDE DO SUL,CHARQUEADAS,interior,60
2026,7,RIO GRANDE DO SUL,TRES DE MAIO,interior,60
2026,7,SAO PAULO,OSVALDO CRUZ,interior,60
2026,7,SAO PAULO,PARDINHO,interior,60
2026,7,SAO PAULO,PIRAPOZINHO,interior,59
2026,7,BAHIA,RIBEIRA DO POMBAL,interior,59
2026,7,RIO GRANDE DO SUL,DOM PEDRITO,interior,59
2026,7,MINAS GERAIS,SAO GOTARDO,interior,59
2026,7,SERGIPE,ESTANCIA,interior,59
2026,7,PARA,TUCURUI,interior,59
2026,7,CEARA,ITAPIPOCA,interior,59
2026,7,ESPIRITO SANTO,IUNA,interior,59
2026,7,SAO PAULO,TAQUARITUBA,interior,58
2026,7,RIO GRANDE DO SUL,VERA CRUZ,interior,58
2026,7,PARANA,IPORA,interior,58
2026,7,BAHIA,CONCEICAO DO JACUIPE,interior,58
2026,7,SAO PAULO,ILHA SOLTEIRA,interior,58
2026,7,MATO GROSSO,JACIARA,interior,58
2026,7,ESPIRITO SANTO,MARECHAL FLORIANO,interior,58
2026,7,GOIAS,IPORA,interior,58
2026,7,ALAGOAS,DELMIRO GOUVEIA,interior,58
2026,7,GOIAS,PORANGATU,interior,57
2026,7,SANTA CATARINA,CANELINHA,interior,57
2026,7,GOIAS,FORMOSA,interior,57
2026,7,SAO PAULO,SANTA RITA DO PASSA QUATRO,interior,57
2026,7,MARANHAO,PINHEIRO,interior,57
2026,7,RIO GRANDE DO SUL,TAQUARI,interior,57
2026,7,RIO DE JANEIRO,PATY DO ALFERES,interior,57
2026,7,MATO GROSSO DO SUL,COSTA RICA,interior,57
2026,7,BAHIA,ITABERABA,interior,57
2026,7,GOIAS,URUACU,interior,57
2026,7,SANTA CATARINA,JAGUARUNA,interior,57
2026,7,RIO DE JANEIRO,SAO FIDELIS,interior,56
2026,7,RIO DE JANEIRO,SAO JOAO DA BARRA,interior,56
2026,7,PARA,TAILANDIA,interior,56
2026,7,RIO DE JANEIRO,ITAOCARA,interior,56
2026,7,PERNAMBUCO,BEZERROS,interior,56
2026,7,ESPIRITO SANTO,CONCEICAO DA BARRA,interior,56
2026,7,BAHIA,CAETITE,interior,56
2026,7,SAO PAULO,ITAI,interior,55
2026,7,PERNAMBUCO,TAMANDARE,interior,55
2026,7,SAO PAULO,SANTA ROSA DE VITERBO,interior,55
2026,7,SAO PAULO,MIRANDOPOLIS,interior,55
2026,7,PARANA,BANDEIRANTES,interior,55
2026,7,MATO GROSSO,COLIDER,interior,55
2026,7,TOCANTINS,PORTO NACIONAL,interior,55
2026,7,ESPIRITO SANTO,ALFREDO CHAVES,interior,55
2026,7,BAHIA,IPIRA,interior,54
2026,7,SAO PAULO,PIRAJU,interior,54
2026,7,SAO PAULO,TANABI,interior,54
2026,7,SAO PAULO,DOIS CORREGOS,interior,54
2026,7,PARANA,SERTANOPOLIS,interior,54
2026,7,PARANA,SAO JORGE DO PATROCINIO,interior,54
2026,7,SANTA CATARINA,PRESIDENTE GETULIO,interior,54
2026,7,RIO GRANDE DO SUL,TRIUNFO,interior,54
2026,7,SAO PAULO,SAO MANUEL,interior,54
2026,7,PARANA,NOVA AURORA,interior,54
2026,7,RIO GRANDE DO SUL,TRES COROAS,interior,54
2026,7,RIO GRANDE DO SUL,NAO-ME-TOQUE,interior,53
2026,7,SAO PAULO,AMERICO BRASILIENSE,interior,53
2026,7,MINAS GERAIS,PARACATU,interior,53
2026,7,SANTA CATARINA,BALNEARIO ARROIO DO SILVA,interior,53
2026,7,GOIAS,LUZIANIA,interior,53
2026,7,PARANA,LARANJEIRAS DO SUL,interior,53
2026,7,MINAS GERAIS,VISCONDE DO RIO BRANCO,interior,53
2026,7,SAO PAULO,SANTA GERTRUDES,interior,53
2026,7,SAO PAULO,PARAGUACU PAULISTA,interior,53
2026,7,SAO PAULO,GUAPIACU,interior,52
2026,7,CEARA,ARACATI,interior,52
2026,7,GOIAS,CRISTALINA,interior,52
2026,7,MINAS GERAIS,CLAUDIO,interior,52
2026,7,PARANA,IMBITUVA,interior,52
2026,7,MATO GROSSO,DIAMANTINO,interior,52
2026,7,SANTA CATARINA,BALNEARIO BARRA DO SUL,interior,52
2026,7,AMAZONAS,PARINTINS,interior,51
2026,7,RIO GRANDE DO SUL,CANGUCU,interior,51
2026,7,CEARA,PACAJUS,interior,51
2026,7,ESPIRITO SANTO,MARILANDIA,interior,51
2026,7,SAO PAULO,RIO GRANDE DA SERRA,interior,51
2026,7,SAO PAULO,MONTE APRAZIVEL,interior,51
2026,7,MINAS GERAIS,CAMPO BELO,interior,51
2026,7,SAO PAULO,SANTA CRUZ DAS PALMEIRAS,interior,51
2026,7,SAO PAULO,PROMISSAO,interior,51
2026,7,SAO PAULO,CACHOEIRA PAULISTA,interior,51
2026,7,PARANA,JAGUARIAIVA,interior,51
2026,7,ESPIRITO SANTO,VARGEM ALTA,interior,51
2026,7,MINAS GERAIS,CONGONHAS,interior,51
2026,7,MATO GROSSO,JUARA,interior,51
2026,7,MATO GROSSO DO SUL,FATIMA DO SUL,interior,51
2026,7,SANTA CATARINA,RODEIO,interior,50
2026,7,SAO PAULO,PITANGUEIRAS,interior,50
2026,7,MINAS GERAIS,PRATA,interior,50
2026,7,PARAIBA,ESPERANCA,interior,50
2026,7,BAHIA,VERA CRUZ,interior,50
2026,7,PARANA,ASTORGA,interior,50
2026,7,GOIAS,NEROPOLIS,interior,50
2026,7,MINAS GERAIS,ARCOS,interior,50
2026,7,RIO GRANDE DO SUL,JAGUARAO,interior,50
2026,7,ALAGOAS,PARIPUEIRA,interior,50
2026,7,SANTA CATARINA,LUIZ ALVES,interior,50
2026,7,SAO PAULO,ITARARE,interior,50
2026,7,RIO DE JANEIRO,MIRACEMA,interior,49
2026,7,PARANA,SANTA HELENA,interior,49
2026,7,PARAIBA,CONDE,interior,49
2026,7,CEARA,QUIXERAMOBIM,interior,49
2026,7,SAO PAULO,PARANAPANEMA,interior,49
2026,7,SAO PAULO,CEDRAL,interior,49
2026,7,MATO GROSSO DO SUL,BONITO,interior,49
2026,7,SAO PAULO,BARRINHA,interior,48
2026,7,PARANA,CARAMBEI,interior,48
2026,7,SAO PAULO,IBATE,interior,48
2026,7,CEARA,RUSSAS,interior,48
2026,7,PERNAMBUCO,ESCADA,interior,48
2026,7,MINAS GERAIS,PIUMHI,interior,48
2026,7,SAO PAULO,MORUNGABA,interior,48
2026,7,RIO GRANDE DO SUL,RIO PARDO,interior,47
2026,7,MATO GROSSO,SAPEZAL,interior,47
2026,7,SANTA CATARINA,POUSO REDONDO,interior,47
2026,7,PARANA,UBIRATA,interior,47
2026,7,BAHIA,EUCLIDES DA CUNHA,interior,47
2026,7,PARANA,SANTA TEREZINHA DE ITAIPU,interior,47
2026,7,MINAS GERAIS,MATOZINHOS,interior,47
2026,7,BAHIA,SAO GONCALO DOS CAMPOS,interior,47
2026,7,ALAGOAS,MARAGOGI,interior,47
2026,7,GOIAS,PIRACANJUBA,interior,47
2026,7,SANTA CATARINA,LONTRAS,interior,47
2026,7,RIO DE JANEIRO,SAPUCAIA,interior,47
2026,7,PIAUI,PIRIPIRI,interior,46
2026,7,SAO PAULO,CAFELANDIA,interior,46
2026,7,SAO PAULO,PRADOPOLIS,interior,46
2026,7,SAO PAULO,BIRITIBA-MIRIM,interior,46
2026,7,SANTA CATARINA,PAULO LOPES,interior,46
2026,7,SAO PAULO,MONTE ALEGRE DO SUL,interior,46
2026,7,PERNAMBUCO,TIMBAUBA,interior,46
2026,7,MINAS GERAIS,SARZEDO,interior,46
2026,7,SAO PAULO,CAPELA DO ALTO,interior,46
2026,7,RIO DE JANEIRO,BOM JARDIM,interior,46
2026,7,ESPIRITO SANTO,PINHEIROS,interior,46
2026,7,RONDONIA,GUAJARA-MIRIM,interior,46
2026,7,SAO PAULO,PEREIRA BARRETO,interior,46
2026,7,SANTA CATARINA,HERVAL D'OESTE,interior,45
2026,7,SAO PAULO,ELIAS FAUSTO,interior,45
2026,7,SAO PAULO,MARTINOPOLIS,interior,45
2026,7,SANTA CATARINA,DIONISIO CERQUEIRA,interior,45
2026,7,SANTA CATARINA,CORUPA,interior,45
2026,7,RONDONIA,PIMENTA BUENO,interior,45
2026,7,PERNAMBUCO,ARARIPINA,interior,45
2026,7,CEARA,SAO GONCALO DO AMARANTE,interior,45
2026,7,RIO GRANDE DO SUL,CASCA,interior,45
2026,7,GOIAS,BOM JESUS,interior,45
2026,7,PIAUI,ALTOS,interior,45
2026,7,MARANHAO,CODO,interior,45
2026,7,SAO PAULO,LUCELIA,interior,45
2026,7,SAO PAULO,REGENTE FEIJO,interior,45
2026,7,PARANA,NOVA SANTA ROSA,interior,44
2026,7,AMAZONAS,MANACAPURU,interior,44
2026,7,MATO GROSSO,MATUPA,interior,44
2026,7,MINAS GERAIS,MONTE CARMELO,interior,44
2026,7,MATO GROSSO DO SUL,AQUIDAUANA,interior,44
2026,7,SAO PAULO,IGUAPE,interior,44
2026,7,MARANHAO,RAPOSA,interior,44
2026,7,PARAIBA,CATOLE DO ROCHA,interior,44
2026,7,RIO GRANDE DO SUL,ITAQUI,interior,44
2026,7,MINAS GERAIS,BOA ESPERANCA,interior,44
2026,7,ALAGOAS,SATUBA,interior,44
2026,7,MATO GROSSO,BARRA DO BUGRES,interior,44
2026,7,RIO GRANDE DO SUL,LAGOA VERMELHA,interior,44
2026,7,PARANA,PALMAS,interior,44
2026,7,RIO GRANDE DO NORTE,NISIA FLORESTA,interior,44
2026,7,ESPIRITO SANTO,JOAO NEIVA,interior,43
2026,7,SANTA CATARINA,GRAVATAL,interior,43
2026,7,SAO PAULO,URUPES,interior,43
2026,7,BAHIA,AMARGOSA,interior,43
2026,7,PARANA,IBAITI,interior,43
2026,7,PARANA,SIQUEIRA CAMPOS,interior,43
2026,7,PARANA,PITANGA,interior,42
2026,7,RIO GRANDE DO SUL,ANTONIO PRADO,interior,42
2026,7,MATO GROSSO DO SUL,APARECIDA DO TABOADO,interior,42
2026,7,MATO GROSSO DO SUL,IVINHEMA,interior,42
2026,7,RIO DE JANEIRO,RIO CLARO,interior,42
2026,7,SAO PAULO,ANGATUBA,interior,42
2026,7,RIO GRANDE DO SUL,NOVA HARTZ,interior,42
2026,7,RIO GRANDE DO SUL,ROLANTE,interior,42
2026,7,GOIAS,VALPARAISO DE GOIAS,interior,42
2026,7,ESPIRITO SANTO,BOM JESUS DO NORTE,interior,42
2026,7,PARANA,PAICANDU,interior,42
2026,7,SANTA CATARINA,SEARA,interior,42
2026,7,RIO DE JANEIRO,SAO FRANCISCO DE ITABAPOANA,interior,42
2026,7,BAHIA,TUCANO,interior,42
2026,7,GOIAS,ANICUNS,interior,42
2026,7,MATO GROSSO DO SUL,SIDROLANDIA,interior,42
2026,7,SANTA CATARINA,TAIO,interior,42
2026,7,GOIAS,JUSSARA,interior,42
2026,7,MATO GROSSO,SAO JOSE DOS QUATRO MARCOS,interior,42
2026,7,RIO GRANDE DO SUL,SANTA VITORIA DO PALMAR,interior,42
2026,7,GOIAS,PALMEIRAS DE GOIAS,interior,42
2026,7,ALAGOAS,UNIAO DOS PALMARES,interior,42
2026,7,MATO GROSSO DO SUL,RIBAS DO RIO PARDO,interior,42
2026,7,ESPIRITO SANTO,SOORETAMA,interior,41
2026,7,CEARA,CASCAVEL,interior,41
2026,7,MATO GROSSO,PEIXOTO DE AZEVEDO,interior,41
2026,7,AMAZONAS,IRANDUBA,interior,41
2026,7,SAO PAULO,PINDORAMA,interior,41
2026,7,RIO GRANDE DO SUL,ROSARIO DO SUL,interior,41
2026,7,MINAS GERAIS,LEOPOLDINA,interior,41
2026,7,BAHIA,SANTA CRUZ CABRALIA,interior,41
2026,7,ESPIRITO SANTO,AFONSO CLAUDIO,interior,41
2026,7,BAHIA,CONCEICAO DA FEIRA,interior,41
2026,7,MINAS GERAIS,ESMERALDAS,interior,41
2026,7,SAO PAULO,BURITAMA,interior,41
2026,7,RIO GRANDE DO SUL,HORIZONTINA,interior,41
2026,7,SANTA CATARINA,OTACILIO COSTA,interior,40
2026,7,PARA,TOME-ACU,interior,40
2026,7,RONDONIA,OURO PRETO DO OESTE,interior,40
2026,7,SANTA CATARINA,SAO JOAQUIM,interior,40
2026,7,SAO PAULO,TABATINGA,interior,40
2026,7,RIO GRANDE DO SUL,SERAFINA CORREA,interior,40
2026,7,PARANA,RIO BRANCO DO SUL,interior,40
2026,7,PARANA,MANDIRITUBA,interior,40
2026,7,SAO PAULO,BROTAS,interior,40
2026,7,PARANA,RIO NEGRO,interior,40
2026,7,MATO GROSSO DO SUL,JARDIM,interior,39
2026,7,MINAS GERAIS,DIAMANTINA,interior,39
2026,7,SAO PAULO,CESARIO LANGE,interior,39
2026,7,SANTA CATARINA,TREZE TILIAS,interior,39
2026,7,PIAUI,CAMPO MAIOR,interior,39
2026,7,PARANA,CHOPINZINHO,interior,39
2026,7,SAO PAULO,AGUAS DE SAO PEDRO,interior,39
2026,7,MINAS GERAIS,JANAUBA,interior,39
2026,7,RIO GRANDE DO SUL,CAPAO DO LEAO,interior,39
2026,7,SAO PAULO,COLINA,interior,39
2026,7,MINAS GERAIS,PIRAPORA,interior,39
2026,7,GOIAS,ACREUNA,interior,39
2026,7,SAO PAULO,CASA BRANCA,interior,39
2026,7,RIO DE JANEIRO,BOM JESUS DO ITABAPOANA,interior,39
2026,7,SAO PAULO,IPERO,interior,39
2026,7,ESPIRITO SANTO,MONTANHA,interior,39
2026,7,ESPIRITO SANTO,PEDRO CANARIO,interior,38
2026,7,SAO PAULO,SAO MIGUEL ARCANJO,interior,38
2026,7,RIO GRANDE DO SUL,ARROIO DO SAL,interior,38
2026,7,PARANA,MORRETES,interior,38
2026,7,SAO PAULO,CANDIDO MOTA,interior,38
2026,7,GOIAS,ITAPURANGA,interior,38
2026,7,PARANA,ARAPOTI,interior,38
2026,7,SAO PAULO,BALSAMO,interior,38
2026,7,SAO PAULO,PINHALZINHO,interior,38
2026,7,MATO GROSSO,CANARANA,interior,38
2026,7,SAO PAULO,DIVINOLANDIA,interior,38
2026,7,RIO DE JANEIRO,CORDEIRO,interior,38
2026,7,BAHIA,LIVRAMENTO DE NOSSA SENHORA,interior,38
2026,7,MATO GROSSO,NOBRES,interior,38
2026,7,PARAIBA,SAO BENTO,interior,37
2026,7,CEARA,ACARAU,interior,37
2026,7,ESPIRITO SANTO,VILA VALERIO,interior,37
2026,7,PERNAMBUCO,AFOGADOS DA INGAZEIRA,interior,37
2026,7,MINAS GERAIS,SACRAMENTO,interior,37
2026,7,SANTA CATARINA,AGUAS MORNAS,interior,37
2026,7,RIO GRANDE DO NORTE,SAO MIGUEL,interior,37
2026,7,MINAS GERAIS,ANDRADAS,interior,37
2026,7,MATO GROSSO DO SUL,ITAPORA,interior,37
2026,7,SANTA CATARINA,TURVO,interior,37
2026,7,SAO PAULO,TUPI PAULISTA,interior,37
2026,7,CEARA,CAMOCIM,interior,37
2026,7,MATO GROSSO DO SUL,BATAGUASSU,interior,37
2026,7,MATO GROSSO,POCONE,interior,37
2026,7,RIO DE JANEIRO,CARMO,interior,37
2026,7,MATO GROSSO,TAPURAH,interior,37
2026,7,SAO PAULO,PIRAPORA DO BOM JESUS,interior,36
2026,7,RONDONIA,ESPIGAO D'OESTE,interior,36
2026,7,PERNAMBUCO,OURICURI,interior,36
2026,7,SAO PAULO,PONTAL,interior,36
2026,7,BAHIA,CACHOEIRA,interior,36
2026,7,PERNAMBUCO,TAQUARITINGA DO NORTE,interior,36
2026,7,SAO PAULO,IGARATA,interior,36
2026,7,MINAS GERAIS,TUPACIGUARA,interior,36
2026,7,RIO GRANDE DO SUL,BOM RETIRO DO SUL,interior,36
2026,7,RIO GRANDE DO SUL,SAO JERONIMO,interior,36
2026,7,ESPIRITO SANTO,PRESIDENTE KENNEDY,interior,36
2026,7,PARANA,CAFELANDIA,interior,36
2026,7,SAO PAULO,PIRAJUI,interior,36
2026,7,RIO GRANDE DO NORTE,AREIA BRANCA,interior,36
2026,7,SAO PAULO,VARGEM,interior,36
2026,7,PIAUI,OEIRAS,interior,36
2026,7,ESPIRITO SANTO,IBIRACU,interior,36
2026,7,ESPIRITO SANTO,DORES DO RIO PRETO,interior,36
2026,7,SANTA CATARINA,MONDAI,interior,36
2026,7,RIO GRANDE DO SUL,SANTO CRISTO,interior,36
2026,7,SAO PAULO,JOANOPOLIS,interior,36
2026,7,PARANA,AMPERE,interior,36
2026,7,SAO PAULO,ALUMINIO,interior,35
2026,7,SAO PAULO,TAMBAU,interior,35
2026,7,PARAIBA,MAMANGUAPE,interior,35
2026,7,PARANA,TERRA BOA,interior,35
2026,7,SERGIPE,SIMAO DIAS,interior,35
2026,7,SERGIPE,BOQUIM,interior,35
2026,7,RIO GRANDE DO SUL,BUTIA,interior,35
2026,7,SAO PAULO,CERQUEIRA CESAR,interior,35
2026,7,MINAS GERAIS,GUANHAES,interior,35
2026,7,CEARA,TAUA,interior,35
2026,7,RIO GRANDE DO NORTE,TIBAU DO SUL,interior,35
2026,7,SANTA CATARINA,SIDEROPOLIS,interior,35
2026,7,MINAS GERAIS,SANTO ANTONIO DO MONTE,interior,35
2026,7,RIO GRANDE DO SUL,CACAPAVA DO SUL,interior,35
2026,7,SANTA CATARINA,LAURENTINO,interior,35
2026,7,BAHIA,GANDU,interior,35
2026,7,PARANA,CORBELIA,interior,35
2026,7,RIO GRANDE DO SUL,CRUZEIRO DO SUL,interior,35
2026,7,SAO PAULO,NAZARE PAULISTA,interior,35
2026,7,MINAS GERAIS,JACUTINGA,interior,35
2026,7,RIO GRANDE DO SUL,ARARICA,interior,35
2026,7,PARANA,ANDIRA,interior,34
2026,7,SAO PAULO,ITAJOBI,interior,34
2026,7,SERGIPE,NOSSA SENHORA DA GLORIA,interior,34
2026,7,BAHIA,RIACHAO DO JACUIPE,interior,34
2026,7,RIO DE JANEIRO,PORCIUNCULA,interior,34
2026,7,RIO GRANDE DO SUL,CHUI,interior,34
2026,7,SAO PAULO,BORBOREMA,interior,34
2026,7,SANTA CATARINA,PAPANDUVA,interior,34
2026,7,PERNAMBUCO,ITAPISSUMA,interior,34
2026,7,PARANA,CRUZEIRO DO OESTE,interior,34
2026,7,RIO DE JANEIRO,SAO JOSE DO VALE DO RIO PRETO,interior,34
2026,7,BAHIA,CAPIM GROSSO,interior,34
2026,7,GOIAS,GUAPO,interior,34
2026,7,GOIAS,SANTO ANTONIO DE GOIAS,interior,34
2026,7,ALAGOAS,SAO SEBASTIAO,interior,33
2026,7,SAO PAULO,DUMONT,interior,33
2026,7,BAHIA,SAO SEBASTIAO DO PASSE,interior,33
2026,7,BAHIA,PARIPIRANGA,interior,33
2026,7,SAO PAULO,JUQUITIBA,interior,33
2026,7,PERNAMBUCO,BARREIROS,interior,33
2026,7,MINAS GERAIS,ITURAMA,interior,33
2026,7,PARANA,BALSA NOVA,interior,33
2026,7,PARANA,CAMBARA,interior,33
2026,7,SANTA CATARINA,SANGAO,interior,33
2026,7,SANTA CATARINA,ABELARDO LUZ,interior,33
2026,7,PARANA,PIRAI DO SUL,interior,33
2026,7,SAO PAULO,PALMITAL,interior,33
2026,7,ALAGOAS,JUNQUEIRO,interior,33
2026,7,PARANA,COLORADO,interior,33
2026,7,PARANA,REALEZA,interior,33
2026,7,BAHIA,IPIAU,interior,33
2026,7,GOIAS,IPAMERI,interior,33
2026,7,MATO GROSSO DO SUL,CASSILANDIA,interior,33
2026,7,SAO PAULO,MIGUELOPOLIS,interior,32
2026,7,SAO PAULO,CAJURU,interior,32
2026,7,BAHIA,INHAMBUPE,interior,32
2026,7,MATO GROSSO,ARAPUTANGA,interior,32
2026,7,GOIAS,PONTALINA,interior,32
2026,7,MARANHAO,PRESIDENTE DUTRA,interior,32
2026,7,SANTA CATARINA,CAPINZAL,interior,32
2026,7,SAO PAULO,SANTO ANASTACIO,interior,32
2026,7,SAO PAULO,SAO SIMAO,interior,32
2026,7,RIO GRANDE DO SUL,SALVADOR DO SUL,interior,32
2026,7,MINAS GERAIS,OLIVEIRA,interior,32
2026,7,PARANA,CAPANEMA,interior,32
2026,7,SANTA CATARINA,CAMPO ALEGRE,interior,32
2026,7,RIO DE JANEIRO,CANTAGALO,interior,32
2026,7,RIO GRANDE DO SUL,ESPUMOSO,interior,32
2026,7,PARANA,MATELANDIA,interior,32
2026,7,PARANA,RIBEIRAO CLARO,interior,32
2026,7,PARA,CAMETA,interior,32
2026,7,PARANA,QUEDAS DO IGUACU,interior,32
2026,7,MINAS GERAIS,LAMBARI,interior,32
2026,7,PERNAMBUCO,PESQUEIRA,interior,32
2026,7,SAO PAULO,ALTINOPOLIS,interior,32
2026,7,MINAS GERAIS,IBIA,interior,32
2026,7,RIO GRANDE DO SUL,TUPANCIRETA,interior,31
2026,7,RIO GRANDE DO SUL,QUARAI,interior,31
2026,7,RIO GRANDE DO SUL,CAPELA DE SANTANA,interior,31
2026,7,PARA,XINGUARA,interior,31
2026,7,SAO PAULO,IPEUNA,interior,31
2026,7,BAHIA,ITAMARAJU,interior,31
2026,7,RONDONIA,CANDEIAS DO JAMARI,interior,31
2026,7,SANTA CATARINA,SANTA CECILIA,interior,31
2026,7,TOCANTINS,COLINAS DO TOCANTINS,interior,31
2026,7,PARA,SANTA MARIA DO PARA,interior,31
2026,7,GOIAS,AGUAS LINDAS DE GOIAS,interior,31
2026,7,CEARA,BEBERIBE,interior,31
2026,7,SANTA CATARINA,CORDILHEIRA ALTA,interior,31
2026,7,RIO DE JANEIRO,AREAL,interior,31
2026,7,GOIAS,PARAUNA,interior,31
2026,7,RIO GRANDE DO SUL,SAO FRANCISCO DE PAULA,interior,31
2026,7,SANTA CATARINA,LAURO MULLER,interior,31
2026,7,CEARA,PARACURU,interior,31
2026,7,ESPIRITO SANTO,ICONHA,interior,30
2026,7,SAO PAULO,JAMBEIRO,interior,30
2026,7,PERNAMBUCO,ILHA DE ITAMARACA,interior,30
2026,7,CEARA,SAO BENEDITO,interior,30
2026,7,SANTA CATARINA,ITA,interior,30
2026,7,ESPIRITO SANTO,IRUPI,interior,30
2026,7,SANTA CATARINA,SAO JOSE DO CEDRO,interior,30
2026,7,MINAS GERAIS,JOAO PINHEIRO,interior,30
2026,7,SAO PAULO,BURI,interior,30
2026,7,GOIAS,RIALMA,interior,30
2026,7,RIO GRANDE DO SUL,BARAO DE COTEGIPE,interior,30
2026,7,RIO GRANDE DO SUL,JULIO DE CASTILHOS,interior,30
2026,7,PARANA,IGUARACU,interior,30
2026,7,ALAGOAS,TEOTONIO VILELA,interior,30
2026,7,BAHIA,POCOES,interior,30
2026,7,MINAS GERAIS,PITANGUI,interior,30
2026,7,BAHIA,PRADO,interior,30
2026,7,SAO PAULO,SALES OLIVEIRA,interior,30
2026,7,PARANA,CAPITAO LEONIDAS MARQUES,interior,30
2026,7,SAO PAULO,SAO SEBASTIAO DA GRAMA,interior,30
2026,7,CEARA,MORADA NOVA,interior,30
2026,7,RIO GRANDE DO SUL,PARAI,interior,30
2026,7,MINAS GERAIS,SAO JOSE DA LAPA,interior,30
2026,7,MINAS GERAIS,MATIAS BARBOSA,interior,30
2026,7,GOIAS,VIANOPOLIS,interior,30
2026,7,MARANHAO,PEDREIRAS,interior,30
2026,7,GOIAS,ARAGARCAS,interior,30
2026,7,SANTA CATARINA,AGROLANDIA,interior,30
2026,7,SAO PAULO,IBIRA,interior,30
2026,7,PARANA,ITAPERUCU,interior,30
2026,7,ALAGOAS,PILAR,interior,30
2026,7,MATO GROSSO,MIRASSOL D'OESTE,interior,30
2026,7,AMAZONAS,TABATINGA,interior,30
2026,7,RIO GRANDE DO SUL,NONOAI,interior,29
2026,7,SAO PAULO,IGARAPAVA,interior,29
2026,7,PARAIBA,BANANEIRAS,interior,29
2026,7,PARANA,FAXINAL,interior,29
2026,7,MINAS GERAIS,MATEUS LEME,interior,29
2026,7,SAO PAULO,PIRANGI,interior,29
2026,7,MARANHAO,LAGO DOS RODRIGUES,interior,29
2026,7,SANTA CATARINA,SAO CARLOS,interior,29
2026,7,BAHIA,BARRA DO CHOCA,interior,29
2026,7,RIO GRANDE DO SUL,MORRO REUTER,interior,29
2026,7,PARA,SAO MIGUEL DO GUAMA,interior,29
2026,7,RIO GRANDE DO NORTE,JOAO CAMARA,interior,29
2026,7,MARANHAO,CHAPADINHA,interior,29
2026,7,SAO PAULO,LUIS ANTONIO,interior,29
2026,7,MINAS GERAIS,SANTA BARBARA,interior,29
2026,7,RIO GRANDE DO SUL,ITAARA,interior,29
2026,7,SAO PAULO,ESTIVA GERBI,interior,29
2026,7,SAO PAULO,VALENTIM GENTIL,interior,29
2026,7,CEARA,JAGUARIBE,interior,29
2026,7,MINAS GERAIS,CAMBUI,interior,29
2026,7,SANTA CATARINA,FAXINAL DOS GUEDES,interior,29
2026,7,ESPIRITO SANTO,MIMOSO DO SUL,interior,28
2026,7,CEARA,BATURITE,interior,28
2026,7,PERNAMBUCO,JOAO ALFREDO,interior,28
2026,7,PARANA,SANTA FE,interior,28
2026,7,SANTA CATARINA,RANCHO QUEIMADO,interior,28
2026,7,BAHIA,SEABRA,interior,28
2026,7,ESPIRITO SANTO,PANCAS,interior,28
2026,7,RIO GRANDE DO SUL,SANTO AUGUSTO,interior,28
2026,7,SAO PAULO,SALTINHO,interior,28
2026,7,RIO GRANDE DO SUL,RESTINGA SECA,interior,28
2026,7,PARANA,CARLOPOLIS,interior,28
2026,7,SAO PAULO,SANTO ANTONIO DO PINHAL,interior,28
2026,7,MATO GROSSO,SAO JOSE DO RIO CLARO,interior,28
2026,7,MINAS GERAIS,CAETE,interior,28
2026,7,SAO PAULO,PARIQUERA-ACU,interior,28
2026,7,BAHIA,ENTRE RIOS,interior,28
2026,7,BAHIA,MUCURI,interior,28
2026,7,PERNAMBUCO,CUPIRA,interior,28
2026,7,PIAUI,PIRACURUCA,interior,28
2026,7,SANTA CATARINA,URUBICI,interior,28
2026,7,RIO GRANDE DO SUL,PINHAL,interior,28
2026,7,SAO PAULO,CRISTAIS PAULISTA,interior,28
2026,7,MARANHAO,GRAJAU,interior,28
2026,7,ESPIRITO SANTO,MUNIZ FREIRE,interior,27
2026,7,SAO PAULO,AURIFLAMA,interior,27
2026,7,SAO PAULO,CONCHAS,interior,27
2026,7,MINAS GERAIS,NOVA ERA,interior,27
2026,7,PARANA,SANTO ANTONIO DO SUDOESTE,interior,27
2026,7,MINAS GERAIS,PIRAPETINGA,interior,27
2026,7,SANTA CATARINA,QUILOMBO,interior,27
2026,7,SAO PAULO,IPUA,interior,27
2026,7,SANTA CATARINA,IPORA DO OESTE,interior,27
2026,7,MINAS GERAIS,SANTOS DUMONT,interior,27
2026,7,MINAS GERAIS,JUATUBA,interior,27
2026,7,GOIAS,MINACU,interior,27
2026,7,PERNAMBUCO,LAJEDO,interior,27
2026,7,PIAUI,JOSE DE FREITAS,interior,27
2026,7,MINAS GERAIS,BARAO DE COCAIS,interior,27
2026,7,ESPIRITO SANTO,MANTENOPOLIS,interior,27
2026,7,BAHIA,CICERO DANTAS,interior,27
2026,7,MINAS GERAIS,PARAGUACU,interior,27
2026,7,SAO PAULO,NOVA GRANADA,interior,27
2026,7,RIO GRANDE DO SUL,CERRO LARGO,interior,27
2026,7,PARAIBA,SOLANEA,interior,27
2026,7,RIO DE JANEIRO,TANGUA,interior,27
2026,7,MINAS GERAIS,SAO JOAO NEPOMUCENO,interior,27
2026,7,SAO PAULO,ROSANA,interior,27
2026,7,PARANA,CONTENDA,interior,27
2026,7,MATO GROSSO,ARENAPOLIS,interior,27
2026,7,PERNAMBUCO,TRINDADE,interior,27
2026,7,SANTA CATARINA,SAO PEDRO DE ALCANTARA,interior,27
2026,7,SAO PAULO,CACONDE,interior,27
2026,7,ESPIRITO SANTO,ECOPORANGA,interior,27
2026,7,SANTA CATARINA,APIUNA,interior,27
2026,7,RIO DE JANEIRO,MENDES,interior,26
2026,7,GOIAS,SAO SIMAO,interior,26
2026,7,MATO GROSSO,SANTO ANTONIO DO LEVERGER,interior,26
2026,7,ALAGOAS,GIRAU DO PONCIANO,interior,26
2026,7,ESPIRITO SANTO,ITARANA,interior,26
2026,7,MATO GROSSO,VERA,interior,26
2026,7,RIO GRANDE DO SUL,SOBRADINHO,interior,26
2026,7,MINAS GERAIS,CAMANDUCAIA,interior,26
2026,7,RIO GRANDE DO SUL,NOVA BASSANO,interior,26
2026,7,ALAGOAS,PIRANHAS,interior,26
2026,7,SAO PAULO,ITABERA,interior,26
2026,7,RIO GRANDE DO SUL,FAXINAL DO SOTURNO,interior,26
2026,7,CEARA,CRUZ,interior,26
2026,7,BAHIA,JAGUAQUARA,interior,26
2026,7,MINAS GERAIS,PARAOPEBA,interior,26
2026,7,MATO GROSSO DO SUL,TERENOS,interior,26
2026,7,SAO PAULO,VIRADOURO,interior,26
2026,7,SANTA CATARINA,ITAIOPOLIS,interior,26
2026,7,SANTA CATARINA,CATANDUVAS,interior,26
2026,7,SAO PAULO,ITATINGA,interior,25
2026,7,ESPIRITO SANTO,BREJETUBA,interior,25
2026,7,SANTA CATARINA,PALMITOS,interior,25
2026,7,SANTA CATARINA,CORONEL FREITAS,interior,25
2026,7,RIO GRANDE DO SUL,TAPERA,interior,25
2026,7,PERNAMBUCO,SAO JOSE DA COROA GRANDE,interior,25
2026,7,BAHIA,IRARA,interior,25
2026,7,PIAUI,URUCUI,interior,25
2026,7,PARANA,JAGUAPITA,interior,25
2026,7,MATO GROSSO DO SUL,RIO VERDE DE MATO GROSSO,interior,25
2026,7,SERGIPE,TOBIAS BARRETO,interior,25
2026,7,SAO PAULO,JUNQUEIROPOLIS,interior,25
2026,7,RIO GRANDE DO SUL,CANDELARIA,interior,25
2026,7,BAHIA,SANTA MARIA DA VITORIA,interior,25
2026,7,SANTA CATARINA,RIO DOS CEDROS,interior,25
2026,7,RIO GRANDE DO NORTE,MONTE ALEGRE,interior,25
2026,7,SAO PAULO,POTIRENDABA,interior,25
2026,7,MINAS GERAIS,ABAETE,interior,25
2026,7,PARA,SALINOPOLIS,interior,25
2026,7,SANTA CATARINA,CUNHA PORA,interior,25
2026,7,BAHIA,SANTO AMARO,interior,25
2026,7,MARANHAO,BARRA DO CORDA,interior,25
2026,7,SAO PAULO,PARAIBUNA,interior,25
2026,7,PARANA,SANTA TEREZA DO OESTE,interior,25
2026,7,AMAZONAS,ITACOATIARA,interior,25
2026,7,SAO PAULO,PEDREGULHO,interior,25
2026,7,MINAS GERAIS,CARANGOLA,interior,25
2026,7,CEARA,GUARACIABA DO NORTE,interior,25
2026,7,PARANA,NOVA LONDRINA,interior,25
2026,7,RONDONIA,BURITIS,interior,25
2026,7,SERGIPE,ITABAIANINHA,interior,25
2026,7,GOIAS,ABADIA DE GOIAS,interior,25
2026,7,SAO PAULO,ITAPUI,interior,25
2026,7,ALAGOAS,TAQUARANA,interior,24
2026,7,SAO PAULO,GUARA,interior,24
2026,7,SAO PAULO,NHANDEARA,interior,24
2026,7,ALAGOAS,VICOSA,interior,24
2026,7,SANTA CATARINA,JACINTO MACHADO,interior,24
2026,7,ALAGOAS,BARRA DE SANTO ANTONIO,interior,24
2026,7,MATO GROSSO,BRASNORTE,interior,24
2026,7,BAHIA,MACAUBAS,interior,24
2026,7,PIAUI,ESPERANTINA,interior,24
2026,7,GOIAS,SILVANIA,interior,24
2026,7,RIO DE JANEIRO,APERIBE,interior,24
2026,7,PERNAMBUCO,CUSTODIA,interior,24
2026,7,SANTA CATARINA,ASCURRA,interior,24
2026,7,MINAS GERAIS,SAO JOAQUIM DE BICAS,interior,24
2026,7,SERGIPE,UMBAUBA,interior,24
2026,7,SAO PAULO,PORANGABA,interior,24
2026,7,PERNAMBUCO,RIBEIRAO,interior,24
2026,7,ESPIRITO SANTO,RIO NOVO DO SUL,interior,24
2026,7,MINAS GERAIS,PERDOES,interior,24
2026,7,SAO PAULO,VALPARAISO,interior,24
2026,7,MINAS GERAIS,MARIO CAMPOS,interior,24
2026,7,MINAS GERAIS,SAO GONCALO DO SAPUCAI,interior,24
2026,7,BAHIA,ITACARE,interior,24
2026,7,MINAS GERAIS,OURO FINO,interior,24
2026,7,RIO DE JANEIRO,NATIVIDADE,interior,24
2026,7,PARANA,SENGES,interior,24
2026,7,PERNAMBUCO,SAIRE,interior,24
2026,7,TOCANTINS,GUARAI,interior,24
2026,7,MATO GROSSO DO SUL,NOVA ALVORADA DO SUL,interior,24
2026,7,CEARA,VICOSA DO CEARA,interior,23
2026,7,RIO GRANDE DO NORTE,PARELHAS,interior,23
2026,7,CEARA,ACOPIARA,interior,23
2026,7,SANTA CATARINA,ARMAZEM,interior,23
2026,7,SAO PAULO,MACATUBA,interior,23
2026,7,SAO PAULO,AGUAS DE SANTA BARBARA,interior,23
2026,7,CEARA,CANINDE,interior,23
2026,7,SAO PAULO,IACANGA,interior,23
2026,7,MINAS GERAIS,MUZAMBINHO,interior,23
2026,7,ESPIRITO SANTO,SAO JOSE DO CALCADO,interior,23
2026,7,MATO GROSSO,GUARANTA DO NORTE,interior,23
2026,7,SANTA CATARINA,BENEDITO NOVO,interior,23
2026,7,MATO GROSSO,QUERENCIA,interior,23
2026,7,SAO PAULO,UCHOA,interior,23
2026,7,RIO GRANDE DO NORTE,BARAUNA,interior,23
2026,7,PARANA,JATAIZINHO,interior,23
2026,7,PERNAMBUCO,POMBOS,interior,23
2026,7,PARANA,SAO JOAO DO IVAI,interior,23
2026,7,MATO GROSSO DO SUL,CAARAPO,interior,23
2026,7,SAO PAULO,SANTA ADELIA,interior,23
2026,7,MATO GROSSO,POXOREU,interior,23
2026,7,RIO GRANDE DO NORTE,TOUROS,interior,23
2026,7,SANTA CATARINA,ALFREDO WAGNER,interior,23
2026,7,SAO PAULO,ITIRAPINA,interior,22
2026,7,PARANA,ARARUNA,interior,22
2026,7,SANTA CATARINA,PRAIA GRANDE,interior,22
2026,7,SERGIPE,PROPRIA,interior,22
2026,7,BAHIA,SAO FRANCISCO DO CONDE,interior,22
2026,7,PARANA,BOCAIUVA DO SUL,interior,22
2026,7,PERNAMBUCO,SAO JOSE DO EGITO,interior,22
2026,7,PARA,BREVES,interior,22
2026,7,MATO GROSSO DO SUL,INOCENCIA,interior,22
2026,7,SAO PAULO,ORIENTE,interior,22
2026,7,RIO GRANDE DO SUL,BARRA DO RIBEIRO,interior,22
2026,7,SAO PAULO,SALESOPOLIS,interior,22
2026,7,GOIAS,MONTIVIDIU,interior,22
2026,7,ACRE,BRASILEIA,interior,22
2026,7,SAO PAULO,MIRACATU,interior,22
2026,7,SANTA CATARINA,CORREIA PINTO,interior,22
2026,7,PARANA,ALTO PARANA,interior,22
2026,7,PIAUI,BOM JESUS,interior,22
2026,7,PARANA,TIBAGI,interior,22
2026,7,RIO GRANDE DO SUL,SALTO DO JACUI,interior,22
2026,7,PARA,CURIONOPOLIS,interior,22
2026,7,SAO PAULO,ILHA COMPRIDA,interior,22
2026,7,RIO GRANDE DO SUL,VALE REAL,interior,22
2026,7,ESPIRITO SANTO,GOVERNADOR LINDENBERG,interior,22
2026,7,SAO PAULO,APIAI,interior,22
2026,7,SANTA CATARINA,TRES BARRAS,interior,22
2026,7,CEARA,PARAIPABA,interior,22
2026,7,RIO GRANDE DO SUL,ARROIO DOS RATOS,interior,22
2026,7,MATO GROSSO,ROSARIO OESTE,interior,22
2026,7,PERNAMBUCO,CABROBO,interior,22
2026,7,PIAUI,LUIS CORREIA,interior,22
2026,7,SANTA CATARINA,GRAO PARA,interior,22
2026,7,GOIAS,ITAPACI,interior,22
2026,7,SAO PAULO,NEVES PAULISTA,interior,22
2026,7,RIO GRANDE DO SUL,TRES CACHOEIRAS,interior,22
2026,7,SANTA CATARINA,OURO,interior,21
2026,7,RIO DE JANEIRO,SILVA JARDIM,interior,21
2026,7,ALAGOAS,JAPARATINGA,interior,21
2026,7,RIO GRANDE DO SUL,SAO SEPE,interior,21
2026,7,SAO PAULO,BILAC,interior,21
2026,7,GOIAS,CACHOEIRA DOURADA,interior,21
2026,7,SANTA CATARINA,CAIBI,interior,21
2026,7,GOIAS,ARAGOIANIA,interior,21
2026,7,RIO DE JANEIRO,COMENDADOR LEVY GASPARIAN,interior,21
2026,7,RIO GRANDE DO SUL,CIDREIRA,interior,21
2026,7,CEARA,IPU,interior,21
2026,7,MARANHAO,BARREIRINHAS,interior,21
2026,7,PARAIBA,RIO TINTO,interior,21
2026,7,PERNAMBUCO,SAO CAITANO,interior,21
2026,7,SAO PAULO,VISTA ALEGRE DO ALTO,interior,21
2026,7,SANTA CATARINA,TANGARA,interior,21
2026,7,PARANA,PORECATU,interior,21
2026,7,MINAS GERAIS,PERDIZES,interior,21
2026,7,GOIAS,EDEIA,interior,21
2026,7,ESPIRITO SANTO,ATILIO VIVACQUA,interior,21
2026,7,SANTA CATARINA,MARACAJA,interior,21
2026,7,CEARA,BREJO SANTO,interior,21
2026,7,GOIAS,NIQUELANDIA,interior,21
2026,7,MINAS GERAIS,BELO ORIENTE,interior,21
2026,7,MATO GROSSO,PEDRA PRETA,interior,21
2026,7,MATO GROSSO DO SUL,BELA VISTA,interior,21
2026,7,GOIAS,GOIAS,interior,21
2026,7,RIO GRANDE DO SUL,GIRUA,interior,21
2026,7,MATO GROSSO DO SUL,ANASTACIO,interior,21
2026,7,GOIAS,RUBIATABA,interior,21
2026,7,PARANA,ITAIPULANDIA,interior,21
2026,7,BAHIA,CANSANCAO,interior,21
2026,7,PARA,CAPITAO POCO,interior,21
2026,7,PARANA,MISSAL,interior,21
2026,7,RONDONIA,ALTA FLORESTA D'OESTE,interior,21
2026,7,PARA,VIGIA,interior,21
2026,7,SAO PAULO,CUNHA,interior,21
2026,7,MINAS GERAIS,BORDA DA MATA,interior,21
2026,7,MINAS GERAIS,CARMO DO PARANAIBA,interior,21
2026,7,BAHIA,VALENTE,interior,21
2026,7,MATO GROSSO,AGUA BOA,interior,21
2026,7,ALAGOAS,OLHO D'AGUA DAS FLORES,interior,20
2026,7,BAHIA,BARRA DA ESTIVA,interior,20
2026,7,SAO PAULO,FARTURA,interior,20
2026,7,RONDONIA,CEREJEIRAS,interior,20
2026,7,PERNAMBUCO,TRIUNFO,interior,20
2026,7,PARANA,TAPEJARA,interior,20
2026,7,MINAS GERAIS,TAIOBEIRAS,interior,20
2026,7,RIO GRANDE DO SUL,SANTA CLARA DO SUL,interior,20
2026,7,PARA,IGARAPE-ACU,interior,20
2026,7,PARANA,FLORESTA,interior,20
2026,7,CEARA,NOVA RUSSAS,interior,20
2026,7,RIO DE JANEIRO,CARAPEBUS,interior,20
2026,7,PARA,ORIXIMINA,interior,20
2026,7,SAO PAULO,PANORAMA,interior,20
2026,7,CEARA,BOA VIAGEM,interior,20
2026,7,MINAS GERAIS,INHAPIM,interior,20
2026,7,GOIAS,ABADIANIA,interior,20
2026,7,RIO GRANDE DO SUL,SAO PEDRO DO SUL,interior,20
2026,7,MARANHAO,ITINGA DO MARANHAO,interior,20
2026,7,PARANA,ITAPEJARA D'OESTE,interior,20
2026,7,MARANHAO,BURITICUPU,interior,20
2026,7,PARANA,WENCESLAU BRAZ,interior,20
2026,7,PIAUI,UNIAO,interior,20
2026,7,SAO PAULO,JUQUIA,interior,20
2026,7,MINAS GERAIS,PARAISOPOLIS,interior,20
2026,7,SANTA CATARINA,SAO JOAO DO OESTE,interior,20
2026,7,ALAGOAS,ATALAIA,interior,20
2026,7,RIO DE JANEIRO,CARDOSO MOREIRA,interior,20
2026,7,SAO PAULO,SANTA BRANCA,interior,20
2026,7,PARANA,TERRA ROXA,interior,20
2026,7,MINAS GERAIS,MONTE SIAO,interior,20
2026,7,PIAUI,SAO RAIMUNDO NONATO,interior,20
2026,7,SAO PAULO,SAO LUIZ DO PARAITINGA,interior,20
2026,7,SANTA CATARINA,TREZE DE MAIO,interior,20
2026,7,RIO GRANDE DO SUL,SERTAO SANTANA,interior,20
2026,7,PERNAMBUCO,VICENCIA,interior,20
2026,7,CEARA,INDEPENDENCIA,interior,20
2026,7,ACRE,SENA MADUREIRA,interior,20
2026,7,MINAS GERAIS,MONTE SANTO DE MINAS,interior,20
2026,7,BAHIA,NOVA VICOSA,interior,20
2026,7,SAO PAULO,JACI,interior,19
2026,7,MINAS GERAIS,SANTA JULIANA,interior,19
2026,7,ESPIRITO SANTO,ITAGUACU,interior,19
2026,7,ALAGOAS,LIMOEIRO DE ANADIA,interior,19
2026,7,PERNAMBUCO,NAZARE DA MATA,interior,19
2026,7,RIO GRANDE DO SUL,IBIRAIARAS,interior,19
2026,7,RIO GRANDE DO SUL,PALMARES DO SUL,interior,19
2026,7,RIO DE JANEIRO,SUMIDOURO,interior,19
2026,7,CEARA,MOMBACA,interior,19
2026,7,SANTA CATARINA,IMARUI,interior,19
2026,7,SAO PAULO,TORRINHA,interior,19
2026,7,MINAS GERAIS,ALVINOPOLIS,interior,19
2026,7,PERNAMBUCO,EXU,interior,19
2026,7,PERNAMBUCO,ITAMBE,interior,19
2026,7,GOIAS,CORUMBAIBA,interior,19
2026,7,SAO PAULO,TAGUAI,interior,19
2026,7,RIO GRANDE DO SUL,RODEIO BONITO,interior,19
2026,7,SANTA CATARINA,AURORA,interior,19
2026,7,MATO GROSSO DO SUL,BRASILANDIA,interior,19
2026,7,RIO GRANDE DO SUL,ENCRUZILHADA DO SUL,interior,19
2026,7,PARANA,PORTO RICO,interior,19
2026,7,MATO GROSSO,PARANATINGA,interior,19
2026,7,MINAS GERAIS,COROMANDEL,interior,19
2026,7,PARANA,TERRA RICA,interior,19
2026,7,MINAS GERAIS,MANHUMIRIM,interior,19
2026,7,SAO PAULO,OUROESTE,interior,19
2026,7,PERNAMBUCO,RIACHO DAS ALMAS,interior,19
2026,7,SAO PAULO,BOFETE,interior,19
2026,7,MARANHAO,LAGO DA PEDRA,interior,19
2026,7,SANTA CATARINA,SAO DOMINGOS,interior,19
2026,7,RIO GRANDE DO SUL,ARROIO GRANDE,interior,19
2026,7,MATO GROSSO,CONFRESA,interior,19
2026,7,MINAS GERAIS,POCO FUNDO,interior,19
2026,7,MARANHAO,ITAPECURU MIRIM,interior,19
2026,7,ALAGOAS,CRAIBAS,interior,19
2026,7,RIO GRANDE DO SUL,SAO FRANCISCO DE ASSIS,interior,19
2026,7,SERGIPE,ITAPORANGA D'AJUDA,interior,19
2026,7,BAHIA,ARACI,interior,19
2026,7,GOIAS,PIRENOPOLIS,interior,19
2026,7,PARANA,TIJUCAS DO SUL,interior,19
2026,7,PERNAMBUCO,SAO BENTO DO UNA,interior,19
2026,7,SAO PAULO,SEVERINIA,interior,19
2026,7,SAO PAULO,ROSEIRA,interior,19
2026,7,SAO PAULO,TEODORO SAMPAIO,interior,19
2026,7,RIO GRANDE DO SUL,SELBACH,interior,19
2026,7,SANTA CATARINA,CAMPO ERE,interior,19
2026,7,BAHIA,RIO REAL,interior,19
2026,7,RIO GRANDE DO SUL,TUPANDI,interior,19
2026,7,MINAS GERAIS,TIRADENTES,interior,19
2026,7,SANTA CATARINA,AGRONOMICA,interior,18
2026,7,MINAS GERAIS,CASSIA,interior,18
2026,7,TOCANTINS,ARAGUATINS,interior,18
2026,7,PERNAMBUCO,CHA GRANDE,interior,18
2026,7,SAO PAULO,FERNANDO PRESTES,interior,18
2026,7,RIO GRANDE DO SUL,TERRA DE AREIA,interior,18
2026,7,SAO PAULO,SARAPUI,interior,18
2026,7,RIO GRANDE DO SUL,PICADA CAFE,interior,18
2026,7,MATO GROSSO,COMODORO,interior,18
2026,7,SAO PAULO,GUAICARA,interior,18
2026,7,MARANHAO,SAO DOMINGOS DO MARANHAO,interior,18
2026,7,BAHIA,CAMPO FORMOSO,interior,18
2026,7,PARA,RONDON DO PARA,interior,18
2026,7,RIO GRANDE DO SUL,SANTA BARBARA DO SUL,interior,18
2026,7,GOIAS,GOIANAPOLIS,interior,18
2026,7,SANTA CATARINA,GUATAMBU,interior,18
2026,7,ALAGOAS,COITE DO NOIA,interior,18
2026,7,PARAIBA,QUEIMADAS,interior,18
2026,7,MATO GROSSO DO SUL,LADARIO,interior,18
2026,7,MATO GROSSO,NOSSA SENHORA DO LIVRAMENTO,interior,18
2026,7,SANTA CATARINA,TROMBUDO CENTRAL,interior,18
2026,7,SAO PAULO,RAFARD,interior,18
2026,7,SAO PAULO,RINOPOLIS,interior,18
2026,7,PARANA,URAI,interior,18
2026,7,BAHIA,CACULE,interior,18
2026,7,SAO PAULO,CAJATI,interior,18
2026,7,BAHIA,PARAMIRIM,interior,18
2026,7,PERNAMBUCO,ALIANCA,interior,18
2026,7,CEARA,ICO,interior,18
2026,7,PARAIBA,POMBAL,interior,18
2026,7,CEARA,PEDRA BRANCA,interior,18
2026,7,GOIAS,CACU,interior,18
2026,7,ESPIRITO SANTO,BOA ESPERANCA,interior,18
2026,7,RIO GRANDE DO SUL,AGUDO,interior,18
2026,7,RIO GRANDE DO SUL,ARROIO DO TIGRE,interior,18
2026,7,RIO GRANDE DO SUL,PORTO XAVIER,interior,18
2026,7,PARA,CONCEICAO DO ARAGUAIA,interior,18
2026,7,RIO DE JANEIRO,CONCEICAO DE MACABU,interior,18
2026,7,ESPIRITO SANTO,IBITIRAMA,interior,18
2026,7,SANTA CATARINA,SAO JOAO DO ITAPERIU,interior,18
2026,7,MINAS GERAIS,MONTE ALEGRE DE MINAS,interior,18
2026,7,RIO GRANDE DO NORTE,PASSA E FICA,interior,18
2026,7,MARANHAO,PORTO FRANCO,interior,18
2026,7,AMAZONAS,COARI,interior,18
2026,7,SAO PAULO,PEREIRAS,interior,18
2026,7,PARA,TUCUMA,interior,18
2026,7,MARANHAO,SANTA LUZIA,interior,18
2026,7,AMAZONAS,HUMAITA,interior,18
2026,7,PARA,ITUPIRANGA,interior,18
2026,7,SAO PAULO,RIFAINA,interior,18
2026,7,BAHIA,GOVERNADOR MANGABEIRA,interior,18
2026,7,PARA,DOM ELISEU,interior,18
2026,7,GOIAS,CAMPO LIMPO DE GOIAS,interior,17
2026,7,BAHIA,ITABELA,interior,17
2026,7,PARANA,ENGENHEIRO BELTRAO,interior,17
2026,7,MINAS GERAIS,LAGOA FORMOSA,interior,17
2026,7,BAHIA,SAO FELIPE,interior,17
2026,7,MINAS GERAIS,SIMONESIA,interior,17
2026,7,RIO DE JANEIRO,QUISSAMA,interior,17
2026,7,TOCANTINS,MIRACEMA DO TOCANTINS,interior,17
2026,7,CEARA,IBIAPINA,interior,17
2026,7,PARAIBA,SAO JOSE DE PIRANHAS,interior,17
2026,7,GOIAS,CAMPINORTE,interior,17
2026,7,GOIAS,JOVIANIA,interior,17
2026,7,MATO GROSSO,NOVA XAVANTINA,interior,17
2026,7,MINAS GERAIS,CAXAMBU,interior,17
2026,7,BAHIA,MEDEIROS NETO,interior,17
2026,7,PARA,MAE DO RIO,interior,17
2026,7,MINAS GERAIS,ELOI MENDES,interior,17
2026,7,PARAIBA,ALHANDRA,interior,17
2026,7,BAHIA,ITUBERA,interior,17
2026,7,GOIAS,POSSE,interior,17
2026,7,MINAS GERAIS,POMPEU,interior,17
2026,7,GOIAS,FIRMINOPOLIS,interior,17
2026,7,MINAS GERAIS,PERDIGAO,interior,17
2026,7,PERNAMBUCO,BONITO,interior,17
2026,7,RIO GRANDE DO NORTE,GOIANINHA,interior,17
2026,7,PARANA,ANTONINA,interior,17
2026,7,SANTA CATARINA,LUZERNA,interior,17
2026,7,MATO GROSSO,ALTO GARCAS,interior,17
2026,7,PERNAMBUCO,SERTANIA,interior,17
2026,7,BAHIA,MADRE DE DEUS,interior,17
2026,7,PARANA,SANTA MARIANA,interior,17
2026,7,PARANA,TRES BARRAS DO PARANA,interior,17
2026,7,PERNAMBUCO,AGUAS BELAS,interior,17
2026,7,CEARA,ITAPAJE,interior,17
2026,7,MINAS GERAIS,CONGONHAL,interior,17
2026,7,SAO PAULO,CHAVANTES,interior,17
2026,7,MATO GROSSO,IPIRANGA DO NORTE,interior,17
2026,7,BAHIA,IBICARAI,interior,17
2026,7,PARANA,CAMPINA DA LAGOA,interior,17
2026,7,GOIAS,SANTA BARBARA DE GOIAS,interior,17
2026,7,GOIAS,ALEXANIA,interior,17
2026,7,RIO GRANDE DO SUL,ARATIBA,interior,17
2026,7,PARAIBA,ITABAIANA,interior,17
2026,7,SAO PAULO,CHARQUEADA,interior,17
2026,7,RIO GRANDE DO SUL,SAO JOSE DO HORTENCIO,interior,17
2026,7,SAO PAULO,SETE BARRAS,interior,17
2026,7,BAHIA,ALCOBACA,interior,17
2026,7,ALAGOAS,CAMPO ALEGRE,interior,17
2026,7,PARANA,AGUDOS DO SUL,interior,17
2026,7,MINAS GERAIS,TOCANTINS,interior,17
2026,7,SAO PAULO,ITARIRI,interior,17
2026,7,PARANA,CLEVELANDIA,interior,17
2026,7,RIO GRANDE DO NORTE,JUCURUTU,interior,17
2026,7,PARANA,RIO AZUL,interior,17
2026,7,MINAS GERAIS,NEPOMUCENO,interior,17
2026,7,MINAS GERAIS,RIO POMBA,interior,17
2026,7,CEARA,BARREIRA,interior,17
2026,7,SAO PAULO,SAO LOURENCO DA SERRA,interior,16
2026,7,PARA,IGARAPE-MIRI,interior,16
2026,7,PARANA,PEROLA,interior,16
2026,7,SANTA CATARINA,PIRATUBA,interior,16
2026,7,MINAS GERAIS,LIMA DUARTE,interior,16
2026,7,CEARA,UBAJARA,interior,16
2026,7,PARA,SANTO ANTONIO DO TAUA,interior,16
2026,7,RIO GRANDE DO SUL,TUCUNDUVA,interior,16
2026,7,SANTA CATARINA,RIO FORTUNA,interior,16
2026,7,SAO PAULO,IGARACU DO TIETE,interior,16
2026,7,MINAS GERAIS,JACUI,interior,16
2026,7,SERGIPE,MARUIM,interior,16
2026,7,PARANA,SANTA CRUZ DO MONTE CASTELO,interior,16
2026,7,PARANA,CIDADE GAUCHA,interior,16
2026,7,BAHIA,MURITIBA,interior,16
2026,7,PARANA,MARMELEIRO,interior,16
2026,7,ACRE,EPITACIOLANDIA,interior,16
2026,7,ALAGOAS,PIACABUCU,interior,16
2026,7,ALAGOAS,MURICI,interior,16
2026,7,SANTA CATARINA,SANTA ROSA DO SUL,interior,16
2026,7,SAO PAULO,TABAPUA,interior,16
2026,7,MATO GROSSO DO SUL,JARAGUARI,interior,16
2026,7,PARANA,SAO JOAO,interior,16
2026,7,BAHIA,SANTA BARBARA,interior,16
2026,7,PARANA,MANOEL RIBAS,interior,16
2026,7,RIO GRANDE DO SUL,TENENTE PORTELA,interior,16
2026,7,BAHIA,TANQUE NOVO,interior,16
2026,7,PERNAMBUCO,LAGOA DO CARRO,interior,16
2026,7,ALAGOAS,LAGOA DA CANOA,interior,16
2026,7,ALAGOAS,TRAIPU,interior,16
2026,7,GOIAS,CAIAPONIA,interior,16
2026,7,MARANHAO,ZE DOCA,interior,16
2026,7,MINAS GERAIS,DIVINO,interior,16
2026,7,PARANA,PRIMEIRO DE MAIO,interior,16
2026,7,MINAS GERAIS,ESPERA FELIZ,interior,16
2026,7,MATO GROSSO DO SUL,MUNDO NOVO,interior,16
2026,7,SAO PAULO,POTIM,interior,16
2026,7,SANTA CATARINA,PONTE SERRADA,interior,16
2026,7,PERNAMBUCO,MACAPARANA,interior,16
2026,7,PARANA,JAPURA,interior,16
2026,7,MINAS GERAIS,GUARANESIA,interior,16
2026,7,SANTA CATARINA,BOM RETIRO,interior,16
2026,7,BAHIA,MORRO DO CHAPEU,interior,16
2026,7,PARA,ELDORADO DOS CARAJAS,interior,16
2026,7,MARANHAO,SAO MATEUS DO MARANHAO,interior,16
2026,7,SAO PAULO,MACAUBAL,interior,16
2026,7,PERNAMBUCO,BREJO DA MADRE DE DEUS,interior,16
2026,7,GOIAS,PIRANHAS,interior,16
2026,7,MATO GROSSO DO SUL,BANDEIRANTES,interior,16
2026,7,CEARA,MARCO,interior,16
2026,7,PARANA,SABAUDIA,interior,16
2026,7,MINAS GERAIS,ALEM PARAIBA,interior,16
2026,7,PERNAMBUCO,SIRINHAEM,interior,16
2026,7,CEARA,JAGUARUANA,interior,16
2026,7,ESPIRITO SANTO,SAO ROQUE DO CANAA,interior,16
2026,7,GOIAS,SAO MIGUEL DO ARAGUAIA,interior,16
2026,7,SAO PAULO,JACUPIRANGA,interior,16
2026,7,SAO PAULO,QUINTANA,interior,16
2026,7,ESPIRITO SANTO,JERONIMO MONTEIRO,interior,16
2026,7,SAO PAULO,LINDOIA,interior,15
2026,7,MINAS GERAIS,TARUMIRIM,interior,15
2026,7,SAO PAULO,GENERAL SALGADO,interior,15
2026,7,PARANA,PARAISO DO NORTE,interior,15
2026,7,SAO PAULO,TUIUTI,interior,15
2026,7,PARA,SANTANA DO ARAGUAIA,interior,15
2026,7,SAO PAULO,NOVA ALIANCA,interior,15
2026,7,MATO GROSSO,CLAUDIA,interior,15
2026,7,PARANA,CALIFORNIA,interior,15
2026,7,PARAIBA,ITAPORANGA,interior,15
2026,7,SAO PAULO,URANIA,interior,15
2026,7,ESPIRITO SANTO,LARANJA DA TERRA,interior,15
2026,7,PARAIBA,MONTEIRO,interior,15
2026,7,MINAS GERAIS,CARANDAI,interior,15
2026,7,RIO GRANDE DO NORTE,RIACHO DE SANTANA,interior,15
2026,7,RONDONIA,NOVA MAMORE,interior,15
2026,7,RIO GRANDE DO SUL,GAURAMA,interior,15
2026,7,RIO GRANDE DO SUL,ARVOREZINHA,interior,15
2026,7,SAO PAULO,PRATANIA,interior,15
2026,7,GOIAS,TEREZOPOLIS DE GOIAS,interior,15
2026,7,CEARA,PINDORETAMA,interior,15
2026,7,PERNAMBUCO,LAGOA DO ITAENGA,interior,15
2026,7,PARANA,RIBEIRAO DO PINHAL,interior,15
2026,7,MINAS GERAIS,CONCEICAO DO MATO DENTRO,interior,15
2026,7,CEARA,VARJOTA,interior,15
2026,7,GOIAS,CRIXAS,interior,15
2026,7,RIO GRANDE DO SUL,NOVA BRESCIA,interior,15
2026,7,PIAUI,AGUA BRANCA,interior,15
2026,7,RIO GRANDE DO SUL,WESTFALIA,interior,15
2026,7,ACRE,PORTO ACRE,interior,15
2026,7,PARAIBA,PAULISTA,interior,15
2026,7,BAHIA,MUTUIPE,interior,15
2026,7,PARA,MOJU,interior,15
2026,7,RIO GRANDE DO SUL,PIRATINI,interior,15
2026,7,PARANA,BELA VISTA DO PARAISO,interior,15
2026,7,MATO GROSSO DO SUL,AGUA CLARA,interior,15
2026,7,MINAS GERAIS,CAPELINHA,interior,15
2026,7,PERNAMBUCO,BOM CONSELHO,interior,15
2026,7,BAHIA,MARACAS,interior,15
2026,7,SAO PAULO,BOCAINA,interior,15
2026,7,MATO GROSSO,ALTO ARAGUAIA,interior,15
2026,7,RIO GRANDE DO SUL,PINTO BANDEIRA,interior,15
2026,7,PARANA,PEROLA D'OESTE,interior,15
2026,7,PARANA,PIEN,interior,15
2026,7,PARAIBA,SAPE,interior,15
2026,7,GOIAS,NOVA CRIXAS,interior,15
2026,7,GOIAS,NOVA VENEZA,interior,15
2026,7,MINAS GERAIS,SAO DOMINGOS DO PRATA,interior,15
2026,7,RIO GRANDE DO SUL,HARMONIA,interior,15
2026,7,PARANA,SANTA ISABEL DO IVAI,interior,15
2026,7,MINAS GERAIS,SALINAS,interior,15
2026,7,SAO PAULO,PATROCINIO PAULISTA,interior,15
2026,7,SANTA CATARINA,IPUMIRIM,interior,15
2026,7,SAO PAULO,GETULINA,interior,15
2026,7,RIO GRANDE DO SUL,PAVERAMA,interior,15
2026,7,MINAS GERAIS,LUZ,interior,15
2026,7,MINAS GERAIS,TRES MARIAS,interior,15
2026,7,MINAS GERAIS,BOCAIUVA,interior,15
2026,7,BAHIA,SAO DESIDERIO,interior,15
2026,7,SAO PAULO,SANTO ANTONIO DO JARDIM,interior,15
2026,7,GOIAS,RIO QUENTE,interior,15
2026,7,PARANA,FORMOSA DO OESTE,interior,15
2026,7,PARANA,DOURADINA,interior,15
2026,7,PARANA,BARRACAO,interior,15
2026,7,SAO PAULO,PALESTINA,interior,15
2026,7,RIO GRANDE DO SUL,PARECI NOVO,interior,14
2026,7,PERNAMBUCO,LAGOA GRANDE,interior,14
2026,7,GOIAS,URUANA,interior,14
2026,7,MINAS GERAIS,JURUAIA,interior,14
2026,7,RIO DE JANEIRO,ITALVA,interior,14
2026,7,RIO DE JANEIRO,RIO DAS FLORES,interior,14
2026,7,PARAIBA,PITIMBU,interior,14
2026,7,RIO DE JANEIRO,CAMBUCI,interior,14
2026,7,PARAIBA,PEDRAS DE FOGO,interior,14
2026,7,RIO GRANDE DO SUL,SANTA MARIA DO HERVAL,interior,14
2026,7,PARANA,MAMBORE,interior,14
2026,7,MINAS GERAIS,SAO JOSE DA BARRA,interior,14
2026,7,SANTA CATARINA,PETROLANDIA,interior,14
2026,7,MINAS GERAIS,ITAMARANDIBA,interior,14
2026,7,BAHIA,CORRENTINA,interior,14
2026,7,SAO PAULO,DOBRADA,interior,14
2026,7,BAHIA,ESPLANADA,interior,14
2026,7,SAO PAULO,PRESIDENTE BERNARDES,interior,14
2026,7,SAO PAULO,ICEM,interior,14
2026,7,SAO PAULO,COSMORAMA,interior,14
2026,7,RIO GRANDE DO SUL,IMIGRANTE,interior,14
2026,7,BAHIA,CONDEUBA,interior,14
2026,7,MINAS GERAIS,BARROSO,interior,14
2026,7,BAHIA,LAPAO,interior,14
2026,7,SAO PAULO,RIBEIRAO CORRENTE,interior,14
2026,7,PARANA,REBOUCAS,interior,14
2026,7,MINAS GERAIS,CANDEIAS,interior,14
2026,7,RIO GRANDE DO NORTE,CARAUBAS,interior,14
2026,7,ALAGOAS,PORTO DE PEDRAS,interior,14
2026,7,GOIAS,BURITI ALEGRE,interior,14
2026,7,PARANA,ALTONIA,interior,14
2026,7,SAO PAULO,CASTILHO,interior,14
2026,7,ALAGOAS,PORTO REAL DO COLEGIO,interior,14
2026,7,PARANA,SALTO DO LONTRA,interior,14
2026,7,PERNAMBUCO,TABIRA,interior,14
2026,7,MARANHAO,VIANA,interior,14
2026,7,GOIAS,ITAUCU,interior,14
2026,7,SERGIPE,NEOPOLIS,interior,14
2026,7,PARANA,VERE,interior,14
2026,7,MINAS GERAIS,RIO PARANAIBA,interior,14
2026,7,PERNAMBUCO,BUIQUE,interior,14
2026,7,RIO GRANDE DO SUL,ROCA SALES,interior,14
2026,7,RIO GRANDE DO NORTE,MARTINS,interior,14
2026,7,BAHIA,CAMAMU,interior,14
2026,7,ACRE,SENADOR GUIOMARD,interior,14
2026,7,SAO PAULO,SAO BENTO DO SAPUCAI,interior,14
2026,7,SAO PAULO,RIBEIRAO BONITO,interior,14
2026,7,MINAS GERAIS,CARMO DO RIO CLARO,interior,14
2026,7,MATO GROSSO,SANTA CARMEM,interior,14
2026,7,SERGIPE,RIBEIROPOLIS,interior,14
2026,7,BAHIA,NAZARE,interior,14
2026,7,MARANHAO,ROSARIO,interior,14
2026,7,SAO PAULO,CAJOBI,interior,14
2026,7,SANTA CATARINA,SAUDADES,interior,14
2026,7,PARANA,PARANACITY,interior,14
2026,7,MARANHAO,VARGEM GRANDE,interior,14
2026,7,PARANA,ORTIGUEIRA,interior,14
2026,7,MINAS GERAIS,NANUQUE,interior,14
2026,7,PARA,PORTEL,interior,14
2026,7,SAO PAULO,CANANEIA,interior,14
2026,7,SERGIPE,NOSSA SENHORA DAS DORES,interior,14
2026,7,BAHIA,AMELIA RODRIGUES,interior,14
2026,7,MINAS GERAIS,CONCEICAO DOS OUROS,interior,14
2026,7,RIO GRANDE DO SUL,ANTA GORDA,interior,14
2026,7,MINAS GERAIS,NOVA RESENDE,interior,14
2026,7,PERNAMBUCO,CACHOEIRINHA,interior,14
2026,7,CEARA,FORQUILHA,interior,14
2026,7,SAO PAULO,AGUAS DA PRATA,interior,14
2026,7,SANTA CATARINA,PALMA SOLA,interior,14
2026,7,MINAS GERAIS,CRISTAIS,interior,14
2026,7,MATO GROSSO DO SUL,SONORA,interior,14
2026,7,CEARA,TABULEIRO DO NORTE,interior,14
2026,7,BAHIA,ITAPARICA,interior,14
2026,7,SANTA CATARINA,DESCANSO,interior,14
2026,7,GOIAS,INDIARA,interior,14
2026,7,RIO GRANDE DO NORTE,PATU,interior,14
2026,7,CEARA,MISSAO VELHA,interior,13
2026,7,RIO GRANDE DO SUL,MARCELINO RAMOS,interior,13
2026,7,ALAGOAS,SAO MIGUEL DOS MILAGRES,interior,13
2026,7,RIO GRANDE DO NORTE,MACAU,interior,13
2026,7,PERNAMBUCO,FEIRA NOVA,interior,13
2026,7,MINAS GERAIS,ASTOLFO DUTRA,interior,13
2026,7,BAHIA,JEREMOABO,interior,13
2026,7,PARANA,MARIPA,interior,13
2026,7,PIAUI,DEMERVAL LOBAO,interior,13
2026,7,BAHIA,CAMACAN,interior,13
2026,7,SANTA CATARINA,NOVA ITABERABA,interior,13
2026,7,PARANA,MALLET,interior,13
2026,7,PERNAMBUCO,SAO VICENTE FERRER,interior,13
2026,7,PERNAMBUCO,CONDADO,interior,13
2026,7,SAO PAULO,ESTRELA D'OESTE,interior,13
2026,7,PARAIBA,MARI,interior,13
2026,7,BAHIA,SAPEACU,interior,13
2026,7,PARANA,QUITANDINHA,interior,13
2026,7,SANTA CATARINA,PESCARIA BRAVA,interior,13
2026,7,BAHIA,IBICUI,interior,13
2026,7,SANTA CATARINA,RIO DO OESTE,interior,13
2026,7,SANTA CATARINA,VARGEAO,interior,13
2026,7,PARANA,PEABIRU,interior,13
2026,7,PARAIBA,ALAGOA GRANDE,interior,13
2026,7,SANTA CATARINA,SAO JOAO DO SUL,interior,13
2026,7,CEARA,ARACOIABA,interior,13
2026,7,SAO PAULO,PEDRA BELA,interior,13
2026,7,MINAS GERAIS,ALPINOPOLIS,interior,13
2026,7,RONDONIA,PRESIDENTE MEDICI,interior,13
2026,7,PARAIBA,SAO MIGUEL DE TAIPU,interior,13
2026,7,MINAS GERAIS,ITAPEVA,interior,13
2026,7,SERGIPE,CAPELA,interior,13
2026,7,RIO GRANDE DO NORTE,SANTO ANTONIO,interior,13
2026,7,RIO DE JANEIRO,QUATIS,interior,13
2026,7,RIO GRANDE DO NORTE,JARDIM DO SERIDO,interior,13
2026,7,MARANHAO,PENALVA,interior,13
2026,7,SANTA CATARINA,SAO MARTINHO,interior,13
2026,7,RIO GRANDE DO SUL,SEBERI,interior,13
2026,7,SAO PAULO,MIRANTE DO PARANAPANEMA,interior,13
2026,7,CEARA,MERUOCA,interior,13
2026,7,BAHIA,ITARANTIM,interior,13
2026,7,MINAS GERAIS,CAMPOS GERAIS,interior,13
2026,7,SAO PAULO,MARACAI,interior,13
2026,7,PARANA,JOAQUIM TAVORA,interior,13
2026,7,RIO DE JANEIRO,SANTA MARIA MADALENA,interior,13
2026,7,SANTA CATARINA,WITMARSUM,interior,13
2026,7,RONDONIA,SAO FRANCISCO DO GUAPORE,interior,13
2026,7,MATO GROSSO,MARCELANDIA,interior,13
2026,7,MATO GROSSO,PORTO ESPERIDIAO,interior,13
2026,7,RIO GRANDE DO SUL,MAQUINE,interior,13
2026,7,ALAGOAS,SAO JOSE DA LAJE,interior,13
2026,7,SAO PAULO,VERA CRUZ,interior,13
2026,7,BAHIA,IBICOARA,interior,13
2026,7,SAO PAULO,MANDURI,interior,13
2026,7,MATO GROSSO,ARIPUANA,interior,13
2026,7,MATO GROSSO DO SUL,CAMAPUA,interior,13
2026,7,PARANA,JESUITAS,interior,13
2026,7,SERGIPE,CARIRA,interior,13
2026,7,BAHIA,MARAGOGIPE,interior,13
2026,7,MINAS GERAIS,CAMPO DO MEIO,interior,13
2026,7,RIO GRANDE DO NORTE,VERA CRUZ,interior,13
2026,7,RIO GRANDE DO SUL,SAO VENDELINO,interior,13
2026,7,RIO GRANDE DO NORTE,SAO MIGUEL DO GOSTOSO,interior,13
2026,7,PARANA,PATO BRAGADO,interior,13
2026,7,CEARA,JIJOCA DE JERICOACOARA,interior,13
2026,7,CEARA,TRAIRI,interior,13
2026,7,SANTA CATARINA,TIMBO GRANDE,interior,13
2026,7,MINAS GERAIS,CAMPOS ALTOS,interior,13
2026,7,ALAGOAS,MATRIZ DE CAMARAGIBE,interior,13
2026,7,SANTA CATARINA,AGUA DOCE,interior,13
2026,7,SAO PAULO,POLONI,interior,13
2026,7,PERNAMBUCO,BELEM DE SAO FRANCISCO,interior,13
2026,7,PARANA,CEU AZUL,interior,13
2026,7,MINAS GERAIS,CONCEICAO DAS ALAGOAS,interior,13
2026,7,PERNAMBUCO,PETROLANDIA,interior,13
2026,7,MINAS GERAIS,ITATIAIUCU,interior,13
2026,7,PARA,OURILANDIA DO NORTE,interior,13
2026,7,PARANA,QUATRO PONTES,interior,13
2026,7,BAHIA,BELO CAMPO,interior,13
2026,7,BAHIA,JAGUARARI,interior,13
2026,7,PARA,URUARA,interior,13
2026,7,PARANA,SAO SEBASTIAO DA AMOREIRA,interior,13
2026,7,GOIAS,CACHOEIRA ALTA,interior,13
2026,7,PERNAMBUCO,SANTA MARIA DA BOA VISTA,interior,13
2026,7,PARANA,CANTAGALO,interior,12
2026,7,MINAS GERAIS,PIRAUBA,interior,12
2026,7,ESPIRITO SANTO,MUQUI,interior,12
2026,7,SANTA CATARINA,BOTUVERA,interior,12
2026,7,SAO PAULO,ORINDIUVA,interior,12
2026,7,MARANHAO,OLHO D'AGUA DAS CUNHAS,interior,12
2026,7,RIO GRANDE DO NORTE,SERRA DO MEL,interior,12
2026,7,RIO GRANDE DO SUL,CHAPADA,interior,12
2026,7,MINAS GERAIS,RAPOSOS,interior,12
2026,7,BAHIA,IBOTIRAMA,interior,12
2026,7,MINAS GERAIS,ALMENARA,interior,12
2026,7,RIO DE JANEIRO,LAJE DO MURIAE,interior,12
2026,7,PARANA,BITURUNA,interior,12
2026,7,SAO PAULO,RESTINGA,interior,12
2026,7,CEARA,VARZEA ALEGRE,interior,12
2026,7,MINAS GERAIS,RAUL SOARES,interior,12
2026,7,PIAUI,SAO JOAO DO PIAUI,interior,12
2026,7,PARANA,IMBAU,interior,12
2026,7,BAHIA,UBAIRA,interior,12
2026,7,PERNAMBUCO,RIO FORMOSO,interior,12
2026,7,MINAS GERAIS,CAMPESTRE,interior,12
2026,7,RIO GRANDE DO SUL,ESTACAO,interior,12
2026,7,PARANA,SERTANEJA,interior,12
2026,7,RIO GRANDE DO SUL,MOSTARDAS,interior,12
2026,7,ALAGOAS,BATALHA,interior,12
2026,7,PARA,CONCORDIA DO PARA,interior,12
2026,7,BAHIA,LAJE,interior,12
2026,7,MINAS GERAIS,MIRADOURO,interior,12
2026,7,MINAS GERAIS,RESPLENDOR,interior,12
2026,7,SAO PAULO,NOVA EUROPA,interior,12
2026,7,PERNAMBUCO,CATENDE,interior,12
2026,7,RIO GRANDE DO SUL,TAPES,interior,12
2026,7,RIO GRANDE DO SUL,MATO LEITAO,interior,12
2026,7,SAO PAULO,ITAPORANGA,interior,12
2026,7,AMAZONAS,TEFE,interior,12
2026,7,GOIAS,CORUMBA DE GOIAS,interior,12
2026,7,BAHIA,MACARANI,interior,12
2026,7,MATO GROSSO,NOVA CANAA DO NORTE,interior,12
2026,7,ESPIRITO SANTO,SAO DOMINGOS DO NORTE,interior,12
2026,7,MINAS GERAIS,SAO ROQUE DE MINAS,interior,12
2026,7,SAO PAULO,QUELUZ,interior,12
2026,7,MINAS GERAIS,SAO GONCALO DO PARA,interior,12
2026,7,MATO GROSSO DO SUL,SELVIRIA,interior,12
2026,7,BAHIA,JOAO DOURADO,interior,12
2026,7,PARANA,MANGUEIRINHA,interior,12
2026,7,SAO PAULO,GUAREI,interior,12
2026,7,SAO PAULO,RIOLANDIA,interior,12
2026,7,MINAS GERAIS,RIO PIRACICABA,interior,12
2026,7,PARAIBA,CUITE,interior,12
2026,7,MINAS GERAIS,SAO GERALDO,interior,12
2026,7,BAHIA,CANAVIEIRAS,interior,12
2026,7,MINAS GERAIS,ITAU DE MINAS,interior,12
2026,7,SAO PAULO,SANTA ERNESTINA,interior,12
2026,7,PERNAMBUCO,BOM JARDIM,interior,12
2026,7,MATO GROSSO,NOVA MARINGA,interior,12
2026,7,MINAS GERAIS,SANTA VITORIA,interior,12
2026,7,PARANA,CANDOI,interior,12
2026,7,GOIAS,MAURILANDIA,interior,12
2026,7,MARANHAO,VITORIA DO MEARIM,interior,12
2026,7,PERNAMBUCO,SAO JOSE DO BELMONTE,interior,12
2026,7,BAHIA,CARDEAL DA SILVA,interior,12
2026,7,ALAGOAS,IGACI,interior,12
2026,7,SANTA CATARINA,GUARACIABA,interior,12
2026,7,PARAIBA,AREIA,interior,12
2026,7,PARANA,GUARANIACU,interior,12
2026,7,SAO PAULO,IPIGUA,interior,12
2026,7,MINAS GERAIS,ARACUAI,interior,12
2026,7,ALAGOAS,PORTO CALVO,interior,12
2026,7,SAO PAULO,AVANHANDAVA,interior,12
2026,7,PARAIBA,PICUI,interior,12
2026,7,RIO GRANDE DO SUL,LINDOLFO COLLOR,interior,12
2026,7,CEARA,LAVRAS DA MANGABEIRA,interior,12
2026,7,MINAS GERAIS,CAMPINA VERDE,interior,12
2026,7,BAHIA,SANTALUZ,interior,12
2026,7,MARANHAO,ANAJATUBA,interior,12
2026,7,ALAGOAS,MARIBONDO,interior,12
2026,7,SANTA CATARINA,IMBUIA,interior,12
2026,7,SAO PAULO,DUARTINA,interior,12
2026,7,RIO GRANDE DO SUL,SAO JOAO DO POLESINE,interior,12
2026,7,RIO GRANDE DO SUL,BOA VISTA DO BURICA,interior,12
2026,7,MARANHAO,MIRANDA DO NORTE,interior,12
2026,7,RONDONIA,SAO MIGUEL DO GUAPORE,interior,12
2026,7,MINAS GERAIS,MATIPO,interior,12
2026,7,SANTA CATARINA,MELEIRO,interior,12
2026,7,MINAS GERAIS,ARAUJOS,interior,12
2026,7,MINAS GERAIS,IPANEMA,interior,12
2026,7,MINAS GERAIS,MOEMA,interior,12
2026,7,BAHIA,CORACAO DE MARIA,interior,12
2026,7,PARAIBA,INGA,interior,12
2026,7,MATO GROSSO DO SUL,PORTO MURTINHO,interior,11
2026,7,AMAZONAS,RIO PRETO DA EVA,interior,11
2026,7,MATO GROSSO DO SUL,GLORIA DE DOURADOS,interior,11
2026,7,PARANA,PRANCHITA,interior,11
2026,7,MINAS GERAIS,MERCES,interior,11
2026,7,SAO PAULO,DOURADO,interior,11
2026,7,MARANHAO,SAO RAIMUNDO DAS MANGABEIRAS,interior,11
2026,7,SAO PAULO,GUARANTA,interior,11
2026,7,SANTA CATARINA,IOMERE,interior,11
2026,7,SAO PAULO,BERNARDINO DE CAMPOS,interior,11
2026,7,PARAIBA,COREMAS,interior,11
2026,7,PARANA,IVAI,interior,11
2026,7,GOIAS,MOZARLANDIA,interior,11
2026,7,TOCANTINS,TOCANTINOPOLIS,interior,11
2026,7,SAO PAULO,IPAUSSU,interior,11
2026,7,PARANA,ICARAIMA,interior,11
2026,7,MINAS GERAIS,MANTENA,interior,11
2026,7,SAO PAULO,PAULO DE FARIA,interior,11
2026,7,BAHIA,BUERAREMA,interior,11
2026,7,MARANHAO,SANTA LUZIA DO PARUA,interior,11
2026,7,CEARA,CARIRE,interior,11
2026,7,TOCANTINS,PEDRO AFONSO,interior,11
2026,7,RIO GRANDE DO SUL,SAO JOSE DO NORTE,interior,11
2026,7,MINAS GERAIS,PASSA QUATRO,interior,11
2026,7,BAHIA,TEOFILANDIA,interior,11
2026,7,MINAS GERAIS,EUGENOPOLIS,interior,11
2026,7,MARANHAO,PINDARE MIRIM,interior,11
2026,7,MINAS GERAIS,GUAPE,interior,11
2026,7,CEARA,BELA CRUZ,interior,11
2026,7,MINAS GERAIS,ITAPAGIPE,interior,11
2026,7,RIO GRANDE DO NORTE,UPANEMA,interior,11
2026,7,BAHIA,CONDE,interior,11
2026,7,PERNAMBUCO,GLORIA DO GOITA,interior,11
2026,7,PARANA,RESERVA,interior,11
2026,7,SAO PAULO,AREALVA,interior,11
2026,7,MINAS GERAIS,JANUARIA,interior,11
2026,7,MARANHAO,SANTA RITA,interior,11
2026,7,MATO GROSSO,TERRA NOVA DO NORTE,interior,11
2026,7,CEARA,ITAREMA,interior,11
2026,7,MATO GROSSO,ITIQUIRA,interior,11
2026,7,PARA,INHANGAPI,interior,11
2026,7,MINAS GERAIS,BRASILIA DE MINAS,interior,11
2026,7,SERGIPE,CAMPO DO BRITO,interior,11
2026,7,MARANHAO,PASTOS BONS,interior,11
2026,7,ESPIRITO SANTO,CONCEICAO DO CASTELO,interior,11
2026,7,PARANA,VITORINO,interior,11
2026,7,GOIAS,CHAPADAO DO CEU,interior,11
2026,7,MINAS GERAIS,CONSELHEIRO PENA,interior,11
2026,7,PARANA,SAO CARLOS DO IVAI,interior,11
2026,7,MINAS GERAIS,CAMPANHA,interior,11
2026,7,SAO PAULO,PARAISO,interior,11
2026,7,BAHIA,VARZEA DA ROCA,interior,11
2026,7,CEARA,ICAPUI,interior,11
2026,7,PARANA,TUPASSI,interior,11
2026,7,PARA,JACUNDA,interior,11
2026,7,MINAS GERAIS,PRATAPOLIS,interior,11
2026,7,SAO PAULO,GALIA,interior,11
2026,7,CEARA,SANTA QUITERIA,interior,11
2026,7,BAHIA,REMANSO,interior,11
2026,7,RIO GRANDE DO SUL,VILA FLORES,interior,11
2026,7,MATO GROSSO,FELIZ NATAL,interior,11
2026,7,ESPIRITO SANTO,PONTO BELO,interior,11
2026,7,SERGIPE,LARANJEIRAS,interior,11
2026,7,CEARA,MASSAPE,interior,11
2026,7,SAO PAULO,GUARACI,interior,11
2026,7,MATO GROSSO,NOVA OLIMPIA,interior,11
2026,7,PARA,ACARA,interior,11
2026,7,PERNAMBUCO,POCAO,interior,11
2026,7,BAHIA,CABACEIRAS DO PARAGUACU,interior,11
2026,7,SAO PAULO,BOA ESPERANCA DO SUL,interior,11
2026,7,SAO PAULO,BORACEIA,interior,11
2026,7,MINAS GERAIS,IAPU,interior,11
2026,7,MARANHAO,DAVINOPOLIS,interior,11
2026,7,BAHIA,PIATA,interior,11
2026,7,MINAS GERAIS,PIMENTA,interior,11
2026,7,BAHIA,SITIO DO QUINTO,interior,11
2026,7,PERNAMBUCO,CAMOCIM DE SAO FELIX,interior,11
2026,7,PIAUI,BARRAS,interior,11
2026,7,MARANHAO,PAULO RAMOS,interior,11
2026,7,MARANHAO,VITORINO FREIRE,interior,11
2026,7,RIO DE JANEIRO,SAO JOSE DE UBA,interior,11
2026,7,TOCANTINS,AUGUSTINOPOLIS,interior,11
2026,7,MATO GROSSO,GAUCHA DO NORTE,interior,11
2026,7,MARANHAO,COROATA,interior,11
2026,7,PARANA,ALVORADA DO SUL,interior,11
2026,7,PARANA,FLORAI,interior,11
2026,7,PARANA,MAUA DA SERRA,interior,11
2026,7,RIO GRANDE DO SUL,CONSTANTINA,interior,11
2026,7,BAHIA,CIPO,interior,11
2026,7,SAO PAULO,ITOBI,interior,11
2026,7,GOIAS,MARA ROSA,interior,11
2026,7,PARANA,NOVA FATIMA,interior,11
2026,7,MINAS GERAIS,IPABA,interior,11
2026,7,SAO PAULO,PAULICEIA,interior,11
2026,7,BAHIA,CONCEICAO DO ALMEIDA,interior,11
2026,7,PARANA,MARILANDIA DO SUL,interior,11
2026,7,MINAS GERAIS,PAINS,interior,11
2026,7,PARANA,CAMBIRA,interior,11
2026,7,SAO PAULO,IACRI,interior,11
2026,7,SAO PAULO,IEPE,interior,11
2026,7,CEARA,ITATIRA,interior,11
2026,7,PIAUI,VALENCA DO PIAUI,interior,11
2026,7,MINAS GERAIS,UBAPORANGA,interior,11
2026,7,MATO GROSSO,ITAUBA,interior,10
2026,7,BAHIA,ITIUBA,interior,10
2026,7,BAHIA,SAO FELIX,interior,10
2026,7,MATO GROSSO,JUSCIMEIRA,interior,10
2026,7,PARANA,TUNAS DO PARANA,interior,10
2026,7,PERNAMBUCO,CANHOTINHO,interior,10
2026,7,SAO PAULO,HERCULANDIA,interior,10
2026,7,PARAIBA,UIRAUNA,interior,10
2026,7,RIO GRANDE DO NORTE,TENENTE ANANIAS,interior,10
2026,7,RIO GRANDE DO NORTE,TIBAU,interior,10
2026,7,MINAS GERAIS,SAO TOMAS DE AQUINO,interior,10
2026,7,MINAS GERAIS,CAPITOLIO,interior,10
2026,7,RIO GRANDE DO SUL,ERVAL GRANDE,interior,10
2026,7,ALAGOAS,BOCA DA MATA,interior,10
2026,7,PARANA,SANTA IZABEL DO OESTE,interior,10
2026,7,ALAGOAS,FEIRA GRANDE,interior,10
2026,7,SAO PAULO,COLOMBIA,interior,10
2026,7,MINAS GERAIS,MIRAI,interior,10
2026,7,RIO GRANDE DO NORTE,ANGICOS,interior,10
2026,7,BAHIA,SAUBARA,interior,10
2026,7,MINAS GERAIS,ITAMOGI,interior,10
2026,7,MARANHAO,ALTO ALEGRE DO MARANHAO,interior,10
2026,7,PARANA,TAMBOARA,interior,10
2026,7,SAO PAULO,TERRA ROXA,interior,10
2026,7,RIO GRANDE DO SUL,CATUIPE,interior,10
2026,7,MINAS GERAIS,ERVALIA,interior,10
2026,7,RIO DE JANEIRO,ENGENHEIRO PAULO DE FRONTIN,interior,10
2026,7,AMAZONAS,PRESIDENTE FIGUEIREDO,interior,10
2026,7,ESPIRITO SANTO,VILA PAVAO,interior,10
2026,7,GOIAS,LEOPOLDO DE BULHOES,interior,10
2026,7,AMAZONAS,MAUES,interior,10
2026,7,SANTA CATARINA,PINHEIRO PRETO,interior,10
2026,7,MATO GROSSO DO SUL,GUIA LOPES DA LAGUNA,interior,10
2026,7,RIO GRANDE DO NORTE,SAO PAULO DO POTENGI,interior,10
2026,7,ALAGOAS,ESTRELA DE ALAGOAS,interior,10
2026,7,BAHIA,XIQUE-XIQUE,interior,10
2026,7,PARANA,PALMITAL,interior,10
2026,7,RIO GRANDE DO SUL,PASSO DO SOBRADO,interior,10
2026,7,RIO GRANDE DO SUL,TUPARENDI,interior,10
2026,7,MARANHAO,PIO XII,interior,10
2026,7,SAO PAULO,MARIAPOLIS,interior,10
2026,7,MATO GROSSO,NOVA UBIRATA,interior,10
2026,7,MARANHAO,MATA ROMA,interior,10
2026,7,MINAS GERAIS,CARMO DA MATA,interior,10
2026,7,PARAIBA,SANTA LUZIA,interior,10
2026,7,MATO GROSSO,VILA RICA,interior,10
2026,7,MINAS GERAIS,ALTEROSA,interior,10
2026,7,RIO GRANDE DO SUL,HUMAITA,interior,10
2026,7,MINAS GERAIS,GUIMARANIA,interior,10
2026,7,RIO GRANDE DO SUL,RONDA ALTA,interior,10
2026,7,MINAS GERAIS,ITANHANDU,interior,10
2026,7,MINAS GERAIS,BAEPENDI,interior,10
2026,7,SAO PAULO,AREIOPOLIS,interior,10
2026,7,RONDONIA,COLORADO DO OESTE,interior,10
2026,7,RIO GRANDE DO SUL,MARQUES DE SOUZA,interior,10
2026,7,RIO GRANDE DO NORTE,CANGUARETAMA,interior,10
2026,7,SANTA CATARINA,SALETE,interior,10
2026,7,MINAS GERAIS,PIEDADE DE CARATINGA,interior,10
2026,7,PARANA,SERRANOPOLIS DO IGUACU,interior,10
2026,7,SANTA CATARINA,NOVA ERECHIM,interior,10
2026,7,MINAS GERAIS,FLORESTAL,interior,10
2026,7,PARANA,SAO JOAO DO TRIUNFO,interior,10
2026,7,RIO GRANDE DO SUL,COLORADO,interior,10
2026,7,MARANHAO,SAO BENTO,interior,10
2026,7,PARANA,SANTO INACIO,interior,10
2026,7,CEARA,FORTIM,interior,10
2026,7,PARAIBA,ALAGOINHA,interior,10
2026,7,MARANHAO,ARARI,interior,10
2026,7,CEARA,RERIUTABA,interior,10
2026,7,PARANA,CERRO AZUL,interior,10
2026,7,BAHIA,SANTANOPOLIS,interior,10
2026,7,MINAS GERAIS,NOVA PONTE,interior,10
2026,7,BAHIA,IPECAETA,interior,10
2026,7,MINAS GERAIS,GUIRICEMA,interior,10
2026,7,RIO GRANDE DO SUL,SAO JOAO DA URTIGA,interior,10
2026,7,ALAGOAS,SAO LUIS DO QUITUNDE,interior,10
2026,7,CEARA,GRANJA,interior,10
2026,7,PARA,MONTE ALEGRE,interior,10
2026,7,GOIAS,NOVO GAMA,interior,10
2026,7,SANTA CATARINA,BRACO DO TROMBUDO,interior,10
2026,7,MATO GROSSO DO SUL,MIRANDA,interior,10
2026,7,RORAIMA,CANTA,interior,10
2026,7,CEARA,SENADOR POMPEU,interior,10
2026,7,SANTA CATARINA,IBICARE,interior,10
2026,7,SAO PAULO,SUD MENNUCCI,interior,10
2026,7,MATO GROSSO DO SUL,ITAQUIRAI,interior,10
2026,7,RIO GRANDE DO SUL,BARAO,interior,10
2026,7,BAHIA,CASTRO ALVES,interior,10
2026,7,BAHIA,JITAUNA,interior,10
2026,7,CEARA,MILAGRES,interior,10
2026,7,RIO GRANDE DO SUL,PANTANO GRANDE,interior,10
2026,7,SAO PAULO,BRAUNA,interior,10
2026,7,PARANA,ENTRE RIOS DO OESTE,interior,10
2026,7,MARANHAO,TUTOIA,interior,10
2026,7,SAO PAULO,MINEIROS DO TIETE,interior,10
2026,7,PARANA,CATANDUVAS,interior,10
2026,7,SAO PAULO,MOMBUCA,interior,10
2026,7,SAO PAULO,SANTO ANTONIO DA ALEGRIA,interior,10
2026,7,SANTA CATARINA,BOM JARDIM DA SERRA,interior,9
2026,7,MINAS GERAIS,ALPERCATA,interior,9
2026,7,RIO GRANDE DO SUL,PLANALTO,interior,9
2026,7,BAHIA,UIBAI,interior,9
2026,7,RIO GRANDE DO NORTE,ALEXANDRIA,interior,9
2026,7,BAHIA,FORMOSA DO RIO PRETO,interior,9
2026,7,RIO GRANDE DO SUL,DOIS LAJEADOS,interior,9
2026,7,SAO PAULO,SANTO ANTONIO DO ARACANGUA,interior,9
2026,7,RIO GRANDE DO SUL,PROGRESSO,interior,9
2026,7,RIO GRANDE DO SUL,PAIM FILHO,interior,9
2026,7,BAHIA,RUY BARBOSA,interior,9
2026,7,PARANA,CENTENARIO DO SUL,interior,9
2026,7,RONDONIA,MONTE NEGRO,interior,9
2026,7,MINAS GERAIS,BELA VISTA DE MINAS,interior,9
2026,7,BAHIA,ENCRUZILHADA,interior,9
2026,7,MINAS GERAIS,IBIRACI,interior,9
2026,7,RIO GRANDE DO SUL,SAO VICENTE DO SUL,interior,9
2026,7,SAO PAULO,QUATA,interior,9
2026,7,MINAS GERAIS,RIO CASCA,interior,9
2026,7,MINAS GERAIS,CARMO DO CAJURU,interior,9
2026,7,PARAIBA,ITAPOROROCA,interior,9
2026,7,MARANHAO,JOAO LISBOA,interior,9
2026,7,SANTA CATARINA,JOSE BOITEUX,interior,9
2026,7,PERNAMBUCO,MACHADOS,interior,9
2026,7,CEARA,AMONTADA,interior,9
2026,7,RONDONIA,MIRANTE DA SERRA,interior,9
2026,7,RIO GRANDE DO SUL,NOVA PADUA,interior,9
2026,7,PARAIBA,REMIGIO,interior,9
2026,7,MARANHAO,DOM PEDRO,interior,9
2026,7,SAO PAULO,LAVRINHAS,interior,9
2026,7,SANTA CATARINA,ARABUTA,interior,9
2026,7,PARANA,TEIXEIRA SOARES,interior,9
2026,7,PARA,SAO FELIX DO XINGU,interior,9
2026,7,GOIAS,HIDROLINA,interior,9
2026,7,RIO GRANDE DO SUL,COLINAS,interior,9
2026,7,PARANA,SAO JORGE DO IVAI,interior,9
2026,7,PERNAMBUCO,IPUBI,interior,9
2026,7,RIO GRANDE DO SUL,PALMITINHO,interior,9
2026,7,PERNAMBUCO,VENTUROSA,interior,9
2026,7,CEARA,IRAUCUBA,interior,9
2026,7,CEARA,PARAMBU,interior,9
2026,7,BAHIA,ITAMBE,interior,9
2026,7,RIO GRANDE DO SUL,CARAA,interior,9
2026,7,MINAS GERAIS,SENADOR FIRMINO,interior,9
2026,7,PIAUI,PEDRO II,interior,9
2026,7,SAO PAULO,GUAPIARA,interior,9
2026,7,MINAS GERAIS,ITAMONTE,interior,9
2026,7,CEARA,JUCAS,interior,9
2026,7,PIAUI,GUADALUPE,interior,9
2026,7,MINAS GERAIS,AREADO,interior,9
2026,7,SAO PAULO,SANTA CLARA D'OESTE,interior,9
2026,7,CEARA,ALCANTARAS,interior,9
2026,7,ESPIRITO SANTO,AGUIA BRANCA,interior,9
2026,7,RIO GRANDE DO SUL,SAO JOSE DO SUL,interior,9
2026,7,MINAS GERAIS,BICAS,interior,9
2026,7,RIO GRANDE DO SUL,SERTAO,interior,9
2026,7,PARAIBA,BELEM,interior,9
2026,7,BAHIA,BARRA,interior,9
2026,7,SANTA CATARINA,IRANI,interior,9
2026,7,RIO GRANDE DO SUL,MORRO REDONDO,interior,9
2026,7,BAHIA,TANHACU,interior,9
2026,7,MINAS GERAIS,CARMOPOLIS DE MINAS,interior,9
2026,7,RONDONIA,ITAPUA DO OESTE,interior,9
2026,7,PARANA,PLANALTO,interior,9
2026,7,BAHIA,ELISIO MEDRADO,interior,9
2026,7,MINAS GERAIS,DIVINOLANDIA DE MINAS,interior,9
2026,7,CEARA,GUARAMIRANGA,interior,9
2026,7,CEARA,NOVO ORIENTE,interior,9
2026,7,SAO PAULO,JABORANDI,interior,9
2026,7,PERNAMBUCO,AGRESTINA,interior,9
2026,7,MARANHAO,TUNTUM,interior,9
2026,7,RIO GRANDE DO SUL,INDEPENDENCIA,interior,9
2026,7,PARANA,SAO JORGE D'OESTE,interior,9
2026,7,MATO GROSSO,PARANAITA,interior,9
2026,7,RONDONIA,NOVA BRASILANDIA D'OESTE,interior,9
2026,7,ACRE,PLACIDO DE CASTRO,interior,9
2026,7,MINAS GERAIS,MONTE BELO,interior,9
2026,7,PERNAMBUCO,PASSIRA,interior,9
2026,7,MARANHAO,LIMA CAMPOS,interior,9
2026,7,BAHIA,MIGUEL CALMON,interior,9
2026,7,ESPIRITO SANTO,SANTA LEOPOLDINA,interior,9
2026,7,PERNAMBUCO,IBIMIRIM,interior,9
2026,7,PARAIBA,TEIXEIRA,interior,9
2026,7,BAHIA,IBIRAPUA,interior,9
2026,7,MINAS GERAIS,ENTRE RIOS DE MINAS,interior,9
2026,7,MINAS GERAIS,VARZEA DA PALMA,interior,9
2026,7,TOCANTINS,DIANOPOLIS,interior,9
2026,7,MATO GROSSO,RIBEIRAO CASCALHEIRA,interior,9
2026,7,MINAS GERAIS,SAO JOAO EVANGELISTA,interior,9
2026,7,PARANA,NOVA PRATA DO IGUACU,interior,9
2026,7,PARAIBA,SAO JOAO DO RIO DO PEIXE,interior,9
2026,7,MINAS GERAIS,PAPAGAIOS,interior,9
2026,7,BAHIA,TERRA NOVA,interior,9
2026,7,RIO GRANDE DO SUL,SEVERIANO DE ALMEIDA,interior,9
2026,7,MINAS GERAIS,SERRA DO SALITRE,interior,9
2026,7,CEARA,SOLONOPOLE,interior,9
2026,7,PERNAMBUCO,MOREILANDIA,interior,9
2026,7,CEARA,CARIDADE,interior,9
2026,7,ESPIRITO SANTO,MUCURICI,interior,9
2026,7,MINAS GERAIS,VAZANTE,interior,9
2026,7,RIO GRANDE DO SUL,AMETISTA DO SUL,interior,9
2026,7,MATO GROSSO,ACORIZAL,interior,9
2026,7,SAO PAULO,PALMEIRA D'OESTE,interior,9
2026,7,SERGIPE,MOITA BONITA,interior,9
2026,7,PARANA,BARBOSA FERRAZ,interior,9
2026,7,BAHIA,SAO GABRIEL,interior,9
2026,7,MINAS GERAIS,AIMORES,interior,9
2026,7,MINAS GERAIS,JEQUITINHONHA,interior,9
2026,7,PARA,NOVO REPARTIMENTO,interior,9
2026,7,PARANA,PINHAO,interior,9
2026,7,BAHIA,UBAITABA,interior,9
2026,7,MATO GROSSO DO SUL,IGUATEMI,interior,9
2026,7,PARANA,FERNANDES PINHEIRO,interior,9
2026,7,SAO PAULO,TAPIRAI,interior,9
2026,7,BAHIA,ITORORO,interior,9
2026,7,SAO PAULO,NUPORANGA,interior,9
2026,7,RIO GRANDE DO SUL,FONTOURA XAVIER,interior,9
2026,7,PARANA,BOA ESPERANCA,interior,8
2026,7,SAO PAULO,PACAEMBU,interior,8
2026,7,PARAIBA,SUME,interior,8
2026,7,RONDONIA,ALTO ALEGRE DOS PARECIS,interior,8
2026,7,MATO GROSSO,GUIRATINGA,interior,8
2026,7,PARA,MEDICILANDIA,interior,8
2026,7,TOCANTINS,ALVORADA,interior,8
2026,7,BAHIA,SERROLANDIA,interior,8
2026,7,SAO PAULO,QUADRA,interior,8
2026,7,BAHIA,VARZEA DO POCO,interior,8
2026,7,MINAS GERAIS,ARCEBURGO,interior,8
2026,7,SAO PAULO,SALES,interior,8
2026,7,RIO GRANDE DO SUL,NOVA ALVORADA,interior,8
2026,7,GOIAS,ARUANA,interior,8
2026,7,BAHIA,JACARACI,interior,8
2026,7,RIO GRANDE DO SUL,SAO PEDRO DA SERRA,interior,8
2026,7,RIO GRANDE DO NORTE,ITAJA,interior,8
2026,7,MINAS GERAIS,CONCEICAO DA APARECIDA,interior,8
2026,7,RIO DE JANEIRO,DUAS BARRAS,interior,8
2026,7,MARANHAO,SAMBAIBA,interior,8
2026,7,BAHIA,MORTUGABA,interior,8
2026,7,MARANHAO,COLINAS,interior,8
2026,7,RIO GRANDE DO SUL,SAO MIGUEL DAS MISSOES,interior,8
2026,7,MATO GROSSO,BOM JESUS DO ARAGUAIA,interior,8
2026,7,BAHIA,CANDIDO SALES,interior,8
2026,7,RIO GRANDE DO SUL,MUCUM,interior,8
2026,7,MATO GROSSO,CAMPOS DE JULIO,interior,8
2026,7,RONDONIA,COSTA MARQUES,interior,8
2026,7,SAO PAULO,PARAPUA,interior,8
2026,7,RIO GRANDE DO SUL,PEDRO OSORIO,interior,8
2026,7,PERNAMBUCO,PEDRA,interior,8
2026,7,SANTA CATARINA,ANITA GARIBALDI,interior,8
2026,7,MINAS GERAIS,TOMBOS,interior,8
2026,7,MINAS GERAIS,RODEIRO,interior,8
2026,7,SERGIPE,PORTO DA FOLHA,interior,8
2026,7,MATO GROSSO,DOM AQUINO,interior,8
2026,7,SANTA CATARINA,MODELO,interior,8
2026,7,SAO PAULO,ANALANDIA,interior,8
2026,7,PERNAMBUCO,ITAPETIM,interior,8
2026,7,RIO GRANDE DO SUL,ESTRELA VELHA,interior,8
2026,7,SERGIPE,CANINDE DE SAO FRANCISCO,interior,8
2026,7,PIAUI,AMARANTE,interior,8
2026,7,MINAS GERAIS,PRESIDENTE OLEGARIO,interior,8
2026,7,MINAS GERAIS,SAO DOMINGOS DAS DORES,interior,8
2026,7,PERNAMBUCO,ALAGOINHA,interior,8
2026,7,SAO PAULO,GUARACAI,interior,8
2026,7,GOIAS,CIDADE OCIDENTAL,interior,8
2026,7,MINAS GERAIS,ENGENHEIRO CALDAS,interior,8
2026,7,BAHIA,BELMONTE,interior,8
2026,7,MINAS GERAIS,CARMO DA CACHOEIRA,interior,8
2026,7,SANTA CATARINA,MONTE CASTELO,interior,8
2026,7,CEARA,MUCAMBO,interior,8
2026,7,RIO GRANDE DO NORTE,UMARIZAL,interior,8
2026,7,RIO GRANDE DO NORTE,CARNAUBA DOS DANTAS,interior,8
2026,7,RIO GRANDE DO SUL,CIRIACO,interior,8
2026,7,BAHIA,IGUAI,interior,8
2026,7,ALAGOAS,SANTA LUZIA DO NORTE,interior,8
2026,7,PARANA,JARDIM ALEGRE,interior,8
2026,7,SAO PAULO,SANTA MARIA DA SERRA,interior,8
2026,7,MATO GROSSO,NORTELANDIA,interior,8
2026,7,RIO GRANDE DO SUL,VILA MARIA,interior,8
2026,7,RIO GRANDE DO SUL,SAO MARTINHO,interior,8
2026,7,PERNAMBUCO,SANTA CRUZ DA BAIXA VERDE,interior,8
2026,7,MARANHAO,GOVERNADOR NUNES FREIRE,interior,8
2026,7,MINAS GERAIS,PLANURA,interior,8
2026,7,RIO GRANDE DO NORTE,FLORANIA,interior,8
2026,7,RIO GRANDE DO SUL,PEJUCARA,interior,8
2026,7,MATO GROSSO,NOVA GUARITA,interior,8
2026,7,BAHIA,PIRITIBA,interior,8
2026,7,BAHIA,OLINDINA,interior,8
2026,7,BAHIA,CAPELA DO ALTO ALEGRE,interior,8
2026,7,MINAS GERAIS,ITAPECERICA,interior,8
2026,7,PIAUI,REGENERACAO,interior,8
2026,7,MINAS GERAIS,CAPINOPOLIS,interior,8
2026,7,MATO GROSSO,VILA BELA DA SANTISSIMA TRINDADE,interior,8
2026,7,GOIAS,OUVIDOR,interior,8
2026,7,PERNAMBUCO,SANHARO,interior,8
2026,7,CEARA,MORRINHOS,interior,8
2026,7,PARANA,MARIOPOLIS,interior,8
2026,7,MINAS GERAIS,MARTINHO CAMPOS,interior,8
2026,7,SAO PAULO,UBARANA,interior,8
2026,7,SAO PAULO,CLEMENTINA,interior,8
2026,7,MINAS GERAIS,TEIXEIRAS,interior,8
2026,7,SANTA CATARINA,ANITAPOLIS,interior,8
2026,7,MINAS GERAIS,JABOTICATUBAS,interior,8
2026,7,ESPIRITO SANTO,APIACA,interior,8
2026,7,SAO PAULO,REGINOPOLIS,interior,8
2026,7,RIO GRANDE DO NORTE,ACARI,interior,8
2026,7,BAHIA,MONTE SANTO,interior,8
2026,7,RIO GRANDE DO SUL,EREBANGO,interior,8
2026,7,CEARA,AURORA,interior,8
2026,7,RIO GRANDE DO SUL,VIADUTOS,interior,8
2026,7,RIO GRANDE DO NORTE,POCO BRANCO,interior,8
2026,7,SANTA CATARINA,LEBON REGIS,interior,8
2026,7,MINAS GERAIS,COIMBRA,interior,8
2026,7,PARANA,FLORESTOPOLIS,interior,8
2026,7,GOIAS,NAZARIO,interior,8
2026,7,MATO GROSSO,JAURU,interior,8
2026,7,MINAS GERAIS,BRAZOPOLIS,interior,8
2026,7,BAHIA,COARACI,interior,8
2026,7,ALAGOAS,PAO DE ACUCAR,interior,8
2026,7,GOIAS,SANCLERLANDIA,interior,8
2026,7,RIO GRANDE DO SUL,ENTRE IJUIS,interior,8
2026,7,ALAGOAS,CAJUEIRO,interior,8
2026,7,TOCANTINS,ANANAS,interior,8
2026,7,SANTA CATARINA,RIQUEZA,interior,8
2026,7,MINAS GERAIS,CENTRALINA,interior,8
2026,7,BAHIA,MUCUGE,interior,8
2026,7,BAHIA,PLANALTO,interior,8
2026,7,SAO PAULO,ADOLFO,interior,8
2026,7,PARA,GOIANESIA DO PARA,interior,8
2026,7,ESPIRITO SANTO,AGUA DOCE DO NORTE,interior,8
2026,7,RIO GRANDE DO NORTE,JARDIM DE PIRANHAS,interior,8
2026,7,SANTA CATARINA,PASSOS MAIA,interior,8
2026,7,BAHIA,SAO FELIX DO CORIBE,interior,8
2026,7,MATO GROSSO DO SUL,DOURADINA,interior,8
2026,7,SANTA CATARINA,DONA EMMA,interior,8
2026,7,ALAGOAS,MAJOR ISIDORO,interior,8
2026,7,PERNAMBUCO,CAETES,interior,8
2026,7,ACRE,TARAUACA,interior,8
2026,7,SANTA CATARINA,JABORA,interior,8
2026,7,MATO GROSSO,CASTANHEIRA,interior,7
2026,7,PARANA,MARILENA,interior,7
2026,7,MARANHAO,SENADOR LA ROCQUE,interior,7
2026,7,BAHIA,NOVA SOURE,interior,7
2026,7,PARAIBA,LUCENA,interior,7
2026,7,RIO DE JANEIRO,SAO SEBASTIAO DO ALTO,interior,7
2026,7,RIO GRANDE DO SUL,IBIACA,interior,7
2026,7,SAO PAULO,OSCAR BRESSANE,interior,7
2026,7,PARAIBA,APARECIDA,interior,7
2026,7,BAHIA,BAIXA GRANDE,interior,7
2026,7,SANTA CATARINA,GUARUJA DO SUL,interior,7
2026,7,RIO GRANDE DO NORTE,JACANA,interior,7
2026,7,CEARA,IPUEIRAS,interior,7
2026,7,PERNAMBUCO,OROBO,interior,7
2026,7,PARANA,ENEAS MARQUES,interior,7
2026,7,CEARA,PIQUET CARNEIRO,interior,7
2026,7,MINAS GERAIS,CAETANOPOLIS,interior,7
2026,7,MARANHAO,GOVERNADOR ARCHER,interior,7
2026,7,PARANA,MOREIRA SALES,interior,7
2026,7,BAHIA,CASA NOVA,interior,7
2026,7,MINAS GERAIS,RESENDE COSTA,interior,7
2026,7,MINAS GERAIS,CANAPOLIS,interior,7
2026,7,SANTA CATARINA,IRINEOPOLIS,interior,7
2026,7,CEARA,SENADOR SA,interior,7
2026,7,MINAS GERAIS,SANTA BARBARA DO LESTE,interior,7
2026,7,BAHIA,ITANHEM,interior,7
2026,7,GOIAS,VICENTINOPOLIS,interior,7
2026,7,RIO GRANDE DO SUL,GENERAL CAMARA,interior,7
2026,7,MATO GROSSO DO SUL,DEODAPOLIS,interior,7
2026,7,MINAS GERAIS,SANTO ANTONIO DO AMPARO,interior,7
2026,7,PIAUI,PAULISTANA,interior,7
2026,7,RIO GRANDE DO SUL,TABAI,interior,7
2026,7,PARANA,IVATUBA,interior,7
2026,7,GOIAS,BARRO ALTO,interior,7
2026,7,MARANHAO,CAROLINA,interior,7
2026,7,PARANA,QUATIGUA,interior,7
2026,7,SANTA CATARINA,CAMPO BELO DO SUL,interior,7
2026,7,SAO PAULO,BANANAL,interior,7
2026,7,MATO GROSSO,JANGADA,interior,7
2026,7,SERGIPE,AREIA BRANCA,interior,7
2026,7,MATO GROSSO,NOVA SANTA HELENA,interior,7
2026,7,MARANHAO,FORTALEZA DOS NOGUEIRAS,interior,7
2026,7,PARANA,SAO JOSE DA BOA VISTA,interior,7
2026,7,SAO PAULO,PIACATU,interior,7
2026,7,RIO GRANDE DO SUL,MINAS DO LEAO,interior,7
2026,7,BAHIA,MUNDO NOVO,interior,7
2026,7,RIO GRANDE DO SUL,CAMBARA DO SUL,interior,7
2026,7,RIO GRANDE DO NORTE,IPANGUACU,interior,7
2026,7,RIO GRANDE DO SUL,SILVEIRA MARTINS,interior,7
2026,7,PERNAMBUCO,BODOCO,interior,7
2026,7,MARANHAO,FORMOSA DA SERRA NEGRA,interior,7
2026,7,MINAS GERAIS,VIRGINOPOLIS,interior,7
2026,7,PARA,PACAJA,interior,7
2026,7,PERNAMBUCO,VERTENTES,interior,7
2026,7,MARANHAO,POCAO DE PEDRAS,interior,7
2026,7,BAHIA,ANAGE,interior,7
2026,7,PERNAMBUCO,AMARAJI,interior,7
2026,7,SAO PAULO,SANTA LUCIA,interior,7
2026,7,GOIAS,ITARUMA,interior,7
2026,7,GOIAS,PARANAIGUARA,interior,7
2026,7,RIO GRANDE DO NORTE,ALTO DO RODRIGUES,interior,7
2026,7,MINAS GERAIS,TURMALINA,interior,7
2026,7,BAHIA,CARINHANHA,interior,7
2026,7,RIO GRANDE DO NORTE,PORTALEGRE,interior,7
2026,7,RIO GRANDE DO SUL,TAQUARUCU DO SUL,interior,7
2026,7,GOIAS,PETROLINA DE GOIAS,interior,7
2026,7,SANTA CATARINA,XAVANTINA,interior,7
2026,7,SAO PAULO,CARDOSO,interior,7
2026,7,SAO PAULO,MENDONCA,interior,7
2026,7,RIO GRANDE DO NORTE,SAO JOSE DO CAMPESTRE,interior,7
2026,7,MINAS GERAIS,SANTA RITA DO ITUETO,interior,7
2026,7,SERGIPE,ARAUA,interior,7
2026,7,MATO GROSSO,NOVA MARILANDIA,interior,7
2026,7,PARAIBA,NOVA PALMEIRA,interior,7
2026,7,RIO GRANDE DO NORTE,SAO RAFAEL,interior,7
2026,7,GOIAS,MONTES CLAROS DE GOIAS,interior,7
2026,7,MINAS GERAIS,ITABIRINHA,interior,7
2026,7,PARANA,CONGONHINHAS,interior,7
2026,7,SANTA CATARINA,JARDINOPOLIS,interior,7
2026,7,MATO GROSSO,PORTO ALEGRE DO NORTE,interior,7
2026,7,MINAS GERAIS,GUARANI,interior,7
2026,7,SERGIPE,POCO REDONDO,interior,7
2026,7,PARANA,LOBATO,interior,7
2026,7,RIO GRANDE DO SUL,CAMPINA DAS MISSOES,interior,7
2026,7,PERNAMBUCO,CARNAIBA,interior,7
2026,7,MINAS GERAIS,MUTUM,interior,7
2026,7,MARANHAO,CIDELANDIA,interior,7
2026,7,BAHIA,ANTAS,interior,7
2026,7,SAO PAULO,ONDA VERDE,interior,7
2026,7,SAO PAULO,RIBEIRAO BRANCO,interior,7
2026,7,MINAS GERAIS,MARAVILHAS,interior,7
2026,7,MINAS GERAIS,PORTEIRINHA,interior,7
2026,7,RIO GRANDE DO NORTE,ALMINO AFONSO,interior,7
2026,7,RIO GRANDE DO SUL,JOIA,interior,7
2026,7,PERNAMBUCO,JUPI,interior,7
2026,7,PARA,BAIAO,interior,7
2026,7,CEARA,CHORO,interior,7
2026,7,RIO GRANDE DO SUL,ALECRIM,interior,7
2026,7,ACRE,MANCIO LIMA,interior,7
2026,7,GOIAS,TURVANIA,interior,7
2026,7,RIO GRANDE DO SUL,PUTINGA,interior,7
2026,7,PARANA,OURIZONA,interior,7
2026,7,BAHIA,URANDI,interior,7
2026,7,SAO PAULO,TARUMA,interior,7
2026,7,MATO GROSSO,NOVA MONTE VERDE,interior,7
2026,7,PARAIBA,ARARUNA,interior,7
2026,7,RIO GRANDE DO NORTE,ESPIRITO SANTO,interior,7
2026,7,PARANA,BOM SUCESSO,interior,7
2026,7,SAO PAULO,GUATAPARA,interior,7
2026,7,MINAS GERAIS,LAJINHA,interior,7
2026,7,CEARA,GROAIRAS,interior,7
2026,7,RIO DE JANEIRO,VARRE-SAI,interior,7
2026,7,CEARA,GUAIUBA,interior,7
2026,7,RIO GRANDE DO NORTE,GOVERNADOR DIX-SEPT ROSADO,interior,7
2026,7,RIO GRANDE DO SUL,SINIMBU,interior,7
2026,7,RIO GRANDE DO SUL,FORTALEZA DOS VALOS,interior,7
2026,7,CEARA,CAMPOS SALES,interior,7
2026,7,PARA,SAO FRANCISCO DO PARA,interior,7
2026,7,MINAS GERAIS,ALFREDO VASCONCELOS,interior,7
2026,7,SANTA CATARINA,DOUTOR PEDRINHO,interior,7
2026,7,PARANA,VERA CRUZ DO OESTE,interior,7
2026,7,RIO GRANDE DO SUL,MARATA,interior,7
2026,7,MARANHAO,GOVERNADOR EDISON LOBAO,interior,7
2026,7,SAO PAULO,OCAUCU,interior,7
2026,7,MATO GROSSO,PORTO DOS GAUCHOS,interior,7
2026,7,RIO GRANDE DO SUL,FAGUNDES VARELA,interior,7
2026,7,MINAS GERAIS,SAO JOAO BATISTA DO GLORIA,interior,7
2026,7,SAO PAULO,MARAPOAMA,interior,7
2026,7,RIO GRANDE DO NORTE,SAO JOSE DO SERIDO,interior,7
2026,7,MARANHAO,ESTREITO,interior,7
2026,7,RIO GRANDE DO SUL,CANDIOTA,interior,7
2026,7,PARANA,CANDIDO DE ABREU,interior,7
2026,7,SAO PAULO,TAQUARIVAI,interior,7
2026,7,BAHIA,CRISOPOLIS,interior,7
2026,7,MINAS GERAIS,SAO GONCALO DO RIO ABAIXO,interior,7
2026,7,BAHIA,SANTA RITA DE CASSIA,interior,7
2026,7,PARA,BREU BRANCO,interior,7
2026,7,MATO GROSSO,SANTA RITA DO TRIVELATO,interior,7
2026,7,SAO PAULO,GABRIEL MONTEIRO,interior,7
2026,7,PARAIBA,BARRA DE SANTA ROSA,interior,7
2026,7,SAO PAULO,SAO JOSE DA BELA VISTA,interior,7
2026,7,MATO GROSSO DO SUL,LAGUNA CARAPA,interior,7
2026,7,MINAS GERAIS,DORES DE CAMPOS,interior,7
2026,7,MARANHAO,CANTANHEDE,interior,7
2026,7,MINAS GERAIS,GUARACIABA,interior,7
2026,7,PERNAMBUCO,FERREIROS,interior,7
2026,7,TOCANTINS,CAMPOS LINDOS,interior,7
2026,7,BAHIA,PRESIDENTE DUTRA,interior,7
2026,7,RIO GRANDE DO SUL,NOVA ROMA DO SUL,interior,7
2026,7,CEARA,PEREIRO,interior,7
2026,7,MINAS GERAIS,FRONTEIRA,interior,7
2026,7,PARAIBA,SAO SEBASTIAO DE LAGOA DE ROCA,interior,7
2026,7,PIAUI,CAJUEIRO DA PRAIA,interior,7
2026,7,ALAGOAS,MESSIAS,interior,7
2026,7,RIO GRANDE DO SUL,PRESIDENTE LUCENA,interior,7
2026,7,RIO GRANDE DO SUL,CONDOR,interior,7
2026,7,PARANA,QUARTO CENTENARIO,interior,7
2026,7,PARANA,NOVA CANTU,interior,7
2026,7,BAHIA,BONITO,interior,7
2026,7,BAHIA,SERRA PRETA,interior,7
2026,7,PARAIBA,PIANCO,interior,7
2026,7,RIO GRANDE DO SUL,TRAVESSEIRO,interior,7
2026,7,MINAS GERAIS,TIROS,interior,7
2026,7,MINAS GERAIS,RIO ACIMA,interior,7
2026,7,RIO GRANDE DO SUL,IPE,interior,7
2026,7,GOIAS,CARMO DO RIO VERDE,interior,7
2026,7,BAHIA,ITAJUIPE,interior,7
2026,7,MATO GROSSO,APIACAS,interior,7
2026,7,PARAIBA,BOQUEIRAO,interior,7
2026,7,CEARA,ALTO SANTO,interior,7
2026,7,SAO PAULO,SAO PEDRO DO TURVO,interior,7
2026,7,PARANA,PLANALTINA DO PARANA,interior,7
2026,7,RIO GRANDE DO SUL,MUITOS CAPOES,interior,6
2026,7,BAHIA,URUCUCA,interior,6
2026,7,PARANA,CRUZEIRO DO SUL,interior,6
2026,7,PARANA,CAMPO DO TENENTE,interior,6
2026,7,SAO PAULO,IRAPUA,interior,6
2026,7,MATO GROSSO DO SUL,PEDRO GOMES,interior,6
2026,7,MINAS GERAIS,SAO SEBASTIAO DA VARGEM ALEGRE,interior,6
2026,7,SAO PAULO,SABINO,interior,6
2026,7,BAHIA,OLIVEIRA DOS BREJINHOS,interior,6
2026,7,PARANA,MIRASELVA,interior,6
2026,7,MINAS GERAIS,BAMBUI,interior,6
2026,7,RIO GRANDE DO SUL,ROQUE GONZALES,interior,6
2026,7,BAHIA,RIACHO DE SANTANA,interior,6
2026,7,MATO GROSSO,BOA ESPERANCA DO NORTE,interior,6
2026,7,BAHIA,CANDIBA,interior,6
2026,7,PARAIBA,POCINHOS,interior,6
2026,7,SAO PAULO,FLORIDA PAULISTA,interior,6
2026,7,SANTA CATARINA,URUPEMA,interior,6
2026,7,ACRE,FEIJO,interior,6
2026,7,PARAIBA,MASSARANDUBA,interior,6
2026,7,MATO GROSSO DO SUL,JATEI,interior,6
2026,7,BAHIA,IACU,interior,6
2026,7,PARANA,CRUZEIRO DO IGUACU,interior,6
2026,7,PARANA,FLORIDA,interior,6
2026,7,MINAS GERAIS,LAGOA DOURADA,interior,6
2026,7,MINAS GERAIS,ENTRE FOLHAS,interior,6
2026,7,ALAGOAS,COQUEIRO SECO,interior,6
2026,7,CEARA,FRECHEIRINHA,interior,6
2026,7,BAHIA,GUARATINGA,interior,6
2026,7,SAO PAULO,MACEDONIA,interior,6
2026,7,SERGIPE,POCO VERDE,interior,6
2026,7,SAO PAULO,ELDORADO,interior,6
2026,7,SAO PAULO,PIQUETE,interior,6
2026,7,SANTA CATARINA,AGUAS FRIAS,interior,6
2026,7,PIAUI,SAO PEDRO DO PIAUI,interior,6
2026,7,CEARA,MULUNGU,interior,6
2026,7,MATO GROSSO DO SUL,BATAYPORA,interior,6
2026,7,MINAS GERAIS,NAZARENO,interior,6
2026,7,BAHIA,HELIOPOLIS,interior,6
2026,7,PARA,BOM JESUS DO TOCANTINS,interior,6
2026,7,PARA,MOCAJUBA,interior,6
2026,7,MINAS GERAIS,FRANCISCO SA,interior,6
2026,7,RIO GRANDE DO SUL,CRISSIUMAL,interior,6
2026,7,RIO DE JANEIRO,MACUCO,interior,6
2026,7,MINAS GERAIS,ITAGUARA,interior,6
2026,7,MINAS GERAIS,CARMO DE MINAS,interior,6
2026,7,MINAS GERAIS,GALILEIA,interior,6
2026,7,PERNAMBUCO,FLORES,interior,6
2026,7,PARANA,GENERAL CARNEIRO,interior,6
2026,7,RIO GRANDE DO SUL,PINHEIRINHO DO VALE,interior,6
2026,7,MINAS GERAIS,RIO NOVO,interior,6
2026,7,SANTA CATARINA,PEDRAS GRANDES,interior,6
2026,7,MINAS GERAIS,BOM JESUS DO GALHO,interior,6
2026,7,SAO PAULO,EUCLIDES DA CUNHA PAULISTA,interior,6
2026,7,MINAS GERAIS,PIRANGUINHO,interior,6
2026,7,GOIAS,BONFINOPOLIS,interior,6
2026,7,MINAS GERAIS,SANTA MARGARIDA,interior,6
2026,7,SANTA CATARINA,ARVOREDO,interior,6
2026,7,BAHIA,VARZEA NOVA,interior,6
2026,7,SANTA CATARINA,ATALANTA,interior,6
2026,7,MATO GROSSO,ALTO TAQUARI,interior,6
2026,7,GOIAS,CRISTIANOPOLIS,interior,6
2026,7,CEARA,NOVA OLINDA,interior,6
2026,7,PARANA,SAUDADE DO IGUACU,interior,6
2026,7,MATO GROSSO DO SUL,DOIS IRMAOS DO BURITI,interior,6
2026,7,MINAS GERAIS,SAO PEDRO DOS FERROS,interior,6
2026,7,RIO GRANDE DO SUL,ILOPOLIS,interior,6
2026,7,SANTA CATARINA,ANCHIETA,interior,6
2026,7,CEARA,PENAFORTE,interior,6
2026,7,RIO GRANDE DO SUL,SANTO ANTONIO DO PALMA,interior,6
2026,7,AMAPA,OIAPOQUE,interior,6
2026,7,PARANA,KALORE,interior,6
2026,7,PIAUI,BURITI DOS LOPES,interior,6
2026,7,ALAGOAS,ANADIA,interior,6
2026,7,GOIAS,PLANALTINA,interior,6
2026,7,MINAS GERAIS,CAMBUQUIRA,interior,6
2026,7,CEARA,MAURITI,interior,6
2026,7,RIO GRANDE DO SUL,BOQUEIRAO DO LEAO,interior,6
2026,7,GOIAS,GOIANDIRA,interior,6
2026,7,GOIAS,BURITI DE GOIAS,interior,6
2026,7,SAO PAULO,CANAS,interior,6
2026,7,MATO GROSSO DO SUL,PARAISO DAS AGUAS,interior,6
2026,7,RIO GRANDE DO SUL,CASEIROS,interior,6
2026,7,MINAS GERAIS,ILICINEA,interior,6
2026,7,GOIAS,SERRANOPOLIS,interior,6
2026,7,RIO GRANDE DO NORTE,PENDENCIAS,interior,6
2026,7,RIO GRANDE DO SUL,BARROS CASSAL,interior,6
2026,7,PERNAMBUCO,SANTA MARIA DO CAMBUCA,interior,6
2026,7,MINAS GERAIS,URUCANIA,interior,6
2026,7,SERGIPE,CARMOPOLIS,interior,6
2026,7,PARA,SAO GERALDO DO ARAGUAIA,interior,6
2026,7,PARAIBA,CONCEICAO,interior,6
2026,7,BAHIA,ARACATU,interior,6
2026,7,BAHIA,VARZEDO,interior,6
2026,7,RIO GRANDE DO SUL,COTIPORA,interior,6
2026,7,SAO PAULO,TACIBA,interior,6
2026,7,ESPIRITO SANTO,DIVINO DE SAO LOURENCO,interior,6
2026,7,SAO PAULO,ALAMBARI,interior,6
2026,7,SANTA CATARINA,PLANALTO ALEGRE,interior,6
2026,7,SANTA CATARINA,PRESIDENTE NEREU,interior,6
2026,7,SANTA CATARINA,MAJOR VIEIRA,interior,6
2026,7,SAO PAULO,ITIRAPUA,interior,6
2026,7,BAHIA,PRESIDENTE TANCREDO NEVES,interior,6
2026,7,RIO GRANDE DO NORTE,BREJINHO,interior,6
2026,7,MINAS GERAIS,TAPIRA,interior,6
2026,7,RIO GRANDE DO SUL,POCO DAS ANTAS,interior,6
2026,7,SANTA CATARINA,BELA VISTA DO TOLDO,interior,6
2026,7,MINAS GERAIS,RECREIO,interior,6
2026,7,SERGIPE,SANTO AMARO DAS BROTAS,interior,6
2026,7,PIAUI,DOM EXPEDITO LOPES,interior,6
2026,7,MATO GROSSO DO SUL,VICENTINA,interior,6
2026,7,ALAGOAS,IGREJA NOVA,interior,6
2026,7,SAO PAULO,GLICERIO,interior,6
2026,7,CEARA,BANABUIU,interior,6
2026,7,PARA,MARAPANIM,interior,6
2026,7,MATO GROSSO DO SUL,ELDORADO,interior,6
2026,7,BAHIA,IBIRATAIA,interior,6
2026,7,BAHIA,JIQUIRICA,interior,6
2026,7,PARANA,RANCHO ALEGRE D'OESTE,interior,6
2026,7,CEARA,TAMBORIL,interior,6
2026,7,RONDONIA,CHUPINGUAIA,interior,6
2026,7,MATO GROSSO,ITANHANGA,interior,6
2026,7,SAO PAULO,ARANDU,interior,6
2026,7,MINAS GERAIS,BALDIM,interior,6
2026,7,RIO GRANDE DO SUL,SAO JOSE DO OURO,interior,6
2026,7,BAHIA,QUEIMADAS,interior,6
2026,7,SANTA CATARINA,TUNAPOLIS,interior,6
2026,7,SAO PAULO,LAVINIA,interior,6
2026,7,RIO GRANDE DO SUL,PARAISO DO SUL,interior,6
2026,7,RONDONIA,MACHADINHO D'OESTE,interior,6
2026,7,MINAS GERAIS,BOTELHOS,interior,6
2026,7,PIAUI,CANTO DO BURITI,interior,6
2026,7,BAHIA,BARROCAS,interior,6
2026,7,GOIAS,OURO VERDE DE GOIAS,interior,6
2026,7,PARAIBA,TRIUNFO,interior,6
2026,7,AMAPA,LARANJAL DO JARI,interior,6
2026,7,MARANHAO,SAO JOAO DOS PATOS,interior,6
2026,7,SERGIPE,SALGADO,interior,6
2026,7,PARANA,BOA VISTA DA APARECIDA,interior,6
2026,7,RONDONIA,ALTO PARAISO,interior,6
2026,7,SAO PAULO,EMILIANOPOLIS,interior,6
2026,7,ALAGOAS,OURO BRANCO,interior,6
2026,7,SANTA CATARINA,PERITIBA,interior,6
2026,7,RONDONIA,CORUMBIARA,interior,6
2026,7,PERNAMBUCO,FLORESTA,interior,6
2026,7,RIO GRANDE DO SUL,BOA VISTA DAS MISSOES,interior,6
2026,7,SAO PAULO,MONTE CASTELO,interior,6
2026,7,SANTA CATARINA,SANTA TEREZINHA,interior,6
2026,7,ALAGOAS,INHAPI,interior,6
2026,7,SAO PAULO,ARIRANHA,interior,6
2026,7,BAHIA,RIO DE CONTAS,interior,6
2026,7,BAHIA,LICINIO DE ALMEIDA,interior,6
2026,7,BAHIA,ANGUERA,interior,6
2026,7,RIO GRANDE DO SUL,CAMARGO,interior,6
2026,7,RONDONIA,ALVORADA D'OESTE,interior,6
2026,7,MARANHAO,GONCALVES DIAS,interior,6
2026,7,MINAS GERAIS,PRADOS,interior,6
2026,7,PARA,SANTA LUZIA DO PARA,interior,6
2026,7,GOIAS,CAMPOS BELOS,interior,6
2026,7,PARANA,LUNARDELLI,interior,6
2026,7,MINAS GERAIS,CALDAS,interior,6
2026,7,RIO GRANDE DO SUL,NOVA PALMA,interior,6
2026,7,RIO GRANDE DO SUL,CAPIVARI DO SUL,interior,6
2026,7,RIO GRANDE DO NORTE,SAO VICENTE,interior,6
2026,7,RIO GRANDE DO SUL,MACHADINHO,interior,6
2026,7,SANTA CATARINA,SALTO VELOSO,interior,6
2026,7,RIO GRANDE DO SUL,JAGUARI,interior,6
2026,7,PERNAMBUCO,ALTINHO,interior,6
2026,7,MATO GROSSO DO SUL,NIOAQUE,interior,6
2026,7,SANTA CATARINA,VITOR MEIRELES,interior,6
2026,7,ALAGOAS,CAMPO GRANDE,interior,6
2026,7,MINAS GERAIS,ITUETA,interior,6
2026,7,SERGIPE,SAO DOMINGOS,interior,6
2026,7,RIO GRANDE DO SUL,AUGUSTO PESTANA,interior,6
2026,7,PARANA,ITAMBE,interior,6
2026,7,PERNAMBUCO,GAMELEIRA,interior,6
2026,7,BAHIA,OUROLANDIA,interior,6
2026,7,PIAUI,CAPITAO DE CAMPOS,interior,6
2026,7,RIO GRANDE DO NORTE,CRUZETA,interior,6
2026,7,MINAS GERAIS,IRAI DE MINAS,interior,6
2026,7,SAO PAULO,BURITIZAL,interior,6
2026,7,BAHIA,CAFARNAUM,interior,6
2026,7,PARA,PONTA DE PEDRAS,interior,6
2026,7,BAHIA,SANTA LUZIA,interior,6
2026,7,SAO PAULO,PEDRO DE TOLEDO,interior,6
2026,7,RIO GRANDE DO SUL,AUREA,interior,6
2026,7,MINAS GERAIS,NOVO CRUZEIRO,interior,6
2026,7,PIAUI,CORRENTE,interior,6
2026,7,PARANA,RONDON,interior,6
2026,7,SAO PAULO,CANDIDO RODRIGUES,interior,6
2026,7,BAHIA,PE DE SERRA,interior,6
2026,7,MARANHAO,SANTA HELENA,interior,6
2026,7,PARAIBA,JERICO,interior,6
2026,7,MINAS GERAIS,MAR DE ESPANHA,interior,6
2026,7,PARAIBA,PUXINANA,interior,6
2026,7,GOIAS,ALVORADA DO NORTE,interior,6
2026,7,RIO GRANDE DO SUL,CAICARA,interior,5
2026,7,SAO PAULO,BENTO DE ABREU,interior,5
2026,7,BAHIA,RETIROLANDIA,interior,5
2026,7,PARANA,DOUTOR CAMARGO,interior,5
2026,7,RIO GRANDE DO SUL,FORMIGUEIRO,interior,5
2026,7,MINAS GERAIS,ALTO JEQUITIBA,interior,5
2026,7,MINAS GERAIS,COQUEIRAL,interior,5
2026,7,PARAIBA,ALAGOA NOVA,interior,5
2026,7,SAO PAULO,ALFREDO MARCONDES,interior,5
2026,7,SANTA CATARINA,SAO BONIFACIO,interior,5
2026,7,MINAS GERAIS,SANTA ROSA DA SERRA,interior,5
2026,7,MINAS GERAIS,GUARDA-MOR,interior,5
2026,7,PARAIBA,AGUIAR,interior,5
2026,7,PARANA,SAO JERONIMO DA SERRA,interior,5
2026,7,PARAIBA,TACIMA,interior,5
2026,7,RIO GRANDE DO NORTE,SERRA CAIADA,interior,5
2026,7,BAHIA,SANTA INES,interior,5
2026,7,SANTA CATARINA,TIMBE DO SUL,interior,5
2026,7,CEARA,CARIRIACU,interior,5
2026,7,SAO PAULO,COROADOS,interior,5
2026,7,MINAS GERAIS,FELIXLANDIA,interior,5
2026,7,PARAIBA,CACIMBA DE DENTRO,interior,5
2026,7,CEARA,IPAUMIRIM,interior,5
2026,7,MARANHAO,BACABEIRA,interior,5
2026,7,MARANHAO,TURIACU,interior,5
2026,7,PARA,SAO CAETANO DE ODIVELAS,interior,5
2026,7,PARANA,MARILUZ,interior,5
2026,7,SANTA CATARINA,BOM JESUS,interior,5
2026,7,SANTA CATARINA,VARGEM BONITA,interior,5
2026,7,PARA,SAO DOMINGOS DO ARAGUAIA,interior,5
2026,7,BAHIA,NORDESTINA,interior,5
2026,7,MARANHAO,BREJO,interior,5
2026,7,CEARA,REDENCAO,interior,5
2026,7,MARANHAO,SAO JOAO BATISTA,interior,5
2026,7,SAO PAULO,PALMARES PAULISTA,interior,5
2026,7,GOIAS,SANTA TEREZINHA DE GOIAS,interior,5
2026,7,PARANA,TAMARANA,interior,5
2026,7,PERNAMBUCO,DORMENTES,interior,5
2026,7,ALAGOAS,MARAVILHA,interior,5
2026,7,SERGIPE,FREI PAULO,interior,5
2026,7,ALAGOAS,ROTEIRO,interior,5
2026,7,GOIAS,BOM JARDIM DE GOIAS,interior,5
2026,7,TOCANTINS,FIGUEIROPOLIS,interior,5
2026,7,RIO GRANDE DO SUL,BOSSOROCA,interior,5
2026,7,PARANA,IRETAMA,interior,5
2026,7,PARA,RIO MARIA,interior,5
2026,7,PARAIBA,JACARAU,interior,5
2026,7,RIO GRANDE DO SUL,CRISTAL,interior,5
2026,7,PARANA,RENASCENCA,interior,5
2026,7,GOIAS,CAMPO ALEGRE DE GOIAS,interior,5
2026,7,ALAGOAS,SAO BRAS,interior,5
2026,7,SAO PAULO,SALTO GRANDE,interior,5
2026,7,PARA,MOJUI DOS CAMPOS,interior,5
2026,7,MINAS GERAIS,SAO VICENTE DE MINAS,interior,5
2026,7,MATO GROSSO,NOVO SAO JOAQUIM,interior,5
2026,7,BAHIA,IBIRAPITANGA,interior,5
2026,7,CEARA,JARDIM,interior,5
2026,7,BAHIA,ARAMARI,interior,5
2026,7,MINAS GERAIS,SAO SEBASTIAO DO OESTE,interior,5
2026,7,SANTA CATARINA,MONTE CARLO,interior,5
2026,7,AMAZONAS,NOVO AIRAO,interior,5
2026,7,RIO GRANDE DO NORTE,MARCELINO VIEIRA,interior,5
2026,7,BAHIA,RIO DO PIRES,interior,5
2026,7,GOIAS,MOSSAMEDES,interior,5
2026,7,BAHIA,SANTANA,interior,5
2026,7,BAHIA,CENTRAL,interior,5
2026,7,MINAS GERAIS,SANTANA DO MANHUACU,interior,5
2026,7,PIAUI,MONSENHOR GIL,interior,5
2026,7,TOCANTINS,NOVA OLINDA,interior,5
2026,7,MATO GROSSO DO SUL,SANTA RITA DO PARDO,interior,5
2026,7,RIO GRANDE DO NORTE,BOM JESUS,interior,5
2026,7,RIO GRANDE DO NORTE,RODOLFO FERNANDES,interior,5
2026,7,MINAS GERAIS,BELO VALE,interior,5
2026,7,SAO PAULO,TAIACU,interior,5
2026,7,SAO PAULO,LUIZIANIA,interior,5
2026,7,RIO GRANDE DO SUL,SAO JOSE DO INHACORA,interior,5
2026,7,RIO GRANDE DO SUL,ACEGUA,interior,5
2026,7,PARAIBA,JUAREZ TAVORA,interior,5
2026,7,MINAS GERAIS,BOM JESUS DA PENHA,interior,5
2026,7,SANTA CATARINA,ALTO BELA VISTA,interior,5
2026,7,SAO PAULO,CATIGUA,interior,5
2026,7,ALAGOAS,AGUA BRANCA,interior,5
2026,7,GOIAS,RIANAPOLIS,interior,5
2026,7,ALAGOAS,PASSO DE CAMARAGIBE,interior,5
2026,7,SAO PAULO,RIBEIRAO DO SUL,interior,5
2026,7,PIAUI,LUZILANDIA,interior,5
2026,7,SAO PAULO,INDIANA,interior,5
2026,7,ALAGOAS,JEQUIA DA PRAIA,interior,5
2026,7,SERGIPE,MALHADOR,interior,5
2026,7,GOIAS,INACIOLANDIA,interior,5
2026,7,MARANHAO,TRIZIDELA DO VALE,interior,5
2026,7,BAHIA,SAO MIGUEL DAS MATAS,interior,5
2026,7,PARANA,JUSSARA,interior,5
2026,7,PERNAMBUCO,QUIPAPA,interior,5
2026,7,RIO GRANDE DO SUL,AJURICABA,interior,5
2026,7,SAO PAULO,TORRE DE PEDRA,interior,5
2026,7,MINAS GERAIS,SENHORA DE OLIVEIRA,interior,5
2026,7,MINAS GERAIS,CORREGO FUNDO,interior,5
2026,7,MINAS GERAIS,CABO VERDE,interior,5
2026,7,MATO GROSSO,CARLINDA,interior,5
2026,7,BAHIA,FATIMA,interior,5
2026,7,GOIAS,BRAZABRANTES,interior,5
2026,7,RIO GRANDE DO NORTE,RIACHUELO,interior,5
2026,7,RIO GRANDE DO SUL,SALDANHA MARINHO,interior,5
2026,7,RIO GRANDE DO NORTE,MAXARANGUAPE,interior,5
2026,7,MATO GROSSO,SALTO DO CEU,interior,5
2026,7,SAO PAULO,TAPIRATIBA,interior,5
2026,7,PARANA,NOVA LARANJEIRAS,interior,5
2026,7,PARAIBA,SOLEDADE,interior,5
2026,7,ALAGOAS,CAPELA,interior,5
2026,7,RIO GRANDE DO SUL,RONDINHA,interior,5
2026,7,SERGIPE,AQUIDABA,interior,5
2026,7,RIO GRANDE DO SUL,GLORINHA,interior,5
2026,7,PARANA,GUAMIRANGA,interior,5
2026,7,MINAS GERAIS,CORINTO,interior,5
2026,7,GOIAS,CROMINIA,interior,5
2026,7,RIO GRANDE DO SUL,BROCHIER,interior,5
2026,7,MINAS GERAIS,CIPOTANEA,interior,5
2026,7,MINAS GERAIS,PEDRALVA,interior,5
2026,7,MATO GROSSO DO SUL,SETE QUEDAS,interior,5
2026,7,MINAS GERAIS,LARANJAL,interior,5
2026,7,PIAUI,COCAL,interior,5
2026,7,MINAS GERAIS,JAIBA,interior,5
2026,7,MARANHAO,PERITORO,interior,5
2026,7,RIO GRANDE DO SUL,TRINDADE DO SUL,interior,5
2026,7,CEARA,CEDRO,interior,5
2026,7,ESPIRITO SANTO,ALTO RIO NOVO,interior,5
2026,7,CEARA,MONSENHOR TABOSA,interior,5
2026,7,PARANA,IPIRANGA,interior,5
2026,7,PIAUI,ANISIO DE ABREU,interior,5
2026,7,SANTA CATARINA,VIDAL RAMOS,interior,5
2026,7,MINAS GERAIS,IGUATAMA,interior,5
2026,7,PARANA,NOVA SANTA BARBARA,interior,5
2026,7,SAO PAULO,CAMPINA DO MONTE ALEGRE,interior,5
2026,7,MINAS GERAIS,CURRAL DE DENTRO,interior,5
2026,7,MARANHAO,LAGO DO JUNCO,interior,5
2026,7,RIO GRANDE DO SUL,SAO PAULO DAS MISSOES,interior,5
2026,7,RIO GRANDE DO SUL,CACEQUI,interior,5
2026,7,RONDONIA,SAO FELIPE D'OESTE,interior,5
2026,7,PERNAMBUCO,AGUA PRETA,interior,5
2026,7,SANTA CATARINA,MAREMA,interior,5
2026,7,BAHIA,CAIRU,interior,5
2026,7,SAO PAULO,SEBASTIANOPOLIS DO SUL,interior,5
2026,7,BAHIA,NOVA CANAA,interior,5
2026,7,PARAIBA,LAGOA,interior,5
2026,7,GOIAS,NOVO BRASIL,interior,5
2026,7,MATO GROSSO DO SUL,ALCINOPOLIS,interior,5
2026,7,SAO PAULO,PLANALTO,interior,5
2026,7,MINAS GERAIS,DOM SILVERIO,interior,5
2026,7,RIO GRANDE DO SUL,PORTO LUCENA,interior,5
2026,7,SAO PAULO,TRES FRONTEIRAS,interior,5
2026,7,RIO DE JANEIRO,TRAJANO DE MORAIS,interior,5
2026,7,MARANHAO,IGARAPE DO MEIO,interior,5
2026,7,RIO GRANDE DO SUL,SAO JORGE,interior,5
2026,7,GOIAS,ITAJA,interior,5
2026,7,PARAIBA,PEDRA LAVRADA,interior,5
2026,7,PARAIBA,NOVA FLORESTA,interior,5
2026,7,PARANA,PINHALAO,interior,5
2026,7,GOIAS,SANTO ANTONIO DA BARRA,interior,5
2026,7,GOIAS,SANTA FE DE GOIAS,interior,5
2026,7,RIO GRANDE DO SUL,ERVAL SECO,interior,5
2026,7,AMAZONAS,ITAPIRANGA,interior,5
2026,7,RIO GRANDE DO NORTE,GUAMARE,interior,5
2026,7,PARANA,NOVA OLIMPIA,interior,5
2026,7,SAO PAULO,RINCAO,interior,5
2026,7,PIAUI,FRONTEIRAS,interior,5
2026,7,PARAIBA,JUAZEIRINHO,interior,5
2026,7,MINAS GERAIS,VIRGINIA,interior,5
2026,7,PARANA,BOM JESUS DO SUL,interior,5
2026,7,MINAS GERAIS,AIURUOCA,interior,5
2026,7,PIAUI,FRANCISCO SANTOS,interior,5
2026,7,MATO GROSSO,RIO BRANCO,interior,5
2026,7,BAHIA,PIRAI DO NORTE,interior,5
2026,7,RIO GRANDE DO SUL,BALNEARIO PINHAL,interior,5
2026,7,MINAS GERAIS,ALTO RIO DOCE,interior,5
2026,7,PARANA,TUNEIRAS DO OESTE,interior,5
2026,7,PARA,BRASIL NOVO,interior,5
2026,7,RIO GRANDE DO SUL,CAMPO NOVO,interior,5
2026,7,RIO GRANDE DO SUL,QUINZE DE NOVEMBRO,interior,5
2026,7,PIAUI,SIMPLICIO MENDES,interior,5
2026,7,PARA,NOVO PROGRESSO,interior,5
2026,7,MARANHAO,BERNARDO DO MEARIM,interior,5
2026,7,CEARA,ACARAPE,interior,5
2026,7,MATO GROSSO,INDIAVAI,interior,5
2026,7,MINAS GERAIS,SANTANA DA VARGEM,interior,5
2026,7,PARA,IRITUIA,interior,5
2026,7,RIO GRANDE DO SUL,CAIBATE,interior,5
2026,7,MINAS GERAIS,SANTA MARIA DE ITABIRA,interior,5
2026,7,MATO GROSSO DO SUL,FIGUEIRAO,interior,5
2026,7,RIO GRANDE DO SUL,FORQUETINHA,interior,5
2026,7,SAO PAULO,SERRA AZUL,interior,5
2026,7,RIO GRANDE DO SUL,BOA VISTA DO SUL,interior,5
2026,7,PIAUI,CASTELO DO PIAUI,interior,5
2026,7,MINAS GERAIS,PALMA,interior,5
2026,7,MINAS GERAIS,COROACI,interior,5
2026,7,SAO PAULO,TAIUVA,interior,5
2026,7,BAHIA,SANTA BRIGIDA,interior,5
2026,7,ALAGOAS,BELEM,interior,5
2026,7,CEARA,PENTECOSTE,interior,5
2026,7,PARANA,RIO BRANCO DO IVAI,interior,5
2026,7,TOCANTINS,MIRANORTE,interior,5
2026,7,BAHIA,RIACHAO DAS NEVES,interior,5
2026,7,PERNAMBUCO,CUMARU,interior,5
2026,7,MINAS GERAIS,CRUZILIA,interior,5
2026,7,RIO GRANDE DO SUL,CAMPINAS DO SUL,interior,5
2026,7,BAHIA,IBIPITANGA,interior,5
2026,7,RIO GRANDE DO NORTE,LUCRECIA,interior,5
2026,7,PARANA,SAO PEDRO DO IVAI,interior,5
2026,7,PARAIBA,BONITO DE SANTA FE,interior,5
2026,7,CEARA,ITAICABA,interior,5
2026,7,SAO PAULO,ECHAPORA,interior,5
2026,7,CEARA,MILHA,interior,5
2026,7,PARANA,CURIUVA,interior,5
2026,7,MARANHAO,RIACHAO,interior,5
2026,7,SAO PAULO,PEDRINHAS PAULISTA,interior,5
2026,7,PARAIBA,BREJO DO CRUZ,interior,5
2026,7,RIO GRANDE DO SUL,CERRO GRANDE DO SUL,interior,5
2026,7,PARANA,MERCEDES,interior,5
2026,7,RONDONIA,SANTA LUZIA D'OESTE,interior,5
2026,7,PARANA,GUARACI,interior,5
2026,7,TOCANTINS,LAGOA DA CONFUSAO,interior,5
2026,7,RIO GRANDE DO NORTE,SANTANA DO MATOS,interior,5
2026,7,RORAIMA,BONFIM,interior,5
2026,7,RIO GRANDE DO SUL,BARAO DO TRIUNFO,interior,5
2026,7,CEARA,GENERAL SAMPAIO,interior,5
2026,7,RIO GRANDE DO SUL,ITATI,interior,5
2026,7,MINAS GERAIS,CONCEICAO DO RIO VERDE,interior,5
2026,7,PARANA,SAO MANOEL DO PARANA,interior,5
2026,7,SAO PAULO,NOVA LUZITANIA,interior,5
2026,7,MINAS GERAIS,LAGAMAR,interior,5
2026,7,SAO PAULO,INUBIA PAULISTA,interior,5
2026,7,RIO GRANDE DO NORTE,ITAU,interior,5
2026,7,BAHIA,RIO DO ANTONIO,interior,5
2026,7,MATO GROSSO,PONTAL DO ARAGUAIA,interior,5
2026,7,PERNAMBUCO,ANGELIM,interior,5
2026,7,MINAS GERAIS,BUENO BRANDAO,interior,5
2026,7,MINAS GERAIS,MARIA DA FE,interior,5
2026,7,GOIAS,TURVELANDIA,interior,5
2026,7,SANTA CATARINA,IPIRA,interior,5
2026,7,PARANA,ALTO PIQUIRI,interior,5
2026,7,RIO GRANDE DO SUL,MONTE BELO DO SUL,interior,5
2026,7,BAHIA,CORDEIROS,interior,5
2026,7,MINAS GERAIS,GUARACIAMA,interior,5
2026,7,MARANHAO,BACURI,interior,5
2026,7,MINAS GERAIS,CRISTINA,interior,5
2026,7,SAO PAULO,MIRASSOLANDIA,interior,5
2026,7,MINAS GERAIS,ITAMBACURI,interior,5
2026,7,MARANHAO,SANTO ANTONIO DOS LOPES,interior,5
2026,7,RIO GRANDE DO SUL,PORTO MAUA,interior,5
2026,7,RIO GRANDE DO SUL,MORRINHOS DO SUL,interior,5
2026,7,SAO PAULO,ZACARIAS,interior,5
2026,7,PARA,BUJARU,interior,5
2026,7,MINAS GERAIS,PAULA CANDIDO,interior,4
2026,7,PARANA,SAO JOAO DO CAIUA,interior,4
2026,7,SAO PAULO,ALTO ALEGRE,interior,4
2026,7,PARA,SOURE,interior,4
2026,7,PARANA,ITAGUAJE,interior,4
2026,7,PARAIBA,ARARA,interior,4
2026,7,MINAS GERAIS,SENADOR AMARAL,interior,4
2026,7,SAO PAULO,DOLCINOPOLIS,interior,4
2026,7,CEARA,IBICUITINGA,interior,4
2026,7,RIO GRANDE DO SUL,NOVA ARACA,interior,4
2026,7,MATO GROSSO DO SUL,BODOQUENA,interior,4
2026,7,GOIAS,ITAGUARI,interior,4
2026,7,PARANA,TURVO,interior,4
2026,7,PERNAMBUCO,TEREZINHA,interior,4
2026,7,BAHIA,TAPEROA,interior,4
2026,7,MINAS GERAIS,BOM REPOUSO,interior,4
2026,7,PARANA,PRESIDENTE CASTELO BRANCO,interior,4
2026,7,PARANA,IBEMA,interior,4
2026,7,PARANA,AMAPORA,interior,4
2026,7,CEARA,PIRES FERREIRA,interior,4
2026,7,MARANHAO,MARACACUME,interior,4
2026,7,CEARA,HIDROLANDIA,interior,4
2026,7,SANTA CATARINA,CAXAMBU DO SUL,interior,4
2026,7,MINAS GERAIS,IMBE DE MINAS,interior,4
2026,7,PARANA,JURANDA,interior,4
2026,7,RIO GRANDE DO SUL,ALTO FELIZ,interior,4
2026,7,GOIAS,AVELINOPOLIS,interior,4
2026,7,BAHIA,TANQUINHO,interior,4
2026,7,PIAUI,JAICOS,interior,4
2026,7,RONDONIA,URUPA,interior,4
2026,7,MINAS GERAIS,DORES DO INDAIA,interior,4
2026,7,MARANHAO,ARAIOSES,interior,4
2026,7,MATO GROSSO,CONQUISTA D'OESTE,interior,4
2026,7,MATO GROSSO,PORTO ESTRELA,interior,4
2026,7,ALAGOAS,FELIZ DESERTO,interior,4
2026,7,PIAUI,SANTA CRUZ DO PIAUI,interior,4
2026,7,BAHIA,POTIRAGUA,interior,4
2026,7,RIO GRANDE DO SUL,SANTO ANTONIO DAS MISSOES,interior,4
2026,7,MINAS GERAIS,JEQUERI,interior,4
2026,7,RIO GRANDE DO NORTE,BOA SAUDE,interior,4
2026,7,GOIAS,ITAPIRAPUA,interior,4
2026,7,MINAS GERAIS,PECANHA,interior,4
2026,7,MARANHAO,BOM JESUS DAS SELVAS,interior,4
2026,7,MARANHAO,CAJARI,interior,4
2026,7,CEARA,PALHANO,interior,4
2026,7,SAO PAULO,SAO FRANCISCO,interior,4
2026,7,PERNAMBUCO,CALUMBI,interior,4
2026,7,RIO GRANDE DO SUL,MANOEL VIANA,interior,4
2026,7,SAO PAULO,ALVINLANDIA,interior,4
2026,7,MINAS GERAIS,GONCALVES,interior,4
2026,7,MATO GROSSO,DENISE,interior,4
2026,7,MINAS GERAIS,BOM SUCESSO,interior,4
2026,7,SANTA CATARINA,RIO DAS ANTAS,interior,4
2026,7,SAO PAULO,CAMPOS NOVOS PAULISTA,interior,4
2026,7,BAHIA,JANDAIRA,interior,4
2026,7,MATO GROSSO,NOVA BRASILANDIA,interior,4
2026,7,SAO PAULO,NOVA INDEPENDENCIA,interior,4
2026,7,SAO PAULO,FLOREAL,interior,4
2026,7,GOIAS,EDEALINA,interior,4
2026,7,PERNAMBUCO,LAGOA DO OURO,interior,4
2026,7,ALAGOAS,COLONIA LEOPOLDINA,interior,4
2026,7,GOIAS,MARZAGAO,interior,4
2026,7,PERNAMBUCO,PRIMAVERA,interior,4
2026,7,PARANA,LEOPOLIS,interior,4
2026,7,MINAS GERAIS,IGARATINGA,interior,4
2026,7,PARAIBA,CAICARA,interior,4
2026,7,TOCANTINS,XAMBIOA,interior,4
2026,7,MARANHAO,SAO LUIS GONZAGA DO MARANHAO,interior,4
2026,7,PARANA,DIAMANTE D'OESTE,interior,4
2026,7,RIO GRANDE DO SUL,RIOZINHO,interior,4
2026,7,MINAS GERAIS,GOUVEIA,interior,4
2026,7,PARANA,NOSSA SENHORA DAS GRACAS,interior,4
2026,7,SANTA CATARINA,ANGELINA,interior,4
2026,7,RIO GRANDE DO SUL,BOM JESUS,interior,4
2026,7,SAO PAULO,ARAMINA,interior,4
2026,7,RIO GRANDE DO SUL,MIRAGUAI,interior,4
2026,7,SAO PAULO,GUAIMBE,interior,4
2026,7,MINAS GERAIS,MARTINS SOARES,interior,4
2026,7,MARANHAO,PERI MIRIM,interior,4
2026,7,PARAIBA,JUNCO DO SERIDO,interior,4
2026,7,MINAS GERAIS,INHAUMA,interior,4
2026,7,GOIAS,JANDAIA,interior,4
2026,7,RIO GRANDE DO SUL,FAZENDA VILANOVA,interior,4
2026,7,BAHIA,SATIRO DIAS,interior,4
2026,7,BAHIA,MASCOTE,interior,4
2026,7,TOCANTINS,ARRAIAS,interior,4
2026,7,CEARA,CHOROZINHO,interior,4
2026,7,PARANA,LINDOESTE,interior,4
2026,7,SAO PAULO,JERIQUARA,interior,4
2026,7,MINAS GERAIS,ALAGOA,interior,4
2026,7,SANTA CATARINA,TREVISO,interior,4
2026,7,CEARA,JAGUARIBARA,interior,4
2026,7,PARA,ALENQUER,interior,4
2026,7,RIO GRANDE DO SUL,NOVA CANDELARIA,interior,4
2026,7,PIAUI,CRISTINO CASTRO,interior,4
2026,7,MINAS GERAIS,CANAA,interior,4
2026,7,MARANHAO,BOM JARDIM,interior,4
2026,7,PARANA,ITAUNA DO SUL,interior,4
2026,7,RIO GRANDE DO SUL,BARRA FUNDA,interior,4
2026,7,RIO GRANDE DO SUL,DOM PEDRO DE ALCANTARA,interior,4
2026,7,MINAS GERAIS,IJACI,interior,4
2026,7,SAO PAULO,SARUTAIA,interior,4
2026,7,MINAS GERAIS,SERRANIA,interior,4
2026,7,PARAIBA,SERRA BRANCA,interior,4
2026,7,AMAZONAS,AUTAZES,interior,4
2026,7,MINAS GERAIS,DELFIM MOREIRA,interior,4
2026,7,PARANA,RONCADOR,interior,4
2026,7,MINAS GERAIS,AGUAS FORMOSAS,interior,4
2026,7,RIO GRANDE DO SUL,PINHEIRO MACHADO,interior,4
2026,7,SANTA CATARINA,ERVAL VELHO,interior,4
2026,7,MINAS GERAIS,REDUTO,interior,4
2026,7,SAO PAULO,AMERICO DE CAMPOS,interior,4
2026,7,SAO PAULO,BREJO ALEGRE,interior,4
2026,7,PARANA,PAULO FRONTIN,interior,4
2026,7,BAHIA,ACAJUTIBA,interior,4
2026,7,GOIAS,APARECIDA DO RIO DOCE,interior,4
2026,7,RIO GRANDE DO NORTE,TANGARA,interior,4
2026,7,BAHIA,TAPIRAMUTA,interior,4
2026,7,GOIAS,ORIZONA,interior,4
2026,7,PARAIBA,PILAR,interior,4
2026,7,MINAS GERAIS,IPUIUNA,interior,4
2026,7,BAHIA,AGUA FRIA,interior,4
2026,7,RIO GRANDE DO NORTE,ANTONIO MARTINS,interior,4
2026,7,MINAS GERAIS,TAQUARACU DE MINAS,interior,4
2026,7,PARA,OUREM,interior,4
2026,7,BAHIA,CHORROCHO,interior,4
2026,7,MATO GROSSO DO SUL,TAQUARUSSU,interior,4
2026,7,GOIAS,ARACU,interior,4
2026,7,RIO GRANDE DO SUL,TURUCU,interior,4
2026,7,SAO PAULO,SAO JOSE DO BARREIRO,interior,4
2026,7,MINAS GERAIS,ITAOBIM,interior,4
2026,7,TOCANTINS,MARIANOPOLIS DO TOCANTINS,interior,4
2026,7,SAO PAULO,PRESIDENTE ALVES,interior,4
2026,7,GOIAS,COCALZINHO DE GOIAS,interior,4
2026,7,PERNAMBUCO,LAGOA DOS GATOS,interior,4
2026,7,BAHIA,CAMPO ALEGRE DE LOURDES,interior,4
2026,7,BAHIA,BREJOES,interior,4
2026,7,SAO PAULO,SANDOVALINA,interior,4
2026,7,BAHIA,WENCESLAU GUIMARAES,interior,4
2026,7,CEARA,BARROQUINHA,interior,4
2026,7,GOIAS,CAMPESTRE DE GOIAS,interior,4
2026,7,SANTA CATARINA,SANTA HELENA,interior,4
2026,7,BAHIA,IBITITA,interior,4
2026,7,SANTA CATARINA,OURO VERDE,interior,4
2026,7,BAHIA,WAGNER,interior,4
2026,7,PARA,QUATIPURU,interior,4
2026,7,MINAS GERAIS,PIEDADE DE PONTE NOVA,interior,4
2026,7,MINAS GERAIS,FERVEDOURO,interior,4
2026,7,RIO GRANDE DO SUL,ESMERALDA,interior,4
2026,7,RIO GRANDE DO SUL,MONTAURI,interior,4
2026,7,GOIAS,CATURAI,interior,4
2026,7,PARANA,OURO VERDE DO OESTE,interior,4
2026,7,PARANA,BORRAZOPOLIS,interior,4
2026,7,RIO GRANDE DO NORTE,CAMPO REDONDO,interior,4
2026,7,RIO GRANDE DO SUL,LAVRAS DO SUL,interior,4
2026,7,RIO GRANDE DO SUL,SAO DOMINGOS DO SUL,interior,4
2026,7,PERNAMBUCO,VERTENTE DO LERIO,interior,4
2026,7,PARANA,SAO PEDRO DO PARANA,interior,4
2026,7,PERNAMBUCO,SAO BENEDITO DO SUL,interior,4
2026,7,MINAS GERAIS,MENDES PIMENTEL,interior,4
2026,7,RIO GRANDE DO SUL,DOM FELICIANO,interior,4
2026,7,MINAS GERAIS,INDIANOPOLIS,interior,4
2026,7,MINAS GERAIS,SANTA RITA DE MINAS,interior,4
2026,7,RONDONIA,MINISTRO ANDREAZZA,interior,4
2026,7,SANTA CATARINA,BANDEIRANTE,interior,4
2026,7,CEARA,PACUJA,interior,4
2026,7,MATO GROSSO,TABAPORA,interior,4
2026,7,BAHIA,IPUPIARA,interior,4
2026,7,MATO GROSSO DO SUL,ARAL MOREIRA,interior,4
2026,7,PARAIBA,DESTERRO,interior,4
2026,7,SAO PAULO,PONGAI,interior,4
2026,7,SANTA CATARINA,SAO JOSE DO CERRITO,interior,4
2026,7,BAHIA,CANARANA,interior,4
2026,7,MINAS GERAIS,LASSANCE,interior,4
2026,7,SAO PAULO,UBIRAJARA,interior,4
2026,7,RONDONIA,TEIXEIROPOLIS,interior,4
2026,7,SANTA CATARINA,SERRA ALTA,interior,4
2026,7,MINAS GERAIS,ANTONIO CARLOS,interior,4
2026,7,PARA,ULIANOPOLIS,interior,4
2026,7,MARANHAO,LORETO,interior,4
2026,7,BAHIA,UBATA,interior,4
2026,7,MINAS GERAIS,ITAIPE,interior,4
2026,7,BAHIA,ARATACA,interior,4
2026,7,BAHIA,ITIRUCU,interior,4
2026,7,RONDONIA,THEOBROMA,interior,4
2026,7,SANTA CATARINA,ERMO,interior,4
2026,7,RIO GRANDE DO SUL,JABOTICABA,interior,4
2026,7,SAO PAULO,RIBEIRAO GRANDE,interior,4
2026,7,MINAS GERAIS,ESTRELA DO SUL,interior,4
2026,7,RIO GRANDE DO NORTE,PILOES,interior,4
2026,7,BAHIA,JABORANDI,interior,4
2026,7,SANTA CATARINA,BRUNOPOLIS,interior,4
2026,7,PARA,ANAPU,interior,4
2026,7,PARA,IPIXUNA DO PARA,interior,4
2026,7,PARA,CURUCA,interior,4
2026,7,BAHIA,SAO DOMINGOS,interior,4
2026,7,PARANA,MARUMBI,interior,4
2026,7,MATO GROSSO DO SUL,ROCHEDO,interior,4
2026,7,TOCANTINS,ARAGUANA,interior,4
2026,7,GOIAS,BRITANIA,interior,4
2026,7,RONDONIA,CUJUBIM,interior,4
2026,7,PARA,VITORIA DO XINGU,interior,4
2026,7,MARANHAO,AMARANTE DO MARANHAO,interior,4
2026,7,RIO GRANDE DO SUL,CORONEL BARROS,interior,4
2026,7,BAHIA,PALMAS DE MONTE ALTO,interior,4
2026,7,SAO PAULO,APARECIDA D'OESTE,interior,4
2026,7,GOIAS,GAMELEIRA DE GOIAS,interior,4
2026,7,PERNAMBUCO,ITAIBA,interior,4
2026,7,PARA,PEIXE-BOI,interior,4
2026,7,BAHIA,UNA,interior,4
2026,7,PERNAMBUCO,CEDRO,interior,4
2026,7,PARANA,INDIANOPOLIS,interior,4
2026,7,MATO GROSSO,SAO PEDRO DA CIPA,interior,4
2026,7,AMAZONAS,LABREA,interior,4
2026,7,GOIAS,VARJAO,interior,4
2026,7,PARAIBA,FAGUNDES,interior,4
2026,7,BAHIA,DOM BASILIO,interior,4
2026,7,MINAS GERAIS,CONQUISTA,interior,4
2026,7,MATO GROSSO DO SUL,ANGELICA,interior,4
2026,7,BAHIA,ITATIM,interior,4
2026,7,PARANA,QUERENCIA DO NORTE,interior,4
2026,7,RIO GRANDE DO NORTE,LAGOA NOVA,interior,4
2026,7,MARANHAO,SAO PEDRO DA AGUA BRANCA,interior,4
2026,7,MARANHAO,SUCUPIRA DO NORTE,interior,4
2026,7,SERGIPE,CEDRO DE SAO JOAO,interior,4
2026,7,MARANHAO,CEDRAL,interior,4
2026,7,MINAS GERAIS,NOVA PORTEIRINHA,interior,4
2026,7,MINAS GERAIS,CAPIM BRANCO,interior,4
2026,7,PIAUI,GEMINIANO,interior,4
2026,7,MARANHAO,PARAIBANO,interior,4
2026,7,BAHIA,APORA,interior,4
2026,7,SAO PAULO,NOVA CAMPINA,interior,4
2026,7,MINAS GERAIS,DONA EUZEBIA,interior,4
2026,7,PARAIBA,CAAPORA,interior,4
2026,7,MINAS GERAIS,SANTA RITA DE CALDAS,interior,4
2026,7,RIO GRANDE DO SUL,SENTINELA DO SUL,interior,4
2026,7,RIO GRANDE DO SUL,CAMPESTRE DA SERRA,interior,4
2026,7,RIO GRANDE DO NORTE,CORONEL JOAO PESSOA,interior,4
2026,7,RIO GRANDE DO SUL,ALEGRIA,interior,4
2026,7,PARAIBA,ARACAGI,interior,4
2026,7,RIO GRANDE DO SUL,VICTOR GRAEFF,interior,4
2026,7,BAHIA,ANDARAI,interior,4
2026,7,PARAIBA,RIACHAO DO BACAMARTE,interior,4
2026,7,RIO GRANDE DO SUL,TRES PALMEIRAS,interior,4
2026,7,PARAIBA,DONA INES,interior,4
2026,7,PARAIBA,AREIAL,interior,4
2026,7,PERNAMBUCO,SAO JOAQUIM DO MONTE,interior,4
2026,7,BAHIA,UAUA,interior,4
2026,7,MATO GROSSO DO SUL,ANAURILANDIA,interior,4
2026,7,MINAS GERAIS,SOLEDADE DE MINAS,interior,4
2026,7,PARAIBA,POCO DE JOSE DE MOURA,interior,4
2026,7,PARANA,SALGADO FILHO,interior,4
2026,7,BAHIA,IBITIARA,interior,4
2026,7,SANTA CATARINA,RIO DO CAMPO,interior,4
2026,7,PARANA,FOZ DO JORDAO,interior,4
2026,7,MINAS GERAIS,VERMELHO NOVO,interior,4
2026,7,SANTA CATARINA,AGUAS DE CHAPECO,interior,4
2026,7,RIO GRANDE DO NORTE,JOSE DA PENHA,interior,4
2026,7,MINAS GERAIS,SAO JOAO DO MANHUACU,interior,4
2026,7,MARANHAO,MATINHA,interior,4
2026,7,CEARA,OROS,interior,4
2026,7,MARANHAO,PARNARAMA,interior,4
2026,7,BAHIA,QUIJINGUE,interior,4
2026,7,GOIAS,ARAGUAPAZ,interior,4
2026,7,PERNAMBUCO,FREI MIGUELINHO,interior,4
2026,7,RIO GRANDE DO NORTE,IELMO MARINHO,interior,4
2026,7,SAO PAULO,SANTA ALBERTINA,interior,4
2026,7,RIO GRANDE DO SUL,GUARANI DAS MISSOES,interior,4
2026,7,RORAIMA,MUCAJAI,interior,4
2026,7,MINAS GERAIS,SERRO,interior,4
2026,7,PARANA,FLOR DA SERRA DO SUL,interior,4
2026,7,MINAS GERAIS,SABINOPOLIS,interior,4
2026,7,MINAS GERAIS,MATO VERDE,interior,4
2026,7,SAO PAULO,MURUTINGA DO SUL,interior,4
2026,7,MINAS GERAIS,BURITIS,interior,4
2026,7,BAHIA,LENCOIS,interior,4
2026,7,SANTA CATARINA,LACERDOPOLIS,interior,4
2026,7,BAHIA,SAO JOSE DO JACUIPE,interior,4
2026,7,MINAS GERAIS,CAPUTIRA,interior,4
2026,7,MINAS GERAIS,CACHOEIRA DE MINAS,interior,4
2026,7,PARA,MUANA,interior,4
2026,7,PARANA,TOMAZINA,interior,4
2026,7,MATO GROSSO,NOVA BANDEIRANTES,interior,4
2026,7,MATO GROSSO DO SUL,CORGUINHO,interior,4
2026,7,SAO PAULO,IBIRAREMA,interior,4
2026,7,GOIAS,NOVA GLORIA,interior,4
2026,7,MINAS GERAIS,FREI INOCENCIO,interior,4
2026,7,PIAUI,ELESBAO VELOSO,interior,4
2026,7,PARANA,TAPIRA,interior,4
2026,7,RIO GRANDE DO SUL,NOVO CABRAIS,interior,4
2026,7,PARAIBA,SAO MAMEDE,interior,4
2026,7,MATO GROSSO,SAO FELIX DO ARAGUAIA,interior,4
2026,7,SAO PAULO,NIPOA,interior,4
2026,7,RORAIMA,RORAINOPOLIS,interior,4
2026,7,GOIAS,URUTAI,interior,4
2026,7,GOIAS,SANTA CRUZ DE GOIAS,interior,4
2026,7,MINAS GERAIS,ITANHOMI,interior,4
2026,7,MINAS GERAIS,TOLEDO,interior,4
2026,7,SAO PAULO,VITORIA BRASIL,interior,4
2026,7,PIAUI,SAO JULIAO,interior,4
2026,7,MINAS GERAIS,SANTA CRUZ DE MINAS,interior,4
2026,7,RIO GRANDE DO NORTE,SAO BENTO DO TRAIRI,interior,4
2026,7,MINAS GERAIS,MADRE DE DEUS DE MINAS,interior,4
2026,7,MINAS GERAIS,BANDEIRA DO SUL,interior,4
2026,7,ALAGOAS,MATA GRANDE,interior,4
2026,7,SANTA CATARINA,MATOS COSTA,interior,4
2026,7,BAHIA,BANZAE,interior,4
2026,7,PARANA,BOA ESPERANCA DO IGUACU,interior,4
2026,7,GOIAS,SAO FRANCISCO DE GOIAS,interior,4
2026,7,RIO GRANDE DO SUL,IRAI,interior,4
2026,7,RONDONIA,CACAULANDIA,interior,4
2026,7,PARA,CACHOEIRA DO PIRIA,interior,4
2026,7,MARANHAO,LAGO VERDE,interior,4
2026,7,RIO GRANDE DO SUL,GRAMADO DOS LOUREIROS,interior,4
2026,7,PERNAMBUCO,CHA DE ALEGRIA,interior,4
2026,7,MINAS GERAIS,DELTA,interior,4
2026,7,PARANA,SAO JOSE DAS PALMEIRAS,interior,4
2026,7,BAHIA,ITUACU,interior,4
2026,7,SERGIPE,MACAMBIRA,interior,4
2026,7,MINAS GERAIS,RUBELITA,interior,4
2026,7,PARANA,SAO TOME,interior,4
2026,7,RIO GRANDE DO NORTE,LUIS GOMES,interior,4
2026,7,PERNAMBUCO,TRACUNHAEM,interior,4
2026,7,BAHIA,CAATIBA,interior,4
2026,7,PARANA,PEROBAL,interior,4
2026,7,PARANA,JABOTI,interior,4
2026,7,RIO GRANDE DO NORTE,SAO PEDRO,interior,3
2026,7,MINAS GERAIS,MACHACALIS,interior,3
2026,7,SERGIPE,GARARU,interior,3
2026,7,MATO GROSSO,SAO JOSE DO POVO,interior,3
2026,7,BAHIA,CARAVELAS,interior,3
2026,7,ACRE,MANOEL URBANO,interior,3
2026,7,PARANA,INACIO MARTINS,interior,3
2026,7,SANTA CATARINA,LINDOIA DO SUL,interior,3
2026,7,RIO GRANDE DO NORTE,CORONEL EZEQUIEL,interior,3
2026,7,BAHIA,ITAPICURU,interior,3
2026,7,RIO GRANDE DO SUL,ERNESTINA,interior,3
2026,7,PARAIBA,SERRARIA,interior,3
2026,7,SANTA CATARINA,PONTE ALTA,interior,3
2026,7,MINAS GERAIS,BRASILANDIA DE MINAS,interior,3
2026,7,SANTA CATARINA,MORRO GRANDE,interior,3
2026,7,MINAS GERAIS,CORONEL PACHECO,interior,3
2026,7,TOCANTINS,SANTA ROSA DO TOCANTINS,interior,3
2026,7,RIO GRANDE DO SUL,ALTO ALEGRE,interior,3
2026,7,RIO GRANDE DO NORTE,VILA FLOR,interior,3
2026,7,PARANA,CRUZ MACHADO,interior,3
2026,7,MINAS GERAIS,BARAO D0 MONTE ALTO,interior,3
2026,7,BAHIA,UMBURANAS,interior,3
2026,7,MINAS GERAIS,BOM JARDIM DE MINAS,interior,3
2026,7,TOCANTINS,TAGUATINGA,interior,3
2026,7,GOIAS,AMERICANO DO BRASIL,interior,3
2026,7,RIO GRANDE DO SUL,ALPESTRE,interior,3
2026,7,MINAS GERAIS,ARGIRITA,interior,3
2026,7,MATO GROSSO DO SUL,ANTONIO JOAO,interior,3
2026,7,SAO PAULO,SANTA CRUZ DA ESPERANCA,interior,3
2026,7,SAO PAULO,CORUMBATAI,interior,3
2026,7,PARA,SANTA BARBARA DO PARA,interior,3
2026,7,MARANHAO,BARAO DE GRAJAU,interior,3
2026,7,PARA,RUROPOLIS,interior,3
2026,7,SAO PAULO,IRAPURU,interior,3
2026,7,MINAS GERAIS,GOIANA,interior,3
2026,7,CEARA,FARIAS BRITO,interior,3
2026,7,RIO GRANDE DO NORTE,RAFAEL FERNANDES,interior,3
2026,7,MINAS GERAIS,PADRE PARAISO,interior,3
2026,7,RIO GRANDE DO NORTE,OURO BRANCO,interior,3
2026,7,ALAGOAS,JARAMATAIA,interior,3
2026,7,RORAIMA,CARACARAI,interior,3
2026,7,ACRE,XAPURI,interior,3
2026,7,ALAGOAS,QUEBRANGULO,interior,3
2026,7,SAO PAULO,ELISIARIO,interior,3
2026,7,MINAS GERAIS,MEDINA,interior,3
2026,7,MINAS GERAIS,CAPITAO ENEAS,interior,3
2026,7,PARANA,SANTA MARIA DO OESTE,interior,3
2026,7,ALAGOAS,IBATEGUARA,interior,3
2026,7,PARAIBA,SANTANA DOS GARROTES,interior,3
2026,7,PIAUI,ALEGRETE DO PIAUI,interior,3
2026,7,PARA,BELTERRA,interior,3
2026,7,MARANHAO,ANAPURUS,interior,3
2026,7,SAO PAULO,TAQUARAL,interior,3
2026,7,MATO GROSSO,VALE DE SAO DOMINGOS,interior,3
2026,7,RIO GRANDE DO SUL,ARAMBARE,interior,3
2026,7,BAHIA,WANDERLEY,interior,3
2026,7,MINAS GERAIS,PEDRINOPOLIS,interior,3
2026,7,MARANHAO,NOVA OLINDA DO MARANHAO,interior,3
2026,7,PIAUI,SAO MIGUEL DO TAPUIO,interior,3
2026,7,MINAS GERAIS,MEDEIROS,interior,3
2026,7,MINAS GERAIS,VARZELANDIA,interior,3
2026,7,GOIAS,JAUPACI,interior,3
2026,7,BAHIA,CORONEL JOAO SA,interior,3
2026,7,BAHIA,LAJEDAO,interior,3
2026,7,PARAIBA,AGUA BRANCA,interior,3
2026,7,RIO GRANDE DO NORTE,SAO TOME,interior,3
2026,7,BAHIA,CURACA,interior,3
2026,7,MATO GROSSO DO SUL,NOVO HORIZONTE DO SUL,interior,3
2026,7,BAHIA,ITAETE,interior,3
2026,7,SAO PAULO,CORONEL MACEDO,interior,3
2026,7,RIO GRANDE DO NORTE,GROSSOS,interior,3
2026,7,RIO GRANDE DO SUL,CENTENARIO,interior,3
2026,7,RIO GRANDE DO NORTE,SERRA NEGRA DO NORTE,interior,3
2026,7,ALAGOAS,DOIS RIACHOS,interior,3
2026,7,CEARA,MARTINOPOLE,interior,3
2026,7,SERGIPE,TOMAR DO GERU,interior,3
2026,7,MINAS GERAIS,VARJAO DE MINAS,interior,3
2026,7,PERNAMBUCO,INAJA,interior,3
2026,7,MARANHAO,BOM LUGAR,interior,3
2026,7,BAHIA,PONTO NOVO,interior,3
2026,7,PIAUI,BARRO DURO,interior,3
2026,7,CEARA,GRACA,interior,3
2026,7,RIO GRANDE DO SUL,DILERMANDO DE AGUIAR,interior,3
2026,7,PIAUI,ITAINOPOLIS,interior,3
2026,7,MATO GROSSO DO SUL,TACURU,interior,3
2026,7,BAHIA,PIRIPA,interior,3
2026,7,PIAUI,BAIXA GRANDE DO RIBEIRO,interior,3
2026,7,PIAUI,SAO JOAO DA FRONTEIRA,interior,3
2026,7,PARANA,ITAMBARACA,interior,3
2026,7,MARANHAO,ARAME,interior,3
2026,7,TOCANTINS,APARECIDA DO RIO NEGRO,interior,3
2026,7,SAO PAULO,INDIAPORA,interior,3
2026,7,RIO GRANDE DO SUL,PONTE PRETA,interior,3
2026,7,BAHIA,IGAPORA,interior,3
2026,7,MINAS GERAIS,NAQUE,interior,3
2026,7,BAHIA,BONINAL,interior,3
2026,7,RONDONIA,RIO CRESPO,interior,3
2026,7,MINAS GERAIS,ANTONIO DIAS,interior,3
2026,7,MINAS GERAIS,SANTA MARIA DO SUACUI,interior,3
2026,7,MARANHAO,MIRINZAL,interior,3
2026,7,SERGIPE,MALHADA DOS BOIS,interior,3
2026,7,RIO GRANDE DO SUL,DOIS IRMAOS DAS MISSOES,interior,3
2026,7,SAO PAULO,PEDRANOPOLIS,interior,3
2026,7,SERGIPE,PEDRINHAS,interior,3
2026,7,SAO PAULO,NOVAIS,interior,3
2026,7,PARANA,ABATIA,interior,3
2026,7,SAO PAULO,JUMIRIM,interior,3
2026,7,MARANHAO,AXIXA,interior,3
2026,7,MINAS GERAIS,MUNHOZ,interior,3
2026,7,MINAS GERAIS,SAO TIAGO,interior,3
2026,7,BAHIA,MANOEL VITORINO,interior,3
2026,7,MINAS GERAIS,TUMIRITINGA,interior,3
2026,7,RIO GRANDE DO SUL,MAXIMILIANO DE ALMEIDA,interior,3
2026,7,PIAUI,SUSSUAPARA,interior,3
2026,7,SAO PAULO,BARBOSA,interior,3
2026,7,PERNAMBUCO,JUREMA,interior,3
2026,7,RIO GRANDE DO SUL,VILA NOVA DO SUL,interior,3
2026,7,AMAPA,MAZAGAO,interior,3
2026,7,RIO GRANDE DO SUL,ITAPUCA,interior,3
2026,7,MINAS GERAIS,ESTIVA,interior,3
2026,7,RONDONIA,GOVERNADOR JORGE TEIXEIRA,interior,3
2026,7,TOCANTINS,MATEIROS,interior,3
2026,7,BAHIA,PINDAI,interior,3
2026,7,MINAS GERAIS,MONSENHOR PAULO,interior,3
2026,7,MINAS GERAIS,SAO PEDRO DA UNIAO,interior,3
2026,7,PIAUI,PORTO,interior,3
2026,7,SANTA CATARINA,ABDON BATISTA,interior,3
2026,7,PERNAMBUCO,SERRITA,interior,3
2026,7,CEARA,ALTANEIRA,interior,3
2026,7,PARAIBA,JURU,interior,3
2026,7,SAO PAULO,GASTAO VIDIGAL,interior,3
2026,7,RIO GRANDE DO SUL,IBARAMA,interior,3
2026,7,PERNAMBUCO,IATI,interior,3
2026,7,BAHIA,SERRA DO RAMALHO,interior,3
2026,7,RIO GRANDE DO NORTE,CAMPO GRANDE,interior,3
2026,7,PARANA,VIRMOND,interior,3
2026,7,PIAUI,MONTE ALEGRE DO PIAUI,interior,3
2026,7,SAO PAULO,URU,interior,3
2026,7,SANTA CATARINA,ARROIO TRINTA,interior,3
2026,7,PARAIBA,SANTA CRUZ,interior,3
2026,7,MATO GROSSO DO SUL,RIO NEGRO,interior,3
2026,7,PARANA,PORTO AMAZONAS,interior,3
2026,7,SANTA CATARINA,MAJOR GERCINO,interior,3
2026,7,BAHIA,PARATINGA,interior,3
2026,7,RIO GRANDE DO SUL,BARRA DO RIO AZUL,interior,3
2026,7,TOCANTINS,COLMEIA,interior,3
2026,7,BAHIA,IRAQUARA,interior,3
2026,7,RIO GRANDE DO SUL,LAGOA DOS TRES CANTOS,interior,3
2026,7,MARANHAO,SAO DOMINGOS DO AZEITAO,interior,3
2026,7,PERNAMBUCO,SAO JOAO,interior,3
2026,7,RIO GRANDE DO NORTE,EQUADOR,interior,3
2026,7,MINAS GERAIS,MINAS NOVAS,interior,3
2026,7,RIO GRANDE DO SUL,CAPITAO,interior,3
2026,7,MINAS GERAIS,JAPONVAR,interior,3
2026,7,PERNAMBUCO,BREJINHO,interior,3
2026,7,RIO GRANDE DO NORTE,FRUTUOSO GOMES,interior,3
2026,7,MINAS GERAIS,BONFIM,interior,3
2026,7,BAHIA,ANTONIO CARDOSO,interior,3
2026,7,MATO GROSSO,SANTO ANTONIO DO LESTE,interior,3
2026,7,MINAS GERAIS,ESPINOSA,interior,3
2026,7,BAHIA,UTINGA,interior,3
2026,7,BAHIA,AURELINO LEAL,interior,3
2026,7,MINAS GERAIS,VIRGOLANDIA,interior,3
2026,7,MINAS GERAIS,FORTUNA DE MINAS,interior,3
2026,7,GOIAS,NOVA IGUACU DE GOIAS,interior,3
2026,7,SAO PAULO,ESPIRITO SANTO DO TURVO,interior,3
2026,7,PARANA,NOVA ALIANCA DO IVAI,interior,3
2026,7,SAO PAULO,TEJUPA,interior,3
2026,7,PARANA,HONORIO SERPA,interior,3
2026,7,GOIAS,AURILANDIA,interior,3
2026,7,PARAIBA,CRUZ DO ESPIRITO SANTO,interior,3
2026,7,SAO PAULO,LUTECIA,interior,3
2026,7,RIO GRANDE DO SUL,SAO JOSE DOS AUSENTES,interior,3
2026,7,RIO GRANDE DO NORTE,LAJES,interior,3
2026,7,PARANA,JAPIRA,interior,3
2026,7,RIO GRANDE DO NORTE,BAIA FORMOSA,interior,3
2026,7,BAHIA,SALINAS DA MARGARIDA,interior,3
2026,7,BAHIA,ITAGI,interior,3
2026,7,PERNAMBUCO,TUPANATINGA,interior,3
2026,7,BAHIA,MARAU,interior,3
2026,7,BAHIA,CARAIBAS,interior,3
2026,7,RONDONIA,SERINGUEIRAS,interior,3
2026,7,PIAUI,NAZARIA,interior,3
2026,7,BAHIA,ITAGIMIRIM,interior,3
2026,7,MINAS GERAIS,BURITIZEIRO,interior,3
2026,7,CEARA,QUIXERE,interior,3
2026,7,MINAS GERAIS,CARLOS CHAGAS,interior,3
2026,7,RIO GRANDE DO SUL,SEGREDO,interior,3
2026,7,PARAIBA,BELEM DO BREJO DO CRUZ,interior,3
2026,7,SAO PAULO,FLORINEA,interior,3
2026,7,CEARA,CAPISTRANO,interior,3
2026,7,SERGIPE,MONTE ALEGRE DE SERGIPE,interior,3
2026,7,PARA,BAGRE,interior,3
2026,7,MINAS GERAIS,SAO JOAO DA PONTE,interior,3
2026,7,RIO GRANDE DO SUL,CORONEL BICACO,interior,3
2026,7,BAHIA,ARACAS,interior,3
2026,7,BAHIA,TEODORO SAMPAIO,interior,3
2026,7,MINAS GERAIS,SAO FRANCISCO DO GLORIA,interior,3
2026,7,MINAS GERAIS,ANDRELANDIA,interior,3
2026,7,GOIAS,ITAGUARU,interior,3
2026,7,MARANHAO,SAO BERNARDO,interior,3
2026,7,PERNAMBUCO,CAPOEIRAS,interior,3
2026,7,AMAPA,VITORIA DO JARI,interior,3
2026,7,MINAS GERAIS,CAJURI,interior,3
2026,7,SANTA CATARINA,JUPIA,interior,3
2026,7,RIO GRANDE DO NORTE,TRIUNFO POTIGUAR,interior,3
2026,7,GOIAS,CASTELANDIA,interior,3
2026,7,PARA,MARACANA,interior,3
2026,7,PARANA,ALTO PARAISO,interior,3
2026,7,PIAUI,ALAGOINHA DO PIAUI,interior,3
2026,7,MINAS GERAIS,CORONEL MURTA,interior,3
2026,7,MINAS GERAIS,CATAS ALTAS,interior,3
2026,7,MINAS GERAIS,PASSA TEMPO,interior,3
2026,7,GOIAS,ISRAELANDIA,interior,3
2026,7,RONDONIA,NOVO HORIZONTE DO OESTE,interior,3
2026,7,PARA,AUGUSTO CORREA,interior,3
2026,7,BAHIA,SOBRADINHO,interior,3
2026,7,RIO GRANDE DO SUL,BARRA DO GUARITA,interior,3
2026,7,BAHIA,IBIASSUCE,interior,3
2026,7,BAHIA,BARRO ALTO,interior,3
2026,7,RIO GRANDE DO NORTE,ENCANTO,interior,3
2026,7,PARANA,LUPIONOPOLIS,interior,3
2026,7,RIO GRANDE DO SUL,VALE DO SOL,interior,3
2026,7,RIO GRANDE DO NORTE,RIO DO FOGO,interior,3
2026,7,MARANHAO,IGARAPE GRANDE,interior,3
2026,7,PARANA,IRACEMA DO OESTE,interior,3
2026,7,PARAIBA,BOM SUCESSO,interior,3
2026,7,PERNAMBUCO,TERRA NOVA,interior,3
2026,7,BAHIA,PINDOBACU,interior,3
2026,7,CEARA,POTENGI,interior,3
2026,7,SAO PAULO,REDENCAO DA SERRA,interior,3
2026,7,PARAIBA,CUBATI,interior,3
2026,7,MINAS GERAIS,FAMA,interior,3
2026,7,PERNAMBUCO,SALOA,interior,3
2026,7,RONDONIA,VALE DO ANARI,interior,3
2026,7,SAO PAULO,ANHEMBI,interior,3
2026,7,BAHIA,TEOLANDIA,interior,3
2026,7,MINAS GERAIS,RIO DOCE,interior,3
2026,7,MINAS GERAIS,FERNANDES TOURINHO,interior,3
2026,7,BAHIA,CANUDOS,interior,3
2026,7,MATO GROSSO,COTRIGUACU,interior,3
2026,7,CEARA,ARATUBA,interior,3
2026,7,MINAS GERAIS,GONZAGA,interior,3
2026,7,SANTA CATARINA,CELSO RAMOS,interior,3
2026,7,MINAS GERAIS,SAPUCAI-MIRIM,interior,3
2026,7,MATO GROSSO,GENERAL CARNEIRO,interior,3
2026,7,MINAS GERAIS,CARVALHOPOLIS,interior,3
2026,7,RIO GRANDE DO NORTE,OLHO D'AGUA DO BORGES,interior,3
2026,7,PARAIBA,UMBUZEIRO,interior,3
2026,7,RIO GRANDE DO NORTE,TAIPU,interior,3
2026,7,SANTA CATARINA,BARRA BONITA,interior,3
2026,7,RIO GRANDE DO SUL,TRES ARROIOS,interior,3
2026,7,SAO PAULO,CANITAR,interior,3
2026,7,MINAS GERAIS,MINDURI,interior,3
2026,7,MINAS GERAIS,PORTO FIRME,interior,3
2026,7,BAHIA,OURICANGAS,interior,3
2026,7,SAO PAULO,TRABIJU,interior,3
2026,7,MINAS GERAIS,SAO SEBASTIAO DO ANTA,interior,3
2026,7,ACRE,BUJARI,interior,3
2026,7,PARANA,GUAIRACA,interior,3
2026,7,MARANHAO,MONTES ALTOS,interior,3
2026,7,PARANA,FRANCISCO ALVES,interior,3
2026,7,MINAS GERAIS,PERIQUITO,interior,3
2026,7,PARANA,SALTO DO ITARARE,interior,3
2026,7,GOIAS,PORTEIRAO,interior,3
2026,7,MINAS GERAIS,SAO FRANCISCO,interior,3
2026,7,MINAS GERAIS,ROSARIO DA LIMEIRA,interior,3
2026,7,MARANHAO,CURURUPU,interior,3
2026,7,BAHIA,ANTONIO GONCALVES,interior,3
2026,7,MATO GROSSO,BARAO DE MELGACO,interior,3
2026,7,RIO GRANDE DO SUL,CANDIDO GODOI,interior,3
2026,7,PARAIBA,SAO JOSE DO SABUGI,interior,3
2026,7,RIO GRANDE DO NORTE,LAGOA DANTA,interior,3
2026,7,MARANHAO,CARUTAPERA,interior,3
2026,7,MARANHAO,MIRADOR,interior,3
2026,7,MINAS GERAIS,AMPARO DA SERRA,interior,3
2026,7,RIO GRANDE DO SUL,MAMPITUBA,interior,3
2026,7,RIO GRANDE DO SUL,DERRUBADAS,interior,3
2026,7,PERNAMBUCO,PANELAS,interior,3
2026,7,MINAS GERAIS,CAMPO FLORIDO,interior,3
2026,7,MINAS GERAIS,TABULEIRO,interior,3
2026,7,BAHIA,SAO JOSE DA VITORIA,interior,3
2026,7,PARANA,IVATE,interior,3
2026,7,AMAZONAS,CAREIRO,interior,3
2026,7,PARANA,CAFEZAL DO SUL,interior,3
2026,7,SAO PAULO,GUZOLANDIA,interior,3
2026,7,AMAZONAS,MANICORE,interior,3
2026,7,RIO GRANDE DO SUL,SAO PEDRO DO BUTIA,interior,3
2026,7,BAHIA,QUIXABEIRA,interior,3
2026,7,SERGIPE,RIACHAO DO DANTAS,interior,3
2026,7,PARANA,BOA VENTURA DE SAO ROQUE,interior,3
2026,7,MINAS GERAIS,PIRANGA,interior,3
2026,7,MATO GROSSO,NOVO HORIZONTE DO NORTE,interior,3
2026,7,PERNAMBUCO,JATOBA,interior,3
2026,7,GOIAS,SAO MIGUEL DO PASSA QUATRO,interior,3
2026,7,SANTA CATARINA,GALVAO,interior,3
2026,7,PIAUI,SANTO ANTONIO DE LISBOA,interior,3
2026,7,PIAUI,MIGUEL ALVES,interior,3
2026,7,MINAS GERAIS,SAO FRANCISCO DE PAULA,interior,3
2026,7,RIO GRANDE DO SUL,PONTAO,interior,3
2026,7,BAHIA,PRESIDENTE JANIO QUADROS,interior,3
2026,7,SANTA CATARINA,LEOBERTO LEAL,interior,3
2026,7,PARAIBA,RIACHO DOS CAVALOS,interior,3
2026,7,RIO GRANDE DO SUL,SALVADOR DAS MISSOES,interior,3
2026,7,MINAS GERAIS,MONTALVANIA,interior,3
2026,7,MARANHAO,SAO VICENTE FERRER,interior,3
2026,7,ALAGOAS,MONTEIROPOLIS,interior,3
2026,7,MINAS GERAIS,QUARTEL GERAL,interior,3
2026,7,BAHIA,JUSSARA,interior,3
2026,7,MARANHAO,MATOES,interior,3
2026,7,SERGIPE,SIRIRI,interior,3
2026,7,RIO GRANDE DO SUL,NOVA ESPERANCA DO SUL,interior,3
2026,7,RONDONIA,NOVA UNIAO,interior,3
2026,7,GOIAS,FAZENDA NOVA,interior,3
2026,7,RIO GRANDE DO NORTE,FELIPE GUERRA,interior,3
2026,7,PARA,TRACUATEUA,interior,3
2026,7,CEARA,JATI,interior,3
2026,7,BAHIA,DOM MACEDO COSTA,interior,3
2026,7,BAHIA,TREMEDAL,interior,3
2026,7,MINAS GERAIS,DOM CAVATI,interior,3
2026,7,MINAS GERAIS,ABRE CAMPO,interior,3
2026,7,PARANA,JANIOPOLIS,interior,3
2026,7,MINAS GERAIS,CANTAGALO,interior,3
2026,7,MATO GROSSO,PLANALTO DA SERRA,interior,3
2026,7,MINAS GERAIS,JOAIMA,interior,3
2026,7,SERGIPE,ITABI,interior,3
2026,7,CEARA,ITAPIUNA,interior,3
2026,7,MARANHAO,CAPINZAL DO NORTE,interior,3
2026,7,SAO PAULO,MONTEIRO LOBATO,interior,3
2026,7,PIAUI,PIO IX,interior,3
2026,7,MINAS GERAIS,CARNEIRINHO,interior,3
2026,7,MARANHAO,PIRAPEMAS,interior,3
2026,7,BAHIA,BOQUIRA,interior,3
2026,7,GOIAS,MAMBAI,interior,3
2026,7,SAO PAULO,RUBIACEA,interior,3
2026,7,BAHIA,MAIQUINIQUE,interior,3
2026,7,MATO GROSSO,NOVO MUNDO,interior,3
2026,7,MINAS GERAIS,JESUANIA,interior,3
2026,7,SAO PAULO,BOREBI,interior,3
2026,7,RIO GRANDE DO SUL,VICENTE DUTRA,interior,3
2026,7,MINAS GERAIS,BARRA LONGA,interior,3
2026,7,CEARA,URUBURETAMA,interior,3
2026,7,BAHIA,RIBEIRA DO AMPARO,interior,3
2026,7,PARANA,FIGUEIRA,interior,3
2026,7,PARA,TERRA ALTA,interior,3
2026,7,PARA,BANNACH,interior,3
2026,7,RIO GRANDE DO NORTE,JAPI,interior,3
2026,7,PARANA,GUAPIRAMA,interior,3
2026,7,PERNAMBUCO,CAMUTANGA,interior,3
2026,7,PARAIBA,SAO JOAO DO CARIRI,interior,3
2026,7,BAHIA,NOVO HORIZONTE,interior,3
2026,7,MINAS GERAIS,SANTANA DO JACARE,interior,3
2026,7,MINAS GERAIS,LUISBURGO,interior,3
2026,7,MINAS GERAIS,PINGO D'AGUA,interior,3
2026,7,SERGIPE,ROSARIO DO CATETE,interior,3
2026,7,BAHIA,ITAPE,interior,3
2026,7,PIAUI,MARCOLANDIA,interior,3
2026,7,PERNAMBUCO,CALCADO,interior,3
2026,7,GOIAS,SANTA RITA DO ARAGUAIA,interior,3
2026,7,MARANHAO,TURILANDIA,interior,3
2026,7,BAHIA,APUAREMA,interior,3
2026,7,MINAS GERAIS,CORONEL XAVIER CHAVES,interior,3
2026,7,BAHIA,SENTO SE,interior,2
2026,7,PARANA,PARANAPOEMA,interior,2
2026,7,GOIAS,BONOPOLIS,interior,2
2026,7,PARANA,DIAMANTE DO NORTE,interior,2
2026,7,PARANA,SAO PEDRO DO IGUACU,interior,2
2026,7,RIO GRANDE DO SUL,IPIRANGA DO SUL,interior,2
2026,7,SANTA CATARINA,PAINEL,interior,2
2026,7,MINAS GERAIS,PEQUERI,interior,2
2026,7,PARA,CURRALINHO,interior,2
2026,7,PARANA,DIAMANTE DO SUL,interior,2
2026,7,BAHIA,MUNIZ FERREIRA,interior,2
2026,7,BAHIA,GUAJERU,interior,2
2026,7,BAHIA,PEDRO ALEXANDRE,interior,2
2026,7,SAO PAULO,NANTES,interior,2
2026,7,PARAIBA,TAPEROA,interior,2
2026,7,MINAS GERAIS,SAO SEBASTIAO DA BELA VISTA,interior,2
2026,7,TOCANTINS,ANGICO,interior,2
2026,7,TOCANTINS,SILVANOPOLIS,interior,2
2026,7,MINAS GERAIS,ITINGA,interior,2
2026,7,MINAS GERAIS,POCRANE,interior,2
2026,7,SANTA CATARINA,PONTE ALTA DO NORTE,interior,2
2026,7,RIO GRANDE DO SUL,SANTO EXPEDITO DO SUL,interior,2
2026,7,BAHIA,MILAGRES,interior,2
2026,7,GOIAS,ALTO PARAISO DE GOIAS,interior,2
2026,7,PIAUI,MONSENHOR HIPOLITO,interior,2
2026,7,GOIAS,MUNDO NOVO,interior,2
2026,7,RIO GRANDE DO SUL,CRUZALTENSE,interior,2
2026,7,TOCANTINS,FORMOSO DO ARAGUAIA,interior,2
2026,7,BAHIA,CORIBE,interior,2
2026,7,ALAGOAS,JACARE DOS HOMENS,interior,2
2026,7,RIO GRANDE DO NORTE,JANDUIS,interior,2
2026,7,RIO GRANDE DO SUL,SAO JOSE DO HERVAL,interior,2
2026,7,CEARA,DEPUTADO IRAPUAN PINHEIRO,interior,2
2026,7,MINAS GERAIS,FORTALEZA DE MINAS,interior,2
2026,7,MINAS GERAIS,CACHOEIRA DA PRATA,interior,2
2026,7,MINAS GERAIS,SERICITA,interior,2
2026,7,MATO GROSSO DO SUL,JUTI,interior,2
2026,7,GOIAS,CEZARINA,interior,2
2026,7,MINAS GERAIS,CORREGO NOVO,interior,2
2026,7,MINAS GERAIS,SAO JOSE DO ALEGRE,interior,2
2026,7,MARANHAO,PEDRO DO ROSARIO,interior,2
2026,7,TOCANTINS,PIUM,interior,2
2026,7,MINAS GERAIS,POTE,interior,2
2026,7,RIO GRANDE DO NORTE,CAICARA DO NORTE,interior,2
2026,7,GOIAS,ALTO HORIZONTE,interior,2
2026,7,AMAPA,TARTARUGALZINHO,interior,2
2026,7,PIAUI,COIVARAS,interior,2
2026,7,PARA,TRAIRAO,interior,2
2026,7,CEARA,UMIRIM,interior,2
2026,7,RIO GRANDE DO NORTE,RIACHO DA CRUZ,interior,2
2026,7,PIAUI,CAXINGO,interior,2
2026,7,RIO GRANDE DO SUL,LAGOA BONITA DO SUL,interior,2
2026,7,MINAS GERAIS,ALTO CAPARAO,interior,2
2026,7,MINAS GERAIS,SAO GONCALO DO ABAETE,interior,2
2026,7,MINAS GERAIS,PAULISTAS,interior,2
2026,7,RIO GRANDE DO NORTE,SERRINHA DOS PINTOS,interior,2
2026,7,GOIAS,SANTA TEREZA DE GOIAS,interior,2
2026,7,PARANA,RIO BONITO DO IGUACU,interior,2
2026,7,PIAUI,ANGICAL DO PIAUI,interior,2
2026,7,BAHIA,SAUDE,interior,2
2026,7,CEARA,CATARINA,interior,2
2026,7,BAHIA,BARRA DO MENDES,interior,2
2026,7,PARAIBA,SERTAOZINHO,interior,2
2026,7,PARANA,BOM SUCESSO DO SUL,interior,2
2026,7,MINAS GERAIS,CACHOEIRA DOURADA,interior,2
2026,7,ALAGOAS,BELO MONTE,interior,2
2026,7,SANTA CATARINA,MIRIM DOCE,interior,2
2026,7,PARAIBA,PILOES,interior,2
2026,7,MINAS GERAIS,EWBANK DA CAMARA,interior,2
2026,7,MINAS GERAIS,CONCEICAO DE IPANEMA,interior,2
2026,7,RIO GRANDE DO SUL,SANTO ANTONIO DO PLANALTO,interior,2
2026,7,MINAS GERAIS,ATALEIA,interior,2
2026,7,MINAS GERAIS,BELMIRO BRAGA,interior,2
2026,7,ALAGOAS,PARICONHA,interior,2
2026,7,MINAS GERAIS,ARAPUA,interior,2
2026,7,MARANHAO,ALDEIAS ALTAS,interior,2
2026,7,CEARA,PORTEIRAS,interior,2
2026,7,AMAZONAS,SILVES,interior,2
2026,7,CEARA,ASSARE,interior,2
2026,7,MARANHAO,BELA VISTA DO MARANHAO,interior,2
2026,7,ALAGOAS,NOVO LINO,interior,2
2026,7,RIO GRANDE DO NORTE,SANTA MARIA,interior,2
2026,7,CEARA,CARIUS,interior,2
2026,7,MINAS GERAIS,CONCEICAO DA BARRA DE MINAS,interior,2
2026,7,MINAS GERAIS,RIBEIRAO VERMELHO,interior,2
2026,7,GOIAS,CALDAZINHA,interior,2
2026,7,MINAS GERAIS,VIEIRAS,interior,2
2026,7,MINAS GERAIS,FERROS,interior,2
2026,7,CEARA,MADALENA,interior,2
2026,7,RORAIMA,PACARAIMA,interior,2
2026,7,PARANA,BRAGANEY,interior,2
2026,7,RIO GRANDE DO SUL,CORONEL PILAR,interior,2
2026,7,PARAIBA,TAVARES,interior,2
2026,7,PARANA,DOUTOR ULYSSES,interior,2
2026,7,PERNAMBUCO,CORTES,interior,2
2026,7,PIAUI,VARZEA GRANDE,interior,2
2026,7,RIO GRANDE DO SUL,GRAMADO XAVIER,interior,2
2026,7,SAO PAULO,MARINOPOLIS,interior,2
2026,7,MINAS GERAIS,ARAPORA,interior,2
2026,7,GOIAS,PEROLANDIA,interior,2
2026,7,MINAS GERAIS,JEQUITIBA,interior,2
2026,7,BAHIA,PILAO ARCADO,interior,2
2026,7,AMAZONAS,SANTA ISABEL DO RIO NEGRO,interior,2
2026,7,PARANA,ROSARIO DO IVAI,interior,2
2026,7,MATO GROSSO,RESERVA DO CABACAL,interior,2
2026,7,PARANA,CONSELHEIRO MAIRINCK,interior,2
2026,7,PARANA,CAMPINA DO SIMAO,interior,2
2026,7,GOIAS,PANAMA,interior,2
2026,7,PIAUI,OLHO D'AGUA DO PIAUI,interior,2
2026,7,PARANA,SANTA AMELIA,interior,2
2026,7,RIO GRANDE DO SUL,REDENTORA,interior,2
2026,7,PARANA,LUIZIANA,interior,2
2026,7,PARANA,NOVA TEBAS,interior,2
2026,7,MINAS GERAIS,MOEDA,interior,2
2026,7,ALAGOAS,SENADOR RUI PALMEIRA,interior,2
2026,7,SAO PAULO,CASSIA DOS COQUEIROS,interior,2
2026,7,SANTA CATARINA,RIO RUFINO,interior,2
2026,7,MINAS GERAIS,SETUBINHA,interior,2
2026,7,MINAS GERAIS,DIONISIO,interior,2
2026,7,RIO GRANDE DO SUL,TAVARES,interior,2
2026,7,PARAIBA,SANTA HELENA,interior,2
2026,7,SAO PAULO,MERIDIANO,interior,2
2026,7,PARA,VISEU,interior,2
2026,7,PIAUI,MURICI DOS PORTELAS,interior,2
2026,7,SAO PAULO,PIQUEROBI,interior,2
2026,7,MINAS GERAIS,SENADOR MODESTINO GONCALVES,interior,2
2026,7,MINAS GERAIS,RIO DO PRADO,interior,2
2026,7,TOCANTINS,ARAGUACU,interior,2
2026,7,TOCANTINS,ITACAJA,interior,2
2026,7,SAO PAULO,SANTA CRUZ DA CONCEICAO,interior,2
2026,7,MARANHAO,PRESIDENTE VARGAS,interior,2
2026,7,GOIAS,NOVA AURORA,interior,2
2026,7,MINAS GERAIS,NOVA BELEM,interior,2
2026,7,RIO GRANDE DO SUL,MATA,interior,2
2026,7,MINAS GERAIS,ACUCENA,interior,2
2026,7,RIO GRANDE DO NORTE,SITIO NOVO,interior,2
2026,7,SAO PAULO,TURIUBA,interior,2
2026,7,PARANA,FENIX,interior,2
2026,7,SANTA CATARINA,SANTIAGO DO SUL,interior,2
2026,7,RONDONIA,PRIMAVERA DE RONDONIA,interior,2
2026,7,PERNAMBUCO,BARRA DE GUABIRABA,interior,2
2026,7,MARANHAO,GUIMARAES,interior,2
2026,7,MARANHAO,GOVERNADOR NEWTON BELLO,interior,2
2026,7,MARANHAO,CONCEICAO DO LAGO-ACU,interior,2
2026,7,MARANHAO,MONCAO,interior,2
2026,7,MINAS GERAIS,JOAQUIM FELICIO,interior,2
2026,7,PIAUI,ITAUEIRA,interior,2
2026,7,PARANA,ANGULO,interior,2
2026,7,RIO GRANDE DO SUL,RELVADO,interior,2
2026,7,BAHIA,CRISTOPOLIS,interior,2
2026,7,MINAS GERAIS,COMENDADOR GOMES,interior,2
2026,7,PARA,ALMEIRIM,interior,2
2026,7,MARANHAO,PRESIDENTE SARNEY,interior,2
2026,7,MINAS GERAIS,CAMACHO,interior,2
2026,7,PIAUI,QUEIMADA NOVA,interior,2
2026,7,GOIAS,VILA PROPICIO,interior,2
2026,7,RIO GRANDE DO SUL,DONA FRANCISCA,interior,2
2026,7,BAHIA,JAGUARIPE,interior,2
2026,7,MINAS GERAIS,PEDRA BONITA,interior,2
2026,7,PARANA,ANTONIO OLINTO,interior,2
2026,7,MINAS GERAIS,SAO TOME DAS LETRAS,interior,2
2026,7,MINAS GERAIS,CHACARA,interior,2
2026,7,BAHIA,PINTADAS,interior,2
2026,7,TOCANTINS,NOVO ACORDO,interior,2
2026,7,CEARA,SANTANA DO ACARAU,interior,2
2026,7,PARANA,ANAHY,interior,2
2026,7,PARA,PICARRA,interior,2
2026,7,ALAGOAS,PAULO JACINTO,interior,2
2026,7,MINAS GERAIS,DESTERRO DO MELO,interior,2
2026,7,CEARA,BARRO,interior,2
2026,7,RIO GRANDE DO SUL,SANTA TEREZA,interior,2
2026,7,CEARA,JAGUARETAMA,interior,2
2026,7,PARAIBA,COXIXOLA,interior,2
2026,7,PARA,ANAJAS,interior,2
2026,7,TOCANTINS,DUERE,interior,2
2026,7,RIO GRANDE DO NORTE,FRANCISCO DANTAS,interior,2
2026,7,RIO GRANDE DO SUL,CAPAO DO CIPO,interior,2
2026,7,RIO GRANDE DO SUL,DAVID CANABARRO,interior,2
2026,7,PERNAMBUCO,JUCATI,interior,2
2026,7,MINAS GERAIS,CARMESIA,interior,2
2026,7,RIO GRANDE DO SUL,FAXINALZINHO,interior,2
2026,7,RIO GRANDE DO SUL,VISTA ALEGRE DO PRATA,interior,2
2026,7,PARA,CUMARU DO NORTE,interior,2
2026,7,PERNAMBUCO,TACAIMBO,interior,2
2026,7,PARA,PAU D'ARCO,interior,2
2026,7,GOIAS,CORREGO DO OURO,interior,2
2026,7,MINAS GERAIS,SAO JOSE DO GOIABAL,interior,2
2026,7,SANTA CATARINA,IPUACU,interior,2
2026,7,SAO PAULO,OURO VERDE,interior,2
2026,7,MARANHAO,MORROS,interior,2
2026,7,MINAS GERAIS,LONTRA,interior,2
2026,7,PIAUI,SAO GONCALO DO PIAUI,interior,2
2026,7,BAHIA,LAGOA REAL,interior,2
2026,7,RIO GRANDE DO SUL,PAULO BENTO,interior,2
2026,7,RIO GRANDE DO NORTE,MESSIAS TARGINO,interior,2
2026,7,MINAS GERAIS,CATUJI,interior,2
2026,7,RIO GRANDE DO SUL,CHIAPETTA,interior,2
2026,7,PARAIBA,PRINCESA ISABEL,interior,2
2026,7,RONDONIA,VALE DO PARAISO,interior,2
2026,7,MINAS GERAIS,AGUAS VERMELHAS,interior,2
2026,7,PARAIBA,VARZEA,interior,2
2026,7,SAO PAULO,SANTA SALETE,interior,2
2026,7,SERGIPE,SAO FRANCISCO,interior,2
2026,7,PARANA,PINHAL DO SAO BENTO,interior,2
2026,7,PARANA,PAULA FREITAS,interior,2
2026,7,PARAIBA,CONDADO,interior,2
2026,7,ALAGOAS,FLEXEIRAS,interior,2
2026,7,SAO PAULO,SUZANAPOLIS,interior,2
2026,7,PARA,ABEL FIGUEIREDO,interior,2
2026,7,SAO PAULO,MIRA ESTRELA,interior,2
2026,7,MINAS GERAIS,FRANCISCO DUMONT,interior,2
2026,7,SANTA CATARINA,IBIAM,interior,2
2026,7,MINAS GERAIS,TAPARUBA,interior,2
2026,7,PIAUI,GILBUES,interior,2
2026,7,RIO GRANDE DO SUL,PORTO VERA CRUZ,interior,2
2026,7,MINAS GERAIS,INCONFIDENTES,interior,2
2026,7,BAHIA,RAFAEL JAMBEIRO,interior,2
2026,7,MINAS GERAIS,ROCHEDO DE MINAS,interior,2
2026,7,SAO PAULO,MAGDA,interior,2
2026,7,MINAS GERAIS,MALACACHETA,interior,2
2026,7,PARAIBA,SERRA REDONDA,interior,2
2026,7,PIAUI,HUGO NAPOLEAO,interior,2
2026,7,MINAS GERAIS,SAO FELIX DE MINAS,interior,2
2026,7,PERNAMBUCO,MIRANDIBA,interior,2
2026,7,CEARA,ABAIARA,interior,2
2026,7,MINAS GERAIS,BOM JESUS DO AMPARO,interior,2
2026,7,PARAIBA,LAGOA DE DENTRO,interior,2
2026,7,MINAS GERAIS,PIEDADE DOS GERAIS,interior,2
2026,7,SAO PAULO,OLEO,interior,2
2026,7,RIO GRANDE DO SUL,PINHAL GRANDE,interior,2
2026,7,MINAS GERAIS,NOVA UNIAO,interior,2
2026,7,MINAS GERAIS,VARGEM ALEGRE,interior,2
2026,7,SERGIPE,PINHAO,interior,2
2026,7,RIO GRANDE DO SUL,BARRA DO QUARAI,interior,2
2026,7,PARAIBA,JURIPIRANGA,interior,2
2026,7,PERNAMBUCO,IGUARACI,interior,2
2026,7,MARANHAO,FORTUNA,interior,2
2026,7,MINAS GERAIS,BERILO,interior,2
2026,7,RIO GRANDE DO SUL,NOVA RAMADA,interior,2
2026,7,MINAS GERAIS,SANTO ANTONIO DO AVENTUREIRO,interior,2
2026,7,SAO PAULO,PRACINHA,interior,2
2026,7,SERGIPE,PIRAMBU,interior,2
2026,7,SERGIPE,JAPARATUBA,interior,2
2026,7,RIO GRANDE DO SUL,AMARAL FERRADOR,interior,2
2026,7,MINAS GERAIS,LUMINARIAS,interior,2
2026,7,GOIAS,SANTO ANTONIO DO DESCOBERTO,interior,2
2026,7,MINAS GERAIS,RITAPOLIS,interior,2
2026,7,GOIAS,APORE,interior,2
2026,7,GOIAS,FAINA,interior,2
2026,7,MARANHAO,SITIO NOVO,interior,2
2026,7,MARANHAO,ALTAMIRA DO MARANHAO,interior,2
2026,7,BAHIA,BOA VISTA DO TUPIM,interior,2
2026,7,RIO GRANDE DO SUL,PINHAL DA SERRA,interior,2
2026,7,SAO PAULO,GUARANI D'OESTE,interior,2
2026,7,SANTA CATARINA,BOM JESUS DO OESTE,interior,2
2026,7,SAO PAULO,POPULINA,interior,2
2026,7,PARA,SALVATERRA,interior,2
2026,7,RIO GRANDE DO SUL,BARRACAO,interior,2
2026,7,BAHIA,MARCIONILIO SOUZA,interior,2
2026,7,MINAS GERAIS,PAIVA,interior,2
2026,7,RIO GRANDE DO SUL,MORMACO,interior,2
2026,7,PARA,JURUTI,interior,2
2026,7,MATO GROSSO,UNIAO DO SUL,interior,2
2026,7,MATO GROSSO,SAO JOSE DO XINGU,interior,2
2026,7,RIO GRANDE DO NORTE,VARZEA,interior,2
2026,7,SERGIPE,SANTA LUZIA DO ITANHY,interior,2
2026,7,MARANHAO,VILA NOVA DOS MARTIRIOS,interior,2
2026,7,SAO PAULO,SALMOURAO,interior,2
2026,7,BAHIA,NOVA ITARANA,interior,2
2026,7,MARANHAO,JOSELANDIA,interior,2
2026,7,GOIAS,PILAR DE GOIAS,interior,2
2026,7,BAHIA,PEDRAO,interior,2
2026,7,MARANHAO,URBANO SANTOS,interior,2
2026,7,PARAIBA,AROEIRAS,interior,2
2026,7,PARAIBA,QUIXABA,interior,2
2026,7,RIO GRANDE DO NORTE,SANTANA DO SERIDO,interior,2
2026,7,CEARA,CROATA,interior,2
2026,7,RIO GRANDE DO SUL,TOROPI,interior,2
2026,7,ALAGOAS,TANQUE D'ARCA,interior,2
2026,7,BAHIA,JUSSARI,interior,2
2026,7,MINAS GERAIS,AGUANIL,interior,2
2026,7,PERNAMBUCO,VERDEJANTE,interior,2
2026,7,MINAS GERAIS,ARANTINA,interior,2
2026,7,MINAS GERAIS,BUENOPOLIS,interior,2
2026,7,RIO GRANDE DO NORTE,SEVERIANO MELO,interior,2
2026,7,PARANA,LIDIANOPOLIS,interior,2
2026,7,MARANHAO,AMAPA DO MARANHAO,interior,2
2026,7,RIO GRANDE DO SUL,CHARRUA,interior,2
2026,7,SAO PAULO,RIVERSUL,interior,2
2026,7,GOIAS,JESUPOLIS,interior,2
2026,7,SERGIPE,CUMBE,interior,2
2026,7,AMAZONAS,ITAMARATI,interior,2
2026,7,BAHIA,NILO PECANHA,interior,2
2026,7,SERGIPE,AMPARO DE SAO FRANCISCO,interior,2
2026,7,BAHIA,IUIU,interior,2
2026,7,RIO GRANDE DO SUL,CACIQUE DOBLE,interior,2
2026,7,RIO GRANDE DO NORTE,PASSAGEM,interior,2
2026,7,PARAIBA,IMACULADA,interior,2
2026,7,PARAIBA,ZABELE,interior,2
2026,7,CEARA,PACOTI,interior,2
2026,7,BAHIA,MALHADA DE PEDRAS,interior,2
2026,7,SAO PAULO,RIBEIRAO DOS INDIOS,interior,2
2026,7,GOIAS,AGUA LIMPA,interior,2
2026,7,PARA,COLARES,interior,2
2026,7,PARAIBA,MARCACAO,interior,2
2026,7,MINAS GERAIS,ACAIACA,interior,2
2026,7,PARA,NOVA IPIXUNA,interior,2
2026,7,ALAGOAS,OLHO D'AGUA DO CASADO,interior,2
2026,7,CEARA,IBARETAMA,interior,2
2026,7,BAHIA,ANGICAL,interior,2
2026,7,TOCANTINS,PEIXE,interior,2
2026,7,PARANA,QUINTA DO SOL,interior,2
2026,7,PARAIBA,BOA VENTURA,interior,2
2026,7,RIO GRANDE DO NORTE,SAO FERNANDO,interior,2
2026,7,RIO GRANDE DO SUL,COXILHA,interior,2
2026,7,CEARA,PARAMOTI,interior,2
2026,7,RIO GRANDE DO SUL,ARROIO DO PADRE,interior,2
2026,7,BAHIA,GLORIA,interior,2
2026,7,RIO GRANDE DO SUL,ITATIBA DO SUL,interior,2
2026,7,GOIAS,PALMELO,interior,2
2026,7,PARA,SAO JOAO DE PIRABAS,interior,2
2026,7,PIAUI,DIRCEU ARCOVERDE,interior,2
2026,7,SAO PAULO,SAO JOAO DE IRACEMA,interior,2
2026,7,SAO PAULO,LAGOINHA,interior,2
2026,7,RIO GRANDE DO NORTE,FERNANDO PEDROZA,interior,2
2026,7,MINAS GERAIS,DELFINOPOLIS,interior,2
2026,7,MARANHAO,ICATU,interior,2
2026,7,GOIAS,GUARINOS,interior,2
2026,7,SAO PAULO,JOAO RAMALHO,interior,2
2026,7,SANTA CATARINA,FLOR DO SERTAO,interior,2
2026,7,PERNAMBUCO,SANTA CRUZ,interior,2
2026,7,PARA,OBIDOS,interior,2
2026,7,MINAS GERAIS,CAPELA NOVA,interior,2
2026,7,PIAUI,BATALHA,interior,2
2026,7,RIO GRANDE DO NORTE,SERRA DE SAO BENTO,interior,2
2026,7,AMAZONAS,AMATURA,interior,2
2026,7,MINAS GERAIS,FUNILANDIA,interior,2
2026,7,CEARA,ARARIPE,interior,2
2026,7,BAHIA,FILADELFIA,interior,2
2026,7,GOIAS,MUTUNOPOLIS,interior,2
2026,7,BAHIA,MAETINGA,interior,2
2026,7,CEARA,APUIARES,interior,2
2026,7,PARAIBA,SAO JOSE DA LAGOA TAPADA,interior,2
2026,7,BAHIA,IBIPEBA,interior,2
2026,7,RIO GRANDE DO SUL,GENTIL,interior,2
2026,7,MARANHAO,SANTO AMARO DO MARANHAO,interior,2
2026,7,BAHIA,BOTUPORA,interior,2
2026,7,RIO GRANDE DO SUL,GUABIJU,interior,2
2026,7,PARANA,GODOY MOREIRA,interior,2
2026,7,MINAS GERAIS,INIMUTABA,interior,2
2026,7,PARANA,MUNHOZ DE MELLO,interior,2
2026,7,SAO PAULO,BOM SUCESSO DE ITARARE,interior,2
2026,7,MATO GROSSO DO SUL,CORONEL SAPUCAIA,interior,2
2026,7,RIO GRANDE DO SUL,TIO HUGO,interior,2
2026,7,PERNAMBUCO,PARANATAMA,interior,2
2026,7,SAO PAULO,PARISI,interior,2
2026,7,MARANHAO,DUQUE BACELAR,interior,2
2026,7,ALAGOAS,CAMPESTRE,interior,2
2026,7,ACRE,RODRIGUES ALVES,interior,2
2026,7,MARANHAO,BURITIRANA,interior,2
2026,7,GOIAS,GOUVELANDIA,interior,2
2026,7,RIO GRANDE DO NORTE,MONTANHAS,interior,2
2026,7,PARANA,NOVO ITACOLOMI,interior,2
2026,7,MARANHAO,GRACA ARANHA,interior,2
2026,7,PARA,GARRAFAO DO NORTE,interior,2
2026,7,MINAS GERAIS,ALVARENGA,interior,2
2026,7,PIAUI,COCAL DE TELHA,interior,2
2026,7,RIO GRANDE DO SUL,MATO CASTELHANO,interior,2
2026,7,MARANHAO,SAO FRANCISCO DO BREJAO,interior,2
2026,7,BAHIA,ICHU,interior,2
2026,7,TOCANTINS,OLIVEIRA DE FATIMA,interior,2
2026,7,BAHIA,COTEGIPE,interior,2
2026,7,ALAGOAS,SANTANA DO MUNDAU,interior,2
2026,7,ALAGOAS,OLIVENCA,interior,2
2026,7,MATO GROSSO,CURVELANDIA,interior,2
2026,7,SERGIPE,INDIAROBA,interior,2
2026,7,RIO GRANDE DO SUL,MARIANO MORO,interior,2
2026,7,MATO GROSSO,ALTO PARAGUAI,interior,2
2026,7,MATO GROSSO,LAMBARI D'OESTE,interior,2
2026,7,AMAZONAS,SAO GABRIEL DA CACHOEIRA,interior,2
2026,7,PARANA,PRADO FERREIRA,interior,2
2026,7,PARANA,MARIA HELENA,interior,2
2026,7,RORAIMA,AMAJARI,interior,2
2026,7,PIAUI,INHUMA,interior,2
2026,7,MINAS GERAIS,TOCOS DO MOJI,interior,2
2026,7,PARANA,SULINA,interior,2
2026,7,CEARA,CARNAUBAL,interior,2
2026,7,SANTA CATARINA,LAGEADO GRANDE,interior,2
2026,7,GOIAS,TRES RANCHOS,interior,2
2026,7,RIO GRANDE DO SUL,VALE VERDE,interior,2
2026,7,MARANHAO,ALTO PARNAIBA,interior,2
2026,7,BAHIA,BURITIRAMA,interior,2
2026,7,RIO GRANDE DO SUL,SANTA CECILIA DO SUL,interior,2
2026,7,TOCANTINS,DIVINOPOLIS DO TOCANTINS,interior,2
2026,7,SAO PAULO,BALBINOS,interior,2
2026,7,TOCANTINS,DARCINOPOLIS,interior,2
2026,7,PIAUI,COCAL DOS ALVES,interior,2
2026,7,MINAS GERAIS,BRAS PIRES,interior,2
2026,7,TOCANTINS,SITIO NOVO DO TOCANTINS,interior,2
2026,7,SAO PAULO,PAULISTANIA,interior,2
2026,7,SERGIPE,NOSSA SENHORA DE LOURDES,interior,2
2026,7,BAHIA,ANDORINHA,interior,2
2026,7,SANTA CATARINA,VARGEM,interior,2
2026,7,RIO GRANDE DO SUL,TUNAS,interior,2
2026,7,MATO GROSSO,TORIXOREU,interior,2
2026,7,PERNAMBUCO,PARNAMIRIM,interior,2
2026,7,RIO GRANDE DO SUL,SENADOR SALGADO FILHO,interior,2
2026,7,PARANA,MATO RICO,interior,2
2026,7,PARA,PORTO DE MOZ,interior,2
2026,7,RIO GRANDE DO SUL,PROTASIO ALVES,interior,2
2026,7,MINAS GERAIS,TURVOLANDIA,interior,2
2026,7,MINAS GERAIS,MATUTINA,interior,2
2026,7,PARAIBA,BREJO DOS SANTOS,interior,2
2026,7,BAHIA,ITAGIBA,interior,2
2026,7,PARANA,CORUMBATAI DO SUL,interior,2
2026,7,PERNAMBUCO,TACARATU,interior,2
2026,7,BAHIA,BIRITINGA,interior,2
2026,7,RIO GRANDE DO SUL,DOUTOR RICARDO,interior,2
2026,7,AMAZONAS,JUTAI,interior,2
2026,7,RIO GRANDE DO SUL,PASSA SETE,interior,2
2026,7,TOCANTINS,BREJINHO DE NAZARE,interior,2
2026,7,PIAUI,BOM PRINCIPIO DO PIAUI,interior,2
2026,7,GOIAS,TAQUARAL DE GOIAS,interior,2
2026,7,CEARA,IRACEMA,interior,2
2026,7,PARAIBA,MULUNGU,interior,2
2026,7,RIO GRANDE DO NORTE,MONTE DAS GAMELEIRAS,interior,2
2026,7,PARAIBA,MATARACA,interior,2
2026,7,PERNAMBUCO,MARAIAL,interior,2
2026,7,MINAS GERAIS,SARDOA,interior,2
2026,7,TOCANTINS,BARRA DO OURO,interior,2
2026,7,PERNAMBUCO,BUENOS AIRES,interior,2
2026,7,PARAIBA,OURO VELHO,interior,2
2026,7,SANTA CATARINA,UNIAO DO OESTE,interior,2
2026,7,MINAS GERAIS,ARAPONGA,interior,2
2026,7,RIO GRANDE DO NORTE,JANDAIRA,interior,2
2026,7,PERNAMBUCO,JOAQUIM NABUCO,interior,2
2026,7,BAHIA,SANTA TERESINHA,interior,2
2026,7,RIO GRANDE DO NORTE,RAFAEL GODEIRO,interior,2
2026,7,BAHIA,ADUSTINA,interior,2
2026,7,BAHIA,GENTIO DO OURO,interior,2
2026,7,SAO PAULO,TARABAI,interior,2
2026,7,PERNAMBUCO,GRANITO,interior,2
2026,7,AMAPA,PORTO GRANDE,interior,2
2026,7,SERGIPE,RIACHUELO,interior,2
2026,7,MARANHAO,TIMBIRAS,interior,2
2026,7,PIAUI,SEBASTIAO LEAL,interior,2
2026,7,MINAS GERAIS,DIVISA NOVA,interior,2
2026,7,PARAIBA,MARIZOPOLIS,interior,2
2026,7,PARAIBA,SALGADO DE SAO FELIX,interior,2
2026,7,PARAIBA,NOVA OLINDA,interior,2
2026,7,MINAS GERAIS,PEDRA AZUL,interior,2
2026,7,TOCANTINS,CARIRI DO TOCANTINS,interior,2
2026,7,PERNAMBUCO,OROCO,interior,2
2026,7,BAHIA,NOVA FATIMA,interior,2
2026,7,RIO GRANDE DO SUL,IBIRAPUITA,interior,2
2026,7,MARANHAO,ALCANTARA,interior,2
2026,7,GOIAS,DAVINOPOLIS,interior,2
2026,7,MINAS GERAIS,SILVIANOPOLIS,interior,2
2026,7,BAHIA,CAETANOS,interior,2
2026,7,RIO GRANDE DO SUL,IVORA,interior,2
2026,7,ACRE,CAPIXABA,interior,2
2026,7,MINAS GERAIS,GUIDOVAL,interior,2
2026,7,PIAUI,PADRE MARCOS,interior,2
2026,7,PARANA,BRASILANDIA DO SUL,interior,2
2026,7,PERNAMBUCO,AFRANIO,interior,2
2026,7,GOIAS,SAO JOAO D'ALIANCA,interior,2
2026,7,PIAUI,ALTO LONGA,interior,2
2026,7,MINAS GERAIS,QUELUZITA,interior,2
2026,7,MARANHAO,ALTO ALEGRE DO PINDARE,interior,2
2026,7,MINAS GERAIS,MESQUITA,interior,2
2026,7,SANTA CATARINA,CERRO NEGRO,interior,2
2026,7,PARA,FARO,interior,2
2026,7,PERNAMBUCO,CORRENTES,interior,2
2026,7,SAO PAULO,TIMBURI,interior,2
2026,7,MINAS GERAIS,GRAO MOGOL,interior,2
2026,7,RIO GRANDE DO SUL,DOUTOR MAURICIO CARDOSO,interior,2
2026,7,TOCANTINS,PALMEIROPOLIS,interior,2
2026,7,PARANA,SANTA CECILIA DO PAVAO,interior,2
2026,7,SAO PAULO,LUPERCIO,interior,2
2026,7,MINAS GERAIS,RUBIM,interior,2
2026,7,SANTA CATARINA,TIGRINHOS,interior,2
2026,7,MINAS GERAIS,CAPETINGA,interior,2
2026,7,MINAS GERAIS,SAO JOSE DA VARGINHA,interior,2
2026,7,GOIAS,SANTA RITA DO NOVO DESTINO,interior,1
2026,7,MINAS GERAIS,CASCALHO RICO,interior,1
2026,7,GOIAS,LAGOA SANTA,interior,1
2026,7,RORAIMA,IRACEMA,interior,1
2026,7,PIAUI,CAMPO ALEGRE DO FIDALGO,interior,1
2026,7,MINAS GERAIS,PIEDADE DO RIO GRANDE,interior,1
2026,7,BAHIA,ITAPITANGA,interior,1
2026,7,BAHIA,MORPARA,interior,1
2026,7,GOIAS,AGUA FRIA DE GOIAS,interior,1
2026,7,PERNAMBUCO,SANTA TEREZINHA,interior,1
2026,7,GOIAS,HEITORAI,interior,1
2026,7,RONDONIA,CAMPO NOVO DE RONDONIA,interior,1
2026,7,PERNAMBUCO,MANARI,interior,1
2026,7,RIO GRANDE DO SUL,LINHA NOVA,interior,1
2026,7,SAO PAULO,ALVARES FLORENCE,interior,1
2026,7,MARANHAO,SANTANA DO MARANHAO,interior,1
2026,7,GOIAS,BALIZA,interior,1
2026,7,BAHIA,SANTA CRUZ DA VITORIA,interior,1
2026,7,MINAS GERAIS,MARILAC,interior,1
2026,7,RIO GRANDE DO SUL,HULHA NEGRA,interior,1
2026,7,MINAS GERAIS,CASA GRANDE,interior,1
2026,7,MINAS GERAIS,SAO MIGUEL DO ANTA,interior,1
2026,7,RIO GRANDE DO NORTE,BODO,interior,1
2026,7,PERNAMBUCO,ARACOIABA,interior,1
2026,7,TOCANTINS,BABACULANDIA,interior,1
2026,7,SAO PAULO,BARRA DO CHAPEU,interior,1
2026,7,MATO GROSSO,NOVO SANTO ANTONIO,interior,1
2026,7,RIO GRANDE DO NORTE,SAO FRANCISCO DO OESTE,interior,1
2026,7,PIAUI,ACAUA,interior,1
2026,7,GOIAS,NOVO PLANALTO,interior,1
2026,7,ALAGOAS,CARNEIROS,interior,1
2026,7,MINAS GERAIS,CORDISBURGO,interior,1
2026,7,RIO GRANDE DO SUL,VESPASIANO CORREA,interior,1
2026,7,RIO GRANDE DO SUL,SAGRADA FAMILIA,interior,1
2026,7,AMAZONAS,NHAMUNDA,interior,1
2026,7,PARA,PRIMAVERA,interior,1
2026,7,BAHIA,MALHADA,interior,1
2026,7,PARAIBA,CURRAL VELHO,interior,1
2026,7,PARANA,ADRIANOPOLIS,interior,1
2026,7,PIAUI,BARREIRAS DO PIAUI,interior,1
2026,7,BAHIA,AMERICA DOURADA,interior,1
2026,7,MINAS GERAIS,ITUMIRIM,interior,1
2026,7,ALAGOAS,BRANQUINHA,interior,1
2026,7,PIAUI,VILA NOVA DO PIAUI,interior,1
2026,7,PIAUI,ILHA GRANDE,interior,1
2026,7,BAHIA,ITAQUARA,interior,1
2026,7,MARANHAO,APICUM-ACU,interior,1
2026,7,MINAS GERAIS,SANTA CRUZ DO ESCALVADO,interior,1
2026,7,PARAIBA,OLIVEDOS,interior,1
2026,7,RIO GRANDE DO SUL,BOM PROGRESSO,interior,1
2026,7,MATO GROSSO,COLNIZA,interior,1
2026,7,PARAIBA,GURJAO,interior,1
2026,7,RIO GRANDE DO SUL,MARIANA PIMENTEL,interior,1
2026,7,MINAS GERAIS,URUCUIA,interior,1
2026,7,RIO GRANDE DO SUL,LIBERATO SALZANO,interior,1
2026,7,RIO GRANDE DO SUL,PEDRAS ALTAS,interior,1
2026,7,MATO GROSSO,GLORIA D'OESTE,interior,1
2026,7,CEARA,SAO LUIS DO CURU,interior,1
2026,7,MARANHAO,CANDIDO MENDES,interior,1
2026,7,SERGIPE,FEIRA NOVA,interior,1
2026,7,MINAS GERAIS,DOM VICOSO,interior,1
2026,7,MINAS GERAIS,RIO PARDO DE MINAS,interior,1
2026,7,GOIAS,SAO JOAO DA PARAUNA,interior,1
2026,7,PIAUI,JARDIM DO MULATO,interior,1
2026,7,SAO PAULO,GAVIAO PEIXOTO,interior,1
2026,7,PIAUI,BOA HORA,interior,1
2026,7,MARANHAO,FERNANDO FALCAO,interior,1
2026,7,MINAS GERAIS,GUARARA,interior,1
2026,7,RIO GRANDE DO NORTE,RUY BARBOSA,interior,1
2026,7,GOIAS,ARENOPOLIS,interior,1
2026,7,MARANHAO,CACHOEIRA GRANDE,interior,1
2026,7,PARA,JACAREACANGA,interior,1
2026,7,ALAGOAS,JOAQUIM GOMES,interior,1
2026,7,PERNAMBUCO,IBIRAJUBA,interior,1
2026,7,PIAUI,BRASILEIRA,interior,1
2026,7,PIAUI,AROEIRAS DO ITAIM,interior,1
2026,7,MINAS GERAIS,SANTA RITA DE JACUTINGA,interior,1
2026,7,MARANHAO,NINA RODRIGUES,interior,1
2026,7,MINAS GERAIS,COLUNA,interior,1
2026,7,MINAS GERAIS,SERRANOS,interior,1
2026,7,PARAIBA,CURRAL DE CIMA,interior,1
2026,7,PARA,PRAINHA,interior,1
2026,7,CEARA,COREAU,interior,1
2026,7,TOCANTINS,ABREULANDIA,interior,1
2026,7,PARA,CACHOEIRA DO ARARI,interior,1
2026,7,PERNAMBUCO,SOLIDAO,interior,1
2026,7,PARAIBA,MATUREIA,interior,1
2026,7,PARAIBA,ITATUBA,interior,1
2026,7,SANTA CATARINA,PAIAL,interior,1
2026,7,RIO GRANDE DO SUL,SERIO,interior,1
2026,7,RIO GRANDE DO NORTE,PARAZINHO,interior,1
2026,7,PIAUI,PIMENTEIRAS,interior,1
2026,7,SAO PAULO,LOURDES,interior,1
2026,7,MARANHAO,PRESIDENTE JUSCELINO,interior,1
2026,7,RIO GRANDE DO SUL,RIO DOS INDIOS,interior,1
2026,7,TOCANTINS,PALMEIRAS DO TOCANTINS,interior,1
2026,7,MINAS GERAIS,SENHORA DOS REMEDIOS,interior,1
2026,7,MARANHAO,BELAGUA,interior,1
2026,7,PARAIBA,RIACHAO DO POCO,interior,1
2026,7,PARA,AURORA DO PARA,interior,1
2026,7,RIO GRANDE DO SUL,ITACURUBI,interior,1
2026,7,GOIAS,PALMINOPOLIS,interior,1
2026,7,SANTA CATARINA,CUNHATAI,interior,1
2026,7,TOCANTINS,SANDOLANDIA,interior,1
2026,7,PARA,OEIRAS DO PARA,interior,1
2026,7,BAHIA,IRAJUBA,interior,1
2026,7,PARANA,MARQUINHO,interior,1
2026,7,CEARA,IPAPORANGA,interior,1
2026,7,MINAS GERAIS,SENADOR CORTES,interior,1
2026,7,PIAUI,CURIMATA,interior,1
2026,7,MINAS GERAIS,CRUZEIRO DA FORTALEZA,interior,1
2026,7,TOCANTINS,PAU D'ARCO,interior,1
2026,7,SANTA CATARINA,ZORTEA,interior,1
2026,7,GOIAS,DOVERLANDIA,interior,1
2026,7,MINAS GERAIS,SIMAO PEREIRA,interior,1
2026,7,PIAUI,CAMPO GRANDE DO PIAUI,interior,1
2026,7,TOCANTINS,GOIATINS,interior,1
2026,7,MINAS GERAIS,CHAPADA GAUCHA,interior,1
2026,7,PERNAMBUCO,PALMEIRINA,interior,1
2026,7,MINAS GERAIS,ITAMARATI DE MINAS,interior,1
2026,7,BAHIA,ERICO CARDOSO,interior,1
2026,7,PARA,FLORESTA DO ARAGUAIA,interior,1
2026,7,MATO GROSSO DO SUL,CARACOL,interior,1
2026,7,PIAUI,DOMINGOS MOURAO,interior,1
2026,7,PERNAMBUCO,ITACURUBA,interior,1
2026,7,TOCANTINS,CACHOEIRINHA,interior,1
2026,7,SAO PAULO,CABRALIA PAULISTA,interior,1
2026,7,MINAS GERAIS,PEDRA DO ANTA,interior,1
2026,7,AMAZONAS,SANTO ANTONIO DO ICA,interior,1
2026,7,BAHIA,MAIRI,interior,1
2026,7,ALAGOAS,PINDOBA,interior,1
2026,7,PIAUI,CAMPO LARGO DO PIAUI,interior,1
2026,7,TOCANTINS,NAZARE,interior,1
2026,7,TOCANTINS,ARAPOEMA,interior,1
2026,7,MINAS GERAIS,PIRANGUCU,interior,1
2026,7,PARA,NOVA ESPERANCA DO PIRIA,interior,1
2026,7,TOCANTINS,ARAGUACEMA,interior,1
2026,7,SANTA CATARINA,FORMOSA DO SUL,interior,1
2026,7,CEARA,CATUNDA,interior,1
2026,7,MINAS GERAIS,SANTA BARBARA DO MONTE VERDE,interior,1
2026,7,RONDONIA,CABIXI,interior,1
2026,7,SAO PAULO,PARANAPUA,interior,1
2026,7,SERGIPE,MURIBECA,interior,1
2026,7,MINAS GERAIS,DESTERRO DE ENTRE RIOS,interior,1
2026,7,MINAS GERAIS,PEDRA DOURADA,interior,1
2026,7,PIAUI,COLONIA DO PIAUI,interior,1
2026,7,RIO GRANDE DO SUL,CERRO GRANDE,interior,1
2026,7,PARAIBA,BORBOREMA,interior,1
2026,7,BAHIA,CONTENDAS DO SINCORA,interior,1
2026,7,PARANA,BELA VISTA DO CAROBA,interior,1
2026,7,SAO PAULO,NOVA CASTILHO,interior,1
2026,7,MARANHAO,LAJEADO NOVO,interior,1
2026,7,BAHIA,LAGEDO DO TABOCAL,interior,1
2026,7,RIO GRANDE DO SUL,ENGENHO VELHO,interior,1
2026,7,AMAZONAS,FONTE BOA,interior,1
2026,7,MATO GROSSO,ARAGUAIANA,interior,1
2026,7,BAHIA,GONGOGI,interior,1
2026,7,RIO GRANDE DO SUL,BOA VISTA DO CADEADO,interior,1
2026,7,RIO GRANDE DO NORTE,DOUTOR SEVERIANO,interior,1
2026,7,MINAS GERAIS,SAO BENTO ABADE,interior,1
2026,7,PARAIBA,CASSERENGUE,interior,1
2026,7,CEARA,GRANJEIRO,interior,1
2026,7,MINAS GERAIS,SAO JOAO DO PARAISO,interior,1
2026,7,MINAS GERAIS,SANTANA DO GARAMBEU,interior,1
2026,7,MINAS GERAIS,PASSABEM,interior,1
2026,7,BAHIA,MULUNGU DO MORRO,interior,1
2026,7,MINAS GERAIS,JACINTO,interior,1
2026,7,MINAS GERAIS,NATERCIA,interior,1
2026,7,PARANA,RAMILANDIA,interior,1
2026,7,RIO GRANDE DO SUL,SANTA MARGARIDA DO SUL,interior,1
2026,7,AMAZONAS,BERURI,interior,1
2026,7,GOIAS,UIRAPURU,interior,1
2026,7,MINAS GERAIS,BUGRE,interior,1
2026,7,MINAS GERAIS,SERRA DOS AIMORES,interior,1
2026,7,PIAUI,SIGEFREDO PACHECO,interior,1
2026,7,SAO PAULO,ESTRELA DO NORTE,interior,1
2026,7,PIAUI,ELISEU MARTINS,interior,1
2026,7,MINAS GERAIS,RIO PRETO,interior,1
2026,7,GOIAS,DAMIANOPOLIS,interior,1
2026,7,TOCANTINS,COUTO DE MAGALHAES,interior,1
2026,7,CEARA,PORANGA,interior,1
2026,7,MINAS GERAIS,ORATORIOS,interior,1
2026,7,GOIAS,FORMOSO,interior,1
2026,7,RIO GRANDE DO NORTE,IPUEIRA,interior,1
2026,7,MINAS GERAIS,DIVISA ALEGRE,interior,1
2026,7,PARA,SAO JOAO DA PONTA,interior,1
2026,7,PIAUI,ISAIAS COELHO,interior,1
2026,7,PARAIBA,CAMALAU,interior,1
2026,7,PARA,AGUA AZUL DO NORTE,interior,1
2026,7,MINAS GERAIS,VOLTA GRANDE,interior,1
2026,7,RIO GRANDE DO SUL,CERRITO,interior,1
2026,7,PARA,AFUA,interior,1
2026,7,MINAS GERAIS,SANTA BARBARA DO TUGURIO,interior,1
2026,7,PARAIBA,LASTRO,interior,1
2026,7,MINAS GERAIS,ANTONIO PRADO DE MINAS,interior,1
2026,7,RIO GRANDE DO NORTE,PUREZA,interior,1
2026,7,MINAS GERAIS,COUTO DE MAGALHAES DE MINAS,interior,1
2026,7,TOCANTINS,COMBINADO,interior,1
2026,7,RIO GRANDE DO SUL,COQUEIROS DO SUL,interior,1
2026,7,MINAS GERAIS,BONFINOPOLIS DE MINAS,interior,1
2026,7,SAO PAULO,TURMALINA,interior,1
2026,7,RIO GRANDE DO NORTE,MAJOR SALES,interior,1
2026,7,AMAZONAS,URUCARA,interior,1
2026,7,GOIAS,TROMBAS,interior,1
2026,7,PARA,MELGACO,interior,1
2026,7,PARANA,GRANDES RIOS,interior,1
2026,7,BAHIA,DARIO MEIRA,interior,1
2026,7,MINAS GERAIS,ROMARIA,interior,1
2026,7,PERNAMBUCO,CARNAUBEIRA DA PENHA,interior,1
2026,7,SERGIPE,GENERAL MAYNARD,interior,1
2026,7,BAHIA,JUSSIAPE,interior,1
2026,7,PARAIBA,IBIARA,interior,1
2026,7,MARANHAO,ITAIPAVA DO GRAJAU,interior,1
2026,7,RIO GRANDE DO NORTE,PARANA,interior,1
2026,7,MINAS GERAIS,LEANDRO FERREIRA,interior,1
2026,7,GOIAS,CABECEIRAS,interior,1
2026,7,RIO GRANDE DO NORTE,LAGOA SALGADA,interior,1
2026,7,MINAS GERAIS,NACIP RAYDAN,interior,1
2026,7,BAHIA,IRAMAIA,interior,1
2026,7,SERGIPE,SAO MIGUEL DO ALEIXO,interior,1
2026,7,PIAUI,SAO GONCALO DO GURGUEIA,interior,1
2026,7,PIAUI,BOCAINA,interior,1
2026,7,CEARA,UMARI,interior,1
2026,7,MINAS GERAIS,JECEABA,interior,1
2026,7,PIAUI,SAO JOAO DA CANABRAVA,interior,1
2026,7,PARANA,ATALAIA,interior,1
2026,7,MINAS GERAIS,PRESIDENTE BERNARDES,interior,1
2026,7,RIO GRANDE DO SUL,SAO JOSE DAS MISSOES,interior,1
2026,7,MARANHAO,CENTRO DO GUILHERME,interior,1
2026,7,MARANHAO,JUNCO DO MARANHAO,interior,1
2026,7,SAO PAULO,SILVEIRAS,interior,1
2026,7,PIAUI,JATOBA DO PIAUI,interior,1
2026,7,GOIAS,SANTA ROSA DE GOIAS,interior,1
2026,7,ALAGOAS,POCO DAS TRINCHEIRAS,interior,1
2026,7,RIO GRANDE DO NORTE,CERRO-CORA,interior,1
2026,7,RIO GRANDE DO SUL,NOVO MACHADO,interior,1
2026,7,RIO GRANDE DO SUL,JARI,interior,1
2026,7,RIO GRANDE DO SUL,CHUVISCA,interior,1
2026,7,PARANA,ESPIGAO ALTO DO IGUACU,interior,1
2026,7,BAHIA,BREJOLANDIA,interior,1
2026,7,MINAS GERAIS,SAO PEDRO DO SUACUI,interior,1
2026,7,PARANA,NOVA AMERICA DA COLINA,interior,1
2026,7,SAO PAULO,PONTES GESTAL,interior,1
2026,7,RIO GRANDE DO SUL,ANDRE DA ROCHA,interior,1
2026,7,PARAIBA,GADO BRAVO,interior,1
2026,7,RIO GRANDE DO SUL,ROLADOR,interior,1
2026,7,MINAS GERAIS,AUGUSTO DE LIMA,interior,1
2026,7,RIO GRANDE DO SUL,QUATRO IRMAOS,interior,1
2026,7,MINAS GERAIS,SILVEIRANIA,interior,1
2026,7,MINAS GERAIS,MARLIERIA,interior,1
2026,7,MINAS GERAIS,RIO MANSO,interior,1
2026,7,PIAUI,MARCOS PARENTE,interior,1
2026,7,SANTA CATARINA,CALMON,interior,1
2026,7,SAO PAULO,NOVA GUATAPORANGA,interior,1
2026,7,PIAUI,SIMOES,interior,1
2026,7,AMAZONAS,URUCURITUBA,interior,1
2026,7,TOCANTINS,ITAGUATINS,interior,1
2026,7,CEARA,CHAVAL,interior,1
2026,7,MINAS GERAIS,CARRANCAS,interior,1
2026,7,BAHIA,FLORESTA AZUL,interior,1
2026,7,MINAS GERAIS,CONEGO MARINHO,interior,1
2026,7,PARANA,MANFRINOPOLIS,interior,1
2026,7,PARA,BREJO GRANDE DO ARAGUAIA,interior,1
2026,7,PARANA,XAMBRE,interior,1
2026,7,BAHIA,CAEM,interior,1
2026,7,SAO PAULO,BARRA DO TURVO,interior,1
2026,7,BAHIA,MIRANTE,interior,1
2026,7,MINAS GERAIS,IPIACU,interior,1
2026,7,SANTA CATARINA,BELMONTE,interior,1
2026,7,MINAS GERAIS,SANTO ANTONIO DO RIO ABAIXO,interior,1
2026,7,RIO GRANDE DO SUL,JACUTINGA,interior,1
2026,7,PARAIBA,CATINGUEIRA,interior,1
2026,7,ALAGOAS,CHA PRETA,interior,1
2026,7,MINAS GERAIS,SAO BRAS DO SUACUI,interior,1
2026,7,PERNAMBUCO,BELEM DE MARIA,interior,1
2026,7,MINAS GERAIS,FRANCISCO BADARO,interior,1
2026,7,BAHIA,SERRA DOURADA,interior,1
2026,7,MINAS GERAIS,FREI GASPAR,interior,1
2026,7,AMAPA,FERREIRA GOMES,interior,1
2026,7,MARANHAO,SAO BENEDITO DO RIO PRETO,interior,1
2026,7,PARAIBA,BARAUNA,interior,1
2026,7,BAHIA,NOVA IBIA,interior,1
2026,7,MINAS GERAIS,SAO GERALDO DO BAIXIO,interior,1
2026,7,SANTA CATARINA,SANTA ROSA DE LIMA,interior,1
2026,7,BAHIA,JUCURUCU,interior,1
2026,7,BAHIA,BARRA DO ROCHA,interior,1
2026,7,MARANHAO,OLINDA NOVA DO MARANHAO,interior,1
2026,7,MINAS GERAIS,CAREACU,interior,1
2026,7,RIO GRANDE DO SUL,COQUEIRO BAIXO,interior,1
2026,7,RIO GRANDE DO SUL,CARLOS GOMES,interior,1
2026,7,RIO GRANDE DO SUL,QUEVEDOS,interior,1
2026,7,SAO PAULO,CAIABU,interior,1
2026,7,MATO GROSSO,NOVA LACERDA,interior,1
2026,7,SAO PAULO,MONCOES,interior,1
2026,7,SERGIPE,CRISTINAPOLIS,interior,1
2026,7,PIAUI,PRATA DO PIAUI,interior,1
2026,7,MINAS GERAIS,MIRABELA,interior,1
2026,7,AMAZONAS,ANORI,interior,1
2026,7,RIO GRANDE DO NORTE,SAO BENTO DO NORTE,interior,1
2026,7,RIO GRANDE DO NORTE,TIMBAUBA DOS BATISTAS,interior,1
2026,7,RIO GRANDE DO SUL,SEDE NOVA,interior,1
2026,7,SERGIPE,PEDRA MOLE,interior,1
2026,7,PIAUI,LAGOA DE SAO FRANCISCO,interior,1
2026,7,CEARA,MORAUJO,interior,1
2026,7,MINAS GERAIS,HELIODORA,interior,1
2026,7,PARAIBA,DIAMANTE,interior,1
2026,7,AMAZONAS,ATALAIA DO NORTE,interior,1
2026,7,TOCANTINS,MURICILANDIA,interior,1
2026,7,MINAS GERAIS,CRISTIANO OTONI,interior,1
2026,7,SAO PAULO,ITAJU,interior,1
2026,7,CEARA,URUOCA,interior,1
2026,7,GOIAS,COLINAS DO SUL,interior,1
2026,7,PERNAMBUCO,ITAQUITINGA,interior,1
2026,7,MINAS GERAIS,SAO GONCALO DO RIO PRETO,interior,1
2026,7,PARAIBA,VISTA SERRANA,interior,1
2026,7,SANTA CATARINA,PALMEIRA,interior,1
2026,7,PARANA,RESERVA DO IGUACU,interior,1
2026,7,SAO PAULO,IPORANGA,interior,1
2026,7,SAO PAULO,BARAO DE ANTONINA,interior,1
2026,7,MINAS GERAIS,SOBRALIA,interior,1
2026,7,MINAS GERAIS,CONCEICAO DO PARA,interior,1
2026,7,SAO PAULO,SAO JOAO DO PAU D'ALHO,interior,1
2026,7,PIAUI,PALMEIRAIS,interior,1
2026,7,RORAIMA,SAO JOAO DA BALIZA,interior,1
2026,7,RIO GRANDE DO SUL,BOZANO,interior,1
2026,7,RIO GRANDE DO SUL,MACAMBARA,interior,1
2026,7,MINAS GERAIS,GRUPIARA,interior,1
2026,7,PARANA,CAFEARA,interior,1
2026,7,AMAZONAS,BOCA DO ACRE,interior,1
2026,7,PIAUI,PAVUSSU,interior,1
2026,7,SAO PAULO,ARAPEI,interior,1
2026,7,PARAIBA,SOSSEGO,interior,1
2026,7,PARANA,JARDIM OLINDA,interior,1
2026,7,TOCANTINS,SANTA TEREZA DO TOCANTINS,interior,1
2026,7,MINAS GERAIS,CAPITAO ANDRADE,interior,1
2026,7,AMAZONAS,IPIXUNA,interior,1
2026,7,MINAS GERAIS,MARMELOPOLIS,interior,1
2026,7,MINAS GERAIS,CONGONHAS DO NORTE,interior,1
2026,7,PIAUI,SAO BRAZ DO PIAUI,interior,1
2026,7,SAO PAULO,LUCIANOPOLIS,interior,1
2026,7,MINAS GERAIS,PRUDENTE DE MORAIS,interior,1
2026,7,MINAS GERAIS,CAPARAO,interior,1
2026,7,ALAGOAS,MINADOR DO NEGRAO,interior,1
2026,7,PARA,SANTAREM NOVO,interior,1
2026,7,SERGIPE,SANTA ROSA DE LIMA,interior,1
2026,7,ALAGOAS,MAR VERMELHO,interior,1
2026,7,SAO PAULO,EMBAUBA,interior,1
2026,7,MINAS GERAIS,SAO SEBASTIAO DO MARANHAO,interior,1
2026,7,MINAS GERAIS,FELICIO DOS SANTOS,interior,1
2026,7,PARANA,PORTO VITORIA,interior,1
2026,7,RIO GRANDE DO NORTE,SENADOR GEORGINO AVELINO,interior,1
2026,7,AMAPA,AMAPA,interior,1
2026,7,MINAS GERAIS,SAO JOAO DO ORIENTE,interior,1
2026,7,MARANHAO,SAO RAIMUNDO DO DOCA BEZERRA,interior,1
2026,7,MINAS GERAIS,UBAI,interior,1
2026,7,PERNAMBUCO,INGAZEIRA,interior,1
2026,7,PARAIBA,CUITE DE MAMANGUAPE,interior,1
2026,7,PARAIBA,CUITEGI,interior,1
2026,7,PARAIBA,ALGODAO DE JANDAIRA,interior,1
2026,7,PIAUI,BELEM DO PIAUI,interior,1
2026,7,TOCANTINS,AURORA DO TOCANTINS,interior,1
2026,7,MARANHAO,SAO ROBERTO,interior,1
2026,7,PIAUI,FRANCINOPOLIS,interior,1
2026,7,MARANHAO,MARANHAOZINHO,interior,1
2026,7,GOIAS,SAO LUIZ DO NORTE,interior,1
2026,7,PARAIBA,BARRA DE SAO MIGUEL,interior,1
2026,7,PIAUI,LAGOA ALEGRE,interior,1
2026,7,TOCANTINS,BERNARDO SAYAO,interior,1
2026,7,MATO GROSSO,FIGUEIROPOLIS D'OESTE,interior,1
2026,7,SANTA CATARINA,PRESIDENTE CASTELO BRANCO,interior,1
2026,7,RIO GRANDE DO NORTE,SERRINHA,interior,1
2026,7,RIO GRANDE DO SUL,CANUDOS DO VALE,interior,1
2026,7,GOIAS,AMORINOPOLIS,interior,1
2026,7,MINAS GERAIS,ITAMBE DO MATO DENTRO,interior,1
2026,7,PARAIBA,CABACEIRAS,interior,1
2026,7,CEARA,QUIXELO,interior,1
2026,7,RIO GRANDE DO NORTE,PARAU,interior,1
2026,7,BAHIA,PALMEIRAS,interior,1
2026,7,BAHIA,CALDEIRAO GRANDE,interior,1
2026,7,PARANA,SANTA INES,interior,1
2026,7,TOCANTINS,SAO MIGUEL DO TOCANTINS,interior,1
2026,7,MINAS GERAIS,SANTANA DO DESERTO,interior,1
2026,7,MINAS GERAIS,VIRGEM DA LAPA,interior,1
2026,7,RIO GRANDE DO NORTE,LAGOA DE VELHOS,interior,1
2026,7,SERGIPE,DIVINA PASTORA,interior,1
2026,7,PARANA,JUNDIAI DO SUL,interior,1
2026,7,PARAIBA,PILOEZINHOS,interior,1
2026,7,MINAS GERAIS,FARIA LEMOS,interior,1
2026,7,MINAS GERAIS,LIMEIRA DO OESTE,interior,1
2026,7,MINAS GERAIS,FRANCISCOPOLIS,interior,1
2026,7,MINAS GERAIS,JOANESIA,interior,1
2026,7,MARANHAO,HUMBERTO DE CAMPOS,interior,1
2026,7,PIAUI,IPIRANGA DO PIAUI,interior,1
2026,7,MINAS GERAIS,OLIMPIO NORONHA,interior,1
2026,7,SAO PAULO,SANTA RITA D'OESTE,interior,1
2026,7,MINAS GERAIS,ITACARAMBI,interior,1
2026,7,GOIAS,DIORAMA,interior,1
2026,7,PIAUI,SAO JOSE DO DIVINO,interior,1
2026,7,MINAS GERAIS,PAINEIRAS,interior,1
2026,7,RIO GRANDE DO SUL,SAO NICOLAU,interior,1
2026,7,MARANHAO,BEQUIMAO,interior,1
2026,7,GOIAS,CAMPINACU,interior,1
2026,7,GOIAS,SIMOLANDIA,interior,1
2026,7,MINAS GERAIS,ARICANDUVA,interior,1
2026,7,MARANHAO,MATOES DO NORTE,interior,1
2026,7,MINAS GERAIS,MORADA NOVA DE MINAS,interior,1
2026,7,RIO GRANDE DO SUL,JACUIZINHO,interior,1
2026,7,RIO GRANDE DO SUL,CERRO BRANCO,interior,1
2026,7,RIO GRANDE DO SUL,ESPERANCA DO SUL,interior,1
2026,7,GOIAS,PROFESSOR JAMIL,interior,1
2026,7,AMAZONAS,BORBA,interior,1
2026,7,PARAIBA,PASSAGEM,interior,1
2026,7,CEARA,TARRAFAS,interior,1
2026,7,PARAIBA,SALGADINHO,interior,1
2026,7,MINAS GERAIS,OLHOS-D'AGUA,interior,1
2026,7,MINAS GERAIS,SANTA RITA DE IBITIPOCA,interior,1
2026,7,PARAIBA,CAJAZEIRINHAS,interior,1
2026,7,SAO PAULO,SANTOPOLIS DO AGUAPEI,interior,1
2026,7,MINAS GERAIS,MATHIAS LOBATO,interior,1
2026,7,MINAS GERAIS,POUSO ALTO,interior,1
2026,7,CEARA,TEJUCUOCA,interior,1
2026,7,PIAUI,MANOEL EMIDIO,interior,1
2026,7,SERGIPE,TELHA,interior,1
2026,7,MINAS GERAIS,CRUCILANDIA,interior,1
2026,7,SAO PAULO,QUEIROZ,interior,1
2026,7,MINAS GERAIS,CARVALHOS,interior,1
2026,7,BAHIA,ABAIRA,interior,1
2026,7,PARA,SAPUCAIA,interior,1
2026,7,TOCANTINS,CRISTALANDIA,interior,1
2026,7,MINAS GERAIS,SANTANA DO RIACHO,interior,1
2026,7,MINAS GERAIS,CHALE,interior,1
2026,7,SAO PAULO,SANTA MERCEDES,interior,1
2026,7,MARANHAO,PASSAGEM FRANCA,interior,1
2026,7,MINAS GERAIS,LADAINHA,interior,1
2026,7,PARANA,CRUZMALTINA,interior,1
2026,7,TOCANTINS,RIO SONO,interior,1
2026,7,BAHIA,SEBASTIAO LARANJEIRAS,interior,1
2026,7,TOCANTINS,ALIANCA DO TOCANTINS,interior,1
2026,7,MINAS GERAIS,DATAS,interior,1
2026,7,RIO GRANDE DO NORTE,SAO JOAO DO SABUGI,interior,1
2026,7,MINAS GERAIS,JORDANIA,interior,1
2026,7,TOCANTINS,SAO BENTO DO TOCANTINS,interior,1
2026,7,SERGIPE,ILHA DAS FLORES,interior,1
2026,7,PARA,SANTA CRUZ DO ARARI,interior,1
2026,7,SERGIPE,SANTANA DO SAO FRANCISCO,interior,1
2026,7,MINAS GERAIS,ABADIA DOS DOURADOS,interior,1
2026,7,PARAIBA,CARAUBAS,interior,1
2026,7,PIAUI,NAZARE DO PIAUI,interior,1
2026,7,RIO GRANDE DO SUL,CAMPOS BORGES,interior,1
2026,7,RIO GRANDE DO SUL,MULITERNO,interior,1
2026,7,MINAS GERAIS,JAGUARACU,interior,1
2026,7,BAHIA,ARATUIPE,interior,1
2026,7,PARANA,SAPOPEMA,interior,1
2026,7,MINAS GERAIS,PESCADOR,interior,1
2026,7,PIAUI,SANTO INACIO DO PIAUI,interior,1
2026,7,PARA,SENADOR JOSE PORFIRIO,interior,1
2026,7,BAHIA,NOVO TRIUNFO,interior,1
2026,7,RIO GRANDE DO SUL,AGUA SANTA,interior,1
2026,7,PARANA,LARANJAL,interior,1
2026,7,RIO GRANDE DO SUL,POUSO NOVO,interior,1
2026,7,BAHIA,MUQUEM DO SAO FRANCISCO,interior,1
2026,7,RIO GRANDE DO SUL,NOVO XINGU,interior,1
2026,7,PIAUI,SANTA LUZ,interior,1
2026,7,BAHIA,VEREDA,interior,1
2026,7,RORAIMA,SAO LUIZ,interior,1
2026,7,PARAIBA,NAZAREZINHO,interior,1
2026,7,TOCANTINS,ITAPIRATINS,interior,1
2026,7,SAO PAULO,CRUZALIA,interior,1
2026,7,RIO GRANDE DO NORTE,AGUA NOVA,interior,1
2026,7,RIO GRANDE DO NORTE,PEDRO VELHO,interior,1
2026,7,RIO GRANDE DO NORTE,ARES,interior,1
2026,7,RIO GRANDE DO NORTE,BENTO FERNANDES,interior,1
2026,7,MINAS GERAIS,DIVINESIA,interior,1
2026,7,RONDONIA,CASTANHEIRAS,interior,1
2026,7,BAHIA,AIQUARA,interior,1
2026,7,MINAS GERAIS,SAO SEBASTIAO DO RIO VERDE,interior,1
2026,7,SERGIPE,BREJO GRANDE,interior,1
2026,7,TOCANTINS,ARAGOMINAS,interior,1
2026,7,PARAIBA,SAO FRANCISCO,interior,1
2026,7,PARANA,ESPERANCA NOVA,interior,1
2026,7,PIAUI,PAJEU DO PIAUI,interior,1
2026,7,SANTA CATARINA,PARAISO,interior,1
2026,7,MINAS GERAIS,DORES DO TURVO,interior,1
2026,7,PIAUI,SANTANA DO PIAUI,interior,1
2026,7,MINAS GERAIS,JAPARAIBA,interior,1
2026,7,PARAIBA,GURINHEM,interior,1
2026,7,BAHIA,MACAJUBA,interior,1
2026,7,GOIAS,CUMARI,interior,1
2026,7,MINAS GERAIS,AGUA BOA,interior,1
2026,7,BAHIA,ITAGUACU DA BAHIA,interior,1
2026,7,MINAS GERAIS,CENTRAL DE MINAS,interior,1
2026,7,RIO GRANDE DO SUL,VISTA ALEGRE,interior,1
2026,7,PIAUI,CORONEL JOSE DIAS,interior,1
2026,7,PARAIBA,BARRA DE SANTANA,interior,1
2026,7,SAO PAULO,NATIVIDADE DA SERRA,interior,1
2026,7,MARANHAO,SAO JOAO DO PARAISO,interior,1
2026,7,PARAIBA,CAPIM,interior,1
2026,7,PARANA,GUAPOREMA,interior,1
2026,7,MARANHAO,TUFILANDIA,interior,1
2026,7,MATO GROSSO DO SUL,PARANHOS,interior,1
2026,7,SANTA CATARINA,FREI ROGERIO,interior,1
2026,7,RORAIMA,ALTO ALEGRE,interior,1
2026,7,PIAUI,SAO JOAO DO ARRAIAL,interior,1
2026,7,PARANA,SANTA LUCIA,interior,1
2026,7,PARANA,VENTANIA,interior,1
2026,7,ACRE,ACRELANDIA,interior,1
2026,7,MINAS GERAIS,JAMPRUCA,interior,1
2026,7,PERNAMBUCO,QUIXABA,interior,1
2026,7,MARANHAO,BURITI BRAVO,interior,1
2026,7,PIAUI,CONCEICAO DO CANINDE,interior,1
2026,7,PARANA,SANTANA DO ITARARE,interior,1
2026,7,TOCANTINS,SUCUPIRA,interior,1
2026,7,MINAS GERAIS,PONTO DOS VOLANTES,interior,1
2026,7,MINAS GERAIS,CLARO DOS POCOES,interior,1
2026,7,RIO GRANDE DO SUL,SANTANA DA BOA VISTA,interior,1
2026,7,MINAS GERAIS,SAO JOSE DO MANTIMENTO,interior,1
2026,7,MINAS GERAIS,PIRACEMA,interior,1
2026,7,TOCANTINS,ALMAS,interior,1
2026,7,MINAS GERAIS,LAMIM,interior,1
2026,7,PARANA,SANTA MONICA,interior,1
2026,7,PARA,BONITO,interior,1
2026,7,GOIAS,PADRE BERNARDO,interior,1
2026,7,TOCANTINS,NOVA ROSALANDIA,interior,1
2026,7,MINAS GERAIS,RESSAQUINHA,interior,1
2026,7,MINAS GERAIS,CARAI,interior,1
2026,7,RIO GRANDE DO NORTE,LAGOA DE PEDRAS,interior,1
2026,7,SAO PAULO,RUBINEIA,interior,1
2026,7,PIAUI,FARTURA DO PIAUI,interior,1
2026,7,BAHIA,BARRO PRETO,interior,1
2026,7,MINAS GERAIS,PEDRA DO INDAIA,interior,1
2026,7,ALAGOAS,PALESTINA,interior,1
2026,7,SAO PAULO,ITAPURA,interior,1
2026,7,MINAS GERAIS,RIO VERMELHO,interior,1
2026,7,SAO PAULO,ALVARO DE CARVALHO,interior,1
2026,7,PARAIBA,MATO GROSSO,interior,1
2026,7,MINAS GERAIS,CORDISLANDIA,interior,1
2026,7,TOCANTINS,MONTE DO CARMO,interior,1
2026,7,RIO GRANDE DO SUL,VANINI,interior,1
2026,7,MINAS GERAIS,BIQUINHAS,interior,1
2026,7,PIAUI,MATIAS OLIMPIO,interior,1
2026,7,SERGIPE,CANHOBA,interior,1
2026,7,SANTA CATARINA,SAO CRISTOVAO DO SUL,interior,1
2026,7,BAHIA,BAIANOPOLIS,interior,1
2026,7,TOCANTINS,CARRASCO BONITO,interior,1
2026,7,PIAUI,GUARIBAS,interior,1
2026,7,MINAS GERAIS,PIRAJUBA,interior,1
2026,7,PERNAMBUCO,SALGADINHO,interior,1
2026,7,AMAPA,SERRA DO NAVIO,interior,1
2026,7,CEARA,MIRAIMA,interior,1
2026,7,BAHIA,LAMARAO,interior,1
2026,7,PIAUI,CURRALINHOS,interior,1
2026,7,PIAUI,ANTONIO ALMEIDA,interior,1
2026,7,MINAS GERAIS,MONTEZUMA,interior,1
2026,7,PARANA,FAROL,interior,1
2026,7,BAHIA,BOA NOVA,interior,1
2026,7,RIO GRANDE DO NORTE,SENADOR ELOI DE SOUZA,interior,1
2026,7,TOCANTINS,WANDERLANDIA,interior,1
2026,7,PIAUI,NOSSA SENHORA DE NAZARE,interior,1
2026,7,BAHIA,ABARE,interior,1
2026,7,SAO PAULO,SAO JOAO DAS DUAS PONTES,interior,1
2026,7,MARANHAO,NOVA COLINAS,interior,1
2026,7,MARANHAO,PALMEIRANDIA,interior,1
2026,7,MINAS GERAIS,LAGOA GRANDE,interior,1
2026,7,MINAS GERAIS,JOSE RAYDAN,interior,1
2026,7,MINAS GERAIS,CUPARAQUE,interior,1
2026,7,GOIAS,CAMPOS VERDES,interior,1
2026,7,PIAUI,RIO GRANDE DO PIAUI,interior,1
2026,7,MINAS GERAIS,DIVISOPOLIS,interior,1
2026,7,PIAUI,DOM INOCENCIO,interior,1
2026,7,RIO GRANDE DO SUL,HERVAL,interior,1
2026,7,PIAUI,AVELINO LOPES,interior,1
2026,7,MINAS GERAIS,CAIANA,interior,1
2026,7,PIAUI,CAMPINAS DO PIAUI,interior,1
2026,7,PARANA,CAMPO BONITO,interior,1
2026,7,PIAUI,ARRAIAL,interior,1
2026,7,BAHIA,BROTAS DE MACAUBAS,interior,1
2026,7,PARAIBA,SANTO ANDRE,interior,1
2026,7,MINAS GERAIS,GURINHATA,interior,1
2026,7,GOIAS,NOVA AMERICA,interior,1
2026,7,PARANA,PITANGUEIRAS,interior,1
2026,7,MINAS GERAIS,MANGA,interior,1
2026,7,MINAS GERAIS,CLARAVAL,interior,1
2026,7,RONDONIA,PARECIS,interior,1
2026,7,TOCANTINS,PONTE ALTA DO TOCANTINS,interior,1
2026,7,AMAZONAS,UARINI,interior,1
2026,7,MINAS GERAIS,SAO JOAO DA MATA,interior,1
2026,7,PIAUI,AGRICOLANDIA,interior,1
2026,7,PIAUI,JERUMENHA,interior,1
2026,7,PIAUI,SAO JOAO DA SERRA,interior,1
2026,7,RIO GRANDE DO SUL,GARRUCHOS,interior,1
2026,7,BAHIA,IGRAPIUNA,interior,1
2026,7,PIAUI,SAO JOAO DA VARJOTA,interior,1
2026,7,MINAS GERAIS,NOVO ORIENTE DE MINAS,interior,1
2026,7,AMAZONAS,SAO PAULO DE OLIVENCA,interior,1
2026,7,ALAGOAS,OLHO D'AGUA GRANDE,interior,1
2026,7,MINAS GERAIS,AGUA COMPRIDA,interior,1
2026,7,MINAS GERAIS,ARINOS,interior,1
2026,7,MARANHAO,CAMPESTRE DO MARANHAO,interior,1
2026,7,RIO GRANDE DO SUL,JAQUIRANA,interior,1
2026,7,PARAIBA,CACIMBA DE AREIA,interior,1
2026,7,MINAS GERAIS,FELISBURGO,interior,1
2026,7,PERNAMBUCO,SANTA FILOMENA,interior,1
2026,7,PARANA,MIRADOR,interior,1
2026,7,MINAS GERAIS,MAMONAS,interior,1
2026,7,GOIAS,DAMOLANDIA,interior,1
2026,7,RIO GRANDE DO SUL,CAPAO BONITO DO SUL,interior,1
2026,7,RIO GRANDE DO SUL,BRAGA,interior,1
2026,7,PARAIBA,ASSUNCAO,interior,1
2026,7,PIAUI,RIBEIRO GONCALVES,interior,1
2026,7,PARAIBA,CALDAS BRANDAO,interior,1
2026,7,MINAS GERAIS,NINHEIRA,interior,1
2026,7,MINAS GERAIS,ORIZANIA,interior,1
2026,7,RIO GRANDE DO SUL,VILA LANGARO,interior,1
2026,7,ALAGOAS,SAO JOSE DA TAPERA,interior,1
2026,7,MARANHAO,CENTRO NOVO DO MARANHAO,interior,1
2026,7,TOCANTINS,PIRAQUE,interior,1
2026,7,CEARA,QUITERIANOPOLIS,interior,1
2026,7,PARAIBA,ALCANTIL,interior,1
2026,7,PARAIBA,PIRPIRITUBA,interior,1
2026,7,BAHIA,ITAPEBI,interior,1
2026,7,TOCANTINS,PRESIDENTE KENNEDY,interior,1
2026,7,RIO GRANDE DO SUL,TIRADENTES DO SUL,interior,1
2026,7,MINAS GERAIS,PRATINHA,interior,1
2026,7,SAO PAULO,PLATINA,interior,1
