ano_ciclo,categoria,marca,modelo,versao,motor,propulsao_original,tecnologia_rotulo,combustivel_original,consumo_energetico_mj_km,autonomia_eletrica_ensaio_km,pagina_pdf,url_fonte,sha256_pdf,data_captura,unidade_autonomia,limite_uso,status_cobertura_ciclo,id_registro
2024,Sub Compacto,BYD,DOLPHIN MINI,GS EV,Elétrico,Elétrico,BEV_rotulo_inmetro,E,0.41,280.0,1,https://www.gov.br/inmetro/pt-br/assuntos/regulamentacao/avaliacao-da-conformidade/programa-brasileiro-de-etiquetagem/tabelas-de-eficiencia-energetica/veiculos-automotivos-pbe-veicular/pbe-veicular-2024-1.pdf/@@download/file,729f52c7959e72c74ca458c0023e812b48db5dcbddd8cc7ab19a3f0092bf3ffc,2026-10-01T16:59:17.172812+00:00,km_ensaio_padronizado,catalogo_de_versoes_nao_vendas_nem_telemetria,linhas_extraidas_sem_erro_detectado,ba7de89d11acefdf1c55c4111e388d1c3257b52b7d7168d965bd1d661a8695dd
2024,Sub Compacto,CAOA CHERY,ICAR EQ1,TEC,Elétrico,Elétrico,BEV_rotulo_inmetro,E,0.46,198.0,1,https://www.gov.br/inmetro/pt-br/assuntos/regulamentacao/avaliacao-da-conformidade/programa-brasileiro-de-etiquetagem/tabelas-de-eficiencia-energetica/veiculos-automotivos-pbe-veicular/pbe-veicular-2024-1.pdf/@@download/file,729f52c7959e72c74ca458c0023e812b48db5dcbddd8cc7ab19a3f0092bf3ffc,2026-10-01T16:59:17.172812+00:00,km_ensaio_padronizado,catalogo_de_versoes_nao_vendas_nem_telemetria,linhas_extraidas_sem_erro_detectado,571b80069c448aae26206ee81714043ed1dfc3de44e1a11c7635bc6f14eb04d0
2024,Sub Compacto,FIAT,500E,ICON,Elétrico,Elétrico,BEV_rotulo_inmetro,E,0.46,227.0,1,https://www.gov.br/inmetro/pt-br/assuntos/regulamentacao/avaliacao-da-conformidade/programa-brasileiro-de-etiquetagem/tabelas-de-eficiencia-energetica/veiculos-automotivos-pbe-veicular/pbe-veicular-2024-1.pdf/@@download/file,729f52c7959e72c74ca458c0023e812b48db5dcbddd8cc7ab19a3f0092bf3ffc,2026-10-01T16:59:17.172812+00:00,km_ensaio_padronizado,catalogo_de_versoes_nao_vendas_nem_telemetria,linhas_extraidas_sem_erro_detectado,8c284ab53fc8128f760a54001fd65880fe603d7ac76ec9db70732f37dd686e37
2024,Sub Compacto,JAC,e-JS1,e-JS1,Elétrico,Elétrico,BEV_rotulo_inmetro,E,0.5,181.0,1,https://www.gov.br/inmetro/pt-br/assuntos/regulamentacao/avaliacao-da-conformidade/programa-brasileiro-de-etiquetagem/tabelas-de-eficiencia-energetica/veiculos-automotivos-pbe-veicular/pbe-veicular-2024-1.pdf/@@download/file,729f52c7959e72c74ca458c0023e812b48db5dcbddd8cc7ab19a3f0092bf3ffc,2026-10-01T16:59:17.172812+00:00,km_ensaio_padronizado,catalogo_de_versoes_nao_vendas_nem_telemetria,linhas_extraidas_sem_erro_detectado,14356fde5866aa13e098531273d2d3a2242b440f8b28bf95d92dbdb5ae80f4f4
2024,Sub Compacto,JAC,e-JS1,e-JS1 EXT,Elétrico,Elétrico,BEV_rotulo_inmetro,E,0.5,181.0,1,https://www.gov.br/inmetro/pt-br/assuntos/regulamentacao/avaliacao-da-conformidade/programa-brasileiro-de-etiquetagem/tabelas-de-eficiencia-energetica/veiculos-automotivos-pbe-veicular/pbe-veicular-2024-1.pdf/@@download/file,729f52c7959e72c74ca458c0023e812b48db5dcbddd8cc7ab19a3f0092bf3ffc,2026-10-01T16:59:17.172812+00:00,km_ensaio_padronizado,catalogo_de_versoes_nao_vendas_nem_telemetria,linhas_extraidas_sem_erro_detectado,2a56977cf51f53d84051a2637b67e93acf856694e2602c995aa21c554e1a45fe
2024,Sub Compacto,Renault,E-KWID,INTENS,Elétrico,Elétrico,BEV_rotulo_inmetro,E,0.44,185.0,1,https://www.gov.br/inmetro/pt-br/assuntos/regulamentacao/avaliacao-da-conformidade/programa-brasileiro-de-etiquetagem/tabelas-de-eficiencia-energetica/veiculos-automotivos-pbe-veicular/pbe-veicular-2024-1.pdf/@@download/file,729f52c7959e72c74ca458c0023e812b48db5dcbddd8cc7ab19a3f0092bf3ffc,2026-10-01T16:59:17.172812+00:00,km_ensaio_padronizado,catalogo_de_versoes_nao_vendas_nem_telemetria,linhas_extraidas_sem_erro_detectado,13a098ca20afaa38db06eabccaf3bfb950c84145dba18b566736f672a6bf5af7
2024,Compacto,MINI,Cooper,S Electric,Elétrico,Elétrico,BEV_rotulo_inmetro,E,0.58,161.0,1,https://www.gov.br/inmetro/pt-br/assuntos/regulamentacao/avaliacao-da-conformidade/programa-brasileiro-de-etiquetagem/tabelas-de-eficiencia-energetica/veiculos-automotivos-pbe-veicular/pbe-veicular-2024-1.pdf/@@download/file,729f52c7959e72c74ca458c0023e812b48db5dcbddd8cc7ab19a3f0092bf3ffc,2026-10-01T16:59:17.172812+00:00,km_ensaio_padronizado,catalogo_de_versoes_nao_vendas_nem_telemetria,linhas_extraidas_sem_erro_detectado,35884b1d0b6defaaf2ea0deef18e3e2b39245396539925e4b2af5dd021c76b03
2024,Compacto,NETA,AYA,COMFORT 4S,ELÉTRICO,ELÉTRICO,BEV_rotulo_inmetro,E,0.43,263.0,1,https://www.gov.br/inmetro/pt-br/assuntos/regulamentacao/avaliacao-da-conformidade/programa-brasileiro-de-etiquetagem/tabelas-de-eficiencia-energetica/veiculos-automotivos-pbe-veicular/pbe-veicular-2024-1.pdf/@@download/file,729f52c7959e72c74ca458c0023e812b48db5dcbddd8cc7ab19a3f0092bf3ffc,2026-10-01T16:59:17.172812+00:00,km_ensaio_padronizado,catalogo_de_versoes_nao_vendas_nem_telemetria,linhas_extraidas_sem_erro_detectado,92e169d774169a5c05646a6a89af5b982d47a38e860bb4faf580eccf56e1c399
2024,Compacto,NETA,AYA,LUXURY 4S,ELÉTRICO,ELÉTRICO,BEV_rotulo_inmetro,E,0.43,263.0,1,https://www.gov.br/inmetro/pt-br/assuntos/regulamentacao/avaliacao-da-conformidade/programa-brasileiro-de-etiquetagem/tabelas-de-eficiencia-energetica/veiculos-automotivos-pbe-veicular/pbe-veicular-2024-1.pdf/@@download/file,729f52c7959e72c74ca458c0023e812b48db5dcbddd8cc7ab19a3f0092bf3ffc,2026-10-01T16:59:17.172812+00:00,km_ensaio_padronizado,catalogo_de_versoes_nao_vendas_nem_telemetria,linhas_extraidas_sem_erro_detectado,a08661ddab902e4ffcee2bfb4a116ebb63df63e19cbe75dd16e9dd97b6c3c9c0
2024,Compacto,PEUGEOT,E-208,GT,Elétrico,Elétrico,BEV_rotulo_inmetro,E,0.59,220.0,1,https://www.gov.br/inmetro/pt-br/assuntos/regulamentacao/avaliacao-da-conformidade/programa-brasileiro-de-etiquetagem/tabelas-de-eficiencia-energetica/veiculos-automotivos-pbe-veicular/pbe-veicular-2024-1.pdf/@@download/file,729f52c7959e72c74ca458c0023e812b48db5dcbddd8cc7ab19a3f0092bf3ffc,2026-10-01T16:59:17.172812+00:00,km_ensaio_padronizado,catalogo_de_versoes_nao_vendas_nem_telemetria,linhas_extraidas_sem_erro_detectado,cdda5e304c242b8172e763968b632d97742f54bbbb7cfaa1c48f5634fcba56ed
2024,Médio,AUDI,A3 Sportback,S line (ed. 0),2.0 - 16V,Híbrido,HIBRIDO_rotulo_inmetro,G,1.92,,1,https://www.gov.br/inmetro/pt-br/assuntos/regulamentacao/avaliacao-da-conformidade/programa-brasileiro-de-etiquetagem/tabelas-de-eficiencia-energetica/veiculos-automotivos-pbe-veicular/pbe-veicular-2024-1.pdf/@@download/file,729f52c7959e72c74ca458c0023e812b48db5dcbddd8cc7ab19a3f0092bf3ffc,2026-10-01T16:59:17.172812+00:00,km_ensaio_padronizado,catalogo_de_versoes_nao_vendas_nem_telemetria,linhas_extraidas_sem_erro_detectado,3c0f5fb95d32209c97febad3b096d2634ec27fbdd6eca32889b1e3266d0c4165
2024,Médio,AUDI,A3 Sportback,Performance Black (ed. 0),2.0 - 16V,Híbrido,HIBRIDO_rotulo_inmetro,G,1.92,,1,https://www.gov.br/inmetro/pt-br/assuntos/regulamentacao/avaliacao-da-conformidade/programa-brasileiro-de-etiquetagem/tabelas-de-eficiencia-energetica/veiculos-automotivos-pbe-veicular/pbe-veicular-2024-1.pdf/@@download/file,729f52c7959e72c74ca458c0023e812b48db5dcbddd8cc7ab19a3f0092bf3ffc,2026-10-01T16:59:17.172812+00:00,km_ensaio_padronizado,catalogo_de_versoes_nao_vendas_nem_telemetria,linhas_extraidas_sem_erro_detectado,9413875f125df976a73e80a4014ff42e0de880e751eb2880866eeb26654e8b81
2024,Médio,AUDI,A3 Sportback,S line,2.0 - 16V,Híbrido,HIBRIDO_rotulo_inmetro,G,1.9,,1,https://www.gov.br/inmetro/pt-br/assuntos/regulamentacao/avaliacao-da-conformidade/programa-brasileiro-de-etiquetagem/tabelas-de-eficiencia-energetica/veiculos-automotivos-pbe-veicular/pbe-veicular-2024-1.pdf/@@download/file,729f52c7959e72c74ca458c0023e812b48db5dcbddd8cc7ab19a3f0092bf3ffc,2026-10-01T16:59:17.172812+00:00,km_ensaio_padronizado,catalogo_de_versoes_nao_vendas_nem_telemetria,linhas_extraidas_sem_erro_detectado,f1bcf30a5023528a4645108569b4bce219ffbf62b4b2473c0e43ea6842409888
2024,Médio,AUDI,A3 Sportback,Performance Black,2.0 - 16V,Híbrido,HIBRIDO_rotulo_inmetro,G,1.9,,1,https://www.gov.br/inmetro/pt-br/assuntos/regulamentacao/avaliacao-da-conformidade/programa-brasileiro-de-etiquetagem/tabelas-de-eficiencia-energetica/veiculos-automotivos-pbe-veicular/pbe-veicular-2024-1.pdf/@@download/file,729f52c7959e72c74ca458c0023e812b48db5dcbddd8cc7ab19a3f0092bf3ffc,2026-10-01T16:59:17.172812+00:00,km_ensaio_padronizado,catalogo_de_versoes_nao_vendas_nem_telemetria,linhas_extraidas_sem_erro_detectado,d4742297af90297b1a0f8edf4e5021242e1e6c08bc3c7e1da2b261392c34eefb
2024,Médio,BYD,DOLPHIN,GS 180EV,Elétrico,Elétrico,BEV_rotulo_inmetro,E,0.42,291.0,1,https://www.gov.br/inmetro/pt-br/assuntos/regulamentacao/avaliacao-da-conformidade/programa-brasileiro-de-etiquetagem/tabelas-de-eficiencia-energetica/veiculos-automotivos-pbe-veicular/pbe-veicular-2024-1.pdf/@@download/file,729f52c7959e72c74ca458c0023e812b48db5dcbddd8cc7ab19a3f0092bf3ffc,2026-10-01T16:59:17.172812+00:00,km_ensaio_padronizado,catalogo_de_versoes_nao_vendas_nem_telemetria,linhas_extraidas_sem_erro_detectado,52559c942c55f644031fa7a2d3ff3598a63ba1759853da64392f67339e2afd4c
2024,Médio,BYD,DOLPHIN,PLUS 310EV,Elétrico,Elétrico,BEV_rotulo_inmetro,E,0.51,330.0,1,https://www.gov.br/inmetro/pt-br/assuntos/regulamentacao/avaliacao-da-conformidade/programa-brasileiro-de-etiquetagem/tabelas-de-eficiencia-energetica/veiculos-automotivos-pbe-veicular/pbe-veicular-2024-1.pdf/@@download/file,729f52c7959e72c74ca458c0023e812b48db5dcbddd8cc7ab19a3f0092bf3ffc,2026-10-01T16:59:17.172812+00:00,km_ensaio_padronizado,catalogo_de_versoes_nao_vendas_nem_telemetria,linhas_extraidas_sem_erro_detectado,ac67a60227265c81d816bdeca5d6d238fdc1c82103f449b53886502ae7eae43e
2024,Médio,BYD,YUAN PRO,GS 290EV,Elétrico,Elétrico,BEV_rotulo_inmetro,E,0.51,250.0,1,https://www.gov.br/inmetro/pt-br/assuntos/regulamentacao/avaliacao-da-conformidade/programa-brasileiro-de-etiquetagem/tabelas-de-eficiencia-energetica/veiculos-automotivos-pbe-veicular/pbe-veicular-2024-1.pdf/@@download/file,729f52c7959e72c74ca458c0023e812b48db5dcbddd8cc7ab19a3f0092bf3ffc,2026-10-01T16:59:17.172812+00:00,km_ensaio_padronizado,catalogo_de_versoes_nao_vendas_nem_telemetria,linhas_extraidas_sem_erro_detectado,7f9d3cd141d18db14862bdf74d8bc9d5e3cb5195ca8b67f0ea6f392a564ead26
2024,Médio,CHEVROLET,BOLT,LT,Elétrico,Elétrico,BEV_rotulo_inmetro,E,0.48,390.0,2,https://www.gov.br/inmetro/pt-br/assuntos/regulamentacao/avaliacao-da-conformidade/programa-brasileiro-de-etiquetagem/tabelas-de-eficiencia-energetica/veiculos-automotivos-pbe-veicular/pbe-veicular-2024-1.pdf/@@download/file,729f52c7959e72c74ca458c0023e812b48db5dcbddd8cc7ab19a3f0092bf3ffc,2026-10-01T16:59:17.172812+00:00,km_ensaio_padronizado,catalogo_de_versoes_nao_vendas_nem_telemetria,linhas_extraidas_sem_erro_detectado,b4d20a245828b79b9a427755f13cc172aa81714f6d3aadaef04e598361635d22
2024,Médio,CHEVROLET,BOLT,PREMIER,Elétrico,Elétrico,BEV_rotulo_inmetro,E,0.48,390.0,2,https://www.gov.br/inmetro/pt-br/assuntos/regulamentacao/avaliacao-da-conformidade/programa-brasileiro-de-etiquetagem/tabelas-de-eficiencia-energetica/veiculos-automotivos-pbe-veicular/pbe-veicular-2024-1.pdf/@@download/file,729f52c7959e72c74ca458c0023e812b48db5dcbddd8cc7ab19a3f0092bf3ffc,2026-10-01T16:59:17.172812+00:00,km_ensaio_padronizado,catalogo_de_versoes_nao_vendas_nem_telemetria,linhas_extraidas_sem_erro_detectado,86e6d99983854d889f470d44c1f354d6df76f45a528b0f1d2ecb4db3de12ff20
2024,Médio,CHEVROLET,BOLT EUV,PREMIER,Elétrico,Elétrico,BEV_rotulo_inmetro,E,0.48,377.0,2,https://www.gov.br/inmetro/pt-br/assuntos/regulamentacao/avaliacao-da-conformidade/programa-brasileiro-de-etiquetagem/tabelas-de-eficiencia-energetica/veiculos-automotivos-pbe-veicular/pbe-veicular-2024-1.pdf/@@download/file,729f52c7959e72c74ca458c0023e812b48db5dcbddd8cc7ab19a3f0092bf3ffc,2026-10-01T16:59:17.172812+00:00,km_ensaio_padronizado,catalogo_de_versoes_nao_vendas_nem_telemetria,linhas_extraidas_sem_erro_detectado,f3060098a3b7ac5ecde20b729855b4795932c5722d959c3df2c0f8afd9d8a9f4
2024,Médio,GWM,ORA 03,GT BEV63,Elétrico,Elétrico,BEV_rotulo_inmetro,E,0.51,319.0,2,https://www.gov.br/inmetro/pt-br/assuntos/regulamentacao/avaliacao-da-conformidade/programa-brasileiro-de-etiquetagem/tabelas-de-eficiencia-energetica/veiculos-automotivos-pbe-veicular/pbe-veicular-2024-1.pdf/@@download/file,729f52c7959e72c74ca458c0023e812b48db5dcbddd8cc7ab19a3f0092bf3ffc,2026-10-01T16:59:17.172812+00:00,km_ensaio_padronizado,catalogo_de_versoes_nao_vendas_nem_telemetria,linhas_extraidas_sem_erro_detectado,c1af409ddce7e37de8746fb9e62a4de3bc6287add1453cd86f46d52451bd3f36
2024,Médio,GWM,ORA 03,SKIN BEV48,Elétrico,Elétrico,BEV_rotulo_inmetro,E,0.52,232.0,2,https://www.gov.br/inmetro/pt-br/assuntos/regulamentacao/avaliacao-da-conformidade/programa-brasileiro-de-etiquetagem/tabelas-de-eficiencia-energetica/veiculos-automotivos-pbe-veicular/pbe-veicular-2024-1.pdf/@@download/file,729f52c7959e72c74ca458c0023e812b48db5dcbddd8cc7ab19a3f0092bf3ffc,2026-10-01T16:59:17.172812+00:00,km_ensaio_padronizado,catalogo_de_versoes_nao_vendas_nem_telemetria,linhas_extraidas_sem_erro_detectado,cae4b5af65b8706d0a3b5f43450f7ad60f83386945e699cdabd674355e0445ce
2024,Médio,HYUNDAI,IONIQ,HEV,1.6 -16V,Híbrido,HIBRIDO_rotulo_inmetro,G,1.09,,2,https://www.gov.br/inmetro/pt-br/assuntos/regulamentacao/avaliacao-da-conformidade/programa-brasileiro-de-etiquetagem/tabelas-de-eficiencia-energetica/veiculos-automotivos-pbe-veicular/pbe-veicular-2024-1.pdf/@@download/file,729f52c7959e72c74ca458c0023e812b48db5dcbddd8cc7ab19a3f0092bf3ffc,2026-10-01T16:59:17.172812+00:00,km_ensaio_padronizado,catalogo_de_versoes_nao_vendas_nem_telemetria,linhas_extraidas_sem_erro_detectado,ca77315b0abfb32afcde075240f2f61e6570a4c38e77393e31a8162124917e27
2024,Médio,HYUNDAI,KONA HEV,HEV GLS,1.6 -16V,Híbrido,HIBRIDO_rotulo_inmetro,G,1.11,,2,https://www.gov.br/inmetro/pt-br/assuntos/regulamentacao/avaliacao-da-conformidade/programa-brasileiro-de-etiquetagem/tabelas-de-eficiencia-energetica/veiculos-automotivos-pbe-veicular/pbe-veicular-2024-1.pdf/@@download/file,729f52c7959e72c74ca458c0023e812b48db5dcbddd8cc7ab19a3f0092bf3ffc,2026-10-01T16:59:17.172812+00:00,km_ensaio_padronizado,catalogo_de_versoes_nao_vendas_nem_telemetria,linhas_extraidas_sem_erro_detectado,f1c1b5895ce8aef62c307237af2b07187a516010aae549ef30d849b94aee9e73
2024,Médio,HYUNDAI,KONA HEV,HEV LTD,1.6 -16V,Híbrido,HIBRIDO_rotulo_inmetro,G,1.11,,2,https://www.gov.br/inmetro/pt-br/assuntos/regulamentacao/avaliacao-da-conformidade/programa-brasileiro-de-etiquetagem/tabelas-de-eficiencia-energetica/veiculos-automotivos-pbe-veicular/pbe-veicular-2024-1.pdf/@@download/file,729f52c7959e72c74ca458c0023e812b48db5dcbddd8cc7ab19a3f0092bf3ffc,2026-10-01T16:59:17.172812+00:00,km_ensaio_padronizado,catalogo_de_versoes_nao_vendas_nem_telemetria,linhas_extraidas_sem_erro_detectado,c598db8bd8eb1135139dc8a8e6f0150837ebfe386f228cd22103d8e6bdf59c9e
2024,Médio,HYUNDAI,KONA EV,EV39,Elétrico,Elétrico,BEV_rotulo_inmetro,E,0.44,252.0,2,https://www.gov.br/inmetro/pt-br/assuntos/regulamentacao/avaliacao-da-conformidade/programa-brasileiro-de-etiquetagem/tabelas-de-eficiencia-energetica/veiculos-automotivos-pbe-veicular/pbe-veicular-2024-1.pdf/@@download/file,729f52c7959e72c74ca458c0023e812b48db5dcbddd8cc7ab19a3f0092bf3ffc,2026-10-01T16:59:17.172812+00:00,km_ensaio_padronizado,catalogo_de_versoes_nao_vendas_nem_telemetria,linhas_extraidas_sem_erro_detectado,4f9eb014116168f657f4a9f526b5d269c720cb62366550243f310c26774ef007
2024,Médio,JAC,e-JS4,e-JS4,Elétrico,Elétrico,BEV_rotulo_inmetro,E,0.47,307.0,2,https://www.gov.br/inmetro/pt-br/assuntos/regulamentacao/avaliacao-da-conformidade/programa-brasileiro-de-etiquetagem/tabelas-de-eficiencia-energetica/veiculos-automotivos-pbe-veicular/pbe-veicular-2024-1.pdf/@@download/file,729f52c7959e72c74ca458c0023e812b48db5dcbddd8cc7ab19a3f0092bf3ffc,2026-10-01T16:59:17.172812+00:00,km_ensaio_padronizado,catalogo_de_versoes_nao_vendas_nem_telemetria,linhas_extraidas_sem_erro_detectado,fbfbc6bdf2799a4a19fef5ae5feda1c653ba5cd83ed0e4e2aa9c01891764ac2b
2024,Médio,KIA,STONIC,MHEV EX,1.0 - 12V,Híbrido,HIBRIDO_rotulo_inmetro,G,1.55,,2,https://www.gov.br/inmetro/pt-br/assuntos/regulamentacao/avaliacao-da-conformidade/programa-brasileiro-de-etiquetagem/tabelas-de-eficiencia-energetica/veiculos-automotivos-pbe-veicular/pbe-veicular-2024-1.pdf/@@download/file,729f52c7959e72c74ca458c0023e812b48db5dcbddd8cc7ab19a3f0092bf3ffc,2026-10-01T16:59:17.172812+00:00,km_ensaio_padronizado,catalogo_de_versoes_nao_vendas_nem_telemetria,linhas_extraidas_sem_erro_detectado,94cb1624b5745be8d7eb966ae8cd56cb2e72975be5453214ad1eeacc07fc7b38
2024,Médio,KIA,STONIC,MHEV LX,1.0 - 12V,Híbrido,HIBRIDO_rotulo_inmetro,G,1.55,,2,https://www.gov.br/inmetro/pt-br/assuntos/regulamentacao/avaliacao-da-conformidade/programa-brasileiro-de-etiquetagem/tabelas-de-eficiencia-energetica/veiculos-automotivos-pbe-veicular/pbe-veicular-2024-1.pdf/@@download/file,729f52c7959e72c74ca458c0023e812b48db5dcbddd8cc7ab19a3f0092bf3ffc,2026-10-01T16:59:17.172812+00:00,km_ensaio_padronizado,catalogo_de_versoes_nao_vendas_nem_telemetria,linhas_extraidas_sem_erro_detectado,a0255e3694536cf48e7899ca8760656194bc883022f0e5ad9c4231d9413bf7c1
2024,Médio,KIA,STONIC,MHEV SX,1.0 - 12V,Híbrido,HIBRIDO_rotulo_inmetro,G,1.55,,2,https://www.gov.br/inmetro/pt-br/assuntos/regulamentacao/avaliacao-da-conformidade/programa-brasileiro-de-etiquetagem/tabelas-de-eficiencia-energetica/veiculos-automotivos-pbe-veicular/pbe-veicular-2024-1.pdf/@@download/file,729f52c7959e72c74ca458c0023e812b48db5dcbddd8cc7ab19a3f0092bf3ffc,2026-10-01T16:59:17.172812+00:00,km_ensaio_padronizado,catalogo_de_versoes_nao_vendas_nem_telemetria,linhas_extraidas_sem_erro_detectado,e81dbae8ebff6033a04d40e87c727a3bdbaf580cfbb92bb2f9db080360e77bb1
2024,Médio,KIA,STONIC,MHEV GT,1.0 - 12V,Híbrido,HIBRIDO_rotulo_inmetro,G,1.55,,2,https://www.gov.br/inmetro/pt-br/assuntos/regulamentacao/avaliacao-da-conformidade/programa-brasileiro-de-etiquetagem/tabelas-de-eficiencia-energetica/veiculos-automotivos-pbe-veicular/pbe-veicular-2024-1.pdf/@@download/file,729f52c7959e72c74ca458c0023e812b48db5dcbddd8cc7ab19a3f0092bf3ffc,2026-10-01T16:59:17.172812+00:00,km_ensaio_padronizado,catalogo_de_versoes_nao_vendas_nem_telemetria,linhas_extraidas_sem_erro_detectado,0a121fb3cc5cb92dd980be2f99b87c95f03fab1831ea1c46cea801494d03c444
2024,Médio,Mercedes-Benz,A200 AMG LINE,,1.3-16V,Híbrido,HIBRIDO_rotulo_inmetro,G,1.63,,2,https://www.gov.br/inmetro/pt-br/assuntos/regulamentacao/avaliacao-da-conformidade/programa-brasileiro-de-etiquetagem/tabelas-de-eficiencia-energetica/veiculos-automotivos-pbe-veicular/pbe-veicular-2024-1.pdf/@@download/file,729f52c7959e72c74ca458c0023e812b48db5dcbddd8cc7ab19a3f0092bf3ffc,2026-10-01T16:59:17.172812+00:00,km_ensaio_padronizado,catalogo_de_versoes_nao_vendas_nem_telemetria,linhas_extraidas_sem_erro_detectado,6082e9db269e1bfc5f0b5fe27b8a9a10991ca3e5cbf6115fc36ee26765afba2c
2024,Médio,MINI,Countryman,PHEV,1.5 - 12V,Plug-in,PHEV_rotulo_inmetro,G,0.8,8.0,3,https://www.gov.br/inmetro/pt-br/assuntos/regulamentacao/avaliacao-da-conformidade/programa-brasileiro-de-etiquetagem/tabelas-de-eficiencia-energetica/veiculos-automotivos-pbe-veicular/pbe-veicular-2024-1.pdf/@@download/file,729f52c7959e72c74ca458c0023e812b48db5dcbddd8cc7ab19a3f0092bf3ffc,2026-10-01T16:59:17.172812+00:00,km_ensaio_padronizado,catalogo_de_versoes_nao_vendas_nem_telemetria,linhas_extraidas_sem_erro_detectado,b799df93c94f78dd00eb26eed257287ba48a3220bf81afbb0cb7f3701134a9ac
2024,Médio,PEUGEOT,E2008,GT,Elétrico,Elétrico,BEV_rotulo_inmetro,E,0.55,234.0,3,https://www.gov.br/inmetro/pt-br/assuntos/regulamentacao/avaliacao-da-conformidade/programa-brasileiro-de-etiquetagem/tabelas-de-eficiencia-energetica/veiculos-automotivos-pbe-veicular/pbe-veicular-2024-1.pdf/@@download/file,729f52c7959e72c74ca458c0023e812b48db5dcbddd8cc7ab19a3f0092bf3ffc,2026-10-01T16:59:17.172812+00:00,km_ensaio_padronizado,catalogo_de_versoes_nao_vendas_nem_telemetria,linhas_extraidas_sem_erro_detectado,ea352a8f530de1eeb359ba4368a2eb52441eeb3108506787b981d2b92a8a0e93
2024,Médio,Renault,Zoe,NEO INT,Elétrico,Elétrico,BEV_rotulo_inmetro,E,0.66,254.0,3,https://www.gov.br/inmetro/pt-br/assuntos/regulamentacao/avaliacao-da-conformidade/programa-brasileiro-de-etiquetagem/tabelas-de-eficiencia-energetica/veiculos-automotivos-pbe-veicular/pbe-veicular-2024-1.pdf/@@download/file,729f52c7959e72c74ca458c0023e812b48db5dcbddd8cc7ab19a3f0092bf3ffc,2026-10-01T16:59:17.172812+00:00,km_ensaio_padronizado,catalogo_de_versoes_nao_vendas_nem_telemetria,linhas_extraidas_sem_erro_detectado,49428d2e19347b0008d83fc2527fe89f37c818f3722f681c19bb0f201fa78abe
2024,Médio,Renault,Mégane,E-Tech,Elétrico,Elétrico,BEV_rotulo_inmetro,E,0.51,337.0,3,https://www.gov.br/inmetro/pt-br/assuntos/regulamentacao/avaliacao-da-conformidade/programa-brasileiro-de-etiquetagem/tabelas-de-eficiencia-energetica/veiculos-automotivos-pbe-veicular/pbe-veicular-2024-1.pdf/@@download/file,729f52c7959e72c74ca458c0023e812b48db5dcbddd8cc7ab19a3f0092bf3ffc,2026-10-01T16:59:17.172812+00:00,km_ensaio_padronizado,catalogo_de_versoes_nao_vendas_nem_telemetria,linhas_extraidas_sem_erro_detectado,e5e1e9d19cc1bb8b22d903abf838cada800fcded7be784e479a0098c8aa7892d
2024,Médio,VOLVO,EX30,E40 CORE,Elétrico,Elétrico,BEV_rotulo_inmetro,E,0.55,250.0,3,https://www.gov.br/inmetro/pt-br/assuntos/regulamentacao/avaliacao-da-conformidade/programa-brasileiro-de-etiquetagem/tabelas-de-eficiencia-energetica/veiculos-automotivos-pbe-veicular/pbe-veicular-2024-1.pdf/@@download/file,729f52c7959e72c74ca458c0023e812b48db5dcbddd8cc7ab19a3f0092bf3ffc,2026-10-01T16:59:17.172812+00:00,km_ensaio_padronizado,catalogo_de_versoes_nao_vendas_nem_telemetria,linhas_extraidas_sem_erro_detectado,12b8edfbb8a6fff667d8fea3a2db24f7a588c0bc9dfbc3b62a64858554029ac7
2024,Médio,VOLVO,EX30,E60 ULTRA,Elétrico,Elétrico,BEV_rotulo_inmetro,E,0.52,338.0,3,https://www.gov.br/inmetro/pt-br/assuntos/regulamentacao/avaliacao-da-conformidade/programa-brasileiro-de-etiquetagem/tabelas-de-eficiencia-energetica/veiculos-automotivos-pbe-veicular/pbe-veicular-2024-1.pdf/@@download/file,729f52c7959e72c74ca458c0023e812b48db5dcbddd8cc7ab19a3f0092bf3ffc,2026-10-01T16:59:17.172812+00:00,km_ensaio_padronizado,catalogo_de_versoes_nao_vendas_nem_telemetria,linhas_extraidas_sem_erro_detectado,ef05f8c084898d840a2031aeeb0ac3b37da3eb252182699f0b3941ed44805ece
2024,Médio,VOLVO,EX30,E60 PLUS,Elétrico,Elétrico,BEV_rotulo_inmetro,E,0.52,338.0,3,https://www.gov.br/inmetro/pt-br/assuntos/regulamentacao/avaliacao-da-conformidade/programa-brasileiro-de-etiquetagem/tabelas-de-eficiencia-energetica/veiculos-automotivos-pbe-veicular/pbe-veicular-2024-1.pdf/@@download/file,729f52c7959e72c74ca458c0023e812b48db5dcbddd8cc7ab19a3f0092bf3ffc,2026-10-01T16:59:17.172812+00:00,km_ensaio_padronizado,catalogo_de_versoes_nao_vendas_nem_telemetria,linhas_extraidas_sem_erro_detectado,36ac5957f52527e2d3f682887d9701c3515b53904511226bf6c9418e46994a02
2024,Médio,VOLVO,EX30,E60 CORE,Elétrico,Elétrico,BEV_rotulo_inmetro,E,0.52,338.0,3,https://www.gov.br/inmetro/pt-br/assuntos/regulamentacao/avaliacao-da-conformidade/programa-brasileiro-de-etiquetagem/tabelas-de-eficiencia-energetica/veiculos-automotivos-pbe-veicular/pbe-veicular-2024-1.pdf/@@download/file,729f52c7959e72c74ca458c0023e812b48db5dcbddd8cc7ab19a3f0092bf3ffc,2026-10-01T16:59:17.172812+00:00,km_ensaio_padronizado,catalogo_de_versoes_nao_vendas_nem_telemetria,linhas_extraidas_sem_erro_detectado,a8043673c2ca120cd6dad64fc12b6c55afb43087e4ed28fa2664a08d3a816781
2024,Grande,AUDI,A3 Sedan,S line (ed. 0),2.0 - 16V,Híbrido,HIBRIDO_rotulo_inmetro,G,1.88,,3,https://www.gov.br/inmetro/pt-br/assuntos/regulamentacao/avaliacao-da-conformidade/programa-brasileiro-de-etiquetagem/tabelas-de-eficiencia-energetica/veiculos-automotivos-pbe-veicular/pbe-veicular-2024-1.pdf/@@download/file,729f52c7959e72c74ca458c0023e812b48db5dcbddd8cc7ab19a3f0092bf3ffc,2026-10-01T16:59:17.172812+00:00,km_ensaio_padronizado,catalogo_de_versoes_nao_vendas_nem_telemetria,linhas_extraidas_sem_erro_detectado,f30ca57ff1b83b8d0a9ffb3b90e1a338bcc7ca6f16dd312e72ff1152dc4afdbe
2024,Grande,AUDI,A3 Sedan,Performance Black (ed. 0),2.0 - 16V,Híbrido,HIBRIDO_rotulo_inmetro,G,1.88,,3,https://www.gov.br/inmetro/pt-br/assuntos/regulamentacao/avaliacao-da-conformidade/programa-brasileiro-de-etiquetagem/tabelas-de-eficiencia-energetica/veiculos-automotivos-pbe-veicular/pbe-veicular-2024-1.pdf/@@download/file,729f52c7959e72c74ca458c0023e812b48db5dcbddd8cc7ab19a3f0092bf3ffc,2026-10-01T16:59:17.172812+00:00,km_ensaio_padronizado,catalogo_de_versoes_nao_vendas_nem_telemetria,linhas_extraidas_sem_erro_detectado,e45c051aa179483a814937f1ad066146f011c548f3363649f8daa0f000b554f3
2024,Grande,AUDI,A3 Sedan,S line,2.0 - 16V,Híbrido,HIBRIDO_rotulo_inmetro,G,1.87,,3,https://www.gov.br/inmetro/pt-br/assuntos/regulamentacao/avaliacao-da-conformidade/programa-brasileiro-de-etiquetagem/tabelas-de-eficiencia-energetica/veiculos-automotivos-pbe-veicular/pbe-veicular-2024-1.pdf/@@download/file,729f52c7959e72c74ca458c0023e812b48db5dcbddd8cc7ab19a3f0092bf3ffc,2026-10-01T16:59:17.172812+00:00,km_ensaio_padronizado,catalogo_de_versoes_nao_vendas_nem_telemetria,linhas_extraidas_sem_erro_detectado,0cceda686bec1f43304a4771f85d54f4be32a433d7784e1f57c4dc0b16050732
2024,Grande,AUDI,A3 Sedan,Performance Black,2.0 - 16V,Híbrido,HIBRIDO_rotulo_inmetro,G,1.87,,3,https://www.gov.br/inmetro/pt-br/assuntos/regulamentacao/avaliacao-da-conformidade/programa-brasileiro-de-etiquetagem/tabelas-de-eficiencia-energetica/veiculos-automotivos-pbe-veicular/pbe-veicular-2024-1.pdf/@@download/file,729f52c7959e72c74ca458c0023e812b48db5dcbddd8cc7ab19a3f0092bf3ffc,2026-10-01T16:59:17.172812+00:00,km_ensaio_padronizado,catalogo_de_versoes_nao_vendas_nem_telemetria,linhas_extraidas_sem_erro_detectado,2b7790f51f94dc798450a4bcf2493f55a83e888774b7c3ee8617b6bc1b216e05
2024,Grande,BMW,iX1,xDrive30,Elétrico,Elétrico,BEV_rotulo_inmetro,E,0.63,303.0,3,https://www.gov.br/inmetro/pt-br/assuntos/regulamentacao/avaliacao-da-conformidade/programa-brasileiro-de-etiquetagem/tabelas-de-eficiencia-energetica/veiculos-automotivos-pbe-veicular/pbe-veicular-2024-1.pdf/@@download/file,729f52c7959e72c74ca458c0023e812b48db5dcbddd8cc7ab19a3f0092bf3ffc,2026-10-01T16:59:17.172812+00:00,km_ensaio_padronizado,catalogo_de_versoes_nao_vendas_nem_telemetria,linhas_extraidas_sem_erro_detectado,03d0e991e961e0f058c6dbedd6de2cd2a87dde4c5b48c505e8328e21b6a200fc
2024,Grande,BMW,iX1,eDrive20,Elétrico,Elétrico,BEV_rotulo_inmetro,E,0.56,,3,https://www.gov.br/inmetro/pt-br/assuntos/regulamentacao/avaliacao-da-conformidade/programa-brasileiro-de-etiquetagem/tabelas-de-eficiencia-energetica/veiculos-automotivos-pbe-veicular/pbe-veicular-2024-1.pdf/@@download/file,729f52c7959e72c74ca458c0023e812b48db5dcbddd8cc7ab19a3f0092bf3ffc,2026-10-01T16:59:17.172812+00:00,km_ensaio_padronizado,catalogo_de_versoes_nao_vendas_nem_telemetria,linhas_extraidas_sem_erro_detectado,d05fa4978fff9360f17caa98f1070dd7a37c536b96836e9d339776c3f1e66d9d
2024,Grande,BMW,iX2,xDrive30,Elétrico,Elétrico,BEV_rotulo_inmetro,E,0.57,337.0,3,https://www.gov.br/inmetro/pt-br/assuntos/regulamentacao/avaliacao-da-conformidade/programa-brasileiro-de-etiquetagem/tabelas-de-eficiencia-energetica/veiculos-automotivos-pbe-veicular/pbe-veicular-2024-1.pdf/@@download/file,729f52c7959e72c74ca458c0023e812b48db5dcbddd8cc7ab19a3f0092bf3ffc,2026-10-01T16:59:17.172812+00:00,km_ensaio_padronizado,catalogo_de_versoes_nao_vendas_nem_telemetria,linhas_extraidas_sem_erro_detectado,850e52f090e31ccdeee34a7ffe297dc52d6e89d5d966d73ef3246478419f325a
2024,Grande,BYD,D1,GL 180EV,Elétrico,Elétrico,BEV_rotulo_inmetro,E,0.55,258.0,3,https://www.gov.br/inmetro/pt-br/assuntos/regulamentacao/avaliacao-da-conformidade/programa-brasileiro-de-etiquetagem/tabelas-de-eficiencia-energetica/veiculos-automotivos-pbe-veicular/pbe-veicular-2024-1.pdf/@@download/file,729f52c7959e72c74ca458c0023e812b48db5dcbddd8cc7ab19a3f0092bf3ffc,2026-10-01T16:59:17.172812+00:00,km_ensaio_padronizado,catalogo_de_versoes_nao_vendas_nem_telemetria,linhas_extraidas_sem_erro_detectado,29fc7609c2bcbcf7fb419f2abac658e609272415bfdd311d8376fa26cd17e748
2024,Grande,BYD,D1,GS 180EV,Elétrico,Elétrico,BEV_rotulo_inmetro,E,0.55,258.0,3,https://www.gov.br/inmetro/pt-br/assuntos/regulamentacao/avaliacao-da-conformidade/programa-brasileiro-de-etiquetagem/tabelas-de-eficiencia-energetica/veiculos-automotivos-pbe-veicular/pbe-veicular-2024-1.pdf/@@download/file,729f52c7959e72c74ca458c0023e812b48db5dcbddd8cc7ab19a3f0092bf3ffc,2026-10-01T16:59:17.172812+00:00,km_ensaio_padronizado,catalogo_de_versoes_nao_vendas_nem_telemetria,linhas_extraidas_sem_erro_detectado,54d0ce255be52f957a7b07b610a9722306bd0e2c2a7e91273c2dde09b276b858
2024,Grande,CAOA CHERY,ARRIZO 6,PRO H,1.5T -16V,Híbrido,HIBRIDO_rotulo_inmetro,F,1.63,,3,https://www.gov.br/inmetro/pt-br/assuntos/regulamentacao/avaliacao-da-conformidade/programa-brasileiro-de-etiquetagem/tabelas-de-eficiencia-energetica/veiculos-automotivos-pbe-veicular/pbe-veicular-2024-1.pdf/@@download/file,729f52c7959e72c74ca458c0023e812b48db5dcbddd8cc7ab19a3f0092bf3ffc,2026-10-01T16:59:17.172812+00:00,km_ensaio_padronizado,catalogo_de_versoes_nao_vendas_nem_telemetria,linhas_extraidas_sem_erro_detectado,d0d9b14cfdf6a8164da4fd6a229dd6dccee99146a68e04cadcc5e5567e905b2a
2024,Grande,HONDA,CIVIC HYBRID,TOURING,2.0 - 16V,Híbrido,HIBRIDO_rotulo_inmetro,G,1.21,,3,https://www.gov.br/inmetro/pt-br/assuntos/regulamentacao/avaliacao-da-conformidade/programa-brasileiro-de-etiquetagem/tabelas-de-eficiencia-energetica/veiculos-automotivos-pbe-veicular/pbe-veicular-2024-1.pdf/@@download/file,729f52c7959e72c74ca458c0023e812b48db5dcbddd8cc7ab19a3f0092bf3ffc,2026-10-01T16:59:17.172812+00:00,km_ensaio_padronizado,catalogo_de_versoes_nao_vendas_nem_telemetria,linhas_extraidas_sem_erro_detectado,201a5bcab413795313cb4dd637431790b2f4f54ecdf5669ba50eed0e0f435d8b
2024,Grande,JEEP,COMPASS,S 4XE,1.3-16V T,Plug-in,PHEV_rotulo_inmetro,G,0.8,30.0,3,https://www.gov.br/inmetro/pt-br/assuntos/regulamentacao/avaliacao-da-conformidade/programa-brasileiro-de-etiquetagem/tabelas-de-eficiencia-energetica/veiculos-automotivos-pbe-veicular/pbe-veicular-2024-1.pdf/@@download/file,729f52c7959e72c74ca458c0023e812b48db5dcbddd8cc7ab19a3f0092bf3ffc,2026-10-01T16:59:17.172812+00:00,km_ensaio_padronizado,catalogo_de_versoes_nao_vendas_nem_telemetria,linhas_extraidas_sem_erro_detectado,9f3848d8c8f5c8d1a8c5a894cd5d9da6e04baff34f8cd42b41b9d0984a356c98
2024,Grande,KIA,NIRO,HEV 1.6 EX,1.6 - 16V,Híbrido,HIBRIDO_rotulo_inmetro,G,1.1,,3,https://www.gov.br/inmetro/pt-br/assuntos/regulamentacao/avaliacao-da-conformidade/programa-brasileiro-de-etiquetagem/tabelas-de-eficiencia-energetica/veiculos-automotivos-pbe-veicular/pbe-veicular-2024-1.pdf/@@download/file,729f52c7959e72c74ca458c0023e812b48db5dcbddd8cc7ab19a3f0092bf3ffc,2026-10-01T16:59:17.172812+00:00,km_ensaio_padronizado,catalogo_de_versoes_nao_vendas_nem_telemetria,linhas_extraidas_sem_erro_detectado,145c1c47d755c0a934c3d77a53b8f5c7f6b009444c7dd54bef0fa2b51e121040
2024,Grande,KIA,NIRO,HEV 1.6 LX,1.6 - 16V,Híbrido,HIBRIDO_rotulo_inmetro,G,1.1,,3,https://www.gov.br/inmetro/pt-br/assuntos/regulamentacao/avaliacao-da-conformidade/programa-brasileiro-de-etiquetagem/tabelas-de-eficiencia-energetica/veiculos-automotivos-pbe-veicular/pbe-veicular-2024-1.pdf/@@download/file,729f52c7959e72c74ca458c0023e812b48db5dcbddd8cc7ab19a3f0092bf3ffc,2026-10-01T16:59:17.172812+00:00,km_ensaio_padronizado,catalogo_de_versoes_nao_vendas_nem_telemetria,linhas_extraidas_sem_erro_detectado,b6caa28740e58f680cddda6ac0ad1e2d18aaf999580afc44882becec4c6087df
2024,Grande,KIA,NIRO,HEV 1.6 SX,1.6 - 16V,Híbrido,HIBRIDO_rotulo_inmetro,G,1.1,,3,https://www.gov.br/inmetro/pt-br/assuntos/regulamentacao/avaliacao-da-conformidade/programa-brasileiro-de-etiquetagem/tabelas-de-eficiencia-energetica/veiculos-automotivos-pbe-veicular/pbe-veicular-2024-1.pdf/@@download/file,729f52c7959e72c74ca458c0023e812b48db5dcbddd8cc7ab19a3f0092bf3ffc,2026-10-01T16:59:17.172812+00:00,km_ensaio_padronizado,catalogo_de_versoes_nao_vendas_nem_telemetria,linhas_extraidas_sem_erro_detectado,a10961383465aa4972d484563baea40a9a50fb44763b52644db9d3420b1191a9
2024,Grande,LEXUS,UX250H,LUXURY,2.0 - 16V,Híbrido,HIBRIDO_rotulo_inmetro,G,1.33,,3,https://www.gov.br/inmetro/pt-br/assuntos/regulamentacao/avaliacao-da-conformidade/programa-brasileiro-de-etiquetagem/tabelas-de-eficiencia-energetica/veiculos-automotivos-pbe-veicular/pbe-veicular-2024-1.pdf/@@download/file,729f52c7959e72c74ca458c0023e812b48db5dcbddd8cc7ab19a3f0092bf3ffc,2026-10-01T16:59:17.172812+00:00,km_ensaio_padronizado,catalogo_de_versoes_nao_vendas_nem_telemetria,linhas_extraidas_sem_erro_detectado,6e04a53c45b72d9a170a14fe5d1c157c7f44a6a35c3e5af45c9c266255bc7da5
2024,Grande,LEXUS,UX250H,DYNAMIC,2.0 - 16V,Híbrido,HIBRIDO_rotulo_inmetro,G,1.33,,3,https://www.gov.br/inmetro/pt-br/assuntos/regulamentacao/avaliacao-da-conformidade/programa-brasileiro-de-etiquetagem/tabelas-de-eficiencia-energetica/veiculos-automotivos-pbe-veicular/pbe-veicular-2024-1.pdf/@@download/file,729f52c7959e72c74ca458c0023e812b48db5dcbddd8cc7ab19a3f0092bf3ffc,2026-10-01T16:59:17.172812+00:00,km_ensaio_padronizado,catalogo_de_versoes_nao_vendas_nem_telemetria,linhas_extraidas_sem_erro_detectado,fb432867606f0c53710ca3bfc4b7e91362f87eb88e8c50f0747c3c5b5320c457
2024,Grande,MASERATI,GHIBLI,GT HYB,"2,0L-16V",Híbrido,HIBRIDO_rotulo_inmetro,G,2.47,,3,https://www.gov.br/inmetro/pt-br/assuntos/regulamentacao/avaliacao-da-conformidade/programa-brasileiro-de-etiquetagem/tabelas-de-eficiencia-energetica/veiculos-automotivos-pbe-veicular/pbe-veicular-2024-1.pdf/@@download/file,729f52c7959e72c74ca458c0023e812b48db5dcbddd8cc7ab19a3f0092bf3ffc,2026-10-01T16:59:17.172812+00:00,km_ensaio_padronizado,catalogo_de_versoes_nao_vendas_nem_telemetria,linhas_extraidas_sem_erro_detectado,e9fd3ab4acb9908de3382820a19cba114cdb0f52289dcfb1d89b1fc90c4edfdf
2024,Grande,Mercedes-Benz,AMG GLA35 4M,,2.0-16V,Hibrido,HIBRIDO_rotulo_inmetro,G,2.52,,3,https://www.gov.br/inmetro/pt-br/assuntos/regulamentacao/avaliacao-da-conformidade/programa-brasileiro-de-etiquetagem/tabelas-de-eficiencia-energetica/veiculos-automotivos-pbe-veicular/pbe-veicular-2024-1.pdf/@@download/file,729f52c7959e72c74ca458c0023e812b48db5dcbddd8cc7ab19a3f0092bf3ffc,2026-10-01T16:59:17.172812+00:00,km_ensaio_padronizado,catalogo_de_versoes_nao_vendas_nem_telemetria,linhas_extraidas_sem_erro_detectado,52bacbb393758ce67adef248d5c9f8eefe8106afa45e85dcddb19077e607bcab
2024,Grande,Mercedes-Benz,GLA200,AMG LINE,1.3-16V,Híbrido,HIBRIDO_rotulo_inmetro,G,1.83,,3,https://www.gov.br/inmetro/pt-br/assuntos/regulamentacao/avaliacao-da-conformidade/programa-brasileiro-de-etiquetagem/tabelas-de-eficiencia-energetica/veiculos-automotivos-pbe-veicular/pbe-veicular-2024-1.pdf/@@download/file,729f52c7959e72c74ca458c0023e812b48db5dcbddd8cc7ab19a3f0092bf3ffc,2026-10-01T16:59:17.172812+00:00,km_ensaio_padronizado,catalogo_de_versoes_nao_vendas_nem_telemetria,linhas_extraidas_sem_erro_detectado,f1b51b123c33c13e3c4c407b31dd82d69c5e45b529e919498f28d98b9e496d19
2024,Grande,Mercedes-Benz,GLA200,PROGRESSIVE,1.3-16V,Híbrido,HIBRIDO_rotulo_inmetro,G,1.83,,3,https://www.gov.br/inmetro/pt-br/assuntos/regulamentacao/avaliacao-da-conformidade/programa-brasileiro-de-etiquetagem/tabelas-de-eficiencia-energetica/veiculos-automotivos-pbe-veicular/pbe-veicular-2024-1.pdf/@@download/file,729f52c7959e72c74ca458c0023e812b48db5dcbddd8cc7ab19a3f0092bf3ffc,2026-10-01T16:59:17.172812+00:00,km_ensaio_padronizado,catalogo_de_versoes_nao_vendas_nem_telemetria,linhas_extraidas_sem_erro_detectado,fcf4de52f2368294cc4c809e4369338a3e50dce9df3ba75a320a2b125c22ab2d
2024,Grande,NETA,X,400 COMFORT,ELÉTRICO,ELÉTRICO,BEV_rotulo_inmetro,E,0.53,258.0,4,https://www.gov.br/inmetro/pt-br/assuntos/regulamentacao/avaliacao-da-conformidade/programa-brasileiro-de-etiquetagem/tabelas-de-eficiencia-energetica/veiculos-automotivos-pbe-veicular/pbe-veicular-2024-1.pdf/@@download/file,729f52c7959e72c74ca458c0023e812b48db5dcbddd8cc7ab19a3f0092bf3ffc,2026-10-01T16:59:17.172812+00:00,km_ensaio_padronizado,catalogo_de_versoes_nao_vendas_nem_telemetria,linhas_extraidas_sem_erro_detectado,ae639d0f81cfe61c7b48e5ad6e628d168f077cf3d9807228908f0f70cc37f148
2024,Grande,NETA,X,500 COMFORT,ELÉTRICO,ELÉTRICO,BEV_rotulo_inmetro,E,0.55,317.0,4,https://www.gov.br/inmetro/pt-br/assuntos/regulamentacao/avaliacao-da-conformidade/programa-brasileiro-de-etiquetagem/tabelas-de-eficiencia-energetica/veiculos-automotivos-pbe-veicular/pbe-veicular-2024-1.pdf/@@download/file,729f52c7959e72c74ca458c0023e812b48db5dcbddd8cc7ab19a3f0092bf3ffc,2026-10-01T16:59:17.172812+00:00,km_ensaio_padronizado,catalogo_de_versoes_nao_vendas_nem_telemetria,linhas_extraidas_sem_erro_detectado,7179ad3dc65fc0f25156b69bda088e4392e1acc0641a2cff47ee18e112a9a6aa
2024,Grande,NETA,X,500 LUXURY,ELÉTRICO,ELÉTRICO,BEV_rotulo_inmetro,E,0.55,317.0,4,https://www.gov.br/inmetro/pt-br/assuntos/regulamentacao/avaliacao-da-conformidade/programa-brasileiro-de-etiquetagem/tabelas-de-eficiencia-energetica/veiculos-automotivos-pbe-veicular/pbe-veicular-2024-1.pdf/@@download/file,729f52c7959e72c74ca458c0023e812b48db5dcbddd8cc7ab19a3f0092bf3ffc,2026-10-01T16:59:17.172812+00:00,km_ensaio_padronizado,catalogo_de_versoes_nao_vendas_nem_telemetria,linhas_extraidas_sem_erro_detectado,0f05933da551b911bb9d8a29fabf9e8ec17f2b8fd784afee3e01dcf6bc0a1fd7
2024,Grande,Nissan,LEAF,TEKNA,Elétrico,Elétrico,BEV_rotulo_inmetro,E,0.58,192.0,4,https://www.gov.br/inmetro/pt-br/assuntos/regulamentacao/avaliacao-da-conformidade/programa-brasileiro-de-etiquetagem/tabelas-de-eficiencia-energetica/veiculos-automotivos-pbe-veicular/pbe-veicular-2024-1.pdf/@@download/file,729f52c7959e72c74ca458c0023e812b48db5dcbddd8cc7ab19a3f0092bf3ffc,2026-10-01T16:59:17.172812+00:00,km_ensaio_padronizado,catalogo_de_versoes_nao_vendas_nem_telemetria,linhas_extraidas_sem_erro_detectado,fe0aeafdf37c8f2e99327f36449a07ae14a746862f7c74fc8e4e9c8e5a42e8c1
2024,Grande,TOYOTA,COROLLA CROSS,XRV HYBRID,1.8 - 16V,Híbrido,HIBRIDO_rotulo_inmetro,F,1.31,,4,https://www.gov.br/inmetro/pt-br/assuntos/regulamentacao/avaliacao-da-conformidade/programa-brasileiro-de-etiquetagem/tabelas-de-eficiencia-energetica/veiculos-automotivos-pbe-veicular/pbe-veicular-2024-1.pdf/@@download/file,729f52c7959e72c74ca458c0023e812b48db5dcbddd8cc7ab19a3f0092bf3ffc,2026-10-01T16:59:17.172812+00:00,km_ensaio_padronizado,catalogo_de_versoes_nao_vendas_nem_telemetria,linhas_extraidas_sem_erro_detectado,e9f10e6293b62ee4497861f5928eb3228fed7e161af9f8aeb290cec2986ce073
2024,Grande,TOYOTA,COROLLA CROSS,XRX HYBRID,1.8 - 16V,Híbrido,HIBRIDO_rotulo_inmetro,F,1.31,,4,https://www.gov.br/inmetro/pt-br/assuntos/regulamentacao/avaliacao-da-conformidade/programa-brasileiro-de-etiquetagem/tabelas-de-eficiencia-energetica/veiculos-automotivos-pbe-veicular/pbe-veicular-2024-1.pdf/@@download/file,729f52c7959e72c74ca458c0023e812b48db5dcbddd8cc7ab19a3f0092bf3ffc,2026-10-01T16:59:17.172812+00:00,km_ensaio_padronizado,catalogo_de_versoes_nao_vendas_nem_telemetria,linhas_extraidas_sem_erro_detectado,49b63af96c1a59c428711250ababfa49abb0bb69296c9784b122c284d1486761
2024,Grande,TOYOTA,COROLLA CROSS,XRV HYBRID,1.8 - 16V,Híbrido,HIBRIDO_rotulo_inmetro,F,1.29,,4,https://www.gov.br/inmetro/pt-br/assuntos/regulamentacao/avaliacao-da-conformidade/programa-brasileiro-de-etiquetagem/tabelas-de-eficiencia-energetica/veiculos-automotivos-pbe-veicular/pbe-veicular-2024-1.pdf/@@download/file,729f52c7959e72c74ca458c0023e812b48db5dcbddd8cc7ab19a3f0092bf3ffc,2026-10-01T16:59:17.172812+00:00,km_ensaio_padronizado,catalogo_de_versoes_nao_vendas_nem_telemetria,linhas_extraidas_sem_erro_detectado,bd378307c3be9eb3c3638f732453b829f2de415b2eae243fd6761d940e76fec9
2024,Grande,TOYOTA,COROLLA CROSS,XRX HYBRID,1.8 - 16V,Híbrido,HIBRIDO_rotulo_inmetro,F,1.29,,4,https://www.gov.br/inmetro/pt-br/assuntos/regulamentacao/avaliacao-da-conformidade/programa-brasileiro-de-etiquetagem/tabelas-de-eficiencia-energetica/veiculos-automotivos-pbe-veicular/pbe-veicular-2024-1.pdf/@@download/file,729f52c7959e72c74ca458c0023e812b48db5dcbddd8cc7ab19a3f0092bf3ffc,2026-10-01T16:59:17.172812+00:00,km_ensaio_padronizado,catalogo_de_versoes_nao_vendas_nem_telemetria,linhas_extraidas_sem_erro_detectado,fa9e52b09c1b33559caa36c25396b97fadfc2d8ec5e1deffcd11d8cc6dfe92f6
2024,Grande,TOYOTA,COROLLA,APREMIUMH,1.8 - 16V,Híbrido,HIBRIDO_rotulo_inmetro,F,1.21,,4,https://www.gov.br/inmetro/pt-br/assuntos/regulamentacao/avaliacao-da-conformidade/programa-brasileiro-de-etiquetagem/tabelas-de-eficiencia-energetica/veiculos-automotivos-pbe-veicular/pbe-veicular-2024-1.pdf/@@download/file,729f52c7959e72c74ca458c0023e812b48db5dcbddd8cc7ab19a3f0092bf3ffc,2026-10-01T16:59:17.172812+00:00,km_ensaio_padronizado,catalogo_de_versoes_nao_vendas_nem_telemetria,linhas_extraidas_sem_erro_detectado,5e4e224e7d53153b352779ca738b3a0a8eccf9339ca4674e5699575238b9d2a4
2024,Grande,TOYOTA,COROLLA,ALTIS HV (MY 2024),1.8 - 16V,Híbrido,HIBRIDO_rotulo_inmetro,F,1.21,,4,https://www.gov.br/inmetro/pt-br/assuntos/regulamentacao/avaliacao-da-conformidade/programa-brasileiro-de-etiquetagem/tabelas-de-eficiencia-energetica/veiculos-automotivos-pbe-veicular/pbe-veicular-2024-1.pdf/@@download/file,729f52c7959e72c74ca458c0023e812b48db5dcbddd8cc7ab19a3f0092bf3ffc,2026-10-01T16:59:17.172812+00:00,km_ensaio_padronizado,catalogo_de_versoes_nao_vendas_nem_telemetria,linhas_extraidas_sem_erro_detectado,497707f2154609a13817333625a04de949b364b9186e98e076fa503b7f4ed3a2
2024,Grande,VOLVO,C40,8 ULTIMATE,Elétrico,Elétrico,BEV_rotulo_inmetro,E,0.6,353.0,4,https://www.gov.br/inmetro/pt-br/assuntos/regulamentacao/avaliacao-da-conformidade/programa-brasileiro-de-etiquetagem/tabelas-de-eficiencia-energetica/veiculos-automotivos-pbe-veicular/pbe-veicular-2024-1.pdf/@@download/file,729f52c7959e72c74ca458c0023e812b48db5dcbddd8cc7ab19a3f0092bf3ffc,2026-10-01T16:59:17.172812+00:00,km_ensaio_padronizado,catalogo_de_versoes_nao_vendas_nem_telemetria,linhas_extraidas_sem_erro_detectado,7275c5728b6f0e644754cd22077512a0b9c204756e78b4cc8c6828b37c28600a
2024,Grande,VOLVO,C40,8 PLUS,Elétrico,Elétrico,BEV_rotulo_inmetro,E,0.6,353.0,4,https://www.gov.br/inmetro/pt-br/assuntos/regulamentacao/avaliacao-da-conformidade/programa-brasileiro-de-etiquetagem/tabelas-de-eficiencia-energetica/veiculos-automotivos-pbe-veicular/pbe-veicular-2024-1.pdf/@@download/file,729f52c7959e72c74ca458c0023e812b48db5dcbddd8cc7ab19a3f0092bf3ffc,2026-10-01T16:59:17.172812+00:00,km_ensaio_padronizado,catalogo_de_versoes_nao_vendas_nem_telemetria,linhas_extraidas_sem_erro_detectado,1fd431bff6ff1d9218d5a698a52e70805c5889f3038e67f6af2cff3f9e1ca6a6
2024,Grande,VOLVO,C40,8 CORE,Elétrico,Elétrico,BEV_rotulo_inmetro,E,0.6,353.0,4,https://www.gov.br/inmetro/pt-br/assuntos/regulamentacao/avaliacao-da-conformidade/programa-brasileiro-de-etiquetagem/tabelas-de-eficiencia-energetica/veiculos-automotivos-pbe-veicular/pbe-veicular-2024-1.pdf/@@download/file,729f52c7959e72c74ca458c0023e812b48db5dcbddd8cc7ab19a3f0092bf3ffc,2026-10-01T16:59:17.172812+00:00,km_ensaio_padronizado,catalogo_de_versoes_nao_vendas_nem_telemetria,linhas_extraidas_sem_erro_detectado,a2fc238b9327d63ea9703585827aab8f6de37738163732e06197c6bcb9394621
2024,Grande,VOLVO,C40,P8 RECHARGE,Elétrico,Elétrico,BEV_rotulo_inmetro,E,0.6,353.0,4,https://www.gov.br/inmetro/pt-br/assuntos/regulamentacao/avaliacao-da-conformidade/programa-brasileiro-de-etiquetagem/tabelas-de-eficiencia-energetica/veiculos-automotivos-pbe-veicular/pbe-veicular-2024-1.pdf/@@download/file,729f52c7959e72c74ca458c0023e812b48db5dcbddd8cc7ab19a3f0092bf3ffc,2026-10-01T16:59:17.172812+00:00,km_ensaio_padronizado,catalogo_de_versoes_nao_vendas_nem_telemetria,linhas_extraidas_sem_erro_detectado,24ddd713e186cec3eb0e188331f6fc21b61fb90b391ad86a8daa275717a66cd5
2024,Grande,VOLVO,C40,6 ULTIMATE,Elétrico,Elétrico,BEV_rotulo_inmetro,E,0.49,385.0,4,https://www.gov.br/inmetro/pt-br/assuntos/regulamentacao/avaliacao-da-conformidade/programa-brasileiro-de-etiquetagem/tabelas-de-eficiencia-energetica/veiculos-automotivos-pbe-veicular/pbe-veicular-2024-1.pdf/@@download/file,729f52c7959e72c74ca458c0023e812b48db5dcbddd8cc7ab19a3f0092bf3ffc,2026-10-01T16:59:17.172812+00:00,km_ensaio_padronizado,catalogo_de_versoes_nao_vendas_nem_telemetria,linhas_extraidas_sem_erro_detectado,0a72d325cbbe7d543a412424fb25a4945f3f8cfb8b7a1ba88fe516a5cc8d5eb0
2024,Grande,VOLVO,C40,6 PLUS,Elétrico,Elétrico,BEV_rotulo_inmetro,E,0.49,385.0,4,https://www.gov.br/inmetro/pt-br/assuntos/regulamentacao/avaliacao-da-conformidade/programa-brasileiro-de-etiquetagem/tabelas-de-eficiencia-energetica/veiculos-automotivos-pbe-veicular/pbe-veicular-2024-1.pdf/@@download/file,729f52c7959e72c74ca458c0023e812b48db5dcbddd8cc7ab19a3f0092bf3ffc,2026-10-01T16:59:17.172812+00:00,km_ensaio_padronizado,catalogo_de_versoes_nao_vendas_nem_telemetria,linhas_extraidas_sem_erro_detectado,04a950fbd1aee115007e2a229e2526187041f7ee818913bd0464a5d7fd33909d
2024,Grande,VOLVO,C40,6 CORE,Elétrico,Elétrico,BEV_rotulo_inmetro,E,0.49,385.0,4,https://www.gov.br/inmetro/pt-br/assuntos/regulamentacao/avaliacao-da-conformidade/programa-brasileiro-de-etiquetagem/tabelas-de-eficiencia-energetica/veiculos-automotivos-pbe-veicular/pbe-veicular-2024-1.pdf/@@download/file,729f52c7959e72c74ca458c0023e812b48db5dcbddd8cc7ab19a3f0092bf3ffc,2026-10-01T16:59:17.172812+00:00,km_ensaio_padronizado,catalogo_de_versoes_nao_vendas_nem_telemetria,linhas_extraidas_sem_erro_detectado,0aca288818c6c01c2f6138db9cf4c89712328037234377c52b8c2b4713e56847
2024,Grande,VOLVO,EC40,6 CORE,Elétrico,Elétrico,BEV_rotulo_inmetro,E,0.51,385.0,4,https://www.gov.br/inmetro/pt-br/assuntos/regulamentacao/avaliacao-da-conformidade/programa-brasileiro-de-etiquetagem/tabelas-de-eficiencia-energetica/veiculos-automotivos-pbe-veicular/pbe-veicular-2024-1.pdf/@@download/file,729f52c7959e72c74ca458c0023e812b48db5dcbddd8cc7ab19a3f0092bf3ffc,2026-10-01T16:59:17.172812+00:00,km_ensaio_padronizado,catalogo_de_versoes_nao_vendas_nem_telemetria,linhas_extraidas_sem_erro_detectado,32a57d021ea28af2c4750bd2f1e32851d65d12cfef21b3cb4e7c652678beba3c
2024,Grande,VOLVO,EC40,6 PLUS,Elétrico,Elétrico,BEV_rotulo_inmetro,E,0.51,385.0,4,https://www.gov.br/inmetro/pt-br/assuntos/regulamentacao/avaliacao-da-conformidade/programa-brasileiro-de-etiquetagem/tabelas-de-eficiencia-energetica/veiculos-automotivos-pbe-veicular/pbe-veicular-2024-1.pdf/@@download/file,729f52c7959e72c74ca458c0023e812b48db5dcbddd8cc7ab19a3f0092bf3ffc,2026-10-01T16:59:17.172812+00:00,km_ensaio_padronizado,catalogo_de_versoes_nao_vendas_nem_telemetria,linhas_extraidas_sem_erro_detectado,d4f37d5de1849bc17704d4bb87738bce9e59adb443e8507b866b0361b9f41a02
2024,Grande,VOLVO,EC40,6 ULTRA,Elétrico,Elétrico,BEV_rotulo_inmetro,E,0.51,385.0,4,https://www.gov.br/inmetro/pt-br/assuntos/regulamentacao/avaliacao-da-conformidade/programa-brasileiro-de-etiquetagem/tabelas-de-eficiencia-energetica/veiculos-automotivos-pbe-veicular/pbe-veicular-2024-1.pdf/@@download/file,729f52c7959e72c74ca458c0023e812b48db5dcbddd8cc7ab19a3f0092bf3ffc,2026-10-01T16:59:17.172812+00:00,km_ensaio_padronizado,catalogo_de_versoes_nao_vendas_nem_telemetria,linhas_extraidas_sem_erro_detectado,4247d1ccdcf2641ffba4755c4fd460064232e69825d4f6bc7dbe8fbf02ff8532
2024,Grande,VOLVO,EC40,8 CORE,Elétrico,Elétrico,BEV_rotulo_inmetro,E,0.59,404.0,4,https://www.gov.br/inmetro/pt-br/assuntos/regulamentacao/avaliacao-da-conformidade/programa-brasileiro-de-etiquetagem/tabelas-de-eficiencia-energetica/veiculos-automotivos-pbe-veicular/pbe-veicular-2024-1.pdf/@@download/file,729f52c7959e72c74ca458c0023e812b48db5dcbddd8cc7ab19a3f0092bf3ffc,2026-10-01T16:59:17.172812+00:00,km_ensaio_padronizado,catalogo_de_versoes_nao_vendas_nem_telemetria,linhas_extraidas_sem_erro_detectado,083f7e25b4a09faea1ebdc1718fd4f2e4d587d53d0f3f82828b5fc4c7acf4686
2024,Grande,VOLVO,EC40,8 PLUS,Elétrico,Elétrico,BEV_rotulo_inmetro,E,0.59,404.0,4,https://www.gov.br/inmetro/pt-br/assuntos/regulamentacao/avaliacao-da-conformidade/programa-brasileiro-de-etiquetagem/tabelas-de-eficiencia-energetica/veiculos-automotivos-pbe-veicular/pbe-veicular-2024-1.pdf/@@download/file,729f52c7959e72c74ca458c0023e812b48db5dcbddd8cc7ab19a3f0092bf3ffc,2026-10-01T16:59:17.172812+00:00,km_ensaio_padronizado,catalogo_de_versoes_nao_vendas_nem_telemetria,linhas_extraidas_sem_erro_detectado,73a518645eedb86d43c37fce7ece6feb0b50693238484cbeae3add3e578e25d7
2024,Grande,VOLVO,EC40,8 ULTRA,Elétrico,Elétrico,BEV_rotulo_inmetro,E,0.59,404.0,4,https://www.gov.br/inmetro/pt-br/assuntos/regulamentacao/avaliacao-da-conformidade/programa-brasileiro-de-etiquetagem/tabelas-de-eficiencia-energetica/veiculos-automotivos-pbe-veicular/pbe-veicular-2024-1.pdf/@@download/file,729f52c7959e72c74ca458c0023e812b48db5dcbddd8cc7ab19a3f0092bf3ffc,2026-10-01T16:59:17.172812+00:00,km_ensaio_padronizado,catalogo_de_versoes_nao_vendas_nem_telemetria,linhas_extraidas_sem_erro_detectado,00c6e84c78455ba8a54ab2b0fd8acd1def876886371621fc104da18a57e2ef72
2024,Grande,VOLVO,EC40,PERF BLACK,Elétrico,Elétrico,BEV_rotulo_inmetro,E,0.59,404.0,4,https://www.gov.br/inmetro/pt-br/assuntos/regulamentacao/avaliacao-da-conformidade/programa-brasileiro-de-etiquetagem/tabelas-de-eficiencia-energetica/veiculos-automotivos-pbe-veicular/pbe-veicular-2024-1.pdf/@@download/file,729f52c7959e72c74ca458c0023e812b48db5dcbddd8cc7ab19a3f0092bf3ffc,2026-10-01T16:59:17.172812+00:00,km_ensaio_padronizado,catalogo_de_versoes_nao_vendas_nem_telemetria,linhas_extraidas_sem_erro_detectado,675196b829ef8f5476930b542ac78c2a25afa2398ea40ace01500dab6808b638
2024,Grande,VW,ID.4,PRO PERFORMANCE,Elétrico,Elétrico,BEV_rotulo_inmetro,E,0.63,370.0,4,https://www.gov.br/inmetro/pt-br/assuntos/regulamentacao/avaliacao-da-conformidade/programa-brasileiro-de-etiquetagem/tabelas-de-eficiencia-energetica/veiculos-automotivos-pbe-veicular/pbe-veicular-2024-1.pdf/@@download/file,729f52c7959e72c74ca458c0023e812b48db5dcbddd8cc7ab19a3f0092bf3ffc,2026-10-01T16:59:17.172812+00:00,km_ensaio_padronizado,catalogo_de_versoes_nao_vendas_nem_telemetria,linhas_extraidas_sem_erro_detectado,ee24bba56bb848b3e554aa3148c46a3b06b9894ed2219450ca6509ea772aa2e4
2024,Extra Grande,AUDI,RS 6 Avant,Performance,4.0 - 32V,Híbrido,HIBRIDO_rotulo_inmetro,G,3.39,,4,https://www.gov.br/inmetro/pt-br/assuntos/regulamentacao/avaliacao-da-conformidade/programa-brasileiro-de-etiquetagem/tabelas-de-eficiencia-energetica/veiculos-automotivos-pbe-veicular/pbe-veicular-2024-1.pdf/@@download/file,729f52c7959e72c74ca458c0023e812b48db5dcbddd8cc7ab19a3f0092bf3ffc,2026-10-01T16:59:17.172812+00:00,km_ensaio_padronizado,catalogo_de_versoes_nao_vendas_nem_telemetria,linhas_extraidas_sem_erro_detectado,80def7ac84c152e85cf3dd019cfbf31fbc8076f0124b2b54395f6753d4441d32
2024,Extra Grande,AUDI,RS 6 Avant,Legacy 30 Years,4.0 - 32V,Híbrido,HIBRIDO_rotulo_inmetro,G,3.39,,4,https://www.gov.br/inmetro/pt-br/assuntos/regulamentacao/avaliacao-da-conformidade/programa-brasileiro-de-etiquetagem/tabelas-de-eficiencia-energetica/veiculos-automotivos-pbe-veicular/pbe-veicular-2024-1.pdf/@@download/file,729f52c7959e72c74ca458c0023e812b48db5dcbddd8cc7ab19a3f0092bf3ffc,2026-10-01T16:59:17.172812+00:00,km_ensaio_padronizado,catalogo_de_versoes_nao_vendas_nem_telemetria,linhas_extraidas_sem_erro_detectado,ab2172e485eb04f324989e49a045ddafdd9317db1e246a69a7826f6727253a0a
2024,Extra Grande,AUDI,Q5 TFSIe,Performance,2.0 - 16V,Plug-in,PHEV_rotulo_inmetro,G,0.94,38.0,4,https://www.gov.br/inmetro/pt-br/assuntos/regulamentacao/avaliacao-da-conformidade/programa-brasileiro-de-etiquetagem/tabelas-de-eficiencia-energetica/veiculos-automotivos-pbe-veicular/pbe-veicular-2024-1.pdf/@@download/file,729f52c7959e72c74ca458c0023e812b48db5dcbddd8cc7ab19a3f0092bf3ffc,2026-10-01T16:59:17.172812+00:00,km_ensaio_padronizado,catalogo_de_versoes_nao_vendas_nem_telemetria,linhas_extraidas_sem_erro_detectado,f71112937d49dca759153e262532da11630b6c846e73571f07057d1fb099cdba
2024,Extra Grande,AUDI,Q5 TFSIe,Performance Black,2.0 - 16V,Plug-in,PHEV_rotulo_inmetro,G,0.94,38.0,4,https://www.gov.br/inmetro/pt-br/assuntos/regulamentacao/avaliacao-da-conformidade/programa-brasileiro-de-etiquetagem/tabelas-de-eficiencia-energetica/veiculos-automotivos-pbe-veicular/pbe-veicular-2024-1.pdf/@@download/file,729f52c7959e72c74ca458c0023e812b48db5dcbddd8cc7ab19a3f0092bf3ffc,2026-10-01T16:59:17.172812+00:00,km_ensaio_padronizado,catalogo_de_versoes_nao_vendas_nem_telemetria,linhas_extraidas_sem_erro_detectado,0982511b3b615853f130931611d8ffa0875a0068e7bd892891949a6e8aee890f
2024,Extra Grande,AUDI,Q5 Sportback TFSIe,Performance,2.0 - 16V,Plug-in,PHEV_rotulo_inmetro,G,0.94,38.0,4,https://www.gov.br/inmetro/pt-br/assuntos/regulamentacao/avaliacao-da-conformidade/programa-brasileiro-de-etiquetagem/tabelas-de-eficiencia-energetica/veiculos-automotivos-pbe-veicular/pbe-veicular-2024-1.pdf/@@download/file,729f52c7959e72c74ca458c0023e812b48db5dcbddd8cc7ab19a3f0092bf3ffc,2026-10-01T16:59:17.172812+00:00,km_ensaio_padronizado,catalogo_de_versoes_nao_vendas_nem_telemetria,linhas_extraidas_sem_erro_detectado,df8c893278220d5455776fbbcdd003b9b5ec3cc463043fe9f672e29f8a06782e
2024,Extra Grande,AUDI,Q5 Sportback TFSIe,Performance Black,2.0 - 16V,Plug-in,PHEV_rotulo_inmetro,G,0.94,38.0,4,https://www.gov.br/inmetro/pt-br/assuntos/regulamentacao/avaliacao-da-conformidade/programa-brasileiro-de-etiquetagem/tabelas-de-eficiencia-energetica/veiculos-automotivos-pbe-veicular/pbe-veicular-2024-1.pdf/@@download/file,729f52c7959e72c74ca458c0023e812b48db5dcbddd8cc7ab19a3f0092bf3ffc,2026-10-01T16:59:17.172812+00:00,km_ensaio_padronizado,catalogo_de_versoes_nao_vendas_nem_telemetria,linhas_extraidas_sem_erro_detectado,2af9c387825e411525e2df5c2a95d7cf990fb46caa116a240fd339aa3d912435
2024,Extra Grande,AUDI,Q7,Performance,3.0 - 24V,Híbrido,HIBRIDO_rotulo_inmetro,G,2.96,,4,https://www.gov.br/inmetro/pt-br/assuntos/regulamentacao/avaliacao-da-conformidade/programa-brasileiro-de-etiquetagem/tabelas-de-eficiencia-energetica/veiculos-automotivos-pbe-veicular/pbe-veicular-2024-1.pdf/@@download/file,729f52c7959e72c74ca458c0023e812b48db5dcbddd8cc7ab19a3f0092bf3ffc,2026-10-01T16:59:17.172812+00:00,km_ensaio_padronizado,catalogo_de_versoes_nao_vendas_nem_telemetria,linhas_extraidas_sem_erro_detectado,bc33780fccbb6f4c8e12c7aeb00df950af5cff4929f147690f1589927831ad5f
2024,Extra Grande,AUDI,Q7,Performance Black,3.0 - 24V,Híbrido,HIBRIDO_rotulo_inmetro,G,2.96,,4,https://www.gov.br/inmetro/pt-br/assuntos/regulamentacao/avaliacao-da-conformidade/programa-brasileiro-de-etiquetagem/tabelas-de-eficiencia-energetica/veiculos-automotivos-pbe-veicular/pbe-veicular-2024-1.pdf/@@download/file,729f52c7959e72c74ca458c0023e812b48db5dcbddd8cc7ab19a3f0092bf3ffc,2026-10-01T16:59:17.172812+00:00,km_ensaio_padronizado,catalogo_de_versoes_nao_vendas_nem_telemetria,linhas_extraidas_sem_erro_detectado,c8b78479aa14a0817823e34b243024b9ce0d947478ccecac1a3bde2b485d2339
2024,Extra Grande,AUDI,Q8 Sportback,Performance,3.0 - 24V,Híbrido,HIBRIDO_rotulo_inmetro,G,3.06,,4,https://www.gov.br/inmetro/pt-br/assuntos/regulamentacao/avaliacao-da-conformidade/programa-brasileiro-de-etiquetagem/tabelas-de-eficiencia-energetica/veiculos-automotivos-pbe-veicular/pbe-veicular-2024-1.pdf/@@download/file,729f52c7959e72c74ca458c0023e812b48db5dcbddd8cc7ab19a3f0092bf3ffc,2026-10-01T16:59:17.172812+00:00,km_ensaio_padronizado,catalogo_de_versoes_nao_vendas_nem_telemetria,linhas_extraidas_sem_erro_detectado,b327b29a4a08b81f992708ded826a61c26fe21c55c1d674c6346638b94443b8c
2024,Extra Grande,AUDI,Q8 Sportback,Performance Black,3.0 - 24V,Híbrido,HIBRIDO_rotulo_inmetro,G,3.06,,4,https://www.gov.br/inmetro/pt-br/assuntos/regulamentacao/avaliacao-da-conformidade/programa-brasileiro-de-etiquetagem/tabelas-de-eficiencia-energetica/veiculos-automotivos-pbe-veicular/pbe-veicular-2024-1.pdf/@@download/file,729f52c7959e72c74ca458c0023e812b48db5dcbddd8cc7ab19a3f0092bf3ffc,2026-10-01T16:59:17.172812+00:00,km_ensaio_padronizado,catalogo_de_versoes_nao_vendas_nem_telemetria,linhas_extraidas_sem_erro_detectado,48c1b8bb5bf64617d26eecf9812fb70ce6d6d98dc67b059edc903a1248ce9e01
2024,Extra Grande,AUDI,RS Q8,-,4.0 - 32V,Híbrido,HIBRIDO_rotulo_inmetro,G,3.68,,4,https://www.gov.br/inmetro/pt-br/assuntos/regulamentacao/avaliacao-da-conformidade/programa-brasileiro-de-etiquetagem/tabelas-de-eficiencia-energetica/veiculos-automotivos-pbe-veicular/pbe-veicular-2024-1.pdf/@@download/file,729f52c7959e72c74ca458c0023e812b48db5dcbddd8cc7ab19a3f0092bf3ffc,2026-10-01T16:59:17.172812+00:00,km_ensaio_padronizado,catalogo_de_versoes_nao_vendas_nem_telemetria,linhas_extraidas_sem_erro_detectado,d082cb1221bf081d1b2ee1ede803a5fd464b4b3fbba0d4accfeff55b484be686
2024,Extra Grande,AUDI,Q8 e-tron Sportback 55,Performance Black,Elétrico,Elétrico,BEV_rotulo_inmetro,E,0.72,362.0,4,https://www.gov.br/inmetro/pt-br/assuntos/regulamentacao/avaliacao-da-conformidade/programa-brasileiro-de-etiquetagem/tabelas-de-eficiencia-energetica/veiculos-automotivos-pbe-veicular/pbe-veicular-2024-1.pdf/@@download/file,729f52c7959e72c74ca458c0023e812b48db5dcbddd8cc7ab19a3f0092bf3ffc,2026-10-01T16:59:17.172812+00:00,km_ensaio_padronizado,catalogo_de_versoes_nao_vendas_nem_telemetria,linhas_extraidas_sem_erro_detectado,35276f99195250221136cbada09faeaf1cb37a902859c0d1b93a2d962ea153e8
2024,Extra Grande,AUDI,Q8 e-tron Sportback 55,Launch Edition,Elétrico,Elétrico,BEV_rotulo_inmetro,E,0.72,362.0,4,https://www.gov.br/inmetro/pt-br/assuntos/regulamentacao/avaliacao-da-conformidade/programa-brasileiro-de-etiquetagem/tabelas-de-eficiencia-energetica/veiculos-automotivos-pbe-veicular/pbe-veicular-2024-1.pdf/@@download/file,729f52c7959e72c74ca458c0023e812b48db5dcbddd8cc7ab19a3f0092bf3ffc,2026-10-01T16:59:17.172812+00:00,km_ensaio_padronizado,catalogo_de_versoes_nao_vendas_nem_telemetria,linhas_extraidas_sem_erro_detectado,4e40bfbd520491e84a8c53653261a24755419e1b3dcba5971c4b953a1d527958
2024,Extra Grande,AUDI,Q8 e-tron 55,Launch Edition,Elétrico,Elétrico,BEV_rotulo_inmetro,E,0.73,357.0,4,https://www.gov.br/inmetro/pt-br/assuntos/regulamentacao/avaliacao-da-conformidade/programa-brasileiro-de-etiquetagem/tabelas-de-eficiencia-energetica/veiculos-automotivos-pbe-veicular/pbe-veicular-2024-1.pdf/@@download/file,729f52c7959e72c74ca458c0023e812b48db5dcbddd8cc7ab19a3f0092bf3ffc,2026-10-01T16:59:17.172812+00:00,km_ensaio_padronizado,catalogo_de_versoes_nao_vendas_nem_telemetria,linhas_extraidas_sem_erro_detectado,0d429de2a94e8ea3356b54e1da5e99cba514458b45097b98b66613660ce88f3e
2024,Extra Grande,AUDI,Q8 e-tron 55,Performance Black,Elétrico,Elétrico,BEV_rotulo_inmetro,E,0.73,357.0,4,https://www.gov.br/inmetro/pt-br/assuntos/regulamentacao/avaliacao-da-conformidade/programa-brasileiro-de-etiquetagem/tabelas-de-eficiencia-energetica/veiculos-automotivos-pbe-veicular/pbe-veicular-2024-1.pdf/@@download/file,729f52c7959e72c74ca458c0023e812b48db5dcbddd8cc7ab19a3f0092bf3ffc,2026-10-01T16:59:17.172812+00:00,km_ensaio_padronizado,catalogo_de_versoes_nao_vendas_nem_telemetria,linhas_extraidas_sem_erro_detectado,c5acd5ee663b7378c648477490d47d07b12283a3d828ebdf889032e610d0fc4b
2024,Extra Grande,AUDI,SQ8 e-tron Sportback,-,Elétrico,Elétrico,BEV_rotulo_inmetro,E,0.85,307.0,5,https://www.gov.br/inmetro/pt-br/assuntos/regulamentacao/avaliacao-da-conformidade/programa-brasileiro-de-etiquetagem/tabelas-de-eficiencia-energetica/veiculos-automotivos-pbe-veicular/pbe-veicular-2024-1.pdf/@@download/file,729f52c7959e72c74ca458c0023e812b48db5dcbddd8cc7ab19a3f0092bf3ffc,2026-10-01T16:59:17.172812+00:00,km_ensaio_padronizado,catalogo_de_versoes_nao_vendas_nem_telemetria,linhas_extraidas_sem_erro_detectado,fb42749789d2d695ed281ca509d3c9a7bf6e38a8880010f89f265a40a44628cd
2024,Extra Grande,AUDI,e-tron GT,-,Elétrico,Elétrico,BEV_rotulo_inmetro,E,0.69,308.0,5,https://www.gov.br/inmetro/pt-br/assuntos/regulamentacao/avaliacao-da-conformidade/programa-brasileiro-de-etiquetagem/tabelas-de-eficiencia-energetica/veiculos-automotivos-pbe-veicular/pbe-veicular-2024-1.pdf/@@download/file,729f52c7959e72c74ca458c0023e812b48db5dcbddd8cc7ab19a3f0092bf3ffc,2026-10-01T16:59:17.172812+00:00,km_ensaio_padronizado,catalogo_de_versoes_nao_vendas_nem_telemetria,linhas_extraidas_sem_erro_detectado,4d9f324f01969f1715bc47534f11ace0ea7dbdafe4b7476e82d93a8f12a65c1d
2024,Extra Grande,AUDI,RS e-tron GT,-,Elétrico,Elétrico,BEV_rotulo_inmetro,E,0.69,313.0,5,https://www.gov.br/inmetro/pt-br/assuntos/regulamentacao/avaliacao-da-conformidade/programa-brasileiro-de-etiquetagem/tabelas-de-eficiencia-energetica/veiculos-automotivos-pbe-veicular/pbe-veicular-2024-1.pdf/@@download/file,729f52c7959e72c74ca458c0023e812b48db5dcbddd8cc7ab19a3f0092bf3ffc,2026-10-01T16:59:17.172812+00:00,km_ensaio_padronizado,catalogo_de_versoes_nao_vendas_nem_telemetria,linhas_extraidas_sem_erro_detectado,b8eb109bb0b127f4ebba6016a31223915c3805a8bc3b8040ae56e403e74a8ede
2024,Extra Grande,BMW,530e,M SPORT,2.0 - 16V,Plug-in,PHEV_rotulo_inmetro,G,0.73,61.0,5,https://www.gov.br/inmetro/pt-br/assuntos/regulamentacao/avaliacao-da-conformidade/programa-brasileiro-de-etiquetagem/tabelas-de-eficiencia-energetica/veiculos-automotivos-pbe-veicular/pbe-veicular-2024-1.pdf/@@download/file,729f52c7959e72c74ca458c0023e812b48db5dcbddd8cc7ab19a3f0092bf3ffc,2026-10-01T16:59:17.172812+00:00,km_ensaio_padronizado,catalogo_de_versoes_nao_vendas_nem_telemetria,linhas_extraidas_sem_erro_detectado,b53b0722a4d9545e73395b3b68be17044eeac2e6972e6a9a63db64bc7c8e6b52
2024,Extra Grande,BMW,530e,-,2.0 - 16V,Plug-in,PHEV_rotulo_inmetro,G,0.8,37.0,5,https://www.gov.br/inmetro/pt-br/assuntos/regulamentacao/avaliacao-da-conformidade/programa-brasileiro-de-etiquetagem/tabelas-de-eficiencia-energetica/veiculos-automotivos-pbe-veicular/pbe-veicular-2024-1.pdf/@@download/file,729f52c7959e72c74ca458c0023e812b48db5dcbddd8cc7ab19a3f0092bf3ffc,2026-10-01T16:59:17.172812+00:00,km_ensaio_padronizado,catalogo_de_versoes_nao_vendas_nem_telemetria,linhas_extraidas_sem_erro_detectado,a18b99c827ee3b66f8061c25b280024f849d254d20db7791fb32491df3a34bea
2024,Extra Grande,BMW,iX3,-,Elétrico,Elétrico,BEV_rotulo_inmetro,E,0.57,381.0,5,https://www.gov.br/inmetro/pt-br/assuntos/regulamentacao/avaliacao-da-conformidade/programa-brasileiro-de-etiquetagem/tabelas-de-eficiencia-energetica/veiculos-automotivos-pbe-veicular/pbe-veicular-2024-1.pdf/@@download/file,729f52c7959e72c74ca458c0023e812b48db5dcbddd8cc7ab19a3f0092bf3ffc,2026-10-01T16:59:17.172812+00:00,km_ensaio_padronizado,catalogo_de_versoes_nao_vendas_nem_telemetria,linhas_extraidas_sem_erro_detectado,080a6855ffe2bf6cf219df59a5c365820df663dfb062bb62e7ea6d5b6a73d46b
2024,Extra Grande,BMW,IX xDrive 40,-,Elétrico,Elétrico,BEV_rotulo_inmetro,E,0.62,327.0,5,https://www.gov.br/inmetro/pt-br/assuntos/regulamentacao/avaliacao-da-conformidade/programa-brasileiro-de-etiquetagem/tabelas-de-eficiencia-energetica/veiculos-automotivos-pbe-veicular/pbe-veicular-2024-1.pdf/@@download/file,729f52c7959e72c74ca458c0023e812b48db5dcbddd8cc7ab19a3f0092bf3ffc,2026-10-01T16:59:17.172812+00:00,km_ensaio_padronizado,catalogo_de_versoes_nao_vendas_nem_telemetria,linhas_extraidas_sem_erro_detectado,b1dee0b7c7536c217f0bbe57265da99a2f901fbe28e6fe886aaedc522e88dcdf
2024,Extra Grande,BMW,IX xDrive 50,-,Elétrico,Elétrico,BEV_rotulo_inmetro,E,0.61,528.0,5,https://www.gov.br/inmetro/pt-br/assuntos/regulamentacao/avaliacao-da-conformidade/programa-brasileiro-de-etiquetagem/tabelas-de-eficiencia-energetica/veiculos-automotivos-pbe-veicular/pbe-veicular-2024-1.pdf/@@download/file,729f52c7959e72c74ca458c0023e812b48db5dcbddd8cc7ab19a3f0092bf3ffc,2026-10-01T16:59:17.172812+00:00,km_ensaio_padronizado,catalogo_de_versoes_nao_vendas_nem_telemetria,linhas_extraidas_sem_erro_detectado,543986f3dbda5f9ad1fb321c731da9311d7de6f67cdbe30babb5ac08720d7e43
2024,Extra Grande,BMW,330e,-,2.0 - 16V,Plug-in,PHEV_rotulo_inmetro,G,0.85,37.0,5,https://www.gov.br/inmetro/pt-br/assuntos/regulamentacao/avaliacao-da-conformidade/programa-brasileiro-de-etiquetagem/tabelas-de-eficiencia-energetica/veiculos-automotivos-pbe-veicular/pbe-veicular-2024-1.pdf/@@download/file,729f52c7959e72c74ca458c0023e812b48db5dcbddd8cc7ab19a3f0092bf3ffc,2026-10-01T16:59:17.172812+00:00,km_ensaio_padronizado,catalogo_de_versoes_nao_vendas_nem_telemetria,linhas_extraidas_sem_erro_detectado,2381a31cc57384b67f751a6b3b06604816b26d987ce495b562a1c6077376ca4b
2024,Extra Grande,BMW,i4,40,Elétrico,Elétrico,BEV_rotulo_inmetro,E,0.57,422.0,5,https://www.gov.br/inmetro/pt-br/assuntos/regulamentacao/avaliacao-da-conformidade/programa-brasileiro-de-etiquetagem/tabelas-de-eficiencia-energetica/veiculos-automotivos-pbe-veicular/pbe-veicular-2024-1.pdf/@@download/file,729f52c7959e72c74ca458c0023e812b48db5dcbddd8cc7ab19a3f0092bf3ffc,2026-10-01T16:59:17.172812+00:00,km_ensaio_padronizado,catalogo_de_versoes_nao_vendas_nem_telemetria,linhas_extraidas_sem_erro_detectado,347eb5bb8d3ada1250430b5771c2d6afd7131d5c0afb0268f4171e0bc09ac075
2024,Extra Grande,BMW,i4,M50,Elétrico,Elétrico,BEV_rotulo_inmetro,E,0.73,335.0,5,https://www.gov.br/inmetro/pt-br/assuntos/regulamentacao/avaliacao-da-conformidade/programa-brasileiro-de-etiquetagem/tabelas-de-eficiencia-energetica/veiculos-automotivos-pbe-veicular/pbe-veicular-2024-1.pdf/@@download/file,729f52c7959e72c74ca458c0023e812b48db5dcbddd8cc7ab19a3f0092bf3ffc,2026-10-01T16:59:17.172812+00:00,km_ensaio_padronizado,catalogo_de_versoes_nao_vendas_nem_telemetria,linhas_extraidas_sem_erro_detectado,bf8293804e5961118e0a76ded4bd04cb4e5cd0efce19c3df25f7233eacd75ae8
2024,Extra Grande,BMW,i7,xDrive60,Elétrico,Elétrico,BEV_rotulo_inmetro,E,0.63,479.0,5,https://www.gov.br/inmetro/pt-br/assuntos/regulamentacao/avaliacao-da-conformidade/programa-brasileiro-de-etiquetagem/tabelas-de-eficiencia-energetica/veiculos-automotivos-pbe-veicular/pbe-veicular-2024-1.pdf/@@download/file,729f52c7959e72c74ca458c0023e812b48db5dcbddd8cc7ab19a3f0092bf3ffc,2026-10-01T16:59:17.172812+00:00,km_ensaio_padronizado,catalogo_de_versoes_nao_vendas_nem_telemetria,linhas_extraidas_sem_erro_detectado,7332f239cf4eba9fb4da8a444de4a9ab517e60a1e076dccff16311961e3ee9dc
2024,Extra Grande,BMW,i4,eDrive35,Elétrico,Elétrico,BEV_rotulo_inmetro,E,0.58,339.0,5,https://www.gov.br/inmetro/pt-br/assuntos/regulamentacao/avaliacao-da-conformidade/programa-brasileiro-de-etiquetagem/tabelas-de-eficiencia-energetica/veiculos-automotivos-pbe-veicular/pbe-veicular-2024-1.pdf/@@download/file,729f52c7959e72c74ca458c0023e812b48db5dcbddd8cc7ab19a3f0092bf3ffc,2026-10-01T16:59:17.172812+00:00,km_ensaio_padronizado,catalogo_de_versoes_nao_vendas_nem_telemetria,linhas_extraidas_sem_erro_detectado,80494c25404a31a2ff87600c153397b72c74acf17f30c0aa9082820120cd3a35
2024,Extra Grande,BMW,iX,M60,Elétrico,Elétrico,BEV_rotulo_inmetro,E,0.74,431.0,5,https://www.gov.br/inmetro/pt-br/assuntos/regulamentacao/avaliacao-da-conformidade/programa-brasileiro-de-etiquetagem/tabelas-de-eficiencia-energetica/veiculos-automotivos-pbe-veicular/pbe-veicular-2024-1.pdf/@@download/file,729f52c7959e72c74ca458c0023e812b48db5dcbddd8cc7ab19a3f0092bf3ffc,2026-10-01T16:59:17.172812+00:00,km_ensaio_padronizado,catalogo_de_versoes_nao_vendas_nem_telemetria,linhas_extraidas_sem_erro_detectado,2471ba96fbf808c009c8b942c364878b44f8e7bde54a43df15d4b6d270f7f91a
2024,Extra Grande,BMW,i5,M60 xDrive,Elétrico,Elétrico,BEV_rotulo_inmetro,E,0.63,392.0,5,https://www.gov.br/inmetro/pt-br/assuntos/regulamentacao/avaliacao-da-conformidade/programa-brasileiro-de-etiquetagem/tabelas-de-eficiencia-energetica/veiculos-automotivos-pbe-veicular/pbe-veicular-2024-1.pdf/@@download/file,729f52c7959e72c74ca458c0023e812b48db5dcbddd8cc7ab19a3f0092bf3ffc,2026-10-01T16:59:17.172812+00:00,km_ensaio_padronizado,catalogo_de_versoes_nao_vendas_nem_telemetria,linhas_extraidas_sem_erro_detectado,97b298431a7733d883d4c6d059b39ac48d81fff84814c046265499fea7c2e57e
2024,Extra Grande,BMW,530e,M SPORT (MY25),2.0 - 16V,Plug-in,PHEV_rotulo_inmetro,G,0.76,70.0,5,https://www.gov.br/inmetro/pt-br/assuntos/regulamentacao/avaliacao-da-conformidade/programa-brasileiro-de-etiquetagem/tabelas-de-eficiencia-energetica/veiculos-automotivos-pbe-veicular/pbe-veicular-2024-1.pdf/@@download/file,729f52c7959e72c74ca458c0023e812b48db5dcbddd8cc7ab19a3f0092bf3ffc,2026-10-01T16:59:17.172812+00:00,km_ensaio_padronizado,catalogo_de_versoes_nao_vendas_nem_telemetria,linhas_extraidas_sem_erro_detectado,47a904c7fdb00ed26a5893fb432354ec8637362bd40bcc904afd329af0ef5f63
2024,Extra Grande,BMW,330e,(MY25),2.0 - 16V,Plug-in,PHEV_rotulo_inmetro,G,0.92,61.0,5,https://www.gov.br/inmetro/pt-br/assuntos/regulamentacao/avaliacao-da-conformidade/programa-brasileiro-de-etiquetagem/tabelas-de-eficiencia-energetica/veiculos-automotivos-pbe-veicular/pbe-veicular-2024-1.pdf/@@download/file,729f52c7959e72c74ca458c0023e812b48db5dcbddd8cc7ab19a3f0092bf3ffc,2026-10-01T16:59:17.172812+00:00,km_ensaio_padronizado,catalogo_de_versoes_nao_vendas_nem_telemetria,linhas_extraidas_sem_erro_detectado,b951c63bbfb3464bd17bd22eec3e63760de1edc07623c27a51c071b7672acd28
2024,Extra Grande,BYD,HAN,AWD GS 680EV,Elétrico,Elétrico,BEV_rotulo_inmetro,E,0.69,349.0,5,https://www.gov.br/inmetro/pt-br/assuntos/regulamentacao/avaliacao-da-conformidade/programa-brasileiro-de-etiquetagem/tabelas-de-eficiencia-energetica/veiculos-automotivos-pbe-veicular/pbe-veicular-2024-1.pdf/@@download/file,729f52c7959e72c74ca458c0023e812b48db5dcbddd8cc7ab19a3f0092bf3ffc,2026-10-01T16:59:17.172812+00:00,km_ensaio_padronizado,catalogo_de_versoes_nao_vendas_nem_telemetria,linhas_extraidas_sem_erro_detectado,5edb1b2931d76cf25016d1b63a0bbda0e73ffaf014c36e654738bf5057b5ed2c
2024,Extra Grande,BYD,TAN,AWD GS 700EV,Elétrico,Elétrico,BEV_rotulo_inmetro,E,0.73,430.0,5,https://www.gov.br/inmetro/pt-br/assuntos/regulamentacao/avaliacao-da-conformidade/programa-brasileiro-de-etiquetagem/tabelas-de-eficiencia-energetica/veiculos-automotivos-pbe-veicular/pbe-veicular-2024-1.pdf/@@download/file,729f52c7959e72c74ca458c0023e812b48db5dcbddd8cc7ab19a3f0092bf3ffc,2026-10-01T16:59:17.172812+00:00,km_ensaio_padronizado,catalogo_de_versoes_nao_vendas_nem_telemetria,linhas_extraidas_sem_erro_detectado,9f8c05927129b6ca46566b1bf37cbfa56b0a5b0b9451436a5312b8e6484a8df8
2024,Extra Grande,BYD,SEAL,AWD GS 590EV,Elétrico,Elétrico,BEV_rotulo_inmetro,E,0.62,372.0,5,https://www.gov.br/inmetro/pt-br/assuntos/regulamentacao/avaliacao-da-conformidade/programa-brasileiro-de-etiquetagem/tabelas-de-eficiencia-energetica/veiculos-automotivos-pbe-veicular/pbe-veicular-2024-1.pdf/@@download/file,729f52c7959e72c74ca458c0023e812b48db5dcbddd8cc7ab19a3f0092bf3ffc,2026-10-01T16:59:17.172812+00:00,km_ensaio_padronizado,catalogo_de_versoes_nao_vendas_nem_telemetria,linhas_extraidas_sem_erro_detectado,97e6f08d527f2a3c550d7aa736223de8099fed32b96676acc0724a44b6dc03cc
2024,Extra Grande,BYD,KING,GS DM,1.5-16V,Plug-in,PHEV_rotulo_inmetro,G,0.5,80.0,5,https://www.gov.br/inmetro/pt-br/assuntos/regulamentacao/avaliacao-da-conformidade/programa-brasileiro-de-etiquetagem/tabelas-de-eficiencia-energetica/veiculos-automotivos-pbe-veicular/pbe-veicular-2024-1.pdf/@@download/file,729f52c7959e72c74ca458c0023e812b48db5dcbddd8cc7ab19a3f0092bf3ffc,2026-10-01T16:59:17.172812+00:00,km_ensaio_padronizado,catalogo_de_versoes_nao_vendas_nem_telemetria,linhas_extraidas_sem_erro_detectado,7729c779e73861f667609cab0454b465071cfc1d3afad876e99056664163d2dc
2024,Extra Grande,BYD,KING,GL DM,1.5-16V,Plug-in,PHEV_rotulo_inmetro,G,0.54,32.0,5,https://www.gov.br/inmetro/pt-br/assuntos/regulamentacao/avaliacao-da-conformidade/programa-brasileiro-de-etiquetagem/tabelas-de-eficiencia-energetica/veiculos-automotivos-pbe-veicular/pbe-veicular-2024-1.pdf/@@download/file,729f52c7959e72c74ca458c0023e812b48db5dcbddd8cc7ab19a3f0092bf3ffc,2026-10-01T16:59:17.172812+00:00,km_ensaio_padronizado,catalogo_de_versoes_nao_vendas_nem_telemetria,linhas_extraidas_sem_erro_detectado,8cd32756b32f864f281aabe474468d58e409957f15805b8fe7f5d9fc153643e6
2024,Extra Grande,BYD,SONG PRO,GS DM,1.5-16V,Plug-in,PHEV_rotulo_inmetro,G,0.56,68.0,5,https://www.gov.br/inmetro/pt-br/assuntos/regulamentacao/avaliacao-da-conformidade/programa-brasileiro-de-etiquetagem/tabelas-de-eficiencia-energetica/veiculos-automotivos-pbe-veicular/pbe-veicular-2024-1.pdf/@@download/file,729f52c7959e72c74ca458c0023e812b48db5dcbddd8cc7ab19a3f0092bf3ffc,2026-10-01T16:59:17.172812+00:00,km_ensaio_padronizado,catalogo_de_versoes_nao_vendas_nem_telemetria,linhas_extraidas_sem_erro_detectado,f8c1aab7c019b4a9fbd50a8e054272c2c9ab603de7fa369233d1c4df7cb8255f
2024,Extra Grande,BYD,SONG PRO,GL DM,1.5-16V,Plug-in,PHEV_rotulo_inmetro,G,0.59,49.0,5,https://www.gov.br/inmetro/pt-br/assuntos/regulamentacao/avaliacao-da-conformidade/programa-brasileiro-de-etiquetagem/tabelas-de-eficiencia-energetica/veiculos-automotivos-pbe-veicular/pbe-veicular-2024-1.pdf/@@download/file,729f52c7959e72c74ca458c0023e812b48db5dcbddd8cc7ab19a3f0092bf3ffc,2026-10-01T16:59:17.172812+00:00,km_ensaio_padronizado,catalogo_de_versoes_nao_vendas_nem_telemetria,linhas_extraidas_sem_erro_detectado,b73f567217087c078c3ebaac983730924f9bac1c7a2ab8c8cb1ad9d80f291057
2024,Extra Grande,CHEVROLET,BLAZER EV,RS,Elétrico,Elétrico,BEV_rotulo_inmetro,E,0.63,481.0,5,https://www.gov.br/inmetro/pt-br/assuntos/regulamentacao/avaliacao-da-conformidade/programa-brasileiro-de-etiquetagem/tabelas-de-eficiencia-energetica/veiculos-automotivos-pbe-veicular/pbe-veicular-2024-1.pdf/@@download/file,729f52c7959e72c74ca458c0023e812b48db5dcbddd8cc7ab19a3f0092bf3ffc,2026-10-01T16:59:17.172812+00:00,km_ensaio_padronizado,catalogo_de_versoes_nao_vendas_nem_telemetria,linhas_extraidas_sem_erro_detectado,3d098713c9df0c55603911633ac99727f4e79fc0d5a8cb84369a82cbce53f188
2024,Extra Grande,FORD,Mustang Mach-E,GT,Elétrico,Elétrico,BEV_rotulo_inmetro,E,0.69,379.0,5,https://www.gov.br/inmetro/pt-br/assuntos/regulamentacao/avaliacao-da-conformidade/programa-brasileiro-de-etiquetagem/tabelas-de-eficiencia-energetica/veiculos-automotivos-pbe-veicular/pbe-veicular-2024-1.pdf/@@download/file,729f52c7959e72c74ca458c0023e812b48db5dcbddd8cc7ab19a3f0092bf3ffc,2026-10-01T16:59:17.172812+00:00,km_ensaio_padronizado,catalogo_de_versoes_nao_vendas_nem_telemetria,linhas_extraidas_sem_erro_detectado,122b261243297555b02727765a2196c1f964389a18d604cfb56190e7f8a721a2
2024,Extra Grande,GWM,HAVAL H6,GT,1.5-16V,Plug-in,PHEV_rotulo_inmetro,G,0.77,116.0,5,https://www.gov.br/inmetro/pt-br/assuntos/regulamentacao/avaliacao-da-conformidade/programa-brasileiro-de-etiquetagem/tabelas-de-eficiencia-energetica/veiculos-automotivos-pbe-veicular/pbe-veicular-2024-1.pdf/@@download/file,729f52c7959e72c74ca458c0023e812b48db5dcbddd8cc7ab19a3f0092bf3ffc,2026-10-01T16:59:17.172812+00:00,km_ensaio_padronizado,catalogo_de_versoes_nao_vendas_nem_telemetria,linhas_extraidas_sem_erro_detectado,3f2eacf57c1c72668e3eaed9a758838276fe459e7ac9a422a876e74610241747
2024,Extra Grande,HONDA,ACCORD HYBRID,TOURING,2.0 - 16V,Híbrido,HIBRIDO_rotulo_inmetro,G,1.23,,5,https://www.gov.br/inmetro/pt-br/assuntos/regulamentacao/avaliacao-da-conformidade/programa-brasileiro-de-etiquetagem/tabelas-de-eficiencia-energetica/veiculos-automotivos-pbe-veicular/pbe-veicular-2024-1.pdf/@@download/file,729f52c7959e72c74ca458c0023e812b48db5dcbddd8cc7ab19a3f0092bf3ffc,2026-10-01T16:59:17.172812+00:00,km_ensaio_padronizado,catalogo_de_versoes_nao_vendas_nem_telemetria,linhas_extraidas_sem_erro_detectado,226dd2957f9002d58769b96035367c892ceae54ac97081e74e0c7f3de996c363
2024,Extra Grande,JAC,e-J7,e-J7,Elétrico,Elétrico,BEV_rotulo_inmetro,E,0.5,263.0,5,https://www.gov.br/inmetro/pt-br/assuntos/regulamentacao/avaliacao-da-conformidade/programa-brasileiro-de-etiquetagem/tabelas-de-eficiencia-energetica/veiculos-automotivos-pbe-veicular/pbe-veicular-2024-1.pdf/@@download/file,729f52c7959e72c74ca458c0023e812b48db5dcbddd8cc7ab19a3f0092bf3ffc,2026-10-01T16:59:17.172812+00:00,km_ensaio_padronizado,catalogo_de_versoes_nao_vendas_nem_telemetria,linhas_extraidas_sem_erro_detectado,d855b0aa7cf37062c2c8e16b90b974005853e14a55788b1f92924ae9f80a5649
2024,Extra Grande,JAGUAR,I-PACE,E400 FIRSTED,Elétrico,Elétrico,BEV_rotulo_inmetro,E,0.74,298.0,5,https://www.gov.br/inmetro/pt-br/assuntos/regulamentacao/avaliacao-da-conformidade/programa-brasileiro-de-etiquetagem/tabelas-de-eficiencia-energetica/veiculos-automotivos-pbe-veicular/pbe-veicular-2024-1.pdf/@@download/file,729f52c7959e72c74ca458c0023e812b48db5dcbddd8cc7ab19a3f0092bf3ffc,2026-10-01T16:59:17.172812+00:00,km_ensaio_padronizado,catalogo_de_versoes_nao_vendas_nem_telemetria,linhas_extraidas_sem_erro_detectado,39b2c9046e2a309e52738bd68204ac5e35cb95c32b45f7e2cd66b24e101fbd45
2024,Extra Grande,JAGUAR,I-PACE,E400 S,Elétrico,Elétrico,BEV_rotulo_inmetro,E,0.74,298.0,5,https://www.gov.br/inmetro/pt-br/assuntos/regulamentacao/avaliacao-da-conformidade/programa-brasileiro-de-etiquetagem/tabelas-de-eficiencia-energetica/veiculos-automotivos-pbe-veicular/pbe-veicular-2024-1.pdf/@@download/file,729f52c7959e72c74ca458c0023e812b48db5dcbddd8cc7ab19a3f0092bf3ffc,2026-10-01T16:59:17.172812+00:00,km_ensaio_padronizado,catalogo_de_versoes_nao_vendas_nem_telemetria,linhas_extraidas_sem_erro_detectado,bf6420f230f338c4328710c50bd737ef84b9d3c7f4ce71d58eb856d869ff5fdc
2024,Extra Grande,JAGUAR,I-PACE,E400 SE,Elétrico,Elétrico,BEV_rotulo_inmetro,E,0.74,298.0,5,https://www.gov.br/inmetro/pt-br/assuntos/regulamentacao/avaliacao-da-conformidade/programa-brasileiro-de-etiquetagem/tabelas-de-eficiencia-energetica/veiculos-automotivos-pbe-veicular/pbe-veicular-2024-1.pdf/@@download/file,729f52c7959e72c74ca458c0023e812b48db5dcbddd8cc7ab19a3f0092bf3ffc,2026-10-01T16:59:17.172812+00:00,km_ensaio_padronizado,catalogo_de_versoes_nao_vendas_nem_telemetria,linhas_extraidas_sem_erro_detectado,c27837eb34a60dda678f2901f9f0ed82cc48ddc1c939ed72ccdf5a5894891373
2024,Extra Grande,JAGUAR,I-PACE,E400 HSE,Elétrico,Elétrico,BEV_rotulo_inmetro,E,0.74,298.0,5,https://www.gov.br/inmetro/pt-br/assuntos/regulamentacao/avaliacao-da-conformidade/programa-brasileiro-de-etiquetagem/tabelas-de-eficiencia-energetica/veiculos-automotivos-pbe-veicular/pbe-veicular-2024-1.pdf/@@download/file,729f52c7959e72c74ca458c0023e812b48db5dcbddd8cc7ab19a3f0092bf3ffc,2026-10-01T16:59:17.172812+00:00,km_ensaio_padronizado,catalogo_de_versoes_nao_vendas_nem_telemetria,linhas_extraidas_sem_erro_detectado,ca6e6f179c75ce0f91ed1161287ed959cda4b428ad97f5ed97c535509d636b3a
2024,Extra Grande,KIA,EV5 2WD,AIR 2WD,ELÉTRICO,Elétrico,BEV_rotulo_inmetro,E,0.6,402.0,5,https://www.gov.br/inmetro/pt-br/assuntos/regulamentacao/avaliacao-da-conformidade/programa-brasileiro-de-etiquetagem/tabelas-de-eficiencia-energetica/veiculos-automotivos-pbe-veicular/pbe-veicular-2024-1.pdf/@@download/file,729f52c7959e72c74ca458c0023e812b48db5dcbddd8cc7ab19a3f0092bf3ffc,2026-10-01T16:59:17.172812+00:00,km_ensaio_padronizado,catalogo_de_versoes_nao_vendas_nem_telemetria,linhas_extraidas_sem_erro_detectado,f0308a3d0b7780519f6ae819bac432180c3fc33e29d226103d150b2704c67893
2024,Extra Grande,KIA,EV5 2WD,LAND 2WD,ELÉTRICO,Elétrico,BEV_rotulo_inmetro,E,0.6,402.0,5,https://www.gov.br/inmetro/pt-br/assuntos/regulamentacao/avaliacao-da-conformidade/programa-brasileiro-de-etiquetagem/tabelas-de-eficiencia-energetica/veiculos-automotivos-pbe-veicular/pbe-veicular-2024-1.pdf/@@download/file,729f52c7959e72c74ca458c0023e812b48db5dcbddd8cc7ab19a3f0092bf3ffc,2026-10-01T16:59:17.172812+00:00,km_ensaio_padronizado,catalogo_de_versoes_nao_vendas_nem_telemetria,linhas_extraidas_sem_erro_detectado,b41ada73687af64cd69aff6bd044778c57650377bf729256f59d24a6f9755dfd
2024,Extra Grande,LEXUS,ES300H,-,2.5-16V,Híbrido,HIBRIDO_rotulo_inmetro,G,1.36,,5,https://www.gov.br/inmetro/pt-br/assuntos/regulamentacao/avaliacao-da-conformidade/programa-brasileiro-de-etiquetagem/tabelas-de-eficiencia-energetica/veiculos-automotivos-pbe-veicular/pbe-veicular-2024-1.pdf/@@download/file,729f52c7959e72c74ca458c0023e812b48db5dcbddd8cc7ab19a3f0092bf3ffc,2026-10-01T16:59:17.172812+00:00,km_ensaio_padronizado,catalogo_de_versoes_nao_vendas_nem_telemetria,linhas_extraidas_sem_erro_detectado,1d799a11288b7d7f99503b67eecdb1c0d55e20157b6d5c3498f6abc3eaab8914
2024,Extra Grande,LEXUS,RX500H (MY24),F-SPORT,2.4 - 16V,Híbrido,HIBRIDO_rotulo_inmetro,G,2.03,,5,https://www.gov.br/inmetro/pt-br/assuntos/regulamentacao/avaliacao-da-conformidade/programa-brasileiro-de-etiquetagem/tabelas-de-eficiencia-energetica/veiculos-automotivos-pbe-veicular/pbe-veicular-2024-1.pdf/@@download/file,729f52c7959e72c74ca458c0023e812b48db5dcbddd8cc7ab19a3f0092bf3ffc,2026-10-01T16:59:17.172812+00:00,km_ensaio_padronizado,catalogo_de_versoes_nao_vendas_nem_telemetria,linhas_extraidas_sem_erro_detectado,1b7c172f1751eacdeec42d813442241974762af211488caf1dc77065c48932de
2024,Extra Grande,Mercedes-Benz,C200,AMG LINE,1.5-16V,Híbrido,HIBRIDO_rotulo_inmetro,G,1.78,,5,https://www.gov.br/inmetro/pt-br/assuntos/regulamentacao/avaliacao-da-conformidade/programa-brasileiro-de-etiquetagem/tabelas-de-eficiencia-energetica/veiculos-automotivos-pbe-veicular/pbe-veicular-2024-1.pdf/@@download/file,729f52c7959e72c74ca458c0023e812b48db5dcbddd8cc7ab19a3f0092bf3ffc,2026-10-01T16:59:17.172812+00:00,km_ensaio_padronizado,catalogo_de_versoes_nao_vendas_nem_telemetria,linhas_extraidas_sem_erro_detectado,2a45f4bb6704802fcd58db8dff8d032c746e3e428f9aa59ff9d0ee6290409a77
2024,Extra Grande,Mercedes-Benz,C300,AMG LINE,2.0-16V,Híbrido,HIBRIDO_rotulo_inmetro,G,1.92,,5,https://www.gov.br/inmetro/pt-br/assuntos/regulamentacao/avaliacao-da-conformidade/programa-brasileiro-de-etiquetagem/tabelas-de-eficiencia-energetica/veiculos-automotivos-pbe-veicular/pbe-veicular-2024-1.pdf/@@download/file,729f52c7959e72c74ca458c0023e812b48db5dcbddd8cc7ab19a3f0092bf3ffc,2026-10-01T16:59:17.172812+00:00,km_ensaio_padronizado,catalogo_de_versoes_nao_vendas_nem_telemetria,linhas_extraidas_sem_erro_detectado,b7a0079eaf6b66bb660c2531d7c4c73c7053075156faaebf32bc1db760028a2b
2024,Extra Grande,Mercedes-Benz,EQE 300,,Elétrico,Elétrico,BEV_rotulo_inmetro,E,0.7,369.0,5,https://www.gov.br/inmetro/pt-br/assuntos/regulamentacao/avaliacao-da-conformidade/programa-brasileiro-de-etiquetagem/tabelas-de-eficiencia-energetica/veiculos-automotivos-pbe-veicular/pbe-veicular-2024-1.pdf/@@download/file,729f52c7959e72c74ca458c0023e812b48db5dcbddd8cc7ab19a3f0092bf3ffc,2026-10-01T16:59:17.172812+00:00,km_ensaio_padronizado,catalogo_de_versoes_nao_vendas_nem_telemetria,linhas_extraidas_sem_erro_detectado,96aabd7d3234a54a24507fc50229e5939606db54a0b3d38d606b401e4e36b87d
2024,Extra Grande,Mercedes-Benz,EQA 250,,Elétrico,Elétrico,BEV_rotulo_inmetro,E,0.62,304.0,5,https://www.gov.br/inmetro/pt-br/assuntos/regulamentacao/avaliacao-da-conformidade/programa-brasileiro-de-etiquetagem/tabelas-de-eficiencia-energetica/veiculos-automotivos-pbe-veicular/pbe-veicular-2024-1.pdf/@@download/file,729f52c7959e72c74ca458c0023e812b48db5dcbddd8cc7ab19a3f0092bf3ffc,2026-10-01T16:59:17.172812+00:00,km_ensaio_padronizado,catalogo_de_versoes_nao_vendas_nem_telemetria,linhas_extraidas_sem_erro_detectado,ee8d294d2f9a3a3029dd5bdf35c812d9284e5596977a7271e78757aa4eba0e15
2024,Extra Grande,Mercedes-Benz,EQB 250,,Elétrico,Elétrico,BEV_rotulo_inmetro,E,0.64,291.0,5,https://www.gov.br/inmetro/pt-br/assuntos/regulamentacao/avaliacao-da-conformidade/programa-brasileiro-de-etiquetagem/tabelas-de-eficiencia-energetica/veiculos-automotivos-pbe-veicular/pbe-veicular-2024-1.pdf/@@download/file,729f52c7959e72c74ca458c0023e812b48db5dcbddd8cc7ab19a3f0092bf3ffc,2026-10-01T16:59:17.172812+00:00,km_ensaio_padronizado,catalogo_de_versoes_nao_vendas_nem_telemetria,linhas_extraidas_sem_erro_detectado,54ca0888b490a4a4a3ec01a96a63663dd05dfc876d447f44bf120c2c6f82133a
2024,Extra Grande,Mercedes-Benz,EQC400 4M,,Elétrico,Elétrico,BEV_rotulo_inmetro,E,0.85,271.0,5,https://www.gov.br/inmetro/pt-br/assuntos/regulamentacao/avaliacao-da-conformidade/programa-brasileiro-de-etiquetagem/tabelas-de-eficiencia-energetica/veiculos-automotivos-pbe-veicular/pbe-veicular-2024-1.pdf/@@download/file,729f52c7959e72c74ca458c0023e812b48db5dcbddd8cc7ab19a3f0092bf3ffc,2026-10-01T16:59:17.172812+00:00,km_ensaio_padronizado,catalogo_de_versoes_nao_vendas_nem_telemetria,linhas_extraidas_sem_erro_detectado,3608c9096096cad099bd7e323e51787b033dc590c4da26991b2abe5cfa329476
2024,Extra Grande,Mercedes-Benz,AMG EQS 53 4M,,Elétrico,Elétrico,BEV_rotulo_inmetro,E,0.83,373.0,5,https://www.gov.br/inmetro/pt-br/assuntos/regulamentacao/avaliacao-da-conformidade/programa-brasileiro-de-etiquetagem/tabelas-de-eficiencia-energetica/veiculos-automotivos-pbe-veicular/pbe-veicular-2024-1.pdf/@@download/file,729f52c7959e72c74ca458c0023e812b48db5dcbddd8cc7ab19a3f0092bf3ffc,2026-10-01T16:59:17.172812+00:00,km_ensaio_padronizado,catalogo_de_versoes_nao_vendas_nem_telemetria,linhas_extraidas_sem_erro_detectado,c7c7402f43c2ef13c5b4cb5acf1e20dce1f93405b1a451d2c29cacbbe52aa811
2024,Extra Grande,Mercedes-Benz,AMG EQS 53 4M,2025,Elétrico,Elétrico,BEV_rotulo_inmetro,E,0.7,472.0,5,https://www.gov.br/inmetro/pt-br/assuntos/regulamentacao/avaliacao-da-conformidade/programa-brasileiro-de-etiquetagem/tabelas-de-eficiencia-energetica/veiculos-automotivos-pbe-veicular/pbe-veicular-2024-1.pdf/@@download/file,729f52c7959e72c74ca458c0023e812b48db5dcbddd8cc7ab19a3f0092bf3ffc,2026-10-01T16:59:17.172812+00:00,km_ensaio_padronizado,catalogo_de_versoes_nao_vendas_nem_telemetria,linhas_extraidas_sem_erro_detectado,146b93bc045b576b422e98f55408f62b04057e6814f7336f4bdfda8654dd69b0
2024,Extra Grande,Mercedes-Benz,AMG GLE53 4M,,3.0-24V,Híbrido,HIBRIDO_rotulo_inmetro,G,2.92,,5,https://www.gov.br/inmetro/pt-br/assuntos/regulamentacao/avaliacao-da-conformidade/programa-brasileiro-de-etiquetagem/tabelas-de-eficiencia-energetica/veiculos-automotivos-pbe-veicular/pbe-veicular-2024-1.pdf/@@download/file,729f52c7959e72c74ca458c0023e812b48db5dcbddd8cc7ab19a3f0092bf3ffc,2026-10-01T16:59:17.172812+00:00,km_ensaio_padronizado,catalogo_de_versoes_nao_vendas_nem_telemetria,linhas_extraidas_sem_erro_detectado,735ea2abed6af907fc547360a7e7c01350ddbcea75e81c59cc9bf4afd965dd82
2024,Extra Grande,Mercedes-Benz,GLS 450 4M,,3.0-24V,Híbrido,HIBRIDO_rotulo_inmetro,G,2.87,,5,https://www.gov.br/inmetro/pt-br/assuntos/regulamentacao/avaliacao-da-conformidade/programa-brasileiro-de-etiquetagem/tabelas-de-eficiencia-energetica/veiculos-automotivos-pbe-veicular/pbe-veicular-2024-1.pdf/@@download/file,729f52c7959e72c74ca458c0023e812b48db5dcbddd8cc7ab19a3f0092bf3ffc,2026-10-01T16:59:17.172812+00:00,km_ensaio_padronizado,catalogo_de_versoes_nao_vendas_nem_telemetria,linhas_extraidas_sem_erro_detectado,407cc23452e7054529fdb4c5ce7293087e99b03bc5fd47c9aab089fed0beb5ba
2024,Extra Grande,Mercedes-Benz,AMG GLC43,2025,2.0-16V,Hibrido,HIBRIDO_rotulo_inmetro,G,3.01,,5,https://www.gov.br/inmetro/pt-br/assuntos/regulamentacao/avaliacao-da-conformidade/programa-brasileiro-de-etiquetagem/tabelas-de-eficiencia-energetica/veiculos-automotivos-pbe-veicular/pbe-veicular-2024-1.pdf/@@download/file,729f52c7959e72c74ca458c0023e812b48db5dcbddd8cc7ab19a3f0092bf3ffc,2026-10-01T16:59:17.172812+00:00,km_ensaio_padronizado,catalogo_de_versoes_nao_vendas_nem_telemetria,linhas_extraidas_sem_erro_detectado,c469be985adf635b71e9734c13aeff54fc21c05ae81fb6778d27b62cae3a2f0b
2024,Extra Grande,Mercedes-Benz,AMG GLC43,Coupé (2025),2.0-16V,Hibrido,HIBRIDO_rotulo_inmetro,G,3.01,,5,https://www.gov.br/inmetro/pt-br/assuntos/regulamentacao/avaliacao-da-conformidade/programa-brasileiro-de-etiquetagem/tabelas-de-eficiencia-energetica/veiculos-automotivos-pbe-veicular/pbe-veicular-2024-1.pdf/@@download/file,729f52c7959e72c74ca458c0023e812b48db5dcbddd8cc7ab19a3f0092bf3ffc,2026-10-01T16:59:17.172812+00:00,km_ensaio_padronizado,catalogo_de_versoes_nao_vendas_nem_telemetria,linhas_extraidas_sem_erro_detectado,34bfa7513366e1187fcd83b68c449651e3d67a3595fe8538a8960d1a8b2cbfe5
2024,Extra Grande,Mercedes-Benz,AMG GLE63 S CO,Coupé,4.0-32V,Híbrido,HIBRIDO_rotulo_inmetro,G,3.45,,5,https://www.gov.br/inmetro/pt-br/assuntos/regulamentacao/avaliacao-da-conformidade/programa-brasileiro-de-etiquetagem/tabelas-de-eficiencia-energetica/veiculos-automotivos-pbe-veicular/pbe-veicular-2024-1.pdf/@@download/file,729f52c7959e72c74ca458c0023e812b48db5dcbddd8cc7ab19a3f0092bf3ffc,2026-10-01T16:59:17.172812+00:00,km_ensaio_padronizado,catalogo_de_versoes_nao_vendas_nem_telemetria,linhas_extraidas_sem_erro_detectado,8b54af77f6baf916d743d1b4ff3cd1bb5bedf95b8240f2075664f53d03e21140
2024,Extra Grande,Mercedes-Benz,EQS450,,Elétrico,Elétrico,BEV_rotulo_inmetro,E,0.76,411.0,5,https://www.gov.br/inmetro/pt-br/assuntos/regulamentacao/avaliacao-da-conformidade/programa-brasileiro-de-etiquetagem/tabelas-de-eficiencia-energetica/veiculos-automotivos-pbe-veicular/pbe-veicular-2024-1.pdf/@@download/file,729f52c7959e72c74ca458c0023e812b48db5dcbddd8cc7ab19a3f0092bf3ffc,2026-10-01T16:59:17.172812+00:00,km_ensaio_padronizado,catalogo_de_versoes_nao_vendas_nem_telemetria,linhas_extraidas_sem_erro_detectado,9f8f120a5d09d0004c4376145e7211643f59203f6e3d9de27d8a2ad15d74a21a
2024,Extra Grande,Mercedes-Benz,EQE300,SUV,Elétrico,Elétrico,BEV_rotulo_inmetro,E,0.7,367.0,5,https://www.gov.br/inmetro/pt-br/assuntos/regulamentacao/avaliacao-da-conformidade/programa-brasileiro-de-etiquetagem/tabelas-de-eficiencia-energetica/veiculos-automotivos-pbe-veicular/pbe-veicular-2024-1.pdf/@@download/file,729f52c7959e72c74ca458c0023e812b48db5dcbddd8cc7ab19a3f0092bf3ffc,2026-10-01T16:59:17.172812+00:00,km_ensaio_padronizado,catalogo_de_versoes_nao_vendas_nem_telemetria,linhas_extraidas_sem_erro_detectado,e7e6ede70f6faa1bf646e888ddc58d6389ca4eb38eb2040eea0b01a7c5a8320d
2024,Extra Grande,Mercedes-Benz,AMG EQE53,SUV,Elétrico,Elétrico,BEV_rotulo_inmetro,E,0.8,338.0,5,https://www.gov.br/inmetro/pt-br/assuntos/regulamentacao/avaliacao-da-conformidade/programa-brasileiro-de-etiquetagem/tabelas-de-eficiencia-energetica/veiculos-automotivos-pbe-veicular/pbe-veicular-2024-1.pdf/@@download/file,729f52c7959e72c74ca458c0023e812b48db5dcbddd8cc7ab19a3f0092bf3ffc,2026-10-01T16:59:17.172812+00:00,km_ensaio_padronizado,catalogo_de_versoes_nao_vendas_nem_telemetria,linhas_extraidas_sem_erro_detectado,ad4a51b31952b76d396bc793e54783863cda49897b18f80597bacf9ba8564ea9
2024,Extra Grande,Mercedes-Benz,CLA200,AMG LINE,1.3-16V,Híbrido,HIBRIDO_rotulo_inmetro,G,1.68,,5,https://www.gov.br/inmetro/pt-br/assuntos/regulamentacao/avaliacao-da-conformidade/programa-brasileiro-de-etiquetagem/tabelas-de-eficiencia-energetica/veiculos-automotivos-pbe-veicular/pbe-veicular-2024-1.pdf/@@download/file,729f52c7959e72c74ca458c0023e812b48db5dcbddd8cc7ab19a3f0092bf3ffc,2026-10-01T16:59:17.172812+00:00,km_ensaio_padronizado,catalogo_de_versoes_nao_vendas_nem_telemetria,linhas_extraidas_sem_erro_detectado,019faa8cf151911f858f0cd8505667c670dd46b705dad8aa52e0e82e828c688f
2024,Extra Grande,Mercedes-Benz,CLA200,PROGRESSIVE,1.3-16V,Híbrido,HIBRIDO_rotulo_inmetro,G,1.68,,6,https://www.gov.br/inmetro/pt-br/assuntos/regulamentacao/avaliacao-da-conformidade/programa-brasileiro-de-etiquetagem/tabelas-de-eficiencia-energetica/veiculos-automotivos-pbe-veicular/pbe-veicular-2024-1.pdf/@@download/file,729f52c7959e72c74ca458c0023e812b48db5dcbddd8cc7ab19a3f0092bf3ffc,2026-10-01T16:59:17.172812+00:00,km_ensaio_padronizado,catalogo_de_versoes_nao_vendas_nem_telemetria,linhas_extraidas_sem_erro_detectado,c6077e2943dd7a7a7807a3493739f1b5fef40ef7c80e418a61ee4a2dbeb88067
2024,Extra Grande,Mercedes-Benz,GLB200,PROGRESSIVE,1.3-16V,Híbrido,HIBRIDO_rotulo_inmetro,G,2.01,,6,https://www.gov.br/inmetro/pt-br/assuntos/regulamentacao/avaliacao-da-conformidade/programa-brasileiro-de-etiquetagem/tabelas-de-eficiencia-energetica/veiculos-automotivos-pbe-veicular/pbe-veicular-2024-1.pdf/@@download/file,729f52c7959e72c74ca458c0023e812b48db5dcbddd8cc7ab19a3f0092bf3ffc,2026-10-01T16:59:17.172812+00:00,km_ensaio_padronizado,catalogo_de_versoes_nao_vendas_nem_telemetria,linhas_extraidas_sem_erro_detectado,bdeee15fec6e33b03afa399f372810de30dbf7d5ce7204b482fbbba0f09cff2b
2024,Extra Grande,Mercedes-Benz,GLB220 4M,AMG LINE,2.0-16V,Híbrido,HIBRIDO_rotulo_inmetro,G,2.1,,6,https://www.gov.br/inmetro/pt-br/assuntos/regulamentacao/avaliacao-da-conformidade/programa-brasileiro-de-etiquetagem/tabelas-de-eficiencia-energetica/veiculos-automotivos-pbe-veicular/pbe-veicular-2024-1.pdf/@@download/file,729f52c7959e72c74ca458c0023e812b48db5dcbddd8cc7ab19a3f0092bf3ffc,2026-10-01T16:59:17.172812+00:00,km_ensaio_padronizado,catalogo_de_versoes_nao_vendas_nem_telemetria,linhas_extraidas_sem_erro_detectado,dbcd0f19d369766aa6773d0fed003dc0ab01427918b23273f002fd5c4c08ec25
2024,Extra Grande,Mercedes-Benz,AMG CLA35 4M,,2.0-16V,Híbrido,HIBRIDO_rotulo_inmetro,G,2.28,,6,https://www.gov.br/inmetro/pt-br/assuntos/regulamentacao/avaliacao-da-conformidade/programa-brasileiro-de-etiquetagem/tabelas-de-eficiencia-energetica/veiculos-automotivos-pbe-veicular/pbe-veicular-2024-1.pdf/@@download/file,729f52c7959e72c74ca458c0023e812b48db5dcbddd8cc7ab19a3f0092bf3ffc,2026-10-01T16:59:17.172812+00:00,km_ensaio_padronizado,catalogo_de_versoes_nao_vendas_nem_telemetria,linhas_extraidas_sem_erro_detectado,393195b4618b38f1487d69c8d349789bf53ebd8a8174b2ba86183744bd48dd7d
2024,Extra Grande,Mercedes-Benz,E300,EXCLUSIVE,2.0-16V,Hibrido,HIBRIDO_rotulo_inmetro,G,2.08,,6,https://www.gov.br/inmetro/pt-br/assuntos/regulamentacao/avaliacao-da-conformidade/programa-brasileiro-de-etiquetagem/tabelas-de-eficiencia-energetica/veiculos-automotivos-pbe-veicular/pbe-veicular-2024-1.pdf/@@download/file,729f52c7959e72c74ca458c0023e812b48db5dcbddd8cc7ab19a3f0092bf3ffc,2026-10-01T16:59:17.172812+00:00,km_ensaio_padronizado,catalogo_de_versoes_nao_vendas_nem_telemetria,linhas_extraidas_sem_erro_detectado,9a2c0766c87dbef478c65b80508c0bbb9a422ca97b49ee38af1d422d31de68fe
2024,Extra Grande,Mercedes-Benz,AMG GLB35 4M,,2.0-16V,Hibrido,HIBRIDO_rotulo_inmetro,G,2.49,,6,https://www.gov.br/inmetro/pt-br/assuntos/regulamentacao/avaliacao-da-conformidade/programa-brasileiro-de-etiquetagem/tabelas-de-eficiencia-energetica/veiculos-automotivos-pbe-veicular/pbe-veicular-2024-1.pdf/@@download/file,729f52c7959e72c74ca458c0023e812b48db5dcbddd8cc7ab19a3f0092bf3ffc,2026-10-01T16:59:17.172812+00:00,km_ensaio_padronizado,catalogo_de_versoes_nao_vendas_nem_telemetria,linhas_extraidas_sem_erro_detectado,6bb7dcb5b9145ee61f991482b2d1e6ccccaad3ba7643cb101de389a3501ceb1e
2024,Extra Grande,Mercedes-Benz,EQB 350 4M,,Elétrico,Elétrico,BEV_rotulo_inmetro,E,0.69,272.0,6,https://www.gov.br/inmetro/pt-br/assuntos/regulamentacao/avaliacao-da-conformidade/programa-brasileiro-de-etiquetagem/tabelas-de-eficiencia-energetica/veiculos-automotivos-pbe-veicular/pbe-veicular-2024-1.pdf/@@download/file,729f52c7959e72c74ca458c0023e812b48db5dcbddd8cc7ab19a3f0092bf3ffc,2026-10-01T16:59:17.172812+00:00,km_ensaio_padronizado,catalogo_de_versoes_nao_vendas_nem_telemetria,linhas_extraidas_sem_erro_detectado,dbc93ca0c37fa108b87880af7375589cc0a30b142409e2ae9f6b1d0183b657ea
2024,Extra Grande,Mercedes-Benz,EQE350,SUV,Elétrico,Elétrico,BEV_rotulo_inmetro,E,0.69,406.0,6,https://www.gov.br/inmetro/pt-br/assuntos/regulamentacao/avaliacao-da-conformidade/programa-brasileiro-de-etiquetagem/tabelas-de-eficiencia-energetica/veiculos-automotivos-pbe-veicular/pbe-veicular-2024-1.pdf/@@download/file,729f52c7959e72c74ca458c0023e812b48db5dcbddd8cc7ab19a3f0092bf3ffc,2026-10-01T16:59:17.172812+00:00,km_ensaio_padronizado,catalogo_de_versoes_nao_vendas_nem_telemetria,linhas_extraidas_sem_erro_detectado,77581df862de5bff5a716d6b192a98c42b4e2fb35187955c426c2b9662886594
2024,Extra Grande,Mercedes-Benz,EQS450 4M,,Elétrico,Elétrico,BEV_rotulo_inmetro,E,0.72,470.0,6,https://www.gov.br/inmetro/pt-br/assuntos/regulamentacao/avaliacao-da-conformidade/programa-brasileiro-de-etiquetagem/tabelas-de-eficiencia-energetica/veiculos-automotivos-pbe-veicular/pbe-veicular-2024-1.pdf/@@download/file,729f52c7959e72c74ca458c0023e812b48db5dcbddd8cc7ab19a3f0092bf3ffc,2026-10-01T16:59:17.172812+00:00,km_ensaio_padronizado,catalogo_de_versoes_nao_vendas_nem_telemetria,linhas_extraidas_sem_erro_detectado,fcd98720499ff83f21dcd85143da73d468fd3f50852c478454f44e8068d4d955
2024,Extra Grande,Mercedes-Benz,AMG C63S EP,,2.0-16V,Plug-in,PHEV_rotulo_inmetro,G,1.84,9.0,6,https://www.gov.br/inmetro/pt-br/assuntos/regulamentacao/avaliacao-da-conformidade/programa-brasileiro-de-etiquetagem/tabelas-de-eficiencia-energetica/veiculos-automotivos-pbe-veicular/pbe-veicular-2024-1.pdf/@@download/file,729f52c7959e72c74ca458c0023e812b48db5dcbddd8cc7ab19a3f0092bf3ffc,2026-10-01T16:59:17.172812+00:00,km_ensaio_padronizado,catalogo_de_versoes_nao_vendas_nem_telemetria,linhas_extraidas_sem_erro_detectado,d4a1cbbac1a47fbde5c1efb3c5f1dc24c021dede50c9ded68588de92628e746c
2024,Extra Grande,Mercedes-Benz,AMG C63S EP,F1,2.0-16V,Plug-in,PHEV_rotulo_inmetro,G,1.84,9.0,6,https://www.gov.br/inmetro/pt-br/assuntos/regulamentacao/avaliacao-da-conformidade/programa-brasileiro-de-etiquetagem/tabelas-de-eficiencia-energetica/veiculos-automotivos-pbe-veicular/pbe-veicular-2024-1.pdf/@@download/file,729f52c7959e72c74ca458c0023e812b48db5dcbddd8cc7ab19a3f0092bf3ffc,2026-10-01T16:59:17.172812+00:00,km_ensaio_padronizado,catalogo_de_versoes_nao_vendas_nem_telemetria,linhas_extraidas_sem_erro_detectado,f73ca56be4bdd79a2bb29be38be52ff76a6995a0c7ffd0f8d3bde30cd7abdbb4
2024,Extra Grande,PORSCHE,MACAN,E4,Elétrico,Elétrico,BEV_rotulo_inmetro,E,0.6,443.0,6,https://www.gov.br/inmetro/pt-br/assuntos/regulamentacao/avaliacao-da-conformidade/programa-brasileiro-de-etiquetagem/tabelas-de-eficiencia-energetica/veiculos-automotivos-pbe-veicular/pbe-veicular-2024-1.pdf/@@download/file,729f52c7959e72c74ca458c0023e812b48db5dcbddd8cc7ab19a3f0092bf3ffc,2026-10-01T16:59:17.172812+00:00,km_ensaio_padronizado,catalogo_de_versoes_nao_vendas_nem_telemetria,linhas_extraidas_sem_erro_detectado,de1fc168a5e432414344616be843ead544f9e1b82a6348f8412d15d608386fca
2024,Extra Grande,PORSCHE,MACAN,ETURBO,Elétrico,Elétrico,BEV_rotulo_inmetro,E,0.61,435.0,6,https://www.gov.br/inmetro/pt-br/assuntos/regulamentacao/avaliacao-da-conformidade/programa-brasileiro-de-etiquetagem/tabelas-de-eficiencia-energetica/veiculos-automotivos-pbe-veicular/pbe-veicular-2024-1.pdf/@@download/file,729f52c7959e72c74ca458c0023e812b48db5dcbddd8cc7ab19a3f0092bf3ffc,2026-10-01T16:59:17.172812+00:00,km_ensaio_padronizado,catalogo_de_versoes_nao_vendas_nem_telemetria,linhas_extraidas_sem_erro_detectado,48aa0880d7a8046092e412923d64576193d6ef89a7bb940feaf1726efedbfb8f
2024,Extra Grande,PORSCHE,MACAN,E2,Elétrico,Elétrico,BEV_rotulo_inmetro,E,0.6,443.0,6,https://www.gov.br/inmetro/pt-br/assuntos/regulamentacao/avaliacao-da-conformidade/programa-brasileiro-de-etiquetagem/tabelas-de-eficiencia-energetica/veiculos-automotivos-pbe-veicular/pbe-veicular-2024-1.pdf/@@download/file,729f52c7959e72c74ca458c0023e812b48db5dcbddd8cc7ab19a3f0092bf3ffc,2026-10-01T16:59:17.172812+00:00,km_ensaio_padronizado,catalogo_de_versoes_nao_vendas_nem_telemetria,linhas_extraidas_sem_erro_detectado,2586e7e5e20aba1f0a730c0eb2633b5aca2c64bf71519531c720583337ae2908
2024,Extra Grande,PORSCHE,MACAN,E4S,Elétrico,Elétrico,BEV_rotulo_inmetro,E,0.61,438.0,6,https://www.gov.br/inmetro/pt-br/assuntos/regulamentacao/avaliacao-da-conformidade/programa-brasileiro-de-etiquetagem/tabelas-de-eficiencia-energetica/veiculos-automotivos-pbe-veicular/pbe-veicular-2024-1.pdf/@@download/file,729f52c7959e72c74ca458c0023e812b48db5dcbddd8cc7ab19a3f0092bf3ffc,2026-10-01T16:59:17.172812+00:00,km_ensaio_padronizado,catalogo_de_versoes_nao_vendas_nem_telemetria,linhas_extraidas_sem_erro_detectado,e9276677b231b1c60800288b530bbf3bd0f8c7e35a27b8f0be6518a193704c6a
2024,Extra Grande,TOYOTA,RAV4H,SXAWD CNT,2.5 - 16V,Híbrido,HIBRIDO_rotulo_inmetro,G,1.32,,6,https://www.gov.br/inmetro/pt-br/assuntos/regulamentacao/avaliacao-da-conformidade/programa-brasileiro-de-etiquetagem/tabelas-de-eficiencia-energetica/veiculos-automotivos-pbe-veicular/pbe-veicular-2024-1.pdf/@@download/file,729f52c7959e72c74ca458c0023e812b48db5dcbddd8cc7ab19a3f0092bf3ffc,2026-10-01T16:59:17.172812+00:00,km_ensaio_padronizado,catalogo_de_versoes_nao_vendas_nem_telemetria,linhas_extraidas_sem_erro_detectado,ade9152911d70e30220f4285e54f91341a4f96ab7822fe75cc03ff0e8f2d3464
2024,Extra Grande,TOYOTA,RAV4H,S AWD CNT,2.5 - 16V,Híbrido,HIBRIDO_rotulo_inmetro,G,1.32,,6,https://www.gov.br/inmetro/pt-br/assuntos/regulamentacao/avaliacao-da-conformidade/programa-brasileiro-de-etiquetagem/tabelas-de-eficiencia-energetica/veiculos-automotivos-pbe-veicular/pbe-veicular-2024-1.pdf/@@download/file,729f52c7959e72c74ca458c0023e812b48db5dcbddd8cc7ab19a3f0092bf3ffc,2026-10-01T16:59:17.172812+00:00,km_ensaio_padronizado,catalogo_de_versoes_nao_vendas_nem_telemetria,linhas_extraidas_sem_erro_detectado,b682f749d0bd888d558d7633bbb29a15803ce9d35e4d2f194b972fb2938755ab
2024,Extra Grande,TOYOTA,RAV4,XSE PHEV,2.5 - 16V,Plug-in,PHEV_rotulo_inmetro,G,0.62,55.0,6,https://www.gov.br/inmetro/pt-br/assuntos/regulamentacao/avaliacao-da-conformidade/programa-brasileiro-de-etiquetagem/tabelas-de-eficiencia-energetica/veiculos-automotivos-pbe-veicular/pbe-veicular-2024-1.pdf/@@download/file,729f52c7959e72c74ca458c0023e812b48db5dcbddd8cc7ab19a3f0092bf3ffc,2026-10-01T16:59:17.172812+00:00,km_ensaio_padronizado,catalogo_de_versoes_nao_vendas_nem_telemetria,linhas_extraidas_sem_erro_detectado,0453402c5203a5160e22fe10d221031077ac87e96a1f9239897a0fe4213232c1
2024,Extra Grande,TOYOTA,CAMRY,HV,2.5-16V,Híbrido,HIBRIDO_rotulo_inmetro,G,1.27,,6,https://www.gov.br/inmetro/pt-br/assuntos/regulamentacao/avaliacao-da-conformidade/programa-brasileiro-de-etiquetagem/tabelas-de-eficiencia-energetica/veiculos-automotivos-pbe-veicular/pbe-veicular-2024-1.pdf/@@download/file,729f52c7959e72c74ca458c0023e812b48db5dcbddd8cc7ab19a3f0092bf3ffc,2026-10-01T16:59:17.172812+00:00,km_ensaio_padronizado,catalogo_de_versoes_nao_vendas_nem_telemetria,linhas_extraidas_sem_erro_detectado,63b5c9c9dcce1358d3ed69c63e9b925d1f750018ce7d80aef420534fcb62a7fd
2024,Extra Grande,VW,ID.BUZZ,PRO,Elétrico,Elétrico,BEV_rotulo_inmetro,E,0.7,337.0,6,https://www.gov.br/inmetro/pt-br/assuntos/regulamentacao/avaliacao-da-conformidade/programa-brasileiro-de-etiquetagem/tabelas-de-eficiencia-energetica/veiculos-automotivos-pbe-veicular/pbe-veicular-2024-1.pdf/@@download/file,729f52c7959e72c74ca458c0023e812b48db5dcbddd8cc7ab19a3f0092bf3ffc,2026-10-01T16:59:17.172812+00:00,km_ensaio_padronizado,catalogo_de_versoes_nao_vendas_nem_telemetria,linhas_extraidas_sem_erro_detectado,1fc6021e81908b1cc50cddb298e2f10c4fcdcd89e456576c6c7667cf9fdbd8ea
2024,Extra Grande,ZEEKR,001,Flagship,Elétrico,Elétrico,BEV_rotulo_inmetro,E,0.63,426.0,6,https://www.gov.br/inmetro/pt-br/assuntos/regulamentacao/avaliacao-da-conformidade/programa-brasileiro-de-etiquetagem/tabelas-de-eficiencia-energetica/veiculos-automotivos-pbe-veicular/pbe-veicular-2024-1.pdf/@@download/file,729f52c7959e72c74ca458c0023e812b48db5dcbddd8cc7ab19a3f0092bf3ffc,2026-10-01T16:59:17.172812+00:00,km_ensaio_padronizado,catalogo_de_versoes_nao_vendas_nem_telemetria,linhas_extraidas_sem_erro_detectado,624ecb799d9429c49d2cc2635d0cebb5cdde993415b4130ff01a94f0d6b4f76b
2024,Extra Grande,ZEEKR,001,Premium,Elétrico,Elétrico,BEV_rotulo_inmetro,E,0.63,426.0,6,https://www.gov.br/inmetro/pt-br/assuntos/regulamentacao/avaliacao-da-conformidade/programa-brasileiro-de-etiquetagem/tabelas-de-eficiencia-energetica/veiculos-automotivos-pbe-veicular/pbe-veicular-2024-1.pdf/@@download/file,729f52c7959e72c74ca458c0023e812b48db5dcbddd8cc7ab19a3f0092bf3ffc,2026-10-01T16:59:17.172812+00:00,km_ensaio_padronizado,catalogo_de_versoes_nao_vendas_nem_telemetria,linhas_extraidas_sem_erro_detectado,2f938087d0490949ec7838a99381e970379d794f9739aa4878c0ba294caf769c
2024,Utilitário Esportivo Compacto,CAOA CHERY,TIGGO 5X,H,1.5T -16V,Híbrido,HIBRIDO_rotulo_inmetro,F,1.9,,6,https://www.gov.br/inmetro/pt-br/assuntos/regulamentacao/avaliacao-da-conformidade/programa-brasileiro-de-etiquetagem/tabelas-de-eficiencia-energetica/veiculos-automotivos-pbe-veicular/pbe-veicular-2024-1.pdf/@@download/file,729f52c7959e72c74ca458c0023e812b48db5dcbddd8cc7ab19a3f0092bf3ffc,2026-10-01T16:59:17.172812+00:00,km_ensaio_padronizado,catalogo_de_versoes_nao_vendas_nem_telemetria,linhas_extraidas_sem_erro_detectado,f7b9eee5384b7e7a62578d3de0247f45bb2228a956e07c01bf4631cb22a7aeb3
2024,Utilitário Esportivo Compacto,CAOA CHERY,TIGGO 5X,PRO HA,1.5T -16V,Híbrido,HIBRIDO_rotulo_inmetro,F,1.9,,6,https://www.gov.br/inmetro/pt-br/assuntos/regulamentacao/avaliacao-da-conformidade/programa-brasileiro-de-etiquetagem/tabelas-de-eficiencia-energetica/veiculos-automotivos-pbe-veicular/pbe-veicular-2024-1.pdf/@@download/file,729f52c7959e72c74ca458c0023e812b48db5dcbddd8cc7ab19a3f0092bf3ffc,2026-10-01T16:59:17.172812+00:00,km_ensaio_padronizado,catalogo_de_versoes_nao_vendas_nem_telemetria,linhas_extraidas_sem_erro_detectado,29aa1b95d80c4ace0821d3fc57f84420921e85fac29fdfd6ce570d553a5a06fe
2024,Utilitário Esportivo Compacto,CAOA CHERY,TIGGO 5X,PRO H,1.5T -16V,Híbrido,HIBRIDO_rotulo_inmetro,F,1.9,,6,https://www.gov.br/inmetro/pt-br/assuntos/regulamentacao/avaliacao-da-conformidade/programa-brasileiro-de-etiquetagem/tabelas-de-eficiencia-energetica/veiculos-automotivos-pbe-veicular/pbe-veicular-2024-1.pdf/@@download/file,729f52c7959e72c74ca458c0023e812b48db5dcbddd8cc7ab19a3f0092bf3ffc,2026-10-01T16:59:17.172812+00:00,km_ensaio_padronizado,catalogo_de_versoes_nao_vendas_nem_telemetria,linhas_extraidas_sem_erro_detectado,353f24e83960ef8b272cf8a33466551f6bb14eaa436298c3c8c06c4ac999adda
2024,Utilitário Esportivo Compacto,CAOA CHERY,TIGGO 5X,H,1.5T -16V,Híbrido,HIBRIDO_rotulo_inmetro,F,1.76,,6,https://www.gov.br/inmetro/pt-br/assuntos/regulamentacao/avaliacao-da-conformidade/programa-brasileiro-de-etiquetagem/tabelas-de-eficiencia-energetica/veiculos-automotivos-pbe-veicular/pbe-veicular-2024-1.pdf/@@download/file,729f52c7959e72c74ca458c0023e812b48db5dcbddd8cc7ab19a3f0092bf3ffc,2026-10-01T16:59:17.172812+00:00,km_ensaio_padronizado,catalogo_de_versoes_nao_vendas_nem_telemetria,linhas_extraidas_sem_erro_detectado,c62f72ecadf171e166aff8ff7c6ab826b9a504d836566b3febf4850e10d52009
2024,Utilitário Esportivo Compacto,CAOA CHERY,TIGGO 5X,PRO HA,1.5T -16V,Híbrido,HIBRIDO_rotulo_inmetro,F,1.76,,6,https://www.gov.br/inmetro/pt-br/assuntos/regulamentacao/avaliacao-da-conformidade/programa-brasileiro-de-etiquetagem/tabelas-de-eficiencia-energetica/veiculos-automotivos-pbe-veicular/pbe-veicular-2024-1.pdf/@@download/file,729f52c7959e72c74ca458c0023e812b48db5dcbddd8cc7ab19a3f0092bf3ffc,2026-10-01T16:59:17.172812+00:00,km_ensaio_padronizado,catalogo_de_versoes_nao_vendas_nem_telemetria,linhas_extraidas_sem_erro_detectado,3ef589fff66c79f52381cd23a25f5a097848aa8df9a69565214d3d17127383a6
2024,Utilitário Esportivo Compacto,CAOA CHERY,TIGGO 5X,PRO H,1.5T -16V,Híbrido,HIBRIDO_rotulo_inmetro,F,1.76,,6,https://www.gov.br/inmetro/pt-br/assuntos/regulamentacao/avaliacao-da-conformidade/programa-brasileiro-de-etiquetagem/tabelas-de-eficiencia-energetica/veiculos-automotivos-pbe-veicular/pbe-veicular-2024-1.pdf/@@download/file,729f52c7959e72c74ca458c0023e812b48db5dcbddd8cc7ab19a3f0092bf3ffc,2026-10-01T16:59:17.172812+00:00,km_ensaio_padronizado,catalogo_de_versoes_nao_vendas_nem_telemetria,linhas_extraidas_sem_erro_detectado,a21a640faab6d05328ed847bd9595297846f35e51f7b2da692cc2c821adbe142
2024,Utilitário Esportivo Grande,BYD,TAN,AWD GS 680EV,Elétrico,Elétrico,BEV_rotulo_inmetro,E,0.79,309.0,8,https://www.gov.br/inmetro/pt-br/assuntos/regulamentacao/avaliacao-da-conformidade/programa-brasileiro-de-etiquetagem/tabelas-de-eficiencia-energetica/veiculos-automotivos-pbe-veicular/pbe-veicular-2024-1.pdf/@@download/file,729f52c7959e72c74ca458c0023e812b48db5dcbddd8cc7ab19a3f0092bf3ffc,2026-10-01T16:59:17.172812+00:00,km_ensaio_padronizado,catalogo_de_versoes_nao_vendas_nem_telemetria,linhas_extraidas_sem_erro_detectado,553956b3b98cef080d02b83d8190ddb1c8aed39e035ea9d2c98214d6845fb07a
2024,Utilitário Esportivo Grande,BYD,YUAN PLUS,GL310 EV,Elétrico,Elétrico,BEV_rotulo_inmetro,E,0.56,294.0,8,https://www.gov.br/inmetro/pt-br/assuntos/regulamentacao/avaliacao-da-conformidade/programa-brasileiro-de-etiquetagem/tabelas-de-eficiencia-energetica/veiculos-automotivos-pbe-veicular/pbe-veicular-2024-1.pdf/@@download/file,729f52c7959e72c74ca458c0023e812b48db5dcbddd8cc7ab19a3f0092bf3ffc,2026-10-01T16:59:17.172812+00:00,km_ensaio_padronizado,catalogo_de_versoes_nao_vendas_nem_telemetria,linhas_extraidas_sem_erro_detectado,fe0e3c32218dae27f574744dd72f001d25fd40fb00562fdcc68f9a6466212c3b
2024,Utilitário Esportivo Grande,BYD,YUAN PLUS,GS310 EV,Elétrico,Elétrico,BEV_rotulo_inmetro,E,0.56,294.0,8,https://www.gov.br/inmetro/pt-br/assuntos/regulamentacao/avaliacao-da-conformidade/programa-brasileiro-de-etiquetagem/tabelas-de-eficiencia-energetica/veiculos-automotivos-pbe-veicular/pbe-veicular-2024-1.pdf/@@download/file,729f52c7959e72c74ca458c0023e812b48db5dcbddd8cc7ab19a3f0092bf3ffc,2026-10-01T16:59:17.172812+00:00,km_ensaio_padronizado,catalogo_de_versoes_nao_vendas_nem_telemetria,linhas_extraidas_sem_erro_detectado,e4cb9edfe1981b972227307d1825a8732cec85f625272923f0c89144214bafb3
2024,Utilitário Esportivo Grande,BYD,SONG PLUS (MY25),GS DM,1.5-16V,Plug-in,PHEV_rotulo_inmetro,G,0.58,68.0,8,https://www.gov.br/inmetro/pt-br/assuntos/regulamentacao/avaliacao-da-conformidade/programa-brasileiro-de-etiquetagem/tabelas-de-eficiencia-energetica/veiculos-automotivos-pbe-veicular/pbe-veicular-2024-1.pdf/@@download/file,729f52c7959e72c74ca458c0023e812b48db5dcbddd8cc7ab19a3f0092bf3ffc,2026-10-01T16:59:17.172812+00:00,km_ensaio_padronizado,catalogo_de_versoes_nao_vendas_nem_telemetria,linhas_extraidas_sem_erro_detectado,9df8f6f934b4600d23e44062cbdc0ab017b86054fc27274fb6d6b0a8e72ab41a
2024,Utilitário Esportivo Grande,BYD,SONG PLUS,GS DM,1.5-16V,Plug-in,PHEV_rotulo_inmetro,G,0.65,28.0,8,https://www.gov.br/inmetro/pt-br/assuntos/regulamentacao/avaliacao-da-conformidade/programa-brasileiro-de-etiquetagem/tabelas-de-eficiencia-energetica/veiculos-automotivos-pbe-veicular/pbe-veicular-2024-1.pdf/@@download/file,729f52c7959e72c74ca458c0023e812b48db5dcbddd8cc7ab19a3f0092bf3ffc,2026-10-01T16:59:17.172812+00:00,km_ensaio_padronizado,catalogo_de_versoes_nao_vendas_nem_telemetria,linhas_extraidas_sem_erro_detectado,5de15ca384f9abab2d9fa845d592a255aafebfdbc96244ac6c39e8b0b979295f
2024,Utilitário Esportivo Grande,CAOA CHERY,TIGGO 8,PHEV,1.5T -16V,Plug-in,PHEV_rotulo_inmetro,G,0.67,54.0,8,https://www.gov.br/inmetro/pt-br/assuntos/regulamentacao/avaliacao-da-conformidade/programa-brasileiro-de-etiquetagem/tabelas-de-eficiencia-energetica/veiculos-automotivos-pbe-veicular/pbe-veicular-2024-1.pdf/@@download/file,729f52c7959e72c74ca458c0023e812b48db5dcbddd8cc7ab19a3f0092bf3ffc,2026-10-01T16:59:17.172812+00:00,km_ensaio_padronizado,catalogo_de_versoes_nao_vendas_nem_telemetria,linhas_extraidas_sem_erro_detectado,f3ed2ef639f654f82c49877da6dd63f0e53a1fb63bc2231482144f8676f0e012
2024,Utilitário Esportivo Grande,CAOA CHERY,TIGGO 7,PRO H,1.5T -16V,Híbrido,HIBRIDO_rotulo_inmetro,F,1.89,,8,https://www.gov.br/inmetro/pt-br/assuntos/regulamentacao/avaliacao-da-conformidade/programa-brasileiro-de-etiquetagem/tabelas-de-eficiencia-energetica/veiculos-automotivos-pbe-veicular/pbe-veicular-2024-1.pdf/@@download/file,729f52c7959e72c74ca458c0023e812b48db5dcbddd8cc7ab19a3f0092bf3ffc,2026-10-01T16:59:17.172812+00:00,km_ensaio_padronizado,catalogo_de_versoes_nao_vendas_nem_telemetria,linhas_extraidas_sem_erro_detectado,5cefa8c8b806bdfbcf25e9fe9d53609da633f7703515198c7c8a4c4059844e82
2024,Utilitário Esportivo Grande,CAOA CHERY,TIGGO 7,PRO H,1.5T -16V,Híbrido,HIBRIDO_rotulo_inmetro,F,1.82,,8,https://www.gov.br/inmetro/pt-br/assuntos/regulamentacao/avaliacao-da-conformidade/programa-brasileiro-de-etiquetagem/tabelas-de-eficiencia-energetica/veiculos-automotivos-pbe-veicular/pbe-veicular-2024-1.pdf/@@download/file,729f52c7959e72c74ca458c0023e812b48db5dcbddd8cc7ab19a3f0092bf3ffc,2026-10-01T16:59:17.172812+00:00,km_ensaio_padronizado,catalogo_de_versoes_nao_vendas_nem_telemetria,linhas_extraidas_sem_erro_detectado,4286ca1197fffcb2b3bffdf5879a15709b7032bdc36c17c84b1232cff3e1003f
2024,Utilitário Esportivo Grande,CAOA CHERY,TIGGO 7,HA,1.5T -16V,Híbrido,HIBRIDO_rotulo_inmetro,F,1.82,,8,https://www.gov.br/inmetro/pt-br/assuntos/regulamentacao/avaliacao-da-conformidade/programa-brasileiro-de-etiquetagem/tabelas-de-eficiencia-energetica/veiculos-automotivos-pbe-veicular/pbe-veicular-2024-1.pdf/@@download/file,729f52c7959e72c74ca458c0023e812b48db5dcbddd8cc7ab19a3f0092bf3ffc,2026-10-01T16:59:17.172812+00:00,km_ensaio_padronizado,catalogo_de_versoes_nao_vendas_nem_telemetria,linhas_extraidas_sem_erro_detectado,4c442647830c8cbba080b71efaa22cfb021d81b43363f04a09e5ceb0fec7b902
2024,Utilitário Esportivo Grande,DONFENG,SERES 3,ELEG,Elétrico,Elétrico,BEV_rotulo_inmetro,E,0.57,206.0,8,https://www.gov.br/inmetro/pt-br/assuntos/regulamentacao/avaliacao-da-conformidade/programa-brasileiro-de-etiquetagem/tabelas-de-eficiencia-energetica/veiculos-automotivos-pbe-veicular/pbe-veicular-2024-1.pdf/@@download/file,729f52c7959e72c74ca458c0023e812b48db5dcbddd8cc7ab19a3f0092bf3ffc,2026-10-01T16:59:17.172812+00:00,km_ensaio_padronizado,catalogo_de_versoes_nao_vendas_nem_telemetria,linhas_extraidas_sem_erro_detectado,23975159138ac302c84f365ce1ce669a57a76339e8d439c5c7c9cd0b80c272f3
2024,Utilitário Esportivo Grande,GWM,HAVAL H6,PREM HEV,1.5-16V,Híbrido,HIBRIDO_rotulo_inmetro,G,1.65,,8,https://www.gov.br/inmetro/pt-br/assuntos/regulamentacao/avaliacao-da-conformidade/programa-brasileiro-de-etiquetagem/tabelas-de-eficiencia-energetica/veiculos-automotivos-pbe-veicular/pbe-veicular-2024-1.pdf/@@download/file,729f52c7959e72c74ca458c0023e812b48db5dcbddd8cc7ab19a3f0092bf3ffc,2026-10-01T16:59:17.172812+00:00,km_ensaio_padronizado,catalogo_de_versoes_nao_vendas_nem_telemetria,linhas_extraidas_sem_erro_detectado,fe12763bc7419f7e8e8f743035d58c3dee018db71346b5bdb99373ff982df6bf
2024,Utilitário Esportivo Grande,GWM,HAVAL H6,HEV,1.5-16V,Híbrido,HIBRIDO_rotulo_inmetro,G,1.65,,8,https://www.gov.br/inmetro/pt-br/assuntos/regulamentacao/avaliacao-da-conformidade/programa-brasileiro-de-etiquetagem/tabelas-de-eficiencia-energetica/veiculos-automotivos-pbe-veicular/pbe-veicular-2024-1.pdf/@@download/file,729f52c7959e72c74ca458c0023e812b48db5dcbddd8cc7ab19a3f0092bf3ffc,2026-10-01T16:59:17.172812+00:00,km_ensaio_padronizado,catalogo_de_versoes_nao_vendas_nem_telemetria,linhas_extraidas_sem_erro_detectado,85f08d60e4289bbf4abcd89cbe22d901cc2f6fbc0aae99d3bd81b801fbc00f40
2024,Utilitário Esportivo Grande,GWM,HAVAL H6,PREM PHEV,1.5-16V,Plug-in,PHEV_rotulo_inmetro,G,0.75,113.0,8,https://www.gov.br/inmetro/pt-br/assuntos/regulamentacao/avaliacao-da-conformidade/programa-brasileiro-de-etiquetagem/tabelas-de-eficiencia-energetica/veiculos-automotivos-pbe-veicular/pbe-veicular-2024-1.pdf/@@download/file,729f52c7959e72c74ca458c0023e812b48db5dcbddd8cc7ab19a3f0092bf3ffc,2026-10-01T16:59:17.172812+00:00,km_ensaio_padronizado,catalogo_de_versoes_nao_vendas_nem_telemetria,linhas_extraidas_sem_erro_detectado,db2d52790e8385a247ffe9a9a051d526dd457be76e25d8e2e29aed5ac10ad036
2024,Utilitário Esportivo Grande,GWM,HAVAL H6,PHEV,1.5-16V,Plug-in,PHEV_rotulo_inmetro,G,0.75,113.0,8,https://www.gov.br/inmetro/pt-br/assuntos/regulamentacao/avaliacao-da-conformidade/programa-brasileiro-de-etiquetagem/tabelas-de-eficiencia-energetica/veiculos-automotivos-pbe-veicular/pbe-veicular-2024-1.pdf/@@download/file,729f52c7959e72c74ca458c0023e812b48db5dcbddd8cc7ab19a3f0092bf3ffc,2026-10-01T16:59:17.172812+00:00,km_ensaio_padronizado,catalogo_de_versoes_nao_vendas_nem_telemetria,linhas_extraidas_sem_erro_detectado,476f97941fdcadfe533489a809ca27c89c328077a693e2a61677cb4dfa03bdee
2024,Utilitário Esportivo Grande,GWM,HAVAL H6,HAVAL H6 PHEV 19,1.5-16V,Plug-in,PHEV_rotulo_inmetro,G,0.6,74.0,8,https://www.gov.br/inmetro/pt-br/assuntos/regulamentacao/avaliacao-da-conformidade/programa-brasileiro-de-etiquetagem/tabelas-de-eficiencia-energetica/veiculos-automotivos-pbe-veicular/pbe-veicular-2024-1.pdf/@@download/file,729f52c7959e72c74ca458c0023e812b48db5dcbddd8cc7ab19a3f0092bf3ffc,2026-10-01T16:59:17.172812+00:00,km_ensaio_padronizado,catalogo_de_versoes_nao_vendas_nem_telemetria,linhas_extraidas_sem_erro_detectado,bb3deaeb561468bcd8ec0be16339ebb2c17eaaaaf037c9b187874c21f329c8e6
2024,Utilitário Esportivo Grande,HONDA,CR-V HYBRID,TOURING,2.0 - 16V,Híbrido,HIBRIDO_rotulo_inmetro,G,1.66,,8,https://www.gov.br/inmetro/pt-br/assuntos/regulamentacao/avaliacao-da-conformidade/programa-brasileiro-de-etiquetagem/tabelas-de-eficiencia-energetica/veiculos-automotivos-pbe-veicular/pbe-veicular-2024-1.pdf/@@download/file,729f52c7959e72c74ca458c0023e812b48db5dcbddd8cc7ab19a3f0092bf3ffc,2026-10-01T16:59:17.172812+00:00,km_ensaio_padronizado,catalogo_de_versoes_nao_vendas_nem_telemetria,linhas_extraidas_sem_erro_detectado,e167302522953da3e0b0d56a90ac29f3874f9cf711a8b5b3db10dd043884de87
2024,Utilitário Esportivo Grande,KIA,SPORTAGE,TMHEV EX,1.6 - 16V,Híbrido,HIBRIDO_rotulo_inmetro,G,1.84,,8,https://www.gov.br/inmetro/pt-br/assuntos/regulamentacao/avaliacao-da-conformidade/programa-brasileiro-de-etiquetagem/tabelas-de-eficiencia-energetica/veiculos-automotivos-pbe-veicular/pbe-veicular-2024-1.pdf/@@download/file,729f52c7959e72c74ca458c0023e812b48db5dcbddd8cc7ab19a3f0092bf3ffc,2026-10-01T16:59:17.172812+00:00,km_ensaio_padronizado,catalogo_de_versoes_nao_vendas_nem_telemetria,linhas_extraidas_sem_erro_detectado,314d8a47566b61418a9cc2c74c31b1634b6ec28915013fd51517db3c38bb37d1
2024,Utilitário Esportivo Grande,KIA,SPORTAGE,TMHEV LX,1.6 - 16V,Híbrido,HIBRIDO_rotulo_inmetro,G,1.84,,8,https://www.gov.br/inmetro/pt-br/assuntos/regulamentacao/avaliacao-da-conformidade/programa-brasileiro-de-etiquetagem/tabelas-de-eficiencia-energetica/veiculos-automotivos-pbe-veicular/pbe-veicular-2024-1.pdf/@@download/file,729f52c7959e72c74ca458c0023e812b48db5dcbddd8cc7ab19a3f0092bf3ffc,2026-10-01T16:59:17.172812+00:00,km_ensaio_padronizado,catalogo_de_versoes_nao_vendas_nem_telemetria,linhas_extraidas_sem_erro_detectado,6540f70d7871abe5eccd2080c2d5e16204d01019ea33ee53c6318661eef8ddb8
2024,Utilitário Esportivo Grande,KIA,SPORTAGE,TMHEV SX,1.6 - 16V,Híbrido,HIBRIDO_rotulo_inmetro,G,1.84,,8,https://www.gov.br/inmetro/pt-br/assuntos/regulamentacao/avaliacao-da-conformidade/programa-brasileiro-de-etiquetagem/tabelas-de-eficiencia-energetica/veiculos-automotivos-pbe-veicular/pbe-veicular-2024-1.pdf/@@download/file,729f52c7959e72c74ca458c0023e812b48db5dcbddd8cc7ab19a3f0092bf3ffc,2026-10-01T16:59:17.172812+00:00,km_ensaio_padronizado,catalogo_de_versoes_nao_vendas_nem_telemetria,linhas_extraidas_sem_erro_detectado,47037eea0c059ad840be766ff7aa997717058b0aa8feeddffe886a7a32a60b2d
2024,Utilitário Esportivo Grande,KIA,SPORTAGE,TMHEV GT,1.6 - 16V,Híbrido,HIBRIDO_rotulo_inmetro,G,1.84,,8,https://www.gov.br/inmetro/pt-br/assuntos/regulamentacao/avaliacao-da-conformidade/programa-brasileiro-de-etiquetagem/tabelas-de-eficiencia-energetica/veiculos-automotivos-pbe-veicular/pbe-veicular-2024-1.pdf/@@download/file,729f52c7959e72c74ca458c0023e812b48db5dcbddd8cc7ab19a3f0092bf3ffc,2026-10-01T16:59:17.172812+00:00,km_ensaio_padronizado,catalogo_de_versoes_nao_vendas_nem_telemetria,linhas_extraidas_sem_erro_detectado,551c74198efc093ec93048d40bc8651266d3625547a1aa6c60515b50b1ced218
2024,Utilitário Esportivo Grande,KIA,SPORTAGE,TMHEV EXP,1.6 - 16V,Híbrido,HIBRIDO_rotulo_inmetro,G,1.84,,8,https://www.gov.br/inmetro/pt-br/assuntos/regulamentacao/avaliacao-da-conformidade/programa-brasileiro-de-etiquetagem/tabelas-de-eficiencia-energetica/veiculos-automotivos-pbe-veicular/pbe-veicular-2024-1.pdf/@@download/file,729f52c7959e72c74ca458c0023e812b48db5dcbddd8cc7ab19a3f0092bf3ffc,2026-10-01T16:59:17.172812+00:00,km_ensaio_padronizado,catalogo_de_versoes_nao_vendas_nem_telemetria,linhas_extraidas_sem_erro_detectado,adf5ace226ea80bb3679f1f7fed152cafc4bae74949a87faf9feab224aa87b84
2024,Utilitário Esportivo Grande,LEXUS,NX350H,LUXURY,2.5 - 16V,Híbrido,HIBRIDO_rotulo_inmetro,G,1.5,,8,https://www.gov.br/inmetro/pt-br/assuntos/regulamentacao/avaliacao-da-conformidade/programa-brasileiro-de-etiquetagem/tabelas-de-eficiencia-energetica/veiculos-automotivos-pbe-veicular/pbe-veicular-2024-1.pdf/@@download/file,729f52c7959e72c74ca458c0023e812b48db5dcbddd8cc7ab19a3f0092bf3ffc,2026-10-01T16:59:17.172812+00:00,km_ensaio_padronizado,catalogo_de_versoes_nao_vendas_nem_telemetria,linhas_extraidas_sem_erro_detectado,ddb4fdf555451ddebad6936e9e5e301a4cbdac27112d369fa721eebf32092b6d
2024,Utilitário Esportivo Grande,LEXUS,NX350H,DYNAMIC,2.5 - 16V,Híbrido,HIBRIDO_rotulo_inmetro,G,1.5,,8,https://www.gov.br/inmetro/pt-br/assuntos/regulamentacao/avaliacao-da-conformidade/programa-brasileiro-de-etiquetagem/tabelas-de-eficiencia-energetica/veiculos-automotivos-pbe-veicular/pbe-veicular-2024-1.pdf/@@download/file,729f52c7959e72c74ca458c0023e812b48db5dcbddd8cc7ab19a3f0092bf3ffc,2026-10-01T16:59:17.172812+00:00,km_ensaio_padronizado,catalogo_de_versoes_nao_vendas_nem_telemetria,linhas_extraidas_sem_erro_detectado,f053acc5e5fa6a4e0ae3b1f6cc7d6280dfef6bb0a181cce3638cc97edb72e1c4
2024,Utilitário Esportivo Grande,LEXUS,NX350H,F-SPORT,2.5 - 16V,Híbrido,HIBRIDO_rotulo_inmetro,G,1.5,,8,https://www.gov.br/inmetro/pt-br/assuntos/regulamentacao/avaliacao-da-conformidade/programa-brasileiro-de-etiquetagem/tabelas-de-eficiencia-energetica/veiculos-automotivos-pbe-veicular/pbe-veicular-2024-1.pdf/@@download/file,729f52c7959e72c74ca458c0023e812b48db5dcbddd8cc7ab19a3f0092bf3ffc,2026-10-01T16:59:17.172812+00:00,km_ensaio_padronizado,catalogo_de_versoes_nao_vendas_nem_telemetria,linhas_extraidas_sem_erro_detectado,79bf116288de20ea0a6cc4c5e54f8417d8101dd78b8552deed331f73af819170
2024,Utilitário Esportivo Grande,MASERATI,LEVANTE,MHEV,"2,0L-16V",Híbrido,HIBRIDO_rotulo_inmetro,G,2.77,,8,https://www.gov.br/inmetro/pt-br/assuntos/regulamentacao/avaliacao-da-conformidade/programa-brasileiro-de-etiquetagem/tabelas-de-eficiencia-energetica/veiculos-automotivos-pbe-veicular/pbe-veicular-2024-1.pdf/@@download/file,729f52c7959e72c74ca458c0023e812b48db5dcbddd8cc7ab19a3f0092bf3ffc,2026-10-01T16:59:17.172812+00:00,km_ensaio_padronizado,catalogo_de_versoes_nao_vendas_nem_telemetria,linhas_extraidas_sem_erro_detectado,0479f059b54a5c16f3ca4685b3197bdca390e8db1822810050fbc9e6cc2665c2
2024,Utilitário Esportivo Grande,VOLVO,XC40,P6 RECHARGE,Elétrico,Elétrico,BEV_rotulo_inmetro,E,0.51,367.0,8,https://www.gov.br/inmetro/pt-br/assuntos/regulamentacao/avaliacao-da-conformidade/programa-brasileiro-de-etiquetagem/tabelas-de-eficiencia-energetica/veiculos-automotivos-pbe-veicular/pbe-veicular-2024-1.pdf/@@download/file,729f52c7959e72c74ca458c0023e812b48db5dcbddd8cc7ab19a3f0092bf3ffc,2026-10-01T16:59:17.172812+00:00,km_ensaio_padronizado,catalogo_de_versoes_nao_vendas_nem_telemetria,linhas_extraidas_sem_erro_detectado,bb5d623aa8e0fcb4c8ff2bb1b4eee7d9a6734cba2c5cfef205c7e0207ceb8f76
2024,Utilitário Esportivo Grande,VOLVO,XC40,6 ULTIMATE,Elétrico,Elétrico,BEV_rotulo_inmetro,E,0.51,367.0,8,https://www.gov.br/inmetro/pt-br/assuntos/regulamentacao/avaliacao-da-conformidade/programa-brasileiro-de-etiquetagem/tabelas-de-eficiencia-energetica/veiculos-automotivos-pbe-veicular/pbe-veicular-2024-1.pdf/@@download/file,729f52c7959e72c74ca458c0023e812b48db5dcbddd8cc7ab19a3f0092bf3ffc,2026-10-01T16:59:17.172812+00:00,km_ensaio_padronizado,catalogo_de_versoes_nao_vendas_nem_telemetria,linhas_extraidas_sem_erro_detectado,e271ec1639a1e5fc272826876389c7488bbdfbf8b03362d059793846a272df82
2024,Utilitário Esportivo Grande,VOLVO,XC40,6 PLUS,Elétrico,Elétrico,BEV_rotulo_inmetro,E,0.51,367.0,8,https://www.gov.br/inmetro/pt-br/assuntos/regulamentacao/avaliacao-da-conformidade/programa-brasileiro-de-etiquetagem/tabelas-de-eficiencia-energetica/veiculos-automotivos-pbe-veicular/pbe-veicular-2024-1.pdf/@@download/file,729f52c7959e72c74ca458c0023e812b48db5dcbddd8cc7ab19a3f0092bf3ffc,2026-10-01T16:59:17.172812+00:00,km_ensaio_padronizado,catalogo_de_versoes_nao_vendas_nem_telemetria,linhas_extraidas_sem_erro_detectado,feb1eb1e95a364bef943532b9268e2c086379765850d8ac382ea3d89209cf2d3
2024,Utilitário Esportivo Grande,VOLVO,XC40,6 CORE,Elétrico,Elétrico,BEV_rotulo_inmetro,E,0.51,367.0,8,https://www.gov.br/inmetro/pt-br/assuntos/regulamentacao/avaliacao-da-conformidade/programa-brasileiro-de-etiquetagem/tabelas-de-eficiencia-energetica/veiculos-automotivos-pbe-veicular/pbe-veicular-2024-1.pdf/@@download/file,729f52c7959e72c74ca458c0023e812b48db5dcbddd8cc7ab19a3f0092bf3ffc,2026-10-01T16:59:17.172812+00:00,km_ensaio_padronizado,catalogo_de_versoes_nao_vendas_nem_telemetria,linhas_extraidas_sem_erro_detectado,db158278dead07a1b3c05767071c253e2bb99e6cbfe6eb81589f765bfd55a724
2024,Utilitário Esportivo Grande,VOLVO,EX40,6 CORE,Elétrico,Elétrico,BEV_rotulo_inmetro,E,0.55,364.0,8,https://www.gov.br/inmetro/pt-br/assuntos/regulamentacao/avaliacao-da-conformidade/programa-brasileiro-de-etiquetagem/tabelas-de-eficiencia-energetica/veiculos-automotivos-pbe-veicular/pbe-veicular-2024-1.pdf/@@download/file,729f52c7959e72c74ca458c0023e812b48db5dcbddd8cc7ab19a3f0092bf3ffc,2026-10-01T16:59:17.172812+00:00,km_ensaio_padronizado,catalogo_de_versoes_nao_vendas_nem_telemetria,linhas_extraidas_sem_erro_detectado,c16b50e44d084feda037308428da3cc54b6d7a2084165f8196a74ec4d8556870
2024,Utilitário Esportivo Grande,VOLVO,EX40,6 PLUS,Elétrico,Elétrico,BEV_rotulo_inmetro,E,0.55,364.0,8,https://www.gov.br/inmetro/pt-br/assuntos/regulamentacao/avaliacao-da-conformidade/programa-brasileiro-de-etiquetagem/tabelas-de-eficiencia-energetica/veiculos-automotivos-pbe-veicular/pbe-veicular-2024-1.pdf/@@download/file,729f52c7959e72c74ca458c0023e812b48db5dcbddd8cc7ab19a3f0092bf3ffc,2026-10-01T16:59:17.172812+00:00,km_ensaio_padronizado,catalogo_de_versoes_nao_vendas_nem_telemetria,linhas_extraidas_sem_erro_detectado,4050cf3d50087ac6f33cbc1f9cfa51e51fcde57d4fc7dabd3fcce774a5778fbb
2024,Utilitário Esportivo Grande,VOLVO,EX40,6 ULTRA,Elétrico,Elétrico,BEV_rotulo_inmetro,E,0.55,364.0,8,https://www.gov.br/inmetro/pt-br/assuntos/regulamentacao/avaliacao-da-conformidade/programa-brasileiro-de-etiquetagem/tabelas-de-eficiencia-energetica/veiculos-automotivos-pbe-veicular/pbe-veicular-2024-1.pdf/@@download/file,729f52c7959e72c74ca458c0023e812b48db5dcbddd8cc7ab19a3f0092bf3ffc,2026-10-01T16:59:17.172812+00:00,km_ensaio_padronizado,catalogo_de_versoes_nao_vendas_nem_telemetria,linhas_extraidas_sem_erro_detectado,d7ab86928fe8bdcf69f9afc012b534e05b674acf8ac89c01397ca7c17c419381
2024,Utilitário Esportivo Grande,ZEEKR,X,Premium,Elétrico,Elétrico,BEV_rotulo_inmetro,E,0.55,332.0,8,https://www.gov.br/inmetro/pt-br/assuntos/regulamentacao/avaliacao-da-conformidade/programa-brasileiro-de-etiquetagem/tabelas-de-eficiencia-energetica/veiculos-automotivos-pbe-veicular/pbe-veicular-2024-1.pdf/@@download/file,729f52c7959e72c74ca458c0023e812b48db5dcbddd8cc7ab19a3f0092bf3ffc,2026-10-01T16:59:17.172812+00:00,km_ensaio_padronizado,catalogo_de_versoes_nao_vendas_nem_telemetria,linhas_extraidas_sem_erro_detectado,fcfbea68b9b5ee1f1934c96246f8ea0cba78433cd756fa8099c2ff72609f1edb
2024,Utilitário Esportivo Grande 4x4,BMW,X3,xDrive 30e,2.0 - 16V,Plug-in,PHEV_rotulo_inmetro,G,1.02,31.0,9,https://www.gov.br/inmetro/pt-br/assuntos/regulamentacao/avaliacao-da-conformidade/programa-brasileiro-de-etiquetagem/tabelas-de-eficiencia-energetica/veiculos-automotivos-pbe-veicular/pbe-veicular-2024-1.pdf/@@download/file,729f52c7959e72c74ca458c0023e812b48db5dcbddd8cc7ab19a3f0092bf3ffc,2026-10-01T16:59:17.172812+00:00,km_ensaio_padronizado,catalogo_de_versoes_nao_vendas_nem_telemetria,linhas_extraidas_sem_erro_detectado,7f22c87fd77a202543aafb4df3a5d77e7e31cad7147e6e1947b2792579b5f7f1
2024,Utilitário Esportivo Grande 4x4,BMW,X5,xDrive45e,3.0 - 24V,Plug-in,PHEV_rotulo_inmetro,G,1.03,54.0,9,https://www.gov.br/inmetro/pt-br/assuntos/regulamentacao/avaliacao-da-conformidade/programa-brasileiro-de-etiquetagem/tabelas-de-eficiencia-energetica/veiculos-automotivos-pbe-veicular/pbe-veicular-2024-1.pdf/@@download/file,729f52c7959e72c74ca458c0023e812b48db5dcbddd8cc7ab19a3f0092bf3ffc,2026-10-01T16:59:17.172812+00:00,km_ensaio_padronizado,catalogo_de_versoes_nao_vendas_nem_telemetria,linhas_extraidas_sem_erro_detectado,02056e5e1b037f422ca82357baf63095c9cb5e6821b5949ceb6834b2676125f0
2024,Utilitário Esportivo Grande 4x4,BMW,X6,M COMPETITION,4.4 - 32V,Híbrido,HIBRIDO_rotulo_inmetro,G,3.53,,9,https://www.gov.br/inmetro/pt-br/assuntos/regulamentacao/avaliacao-da-conformidade/programa-brasileiro-de-etiquetagem/tabelas-de-eficiencia-energetica/veiculos-automotivos-pbe-veicular/pbe-veicular-2024-1.pdf/@@download/file,729f52c7959e72c74ca458c0023e812b48db5dcbddd8cc7ab19a3f0092bf3ffc,2026-10-01T16:59:17.172812+00:00,km_ensaio_padronizado,catalogo_de_versoes_nao_vendas_nem_telemetria,linhas_extraidas_sem_erro_detectado,24c91bf98c101ae8e0348db3fa625bad575452541ef4e581a5d9266b181c4c53
2024,Utilitário Esportivo Grande 4x4,BMW,X6,xDrive40i,3.0 - 24V,Híbrido,HIBRIDO_rotulo_inmetro,G,2.36,,9,https://www.gov.br/inmetro/pt-br/assuntos/regulamentacao/avaliacao-da-conformidade/programa-brasileiro-de-etiquetagem/tabelas-de-eficiencia-energetica/veiculos-automotivos-pbe-veicular/pbe-veicular-2024-1.pdf/@@download/file,729f52c7959e72c74ca458c0023e812b48db5dcbddd8cc7ab19a3f0092bf3ffc,2026-10-01T16:59:17.172812+00:00,km_ensaio_padronizado,catalogo_de_versoes_nao_vendas_nem_telemetria,linhas_extraidas_sem_erro_detectado,3467c9e82ab5e917ecc107f3df49ccaa9ec3eb4650ae00ea3b9ef5b8a10270c3
2024,Utilitário Esportivo Grande 4x4,BMW,X5,xDrive50e MSP,3.0 - 24V,Plug-in,PHEV_rotulo_inmetro,G,0.91,78.0,9,https://www.gov.br/inmetro/pt-br/assuntos/regulamentacao/avaliacao-da-conformidade/programa-brasileiro-de-etiquetagem/tabelas-de-eficiencia-energetica/veiculos-automotivos-pbe-veicular/pbe-veicular-2024-1.pdf/@@download/file,729f52c7959e72c74ca458c0023e812b48db5dcbddd8cc7ab19a3f0092bf3ffc,2026-10-01T16:59:17.172812+00:00,km_ensaio_padronizado,catalogo_de_versoes_nao_vendas_nem_telemetria,linhas_extraidas_sem_erro_detectado,a4d9c530007fca8ff01e80abb72b0afea0b329952de212a06503bbb6039ef312
2024,Utilitário Esportivo Grande 4x4,BMW,X5,xDrive50e XLINE,3.0 - 24V,Plug-in,PHEV_rotulo_inmetro,G,0.91,78.0,9,https://www.gov.br/inmetro/pt-br/assuntos/regulamentacao/avaliacao-da-conformidade/programa-brasileiro-de-etiquetagem/tabelas-de-eficiencia-energetica/veiculos-automotivos-pbe-veicular/pbe-veicular-2024-1.pdf/@@download/file,729f52c7959e72c74ca458c0023e812b48db5dcbddd8cc7ab19a3f0092bf3ffc,2026-10-01T16:59:17.172812+00:00,km_ensaio_padronizado,catalogo_de_versoes_nao_vendas_nem_telemetria,linhas_extraidas_sem_erro_detectado,f0ca8547eca05d0ae489b9dc5784c7e0b5e2f3be615f8dc25052bd32965fdb4c
2024,Utilitário Esportivo Grande 4x4,BMW,X7,M60i xDrive,4.4 - 32V,Híbrido,HIBRIDO_rotulo_inmetro,G,3.24,,9,https://www.gov.br/inmetro/pt-br/assuntos/regulamentacao/avaliacao-da-conformidade/programa-brasileiro-de-etiquetagem/tabelas-de-eficiencia-energetica/veiculos-automotivos-pbe-veicular/pbe-veicular-2024-1.pdf/@@download/file,729f52c7959e72c74ca458c0023e812b48db5dcbddd8cc7ab19a3f0092bf3ffc,2026-10-01T16:59:17.172812+00:00,km_ensaio_padronizado,catalogo_de_versoes_nao_vendas_nem_telemetria,linhas_extraidas_sem_erro_detectado,9bcb56248d5263b32d92b6a4d2c4187962a794757f3a704ab001bcbe1fcbbb8c
2024,Utilitário Esportivo Grande 4x4,JAGUAR,F-PACE,PHEV RD SE,2.0-16V,Plug-in,PHEV_rotulo_inmetro,G,1.0,38.0,9,https://www.gov.br/inmetro/pt-br/assuntos/regulamentacao/avaliacao-da-conformidade/programa-brasileiro-de-etiquetagem/tabelas-de-eficiencia-energetica/veiculos-automotivos-pbe-veicular/pbe-veicular-2024-1.pdf/@@download/file,729f52c7959e72c74ca458c0023e812b48db5dcbddd8cc7ab19a3f0092bf3ffc,2026-10-01T16:59:17.172812+00:00,km_ensaio_padronizado,catalogo_de_versoes_nao_vendas_nem_telemetria,linhas_extraidas_sem_erro_detectado,779627988b8e6a5fe7f1be59ab8614e8463d496f04ffd13cc80e2705c8eba93f
2024,Utilitário Esportivo Grande 4x4,JAGUAR,F-PACE,PHEV RD SE (LC4133),2.0-16V,Plug-in,PHEV_rotulo_inmetro,G,0.94,39.0,9,https://www.gov.br/inmetro/pt-br/assuntos/regulamentacao/avaliacao-da-conformidade/programa-brasileiro-de-etiquetagem/tabelas-de-eficiencia-energetica/veiculos-automotivos-pbe-veicular/pbe-veicular-2024-1.pdf/@@download/file,729f52c7959e72c74ca458c0023e812b48db5dcbddd8cc7ab19a3f0092bf3ffc,2026-10-01T16:59:17.172812+00:00,km_ensaio_padronizado,catalogo_de_versoes_nao_vendas_nem_telemetria,linhas_extraidas_sem_erro_detectado,6d7b60c1d9ed2c3a29f87e6244ef4daa1b5023b7e01915ecfc4b5d87c32b5cdf
2024,Utilitário Esportivo Grande 4x4,Mercedes-Benz,GLC300 4M,Coupé,2.0-16V,Hibrido,HIBRIDO_rotulo_inmetro,G,2.08,,9,https://www.gov.br/inmetro/pt-br/assuntos/regulamentacao/avaliacao-da-conformidade/programa-brasileiro-de-etiquetagem/tabelas-de-eficiencia-energetica/veiculos-automotivos-pbe-veicular/pbe-veicular-2024-1.pdf/@@download/file,729f52c7959e72c74ca458c0023e812b48db5dcbddd8cc7ab19a3f0092bf3ffc,2026-10-01T16:59:17.172812+00:00,km_ensaio_padronizado,catalogo_de_versoes_nao_vendas_nem_telemetria,linhas_extraidas_sem_erro_detectado,097e059c84b5c28d7d8f2dece21b62b759c9e2e1b08c7655c5afc7ae337defaf
2024,Utilitário Esportivo Grande 4x4,Mercedes-Benz,GLC300 4M,,2.0-16V,Hibrido,HIBRIDO_rotulo_inmetro,G,2.08,,9,https://www.gov.br/inmetro/pt-br/assuntos/regulamentacao/avaliacao-da-conformidade/programa-brasileiro-de-etiquetagem/tabelas-de-eficiencia-energetica/veiculos-automotivos-pbe-veicular/pbe-veicular-2024-1.pdf/@@download/file,729f52c7959e72c74ca458c0023e812b48db5dcbddd8cc7ab19a3f0092bf3ffc,2026-10-01T16:59:17.172812+00:00,km_ensaio_padronizado,catalogo_de_versoes_nao_vendas_nem_telemetria,linhas_extraidas_sem_erro_detectado,0e04a60a2e8134a49964cd4ffcf249b0872d924418dad292515d9506ec423fe0
2024,Utilitário Esportivo Grande 4x4,Mercedes-Benz,GLE450D 4M,,3.0-24V,Hibrido,HIBRIDO_rotulo_inmetro,D,2.22,,9,https://www.gov.br/inmetro/pt-br/assuntos/regulamentacao/avaliacao-da-conformidade/programa-brasileiro-de-etiquetagem/tabelas-de-eficiencia-energetica/veiculos-automotivos-pbe-veicular/pbe-veicular-2024-1.pdf/@@download/file,729f52c7959e72c74ca458c0023e812b48db5dcbddd8cc7ab19a3f0092bf3ffc,2026-10-01T16:59:17.172812+00:00,km_ensaio_padronizado,catalogo_de_versoes_nao_vendas_nem_telemetria,linhas_extraidas_sem_erro_detectado,d16111ce0f024c58256012a1477d38edd23715b48f21cfddff5cb856830c5b76
2024,Utilitário Esportivo Grande 4x4,Mercedes-Benz,GLE450D 4M,Coupé,3.0-24V,Hibrido,HIBRIDO_rotulo_inmetro,D,2.22,,9,https://www.gov.br/inmetro/pt-br/assuntos/regulamentacao/avaliacao-da-conformidade/programa-brasileiro-de-etiquetagem/tabelas-de-eficiencia-energetica/veiculos-automotivos-pbe-veicular/pbe-veicular-2024-1.pdf/@@download/file,729f52c7959e72c74ca458c0023e812b48db5dcbddd8cc7ab19a3f0092bf3ffc,2026-10-01T16:59:17.172812+00:00,km_ensaio_padronizado,catalogo_de_versoes_nao_vendas_nem_telemetria,linhas_extraidas_sem_erro_detectado,be5a67912acee05973bb623585d777db5df1f7141ac62ce5fc56e328cb3fab3a
2024,Utilitário Esportivo Grande 4x4,PORSCHE,CAYENNE,S PHEV,3.0-24V,Plug-in,PHEV_rotulo_inmetro,G,0.99,56.0,9,https://www.gov.br/inmetro/pt-br/assuntos/regulamentacao/avaliacao-da-conformidade/programa-brasileiro-de-etiquetagem/tabelas-de-eficiencia-energetica/veiculos-automotivos-pbe-veicular/pbe-veicular-2024-1.pdf/@@download/file,729f52c7959e72c74ca458c0023e812b48db5dcbddd8cc7ab19a3f0092bf3ffc,2026-10-01T16:59:17.172812+00:00,km_ensaio_padronizado,catalogo_de_versoes_nao_vendas_nem_telemetria,linhas_extraidas_sem_erro_detectado,c603a47dffce90e04f7dc85b10c8f5cd4ac8518afba4f6eb0eba180eadf67bc4
2024,Utilitário Esportivo Grande 4x4,PORSCHE,CAYENNE,SCPHEV,3.0-24V,Plug-in,PHEV_rotulo_inmetro,G,0.99,56.0,9,https://www.gov.br/inmetro/pt-br/assuntos/regulamentacao/avaliacao-da-conformidade/programa-brasileiro-de-etiquetagem/tabelas-de-eficiencia-energetica/veiculos-automotivos-pbe-veicular/pbe-veicular-2024-1.pdf/@@download/file,729f52c7959e72c74ca458c0023e812b48db5dcbddd8cc7ab19a3f0092bf3ffc,2026-10-01T16:59:17.172812+00:00,km_ensaio_padronizado,catalogo_de_versoes_nao_vendas_nem_telemetria,linhas_extraidas_sem_erro_detectado,cdb7de5c889c46cbac471ca65efa7ecc0533fabe23409d9a3ab4c0b162495afb
2024,Utilitário Esportivo Grande 4x4,PORSCHE,CAYENNE,T PHEV,4.0-32V,Plug-in,PHEV_rotulo_inmetro,G,1.04,55.0,9,https://www.gov.br/inmetro/pt-br/assuntos/regulamentacao/avaliacao-da-conformidade/programa-brasileiro-de-etiquetagem/tabelas-de-eficiencia-energetica/veiculos-automotivos-pbe-veicular/pbe-veicular-2024-1.pdf/@@download/file,729f52c7959e72c74ca458c0023e812b48db5dcbddd8cc7ab19a3f0092bf3ffc,2026-10-01T16:59:17.172812+00:00,km_ensaio_padronizado,catalogo_de_versoes_nao_vendas_nem_telemetria,linhas_extraidas_sem_erro_detectado,bc96657f7982b4a4d16a34959b6ece3d7364e564a12f10001bd0be10de344856
2024,Utilitário Esportivo Grande 4x4,PORSCHE,CAYENNE,TCPHEV,4.0-32V,Plug-in,PHEV_rotulo_inmetro,G,1.04,55.0,9,https://www.gov.br/inmetro/pt-br/assuntos/regulamentacao/avaliacao-da-conformidade/programa-brasileiro-de-etiquetagem/tabelas-de-eficiencia-energetica/veiculos-automotivos-pbe-veicular/pbe-veicular-2024-1.pdf/@@download/file,729f52c7959e72c74ca458c0023e812b48db5dcbddd8cc7ab19a3f0092bf3ffc,2026-10-01T16:59:17.172812+00:00,km_ensaio_padronizado,catalogo_de_versoes_nao_vendas_nem_telemetria,linhas_extraidas_sem_erro_detectado,42c769bd27b5761e0a3a4edca4c29cc4dda640d774bbaebf3a02ca41a691d4d7
2024,Utilitário Esportivo Grande 4x4,PORSCHE,CAYENNE ( Produção Semana 18+/24 ),PHEV,3.0-24V,Plug-in,PHEV_rotulo_inmetro,G,1.04,52.0,9,https://www.gov.br/inmetro/pt-br/assuntos/regulamentacao/avaliacao-da-conformidade/programa-brasileiro-de-etiquetagem/tabelas-de-eficiencia-energetica/veiculos-automotivos-pbe-veicular/pbe-veicular-2024-1.pdf/@@download/file,729f52c7959e72c74ca458c0023e812b48db5dcbddd8cc7ab19a3f0092bf3ffc,2026-10-01T16:59:17.172812+00:00,km_ensaio_padronizado,catalogo_de_versoes_nao_vendas_nem_telemetria,linhas_extraidas_sem_erro_detectado,520deba201d434e846be04527375a78482891eb2c6ab4956d58c0916381f3e78
2024,Utilitário Esportivo Grande 4x4,PORSCHE,CAYENNE ( Produção Semana 18+/24 ),CP PHE,3.0-24V,Plug-in,PHEV_rotulo_inmetro,G,1.04,52.0,9,https://www.gov.br/inmetro/pt-br/assuntos/regulamentacao/avaliacao-da-conformidade/programa-brasileiro-de-etiquetagem/tabelas-de-eficiencia-energetica/veiculos-automotivos-pbe-veicular/pbe-veicular-2024-1.pdf/@@download/file,729f52c7959e72c74ca458c0023e812b48db5dcbddd8cc7ab19a3f0092bf3ffc,2026-10-01T16:59:17.172812+00:00,km_ensaio_padronizado,catalogo_de_versoes_nao_vendas_nem_telemetria,linhas_extraidas_sem_erro_detectado,4def20dc6993c6db3d8c907f72e6edd414e6c23b7172ebb437634772a2485879
2024,Utilitário Esportivo Grande 4x4,SUBARU,FORESTER,S MHEV,"2,0T - 16V",Híbrido,HIBRIDO_rotulo_inmetro,G,1.79,,9,https://www.gov.br/inmetro/pt-br/assuntos/regulamentacao/avaliacao-da-conformidade/programa-brasileiro-de-etiquetagem/tabelas-de-eficiencia-energetica/veiculos-automotivos-pbe-veicular/pbe-veicular-2024-1.pdf/@@download/file,729f52c7959e72c74ca458c0023e812b48db5dcbddd8cc7ab19a3f0092bf3ffc,2026-10-01T16:59:17.172812+00:00,km_ensaio_padronizado,catalogo_de_versoes_nao_vendas_nem_telemetria,linhas_extraidas_sem_erro_detectado,ccbe92b90f8a6e6c1d5f027e4cbe389f590de59ec0291f271d81f536ff2277da
2024,Utilitário Esportivo Grande 4x4,SUBARU,XV,S MHEV,"2,0T - 16V",Híbrido,HIBRIDO_rotulo_inmetro,G,1.77,,9,https://www.gov.br/inmetro/pt-br/assuntos/regulamentacao/avaliacao-da-conformidade/programa-brasileiro-de-etiquetagem/tabelas-de-eficiencia-energetica/veiculos-automotivos-pbe-veicular/pbe-veicular-2024-1.pdf/@@download/file,729f52c7959e72c74ca458c0023e812b48db5dcbddd8cc7ab19a3f0092bf3ffc,2026-10-01T16:59:17.172812+00:00,km_ensaio_padronizado,catalogo_de_versoes_nao_vendas_nem_telemetria,linhas_extraidas_sem_erro_detectado,e73d7f0ff7ec64761998a6142c080c019473f8b8778da5fe26922393f1127b72
2024,Utilitário Esportivo Grande 4x4,VOLVO,XC40,RECHARGE PE,Elétrico,Elétrico,BEV_rotulo_inmetro,E,0.62,348.0,9,https://www.gov.br/inmetro/pt-br/assuntos/regulamentacao/avaliacao-da-conformidade/programa-brasileiro-de-etiquetagem/tabelas-de-eficiencia-energetica/veiculos-automotivos-pbe-veicular/pbe-veicular-2024-1.pdf/@@download/file,729f52c7959e72c74ca458c0023e812b48db5dcbddd8cc7ab19a3f0092bf3ffc,2026-10-01T16:59:17.172812+00:00,km_ensaio_padronizado,catalogo_de_versoes_nao_vendas_nem_telemetria,linhas_extraidas_sem_erro_detectado,eacae0556c3ab70e796159016279924bb3af694064c24caadf5b3117c3bcf083
2024,Utilitário Esportivo Grande 4x4,VOLVO,XC40,8 CORE,Elétrico,Elétrico,BEV_rotulo_inmetro,E,0.62,348.0,9,https://www.gov.br/inmetro/pt-br/assuntos/regulamentacao/avaliacao-da-conformidade/programa-brasileiro-de-etiquetagem/tabelas-de-eficiencia-energetica/veiculos-automotivos-pbe-veicular/pbe-veicular-2024-1.pdf/@@download/file,729f52c7959e72c74ca458c0023e812b48db5dcbddd8cc7ab19a3f0092bf3ffc,2026-10-01T16:59:17.172812+00:00,km_ensaio_padronizado,catalogo_de_versoes_nao_vendas_nem_telemetria,linhas_extraidas_sem_erro_detectado,b395bc46415d2418527501e81b087d4aad74f4bef43e106b3c189c53c3e004be
2024,Utilitário Esportivo Grande 4x4,VOLVO,XC40,8 PLUS,Elétrico,Elétrico,BEV_rotulo_inmetro,E,0.62,348.0,9,https://www.gov.br/inmetro/pt-br/assuntos/regulamentacao/avaliacao-da-conformidade/programa-brasileiro-de-etiquetagem/tabelas-de-eficiencia-energetica/veiculos-automotivos-pbe-veicular/pbe-veicular-2024-1.pdf/@@download/file,729f52c7959e72c74ca458c0023e812b48db5dcbddd8cc7ab19a3f0092bf3ffc,2026-10-01T16:59:17.172812+00:00,km_ensaio_padronizado,catalogo_de_versoes_nao_vendas_nem_telemetria,linhas_extraidas_sem_erro_detectado,d189b5f1349ee1e42bb4aca43a542540c3208a13da3961f78a14d28639c6f16a
2024,Utilitário Esportivo Grande 4x4,VOLVO,XC40,8 ULTIMATE,Elétrico,Elétrico,BEV_rotulo_inmetro,E,0.62,348.0,9,https://www.gov.br/inmetro/pt-br/assuntos/regulamentacao/avaliacao-da-conformidade/programa-brasileiro-de-etiquetagem/tabelas-de-eficiencia-energetica/veiculos-automotivos-pbe-veicular/pbe-veicular-2024-1.pdf/@@download/file,729f52c7959e72c74ca458c0023e812b48db5dcbddd8cc7ab19a3f0092bf3ffc,2026-10-01T16:59:17.172812+00:00,km_ensaio_padronizado,catalogo_de_versoes_nao_vendas_nem_telemetria,linhas_extraidas_sem_erro_detectado,0997291b3088257971f9afc030247436729d192e0a9761686915052b2baa2b86
2024,Utilitário Esportivo Grande 4x4,VOLVO,XC40,P8 RECHARGE,Elétrico,Elétrico,BEV_rotulo_inmetro,E,0.62,348.0,9,https://www.gov.br/inmetro/pt-br/assuntos/regulamentacao/avaliacao-da-conformidade/programa-brasileiro-de-etiquetagem/tabelas-de-eficiencia-energetica/veiculos-automotivos-pbe-veicular/pbe-veicular-2024-1.pdf/@@download/file,729f52c7959e72c74ca458c0023e812b48db5dcbddd8cc7ab19a3f0092bf3ffc,2026-10-01T16:59:17.172812+00:00,km_ensaio_padronizado,catalogo_de_versoes_nao_vendas_nem_telemetria,linhas_extraidas_sem_erro_detectado,7712a96b9d3287e46395e6d3c447790fca427d6fad20c4e80db47899f47bc209
2024,Utilitário Esportivo Grande 4x4,VOLVO,EX40,8 CORE,Elétrico,Elétrico,BEV_rotulo_inmetro,E,0.59,393.0,9,https://www.gov.br/inmetro/pt-br/assuntos/regulamentacao/avaliacao-da-conformidade/programa-brasileiro-de-etiquetagem/tabelas-de-eficiencia-energetica/veiculos-automotivos-pbe-veicular/pbe-veicular-2024-1.pdf/@@download/file,729f52c7959e72c74ca458c0023e812b48db5dcbddd8cc7ab19a3f0092bf3ffc,2026-10-01T16:59:17.172812+00:00,km_ensaio_padronizado,catalogo_de_versoes_nao_vendas_nem_telemetria,linhas_extraidas_sem_erro_detectado,6134557638003feea5dc374021b59e8fa7b9a41626d1d5c6894ed7c23ea62803
2024,Utilitário Esportivo Grande 4x4,VOLVO,EX40,8 PLUS,Elétrico,Elétrico,BEV_rotulo_inmetro,E,0.59,393.0,9,https://www.gov.br/inmetro/pt-br/assuntos/regulamentacao/avaliacao-da-conformidade/programa-brasileiro-de-etiquetagem/tabelas-de-eficiencia-energetica/veiculos-automotivos-pbe-veicular/pbe-veicular-2024-1.pdf/@@download/file,729f52c7959e72c74ca458c0023e812b48db5dcbddd8cc7ab19a3f0092bf3ffc,2026-10-01T16:59:17.172812+00:00,km_ensaio_padronizado,catalogo_de_versoes_nao_vendas_nem_telemetria,linhas_extraidas_sem_erro_detectado,cb325530f85928b856ced459a83fd418fd694daea78c3a5a3cd2be9c408c89e0
2024,Utilitário Esportivo Grande 4x4,VOLVO,EX40,8 ULTRA,Elétrico,Elétrico,BEV_rotulo_inmetro,E,0.59,393.0,9,https://www.gov.br/inmetro/pt-br/assuntos/regulamentacao/avaliacao-da-conformidade/programa-brasileiro-de-etiquetagem/tabelas-de-eficiencia-energetica/veiculos-automotivos-pbe-veicular/pbe-veicular-2024-1.pdf/@@download/file,729f52c7959e72c74ca458c0023e812b48db5dcbddd8cc7ab19a3f0092bf3ffc,2026-10-01T16:59:17.172812+00:00,km_ensaio_padronizado,catalogo_de_versoes_nao_vendas_nem_telemetria,linhas_extraidas_sem_erro_detectado,e4ef8c4f065e6659a147720369048be76b3e213ffd0dc57b8be82d1e5193296d
2024,Utilitário Esportivo Grande 4x4,VOLVO,EX40,PERF BLACK,Elétrico,Elétrico,BEV_rotulo_inmetro,E,0.59,393.0,9,https://www.gov.br/inmetro/pt-br/assuntos/regulamentacao/avaliacao-da-conformidade/programa-brasileiro-de-etiquetagem/tabelas-de-eficiencia-energetica/veiculos-automotivos-pbe-veicular/pbe-veicular-2024-1.pdf/@@download/file,729f52c7959e72c74ca458c0023e812b48db5dcbddd8cc7ab19a3f0092bf3ffc,2026-10-01T16:59:17.172812+00:00,km_ensaio_padronizado,catalogo_de_versoes_nao_vendas_nem_telemetria,linhas_extraidas_sem_erro_detectado,c9c8bc392f01c4ccff3853fa222ed4b871a372124350c22cd7a5663d813804aa
2024,Utilitário Esportivo Grande 4x4,VOLVO,XC60,T8 MOMENTUM,2.0-16V,Plug-in,PHEV_rotulo_inmetro,G,0.74,55.0,10,https://www.gov.br/inmetro/pt-br/assuntos/regulamentacao/avaliacao-da-conformidade/programa-brasileiro-de-etiquetagem/tabelas-de-eficiencia-energetica/veiculos-automotivos-pbe-veicular/pbe-veicular-2024-1.pdf/@@download/file,729f52c7959e72c74ca458c0023e812b48db5dcbddd8cc7ab19a3f0092bf3ffc,2026-10-01T16:59:17.172812+00:00,km_ensaio_padronizado,catalogo_de_versoes_nao_vendas_nem_telemetria,linhas_extraidas_sem_erro_detectado,027ba025303262ed1d161fbb56a6039ed3d0cfdd618b7b08f05ef4624063d14f
2024,Utilitário Esportivo Grande 4x4,VOLVO,XC60,T8 POLESTAR,2.0-16V,Plug-in,PHEV_rotulo_inmetro,G,0.74,55.0,10,https://www.gov.br/inmetro/pt-br/assuntos/regulamentacao/avaliacao-da-conformidade/programa-brasileiro-de-etiquetagem/tabelas-de-eficiencia-energetica/veiculos-automotivos-pbe-veicular/pbe-veicular-2024-1.pdf/@@download/file,729f52c7959e72c74ca458c0023e812b48db5dcbddd8cc7ab19a3f0092bf3ffc,2026-10-01T16:59:17.172812+00:00,km_ensaio_padronizado,catalogo_de_versoes_nao_vendas_nem_telemetria,linhas_extraidas_sem_erro_detectado,265a6b768864a1103e5676b574a95fea6f5a0490c731d6a12234a322d2aac22a
2024,Utilitário Esportivo Grande 4x4,VOLVO,XC60,T8 INSCRIPT,2.0-16V,Plug-in,PHEV_rotulo_inmetro,G,0.74,55.0,10,https://www.gov.br/inmetro/pt-br/assuntos/regulamentacao/avaliacao-da-conformidade/programa-brasileiro-de-etiquetagem/tabelas-de-eficiencia-energetica/veiculos-automotivos-pbe-veicular/pbe-veicular-2024-1.pdf/@@download/file,729f52c7959e72c74ca458c0023e812b48db5dcbddd8cc7ab19a3f0092bf3ffc,2026-10-01T16:59:17.172812+00:00,km_ensaio_padronizado,catalogo_de_versoes_nao_vendas_nem_telemetria,linhas_extraidas_sem_erro_detectado,07ce11ca22ea2dd6357a06051c1db0ae9a7318d63cbf919cbac2a6e454e1d3b3
2024,Utilitário Esportivo Grande 4x4,VOLVO,XC60,T8 R-DESIGN,2.0-16V,Plug-in,PHEV_rotulo_inmetro,G,0.74,55.0,10,https://www.gov.br/inmetro/pt-br/assuntos/regulamentacao/avaliacao-da-conformidade/programa-brasileiro-de-etiquetagem/tabelas-de-eficiencia-energetica/veiculos-automotivos-pbe-veicular/pbe-veicular-2024-1.pdf/@@download/file,729f52c7959e72c74ca458c0023e812b48db5dcbddd8cc7ab19a3f0092bf3ffc,2026-10-01T16:59:17.172812+00:00,km_ensaio_padronizado,catalogo_de_versoes_nao_vendas_nem_telemetria,linhas_extraidas_sem_erro_detectado,d0199913ff6314f318bfe22558529cc7aec18b8edd5885b984a376ef3d0358e9
2024,Utilitário Esportivo Grande 4x4,VOLVO,XC60,INSC EXPRES,2.0-16V,Plug-in,PHEV_rotulo_inmetro,G,0.74,55.0,10,https://www.gov.br/inmetro/pt-br/assuntos/regulamentacao/avaliacao-da-conformidade/programa-brasileiro-de-etiquetagem/tabelas-de-eficiencia-energetica/veiculos-automotivos-pbe-veicular/pbe-veicular-2024-1.pdf/@@download/file,729f52c7959e72c74ca458c0023e812b48db5dcbddd8cc7ab19a3f0092bf3ffc,2026-10-01T16:59:17.172812+00:00,km_ensaio_padronizado,catalogo_de_versoes_nao_vendas_nem_telemetria,linhas_extraidas_sem_erro_detectado,b5d08ec30ade8e132b51d1480cd3ab76a54f58ba29dfac4423de1f34114de9e8
2024,Utilitário Esportivo Grande 4x4,VOLVO,XC60,T8 ULT DARK,2.0-16V,Plug-in,PHEV_rotulo_inmetro,G,0.74,55.0,10,https://www.gov.br/inmetro/pt-br/assuntos/regulamentacao/avaliacao-da-conformidade/programa-brasileiro-de-etiquetagem/tabelas-de-eficiencia-energetica/veiculos-automotivos-pbe-veicular/pbe-veicular-2024-1.pdf/@@download/file,729f52c7959e72c74ca458c0023e812b48db5dcbddd8cc7ab19a3f0092bf3ffc,2026-10-01T16:59:17.172812+00:00,km_ensaio_padronizado,catalogo_de_versoes_nao_vendas_nem_telemetria,linhas_extraidas_sem_erro_detectado,f12c007f669168be693c33bd22c1386cb8f172989954b5b33ff93c3bf53c6856
2024,Utilitário Esportivo Grande 4x4,VOLVO,XC60,T8 ULTIMATE,2.0-16V,Plug-in,PHEV_rotulo_inmetro,G,0.74,55.0,10,https://www.gov.br/inmetro/pt-br/assuntos/regulamentacao/avaliacao-da-conformidade/programa-brasileiro-de-etiquetagem/tabelas-de-eficiencia-energetica/veiculos-automotivos-pbe-veicular/pbe-veicular-2024-1.pdf/@@download/file,729f52c7959e72c74ca458c0023e812b48db5dcbddd8cc7ab19a3f0092bf3ffc,2026-10-01T16:59:17.172812+00:00,km_ensaio_padronizado,catalogo_de_versoes_nao_vendas_nem_telemetria,linhas_extraidas_sem_erro_detectado,d588bf262d84c02125f2cb74ffa372e810dde3b3cdb4176d966f6867f2f41db2
2024,Utilitário Esportivo Grande 4x4,VOLVO,XC60,T8 PLUS,2.0-16V,Plug-in,PHEV_rotulo_inmetro,G,0.74,55.0,10,https://www.gov.br/inmetro/pt-br/assuntos/regulamentacao/avaliacao-da-conformidade/programa-brasileiro-de-etiquetagem/tabelas-de-eficiencia-energetica/veiculos-automotivos-pbe-veicular/pbe-veicular-2024-1.pdf/@@download/file,729f52c7959e72c74ca458c0023e812b48db5dcbddd8cc7ab19a3f0092bf3ffc,2026-10-01T16:59:17.172812+00:00,km_ensaio_padronizado,catalogo_de_versoes_nao_vendas_nem_telemetria,linhas_extraidas_sem_erro_detectado,d89ed5e1e17d211d38768167d49ac7fc266c6c1fb741eece4c3eefcf66330081
2024,Utilitário Esportivo Grande 4x4,VOLVO,XC60,T8 CORE,2.0-16V,Plug-in,PHEV_rotulo_inmetro,G,0.74,55.0,10,https://www.gov.br/inmetro/pt-br/assuntos/regulamentacao/avaliacao-da-conformidade/programa-brasileiro-de-etiquetagem/tabelas-de-eficiencia-energetica/veiculos-automotivos-pbe-veicular/pbe-veicular-2024-1.pdf/@@download/file,729f52c7959e72c74ca458c0023e812b48db5dcbddd8cc7ab19a3f0092bf3ffc,2026-10-01T16:59:17.172812+00:00,km_ensaio_padronizado,catalogo_de_versoes_nao_vendas_nem_telemetria,linhas_extraidas_sem_erro_detectado,78ac1535ec06dcf3fd49fbc2948aae1910659dfd9bde59b86836a137c9df2caa
2024,Utilitário Esportivo Grande 4x4,VOLVO,XC60 (MY25),INSC EXPRESS,2.0-16V,Plug-in,PHEV_rotulo_inmetro,G,0.86,48.0,10,https://www.gov.br/inmetro/pt-br/assuntos/regulamentacao/avaliacao-da-conformidade/programa-brasileiro-de-etiquetagem/tabelas-de-eficiencia-energetica/veiculos-automotivos-pbe-veicular/pbe-veicular-2024-1.pdf/@@download/file,729f52c7959e72c74ca458c0023e812b48db5dcbddd8cc7ab19a3f0092bf3ffc,2026-10-01T16:59:17.172812+00:00,km_ensaio_padronizado,catalogo_de_versoes_nao_vendas_nem_telemetria,linhas_extraidas_sem_erro_detectado,fed4939be8f3a4d837993265cd93cae9fc0416ce0e793a1e59d628c37684615d
2024,Utilitário Esportivo Grande 4x4,VOLVO,XC60 (MY25),T8 CORE,2.0-16V,Plug-in,PHEV_rotulo_inmetro,G,0.86,48.0,10,https://www.gov.br/inmetro/pt-br/assuntos/regulamentacao/avaliacao-da-conformidade/programa-brasileiro-de-etiquetagem/tabelas-de-eficiencia-energetica/veiculos-automotivos-pbe-veicular/pbe-veicular-2024-1.pdf/@@download/file,729f52c7959e72c74ca458c0023e812b48db5dcbddd8cc7ab19a3f0092bf3ffc,2026-10-01T16:59:17.172812+00:00,km_ensaio_padronizado,catalogo_de_versoes_nao_vendas_nem_telemetria,linhas_extraidas_sem_erro_detectado,7f57d871d6a2356768eba806824fe9f15b5ac709e52e2c8b92a8576d4004d1f0
2024,Utilitário Esportivo Grande 4x4,VOLVO,XC60 (MY25),T8 INSCRIPT,2.0-16V,Plug-in,PHEV_rotulo_inmetro,G,0.86,48.0,10,https://www.gov.br/inmetro/pt-br/assuntos/regulamentacao/avaliacao-da-conformidade/programa-brasileiro-de-etiquetagem/tabelas-de-eficiencia-energetica/veiculos-automotivos-pbe-veicular/pbe-veicular-2024-1.pdf/@@download/file,729f52c7959e72c74ca458c0023e812b48db5dcbddd8cc7ab19a3f0092bf3ffc,2026-10-01T16:59:17.172812+00:00,km_ensaio_padronizado,catalogo_de_versoes_nao_vendas_nem_telemetria,linhas_extraidas_sem_erro_detectado,c1a3820cb9e02806426e39cdc31f5199217174ad0cd68718e64988006d4e6447
2024,Utilitário Esportivo Grande 4x4,VOLVO,XC60 (MY25),T8 MOMENTUM,2.0-16V,Plug-in,PHEV_rotulo_inmetro,G,0.86,48.0,10,https://www.gov.br/inmetro/pt-br/assuntos/regulamentacao/avaliacao-da-conformidade/programa-brasileiro-de-etiquetagem/tabelas-de-eficiencia-energetica/veiculos-automotivos-pbe-veicular/pbe-veicular-2024-1.pdf/@@download/file,729f52c7959e72c74ca458c0023e812b48db5dcbddd8cc7ab19a3f0092bf3ffc,2026-10-01T16:59:17.172812+00:00,km_ensaio_padronizado,catalogo_de_versoes_nao_vendas_nem_telemetria,linhas_extraidas_sem_erro_detectado,fd57a7cd8cd2a7a9ba9de665c95fc3d3c5ba388e6f3c12bbf29289ee4fc5e710
2024,Utilitário Esportivo Grande 4x4,VOLVO,XC60 (MY25),T8 PLUS,2.0-16V,Plug-in,PHEV_rotulo_inmetro,G,0.86,48.0,10,https://www.gov.br/inmetro/pt-br/assuntos/regulamentacao/avaliacao-da-conformidade/programa-brasileiro-de-etiquetagem/tabelas-de-eficiencia-energetica/veiculos-automotivos-pbe-veicular/pbe-veicular-2024-1.pdf/@@download/file,729f52c7959e72c74ca458c0023e812b48db5dcbddd8cc7ab19a3f0092bf3ffc,2026-10-01T16:59:17.172812+00:00,km_ensaio_padronizado,catalogo_de_versoes_nao_vendas_nem_telemetria,linhas_extraidas_sem_erro_detectado,65d2bb597014ee936ac6b6324dc98f7187e4feb5598ba174359e4bef3054fa57
2024,Utilitário Esportivo Grande 4x4,VOLVO,XC60 (MY25),T8 POLESTAR,2.0-16V,Plug-in,PHEV_rotulo_inmetro,G,0.86,48.0,10,https://www.gov.br/inmetro/pt-br/assuntos/regulamentacao/avaliacao-da-conformidade/programa-brasileiro-de-etiquetagem/tabelas-de-eficiencia-energetica/veiculos-automotivos-pbe-veicular/pbe-veicular-2024-1.pdf/@@download/file,729f52c7959e72c74ca458c0023e812b48db5dcbddd8cc7ab19a3f0092bf3ffc,2026-10-01T16:59:17.172812+00:00,km_ensaio_padronizado,catalogo_de_versoes_nao_vendas_nem_telemetria,linhas_extraidas_sem_erro_detectado,ebb89d4a64a54fea26f63d57a7e4bc6b597f50cbd27446e3b5aa98a78505c70c
2024,Utilitário Esportivo Grande 4x4,VOLVO,XC60 (MY25),T8 R-DESIGN,2.0-16V,Plug-in,PHEV_rotulo_inmetro,G,0.86,48.0,10,https://www.gov.br/inmetro/pt-br/assuntos/regulamentacao/avaliacao-da-conformidade/programa-brasileiro-de-etiquetagem/tabelas-de-eficiencia-energetica/veiculos-automotivos-pbe-veicular/pbe-veicular-2024-1.pdf/@@download/file,729f52c7959e72c74ca458c0023e812b48db5dcbddd8cc7ab19a3f0092bf3ffc,2026-10-01T16:59:17.172812+00:00,km_ensaio_padronizado,catalogo_de_versoes_nao_vendas_nem_telemetria,linhas_extraidas_sem_erro_detectado,a9bd79f7000a2c1707f287895d5b9f3be49c23b463ef62642ed5669e83029f04
2024,Utilitário Esportivo Grande 4x4,VOLVO,XC60 (MY25),T8 ULT DARK,2.0-16V,Plug-in,PHEV_rotulo_inmetro,G,0.86,48.0,10,https://www.gov.br/inmetro/pt-br/assuntos/regulamentacao/avaliacao-da-conformidade/programa-brasileiro-de-etiquetagem/tabelas-de-eficiencia-energetica/veiculos-automotivos-pbe-veicular/pbe-veicular-2024-1.pdf/@@download/file,729f52c7959e72c74ca458c0023e812b48db5dcbddd8cc7ab19a3f0092bf3ffc,2026-10-01T16:59:17.172812+00:00,km_ensaio_padronizado,catalogo_de_versoes_nao_vendas_nem_telemetria,linhas_extraidas_sem_erro_detectado,dbb07ecbb8aa39c4fbca6e65614c55509713b73676876749f063f05189eab998
2024,Utilitário Esportivo Grande 4x4,VOLVO,XC60 (MY25),T8 ULTIMATE,2.0-16V,Plug-in,PHEV_rotulo_inmetro,G,0.86,48.0,10,https://www.gov.br/inmetro/pt-br/assuntos/regulamentacao/avaliacao-da-conformidade/programa-brasileiro-de-etiquetagem/tabelas-de-eficiencia-energetica/veiculos-automotivos-pbe-veicular/pbe-veicular-2024-1.pdf/@@download/file,729f52c7959e72c74ca458c0023e812b48db5dcbddd8cc7ab19a3f0092bf3ffc,2026-10-01T16:59:17.172812+00:00,km_ensaio_padronizado,catalogo_de_versoes_nao_vendas_nem_telemetria,linhas_extraidas_sem_erro_detectado,2aacd523c7077558fd3779fa8efc47898650cc457af9d96c9cd978a9dd3d50f9
2024,Utilitário Esportivo Grande 4x4,VOLVO,XC60 (MY25),T8 ULTRA,2.0-16V,Plug-in,PHEV_rotulo_inmetro,G,0.86,48.0,10,https://www.gov.br/inmetro/pt-br/assuntos/regulamentacao/avaliacao-da-conformidade/programa-brasileiro-de-etiquetagem/tabelas-de-eficiencia-energetica/veiculos-automotivos-pbe-veicular/pbe-veicular-2024-1.pdf/@@download/file,729f52c7959e72c74ca458c0023e812b48db5dcbddd8cc7ab19a3f0092bf3ffc,2026-10-01T16:59:17.172812+00:00,km_ensaio_padronizado,catalogo_de_versoes_nao_vendas_nem_telemetria,linhas_extraidas_sem_erro_detectado,85c0ebb3ec09fe736ddf190743a93e958e4faa9c3322ff0f7d30b89c40b10c54
2024,Utilitário Esportivo Grande 4x4,VOLVO,XC90,INSC EXPRES,2.0-16V,Plug-in,PHEV_rotulo_inmetro,G,0.85,50.0,10,https://www.gov.br/inmetro/pt-br/assuntos/regulamentacao/avaliacao-da-conformidade/programa-brasileiro-de-etiquetagem/tabelas-de-eficiencia-energetica/veiculos-automotivos-pbe-veicular/pbe-veicular-2024-1.pdf/@@download/file,729f52c7959e72c74ca458c0023e812b48db5dcbddd8cc7ab19a3f0092bf3ffc,2026-10-01T16:59:17.172812+00:00,km_ensaio_padronizado,catalogo_de_versoes_nao_vendas_nem_telemetria,linhas_extraidas_sem_erro_detectado,4aae0e4d20148becd5d94d2b51a7ae41acb696a706d5cb97db46327bebde2b12
2024,Utilitário Esportivo Grande 4x4,VOLVO,XC90,T8 EXCELLEN,2.0-16V,Plug-in,PHEV_rotulo_inmetro,G,0.85,50.0,10,https://www.gov.br/inmetro/pt-br/assuntos/regulamentacao/avaliacao-da-conformidade/programa-brasileiro-de-etiquetagem/tabelas-de-eficiencia-energetica/veiculos-automotivos-pbe-veicular/pbe-veicular-2024-1.pdf/@@download/file,729f52c7959e72c74ca458c0023e812b48db5dcbddd8cc7ab19a3f0092bf3ffc,2026-10-01T16:59:17.172812+00:00,km_ensaio_padronizado,catalogo_de_versoes_nao_vendas_nem_telemetria,linhas_extraidas_sem_erro_detectado,198fefde553d792d2d3be10f6230265814f21411adaf3d9830acfa9c86c32ee4
2024,Utilitário Esportivo Grande 4x4,VOLVO,XC90,IT8 INSCRIPT,2.0-16V,Plug-in,PHEV_rotulo_inmetro,G,0.85,50.0,10,https://www.gov.br/inmetro/pt-br/assuntos/regulamentacao/avaliacao-da-conformidade/programa-brasileiro-de-etiquetagem/tabelas-de-eficiencia-energetica/veiculos-automotivos-pbe-veicular/pbe-veicular-2024-1.pdf/@@download/file,729f52c7959e72c74ca458c0023e812b48db5dcbddd8cc7ab19a3f0092bf3ffc,2026-10-01T16:59:17.172812+00:00,km_ensaio_padronizado,catalogo_de_versoes_nao_vendas_nem_telemetria,linhas_extraidas_sem_erro_detectado,ad55939d59f126d49bbbc53cc2de0123231e1e1f30d3b791496f171c8cbc4e98
2024,Utilitário Esportivo Grande 4x4,VOLVO,XC90,T8 MOMENTUM,2.0-16V,Plug-in,PHEV_rotulo_inmetro,G,0.85,50.0,10,https://www.gov.br/inmetro/pt-br/assuntos/regulamentacao/avaliacao-da-conformidade/programa-brasileiro-de-etiquetagem/tabelas-de-eficiencia-energetica/veiculos-automotivos-pbe-veicular/pbe-veicular-2024-1.pdf/@@download/file,729f52c7959e72c74ca458c0023e812b48db5dcbddd8cc7ab19a3f0092bf3ffc,2026-10-01T16:59:17.172812+00:00,km_ensaio_padronizado,catalogo_de_versoes_nao_vendas_nem_telemetria,linhas_extraidas_sem_erro_detectado,cf0c42b211d3b41610599e7350a9a788c267b5b03c175623e598e5d1117a7b2b
2024,Utilitário Esportivo Grande 4x4,VOLVO,XC90,T8 POLESTAR,2.0-16V,Plug-in,PHEV_rotulo_inmetro,G,0.85,50.0,10,https://www.gov.br/inmetro/pt-br/assuntos/regulamentacao/avaliacao-da-conformidade/programa-brasileiro-de-etiquetagem/tabelas-de-eficiencia-energetica/veiculos-automotivos-pbe-veicular/pbe-veicular-2024-1.pdf/@@download/file,729f52c7959e72c74ca458c0023e812b48db5dcbddd8cc7ab19a3f0092bf3ffc,2026-10-01T16:59:17.172812+00:00,km_ensaio_padronizado,catalogo_de_versoes_nao_vendas_nem_telemetria,linhas_extraidas_sem_erro_detectado,d3abedc1d10d52a417fd6260335b174a90134e710a9c324c55421ff53f06d8e4
2024,Utilitário Esportivo Grande 4x4,VOLVO,XC90,T8 R-DESIGN,2.0-16V,Plug-in,PHEV_rotulo_inmetro,G,0.85,50.0,10,https://www.gov.br/inmetro/pt-br/assuntos/regulamentacao/avaliacao-da-conformidade/programa-brasileiro-de-etiquetagem/tabelas-de-eficiencia-energetica/veiculos-automotivos-pbe-veicular/pbe-veicular-2024-1.pdf/@@download/file,729f52c7959e72c74ca458c0023e812b48db5dcbddd8cc7ab19a3f0092bf3ffc,2026-10-01T16:59:17.172812+00:00,km_ensaio_padronizado,catalogo_de_versoes_nao_vendas_nem_telemetria,linhas_extraidas_sem_erro_detectado,351520096cf801be8eb45f1802d10adb6e89e5ea23cff5db15b04de5b84d7a1c
2024,Utilitário Esportivo Grande 4x4,VOLVO,XC90,T8 ULT DARK,2.0-16V,Plug-in,PHEV_rotulo_inmetro,G,0.85,50.0,10,https://www.gov.br/inmetro/pt-br/assuntos/regulamentacao/avaliacao-da-conformidade/programa-brasileiro-de-etiquetagem/tabelas-de-eficiencia-energetica/veiculos-automotivos-pbe-veicular/pbe-veicular-2024-1.pdf/@@download/file,729f52c7959e72c74ca458c0023e812b48db5dcbddd8cc7ab19a3f0092bf3ffc,2026-10-01T16:59:17.172812+00:00,km_ensaio_padronizado,catalogo_de_versoes_nao_vendas_nem_telemetria,linhas_extraidas_sem_erro_detectado,9a1442698c1ca7a546f1aa4c85ccb10f251ecaefd2ed9ad9cfc94214c1a2e99b
2024,Utilitário Esportivo Grande 4x4,VOLVO,XC90,T8 ULTIMATE,2.0-16V,Plug-in,PHEV_rotulo_inmetro,G,0.85,50.0,10,https://www.gov.br/inmetro/pt-br/assuntos/regulamentacao/avaliacao-da-conformidade/programa-brasileiro-de-etiquetagem/tabelas-de-eficiencia-energetica/veiculos-automotivos-pbe-veicular/pbe-veicular-2024-1.pdf/@@download/file,729f52c7959e72c74ca458c0023e812b48db5dcbddd8cc7ab19a3f0092bf3ffc,2026-10-01T16:59:17.172812+00:00,km_ensaio_padronizado,catalogo_de_versoes_nao_vendas_nem_telemetria,linhas_extraidas_sem_erro_detectado,7f09dced71dbbbcbe7031dad4942468b3a8ffe07ec59873bfbed5279652fedff
2024,Utilitário Esportivo Grande 4x4,VOLVO,XC90,T8 PLUS,2.0-16V,Plug-in,PHEV_rotulo_inmetro,G,0.85,50.0,10,https://www.gov.br/inmetro/pt-br/assuntos/regulamentacao/avaliacao-da-conformidade/programa-brasileiro-de-etiquetagem/tabelas-de-eficiencia-energetica/veiculos-automotivos-pbe-veicular/pbe-veicular-2024-1.pdf/@@download/file,729f52c7959e72c74ca458c0023e812b48db5dcbddd8cc7ab19a3f0092bf3ffc,2026-10-01T16:59:17.172812+00:00,km_ensaio_padronizado,catalogo_de_versoes_nao_vendas_nem_telemetria,linhas_extraidas_sem_erro_detectado,8541858118018a6fbbdb00c26afa86f0962eb71912e66a41319f9ec832aef7ea
2024,Utilitário Esportivo Grande 4x4,VOLVO,XC90,T8 CORE,2.0-16V,Plug-in,PHEV_rotulo_inmetro,G,0.85,50.0,10,https://www.gov.br/inmetro/pt-br/assuntos/regulamentacao/avaliacao-da-conformidade/programa-brasileiro-de-etiquetagem/tabelas-de-eficiencia-energetica/veiculos-automotivos-pbe-veicular/pbe-veicular-2024-1.pdf/@@download/file,729f52c7959e72c74ca458c0023e812b48db5dcbddd8cc7ab19a3f0092bf3ffc,2026-10-01T16:59:17.172812+00:00,km_ensaio_padronizado,catalogo_de_versoes_nao_vendas_nem_telemetria,linhas_extraidas_sem_erro_detectado,6a545d330b9c31430beab13cc6cbd5b33fdc7a1a6ab2ac8ae3e68de7f6796846
2024,Utilitário Esportivo Grande 4x4,VOLVO,XC90 (MY25),INSC EXPRESS,2.0-16V,Plug-in,PHEV_rotulo_inmetro,G,0.88,47.0,10,https://www.gov.br/inmetro/pt-br/assuntos/regulamentacao/avaliacao-da-conformidade/programa-brasileiro-de-etiquetagem/tabelas-de-eficiencia-energetica/veiculos-automotivos-pbe-veicular/pbe-veicular-2024-1.pdf/@@download/file,729f52c7959e72c74ca458c0023e812b48db5dcbddd8cc7ab19a3f0092bf3ffc,2026-10-01T16:59:17.172812+00:00,km_ensaio_padronizado,catalogo_de_versoes_nao_vendas_nem_telemetria,linhas_extraidas_sem_erro_detectado,e059ff32b2109a8291590fbdb2edd28913105ebfe682fe2e21f6f99629736956
2024,Utilitário Esportivo Grande 4x4,VOLVO,XC90 (MY25),T8 CORE,2.0-16V,Plug-in,PHEV_rotulo_inmetro,G,0.88,47.0,10,https://www.gov.br/inmetro/pt-br/assuntos/regulamentacao/avaliacao-da-conformidade/programa-brasileiro-de-etiquetagem/tabelas-de-eficiencia-energetica/veiculos-automotivos-pbe-veicular/pbe-veicular-2024-1.pdf/@@download/file,729f52c7959e72c74ca458c0023e812b48db5dcbddd8cc7ab19a3f0092bf3ffc,2026-10-01T16:59:17.172812+00:00,km_ensaio_padronizado,catalogo_de_versoes_nao_vendas_nem_telemetria,linhas_extraidas_sem_erro_detectado,138073900d37dcdfbecfc384f607a5c379dad8b4013feba3c8c7e0472b5fea36
2024,Utilitário Esportivo Grande 4x4,VOLVO,XC90 (MY25),T8 EXCELLEN,2.0-16V,Plug-in,PHEV_rotulo_inmetro,G,0.88,47.0,10,https://www.gov.br/inmetro/pt-br/assuntos/regulamentacao/avaliacao-da-conformidade/programa-brasileiro-de-etiquetagem/tabelas-de-eficiencia-energetica/veiculos-automotivos-pbe-veicular/pbe-veicular-2024-1.pdf/@@download/file,729f52c7959e72c74ca458c0023e812b48db5dcbddd8cc7ab19a3f0092bf3ffc,2026-10-01T16:59:17.172812+00:00,km_ensaio_padronizado,catalogo_de_versoes_nao_vendas_nem_telemetria,linhas_extraidas_sem_erro_detectado,8acd5d4e9b9c6c38fdcb5bdd8718d4d791474f4649f185b4f95eba40bafa09d4
2024,Utilitário Esportivo Grande 4x4,VOLVO,XC90 (MY25),T8 INSCRIPT,2.0-16V,Plug-in,PHEV_rotulo_inmetro,G,0.88,47.0,10,https://www.gov.br/inmetro/pt-br/assuntos/regulamentacao/avaliacao-da-conformidade/programa-brasileiro-de-etiquetagem/tabelas-de-eficiencia-energetica/veiculos-automotivos-pbe-veicular/pbe-veicular-2024-1.pdf/@@download/file,729f52c7959e72c74ca458c0023e812b48db5dcbddd8cc7ab19a3f0092bf3ffc,2026-10-01T16:59:17.172812+00:00,km_ensaio_padronizado,catalogo_de_versoes_nao_vendas_nem_telemetria,linhas_extraidas_sem_erro_detectado,951d1a1ccaf59709aad7deaaf94b7990b4542b3fdca5b8ef17bba2275532627e
2024,Utilitário Esportivo Grande 4x4,VOLVO,XC90 (MY25),T8 MOMENTUM,2.0-16V,Plug-in,PHEV_rotulo_inmetro,G,0.88,47.0,10,https://www.gov.br/inmetro/pt-br/assuntos/regulamentacao/avaliacao-da-conformidade/programa-brasileiro-de-etiquetagem/tabelas-de-eficiencia-energetica/veiculos-automotivos-pbe-veicular/pbe-veicular-2024-1.pdf/@@download/file,729f52c7959e72c74ca458c0023e812b48db5dcbddd8cc7ab19a3f0092bf3ffc,2026-10-01T16:59:17.172812+00:00,km_ensaio_padronizado,catalogo_de_versoes_nao_vendas_nem_telemetria,linhas_extraidas_sem_erro_detectado,763a94f7f26e78f6ed311dc80b5aa84f002bda90300536547726447a5c8b0e45
2024,Utilitário Esportivo Grande 4x4,VOLVO,XC90 (MY25),T8 PLUS,2.0-16V,Plug-in,PHEV_rotulo_inmetro,G,0.88,47.0,10,https://www.gov.br/inmetro/pt-br/assuntos/regulamentacao/avaliacao-da-conformidade/programa-brasileiro-de-etiquetagem/tabelas-de-eficiencia-energetica/veiculos-automotivos-pbe-veicular/pbe-veicular-2024-1.pdf/@@download/file,729f52c7959e72c74ca458c0023e812b48db5dcbddd8cc7ab19a3f0092bf3ffc,2026-10-01T16:59:17.172812+00:00,km_ensaio_padronizado,catalogo_de_versoes_nao_vendas_nem_telemetria,linhas_extraidas_sem_erro_detectado,7089176beaf248d729406745a645d8dabeb4149e235c41af461583ffbbff04cb
2024,Utilitário Esportivo Grande 4x4,VOLVO,XC90 (MY25),T8 POLESTAR,2.0-16V,Plug-in,PHEV_rotulo_inmetro,G,0.88,47.0,10,https://www.gov.br/inmetro/pt-br/assuntos/regulamentacao/avaliacao-da-conformidade/programa-brasileiro-de-etiquetagem/tabelas-de-eficiencia-energetica/veiculos-automotivos-pbe-veicular/pbe-veicular-2024-1.pdf/@@download/file,729f52c7959e72c74ca458c0023e812b48db5dcbddd8cc7ab19a3f0092bf3ffc,2026-10-01T16:59:17.172812+00:00,km_ensaio_padronizado,catalogo_de_versoes_nao_vendas_nem_telemetria,linhas_extraidas_sem_erro_detectado,b29f092a59274405045ba10466adf1ef6bb6546d4375dc2f544923f7f757d7c6
2024,Utilitário Esportivo Grande 4x4,VOLVO,XC90 (MY25),T8 R-DESIGN,2.0-16V,Plug-in,PHEV_rotulo_inmetro,G,0.88,47.0,10,https://www.gov.br/inmetro/pt-br/assuntos/regulamentacao/avaliacao-da-conformidade/programa-brasileiro-de-etiquetagem/tabelas-de-eficiencia-energetica/veiculos-automotivos-pbe-veicular/pbe-veicular-2024-1.pdf/@@download/file,729f52c7959e72c74ca458c0023e812b48db5dcbddd8cc7ab19a3f0092bf3ffc,2026-10-01T16:59:17.172812+00:00,km_ensaio_padronizado,catalogo_de_versoes_nao_vendas_nem_telemetria,linhas_extraidas_sem_erro_detectado,5ee9460d0a1a93230aaed4ac235e48b6236c555b5ae719c76fee66456df1a3b8
2024,Utilitário Esportivo Grande 4x4,VOLVO,XC90 (MY25),T8 ULT DARK,2.0-16V,Plug-in,PHEV_rotulo_inmetro,G,0.88,47.0,10,https://www.gov.br/inmetro/pt-br/assuntos/regulamentacao/avaliacao-da-conformidade/programa-brasileiro-de-etiquetagem/tabelas-de-eficiencia-energetica/veiculos-automotivos-pbe-veicular/pbe-veicular-2024-1.pdf/@@download/file,729f52c7959e72c74ca458c0023e812b48db5dcbddd8cc7ab19a3f0092bf3ffc,2026-10-01T16:59:17.172812+00:00,km_ensaio_padronizado,catalogo_de_versoes_nao_vendas_nem_telemetria,linhas_extraidas_sem_erro_detectado,8fd68b0dcaa569771bc6ae1f8d81b83cda9e61076ad58e57b85bc45092e560ad
2024,Utilitário Esportivo Grande 4x4,VOLVO,XC90 (MY25),T8 ULTIMATE,2.0-16V,Plug-in,PHEV_rotulo_inmetro,G,0.88,47.0,10,https://www.gov.br/inmetro/pt-br/assuntos/regulamentacao/avaliacao-da-conformidade/programa-brasileiro-de-etiquetagem/tabelas-de-eficiencia-energetica/veiculos-automotivos-pbe-veicular/pbe-veicular-2024-1.pdf/@@download/file,729f52c7959e72c74ca458c0023e812b48db5dcbddd8cc7ab19a3f0092bf3ffc,2026-10-01T16:59:17.172812+00:00,km_ensaio_padronizado,catalogo_de_versoes_nao_vendas_nem_telemetria,linhas_extraidas_sem_erro_detectado,74390e9a1b847be07e57a9bb40b200675111db29b8e762efd7c1e8612fc33a33
2024,Utilitário Esportivo Grande 4x4,VOLVO,XC90 (MY25),T8 ULTRA,2.0-16V,Plug-in,PHEV_rotulo_inmetro,G,0.88,47.0,10,https://www.gov.br/inmetro/pt-br/assuntos/regulamentacao/avaliacao-da-conformidade/programa-brasileiro-de-etiquetagem/tabelas-de-eficiencia-energetica/veiculos-automotivos-pbe-veicular/pbe-veicular-2024-1.pdf/@@download/file,729f52c7959e72c74ca458c0023e812b48db5dcbddd8cc7ab19a3f0092bf3ffc,2026-10-01T16:59:17.172812+00:00,km_ensaio_padronizado,catalogo_de_versoes_nao_vendas_nem_telemetria,linhas_extraidas_sem_erro_detectado,16e8da40f11943e343286f1fe9007f1afac5e2b59e08b50175714e0d42bdaa01
2024,Utilitário Esportivo Grande 4x4,ZEEKR,X,Flagship,Elétrico,Elétrico,BEV_rotulo_inmetro,E,0.59,304.0,10,https://www.gov.br/inmetro/pt-br/assuntos/regulamentacao/avaliacao-da-conformidade/programa-brasileiro-de-etiquetagem/tabelas-de-eficiencia-energetica/veiculos-automotivos-pbe-veicular/pbe-veicular-2024-1.pdf/@@download/file,729f52c7959e72c74ca458c0023e812b48db5dcbddd8cc7ab19a3f0092bf3ffc,2026-10-01T16:59:17.172812+00:00,km_ensaio_padronizado,catalogo_de_versoes_nao_vendas_nem_telemetria,linhas_extraidas_sem_erro_detectado,3bc17877c4615ea2c4adad1a3fd1730c5c92685bfe02653ae29f499e26d8ceff
2024,Fora de Estrada Grande,JEEP,G CHEROKEE,4XE,2.0-16V T,Plug-in,PHEV_rotulo_inmetro,G,1.07,29.0,11,https://www.gov.br/inmetro/pt-br/assuntos/regulamentacao/avaliacao-da-conformidade/programa-brasileiro-de-etiquetagem/tabelas-de-eficiencia-energetica/veiculos-automotivos-pbe-veicular/pbe-veicular-2024-1.pdf/@@download/file,729f52c7959e72c74ca458c0023e812b48db5dcbddd8cc7ab19a3f0092bf3ffc,2026-10-01T16:59:17.172812+00:00,km_ensaio_padronizado,catalogo_de_versoes_nao_vendas_nem_telemetria,linhas_extraidas_sem_erro_detectado,38806b0a1ae07f56350073e37db039b0a3fcc5c97736e70155bbdb5006e7f709
2024,Fora de Estrada Grande,LAND ROVER,RANGE ROVER,D350,3.0-24V,Híbrido,HIBRIDO_rotulo_inmetro,D,2.63,,11,https://www.gov.br/inmetro/pt-br/assuntos/regulamentacao/avaliacao-da-conformidade/programa-brasileiro-de-etiquetagem/tabelas-de-eficiencia-energetica/veiculos-automotivos-pbe-veicular/pbe-veicular-2024-1.pdf/@@download/file,729f52c7959e72c74ca458c0023e812b48db5dcbddd8cc7ab19a3f0092bf3ffc,2026-10-01T16:59:17.172812+00:00,km_ensaio_padronizado,catalogo_de_versoes_nao_vendas_nem_telemetria,linhas_extraidas_sem_erro_detectado,c86cbbecc53022317a6fd3d17ccc9f11892a1729fa65df4476c89da4a672b097
2024,Fora de Estrada Grande,LAND ROVER,RANGE ROVER,D350 AB,3.0-24V,Híbrido,HIBRIDO_rotulo_inmetro,D,2.63,,11,https://www.gov.br/inmetro/pt-br/assuntos/regulamentacao/avaliacao-da-conformidade/programa-brasileiro-de-etiquetagem/tabelas-de-eficiencia-energetica/veiculos-automotivos-pbe-veicular/pbe-veicular-2024-1.pdf/@@download/file,729f52c7959e72c74ca458c0023e812b48db5dcbddd8cc7ab19a3f0092bf3ffc,2026-10-01T16:59:17.172812+00:00,km_ensaio_padronizado,catalogo_de_versoes_nao_vendas_nem_telemetria,linhas_extraidas_sem_erro_detectado,3638481fffc97a2e0d3a1af9e3024d254ff63c092ee3b97e4ee22333aca8b494
2024,Fora de Estrada Grande,LAND ROVER,RANGE ROVER,D350 HSE,3.0-24V,Híbrido,HIBRIDO_rotulo_inmetro,D,2.63,,11,https://www.gov.br/inmetro/pt-br/assuntos/regulamentacao/avaliacao-da-conformidade/programa-brasileiro-de-etiquetagem/tabelas-de-eficiencia-energetica/veiculos-automotivos-pbe-veicular/pbe-veicular-2024-1.pdf/@@download/file,729f52c7959e72c74ca458c0023e812b48db5dcbddd8cc7ab19a3f0092bf3ffc,2026-10-01T16:59:17.172812+00:00,km_ensaio_padronizado,catalogo_de_versoes_nao_vendas_nem_telemetria,linhas_extraidas_sem_erro_detectado,f842ba1a8ef5910c96a3088b4151f939b9c9df1dcba691f50f6e8472b2b8b6f7
2024,Fora de Estrada Grande,LAND ROVER,RANGE ROVER,D350 LE,3.0-24V,Híbrido,HIBRIDO_rotulo_inmetro,D,2.63,,11,https://www.gov.br/inmetro/pt-br/assuntos/regulamentacao/avaliacao-da-conformidade/programa-brasileiro-de-etiquetagem/tabelas-de-eficiencia-energetica/veiculos-automotivos-pbe-veicular/pbe-veicular-2024-1.pdf/@@download/file,729f52c7959e72c74ca458c0023e812b48db5dcbddd8cc7ab19a3f0092bf3ffc,2026-10-01T16:59:17.172812+00:00,km_ensaio_padronizado,catalogo_de_versoes_nao_vendas_nem_telemetria,linhas_extraidas_sem_erro_detectado,739dc67a6f356826df237496958c6a93270b785d69877c758b20a620ad619b73
2024,Fora de Estrada Grande,LAND ROVER,RANGE ROVER,D350 SE,3.0-24V,Híbrido,HIBRIDO_rotulo_inmetro,D,2.63,,11,https://www.gov.br/inmetro/pt-br/assuntos/regulamentacao/avaliacao-da-conformidade/programa-brasileiro-de-etiquetagem/tabelas-de-eficiencia-energetica/veiculos-automotivos-pbe-veicular/pbe-veicular-2024-1.pdf/@@download/file,729f52c7959e72c74ca458c0023e812b48db5dcbddd8cc7ab19a3f0092bf3ffc,2026-10-01T16:59:17.172812+00:00,km_ensaio_padronizado,catalogo_de_versoes_nao_vendas_nem_telemetria,linhas_extraidas_sem_erro_detectado,63712fc0b03e71e2e5e56698de06cd494dec260d10da9bf54716cab690899777
2024,Fora de Estrada Grande,LAND ROVER,RANGE ROVER,D350 SV,3.0-24V,Híbrido,HIBRIDO_rotulo_inmetro,D,2.63,,11,https://www.gov.br/inmetro/pt-br/assuntos/regulamentacao/avaliacao-da-conformidade/programa-brasileiro-de-etiquetagem/tabelas-de-eficiencia-energetica/veiculos-automotivos-pbe-veicular/pbe-veicular-2024-1.pdf/@@download/file,729f52c7959e72c74ca458c0023e812b48db5dcbddd8cc7ab19a3f0092bf3ffc,2026-10-01T16:59:17.172812+00:00,km_ensaio_padronizado,catalogo_de_versoes_nao_vendas_nem_telemetria,linhas_extraidas_sem_erro_detectado,7f0afa207948d46fa586b2c392f686e2b954f5b287f5796b9651fe043c2d6ae4
2024,Fora de Estrada Grande,LAND ROVER,RANGE ROVER SPORT,D350 AB,3.0-24V,Híbrido,HIBRIDO_rotulo_inmetro,D,2.69,,11,https://www.gov.br/inmetro/pt-br/assuntos/regulamentacao/avaliacao-da-conformidade/programa-brasileiro-de-etiquetagem/tabelas-de-eficiencia-energetica/veiculos-automotivos-pbe-veicular/pbe-veicular-2024-1.pdf/@@download/file,729f52c7959e72c74ca458c0023e812b48db5dcbddd8cc7ab19a3f0092bf3ffc,2026-10-01T16:59:17.172812+00:00,km_ensaio_padronizado,catalogo_de_versoes_nao_vendas_nem_telemetria,linhas_extraidas_sem_erro_detectado,f9df9148942a799a59e68d950b3e24eca0ad2041054e6a6fdc715f0a5f6b3681
2024,Fora de Estrada Grande,LAND ROVER,RANGE ROVER SPORT,D350 HSED,3.0-24V,Híbrido,HIBRIDO_rotulo_inmetro,D,2.69,,11,https://www.gov.br/inmetro/pt-br/assuntos/regulamentacao/avaliacao-da-conformidade/programa-brasileiro-de-etiquetagem/tabelas-de-eficiencia-energetica/veiculos-automotivos-pbe-veicular/pbe-veicular-2024-1.pdf/@@download/file,729f52c7959e72c74ca458c0023e812b48db5dcbddd8cc7ab19a3f0092bf3ffc,2026-10-01T16:59:17.172812+00:00,km_ensaio_padronizado,catalogo_de_versoes_nao_vendas_nem_telemetria,linhas_extraidas_sem_erro_detectado,c7e742b7eb9254b72e6bd9b1ee44a00844db1befa5389a8e54b56bcf3b97819f
2024,Fora de Estrada Grande,LAND ROVER,RANGE ROVER SPORT,D350 LE,3.0-24V,Híbrido,HIBRIDO_rotulo_inmetro,D,2.69,,11,https://www.gov.br/inmetro/pt-br/assuntos/regulamentacao/avaliacao-da-conformidade/programa-brasileiro-de-etiquetagem/tabelas-de-eficiencia-energetica/veiculos-automotivos-pbe-veicular/pbe-veicular-2024-1.pdf/@@download/file,729f52c7959e72c74ca458c0023e812b48db5dcbddd8cc7ab19a3f0092bf3ffc,2026-10-01T16:59:17.172812+00:00,km_ensaio_padronizado,catalogo_de_versoes_nao_vendas_nem_telemetria,linhas_extraidas_sem_erro_detectado,a16aa6e013e875a5303fb8d3c4d5d06ba5bb2ae69a4bd3d75dc73c75c9e20f26
2024,Fora de Estrada Grande,LAND ROVER,RANGE ROVER SPORT,D350 S,3.0-24V,Híbrido,HIBRIDO_rotulo_inmetro,D,2.69,,11,https://www.gov.br/inmetro/pt-br/assuntos/regulamentacao/avaliacao-da-conformidade/programa-brasileiro-de-etiquetagem/tabelas-de-eficiencia-energetica/veiculos-automotivos-pbe-veicular/pbe-veicular-2024-1.pdf/@@download/file,729f52c7959e72c74ca458c0023e812b48db5dcbddd8cc7ab19a3f0092bf3ffc,2026-10-01T16:59:17.172812+00:00,km_ensaio_padronizado,catalogo_de_versoes_nao_vendas_nem_telemetria,linhas_extraidas_sem_erro_detectado,78e71e5267cc38c939b24a94a30af429bb44fd62cc95f75b3c3e4244ee20efa4
2024,Fora de Estrada Grande,LAND ROVER,RANGE ROVER SPORT,D350 SD,3.0-24V,Híbrido,HIBRIDO_rotulo_inmetro,D,2.69,,11,https://www.gov.br/inmetro/pt-br/assuntos/regulamentacao/avaliacao-da-conformidade/programa-brasileiro-de-etiquetagem/tabelas-de-eficiencia-energetica/veiculos-automotivos-pbe-veicular/pbe-veicular-2024-1.pdf/@@download/file,729f52c7959e72c74ca458c0023e812b48db5dcbddd8cc7ab19a3f0092bf3ffc,2026-10-01T16:59:17.172812+00:00,km_ensaio_padronizado,catalogo_de_versoes_nao_vendas_nem_telemetria,linhas_extraidas_sem_erro_detectado,3c50ac8d0092a4443acbf30fce15cac9e10cff4801b823ab933caebe769e26e7
2024,Fora de Estrada Grande,LAND ROVER,RANGE ROVER SPORT,D350 SE,3.0-24V,Híbrido,HIBRIDO_rotulo_inmetro,D,2.69,,11,https://www.gov.br/inmetro/pt-br/assuntos/regulamentacao/avaliacao-da-conformidade/programa-brasileiro-de-etiquetagem/tabelas-de-eficiencia-energetica/veiculos-automotivos-pbe-veicular/pbe-veicular-2024-1.pdf/@@download/file,729f52c7959e72c74ca458c0023e812b48db5dcbddd8cc7ab19a3f0092bf3ffc,2026-10-01T16:59:17.172812+00:00,km_ensaio_padronizado,catalogo_de_versoes_nao_vendas_nem_telemetria,linhas_extraidas_sem_erro_detectado,a212dccfbf73a8158032416ad5c2c7c7d75acdda755560e38324a05c1a138c3a
2024,Fora de Estrada Grande,LAND ROVER,RANGE ROVER SPORT,D350 SED,3.0-24V,Híbrido,HIBRIDO_rotulo_inmetro,D,2.69,,11,https://www.gov.br/inmetro/pt-br/assuntos/regulamentacao/avaliacao-da-conformidade/programa-brasileiro-de-etiquetagem/tabelas-de-eficiencia-energetica/veiculos-automotivos-pbe-veicular/pbe-veicular-2024-1.pdf/@@download/file,729f52c7959e72c74ca458c0023e812b48db5dcbddd8cc7ab19a3f0092bf3ffc,2026-10-01T16:59:17.172812+00:00,km_ensaio_padronizado,catalogo_de_versoes_nao_vendas_nem_telemetria,linhas_extraidas_sem_erro_detectado,3bad60287110f4725a5903c1e344e08232d24ad3955f40e92efbee433db64a2f
2024,Fora de Estrada Grande,LAND ROVER,RANGE ROVER,PHEV STD,3.0-24V,Plug-in,PHEV_rotulo_inmetro,G,1.13,69.0,11,https://www.gov.br/inmetro/pt-br/assuntos/regulamentacao/avaliacao-da-conformidade/programa-brasileiro-de-etiquetagem/tabelas-de-eficiencia-energetica/veiculos-automotivos-pbe-veicular/pbe-veicular-2024-1.pdf/@@download/file,729f52c7959e72c74ca458c0023e812b48db5dcbddd8cc7ab19a3f0092bf3ffc,2026-10-01T16:59:17.172812+00:00,km_ensaio_padronizado,catalogo_de_versoes_nao_vendas_nem_telemetria,linhas_extraidas_sem_erro_detectado,26b0cdba6b0329379585c7f4ee7926fbd96189c606e05be589bddfd1d50cc084
2024,Fora de Estrada Grande,LAND ROVER,RANGE ROVER,PHEV SE,3.0-24V,Plug-in,PHEV_rotulo_inmetro,G,1.13,69.0,11,https://www.gov.br/inmetro/pt-br/assuntos/regulamentacao/avaliacao-da-conformidade/programa-brasileiro-de-etiquetagem/tabelas-de-eficiencia-energetica/veiculos-automotivos-pbe-veicular/pbe-veicular-2024-1.pdf/@@download/file,729f52c7959e72c74ca458c0023e812b48db5dcbddd8cc7ab19a3f0092bf3ffc,2026-10-01T16:59:17.172812+00:00,km_ensaio_padronizado,catalogo_de_versoes_nao_vendas_nem_telemetria,linhas_extraidas_sem_erro_detectado,2d93330ec7ead14c0475a075e2aa9caeb1a961959f2ed1e4ff1c0d8564ae216d
2024,Fora de Estrada Grande,LAND ROVER,RANGE ROVER,PHEV HSE,3.0-24V,Plug-in,PHEV_rotulo_inmetro,G,1.13,69.0,11,https://www.gov.br/inmetro/pt-br/assuntos/regulamentacao/avaliacao-da-conformidade/programa-brasileiro-de-etiquetagem/tabelas-de-eficiencia-energetica/veiculos-automotivos-pbe-veicular/pbe-veicular-2024-1.pdf/@@download/file,729f52c7959e72c74ca458c0023e812b48db5dcbddd8cc7ab19a3f0092bf3ffc,2026-10-01T16:59:17.172812+00:00,km_ensaio_padronizado,catalogo_de_versoes_nao_vendas_nem_telemetria,linhas_extraidas_sem_erro_detectado,cbffabcd659810686b113021f3626a1eb7e6521a8d4f25b1749ca3aac3712de0
2024,Fora de Estrada Grande,LAND ROVER,RANGE ROVER,PHEV AB,3.0-24V,Plug-in,PHEV_rotulo_inmetro,G,1.13,69.0,11,https://www.gov.br/inmetro/pt-br/assuntos/regulamentacao/avaliacao-da-conformidade/programa-brasileiro-de-etiquetagem/tabelas-de-eficiencia-energetica/veiculos-automotivos-pbe-veicular/pbe-veicular-2024-1.pdf/@@download/file,729f52c7959e72c74ca458c0023e812b48db5dcbddd8cc7ab19a3f0092bf3ffc,2026-10-01T16:59:17.172812+00:00,km_ensaio_padronizado,catalogo_de_versoes_nao_vendas_nem_telemetria,linhas_extraidas_sem_erro_detectado,96f37a6f9be16ebbe03fd14fc67562b64dcb49e212e6332c474bbfb251b60a73
2024,Fora de Estrada Grande,LAND ROVER,RANGE ROVER,PHEV SV,3.0-24V,Plug-in,PHEV_rotulo_inmetro,G,1.13,69.0,11,https://www.gov.br/inmetro/pt-br/assuntos/regulamentacao/avaliacao-da-conformidade/programa-brasileiro-de-etiquetagem/tabelas-de-eficiencia-energetica/veiculos-automotivos-pbe-veicular/pbe-veicular-2024-1.pdf/@@download/file,729f52c7959e72c74ca458c0023e812b48db5dcbddd8cc7ab19a3f0092bf3ffc,2026-10-01T16:59:17.172812+00:00,km_ensaio_padronizado,catalogo_de_versoes_nao_vendas_nem_telemetria,linhas_extraidas_sem_erro_detectado,7c97187ee6049cc28a8d917728b518ec1422d19c19b04bea3ebab4ae122101a2
2024,Fora de Estrada Grande,LAND ROVER,RANGE ROVER,PHEV LE,3.0-24V,Plug-in,PHEV_rotulo_inmetro,G,1.13,69.0,11,https://www.gov.br/inmetro/pt-br/assuntos/regulamentacao/avaliacao-da-conformidade/programa-brasileiro-de-etiquetagem/tabelas-de-eficiencia-energetica/veiculos-automotivos-pbe-veicular/pbe-veicular-2024-1.pdf/@@download/file,729f52c7959e72c74ca458c0023e812b48db5dcbddd8cc7ab19a3f0092bf3ffc,2026-10-01T16:59:17.172812+00:00,km_ensaio_padronizado,catalogo_de_versoes_nao_vendas_nem_telemetria,linhas_extraidas_sem_erro_detectado,052b7c575362960593dec74e659d050b7cf5eed5359680d304ba8966980253b3
2024,Fora de Estrada Grande,LAND ROVER,DISCOVERY SPORT,D200 S,2.0-16V,Híbrido,HIBRIDO_rotulo_inmetro,D,2.3,,11,https://www.gov.br/inmetro/pt-br/assuntos/regulamentacao/avaliacao-da-conformidade/programa-brasileiro-de-etiquetagem/tabelas-de-eficiencia-energetica/veiculos-automotivos-pbe-veicular/pbe-veicular-2024-1.pdf/@@download/file,729f52c7959e72c74ca458c0023e812b48db5dcbddd8cc7ab19a3f0092bf3ffc,2026-10-01T16:59:17.172812+00:00,km_ensaio_padronizado,catalogo_de_versoes_nao_vendas_nem_telemetria,linhas_extraidas_sem_erro_detectado,66eb15ad64b64c0fa8c48d07a090d99e2bf9d2abd18a62c4ecc68480117bab05
2024,Fora de Estrada Grande,LAND ROVER,DISCOVERY SPORT,D200 SE D,2.0-16V,Híbrido,HIBRIDO_rotulo_inmetro,D,2.3,,11,https://www.gov.br/inmetro/pt-br/assuntos/regulamentacao/avaliacao-da-conformidade/programa-brasileiro-de-etiquetagem/tabelas-de-eficiencia-energetica/veiculos-automotivos-pbe-veicular/pbe-veicular-2024-1.pdf/@@download/file,729f52c7959e72c74ca458c0023e812b48db5dcbddd8cc7ab19a3f0092bf3ffc,2026-10-01T16:59:17.172812+00:00,km_ensaio_padronizado,catalogo_de_versoes_nao_vendas_nem_telemetria,linhas_extraidas_sem_erro_detectado,fa3b3e9c29ebc905a8f86b9b2712f2b5e709be80b7a37cc4b04c8cdde591de1d
2024,Fora de Estrada Grande,LAND ROVER,DISCOVERY SPORT,D200 SE D 7L,2.0-16V,Híbrido,HIBRIDO_rotulo_inmetro,D,2.3,,11,https://www.gov.br/inmetro/pt-br/assuntos/regulamentacao/avaliacao-da-conformidade/programa-brasileiro-de-etiquetagem/tabelas-de-eficiencia-energetica/veiculos-automotivos-pbe-veicular/pbe-veicular-2024-1.pdf/@@download/file,729f52c7959e72c74ca458c0023e812b48db5dcbddd8cc7ab19a3f0092bf3ffc,2026-10-01T16:59:17.172812+00:00,km_ensaio_padronizado,catalogo_de_versoes_nao_vendas_nem_telemetria,linhas_extraidas_sem_erro_detectado,13d1df0535666d311a3a422acfc326287d83ea623dd2288c2f0d2605e95a4b67
2024,Fora de Estrada Grande,LAND ROVER,DISCOVERY SPORT,D200 S 7L,2.0-16V,Híbrido,HIBRIDO_rotulo_inmetro,D,2.3,,11,https://www.gov.br/inmetro/pt-br/assuntos/regulamentacao/avaliacao-da-conformidade/programa-brasileiro-de-etiquetagem/tabelas-de-eficiencia-energetica/veiculos-automotivos-pbe-veicular/pbe-veicular-2024-1.pdf/@@download/file,729f52c7959e72c74ca458c0023e812b48db5dcbddd8cc7ab19a3f0092bf3ffc,2026-10-01T16:59:17.172812+00:00,km_ensaio_padronizado,catalogo_de_versoes_nao_vendas_nem_telemetria,linhas_extraidas_sem_erro_detectado,920962add85e246b6ea450c06a8260cd1027e3a54668156e157f95e1f80b7066
2024,Fora de Estrada Grande,LAND ROVER,VELAR,P340,3.0-24V,Híbrido,HIBRIDO_rotulo_inmetro,G,2.59,,11,https://www.gov.br/inmetro/pt-br/assuntos/regulamentacao/avaliacao-da-conformidade/programa-brasileiro-de-etiquetagem/tabelas-de-eficiencia-energetica/veiculos-automotivos-pbe-veicular/pbe-veicular-2024-1.pdf/@@download/file,729f52c7959e72c74ca458c0023e812b48db5dcbddd8cc7ab19a3f0092bf3ffc,2026-10-01T16:59:17.172812+00:00,km_ensaio_padronizado,catalogo_de_versoes_nao_vendas_nem_telemetria,linhas_extraidas_sem_erro_detectado,b5a43800ffaf9d9089af7fb50c7ecba9b9f704d40020c8ebdc2296ffa2ef6a1c
2024,Fora de Estrada Grande,LAND ROVER,VELAR,P340 SE,3.0-24V,Híbrido,HIBRIDO_rotulo_inmetro,G,2.59,,11,https://www.gov.br/inmetro/pt-br/assuntos/regulamentacao/avaliacao-da-conformidade/programa-brasileiro-de-etiquetagem/tabelas-de-eficiencia-energetica/veiculos-automotivos-pbe-veicular/pbe-veicular-2024-1.pdf/@@download/file,729f52c7959e72c74ca458c0023e812b48db5dcbddd8cc7ab19a3f0092bf3ffc,2026-10-01T16:59:17.172812+00:00,km_ensaio_padronizado,catalogo_de_versoes_nao_vendas_nem_telemetria,linhas_extraidas_sem_erro_detectado,e8abf537a68240f00bbb5e21f5eaf807c54ec6db361da61d393fc2ac7b855377
2024,Fora de Estrada Grande,LAND ROVER,VELAR,P340 SE RDYN,3.0-24V,Híbrido,HIBRIDO_rotulo_inmetro,G,2.59,,11,https://www.gov.br/inmetro/pt-br/assuntos/regulamentacao/avaliacao-da-conformidade/programa-brasileiro-de-etiquetagem/tabelas-de-eficiencia-energetica/veiculos-automotivos-pbe-veicular/pbe-veicular-2024-1.pdf/@@download/file,729f52c7959e72c74ca458c0023e812b48db5dcbddd8cc7ab19a3f0092bf3ffc,2026-10-01T16:59:17.172812+00:00,km_ensaio_padronizado,catalogo_de_versoes_nao_vendas_nem_telemetria,linhas_extraidas_sem_erro_detectado,f02955f1e26833802b276031a9e67f01acb2dd06a6744a5e8c6b0d0a714e62eb
2024,Fora de Estrada Grande,LAND ROVER,VELAR,P340 HSE RDYN,3.0-24V,Híbrido,HIBRIDO_rotulo_inmetro,G,2.59,,11,https://www.gov.br/inmetro/pt-br/assuntos/regulamentacao/avaliacao-da-conformidade/programa-brasileiro-de-etiquetagem/tabelas-de-eficiencia-energetica/veiculos-automotivos-pbe-veicular/pbe-veicular-2024-1.pdf/@@download/file,729f52c7959e72c74ca458c0023e812b48db5dcbddd8cc7ab19a3f0092bf3ffc,2026-10-01T16:59:17.172812+00:00,km_ensaio_padronizado,catalogo_de_versoes_nao_vendas_nem_telemetria,linhas_extraidas_sem_erro_detectado,f69b9b4b382cb80ab118c576f7e1ac6c203ffb456d5525d125d95afe9b18ed2c
2024,Fora de Estrada Grande,LAND ROVER,VELAR,PHEV SE RDYN,2.0-16V,Plug-in,PHEV_rotulo_inmetro,G,1.0,38.0,11,https://www.gov.br/inmetro/pt-br/assuntos/regulamentacao/avaliacao-da-conformidade/programa-brasileiro-de-etiquetagem/tabelas-de-eficiencia-energetica/veiculos-automotivos-pbe-veicular/pbe-veicular-2024-1.pdf/@@download/file,729f52c7959e72c74ca458c0023e812b48db5dcbddd8cc7ab19a3f0092bf3ffc,2026-10-01T16:59:17.172812+00:00,km_ensaio_padronizado,catalogo_de_versoes_nao_vendas_nem_telemetria,linhas_extraidas_sem_erro_detectado,35fa559f701853348b6b859d61d5cbefb3fdb50f33a7e5da610e62a5a0bf2ced
2024,Fora de Estrada Grande,LAND ROVER,VELAR,PHEV HSE RDYN,2.0-16V,Plug-in,PHEV_rotulo_inmetro,G,1.0,38.0,11,https://www.gov.br/inmetro/pt-br/assuntos/regulamentacao/avaliacao-da-conformidade/programa-brasileiro-de-etiquetagem/tabelas-de-eficiencia-energetica/veiculos-automotivos-pbe-veicular/pbe-veicular-2024-1.pdf/@@download/file,729f52c7959e72c74ca458c0023e812b48db5dcbddd8cc7ab19a3f0092bf3ffc,2026-10-01T16:59:17.172812+00:00,km_ensaio_padronizado,catalogo_de_versoes_nao_vendas_nem_telemetria,linhas_extraidas_sem_erro_detectado,0b9f11e16969c164b766752b252892a561fd28afeadaf0c30fcb60a57e63fdd8
2024,Fora de Estrada Grande,LAND ROVER,VELAR,PHEVS,2.0-16V,Plug-in,PHEV_rotulo_inmetro,G,1.0,38.0,11,https://www.gov.br/inmetro/pt-br/assuntos/regulamentacao/avaliacao-da-conformidade/programa-brasileiro-de-etiquetagem/tabelas-de-eficiencia-energetica/veiculos-automotivos-pbe-veicular/pbe-veicular-2024-1.pdf/@@download/file,729f52c7959e72c74ca458c0023e812b48db5dcbddd8cc7ab19a3f0092bf3ffc,2026-10-01T16:59:17.172812+00:00,km_ensaio_padronizado,catalogo_de_versoes_nao_vendas_nem_telemetria,linhas_extraidas_sem_erro_detectado,acbab9c91644e89ca5a94c9f891574b096e7bf395f502ba3d77197bea6932003
2024,Fora de Estrada Grande,LAND ROVER,VELAR,PHEV SE DYN,2.0-16V,Plug-in,PHEV_rotulo_inmetro,G,1.0,38.0,11,https://www.gov.br/inmetro/pt-br/assuntos/regulamentacao/avaliacao-da-conformidade/programa-brasileiro-de-etiquetagem/tabelas-de-eficiencia-energetica/veiculos-automotivos-pbe-veicular/pbe-veicular-2024-1.pdf/@@download/file,729f52c7959e72c74ca458c0023e812b48db5dcbddd8cc7ab19a3f0092bf3ffc,2026-10-01T16:59:17.172812+00:00,km_ensaio_padronizado,catalogo_de_versoes_nao_vendas_nem_telemetria,linhas_extraidas_sem_erro_detectado,960c9a52fe361d624183bd1e1d90cb8a73d7643309a71c61fd0077df083da6b4
2024,Fora de Estrada Grande,LAND ROVER,VELAR,PHEV HSE DYN,2.0-16V,Plug-in,PHEV_rotulo_inmetro,G,1.0,38.0,11,https://www.gov.br/inmetro/pt-br/assuntos/regulamentacao/avaliacao-da-conformidade/programa-brasileiro-de-etiquetagem/tabelas-de-eficiencia-energetica/veiculos-automotivos-pbe-veicular/pbe-veicular-2024-1.pdf/@@download/file,729f52c7959e72c74ca458c0023e812b48db5dcbddd8cc7ab19a3f0092bf3ffc,2026-10-01T16:59:17.172812+00:00,km_ensaio_padronizado,catalogo_de_versoes_nao_vendas_nem_telemetria,linhas_extraidas_sem_erro_detectado,63d14d15d2ef45399066ca3f27ef0544ff5fb4d28ae6f47b06a7c7dae3fde156
2024,Fora de Estrada Grande,LAND ROVER,VELAR,PHEVS,2.0-16V,Plug-in,PHEV_rotulo_inmetro,G,0.94,39.0,11,https://www.gov.br/inmetro/pt-br/assuntos/regulamentacao/avaliacao-da-conformidade/programa-brasileiro-de-etiquetagem/tabelas-de-eficiencia-energetica/veiculos-automotivos-pbe-veicular/pbe-veicular-2024-1.pdf/@@download/file,729f52c7959e72c74ca458c0023e812b48db5dcbddd8cc7ab19a3f0092bf3ffc,2026-10-01T16:59:17.172812+00:00,km_ensaio_padronizado,catalogo_de_versoes_nao_vendas_nem_telemetria,linhas_extraidas_sem_erro_detectado,4d159ebafbdfa48541ceeb8bbb13b647deab90a7d41238b1ec0dfaa22a57a9e3
2024,Fora de Estrada Grande,LAND ROVER,VELAR,PHEV SE DYN,2.0-16V,Plug-in,PHEV_rotulo_inmetro,G,0.94,39.0,11,https://www.gov.br/inmetro/pt-br/assuntos/regulamentacao/avaliacao-da-conformidade/programa-brasileiro-de-etiquetagem/tabelas-de-eficiencia-energetica/veiculos-automotivos-pbe-veicular/pbe-veicular-2024-1.pdf/@@download/file,729f52c7959e72c74ca458c0023e812b48db5dcbddd8cc7ab19a3f0092bf3ffc,2026-10-01T16:59:17.172812+00:00,km_ensaio_padronizado,catalogo_de_versoes_nao_vendas_nem_telemetria,linhas_extraidas_sem_erro_detectado,bbb3d0f24c30d340fde6b892cb7a0701073ca4b99deae8be0a57d6f3d8b87171
2024,Fora de Estrada Grande,LAND ROVER,VELAR,PHEV HSE DYN,2.0-16V,Plug-in,PHEV_rotulo_inmetro,G,0.94,39.0,11,https://www.gov.br/inmetro/pt-br/assuntos/regulamentacao/avaliacao-da-conformidade/programa-brasileiro-de-etiquetagem/tabelas-de-eficiencia-energetica/veiculos-automotivos-pbe-veicular/pbe-veicular-2024-1.pdf/@@download/file,729f52c7959e72c74ca458c0023e812b48db5dcbddd8cc7ab19a3f0092bf3ffc,2026-10-01T16:59:17.172812+00:00,km_ensaio_padronizado,catalogo_de_versoes_nao_vendas_nem_telemetria,linhas_extraidas_sem_erro_detectado,ad46727c1d6b9354cffe571f98f3ffa1bda2b6e694eb004fd9a1dc5f327bdf10
2024,Fora de Estrada Grande,LAND ROVER,DISCOVERY,D300 LE,3.0-24V,Híbrido,HIBRIDO_rotulo_inmetro,D,2.62,,11,https://www.gov.br/inmetro/pt-br/assuntos/regulamentacao/avaliacao-da-conformidade/programa-brasileiro-de-etiquetagem/tabelas-de-eficiencia-energetica/veiculos-automotivos-pbe-veicular/pbe-veicular-2024-1.pdf/@@download/file,729f52c7959e72c74ca458c0023e812b48db5dcbddd8cc7ab19a3f0092bf3ffc,2026-10-01T16:59:17.172812+00:00,km_ensaio_padronizado,catalogo_de_versoes_nao_vendas_nem_telemetria,linhas_extraidas_sem_erro_detectado,71bc4d91e7b4412fa9d9f73e70255e55fd119c427edb505f8ebe187dfe3433a4
2024,Fora de Estrada Grande,LAND ROVER,DISCOVERY,D300 HSED,3.0-24V,Híbrido,HIBRIDO_rotulo_inmetro,D,2.62,,11,https://www.gov.br/inmetro/pt-br/assuntos/regulamentacao/avaliacao-da-conformidade/programa-brasileiro-de-etiquetagem/tabelas-de-eficiencia-energetica/veiculos-automotivos-pbe-veicular/pbe-veicular-2024-1.pdf/@@download/file,729f52c7959e72c74ca458c0023e812b48db5dcbddd8cc7ab19a3f0092bf3ffc,2026-10-01T16:59:17.172812+00:00,km_ensaio_padronizado,catalogo_de_versoes_nao_vendas_nem_telemetria,linhas_extraidas_sem_erro_detectado,c36c81de670cf767d0a17085bfa141f2dd3d425e932070ecca6feb89fa323c55
2024,Fora de Estrada Grande,LAND ROVER,DEFENDER 90,-,3.0-24V,Híbrido,HIBRIDO_rotulo_inmetro,D,2.75,,11,https://www.gov.br/inmetro/pt-br/assuntos/regulamentacao/avaliacao-da-conformidade/programa-brasileiro-de-etiquetagem/tabelas-de-eficiencia-energetica/veiculos-automotivos-pbe-veicular/pbe-veicular-2024-1.pdf/@@download/file,729f52c7959e72c74ca458c0023e812b48db5dcbddd8cc7ab19a3f0092bf3ffc,2026-10-01T16:59:17.172812+00:00,km_ensaio_padronizado,catalogo_de_versoes_nao_vendas_nem_telemetria,linhas_extraidas_sem_erro_detectado,53ec7b3f13807618d52a5be6b82cc5125d704f519693c06370c3f3570245c689
2024,Fora de Estrada Grande,LAND ROVER,DEFENDER 90,S,3.0-24V,Híbrido,HIBRIDO_rotulo_inmetro,D,2.75,,11,https://www.gov.br/inmetro/pt-br/assuntos/regulamentacao/avaliacao-da-conformidade/programa-brasileiro-de-etiquetagem/tabelas-de-eficiencia-energetica/veiculos-automotivos-pbe-veicular/pbe-veicular-2024-1.pdf/@@download/file,729f52c7959e72c74ca458c0023e812b48db5dcbddd8cc7ab19a3f0092bf3ffc,2026-10-01T16:59:17.172812+00:00,km_ensaio_padronizado,catalogo_de_versoes_nao_vendas_nem_telemetria,linhas_extraidas_sem_erro_detectado,0276aafc24989982b2dbfe4877c87a9ee27bfc7a6f50a488219fcf77ab19258d
2024,Fora de Estrada Grande,LAND ROVER,DEFENDER 90,SE,3.0-24V,Híbrido,HIBRIDO_rotulo_inmetro,D,2.75,,11,https://www.gov.br/inmetro/pt-br/assuntos/regulamentacao/avaliacao-da-conformidade/programa-brasileiro-de-etiquetagem/tabelas-de-eficiencia-energetica/veiculos-automotivos-pbe-veicular/pbe-veicular-2024-1.pdf/@@download/file,729f52c7959e72c74ca458c0023e812b48db5dcbddd8cc7ab19a3f0092bf3ffc,2026-10-01T16:59:17.172812+00:00,km_ensaio_padronizado,catalogo_de_versoes_nao_vendas_nem_telemetria,linhas_extraidas_sem_erro_detectado,5dae3d56b721f76f5424d5d6fbca92826c73f261af848401dd027e14aa98d65a
2024,Fora de Estrada Grande,LAND ROVER,DEFENDER 90,HSE,3.0-24V,Híbrido,HIBRIDO_rotulo_inmetro,D,2.75,,11,https://www.gov.br/inmetro/pt-br/assuntos/regulamentacao/avaliacao-da-conformidade/programa-brasileiro-de-etiquetagem/tabelas-de-eficiencia-energetica/veiculos-automotivos-pbe-veicular/pbe-veicular-2024-1.pdf/@@download/file,729f52c7959e72c74ca458c0023e812b48db5dcbddd8cc7ab19a3f0092bf3ffc,2026-10-01T16:59:17.172812+00:00,km_ensaio_padronizado,catalogo_de_versoes_nao_vendas_nem_telemetria,linhas_extraidas_sem_erro_detectado,6b01e3086fd06a4652565b2a97d457d218a58d550bc69baae8e2822e5a30437f
2024,Fora de Estrada Grande,LAND ROVER,DEFENDER 90,SE XD,3.0-24V,Híbrido,HIBRIDO_rotulo_inmetro,D,2.75,,12,https://www.gov.br/inmetro/pt-br/assuntos/regulamentacao/avaliacao-da-conformidade/programa-brasileiro-de-etiquetagem/tabelas-de-eficiencia-energetica/veiculos-automotivos-pbe-veicular/pbe-veicular-2024-1.pdf/@@download/file,729f52c7959e72c74ca458c0023e812b48db5dcbddd8cc7ab19a3f0092bf3ffc,2026-10-01T16:59:17.172812+00:00,km_ensaio_padronizado,catalogo_de_versoes_nao_vendas_nem_telemetria,linhas_extraidas_sem_erro_detectado,c4ecd37d8864f9340a3b8af9ee2551688e2202ca5babc7ea129ccc771ae18867
2024,Fora de Estrada Grande,LAND ROVER,DEFENDER 90,HSE XD,3.0-24V,Híbrido,HIBRIDO_rotulo_inmetro,D,2.75,,12,https://www.gov.br/inmetro/pt-br/assuntos/regulamentacao/avaliacao-da-conformidade/programa-brasileiro-de-etiquetagem/tabelas-de-eficiencia-energetica/veiculos-automotivos-pbe-veicular/pbe-veicular-2024-1.pdf/@@download/file,729f52c7959e72c74ca458c0023e812b48db5dcbddd8cc7ab19a3f0092bf3ffc,2026-10-01T16:59:17.172812+00:00,km_ensaio_padronizado,catalogo_de_versoes_nao_vendas_nem_telemetria,linhas_extraidas_sem_erro_detectado,b4fa850619976a65a55e4ca3b7ee9df3b12fbf680dcdbebced4f7efaeb9f64e6
2024,Fora de Estrada Grande,LAND ROVER,DEFENDER 110,-,3.0-24V,Híbrido,HIBRIDO_rotulo_inmetro,D,2.56,,12,https://www.gov.br/inmetro/pt-br/assuntos/regulamentacao/avaliacao-da-conformidade/programa-brasileiro-de-etiquetagem/tabelas-de-eficiencia-energetica/veiculos-automotivos-pbe-veicular/pbe-veicular-2024-1.pdf/@@download/file,729f52c7959e72c74ca458c0023e812b48db5dcbddd8cc7ab19a3f0092bf3ffc,2026-10-01T16:59:17.172812+00:00,km_ensaio_padronizado,catalogo_de_versoes_nao_vendas_nem_telemetria,linhas_extraidas_sem_erro_detectado,364bb00d91600044cdb4ea0455dcb572b47e3856c310b976830c99e667718d3f
2024,Fora de Estrada Grande,LAND ROVER,DEFENDER 110,7L,3.0-24V,Híbrido,HIBRIDO_rotulo_inmetro,D,2.56,,12,https://www.gov.br/inmetro/pt-br/assuntos/regulamentacao/avaliacao-da-conformidade/programa-brasileiro-de-etiquetagem/tabelas-de-eficiencia-energetica/veiculos-automotivos-pbe-veicular/pbe-veicular-2024-1.pdf/@@download/file,729f52c7959e72c74ca458c0023e812b48db5dcbddd8cc7ab19a3f0092bf3ffc,2026-10-01T16:59:17.172812+00:00,km_ensaio_padronizado,catalogo_de_versoes_nao_vendas_nem_telemetria,linhas_extraidas_sem_erro_detectado,d8db0d40f85cf17ceb5577d36d1f95a17cf133d45584252e75dd5cd5ad7c22fa
2024,Fora de Estrada Grande,LAND ROVER,DEFENDER 110,SE,3.0-24V,Híbrido,HIBRIDO_rotulo_inmetro,D,2.56,,12,https://www.gov.br/inmetro/pt-br/assuntos/regulamentacao/avaliacao-da-conformidade/programa-brasileiro-de-etiquetagem/tabelas-de-eficiencia-energetica/veiculos-automotivos-pbe-veicular/pbe-veicular-2024-1.pdf/@@download/file,729f52c7959e72c74ca458c0023e812b48db5dcbddd8cc7ab19a3f0092bf3ffc,2026-10-01T16:59:17.172812+00:00,km_ensaio_padronizado,catalogo_de_versoes_nao_vendas_nem_telemetria,linhas_extraidas_sem_erro_detectado,0a2b4dd455951776c130c61e795a56c3db8ce76c534e4b05086fe050a484e6bc
2024,Fora de Estrada Grande,LAND ROVER,DEFENDER 110,SE 7L,3.0-24V,Híbrido,HIBRIDO_rotulo_inmetro,D,2.56,,12,https://www.gov.br/inmetro/pt-br/assuntos/regulamentacao/avaliacao-da-conformidade/programa-brasileiro-de-etiquetagem/tabelas-de-eficiencia-energetica/veiculos-automotivos-pbe-veicular/pbe-veicular-2024-1.pdf/@@download/file,729f52c7959e72c74ca458c0023e812b48db5dcbddd8cc7ab19a3f0092bf3ffc,2026-10-01T16:59:17.172812+00:00,km_ensaio_padronizado,catalogo_de_versoes_nao_vendas_nem_telemetria,linhas_extraidas_sem_erro_detectado,8703265d915e98490c26f215a8035c1d795a1a8c60a1d1e5a58c9071541f3103
2024,Fora de Estrada Grande,LAND ROVER,DEFENDER 110,SE XD,3.0-24V,Híbrido,HIBRIDO_rotulo_inmetro,D,2.56,,12,https://www.gov.br/inmetro/pt-br/assuntos/regulamentacao/avaliacao-da-conformidade/programa-brasileiro-de-etiquetagem/tabelas-de-eficiencia-energetica/veiculos-automotivos-pbe-veicular/pbe-veicular-2024-1.pdf/@@download/file,729f52c7959e72c74ca458c0023e812b48db5dcbddd8cc7ab19a3f0092bf3ffc,2026-10-01T16:59:17.172812+00:00,km_ensaio_padronizado,catalogo_de_versoes_nao_vendas_nem_telemetria,linhas_extraidas_sem_erro_detectado,192180334a1e4adf50440c2c2d33d8c8ffcb81442bf72b806ee93fb20b75911a
2024,Fora de Estrada Grande,LAND ROVER,DEFENDER 110,SE XD 7L,3.0-24V,Híbrido,HIBRIDO_rotulo_inmetro,D,2.56,,12,https://www.gov.br/inmetro/pt-br/assuntos/regulamentacao/avaliacao-da-conformidade/programa-brasileiro-de-etiquetagem/tabelas-de-eficiencia-energetica/veiculos-automotivos-pbe-veicular/pbe-veicular-2024-1.pdf/@@download/file,729f52c7959e72c74ca458c0023e812b48db5dcbddd8cc7ab19a3f0092bf3ffc,2026-10-01T16:59:17.172812+00:00,km_ensaio_padronizado,catalogo_de_versoes_nao_vendas_nem_telemetria,linhas_extraidas_sem_erro_detectado,9f0e967c64cbfdda0562a2e64e0ef7bc6ebe86ffb9fd27e82f55cfcdcd1e19d3
2024,Fora de Estrada Grande,LAND ROVER,DEFENDER 110,HSE,3.0-24V,Híbrido,HIBRIDO_rotulo_inmetro,D,2.56,,12,https://www.gov.br/inmetro/pt-br/assuntos/regulamentacao/avaliacao-da-conformidade/programa-brasileiro-de-etiquetagem/tabelas-de-eficiencia-energetica/veiculos-automotivos-pbe-veicular/pbe-veicular-2024-1.pdf/@@download/file,729f52c7959e72c74ca458c0023e812b48db5dcbddd8cc7ab19a3f0092bf3ffc,2026-10-01T16:59:17.172812+00:00,km_ensaio_padronizado,catalogo_de_versoes_nao_vendas_nem_telemetria,linhas_extraidas_sem_erro_detectado,e2d110f97b7c464e69fbfbde43f50292348e5f3d4164f8507a7e092a747c354d
2024,Fora de Estrada Grande,LAND ROVER,DEFENDER 110,HSE 7L,3.0-24V,Híbrido,HIBRIDO_rotulo_inmetro,D,2.56,,12,https://www.gov.br/inmetro/pt-br/assuntos/regulamentacao/avaliacao-da-conformidade/programa-brasileiro-de-etiquetagem/tabelas-de-eficiencia-energetica/veiculos-automotivos-pbe-veicular/pbe-veicular-2024-1.pdf/@@download/file,729f52c7959e72c74ca458c0023e812b48db5dcbddd8cc7ab19a3f0092bf3ffc,2026-10-01T16:59:17.172812+00:00,km_ensaio_padronizado,catalogo_de_versoes_nao_vendas_nem_telemetria,linhas_extraidas_sem_erro_detectado,7dc586e1ea94edb09ce279c22edd559fc9636628e55b6f46108288e248311e39
2024,Fora de Estrada Grande,LAND ROVER,DEFENDER 110,HSE XD,3.0-24V,Híbrido,HIBRIDO_rotulo_inmetro,D,2.56,,12,https://www.gov.br/inmetro/pt-br/assuntos/regulamentacao/avaliacao-da-conformidade/programa-brasileiro-de-etiquetagem/tabelas-de-eficiencia-energetica/veiculos-automotivos-pbe-veicular/pbe-veicular-2024-1.pdf/@@download/file,729f52c7959e72c74ca458c0023e812b48db5dcbddd8cc7ab19a3f0092bf3ffc,2026-10-01T16:59:17.172812+00:00,km_ensaio_padronizado,catalogo_de_versoes_nao_vendas_nem_telemetria,linhas_extraidas_sem_erro_detectado,03404ff3045e66b4a14f6212b39e4443413932c90873c2b983466c5f96c4be23
2024,Fora de Estrada Grande,LAND ROVER,DEFENDER 110,HSE XD 7L,3.0-24V,Híbrido,HIBRIDO_rotulo_inmetro,D,2.56,,12,https://www.gov.br/inmetro/pt-br/assuntos/regulamentacao/avaliacao-da-conformidade/programa-brasileiro-de-etiquetagem/tabelas-de-eficiencia-energetica/veiculos-automotivos-pbe-veicular/pbe-veicular-2024-1.pdf/@@download/file,729f52c7959e72c74ca458c0023e812b48db5dcbddd8cc7ab19a3f0092bf3ffc,2026-10-01T16:59:17.172812+00:00,km_ensaio_padronizado,catalogo_de_versoes_nao_vendas_nem_telemetria,linhas_extraidas_sem_erro_detectado,b4beee9b54a19e93c10241b8c034866883aafed040a9c02ca0e4e22751a46b18
2024,Fora de Estrada Grande,LAND ROVER,DEFENDER 110,X,3.0-24V,Híbrido,HIBRIDO_rotulo_inmetro,D,2.56,,12,https://www.gov.br/inmetro/pt-br/assuntos/regulamentacao/avaliacao-da-conformidade/programa-brasileiro-de-etiquetagem/tabelas-de-eficiencia-energetica/veiculos-automotivos-pbe-veicular/pbe-veicular-2024-1.pdf/@@download/file,729f52c7959e72c74ca458c0023e812b48db5dcbddd8cc7ab19a3f0092bf3ffc,2026-10-01T16:59:17.172812+00:00,km_ensaio_padronizado,catalogo_de_versoes_nao_vendas_nem_telemetria,linhas_extraidas_sem_erro_detectado,a23b3c5f27555c7bb324197b00047140bd0c3814c0d082268811206177bfb90f
2024,Fora de Estrada Grande,LAND ROVER,DEFENDER 110,X 7L,3.0-24V,Híbrido,HIBRIDO_rotulo_inmetro,D,2.56,,12,https://www.gov.br/inmetro/pt-br/assuntos/regulamentacao/avaliacao-da-conformidade/programa-brasileiro-de-etiquetagem/tabelas-de-eficiencia-energetica/veiculos-automotivos-pbe-veicular/pbe-veicular-2024-1.pdf/@@download/file,729f52c7959e72c74ca458c0023e812b48db5dcbddd8cc7ab19a3f0092bf3ffc,2026-10-01T16:59:17.172812+00:00,km_ensaio_padronizado,catalogo_de_versoes_nao_vendas_nem_telemetria,linhas_extraidas_sem_erro_detectado,11d852a51675ee7fd50d5c732c87525ec9b2f6ac004ef206f4535e17ec970c21
2024,Fora de Estrada Grande,LAND ROVER,DEFENDER 110,LE75TH,3.0-24V,Híbrido,HIBRIDO_rotulo_inmetro,D,2.56,,12,https://www.gov.br/inmetro/pt-br/assuntos/regulamentacao/avaliacao-da-conformidade/programa-brasileiro-de-etiquetagem/tabelas-de-eficiencia-energetica/veiculos-automotivos-pbe-veicular/pbe-veicular-2024-1.pdf/@@download/file,729f52c7959e72c74ca458c0023e812b48db5dcbddd8cc7ab19a3f0092bf3ffc,2026-10-01T16:59:17.172812+00:00,km_ensaio_padronizado,catalogo_de_versoes_nao_vendas_nem_telemetria,linhas_extraidas_sem_erro_detectado,47a337ead5683ea66fc2217e945c4b64898396ec3cf1a524cc35eda49c79b22c
2024,Fora de Estrada Grande,LAND ROVER,DEFENDER 110,S XD,3.0-24V,Híbrido,HIBRIDO_rotulo_inmetro,D,2.56,,12,https://www.gov.br/inmetro/pt-br/assuntos/regulamentacao/avaliacao-da-conformidade/programa-brasileiro-de-etiquetagem/tabelas-de-eficiencia-energetica/veiculos-automotivos-pbe-veicular/pbe-veicular-2024-1.pdf/@@download/file,729f52c7959e72c74ca458c0023e812b48db5dcbddd8cc7ab19a3f0092bf3ffc,2026-10-01T16:59:17.172812+00:00,km_ensaio_padronizado,catalogo_de_versoes_nao_vendas_nem_telemetria,linhas_extraidas_sem_erro_detectado,1d5cd8c340a1e6d0e6647191ccb0a38b57caaad1e0d2df78822b82ec16a3dbbc
2024,Fora de Estrada Grande,LAND ROVER,DEFENDER 110,S XD 7L,3.0-24V,Híbrido,HIBRIDO_rotulo_inmetro,D,2.56,,12,https://www.gov.br/inmetro/pt-br/assuntos/regulamentacao/avaliacao-da-conformidade/programa-brasileiro-de-etiquetagem/tabelas-de-eficiencia-energetica/veiculos-automotivos-pbe-veicular/pbe-veicular-2024-1.pdf/@@download/file,729f52c7959e72c74ca458c0023e812b48db5dcbddd8cc7ab19a3f0092bf3ffc,2026-10-01T16:59:17.172812+00:00,km_ensaio_padronizado,catalogo_de_versoes_nao_vendas_nem_telemetria,linhas_extraidas_sem_erro_detectado,e2100bdb1ed8b6403b12be2d3928afc392c7f5bd3d793a1b53b4be4e943956ff
2024,Fora de Estrada Grande,LAND ROVER,DEFENDER 130,S,3.0-24V,Híbrido,HIBRIDO_rotulo_inmetro,D,2.73,,12,https://www.gov.br/inmetro/pt-br/assuntos/regulamentacao/avaliacao-da-conformidade/programa-brasileiro-de-etiquetagem/tabelas-de-eficiencia-energetica/veiculos-automotivos-pbe-veicular/pbe-veicular-2024-1.pdf/@@download/file,729f52c7959e72c74ca458c0023e812b48db5dcbddd8cc7ab19a3f0092bf3ffc,2026-10-01T16:59:17.172812+00:00,km_ensaio_padronizado,catalogo_de_versoes_nao_vendas_nem_telemetria,linhas_extraidas_sem_erro_detectado,28f25fe1e61186c0d1f2221278c74474666d6836a6dd705e779e63af786ca9e1
2024,Fora de Estrada Grande,LAND ROVER,DEFENDER 130,SE,3.0-24V,Híbrido,HIBRIDO_rotulo_inmetro,D,2.73,,12,https://www.gov.br/inmetro/pt-br/assuntos/regulamentacao/avaliacao-da-conformidade/programa-brasileiro-de-etiquetagem/tabelas-de-eficiencia-energetica/veiculos-automotivos-pbe-veicular/pbe-veicular-2024-1.pdf/@@download/file,729f52c7959e72c74ca458c0023e812b48db5dcbddd8cc7ab19a3f0092bf3ffc,2026-10-01T16:59:17.172812+00:00,km_ensaio_padronizado,catalogo_de_versoes_nao_vendas_nem_telemetria,linhas_extraidas_sem_erro_detectado,240d87ba9ae80f035113c209577dbe2df33133879099aa5c396c965ff3c0855a
2024,Fora de Estrada Grande,LAND ROVER,DEFENDER 130,HSE,3.0-24V,Híbrido,HIBRIDO_rotulo_inmetro,D,2.73,,12,https://www.gov.br/inmetro/pt-br/assuntos/regulamentacao/avaliacao-da-conformidade/programa-brasileiro-de-etiquetagem/tabelas-de-eficiencia-energetica/veiculos-automotivos-pbe-veicular/pbe-veicular-2024-1.pdf/@@download/file,729f52c7959e72c74ca458c0023e812b48db5dcbddd8cc7ab19a3f0092bf3ffc,2026-10-01T16:59:17.172812+00:00,km_ensaio_padronizado,catalogo_de_versoes_nao_vendas_nem_telemetria,linhas_extraidas_sem_erro_detectado,bc46d349d4576fc043de6de53c91f47ea052d468c30c77f45af06ad845ea4335
2024,Fora de Estrada Grande,LAND ROVER,DEFENDER 130,S XD,3.0-24V,Híbrido,HIBRIDO_rotulo_inmetro,D,2.73,,12,https://www.gov.br/inmetro/pt-br/assuntos/regulamentacao/avaliacao-da-conformidade/programa-brasileiro-de-etiquetagem/tabelas-de-eficiencia-energetica/veiculos-automotivos-pbe-veicular/pbe-veicular-2024-1.pdf/@@download/file,729f52c7959e72c74ca458c0023e812b48db5dcbddd8cc7ab19a3f0092bf3ffc,2026-10-01T16:59:17.172812+00:00,km_ensaio_padronizado,catalogo_de_versoes_nao_vendas_nem_telemetria,linhas_extraidas_sem_erro_detectado,9476e562d8948851cd2932b5265a0e950ee59aac17fd735b03416776ecf18924
2024,Fora de Estrada Grande,LAND ROVER,DEFENDER 130,SE XD,3.0-24V,Híbrido,HIBRIDO_rotulo_inmetro,D,2.73,,12,https://www.gov.br/inmetro/pt-br/assuntos/regulamentacao/avaliacao-da-conformidade/programa-brasileiro-de-etiquetagem/tabelas-de-eficiencia-energetica/veiculos-automotivos-pbe-veicular/pbe-veicular-2024-1.pdf/@@download/file,729f52c7959e72c74ca458c0023e812b48db5dcbddd8cc7ab19a3f0092bf3ffc,2026-10-01T16:59:17.172812+00:00,km_ensaio_padronizado,catalogo_de_versoes_nao_vendas_nem_telemetria,linhas_extraidas_sem_erro_detectado,2b9fe35f483d93cda68fe87c44017b157cd9dd665d5420899d4cca8aa1a39e07
2024,Fora de Estrada Grande,LAND ROVER,DEFENDER 130,HSE XD,3.0-24V,Híbrido,HIBRIDO_rotulo_inmetro,D,2.73,,12,https://www.gov.br/inmetro/pt-br/assuntos/regulamentacao/avaliacao-da-conformidade/programa-brasileiro-de-etiquetagem/tabelas-de-eficiencia-energetica/veiculos-automotivos-pbe-veicular/pbe-veicular-2024-1.pdf/@@download/file,729f52c7959e72c74ca458c0023e812b48db5dcbddd8cc7ab19a3f0092bf3ffc,2026-10-01T16:59:17.172812+00:00,km_ensaio_padronizado,catalogo_de_versoes_nao_vendas_nem_telemetria,linhas_extraidas_sem_erro_detectado,1456a745694d012e2c87487100f88d33a96594431dffea3eeb2a845b46a7b168
2024,Fora de Estrada Grande,LAND ROVER,DEFENDER 130,X,3.0-24V,Híbrido,HIBRIDO_rotulo_inmetro,D,2.73,,12,https://www.gov.br/inmetro/pt-br/assuntos/regulamentacao/avaliacao-da-conformidade/programa-brasileiro-de-etiquetagem/tabelas-de-eficiencia-energetica/veiculos-automotivos-pbe-veicular/pbe-veicular-2024-1.pdf/@@download/file,729f52c7959e72c74ca458c0023e812b48db5dcbddd8cc7ab19a3f0092bf3ffc,2026-10-01T16:59:17.172812+00:00,km_ensaio_padronizado,catalogo_de_versoes_nao_vendas_nem_telemetria,linhas_extraidas_sem_erro_detectado,ce8a8a0c9ab5ffef4c708eefde8e3d297b14c6321434b6efd0924bf22eeaf17d
2024,Fora de Estrada Grande,LAND ROVER,DEFENDER 130,LE,3.0-24V,Híbrido,HIBRIDO_rotulo_inmetro,D,2.73,,12,https://www.gov.br/inmetro/pt-br/assuntos/regulamentacao/avaliacao-da-conformidade/programa-brasileiro-de-etiquetagem/tabelas-de-eficiencia-energetica/veiculos-automotivos-pbe-veicular/pbe-veicular-2024-1.pdf/@@download/file,729f52c7959e72c74ca458c0023e812b48db5dcbddd8cc7ab19a3f0092bf3ffc,2026-10-01T16:59:17.172812+00:00,km_ensaio_padronizado,catalogo_de_versoes_nao_vendas_nem_telemetria,linhas_extraidas_sem_erro_detectado,db86cd6fc15b181c2609a04b0e1980378bcd057dd5293d1fdd99e0856320e8fe
2024,Fora de Estrada Grande,LAND ROVER,DEFENDER 130,OB,3.0-24V,Híbrido,HIBRIDO_rotulo_inmetro,D,2.73,,12,https://www.gov.br/inmetro/pt-br/assuntos/regulamentacao/avaliacao-da-conformidade/programa-brasileiro-de-etiquetagem/tabelas-de-eficiencia-energetica/veiculos-automotivos-pbe-veicular/pbe-veicular-2024-1.pdf/@@download/file,729f52c7959e72c74ca458c0023e812b48db5dcbddd8cc7ab19a3f0092bf3ffc,2026-10-01T16:59:17.172812+00:00,km_ensaio_padronizado,catalogo_de_versoes_nao_vendas_nem_telemetria,linhas_extraidas_sem_erro_detectado,ad0e43324f25e6a0faf9616a67dfe73214fd8051f3fefeab2a6a65a68969977f
2024,Fora de Estrada Grande,LAND ROVER,DEFENDER 110,PHEV HSE XD,2.0-16V,Plug-in,PHEV_rotulo_inmetro,G,0.99,33.0,12,https://www.gov.br/inmetro/pt-br/assuntos/regulamentacao/avaliacao-da-conformidade/programa-brasileiro-de-etiquetagem/tabelas-de-eficiencia-energetica/veiculos-automotivos-pbe-veicular/pbe-veicular-2024-1.pdf/@@download/file,729f52c7959e72c74ca458c0023e812b48db5dcbddd8cc7ab19a3f0092bf3ffc,2026-10-01T16:59:17.172812+00:00,km_ensaio_padronizado,catalogo_de_versoes_nao_vendas_nem_telemetria,linhas_extraidas_sem_erro_detectado,727c53cad49a3338861658dbe8889fc29eff28377321a584b0ec7a26b132bf22
2024,Fora de Estrada Grande,LAND ROVER,DEFENDER 110,PHEV X,2.0-16V,Plug-in,PHEV_rotulo_inmetro,G,0.99,33.0,12,https://www.gov.br/inmetro/pt-br/assuntos/regulamentacao/avaliacao-da-conformidade/programa-brasileiro-de-etiquetagem/tabelas-de-eficiencia-energetica/veiculos-automotivos-pbe-veicular/pbe-veicular-2024-1.pdf/@@download/file,729f52c7959e72c74ca458c0023e812b48db5dcbddd8cc7ab19a3f0092bf3ffc,2026-10-01T16:59:17.172812+00:00,km_ensaio_padronizado,catalogo_de_versoes_nao_vendas_nem_telemetria,linhas_extraidas_sem_erro_detectado,ce692f0240b3827658a2bc5fa347abe3b6faaffdb09d27afa865d47dbf4a3d33
2024,Fora de Estrada Grande,LAND ROVER,RANGE ROVER SPORT,PHEV S,3.0-24V,Plug-in,PHEV_rotulo_inmetro,G,1.13,69.0,12,https://www.gov.br/inmetro/pt-br/assuntos/regulamentacao/avaliacao-da-conformidade/programa-brasileiro-de-etiquetagem/tabelas-de-eficiencia-energetica/veiculos-automotivos-pbe-veicular/pbe-veicular-2024-1.pdf/@@download/file,729f52c7959e72c74ca458c0023e812b48db5dcbddd8cc7ab19a3f0092bf3ffc,2026-10-01T16:59:17.172812+00:00,km_ensaio_padronizado,catalogo_de_versoes_nao_vendas_nem_telemetria,linhas_extraidas_sem_erro_detectado,70f1d8591c6d9d5152ddd804d83c2910b635d9bdbefd6ad29a4e6605951b79d6
2024,Fora de Estrada Grande,LAND ROVER,RANGE ROVER SPORT,PHEV SD,3.0-24V,Plug-in,PHEV_rotulo_inmetro,G,1.13,69.0,12,https://www.gov.br/inmetro/pt-br/assuntos/regulamentacao/avaliacao-da-conformidade/programa-brasileiro-de-etiquetagem/tabelas-de-eficiencia-energetica/veiculos-automotivos-pbe-veicular/pbe-veicular-2024-1.pdf/@@download/file,729f52c7959e72c74ca458c0023e812b48db5dcbddd8cc7ab19a3f0092bf3ffc,2026-10-01T16:59:17.172812+00:00,km_ensaio_padronizado,catalogo_de_versoes_nao_vendas_nem_telemetria,linhas_extraidas_sem_erro_detectado,aff0bbf0e21911717dcec3d3b5101a0719e3bf490c13030763819c270c3f3ace
2024,Fora de Estrada Grande,LAND ROVER,RANGE ROVER SPORT,PHEV SE,3.0-24V,Plug-in,PHEV_rotulo_inmetro,G,1.13,69.0,12,https://www.gov.br/inmetro/pt-br/assuntos/regulamentacao/avaliacao-da-conformidade/programa-brasileiro-de-etiquetagem/tabelas-de-eficiencia-energetica/veiculos-automotivos-pbe-veicular/pbe-veicular-2024-1.pdf/@@download/file,729f52c7959e72c74ca458c0023e812b48db5dcbddd8cc7ab19a3f0092bf3ffc,2026-10-01T16:59:17.172812+00:00,km_ensaio_padronizado,catalogo_de_versoes_nao_vendas_nem_telemetria,linhas_extraidas_sem_erro_detectado,b45d0beaf83f3fb2e2cbfc18773d4dcc2ea77a88ad9dc11d4c091de9e17d512f
2024,Fora de Estrada Grande,LAND ROVER,RANGE ROVER SPORT,PHEV SED,3.0-24V,Plug-in,PHEV_rotulo_inmetro,G,1.13,69.0,12,https://www.gov.br/inmetro/pt-br/assuntos/regulamentacao/avaliacao-da-conformidade/programa-brasileiro-de-etiquetagem/tabelas-de-eficiencia-energetica/veiculos-automotivos-pbe-veicular/pbe-veicular-2024-1.pdf/@@download/file,729f52c7959e72c74ca458c0023e812b48db5dcbddd8cc7ab19a3f0092bf3ffc,2026-10-01T16:59:17.172812+00:00,km_ensaio_padronizado,catalogo_de_versoes_nao_vendas_nem_telemetria,linhas_extraidas_sem_erro_detectado,18314e08b3bca19998a1a758d69864462642a412a5093bc434efee29f57f43b0
2024,Fora de Estrada Grande,LAND ROVER,RANGE ROVER SPORT,PHEV HSED,3.0-24V,Plug-in,PHEV_rotulo_inmetro,G,1.13,69.0,12,https://www.gov.br/inmetro/pt-br/assuntos/regulamentacao/avaliacao-da-conformidade/programa-brasileiro-de-etiquetagem/tabelas-de-eficiencia-energetica/veiculos-automotivos-pbe-veicular/pbe-veicular-2024-1.pdf/@@download/file,729f52c7959e72c74ca458c0023e812b48db5dcbddd8cc7ab19a3f0092bf3ffc,2026-10-01T16:59:17.172812+00:00,km_ensaio_padronizado,catalogo_de_versoes_nao_vendas_nem_telemetria,linhas_extraidas_sem_erro_detectado,9ee458c4ba29ce9b0a0d8493b4f2d9158b2ee153f6558b5c6a5721aa091aedf8
2024,Fora de Estrada Grande,LAND ROVER,RANGE ROVER SPORT,PHEV AB,3.0-24V,Plug-in,PHEV_rotulo_inmetro,G,1.13,69.0,12,https://www.gov.br/inmetro/pt-br/assuntos/regulamentacao/avaliacao-da-conformidade/programa-brasileiro-de-etiquetagem/tabelas-de-eficiencia-energetica/veiculos-automotivos-pbe-veicular/pbe-veicular-2024-1.pdf/@@download/file,729f52c7959e72c74ca458c0023e812b48db5dcbddd8cc7ab19a3f0092bf3ffc,2026-10-01T16:59:17.172812+00:00,km_ensaio_padronizado,catalogo_de_versoes_nao_vendas_nem_telemetria,linhas_extraidas_sem_erro_detectado,3482ce9476e9e626bc0ce62029ad444e997d87660b22ed7410ba203a069dbda9
2024,Fora de Estrada Grande,LAND ROVER,RANGE ROVER SPORT,PHEV LE,3.0-24V,Plug-in,PHEV_rotulo_inmetro,G,1.13,69.0,12,https://www.gov.br/inmetro/pt-br/assuntos/regulamentacao/avaliacao-da-conformidade/programa-brasileiro-de-etiquetagem/tabelas-de-eficiencia-energetica/veiculos-automotivos-pbe-veicular/pbe-veicular-2024-1.pdf/@@download/file,729f52c7959e72c74ca458c0023e812b48db5dcbddd8cc7ab19a3f0092bf3ffc,2026-10-01T16:59:17.172812+00:00,km_ensaio_padronizado,catalogo_de_versoes_nao_vendas_nem_telemetria,linhas_extraidas_sem_erro_detectado,38f847a2cc75a8a1208bb9a45f258d6cd8974b90221a37d9612cf1ca914ed35f
2024,Fora de Estrada Grande,LAND ROVER,RANGE ROVER SPORT,PHEV S,3.0-24V,Plug-in,PHEV_rotulo_inmetro,G,1.12,71.0,12,https://www.gov.br/inmetro/pt-br/assuntos/regulamentacao/avaliacao-da-conformidade/programa-brasileiro-de-etiquetagem/tabelas-de-eficiencia-energetica/veiculos-automotivos-pbe-veicular/pbe-veicular-2024-1.pdf/@@download/file,729f52c7959e72c74ca458c0023e812b48db5dcbddd8cc7ab19a3f0092bf3ffc,2026-10-01T16:59:17.172812+00:00,km_ensaio_padronizado,catalogo_de_versoes_nao_vendas_nem_telemetria,linhas_extraidas_sem_erro_detectado,3a3dafc17c59af1f4350a524ea1c60a652adcfddee780966fd65f05e1e53683c
2024,Fora de Estrada Grande,LAND ROVER,RANGE ROVER SPORT,PHEV SE,3.0-24V,Plug-in,PHEV_rotulo_inmetro,G,1.12,71.0,12,https://www.gov.br/inmetro/pt-br/assuntos/regulamentacao/avaliacao-da-conformidade/programa-brasileiro-de-etiquetagem/tabelas-de-eficiencia-energetica/veiculos-automotivos-pbe-veicular/pbe-veicular-2024-1.pdf/@@download/file,729f52c7959e72c74ca458c0023e812b48db5dcbddd8cc7ab19a3f0092bf3ffc,2026-10-01T16:59:17.172812+00:00,km_ensaio_padronizado,catalogo_de_versoes_nao_vendas_nem_telemetria,linhas_extraidas_sem_erro_detectado,2d11e26dc856913f8c1ca81b20cfb18c6cbe779712aa9bd276f05835bcc1aaba
2024,Fora de Estrada Grande,LAND ROVER,RANGE ROVER SPORT,PHEV SED,3.0-24V,Plug-in,PHEV_rotulo_inmetro,G,1.12,71.0,12,https://www.gov.br/inmetro/pt-br/assuntos/regulamentacao/avaliacao-da-conformidade/programa-brasileiro-de-etiquetagem/tabelas-de-eficiencia-energetica/veiculos-automotivos-pbe-veicular/pbe-veicular-2024-1.pdf/@@download/file,729f52c7959e72c74ca458c0023e812b48db5dcbddd8cc7ab19a3f0092bf3ffc,2026-10-01T16:59:17.172812+00:00,km_ensaio_padronizado,catalogo_de_versoes_nao_vendas_nem_telemetria,linhas_extraidas_sem_erro_detectado,f1d07ac315592a2f46e2d36e30eac3d41993b042f69e276ea5ebadfb1aa1f7ae
2024,Fora de Estrada Grande,LAND ROVER,RANGE ROVER SPORT,PHEV HSED,3.0-24V,Plug-in,PHEV_rotulo_inmetro,G,1.12,71.0,12,https://www.gov.br/inmetro/pt-br/assuntos/regulamentacao/avaliacao-da-conformidade/programa-brasileiro-de-etiquetagem/tabelas-de-eficiencia-energetica/veiculos-automotivos-pbe-veicular/pbe-veicular-2024-1.pdf/@@download/file,729f52c7959e72c74ca458c0023e812b48db5dcbddd8cc7ab19a3f0092bf3ffc,2026-10-01T16:59:17.172812+00:00,km_ensaio_padronizado,catalogo_de_versoes_nao_vendas_nem_telemetria,linhas_extraidas_sem_erro_detectado,001ff96700070e6985fc222750cc8d063f0aaf33821b9ca646585816c5a870cd
2024,Fora de Estrada Grande,LAND ROVER,RANGE ROVER SPORT,PHEV AB,3.0-24V,Plug-in,PHEV_rotulo_inmetro,G,1.12,71.0,12,https://www.gov.br/inmetro/pt-br/assuntos/regulamentacao/avaliacao-da-conformidade/programa-brasileiro-de-etiquetagem/tabelas-de-eficiencia-energetica/veiculos-automotivos-pbe-veicular/pbe-veicular-2024-1.pdf/@@download/file,729f52c7959e72c74ca458c0023e812b48db5dcbddd8cc7ab19a3f0092bf3ffc,2026-10-01T16:59:17.172812+00:00,km_ensaio_padronizado,catalogo_de_versoes_nao_vendas_nem_telemetria,linhas_extraidas_sem_erro_detectado,ab35d3046136e84ac425d0060c0fc7ce34e8f0346fdc775761704675b1ca9bae
2024,Fora de Estrada Grande,LAND ROVER,RANGE ROVER,PHEV SV,3.0-24V,Plug-in,PHEV_rotulo_inmetro,G,1.12,71.0,12,https://www.gov.br/inmetro/pt-br/assuntos/regulamentacao/avaliacao-da-conformidade/programa-brasileiro-de-etiquetagem/tabelas-de-eficiencia-energetica/veiculos-automotivos-pbe-veicular/pbe-veicular-2024-1.pdf/@@download/file,729f52c7959e72c74ca458c0023e812b48db5dcbddd8cc7ab19a3f0092bf3ffc,2026-10-01T16:59:17.172812+00:00,km_ensaio_padronizado,catalogo_de_versoes_nao_vendas_nem_telemetria,linhas_extraidas_sem_erro_detectado,92c3261c3a52a699585b01d5e6ca8dfdcebe533467908176ab4ae2c38b250b90
2024,Fora de Estrada Grande,LAND ROVER,RANGE ROVER,PHEV SE,3.0-24V,Plug-in,PHEV_rotulo_inmetro,G,1.12,71.0,12,https://www.gov.br/inmetro/pt-br/assuntos/regulamentacao/avaliacao-da-conformidade/programa-brasileiro-de-etiquetagem/tabelas-de-eficiencia-energetica/veiculos-automotivos-pbe-veicular/pbe-veicular-2024-1.pdf/@@download/file,729f52c7959e72c74ca458c0023e812b48db5dcbddd8cc7ab19a3f0092bf3ffc,2026-10-01T16:59:17.172812+00:00,km_ensaio_padronizado,catalogo_de_versoes_nao_vendas_nem_telemetria,linhas_extraidas_sem_erro_detectado,d701621ac6d7bd58c511235b5e2e8e6c6b46e638047b769f30773c08500633ac
2024,Fora de Estrada Grande,LAND ROVER,RANGE ROVER,PHEV HSE,3.0-24V,Plug-in,PHEV_rotulo_inmetro,G,1.12,71.0,12,https://www.gov.br/inmetro/pt-br/assuntos/regulamentacao/avaliacao-da-conformidade/programa-brasileiro-de-etiquetagem/tabelas-de-eficiencia-energetica/veiculos-automotivos-pbe-veicular/pbe-veicular-2024-1.pdf/@@download/file,729f52c7959e72c74ca458c0023e812b48db5dcbddd8cc7ab19a3f0092bf3ffc,2026-10-01T16:59:17.172812+00:00,km_ensaio_padronizado,catalogo_de_versoes_nao_vendas_nem_telemetria,linhas_extraidas_sem_erro_detectado,4e7f208d39ec5fbf4de086d6950c8e694d9e16fa175d73b4c95df47f2c6ab594
2024,Fora de Estrada Grande,LAND ROVER,RANGE ROVER,PHEV AB,3.0-24V,Plug-in,PHEV_rotulo_inmetro,G,1.12,71.0,12,https://www.gov.br/inmetro/pt-br/assuntos/regulamentacao/avaliacao-da-conformidade/programa-brasileiro-de-etiquetagem/tabelas-de-eficiencia-energetica/veiculos-automotivos-pbe-veicular/pbe-veicular-2024-1.pdf/@@download/file,729f52c7959e72c74ca458c0023e812b48db5dcbddd8cc7ab19a3f0092bf3ffc,2026-10-01T16:59:17.172812+00:00,km_ensaio_padronizado,catalogo_de_versoes_nao_vendas_nem_telemetria,linhas_extraidas_sem_erro_detectado,b106d7159c1df7a9f6acc73b1b1bdd95ebb0e0e54b42baffdc91fbe9e93beb1c
2024,Fora de Estrada Grande,Mercedes-Benz,G580 EQ,,Elétrico,Elétrico,BEV_rotulo_inmetro,E,0.88,369.0,12,https://www.gov.br/inmetro/pt-br/assuntos/regulamentacao/avaliacao-da-conformidade/programa-brasileiro-de-etiquetagem/tabelas-de-eficiencia-energetica/veiculos-automotivos-pbe-veicular/pbe-veicular-2024-1.pdf/@@download/file,729f52c7959e72c74ca458c0023e812b48db5dcbddd8cc7ab19a3f0092bf3ffc,2026-10-01T16:59:17.172812+00:00,km_ensaio_padronizado,catalogo_de_versoes_nao_vendas_nem_telemetria,linhas_extraidas_sem_erro_detectado,115a6ca7b3834c416bfc67d07f3e2e578ab29cd39f6d4fa381cbc0f318e23485
2024,Comercial,BYD,ET3,---,Elétrico,Elétrico,BEV_rotulo_inmetro,E,0.71,170.0,13,https://www.gov.br/inmetro/pt-br/assuntos/regulamentacao/avaliacao-da-conformidade/programa-brasileiro-de-etiquetagem/tabelas-de-eficiencia-energetica/veiculos-automotivos-pbe-veicular/pbe-veicular-2024-1.pdf/@@download/file,729f52c7959e72c74ca458c0023e812b48db5dcbddd8cc7ab19a3f0092bf3ffc,2026-10-01T16:59:17.172812+00:00,km_ensaio_padronizado,catalogo_de_versoes_nao_vendas_nem_telemetria,linhas_extraidas_sem_erro_detectado,7596a3a36fae31033c09746c34c6b25d4ce15783b6d8ac904fe6e6f55d90bba8
2024,Comercial,CITROEN,E-JUMPY,CARGO,Elétrico,Elétrico,BEV_rotulo_inmetro,E,0.7,289.0,13,https://www.gov.br/inmetro/pt-br/assuntos/regulamentacao/avaliacao-da-conformidade/programa-brasileiro-de-etiquetagem/tabelas-de-eficiencia-energetica/veiculos-automotivos-pbe-veicular/pbe-veicular-2024-1.pdf/@@download/file,729f52c7959e72c74ca458c0023e812b48db5dcbddd8cc7ab19a3f0092bf3ffc,2026-10-01T16:59:17.172812+00:00,km_ensaio_padronizado,catalogo_de_versoes_nao_vendas_nem_telemetria,linhas_extraidas_sem_erro_detectado,59a8a2cdb1941ba0ec2065a327a114285ec13b629ec76162e03ac5b514686cfd
2024,Comercial,FIAT,E-SCUDO,CARGO,Elétrico,Elétrico,BEV_rotulo_inmetro,E,0.7,289.0,13,https://www.gov.br/inmetro/pt-br/assuntos/regulamentacao/avaliacao-da-conformidade/programa-brasileiro-de-etiquetagem/tabelas-de-eficiencia-energetica/veiculos-automotivos-pbe-veicular/pbe-veicular-2024-1.pdf/@@download/file,729f52c7959e72c74ca458c0023e812b48db5dcbddd8cc7ab19a3f0092bf3ffc,2026-10-01T16:59:17.172812+00:00,km_ensaio_padronizado,catalogo_de_versoes_nao_vendas_nem_telemetria,linhas_extraidas_sem_erro_detectado,ce0b65f46c5c1e4d7de9fa6d69c6e9148e0e790060d8e481c0925579e0209534
2024,Comercial,FORD,E-Transit,350 F,Elétrico,Elétrico,BEV_rotulo_inmetro,E,0.92,193.0,13,https://www.gov.br/inmetro/pt-br/assuntos/regulamentacao/avaliacao-da-conformidade/programa-brasileiro-de-etiquetagem/tabelas-de-eficiencia-energetica/veiculos-automotivos-pbe-veicular/pbe-veicular-2024-1.pdf/@@download/file,729f52c7959e72c74ca458c0023e812b48db5dcbddd8cc7ab19a3f0092bf3ffc,2026-10-01T16:59:17.172812+00:00,km_ensaio_padronizado,catalogo_de_versoes_nao_vendas_nem_telemetria,linhas_extraidas_sem_erro_detectado,4984ac98216a400a05453bd70923b6f5579ea18d47a396a9570a459ca77a68dd
2024,Comercial,FORD,E-Transit,350 FB,Elétrico,Elétrico,BEV_rotulo_inmetro,E,0.92,193.0,13,https://www.gov.br/inmetro/pt-br/assuntos/regulamentacao/avaliacao-da-conformidade/programa-brasileiro-de-etiquetagem/tabelas-de-eficiencia-energetica/veiculos-automotivos-pbe-veicular/pbe-veicular-2024-1.pdf/@@download/file,729f52c7959e72c74ca458c0023e812b48db5dcbddd8cc7ab19a3f0092bf3ffc,2026-10-01T16:59:17.172812+00:00,km_ensaio_padronizado,catalogo_de_versoes_nao_vendas_nem_telemetria,linhas_extraidas_sem_erro_detectado,9d0e8e778820b21bb2688173d16ca6cf6239020e02d93ca46a79a093b71b370d
2024,Comercial,FORD,E-Transit,350 FL,Elétrico,Elétrico,BEV_rotulo_inmetro,E,0.92,193.0,13,https://www.gov.br/inmetro/pt-br/assuntos/regulamentacao/avaliacao-da-conformidade/programa-brasileiro-de-etiquetagem/tabelas-de-eficiencia-energetica/veiculos-automotivos-pbe-veicular/pbe-veicular-2024-1.pdf/@@download/file,729f52c7959e72c74ca458c0023e812b48db5dcbddd8cc7ab19a3f0092bf3ffc,2026-10-01T16:59:17.172812+00:00,km_ensaio_padronizado,catalogo_de_versoes_nao_vendas_nem_telemetria,linhas_extraidas_sem_erro_detectado,ef14cf3011a6115ff7f382eb9a75b7b6c15a08da4148b93290ac5da8cbd32f43
2024,Comercial,JAC,EJV5.5,CARGO,Elétrico,Elétrico,BEV_rotulo_inmetro,E,0.63,260.0,13,https://www.gov.br/inmetro/pt-br/assuntos/regulamentacao/avaliacao-da-conformidade/programa-brasileiro-de-etiquetagem/tabelas-de-eficiencia-energetica/veiculos-automotivos-pbe-veicular/pbe-veicular-2024-1.pdf/@@download/file,729f52c7959e72c74ca458c0023e812b48db5dcbddd8cc7ab19a3f0092bf3ffc,2026-10-01T16:59:17.172812+00:00,km_ensaio_padronizado,catalogo_de_versoes_nao_vendas_nem_telemetria,linhas_extraidas_sem_erro_detectado,1eb2d4157a2aab5cf2e076cae9e9e57daf18e4bbf04b0940e2468383ddb7cd6b
2024,Comercial,NISSAN,Townstar,EV,Elétrico,Elétrico,BEV_rotulo_inmetro,E,0.6,210.0,13,https://www.gov.br/inmetro/pt-br/assuntos/regulamentacao/avaliacao-da-conformidade/programa-brasileiro-de-etiquetagem/tabelas-de-eficiencia-energetica/veiculos-automotivos-pbe-veicular/pbe-veicular-2024-1.pdf/@@download/file,729f52c7959e72c74ca458c0023e812b48db5dcbddd8cc7ab19a3f0092bf3ffc,2026-10-01T16:59:17.172812+00:00,km_ensaio_padronizado,catalogo_de_versoes_nao_vendas_nem_telemetria,linhas_extraidas_sem_erro_detectado,224b59789ff7e5b2bd41b5b1df7b16ac8e036c6a68177effb007999a597b4071
2024,Comercial,PEUGEOT,E-EXPERT,CARGO,Elétrico,Elétrico,BEV_rotulo_inmetro,E,0.7,289.0,13,https://www.gov.br/inmetro/pt-br/assuntos/regulamentacao/avaliacao-da-conformidade/programa-brasileiro-de-etiquetagem/tabelas-de-eficiencia-energetica/veiculos-automotivos-pbe-veicular/pbe-veicular-2024-1.pdf/@@download/file,729f52c7959e72c74ca458c0023e812b48db5dcbddd8cc7ab19a3f0092bf3ffc,2026-10-01T16:59:17.172812+00:00,km_ensaio_padronizado,catalogo_de_versoes_nao_vendas_nem_telemetria,linhas_extraidas_sem_erro_detectado,4b02182e4c011920b95322b00628dab5332ce5295961d49b3055e20ff2d94fd9
2024,Comercial,Renault,Kangoo,ETECHL2,Elétrico,Elétrico,BEV_rotulo_inmetro,E,0.6,210.0,13,https://www.gov.br/inmetro/pt-br/assuntos/regulamentacao/avaliacao-da-conformidade/programa-brasileiro-de-etiquetagem/tabelas-de-eficiencia-energetica/veiculos-automotivos-pbe-veicular/pbe-veicular-2024-1.pdf/@@download/file,729f52c7959e72c74ca458c0023e812b48db5dcbddd8cc7ab19a3f0092bf3ffc,2026-10-01T16:59:17.172812+00:00,km_ensaio_padronizado,catalogo_de_versoes_nao_vendas_nem_telemetria,linhas_extraidas_sem_erro_detectado,81ef22bff8bc5a4d617c083cbdd0fbc064cb77441a6f4eea6e970eb14701a4c7
2024,Comercial,Renault,E-KWID,CARGO,Elétrico,Elétrico,BEV_rotulo_inmetro,E,0.44,185.0,13,https://www.gov.br/inmetro/pt-br/assuntos/regulamentacao/avaliacao-da-conformidade/programa-brasileiro-de-etiquetagem/tabelas-de-eficiencia-energetica/veiculos-automotivos-pbe-veicular/pbe-veicular-2024-1.pdf/@@download/file,729f52c7959e72c74ca458c0023e812b48db5dcbddd8cc7ab19a3f0092bf3ffc,2026-10-01T16:59:17.172812+00:00,km_ensaio_padronizado,catalogo_de_versoes_nao_vendas_nem_telemetria,linhas_extraidas_sem_erro_detectado,372f70256f1730bace9a65f161a57426605476652f59bf4b67cb5d387463bb7f
2024,Picape,FORD,Maverick,Hibrido Lariat,2.5 FHEV,Híbrido,HIBRIDO_rotulo_inmetro,G,1.44,,14,https://www.gov.br/inmetro/pt-br/assuntos/regulamentacao/avaliacao-da-conformidade/programa-brasileiro-de-etiquetagem/tabelas-de-eficiencia-energetica/veiculos-automotivos-pbe-veicular/pbe-veicular-2024-1.pdf/@@download/file,729f52c7959e72c74ca458c0023e812b48db5dcbddd8cc7ab19a3f0092bf3ffc,2026-10-01T16:59:17.172812+00:00,km_ensaio_padronizado,catalogo_de_versoes_nao_vendas_nem_telemetria,linhas_extraidas_sem_erro_detectado,20d7a68f0974f287317d8665ed4a5c17c3397d101d80cd14d6bc7ebcc448a69c
2024,Picape,JAC,IEV330P,IEV330,Elétrico,Elétrico,BEV_rotulo_inmetro,E,0.75,226.0,15,https://www.gov.br/inmetro/pt-br/assuntos/regulamentacao/avaliacao-da-conformidade/programa-brasileiro-de-etiquetagem/tabelas-de-eficiencia-energetica/veiculos-automotivos-pbe-veicular/pbe-veicular-2024-1.pdf/@@download/file,729f52c7959e72c74ca458c0023e812b48db5dcbddd8cc7ab19a3f0092bf3ffc,2026-10-01T16:59:17.172812+00:00,km_ensaio_padronizado,catalogo_de_versoes_nao_vendas_nem_telemetria,linhas_extraidas_sem_erro_detectado,269343dbedb46fc7c375414f4315c5c5428f6f17970567a7e5ea1dfc84bda367
2024,Esportivo,FERRARI,296,GTB,3.0-24V,Plug-in,PHEV_rotulo_inmetro,G,2.02,10.0,16,https://www.gov.br/inmetro/pt-br/assuntos/regulamentacao/avaliacao-da-conformidade/programa-brasileiro-de-etiquetagem/tabelas-de-eficiencia-energetica/veiculos-automotivos-pbe-veicular/pbe-veicular-2024-1.pdf/@@download/file,729f52c7959e72c74ca458c0023e812b48db5dcbddd8cc7ab19a3f0092bf3ffc,2026-10-01T16:59:17.172812+00:00,km_ensaio_padronizado,catalogo_de_versoes_nao_vendas_nem_telemetria,linhas_extraidas_sem_erro_detectado,90bfc45770668b4c42915f3ca4ff2cd67a58c28e1a3651a572c4d93a1f7ad3cc
2024,Esportivo,FERRARI,296,GTS,3.0-24V,Plug-in,PHEV_rotulo_inmetro,G,1.97,11.0,16,https://www.gov.br/inmetro/pt-br/assuntos/regulamentacao/avaliacao-da-conformidade/programa-brasileiro-de-etiquetagem/tabelas-de-eficiencia-energetica/veiculos-automotivos-pbe-veicular/pbe-veicular-2024-1.pdf/@@download/file,729f52c7959e72c74ca458c0023e812b48db5dcbddd8cc7ab19a3f0092bf3ffc,2026-10-01T16:59:17.172812+00:00,km_ensaio_padronizado,catalogo_de_versoes_nao_vendas_nem_telemetria,linhas_extraidas_sem_erro_detectado,51e4f093e6525ad4ef628f499deb0036557ceaa57e1a734c51be9cab6975f804
2024,Esportivo,Mercedes-Benz,AMG SL63S EP,,4.0-32V,Plug-in,PHEV_rotulo_inmetro,G,2.15,9.0,16,https://www.gov.br/inmetro/pt-br/assuntos/regulamentacao/avaliacao-da-conformidade/programa-brasileiro-de-etiquetagem/tabelas-de-eficiencia-energetica/veiculos-automotivos-pbe-veicular/pbe-veicular-2024-1.pdf/@@download/file,729f52c7959e72c74ca458c0023e812b48db5dcbddd8cc7ab19a3f0092bf3ffc,2026-10-01T16:59:17.172812+00:00,km_ensaio_padronizado,catalogo_de_versoes_nao_vendas_nem_telemetria,linhas_extraidas_sem_erro_detectado,fe4d6673c38cf93751362908cde249be97e0d05e153c3ea119f78c169d932105
2024,Esportivo,MCLAREN,ARTURA,----,3.0-24V,Plug-in,PHEV_rotulo_inmetro,G,1.58,20.0,16,https://www.gov.br/inmetro/pt-br/assuntos/regulamentacao/avaliacao-da-conformidade/programa-brasileiro-de-etiquetagem/tabelas-de-eficiencia-energetica/veiculos-automotivos-pbe-veicular/pbe-veicular-2024-1.pdf/@@download/file,729f52c7959e72c74ca458c0023e812b48db5dcbddd8cc7ab19a3f0092bf3ffc,2026-10-01T16:59:17.172812+00:00,km_ensaio_padronizado,catalogo_de_versoes_nao_vendas_nem_telemetria,linhas_extraidas_sem_erro_detectado,2e89fdd51b1fcfd763dcdfbae37aca77f8838e29535ddfbbd16ac60f585fe929
2024,Esportivo,PORSCHE,PANAMERA,4SEHS,2.9-24V,Plug-in,PHEV_rotulo_inmetro,G,1.12,35.0,16,https://www.gov.br/inmetro/pt-br/assuntos/regulamentacao/avaliacao-da-conformidade/programa-brasileiro-de-etiquetagem/tabelas-de-eficiencia-energetica/veiculos-automotivos-pbe-veicular/pbe-veicular-2024-1.pdf/@@download/file,729f52c7959e72c74ca458c0023e812b48db5dcbddd8cc7ab19a3f0092bf3ffc,2026-10-01T16:59:17.172812+00:00,km_ensaio_padronizado,catalogo_de_versoes_nao_vendas_nem_telemetria,linhas_extraidas_sem_erro_detectado,0c55c978247212040d57d803fc72227504e3ee7bccc6615625825b6bd11ac77c
2024,Esportivo,PORSCHE,PANAMERA,4SEHY,2.9-24V,Plug-in,PHEV_rotulo_inmetro,G,1.12,35.0,16,https://www.gov.br/inmetro/pt-br/assuntos/regulamentacao/avaliacao-da-conformidade/programa-brasileiro-de-etiquetagem/tabelas-de-eficiencia-energetica/veiculos-automotivos-pbe-veicular/pbe-veicular-2024-1.pdf/@@download/file,729f52c7959e72c74ca458c0023e812b48db5dcbddd8cc7ab19a3f0092bf3ffc,2026-10-01T16:59:17.172812+00:00,km_ensaio_padronizado,catalogo_de_versoes_nao_vendas_nem_telemetria,linhas_extraidas_sem_erro_detectado,274e6bd191dda6afae22ed81e7417fee5d43d03da9199653fe783a529c9b7862
2024,Esportivo,PORSCHE,PANAMERA,TSEHY,4.0-32V,Plug-in,PHEV_rotulo_inmetro,G,1.3,30.0,16,https://www.gov.br/inmetro/pt-br/assuntos/regulamentacao/avaliacao-da-conformidade/programa-brasileiro-de-etiquetagem/tabelas-de-eficiencia-energetica/veiculos-automotivos-pbe-veicular/pbe-veicular-2024-1.pdf/@@download/file,729f52c7959e72c74ca458c0023e812b48db5dcbddd8cc7ab19a3f0092bf3ffc,2026-10-01T16:59:17.172812+00:00,km_ensaio_padronizado,catalogo_de_versoes_nao_vendas_nem_telemetria,linhas_extraidas_sem_erro_detectado,330bdb50bffd16bfe44c87bf15fcea04ea3f5fab8be027fc56e2995fd47b8db7
2024,Esportivo,PORSCHE,PANAMERA,4EHST,2.9-24V,Plug-in,PHEV_rotulo_inmetro,G,1.14,35.0,16,https://www.gov.br/inmetro/pt-br/assuntos/regulamentacao/avaliacao-da-conformidade/programa-brasileiro-de-etiquetagem/tabelas-de-eficiencia-energetica/veiculos-automotivos-pbe-veicular/pbe-veicular-2024-1.pdf/@@download/file,729f52c7959e72c74ca458c0023e812b48db5dcbddd8cc7ab19a3f0092bf3ffc,2026-10-01T16:59:17.172812+00:00,km_ensaio_padronizado,catalogo_de_versoes_nao_vendas_nem_telemetria,linhas_extraidas_sem_erro_detectado,81365b1a5e730cb15fbee87f08dd057823706d5d9b2bf7957aeed1a6f24e8bb5
2024,Esportivo,PORSCHE,PANAMERA,4EHYB,2.9-24V,Plug-in,PHEV_rotulo_inmetro,G,1.14,35.0,16,https://www.gov.br/inmetro/pt-br/assuntos/regulamentacao/avaliacao-da-conformidade/programa-brasileiro-de-etiquetagem/tabelas-de-eficiencia-energetica/veiculos-automotivos-pbe-veicular/pbe-veicular-2024-1.pdf/@@download/file,729f52c7959e72c74ca458c0023e812b48db5dcbddd8cc7ab19a3f0092bf3ffc,2026-10-01T16:59:17.172812+00:00,km_ensaio_padronizado,catalogo_de_versoes_nao_vendas_nem_telemetria,linhas_extraidas_sem_erro_detectado,d399343a665a3e97ea6a2371e9939f1ccd4739e3c9aba26af717bd4019d9741e
2024,Esportivo,PORSCHE,PANAMERA,4EHYB (MY25),2.9-24V,Plug-in,PHEV_rotulo_inmetro,G,0.9,63.0,16,https://www.gov.br/inmetro/pt-br/assuntos/regulamentacao/avaliacao-da-conformidade/programa-brasileiro-de-etiquetagem/tabelas-de-eficiencia-energetica/veiculos-automotivos-pbe-veicular/pbe-veicular-2024-1.pdf/@@download/file,729f52c7959e72c74ca458c0023e812b48db5dcbddd8cc7ab19a3f0092bf3ffc,2026-10-01T16:59:17.172812+00:00,km_ensaio_padronizado,catalogo_de_versoes_nao_vendas_nem_telemetria,linhas_extraidas_sem_erro_detectado,b07168afeb2fc6578ba427fcafc9d8ff492660c903dea4ce4a588d97cf64a759
2024,Esportivo,PORSCHE,PANAMERA,4SEHY (MY25),2.9-24V,Plug-in,PHEV_rotulo_inmetro,G,0.93,63.0,16,https://www.gov.br/inmetro/pt-br/assuntos/regulamentacao/avaliacao-da-conformidade/programa-brasileiro-de-etiquetagem/tabelas-de-eficiencia-energetica/veiculos-automotivos-pbe-veicular/pbe-veicular-2024-1.pdf/@@download/file,729f52c7959e72c74ca458c0023e812b48db5dcbddd8cc7ab19a3f0092bf3ffc,2026-10-01T16:59:17.172812+00:00,km_ensaio_padronizado,catalogo_de_versoes_nao_vendas_nem_telemetria,linhas_extraidas_sem_erro_detectado,0670f147fc618fa3d1ab3d698350c09f38dbd1fa30f45d7e61cb25059ce9f179
2024,Esportivo,PORSCHE,TAYCAN,4S,Elétrico,Elétrico,BEV_rotulo_inmetro,E,0.89,241.0,16,https://www.gov.br/inmetro/pt-br/assuntos/regulamentacao/avaliacao-da-conformidade/programa-brasileiro-de-etiquetagem/tabelas-de-eficiencia-energetica/veiculos-automotivos-pbe-veicular/pbe-veicular-2024-1.pdf/@@download/file,729f52c7959e72c74ca458c0023e812b48db5dcbddd8cc7ab19a3f0092bf3ffc,2026-10-01T16:59:17.172812+00:00,km_ensaio_padronizado,catalogo_de_versoes_nao_vendas_nem_telemetria,linhas_extraidas_sem_erro_detectado,76f86c2e48b6d872c5d95b8b7c0db7b4b69b6b674b16378a003eb37936098a78
2024,Esportivo,PORSCHE,TAYCAN,TURBO,Elétrico,Elétrico,BEV_rotulo_inmetro,E,0.84,281.0,16,https://www.gov.br/inmetro/pt-br/assuntos/regulamentacao/avaliacao-da-conformidade/programa-brasileiro-de-etiquetagem/tabelas-de-eficiencia-energetica/veiculos-automotivos-pbe-veicular/pbe-veicular-2024-1.pdf/@@download/file,729f52c7959e72c74ca458c0023e812b48db5dcbddd8cc7ab19a3f0092bf3ffc,2026-10-01T16:59:17.172812+00:00,km_ensaio_padronizado,catalogo_de_versoes_nao_vendas_nem_telemetria,linhas_extraidas_sem_erro_detectado,c6526b45a7125baabb06a145d66a7b9beefd4d88d898e7c7eda40a5eec47d118
2024,Esportivo,PORSCHE,TAYCAN,TURBO S,Elétrico,Elétrico,BEV_rotulo_inmetro,E,0.87,278.0,16,https://www.gov.br/inmetro/pt-br/assuntos/regulamentacao/avaliacao-da-conformidade/programa-brasileiro-de-etiquetagem/tabelas-de-eficiencia-energetica/veiculos-automotivos-pbe-veicular/pbe-veicular-2024-1.pdf/@@download/file,729f52c7959e72c74ca458c0023e812b48db5dcbddd8cc7ab19a3f0092bf3ffc,2026-10-01T16:59:17.172812+00:00,km_ensaio_padronizado,catalogo_de_versoes_nao_vendas_nem_telemetria,linhas_extraidas_sem_erro_detectado,0a2503e57c6d81f324120ab6a2054537e6c91beca753eedf4ba990e66ea8b512
2024,Esportivo,PORSCHE,TAYCAN,4CT,Elétrico,Elétrico,BEV_rotulo_inmetro,E,0.9,273.0,16,https://www.gov.br/inmetro/pt-br/assuntos/regulamentacao/avaliacao-da-conformidade/programa-brasileiro-de-etiquetagem/tabelas-de-eficiencia-energetica/veiculos-automotivos-pbe-veicular/pbe-veicular-2024-1.pdf/@@download/file,729f52c7959e72c74ca458c0023e812b48db5dcbddd8cc7ab19a3f0092bf3ffc,2026-10-01T16:59:17.172812+00:00,km_ensaio_padronizado,catalogo_de_versoes_nao_vendas_nem_telemetria,linhas_extraidas_sem_erro_detectado,15015886b8d14f79ff53d532ebe7bbff42953e63194f3ac15731bb02aaf78e5a
2024,Esportivo,PORSCHE,TAYCAN,--,Elétrico,Elétrico,BEV_rotulo_inmetro,E,0.89,286.0,16,https://www.gov.br/inmetro/pt-br/assuntos/regulamentacao/avaliacao-da-conformidade/programa-brasileiro-de-etiquetagem/tabelas-de-eficiencia-energetica/veiculos-automotivos-pbe-veicular/pbe-veicular-2024-1.pdf/@@download/file,729f52c7959e72c74ca458c0023e812b48db5dcbddd8cc7ab19a3f0092bf3ffc,2026-10-01T16:59:17.172812+00:00,km_ensaio_padronizado,catalogo_de_versoes_nao_vendas_nem_telemetria,linhas_extraidas_sem_erro_detectado,ff453c2aca87ba75654e1f928cf682d7bdab0dbf1775aaca55e06dcd2e14ff45
2024,Esportivo,PORSCHE,TAYCAN,4GTS,Elétrico,Elétrico,BEV_rotulo_inmetro,E,0.79,318.0,16,https://www.gov.br/inmetro/pt-br/assuntos/regulamentacao/avaliacao-da-conformidade/programa-brasileiro-de-etiquetagem/tabelas-de-eficiencia-energetica/veiculos-automotivos-pbe-veicular/pbe-veicular-2024-1.pdf/@@download/file,729f52c7959e72c74ca458c0023e812b48db5dcbddd8cc7ab19a3f0092bf3ffc,2026-10-01T16:59:17.172812+00:00,km_ensaio_padronizado,catalogo_de_versoes_nao_vendas_nem_telemetria,linhas_extraidas_sem_erro_detectado,19c897030b98ee3dd0c1da4fe5dfbf707875c9adcc6e4289d508cf91d54896a5
2024,Esportivo,PORSCHE,TAYCAN,4S CT,Elétrico,Elétrico,BEV_rotulo_inmetro,E,0.83,300.0,16,https://www.gov.br/inmetro/pt-br/assuntos/regulamentacao/avaliacao-da-conformidade/programa-brasileiro-de-etiquetagem/tabelas-de-eficiencia-energetica/veiculos-automotivos-pbe-veicular/pbe-veicular-2024-1.pdf/@@download/file,729f52c7959e72c74ca458c0023e812b48db5dcbddd8cc7ab19a3f0092bf3ffc,2026-10-01T16:59:17.172812+00:00,km_ensaio_padronizado,catalogo_de_versoes_nao_vendas_nem_telemetria,linhas_extraidas_sem_erro_detectado,de87b88409798c6b4bfbccf83f261d76bcdf80424ad555d0c9be0554e0135a7d
2024,Esportivo,PORSCHE,TAYCAN,4S (MY25),Elétrico,Elétrico,BEV_rotulo_inmetro,E,0.69,415.0,16,https://www.gov.br/inmetro/pt-br/assuntos/regulamentacao/avaliacao-da-conformidade/programa-brasileiro-de-etiquetagem/tabelas-de-eficiencia-energetica/veiculos-automotivos-pbe-veicular/pbe-veicular-2024-1.pdf/@@download/file,729f52c7959e72c74ca458c0023e812b48db5dcbddd8cc7ab19a3f0092bf3ffc,2026-10-01T16:59:17.172812+00:00,km_ensaio_padronizado,catalogo_de_versoes_nao_vendas_nem_telemetria,linhas_extraidas_sem_erro_detectado,9ad153333dacf00f3c3a9a78ed0af953b6e0c7ab9d734e37fc9509b6fe4ffcbc
2024,Esportivo,PORSCHE,TAYCAN (MY25),_,Elétrico,Elétrico,BEV_rotulo_inmetro,E,0.62,393.0,16,https://www.gov.br/inmetro/pt-br/assuntos/regulamentacao/avaliacao-da-conformidade/programa-brasileiro-de-etiquetagem/tabelas-de-eficiencia-energetica/veiculos-automotivos-pbe-veicular/pbe-veicular-2024-1.pdf/@@download/file,729f52c7959e72c74ca458c0023e812b48db5dcbddd8cc7ab19a3f0092bf3ffc,2026-10-01T16:59:17.172812+00:00,km_ensaio_padronizado,catalogo_de_versoes_nao_vendas_nem_telemetria,linhas_extraidas_sem_erro_detectado,d7fa9b1f1a5c14991fa69c2977eed8bf9a10ba5545b1eef0b545314e6ecb6a55
2024,Esportivo,PORSCHE,TAYCAN,TURBO S (MY25),Elétrico,Elétrico,BEV_rotulo_inmetro,E,0.67,425.0,16,https://www.gov.br/inmetro/pt-br/assuntos/regulamentacao/avaliacao-da-conformidade/programa-brasileiro-de-etiquetagem/tabelas-de-eficiencia-energetica/veiculos-automotivos-pbe-veicular/pbe-veicular-2024-1.pdf/@@download/file,729f52c7959e72c74ca458c0023e812b48db5dcbddd8cc7ab19a3f0092bf3ffc,2026-10-01T16:59:17.172812+00:00,km_ensaio_padronizado,catalogo_de_versoes_nao_vendas_nem_telemetria,linhas_extraidas_sem_erro_detectado,5dee29d4ca54bdc75e6ed6546d9fe406159fb60c8ee94fd92b3d42bd26051259
2024,Esportivo,PORSCHE,TAYCAN,TURBOCT (MY25),Elétrico,Elétrico,BEV_rotulo_inmetro,E,0.69,415.0,16,https://www.gov.br/inmetro/pt-br/assuntos/regulamentacao/avaliacao-da-conformidade/programa-brasileiro-de-etiquetagem/tabelas-de-eficiencia-energetica/veiculos-automotivos-pbe-veicular/pbe-veicular-2024-1.pdf/@@download/file,729f52c7959e72c74ca458c0023e812b48db5dcbddd8cc7ab19a3f0092bf3ffc,2026-10-01T16:59:17.172812+00:00,km_ensaio_padronizado,catalogo_de_versoes_nao_vendas_nem_telemetria,linhas_extraidas_sem_erro_detectado,f4f2c17ee7d1aa17cfef235f5a1aa3a5ebe9a7d94e63f1f8d60361835bd91ff9
2024,Esportivo,PORSCHE,TAYCAN,4S CT (MY25),Elétrico,Elétrico,BEV_rotulo_inmetro,E,0.69,415.0,16,https://www.gov.br/inmetro/pt-br/assuntos/regulamentacao/avaliacao-da-conformidade/programa-brasileiro-de-etiquetagem/tabelas-de-eficiencia-energetica/veiculos-automotivos-pbe-veicular/pbe-veicular-2024-1.pdf/@@download/file,729f52c7959e72c74ca458c0023e812b48db5dcbddd8cc7ab19a3f0092bf3ffc,2026-10-01T16:59:17.172812+00:00,km_ensaio_padronizado,catalogo_de_versoes_nao_vendas_nem_telemetria,linhas_extraidas_sem_erro_detectado,c27233c351e68969deb0137632b273943552ef648053512b1e267d34f1151043
2024,Esportivo,PORSCHE,TAYCAN,4CT (MY25),Elétrico,Elétrico,BEV_rotulo_inmetro,E,0.69,415.0,16,https://www.gov.br/inmetro/pt-br/assuntos/regulamentacao/avaliacao-da-conformidade/programa-brasileiro-de-etiquetagem/tabelas-de-eficiencia-energetica/veiculos-automotivos-pbe-veicular/pbe-veicular-2024-1.pdf/@@download/file,729f52c7959e72c74ca458c0023e812b48db5dcbddd8cc7ab19a3f0092bf3ffc,2026-10-01T16:59:17.172812+00:00,km_ensaio_padronizado,catalogo_de_versoes_nao_vendas_nem_telemetria,linhas_extraidas_sem_erro_detectado,28165a241893668feeb21b22a45d3f4c5517639b0570d9e6aa19304ee54e305d
2025,Sub Compacto,BYD,DOLPHIN MINI,GS EV,ELÉTRICO,ELÉTRICO,BEV_rotulo_inmetro,E,0.41,280.0,1,https://www.gov.br/inmetro/pt-br/assuntos/regulamentacao/avaliacao-da-conformidade/programa-brasileiro-de-etiquetagem/tabelas-de-eficiencia-energetica/veiculos-automotivos-pbe-veicular/mascara-pbev-2025-mar-11.pdf/@@download/file,9528deace7d2cdf9db07d640eb086ef8191d35ef17f4ed467df08f7a57b1f39b,2026-10-01T16:59:17.909090+00:00,km_ensaio_padronizado,catalogo_de_versoes_nao_vendas_nem_telemetria,linhas_extraidas_sem_erro_detectado,d635859e7829f34ec191ff525550559198ffd9af9ab14b6d32a9bd2b2fb28b06
2025,Sub Compacto,BYD,DOLPHIN MINI,GS 5 EV,ELÉTRICO,ELÉTRICO,BEV_rotulo_inmetro,E,0.41,280.0,1,https://www.gov.br/inmetro/pt-br/assuntos/regulamentacao/avaliacao-da-conformidade/programa-brasileiro-de-etiquetagem/tabelas-de-eficiencia-energetica/veiculos-automotivos-pbe-veicular/mascara-pbev-2025-mar-11.pdf/@@download/file,9528deace7d2cdf9db07d640eb086ef8191d35ef17f4ed467df08f7a57b1f39b,2026-10-01T16:59:17.909090+00:00,km_ensaio_padronizado,catalogo_de_versoes_nao_vendas_nem_telemetria,linhas_extraidas_sem_erro_detectado,a9595493247c24625af310342e1fd3caf72fe87054473d6887cdff73bc24e24a
2025,Sub Compacto,BYD,DOLPHIN MINI,GL5EV,Elétrico,Elétrico,BEV_rotulo_inmetro,E,0.39,224.0,1,https://www.gov.br/inmetro/pt-br/assuntos/regulamentacao/avaliacao-da-conformidade/programa-brasileiro-de-etiquetagem/tabelas-de-eficiencia-energetica/veiculos-automotivos-pbe-veicular/mascara-pbev-2025-mar-11.pdf/@@download/file,9528deace7d2cdf9db07d640eb086ef8191d35ef17f4ed467df08f7a57b1f39b,2026-10-01T16:59:17.909090+00:00,km_ensaio_padronizado,catalogo_de_versoes_nao_vendas_nem_telemetria,linhas_extraidas_sem_erro_detectado,69c1a76d263d2637a8073994c6824a634aa319bbe9d33abfd466d281dbc91200
2025,Sub Compacto,CAOA CHERY,ICAR EQ1,TEC,ELÉTRICO,ELÉTRICO,BEV_rotulo_inmetro,E,0.46,198.0,1,https://www.gov.br/inmetro/pt-br/assuntos/regulamentacao/avaliacao-da-conformidade/programa-brasileiro-de-etiquetagem/tabelas-de-eficiencia-energetica/veiculos-automotivos-pbe-veicular/mascara-pbev-2025-mar-11.pdf/@@download/file,9528deace7d2cdf9db07d640eb086ef8191d35ef17f4ed467df08f7a57b1f39b,2026-10-01T16:59:17.909090+00:00,km_ensaio_padronizado,catalogo_de_versoes_nao_vendas_nem_telemetria,linhas_extraidas_sem_erro_detectado,faf91ae43c09a0ee35a182163ebfcbaaa121da7d3c0cb619922ad4cc77502c27
2025,Sub Compacto,FIAT,500E,ICON,ELÉTRICO,ELÉTRICO,BEV_rotulo_inmetro,E,0.46,227.0,1,https://www.gov.br/inmetro/pt-br/assuntos/regulamentacao/avaliacao-da-conformidade/programa-brasileiro-de-etiquetagem/tabelas-de-eficiencia-energetica/veiculos-automotivos-pbe-veicular/mascara-pbev-2025-mar-11.pdf/@@download/file,9528deace7d2cdf9db07d640eb086ef8191d35ef17f4ed467df08f7a57b1f39b,2026-10-01T16:59:17.909090+00:00,km_ensaio_padronizado,catalogo_de_versoes_nao_vendas_nem_telemetria,linhas_extraidas_sem_erro_detectado,ed5ca951f8a8f774dd4478c073c156e7f34e0bcb6d2ae28b2c68ad4f76035a47
2025,Sub Compacto,JAC,e-JS1,e-JS1,ELÉTRICO,ELÉTRICO,BEV_rotulo_inmetro,E,0.5,181.0,1,https://www.gov.br/inmetro/pt-br/assuntos/regulamentacao/avaliacao-da-conformidade/programa-brasileiro-de-etiquetagem/tabelas-de-eficiencia-energetica/veiculos-automotivos-pbe-veicular/mascara-pbev-2025-mar-11.pdf/@@download/file,9528deace7d2cdf9db07d640eb086ef8191d35ef17f4ed467df08f7a57b1f39b,2026-10-01T16:59:17.909090+00:00,km_ensaio_padronizado,catalogo_de_versoes_nao_vendas_nem_telemetria,linhas_extraidas_sem_erro_detectado,84346651d1530281930f1689c32da7b8106b6d7f6e1636d759b34840263035bc
2025,Sub Compacto,JAC,e-JS1,e-JS1 EXT,ELÉTRICO,ELÉTRICO,BEV_rotulo_inmetro,E,0.5,181.0,1,https://www.gov.br/inmetro/pt-br/assuntos/regulamentacao/avaliacao-da-conformidade/programa-brasileiro-de-etiquetagem/tabelas-de-eficiencia-energetica/veiculos-automotivos-pbe-veicular/mascara-pbev-2025-mar-11.pdf/@@download/file,9528deace7d2cdf9db07d640eb086ef8191d35ef17f4ed467df08f7a57b1f39b,2026-10-01T16:59:17.909090+00:00,km_ensaio_padronizado,catalogo_de_versoes_nao_vendas_nem_telemetria,linhas_extraidas_sem_erro_detectado,a5e0243040c73b5f6575848be77ae1bd1d251843d05f9a496e0c023dc6dc21f0
2025,Sub Compacto,Renault,E-KWID,INTENS,ELÉTRICO,ELÉTRICO,BEV_rotulo_inmetro,E,0.44,185.0,1,https://www.gov.br/inmetro/pt-br/assuntos/regulamentacao/avaliacao-da-conformidade/programa-brasileiro-de-etiquetagem/tabelas-de-eficiencia-energetica/veiculos-automotivos-pbe-veicular/mascara-pbev-2025-mar-11.pdf/@@download/file,9528deace7d2cdf9db07d640eb086ef8191d35ef17f4ed467df08f7a57b1f39b,2026-10-01T16:59:17.909090+00:00,km_ensaio_padronizado,catalogo_de_versoes_nao_vendas_nem_telemetria,linhas_extraidas_sem_erro_detectado,e10a1bba371b87ae56c9075295e879fb630e6c2da7135f2233a12d2c84797620
2025,Compacto,MINI,Cooper,E,ELÉTRICO,ELÉTRICO,BEV_rotulo_inmetro,E,0.47,246.0,1,https://www.gov.br/inmetro/pt-br/assuntos/regulamentacao/avaliacao-da-conformidade/programa-brasileiro-de-etiquetagem/tabelas-de-eficiencia-energetica/veiculos-automotivos-pbe-veicular/mascara-pbev-2025-mar-11.pdf/@@download/file,9528deace7d2cdf9db07d640eb086ef8191d35ef17f4ed467df08f7a57b1f39b,2026-10-01T16:59:17.909090+00:00,km_ensaio_padronizado,catalogo_de_versoes_nao_vendas_nem_telemetria,linhas_extraidas_sem_erro_detectado,77b8973f8473c1496a24ead73a5a2121d3167f35c6c173aa90f529f8e58daa8c
2025,Compacto,MINI,Cooper,SE,ELÉTRICO,ELÉTRICO,BEV_rotulo_inmetro,E,0.49,303.0,1,https://www.gov.br/inmetro/pt-br/assuntos/regulamentacao/avaliacao-da-conformidade/programa-brasileiro-de-etiquetagem/tabelas-de-eficiencia-energetica/veiculos-automotivos-pbe-veicular/mascara-pbev-2025-mar-11.pdf/@@download/file,9528deace7d2cdf9db07d640eb086ef8191d35ef17f4ed467df08f7a57b1f39b,2026-10-01T16:59:17.909090+00:00,km_ensaio_padronizado,catalogo_de_versoes_nao_vendas_nem_telemetria,linhas_extraidas_sem_erro_detectado,62105691bc4141c50048ecac8cd4a27c2b9c34d2d7d6ce3b00ab61894c85ed83
2025,Compacto,MINI,JCW-E,3P,ELÉTRICO,ELÉTRICO,BEV_rotulo_inmetro,E,0.48,306.0,1,https://www.gov.br/inmetro/pt-br/assuntos/regulamentacao/avaliacao-da-conformidade/programa-brasileiro-de-etiquetagem/tabelas-de-eficiencia-energetica/veiculos-automotivos-pbe-veicular/mascara-pbev-2025-mar-11.pdf/@@download/file,9528deace7d2cdf9db07d640eb086ef8191d35ef17f4ed467df08f7a57b1f39b,2026-10-01T16:59:17.909090+00:00,km_ensaio_padronizado,catalogo_de_versoes_nao_vendas_nem_telemetria,linhas_extraidas_sem_erro_detectado,1a3c312cdd70e2f005e9a7a4417004151851068de6a6b7b15797925671c13514
2025,Compacto,NETA,AYA,COMFORT 4S,ELÉTRICO,ELÉTRICO,BEV_rotulo_inmetro,E,0.43,263.0,1,https://www.gov.br/inmetro/pt-br/assuntos/regulamentacao/avaliacao-da-conformidade/programa-brasileiro-de-etiquetagem/tabelas-de-eficiencia-energetica/veiculos-automotivos-pbe-veicular/mascara-pbev-2025-mar-11.pdf/@@download/file,9528deace7d2cdf9db07d640eb086ef8191d35ef17f4ed467df08f7a57b1f39b,2026-10-01T16:59:17.909090+00:00,km_ensaio_padronizado,catalogo_de_versoes_nao_vendas_nem_telemetria,linhas_extraidas_sem_erro_detectado,b962360c8fc7fd4f236933ed3cc63572c95bb01963098d09f01ee77346291426
2025,Compacto,NETA,AYA,LUXURY 4S,ELÉTRICO,ELÉTRICO,BEV_rotulo_inmetro,E,0.43,263.0,1,https://www.gov.br/inmetro/pt-br/assuntos/regulamentacao/avaliacao-da-conformidade/programa-brasileiro-de-etiquetagem/tabelas-de-eficiencia-energetica/veiculos-automotivos-pbe-veicular/mascara-pbev-2025-mar-11.pdf/@@download/file,9528deace7d2cdf9db07d640eb086ef8191d35ef17f4ed467df08f7a57b1f39b,2026-10-01T16:59:17.909090+00:00,km_ensaio_padronizado,catalogo_de_versoes_nao_vendas_nem_telemetria,linhas_extraidas_sem_erro_detectado,79a41458bd85cbb314f2479bd746466c4b5f7239b1c754809b9b4f876e771fc3
2025,Compacto,PEUGEOT,E-208,GT,ELÉTRICO,ELÉTRICO,BEV_rotulo_inmetro,E,0.59,220.0,1,https://www.gov.br/inmetro/pt-br/assuntos/regulamentacao/avaliacao-da-conformidade/programa-brasileiro-de-etiquetagem/tabelas-de-eficiencia-energetica/veiculos-automotivos-pbe-veicular/mascara-pbev-2025-mar-11.pdf/@@download/file,9528deace7d2cdf9db07d640eb086ef8191d35ef17f4ed467df08f7a57b1f39b,2026-10-01T16:59:17.909090+00:00,km_ensaio_padronizado,catalogo_de_versoes_nao_vendas_nem_telemetria,linhas_extraidas_sem_erro_detectado,298161da2faf697379bcfe31847b6105f09dfde68b6505eab0979546ccd28091
2025,Médio,BYD,DOLPHIN,GS 180EV,ELÉTRICO,ELÉTRICO,BEV_rotulo_inmetro,E,0.42,291.0,1,https://www.gov.br/inmetro/pt-br/assuntos/regulamentacao/avaliacao-da-conformidade/programa-brasileiro-de-etiquetagem/tabelas-de-eficiencia-energetica/veiculos-automotivos-pbe-veicular/mascara-pbev-2025-mar-11.pdf/@@download/file,9528deace7d2cdf9db07d640eb086ef8191d35ef17f4ed467df08f7a57b1f39b,2026-10-01T16:59:17.909090+00:00,km_ensaio_padronizado,catalogo_de_versoes_nao_vendas_nem_telemetria,linhas_extraidas_sem_erro_detectado,4ffd75ee30643ba9429aa8df1a1f170e85142420d6b3b6737c52112d568ea256
2025,Médio,BYD,DOLPHIN,PLUS 310EV,ELÉTRICO,ELÉTRICO,BEV_rotulo_inmetro,E,0.51,330.0,1,https://www.gov.br/inmetro/pt-br/assuntos/regulamentacao/avaliacao-da-conformidade/programa-brasileiro-de-etiquetagem/tabelas-de-eficiencia-energetica/veiculos-automotivos-pbe-veicular/mascara-pbev-2025-mar-11.pdf/@@download/file,9528deace7d2cdf9db07d640eb086ef8191d35ef17f4ed467df08f7a57b1f39b,2026-10-01T16:59:17.909090+00:00,km_ensaio_padronizado,catalogo_de_versoes_nao_vendas_nem_telemetria,linhas_extraidas_sem_erro_detectado,a808b9a641e6a8b79a0ffd40b1ebdc6efac222990648a9b3f99b6e65ebe9db0b
2025,Médio,BYD,YUAN PRO,GS 290EV,ELÉTRICO,ELÉTRICO,BEV_rotulo_inmetro,E,0.51,250.0,1,https://www.gov.br/inmetro/pt-br/assuntos/regulamentacao/avaliacao-da-conformidade/programa-brasileiro-de-etiquetagem/tabelas-de-eficiencia-energetica/veiculos-automotivos-pbe-veicular/mascara-pbev-2025-mar-11.pdf/@@download/file,9528deace7d2cdf9db07d640eb086ef8191d35ef17f4ed467df08f7a57b1f39b,2026-10-01T16:59:17.909090+00:00,km_ensaio_padronizado,catalogo_de_versoes_nao_vendas_nem_telemetria,linhas_extraidas_sem_erro_detectado,3e76a1f3fed01495385bbbd7a83fe52ca1d8cc14e7362b56922572660a0645b5
2025,Médio,CAOA CHERY,TIGGO 7,PHEV,1.5T -16V,Plug-in,PHEV_rotulo_inmetro,G,0.62,60.0,1,https://www.gov.br/inmetro/pt-br/assuntos/regulamentacao/avaliacao-da-conformidade/programa-brasileiro-de-etiquetagem/tabelas-de-eficiencia-energetica/veiculos-automotivos-pbe-veicular/mascara-pbev-2025-mar-11.pdf/@@download/file,9528deace7d2cdf9db07d640eb086ef8191d35ef17f4ed467df08f7a57b1f39b,2026-10-01T16:59:17.909090+00:00,km_ensaio_padronizado,catalogo_de_versoes_nao_vendas_nem_telemetria,linhas_extraidas_sem_erro_detectado,2b85b67770ceb53454643bdb7908f9061e466408d7df4166649478808ab1aa48
2025,Médio,CHEVROLET,SPARK EUV,ACTIV,ELÉTRICO,ELÉTRICO,BEV_rotulo_inmetro,E,0.5,258.0,2,https://www.gov.br/inmetro/pt-br/assuntos/regulamentacao/avaliacao-da-conformidade/programa-brasileiro-de-etiquetagem/tabelas-de-eficiencia-energetica/veiculos-automotivos-pbe-veicular/mascara-pbev-2025-mar-11.pdf/@@download/file,9528deace7d2cdf9db07d640eb086ef8191d35ef17f4ed467df08f7a57b1f39b,2026-10-01T16:59:17.909090+00:00,km_ensaio_padronizado,catalogo_de_versoes_nao_vendas_nem_telemetria,linhas_extraidas_sem_erro_detectado,2f62cd24546d2f0918cd2653165ced9c6dc3a810fa94623d9bd8194e170e7cb7
2025,Médio,Geely,EX2,MAX,ELÉTRICO,ELÉTRICO,BEV_rotulo_inmetro,E,0.39,289.0,2,https://www.gov.br/inmetro/pt-br/assuntos/regulamentacao/avaliacao-da-conformidade/programa-brasileiro-de-etiquetagem/tabelas-de-eficiencia-energetica/veiculos-automotivos-pbe-veicular/mascara-pbev-2025-mar-11.pdf/@@download/file,9528deace7d2cdf9db07d640eb086ef8191d35ef17f4ed467df08f7a57b1f39b,2026-10-01T16:59:17.909090+00:00,km_ensaio_padronizado,catalogo_de_versoes_nao_vendas_nem_telemetria,linhas_extraidas_sem_erro_detectado,a8614f352e6231df78ba69db7569cff9df9e70382b5846f65756b8505cfa23f8
2025,Médio,Geely,EX2,PRO,ELÉTRICO,ELÉTRICO,BEV_rotulo_inmetro,E,0.39,289.0,2,https://www.gov.br/inmetro/pt-br/assuntos/regulamentacao/avaliacao-da-conformidade/programa-brasileiro-de-etiquetagem/tabelas-de-eficiencia-energetica/veiculos-automotivos-pbe-veicular/mascara-pbev-2025-mar-11.pdf/@@download/file,9528deace7d2cdf9db07d640eb086ef8191d35ef17f4ed467df08f7a57b1f39b,2026-10-01T16:59:17.909090+00:00,km_ensaio_padronizado,catalogo_de_versoes_nao_vendas_nem_telemetria,linhas_extraidas_sem_erro_detectado,d5179cb96314e746917901599a319d7661aaf91196e546a2b4f7384d35654007
2025,Médio,GWM,ORA 03,SKIN BEV48,ELÉTRICO,ELÉTRICO,BEV_rotulo_inmetro,E,0.52,232.0,2,https://www.gov.br/inmetro/pt-br/assuntos/regulamentacao/avaliacao-da-conformidade/programa-brasileiro-de-etiquetagem/tabelas-de-eficiencia-energetica/veiculos-automotivos-pbe-veicular/mascara-pbev-2025-mar-11.pdf/@@download/file,9528deace7d2cdf9db07d640eb086ef8191d35ef17f4ed467df08f7a57b1f39b,2026-10-01T16:59:17.909090+00:00,km_ensaio_padronizado,catalogo_de_versoes_nao_vendas_nem_telemetria,linhas_extraidas_sem_erro_detectado,1df70e112ffc3bba9063931ca89b9d7b670363a3c61377396fef62e4eb5b4673
2025,Médio,GWM,ORA 03,GT BEV63,ELÉTRICO,ELÉTRICO,BEV_rotulo_inmetro,E,0.54,295.0,2,https://www.gov.br/inmetro/pt-br/assuntos/regulamentacao/avaliacao-da-conformidade/programa-brasileiro-de-etiquetagem/tabelas-de-eficiencia-energetica/veiculos-automotivos-pbe-veicular/mascara-pbev-2025-mar-11.pdf/@@download/file,9528deace7d2cdf9db07d640eb086ef8191d35ef17f4ed467df08f7a57b1f39b,2026-10-01T16:59:17.909090+00:00,km_ensaio_padronizado,catalogo_de_versoes_nao_vendas_nem_telemetria,linhas_extraidas_sem_erro_detectado,d394ac598fa72dc7d996eb4ee0b8ec78402277dfa38571ae8f3768ce68cf389d
2025,Médio,GWM,ORA 03,BEV58,ELÉTRICO,ELÉTRICO,BEV_rotulo_inmetro,E,0.51,315.0,2,https://www.gov.br/inmetro/pt-br/assuntos/regulamentacao/avaliacao-da-conformidade/programa-brasileiro-de-etiquetagem/tabelas-de-eficiencia-energetica/veiculos-automotivos-pbe-veicular/mascara-pbev-2025-mar-11.pdf/@@download/file,9528deace7d2cdf9db07d640eb086ef8191d35ef17f4ed467df08f7a57b1f39b,2026-10-01T16:59:17.909090+00:00,km_ensaio_padronizado,catalogo_de_versoes_nao_vendas_nem_telemetria,linhas_extraidas_sem_erro_detectado,f9e816155562f6667a3de1adfb2322edf03a61ac3ff9746e50f33b05bfa9488e
2025,Médio,Hyundai,KONA,Ultimate,1.6-16V HEV,Híbrido,HIBRIDO_rotulo_inmetro,G,1.21,,2,https://www.gov.br/inmetro/pt-br/assuntos/regulamentacao/avaliacao-da-conformidade/programa-brasileiro-de-etiquetagem/tabelas-de-eficiencia-energetica/veiculos-automotivos-pbe-veicular/mascara-pbev-2025-mar-11.pdf/@@download/file,9528deace7d2cdf9db07d640eb086ef8191d35ef17f4ed467df08f7a57b1f39b,2026-10-01T16:59:17.909090+00:00,km_ensaio_padronizado,catalogo_de_versoes_nao_vendas_nem_telemetria,linhas_extraidas_sem_erro_detectado,df7aea522e444dfa2b2d0e8fa05a1375753cf7c383eabc34a1f4d1150865ddc7
2025,Médio,Hyundai,KONA,Signature,1.6-16V HEV,Híbrido,HIBRIDO_rotulo_inmetro,G,1.21,,2,https://www.gov.br/inmetro/pt-br/assuntos/regulamentacao/avaliacao-da-conformidade/programa-brasileiro-de-etiquetagem/tabelas-de-eficiencia-energetica/veiculos-automotivos-pbe-veicular/mascara-pbev-2025-mar-11.pdf/@@download/file,9528deace7d2cdf9db07d640eb086ef8191d35ef17f4ed467df08f7a57b1f39b,2026-10-01T16:59:17.909090+00:00,km_ensaio_padronizado,catalogo_de_versoes_nao_vendas_nem_telemetria,linhas_extraidas_sem_erro_detectado,16628fd5f5b2aa94588c74fb015a520769654303602cc0effba23b35eeba7079
2025,Médio,JAC,e-JS4,e-JS4,ELÉTRICO,ELÉTRICO,BEV_rotulo_inmetro,E,0.47,307.0,2,https://www.gov.br/inmetro/pt-br/assuntos/regulamentacao/avaliacao-da-conformidade/programa-brasileiro-de-etiquetagem/tabelas-de-eficiencia-energetica/veiculos-automotivos-pbe-veicular/mascara-pbev-2025-mar-11.pdf/@@download/file,9528deace7d2cdf9db07d640eb086ef8191d35ef17f4ed467df08f7a57b1f39b,2026-10-01T16:59:17.909090+00:00,km_ensaio_padronizado,catalogo_de_versoes_nao_vendas_nem_telemetria,linhas_extraidas_sem_erro_detectado,eba31f1a6a979053e03a02eb8fb1ff170a7598f750d060bf0acf51ac51612ed1
2025,Médio,Mercedes-Benz,A200 AMG LINE,,1.3-16V,Híbrido,HIBRIDO_rotulo_inmetro,G,1.66,,2,https://www.gov.br/inmetro/pt-br/assuntos/regulamentacao/avaliacao-da-conformidade/programa-brasileiro-de-etiquetagem/tabelas-de-eficiencia-energetica/veiculos-automotivos-pbe-veicular/mascara-pbev-2025-mar-11.pdf/@@download/file,9528deace7d2cdf9db07d640eb086ef8191d35ef17f4ed467df08f7a57b1f39b,2026-10-01T16:59:17.909090+00:00,km_ensaio_padronizado,catalogo_de_versoes_nao_vendas_nem_telemetria,linhas_extraidas_sem_erro_detectado,abe95250dd5ac59604cbbe2d03377f1abc55c2f2b21c39938624e437a771db88
2025,Médio,MINI,Aceman,E,ELÉTRICO,ELÉTRICO,BEV_rotulo_inmetro,E,0.46,253.0,2,https://www.gov.br/inmetro/pt-br/assuntos/regulamentacao/avaliacao-da-conformidade/programa-brasileiro-de-etiquetagem/tabelas-de-eficiencia-energetica/veiculos-automotivos-pbe-veicular/mascara-pbev-2025-mar-11.pdf/@@download/file,9528deace7d2cdf9db07d640eb086ef8191d35ef17f4ed467df08f7a57b1f39b,2026-10-01T16:59:17.909090+00:00,km_ensaio_padronizado,catalogo_de_versoes_nao_vendas_nem_telemetria,linhas_extraidas_sem_erro_detectado,c1153ae75e788d2175d9a9345ffffe64cbf3e55b1611d4508ec862188e9681ef
2025,Médio,MINI,Aceman,SE,ELÉTRICO,ELÉTRICO,BEV_rotulo_inmetro,E,0.52,270.0,2,https://www.gov.br/inmetro/pt-br/assuntos/regulamentacao/avaliacao-da-conformidade/programa-brasileiro-de-etiquetagem/tabelas-de-eficiencia-energetica/veiculos-automotivos-pbe-veicular/mascara-pbev-2025-mar-11.pdf/@@download/file,9528deace7d2cdf9db07d640eb086ef8191d35ef17f4ed467df08f7a57b1f39b,2026-10-01T16:59:17.909090+00:00,km_ensaio_padronizado,catalogo_de_versoes_nao_vendas_nem_telemetria,linhas_extraidas_sem_erro_detectado,527db7daefde6c9cc3df6a1c8caaf6196dd306c99031af5249d8f5faab8e3c3e
2025,Médio,MINI,JCW-E,ACEMAN,ELÉTRICO,ELÉTRICO,BEV_rotulo_inmetro,E,0.5,312.0,2,https://www.gov.br/inmetro/pt-br/assuntos/regulamentacao/avaliacao-da-conformidade/programa-brasileiro-de-etiquetagem/tabelas-de-eficiencia-energetica/veiculos-automotivos-pbe-veicular/mascara-pbev-2025-mar-11.pdf/@@download/file,9528deace7d2cdf9db07d640eb086ef8191d35ef17f4ed467df08f7a57b1f39b,2026-10-01T16:59:17.909090+00:00,km_ensaio_padronizado,catalogo_de_versoes_nao_vendas_nem_telemetria,linhas_extraidas_sem_erro_detectado,7977822d346f56db52f81126eeb92d26b1fb3f856d7695687e3ad725563b6f5e
2025,Médio,MG,MG4,64 KWH COM / 64 KWH LUX,ELÉTRICO,ELÉTRICO,BEV_rotulo_inmetro,E,0.5,364.0,2,https://www.gov.br/inmetro/pt-br/assuntos/regulamentacao/avaliacao-da-conformidade/programa-brasileiro-de-etiquetagem/tabelas-de-eficiencia-energetica/veiculos-automotivos-pbe-veicular/mascara-pbev-2025-mar-11.pdf/@@download/file,9528deace7d2cdf9db07d640eb086ef8191d35ef17f4ed467df08f7a57b1f39b,2026-10-01T16:59:17.909090+00:00,km_ensaio_padronizado,catalogo_de_versoes_nao_vendas_nem_telemetria,linhas_extraidas_sem_erro_detectado,15b02410cb997b334c2c8427021fb43a9873bf5b745298022d5201d808cc178b
2025,Médio,MG,MG4,64 KWH AWD,ELÉTRICO,ELÉTRICO,BEV_rotulo_inmetro,E,0.59,279.0,2,https://www.gov.br/inmetro/pt-br/assuntos/regulamentacao/avaliacao-da-conformidade/programa-brasileiro-de-etiquetagem/tabelas-de-eficiencia-energetica/veiculos-automotivos-pbe-veicular/mascara-pbev-2025-mar-11.pdf/@@download/file,9528deace7d2cdf9db07d640eb086ef8191d35ef17f4ed467df08f7a57b1f39b,2026-10-01T16:59:17.909090+00:00,km_ensaio_padronizado,catalogo_de_versoes_nao_vendas_nem_telemetria,linhas_extraidas_sem_erro_detectado,6c8700462eb82ba31a5c844248ff12b48344c3238d60a47d2043717be5bedec6
2025,Médio,Peugeot,E2008,GT,ELÉTRICO,ELÉTRICO,BEV_rotulo_inmetro,E,0.55,261.0,2,https://www.gov.br/inmetro/pt-br/assuntos/regulamentacao/avaliacao-da-conformidade/programa-brasileiro-de-etiquetagem/tabelas-de-eficiencia-energetica/veiculos-automotivos-pbe-veicular/mascara-pbev-2025-mar-11.pdf/@@download/file,9528deace7d2cdf9db07d640eb086ef8191d35ef17f4ed467df08f7a57b1f39b,2026-10-01T16:59:17.909090+00:00,km_ensaio_padronizado,catalogo_de_versoes_nao_vendas_nem_telemetria,linhas_extraidas_sem_erro_detectado,239994dc3978feae17cc81d3af88072c8d59994379d85b09b6dc517939660ebb
2025,Médio,Renault,Mégane,E-TECH,ELÉTRICO,ELÉTRICO,BEV_rotulo_inmetro,E,0.51,337.0,2,https://www.gov.br/inmetro/pt-br/assuntos/regulamentacao/avaliacao-da-conformidade/programa-brasileiro-de-etiquetagem/tabelas-de-eficiencia-energetica/veiculos-automotivos-pbe-veicular/mascara-pbev-2025-mar-11.pdf/@@download/file,9528deace7d2cdf9db07d640eb086ef8191d35ef17f4ed467df08f7a57b1f39b,2026-10-01T16:59:17.909090+00:00,km_ensaio_padronizado,catalogo_de_versoes_nao_vendas_nem_telemetria,linhas_extraidas_sem_erro_detectado,dd1af4e5ed8a368e1013318d9a673cd57876022b0f05b94ef7a24407d9ea0701
2025,Médio,VOLVO,EX30,E60 ULTRA,ELÉTRICO,ELÉTRICO,BEV_rotulo_inmetro,E,0.52,338.0,3,https://www.gov.br/inmetro/pt-br/assuntos/regulamentacao/avaliacao-da-conformidade/programa-brasileiro-de-etiquetagem/tabelas-de-eficiencia-energetica/veiculos-automotivos-pbe-veicular/mascara-pbev-2025-mar-11.pdf/@@download/file,9528deace7d2cdf9db07d640eb086ef8191d35ef17f4ed467df08f7a57b1f39b,2026-10-01T16:59:17.909090+00:00,km_ensaio_padronizado,catalogo_de_versoes_nao_vendas_nem_telemetria,linhas_extraidas_sem_erro_detectado,8ac8a215e47cc82682e8def19e22dfe77734f5a0b2335621274d77beac3cff07
2025,Médio,VOLVO,EX30,E60 PLUS,ELÉTRICO,ELÉTRICO,BEV_rotulo_inmetro,E,0.52,338.0,3,https://www.gov.br/inmetro/pt-br/assuntos/regulamentacao/avaliacao-da-conformidade/programa-brasileiro-de-etiquetagem/tabelas-de-eficiencia-energetica/veiculos-automotivos-pbe-veicular/mascara-pbev-2025-mar-11.pdf/@@download/file,9528deace7d2cdf9db07d640eb086ef8191d35ef17f4ed467df08f7a57b1f39b,2026-10-01T16:59:17.909090+00:00,km_ensaio_padronizado,catalogo_de_versoes_nao_vendas_nem_telemetria,linhas_extraidas_sem_erro_detectado,0e8d235f0b343066089244193e31ceef17291a355f165b55b34d08093bdf8b87
2025,Médio,VOLVO,EX30,E60 CORE,ELÉTRICO,ELÉTRICO,BEV_rotulo_inmetro,E,0.52,338.0,3,https://www.gov.br/inmetro/pt-br/assuntos/regulamentacao/avaliacao-da-conformidade/programa-brasileiro-de-etiquetagem/tabelas-de-eficiencia-energetica/veiculos-automotivos-pbe-veicular/mascara-pbev-2025-mar-11.pdf/@@download/file,9528deace7d2cdf9db07d640eb086ef8191d35ef17f4ed467df08f7a57b1f39b,2026-10-01T16:59:17.909090+00:00,km_ensaio_padronizado,catalogo_de_versoes_nao_vendas_nem_telemetria,linhas_extraidas_sem_erro_detectado,f4d122d281508413a27c7d86907dc24a20d337cfcd4e7c42d6d516f5f3f71001
2025,Médio,VOLVO,EX30,TWIN ULTRA,Elétrico,Elétrico,BEV_rotulo_inmetro,E,0.62,316.0,3,https://www.gov.br/inmetro/pt-br/assuntos/regulamentacao/avaliacao-da-conformidade/programa-brasileiro-de-etiquetagem/tabelas-de-eficiencia-energetica/veiculos-automotivos-pbe-veicular/mascara-pbev-2025-mar-11.pdf/@@download/file,9528deace7d2cdf9db07d640eb086ef8191d35ef17f4ed467df08f7a57b1f39b,2026-10-01T16:59:17.909090+00:00,km_ensaio_padronizado,catalogo_de_versoes_nao_vendas_nem_telemetria,linhas_extraidas_sem_erro_detectado,88b9c682a906409267d593659b1383c4d6f9074bd8963403a98054a9cc5a0842
2025,Médio,VOLVO,EX30,E40 CORE,ELÉTRICO,ELÉTRICO,BEV_rotulo_inmetro,E,0.55,250.0,3,https://www.gov.br/inmetro/pt-br/assuntos/regulamentacao/avaliacao-da-conformidade/programa-brasileiro-de-etiquetagem/tabelas-de-eficiencia-energetica/veiculos-automotivos-pbe-veicular/mascara-pbev-2025-mar-11.pdf/@@download/file,9528deace7d2cdf9db07d640eb086ef8191d35ef17f4ed467df08f7a57b1f39b,2026-10-01T16:59:17.909090+00:00,km_ensaio_padronizado,catalogo_de_versoes_nao_vendas_nem_telemetria,linhas_extraidas_sem_erro_detectado,4efe75bcebbee3b946bef8234832ed7110be398905559e2223d1b8c68e5d5fc3
2025,Grande,BMW,iX1,xDrive30,ELÉTRICO,ELÉTRICO,BEV_rotulo_inmetro,E,0.6,324.0,3,https://www.gov.br/inmetro/pt-br/assuntos/regulamentacao/avaliacao-da-conformidade/programa-brasileiro-de-etiquetagem/tabelas-de-eficiencia-energetica/veiculos-automotivos-pbe-veicular/mascara-pbev-2025-mar-11.pdf/@@download/file,9528deace7d2cdf9db07d640eb086ef8191d35ef17f4ed467df08f7a57b1f39b,2026-10-01T16:59:17.909090+00:00,km_ensaio_padronizado,catalogo_de_versoes_nao_vendas_nem_telemetria,linhas_extraidas_sem_erro_detectado,1fad11c6a933d9b72d2efd620e386d34ebbb0f298848d1ad30d64b78b66327a7
2025,Grande,BMW,iX1,eDrive20,ELÉTRICO,ELÉTRICO,BEV_rotulo_inmetro,E,0.55,345.0,3,https://www.gov.br/inmetro/pt-br/assuntos/regulamentacao/avaliacao-da-conformidade/programa-brasileiro-de-etiquetagem/tabelas-de-eficiencia-energetica/veiculos-automotivos-pbe-veicular/mascara-pbev-2025-mar-11.pdf/@@download/file,9528deace7d2cdf9db07d640eb086ef8191d35ef17f4ed467df08f7a57b1f39b,2026-10-01T16:59:17.909090+00:00,km_ensaio_padronizado,catalogo_de_versoes_nao_vendas_nem_telemetria,linhas_extraidas_sem_erro_detectado,a756d80a6211f0a151d525d74801e327c98bea853889ec13d679002d7f890095
2025,Grande,BMW,iX2,xDrive30 MSP,ELÉTRICO,ELÉTRICO,BEV_rotulo_inmetro,E,0.59,327.0,3,https://www.gov.br/inmetro/pt-br/assuntos/regulamentacao/avaliacao-da-conformidade/programa-brasileiro-de-etiquetagem/tabelas-de-eficiencia-energetica/veiculos-automotivos-pbe-veicular/mascara-pbev-2025-mar-11.pdf/@@download/file,9528deace7d2cdf9db07d640eb086ef8191d35ef17f4ed467df08f7a57b1f39b,2026-10-01T16:59:17.909090+00:00,km_ensaio_padronizado,catalogo_de_versoes_nao_vendas_nem_telemetria,linhas_extraidas_sem_erro_detectado,337a195555c84ffa0b5540e24615cca7e3537e83c044cca8580b16f7544aa84c
2025,Grande,BYD,D1,GL 180EV,ELÉTRICO,ELÉTRICO,BEV_rotulo_inmetro,E,0.55,258.0,3,https://www.gov.br/inmetro/pt-br/assuntos/regulamentacao/avaliacao-da-conformidade/programa-brasileiro-de-etiquetagem/tabelas-de-eficiencia-energetica/veiculos-automotivos-pbe-veicular/mascara-pbev-2025-mar-11.pdf/@@download/file,9528deace7d2cdf9db07d640eb086ef8191d35ef17f4ed467df08f7a57b1f39b,2026-10-01T16:59:17.909090+00:00,km_ensaio_padronizado,catalogo_de_versoes_nao_vendas_nem_telemetria,linhas_extraidas_sem_erro_detectado,9996a9c7d6aaa49a1fd0ce6c7019664e04bc317dd69058157ae2a8c44621ca7b
2025,Grande,BYD,D1,GS 180EV,ELÉTRICO,ELÉTRICO,BEV_rotulo_inmetro,E,0.55,258.0,3,https://www.gov.br/inmetro/pt-br/assuntos/regulamentacao/avaliacao-da-conformidade/programa-brasileiro-de-etiquetagem/tabelas-de-eficiencia-energetica/veiculos-automotivos-pbe-veicular/mascara-pbev-2025-mar-11.pdf/@@download/file,9528deace7d2cdf9db07d640eb086ef8191d35ef17f4ed467df08f7a57b1f39b,2026-10-01T16:59:17.909090+00:00,km_ensaio_padronizado,catalogo_de_versoes_nao_vendas_nem_telemetria,linhas_extraidas_sem_erro_detectado,6801dc4bce6c738043c5ddb0d8fb0bd5ddf18c2dd3d0a925b36f2085a63e2457
2025,Grande,GAC,AION Y,PREMIUM,ELÉTRICO,ELÉTRICO,BEV_rotulo_inmetro,E,0.57,318.0,3,https://www.gov.br/inmetro/pt-br/assuntos/regulamentacao/avaliacao-da-conformidade/programa-brasileiro-de-etiquetagem/tabelas-de-eficiencia-energetica/veiculos-automotivos-pbe-veicular/mascara-pbev-2025-mar-11.pdf/@@download/file,9528deace7d2cdf9db07d640eb086ef8191d35ef17f4ed467df08f7a57b1f39b,2026-10-01T16:59:17.909090+00:00,km_ensaio_padronizado,catalogo_de_versoes_nao_vendas_nem_telemetria,linhas_extraidas_sem_erro_detectado,f50c9cc22d49cb7b0f4ab0ae4dc6cb72be8ccbbe24d6251c7449625c6fba4728
2025,Grande,GAC,AION Y,ELITE,ELÉTRICO,ELÉTRICO,BEV_rotulo_inmetro,E,0.57,318.0,3,https://www.gov.br/inmetro/pt-br/assuntos/regulamentacao/avaliacao-da-conformidade/programa-brasileiro-de-etiquetagem/tabelas-de-eficiencia-energetica/veiculos-automotivos-pbe-veicular/mascara-pbev-2025-mar-11.pdf/@@download/file,9528deace7d2cdf9db07d640eb086ef8191d35ef17f4ed467df08f7a57b1f39b,2026-10-01T16:59:17.909090+00:00,km_ensaio_padronizado,catalogo_de_versoes_nao_vendas_nem_telemetria,linhas_extraidas_sem_erro_detectado,07fae1793cad35825c4afb4ded60e9b5daeda10c9e6dfe296aace54d633a84fa
2025,Grande,GAC,AION Y,BEV Premium,ELÉTRICO,ELÉTRICO,BEV_rotulo_inmetro,E,0.57,318.0,3,https://www.gov.br/inmetro/pt-br/assuntos/regulamentacao/avaliacao-da-conformidade/programa-brasileiro-de-etiquetagem/tabelas-de-eficiencia-energetica/veiculos-automotivos-pbe-veicular/mascara-pbev-2025-mar-11.pdf/@@download/file,9528deace7d2cdf9db07d640eb086ef8191d35ef17f4ed467df08f7a57b1f39b,2026-10-01T16:59:17.909090+00:00,km_ensaio_padronizado,catalogo_de_versoes_nao_vendas_nem_telemetria,linhas_extraidas_sem_erro_detectado,0954250d23d922b6c07dfff141409be9f1fb99711d7f36012cb9471517d135b8
2025,Grande,HONDA,CIVIC HYBRID,TOURING,2.0 - 16V,Híbrido,HIBRIDO_rotulo_inmetro,G,1.21,,3,https://www.gov.br/inmetro/pt-br/assuntos/regulamentacao/avaliacao-da-conformidade/programa-brasileiro-de-etiquetagem/tabelas-de-eficiencia-energetica/veiculos-automotivos-pbe-veicular/mascara-pbev-2025-mar-11.pdf/@@download/file,9528deace7d2cdf9db07d640eb086ef8191d35ef17f4ed467df08f7a57b1f39b,2026-10-01T16:59:17.909090+00:00,km_ensaio_padronizado,catalogo_de_versoes_nao_vendas_nem_telemetria,linhas_extraidas_sem_erro_detectado,1fefc522b8d88c32b2bce8adad6d5ea8eaa599486fa9fd43f424d97bd940828d
2025,Grande,HONDA,CIVIC HYBRID,TOURING,2.0 - 16V,Híbrido,HIBRIDO_rotulo_inmetro,G,1.21,,3,https://www.gov.br/inmetro/pt-br/assuntos/regulamentacao/avaliacao-da-conformidade/programa-brasileiro-de-etiquetagem/tabelas-de-eficiencia-energetica/veiculos-automotivos-pbe-veicular/mascara-pbev-2025-mar-11.pdf/@@download/file,9528deace7d2cdf9db07d640eb086ef8191d35ef17f4ed467df08f7a57b1f39b,2026-10-01T16:59:17.909090+00:00,km_ensaio_padronizado,catalogo_de_versoes_nao_vendas_nem_telemetria,linhas_extraidas_sem_erro_detectado,a644a1c96fe5e67a994216493f1a0ee2ef706e225fd9cb58a58e1b48fff123f2
2025,Grande,JAECOO,7,PRESTIGE,1.5-16V,Plug-in,PHEV_rotulo_inmetro,G,0.6,79.0,3,https://www.gov.br/inmetro/pt-br/assuntos/regulamentacao/avaliacao-da-conformidade/programa-brasileiro-de-etiquetagem/tabelas-de-eficiencia-energetica/veiculos-automotivos-pbe-veicular/mascara-pbev-2025-mar-11.pdf/@@download/file,9528deace7d2cdf9db07d640eb086ef8191d35ef17f4ed467df08f7a57b1f39b,2026-10-01T16:59:17.909090+00:00,km_ensaio_padronizado,catalogo_de_versoes_nao_vendas_nem_telemetria,linhas_extraidas_sem_erro_detectado,e66ff52ac10ad22f42be43513a0739372b24ea5afcef6293497136ad673f168b
2025,Grande,JAECOO,7,LUXURY,1.5-16V,Plug-in,PHEV_rotulo_inmetro,G,0.6,79.0,3,https://www.gov.br/inmetro/pt-br/assuntos/regulamentacao/avaliacao-da-conformidade/programa-brasileiro-de-etiquetagem/tabelas-de-eficiencia-energetica/veiculos-automotivos-pbe-veicular/mascara-pbev-2025-mar-11.pdf/@@download/file,9528deace7d2cdf9db07d640eb086ef8191d35ef17f4ed467df08f7a57b1f39b,2026-10-01T16:59:17.909090+00:00,km_ensaio_padronizado,catalogo_de_versoes_nao_vendas_nem_telemetria,linhas_extraidas_sem_erro_detectado,0bbb79019d259e03d4502c21f99cbf9acf6d6d1f88e00d64663b9615df2b1e7b
2025,Grande,KIA,NIRO,HEV EX,1.6 - 16V,Híbrido,HIBRIDO_rotulo_inmetro,G,1.21,,3,https://www.gov.br/inmetro/pt-br/assuntos/regulamentacao/avaliacao-da-conformidade/programa-brasileiro-de-etiquetagem/tabelas-de-eficiencia-energetica/veiculos-automotivos-pbe-veicular/mascara-pbev-2025-mar-11.pdf/@@download/file,9528deace7d2cdf9db07d640eb086ef8191d35ef17f4ed467df08f7a57b1f39b,2026-10-01T16:59:17.909090+00:00,km_ensaio_padronizado,catalogo_de_versoes_nao_vendas_nem_telemetria,linhas_extraidas_sem_erro_detectado,27d93b24878dee2be4a9ad9ca84e0bb9df1083d3d04da85c7dfcd42f45ab59bd
2025,Grande,KIA,NIRO,HEV LX,1.6 - 16V,Híbrido,HIBRIDO_rotulo_inmetro,G,1.21,,3,https://www.gov.br/inmetro/pt-br/assuntos/regulamentacao/avaliacao-da-conformidade/programa-brasileiro-de-etiquetagem/tabelas-de-eficiencia-energetica/veiculos-automotivos-pbe-veicular/mascara-pbev-2025-mar-11.pdf/@@download/file,9528deace7d2cdf9db07d640eb086ef8191d35ef17f4ed467df08f7a57b1f39b,2026-10-01T16:59:17.909090+00:00,km_ensaio_padronizado,catalogo_de_versoes_nao_vendas_nem_telemetria,linhas_extraidas_sem_erro_detectado,ca7b032126acbcc0e2b9e70294cc499498412784c3c34a28ff8a475b379ea2c6
2025,Grande,KIA,NIRO,HEV SX,1.6 - 16V,Híbrido,HIBRIDO_rotulo_inmetro,G,1.21,,3,https://www.gov.br/inmetro/pt-br/assuntos/regulamentacao/avaliacao-da-conformidade/programa-brasileiro-de-etiquetagem/tabelas-de-eficiencia-energetica/veiculos-automotivos-pbe-veicular/mascara-pbev-2025-mar-11.pdf/@@download/file,9528deace7d2cdf9db07d640eb086ef8191d35ef17f4ed467df08f7a57b1f39b,2026-10-01T16:59:17.909090+00:00,km_ensaio_padronizado,catalogo_de_versoes_nao_vendas_nem_telemetria,linhas_extraidas_sem_erro_detectado,b7271ff52658272db74495321bb208bfc742c5cbe8834ef34163bc5331653e30
2025,Grande,KIA,NIRO,HEV SX RIOPEN,1.6 - 16V,Híbrido,HIBRIDO_rotulo_inmetro,G,1.21,,3,https://www.gov.br/inmetro/pt-br/assuntos/regulamentacao/avaliacao-da-conformidade/programa-brasileiro-de-etiquetagem/tabelas-de-eficiencia-energetica/veiculos-automotivos-pbe-veicular/mascara-pbev-2025-mar-11.pdf/@@download/file,9528deace7d2cdf9db07d640eb086ef8191d35ef17f4ed467df08f7a57b1f39b,2026-10-01T16:59:17.909090+00:00,km_ensaio_padronizado,catalogo_de_versoes_nao_vendas_nem_telemetria,linhas_extraidas_sem_erro_detectado,5ef94cc083bb66194b729efa5d65ebd3436d29590a9ca3c50db489acfd58587c
2025,Grande,LEXUS,UX 300H,UX 300H,2.0 - 16V,Híbrido,HIBRIDO_rotulo_inmetro,G,1.29,,3,https://www.gov.br/inmetro/pt-br/assuntos/regulamentacao/avaliacao-da-conformidade/programa-brasileiro-de-etiquetagem/tabelas-de-eficiencia-energetica/veiculos-automotivos-pbe-veicular/mascara-pbev-2025-mar-11.pdf/@@download/file,9528deace7d2cdf9db07d640eb086ef8191d35ef17f4ed467df08f7a57b1f39b,2026-10-01T16:59:17.909090+00:00,km_ensaio_padronizado,catalogo_de_versoes_nao_vendas_nem_telemetria,linhas_extraidas_sem_erro_detectado,2aa93fc2fe8089b89ac3b0d0789877b32ccc7e1451bbd6a0f56bb85b342815bf
2025,Grande,Mercedes-Benz,GLA200,AMG LINE,1.3-16V,Híbrido,HIBRIDO_rotulo_inmetro,G,1.83,,3,https://www.gov.br/inmetro/pt-br/assuntos/regulamentacao/avaliacao-da-conformidade/programa-brasileiro-de-etiquetagem/tabelas-de-eficiencia-energetica/veiculos-automotivos-pbe-veicular/mascara-pbev-2025-mar-11.pdf/@@download/file,9528deace7d2cdf9db07d640eb086ef8191d35ef17f4ed467df08f7a57b1f39b,2026-10-01T16:59:17.909090+00:00,km_ensaio_padronizado,catalogo_de_versoes_nao_vendas_nem_telemetria,linhas_extraidas_sem_erro_detectado,0a13357e9a7a09620b7bfbf5be490e3aebc1f5f37454e2037abb609ee65877fe
2025,Grande,Mercedes-Benz,GLA200,PROGRESSIVE,1.3-16V,Híbrido,HIBRIDO_rotulo_inmetro,G,1.83,,3,https://www.gov.br/inmetro/pt-br/assuntos/regulamentacao/avaliacao-da-conformidade/programa-brasileiro-de-etiquetagem/tabelas-de-eficiencia-energetica/veiculos-automotivos-pbe-veicular/mascara-pbev-2025-mar-11.pdf/@@download/file,9528deace7d2cdf9db07d640eb086ef8191d35ef17f4ed467df08f7a57b1f39b,2026-10-01T16:59:17.909090+00:00,km_ensaio_padronizado,catalogo_de_versoes_nao_vendas_nem_telemetria,linhas_extraidas_sem_erro_detectado,d74f0777e4d460b2a2155306ac96fe5789d6fd97a65278e4db6f0d03e78ddb21
2025,Grande,Mercedes-Benz,AMG GLA35 4M,,2.0-16V,Híbrido,HIBRIDO_rotulo_inmetro,G,2.29,,3,https://www.gov.br/inmetro/pt-br/assuntos/regulamentacao/avaliacao-da-conformidade/programa-brasileiro-de-etiquetagem/tabelas-de-eficiencia-energetica/veiculos-automotivos-pbe-veicular/mascara-pbev-2025-mar-11.pdf/@@download/file,9528deace7d2cdf9db07d640eb086ef8191d35ef17f4ed467df08f7a57b1f39b,2026-10-01T16:59:17.909090+00:00,km_ensaio_padronizado,catalogo_de_versoes_nao_vendas_nem_telemetria,linhas_extraidas_sem_erro_detectado,4573f83ee4b9cd74eb88757a98a00310890ac75e009ffa9741a7ed544b7cd972
2025,Grande,MINI,Countryman,SE EXCLUSIVE,ELÉTRICO,ELÉTRICO,BEV_rotulo_inmetro,E,0.61,320.0,3,https://www.gov.br/inmetro/pt-br/assuntos/regulamentacao/avaliacao-da-conformidade/programa-brasileiro-de-etiquetagem/tabelas-de-eficiencia-energetica/veiculos-automotivos-pbe-veicular/mascara-pbev-2025-mar-11.pdf/@@download/file,9528deace7d2cdf9db07d640eb086ef8191d35ef17f4ed467df08f7a57b1f39b,2026-10-01T16:59:17.909090+00:00,km_ensaio_padronizado,catalogo_de_versoes_nao_vendas_nem_telemetria,linhas_extraidas_sem_erro_detectado,0b11f97242a4e98468a2f0e1a368748e0a4fda3fbc378bfb91d61d2b653b1161
2025,Grande,MINI,Countryman,SE TOP,ELÉTRICO,ELÉTRICO,BEV_rotulo_inmetro,E,0.61,320.0,3,https://www.gov.br/inmetro/pt-br/assuntos/regulamentacao/avaliacao-da-conformidade/programa-brasileiro-de-etiquetagem/tabelas-de-eficiencia-energetica/veiculos-automotivos-pbe-veicular/mascara-pbev-2025-mar-11.pdf/@@download/file,9528deace7d2cdf9db07d640eb086ef8191d35ef17f4ed467df08f7a57b1f39b,2026-10-01T16:59:17.909090+00:00,km_ensaio_padronizado,catalogo_de_versoes_nao_vendas_nem_telemetria,linhas_extraidas_sem_erro_detectado,7023a6b661984261138e15d5beb2c77575f8c3edaeac6de7af050940d0d06e0e
2025,Grande,MG,S5,EV 62KWH LUX,ELÉTRICO,ELÉTRICO,BEV_rotulo_inmetro,E,0.51,351.0,3,https://www.gov.br/inmetro/pt-br/assuntos/regulamentacao/avaliacao-da-conformidade/programa-brasileiro-de-etiquetagem/tabelas-de-eficiencia-energetica/veiculos-automotivos-pbe-veicular/mascara-pbev-2025-mar-11.pdf/@@download/file,9528deace7d2cdf9db07d640eb086ef8191d35ef17f4ed467df08f7a57b1f39b,2026-10-01T16:59:17.909090+00:00,km_ensaio_padronizado,catalogo_de_versoes_nao_vendas_nem_telemetria,linhas_extraidas_sem_erro_detectado,a964545cd167a363833b9f26b9c73618483b33844a383418873bc157de5d88f5
2025,Grande,MG,S5,EV 62KWH COM,ELÉTRICO,ELÉTRICO,BEV_rotulo_inmetro,E,0.51,351.0,3,https://www.gov.br/inmetro/pt-br/assuntos/regulamentacao/avaliacao-da-conformidade/programa-brasileiro-de-etiquetagem/tabelas-de-eficiencia-energetica/veiculos-automotivos-pbe-veicular/mascara-pbev-2025-mar-11.pdf/@@download/file,9528deace7d2cdf9db07d640eb086ef8191d35ef17f4ed467df08f7a57b1f39b,2026-10-01T16:59:17.909090+00:00,km_ensaio_padronizado,catalogo_de_versoes_nao_vendas_nem_telemetria,linhas_extraidas_sem_erro_detectado,e1cf6855e31503ab92181f1a42564f82620fd75a8e15f40108085b25c73a5926
2025,Grande,NETA,X,400 COMFORT,ELÉTRICO,ELÉTRICO,BEV_rotulo_inmetro,E,0.53,258.0,3,https://www.gov.br/inmetro/pt-br/assuntos/regulamentacao/avaliacao-da-conformidade/programa-brasileiro-de-etiquetagem/tabelas-de-eficiencia-energetica/veiculos-automotivos-pbe-veicular/mascara-pbev-2025-mar-11.pdf/@@download/file,9528deace7d2cdf9db07d640eb086ef8191d35ef17f4ed467df08f7a57b1f39b,2026-10-01T16:59:17.909090+00:00,km_ensaio_padronizado,catalogo_de_versoes_nao_vendas_nem_telemetria,linhas_extraidas_sem_erro_detectado,0cbc6d0e8dc655d90aacd84ce295bb31c076f262840893910b20913e5b5d263d
2025,Grande,NETA,X,500 COMFORT,ELÉTRICO,ELÉTRICO,BEV_rotulo_inmetro,E,0.55,317.0,3,https://www.gov.br/inmetro/pt-br/assuntos/regulamentacao/avaliacao-da-conformidade/programa-brasileiro-de-etiquetagem/tabelas-de-eficiencia-energetica/veiculos-automotivos-pbe-veicular/mascara-pbev-2025-mar-11.pdf/@@download/file,9528deace7d2cdf9db07d640eb086ef8191d35ef17f4ed467df08f7a57b1f39b,2026-10-01T16:59:17.909090+00:00,km_ensaio_padronizado,catalogo_de_versoes_nao_vendas_nem_telemetria,linhas_extraidas_sem_erro_detectado,5cf4e4ef56bdaa8a8cabc4505714c44fb64e30acd02a332a1caaea4e5be2dbc5
2025,Grande,NETA,X,500 LUXURY,ELÉTRICO,ELÉTRICO,BEV_rotulo_inmetro,E,0.55,317.0,3,https://www.gov.br/inmetro/pt-br/assuntos/regulamentacao/avaliacao-da-conformidade/programa-brasileiro-de-etiquetagem/tabelas-de-eficiencia-energetica/veiculos-automotivos-pbe-veicular/mascara-pbev-2025-mar-11.pdf/@@download/file,9528deace7d2cdf9db07d640eb086ef8191d35ef17f4ed467df08f7a57b1f39b,2026-10-01T16:59:17.909090+00:00,km_ensaio_padronizado,catalogo_de_versoes_nao_vendas_nem_telemetria,linhas_extraidas_sem_erro_detectado,25d825a512329c2228b21e6e4b0db5c55ca39b88e330fce09a20943bbfef6dc0
2025,Grande,OMODA,E5,--,ELÉTRICO,ELÉTRICO,BEV_rotulo_inmetro,E,0.51,345.0,3,https://www.gov.br/inmetro/pt-br/assuntos/regulamentacao/avaliacao-da-conformidade/programa-brasileiro-de-etiquetagem/tabelas-de-eficiencia-energetica/veiculos-automotivos-pbe-veicular/mascara-pbev-2025-mar-11.pdf/@@download/file,9528deace7d2cdf9db07d640eb086ef8191d35ef17f4ed467df08f7a57b1f39b,2026-10-01T16:59:17.909090+00:00,km_ensaio_padronizado,catalogo_de_versoes_nao_vendas_nem_telemetria,linhas_extraidas_sem_erro_detectado,773d9ce077d73e2bacd93b1829047f67399757f8a0988ff8060cce4238e081c5
2025,Grande,TOYOTA,COROLLA CROSS,XRV HYBRID,1.8-16V,Híbrido,HIBRIDO_rotulo_inmetro,F,1.36,,4,https://www.gov.br/inmetro/pt-br/assuntos/regulamentacao/avaliacao-da-conformidade/programa-brasileiro-de-etiquetagem/tabelas-de-eficiencia-energetica/veiculos-automotivos-pbe-veicular/mascara-pbev-2025-mar-11.pdf/@@download/file,9528deace7d2cdf9db07d640eb086ef8191d35ef17f4ed467df08f7a57b1f39b,2026-10-01T16:59:17.909090+00:00,km_ensaio_padronizado,catalogo_de_versoes_nao_vendas_nem_telemetria,linhas_extraidas_sem_erro_detectado,64bf1a380e9b2e61a9bb45be0d37fd07d12d515506e42a5c8eecaffec2c02e42
2025,Grande,TOYOTA,COROLLA CROSS,XRX HYBRID,1.8-16V,Híbrido,HIBRIDO_rotulo_inmetro,F,1.36,,4,https://www.gov.br/inmetro/pt-br/assuntos/regulamentacao/avaliacao-da-conformidade/programa-brasileiro-de-etiquetagem/tabelas-de-eficiencia-energetica/veiculos-automotivos-pbe-veicular/mascara-pbev-2025-mar-11.pdf/@@download/file,9528deace7d2cdf9db07d640eb086ef8191d35ef17f4ed467df08f7a57b1f39b,2026-10-01T16:59:17.909090+00:00,km_ensaio_padronizado,catalogo_de_versoes_nao_vendas_nem_telemetria,linhas_extraidas_sem_erro_detectado,ac3589b7a04d40a4746498cfa3ccf8e712f4253b4e37c92793e899cccb955125
2025,Grande,TOYOTA,COROLLA,ALTIS HV,1.8 16V,Híbrido,HIBRIDO_rotulo_inmetro,F,1.26,,4,https://www.gov.br/inmetro/pt-br/assuntos/regulamentacao/avaliacao-da-conformidade/programa-brasileiro-de-etiquetagem/tabelas-de-eficiencia-energetica/veiculos-automotivos-pbe-veicular/mascara-pbev-2025-mar-11.pdf/@@download/file,9528deace7d2cdf9db07d640eb086ef8191d35ef17f4ed467df08f7a57b1f39b,2026-10-01T16:59:17.909090+00:00,km_ensaio_padronizado,catalogo_de_versoes_nao_vendas_nem_telemetria,linhas_extraidas_sem_erro_detectado,9b837fcd05f7f49a6892188fdab3d738eeea6bd52dbadb917072aa581d868315
2025,Grande,TOYOTA,COROLLA,APREMIUMH,1.8 16V,Híbrido,HIBRIDO_rotulo_inmetro,F,1.26,,4,https://www.gov.br/inmetro/pt-br/assuntos/regulamentacao/avaliacao-da-conformidade/programa-brasileiro-de-etiquetagem/tabelas-de-eficiencia-energetica/veiculos-automotivos-pbe-veicular/mascara-pbev-2025-mar-11.pdf/@@download/file,9528deace7d2cdf9db07d640eb086ef8191d35ef17f4ed467df08f7a57b1f39b,2026-10-01T16:59:17.909090+00:00,km_ensaio_padronizado,catalogo_de_versoes_nao_vendas_nem_telemetria,linhas_extraidas_sem_erro_detectado,7eb688dd0ecf5d7fdf17738eabadfef670e9d075b2d7ffb259251086caf4f5d6
2025,Grande,TOYOTA,COROLLA,GLI HEV,1.8 16V,Híbrido,HIBRIDO_rotulo_inmetro,F,1.26,,4,https://www.gov.br/inmetro/pt-br/assuntos/regulamentacao/avaliacao-da-conformidade/programa-brasileiro-de-etiquetagem/tabelas-de-eficiencia-energetica/veiculos-automotivos-pbe-veicular/mascara-pbev-2025-mar-11.pdf/@@download/file,9528deace7d2cdf9db07d640eb086ef8191d35ef17f4ed467df08f7a57b1f39b,2026-10-01T16:59:17.909090+00:00,km_ensaio_padronizado,catalogo_de_versoes_nao_vendas_nem_telemetria,linhas_extraidas_sem_erro_detectado,209569fa7d35831db430712a78b6b7ffe267aee39e314ed1fae1e08c167a39f0
2025,Grande,VOLVO,EC40,6 CORE,ELÉTRICO,ELÉTRICO,BEV_rotulo_inmetro,E,0.51,385.0,4,https://www.gov.br/inmetro/pt-br/assuntos/regulamentacao/avaliacao-da-conformidade/programa-brasileiro-de-etiquetagem/tabelas-de-eficiencia-energetica/veiculos-automotivos-pbe-veicular/mascara-pbev-2025-mar-11.pdf/@@download/file,9528deace7d2cdf9db07d640eb086ef8191d35ef17f4ed467df08f7a57b1f39b,2026-10-01T16:59:17.909090+00:00,km_ensaio_padronizado,catalogo_de_versoes_nao_vendas_nem_telemetria,linhas_extraidas_sem_erro_detectado,7366ba94e53711a3f80f847012f0dd3425d7516820e655769c46021a6f1212a1
2025,Grande,VOLVO,EC40,6 PLUS,ELÉTRICO,ELÉTRICO,BEV_rotulo_inmetro,E,0.51,385.0,4,https://www.gov.br/inmetro/pt-br/assuntos/regulamentacao/avaliacao-da-conformidade/programa-brasileiro-de-etiquetagem/tabelas-de-eficiencia-energetica/veiculos-automotivos-pbe-veicular/mascara-pbev-2025-mar-11.pdf/@@download/file,9528deace7d2cdf9db07d640eb086ef8191d35ef17f4ed467df08f7a57b1f39b,2026-10-01T16:59:17.909090+00:00,km_ensaio_padronizado,catalogo_de_versoes_nao_vendas_nem_telemetria,linhas_extraidas_sem_erro_detectado,4bdb03c7d46410593242609ef453883b1119044bf78dbdb6769d769d2a7f2444
2025,Grande,VOLVO,EC40,6 ULTRA,ELÉTRICO,ELÉTRICO,BEV_rotulo_inmetro,E,0.51,385.0,4,https://www.gov.br/inmetro/pt-br/assuntos/regulamentacao/avaliacao-da-conformidade/programa-brasileiro-de-etiquetagem/tabelas-de-eficiencia-energetica/veiculos-automotivos-pbe-veicular/mascara-pbev-2025-mar-11.pdf/@@download/file,9528deace7d2cdf9db07d640eb086ef8191d35ef17f4ed467df08f7a57b1f39b,2026-10-01T16:59:17.909090+00:00,km_ensaio_padronizado,catalogo_de_versoes_nao_vendas_nem_telemetria,linhas_extraidas_sem_erro_detectado,cad62803c63ff3012e40109b7c2343b63df9a76873dba9b0ccc7c21d31df4886
2025,Grande,VOLVO,EC40,8 CORE,ELÉTRICO,ELÉTRICO,BEV_rotulo_inmetro,E,0.59,404.0,4,https://www.gov.br/inmetro/pt-br/assuntos/regulamentacao/avaliacao-da-conformidade/programa-brasileiro-de-etiquetagem/tabelas-de-eficiencia-energetica/veiculos-automotivos-pbe-veicular/mascara-pbev-2025-mar-11.pdf/@@download/file,9528deace7d2cdf9db07d640eb086ef8191d35ef17f4ed467df08f7a57b1f39b,2026-10-01T16:59:17.909090+00:00,km_ensaio_padronizado,catalogo_de_versoes_nao_vendas_nem_telemetria,linhas_extraidas_sem_erro_detectado,95aec62db6a03996cb0c7cbb6f1427af0c8d8e526a16eeb4d457e3157472c638
2025,Grande,VOLVO,EC40,8 PLUS,ELÉTRICO,ELÉTRICO,BEV_rotulo_inmetro,E,0.59,404.0,4,https://www.gov.br/inmetro/pt-br/assuntos/regulamentacao/avaliacao-da-conformidade/programa-brasileiro-de-etiquetagem/tabelas-de-eficiencia-energetica/veiculos-automotivos-pbe-veicular/mascara-pbev-2025-mar-11.pdf/@@download/file,9528deace7d2cdf9db07d640eb086ef8191d35ef17f4ed467df08f7a57b1f39b,2026-10-01T16:59:17.909090+00:00,km_ensaio_padronizado,catalogo_de_versoes_nao_vendas_nem_telemetria,linhas_extraidas_sem_erro_detectado,bf3b21d9ecf1318957781f0ecc9c395df738ad539e6d4809fb10ba2f2048422b
2025,Grande,VOLVO,EC40,8 ULTRA,ELÉTRICO,ELÉTRICO,BEV_rotulo_inmetro,E,0.59,404.0,4,https://www.gov.br/inmetro/pt-br/assuntos/regulamentacao/avaliacao-da-conformidade/programa-brasileiro-de-etiquetagem/tabelas-de-eficiencia-energetica/veiculos-automotivos-pbe-veicular/mascara-pbev-2025-mar-11.pdf/@@download/file,9528deace7d2cdf9db07d640eb086ef8191d35ef17f4ed467df08f7a57b1f39b,2026-10-01T16:59:17.909090+00:00,km_ensaio_padronizado,catalogo_de_versoes_nao_vendas_nem_telemetria,linhas_extraidas_sem_erro_detectado,a513213e8ab82514b33d352cb4228a20d8495bcfdec428dfb64df277ddac01d9
2025,Grande,VOLVO,EC40,PERF BLACK,ELÉTRICO,ELÉTRICO,BEV_rotulo_inmetro,E,0.59,404.0,4,https://www.gov.br/inmetro/pt-br/assuntos/regulamentacao/avaliacao-da-conformidade/programa-brasileiro-de-etiquetagem/tabelas-de-eficiencia-energetica/veiculos-automotivos-pbe-veicular/mascara-pbev-2025-mar-11.pdf/@@download/file,9528deace7d2cdf9db07d640eb086ef8191d35ef17f4ed467df08f7a57b1f39b,2026-10-01T16:59:17.909090+00:00,km_ensaio_padronizado,catalogo_de_versoes_nao_vendas_nem_telemetria,linhas_extraidas_sem_erro_detectado,e7b297ebf73f21d11ac52c44b31c60cea0194f9eecddbb02d63b35a7ece1929a
2025,Grande,Volkswagen,ID.4,PRO PERFORMANCE,ELÉTRICO,ELÉTRICO,BEV_rotulo_inmetro,E,0.63,370.0,4,https://www.gov.br/inmetro/pt-br/assuntos/regulamentacao/avaliacao-da-conformidade/programa-brasileiro-de-etiquetagem/tabelas-de-eficiencia-energetica/veiculos-automotivos-pbe-veicular/mascara-pbev-2025-mar-11.pdf/@@download/file,9528deace7d2cdf9db07d640eb086ef8191d35ef17f4ed467df08f7a57b1f39b,2026-10-01T16:59:17.909090+00:00,km_ensaio_padronizado,catalogo_de_versoes_nao_vendas_nem_telemetria,linhas_extraidas_sem_erro_detectado,3a9b9f3c00fcbef5ec9e252ee4b09c48a0350a09f6d5f0befae1a0f805e87228
2025,Extra Grande,AUDI,e-tron GT,-,ELÉTRICO,ELÉTRICO,BEV_rotulo_inmetro,E,0.79,308.0,4,https://www.gov.br/inmetro/pt-br/assuntos/regulamentacao/avaliacao-da-conformidade/programa-brasileiro-de-etiquetagem/tabelas-de-eficiencia-energetica/veiculos-automotivos-pbe-veicular/mascara-pbev-2025-mar-11.pdf/@@download/file,9528deace7d2cdf9db07d640eb086ef8191d35ef17f4ed467df08f7a57b1f39b,2026-10-01T16:59:17.909090+00:00,km_ensaio_padronizado,catalogo_de_versoes_nao_vendas_nem_telemetria,linhas_extraidas_sem_erro_detectado,f4e980f695bdb58bb005fe175866e9a379408d7fd6026fd8b62b574097b9e9ad
2025,Extra Grande,AUDI,RS e-tron GT,-,ELÉTRICO,ELÉTRICO,BEV_rotulo_inmetro,E,0.79,313.0,4,https://www.gov.br/inmetro/pt-br/assuntos/regulamentacao/avaliacao-da-conformidade/programa-brasileiro-de-etiquetagem/tabelas-de-eficiencia-energetica/veiculos-automotivos-pbe-veicular/mascara-pbev-2025-mar-11.pdf/@@download/file,9528deace7d2cdf9db07d640eb086ef8191d35ef17f4ed467df08f7a57b1f39b,2026-10-01T16:59:17.909090+00:00,km_ensaio_padronizado,catalogo_de_versoes_nao_vendas_nem_telemetria,linhas_extraidas_sem_erro_detectado,4584059cef45f5557fbf8cd65a33ea06d1df34a51145c21118b03ea8abfc3408
2025,Extra Grande,AUDI,Q6 e-tron RWD,Performance,ELÉTRICO,ELÉTRICO,BEV_rotulo_inmetro,E,0.64,411.0,4,https://www.gov.br/inmetro/pt-br/assuntos/regulamentacao/avaliacao-da-conformidade/programa-brasileiro-de-etiquetagem/tabelas-de-eficiencia-energetica/veiculos-automotivos-pbe-veicular/mascara-pbev-2025-mar-11.pdf/@@download/file,9528deace7d2cdf9db07d640eb086ef8191d35ef17f4ed467df08f7a57b1f39b,2026-10-01T16:59:17.909090+00:00,km_ensaio_padronizado,catalogo_de_versoes_nao_vendas_nem_telemetria,linhas_extraidas_sem_erro_detectado,00b8978cdc737df34126be038fdd65b8bb31b9609dcad843654da93e24df3f79
2025,Extra Grande,AUDI,Q6 e-tron Quattro,Performance,ELÉTRICO,ELÉTRICO,BEV_rotulo_inmetro,E,0.64,411.0,4,https://www.gov.br/inmetro/pt-br/assuntos/regulamentacao/avaliacao-da-conformidade/programa-brasileiro-de-etiquetagem/tabelas-de-eficiencia-energetica/veiculos-automotivos-pbe-veicular/mascara-pbev-2025-mar-11.pdf/@@download/file,9528deace7d2cdf9db07d640eb086ef8191d35ef17f4ed467df08f7a57b1f39b,2026-10-01T16:59:17.909090+00:00,km_ensaio_padronizado,catalogo_de_versoes_nao_vendas_nem_telemetria,linhas_extraidas_sem_erro_detectado,7d00b4afb8ad1eb8d60fad6c0415dbfc3db96acf8d26cfbed853f6c40928a13b
2025,Extra Grande,AUDI,Q6 e-tron Quattro,Performanec black,ELÉTRICO,ELÉTRICO,BEV_rotulo_inmetro,E,0.64,411.0,4,https://www.gov.br/inmetro/pt-br/assuntos/regulamentacao/avaliacao-da-conformidade/programa-brasileiro-de-etiquetagem/tabelas-de-eficiencia-energetica/veiculos-automotivos-pbe-veicular/mascara-pbev-2025-mar-11.pdf/@@download/file,9528deace7d2cdf9db07d640eb086ef8191d35ef17f4ed467df08f7a57b1f39b,2026-10-01T16:59:17.909090+00:00,km_ensaio_padronizado,catalogo_de_versoes_nao_vendas_nem_telemetria,linhas_extraidas_sem_erro_detectado,f9504d303524422b9a4532c0715dbbe244e003f9b245e147dd743d5df20f6e5f
2025,Extra Grande,AUDI,Q6 Sportback e-tron Quattro,Performance black,ELÉTRICO,ELÉTRICO,BEV_rotulo_inmetro,E,0.61,427.0,4,https://www.gov.br/inmetro/pt-br/assuntos/regulamentacao/avaliacao-da-conformidade/programa-brasileiro-de-etiquetagem/tabelas-de-eficiencia-energetica/veiculos-automotivos-pbe-veicular/mascara-pbev-2025-mar-11.pdf/@@download/file,9528deace7d2cdf9db07d640eb086ef8191d35ef17f4ed467df08f7a57b1f39b,2026-10-01T16:59:17.909090+00:00,km_ensaio_padronizado,catalogo_de_versoes_nao_vendas_nem_telemetria,linhas_extraidas_sem_erro_detectado,2d9d39056fb38dd1b1f95771a90f901075629a3d88a196d768bda9e655f9b292
2025,Extra Grande,AUDI,SQ6 Sportback e-tron Quattro,-,ELÉTRICO,ELÉTRICO,BEV_rotulo_inmetro,E,0.6,428.0,4,https://www.gov.br/inmetro/pt-br/assuntos/regulamentacao/avaliacao-da-conformidade/programa-brasileiro-de-etiquetagem/tabelas-de-eficiencia-energetica/veiculos-automotivos-pbe-veicular/mascara-pbev-2025-mar-11.pdf/@@download/file,9528deace7d2cdf9db07d640eb086ef8191d35ef17f4ed467df08f7a57b1f39b,2026-10-01T16:59:17.909090+00:00,km_ensaio_padronizado,catalogo_de_versoes_nao_vendas_nem_telemetria,linhas_extraidas_sem_erro_detectado,042fd3c9007768e2c5609001634299f1836e2ca40508a533a3ca95f5b7c64799
2025,Extra Grande,AUDI,RS 6 Avant,Performance,4.0 - 32V,Híbrido,HIBRIDO_rotulo_inmetro,G,3.39,,4,https://www.gov.br/inmetro/pt-br/assuntos/regulamentacao/avaliacao-da-conformidade/programa-brasileiro-de-etiquetagem/tabelas-de-eficiencia-energetica/veiculos-automotivos-pbe-veicular/mascara-pbev-2025-mar-11.pdf/@@download/file,9528deace7d2cdf9db07d640eb086ef8191d35ef17f4ed467df08f7a57b1f39b,2026-10-01T16:59:17.909090+00:00,km_ensaio_padronizado,catalogo_de_versoes_nao_vendas_nem_telemetria,linhas_extraidas_sem_erro_detectado,007acf147b3f0fcb5eb10d886bfc9d0191c61fdadbc9bb88107f7b0720ca2e90
2025,Extra Grande,AUDI,RS 6 Avant,GT,4.0 - 32V,Híbrido,HIBRIDO_rotulo_inmetro,G,3.39,,4,https://www.gov.br/inmetro/pt-br/assuntos/regulamentacao/avaliacao-da-conformidade/programa-brasileiro-de-etiquetagem/tabelas-de-eficiencia-energetica/veiculos-automotivos-pbe-veicular/mascara-pbev-2025-mar-11.pdf/@@download/file,9528deace7d2cdf9db07d640eb086ef8191d35ef17f4ed467df08f7a57b1f39b,2026-10-01T16:59:17.909090+00:00,km_ensaio_padronizado,catalogo_de_versoes_nao_vendas_nem_telemetria,linhas_extraidas_sem_erro_detectado,d3ef9191a63801cf7471967dd34218f0b9bd583029760069e2cda1679b40b7b0
2025,Extra Grande,AUDI,Q7,S Line (ed.0),3.0 - 24V,Híbrido,HIBRIDO_rotulo_inmetro,G,3.09,,4,https://www.gov.br/inmetro/pt-br/assuntos/regulamentacao/avaliacao-da-conformidade/programa-brasileiro-de-etiquetagem/tabelas-de-eficiencia-energetica/veiculos-automotivos-pbe-veicular/mascara-pbev-2025-mar-11.pdf/@@download/file,9528deace7d2cdf9db07d640eb086ef8191d35ef17f4ed467df08f7a57b1f39b,2026-10-01T16:59:17.909090+00:00,km_ensaio_padronizado,catalogo_de_versoes_nao_vendas_nem_telemetria,linhas_extraidas_sem_erro_detectado,5c636a239bfdadd78d370105a3f7e0d968c02e32e2a6c462bea4f6b844d05bf1
2025,Extra Grande,AUDI,Q8 Sportback,Performance Black (ed.0),3.0 - 24V,Híbrido,HIBRIDO_rotulo_inmetro,G,3.23,,4,https://www.gov.br/inmetro/pt-br/assuntos/regulamentacao/avaliacao-da-conformidade/programa-brasileiro-de-etiquetagem/tabelas-de-eficiencia-energetica/veiculos-automotivos-pbe-veicular/mascara-pbev-2025-mar-11.pdf/@@download/file,9528deace7d2cdf9db07d640eb086ef8191d35ef17f4ed467df08f7a57b1f39b,2026-10-01T16:59:17.909090+00:00,km_ensaio_padronizado,catalogo_de_versoes_nao_vendas_nem_telemetria,linhas_extraidas_sem_erro_detectado,bf259bda59232c1bfe36a2f760f8dd9794573c2c4065ba81b3c7f348ab7cdfb1
2025,Extra Grande,AUDI,Q8 e-tron Sportback 55,Launch Edition,ELÉTRICO,ELÉTRICO,BEV_rotulo_inmetro,E,0.81,362.0,4,https://www.gov.br/inmetro/pt-br/assuntos/regulamentacao/avaliacao-da-conformidade/programa-brasileiro-de-etiquetagem/tabelas-de-eficiencia-energetica/veiculos-automotivos-pbe-veicular/mascara-pbev-2025-mar-11.pdf/@@download/file,9528deace7d2cdf9db07d640eb086ef8191d35ef17f4ed467df08f7a57b1f39b,2026-10-01T16:59:17.909090+00:00,km_ensaio_padronizado,catalogo_de_versoes_nao_vendas_nem_telemetria,linhas_extraidas_sem_erro_detectado,5728b1bf7f3dcae08404f261d12e1a720323d7a7cd8a4a1054ebd3a870a0b233
2025,Extra Grande,AUDI,Q8 e-tron Sportback 55,Performance Black,ELÉTRICO,ELÉTRICO,BEV_rotulo_inmetro,E,0.81,362.0,4,https://www.gov.br/inmetro/pt-br/assuntos/regulamentacao/avaliacao-da-conformidade/programa-brasileiro-de-etiquetagem/tabelas-de-eficiencia-energetica/veiculos-automotivos-pbe-veicular/mascara-pbev-2025-mar-11.pdf/@@download/file,9528deace7d2cdf9db07d640eb086ef8191d35ef17f4ed467df08f7a57b1f39b,2026-10-01T16:59:17.909090+00:00,km_ensaio_padronizado,catalogo_de_versoes_nao_vendas_nem_telemetria,linhas_extraidas_sem_erro_detectado,8d7c18a210fa76e7b75d257cdd62781f3f781d8e9a0f4c779185546cb6e8d8e5
2025,Extra Grande,AUDI,Q8 e-tron 55,Launch Edition,ELÉTRICO,ELÉTRICO,BEV_rotulo_inmetro,E,0.82,357.0,4,https://www.gov.br/inmetro/pt-br/assuntos/regulamentacao/avaliacao-da-conformidade/programa-brasileiro-de-etiquetagem/tabelas-de-eficiencia-energetica/veiculos-automotivos-pbe-veicular/mascara-pbev-2025-mar-11.pdf/@@download/file,9528deace7d2cdf9db07d640eb086ef8191d35ef17f4ed467df08f7a57b1f39b,2026-10-01T16:59:17.909090+00:00,km_ensaio_padronizado,catalogo_de_versoes_nao_vendas_nem_telemetria,linhas_extraidas_sem_erro_detectado,1fc3366b34fd8a87f9435e3b69d3a290c64a84c87c7c6437b6b8733227e18b09
2025,Extra Grande,AUDI,A6 e-tron,Performance black,ELÉTRICO,ELÉTRICO,BEV_rotulo_inmetro,E,0.59,445.0,4,https://www.gov.br/inmetro/pt-br/assuntos/regulamentacao/avaliacao-da-conformidade/programa-brasileiro-de-etiquetagem/tabelas-de-eficiencia-energetica/veiculos-automotivos-pbe-veicular/mascara-pbev-2025-mar-11.pdf/@@download/file,9528deace7d2cdf9db07d640eb086ef8191d35ef17f4ed467df08f7a57b1f39b,2026-10-01T16:59:17.909090+00:00,km_ensaio_padronizado,catalogo_de_versoes_nao_vendas_nem_telemetria,linhas_extraidas_sem_erro_detectado,6b3a2af2cdaf45d6236bb7f4d399185286b91cd08b421b43fb64567d05e3bee1
2025,Extra Grande,AUDI,SQ8 e-tron Sportback,-,ELÉTRICO,ELÉTRICO,BEV_rotulo_inmetro,E,0.96,307.0,4,https://www.gov.br/inmetro/pt-br/assuntos/regulamentacao/avaliacao-da-conformidade/programa-brasileiro-de-etiquetagem/tabelas-de-eficiencia-energetica/veiculos-automotivos-pbe-veicular/mascara-pbev-2025-mar-11.pdf/@@download/file,9528deace7d2cdf9db07d640eb086ef8191d35ef17f4ed467df08f7a57b1f39b,2026-10-01T16:59:17.909090+00:00,km_ensaio_padronizado,catalogo_de_versoes_nao_vendas_nem_telemetria,linhas_extraidas_sem_erro_detectado,b062089e483d5605611ccb4d2f17e8c0073e0376d0c135eb137e725cf442136a
2025,Extra Grande,BMW,530e,M SPORT,2.0 - 16V,Plug-in,PHEV_rotulo_inmetro,G,0.76,70.0,4,https://www.gov.br/inmetro/pt-br/assuntos/regulamentacao/avaliacao-da-conformidade/programa-brasileiro-de-etiquetagem/tabelas-de-eficiencia-energetica/veiculos-automotivos-pbe-veicular/mascara-pbev-2025-mar-11.pdf/@@download/file,9528deace7d2cdf9db07d640eb086ef8191d35ef17f4ed467df08f7a57b1f39b,2026-10-01T16:59:17.909090+00:00,km_ensaio_padronizado,catalogo_de_versoes_nao_vendas_nem_telemetria,linhas_extraidas_sem_erro_detectado,32982cad39d0a0503ecda07ceb09c9435950b4835db6241fe43b69e38a00c398
2025,Extra Grande,BMW,330e,-,2.0 - 16V,Plug-in,PHEV_rotulo_inmetro,G,0.92,61.0,4,https://www.gov.br/inmetro/pt-br/assuntos/regulamentacao/avaliacao-da-conformidade/programa-brasileiro-de-etiquetagem/tabelas-de-eficiencia-energetica/veiculos-automotivos-pbe-veicular/mascara-pbev-2025-mar-11.pdf/@@download/file,9528deace7d2cdf9db07d640eb086ef8191d35ef17f4ed467df08f7a57b1f39b,2026-10-01T16:59:17.909090+00:00,km_ensaio_padronizado,catalogo_de_versoes_nao_vendas_nem_telemetria,linhas_extraidas_sem_erro_detectado,46bccde86ee3a90f5ed793bb2dbc8e4bdedfd8599c894158cd03bc56b157859e
2025,Extra Grande,BMW,i4,40,ELÉTRICO,ELÉTRICO,BEV_rotulo_inmetro,E,0.61,399.0,4,https://www.gov.br/inmetro/pt-br/assuntos/regulamentacao/avaliacao-da-conformidade/programa-brasileiro-de-etiquetagem/tabelas-de-eficiencia-energetica/veiculos-automotivos-pbe-veicular/mascara-pbev-2025-mar-11.pdf/@@download/file,9528deace7d2cdf9db07d640eb086ef8191d35ef17f4ed467df08f7a57b1f39b,2026-10-01T16:59:17.909090+00:00,km_ensaio_padronizado,catalogo_de_versoes_nao_vendas_nem_telemetria,linhas_extraidas_sem_erro_detectado,a51edc27603ed51f428c7d4906a6058070d22f19db083286f90ffe2385c71ec3
2025,Extra Grande,BMW,i4,M50,ELÉTRICO,ELÉTRICO,BEV_rotulo_inmetro,E,0.6,405.0,4,https://www.gov.br/inmetro/pt-br/assuntos/regulamentacao/avaliacao-da-conformidade/programa-brasileiro-de-etiquetagem/tabelas-de-eficiencia-energetica/veiculos-automotivos-pbe-veicular/mascara-pbev-2025-mar-11.pdf/@@download/file,9528deace7d2cdf9db07d640eb086ef8191d35ef17f4ed467df08f7a57b1f39b,2026-10-01T16:59:17.909090+00:00,km_ensaio_padronizado,catalogo_de_versoes_nao_vendas_nem_telemetria,linhas_extraidas_sem_erro_detectado,8fd2f63f93880245ec401a006f1fb277403f90c46b27ff12fe7c2610867747b7
2025,Extra Grande,BMW,i4,eDrive35,ELÉTRICO,ELÉTRICO,BEV_rotulo_inmetro,E,0.61,322.0,4,https://www.gov.br/inmetro/pt-br/assuntos/regulamentacao/avaliacao-da-conformidade/programa-brasileiro-de-etiquetagem/tabelas-de-eficiencia-energetica/veiculos-automotivos-pbe-veicular/mascara-pbev-2025-mar-11.pdf/@@download/file,9528deace7d2cdf9db07d640eb086ef8191d35ef17f4ed467df08f7a57b1f39b,2026-10-01T16:59:17.909090+00:00,km_ensaio_padronizado,catalogo_de_versoes_nao_vendas_nem_telemetria,linhas_extraidas_sem_erro_detectado,0301970765044d21cc7da9ca0e410a5454119ae8f49a9b7ea8cf7a567643f516
2025,Extra Grande,BMW,IX,xDrive 40,ELÉTRICO,ELÉTRICO,BEV_rotulo_inmetro,E,0.67,317.0,4,https://www.gov.br/inmetro/pt-br/assuntos/regulamentacao/avaliacao-da-conformidade/programa-brasileiro-de-etiquetagem/tabelas-de-eficiencia-energetica/veiculos-automotivos-pbe-veicular/mascara-pbev-2025-mar-11.pdf/@@download/file,9528deace7d2cdf9db07d640eb086ef8191d35ef17f4ed467df08f7a57b1f39b,2026-10-01T16:59:17.909090+00:00,km_ensaio_padronizado,catalogo_de_versoes_nao_vendas_nem_telemetria,linhas_extraidas_sem_erro_detectado,ac97c10d7cf2ac0236114959d952179a4220457c4a652bfdec1aeb26d51b7ef3
2025,Extra Grande,BMW,IX,xDrive 50,ELÉTRICO,ELÉTRICO,BEV_rotulo_inmetro,E,0.64,498.0,4,https://www.gov.br/inmetro/pt-br/assuntos/regulamentacao/avaliacao-da-conformidade/programa-brasileiro-de-etiquetagem/tabelas-de-eficiencia-energetica/veiculos-automotivos-pbe-veicular/mascara-pbev-2025-mar-11.pdf/@@download/file,9528deace7d2cdf9db07d640eb086ef8191d35ef17f4ed467df08f7a57b1f39b,2026-10-01T16:59:17.909090+00:00,km_ensaio_padronizado,catalogo_de_versoes_nao_vendas_nem_telemetria,linhas_extraidas_sem_erro_detectado,030ecb25e700bbde0cfa64a211e12f079f6abc89774b0ddcdf3230319e38be90
2025,Extra Grande,BMW,iX,M60,ELÉTRICO,ELÉTRICO,BEV_rotulo_inmetro,E,0.71,443.0,4,https://www.gov.br/inmetro/pt-br/assuntos/regulamentacao/avaliacao-da-conformidade/programa-brasileiro-de-etiquetagem/tabelas-de-eficiencia-energetica/veiculos-automotivos-pbe-veicular/mascara-pbev-2025-mar-11.pdf/@@download/file,9528deace7d2cdf9db07d640eb086ef8191d35ef17f4ed467df08f7a57b1f39b,2026-10-01T16:59:17.909090+00:00,km_ensaio_padronizado,catalogo_de_versoes_nao_vendas_nem_telemetria,linhas_extraidas_sem_erro_detectado,44425123d210bb2f7433a7a5ed57e0c8e2c63fb7e0690b777270f1462b048bfd
2025,Extra Grande,BMW,I5,M60,ELÉTRICO,ELÉTRICO,BEV_rotulo_inmetro,E,0.59,407.0,4,https://www.gov.br/inmetro/pt-br/assuntos/regulamentacao/avaliacao-da-conformidade/programa-brasileiro-de-etiquetagem/tabelas-de-eficiencia-energetica/veiculos-automotivos-pbe-veicular/mascara-pbev-2025-mar-11.pdf/@@download/file,9528deace7d2cdf9db07d640eb086ef8191d35ef17f4ed467df08f7a57b1f39b,2026-10-01T16:59:17.909090+00:00,km_ensaio_padronizado,catalogo_de_versoes_nao_vendas_nem_telemetria,linhas_extraidas_sem_erro_detectado,3663e8ededcb8b6375ab03eceeefd318320d6c3b3e4b7e4c12027dd83bc1c6ef
2025,Extra Grande,BMW,i5,M60 xDrive,ELÉTRICO,ELÉTRICO,BEV_rotulo_inmetro,E,0.62,382.0,4,https://www.gov.br/inmetro/pt-br/assuntos/regulamentacao/avaliacao-da-conformidade/programa-brasileiro-de-etiquetagem/tabelas-de-eficiencia-energetica/veiculos-automotivos-pbe-veicular/mascara-pbev-2025-mar-11.pdf/@@download/file,9528deace7d2cdf9db07d640eb086ef8191d35ef17f4ed467df08f7a57b1f39b,2026-10-01T16:59:17.909090+00:00,km_ensaio_padronizado,catalogo_de_versoes_nao_vendas_nem_telemetria,linhas_extraidas_sem_erro_detectado,99597e26a31283cbf77cdb1e25ff87c374849e357c16fe0665017129e987d3a8
2025,Extra Grande,BMW,i7,xDrive60,ELÉTRICO,ELÉTRICO,BEV_rotulo_inmetro,E,0.65,467.0,4,https://www.gov.br/inmetro/pt-br/assuntos/regulamentacao/avaliacao-da-conformidade/programa-brasileiro-de-etiquetagem/tabelas-de-eficiencia-energetica/veiculos-automotivos-pbe-veicular/mascara-pbev-2025-mar-11.pdf/@@download/file,9528deace7d2cdf9db07d640eb086ef8191d35ef17f4ed467df08f7a57b1f39b,2026-10-01T16:59:17.909090+00:00,km_ensaio_padronizado,catalogo_de_versoes_nao_vendas_nem_telemetria,linhas_extraidas_sem_erro_detectado,a625dcdb532cd7d1f8413b0b7143795c542ac25271ae50614f49b7265480c4fe
2025,Extra Grande,BYD,HAN,AWD GS 680EV,ELÉTRICO,ELÉTRICO,BEV_rotulo_inmetro,E,0.69,349.0,4,https://www.gov.br/inmetro/pt-br/assuntos/regulamentacao/avaliacao-da-conformidade/programa-brasileiro-de-etiquetagem/tabelas-de-eficiencia-energetica/veiculos-automotivos-pbe-veicular/mascara-pbev-2025-mar-11.pdf/@@download/file,9528deace7d2cdf9db07d640eb086ef8191d35ef17f4ed467df08f7a57b1f39b,2026-10-01T16:59:17.909090+00:00,km_ensaio_padronizado,catalogo_de_versoes_nao_vendas_nem_telemetria,linhas_extraidas_sem_erro_detectado,bd90baa79255c5aa8b7fd01d0a735599cf4e22595532ffa3833f35e642ed04ac
2025,Extra Grande,BYD,SEAL,AWD GS 590EV,ELÉTRICO,ELÉTRICO,BEV_rotulo_inmetro,E,0.62,372.0,4,https://www.gov.br/inmetro/pt-br/assuntos/regulamentacao/avaliacao-da-conformidade/programa-brasileiro-de-etiquetagem/tabelas-de-eficiencia-energetica/veiculos-automotivos-pbe-veicular/mascara-pbev-2025-mar-11.pdf/@@download/file,9528deace7d2cdf9db07d640eb086ef8191d35ef17f4ed467df08f7a57b1f39b,2026-10-01T16:59:17.909090+00:00,km_ensaio_padronizado,catalogo_de_versoes_nao_vendas_nem_telemetria,linhas_extraidas_sem_erro_detectado,09331f03884ae81672a8cc71c85665fefb2feeb30b055897a20cebee8555b9a9
2025,Extra Grande,BYD,TAN,AWD GS 700EV,ELÉTRICO,ELÉTRICO,BEV_rotulo_inmetro,E,0.73,430.0,4,https://www.gov.br/inmetro/pt-br/assuntos/regulamentacao/avaliacao-da-conformidade/programa-brasileiro-de-etiquetagem/tabelas-de-eficiencia-energetica/veiculos-automotivos-pbe-veicular/mascara-pbev-2025-mar-11.pdf/@@download/file,9528deace7d2cdf9db07d640eb086ef8191d35ef17f4ed467df08f7a57b1f39b,2026-10-01T16:59:17.909090+00:00,km_ensaio_padronizado,catalogo_de_versoes_nao_vendas_nem_telemetria,linhas_extraidas_sem_erro_detectado,fb0b09f8d97491ff46ed2535736d41a9a64a2a161f0868994bc49464d1123d7d
2025,Extra Grande,BYD,SONG PLUS,PREM DM,1.5-16V,Plug-in,PHEV_rotulo_inmetro,G,0.67,87.0,4,https://www.gov.br/inmetro/pt-br/assuntos/regulamentacao/avaliacao-da-conformidade/programa-brasileiro-de-etiquetagem/tabelas-de-eficiencia-energetica/veiculos-automotivos-pbe-veicular/mascara-pbev-2025-mar-11.pdf/@@download/file,9528deace7d2cdf9db07d640eb086ef8191d35ef17f4ed467df08f7a57b1f39b,2026-10-01T16:59:17.909090+00:00,km_ensaio_padronizado,catalogo_de_versoes_nao_vendas_nem_telemetria,linhas_extraidas_sem_erro_detectado,d7f5d69f2cfc0b4ea2b8320c42239bd4f6d52c138f2b5fc5ea15e0780ed1cd51
2025,Extra Grande,BYD,SONG PLUS,GS DM,1.5-16V,Plug-in,PHEV_rotulo_inmetro,G,0.58,63.0,4,https://www.gov.br/inmetro/pt-br/assuntos/regulamentacao/avaliacao-da-conformidade/programa-brasileiro-de-etiquetagem/tabelas-de-eficiencia-energetica/veiculos-automotivos-pbe-veicular/mascara-pbev-2025-mar-11.pdf/@@download/file,9528deace7d2cdf9db07d640eb086ef8191d35ef17f4ed467df08f7a57b1f39b,2026-10-01T16:59:17.909090+00:00,km_ensaio_padronizado,catalogo_de_versoes_nao_vendas_nem_telemetria,linhas_extraidas_sem_erro_detectado,ee535f8f6e649c488d4bca77bf46e601b9cfa2d224af83f559688870ea14326f
2025,Extra Grande,BYD,SONG PRO,GS DM,1.5-16V,Plug-in,PHEV_rotulo_inmetro,G,0.6,62.0,4,https://www.gov.br/inmetro/pt-br/assuntos/regulamentacao/avaliacao-da-conformidade/programa-brasileiro-de-etiquetagem/tabelas-de-eficiencia-energetica/veiculos-automotivos-pbe-veicular/mascara-pbev-2025-mar-11.pdf/@@download/file,9528deace7d2cdf9db07d640eb086ef8191d35ef17f4ed467df08f7a57b1f39b,2026-10-01T16:59:17.909090+00:00,km_ensaio_padronizado,catalogo_de_versoes_nao_vendas_nem_telemetria,linhas_extraidas_sem_erro_detectado,008cfe54be2cd873179a8d3b2014fc0da771b795b453bbe3ab09f20992e33ea1
2025,Extra Grande,BYD,SONG PRO,GL DM,1.5-16V,Plug-in,PHEV_rotulo_inmetro,G,0.61,39.0,4,https://www.gov.br/inmetro/pt-br/assuntos/regulamentacao/avaliacao-da-conformidade/programa-brasileiro-de-etiquetagem/tabelas-de-eficiencia-energetica/veiculos-automotivos-pbe-veicular/mascara-pbev-2025-mar-11.pdf/@@download/file,9528deace7d2cdf9db07d640eb086ef8191d35ef17f4ed467df08f7a57b1f39b,2026-10-01T16:59:17.909090+00:00,km_ensaio_padronizado,catalogo_de_versoes_nao_vendas_nem_telemetria,linhas_extraidas_sem_erro_detectado,10aa9c2c8a6305bd6f00d0e2e93bfd18e4b25688696d19497543533ea348b515
2025,Extra Grande,BYD,KING,GL DM,1.5-16V,Plug-in,PHEV_rotulo_inmetro,G,0.53,35.0,4,https://www.gov.br/inmetro/pt-br/assuntos/regulamentacao/avaliacao-da-conformidade/programa-brasileiro-de-etiquetagem/tabelas-de-eficiencia-energetica/veiculos-automotivos-pbe-veicular/mascara-pbev-2025-mar-11.pdf/@@download/file,9528deace7d2cdf9db07d640eb086ef8191d35ef17f4ed467df08f7a57b1f39b,2026-10-01T16:59:17.909090+00:00,km_ensaio_padronizado,catalogo_de_versoes_nao_vendas_nem_telemetria,linhas_extraidas_sem_erro_detectado,bef382ffb64755cff88f74142320cd4169399392335ddea4566a300bbd5483f4
2025,Extra Grande,BYD,KING,GS DM,1.5-16V,Plug-in,PHEV_rotulo_inmetro,G,0.49,78.0,4,https://www.gov.br/inmetro/pt-br/assuntos/regulamentacao/avaliacao-da-conformidade/programa-brasileiro-de-etiquetagem/tabelas-de-eficiencia-energetica/veiculos-automotivos-pbe-veicular/mascara-pbev-2025-mar-11.pdf/@@download/file,9528deace7d2cdf9db07d640eb086ef8191d35ef17f4ed467df08f7a57b1f39b,2026-10-01T16:59:17.909090+00:00,km_ensaio_padronizado,catalogo_de_versoes_nao_vendas_nem_telemetria,linhas_extraidas_sem_erro_detectado,a7e96f1014468c4567ff78017fdd208953a8a6e363cc7067b3870ac9a02494f4
2025,Extra Grande,CHEVROLET,EQUINOX EV,-,ELÉTRICO,ELÉTRICO,BEV_rotulo_inmetro,E,0.56,443.0,5,https://www.gov.br/inmetro/pt-br/assuntos/regulamentacao/avaliacao-da-conformidade/programa-brasileiro-de-etiquetagem/tabelas-de-eficiencia-energetica/veiculos-automotivos-pbe-veicular/mascara-pbev-2025-mar-11.pdf/@@download/file,9528deace7d2cdf9db07d640eb086ef8191d35ef17f4ed467df08f7a57b1f39b,2026-10-01T16:59:17.909090+00:00,km_ensaio_padronizado,catalogo_de_versoes_nao_vendas_nem_telemetria,linhas_extraidas_sem_erro_detectado,091545bf385f3804c3428f566f9b9e60dd29a217dd35ba99ae893a02c5bca202
2025,Extra Grande,CHEVROLET,BLAZER EV,RS,ELÉTRICO,ELÉTRICO,BEV_rotulo_inmetro,E,0.63,481.0,5,https://www.gov.br/inmetro/pt-br/assuntos/regulamentacao/avaliacao-da-conformidade/programa-brasileiro-de-etiquetagem/tabelas-de-eficiencia-energetica/veiculos-automotivos-pbe-veicular/mascara-pbev-2025-mar-11.pdf/@@download/file,9528deace7d2cdf9db07d640eb086ef8191d35ef17f4ed467df08f7a57b1f39b,2026-10-01T16:59:17.909090+00:00,km_ensaio_padronizado,catalogo_de_versoes_nao_vendas_nem_telemetria,linhas_extraidas_sem_erro_detectado,0b641fab8bd61ce42bba313c01c3052225c2fd93078c2a30389eff870ea057ce
2025,Extra Grande,FORD,Mustang Mach-E,GT,ELÉTRICO,ELÉTRICO,BEV_rotulo_inmetro,E,0.69,379.0,5,https://www.gov.br/inmetro/pt-br/assuntos/regulamentacao/avaliacao-da-conformidade/programa-brasileiro-de-etiquetagem/tabelas-de-eficiencia-energetica/veiculos-automotivos-pbe-veicular/mascara-pbev-2025-mar-11.pdf/@@download/file,9528deace7d2cdf9db07d640eb086ef8191d35ef17f4ed467df08f7a57b1f39b,2026-10-01T16:59:17.909090+00:00,km_ensaio_padronizado,catalogo_de_versoes_nao_vendas_nem_telemetria,linhas_extraidas_sem_erro_detectado,f00817ca1e2c4a85b8fe14e39bfdf1fbc271738332926a115e9279e96691b4ba
2025,Extra Grande,GAC,AION ES,PLUS,ELÉTRICO,ELÉTRICO,BEV_rotulo_inmetro,E,0.45,314.0,5,https://www.gov.br/inmetro/pt-br/assuntos/regulamentacao/avaliacao-da-conformidade/programa-brasileiro-de-etiquetagem/tabelas-de-eficiencia-energetica/veiculos-automotivos-pbe-veicular/mascara-pbev-2025-mar-11.pdf/@@download/file,9528deace7d2cdf9db07d640eb086ef8191d35ef17f4ed467df08f7a57b1f39b,2026-10-01T16:59:17.909090+00:00,km_ensaio_padronizado,catalogo_de_versoes_nao_vendas_nem_telemetria,linhas_extraidas_sem_erro_detectado,61f77f03d2f6ba7ab360b372df8b3cc690f16c9b7326aa81ebf74bc9a64d7ae6
2025,Extra Grande,GAC,HYPTEC HT,ELITE/ULTRA,ELÉTRICO,ELÉTRICO,BEV_rotulo_inmetro,E,0.58,362.0,5,https://www.gov.br/inmetro/pt-br/assuntos/regulamentacao/avaliacao-da-conformidade/programa-brasileiro-de-etiquetagem/tabelas-de-eficiencia-energetica/veiculos-automotivos-pbe-veicular/mascara-pbev-2025-mar-11.pdf/@@download/file,9528deace7d2cdf9db07d640eb086ef8191d35ef17f4ed467df08f7a57b1f39b,2026-10-01T16:59:17.909090+00:00,km_ensaio_padronizado,catalogo_de_versoes_nao_vendas_nem_telemetria,linhas_extraidas_sem_erro_detectado,29e8ecb59bb34656041c9aae17eb04a7be7887d614f579a33eef338331d41ee9
2025,Extra Grande,GAC,AION V,ELITE,ELÉTRICO,ELÉTRICO,BEV_rotulo_inmetro,E,0.54,389.0,5,https://www.gov.br/inmetro/pt-br/assuntos/regulamentacao/avaliacao-da-conformidade/programa-brasileiro-de-etiquetagem/tabelas-de-eficiencia-energetica/veiculos-automotivos-pbe-veicular/mascara-pbev-2025-mar-11.pdf/@@download/file,9528deace7d2cdf9db07d640eb086ef8191d35ef17f4ed467df08f7a57b1f39b,2026-10-01T16:59:17.909090+00:00,km_ensaio_padronizado,catalogo_de_versoes_nao_vendas_nem_telemetria,linhas_extraidas_sem_erro_detectado,80f26cacda9f23c5eb37aa302ef139b810dbfc29a298cd2344a4ce886e5abe0c
2025,Extra Grande,GAC,AION V,PREMIUM,ELÉTRICO,ELÉTRICO,BEV_rotulo_inmetro,E,0.55,325.0,5,https://www.gov.br/inmetro/pt-br/assuntos/regulamentacao/avaliacao-da-conformidade/programa-brasileiro-de-etiquetagem/tabelas-de-eficiencia-energetica/veiculos-automotivos-pbe-veicular/mascara-pbev-2025-mar-11.pdf/@@download/file,9528deace7d2cdf9db07d640eb086ef8191d35ef17f4ed467df08f7a57b1f39b,2026-10-01T16:59:17.909090+00:00,km_ensaio_padronizado,catalogo_de_versoes_nao_vendas_nem_telemetria,linhas_extraidas_sem_erro_detectado,6326385313398d068edf5fe10fb5315a9eb7d81155f88d06ccccda7c0688fa7a
2025,Extra Grande,Geely,EX5,MAX,ELÉTRICO,ELÉTRICO,BEV_rotulo_inmetro,E,0.51,349.0,5,https://www.gov.br/inmetro/pt-br/assuntos/regulamentacao/avaliacao-da-conformidade/programa-brasileiro-de-etiquetagem/tabelas-de-eficiencia-energetica/veiculos-automotivos-pbe-veicular/mascara-pbev-2025-mar-11.pdf/@@download/file,9528deace7d2cdf9db07d640eb086ef8191d35ef17f4ed467df08f7a57b1f39b,2026-10-01T16:59:17.909090+00:00,km_ensaio_padronizado,catalogo_de_versoes_nao_vendas_nem_telemetria,linhas_extraidas_sem_erro_detectado,c8ee6b528b3963c8721e036d16d3eddbd1795c2bd935332100c5595bf62c73e4
2025,Extra Grande,Geely,EX5,PRO,ELÉTRICO,ELÉTRICO,BEV_rotulo_inmetro,E,0.42,413.0,5,https://www.gov.br/inmetro/pt-br/assuntos/regulamentacao/avaliacao-da-conformidade/programa-brasileiro-de-etiquetagem/tabelas-de-eficiencia-energetica/veiculos-automotivos-pbe-veicular/mascara-pbev-2025-mar-11.pdf/@@download/file,9528deace7d2cdf9db07d640eb086ef8191d35ef17f4ed467df08f7a57b1f39b,2026-10-01T16:59:17.909090+00:00,km_ensaio_padronizado,catalogo_de_versoes_nao_vendas_nem_telemetria,linhas_extraidas_sem_erro_detectado,f084cd8c588a32173b32af6ee42e0436a1eb2be83b34398d521cf002a23c93aa
2025,Extra Grande,HONDA,ACCORD HYBRID,TOURING,2.0 - 16V,Híbrido,HIBRIDO_rotulo_inmetro,G,1.26,,5,https://www.gov.br/inmetro/pt-br/assuntos/regulamentacao/avaliacao-da-conformidade/programa-brasileiro-de-etiquetagem/tabelas-de-eficiencia-energetica/veiculos-automotivos-pbe-veicular/mascara-pbev-2025-mar-11.pdf/@@download/file,9528deace7d2cdf9db07d640eb086ef8191d35ef17f4ed467df08f7a57b1f39b,2026-10-01T16:59:17.909090+00:00,km_ensaio_padronizado,catalogo_de_versoes_nao_vendas_nem_telemetria,linhas_extraidas_sem_erro_detectado,c43710e5198de501cf56c50dee5e0898818829d6a1f3a68097bdde0750c72b2a
2025,Extra Grande,Hyundai,IONIQ 5,Platinum,ELÉTRICO,ELÉTRICO,BEV_rotulo_inmetro,E,0.66,374.0,5,https://www.gov.br/inmetro/pt-br/assuntos/regulamentacao/avaliacao-da-conformidade/programa-brasileiro-de-etiquetagem/tabelas-de-eficiencia-energetica/veiculos-automotivos-pbe-veicular/mascara-pbev-2025-mar-11.pdf/@@download/file,9528deace7d2cdf9db07d640eb086ef8191d35ef17f4ed467df08f7a57b1f39b,2026-10-01T16:59:17.909090+00:00,km_ensaio_padronizado,catalogo_de_versoes_nao_vendas_nem_telemetria,linhas_extraidas_sem_erro_detectado,91ee0106633c209347962996993cca7f1903f82060aa1e209d19affa9548d4ca
2025,Extra Grande,Hyundai,IONIQ 5,Ultimate,ELÉTRICO,ELÉTRICO,BEV_rotulo_inmetro,E,0.66,374.0,5,https://www.gov.br/inmetro/pt-br/assuntos/regulamentacao/avaliacao-da-conformidade/programa-brasileiro-de-etiquetagem/tabelas-de-eficiencia-energetica/veiculos-automotivos-pbe-veicular/mascara-pbev-2025-mar-11.pdf/@@download/file,9528deace7d2cdf9db07d640eb086ef8191d35ef17f4ed467df08f7a57b1f39b,2026-10-01T16:59:17.909090+00:00,km_ensaio_padronizado,catalogo_de_versoes_nao_vendas_nem_telemetria,linhas_extraidas_sem_erro_detectado,b5b306bc13775c37bfeaa8818c5a7633271e6048f4ec8d3b50823db46afd0aaf
2025,Extra Grande,Hyundai,IONIQ 5,Signature,ELÉTRICO,ELÉTRICO,BEV_rotulo_inmetro,E,0.66,374.0,5,https://www.gov.br/inmetro/pt-br/assuntos/regulamentacao/avaliacao-da-conformidade/programa-brasileiro-de-etiquetagem/tabelas-de-eficiencia-energetica/veiculos-automotivos-pbe-veicular/mascara-pbev-2025-mar-11.pdf/@@download/file,9528deace7d2cdf9db07d640eb086ef8191d35ef17f4ed467df08f7a57b1f39b,2026-10-01T16:59:17.909090+00:00,km_ensaio_padronizado,catalogo_de_versoes_nao_vendas_nem_telemetria,linhas_extraidas_sem_erro_detectado,5a36873ef8894a0f2c27e549a72b79112b7ac2a40c1576eae49c43ef154b4cf0
2025,Extra Grande,JAC,e-J7,e-J7,ELÉTRICO,ELÉTRICO,BEV_rotulo_inmetro,E,0.5,263.0,5,https://www.gov.br/inmetro/pt-br/assuntos/regulamentacao/avaliacao-da-conformidade/programa-brasileiro-de-etiquetagem/tabelas-de-eficiencia-energetica/veiculos-automotivos-pbe-veicular/mascara-pbev-2025-mar-11.pdf/@@download/file,9528deace7d2cdf9db07d640eb086ef8191d35ef17f4ed467df08f7a57b1f39b,2026-10-01T16:59:17.909090+00:00,km_ensaio_padronizado,catalogo_de_versoes_nao_vendas_nem_telemetria,linhas_extraidas_sem_erro_detectado,b186348619b9b9b16e7f99a52947a6e9e3fb6b0d8e627f705b007a91b4bf172f
2025,Extra Grande,KIA,EV5 2WD,AIR 2WD,ELÉTRICO,ELÉTRICO,BEV_rotulo_inmetro,E,0.6,402.0,5,https://www.gov.br/inmetro/pt-br/assuntos/regulamentacao/avaliacao-da-conformidade/programa-brasileiro-de-etiquetagem/tabelas-de-eficiencia-energetica/veiculos-automotivos-pbe-veicular/mascara-pbev-2025-mar-11.pdf/@@download/file,9528deace7d2cdf9db07d640eb086ef8191d35ef17f4ed467df08f7a57b1f39b,2026-10-01T16:59:17.909090+00:00,km_ensaio_padronizado,catalogo_de_versoes_nao_vendas_nem_telemetria,linhas_extraidas_sem_erro_detectado,14d5fa28ff705b5deea4f47ab4fa4b03816cbc18a9a54034814d37f8d82c4ebb
2025,Extra Grande,KIA,EV5 2WD,LAND 2WD,ELÉTRICO,ELÉTRICO,BEV_rotulo_inmetro,E,0.6,402.0,5,https://www.gov.br/inmetro/pt-br/assuntos/regulamentacao/avaliacao-da-conformidade/programa-brasileiro-de-etiquetagem/tabelas-de-eficiencia-energetica/veiculos-automotivos-pbe-veicular/mascara-pbev-2025-mar-11.pdf/@@download/file,9528deace7d2cdf9db07d640eb086ef8191d35ef17f4ed467df08f7a57b1f39b,2026-10-01T16:59:17.909090+00:00,km_ensaio_padronizado,catalogo_de_versoes_nao_vendas_nem_telemetria,linhas_extraidas_sem_erro_detectado,60933fb2033b7a2a28d8804d8a52571302c6ddeaac20dfd8849b56e4ec210e47
2025,Extra Grande,KIA,EV5 4WD,WAVE 4WD,ELÉTRICO,ELÉTRICO,BEV_rotulo_inmetro,E,0.65,369.0,5,https://www.gov.br/inmetro/pt-br/assuntos/regulamentacao/avaliacao-da-conformidade/programa-brasileiro-de-etiquetagem/tabelas-de-eficiencia-energetica/veiculos-automotivos-pbe-veicular/mascara-pbev-2025-mar-11.pdf/@@download/file,9528deace7d2cdf9db07d640eb086ef8191d35ef17f4ed467df08f7a57b1f39b,2026-10-01T16:59:17.909090+00:00,km_ensaio_padronizado,catalogo_de_versoes_nao_vendas_nem_telemetria,linhas_extraidas_sem_erro_detectado,807ae133da1126afc1aaa7881cbe781a339e4c9b3db16439a15a43a093717ce2
2025,Extra Grande,LEAPMOTOR,B10,LIFE,ELÉTRICO,ELÉTRICO,BEV_rotulo_inmetro,E,0.55,288.0,5,https://www.gov.br/inmetro/pt-br/assuntos/regulamentacao/avaliacao-da-conformidade/programa-brasileiro-de-etiquetagem/tabelas-de-eficiencia-energetica/veiculos-automotivos-pbe-veicular/mascara-pbev-2025-mar-11.pdf/@@download/file,9528deace7d2cdf9db07d640eb086ef8191d35ef17f4ed467df08f7a57b1f39b,2026-10-01T16:59:17.909090+00:00,km_ensaio_padronizado,catalogo_de_versoes_nao_vendas_nem_telemetria,linhas_extraidas_sem_erro_detectado,0907994801b9e08caf88655fffdcf62e691bf1fd7ed47ac7d64ac89533eb72d2
2025,Extra Grande,LEAPMOTOR,C10,REEV,1.5L - 16V / Eletrico,Plug-In,PHEV_rotulo_inmetro,G,0.65,111.0,5,https://www.gov.br/inmetro/pt-br/assuntos/regulamentacao/avaliacao-da-conformidade/programa-brasileiro-de-etiquetagem/tabelas-de-eficiencia-energetica/veiculos-automotivos-pbe-veicular/mascara-pbev-2025-mar-11.pdf/@@download/file,9528deace7d2cdf9db07d640eb086ef8191d35ef17f4ed467df08f7a57b1f39b,2026-10-01T16:59:17.909090+00:00,km_ensaio_padronizado,catalogo_de_versoes_nao_vendas_nem_telemetria,linhas_extraidas_sem_erro_detectado,9ac6755d00cf1196ddc953479ae0fe8918bcdad422eb688826b68826e35287c6
2025,Extra Grande,LEAPMOTOR,C10,Design,ELÉTRICO,ELÉTRICO,BEV_rotulo_inmetro,E,0.61,338.0,5,https://www.gov.br/inmetro/pt-br/assuntos/regulamentacao/avaliacao-da-conformidade/programa-brasileiro-de-etiquetagem/tabelas-de-eficiencia-energetica/veiculos-automotivos-pbe-veicular/mascara-pbev-2025-mar-11.pdf/@@download/file,9528deace7d2cdf9db07d640eb086ef8191d35ef17f4ed467df08f7a57b1f39b,2026-10-01T16:59:17.909090+00:00,km_ensaio_padronizado,catalogo_de_versoes_nao_vendas_nem_telemetria,linhas_extraidas_sem_erro_detectado,9cd1472f59b518aa92a1a67470688a85e0e311301e53e957afa960d5a758bfbf
2025,Extra Grande,LEXUS,NX350H,DYNAMIC,2.5 - 16V,Híbrido,HIBRIDO_rotulo_inmetro,G,1.43,,5,https://www.gov.br/inmetro/pt-br/assuntos/regulamentacao/avaliacao-da-conformidade/programa-brasileiro-de-etiquetagem/tabelas-de-eficiencia-energetica/veiculos-automotivos-pbe-veicular/mascara-pbev-2025-mar-11.pdf/@@download/file,9528deace7d2cdf9db07d640eb086ef8191d35ef17f4ed467df08f7a57b1f39b,2026-10-01T16:59:17.909090+00:00,km_ensaio_padronizado,catalogo_de_versoes_nao_vendas_nem_telemetria,linhas_extraidas_sem_erro_detectado,f432ecbebfe0e55077144cfaac06b166aa0648aae96c8c0857f6abf7abb1a21b
2025,Extra Grande,LEXUS,NX350H,F-SPORT,2.5 - 16V,Híbrido,HIBRIDO_rotulo_inmetro,G,1.43,,5,https://www.gov.br/inmetro/pt-br/assuntos/regulamentacao/avaliacao-da-conformidade/programa-brasileiro-de-etiquetagem/tabelas-de-eficiencia-energetica/veiculos-automotivos-pbe-veicular/mascara-pbev-2025-mar-11.pdf/@@download/file,9528deace7d2cdf9db07d640eb086ef8191d35ef17f4ed467df08f7a57b1f39b,2026-10-01T16:59:17.909090+00:00,km_ensaio_padronizado,catalogo_de_versoes_nao_vendas_nem_telemetria,linhas_extraidas_sem_erro_detectado,db0a9918fc764f7185abb29afe06fb8e7463f1e3d13d96920c6ba2da1012041b
2025,Extra Grande,LEXUS,NX350H,LUXURY,2.5 - 16V,Híbrido,HIBRIDO_rotulo_inmetro,G,1.43,,5,https://www.gov.br/inmetro/pt-br/assuntos/regulamentacao/avaliacao-da-conformidade/programa-brasileiro-de-etiquetagem/tabelas-de-eficiencia-energetica/veiculos-automotivos-pbe-veicular/mascara-pbev-2025-mar-11.pdf/@@download/file,9528deace7d2cdf9db07d640eb086ef8191d35ef17f4ed467df08f7a57b1f39b,2026-10-01T16:59:17.909090+00:00,km_ensaio_padronizado,catalogo_de_versoes_nao_vendas_nem_telemetria,linhas_extraidas_sem_erro_detectado,43a590189f85b2bea154c818a62c3ffd1972cc493c02d9356a5e7eb449848b29
2025,Extra Grande,LEXUS,RX 450H PLUG-IN,RX450H PLUG-IN,2.5 - 16V,Plug-in,PHEV_rotulo_inmetro,G,0.59,58.0,5,https://www.gov.br/inmetro/pt-br/assuntos/regulamentacao/avaliacao-da-conformidade/programa-brasileiro-de-etiquetagem/tabelas-de-eficiencia-energetica/veiculos-automotivos-pbe-veicular/mascara-pbev-2025-mar-11.pdf/@@download/file,9528deace7d2cdf9db07d640eb086ef8191d35ef17f4ed467df08f7a57b1f39b,2026-10-01T16:59:17.909090+00:00,km_ensaio_padronizado,catalogo_de_versoes_nao_vendas_nem_telemetria,linhas_extraidas_sem_erro_detectado,ca69c9b96df7ea59f98ee90fbeb4bfe362d3e1d3751893c5a7ceea50c560827e
2025,Extra Grande,LEXUS,NX 450H PLUG-IN,NX450H PLUG-IN,2.5 - 16V,Plug-in,PHEV_rotulo_inmetro,G,0.62,55.0,5,https://www.gov.br/inmetro/pt-br/assuntos/regulamentacao/avaliacao-da-conformidade/programa-brasileiro-de-etiquetagem/tabelas-de-eficiencia-energetica/veiculos-automotivos-pbe-veicular/mascara-pbev-2025-mar-11.pdf/@@download/file,9528deace7d2cdf9db07d640eb086ef8191d35ef17f4ed467df08f7a57b1f39b,2026-10-01T16:59:17.909090+00:00,km_ensaio_padronizado,catalogo_de_versoes_nao_vendas_nem_telemetria,linhas_extraidas_sem_erro_detectado,14d07b872b9aa4e9aec38d711c73de5a05c25e7ef942feb7ed82abdbb120f61f
2025,Extra Grande,LEXUS,RX500H,F-SPORT,2.4 - 16V,Híbrido,HIBRIDO_rotulo_inmetro,G,2.0,,5,https://www.gov.br/inmetro/pt-br/assuntos/regulamentacao/avaliacao-da-conformidade/programa-brasileiro-de-etiquetagem/tabelas-de-eficiencia-energetica/veiculos-automotivos-pbe-veicular/mascara-pbev-2025-mar-11.pdf/@@download/file,9528deace7d2cdf9db07d640eb086ef8191d35ef17f4ed467df08f7a57b1f39b,2026-10-01T16:59:17.909090+00:00,km_ensaio_padronizado,catalogo_de_versoes_nao_vendas_nem_telemetria,linhas_extraidas_sem_erro_detectado,0df81a9c49d379976e8d06ee6786361b4d6553d11428370fbf032fc0d14c8ab2
2025,Extra Grande,LEXUS,NX 450H PLUG-IN (MY26),NX450H PLUG-IN,2.5 - 16V,Plug-in,PHEV_rotulo_inmetro,G,0.61,56.0,5,https://www.gov.br/inmetro/pt-br/assuntos/regulamentacao/avaliacao-da-conformidade/programa-brasileiro-de-etiquetagem/tabelas-de-eficiencia-energetica/veiculos-automotivos-pbe-veicular/mascara-pbev-2025-mar-11.pdf/@@download/file,9528deace7d2cdf9db07d640eb086ef8191d35ef17f4ed467df08f7a57b1f39b,2026-10-01T16:59:17.909090+00:00,km_ensaio_padronizado,catalogo_de_versoes_nao_vendas_nem_telemetria,linhas_extraidas_sem_erro_detectado,e9ecf447ac9a6f0f9d6d7c3a2374a9ab9a0827861879e979c1d62bd15f757e8c
2025,Extra Grande,Mercedes-Benz,C 200,AMG LINE,1.5-16V,Híbrido,HIBRIDO_rotulo_inmetro,G,3.17,,5,https://www.gov.br/inmetro/pt-br/assuntos/regulamentacao/avaliacao-da-conformidade/programa-brasileiro-de-etiquetagem/tabelas-de-eficiencia-energetica/veiculos-automotivos-pbe-veicular/mascara-pbev-2025-mar-11.pdf/@@download/file,9528deace7d2cdf9db07d640eb086ef8191d35ef17f4ed467df08f7a57b1f39b,2026-10-01T16:59:17.909090+00:00,km_ensaio_padronizado,catalogo_de_versoes_nao_vendas_nem_telemetria,linhas_extraidas_sem_erro_detectado,07c35da6796de3d1e4c3c5527670fa38fde38011a9c855d336b32c88ce463aa0
2025,Extra Grande,Mercedes-Benz,C 300,AMG LINE,2.0-16V,Híbrido,HIBRIDO_rotulo_inmetro,G,1.84,,5,https://www.gov.br/inmetro/pt-br/assuntos/regulamentacao/avaliacao-da-conformidade/programa-brasileiro-de-etiquetagem/tabelas-de-eficiencia-energetica/veiculos-automotivos-pbe-veicular/mascara-pbev-2025-mar-11.pdf/@@download/file,9528deace7d2cdf9db07d640eb086ef8191d35ef17f4ed467df08f7a57b1f39b,2026-10-01T16:59:17.909090+00:00,km_ensaio_padronizado,catalogo_de_versoes_nao_vendas_nem_telemetria,linhas_extraidas_sem_erro_detectado,55c8bca13714bcc910b53f57ff6665ab8c68f5037a64452aaee2ab0d5aedf26b
2025,Extra Grande,Mercedes-Benz,C 300,AMG LINE,2.0-16V,Híbrido,HIBRIDO_rotulo_inmetro,G,1.71,,5,https://www.gov.br/inmetro/pt-br/assuntos/regulamentacao/avaliacao-da-conformidade/programa-brasileiro-de-etiquetagem/tabelas-de-eficiencia-energetica/veiculos-automotivos-pbe-veicular/mascara-pbev-2025-mar-11.pdf/@@download/file,9528deace7d2cdf9db07d640eb086ef8191d35ef17f4ed467df08f7a57b1f39b,2026-10-01T16:59:17.909090+00:00,km_ensaio_padronizado,catalogo_de_versoes_nao_vendas_nem_telemetria,linhas_extraidas_sem_erro_detectado,a9fa3441607854aad22d500a5b33d5733a9d7fd7ff3db088eb8166323c059bbe
2025,Extra Grande,Mercedes-Benz,AMG C 63S EP,F1,2.0-16V,Plug-in,PHEV_rotulo_inmetro,G,1.81,9.0,5,https://www.gov.br/inmetro/pt-br/assuntos/regulamentacao/avaliacao-da-conformidade/programa-brasileiro-de-etiquetagem/tabelas-de-eficiencia-energetica/veiculos-automotivos-pbe-veicular/mascara-pbev-2025-mar-11.pdf/@@download/file,9528deace7d2cdf9db07d640eb086ef8191d35ef17f4ed467df08f7a57b1f39b,2026-10-01T16:59:17.909090+00:00,km_ensaio_padronizado,catalogo_de_versoes_nao_vendas_nem_telemetria,linhas_extraidas_sem_erro_detectado,30928fb1a07af139e23319f6e865a04fe8f21fe86a63c9d6975b8704359d0d50
2025,Extra Grande,Mercedes-Benz,AMG C 63S EP,,2.0-16V,Híbrido,HIBRIDO_rotulo_inmetro,G,2.6,,5,https://www.gov.br/inmetro/pt-br/assuntos/regulamentacao/avaliacao-da-conformidade/programa-brasileiro-de-etiquetagem/tabelas-de-eficiencia-energetica/veiculos-automotivos-pbe-veicular/mascara-pbev-2025-mar-11.pdf/@@download/file,9528deace7d2cdf9db07d640eb086ef8191d35ef17f4ed467df08f7a57b1f39b,2026-10-01T16:59:17.909090+00:00,km_ensaio_padronizado,catalogo_de_versoes_nao_vendas_nem_telemetria,linhas_extraidas_sem_erro_detectado,8d7d3619dfe87e92085242dc824e5160d31c03a5cd49875403436d6b9108798d
2025,Extra Grande,Mercedes-Benz,CLA 200,AMG LINE,1.3-16V,Híbrido,HIBRIDO_rotulo_inmetro,G,1.68,,5,https://www.gov.br/inmetro/pt-br/assuntos/regulamentacao/avaliacao-da-conformidade/programa-brasileiro-de-etiquetagem/tabelas-de-eficiencia-energetica/veiculos-automotivos-pbe-veicular/mascara-pbev-2025-mar-11.pdf/@@download/file,9528deace7d2cdf9db07d640eb086ef8191d35ef17f4ed467df08f7a57b1f39b,2026-10-01T16:59:17.909090+00:00,km_ensaio_padronizado,catalogo_de_versoes_nao_vendas_nem_telemetria,linhas_extraidas_sem_erro_detectado,ad033a2fec03a0bf35368ef919c448f520ca3955b218766ff4fd4c9f67de150d
2025,Extra Grande,Mercedes-Benz,CLA 200,PROGRESSIVE,1.3-16V,Híbrido,HIBRIDO_rotulo_inmetro,G,2.35,,5,https://www.gov.br/inmetro/pt-br/assuntos/regulamentacao/avaliacao-da-conformidade/programa-brasileiro-de-etiquetagem/tabelas-de-eficiencia-energetica/veiculos-automotivos-pbe-veicular/mascara-pbev-2025-mar-11.pdf/@@download/file,9528deace7d2cdf9db07d640eb086ef8191d35ef17f4ed467df08f7a57b1f39b,2026-10-01T16:59:17.909090+00:00,km_ensaio_padronizado,catalogo_de_versoes_nao_vendas_nem_telemetria,linhas_extraidas_sem_erro_detectado,a2d594ca84555078a225666d38bc3255396993733bc75a55cf1241bc19a886f2
2025,Extra Grande,Mercedes-Benz,AMG CLA35 4M,,2.0-16V,Híbrido,HIBRIDO_rotulo_inmetro,G,1.98,,5,https://www.gov.br/inmetro/pt-br/assuntos/regulamentacao/avaliacao-da-conformidade/programa-brasileiro-de-etiquetagem/tabelas-de-eficiencia-energetica/veiculos-automotivos-pbe-veicular/mascara-pbev-2025-mar-11.pdf/@@download/file,9528deace7d2cdf9db07d640eb086ef8191d35ef17f4ed467df08f7a57b1f39b,2026-10-01T16:59:17.909090+00:00,km_ensaio_padronizado,catalogo_de_versoes_nao_vendas_nem_telemetria,linhas_extraidas_sem_erro_detectado,7354b81b7d4471ac6d77abd482461308328d5986dbcea03c2bf0c699b561625c
2025,Extra Grande,Mercedes-Benz,AMG CLA45S 4M,,2.0-16V,Híbrido,HIBRIDO_rotulo_inmetro,G,2.98,,5,https://www.gov.br/inmetro/pt-br/assuntos/regulamentacao/avaliacao-da-conformidade/programa-brasileiro-de-etiquetagem/tabelas-de-eficiencia-energetica/veiculos-automotivos-pbe-veicular/mascara-pbev-2025-mar-11.pdf/@@download/file,9528deace7d2cdf9db07d640eb086ef8191d35ef17f4ed467df08f7a57b1f39b,2026-10-01T16:59:17.909090+00:00,km_ensaio_padronizado,catalogo_de_versoes_nao_vendas_nem_telemetria,linhas_extraidas_sem_erro_detectado,2949a166ace4acfe9528372054a24486985efd614c8907c71cbcacb3bced439a
2025,Extra Grande,Mercedes-Benz,GLB 200,PROGRESSIVE,1.3-16V,Híbrido,HIBRIDO_rotulo_inmetro,G,2.01,,5,https://www.gov.br/inmetro/pt-br/assuntos/regulamentacao/avaliacao-da-conformidade/programa-brasileiro-de-etiquetagem/tabelas-de-eficiencia-energetica/veiculos-automotivos-pbe-veicular/mascara-pbev-2025-mar-11.pdf/@@download/file,9528deace7d2cdf9db07d640eb086ef8191d35ef17f4ed467df08f7a57b1f39b,2026-10-01T16:59:17.909090+00:00,km_ensaio_padronizado,catalogo_de_versoes_nao_vendas_nem_telemetria,linhas_extraidas_sem_erro_detectado,960bc83ab0e5be29e82d9baf67bd9141d5e1111c6d0ebe536e26a273df213176
2025,Extra Grande,Mercedes-Benz,GLB 220 4M,AMG LINE,2.0-16V,Híbrido,HIBRIDO_rotulo_inmetro,G,2.1,,5,https://www.gov.br/inmetro/pt-br/assuntos/regulamentacao/avaliacao-da-conformidade/programa-brasileiro-de-etiquetagem/tabelas-de-eficiencia-energetica/veiculos-automotivos-pbe-veicular/mascara-pbev-2025-mar-11.pdf/@@download/file,9528deace7d2cdf9db07d640eb086ef8191d35ef17f4ed467df08f7a57b1f39b,2026-10-01T16:59:17.909090+00:00,km_ensaio_padronizado,catalogo_de_versoes_nao_vendas_nem_telemetria,linhas_extraidas_sem_erro_detectado,395f190d7e8a8a0a78a7ffe0f968499bc85f73f331824e074bb6c4b5d6f213ac
2025,Extra Grande,Mercedes-Benz,GLB 220 4M,PROGRESSIVE,2.0-16V,Híbrido,HIBRIDO_rotulo_inmetro,G,2.46,,5,https://www.gov.br/inmetro/pt-br/assuntos/regulamentacao/avaliacao-da-conformidade/programa-brasileiro-de-etiquetagem/tabelas-de-eficiencia-energetica/veiculos-automotivos-pbe-veicular/mascara-pbev-2025-mar-11.pdf/@@download/file,9528deace7d2cdf9db07d640eb086ef8191d35ef17f4ed467df08f7a57b1f39b,2026-10-01T16:59:17.909090+00:00,km_ensaio_padronizado,catalogo_de_versoes_nao_vendas_nem_telemetria,linhas_extraidas_sem_erro_detectado,619d11ed2eebbc693ba7fd94a0baf51e138246068e34ec9d3170938afe17e1fd
2025,Extra Grande,Mercedes-Benz,AMG GLB 35 4M,,2.0-16V,Híbrido,HIBRIDO_rotulo_inmetro,G,2.79,,5,https://www.gov.br/inmetro/pt-br/assuntos/regulamentacao/avaliacao-da-conformidade/programa-brasileiro-de-etiquetagem/tabelas-de-eficiencia-energetica/veiculos-automotivos-pbe-veicular/mascara-pbev-2025-mar-11.pdf/@@download/file,9528deace7d2cdf9db07d640eb086ef8191d35ef17f4ed467df08f7a57b1f39b,2026-10-01T16:59:17.909090+00:00,km_ensaio_padronizado,catalogo_de_versoes_nao_vendas_nem_telemetria,linhas_extraidas_sem_erro_detectado,47d8a30fc6070620cef20cc293ec3f4f16c84ee977bc5f383b7f124381fbf651
2025,Extra Grande,Mercedes-Benz,AMG GLB35 4M,,2.0-16V,Híbrido,HIBRIDO_rotulo_inmetro,G,1.91,,5,https://www.gov.br/inmetro/pt-br/assuntos/regulamentacao/avaliacao-da-conformidade/programa-brasileiro-de-etiquetagem/tabelas-de-eficiencia-energetica/veiculos-automotivos-pbe-veicular/mascara-pbev-2025-mar-11.pdf/@@download/file,9528deace7d2cdf9db07d640eb086ef8191d35ef17f4ed467df08f7a57b1f39b,2026-10-01T16:59:17.909090+00:00,km_ensaio_padronizado,catalogo_de_versoes_nao_vendas_nem_telemetria,linhas_extraidas_sem_erro_detectado,dc2540bcbb0d64470deb48c802c3941cba2fd38cebda56e6a96fe99a0b503c7d
2025,Extra Grande,Mercedes-Benz,GLB 220 4M,AMG LINE,2.0-16V,Plug-in,PHEV_rotulo_inmetro,G,2.94,9.0,5,https://www.gov.br/inmetro/pt-br/assuntos/regulamentacao/avaliacao-da-conformidade/programa-brasileiro-de-etiquetagem/tabelas-de-eficiencia-energetica/veiculos-automotivos-pbe-veicular/mascara-pbev-2025-mar-11.pdf/@@download/file,9528deace7d2cdf9db07d640eb086ef8191d35ef17f4ed467df08f7a57b1f39b,2026-10-01T16:59:17.909090+00:00,km_ensaio_padronizado,catalogo_de_versoes_nao_vendas_nem_telemetria,linhas_extraidas_sem_erro_detectado,fe8829b32d66a667d9862a55a302f68061497edc027442027f8a5835fc41cdb7
2025,Extra Grande,Mercedes-Benz,GLB 220 4M,PROGRESSIVE,2.0-16V,Plug-in,PHEV_rotulo_inmetro,G,1.81,9.0,5,https://www.gov.br/inmetro/pt-br/assuntos/regulamentacao/avaliacao-da-conformidade/programa-brasileiro-de-etiquetagem/tabelas-de-eficiencia-energetica/veiculos-automotivos-pbe-veicular/mascara-pbev-2025-mar-11.pdf/@@download/file,9528deace7d2cdf9db07d640eb086ef8191d35ef17f4ed467df08f7a57b1f39b,2026-10-01T16:59:17.909090+00:00,km_ensaio_padronizado,catalogo_de_versoes_nao_vendas_nem_telemetria,linhas_extraidas_sem_erro_detectado,6c6a40dcd976b8fad348a5e436d10404ba39680f580a40d5b20ab93fc61a184d
2025,Extra Grande,Mercedes-Benz,AMG GLC 43,,2.0-16V,Híbrido,HIBRIDO_rotulo_inmetro,G,2.79,,5,https://www.gov.br/inmetro/pt-br/assuntos/regulamentacao/avaliacao-da-conformidade/programa-brasileiro-de-etiquetagem/tabelas-de-eficiencia-energetica/veiculos-automotivos-pbe-veicular/mascara-pbev-2025-mar-11.pdf/@@download/file,9528deace7d2cdf9db07d640eb086ef8191d35ef17f4ed467df08f7a57b1f39b,2026-10-01T16:59:17.909090+00:00,km_ensaio_padronizado,catalogo_de_versoes_nao_vendas_nem_telemetria,linhas_extraidas_sem_erro_detectado,52aad53257405f9701daf68c173e40186a019061199612709b069e70d87ef897
2025,Extra Grande,Mercedes-Benz,AMG GLC 43,Coupé,2.0-16V,Plug-in,PHEV_rotulo_inmetro,G,2.98,18.0,5,https://www.gov.br/inmetro/pt-br/assuntos/regulamentacao/avaliacao-da-conformidade/programa-brasileiro-de-etiquetagem/tabelas-de-eficiencia-energetica/veiculos-automotivos-pbe-veicular/mascara-pbev-2025-mar-11.pdf/@@download/file,9528deace7d2cdf9db07d640eb086ef8191d35ef17f4ed467df08f7a57b1f39b,2026-10-01T16:59:17.909090+00:00,km_ensaio_padronizado,catalogo_de_versoes_nao_vendas_nem_telemetria,linhas_extraidas_sem_erro_detectado,dd04eabcfdd18710bdc1185bd0f32909536dda2a48a1d3542557e605b99a71cd
2025,Extra Grande,Mercedes-Benz,AMG GLC 63S EP,,2.0-16V,Híbrido,HIBRIDO_rotulo_inmetro,G,3.48,,5,https://www.gov.br/inmetro/pt-br/assuntos/regulamentacao/avaliacao-da-conformidade/programa-brasileiro-de-etiquetagem/tabelas-de-eficiencia-energetica/veiculos-automotivos-pbe-veicular/mascara-pbev-2025-mar-11.pdf/@@download/file,9528deace7d2cdf9db07d640eb086ef8191d35ef17f4ed467df08f7a57b1f39b,2026-10-01T16:59:17.909090+00:00,km_ensaio_padronizado,catalogo_de_versoes_nao_vendas_nem_telemetria,linhas_extraidas_sem_erro_detectado,cf8270fff3e99aabe3ba91012e24752ca128b64392e5096a677f547d257b5507
2025,Extra Grande,Mercedes-Benz,AMG GLC 43,CO,2.0-16V,Híbrido,HIBRIDO_rotulo_inmetro,G,2.98,,5,https://www.gov.br/inmetro/pt-br/assuntos/regulamentacao/avaliacao-da-conformidade/programa-brasileiro-de-etiquetagem/tabelas-de-eficiencia-energetica/veiculos-automotivos-pbe-veicular/mascara-pbev-2025-mar-11.pdf/@@download/file,9528deace7d2cdf9db07d640eb086ef8191d35ef17f4ed467df08f7a57b1f39b,2026-10-01T16:59:17.909090+00:00,km_ensaio_padronizado,catalogo_de_versoes_nao_vendas_nem_telemetria,linhas_extraidas_sem_erro_detectado,59989e16375ab12ca9e0f84be33caf2b907f21a96f2d83cb54d05d7cc34d8d65
2025,Extra Grande,Mercedes-Benz,AMG GLC 43,,2.0-16V,Híbrido,HIBRIDO_rotulo_inmetro,G,1.91,,5,https://www.gov.br/inmetro/pt-br/assuntos/regulamentacao/avaliacao-da-conformidade/programa-brasileiro-de-etiquetagem/tabelas-de-eficiencia-energetica/veiculos-automotivos-pbe-veicular/mascara-pbev-2025-mar-11.pdf/@@download/file,9528deace7d2cdf9db07d640eb086ef8191d35ef17f4ed467df08f7a57b1f39b,2026-10-01T16:59:17.909090+00:00,km_ensaio_padronizado,catalogo_de_versoes_nao_vendas_nem_telemetria,linhas_extraidas_sem_erro_detectado,f70055083864d2e9934cce92821b47a9ada1745b8e1c3f728b16403479e11a67
2025,Extra Grande,Mercedes-Benz,AMG GLE 63 S CO,Coupé,4.0-32V,Híbrido,HIBRIDO_rotulo_inmetro,G,2.84,,5,https://www.gov.br/inmetro/pt-br/assuntos/regulamentacao/avaliacao-da-conformidade/programa-brasileiro-de-etiquetagem/tabelas-de-eficiencia-energetica/veiculos-automotivos-pbe-veicular/mascara-pbev-2025-mar-11.pdf/@@download/file,9528deace7d2cdf9db07d640eb086ef8191d35ef17f4ed467df08f7a57b1f39b,2026-10-01T16:59:17.909090+00:00,km_ensaio_padronizado,catalogo_de_versoes_nao_vendas_nem_telemetria,linhas_extraidas_sem_erro_detectado,84191524ff8e6c310b83814d31b74a5228969abee9cc4bebfab4e538fbb577a7
2025,Extra Grande,Mercedes-Benz,AMG GLE 53 4M,,3.0-24V,Híbrido,HIBRIDO_rotulo_inmetro,G,1.91,,5,https://www.gov.br/inmetro/pt-br/assuntos/regulamentacao/avaliacao-da-conformidade/programa-brasileiro-de-etiquetagem/tabelas-de-eficiencia-energetica/veiculos-automotivos-pbe-veicular/mascara-pbev-2025-mar-11.pdf/@@download/file,9528deace7d2cdf9db07d640eb086ef8191d35ef17f4ed467df08f7a57b1f39b,2026-10-01T16:59:17.909090+00:00,km_ensaio_padronizado,catalogo_de_versoes_nao_vendas_nem_telemetria,linhas_extraidas_sem_erro_detectado,81832e6ca3d6126c964a07aa55ad0e27b6f79fc1986de5467c6ac878f552594f
2025,Extra Grande,Mercedes-Benz,AMG GLE 53 4M,,3.0-24V,Híbrido,HIBRIDO_rotulo_inmetro,G,2.81,,5,https://www.gov.br/inmetro/pt-br/assuntos/regulamentacao/avaliacao-da-conformidade/programa-brasileiro-de-etiquetagem/tabelas-de-eficiencia-energetica/veiculos-automotivos-pbe-veicular/mascara-pbev-2025-mar-11.pdf/@@download/file,9528deace7d2cdf9db07d640eb086ef8191d35ef17f4ed467df08f7a57b1f39b,2026-10-01T16:59:17.909090+00:00,km_ensaio_padronizado,catalogo_de_versoes_nao_vendas_nem_telemetria,linhas_extraidas_sem_erro_detectado,facf1172ef5df68ce812e4cd23155248fae11a68fd08840be3440e8d8e6c728c
2025,Extra Grande,Mercedes-Benz,E300,EXCLUSIVE,2.0-16V,Híbrido,HIBRIDO_rotulo_inmetro,G,2.1,,5,https://www.gov.br/inmetro/pt-br/assuntos/regulamentacao/avaliacao-da-conformidade/programa-brasileiro-de-etiquetagem/tabelas-de-eficiencia-energetica/veiculos-automotivos-pbe-veicular/mascara-pbev-2025-mar-11.pdf/@@download/file,9528deace7d2cdf9db07d640eb086ef8191d35ef17f4ed467df08f7a57b1f39b,2026-10-01T16:59:17.909090+00:00,km_ensaio_padronizado,catalogo_de_versoes_nao_vendas_nem_telemetria,linhas_extraidas_sem_erro_detectado,3c843a18e8075f8dbe3c9aae2c98fda5a6b9a419aa79dad59c0fa3f72ba7daf5
2025,Extra Grande,Mercedes-Benz,EQA 250,,ELÉTRICO,ELÉTRICO,BEV_rotulo_inmetro,E,0.58,321.0,5,https://www.gov.br/inmetro/pt-br/assuntos/regulamentacao/avaliacao-da-conformidade/programa-brasileiro-de-etiquetagem/tabelas-de-eficiencia-energetica/veiculos-automotivos-pbe-veicular/mascara-pbev-2025-mar-11.pdf/@@download/file,9528deace7d2cdf9db07d640eb086ef8191d35ef17f4ed467df08f7a57b1f39b,2026-10-01T16:59:17.909090+00:00,km_ensaio_padronizado,catalogo_de_versoes_nao_vendas_nem_telemetria,linhas_extraidas_sem_erro_detectado,fd38be3573a7e5d1023a35409ead80244220c2eacdccbface44f13235dc168f2
2025,Extra Grande,Mercedes-Benz,EQA 250,AMG Line,Elétrico,Elétrico,BEV_rotulo_inmetro,E,0.58,321.0,5,https://www.gov.br/inmetro/pt-br/assuntos/regulamentacao/avaliacao-da-conformidade/programa-brasileiro-de-etiquetagem/tabelas-de-eficiencia-energetica/veiculos-automotivos-pbe-veicular/mascara-pbev-2025-mar-11.pdf/@@download/file,9528deace7d2cdf9db07d640eb086ef8191d35ef17f4ed467df08f7a57b1f39b,2026-10-01T16:59:17.909090+00:00,km_ensaio_padronizado,catalogo_de_versoes_nao_vendas_nem_telemetria,linhas_extraidas_sem_erro_detectado,182434374a8e25fb7529197305f73e8025b8ff7ffaad6f38be0c326c5a4a5491
2025,Extra Grande,Mercedes-Benz,EQB 250,,ELÉTRICO,ELÉTRICO,BEV_rotulo_inmetro,E,0.69,272.0,5,https://www.gov.br/inmetro/pt-br/assuntos/regulamentacao/avaliacao-da-conformidade/programa-brasileiro-de-etiquetagem/tabelas-de-eficiencia-energetica/veiculos-automotivos-pbe-veicular/mascara-pbev-2025-mar-11.pdf/@@download/file,9528deace7d2cdf9db07d640eb086ef8191d35ef17f4ed467df08f7a57b1f39b,2026-10-01T16:59:17.909090+00:00,km_ensaio_padronizado,catalogo_de_versoes_nao_vendas_nem_telemetria,linhas_extraidas_sem_erro_detectado,787988c2ed0f19caba1172898c62b307e3121358470fbc37015d9f0b17903ff8
2025,Extra Grande,Mercedes-Benz,EQB 350 4M,,ELÉTRICO,ELÉTRICO,BEV_rotulo_inmetro,E,0.53,376.0,5,https://www.gov.br/inmetro/pt-br/assuntos/regulamentacao/avaliacao-da-conformidade/programa-brasileiro-de-etiquetagem/tabelas-de-eficiencia-energetica/veiculos-automotivos-pbe-veicular/mascara-pbev-2025-mar-11.pdf/@@download/file,9528deace7d2cdf9db07d640eb086ef8191d35ef17f4ed467df08f7a57b1f39b,2026-10-01T16:59:17.909090+00:00,km_ensaio_padronizado,catalogo_de_versoes_nao_vendas_nem_telemetria,linhas_extraidas_sem_erro_detectado,b7947cce2bbdf0c4ffe9a591f4023fa58c7c153430d4c3894b73899ea91c5ce3
2025,Extra Grande,Mercedes-Benz,EQB 250+,,ELÉTRICO,ELÉTRICO,BEV_rotulo_inmetro,E,0.7,369.0,5,https://www.gov.br/inmetro/pt-br/assuntos/regulamentacao/avaliacao-da-conformidade/programa-brasileiro-de-etiquetagem/tabelas-de-eficiencia-energetica/veiculos-automotivos-pbe-veicular/mascara-pbev-2025-mar-11.pdf/@@download/file,9528deace7d2cdf9db07d640eb086ef8191d35ef17f4ed467df08f7a57b1f39b,2026-10-01T16:59:17.909090+00:00,km_ensaio_padronizado,catalogo_de_versoes_nao_vendas_nem_telemetria,linhas_extraidas_sem_erro_detectado,f0390da0ce90641de2d7a7a0fdefc196ef7751709efae76486188927d04b72b5
2025,Extra Grande,Mercedes-Benz,EQE 300,,ELÉTRICO,ELÉTRICO,BEV_rotulo_inmetro,E,0.7,367.0,5,https://www.gov.br/inmetro/pt-br/assuntos/regulamentacao/avaliacao-da-conformidade/programa-brasileiro-de-etiquetagem/tabelas-de-eficiencia-energetica/veiculos-automotivos-pbe-veicular/mascara-pbev-2025-mar-11.pdf/@@download/file,9528deace7d2cdf9db07d640eb086ef8191d35ef17f4ed467df08f7a57b1f39b,2026-10-01T16:59:17.909090+00:00,km_ensaio_padronizado,catalogo_de_versoes_nao_vendas_nem_telemetria,linhas_extraidas_sem_erro_detectado,ac6f5e47cdaeb284d23902a2798d0868c7812732164c6c44743b5552fbe4bee2
2025,Extra Grande,Mercedes-Benz,EQE 300,SUV,ELÉTRICO,ELÉTRICO,BEV_rotulo_inmetro,E,0.8,338.0,5,https://www.gov.br/inmetro/pt-br/assuntos/regulamentacao/avaliacao-da-conformidade/programa-brasileiro-de-etiquetagem/tabelas-de-eficiencia-energetica/veiculos-automotivos-pbe-veicular/mascara-pbev-2025-mar-11.pdf/@@download/file,9528deace7d2cdf9db07d640eb086ef8191d35ef17f4ed467df08f7a57b1f39b,2026-10-01T16:59:17.909090+00:00,km_ensaio_padronizado,catalogo_de_versoes_nao_vendas_nem_telemetria,linhas_extraidas_sem_erro_detectado,facb931d732f8a83aff8e41a3e8690ad57c08c9828d0626c83b06cdad66a5cd7
2025,Extra Grande,Mercedes-Benz,AMG EQE 53,SUV,ELÉTRICO,ELÉTRICO,BEV_rotulo_inmetro,E,0.69,406.0,5,https://www.gov.br/inmetro/pt-br/assuntos/regulamentacao/avaliacao-da-conformidade/programa-brasileiro-de-etiquetagem/tabelas-de-eficiencia-energetica/veiculos-automotivos-pbe-veicular/mascara-pbev-2025-mar-11.pdf/@@download/file,9528deace7d2cdf9db07d640eb086ef8191d35ef17f4ed467df08f7a57b1f39b,2026-10-01T16:59:17.909090+00:00,km_ensaio_padronizado,catalogo_de_versoes_nao_vendas_nem_telemetria,linhas_extraidas_sem_erro_detectado,7a80d320ba6a2f8613b78cac9061d8d9a22f47c4a1023d6f1bc0c34062a185df
2025,Extra Grande,Mercedes-Benz,EQE 350,SUV,ELÉTRICO,ELÉTRICO,BEV_rotulo_inmetro,E,0.58,484.0,5,https://www.gov.br/inmetro/pt-br/assuntos/regulamentacao/avaliacao-da-conformidade/programa-brasileiro-de-etiquetagem/tabelas-de-eficiencia-energetica/veiculos-automotivos-pbe-veicular/mascara-pbev-2025-mar-11.pdf/@@download/file,9528deace7d2cdf9db07d640eb086ef8191d35ef17f4ed467df08f7a57b1f39b,2026-10-01T16:59:17.909090+00:00,km_ensaio_padronizado,catalogo_de_versoes_nao_vendas_nem_telemetria,linhas_extraidas_sem_erro_detectado,c42b588054b1ad3e236fefbaeb49dffcbe2e03cf0dbb49327b99bf77c8106ec1
2025,Extra Grande,Mercedes-Benz,EQE 350,,ELÉTRICO,ELÉTRICO,BEV_rotulo_inmetro,E,0.76,411.0,5,https://www.gov.br/inmetro/pt-br/assuntos/regulamentacao/avaliacao-da-conformidade/programa-brasileiro-de-etiquetagem/tabelas-de-eficiencia-energetica/veiculos-automotivos-pbe-veicular/mascara-pbev-2025-mar-11.pdf/@@download/file,9528deace7d2cdf9db07d640eb086ef8191d35ef17f4ed467df08f7a57b1f39b,2026-10-01T16:59:17.909090+00:00,km_ensaio_padronizado,catalogo_de_versoes_nao_vendas_nem_telemetria,linhas_extraidas_sem_erro_detectado,efe17f5c47c11af232b91f4b56a4fa3b22bd301c9dc5d0f3096fc9dc2a27de27
2025,Extra Grande,Mercedes-Benz,EQS 450,,ELÉTRICO,ELÉTRICO,BEV_rotulo_inmetro,E,0.7,472.0,5,https://www.gov.br/inmetro/pt-br/assuntos/regulamentacao/avaliacao-da-conformidade/programa-brasileiro-de-etiquetagem/tabelas-de-eficiencia-energetica/veiculos-automotivos-pbe-veicular/mascara-pbev-2025-mar-11.pdf/@@download/file,9528deace7d2cdf9db07d640eb086ef8191d35ef17f4ed467df08f7a57b1f39b,2026-10-01T16:59:17.909090+00:00,km_ensaio_padronizado,catalogo_de_versoes_nao_vendas_nem_telemetria,linhas_extraidas_sem_erro_detectado,2f3d064820798e4b2366733316c5b51b1798643d3979b23a248988f5c894267a
2025,Extra Grande,Mercedes-Benz,AMG EQS 53 4M,,ELÉTRICO,ELÉTRICO,BEV_rotulo_inmetro,E,0.72,470.0,6,https://www.gov.br/inmetro/pt-br/assuntos/regulamentacao/avaliacao-da-conformidade/programa-brasileiro-de-etiquetagem/tabelas-de-eficiencia-energetica/veiculos-automotivos-pbe-veicular/mascara-pbev-2025-mar-11.pdf/@@download/file,9528deace7d2cdf9db07d640eb086ef8191d35ef17f4ed467df08f7a57b1f39b,2026-10-01T16:59:17.909090+00:00,km_ensaio_padronizado,catalogo_de_versoes_nao_vendas_nem_telemetria,linhas_extraidas_sem_erro_detectado,4db17af4e664da180cbbe69d716379430057058bdd856b811ca2a8efacdc97cd
2025,Extra Grande,Mercedes-Benz,EQS 450 4M,,ELÉTRICO,Híbrido,HIBRIDO_rotulo_inmetro,G,1.68,,6,https://www.gov.br/inmetro/pt-br/assuntos/regulamentacao/avaliacao-da-conformidade/programa-brasileiro-de-etiquetagem/tabelas-de-eficiencia-energetica/veiculos-automotivos-pbe-veicular/mascara-pbev-2025-mar-11.pdf/@@download/file,9528deace7d2cdf9db07d640eb086ef8191d35ef17f4ed467df08f7a57b1f39b,2026-10-01T16:59:17.909090+00:00,km_ensaio_padronizado,catalogo_de_versoes_nao_vendas_nem_telemetria,linhas_extraidas_sem_erro_detectado,0961a705b225e9d198305ddd81145e07ee75553a90001dd75af8fda904a7e725
2025,Extra Grande,Mercedes-Benz,AMG S63 EP,,4.0-32V,Híbrido,HIBRIDO_rotulo_inmetro,G,2.46,,6,https://www.gov.br/inmetro/pt-br/assuntos/regulamentacao/avaliacao-da-conformidade/programa-brasileiro-de-etiquetagem/tabelas-de-eficiencia-energetica/veiculos-automotivos-pbe-veicular/mascara-pbev-2025-mar-11.pdf/@@download/file,9528deace7d2cdf9db07d640eb086ef8191d35ef17f4ed467df08f7a57b1f39b,2026-10-01T16:59:17.909090+00:00,km_ensaio_padronizado,catalogo_de_versoes_nao_vendas_nem_telemetria,linhas_extraidas_sem_erro_detectado,91f0c2f47f76bdba17218d2a5c5e44ec1ea2f4b2bc49d511f4c6ff8433561eea
2025,Extra Grande,Mercedes-Benz,GLS 450 4M,,3.0-24V,Híbrido,HIBRIDO_rotulo_inmetro,G,2.75,,6,https://www.gov.br/inmetro/pt-br/assuntos/regulamentacao/avaliacao-da-conformidade/programa-brasileiro-de-etiquetagem/tabelas-de-eficiencia-energetica/veiculos-automotivos-pbe-veicular/mascara-pbev-2025-mar-11.pdf/@@download/file,9528deace7d2cdf9db07d640eb086ef8191d35ef17f4ed467df08f7a57b1f39b,2026-10-01T16:59:17.909090+00:00,km_ensaio_padronizado,catalogo_de_versoes_nao_vendas_nem_telemetria,linhas_extraidas_sem_erro_detectado,c9748effc36f69a530c39a0ae15f731771c142d4ed94284452200358e9c56151
2025,Extra Grande,Mercedes-Benz,GLS 450 4M,AMG L,3.0-24V,Plug-in,PHEV_rotulo_inmetro,G,0.77,58.0,6,https://www.gov.br/inmetro/pt-br/assuntos/regulamentacao/avaliacao-da-conformidade/programa-brasileiro-de-etiquetagem/tabelas-de-eficiencia-energetica/veiculos-automotivos-pbe-veicular/mascara-pbev-2025-mar-11.pdf/@@download/file,9528deace7d2cdf9db07d640eb086ef8191d35ef17f4ed467df08f7a57b1f39b,2026-10-01T16:59:17.909090+00:00,km_ensaio_padronizado,catalogo_de_versoes_nao_vendas_nem_telemetria,linhas_extraidas_sem_erro_detectado,cf53625d89e566a75d82bc773bb5321c649f211c828cf3c0bdefb21f3d012b0d
2025,Extra Grande,Mitsubishi,Outlander,HPE-S E,2.4-16V,Plug-in,PHEV_rotulo_inmetro,G,0.77,58.0,6,https://www.gov.br/inmetro/pt-br/assuntos/regulamentacao/avaliacao-da-conformidade/programa-brasileiro-de-etiquetagem/tabelas-de-eficiencia-energetica/veiculos-automotivos-pbe-veicular/mascara-pbev-2025-mar-11.pdf/@@download/file,9528deace7d2cdf9db07d640eb086ef8191d35ef17f4ed467df08f7a57b1f39b,2026-10-01T16:59:17.909090+00:00,km_ensaio_padronizado,catalogo_de_versoes_nao_vendas_nem_telemetria,linhas_extraidas_sem_erro_detectado,d9977532e4472be8b68920efe3003feccc56c4698cbf322f91037a8c1bb48c5c
2025,Extra Grande,Mitsubishi,Outlander,SIGNATURE E,2.4-16V,Plug-in,PHEV_rotulo_inmetro,G,0.77,58.0,6,https://www.gov.br/inmetro/pt-br/assuntos/regulamentacao/avaliacao-da-conformidade/programa-brasileiro-de-etiquetagem/tabelas-de-eficiencia-energetica/veiculos-automotivos-pbe-veicular/mascara-pbev-2025-mar-11.pdf/@@download/file,9528deace7d2cdf9db07d640eb086ef8191d35ef17f4ed467df08f7a57b1f39b,2026-10-01T16:59:17.909090+00:00,km_ensaio_padronizado,catalogo_de_versoes_nao_vendas_nem_telemetria,linhas_extraidas_sem_erro_detectado,b567a00ec5728501d14a8d7a9e430fb54338a1a92547a7a3e134e998deb512b4
2025,Extra Grande,NISSAN,Ariya,ENG 2WD,ELÉTRICO,ELÉTRICO,BEV_rotulo_inmetro,E,0.52,348.0,6,https://www.gov.br/inmetro/pt-br/assuntos/regulamentacao/avaliacao-da-conformidade/programa-brasileiro-de-etiquetagem/tabelas-de-eficiencia-energetica/veiculos-automotivos-pbe-veicular/mascara-pbev-2025-mar-11.pdf/@@download/file,9528deace7d2cdf9db07d640eb086ef8191d35ef17f4ed467df08f7a57b1f39b,2026-10-01T16:59:17.909090+00:00,km_ensaio_padronizado,catalogo_de_versoes_nao_vendas_nem_telemetria,linhas_extraidas_sem_erro_detectado,8697538dcf2697d9371cc9cefe55d0064fd1a11d51943abacc0ba2146531793d
2025,Extra Grande,NISSAN,Ariya,ENG AWD,ELÉTRICO,ELÉTRICO,BEV_rotulo_inmetro,E,0.55,333.0,6,https://www.gov.br/inmetro/pt-br/assuntos/regulamentacao/avaliacao-da-conformidade/programa-brasileiro-de-etiquetagem/tabelas-de-eficiencia-energetica/veiculos-automotivos-pbe-veicular/mascara-pbev-2025-mar-11.pdf/@@download/file,9528deace7d2cdf9db07d640eb086ef8191d35ef17f4ed467df08f7a57b1f39b,2026-10-01T16:59:17.909090+00:00,km_ensaio_padronizado,catalogo_de_versoes_nao_vendas_nem_telemetria,linhas_extraidas_sem_erro_detectado,030bc874699f9bace549c98956c3d30213532de7b11d79fc1ab27ae7c58f3cb5
2025,Extra Grande,NISSAN,Ariya,PLT AWD / ENGPL AWD,ELÉTRICO,ELÉTRICO,BEV_rotulo_inmetro,E,0.61,415.0,6,https://www.gov.br/inmetro/pt-br/assuntos/regulamentacao/avaliacao-da-conformidade/programa-brasileiro-de-etiquetagem/tabelas-de-eficiencia-energetica/veiculos-automotivos-pbe-veicular/mascara-pbev-2025-mar-11.pdf/@@download/file,9528deace7d2cdf9db07d640eb086ef8191d35ef17f4ed467df08f7a57b1f39b,2026-10-01T16:59:17.909090+00:00,km_ensaio_padronizado,catalogo_de_versoes_nao_vendas_nem_telemetria,linhas_extraidas_sem_erro_detectado,c701c763496361e9fc272ef32027534961e5123236aa40e8b86c33e9e15c36b3
2025,Extra Grande,PORSCHE,MACAN,E4,ELÉTRICO,ELÉTRICO,BEV_rotulo_inmetro,E,0.6,443.0,6,https://www.gov.br/inmetro/pt-br/assuntos/regulamentacao/avaliacao-da-conformidade/programa-brasileiro-de-etiquetagem/tabelas-de-eficiencia-energetica/veiculos-automotivos-pbe-veicular/mascara-pbev-2025-mar-11.pdf/@@download/file,9528deace7d2cdf9db07d640eb086ef8191d35ef17f4ed467df08f7a57b1f39b,2026-10-01T16:59:17.909090+00:00,km_ensaio_padronizado,catalogo_de_versoes_nao_vendas_nem_telemetria,linhas_extraidas_sem_erro_detectado,2687f69800c4b2c837948fd97dff637c338b1ae8200d35bca3f3172731efe134
2025,Extra Grande,PORSCHE,MACAN,ETURBO,ELÉTRICO,ELÉTRICO,BEV_rotulo_inmetro,E,0.61,435.0,6,https://www.gov.br/inmetro/pt-br/assuntos/regulamentacao/avaliacao-da-conformidade/programa-brasileiro-de-etiquetagem/tabelas-de-eficiencia-energetica/veiculos-automotivos-pbe-veicular/mascara-pbev-2025-mar-11.pdf/@@download/file,9528deace7d2cdf9db07d640eb086ef8191d35ef17f4ed467df08f7a57b1f39b,2026-10-01T16:59:17.909090+00:00,km_ensaio_padronizado,catalogo_de_versoes_nao_vendas_nem_telemetria,linhas_extraidas_sem_erro_detectado,fcf1d9dd8a47313e5da203dbd465c033dbc58449e045beaace3ff67fc4174c4c
2025,Extra Grande,PORSCHE,MACAN,E2,ELÉTRICO,ELÉTRICO,BEV_rotulo_inmetro,E,0.6,443.0,6,https://www.gov.br/inmetro/pt-br/assuntos/regulamentacao/avaliacao-da-conformidade/programa-brasileiro-de-etiquetagem/tabelas-de-eficiencia-energetica/veiculos-automotivos-pbe-veicular/mascara-pbev-2025-mar-11.pdf/@@download/file,9528deace7d2cdf9db07d640eb086ef8191d35ef17f4ed467df08f7a57b1f39b,2026-10-01T16:59:17.909090+00:00,km_ensaio_padronizado,catalogo_de_versoes_nao_vendas_nem_telemetria,linhas_extraidas_sem_erro_detectado,83a99a63a0ea9d197e71c8a62df2e1efb6b7edcceadaed4df4ab92d5c27f9f66
2025,Extra Grande,PORSCHE,MACAN,E4S,ELÉTRICO,ELÉTRICO,BEV_rotulo_inmetro,E,0.61,438.0,6,https://www.gov.br/inmetro/pt-br/assuntos/regulamentacao/avaliacao-da-conformidade/programa-brasileiro-de-etiquetagem/tabelas-de-eficiencia-energetica/veiculos-automotivos-pbe-veicular/mascara-pbev-2025-mar-11.pdf/@@download/file,9528deace7d2cdf9db07d640eb086ef8191d35ef17f4ed467df08f7a57b1f39b,2026-10-01T16:59:17.909090+00:00,km_ensaio_padronizado,catalogo_de_versoes_nao_vendas_nem_telemetria,linhas_extraidas_sem_erro_detectado,5e2e0d50329b47672972e9450b01660294bb99153f3b6a43c323e5c5698f77bb
2025,Extra Grande,TOYOTA,RAV4,SX CONNECT,2.5-16V,Híbrido,HIBRIDO_rotulo_inmetro,G,1.43,,6,https://www.gov.br/inmetro/pt-br/assuntos/regulamentacao/avaliacao-da-conformidade/programa-brasileiro-de-etiquetagem/tabelas-de-eficiencia-energetica/veiculos-automotivos-pbe-veicular/mascara-pbev-2025-mar-11.pdf/@@download/file,9528deace7d2cdf9db07d640eb086ef8191d35ef17f4ed467df08f7a57b1f39b,2026-10-01T16:59:17.909090+00:00,km_ensaio_padronizado,catalogo_de_versoes_nao_vendas_nem_telemetria,linhas_extraidas_sem_erro_detectado,3fa0b2bf53259d17ca4b4064e3980c6ab87b6637a6d5494fda37989c9e844665
2025,Extra Grande,TOYOTA,RAV4,S CONNECT,2.5-16V,Híbrido,HIBRIDO_rotulo_inmetro,G,1.43,,6,https://www.gov.br/inmetro/pt-br/assuntos/regulamentacao/avaliacao-da-conformidade/programa-brasileiro-de-etiquetagem/tabelas-de-eficiencia-energetica/veiculos-automotivos-pbe-veicular/mascara-pbev-2025-mar-11.pdf/@@download/file,9528deace7d2cdf9db07d640eb086ef8191d35ef17f4ed467df08f7a57b1f39b,2026-10-01T16:59:17.909090+00:00,km_ensaio_padronizado,catalogo_de_versoes_nao_vendas_nem_telemetria,linhas_extraidas_sem_erro_detectado,ce093b5dc12e7efd56659c58feaf8979bebe2f4ef97fda19715f29237b3896e1
2025,Extra Grande,Volkswagen,ID.BUZZ,PRO,ELÉTRICO,ELÉTRICO,BEV_rotulo_inmetro,E,0.7,337.0,6,https://www.gov.br/inmetro/pt-br/assuntos/regulamentacao/avaliacao-da-conformidade/programa-brasileiro-de-etiquetagem/tabelas-de-eficiencia-energetica/veiculos-automotivos-pbe-veicular/mascara-pbev-2025-mar-11.pdf/@@download/file,9528deace7d2cdf9db07d640eb086ef8191d35ef17f4ed467df08f7a57b1f39b,2026-10-01T16:59:17.909090+00:00,km_ensaio_padronizado,catalogo_de_versoes_nao_vendas_nem_telemetria,linhas_extraidas_sem_erro_detectado,f5707fbd584067aacab68bda4a0a68ff8790e14ef40c46c407867e6dddb924f8
2025,Extra Grande,ZEEKR,001,Flagship,ELÉTRICO,ELÉTRICO,BEV_rotulo_inmetro,E,0.63,426.0,6,https://www.gov.br/inmetro/pt-br/assuntos/regulamentacao/avaliacao-da-conformidade/programa-brasileiro-de-etiquetagem/tabelas-de-eficiencia-energetica/veiculos-automotivos-pbe-veicular/mascara-pbev-2025-mar-11.pdf/@@download/file,9528deace7d2cdf9db07d640eb086ef8191d35ef17f4ed467df08f7a57b1f39b,2026-10-01T16:59:17.909090+00:00,km_ensaio_padronizado,catalogo_de_versoes_nao_vendas_nem_telemetria,linhas_extraidas_sem_erro_detectado,511c1e9154f5468578404d4bfffc9afcfa2173df142e7233ac215c9e3bc64f1f
2025,Extra Grande,ZEEKR,001,Premium,ELÉTRICO,ELÉTRICO,BEV_rotulo_inmetro,E,0.63,426.0,6,https://www.gov.br/inmetro/pt-br/assuntos/regulamentacao/avaliacao-da-conformidade/programa-brasileiro-de-etiquetagem/tabelas-de-eficiencia-energetica/veiculos-automotivos-pbe-veicular/mascara-pbev-2025-mar-11.pdf/@@download/file,9528deace7d2cdf9db07d640eb086ef8191d35ef17f4ed467df08f7a57b1f39b,2026-10-01T16:59:17.909090+00:00,km_ensaio_padronizado,catalogo_de_versoes_nao_vendas_nem_telemetria,linhas_extraidas_sem_erro_detectado,c3a69494099f48709af77c737b1a0610375f81ccd09921c1fa9da2db8ca4a9ef
2025,Extra Grande,ZEEKR,7X,Flagship AWD,ELÉTRICO,ELÉTRICO,BEV_rotulo_inmetro,E,0.64,423.0,6,https://www.gov.br/inmetro/pt-br/assuntos/regulamentacao/avaliacao-da-conformidade/programa-brasileiro-de-etiquetagem/tabelas-de-eficiencia-energetica/veiculos-automotivos-pbe-veicular/mascara-pbev-2025-mar-11.pdf/@@download/file,9528deace7d2cdf9db07d640eb086ef8191d35ef17f4ed467df08f7a57b1f39b,2026-10-01T16:59:17.909090+00:00,km_ensaio_padronizado,catalogo_de_versoes_nao_vendas_nem_telemetria,linhas_extraidas_sem_erro_detectado,d2356616b800a71d1295dbaadf04ad573f761d6590776747eddc57b437e26172
2025,Utilitário Esportivo Compacto,CAOA CHERY,TIGGO 5X,PRO HA,1.5T -16V,Híbrido,HIBRIDO_rotulo_inmetro,F,1.85,,6,https://www.gov.br/inmetro/pt-br/assuntos/regulamentacao/avaliacao-da-conformidade/programa-brasileiro-de-etiquetagem/tabelas-de-eficiencia-energetica/veiculos-automotivos-pbe-veicular/mascara-pbev-2025-mar-11.pdf/@@download/file,9528deace7d2cdf9db07d640eb086ef8191d35ef17f4ed467df08f7a57b1f39b,2026-10-01T16:59:17.909090+00:00,km_ensaio_padronizado,catalogo_de_versoes_nao_vendas_nem_telemetria,linhas_extraidas_sem_erro_detectado,c98112d7b872f02d9221935386a20a9a1976f985a34cae21d3ca5fc36949c7a6
2025,Utilitário Esportivo Compacto,FIAT,FASTBACK,AUDACE HYB,1.0T-12V,Híbrido,HIBRIDO_rotulo_inmetro,F,1.62,,6,https://www.gov.br/inmetro/pt-br/assuntos/regulamentacao/avaliacao-da-conformidade/programa-brasileiro-de-etiquetagem/tabelas-de-eficiencia-energetica/veiculos-automotivos-pbe-veicular/mascara-pbev-2025-mar-11.pdf/@@download/file,9528deace7d2cdf9db07d640eb086ef8191d35ef17f4ed467df08f7a57b1f39b,2026-10-01T16:59:17.909090+00:00,km_ensaio_padronizado,catalogo_de_versoes_nao_vendas_nem_telemetria,linhas_extraidas_sem_erro_detectado,60f0ad6d679c8a90a8a7acea686bad00dc62ed30902ca9cc45eb79df6af76cf1
2025,Utilitário Esportivo Compacto,FIAT,FASTBACK,IMPETUS HY,1.0T-12V,Híbrido,HIBRIDO_rotulo_inmetro,F,1.62,,6,https://www.gov.br/inmetro/pt-br/assuntos/regulamentacao/avaliacao-da-conformidade/programa-brasileiro-de-etiquetagem/tabelas-de-eficiencia-energetica/veiculos-automotivos-pbe-veicular/mascara-pbev-2025-mar-11.pdf/@@download/file,9528deace7d2cdf9db07d640eb086ef8191d35ef17f4ed467df08f7a57b1f39b,2026-10-01T16:59:17.909090+00:00,km_ensaio_padronizado,catalogo_de_versoes_nao_vendas_nem_telemetria,linhas_extraidas_sem_erro_detectado,d53d5dc9e6ee74e770baad176d2d0d78587b55655e413c503abc3910dd86ee9d
2025,Utilitário Esportivo Compacto,FIAT,PULSE,AUDACE HYB,1.0T-12V,Híbrido,HIBRIDO_rotulo_inmetro,F,1.54,,6,https://www.gov.br/inmetro/pt-br/assuntos/regulamentacao/avaliacao-da-conformidade/programa-brasileiro-de-etiquetagem/tabelas-de-eficiencia-energetica/veiculos-automotivos-pbe-veicular/mascara-pbev-2025-mar-11.pdf/@@download/file,9528deace7d2cdf9db07d640eb086ef8191d35ef17f4ed467df08f7a57b1f39b,2026-10-01T16:59:17.909090+00:00,km_ensaio_padronizado,catalogo_de_versoes_nao_vendas_nem_telemetria,linhas_extraidas_sem_erro_detectado,e5e3b5a0a922e229b6bc516e19b1fdd83a892b5bd0c1570dfa6c26064ec1fdb5
2025,Utilitário Esportivo Compacto,FIAT,PULSE,IMPETUS HYB,1.0T-12V,Híbrido,HIBRIDO_rotulo_inmetro,F,1.54,,6,https://www.gov.br/inmetro/pt-br/assuntos/regulamentacao/avaliacao-da-conformidade/programa-brasileiro-de-etiquetagem/tabelas-de-eficiencia-energetica/veiculos-automotivos-pbe-veicular/mascara-pbev-2025-mar-11.pdf/@@download/file,9528deace7d2cdf9db07d640eb086ef8191d35ef17f4ed467df08f7a57b1f39b,2026-10-01T16:59:17.909090+00:00,km_ensaio_padronizado,catalogo_de_versoes_nao_vendas_nem_telemetria,linhas_extraidas_sem_erro_detectado,06552f599555e966ac97f7604755b32a741655fcc236f5eee42de1c03ebe0ada
2025,Utilitário Esportivo Compacto 4x4,VOLVO,EX30,C COUNTRY,ELÉTRICO,ELÉTRICO,BEV_rotulo_inmetro,E,0.57,327.0,7,https://www.gov.br/inmetro/pt-br/assuntos/regulamentacao/avaliacao-da-conformidade/programa-brasileiro-de-etiquetagem/tabelas-de-eficiencia-energetica/veiculos-automotivos-pbe-veicular/mascara-pbev-2025-mar-11.pdf/@@download/file,9528deace7d2cdf9db07d640eb086ef8191d35ef17f4ed467df08f7a57b1f39b,2026-10-01T16:59:17.909090+00:00,km_ensaio_padronizado,catalogo_de_versoes_nao_vendas_nem_telemetria,linhas_extraidas_sem_erro_detectado,f572a2c12aa7a65810099252ea59018851aa650411dd4319df7f872109e4f88b
2025,Utilitário Esportivo Grande,BYD,YUAN PLUS,GL310 EV,ELÉTRICO,ELÉTRICO,BEV_rotulo_inmetro,E,0.56,294.0,7,https://www.gov.br/inmetro/pt-br/assuntos/regulamentacao/avaliacao-da-conformidade/programa-brasileiro-de-etiquetagem/tabelas-de-eficiencia-energetica/veiculos-automotivos-pbe-veicular/mascara-pbev-2025-mar-11.pdf/@@download/file,9528deace7d2cdf9db07d640eb086ef8191d35ef17f4ed467df08f7a57b1f39b,2026-10-01T16:59:17.909090+00:00,km_ensaio_padronizado,catalogo_de_versoes_nao_vendas_nem_telemetria,linhas_extraidas_sem_erro_detectado,f25ebdc17dfe1e99ccf42842ef5b96116e97a828ec488097a97be8d868a77fa4
2025,Utilitário Esportivo Grande,BYD,YUAN PLUS,GS310 EV,ELÉTRICO,ELÉTRICO,BEV_rotulo_inmetro,E,0.56,294.0,7,https://www.gov.br/inmetro/pt-br/assuntos/regulamentacao/avaliacao-da-conformidade/programa-brasileiro-de-etiquetagem/tabelas-de-eficiencia-energetica/veiculos-automotivos-pbe-veicular/mascara-pbev-2025-mar-11.pdf/@@download/file,9528deace7d2cdf9db07d640eb086ef8191d35ef17f4ed467df08f7a57b1f39b,2026-10-01T16:59:17.909090+00:00,km_ensaio_padronizado,catalogo_de_versoes_nao_vendas_nem_telemetria,linhas_extraidas_sem_erro_detectado,bb2aba17859069f202964d0e1a1a2d0e484884d4da4e85057141664bcca9b7f9
2025,Utilitário Esportivo Grande,CAOA CHERY,TIGGO 7,PRO HA,1.5T -16V,Híbrido,HIBRIDO_rotulo_inmetro,F,1.9,,7,https://www.gov.br/inmetro/pt-br/assuntos/regulamentacao/avaliacao-da-conformidade/programa-brasileiro-de-etiquetagem/tabelas-de-eficiencia-energetica/veiculos-automotivos-pbe-veicular/mascara-pbev-2025-mar-11.pdf/@@download/file,9528deace7d2cdf9db07d640eb086ef8191d35ef17f4ed467df08f7a57b1f39b,2026-10-01T16:59:17.909090+00:00,km_ensaio_padronizado,catalogo_de_versoes_nao_vendas_nem_telemetria,linhas_extraidas_sem_erro_detectado,3a12a58891ee7d9bbc5cb0e8ce759628cdb71c0dc29db8dd2a673ed0606b73bf
2025,Utilitário Esportivo Grande,CAOA CHERY,TIGGO 8,PHEV,1.6T - 16V,Plug-in,PHEV_rotulo_inmetro,G,0.66,56.0,7,https://www.gov.br/inmetro/pt-br/assuntos/regulamentacao/avaliacao-da-conformidade/programa-brasileiro-de-etiquetagem/tabelas-de-eficiencia-energetica/veiculos-automotivos-pbe-veicular/mascara-pbev-2025-mar-11.pdf/@@download/file,9528deace7d2cdf9db07d640eb086ef8191d35ef17f4ed467df08f7a57b1f39b,2026-10-01T16:59:17.909090+00:00,km_ensaio_padronizado,catalogo_de_versoes_nao_vendas_nem_telemetria,linhas_extraidas_sem_erro_detectado,d0cd83db7bd24c464ac538e477c4f275df6e81e16fd9d2354a7f548afe8d3fc6
2025,Utilitário Esportivo Grande,GAC,GS4,ELITE,2.0-16V,Híbrido,HIBRIDO_rotulo_inmetro,G,1.64,,7,https://www.gov.br/inmetro/pt-br/assuntos/regulamentacao/avaliacao-da-conformidade/programa-brasileiro-de-etiquetagem/tabelas-de-eficiencia-energetica/veiculos-automotivos-pbe-veicular/mascara-pbev-2025-mar-11.pdf/@@download/file,9528deace7d2cdf9db07d640eb086ef8191d35ef17f4ed467df08f7a57b1f39b,2026-10-01T16:59:17.909090+00:00,km_ensaio_padronizado,catalogo_de_versoes_nao_vendas_nem_telemetria,linhas_extraidas_sem_erro_detectado,63b98528cb72346e4a03eed55a00967d925c473c62673a11e420c10521ecf076
2025,Utilitário Esportivo Grande,GAC,GS4,PREMIUM,2.0-16V,Híbrido,HIBRIDO_rotulo_inmetro,G,1.64,,7,https://www.gov.br/inmetro/pt-br/assuntos/regulamentacao/avaliacao-da-conformidade/programa-brasileiro-de-etiquetagem/tabelas-de-eficiencia-energetica/veiculos-automotivos-pbe-veicular/mascara-pbev-2025-mar-11.pdf/@@download/file,9528deace7d2cdf9db07d640eb086ef8191d35ef17f4ed467df08f7a57b1f39b,2026-10-01T16:59:17.909090+00:00,km_ensaio_padronizado,catalogo_de_versoes_nao_vendas_nem_telemetria,linhas_extraidas_sem_erro_detectado,960e248cb626c12bdba0651f4534536c2d902bfaed5b15fb27c6c0843a30b362
2025,Utilitário Esportivo Grande,GWM,WEY,07,1.5 - 16V,Plug-in,PHEV_rotulo_inmetro,G,0.83,128.0,7,https://www.gov.br/inmetro/pt-br/assuntos/regulamentacao/avaliacao-da-conformidade/programa-brasileiro-de-etiquetagem/tabelas-de-eficiencia-energetica/veiculos-automotivos-pbe-veicular/mascara-pbev-2025-mar-11.pdf/@@download/file,9528deace7d2cdf9db07d640eb086ef8191d35ef17f4ed467df08f7a57b1f39b,2026-10-01T16:59:17.909090+00:00,km_ensaio_padronizado,catalogo_de_versoes_nao_vendas_nem_telemetria,linhas_extraidas_sem_erro_detectado,0b8737ab588490d3596ba7caa65163dd01c850c20f626ee543951ec5829e8a66
2025,Utilitário Esportivo Grande,GWM,HAVAL H6,HEV,1.5-16V,Híbrido,HIBRIDO_rotulo_inmetro,G,1.62,,7,https://www.gov.br/inmetro/pt-br/assuntos/regulamentacao/avaliacao-da-conformidade/programa-brasileiro-de-etiquetagem/tabelas-de-eficiencia-energetica/veiculos-automotivos-pbe-veicular/mascara-pbev-2025-mar-11.pdf/@@download/file,9528deace7d2cdf9db07d640eb086ef8191d35ef17f4ed467df08f7a57b1f39b,2026-10-01T16:59:17.909090+00:00,km_ensaio_padronizado,catalogo_de_versoes_nao_vendas_nem_telemetria,linhas_extraidas_sem_erro_detectado,285ce04d0cf23bb5536cdc04c2ab9e3d6ece3308b105749fa8a75a28dbde8041
2025,Utilitário Esportivo Grande,GWM,HAVAL H6,PHEV,1.5-16V,Plug-in,PHEV_rotulo_inmetro,G,0.72,123.0,7,https://www.gov.br/inmetro/pt-br/assuntos/regulamentacao/avaliacao-da-conformidade/programa-brasileiro-de-etiquetagem/tabelas-de-eficiencia-energetica/veiculos-automotivos-pbe-veicular/mascara-pbev-2025-mar-11.pdf/@@download/file,9528deace7d2cdf9db07d640eb086ef8191d35ef17f4ed467df08f7a57b1f39b,2026-10-01T16:59:17.909090+00:00,km_ensaio_padronizado,catalogo_de_versoes_nao_vendas_nem_telemetria,linhas_extraidas_sem_erro_detectado,a2d21809a7cec5dec6fd3b9cfab9026bab98b5cbf9760baaa87152f0f8392332
2025,Utilitário Esportivo Grande,GWM,HAVAL H6,PHEV 19,1.5-16V,Plug-in,PHEV_rotulo_inmetro,G,0.6,74.0,7,https://www.gov.br/inmetro/pt-br/assuntos/regulamentacao/avaliacao-da-conformidade/programa-brasileiro-de-etiquetagem/tabelas-de-eficiencia-energetica/veiculos-automotivos-pbe-veicular/mascara-pbev-2025-mar-11.pdf/@@download/file,9528deace7d2cdf9db07d640eb086ef8191d35ef17f4ed467df08f7a57b1f39b,2026-10-01T16:59:17.909090+00:00,km_ensaio_padronizado,catalogo_de_versoes_nao_vendas_nem_telemetria,linhas_extraidas_sem_erro_detectado,24b4cb759374bf3e5742405104292448c95893de54e941bc01ebd6392be3b2a7
2025,Utilitário Esportivo Grande,GWM,HAVAL H6,GT,1.5-16V,Plug-in,PHEV_rotulo_inmetro,G,0.74,117.0,7,https://www.gov.br/inmetro/pt-br/assuntos/regulamentacao/avaliacao-da-conformidade/programa-brasileiro-de-etiquetagem/tabelas-de-eficiencia-energetica/veiculos-automotivos-pbe-veicular/mascara-pbev-2025-mar-11.pdf/@@download/file,9528deace7d2cdf9db07d640eb086ef8191d35ef17f4ed467df08f7a57b1f39b,2026-10-01T16:59:17.909090+00:00,km_ensaio_padronizado,catalogo_de_versoes_nao_vendas_nem_telemetria,linhas_extraidas_sem_erro_detectado,65f7c3a7d50c025cbf51372c848bf10d23aad525d2b0b6a15da81b699778037b
2025,Utilitário Esportivo Grande,GWM,HAVAL H6,HEV ONE (MY26),1.5-16V,Híbrido,HIBRIDO_rotulo_inmetro,G,1.63,,8,https://www.gov.br/inmetro/pt-br/assuntos/regulamentacao/avaliacao-da-conformidade/programa-brasileiro-de-etiquetagem/tabelas-de-eficiencia-energetica/veiculos-automotivos-pbe-veicular/mascara-pbev-2025-mar-11.pdf/@@download/file,9528deace7d2cdf9db07d640eb086ef8191d35ef17f4ed467df08f7a57b1f39b,2026-10-01T16:59:17.909090+00:00,km_ensaio_padronizado,catalogo_de_versoes_nao_vendas_nem_telemetria,linhas_extraidas_sem_erro_detectado,037643bd8d9d62b498830be6317ecd360e802adef5739d8e59c2f300ed818dc8
2025,Utilitário Esportivo Grande,GWM,HAVAL H6,HEV2 (MY26),1.5-16V,Híbrido,HIBRIDO_rotulo_inmetro,G,1.63,,8,https://www.gov.br/inmetro/pt-br/assuntos/regulamentacao/avaliacao-da-conformidade/programa-brasileiro-de-etiquetagem/tabelas-de-eficiencia-energetica/veiculos-automotivos-pbe-veicular/mascara-pbev-2025-mar-11.pdf/@@download/file,9528deace7d2cdf9db07d640eb086ef8191d35ef17f4ed467df08f7a57b1f39b,2026-10-01T16:59:17.909090+00:00,km_ensaio_padronizado,catalogo_de_versoes_nao_vendas_nem_telemetria,linhas_extraidas_sem_erro_detectado,198c734f810354078fec75181616f64329346ea963b0a2595a25c783b6932045
2025,Utilitário Esportivo Grande,GWM,HAVAL H6,PHEV19 (MY26),1.5-16V,Plug-in,PHEV_rotulo_inmetro,G,0.64,73.16,8,https://www.gov.br/inmetro/pt-br/assuntos/regulamentacao/avaliacao-da-conformidade/programa-brasileiro-de-etiquetagem/tabelas-de-eficiencia-energetica/veiculos-automotivos-pbe-veicular/mascara-pbev-2025-mar-11.pdf/@@download/file,9528deace7d2cdf9db07d640eb086ef8191d35ef17f4ed467df08f7a57b1f39b,2026-10-01T16:59:17.909090+00:00,km_ensaio_padronizado,catalogo_de_versoes_nao_vendas_nem_telemetria,linhas_extraidas_sem_erro_detectado,4b7df5dbfd5575c2b39c4240583b31534c7e76850b602948f20df647950c4642
2025,Utilitário Esportivo Grande,GWM,HAVAL H6,PHEV35 (MY26),1.5-16V,Plug-in,PHEV_rotulo_inmetro,G,0.74,119.15,8,https://www.gov.br/inmetro/pt-br/assuntos/regulamentacao/avaliacao-da-conformidade/programa-brasileiro-de-etiquetagem/tabelas-de-eficiencia-energetica/veiculos-automotivos-pbe-veicular/mascara-pbev-2025-mar-11.pdf/@@download/file,9528deace7d2cdf9db07d640eb086ef8191d35ef17f4ed467df08f7a57b1f39b,2026-10-01T16:59:17.909090+00:00,km_ensaio_padronizado,catalogo_de_versoes_nao_vendas_nem_telemetria,linhas_extraidas_sem_erro_detectado,e4397f069712b2c5f8ea001fcdfb71d34a097d00a19a8b9188b3834f6d48351b
2025,Utilitário Esportivo Grande,GWM,HAVAL H6,GT (MY26),1.5 - 16V,Plug-in,PHEV_rotulo_inmetro,G,0.74,119.49,8,https://www.gov.br/inmetro/pt-br/assuntos/regulamentacao/avaliacao-da-conformidade/programa-brasileiro-de-etiquetagem/tabelas-de-eficiencia-energetica/veiculos-automotivos-pbe-veicular/mascara-pbev-2025-mar-11.pdf/@@download/file,9528deace7d2cdf9db07d640eb086ef8191d35ef17f4ed467df08f7a57b1f39b,2026-10-01T16:59:17.909090+00:00,km_ensaio_padronizado,catalogo_de_versoes_nao_vendas_nem_telemetria,linhas_extraidas_sem_erro_detectado,916d381530c44f24f4417d9b9a325a89f0c822f64e3f01570100797b73c18239
2025,Utilitário Esportivo Grande,HONDA,CR-V,TOURING,2.0-16V,Híbrido,HIBRIDO_rotulo_inmetro,G,1.65,,8,https://www.gov.br/inmetro/pt-br/assuntos/regulamentacao/avaliacao-da-conformidade/programa-brasileiro-de-etiquetagem/tabelas-de-eficiencia-energetica/veiculos-automotivos-pbe-veicular/mascara-pbev-2025-mar-11.pdf/@@download/file,9528deace7d2cdf9db07d640eb086ef8191d35ef17f4ed467df08f7a57b1f39b,2026-10-01T16:59:17.909090+00:00,km_ensaio_padronizado,catalogo_de_versoes_nao_vendas_nem_telemetria,linhas_extraidas_sem_erro_detectado,0cf2a6f826b3a8c7e5304b1f68c2909cb430b39b28d5c2faf3738b4d0382e4a0
2025,Utilitário Esportivo Grande,KIA,SPORTAGE,TMHEV EX,1.6 - 16V,Híbrido,HIBRIDO_rotulo_inmetro,G,1.78,,8,https://www.gov.br/inmetro/pt-br/assuntos/regulamentacao/avaliacao-da-conformidade/programa-brasileiro-de-etiquetagem/tabelas-de-eficiencia-energetica/veiculos-automotivos-pbe-veicular/mascara-pbev-2025-mar-11.pdf/@@download/file,9528deace7d2cdf9db07d640eb086ef8191d35ef17f4ed467df08f7a57b1f39b,2026-10-01T16:59:17.909090+00:00,km_ensaio_padronizado,catalogo_de_versoes_nao_vendas_nem_telemetria,linhas_extraidas_sem_erro_detectado,9195cceb2d5e5153dcb8b46c9b5f6b8b3400451b76aaea87ed2162725fcf1639
2025,Utilitário Esportivo Grande,KIA,SPORTAGE,TMHEV LX,1.6 - 16V,Híbrido,HIBRIDO_rotulo_inmetro,G,1.78,,8,https://www.gov.br/inmetro/pt-br/assuntos/regulamentacao/avaliacao-da-conformidade/programa-brasileiro-de-etiquetagem/tabelas-de-eficiencia-energetica/veiculos-automotivos-pbe-veicular/mascara-pbev-2025-mar-11.pdf/@@download/file,9528deace7d2cdf9db07d640eb086ef8191d35ef17f4ed467df08f7a57b1f39b,2026-10-01T16:59:17.909090+00:00,km_ensaio_padronizado,catalogo_de_versoes_nao_vendas_nem_telemetria,linhas_extraidas_sem_erro_detectado,a852f1ff963c2ccfd8a1c871f686771652457310f51b9d83a000f1cb35cf60e5
2025,Utilitário Esportivo Grande,KIA,SPORTAGE,TMHEV SX,1.6 - 16V,Híbrido,HIBRIDO_rotulo_inmetro,G,1.78,,8,https://www.gov.br/inmetro/pt-br/assuntos/regulamentacao/avaliacao-da-conformidade/programa-brasileiro-de-etiquetagem/tabelas-de-eficiencia-energetica/veiculos-automotivos-pbe-veicular/mascara-pbev-2025-mar-11.pdf/@@download/file,9528deace7d2cdf9db07d640eb086ef8191d35ef17f4ed467df08f7a57b1f39b,2026-10-01T16:59:17.909090+00:00,km_ensaio_padronizado,catalogo_de_versoes_nao_vendas_nem_telemetria,linhas_extraidas_sem_erro_detectado,3bae4948033c799f81f13423365fa932f6e120722f134d5458e33e74078d4609
2025,Utilitário Esportivo Grande,KIA,SPORTAGE,TMHEV GT,1.6 - 16V,Híbrido,HIBRIDO_rotulo_inmetro,G,1.78,,8,https://www.gov.br/inmetro/pt-br/assuntos/regulamentacao/avaliacao-da-conformidade/programa-brasileiro-de-etiquetagem/tabelas-de-eficiencia-energetica/veiculos-automotivos-pbe-veicular/mascara-pbev-2025-mar-11.pdf/@@download/file,9528deace7d2cdf9db07d640eb086ef8191d35ef17f4ed467df08f7a57b1f39b,2026-10-01T16:59:17.909090+00:00,km_ensaio_padronizado,catalogo_de_versoes_nao_vendas_nem_telemetria,linhas_extraidas_sem_erro_detectado,c7f8865dad57995ddd1ab4071636ed7fb35c7ac01071b508a1e0da803d8d3852
2025,Utilitário Esportivo Grande,KIA,SPORTAGE,TMHEV EXP,1.6 - 16V,Híbrido,HIBRIDO_rotulo_inmetro,G,1.78,,8,https://www.gov.br/inmetro/pt-br/assuntos/regulamentacao/avaliacao-da-conformidade/programa-brasileiro-de-etiquetagem/tabelas-de-eficiencia-energetica/veiculos-automotivos-pbe-veicular/mascara-pbev-2025-mar-11.pdf/@@download/file,9528deace7d2cdf9db07d640eb086ef8191d35ef17f4ed467df08f7a57b1f39b,2026-10-01T16:59:17.909090+00:00,km_ensaio_padronizado,catalogo_de_versoes_nao_vendas_nem_telemetria,linhas_extraidas_sem_erro_detectado,2cf1f35aea408fbfaf7d7dbe3b023c1d603554a57c81b18d8cb232c99b92d8d1
2025,Utilitário Esportivo Grande,KIA,EV9 GTL,EV9 GTL 4WD,ELÉTRICO,ELÉTRICO,BEV_rotulo_inmetro,E,0.65,434.0,8,https://www.gov.br/inmetro/pt-br/assuntos/regulamentacao/avaliacao-da-conformidade/programa-brasileiro-de-etiquetagem/tabelas-de-eficiencia-energetica/veiculos-automotivos-pbe-veicular/mascara-pbev-2025-mar-11.pdf/@@download/file,9528deace7d2cdf9db07d640eb086ef8191d35ef17f4ed467df08f7a57b1f39b,2026-10-01T16:59:17.909090+00:00,km_ensaio_padronizado,catalogo_de_versoes_nao_vendas_nem_telemetria,linhas_extraidas_sem_erro_detectado,9aa3941fe3ca3058b58fb3e0c86a0d10530d90116fcb7ed1b252b9afb65e0817
2025,Utilitário Esportivo Grande,KIA,SPORTAGE (2026),TMHEV EX,1.6 - 16V,Híbrido,HIBRIDO_rotulo_inmetro,G,1.68,,8,https://www.gov.br/inmetro/pt-br/assuntos/regulamentacao/avaliacao-da-conformidade/programa-brasileiro-de-etiquetagem/tabelas-de-eficiencia-energetica/veiculos-automotivos-pbe-veicular/mascara-pbev-2025-mar-11.pdf/@@download/file,9528deace7d2cdf9db07d640eb086ef8191d35ef17f4ed467df08f7a57b1f39b,2026-10-01T16:59:17.909090+00:00,km_ensaio_padronizado,catalogo_de_versoes_nao_vendas_nem_telemetria,linhas_extraidas_sem_erro_detectado,b8d0c21b486221c55db9726644dfec3f2fc08c8dfce5e72c8e0d91dfa18ab4ba
2025,Utilitário Esportivo Grande,KIA,SPORTAGE 2026),TMHEV SX,1.6 - 16V,Híbrido,HIBRIDO_rotulo_inmetro,G,1.68,,8,https://www.gov.br/inmetro/pt-br/assuntos/regulamentacao/avaliacao-da-conformidade/programa-brasileiro-de-etiquetagem/tabelas-de-eficiencia-energetica/veiculos-automotivos-pbe-veicular/mascara-pbev-2025-mar-11.pdf/@@download/file,9528deace7d2cdf9db07d640eb086ef8191d35ef17f4ed467df08f7a57b1f39b,2026-10-01T16:59:17.909090+00:00,km_ensaio_padronizado,catalogo_de_versoes_nao_vendas_nem_telemetria,linhas_extraidas_sem_erro_detectado,a9bd28775b3dc77c19789e3dc3c05381cdd71d217bc3f202d8cbb6893c089ee3
2025,Utilitário Esportivo Grande,KIA,SPORTAGE (2026),TMHEV GT,1.6 - 16V,Híbrido,HIBRIDO_rotulo_inmetro,G,1.68,,8,https://www.gov.br/inmetro/pt-br/assuntos/regulamentacao/avaliacao-da-conformidade/programa-brasileiro-de-etiquetagem/tabelas-de-eficiencia-energetica/veiculos-automotivos-pbe-veicular/mascara-pbev-2025-mar-11.pdf/@@download/file,9528deace7d2cdf9db07d640eb086ef8191d35ef17f4ed467df08f7a57b1f39b,2026-10-01T16:59:17.909090+00:00,km_ensaio_padronizado,catalogo_de_versoes_nao_vendas_nem_telemetria,linhas_extraidas_sem_erro_detectado,d73210ce9afa8ccef0fa2e9ca30a04a33e22032536e2eec978190f070d2d6f7f
2025,Utilitário Esportivo Grande,KIA,SPORTAGE (2026),TMHEV EXP,1.6 - 16V,Híbrido,HIBRIDO_rotulo_inmetro,G,1.68,,8,https://www.gov.br/inmetro/pt-br/assuntos/regulamentacao/avaliacao-da-conformidade/programa-brasileiro-de-etiquetagem/tabelas-de-eficiencia-energetica/veiculos-automotivos-pbe-veicular/mascara-pbev-2025-mar-11.pdf/@@download/file,9528deace7d2cdf9db07d640eb086ef8191d35ef17f4ed467df08f7a57b1f39b,2026-10-01T16:59:17.909090+00:00,km_ensaio_padronizado,catalogo_de_versoes_nao_vendas_nem_telemetria,linhas_extraidas_sem_erro_detectado,2a2fe15e53f2a1f6a1342db9e2858f0110dc4f475e3750f66889a8bf9db20c0c
2025,Utilitário Esportivo Grande,VOLVO,EX40,6 PLUS,ELÉTRICO,ELÉTRICO,BEV_rotulo_inmetro,E,0.55,364.0,8,https://www.gov.br/inmetro/pt-br/assuntos/regulamentacao/avaliacao-da-conformidade/programa-brasileiro-de-etiquetagem/tabelas-de-eficiencia-energetica/veiculos-automotivos-pbe-veicular/mascara-pbev-2025-mar-11.pdf/@@download/file,9528deace7d2cdf9db07d640eb086ef8191d35ef17f4ed467df08f7a57b1f39b,2026-10-01T16:59:17.909090+00:00,km_ensaio_padronizado,catalogo_de_versoes_nao_vendas_nem_telemetria,linhas_extraidas_sem_erro_detectado,f5ce38f0369470d8417b4cd3a7230ebb323e7ff946ad72f459e7edf24faf70d6
2025,Utilitário Esportivo Grande,VOLVO,EX40,6 ULTRA,ELÉTRICO,ELÉTRICO,BEV_rotulo_inmetro,E,0.55,364.0,8,https://www.gov.br/inmetro/pt-br/assuntos/regulamentacao/avaliacao-da-conformidade/programa-brasileiro-de-etiquetagem/tabelas-de-eficiencia-energetica/veiculos-automotivos-pbe-veicular/mascara-pbev-2025-mar-11.pdf/@@download/file,9528deace7d2cdf9db07d640eb086ef8191d35ef17f4ed467df08f7a57b1f39b,2026-10-01T16:59:17.909090+00:00,km_ensaio_padronizado,catalogo_de_versoes_nao_vendas_nem_telemetria,linhas_extraidas_sem_erro_detectado,cb71e6754f6a42ca4833f1d3eed6dac3f891925afd5edd66b4abca97b88a664d
2025,Utilitário Esportivo Grande,VOLVO,EX40,6 CORE,ELÉTRICO,ELÉTRICO,BEV_rotulo_inmetro,E,0.55,364.0,8,https://www.gov.br/inmetro/pt-br/assuntos/regulamentacao/avaliacao-da-conformidade/programa-brasileiro-de-etiquetagem/tabelas-de-eficiencia-energetica/veiculos-automotivos-pbe-veicular/mascara-pbev-2025-mar-11.pdf/@@download/file,9528deace7d2cdf9db07d640eb086ef8191d35ef17f4ed467df08f7a57b1f39b,2026-10-01T16:59:17.909090+00:00,km_ensaio_padronizado,catalogo_de_versoes_nao_vendas_nem_telemetria,linhas_extraidas_sem_erro_detectado,8f0ce7b01b95eaff2875322109861a38b8e3a37f99cb1ac732ed24d099970b21
2025,Utilitário Esportivo Grande,ZEEKR,X,Premium,ELÉTRICO,ELÉTRICO,BEV_rotulo_inmetro,E,0.55,332.0,8,https://www.gov.br/inmetro/pt-br/assuntos/regulamentacao/avaliacao-da-conformidade/programa-brasileiro-de-etiquetagem/tabelas-de-eficiencia-energetica/veiculos-automotivos-pbe-veicular/mascara-pbev-2025-mar-11.pdf/@@download/file,9528deace7d2cdf9db07d640eb086ef8191d35ef17f4ed467df08f7a57b1f39b,2026-10-01T16:59:17.909090+00:00,km_ensaio_padronizado,catalogo_de_versoes_nao_vendas_nem_telemetria,linhas_extraidas_sem_erro_detectado,b40e6e66d40e751549801d15620e98f561e5a5bcc5602c0b9971a7be45a6732e
2025,Utilitário Esportivo Grande 4x4,BMW,X3,M50i,3.0 - 24V,Híbrido,HIBRIDO_rotulo_inmetro,G,2.16,,8,https://www.gov.br/inmetro/pt-br/assuntos/regulamentacao/avaliacao-da-conformidade/programa-brasileiro-de-etiquetagem/tabelas-de-eficiencia-energetica/veiculos-automotivos-pbe-veicular/mascara-pbev-2025-mar-11.pdf/@@download/file,9528deace7d2cdf9db07d640eb086ef8191d35ef17f4ed467df08f7a57b1f39b,2026-10-01T16:59:17.909090+00:00,km_ensaio_padronizado,catalogo_de_versoes_nao_vendas_nem_telemetria,linhas_extraidas_sem_erro_detectado,eb3a12e1a002e9e4e4e3dd9670e01b1ded22cd93209b97fa8f69b625c7fda758
2025,Utilitário Esportivo Grande 4x4,BMW,X3,30 XDRIVE,2.0 - 16V,Híbrido,HIBRIDO_rotulo_inmetro,G,1.96,,8,https://www.gov.br/inmetro/pt-br/assuntos/regulamentacao/avaliacao-da-conformidade/programa-brasileiro-de-etiquetagem/tabelas-de-eficiencia-energetica/veiculos-automotivos-pbe-veicular/mascara-pbev-2025-mar-11.pdf/@@download/file,9528deace7d2cdf9db07d640eb086ef8191d35ef17f4ed467df08f7a57b1f39b,2026-10-01T16:59:17.909090+00:00,km_ensaio_padronizado,catalogo_de_versoes_nao_vendas_nem_telemetria,linhas_extraidas_sem_erro_detectado,9030a3133dd0834f679539aa46c100991a09e94bcbd8456ae23411631060b8a8
2025,Utilitário Esportivo Grande 4x4,BMW,X5,xDrive50e MSP,3.0 - 24V,Plug-in,PHEV_rotulo_inmetro,G,0.88,76.0,8,https://www.gov.br/inmetro/pt-br/assuntos/regulamentacao/avaliacao-da-conformidade/programa-brasileiro-de-etiquetagem/tabelas-de-eficiencia-energetica/veiculos-automotivos-pbe-veicular/mascara-pbev-2025-mar-11.pdf/@@download/file,9528deace7d2cdf9db07d640eb086ef8191d35ef17f4ed467df08f7a57b1f39b,2026-10-01T16:59:17.909090+00:00,km_ensaio_padronizado,catalogo_de_versoes_nao_vendas_nem_telemetria,linhas_extraidas_sem_erro_detectado,c35cd4f2c43ab40ffda9097100157b6b093bab1748afda1b84ece5d5a57d26df
2025,Utilitário Esportivo Grande 4x4,BMW,X5,xDrive50e XLINE,3.0 - 24V,Plug-in,PHEV_rotulo_inmetro,G,0.88,76.0,8,https://www.gov.br/inmetro/pt-br/assuntos/regulamentacao/avaliacao-da-conformidade/programa-brasileiro-de-etiquetagem/tabelas-de-eficiencia-energetica/veiculos-automotivos-pbe-veicular/mascara-pbev-2025-mar-11.pdf/@@download/file,9528deace7d2cdf9db07d640eb086ef8191d35ef17f4ed467df08f7a57b1f39b,2026-10-01T16:59:17.909090+00:00,km_ensaio_padronizado,catalogo_de_versoes_nao_vendas_nem_telemetria,linhas_extraidas_sem_erro_detectado,5da31bbaf0da8050d452d8fa999ad58d8a3e57715e88425572b27cf1093ba0ae
2025,Utilitário Esportivo Grande 4x4,BMW,X6,xDrive40i MSP,3.0 - 24V,Híbrido,HIBRIDO_rotulo_inmetro,G,2.33,,8,https://www.gov.br/inmetro/pt-br/assuntos/regulamentacao/avaliacao-da-conformidade/programa-brasileiro-de-etiquetagem/tabelas-de-eficiencia-energetica/veiculos-automotivos-pbe-veicular/mascara-pbev-2025-mar-11.pdf/@@download/file,9528deace7d2cdf9db07d640eb086ef8191d35ef17f4ed467df08f7a57b1f39b,2026-10-01T16:59:17.909090+00:00,km_ensaio_padronizado,catalogo_de_versoes_nao_vendas_nem_telemetria,linhas_extraidas_sem_erro_detectado,11d6b02c09722e0a0d8846d37cef86029b2dd08f87ad93a5e3395b70a16b42cd
2025,Utilitário Esportivo Grande 4x4,BMW,X6,40I MSP DARK ED,3.0 - 24V,Híbrido,HIBRIDO_rotulo_inmetro,G,2.33,,8,https://www.gov.br/inmetro/pt-br/assuntos/regulamentacao/avaliacao-da-conformidade/programa-brasileiro-de-etiquetagem/tabelas-de-eficiencia-energetica/veiculos-automotivos-pbe-veicular/mascara-pbev-2025-mar-11.pdf/@@download/file,9528deace7d2cdf9db07d640eb086ef8191d35ef17f4ed467df08f7a57b1f39b,2026-10-01T16:59:17.909090+00:00,km_ensaio_padronizado,catalogo_de_versoes_nao_vendas_nem_telemetria,linhas_extraidas_sem_erro_detectado,3db91041907800cf527899a435839c1619fc7b4068d912298cefd19ebc7c8dcb
2025,Utilitário Esportivo Grande 4x4,BMW,X7,xDrive40i,3.0 - 24V,Híbrido,HIBRIDO_rotulo_inmetro,G,2.66,,8,https://www.gov.br/inmetro/pt-br/assuntos/regulamentacao/avaliacao-da-conformidade/programa-brasileiro-de-etiquetagem/tabelas-de-eficiencia-energetica/veiculos-automotivos-pbe-veicular/mascara-pbev-2025-mar-11.pdf/@@download/file,9528deace7d2cdf9db07d640eb086ef8191d35ef17f4ed467df08f7a57b1f39b,2026-10-01T16:59:17.909090+00:00,km_ensaio_padronizado,catalogo_de_versoes_nao_vendas_nem_telemetria,linhas_extraidas_sem_erro_detectado,eedf6ffaf317af22e46c55b57087ea2a2824806adcf58c6f6fbe46f943ad6ee4
2025,Utilitário Esportivo Grande 4x4,Mercedes-Benz,GLC300 4M,,2.0-16V,Híbrido,HIBRIDO_rotulo_inmetro,G,2.13,,8,https://www.gov.br/inmetro/pt-br/assuntos/regulamentacao/avaliacao-da-conformidade/programa-brasileiro-de-etiquetagem/tabelas-de-eficiencia-energetica/veiculos-automotivos-pbe-veicular/mascara-pbev-2025-mar-11.pdf/@@download/file,9528deace7d2cdf9db07d640eb086ef8191d35ef17f4ed467df08f7a57b1f39b,2026-10-01T16:59:17.909090+00:00,km_ensaio_padronizado,catalogo_de_versoes_nao_vendas_nem_telemetria,linhas_extraidas_sem_erro_detectado,2d7d19f4cb3cb7734c54537341f12e1165583fafe858a2f2c836afc32a5d5708
2025,Utilitário Esportivo Grande 4x4,Mercedes-Benz,GLC300 4M,Coupé,2.0-16V,Híbrido,HIBRIDO_rotulo_inmetro,G,2.13,,8,https://www.gov.br/inmetro/pt-br/assuntos/regulamentacao/avaliacao-da-conformidade/programa-brasileiro-de-etiquetagem/tabelas-de-eficiencia-energetica/veiculos-automotivos-pbe-veicular/mascara-pbev-2025-mar-11.pdf/@@download/file,9528deace7d2cdf9db07d640eb086ef8191d35ef17f4ed467df08f7a57b1f39b,2026-10-01T16:59:17.909090+00:00,km_ensaio_padronizado,catalogo_de_versoes_nao_vendas_nem_telemetria,linhas_extraidas_sem_erro_detectado,6511528dee3e340d7ea94e8e2b15bcf3c11e4dc64f89831eed91e3e8edf0287e
2025,Utilitário Esportivo Grande 4x4,Mercedes-Benz,GLE450D 4M,,3.0-24V,Híbrido,HIBRIDO_rotulo_inmetro,D,2.95,,8,https://www.gov.br/inmetro/pt-br/assuntos/regulamentacao/avaliacao-da-conformidade/programa-brasileiro-de-etiquetagem/tabelas-de-eficiencia-energetica/veiculos-automotivos-pbe-veicular/mascara-pbev-2025-mar-11.pdf/@@download/file,9528deace7d2cdf9db07d640eb086ef8191d35ef17f4ed467df08f7a57b1f39b,2026-10-01T16:59:17.909090+00:00,km_ensaio_padronizado,catalogo_de_versoes_nao_vendas_nem_telemetria,linhas_extraidas_sem_erro_detectado,c41e069721c2cd9c8b5dbb37ad55ca9c7ffb9a72bfb1ef809f848a524c09e8f8
2025,Utilitário Esportivo Grande 4x4,Mercedes-Benz,GLE450D 4M,,3.0-24V,Híbrido,HIBRIDO_rotulo_inmetro,D,2.32,,8,https://www.gov.br/inmetro/pt-br/assuntos/regulamentacao/avaliacao-da-conformidade/programa-brasileiro-de-etiquetagem/tabelas-de-eficiencia-energetica/veiculos-automotivos-pbe-veicular/mascara-pbev-2025-mar-11.pdf/@@download/file,9528deace7d2cdf9db07d640eb086ef8191d35ef17f4ed467df08f7a57b1f39b,2026-10-01T16:59:17.909090+00:00,km_ensaio_padronizado,catalogo_de_versoes_nao_vendas_nem_telemetria,linhas_extraidas_sem_erro_detectado,083ab1f54a8632a8fa647a74a5a107f77b62db545a568dcbc88817ee92955731
2025,Utilitário Esportivo Grande 4x4,Mercedes-Benz,GLE450D 4M,Coupé,3.0-24V,Híbrido,HIBRIDO_rotulo_inmetro,D,2.32,,8,https://www.gov.br/inmetro/pt-br/assuntos/regulamentacao/avaliacao-da-conformidade/programa-brasileiro-de-etiquetagem/tabelas-de-eficiencia-energetica/veiculos-automotivos-pbe-veicular/mascara-pbev-2025-mar-11.pdf/@@download/file,9528deace7d2cdf9db07d640eb086ef8191d35ef17f4ed467df08f7a57b1f39b,2026-10-01T16:59:17.909090+00:00,km_ensaio_padronizado,catalogo_de_versoes_nao_vendas_nem_telemetria,linhas_extraidas_sem_erro_detectado,21ab21e2b3d4c9ee855a69ac663fafae2b9b3813be5e884a8361021368f5fbc2
2025,Utilitário Esportivo Grande 4x4,Mercedes-Benz,GLE450D 4M,Coupé,3.0-24V,Híbrido,HIBRIDO_rotulo_inmetro,D,2.95,,8,https://www.gov.br/inmetro/pt-br/assuntos/regulamentacao/avaliacao-da-conformidade/programa-brasileiro-de-etiquetagem/tabelas-de-eficiencia-energetica/veiculos-automotivos-pbe-veicular/mascara-pbev-2025-mar-11.pdf/@@download/file,9528deace7d2cdf9db07d640eb086ef8191d35ef17f4ed467df08f7a57b1f39b,2026-10-01T16:59:17.909090+00:00,km_ensaio_padronizado,catalogo_de_versoes_nao_vendas_nem_telemetria,linhas_extraidas_sem_erro_detectado,33ea3cf7baa4ff2951e1336e258adb02d1062c2ca41cff96ba0628728da4fbf3
2025,Utilitário Esportivo Grande 4x4,PORSCHE,CAYENNE,S PHEV,3.0-24V,Plug-in,PHEV_rotulo_inmetro,G,0.99,56.0,8,https://www.gov.br/inmetro/pt-br/assuntos/regulamentacao/avaliacao-da-conformidade/programa-brasileiro-de-etiquetagem/tabelas-de-eficiencia-energetica/veiculos-automotivos-pbe-veicular/mascara-pbev-2025-mar-11.pdf/@@download/file,9528deace7d2cdf9db07d640eb086ef8191d35ef17f4ed467df08f7a57b1f39b,2026-10-01T16:59:17.909090+00:00,km_ensaio_padronizado,catalogo_de_versoes_nao_vendas_nem_telemetria,linhas_extraidas_sem_erro_detectado,7c6e1de66953e9ddcc206a07d10b3267c525019f83bf4fb6fdd581f5c7811369
2025,Utilitário Esportivo Grande 4x4,PORSCHE,CAYENNE,SCPHEV,3.0-24V,Plug-in,PHEV_rotulo_inmetro,G,0.99,56.0,8,https://www.gov.br/inmetro/pt-br/assuntos/regulamentacao/avaliacao-da-conformidade/programa-brasileiro-de-etiquetagem/tabelas-de-eficiencia-energetica/veiculos-automotivos-pbe-veicular/mascara-pbev-2025-mar-11.pdf/@@download/file,9528deace7d2cdf9db07d640eb086ef8191d35ef17f4ed467df08f7a57b1f39b,2026-10-01T16:59:17.909090+00:00,km_ensaio_padronizado,catalogo_de_versoes_nao_vendas_nem_telemetria,linhas_extraidas_sem_erro_detectado,5c4a1e71830336597d9f50b975e4cf60ce32a82ef01ffaf07771c1e46daf63fc
2025,Utilitário Esportivo Grande 4x4,PORSCHE,CAYENNE,PHEV,3.0-24V,Plug-in,PHEV_rotulo_inmetro,G,1.04,52.0,8,https://www.gov.br/inmetro/pt-br/assuntos/regulamentacao/avaliacao-da-conformidade/programa-brasileiro-de-etiquetagem/tabelas-de-eficiencia-energetica/veiculos-automotivos-pbe-veicular/mascara-pbev-2025-mar-11.pdf/@@download/file,9528deace7d2cdf9db07d640eb086ef8191d35ef17f4ed467df08f7a57b1f39b,2026-10-01T16:59:17.909090+00:00,km_ensaio_padronizado,catalogo_de_versoes_nao_vendas_nem_telemetria,linhas_extraidas_sem_erro_detectado,d6aebd4517e24ef87310abdd511e25b4d603dea371abc9caa4e0f85f502189d6
2025,Utilitário Esportivo Grande 4x4,PORSCHE,CAYENNE,CP PHE,3.0-24V,Plug-in,PHEV_rotulo_inmetro,G,1.04,52.0,8,https://www.gov.br/inmetro/pt-br/assuntos/regulamentacao/avaliacao-da-conformidade/programa-brasileiro-de-etiquetagem/tabelas-de-eficiencia-energetica/veiculos-automotivos-pbe-veicular/mascara-pbev-2025-mar-11.pdf/@@download/file,9528deace7d2cdf9db07d640eb086ef8191d35ef17f4ed467df08f7a57b1f39b,2026-10-01T16:59:17.909090+00:00,km_ensaio_padronizado,catalogo_de_versoes_nao_vendas_nem_telemetria,linhas_extraidas_sem_erro_detectado,566782b5b3e3266405c2a7081d7527cd8854266500e3de558dfc32e57e9d59e4
2025,Utilitário Esportivo Grande 4x4,PORSCHE,CAYENNE,T/TC PHEV,4.0-32V,Plug-in,PHEV_rotulo_inmetro,G,1.01,46.0,8,https://www.gov.br/inmetro/pt-br/assuntos/regulamentacao/avaliacao-da-conformidade/programa-brasileiro-de-etiquetagem/tabelas-de-eficiencia-energetica/veiculos-automotivos-pbe-veicular/mascara-pbev-2025-mar-11.pdf/@@download/file,9528deace7d2cdf9db07d640eb086ef8191d35ef17f4ed467df08f7a57b1f39b,2026-10-01T16:59:17.909090+00:00,km_ensaio_padronizado,catalogo_de_versoes_nao_vendas_nem_telemetria,linhas_extraidas_sem_erro_detectado,91c93dd00aae57caf360b88b5221fde8beb80860612211883d99cefbeb6c4d1d
2025,Utilitário Esportivo Grande 4x4,VOLVO,EX40,8 CORE,ELÉTRICO,ELÉTRICO,BEV_rotulo_inmetro,E,0.59,393.0,9,https://www.gov.br/inmetro/pt-br/assuntos/regulamentacao/avaliacao-da-conformidade/programa-brasileiro-de-etiquetagem/tabelas-de-eficiencia-energetica/veiculos-automotivos-pbe-veicular/mascara-pbev-2025-mar-11.pdf/@@download/file,9528deace7d2cdf9db07d640eb086ef8191d35ef17f4ed467df08f7a57b1f39b,2026-10-01T16:59:17.909090+00:00,km_ensaio_padronizado,catalogo_de_versoes_nao_vendas_nem_telemetria,linhas_extraidas_sem_erro_detectado,60119a712f9d1f050b192dd3dec6dd0f61481ce137e1abc0e104b506889a9ad2
2025,Utilitário Esportivo Grande 4x4,VOLVO,EX40,8 PLUS,ELÉTRICO,ELÉTRICO,BEV_rotulo_inmetro,E,0.59,393.0,9,https://www.gov.br/inmetro/pt-br/assuntos/regulamentacao/avaliacao-da-conformidade/programa-brasileiro-de-etiquetagem/tabelas-de-eficiencia-energetica/veiculos-automotivos-pbe-veicular/mascara-pbev-2025-mar-11.pdf/@@download/file,9528deace7d2cdf9db07d640eb086ef8191d35ef17f4ed467df08f7a57b1f39b,2026-10-01T16:59:17.909090+00:00,km_ensaio_padronizado,catalogo_de_versoes_nao_vendas_nem_telemetria,linhas_extraidas_sem_erro_detectado,f025f614e92eefe97e5ffa6532c5cb1ce9befcb591776d32919dfae250f8a633
2025,Utilitário Esportivo Grande 4x4,VOLVO,EX40,8 ULTRA,ELÉTRICO,ELÉTRICO,BEV_rotulo_inmetro,E,0.59,393.0,9,https://www.gov.br/inmetro/pt-br/assuntos/regulamentacao/avaliacao-da-conformidade/programa-brasileiro-de-etiquetagem/tabelas-de-eficiencia-energetica/veiculos-automotivos-pbe-veicular/mascara-pbev-2025-mar-11.pdf/@@download/file,9528deace7d2cdf9db07d640eb086ef8191d35ef17f4ed467df08f7a57b1f39b,2026-10-01T16:59:17.909090+00:00,km_ensaio_padronizado,catalogo_de_versoes_nao_vendas_nem_telemetria,linhas_extraidas_sem_erro_detectado,2c640ee642e40246f6a9d4de2954406039bd023cafcaffa7b3fef7fbb0d366ff
2025,Utilitário Esportivo Grande 4x4,VOLVO,EX40,PERF BLACK,ELÉTRICO,ELÉTRICO,BEV_rotulo_inmetro,E,0.59,393.0,9,https://www.gov.br/inmetro/pt-br/assuntos/regulamentacao/avaliacao-da-conformidade/programa-brasileiro-de-etiquetagem/tabelas-de-eficiencia-energetica/veiculos-automotivos-pbe-veicular/mascara-pbev-2025-mar-11.pdf/@@download/file,9528deace7d2cdf9db07d640eb086ef8191d35ef17f4ed467df08f7a57b1f39b,2026-10-01T16:59:17.909090+00:00,km_ensaio_padronizado,catalogo_de_versoes_nao_vendas_nem_telemetria,linhas_extraidas_sem_erro_detectado,2560c3b5e6e0642bf53c196625f941f91e5adf01ca5388299331f77dc680c185
2025,Utilitário Esportivo Grande 4x4,VOLVO,XC60,INSC EXPRESS,2.0-16V,Plug-in,PHEV_rotulo_inmetro,G,0.86,48.0,9,https://www.gov.br/inmetro/pt-br/assuntos/regulamentacao/avaliacao-da-conformidade/programa-brasileiro-de-etiquetagem/tabelas-de-eficiencia-energetica/veiculos-automotivos-pbe-veicular/mascara-pbev-2025-mar-11.pdf/@@download/file,9528deace7d2cdf9db07d640eb086ef8191d35ef17f4ed467df08f7a57b1f39b,2026-10-01T16:59:17.909090+00:00,km_ensaio_padronizado,catalogo_de_versoes_nao_vendas_nem_telemetria,linhas_extraidas_sem_erro_detectado,b0921d5a90d6cfc5ddd0e21175272345f3f5adfcf432f854521b52f9f77e8e7c
2025,Utilitário Esportivo Grande 4x4,VOLVO,XC60,T8 CORE,2.0-16V,Plug-in,PHEV_rotulo_inmetro,G,0.86,48.0,9,https://www.gov.br/inmetro/pt-br/assuntos/regulamentacao/avaliacao-da-conformidade/programa-brasileiro-de-etiquetagem/tabelas-de-eficiencia-energetica/veiculos-automotivos-pbe-veicular/mascara-pbev-2025-mar-11.pdf/@@download/file,9528deace7d2cdf9db07d640eb086ef8191d35ef17f4ed467df08f7a57b1f39b,2026-10-01T16:59:17.909090+00:00,km_ensaio_padronizado,catalogo_de_versoes_nao_vendas_nem_telemetria,linhas_extraidas_sem_erro_detectado,74167cbcfc18b56c17768847ea65a70ae8da8f70938e77593d51f3d084b4cdc6
2025,Utilitário Esportivo Grande 4x4,VOLVO,XC60,T8 INSCRIPT,2.0-16V,Plug-in,PHEV_rotulo_inmetro,G,0.86,48.0,9,https://www.gov.br/inmetro/pt-br/assuntos/regulamentacao/avaliacao-da-conformidade/programa-brasileiro-de-etiquetagem/tabelas-de-eficiencia-energetica/veiculos-automotivos-pbe-veicular/mascara-pbev-2025-mar-11.pdf/@@download/file,9528deace7d2cdf9db07d640eb086ef8191d35ef17f4ed467df08f7a57b1f39b,2026-10-01T16:59:17.909090+00:00,km_ensaio_padronizado,catalogo_de_versoes_nao_vendas_nem_telemetria,linhas_extraidas_sem_erro_detectado,ddafe06a59928f26735501ba499476aa64eedf771f223c7746cbbb12c1afe5f4
2025,Utilitário Esportivo Grande 4x4,VOLVO,XC60,T8 MOMENTUM,2.0-16V,Plug-in,PHEV_rotulo_inmetro,G,0.86,48.0,9,https://www.gov.br/inmetro/pt-br/assuntos/regulamentacao/avaliacao-da-conformidade/programa-brasileiro-de-etiquetagem/tabelas-de-eficiencia-energetica/veiculos-automotivos-pbe-veicular/mascara-pbev-2025-mar-11.pdf/@@download/file,9528deace7d2cdf9db07d640eb086ef8191d35ef17f4ed467df08f7a57b1f39b,2026-10-01T16:59:17.909090+00:00,km_ensaio_padronizado,catalogo_de_versoes_nao_vendas_nem_telemetria,linhas_extraidas_sem_erro_detectado,697634caac090fc73fbede77b22f41ecde68b0e2ad8bedcbddc7529adad8ed45
2025,Utilitário Esportivo Grande 4x4,VOLVO,XC60,T8 PLUS,2.0-16V,Plug-in,PHEV_rotulo_inmetro,G,0.86,48.0,9,https://www.gov.br/inmetro/pt-br/assuntos/regulamentacao/avaliacao-da-conformidade/programa-brasileiro-de-etiquetagem/tabelas-de-eficiencia-energetica/veiculos-automotivos-pbe-veicular/mascara-pbev-2025-mar-11.pdf/@@download/file,9528deace7d2cdf9db07d640eb086ef8191d35ef17f4ed467df08f7a57b1f39b,2026-10-01T16:59:17.909090+00:00,km_ensaio_padronizado,catalogo_de_versoes_nao_vendas_nem_telemetria,linhas_extraidas_sem_erro_detectado,35e2350b6d12d24dc2505652ee1a15a0eaa4e6d7fc515f3782e77ff66e2c2718
2025,Utilitário Esportivo Grande 4x4,VOLVO,XC60,T8 POLESTAR,2.0-16V,Plug-in,PHEV_rotulo_inmetro,G,0.86,48.0,9,https://www.gov.br/inmetro/pt-br/assuntos/regulamentacao/avaliacao-da-conformidade/programa-brasileiro-de-etiquetagem/tabelas-de-eficiencia-energetica/veiculos-automotivos-pbe-veicular/mascara-pbev-2025-mar-11.pdf/@@download/file,9528deace7d2cdf9db07d640eb086ef8191d35ef17f4ed467df08f7a57b1f39b,2026-10-01T16:59:17.909090+00:00,km_ensaio_padronizado,catalogo_de_versoes_nao_vendas_nem_telemetria,linhas_extraidas_sem_erro_detectado,2146e0a5c3115513c759369e513f73c791ee4f8e098477fb39c6fc056724b4c2
2025,Utilitário Esportivo Grande 4x4,VOLVO,XC60,T8 R-DESIGN,2.0-16V,Plug-in,PHEV_rotulo_inmetro,G,0.86,48.0,9,https://www.gov.br/inmetro/pt-br/assuntos/regulamentacao/avaliacao-da-conformidade/programa-brasileiro-de-etiquetagem/tabelas-de-eficiencia-energetica/veiculos-automotivos-pbe-veicular/mascara-pbev-2025-mar-11.pdf/@@download/file,9528deace7d2cdf9db07d640eb086ef8191d35ef17f4ed467df08f7a57b1f39b,2026-10-01T16:59:17.909090+00:00,km_ensaio_padronizado,catalogo_de_versoes_nao_vendas_nem_telemetria,linhas_extraidas_sem_erro_detectado,6ede07b3e1d35bcc4d8ce134f461ca368e0d1a9e088e6c42e40478e871e14c16
2025,Utilitário Esportivo Grande 4x4,VOLVO,XC60,T8 ULT DARK,2.0-16V,Plug-in,PHEV_rotulo_inmetro,G,0.86,48.0,9,https://www.gov.br/inmetro/pt-br/assuntos/regulamentacao/avaliacao-da-conformidade/programa-brasileiro-de-etiquetagem/tabelas-de-eficiencia-energetica/veiculos-automotivos-pbe-veicular/mascara-pbev-2025-mar-11.pdf/@@download/file,9528deace7d2cdf9db07d640eb086ef8191d35ef17f4ed467df08f7a57b1f39b,2026-10-01T16:59:17.909090+00:00,km_ensaio_padronizado,catalogo_de_versoes_nao_vendas_nem_telemetria,linhas_extraidas_sem_erro_detectado,6cb7b6b70f7095200bcfdb40b5f612eec7e0032e5560dfece94c18024f74d9c5
2025,Utilitário Esportivo Grande 4x4,VOLVO,XC60,T8 ULTIMATE,2.0-16V,Plug-in,PHEV_rotulo_inmetro,G,0.86,48.0,9,https://www.gov.br/inmetro/pt-br/assuntos/regulamentacao/avaliacao-da-conformidade/programa-brasileiro-de-etiquetagem/tabelas-de-eficiencia-energetica/veiculos-automotivos-pbe-veicular/mascara-pbev-2025-mar-11.pdf/@@download/file,9528deace7d2cdf9db07d640eb086ef8191d35ef17f4ed467df08f7a57b1f39b,2026-10-01T16:59:17.909090+00:00,km_ensaio_padronizado,catalogo_de_versoes_nao_vendas_nem_telemetria,linhas_extraidas_sem_erro_detectado,320c6083e4665ba0a710a28f3938e05e13e963de662af9a4580e86decc213dd0
2025,Utilitário Esportivo Grande 4x4,VOLVO,XC60,T8 ULTRA,2.0-16V,Plug-in,PHEV_rotulo_inmetro,G,0.86,48.0,9,https://www.gov.br/inmetro/pt-br/assuntos/regulamentacao/avaliacao-da-conformidade/programa-brasileiro-de-etiquetagem/tabelas-de-eficiencia-energetica/veiculos-automotivos-pbe-veicular/mascara-pbev-2025-mar-11.pdf/@@download/file,9528deace7d2cdf9db07d640eb086ef8191d35ef17f4ed467df08f7a57b1f39b,2026-10-01T16:59:17.909090+00:00,km_ensaio_padronizado,catalogo_de_versoes_nao_vendas_nem_telemetria,linhas_extraidas_sem_erro_detectado,ba47a054c8b5dbe6a212c496d15c5f35584e8f545cabcb4485e49911d79ce9c6
2025,Utilitário Esportivo Grande 4x4,VOLVO,XC90,INSC EXPRESS,2.0-16V,Plug-in,PHEV_rotulo_inmetro,G,0.88,47.0,9,https://www.gov.br/inmetro/pt-br/assuntos/regulamentacao/avaliacao-da-conformidade/programa-brasileiro-de-etiquetagem/tabelas-de-eficiencia-energetica/veiculos-automotivos-pbe-veicular/mascara-pbev-2025-mar-11.pdf/@@download/file,9528deace7d2cdf9db07d640eb086ef8191d35ef17f4ed467df08f7a57b1f39b,2026-10-01T16:59:17.909090+00:00,km_ensaio_padronizado,catalogo_de_versoes_nao_vendas_nem_telemetria,linhas_extraidas_sem_erro_detectado,5a8548fe279d31101be8ff945d40d16546efade04d051cd4aedd21c5ee8fd43e
2025,Utilitário Esportivo Grande 4x4,VOLVO,XC90,T8 CORE,2.0-16V,Plug-in,PHEV_rotulo_inmetro,G,0.88,47.0,9,https://www.gov.br/inmetro/pt-br/assuntos/regulamentacao/avaliacao-da-conformidade/programa-brasileiro-de-etiquetagem/tabelas-de-eficiencia-energetica/veiculos-automotivos-pbe-veicular/mascara-pbev-2025-mar-11.pdf/@@download/file,9528deace7d2cdf9db07d640eb086ef8191d35ef17f4ed467df08f7a57b1f39b,2026-10-01T16:59:17.909090+00:00,km_ensaio_padronizado,catalogo_de_versoes_nao_vendas_nem_telemetria,linhas_extraidas_sem_erro_detectado,e59d0a1b939e87eb909f68c8cd1b22609b7ba956b7394d424a4d15dd7201d673
2025,Utilitário Esportivo Grande 4x4,VOLVO,XC90,T8 EXCELLEN,2.0-16V,Plug-in,PHEV_rotulo_inmetro,G,0.88,47.0,9,https://www.gov.br/inmetro/pt-br/assuntos/regulamentacao/avaliacao-da-conformidade/programa-brasileiro-de-etiquetagem/tabelas-de-eficiencia-energetica/veiculos-automotivos-pbe-veicular/mascara-pbev-2025-mar-11.pdf/@@download/file,9528deace7d2cdf9db07d640eb086ef8191d35ef17f4ed467df08f7a57b1f39b,2026-10-01T16:59:17.909090+00:00,km_ensaio_padronizado,catalogo_de_versoes_nao_vendas_nem_telemetria,linhas_extraidas_sem_erro_detectado,f801fa2d6686d48a20725e5492cdbcec7278ffa742e0da499928ef02f1419568
2025,Utilitário Esportivo Grande 4x4,VOLVO,XC90,T8 INSCRIPT,2.0-16V,Plug-in,PHEV_rotulo_inmetro,G,0.88,47.0,9,https://www.gov.br/inmetro/pt-br/assuntos/regulamentacao/avaliacao-da-conformidade/programa-brasileiro-de-etiquetagem/tabelas-de-eficiencia-energetica/veiculos-automotivos-pbe-veicular/mascara-pbev-2025-mar-11.pdf/@@download/file,9528deace7d2cdf9db07d640eb086ef8191d35ef17f4ed467df08f7a57b1f39b,2026-10-01T16:59:17.909090+00:00,km_ensaio_padronizado,catalogo_de_versoes_nao_vendas_nem_telemetria,linhas_extraidas_sem_erro_detectado,b72bc47066520f5d8f7aa75e22a165fd78e66c6ab41aa2787dd053f8c0d2b09d
2025,Utilitário Esportivo Grande 4x4,VOLVO,XC90,T8 MOMENTUM,2.0-16V,Plug-in,PHEV_rotulo_inmetro,G,0.88,47.0,9,https://www.gov.br/inmetro/pt-br/assuntos/regulamentacao/avaliacao-da-conformidade/programa-brasileiro-de-etiquetagem/tabelas-de-eficiencia-energetica/veiculos-automotivos-pbe-veicular/mascara-pbev-2025-mar-11.pdf/@@download/file,9528deace7d2cdf9db07d640eb086ef8191d35ef17f4ed467df08f7a57b1f39b,2026-10-01T16:59:17.909090+00:00,km_ensaio_padronizado,catalogo_de_versoes_nao_vendas_nem_telemetria,linhas_extraidas_sem_erro_detectado,749dad25217baa64b056385d0958baa9b2a0c910137f5cf44448daa63e50814c
2025,Utilitário Esportivo Grande 4x4,VOLVO,XC90,T8 PLUS,2.0-16V,Plug-in,PHEV_rotulo_inmetro,G,0.88,47.0,9,https://www.gov.br/inmetro/pt-br/assuntos/regulamentacao/avaliacao-da-conformidade/programa-brasileiro-de-etiquetagem/tabelas-de-eficiencia-energetica/veiculos-automotivos-pbe-veicular/mascara-pbev-2025-mar-11.pdf/@@download/file,9528deace7d2cdf9db07d640eb086ef8191d35ef17f4ed467df08f7a57b1f39b,2026-10-01T16:59:17.909090+00:00,km_ensaio_padronizado,catalogo_de_versoes_nao_vendas_nem_telemetria,linhas_extraidas_sem_erro_detectado,8d4f68c301974121c213a76d07921dd9ac2c2db61cfa15c74a2c20fa7b8fef81
2025,Utilitário Esportivo Grande 4x4,VOLVO,XC90,T8 POLESTAR,2.0-16V,Plug-in,PHEV_rotulo_inmetro,G,0.88,47.0,9,https://www.gov.br/inmetro/pt-br/assuntos/regulamentacao/avaliacao-da-conformidade/programa-brasileiro-de-etiquetagem/tabelas-de-eficiencia-energetica/veiculos-automotivos-pbe-veicular/mascara-pbev-2025-mar-11.pdf/@@download/file,9528deace7d2cdf9db07d640eb086ef8191d35ef17f4ed467df08f7a57b1f39b,2026-10-01T16:59:17.909090+00:00,km_ensaio_padronizado,catalogo_de_versoes_nao_vendas_nem_telemetria,linhas_extraidas_sem_erro_detectado,ab058fd237fcb2e8b696d3036e22fdd7bac5cd6064e46036ffd199f20c2f8706
2025,Utilitário Esportivo Grande 4x4,VOLVO,XC90,T8 R-DESIGN,2.0-16V,Plug-in,PHEV_rotulo_inmetro,G,0.88,47.0,9,https://www.gov.br/inmetro/pt-br/assuntos/regulamentacao/avaliacao-da-conformidade/programa-brasileiro-de-etiquetagem/tabelas-de-eficiencia-energetica/veiculos-automotivos-pbe-veicular/mascara-pbev-2025-mar-11.pdf/@@download/file,9528deace7d2cdf9db07d640eb086ef8191d35ef17f4ed467df08f7a57b1f39b,2026-10-01T16:59:17.909090+00:00,km_ensaio_padronizado,catalogo_de_versoes_nao_vendas_nem_telemetria,linhas_extraidas_sem_erro_detectado,9babbeaad8343f613f1746b910c844614dd43eac62d45a8c2acd03d3026ba29e
2025,Utilitário Esportivo Grande 4x4,VOLVO,XC90,T8 ULT DARK,2.0-16V,Plug-in,PHEV_rotulo_inmetro,G,0.88,47.0,9,https://www.gov.br/inmetro/pt-br/assuntos/regulamentacao/avaliacao-da-conformidade/programa-brasileiro-de-etiquetagem/tabelas-de-eficiencia-energetica/veiculos-automotivos-pbe-veicular/mascara-pbev-2025-mar-11.pdf/@@download/file,9528deace7d2cdf9db07d640eb086ef8191d35ef17f4ed467df08f7a57b1f39b,2026-10-01T16:59:17.909090+00:00,km_ensaio_padronizado,catalogo_de_versoes_nao_vendas_nem_telemetria,linhas_extraidas_sem_erro_detectado,f0e03acb3eb1a34074ca419dc4ca3457bc770563de3331033d04026d124db45c
2025,Utilitário Esportivo Grande 4x4,VOLVO,XC90,T8 ULTIMATE,2.0-16V,Plug-in,PHEV_rotulo_inmetro,G,0.88,47.0,9,https://www.gov.br/inmetro/pt-br/assuntos/regulamentacao/avaliacao-da-conformidade/programa-brasileiro-de-etiquetagem/tabelas-de-eficiencia-energetica/veiculos-automotivos-pbe-veicular/mascara-pbev-2025-mar-11.pdf/@@download/file,9528deace7d2cdf9db07d640eb086ef8191d35ef17f4ed467df08f7a57b1f39b,2026-10-01T16:59:17.909090+00:00,km_ensaio_padronizado,catalogo_de_versoes_nao_vendas_nem_telemetria,linhas_extraidas_sem_erro_detectado,99fda823e09399b10e122d236adbf9fbaeb0b762cb83926e1f58d2787366dcb2
2025,Utilitário Esportivo Grande 4x4,VOLVO,XC90,T8 ULTRA,2.0-16V,Plug-in,PHEV_rotulo_inmetro,G,0.88,47.0,9,https://www.gov.br/inmetro/pt-br/assuntos/regulamentacao/avaliacao-da-conformidade/programa-brasileiro-de-etiquetagem/tabelas-de-eficiencia-energetica/veiculos-automotivos-pbe-veicular/mascara-pbev-2025-mar-11.pdf/@@download/file,9528deace7d2cdf9db07d640eb086ef8191d35ef17f4ed467df08f7a57b1f39b,2026-10-01T16:59:17.909090+00:00,km_ensaio_padronizado,catalogo_de_versoes_nao_vendas_nem_telemetria,linhas_extraidas_sem_erro_detectado,881630221a9158e9d338afbe40005f6f3561cb88a8db339f839d618bdae6dfad
2025,Utilitário Esportivo Grande 4x4,VOLVO,XC90,T8 AWD PLUS,2.0-16V,Plug-in,PHEV_rotulo_inmetro,G,0.88,47.0,9,https://www.gov.br/inmetro/pt-br/assuntos/regulamentacao/avaliacao-da-conformidade/programa-brasileiro-de-etiquetagem/tabelas-de-eficiencia-energetica/veiculos-automotivos-pbe-veicular/mascara-pbev-2025-mar-11.pdf/@@download/file,9528deace7d2cdf9db07d640eb086ef8191d35ef17f4ed467df08f7a57b1f39b,2026-10-01T16:59:17.909090+00:00,km_ensaio_padronizado,catalogo_de_versoes_nao_vendas_nem_telemetria,linhas_extraidas_sem_erro_detectado,0e4fef76c4302297ba0ab2f94204fae98f65d203b6e58dca3a8da3be8dd74955
2025,Utilitário Esportivo Grande 4x4,VOLVO,XC90,T8 AWD ULT,2.0-16V,Plug-in,PHEV_rotulo_inmetro,G,0.88,47.0,9,https://www.gov.br/inmetro/pt-br/assuntos/regulamentacao/avaliacao-da-conformidade/programa-brasileiro-de-etiquetagem/tabelas-de-eficiencia-energetica/veiculos-automotivos-pbe-veicular/mascara-pbev-2025-mar-11.pdf/@@download/file,9528deace7d2cdf9db07d640eb086ef8191d35ef17f4ed467df08f7a57b1f39b,2026-10-01T16:59:17.909090+00:00,km_ensaio_padronizado,catalogo_de_versoes_nao_vendas_nem_telemetria,linhas_extraidas_sem_erro_detectado,c198d093365e2f481a752da856040173bdb63a238af28cf670f98209557ca3fe
2025,Utilitário Esportivo Grande 4x4,VOLVO,XC90,T8 AWD ULTD,2.0-16V,Plug-in,PHEV_rotulo_inmetro,G,0.88,47.0,9,https://www.gov.br/inmetro/pt-br/assuntos/regulamentacao/avaliacao-da-conformidade/programa-brasileiro-de-etiquetagem/tabelas-de-eficiencia-energetica/veiculos-automotivos-pbe-veicular/mascara-pbev-2025-mar-11.pdf/@@download/file,9528deace7d2cdf9db07d640eb086ef8191d35ef17f4ed467df08f7a57b1f39b,2026-10-01T16:59:17.909090+00:00,km_ensaio_padronizado,catalogo_de_versoes_nao_vendas_nem_telemetria,linhas_extraidas_sem_erro_detectado,c625924d2998abd5ab9e72d1a7f3ce9dd50016ac395e52f219dfc7e84707d8b6
2025,Utilitário Esportivo Grande 4x4,VOLVO,EX90,PLUS TWIN,ELÉTRICO,ELÉTRICO,BEV_rotulo_inmetro,E,0.68,459.0,9,https://www.gov.br/inmetro/pt-br/assuntos/regulamentacao/avaliacao-da-conformidade/programa-brasileiro-de-etiquetagem/tabelas-de-eficiencia-energetica/veiculos-automotivos-pbe-veicular/mascara-pbev-2025-mar-11.pdf/@@download/file,9528deace7d2cdf9db07d640eb086ef8191d35ef17f4ed467df08f7a57b1f39b,2026-10-01T16:59:17.909090+00:00,km_ensaio_padronizado,catalogo_de_versoes_nao_vendas_nem_telemetria,linhas_extraidas_sem_erro_detectado,f41ec9fc1c03e29278ba0e6f53be86826661f5c8e7a939b86daa92d3ed453bc0
2025,Utilitário Esportivo Grande 4x4,VOLVO,EX90,ULTRA TWIN,ELÉTRICO,ELÉTRICO,BEV_rotulo_inmetro,E,0.68,459.0,9,https://www.gov.br/inmetro/pt-br/assuntos/regulamentacao/avaliacao-da-conformidade/programa-brasileiro-de-etiquetagem/tabelas-de-eficiencia-energetica/veiculos-automotivos-pbe-veicular/mascara-pbev-2025-mar-11.pdf/@@download/file,9528deace7d2cdf9db07d640eb086ef8191d35ef17f4ed467df08f7a57b1f39b,2026-10-01T16:59:17.909090+00:00,km_ensaio_padronizado,catalogo_de_versoes_nao_vendas_nem_telemetria,linhas_extraidas_sem_erro_detectado,604b4ee37d172f12612af2f895e6a09fa1021862807ee85e48c949888bda60e2
2025,Utilitário Esportivo Grande 4x4,VOLVO,EX90,ULT TWIN PER,ELÉTRICO,ELÉTRICO,BEV_rotulo_inmetro,E,0.68,459.0,9,https://www.gov.br/inmetro/pt-br/assuntos/regulamentacao/avaliacao-da-conformidade/programa-brasileiro-de-etiquetagem/tabelas-de-eficiencia-energetica/veiculos-automotivos-pbe-veicular/mascara-pbev-2025-mar-11.pdf/@@download/file,9528deace7d2cdf9db07d640eb086ef8191d35ef17f4ed467df08f7a57b1f39b,2026-10-01T16:59:17.909090+00:00,km_ensaio_padronizado,catalogo_de_versoes_nao_vendas_nem_telemetria,linhas_extraidas_sem_erro_detectado,d43b69c70ae22daf60e5021f2d6394af208c56cbe013d0cfda738fb8bbfcb861
2025,Utilitário Esportivo Grande 4x4,ZEEKR,X,Flagship,ELÉTRICO,ELÉTRICO,BEV_rotulo_inmetro,E,0.59,304.0,9,https://www.gov.br/inmetro/pt-br/assuntos/regulamentacao/avaliacao-da-conformidade/programa-brasileiro-de-etiquetagem/tabelas-de-eficiencia-energetica/veiculos-automotivos-pbe-veicular/mascara-pbev-2025-mar-11.pdf/@@download/file,9528deace7d2cdf9db07d640eb086ef8191d35ef17f4ed467df08f7a57b1f39b,2026-10-01T16:59:17.909090+00:00,km_ensaio_padronizado,catalogo_de_versoes_nao_vendas_nem_telemetria,linhas_extraidas_sem_erro_detectado,12d7e6854e2a8b2f5b8cddb061c13874af5b5c3d3aa6a16b7f542896eee2621a
2025,Fora de Estrada Grande,DENZA,B5,GS DM,1.5-16V,Plug-in,PHEV_rotulo_inmetro,G,0.93,74.0,9,https://www.gov.br/inmetro/pt-br/assuntos/regulamentacao/avaliacao-da-conformidade/programa-brasileiro-de-etiquetagem/tabelas-de-eficiencia-energetica/veiculos-automotivos-pbe-veicular/mascara-pbev-2025-mar-11.pdf/@@download/file,9528deace7d2cdf9db07d640eb086ef8191d35ef17f4ed467df08f7a57b1f39b,2026-10-01T16:59:17.909090+00:00,km_ensaio_padronizado,catalogo_de_versoes_nao_vendas_nem_telemetria,linhas_extraidas_sem_erro_detectado,79d6885953e54bb8c299ebbde0a6b6bec7499358332ac5ae638adeb945af8c87
2025,Fora de Estrada Grande,GWM,TANK 300,PHEV,2.0 -16V,Plug-in,PHEV_rotulo_inmetro,G,1.09,75.0,9,https://www.gov.br/inmetro/pt-br/assuntos/regulamentacao/avaliacao-da-conformidade/programa-brasileiro-de-etiquetagem/tabelas-de-eficiencia-energetica/veiculos-automotivos-pbe-veicular/mascara-pbev-2025-mar-11.pdf/@@download/file,9528deace7d2cdf9db07d640eb086ef8191d35ef17f4ed467df08f7a57b1f39b,2026-10-01T16:59:17.909090+00:00,km_ensaio_padronizado,catalogo_de_versoes_nao_vendas_nem_telemetria,linhas_extraidas_sem_erro_detectado,1a6d3f032e8a73ecb868f31681ad82970a6d10946dc9c6b9ff136e14eba3b4b1
2025,Fora de Estrada Grande,LAND ROVER,RANGE ROVER SPORT,PHEV S,3.0-24V,Plug-in,PHEV_rotulo_inmetro,G,1.12,71.0,9,https://www.gov.br/inmetro/pt-br/assuntos/regulamentacao/avaliacao-da-conformidade/programa-brasileiro-de-etiquetagem/tabelas-de-eficiencia-energetica/veiculos-automotivos-pbe-veicular/mascara-pbev-2025-mar-11.pdf/@@download/file,9528deace7d2cdf9db07d640eb086ef8191d35ef17f4ed467df08f7a57b1f39b,2026-10-01T16:59:17.909090+00:00,km_ensaio_padronizado,catalogo_de_versoes_nao_vendas_nem_telemetria,linhas_extraidas_sem_erro_detectado,436fef411e9fd569bd0f2e172a7c6305eb0b91bd5a15e373457adf3ef9570937
2025,Fora de Estrada Grande,LAND ROVER,RANGE ROVER SPORT,PHEV SE,3.0-24V,Plug-in,PHEV_rotulo_inmetro,G,1.12,71.0,9,https://www.gov.br/inmetro/pt-br/assuntos/regulamentacao/avaliacao-da-conformidade/programa-brasileiro-de-etiquetagem/tabelas-de-eficiencia-energetica/veiculos-automotivos-pbe-veicular/mascara-pbev-2025-mar-11.pdf/@@download/file,9528deace7d2cdf9db07d640eb086ef8191d35ef17f4ed467df08f7a57b1f39b,2026-10-01T16:59:17.909090+00:00,km_ensaio_padronizado,catalogo_de_versoes_nao_vendas_nem_telemetria,linhas_extraidas_sem_erro_detectado,beb7a066add234bb748e31e4083a35e1a7e9c2cfeaae2132a560387d58d57911
2025,Fora de Estrada Grande,LAND ROVER,RANGE ROVER SPORT,PHEV SED,3.0-24V,Plug-in,PHEV_rotulo_inmetro,G,1.12,71.0,9,https://www.gov.br/inmetro/pt-br/assuntos/regulamentacao/avaliacao-da-conformidade/programa-brasileiro-de-etiquetagem/tabelas-de-eficiencia-energetica/veiculos-automotivos-pbe-veicular/mascara-pbev-2025-mar-11.pdf/@@download/file,9528deace7d2cdf9db07d640eb086ef8191d35ef17f4ed467df08f7a57b1f39b,2026-10-01T16:59:17.909090+00:00,km_ensaio_padronizado,catalogo_de_versoes_nao_vendas_nem_telemetria,linhas_extraidas_sem_erro_detectado,72a8cddd6b8661dc5d21d97109b504b863b8123f5fca65b693e5200e9378fd7e
2025,Fora de Estrada Grande,LAND ROVER,RANGE ROVER SPORT,PHEV HSED,3.0-24V,Plug-in,PHEV_rotulo_inmetro,G,1.12,71.0,9,https://www.gov.br/inmetro/pt-br/assuntos/regulamentacao/avaliacao-da-conformidade/programa-brasileiro-de-etiquetagem/tabelas-de-eficiencia-energetica/veiculos-automotivos-pbe-veicular/mascara-pbev-2025-mar-11.pdf/@@download/file,9528deace7d2cdf9db07d640eb086ef8191d35ef17f4ed467df08f7a57b1f39b,2026-10-01T16:59:17.909090+00:00,km_ensaio_padronizado,catalogo_de_versoes_nao_vendas_nem_telemetria,linhas_extraidas_sem_erro_detectado,915403c6a3718e94d04546fe7893f85afb6c01f1b50110f07d996db2b0a7bf92
2025,Fora de Estrada Grande,LAND ROVER,RANGE ROVER SPORT,PHEV AB,3.0-24V,Plug-in,PHEV_rotulo_inmetro,G,1.12,71.0,9,https://www.gov.br/inmetro/pt-br/assuntos/regulamentacao/avaliacao-da-conformidade/programa-brasileiro-de-etiquetagem/tabelas-de-eficiencia-energetica/veiculos-automotivos-pbe-veicular/mascara-pbev-2025-mar-11.pdf/@@download/file,9528deace7d2cdf9db07d640eb086ef8191d35ef17f4ed467df08f7a57b1f39b,2026-10-01T16:59:17.909090+00:00,km_ensaio_padronizado,catalogo_de_versoes_nao_vendas_nem_telemetria,linhas_extraidas_sem_erro_detectado,a72d860a27326d4a5c05484d185e2f5b635f3e6296e5c17eb5d7cc2f40c2e369
2025,Fora de Estrada Grande,LAND ROVER,RANGE ROVER,PHEV SV,3.0-24V,Plug-in,PHEV_rotulo_inmetro,G,1.12,71.0,9,https://www.gov.br/inmetro/pt-br/assuntos/regulamentacao/avaliacao-da-conformidade/programa-brasileiro-de-etiquetagem/tabelas-de-eficiencia-energetica/veiculos-automotivos-pbe-veicular/mascara-pbev-2025-mar-11.pdf/@@download/file,9528deace7d2cdf9db07d640eb086ef8191d35ef17f4ed467df08f7a57b1f39b,2026-10-01T16:59:17.909090+00:00,km_ensaio_padronizado,catalogo_de_versoes_nao_vendas_nem_telemetria,linhas_extraidas_sem_erro_detectado,c19f56c8b8fc13e1013a5f552494b4fadbfa5119cc14e2ff1c6f957e671f4edd
2025,Fora de Estrada Grande,LAND ROVER,RANGE ROVER,PHEV SE,3.0-24V,Plug-in,PHEV_rotulo_inmetro,G,1.12,71.0,9,https://www.gov.br/inmetro/pt-br/assuntos/regulamentacao/avaliacao-da-conformidade/programa-brasileiro-de-etiquetagem/tabelas-de-eficiencia-energetica/veiculos-automotivos-pbe-veicular/mascara-pbev-2025-mar-11.pdf/@@download/file,9528deace7d2cdf9db07d640eb086ef8191d35ef17f4ed467df08f7a57b1f39b,2026-10-01T16:59:17.909090+00:00,km_ensaio_padronizado,catalogo_de_versoes_nao_vendas_nem_telemetria,linhas_extraidas_sem_erro_detectado,63c1c7e9ea1b9bbc7ec565eeb72196589931c010a3f6b9e56d43f10f868ddab5
2025,Fora de Estrada Grande,LAND ROVER,RANGE ROVER,PHEV HSE,3.0-24V,Plug-in,PHEV_rotulo_inmetro,G,1.12,71.0,9,https://www.gov.br/inmetro/pt-br/assuntos/regulamentacao/avaliacao-da-conformidade/programa-brasileiro-de-etiquetagem/tabelas-de-eficiencia-energetica/veiculos-automotivos-pbe-veicular/mascara-pbev-2025-mar-11.pdf/@@download/file,9528deace7d2cdf9db07d640eb086ef8191d35ef17f4ed467df08f7a57b1f39b,2026-10-01T16:59:17.909090+00:00,km_ensaio_padronizado,catalogo_de_versoes_nao_vendas_nem_telemetria,linhas_extraidas_sem_erro_detectado,03f290c4c32e986f89d88aa2563221106335518cc88eccc2c7248764e949df4a
2025,Fora de Estrada Grande,LAND ROVER,RANGE ROVER,PHEV AB,3.0-24V,Plug-in,PHEV_rotulo_inmetro,G,1.12,71.0,9,https://www.gov.br/inmetro/pt-br/assuntos/regulamentacao/avaliacao-da-conformidade/programa-brasileiro-de-etiquetagem/tabelas-de-eficiencia-energetica/veiculos-automotivos-pbe-veicular/mascara-pbev-2025-mar-11.pdf/@@download/file,9528deace7d2cdf9db07d640eb086ef8191d35ef17f4ed467df08f7a57b1f39b,2026-10-01T16:59:17.909090+00:00,km_ensaio_padronizado,catalogo_de_versoes_nao_vendas_nem_telemetria,linhas_extraidas_sem_erro_detectado,8e7f40341efbc75aec6c887e20c9739fb341bda5a5a1a6b568ad2359fa2d1e69
2025,Fora de Estrada Grande,LAND ROVER,DEFENDER 110 D350,HSE XD,3.0-24V,Híbrido,HIBRIDO_rotulo_inmetro,D,2.78,,9,https://www.gov.br/inmetro/pt-br/assuntos/regulamentacao/avaliacao-da-conformidade/programa-brasileiro-de-etiquetagem/tabelas-de-eficiencia-energetica/veiculos-automotivos-pbe-veicular/mascara-pbev-2025-mar-11.pdf/@@download/file,9528deace7d2cdf9db07d640eb086ef8191d35ef17f4ed467df08f7a57b1f39b,2026-10-01T16:59:17.909090+00:00,km_ensaio_padronizado,catalogo_de_versoes_nao_vendas_nem_telemetria,linhas_extraidas_sem_erro_detectado,4d22cec5ff07352711ffde3e4b70fd36f3d2fdeeb4835d8f00a79a5ed62fa145
2025,Fora de Estrada Grande,LAND ROVER,DEFENDER 110 D350,HSEXD 7L,3.0-24V,Híbrido,HIBRIDO_rotulo_inmetro,D,2.78,,9,https://www.gov.br/inmetro/pt-br/assuntos/regulamentacao/avaliacao-da-conformidade/programa-brasileiro-de-etiquetagem/tabelas-de-eficiencia-energetica/veiculos-automotivos-pbe-veicular/mascara-pbev-2025-mar-11.pdf/@@download/file,9528deace7d2cdf9db07d640eb086ef8191d35ef17f4ed467df08f7a57b1f39b,2026-10-01T16:59:17.909090+00:00,km_ensaio_padronizado,catalogo_de_versoes_nao_vendas_nem_telemetria,linhas_extraidas_sem_erro_detectado,8d3a3b5206aefad6eb83a2d164c8b87996bef1dd45c0543d662cac6ebf00d1a5
2025,Fora de Estrada Grande,LAND ROVER,DEFENDER 110 D350,X,3.0-24V,Híbrido,HIBRIDO_rotulo_inmetro,D,2.78,,9,https://www.gov.br/inmetro/pt-br/assuntos/regulamentacao/avaliacao-da-conformidade/programa-brasileiro-de-etiquetagem/tabelas-de-eficiencia-energetica/veiculos-automotivos-pbe-veicular/mascara-pbev-2025-mar-11.pdf/@@download/file,9528deace7d2cdf9db07d640eb086ef8191d35ef17f4ed467df08f7a57b1f39b,2026-10-01T16:59:17.909090+00:00,km_ensaio_padronizado,catalogo_de_versoes_nao_vendas_nem_telemetria,linhas_extraidas_sem_erro_detectado,1b9750a91d09d9cedb885494cb0b9823e3d5ae047accb3de240f5881f68f9da2
2025,Fora de Estrada Grande,LAND ROVER,DEFENDER 110 D350,X 7L,3.0-24V,Híbrido,HIBRIDO_rotulo_inmetro,D,2.78,,9,https://www.gov.br/inmetro/pt-br/assuntos/regulamentacao/avaliacao-da-conformidade/programa-brasileiro-de-etiquetagem/tabelas-de-eficiencia-energetica/veiculos-automotivos-pbe-veicular/mascara-pbev-2025-mar-11.pdf/@@download/file,9528deace7d2cdf9db07d640eb086ef8191d35ef17f4ed467df08f7a57b1f39b,2026-10-01T16:59:17.909090+00:00,km_ensaio_padronizado,catalogo_de_versoes_nao_vendas_nem_telemetria,linhas_extraidas_sem_erro_detectado,bc64990cb42f19d0d956ab565fc3638f5600f163db8692a8942875bff004b11a
2025,Fora de Estrada Grande,LAND ROVER,DEFENDER 90 D350,HSE,3.0-24V,Híbrido,HIBRIDO_rotulo_inmetro,D,2.78,,10,https://www.gov.br/inmetro/pt-br/assuntos/regulamentacao/avaliacao-da-conformidade/programa-brasileiro-de-etiquetagem/tabelas-de-eficiencia-energetica/veiculos-automotivos-pbe-veicular/mascara-pbev-2025-mar-11.pdf/@@download/file,9528deace7d2cdf9db07d640eb086ef8191d35ef17f4ed467df08f7a57b1f39b,2026-10-01T16:59:17.909090+00:00,km_ensaio_padronizado,catalogo_de_versoes_nao_vendas_nem_telemetria,linhas_extraidas_sem_erro_detectado,7f24f9219cfde5017097d9558554ce59140f441303234c655ee09076c6e2ae74
2025,Fora de Estrada Grande,LAND ROVER,DEFENDER 90 D350,HSE XD,3.0-24V,Híbrido,HIBRIDO_rotulo_inmetro,D,2.78,,10,https://www.gov.br/inmetro/pt-br/assuntos/regulamentacao/avaliacao-da-conformidade/programa-brasileiro-de-etiquetagem/tabelas-de-eficiencia-energetica/veiculos-automotivos-pbe-veicular/mascara-pbev-2025-mar-11.pdf/@@download/file,9528deace7d2cdf9db07d640eb086ef8191d35ef17f4ed467df08f7a57b1f39b,2026-10-01T16:59:17.909090+00:00,km_ensaio_padronizado,catalogo_de_versoes_nao_vendas_nem_telemetria,linhas_extraidas_sem_erro_detectado,3a678ac34cf3f5bfc303f4523bd5f3869c68754f8ead88da8e5f8bd5abac0477
2025,Fora de Estrada Grande,LAND ROVER,DEFENDER 130 D350,X,3.0-24V,Híbrido,HIBRIDO_rotulo_inmetro,D,2.73,,10,https://www.gov.br/inmetro/pt-br/assuntos/regulamentacao/avaliacao-da-conformidade/programa-brasileiro-de-etiquetagem/tabelas-de-eficiencia-energetica/veiculos-automotivos-pbe-veicular/mascara-pbev-2025-mar-11.pdf/@@download/file,9528deace7d2cdf9db07d640eb086ef8191d35ef17f4ed467df08f7a57b1f39b,2026-10-01T16:59:17.909090+00:00,km_ensaio_padronizado,catalogo_de_versoes_nao_vendas_nem_telemetria,linhas_extraidas_sem_erro_detectado,0f1f9ef7ca651e4580fbf99ad4937889f37900d1e9807f4adb41f6d1aefd46fd
2025,Fora de Estrada Grande,LAND ROVER,DEFENDER 130 D350,X7L,3.0-24V,Híbrido,HIBRIDO_rotulo_inmetro,D,2.73,,10,https://www.gov.br/inmetro/pt-br/assuntos/regulamentacao/avaliacao-da-conformidade/programa-brasileiro-de-etiquetagem/tabelas-de-eficiencia-energetica/veiculos-automotivos-pbe-veicular/mascara-pbev-2025-mar-11.pdf/@@download/file,9528deace7d2cdf9db07d640eb086ef8191d35ef17f4ed467df08f7a57b1f39b,2026-10-01T16:59:17.909090+00:00,km_ensaio_padronizado,catalogo_de_versoes_nao_vendas_nem_telemetria,linhas_extraidas_sem_erro_detectado,9eaac02336ae2e12da0b9be2c0241274a71b458acdad4da5ef53a27a1fc469b8
2025,Fora de Estrada Grande,LAND ROVER,DISCOVERY,D350 LE,3.0-24V,Híbrido,HIBRIDO_rotulo_inmetro,D,2.59,,10,https://www.gov.br/inmetro/pt-br/assuntos/regulamentacao/avaliacao-da-conformidade/programa-brasileiro-de-etiquetagem/tabelas-de-eficiencia-energetica/veiculos-automotivos-pbe-veicular/mascara-pbev-2025-mar-11.pdf/@@download/file,9528deace7d2cdf9db07d640eb086ef8191d35ef17f4ed467df08f7a57b1f39b,2026-10-01T16:59:17.909090+00:00,km_ensaio_padronizado,catalogo_de_versoes_nao_vendas_nem_telemetria,linhas_extraidas_sem_erro_detectado,3b5228962ab87049345b8ebbd3b04a9d13b904a9c4477025724bfc8ecf86172d
2025,Fora de Estrada Grande,LAND ROVER,DISCOVERY,D350 HSED,3.0-24V,Híbrido,HIBRIDO_rotulo_inmetro,D,2.59,,10,https://www.gov.br/inmetro/pt-br/assuntos/regulamentacao/avaliacao-da-conformidade/programa-brasileiro-de-etiquetagem/tabelas-de-eficiencia-energetica/veiculos-automotivos-pbe-veicular/mascara-pbev-2025-mar-11.pdf/@@download/file,9528deace7d2cdf9db07d640eb086ef8191d35ef17f4ed467df08f7a57b1f39b,2026-10-01T16:59:17.909090+00:00,km_ensaio_padronizado,catalogo_de_versoes_nao_vendas_nem_telemetria,linhas_extraidas_sem_erro_detectado,bea773ccfed85f73fce0f492c22919ba8359bb6269f373dd2ab26d606a22de82
2025,Fora de Estrada Grande,LAND ROVER,VELAR,PHEV AB,2.0-16V,Plug-in,PHEV_rotulo_inmetro,G,0.92,40.0,10,https://www.gov.br/inmetro/pt-br/assuntos/regulamentacao/avaliacao-da-conformidade/programa-brasileiro-de-etiquetagem/tabelas-de-eficiencia-energetica/veiculos-automotivos-pbe-veicular/mascara-pbev-2025-mar-11.pdf/@@download/file,9528deace7d2cdf9db07d640eb086ef8191d35ef17f4ed467df08f7a57b1f39b,2026-10-01T16:59:17.909090+00:00,km_ensaio_padronizado,catalogo_de_versoes_nao_vendas_nem_telemetria,linhas_extraidas_sem_erro_detectado,2e6242c63870a9e9a437272470b1c0610f3c156d2db0022cefbe62051790857d
2025,Fora de Estrada Grande,LAND ROVER,VELAR,PHEV HSED,2.0-16V,Plug-in,PHEV_rotulo_inmetro,G,0.92,40.0,10,https://www.gov.br/inmetro/pt-br/assuntos/regulamentacao/avaliacao-da-conformidade/programa-brasileiro-de-etiquetagem/tabelas-de-eficiencia-energetica/veiculos-automotivos-pbe-veicular/mascara-pbev-2025-mar-11.pdf/@@download/file,9528deace7d2cdf9db07d640eb086ef8191d35ef17f4ed467df08f7a57b1f39b,2026-10-01T16:59:17.909090+00:00,km_ensaio_padronizado,catalogo_de_versoes_nao_vendas_nem_telemetria,linhas_extraidas_sem_erro_detectado,09b8fb2726b78a479e879d3ba5444a117569a8dcc21befe7e87846e04d008316
2025,Fora de Estrada Grande,Mercedes-Benz,G580 EQ,,ELÉTRICO,ELÉTRICO,BEV_rotulo_inmetro,E,0.88,369.0,10,https://www.gov.br/inmetro/pt-br/assuntos/regulamentacao/avaliacao-da-conformidade/programa-brasileiro-de-etiquetagem/tabelas-de-eficiencia-energetica/veiculos-automotivos-pbe-veicular/mascara-pbev-2025-mar-11.pdf/@@download/file,9528deace7d2cdf9db07d640eb086ef8191d35ef17f4ed467df08f7a57b1f39b,2026-10-01T16:59:17.909090+00:00,km_ensaio_padronizado,catalogo_de_versoes_nao_vendas_nem_telemetria,linhas_extraidas_sem_erro_detectado,26492eb8b820c58ab5e71349c82b16e79e18548152aa5b3f057857154f613aa0
2025,Fora de Estrada Grande,Mercedes-Benz,AMG G63,MFKT,4.0-32V,Híbrido,HIBRIDO_rotulo_inmetro,G,4.0,,10,https://www.gov.br/inmetro/pt-br/assuntos/regulamentacao/avaliacao-da-conformidade/programa-brasileiro-de-etiquetagem/tabelas-de-eficiencia-energetica/veiculos-automotivos-pbe-veicular/mascara-pbev-2025-mar-11.pdf/@@download/file,9528deace7d2cdf9db07d640eb086ef8191d35ef17f4ed467df08f7a57b1f39b,2026-10-01T16:59:17.909090+00:00,km_ensaio_padronizado,catalogo_de_versoes_nao_vendas_nem_telemetria,linhas_extraidas_sem_erro_detectado,e88697e956d76391d2f84adc6060a2b5458b1af0058232c855f28a7038bdebd2
2025,Fora de Estrada Grande,Mercedes-Benz,AMG G63 4M,,4.0-32V,Híbrido,HIBRIDO_rotulo_inmetro,G,3.95,,10,https://www.gov.br/inmetro/pt-br/assuntos/regulamentacao/avaliacao-da-conformidade/programa-brasileiro-de-etiquetagem/tabelas-de-eficiencia-energetica/veiculos-automotivos-pbe-veicular/mascara-pbev-2025-mar-11.pdf/@@download/file,9528deace7d2cdf9db07d640eb086ef8191d35ef17f4ed467df08f7a57b1f39b,2026-10-01T16:59:17.909090+00:00,km_ensaio_padronizado,catalogo_de_versoes_nao_vendas_nem_telemetria,linhas_extraidas_sem_erro_detectado,b8595805f25e5f3cd884bb52e471c6e982cce5fefc411d9e289a4c97c032a942
2025,Comercial,BYD,ET3,---,ELÉTRICO,ELÉTRICO,BEV_rotulo_inmetro,E,0.71,170.0,10,https://www.gov.br/inmetro/pt-br/assuntos/regulamentacao/avaliacao-da-conformidade/programa-brasileiro-de-etiquetagem/tabelas-de-eficiencia-energetica/veiculos-automotivos-pbe-veicular/mascara-pbev-2025-mar-11.pdf/@@download/file,9528deace7d2cdf9db07d640eb086ef8191d35ef17f4ed467df08f7a57b1f39b,2026-10-01T16:59:17.909090+00:00,km_ensaio_padronizado,catalogo_de_versoes_nao_vendas_nem_telemetria,linhas_extraidas_sem_erro_detectado,78af812f28fafb5f264402435994e1c8ec22443033962a3457d95f900d3dc55a
2025,Comercial,CITROEN,E-JUMPY,CARGO,ELÉTRICO,ELÉTRICO,BEV_rotulo_inmetro,E,0.75,258.0,10,https://www.gov.br/inmetro/pt-br/assuntos/regulamentacao/avaliacao-da-conformidade/programa-brasileiro-de-etiquetagem/tabelas-de-eficiencia-energetica/veiculos-automotivos-pbe-veicular/mascara-pbev-2025-mar-11.pdf/@@download/file,9528deace7d2cdf9db07d640eb086ef8191d35ef17f4ed467df08f7a57b1f39b,2026-10-01T16:59:17.909090+00:00,km_ensaio_padronizado,catalogo_de_versoes_nao_vendas_nem_telemetria,linhas_extraidas_sem_erro_detectado,7ad5709fa00a8ef7eb31bc410300c0206780b4174f4b2e4366a356702eca996c
2025,Comercial,FIAT,E-SCUDO,CARGO,ELÉTRICO,ELÉTRICO,BEV_rotulo_inmetro,E,0.75,258.0,10,https://www.gov.br/inmetro/pt-br/assuntos/regulamentacao/avaliacao-da-conformidade/programa-brasileiro-de-etiquetagem/tabelas-de-eficiencia-energetica/veiculos-automotivos-pbe-veicular/mascara-pbev-2025-mar-11.pdf/@@download/file,9528deace7d2cdf9db07d640eb086ef8191d35ef17f4ed467df08f7a57b1f39b,2026-10-01T16:59:17.909090+00:00,km_ensaio_padronizado,catalogo_de_versoes_nao_vendas_nem_telemetria,linhas_extraidas_sem_erro_detectado,d2e4d7a45b03b5dbbe9996da3712d23d189a46e43ec5bd55949a1291e7508b7e
2025,Comercial,FARIZON,V6E,--,ELÉTRICO,ELÉTRICO,BEV_rotulo_inmetro,E,0.72,156.0,10,https://www.gov.br/inmetro/pt-br/assuntos/regulamentacao/avaliacao-da-conformidade/programa-brasileiro-de-etiquetagem/tabelas-de-eficiencia-energetica/veiculos-automotivos-pbe-veicular/mascara-pbev-2025-mar-11.pdf/@@download/file,9528deace7d2cdf9db07d640eb086ef8191d35ef17f4ed467df08f7a57b1f39b,2026-10-01T16:59:17.909090+00:00,km_ensaio_padronizado,catalogo_de_versoes_nao_vendas_nem_telemetria,linhas_extraidas_sem_erro_detectado,3e1aeae36ded7158c2e607ba0e54e37f1da54145108064983fe4a7403d42c260
2025,Comercial,FARIZON,SV,AIR 11M3 / AIR PRO11M3 / LUX 11M3 / LUX PRO11M3,ELÉTRICO,ELÉTRICO,BEV_rotulo_inmetro,E,0.92,239.0,10,https://www.gov.br/inmetro/pt-br/assuntos/regulamentacao/avaliacao-da-conformidade/programa-brasileiro-de-etiquetagem/tabelas-de-eficiencia-energetica/veiculos-automotivos-pbe-veicular/mascara-pbev-2025-mar-11.pdf/@@download/file,9528deace7d2cdf9db07d640eb086ef8191d35ef17f4ed467df08f7a57b1f39b,2026-10-01T16:59:17.909090+00:00,km_ensaio_padronizado,catalogo_de_versoes_nao_vendas_nem_telemetria,linhas_extraidas_sem_erro_detectado,ee88eb86c69f2991e7cd602027afd78c7118676e859fe37b305e1edddc7fdcd5
2025,Comercial,FARIZON,SV,AIR 8M3 / AIR PRO 8M3 / LUX 8M3 / LUX PRO 8M3,ELÉTRICO,ELÉTRICO,BEV_rotulo_inmetro,E,0.84,262.0,10,https://www.gov.br/inmetro/pt-br/assuntos/regulamentacao/avaliacao-da-conformidade/programa-brasileiro-de-etiquetagem/tabelas-de-eficiencia-energetica/veiculos-automotivos-pbe-veicular/mascara-pbev-2025-mar-11.pdf/@@download/file,9528deace7d2cdf9db07d640eb086ef8191d35ef17f4ed467df08f7a57b1f39b,2026-10-01T16:59:17.909090+00:00,km_ensaio_padronizado,catalogo_de_versoes_nao_vendas_nem_telemetria,linhas_extraidas_sem_erro_detectado,ea87397313a117a769e06e6b7313a4929dca639dba6f6a502379b9d774b580d7
2025,Comercial,FORD,E-Transit,F35MMAB,Elétrico,Elétrico,BEV_rotulo_inmetro,E,1.02,203.0,10,https://www.gov.br/inmetro/pt-br/assuntos/regulamentacao/avaliacao-da-conformidade/programa-brasileiro-de-etiquetagem/tabelas-de-eficiencia-energetica/veiculos-automotivos-pbe-veicular/mascara-pbev-2025-mar-11.pdf/@@download/file,9528deace7d2cdf9db07d640eb086ef8191d35ef17f4ed467df08f7a57b1f39b,2026-10-01T16:59:17.909090+00:00,km_ensaio_padronizado,catalogo_de_versoes_nao_vendas_nem_telemetria,linhas_extraidas_sem_erro_detectado,4cd4f658b7b7bd4dc83397ef97ff0d08c3aedc0bff0bd86ae9468d6af9a22940
2025,Comercial,FORD,E-Transit,F35MAAB,Elétrico,Elétrico,BEV_rotulo_inmetro,E,1.02,203.0,10,https://www.gov.br/inmetro/pt-br/assuntos/regulamentacao/avaliacao-da-conformidade/programa-brasileiro-de-etiquetagem/tabelas-de-eficiencia-energetica/veiculos-automotivos-pbe-veicular/mascara-pbev-2025-mar-11.pdf/@@download/file,9528deace7d2cdf9db07d640eb086ef8191d35ef17f4ed467df08f7a57b1f39b,2026-10-01T16:59:17.909090+00:00,km_ensaio_padronizado,catalogo_de_versoes_nao_vendas_nem_telemetria,linhas_extraidas_sem_erro_detectado,fd8b287eb8893231ab7514085ff1c5c3a4a83c01c5ae636a765301a881948566
2025,Comercial,FORD,E-Transit,F35LMAB,Elétrico,Elétrico,BEV_rotulo_inmetro,E,1.02,203.0,10,https://www.gov.br/inmetro/pt-br/assuntos/regulamentacao/avaliacao-da-conformidade/programa-brasileiro-de-etiquetagem/tabelas-de-eficiencia-energetica/veiculos-automotivos-pbe-veicular/mascara-pbev-2025-mar-11.pdf/@@download/file,9528deace7d2cdf9db07d640eb086ef8191d35ef17f4ed467df08f7a57b1f39b,2026-10-01T16:59:17.909090+00:00,km_ensaio_padronizado,catalogo_de_versoes_nao_vendas_nem_telemetria,linhas_extraidas_sem_erro_detectado,67a0213271733cc4121a763782c2ff353fe54bc6955b7cbbc58a982ac0012ca9
2025,Comercial,FORD,E-Transit,F35LAAB,Elétrico,Elétrico,BEV_rotulo_inmetro,E,1.02,203.0,10,https://www.gov.br/inmetro/pt-br/assuntos/regulamentacao/avaliacao-da-conformidade/programa-brasileiro-de-etiquetagem/tabelas-de-eficiencia-energetica/veiculos-automotivos-pbe-veicular/mascara-pbev-2025-mar-11.pdf/@@download/file,9528deace7d2cdf9db07d640eb086ef8191d35ef17f4ed467df08f7a57b1f39b,2026-10-01T16:59:17.909090+00:00,km_ensaio_padronizado,catalogo_de_versoes_nao_vendas_nem_telemetria,linhas_extraidas_sem_erro_detectado,797e1eaba8527968cbc4fc264c01c7d0411508925f0ed934028476978d372659
2025,Comercial,FORD,E-Transit,F35EAAB,Elétrico,Elétrico,BEV_rotulo_inmetro,E,1.02,203.0,10,https://www.gov.br/inmetro/pt-br/assuntos/regulamentacao/avaliacao-da-conformidade/programa-brasileiro-de-etiquetagem/tabelas-de-eficiencia-energetica/veiculos-automotivos-pbe-veicular/mascara-pbev-2025-mar-11.pdf/@@download/file,9528deace7d2cdf9db07d640eb086ef8191d35ef17f4ed467df08f7a57b1f39b,2026-10-01T16:59:17.909090+00:00,km_ensaio_padronizado,catalogo_de_versoes_nao_vendas_nem_telemetria,linhas_extraidas_sem_erro_detectado,74e9f413b564f8ccd0f9b924d6a22918d7f3f343a7895853af5952492c6c16dc
2025,Comercial,FORD,E-Transit,C35LBAB,Elétrico,Elétrico,BEV_rotulo_inmetro,E,1.02,203.0,10,https://www.gov.br/inmetro/pt-br/assuntos/regulamentacao/avaliacao-da-conformidade/programa-brasileiro-de-etiquetagem/tabelas-de-eficiencia-energetica/veiculos-automotivos-pbe-veicular/mascara-pbev-2025-mar-11.pdf/@@download/file,9528deace7d2cdf9db07d640eb086ef8191d35ef17f4ed467df08f7a57b1f39b,2026-10-01T16:59:17.909090+00:00,km_ensaio_padronizado,catalogo_de_versoes_nao_vendas_nem_telemetria,linhas_extraidas_sem_erro_detectado,5264e4ab5179401da46ee867470fe957c218029816aafa858882ef86f4d7cb4b
2025,Comercial,FORD,E-Transit,C35EBAB,Elétrico,Elétrico,BEV_rotulo_inmetro,E,1.02,203.0,10,https://www.gov.br/inmetro/pt-br/assuntos/regulamentacao/avaliacao-da-conformidade/programa-brasileiro-de-etiquetagem/tabelas-de-eficiencia-energetica/veiculos-automotivos-pbe-veicular/mascara-pbev-2025-mar-11.pdf/@@download/file,9528deace7d2cdf9db07d640eb086ef8191d35ef17f4ed467df08f7a57b1f39b,2026-10-01T16:59:17.909090+00:00,km_ensaio_padronizado,catalogo_de_versoes_nao_vendas_nem_telemetria,linhas_extraidas_sem_erro_detectado,614a041ca5bcaba70155bc5180c5ae3555222eaae8b5dc8fed1da723584fbe4b
2025,Comercial,JAC,EJV5.5,CARGO,ELÉTRICO,ELÉTRICO,BEV_rotulo_inmetro,E,0.63,260.0,10,https://www.gov.br/inmetro/pt-br/assuntos/regulamentacao/avaliacao-da-conformidade/programa-brasileiro-de-etiquetagem/tabelas-de-eficiencia-energetica/veiculos-automotivos-pbe-veicular/mascara-pbev-2025-mar-11.pdf/@@download/file,9528deace7d2cdf9db07d640eb086ef8191d35ef17f4ed467df08f7a57b1f39b,2026-10-01T16:59:17.909090+00:00,km_ensaio_padronizado,catalogo_de_versoes_nao_vendas_nem_telemetria,linhas_extraidas_sem_erro_detectado,07eadab22e9ce8603f2e0c85cabe76996c35f8427ff80af0ea7c90f23a13baf4
2025,Comercial,Mercedes-Benz,320 ESPRINTER,F,ELÉTRICO,ELÉTRICO,BEV_rotulo_inmetro,E,1.09,206.0,10,https://www.gov.br/inmetro/pt-br/assuntos/regulamentacao/avaliacao-da-conformidade/programa-brasileiro-de-etiquetagem/tabelas-de-eficiencia-energetica/veiculos-automotivos-pbe-veicular/mascara-pbev-2025-mar-11.pdf/@@download/file,9528deace7d2cdf9db07d640eb086ef8191d35ef17f4ed467df08f7a57b1f39b,2026-10-01T16:59:17.909090+00:00,km_ensaio_padronizado,catalogo_de_versoes_nao_vendas_nem_telemetria,linhas_extraidas_sem_erro_detectado,6f9db7b3219382980f06b6cc313323d7942d80c407c4d78f73dd87bcddc56906
2025,Comercial,Mercedes-Benz,320 ESPRINTER,C,ELÉTRICO,ELÉTRICO,BEV_rotulo_inmetro,E,1.09,206.0,10,https://www.gov.br/inmetro/pt-br/assuntos/regulamentacao/avaliacao-da-conformidade/programa-brasileiro-de-etiquetagem/tabelas-de-eficiencia-energetica/veiculos-automotivos-pbe-veicular/mascara-pbev-2025-mar-11.pdf/@@download/file,9528deace7d2cdf9db07d640eb086ef8191d35ef17f4ed467df08f7a57b1f39b,2026-10-01T16:59:17.909090+00:00,km_ensaio_padronizado,catalogo_de_versoes_nao_vendas_nem_telemetria,linhas_extraidas_sem_erro_detectado,4aa5788faa56965bc79a34a315e5ade5c8d347fc9f1cea52e8cb5402e5397ecd
2025,Comercial,PEUGEOT,E-EXPERT,CARGO,ELÉTRICO,ELÉTRICO,BEV_rotulo_inmetro,E,0.75,258.0,10,https://www.gov.br/inmetro/pt-br/assuntos/regulamentacao/avaliacao-da-conformidade/programa-brasileiro-de-etiquetagem/tabelas-de-eficiencia-energetica/veiculos-automotivos-pbe-veicular/mascara-pbev-2025-mar-11.pdf/@@download/file,9528deace7d2cdf9db07d640eb086ef8191d35ef17f4ed467df08f7a57b1f39b,2026-10-01T16:59:17.909090+00:00,km_ensaio_padronizado,catalogo_de_versoes_nao_vendas_nem_telemetria,linhas_extraidas_sem_erro_detectado,e34b1dadabfa41d4f1a0a8dca4dbba545cac7b4d62dda899c76075a602f1fa80
2025,Comercial,Renault,KANGOO,ETECHL2,ELÉTRICO,ELÉTRICO,BEV_rotulo_inmetro,E,0.6,210.0,11,https://www.gov.br/inmetro/pt-br/assuntos/regulamentacao/avaliacao-da-conformidade/programa-brasileiro-de-etiquetagem/tabelas-de-eficiencia-energetica/veiculos-automotivos-pbe-veicular/mascara-pbev-2025-mar-11.pdf/@@download/file,9528deace7d2cdf9db07d640eb086ef8191d35ef17f4ed467df08f7a57b1f39b,2026-10-01T16:59:17.909090+00:00,km_ensaio_padronizado,catalogo_de_versoes_nao_vendas_nem_telemetria,linhas_extraidas_sem_erro_detectado,fd83b4d9058e0d45e11e9c19af94cf8f4e79bc0d76f2001bc9dd9d600b6ded9b
2025,Comercial,Renault,E-KWID,CARGO,ELÉTRICO,ELÉTRICO,BEV_rotulo_inmetro,E,0.44,185.0,11,https://www.gov.br/inmetro/pt-br/assuntos/regulamentacao/avaliacao-da-conformidade/programa-brasileiro-de-etiquetagem/tabelas-de-eficiencia-energetica/veiculos-automotivos-pbe-veicular/mascara-pbev-2025-mar-11.pdf/@@download/file,9528deace7d2cdf9db07d640eb086ef8191d35ef17f4ed467df08f7a57b1f39b,2026-10-01T16:59:17.909090+00:00,km_ensaio_padronizado,catalogo_de_versoes_nao_vendas_nem_telemetria,linhas_extraidas_sem_erro_detectado,85fb2f20048d52ba446bcecbb6c8d84443cc033d84fac05408cb81e903e652bc
2025,Picape,BYD,SHARK,GS DM,1.5-16V,Plug-in,PHEV_rotulo_inmetro,G,0.91,68.0,11,https://www.gov.br/inmetro/pt-br/assuntos/regulamentacao/avaliacao-da-conformidade/programa-brasileiro-de-etiquetagem/tabelas-de-eficiencia-energetica/veiculos-automotivos-pbe-veicular/mascara-pbev-2025-mar-11.pdf/@@download/file,9528deace7d2cdf9db07d640eb086ef8191d35ef17f4ed467df08f7a57b1f39b,2026-10-01T16:59:17.909090+00:00,km_ensaio_padronizado,catalogo_de_versoes_nao_vendas_nem_telemetria,linhas_extraidas_sem_erro_detectado,f850d81fbaf6edb649d6c3d7de8b763914a200ef100be1d3f7acc57bffda5ba8
2025,Picape,BYD,SHARK,GL DM,1.5-16V,Plug-in,PHEV_rotulo_inmetro,G,0.91,68.0,11,https://www.gov.br/inmetro/pt-br/assuntos/regulamentacao/avaliacao-da-conformidade/programa-brasileiro-de-etiquetagem/tabelas-de-eficiencia-energetica/veiculos-automotivos-pbe-veicular/mascara-pbev-2025-mar-11.pdf/@@download/file,9528deace7d2cdf9db07d640eb086ef8191d35ef17f4ed467df08f7a57b1f39b,2026-10-01T16:59:17.909090+00:00,km_ensaio_padronizado,catalogo_de_versoes_nao_vendas_nem_telemetria,linhas_extraidas_sem_erro_detectado,27400ed3f7b57e6244632df50fbc2effdcbe515b2bdfb099002cd3892f8c3474
2025,Picape,FOTON,TUNLAND,V7,2.0-16V,Híbrido,HIBRIDO_rotulo_inmetro,D,2.95,,12,https://www.gov.br/inmetro/pt-br/assuntos/regulamentacao/avaliacao-da-conformidade/programa-brasileiro-de-etiquetagem/tabelas-de-eficiencia-energetica/veiculos-automotivos-pbe-veicular/mascara-pbev-2025-mar-11.pdf/@@download/file,9528deace7d2cdf9db07d640eb086ef8191d35ef17f4ed467df08f7a57b1f39b,2026-10-01T16:59:17.909090+00:00,km_ensaio_padronizado,catalogo_de_versoes_nao_vendas_nem_telemetria,linhas_extraidas_sem_erro_detectado,0f5f835548d4bc110882716f57af6626ea0b9dc6b1773e3bca34e65dae8b525a
2025,Picape,FOTON,TUNLAND,V9,2.0-16V,Híbrido,HIBRIDO_rotulo_inmetro,D,2.95,,12,https://www.gov.br/inmetro/pt-br/assuntos/regulamentacao/avaliacao-da-conformidade/programa-brasileiro-de-etiquetagem/tabelas-de-eficiencia-energetica/veiculos-automotivos-pbe-veicular/mascara-pbev-2025-mar-11.pdf/@@download/file,9528deace7d2cdf9db07d640eb086ef8191d35ef17f4ed467df08f7a57b1f39b,2026-10-01T16:59:17.909090+00:00,km_ensaio_padronizado,catalogo_de_versoes_nao_vendas_nem_telemetria,linhas_extraidas_sem_erro_detectado,5fccde520699324c16cc96eba0a126314b964be1903232401484baa620b4963a
2025,Picape,JAC,IEV330P,IEV330,ELÉTRICO,ELÉTRICO,BEV_rotulo_inmetro,E,0.75,226.0,12,https://www.gov.br/inmetro/pt-br/assuntos/regulamentacao/avaliacao-da-conformidade/programa-brasileiro-de-etiquetagem/tabelas-de-eficiencia-energetica/veiculos-automotivos-pbe-veicular/mascara-pbev-2025-mar-11.pdf/@@download/file,9528deace7d2cdf9db07d640eb086ef8191d35ef17f4ed467df08f7a57b1f39b,2026-10-01T16:59:17.909090+00:00,km_ensaio_padronizado,catalogo_de_versoes_nao_vendas_nem_telemetria,linhas_extraidas_sem_erro_detectado,a4847ac16189caf502592ba4d80b3fc6c8306faa8e345f434c58702b289ab15d
2025,Esportivo,FERRARI,296,GTB,3.0-24V,Plug-in,PHEV_rotulo_inmetro,G,2.02,10.0,12,https://www.gov.br/inmetro/pt-br/assuntos/regulamentacao/avaliacao-da-conformidade/programa-brasileiro-de-etiquetagem/tabelas-de-eficiencia-energetica/veiculos-automotivos-pbe-veicular/mascara-pbev-2025-mar-11.pdf/@@download/file,9528deace7d2cdf9db07d640eb086ef8191d35ef17f4ed467df08f7a57b1f39b,2026-10-01T16:59:17.909090+00:00,km_ensaio_padronizado,catalogo_de_versoes_nao_vendas_nem_telemetria,linhas_extraidas_sem_erro_detectado,d9695ec8e728e434c6d3415c9cebfc554d766ce66608c8d7f4772093880b7024
2025,Esportivo,FERRARI,296,GTS,3.0-24V,Plug-in,PHEV_rotulo_inmetro,G,1.97,11.0,12,https://www.gov.br/inmetro/pt-br/assuntos/regulamentacao/avaliacao-da-conformidade/programa-brasileiro-de-etiquetagem/tabelas-de-eficiencia-energetica/veiculos-automotivos-pbe-veicular/mascara-pbev-2025-mar-11.pdf/@@download/file,9528deace7d2cdf9db07d640eb086ef8191d35ef17f4ed467df08f7a57b1f39b,2026-10-01T16:59:17.909090+00:00,km_ensaio_padronizado,catalogo_de_versoes_nao_vendas_nem_telemetria,linhas_extraidas_sem_erro_detectado,dbd8693f3246cfa165129d248172bda7414b75f455f01f542ed4bd3aea4dac0c
2025,Esportivo,LAMBORGHINI,REVUELTO,--,6.5-48V,Plug-in,PHEV_rotulo_inmetro,G,3.32,7.0,12,https://www.gov.br/inmetro/pt-br/assuntos/regulamentacao/avaliacao-da-conformidade/programa-brasileiro-de-etiquetagem/tabelas-de-eficiencia-energetica/veiculos-automotivos-pbe-veicular/mascara-pbev-2025-mar-11.pdf/@@download/file,9528deace7d2cdf9db07d640eb086ef8191d35ef17f4ed467df08f7a57b1f39b,2026-10-01T16:59:17.909090+00:00,km_ensaio_padronizado,catalogo_de_versoes_nao_vendas_nem_telemetria,linhas_extraidas_sem_erro_detectado,07b54e680c8ee911d51ec9f9cdbadcc5924a4fcdc3aa5f64df43603492474174
2025,Esportivo,MCLAREN,ARTURA,--,3.0-24V,Plug-in,PHEV_rotulo_inmetro,G,1.45,23.0,13,https://www.gov.br/inmetro/pt-br/assuntos/regulamentacao/avaliacao-da-conformidade/programa-brasileiro-de-etiquetagem/tabelas-de-eficiencia-energetica/veiculos-automotivos-pbe-veicular/mascara-pbev-2025-mar-11.pdf/@@download/file,9528deace7d2cdf9db07d640eb086ef8191d35ef17f4ed467df08f7a57b1f39b,2026-10-01T16:59:17.909090+00:00,km_ensaio_padronizado,catalogo_de_versoes_nao_vendas_nem_telemetria,linhas_extraidas_sem_erro_detectado,b0143ab7b34c985f0f00dd7d0fedc1386312c4aff0b76447d668c594d673af67
2025,Esportivo,MCLAREN,ARTURA,SPIDER,3.0-24V,Plug-in,PHEV_rotulo_inmetro,G,1.45,23.0,13,https://www.gov.br/inmetro/pt-br/assuntos/regulamentacao/avaliacao-da-conformidade/programa-brasileiro-de-etiquetagem/tabelas-de-eficiencia-energetica/veiculos-automotivos-pbe-veicular/mascara-pbev-2025-mar-11.pdf/@@download/file,9528deace7d2cdf9db07d640eb086ef8191d35ef17f4ed467df08f7a57b1f39b,2026-10-01T16:59:17.909090+00:00,km_ensaio_padronizado,catalogo_de_versoes_nao_vendas_nem_telemetria,linhas_extraidas_sem_erro_detectado,fec42fdb64e14f2b298605a5ea688e9ae0f682eade7258fbc52436c31e565503
2025,Esportivo,Mercedes-Benz,AMG GT63S EP,2P,4.0-32V,Plug-in,PHEV_rotulo_inmetro,G,3.23,9.0,13,https://www.gov.br/inmetro/pt-br/assuntos/regulamentacao/avaliacao-da-conformidade/programa-brasileiro-de-etiquetagem/tabelas-de-eficiencia-energetica/veiculos-automotivos-pbe-veicular/mascara-pbev-2025-mar-11.pdf/@@download/file,9528deace7d2cdf9db07d640eb086ef8191d35ef17f4ed467df08f7a57b1f39b,2026-10-01T16:59:17.909090+00:00,km_ensaio_padronizado,catalogo_de_versoes_nao_vendas_nem_telemetria,linhas_extraidas_sem_erro_detectado,f38635d697770a94563d1ea96dfcf97a4168feee60a6079964adc29404b4abd6
2025,Esportivo,Mercedes-Benz,AMG GT63S EP,,4.0-32V,Plug-in,PHEV_rotulo_inmetro,G,1.96,9.0,13,https://www.gov.br/inmetro/pt-br/assuntos/regulamentacao/avaliacao-da-conformidade/programa-brasileiro-de-etiquetagem/tabelas-de-eficiencia-energetica/veiculos-automotivos-pbe-veicular/mascara-pbev-2025-mar-11.pdf/@@download/file,9528deace7d2cdf9db07d640eb086ef8191d35ef17f4ed467df08f7a57b1f39b,2026-10-01T16:59:17.909090+00:00,km_ensaio_padronizado,catalogo_de_versoes_nao_vendas_nem_telemetria,linhas_extraidas_sem_erro_detectado,cfeb4db3a9c01624a1858a0432b199c7d669d407fbde71299b7f5234a200d204
2025,Esportivo,Mercedes-Benz,AMG GT63S EP,2P,4.0-32V,Plug-in,PHEV_rotulo_inmetro,G,1.77,9.0,13,https://www.gov.br/inmetro/pt-br/assuntos/regulamentacao/avaliacao-da-conformidade/programa-brasileiro-de-etiquetagem/tabelas-de-eficiencia-energetica/veiculos-automotivos-pbe-veicular/mascara-pbev-2025-mar-11.pdf/@@download/file,9528deace7d2cdf9db07d640eb086ef8191d35ef17f4ed467df08f7a57b1f39b,2026-10-01T16:59:17.909090+00:00,km_ensaio_padronizado,catalogo_de_versoes_nao_vendas_nem_telemetria,linhas_extraidas_sem_erro_detectado,8421bb9aa2bd0b0e86f02b4e5bd66a3ca9a9bd299cf4d523a40856bd4163050e
2025,Esportivo,Mercedes-Benz,AMG SL63S EP,,4.0-32V,Plug-in,PHEV_rotulo_inmetro,G,2.27,9.0,13,https://www.gov.br/inmetro/pt-br/assuntos/regulamentacao/avaliacao-da-conformidade/programa-brasileiro-de-etiquetagem/tabelas-de-eficiencia-energetica/veiculos-automotivos-pbe-veicular/mascara-pbev-2025-mar-11.pdf/@@download/file,9528deace7d2cdf9db07d640eb086ef8191d35ef17f4ed467df08f7a57b1f39b,2026-10-01T16:59:17.909090+00:00,km_ensaio_padronizado,catalogo_de_versoes_nao_vendas_nem_telemetria,linhas_extraidas_sem_erro_detectado,78dff5f8a0c021af69956843b356c2d940b988cdbf189d37a8f5c853f0ca9e01
2025,Esportivo,Mercedes-Benz,AMG SL63S EP,,4.0-32V,Plug-in,PHEV_rotulo_inmetro,G,3.38,25.0,13,https://www.gov.br/inmetro/pt-br/assuntos/regulamentacao/avaliacao-da-conformidade/programa-brasileiro-de-etiquetagem/tabelas-de-eficiencia-energetica/veiculos-automotivos-pbe-veicular/mascara-pbev-2025-mar-11.pdf/@@download/file,9528deace7d2cdf9db07d640eb086ef8191d35ef17f4ed467df08f7a57b1f39b,2026-10-01T16:59:17.909090+00:00,km_ensaio_padronizado,catalogo_de_versoes_nao_vendas_nem_telemetria,linhas_extraidas_sem_erro_detectado,8778acbaa9f0700517f3c60725d76b40f0f8cc7410ec2737f1c97a738cd9005b
2025,Esportivo,MG,CYBERSTER,77 KWH AWD,ELÉTRICO,ELÉTRICO,BEV_rotulo_inmetro,E,0.56,342.0,13,https://www.gov.br/inmetro/pt-br/assuntos/regulamentacao/avaliacao-da-conformidade/programa-brasileiro-de-etiquetagem/tabelas-de-eficiencia-energetica/veiculos-automotivos-pbe-veicular/mascara-pbev-2025-mar-11.pdf/@@download/file,9528deace7d2cdf9db07d640eb086ef8191d35ef17f4ed467df08f7a57b1f39b,2026-10-01T16:59:17.909090+00:00,km_ensaio_padronizado,catalogo_de_versoes_nao_vendas_nem_telemetria,linhas_extraidas_sem_erro_detectado,ecab6d1a8e9815ed8b0dcd92771ffabcfefc7af0f97f942da369e25ce515b999
2025,Esportivo,PORSCHE,911,SPIRIT 70,3.6-24V,Híbrido,HIBRIDO_rotulo_inmetro,G,2.8,,13,https://www.gov.br/inmetro/pt-br/assuntos/regulamentacao/avaliacao-da-conformidade/programa-brasileiro-de-etiquetagem/tabelas-de-eficiencia-energetica/veiculos-automotivos-pbe-veicular/mascara-pbev-2025-mar-11.pdf/@@download/file,9528deace7d2cdf9db07d640eb086ef8191d35ef17f4ed467df08f7a57b1f39b,2026-10-01T16:59:17.909090+00:00,km_ensaio_padronizado,catalogo_de_versoes_nao_vendas_nem_telemetria,linhas_extraidas_sem_erro_detectado,665a0af6eb100225282a5188f1e5fff08063af80438abcbe66ea3ace9a26eca6
2025,Esportivo,PORSCHE,PANAMERA,TPHEV,4.0-32V,Plug-in,PHEV_rotulo_inmetro,G,0.96,47.0,13,https://www.gov.br/inmetro/pt-br/assuntos/regulamentacao/avaliacao-da-conformidade/programa-brasileiro-de-etiquetagem/tabelas-de-eficiencia-energetica/veiculos-automotivos-pbe-veicular/mascara-pbev-2025-mar-11.pdf/@@download/file,9528deace7d2cdf9db07d640eb086ef8191d35ef17f4ed467df08f7a57b1f39b,2026-10-01T16:59:17.909090+00:00,km_ensaio_padronizado,catalogo_de_versoes_nao_vendas_nem_telemetria,linhas_extraidas_sem_erro_detectado,e09cef228aa62423f586a4c525f53066dec8ad05ad64bb317a527a389a9325ec
2025,Esportivo,PORSCHE,PANAMERA,TSEHY,4.0-32V,Plug-in,PHEV_rotulo_inmetro,G,0.96,60.0,13,https://www.gov.br/inmetro/pt-br/assuntos/regulamentacao/avaliacao-da-conformidade/programa-brasileiro-de-etiquetagem/tabelas-de-eficiencia-energetica/veiculos-automotivos-pbe-veicular/mascara-pbev-2025-mar-11.pdf/@@download/file,9528deace7d2cdf9db07d640eb086ef8191d35ef17f4ed467df08f7a57b1f39b,2026-10-01T16:59:17.909090+00:00,km_ensaio_padronizado,catalogo_de_versoes_nao_vendas_nem_telemetria,linhas_extraidas_sem_erro_detectado,132fb687b99c10368904ffd1d55b6b395c104e20bd8d00185e4cd4e9b38e63a0
2025,Esportivo,PORSCHE,PANAMERA,4EHYB,2.9-24V,Plug-in,PHEV_rotulo_inmetro,G,0.9,63.0,13,https://www.gov.br/inmetro/pt-br/assuntos/regulamentacao/avaliacao-da-conformidade/programa-brasileiro-de-etiquetagem/tabelas-de-eficiencia-energetica/veiculos-automotivos-pbe-veicular/mascara-pbev-2025-mar-11.pdf/@@download/file,9528deace7d2cdf9db07d640eb086ef8191d35ef17f4ed467df08f7a57b1f39b,2026-10-01T16:59:17.909090+00:00,km_ensaio_padronizado,catalogo_de_versoes_nao_vendas_nem_telemetria,linhas_extraidas_sem_erro_detectado,0f8087c48257a56c70cce52a40d7146fdb75936453bb56d5f9a6abbf3c0b6366
2025,Esportivo,PORSCHE,PANAMERA,4SEHY,2.9-24V,Plug-in,PHEV_rotulo_inmetro,G,0.93,63.0,13,https://www.gov.br/inmetro/pt-br/assuntos/regulamentacao/avaliacao-da-conformidade/programa-brasileiro-de-etiquetagem/tabelas-de-eficiencia-energetica/veiculos-automotivos-pbe-veicular/mascara-pbev-2025-mar-11.pdf/@@download/file,9528deace7d2cdf9db07d640eb086ef8191d35ef17f4ed467df08f7a57b1f39b,2026-10-01T16:59:17.909090+00:00,km_ensaio_padronizado,catalogo_de_versoes_nao_vendas_nem_telemetria,linhas_extraidas_sem_erro_detectado,918130b56967f919676c337a3901aa2a21074768413fce7364855c29f4242aa9
2025,Esportivo,PORSCHE,TAYCAN,TURBO S,ELÉTRICO,ELÉTRICO,BEV_rotulo_inmetro,E,0.67,425.0,13,https://www.gov.br/inmetro/pt-br/assuntos/regulamentacao/avaliacao-da-conformidade/programa-brasileiro-de-etiquetagem/tabelas-de-eficiencia-energetica/veiculos-automotivos-pbe-veicular/mascara-pbev-2025-mar-11.pdf/@@download/file,9528deace7d2cdf9db07d640eb086ef8191d35ef17f4ed467df08f7a57b1f39b,2026-10-01T16:59:17.909090+00:00,km_ensaio_padronizado,catalogo_de_versoes_nao_vendas_nem_telemetria,linhas_extraidas_sem_erro_detectado,73a1f5a21960a2883e2f88f53c77d6fb5b6536738ac9e010962232965c4655a4
2025,Esportivo,PORSCHE,TAYCAN,L,ELÉTRICO,ELÉTRICO,BEV_rotulo_inmetro,E,0.62,393.0,13,https://www.gov.br/inmetro/pt-br/assuntos/regulamentacao/avaliacao-da-conformidade/programa-brasileiro-de-etiquetagem/tabelas-de-eficiencia-energetica/veiculos-automotivos-pbe-veicular/mascara-pbev-2025-mar-11.pdf/@@download/file,9528deace7d2cdf9db07d640eb086ef8191d35ef17f4ed467df08f7a57b1f39b,2026-10-01T16:59:17.909090+00:00,km_ensaio_padronizado,catalogo_de_versoes_nao_vendas_nem_telemetria,linhas_extraidas_sem_erro_detectado,ea32b4090317ae3883cbf0824290e7cad3883373b28938f94b3229a0d212b765
2025,Esportivo,PORSCHE,TAYCAN,4,ELÉTRICO,ELÉTRICO,BEV_rotulo_inmetro,E,0.69,415.0,13,https://www.gov.br/inmetro/pt-br/assuntos/regulamentacao/avaliacao-da-conformidade/programa-brasileiro-de-etiquetagem/tabelas-de-eficiencia-energetica/veiculos-automotivos-pbe-veicular/mascara-pbev-2025-mar-11.pdf/@@download/file,9528deace7d2cdf9db07d640eb086ef8191d35ef17f4ed467df08f7a57b1f39b,2026-10-01T16:59:17.909090+00:00,km_ensaio_padronizado,catalogo_de_versoes_nao_vendas_nem_telemetria,linhas_extraidas_sem_erro_detectado,d3885e343f9d0b260325f7b1adddbce25b653d37892440331a9c2abf77308c43
2025,Esportivo,PORSCHE,TAYCAN,4S,ELÉTRICO,ELÉTRICO,BEV_rotulo_inmetro,E,0.69,415.0,13,https://www.gov.br/inmetro/pt-br/assuntos/regulamentacao/avaliacao-da-conformidade/programa-brasileiro-de-etiquetagem/tabelas-de-eficiencia-energetica/veiculos-automotivos-pbe-veicular/mascara-pbev-2025-mar-11.pdf/@@download/file,9528deace7d2cdf9db07d640eb086ef8191d35ef17f4ed467df08f7a57b1f39b,2026-10-01T16:59:17.909090+00:00,km_ensaio_padronizado,catalogo_de_versoes_nao_vendas_nem_telemetria,linhas_extraidas_sem_erro_detectado,9baf1ef093f021fcedd9926356b9f5e2718b82c255eb8293906fb33c478ca709
2025,Esportivo,PORSCHE,TAYCAN,4S CT,ELÉTRICO,ELÉTRICO,BEV_rotulo_inmetro,E,0.69,415.0,13,https://www.gov.br/inmetro/pt-br/assuntos/regulamentacao/avaliacao-da-conformidade/programa-brasileiro-de-etiquetagem/tabelas-de-eficiencia-energetica/veiculos-automotivos-pbe-veicular/mascara-pbev-2025-mar-11.pdf/@@download/file,9528deace7d2cdf9db07d640eb086ef8191d35ef17f4ed467df08f7a57b1f39b,2026-10-01T16:59:17.909090+00:00,km_ensaio_padronizado,catalogo_de_versoes_nao_vendas_nem_telemetria,linhas_extraidas_sem_erro_detectado,2e6cbe9e194e6e7e28eddf55009423aeaca7726941130f9a3f8503fbf7fcb0cc
2025,Esportivo,PORSCHE,TAYCAN,4CT,ELÉTRICO,ELÉTRICO,BEV_rotulo_inmetro,E,0.69,415.0,13,https://www.gov.br/inmetro/pt-br/assuntos/regulamentacao/avaliacao-da-conformidade/programa-brasileiro-de-etiquetagem/tabelas-de-eficiencia-energetica/veiculos-automotivos-pbe-veicular/mascara-pbev-2025-mar-11.pdf/@@download/file,9528deace7d2cdf9db07d640eb086ef8191d35ef17f4ed467df08f7a57b1f39b,2026-10-01T16:59:17.909090+00:00,km_ensaio_padronizado,catalogo_de_versoes_nao_vendas_nem_telemetria,linhas_extraidas_sem_erro_detectado,a59c7ac6adfb21e8de2560160a74639b8c7a56bf61c0041462472f28fbacb156
2025,Esportivo,PORSCHE,TAYCAN,4GTS,ELÉTRICO,ELÉTRICO,BEV_rotulo_inmetro,E,0.67,428.0,13,https://www.gov.br/inmetro/pt-br/assuntos/regulamentacao/avaliacao-da-conformidade/programa-brasileiro-de-etiquetagem/tabelas-de-eficiencia-energetica/veiculos-automotivos-pbe-veicular/mascara-pbev-2025-mar-11.pdf/@@download/file,9528deace7d2cdf9db07d640eb086ef8191d35ef17f4ed467df08f7a57b1f39b,2026-10-01T16:59:17.909090+00:00,km_ensaio_padronizado,catalogo_de_versoes_nao_vendas_nem_telemetria,linhas_extraidas_sem_erro_detectado,ec1956454bce59bd3a799f54a4d8dc77fb691ed2d5937a27b596b0f3f7c02202
2025,Esportivo,PORSCHE,TAYCAN,TURBOCT,ELÉTRICO,ELÉTRICO,BEV_rotulo_inmetro,E,0.69,415.0,13,https://www.gov.br/inmetro/pt-br/assuntos/regulamentacao/avaliacao-da-conformidade/programa-brasileiro-de-etiquetagem/tabelas-de-eficiencia-energetica/veiculos-automotivos-pbe-veicular/mascara-pbev-2025-mar-11.pdf/@@download/file,9528deace7d2cdf9db07d640eb086ef8191d35ef17f4ed467df08f7a57b1f39b,2026-10-01T16:59:17.909090+00:00,km_ensaio_padronizado,catalogo_de_versoes_nao_vendas_nem_telemetria,linhas_extraidas_sem_erro_detectado,ae22a65cb1790aa459b0fcae8b2da4c3da12d0b0e13689e68f192184c384016f
2025,Esportivo,PORSCHE,TAYCAN,TURBO,ELÉTRICO,ELÉTRICO,BEV_rotulo_inmetro,E,0.69,415.0,13,https://www.gov.br/inmetro/pt-br/assuntos/regulamentacao/avaliacao-da-conformidade/programa-brasileiro-de-etiquetagem/tabelas-de-eficiencia-energetica/veiculos-automotivos-pbe-veicular/mascara-pbev-2025-mar-11.pdf/@@download/file,9528deace7d2cdf9db07d640eb086ef8191d35ef17f4ed467df08f7a57b1f39b,2026-10-01T16:59:17.909090+00:00,km_ensaio_padronizado,catalogo_de_versoes_nao_vendas_nem_telemetria,linhas_extraidas_sem_erro_detectado,8a6be3d6f20c65b9a68e9d83db78d39c4bf148bdb072629cfdebdb63d9aa0978
2025,Esportivo,PORSCHE,TAYCAN,TURBOGT,ELÉTRICO,ELÉTRICO,BEV_rotulo_inmetro,E,0.64,442.0,13,https://www.gov.br/inmetro/pt-br/assuntos/regulamentacao/avaliacao-da-conformidade/programa-brasileiro-de-etiquetagem/tabelas-de-eficiencia-energetica/veiculos-automotivos-pbe-veicular/mascara-pbev-2025-mar-11.pdf/@@download/file,9528deace7d2cdf9db07d640eb086ef8191d35ef17f4ed467df08f7a57b1f39b,2026-10-01T16:59:17.909090+00:00,km_ensaio_padronizado,catalogo_de_versoes_nao_vendas_nem_telemetria,linhas_extraidas_sem_erro_detectado,ddad7f982335a7bfce5b922af0a0a7924975e599244401777e1fbfe627e188c6
2025,Esportivo,PORSCHE,TAYCAN,_,ELÉTRICO,ELÉTRICO,BEV_rotulo_inmetro,E,0.63,453.0,13,https://www.gov.br/inmetro/pt-br/assuntos/regulamentacao/avaliacao-da-conformidade/programa-brasileiro-de-etiquetagem/tabelas-de-eficiencia-energetica/veiculos-automotivos-pbe-veicular/mascara-pbev-2025-mar-11.pdf/@@download/file,9528deace7d2cdf9db07d640eb086ef8191d35ef17f4ed467df08f7a57b1f39b,2026-10-01T16:59:17.909090+00:00,km_ensaio_padronizado,catalogo_de_versoes_nao_vendas_nem_telemetria,linhas_extraidas_sem_erro_detectado,d479b1095ba68dbe60c6266c0f7cef05fb15201e1c38d1ec2e2d4f797f53266e
2026,Sub Compacto,BYD,DOLPHIN MINI,GS EV,Elétrico,Elétrico,BEV_rotulo_inmetro,E,0.41,280.0,1,https://www.gov.br/inmetro/pt-br/assuntos/regulamentacao/avaliacao-da-conformidade/programa-brasileiro-de-etiquetagem/tabelas-de-eficiencia-energetica/veiculos-automotivos-pbe-veicular/mascara-pbev-2026_19_jan-rev01.pdf/@@download/file,43e928f89a526f7b59013faca3501b2b0716e5a8cdc2e097b8653638aa688ba0,2026-10-01T16:59:19.670019+00:00,km_ensaio_padronizado,catalogo_de_versoes_nao_vendas_nem_telemetria,parcial_com_quarentena,524f45672e47c2183a27078230908c72d5fb81657b462d66336625cf2e1e70ef
2026,Sub Compacto,BYD,DOLPHIN MINI,GS 5 EV,Elétrico,Elétrico,BEV_rotulo_inmetro,E,0.41,280.0,1,https://www.gov.br/inmetro/pt-br/assuntos/regulamentacao/avaliacao-da-conformidade/programa-brasileiro-de-etiquetagem/tabelas-de-eficiencia-energetica/veiculos-automotivos-pbe-veicular/mascara-pbev-2026_19_jan-rev01.pdf/@@download/file,43e928f89a526f7b59013faca3501b2b0716e5a8cdc2e097b8653638aa688ba0,2026-10-01T16:59:19.670019+00:00,km_ensaio_padronizado,catalogo_de_versoes_nao_vendas_nem_telemetria,parcial_com_quarentena,4d6e734e8063b3063c58324dec3b727ac6363da25ab7d8cc2eb65cccf0aeb690
2026,Sub Compacto,BYD,DOLPHIN MINI,GL 5 EV,Elétrico,Elétrico,BEV_rotulo_inmetro,E,0.39,224.0,1,https://www.gov.br/inmetro/pt-br/assuntos/regulamentacao/avaliacao-da-conformidade/programa-brasileiro-de-etiquetagem/tabelas-de-eficiencia-energetica/veiculos-automotivos-pbe-veicular/mascara-pbev-2026_19_jan-rev01.pdf/@@download/file,43e928f89a526f7b59013faca3501b2b0716e5a8cdc2e097b8653638aa688ba0,2026-10-01T16:59:19.670019+00:00,km_ensaio_padronizado,catalogo_de_versoes_nao_vendas_nem_telemetria,parcial_com_quarentena,1d3f26ff2dc2f4058644e914aed2f03f9f9a4039c0f22fe8bd6925688de6cad3
2026,Sub Compacto,FIAT,500E,ICON,ELÉTRICO,Elétrico,BEV_rotulo_inmetro,E,0.46,227.0,1,https://www.gov.br/inmetro/pt-br/assuntos/regulamentacao/avaliacao-da-conformidade/programa-brasileiro-de-etiquetagem/tabelas-de-eficiencia-energetica/veiculos-automotivos-pbe-veicular/mascara-pbev-2026_19_jan-rev01.pdf/@@download/file,43e928f89a526f7b59013faca3501b2b0716e5a8cdc2e097b8653638aa688ba0,2026-10-01T16:59:19.670019+00:00,km_ensaio_padronizado,catalogo_de_versoes_nao_vendas_nem_telemetria,parcial_com_quarentena,abac05d001cc22211bfd68fe798c3a5ebb34f00d74b77c32459b48d5b4f0bbb0
2026,Sub Compacto,JAC,e-JS1,e-JS1,Elétrico,Elétrico,BEV_rotulo_inmetro,E,0.5,181.0,1,https://www.gov.br/inmetro/pt-br/assuntos/regulamentacao/avaliacao-da-conformidade/programa-brasileiro-de-etiquetagem/tabelas-de-eficiencia-energetica/veiculos-automotivos-pbe-veicular/mascara-pbev-2026_19_jan-rev01.pdf/@@download/file,43e928f89a526f7b59013faca3501b2b0716e5a8cdc2e097b8653638aa688ba0,2026-10-01T16:59:19.670019+00:00,km_ensaio_padronizado,catalogo_de_versoes_nao_vendas_nem_telemetria,parcial_com_quarentena,26ac7bc1bf221fc0a1f9ec6e6c2660395fcde5a9a4609ab835303aac8d6d17c6
2026,Sub Compacto,JAC,e-JS1,e-JS1 EXT,Elétrico,Elétrico,BEV_rotulo_inmetro,E,0.5,181.0,1,https://www.gov.br/inmetro/pt-br/assuntos/regulamentacao/avaliacao-da-conformidade/programa-brasileiro-de-etiquetagem/tabelas-de-eficiencia-energetica/veiculos-automotivos-pbe-veicular/mascara-pbev-2026_19_jan-rev01.pdf/@@download/file,43e928f89a526f7b59013faca3501b2b0716e5a8cdc2e097b8653638aa688ba0,2026-10-01T16:59:19.670019+00:00,km_ensaio_padronizado,catalogo_de_versoes_nao_vendas_nem_telemetria,parcial_com_quarentena,f943065a1825537d4ceb7e1901a818722d78528dfc00023fe15d54f10809e8ae
2026,Sub Compacto,RENAULT,E-KWID,INTENS,Elétrico,Elétrico,BEV_rotulo_inmetro,E,0.44,185.0,1,https://www.gov.br/inmetro/pt-br/assuntos/regulamentacao/avaliacao-da-conformidade/programa-brasileiro-de-etiquetagem/tabelas-de-eficiencia-energetica/veiculos-automotivos-pbe-veicular/mascara-pbev-2026_19_jan-rev01.pdf/@@download/file,43e928f89a526f7b59013faca3501b2b0716e5a8cdc2e097b8653638aa688ba0,2026-10-01T16:59:19.670019+00:00,km_ensaio_padronizado,catalogo_de_versoes_nao_vendas_nem_telemetria,parcial_com_quarentena,174badf2787efd569934ae243091053e47795674e811c5363e266ba768c3bba1
2026,Compacto,MINI,Cooper,E,Elétrico,Elétrico,BEV_rotulo_inmetro,E,0.46,239.0,1,https://www.gov.br/inmetro/pt-br/assuntos/regulamentacao/avaliacao-da-conformidade/programa-brasileiro-de-etiquetagem/tabelas-de-eficiencia-energetica/veiculos-automotivos-pbe-veicular/mascara-pbev-2026_19_jan-rev01.pdf/@@download/file,43e928f89a526f7b59013faca3501b2b0716e5a8cdc2e097b8653638aa688ba0,2026-10-01T16:59:19.670019+00:00,km_ensaio_padronizado,catalogo_de_versoes_nao_vendas_nem_telemetria,parcial_com_quarentena,1683542423be25611605e8c7bbe8dd51041563cd8bdb0c62a4c30c065558aadb
2026,Compacto,MINI,Cooper,SE,Elétrico,Elétrico,BEV_rotulo_inmetro,E,0.48,312.0,1,https://www.gov.br/inmetro/pt-br/assuntos/regulamentacao/avaliacao-da-conformidade/programa-brasileiro-de-etiquetagem/tabelas-de-eficiencia-energetica/veiculos-automotivos-pbe-veicular/mascara-pbev-2026_19_jan-rev01.pdf/@@download/file,43e928f89a526f7b59013faca3501b2b0716e5a8cdc2e097b8653638aa688ba0,2026-10-01T16:59:19.670019+00:00,km_ensaio_padronizado,catalogo_de_versoes_nao_vendas_nem_telemetria,parcial_com_quarentena,636a6b9c6e8ac76a82ba3af9defc4a4ecb5e7ca51344b30981f6ff4bc44c2d6d
2026,Compacto,MINI,JCW-E,3P,Elétrico,Elétrico,BEV_rotulo_inmetro,E,0.48,306.0,1,https://www.gov.br/inmetro/pt-br/assuntos/regulamentacao/avaliacao-da-conformidade/programa-brasileiro-de-etiquetagem/tabelas-de-eficiencia-energetica/veiculos-automotivos-pbe-veicular/mascara-pbev-2026_19_jan-rev01.pdf/@@download/file,43e928f89a526f7b59013faca3501b2b0716e5a8cdc2e097b8653638aa688ba0,2026-10-01T16:59:19.670019+00:00,km_ensaio_padronizado,catalogo_de_versoes_nao_vendas_nem_telemetria,parcial_com_quarentena,b9ad23354eebcf8592ba5acc48a9ec269270be32d73681cebdd08b35b58313a1
2026,Compacto,PEUGEOT,208,GT HYBRID,1.0T-12V,Híbrido,HIBRIDO_rotulo_inmetro,F,1.6,,1,https://www.gov.br/inmetro/pt-br/assuntos/regulamentacao/avaliacao-da-conformidade/programa-brasileiro-de-etiquetagem/tabelas-de-eficiencia-energetica/veiculos-automotivos-pbe-veicular/mascara-pbev-2026_19_jan-rev01.pdf/@@download/file,43e928f89a526f7b59013faca3501b2b0716e5a8cdc2e097b8653638aa688ba0,2026-10-01T16:59:19.670019+00:00,km_ensaio_padronizado,catalogo_de_versoes_nao_vendas_nem_telemetria,parcial_com_quarentena,9716501a93d6949ada2f886efd4d26e745e5e5decf856712d7078ee10559379d
2026,Compacto,PEUGEOT,E-208,GT,ELÉTRICO,Elétrico,BEV_rotulo_inmetro,E,0.59,220.0,1,https://www.gov.br/inmetro/pt-br/assuntos/regulamentacao/avaliacao-da-conformidade/programa-brasileiro-de-etiquetagem/tabelas-de-eficiencia-energetica/veiculos-automotivos-pbe-veicular/mascara-pbev-2026_19_jan-rev01.pdf/@@download/file,43e928f89a526f7b59013faca3501b2b0716e5a8cdc2e097b8653638aa688ba0,2026-10-01T16:59:19.670019+00:00,km_ensaio_padronizado,catalogo_de_versoes_nao_vendas_nem_telemetria,parcial_com_quarentena,4f7b569700dafe72f4fb07ddadec62fb37a670759ba020ff16fd3f384f03847e
2026,Médio,BYD,DOLPHIN,GS 180EV,Elétrico,Elétrico,BEV_rotulo_inmetro,E,0.42,291.0,1,https://www.gov.br/inmetro/pt-br/assuntos/regulamentacao/avaliacao-da-conformidade/programa-brasileiro-de-etiquetagem/tabelas-de-eficiencia-energetica/veiculos-automotivos-pbe-veicular/mascara-pbev-2026_19_jan-rev01.pdf/@@download/file,43e928f89a526f7b59013faca3501b2b0716e5a8cdc2e097b8653638aa688ba0,2026-10-01T16:59:19.670019+00:00,km_ensaio_padronizado,catalogo_de_versoes_nao_vendas_nem_telemetria,parcial_com_quarentena,8a16d6778ba9f8c59c9dd33e24784ea03231efc85c51c122703ee6ae33aa847d
2026,Médio,BYD,DOLPHIN,PLUS 310EV,Elétrico,Elétrico,BEV_rotulo_inmetro,E,0.51,330.0,1,https://www.gov.br/inmetro/pt-br/assuntos/regulamentacao/avaliacao-da-conformidade/programa-brasileiro-de-etiquetagem/tabelas-de-eficiencia-energetica/veiculos-automotivos-pbe-veicular/mascara-pbev-2026_19_jan-rev01.pdf/@@download/file,43e928f89a526f7b59013faca3501b2b0716e5a8cdc2e097b8653638aa688ba0,2026-10-01T16:59:19.670019+00:00,km_ensaio_padronizado,catalogo_de_versoes_nao_vendas_nem_telemetria,parcial_com_quarentena,64843dbf9a9e7504ddd879bfa3a764ebe75a4fdb9785791530a2b855a4929064
2026,Médio,BYD,DOLPHIN,SE 290EV,Elétrico,Elétrico,BEV_rotulo_inmetro,E,0.49,272.0,1,https://www.gov.br/inmetro/pt-br/assuntos/regulamentacao/avaliacao-da-conformidade/programa-brasileiro-de-etiquetagem/tabelas-de-eficiencia-energetica/veiculos-automotivos-pbe-veicular/mascara-pbev-2026_19_jan-rev01.pdf/@@download/file,43e928f89a526f7b59013faca3501b2b0716e5a8cdc2e097b8653638aa688ba0,2026-10-01T16:59:19.670019+00:00,km_ensaio_padronizado,catalogo_de_versoes_nao_vendas_nem_telemetria,parcial_com_quarentena,8360ec02d6dabd98339cf4f5845f467776cc1311609b42b0255533da71acdf29
2026,Médio,BYD,YUAN PRO,GS 290EV,Elétrico,Elétrico,BEV_rotulo_inmetro,E,0.51,250.0,1,https://www.gov.br/inmetro/pt-br/assuntos/regulamentacao/avaliacao-da-conformidade/programa-brasileiro-de-etiquetagem/tabelas-de-eficiencia-energetica/veiculos-automotivos-pbe-veicular/mascara-pbev-2026_19_jan-rev01.pdf/@@download/file,43e928f89a526f7b59013faca3501b2b0716e5a8cdc2e097b8653638aa688ba0,2026-10-01T16:59:19.670019+00:00,km_ensaio_padronizado,catalogo_de_versoes_nao_vendas_nem_telemetria,parcial_com_quarentena,d2d92b93510d1308f313efe4e7515a26d650a19c1e90881834b1e12ea4714b43
2026,Médio,CHEVROLET,SPARK EUV,ACTIV,Elétrico,Elétrico,BEV_rotulo_inmetro,E,0.5,258.0,1,https://www.gov.br/inmetro/pt-br/assuntos/regulamentacao/avaliacao-da-conformidade/programa-brasileiro-de-etiquetagem/tabelas-de-eficiencia-energetica/veiculos-automotivos-pbe-veicular/mascara-pbev-2026_19_jan-rev01.pdf/@@download/file,43e928f89a526f7b59013faca3501b2b0716e5a8cdc2e097b8653638aa688ba0,2026-10-01T16:59:19.670019+00:00,km_ensaio_padronizado,catalogo_de_versoes_nao_vendas_nem_telemetria,parcial_com_quarentena,b905108f8cd8b3a71455c77f389ea690083240c11e10d85f2c975c9b28e0a6dd
2026,Médio,GEELY,EX2,MAX,Elétrico,Elétrico,BEV_rotulo_inmetro,E,0.39,289.0,1,https://www.gov.br/inmetro/pt-br/assuntos/regulamentacao/avaliacao-da-conformidade/programa-brasileiro-de-etiquetagem/tabelas-de-eficiencia-energetica/veiculos-automotivos-pbe-veicular/mascara-pbev-2026_19_jan-rev01.pdf/@@download/file,43e928f89a526f7b59013faca3501b2b0716e5a8cdc2e097b8653638aa688ba0,2026-10-01T16:59:19.670019+00:00,km_ensaio_padronizado,catalogo_de_versoes_nao_vendas_nem_telemetria,parcial_com_quarentena,92a7406eb7a105d4d3786d1c9a9b5b84ce7ab2d6f7260ae821938778c7cf517b
2026,Médio,GEELY,EX2,PRO,Elétrico,Elétrico,BEV_rotulo_inmetro,E,0.39,289.0,1,https://www.gov.br/inmetro/pt-br/assuntos/regulamentacao/avaliacao-da-conformidade/programa-brasileiro-de-etiquetagem/tabelas-de-eficiencia-energetica/veiculos-automotivos-pbe-veicular/mascara-pbev-2026_19_jan-rev01.pdf/@@download/file,43e928f89a526f7b59013faca3501b2b0716e5a8cdc2e097b8653638aa688ba0,2026-10-01T16:59:19.670019+00:00,km_ensaio_padronizado,catalogo_de_versoes_nao_vendas_nem_telemetria,parcial_com_quarentena,640d14ba752fcfde0759897401d3c7272b3241a927129fcee0c20467e8fdef45
2026,Médio,GWM,ORA 03,BEV58 C,Elétrico,Elétrico,BEV_rotulo_inmetro,E,0.51,315.0,1,https://www.gov.br/inmetro/pt-br/assuntos/regulamentacao/avaliacao-da-conformidade/programa-brasileiro-de-etiquetagem/tabelas-de-eficiencia-energetica/veiculos-automotivos-pbe-veicular/mascara-pbev-2026_19_jan-rev01.pdf/@@download/file,43e928f89a526f7b59013faca3501b2b0716e5a8cdc2e097b8653638aa688ba0,2026-10-01T16:59:19.670019+00:00,km_ensaio_padronizado,catalogo_de_versoes_nao_vendas_nem_telemetria,parcial_com_quarentena,ae2fa15e528df00ae6882cfab28f9590582a3226b297fefd941787e2b5640e7a
2026,Médio,GWM,ORA 03,GT BEV63,Elétrico,Elétrico,BEV_rotulo_inmetro,E,0.54,295.0,1,https://www.gov.br/inmetro/pt-br/assuntos/regulamentacao/avaliacao-da-conformidade/programa-brasileiro-de-etiquetagem/tabelas-de-eficiencia-energetica/veiculos-automotivos-pbe-veicular/mascara-pbev-2026_19_jan-rev01.pdf/@@download/file,43e928f89a526f7b59013faca3501b2b0716e5a8cdc2e097b8653638aa688ba0,2026-10-01T16:59:19.670019+00:00,km_ensaio_padronizado,catalogo_de_versoes_nao_vendas_nem_telemetria,parcial_com_quarentena,e5dea4da811e3021aa15eb647d5cc2a90cafb1ce381c342475ca9b896775941a
2026,Médio,GWM,ORA 03,SKIN BEV48,Elétrico,Elétrico,BEV_rotulo_inmetro,E,0.52,232.0,1,https://www.gov.br/inmetro/pt-br/assuntos/regulamentacao/avaliacao-da-conformidade/programa-brasileiro-de-etiquetagem/tabelas-de-eficiencia-energetica/veiculos-automotivos-pbe-veicular/mascara-pbev-2026_19_jan-rev01.pdf/@@download/file,43e928f89a526f7b59013faca3501b2b0716e5a8cdc2e097b8653638aa688ba0,2026-10-01T16:59:19.670019+00:00,km_ensaio_padronizado,catalogo_de_versoes_nao_vendas_nem_telemetria,parcial_com_quarentena,74a807df8756ecbc056eca622bd47c1a95f6f88894538041a57eab61d81899fc
2026,Médio,GWM,ORA 03,BEV58,Elétrico,Elétrico,BEV_rotulo_inmetro,E,0.51,315.0,1,https://www.gov.br/inmetro/pt-br/assuntos/regulamentacao/avaliacao-da-conformidade/programa-brasileiro-de-etiquetagem/tabelas-de-eficiencia-energetica/veiculos-automotivos-pbe-veicular/mascara-pbev-2026_19_jan-rev01.pdf/@@download/file,43e928f89a526f7b59013faca3501b2b0716e5a8cdc2e097b8653638aa688ba0,2026-10-01T16:59:19.670019+00:00,km_ensaio_padronizado,catalogo_de_versoes_nao_vendas_nem_telemetria,parcial_com_quarentena,218d46ed4154ac983e6d8f55017d492141cac6b4088d7c027bf55f5d61cb4f1c
2026,Médio,HYUNDAI,KONA,Ultimate,1.6-16V HEV,Híbrido,HIBRIDO_rotulo_inmetro,G,1.21,,2,https://www.gov.br/inmetro/pt-br/assuntos/regulamentacao/avaliacao-da-conformidade/programa-brasileiro-de-etiquetagem/tabelas-de-eficiencia-energetica/veiculos-automotivos-pbe-veicular/mascara-pbev-2026_19_jan-rev01.pdf/@@download/file,43e928f89a526f7b59013faca3501b2b0716e5a8cdc2e097b8653638aa688ba0,2026-10-01T16:59:19.670019+00:00,km_ensaio_padronizado,catalogo_de_versoes_nao_vendas_nem_telemetria,parcial_com_quarentena,09743097ebc26ed00de674a5f8b99beffccc59ecbeb6cd781f650c7a9ebe6dbe
2026,Médio,HYUNDAI,KONA,Signature,1.6-16V HEV,Híbrido,HIBRIDO_rotulo_inmetro,G,1.21,,2,https://www.gov.br/inmetro/pt-br/assuntos/regulamentacao/avaliacao-da-conformidade/programa-brasileiro-de-etiquetagem/tabelas-de-eficiencia-energetica/veiculos-automotivos-pbe-veicular/mascara-pbev-2026_19_jan-rev01.pdf/@@download/file,43e928f89a526f7b59013faca3501b2b0716e5a8cdc2e097b8653638aa688ba0,2026-10-01T16:59:19.670019+00:00,km_ensaio_padronizado,catalogo_de_versoes_nao_vendas_nem_telemetria,parcial_com_quarentena,20e277da13ef1cad610f3f1c7555cfa653f9eef51cfb78985ca001c842b7fb19
2026,Médio,KIA,NIRO,HEV 1.6 EX,1.6 - 16V,Híbrido,HIBRIDO_rotulo_inmetro,G,1.21,,2,https://www.gov.br/inmetro/pt-br/assuntos/regulamentacao/avaliacao-da-conformidade/programa-brasileiro-de-etiquetagem/tabelas-de-eficiencia-energetica/veiculos-automotivos-pbe-veicular/mascara-pbev-2026_19_jan-rev01.pdf/@@download/file,43e928f89a526f7b59013faca3501b2b0716e5a8cdc2e097b8653638aa688ba0,2026-10-01T16:59:19.670019+00:00,km_ensaio_padronizado,catalogo_de_versoes_nao_vendas_nem_telemetria,parcial_com_quarentena,9511c6e43125360eb4de5bb7fdd4507a820afd7ffd100ec96f69a767862b58de
2026,Médio,KIA,NIRO,HEV 1.6 LX,1.6 - 16V,Híbrido,HIBRIDO_rotulo_inmetro,G,1.21,,2,https://www.gov.br/inmetro/pt-br/assuntos/regulamentacao/avaliacao-da-conformidade/programa-brasileiro-de-etiquetagem/tabelas-de-eficiencia-energetica/veiculos-automotivos-pbe-veicular/mascara-pbev-2026_19_jan-rev01.pdf/@@download/file,43e928f89a526f7b59013faca3501b2b0716e5a8cdc2e097b8653638aa688ba0,2026-10-01T16:59:19.670019+00:00,km_ensaio_padronizado,catalogo_de_versoes_nao_vendas_nem_telemetria,parcial_com_quarentena,49dc6473a3f3b891955bc5119e0ccabcbf0dff6ff15d22328df9ed6c59ee09a8
2026,Médio,KIA,NIRO,HEV 1.6 SX,1.6 - 16V,Híbrido,HIBRIDO_rotulo_inmetro,G,1.21,,2,https://www.gov.br/inmetro/pt-br/assuntos/regulamentacao/avaliacao-da-conformidade/programa-brasileiro-de-etiquetagem/tabelas-de-eficiencia-energetica/veiculos-automotivos-pbe-veicular/mascara-pbev-2026_19_jan-rev01.pdf/@@download/file,43e928f89a526f7b59013faca3501b2b0716e5a8cdc2e097b8653638aa688ba0,2026-10-01T16:59:19.670019+00:00,km_ensaio_padronizado,catalogo_de_versoes_nao_vendas_nem_telemetria,parcial_com_quarentena,8bfa99108051e59e50b20ef6d8eb3814ce055fe3285dafbb1619e96a76a77a11
2026,Médio,KIA,NIRO,HEV 1.6 SX RIOPEN,1.6 - 16V,Híbrido,HIBRIDO_rotulo_inmetro,G,1.21,,2,https://www.gov.br/inmetro/pt-br/assuntos/regulamentacao/avaliacao-da-conformidade/programa-brasileiro-de-etiquetagem/tabelas-de-eficiencia-energetica/veiculos-automotivos-pbe-veicular/mascara-pbev-2026_19_jan-rev01.pdf/@@download/file,43e928f89a526f7b59013faca3501b2b0716e5a8cdc2e097b8653638aa688ba0,2026-10-01T16:59:19.670019+00:00,km_ensaio_padronizado,catalogo_de_versoes_nao_vendas_nem_telemetria,parcial_com_quarentena,746d959bc7f2b19c6ef968cdfa3b024e1a56966249474ee2e9cd210dfdfa255d
2026,Médio,MG,MG4,64 KWH COM,Elétrico,Elétrico,BEV_rotulo_inmetro,E,0.5,364.0,2,https://www.gov.br/inmetro/pt-br/assuntos/regulamentacao/avaliacao-da-conformidade/programa-brasileiro-de-etiquetagem/tabelas-de-eficiencia-energetica/veiculos-automotivos-pbe-veicular/mascara-pbev-2026_19_jan-rev01.pdf/@@download/file,43e928f89a526f7b59013faca3501b2b0716e5a8cdc2e097b8653638aa688ba0,2026-10-01T16:59:19.670019+00:00,km_ensaio_padronizado,catalogo_de_versoes_nao_vendas_nem_telemetria,parcial_com_quarentena,36939b0fbb5679501760ef50d1a3705d58b00ae3a4878790ff1f3af588718000
2026,Médio,MG,MG4,64 KWH LUX,Elétrico,Elétrico,BEV_rotulo_inmetro,E,0.5,364.0,2,https://www.gov.br/inmetro/pt-br/assuntos/regulamentacao/avaliacao-da-conformidade/programa-brasileiro-de-etiquetagem/tabelas-de-eficiencia-energetica/veiculos-automotivos-pbe-veicular/mascara-pbev-2026_19_jan-rev01.pdf/@@download/file,43e928f89a526f7b59013faca3501b2b0716e5a8cdc2e097b8653638aa688ba0,2026-10-01T16:59:19.670019+00:00,km_ensaio_padronizado,catalogo_de_versoes_nao_vendas_nem_telemetria,parcial_com_quarentena,3803ca5795af72ae828cdb831a09994bc732bb27b2602cd013ce6f176e521d4d
2026,Médio,MG,MG4,64 KWH AWD,Elétrico,Elétrico,BEV_rotulo_inmetro,E,0.59,279.0,2,https://www.gov.br/inmetro/pt-br/assuntos/regulamentacao/avaliacao-da-conformidade/programa-brasileiro-de-etiquetagem/tabelas-de-eficiencia-energetica/veiculos-automotivos-pbe-veicular/mascara-pbev-2026_19_jan-rev01.pdf/@@download/file,43e928f89a526f7b59013faca3501b2b0716e5a8cdc2e097b8653638aa688ba0,2026-10-01T16:59:19.670019+00:00,km_ensaio_padronizado,catalogo_de_versoes_nao_vendas_nem_telemetria,parcial_com_quarentena,fa582be77ff19284f764da6dbe4bb64937a05fb4b3d2e94a83c2e10397584c76
2026,Médio,MINI,Aceman,E,Elétrico,Elétrico,BEV_rotulo_inmetro,E,0.46,253.0,2,https://www.gov.br/inmetro/pt-br/assuntos/regulamentacao/avaliacao-da-conformidade/programa-brasileiro-de-etiquetagem/tabelas-de-eficiencia-energetica/veiculos-automotivos-pbe-veicular/mascara-pbev-2026_19_jan-rev01.pdf/@@download/file,43e928f89a526f7b59013faca3501b2b0716e5a8cdc2e097b8653638aa688ba0,2026-10-01T16:59:19.670019+00:00,km_ensaio_padronizado,catalogo_de_versoes_nao_vendas_nem_telemetria,parcial_com_quarentena,c35f3578347a8e59bb8f931512a2f7b03f748afbfcd94d80d1a17bcc602e9d32
2026,Médio,MINI,Aceman,SE,Elétrico,Elétrico,BEV_rotulo_inmetro,E,0.52,270.0,2,https://www.gov.br/inmetro/pt-br/assuntos/regulamentacao/avaliacao-da-conformidade/programa-brasileiro-de-etiquetagem/tabelas-de-eficiencia-energetica/veiculos-automotivos-pbe-veicular/mascara-pbev-2026_19_jan-rev01.pdf/@@download/file,43e928f89a526f7b59013faca3501b2b0716e5a8cdc2e097b8653638aa688ba0,2026-10-01T16:59:19.670019+00:00,km_ensaio_padronizado,catalogo_de_versoes_nao_vendas_nem_telemetria,parcial_com_quarentena,e7962d2eff0abe4581630fd0daef16ffb7c2ce768e3088ddc0e951b4be5a9259
2026,Médio,MINI,JCW-E,ACEMAN,Elétrico,Elétrico,BEV_rotulo_inmetro,E,0.5,312.0,2,https://www.gov.br/inmetro/pt-br/assuntos/regulamentacao/avaliacao-da-conformidade/programa-brasileiro-de-etiquetagem/tabelas-de-eficiencia-energetica/veiculos-automotivos-pbe-veicular/mascara-pbev-2026_19_jan-rev01.pdf/@@download/file,43e928f89a526f7b59013faca3501b2b0716e5a8cdc2e097b8653638aa688ba0,2026-10-01T16:59:19.670019+00:00,km_ensaio_padronizado,catalogo_de_versoes_nao_vendas_nem_telemetria,parcial_com_quarentena,8a3e44904b9b281cf28e1ae3b27f6d00aa19b869b2070bc0678707f8525291a8
2026,Médio,PEUGEOT,E2008,GT,ELÉTRICO,Elétrico,BEV_rotulo_inmetro,E,0.55,261.0,2,https://www.gov.br/inmetro/pt-br/assuntos/regulamentacao/avaliacao-da-conformidade/programa-brasileiro-de-etiquetagem/tabelas-de-eficiencia-energetica/veiculos-automotivos-pbe-veicular/mascara-pbev-2026_19_jan-rev01.pdf/@@download/file,43e928f89a526f7b59013faca3501b2b0716e5a8cdc2e097b8653638aa688ba0,2026-10-01T16:59:19.670019+00:00,km_ensaio_padronizado,catalogo_de_versoes_nao_vendas_nem_telemetria,parcial_com_quarentena,4b1f9d39ab947afd15b7c0259e6379b8091a9a6221020dfebe024274bd08c47f
2026,Médio,RENAULT,MÉGANE,E-TECH,Elétrico,Elétrico,BEV_rotulo_inmetro,E,0.51,337.0,2,https://www.gov.br/inmetro/pt-br/assuntos/regulamentacao/avaliacao-da-conformidade/programa-brasileiro-de-etiquetagem/tabelas-de-eficiencia-energetica/veiculos-automotivos-pbe-veicular/mascara-pbev-2026_19_jan-rev01.pdf/@@download/file,43e928f89a526f7b59013faca3501b2b0716e5a8cdc2e097b8653638aa688ba0,2026-10-01T16:59:19.670019+00:00,km_ensaio_padronizado,catalogo_de_versoes_nao_vendas_nem_telemetria,parcial_com_quarentena,28365b523b46d35e7e9a4b03bbe038438c79e87a4f36a9f947f09563291cd801
2026,Médio,SUZUKI,e-Vitara,4STY 2WD,Elétrico,Elétrico,BEV_rotulo_inmetro,E,0.54,317.0,2,https://www.gov.br/inmetro/pt-br/assuntos/regulamentacao/avaliacao-da-conformidade/programa-brasileiro-de-etiquetagem/tabelas-de-eficiencia-energetica/veiculos-automotivos-pbe-veicular/mascara-pbev-2026_19_jan-rev01.pdf/@@download/file,43e928f89a526f7b59013faca3501b2b0716e5a8cdc2e097b8653638aa688ba0,2026-10-01T16:59:19.670019+00:00,km_ensaio_padronizado,catalogo_de_versoes_nao_vendas_nem_telemetria,parcial_com_quarentena,656243ea2f670a5ae4ef0d71add6c6b476fab999226b65fec2ca16d8ab28c3d9
2026,Médio,SUZUKI,e-Vitara,4STY 4WD,Elétrico,Elétrico,BEV_rotulo_inmetro,E,0.58,293.0,2,https://www.gov.br/inmetro/pt-br/assuntos/regulamentacao/avaliacao-da-conformidade/programa-brasileiro-de-etiquetagem/tabelas-de-eficiencia-energetica/veiculos-automotivos-pbe-veicular/mascara-pbev-2026_19_jan-rev01.pdf/@@download/file,43e928f89a526f7b59013faca3501b2b0716e5a8cdc2e097b8653638aa688ba0,2026-10-01T16:59:19.670019+00:00,km_ensaio_padronizado,catalogo_de_versoes_nao_vendas_nem_telemetria,parcial_com_quarentena,094e41b2b1ab4a9bb7126edbce1102f165b07a5a57fe04d5941ee0cb527a42d9
2026,Médio,VOLVO,EX30,E40 CORE,Elétrico,Elétrico,BEV_rotulo_inmetro,E,0.55,250.0,2,https://www.gov.br/inmetro/pt-br/assuntos/regulamentacao/avaliacao-da-conformidade/programa-brasileiro-de-etiquetagem/tabelas-de-eficiencia-energetica/veiculos-automotivos-pbe-veicular/mascara-pbev-2026_19_jan-rev01.pdf/@@download/file,43e928f89a526f7b59013faca3501b2b0716e5a8cdc2e097b8653638aa688ba0,2026-10-01T16:59:19.670019+00:00,km_ensaio_padronizado,catalogo_de_versoes_nao_vendas_nem_telemetria,parcial_com_quarentena,577fd839a5b1af12048a16d2cd2fb60b8626a66cc36bdf569ab46980b68f5ed5
2026,Médio,VOLVO,EX30,E40 PLUS,Elétrico,Elétrico,BEV_rotulo_inmetro,E,0.55,250.0,2,https://www.gov.br/inmetro/pt-br/assuntos/regulamentacao/avaliacao-da-conformidade/programa-brasileiro-de-etiquetagem/tabelas-de-eficiencia-energetica/veiculos-automotivos-pbe-veicular/mascara-pbev-2026_19_jan-rev01.pdf/@@download/file,43e928f89a526f7b59013faca3501b2b0716e5a8cdc2e097b8653638aa688ba0,2026-10-01T16:59:19.670019+00:00,km_ensaio_padronizado,catalogo_de_versoes_nao_vendas_nem_telemetria,parcial_com_quarentena,ebcd4faa4f400c6983bc3670a17c50dcb39b57c79d76ae84db311e7bf708d9a5
2026,Médio,VOLVO,EX30,E60 ULTRA,Elétrico,Elétrico,BEV_rotulo_inmetro,E,0.52,338.0,2,https://www.gov.br/inmetro/pt-br/assuntos/regulamentacao/avaliacao-da-conformidade/programa-brasileiro-de-etiquetagem/tabelas-de-eficiencia-energetica/veiculos-automotivos-pbe-veicular/mascara-pbev-2026_19_jan-rev01.pdf/@@download/file,43e928f89a526f7b59013faca3501b2b0716e5a8cdc2e097b8653638aa688ba0,2026-10-01T16:59:19.670019+00:00,km_ensaio_padronizado,catalogo_de_versoes_nao_vendas_nem_telemetria,parcial_com_quarentena,71b518a76158120b422bd2fe76d28d2d06b35017508cb428f9e860f09ce73c9e
2026,Médio,VOLVO,EX30,E60 PLUS,Elétrico,Elétrico,BEV_rotulo_inmetro,E,0.52,338.0,2,https://www.gov.br/inmetro/pt-br/assuntos/regulamentacao/avaliacao-da-conformidade/programa-brasileiro-de-etiquetagem/tabelas-de-eficiencia-energetica/veiculos-automotivos-pbe-veicular/mascara-pbev-2026_19_jan-rev01.pdf/@@download/file,43e928f89a526f7b59013faca3501b2b0716e5a8cdc2e097b8653638aa688ba0,2026-10-01T16:59:19.670019+00:00,km_ensaio_padronizado,catalogo_de_versoes_nao_vendas_nem_telemetria,parcial_com_quarentena,126fa54e07856c2314ed86110ef208d6bc30dc46e20f803e1ac83174fab30a9d
2026,Médio,VOLVO,EX30,E60 CORE,Elétrico,Elétrico,BEV_rotulo_inmetro,E,0.52,338.0,2,https://www.gov.br/inmetro/pt-br/assuntos/regulamentacao/avaliacao-da-conformidade/programa-brasileiro-de-etiquetagem/tabelas-de-eficiencia-energetica/veiculos-automotivos-pbe-veicular/mascara-pbev-2026_19_jan-rev01.pdf/@@download/file,43e928f89a526f7b59013faca3501b2b0716e5a8cdc2e097b8653638aa688ba0,2026-10-01T16:59:19.670019+00:00,km_ensaio_padronizado,catalogo_de_versoes_nao_vendas_nem_telemetria,parcial_com_quarentena,de8a53c1e3e9c2528db9a8095ef18280eadbfe6b63aa8fb5babe8b4878fe3d4d
2026,Médio,VOLVO,EX30,TWIN ULTRA,Elétrico,Elétrico,BEV_rotulo_inmetro,E,0.62,316.0,2,https://www.gov.br/inmetro/pt-br/assuntos/regulamentacao/avaliacao-da-conformidade/programa-brasileiro-de-etiquetagem/tabelas-de-eficiencia-energetica/veiculos-automotivos-pbe-veicular/mascara-pbev-2026_19_jan-rev01.pdf/@@download/file,43e928f89a526f7b59013faca3501b2b0716e5a8cdc2e097b8653638aa688ba0,2026-10-01T16:59:19.670019+00:00,km_ensaio_padronizado,catalogo_de_versoes_nao_vendas_nem_telemetria,parcial_com_quarentena,e1308270dbd553de6898cd7895c9397a293ea58d6d78aaab1edfab932c171996
2026,Grande,BMW,iX1,xDrive30,Elétrico,Elétrico,BEV_rotulo_inmetro,E,0.6,324.0,2,https://www.gov.br/inmetro/pt-br/assuntos/regulamentacao/avaliacao-da-conformidade/programa-brasileiro-de-etiquetagem/tabelas-de-eficiencia-energetica/veiculos-automotivos-pbe-veicular/mascara-pbev-2026_19_jan-rev01.pdf/@@download/file,43e928f89a526f7b59013faca3501b2b0716e5a8cdc2e097b8653638aa688ba0,2026-10-01T16:59:19.670019+00:00,km_ensaio_padronizado,catalogo_de_versoes_nao_vendas_nem_telemetria,parcial_com_quarentena,ac85dcd7d0a97106ec476cbcc519a1d5bf1930c5ba8db860f5c413a1a2e7f583
2026,Grande,BMW,iX1,eDrive20,Elétrico,Elétrico,BEV_rotulo_inmetro,E,0.55,345.0,2,https://www.gov.br/inmetro/pt-br/assuntos/regulamentacao/avaliacao-da-conformidade/programa-brasileiro-de-etiquetagem/tabelas-de-eficiencia-energetica/veiculos-automotivos-pbe-veicular/mascara-pbev-2026_19_jan-rev01.pdf/@@download/file,43e928f89a526f7b59013faca3501b2b0716e5a8cdc2e097b8653638aa688ba0,2026-10-01T16:59:19.670019+00:00,km_ensaio_padronizado,catalogo_de_versoes_nao_vendas_nem_telemetria,parcial_com_quarentena,b84e00ffb6490ff8e0582a015f8f80042ff5c4eb57ecedf81ff6ab2dccc710a3
2026,Grande,BMW,iX2,xDrive30 MSP,Elétrico,Elétrico,BEV_rotulo_inmetro,E,0.59,327.0,2,https://www.gov.br/inmetro/pt-br/assuntos/regulamentacao/avaliacao-da-conformidade/programa-brasileiro-de-etiquetagem/tabelas-de-eficiencia-energetica/veiculos-automotivos-pbe-veicular/mascara-pbev-2026_19_jan-rev01.pdf/@@download/file,43e928f89a526f7b59013faca3501b2b0716e5a8cdc2e097b8653638aa688ba0,2026-10-01T16:59:19.670019+00:00,km_ensaio_padronizado,catalogo_de_versoes_nao_vendas_nem_telemetria,parcial_com_quarentena,8076691f7383402351bfafc61bc40f757c55050793f56979f71fa4db4779e99e
2026,Grande,BYD,ATTO 2,GS DM FLEX,1.5-16V,Plug-in,PHEV_rotulo_inmetro,F,0.51,75.0,2,https://www.gov.br/inmetro/pt-br/assuntos/regulamentacao/avaliacao-da-conformidade/programa-brasileiro-de-etiquetagem/tabelas-de-eficiencia-energetica/veiculos-automotivos-pbe-veicular/mascara-pbev-2026_19_jan-rev01.pdf/@@download/file,43e928f89a526f7b59013faca3501b2b0716e5a8cdc2e097b8653638aa688ba0,2026-10-01T16:59:19.670019+00:00,km_ensaio_padronizado,catalogo_de_versoes_nao_vendas_nem_telemetria,parcial_com_quarentena,125c176c909c80316d08fca038cf9e052c6de8d64184ba977f3a703c4a9b9a85
2026,Grande,BYD,ATTO 2,GL DM FLEX,1.5-16V,Plug-in,PHEV_rotulo_inmetro,F,0.57,33.0,2,https://www.gov.br/inmetro/pt-br/assuntos/regulamentacao/avaliacao-da-conformidade/programa-brasileiro-de-etiquetagem/tabelas-de-eficiencia-energetica/veiculos-automotivos-pbe-veicular/mascara-pbev-2026_19_jan-rev01.pdf/@@download/file,43e928f89a526f7b59013faca3501b2b0716e5a8cdc2e097b8653638aa688ba0,2026-10-01T16:59:19.670019+00:00,km_ensaio_padronizado,catalogo_de_versoes_nao_vendas_nem_telemetria,parcial_com_quarentena,cad0a8ac0d9cc80bef5b2a757bd7479db665b75f3429bbb62dc61a82d17e3f84
2026,Grande,BYD,YUAN PLUS,GS 560EV,Elétrico,Elétrico,BEV_rotulo_inmetro,E,0.58,378.0,2,https://www.gov.br/inmetro/pt-br/assuntos/regulamentacao/avaliacao-da-conformidade/programa-brasileiro-de-etiquetagem/tabelas-de-eficiencia-energetica/veiculos-automotivos-pbe-veicular/mascara-pbev-2026_19_jan-rev01.pdf/@@download/file,43e928f89a526f7b59013faca3501b2b0716e5a8cdc2e097b8653638aa688ba0,2026-10-01T16:59:19.670019+00:00,km_ensaio_padronizado,catalogo_de_versoes_nao_vendas_nem_telemetria,parcial_com_quarentena,f7d7b96045514f2fef39811eeb12b8545fcc95a5ae3e2e3a93d31522b18d8c9b
2026,Grande,CAOA CHERY,TIGGO 7,PHEV,1.5T -16V,Plug-in,PHEV_rotulo_inmetro,G,0.62,60.0,2,https://www.gov.br/inmetro/pt-br/assuntos/regulamentacao/avaliacao-da-conformidade/programa-brasileiro-de-etiquetagem/tabelas-de-eficiencia-energetica/veiculos-automotivos-pbe-veicular/mascara-pbev-2026_19_jan-rev01.pdf/@@download/file,43e928f89a526f7b59013faca3501b2b0716e5a8cdc2e097b8653638aa688ba0,2026-10-01T16:59:19.670019+00:00,km_ensaio_padronizado,catalogo_de_versoes_nao_vendas_nem_telemetria,parcial_com_quarentena,37552ad270d7ec3dddc90f42bd1bdcea379f990b1b4b74cfda34544784747cb1
2026,Grande,CAOA CHERY,TIGGO 7,PHEV,1.5T -16V,Plug-in,PHEV_rotulo_inmetro,G,0.59,68.0,2,https://www.gov.br/inmetro/pt-br/assuntos/regulamentacao/avaliacao-da-conformidade/programa-brasileiro-de-etiquetagem/tabelas-de-eficiencia-energetica/veiculos-automotivos-pbe-veicular/mascara-pbev-2026_19_jan-rev01.pdf/@@download/file,43e928f89a526f7b59013faca3501b2b0716e5a8cdc2e097b8653638aa688ba0,2026-10-01T16:59:19.670019+00:00,km_ensaio_padronizado,catalogo_de_versoes_nao_vendas_nem_telemetria,parcial_com_quarentena,86c365b9ed9c207e2a2e0c164e6486a481035af6fe14ac5b1d17843781afabe0
2026,Grande,GAC,AION Y,PREMIUM,Elétrico,Elétrico,BEV_rotulo_inmetro,E,0.57,318.0,2,https://www.gov.br/inmetro/pt-br/assuntos/regulamentacao/avaliacao-da-conformidade/programa-brasileiro-de-etiquetagem/tabelas-de-eficiencia-energetica/veiculos-automotivos-pbe-veicular/mascara-pbev-2026_19_jan-rev01.pdf/@@download/file,43e928f89a526f7b59013faca3501b2b0716e5a8cdc2e097b8653638aa688ba0,2026-10-01T16:59:19.670019+00:00,km_ensaio_padronizado,catalogo_de_versoes_nao_vendas_nem_telemetria,parcial_com_quarentena,01018b783c796b7cb27c5670b393efed4fb8477403330bf9232cc200ca91944d
2026,Grande,GAC,AION Y,ELITE,Elétrico,Elétrico,BEV_rotulo_inmetro,E,0.57,318.0,2,https://www.gov.br/inmetro/pt-br/assuntos/regulamentacao/avaliacao-da-conformidade/programa-brasileiro-de-etiquetagem/tabelas-de-eficiencia-energetica/veiculos-automotivos-pbe-veicular/mascara-pbev-2026_19_jan-rev01.pdf/@@download/file,43e928f89a526f7b59013faca3501b2b0716e5a8cdc2e097b8653638aa688ba0,2026-10-01T16:59:19.670019+00:00,km_ensaio_padronizado,catalogo_de_versoes_nao_vendas_nem_telemetria,parcial_com_quarentena,b7c668ac04355d53986db850583e3f64dd9ed77c14e56efd0c3ae027ea98b6af
2026,Grande,GAC,AION UT,ELITE,Elétrico,Elétrico,BEV_rotulo_inmetro,E,0.57,310.0,2,https://www.gov.br/inmetro/pt-br/assuntos/regulamentacao/avaliacao-da-conformidade/programa-brasileiro-de-etiquetagem/tabelas-de-eficiencia-energetica/veiculos-automotivos-pbe-veicular/mascara-pbev-2026_19_jan-rev01.pdf/@@download/file,43e928f89a526f7b59013faca3501b2b0716e5a8cdc2e097b8653638aa688ba0,2026-10-01T16:59:19.670019+00:00,km_ensaio_padronizado,catalogo_de_versoes_nao_vendas_nem_telemetria,parcial_com_quarentena,728b6513ef50940027c96b830e123429cdb588eb54eed2847e0d02df1d9da2d4
2026,Grande,GAC,AION UT,PREMIUM,Elétrico,Elétrico,BEV_rotulo_inmetro,E,0.51,253.0,2,https://www.gov.br/inmetro/pt-br/assuntos/regulamentacao/avaliacao-da-conformidade/programa-brasileiro-de-etiquetagem/tabelas-de-eficiencia-energetica/veiculos-automotivos-pbe-veicular/mascara-pbev-2026_19_jan-rev01.pdf/@@download/file,43e928f89a526f7b59013faca3501b2b0716e5a8cdc2e097b8653638aa688ba0,2026-10-01T16:59:19.670019+00:00,km_ensaio_padronizado,catalogo_de_versoes_nao_vendas_nem_telemetria,parcial_com_quarentena,c22b9bf76b13014c8a69073eb851aeec679bda9bbb3213557b8bd30c93f0dc17
2026,Grande,GWM,ORA,5,Elétrico,Elétrico,BEV_rotulo_inmetro,E,0.49,349.0,2,https://www.gov.br/inmetro/pt-br/assuntos/regulamentacao/avaliacao-da-conformidade/programa-brasileiro-de-etiquetagem/tabelas-de-eficiencia-energetica/veiculos-automotivos-pbe-veicular/mascara-pbev-2026_19_jan-rev01.pdf/@@download/file,43e928f89a526f7b59013faca3501b2b0716e5a8cdc2e097b8653638aa688ba0,2026-10-01T16:59:19.670019+00:00,km_ensaio_padronizado,catalogo_de_versoes_nao_vendas_nem_telemetria,parcial_com_quarentena,82842d52655e8bfad5ceee928e9533a2c4e027c3625e39413afb2bfbac20a9e7
2026,Grande,HONDA,CIVIC HYBRID,TOURING,2.0 - 16V,Híbrido,HIBRIDO_rotulo_inmetro,G,1.21,,2,https://www.gov.br/inmetro/pt-br/assuntos/regulamentacao/avaliacao-da-conformidade/programa-brasileiro-de-etiquetagem/tabelas-de-eficiencia-energetica/veiculos-automotivos-pbe-veicular/mascara-pbev-2026_19_jan-rev01.pdf/@@download/file,43e928f89a526f7b59013faca3501b2b0716e5a8cdc2e097b8653638aa688ba0,2026-10-01T16:59:19.670019+00:00,km_ensaio_padronizado,catalogo_de_versoes_nao_vendas_nem_telemetria,parcial_com_quarentena,980cbcb31aa35d0d311b1a9562cb8ccafa3dbaa7dec7cc6f29a0e60f6a500580
2026,Grande,JAECOO,7,PRESTIGE,1.5-16V,Plug-in,PHEV_rotulo_inmetro,G,0.6,79.0,2,https://www.gov.br/inmetro/pt-br/assuntos/regulamentacao/avaliacao-da-conformidade/programa-brasileiro-de-etiquetagem/tabelas-de-eficiencia-energetica/veiculos-automotivos-pbe-veicular/mascara-pbev-2026_19_jan-rev01.pdf/@@download/file,43e928f89a526f7b59013faca3501b2b0716e5a8cdc2e097b8653638aa688ba0,2026-10-01T16:59:19.670019+00:00,km_ensaio_padronizado,catalogo_de_versoes_nao_vendas_nem_telemetria,parcial_com_quarentena,70e853c17b9a2430b2e17b7afe105ae6be466090b2e31c30d243f9fd291e661d
2026,Grande,JAECOO,7,LUXURY,1.5-16V,Plug-in,PHEV_rotulo_inmetro,G,0.6,79.0,2,https://www.gov.br/inmetro/pt-br/assuntos/regulamentacao/avaliacao-da-conformidade/programa-brasileiro-de-etiquetagem/tabelas-de-eficiencia-energetica/veiculos-automotivos-pbe-veicular/mascara-pbev-2026_19_jan-rev01.pdf/@@download/file,43e928f89a526f7b59013faca3501b2b0716e5a8cdc2e097b8653638aa688ba0,2026-10-01T16:59:19.670019+00:00,km_ensaio_padronizado,catalogo_de_versoes_nao_vendas_nem_telemetria,parcial_com_quarentena,6af6d4fe35fbba96a7d93a74561a1dbc6bbde9144836f9c8c0ff5cb49cb1147c
2026,Grande,LEXUS,UX 300H,UX 300H,2.0 - 16V,Híbrido,HIBRIDO_rotulo_inmetro,G,1.29,,2,https://www.gov.br/inmetro/pt-br/assuntos/regulamentacao/avaliacao-da-conformidade/programa-brasileiro-de-etiquetagem/tabelas-de-eficiencia-energetica/veiculos-automotivos-pbe-veicular/mascara-pbev-2026_19_jan-rev01.pdf/@@download/file,43e928f89a526f7b59013faca3501b2b0716e5a8cdc2e097b8653638aa688ba0,2026-10-01T16:59:19.670019+00:00,km_ensaio_padronizado,catalogo_de_versoes_nao_vendas_nem_telemetria,parcial_com_quarentena,0fc4ce8abe80187431d13bd066c8d5d9aaeffc2d9999aa93c5aae41cf1c65374
2026,Grande,Mercedes-Benz,GLA200,AMG LINE,1.3-16V,Híbrido,HIBRIDO_rotulo_inmetro,G,1.83,,2,https://www.gov.br/inmetro/pt-br/assuntos/regulamentacao/avaliacao-da-conformidade/programa-brasileiro-de-etiquetagem/tabelas-de-eficiencia-energetica/veiculos-automotivos-pbe-veicular/mascara-pbev-2026_19_jan-rev01.pdf/@@download/file,43e928f89a526f7b59013faca3501b2b0716e5a8cdc2e097b8653638aa688ba0,2026-10-01T16:59:19.670019+00:00,km_ensaio_padronizado,catalogo_de_versoes_nao_vendas_nem_telemetria,parcial_com_quarentena,f46d1e39173191d6576c73e4300108bf24c4e1fa374d41b54d1b60eceae1fda7
2026,Grande,Mercedes-Benz,GLA200,PROGRESSIVE,1.3-16V,Híbrido,HIBRIDO_rotulo_inmetro,G,1.83,,2,https://www.gov.br/inmetro/pt-br/assuntos/regulamentacao/avaliacao-da-conformidade/programa-brasileiro-de-etiquetagem/tabelas-de-eficiencia-energetica/veiculos-automotivos-pbe-veicular/mascara-pbev-2026_19_jan-rev01.pdf/@@download/file,43e928f89a526f7b59013faca3501b2b0716e5a8cdc2e097b8653638aa688ba0,2026-10-01T16:59:19.670019+00:00,km_ensaio_padronizado,catalogo_de_versoes_nao_vendas_nem_telemetria,parcial_com_quarentena,250ba020e66ab1e309260a5121eb481a635800fcef9a183c9bf2e7b801775004
2026,Grande,Mercedes-Benz,AMG GLA35 4M,,2.0-16V,Híbrido,HIBRIDO_rotulo_inmetro,G,2.29,,2,https://www.gov.br/inmetro/pt-br/assuntos/regulamentacao/avaliacao-da-conformidade/programa-brasileiro-de-etiquetagem/tabelas-de-eficiencia-energetica/veiculos-automotivos-pbe-veicular/mascara-pbev-2026_19_jan-rev01.pdf/@@download/file,43e928f89a526f7b59013faca3501b2b0716e5a8cdc2e097b8653638aa688ba0,2026-10-01T16:59:19.670019+00:00,km_ensaio_padronizado,catalogo_de_versoes_nao_vendas_nem_telemetria,parcial_com_quarentena,f28c27ab161c6c4185b5fa91e8a3037a1a06ed4aba23969e40cd7323d1a07417
2026,Grande,MG,S5,EV 62KWH LUX,Elétrico,Elétrico,BEV_rotulo_inmetro,E,0.51,351.0,2,https://www.gov.br/inmetro/pt-br/assuntos/regulamentacao/avaliacao-da-conformidade/programa-brasileiro-de-etiquetagem/tabelas-de-eficiencia-energetica/veiculos-automotivos-pbe-veicular/mascara-pbev-2026_19_jan-rev01.pdf/@@download/file,43e928f89a526f7b59013faca3501b2b0716e5a8cdc2e097b8653638aa688ba0,2026-10-01T16:59:19.670019+00:00,km_ensaio_padronizado,catalogo_de_versoes_nao_vendas_nem_telemetria,parcial_com_quarentena,1074f0e8458c63303d220fb3653eca53461c51958c9403249a5a578083e33d8b
2026,Grande,MG,S5,EV 62KWH COM,Elétrico,Elétrico,BEV_rotulo_inmetro,E,0.51,351.0,2,https://www.gov.br/inmetro/pt-br/assuntos/regulamentacao/avaliacao-da-conformidade/programa-brasileiro-de-etiquetagem/tabelas-de-eficiencia-energetica/veiculos-automotivos-pbe-veicular/mascara-pbev-2026_19_jan-rev01.pdf/@@download/file,43e928f89a526f7b59013faca3501b2b0716e5a8cdc2e097b8653638aa688ba0,2026-10-01T16:59:19.670019+00:00,km_ensaio_padronizado,catalogo_de_versoes_nao_vendas_nem_telemetria,parcial_com_quarentena,f0fa3815b21f16f86969cde00018bef3dd30c70cfc25ff51d64d9fa98ce6fbb5
2026,Grande,MG,MG4,URB EV54KWH COM,Elétrico,Elétrico,BEV_rotulo_inmetro,E,0.42,358.0,2,https://www.gov.br/inmetro/pt-br/assuntos/regulamentacao/avaliacao-da-conformidade/programa-brasileiro-de-etiquetagem/tabelas-de-eficiencia-energetica/veiculos-automotivos-pbe-veicular/mascara-pbev-2026_19_jan-rev01.pdf/@@download/file,43e928f89a526f7b59013faca3501b2b0716e5a8cdc2e097b8653638aa688ba0,2026-10-01T16:59:19.670019+00:00,km_ensaio_padronizado,catalogo_de_versoes_nao_vendas_nem_telemetria,parcial_com_quarentena,3c0c62bd4812d71e5247d22afcd73d3f7faa49c2b42249885408e65de752c97f
2026,Grande,MG,MG4,URB EV54KWH LUX,Elétrico,Elétrico,BEV_rotulo_inmetro,E,0.42,358.0,2,https://www.gov.br/inmetro/pt-br/assuntos/regulamentacao/avaliacao-da-conformidade/programa-brasileiro-de-etiquetagem/tabelas-de-eficiencia-energetica/veiculos-automotivos-pbe-veicular/mascara-pbev-2026_19_jan-rev01.pdf/@@download/file,43e928f89a526f7b59013faca3501b2b0716e5a8cdc2e097b8653638aa688ba0,2026-10-01T16:59:19.670019+00:00,km_ensaio_padronizado,catalogo_de_versoes_nao_vendas_nem_telemetria,parcial_com_quarentena,87f85319e3195d09f32c804e358cc35ca3c5637042c201bff8bd29e2ab84f926
2026,Grande,MG,MG4,URB EV43KWH COM,Elétrico,Elétrico,BEV_rotulo_inmetro,E,0.4,299.0,2,https://www.gov.br/inmetro/pt-br/assuntos/regulamentacao/avaliacao-da-conformidade/programa-brasileiro-de-etiquetagem/tabelas-de-eficiencia-energetica/veiculos-automotivos-pbe-veicular/mascara-pbev-2026_19_jan-rev01.pdf/@@download/file,43e928f89a526f7b59013faca3501b2b0716e5a8cdc2e097b8653638aa688ba0,2026-10-01T16:59:19.670019+00:00,km_ensaio_padronizado,catalogo_de_versoes_nao_vendas_nem_telemetria,parcial_com_quarentena,d07c3777f03928ef4c436772b56a5a28b28dea7096dedcc2d486317fecff5aa0
2026,Grande,MG,MG4,URB EV43KWH LUX,Elétrico,Elétrico,BEV_rotulo_inmetro,E,0.4,299.0,2,https://www.gov.br/inmetro/pt-br/assuntos/regulamentacao/avaliacao-da-conformidade/programa-brasileiro-de-etiquetagem/tabelas-de-eficiencia-energetica/veiculos-automotivos-pbe-veicular/mascara-pbev-2026_19_jan-rev01.pdf/@@download/file,43e928f89a526f7b59013faca3501b2b0716e5a8cdc2e097b8653638aa688ba0,2026-10-01T16:59:19.670019+00:00,km_ensaio_padronizado,catalogo_de_versoes_nao_vendas_nem_telemetria,parcial_com_quarentena,5feed9c95cd89980a910e1e63f5a027e7e909b84736f269966ec82e74f77b504
2026,Grande,MINI,Countryman,SE EXCLUSIVE,Elétrico,Elétrico,BEV_rotulo_inmetro,E,0.61,320.0,2,https://www.gov.br/inmetro/pt-br/assuntos/regulamentacao/avaliacao-da-conformidade/programa-brasileiro-de-etiquetagem/tabelas-de-eficiencia-energetica/veiculos-automotivos-pbe-veicular/mascara-pbev-2026_19_jan-rev01.pdf/@@download/file,43e928f89a526f7b59013faca3501b2b0716e5a8cdc2e097b8653638aa688ba0,2026-10-01T16:59:19.670019+00:00,km_ensaio_padronizado,catalogo_de_versoes_nao_vendas_nem_telemetria,parcial_com_quarentena,00fb495ec242b96a93cc3d70811fcfcd9f897d4ecb49f91095d9c048daddfe00
2026,Grande,MINI,Countryman,SE TOP,Elétrico,Elétrico,BEV_rotulo_inmetro,E,0.61,320.0,2,https://www.gov.br/inmetro/pt-br/assuntos/regulamentacao/avaliacao-da-conformidade/programa-brasileiro-de-etiquetagem/tabelas-de-eficiencia-energetica/veiculos-automotivos-pbe-veicular/mascara-pbev-2026_19_jan-rev01.pdf/@@download/file,43e928f89a526f7b59013faca3501b2b0716e5a8cdc2e097b8653638aa688ba0,2026-10-01T16:59:19.670019+00:00,km_ensaio_padronizado,catalogo_de_versoes_nao_vendas_nem_telemetria,parcial_com_quarentena,c7d21bc881134879f99775b64c10237d155848206ffea40c6b7b9e8404a133fd
2026,Grande,OMODA,E5,--,Elétrico,Elétrico,BEV_rotulo_inmetro,E,0.51,345.0,3,https://www.gov.br/inmetro/pt-br/assuntos/regulamentacao/avaliacao-da-conformidade/programa-brasileiro-de-etiquetagem/tabelas-de-eficiencia-energetica/veiculos-automotivos-pbe-veicular/mascara-pbev-2026_19_jan-rev01.pdf/@@download/file,43e928f89a526f7b59013faca3501b2b0716e5a8cdc2e097b8653638aa688ba0,2026-10-01T16:59:19.670019+00:00,km_ensaio_padronizado,catalogo_de_versoes_nao_vendas_nem_telemetria,parcial_com_quarentena,c3403a3995e67e62643a548ee5d8c84b451cde7eb4ba2d34772e0139f7c67782
2026,Grande,OMODA,5,HEV COMFORT,1.5-16V,Híbrido,HIBRIDO_rotulo_inmetro,G,1.5,,3,https://www.gov.br/inmetro/pt-br/assuntos/regulamentacao/avaliacao-da-conformidade/programa-brasileiro-de-etiquetagem/tabelas-de-eficiencia-energetica/veiculos-automotivos-pbe-veicular/mascara-pbev-2026_19_jan-rev01.pdf/@@download/file,43e928f89a526f7b59013faca3501b2b0716e5a8cdc2e097b8653638aa688ba0,2026-10-01T16:59:19.670019+00:00,km_ensaio_padronizado,catalogo_de_versoes_nao_vendas_nem_telemetria,parcial_com_quarentena,694829276d138ca923484d1a829de2ad8ed4c9cc6b70aa53f3338612b466ca3a
2026,Grande,OMODA,5,HEV LUXURY,1.5-16V,Híbrido,HIBRIDO_rotulo_inmetro,G,1.5,,3,https://www.gov.br/inmetro/pt-br/assuntos/regulamentacao/avaliacao-da-conformidade/programa-brasileiro-de-etiquetagem/tabelas-de-eficiencia-energetica/veiculos-automotivos-pbe-veicular/mascara-pbev-2026_19_jan-rev01.pdf/@@download/file,43e928f89a526f7b59013faca3501b2b0716e5a8cdc2e097b8653638aa688ba0,2026-10-01T16:59:19.670019+00:00,km_ensaio_padronizado,catalogo_de_versoes_nao_vendas_nem_telemetria,parcial_com_quarentena,4044a2d79d31684a8ff8b14d58f4478dfc1f4bf526c0c325dbf76cd9aeaac79b
2026,Grande,OMODA,5,HEV PRESTIGE,1.5-16V,Híbrido,HIBRIDO_rotulo_inmetro,G,1.5,,3,https://www.gov.br/inmetro/pt-br/assuntos/regulamentacao/avaliacao-da-conformidade/programa-brasileiro-de-etiquetagem/tabelas-de-eficiencia-energetica/veiculos-automotivos-pbe-veicular/mascara-pbev-2026_19_jan-rev01.pdf/@@download/file,43e928f89a526f7b59013faca3501b2b0716e5a8cdc2e097b8653638aa688ba0,2026-10-01T16:59:19.670019+00:00,km_ensaio_padronizado,catalogo_de_versoes_nao_vendas_nem_telemetria,parcial_com_quarentena,f34a708114578694563648bf481abd201fd9560d4db8ab9915c178475cf14552
2026,Grande,TOYOTA,COROLLA,ALTIS HV,1.8 16V,Híbrido,HIBRIDO_rotulo_inmetro,F,1.26,,3,https://www.gov.br/inmetro/pt-br/assuntos/regulamentacao/avaliacao-da-conformidade/programa-brasileiro-de-etiquetagem/tabelas-de-eficiencia-energetica/veiculos-automotivos-pbe-veicular/mascara-pbev-2026_19_jan-rev01.pdf/@@download/file,43e928f89a526f7b59013faca3501b2b0716e5a8cdc2e097b8653638aa688ba0,2026-10-01T16:59:19.670019+00:00,km_ensaio_padronizado,catalogo_de_versoes_nao_vendas_nem_telemetria,parcial_com_quarentena,87f603860ab59c62dd39db248607c8cd0d1543b81c919baed8699e232cae5d0c
2026,Grande,TOYOTA,COROLLA,APREMIUMH,1.8 16V,Híbrido,HIBRIDO_rotulo_inmetro,F,1.26,,3,https://www.gov.br/inmetro/pt-br/assuntos/regulamentacao/avaliacao-da-conformidade/programa-brasileiro-de-etiquetagem/tabelas-de-eficiencia-energetica/veiculos-automotivos-pbe-veicular/mascara-pbev-2026_19_jan-rev01.pdf/@@download/file,43e928f89a526f7b59013faca3501b2b0716e5a8cdc2e097b8653638aa688ba0,2026-10-01T16:59:19.670019+00:00,km_ensaio_padronizado,catalogo_de_versoes_nao_vendas_nem_telemetria,parcial_com_quarentena,45c8ef6a5855da687b99c42a481de4761e730350fb8c12d12313a66aa0f47cf4
2026,Grande,TOYOTA,COROLLA,GLI HEV,1.8 16V,Híbrido,HIBRIDO_rotulo_inmetro,F,1.26,,3,https://www.gov.br/inmetro/pt-br/assuntos/regulamentacao/avaliacao-da-conformidade/programa-brasileiro-de-etiquetagem/tabelas-de-eficiencia-energetica/veiculos-automotivos-pbe-veicular/mascara-pbev-2026_19_jan-rev01.pdf/@@download/file,43e928f89a526f7b59013faca3501b2b0716e5a8cdc2e097b8653638aa688ba0,2026-10-01T16:59:19.670019+00:00,km_ensaio_padronizado,catalogo_de_versoes_nao_vendas_nem_telemetria,parcial_com_quarentena,6585cc216870e151c2c9379dab4f627a3387af5940cc121dbb551cd45f50df90
2026,Grande,TOYOTA,COROLLA CROSS,XRV HYBRID,1.8-16V,Híbrido,HIBRIDO_rotulo_inmetro,F,1.36,,3,https://www.gov.br/inmetro/pt-br/assuntos/regulamentacao/avaliacao-da-conformidade/programa-brasileiro-de-etiquetagem/tabelas-de-eficiencia-energetica/veiculos-automotivos-pbe-veicular/mascara-pbev-2026_19_jan-rev01.pdf/@@download/file,43e928f89a526f7b59013faca3501b2b0716e5a8cdc2e097b8653638aa688ba0,2026-10-01T16:59:19.670019+00:00,km_ensaio_padronizado,catalogo_de_versoes_nao_vendas_nem_telemetria,parcial_com_quarentena,64165c631c83299833685b6efabab1a3e02b84f0cf04c60ac63dc5981727f2f4
2026,Grande,TOYOTA,COROLLA CROSS,XRX HYBRID,1.8-16V,Híbrido,HIBRIDO_rotulo_inmetro,F,1.36,,3,https://www.gov.br/inmetro/pt-br/assuntos/regulamentacao/avaliacao-da-conformidade/programa-brasileiro-de-etiquetagem/tabelas-de-eficiencia-energetica/veiculos-automotivos-pbe-veicular/mascara-pbev-2026_19_jan-rev01.pdf/@@download/file,43e928f89a526f7b59013faca3501b2b0716e5a8cdc2e097b8653638aa688ba0,2026-10-01T16:59:19.670019+00:00,km_ensaio_padronizado,catalogo_de_versoes_nao_vendas_nem_telemetria,parcial_com_quarentena,612002cace5d0b224fee1e7dab8a9d5689ac1483d8a8a7c7e310b6f5a70a35a4
2026,Grande,VOLVO,EC40,6 CORE,Elétrico,Elétrico,BEV_rotulo_inmetro,E,0.51,385.0,3,https://www.gov.br/inmetro/pt-br/assuntos/regulamentacao/avaliacao-da-conformidade/programa-brasileiro-de-etiquetagem/tabelas-de-eficiencia-energetica/veiculos-automotivos-pbe-veicular/mascara-pbev-2026_19_jan-rev01.pdf/@@download/file,43e928f89a526f7b59013faca3501b2b0716e5a8cdc2e097b8653638aa688ba0,2026-10-01T16:59:19.670019+00:00,km_ensaio_padronizado,catalogo_de_versoes_nao_vendas_nem_telemetria,parcial_com_quarentena,5069efcf724371541778048129139ce038a3bd809b520b040ed95219d2b040b2
2026,Grande,VOLVO,EC40,6 PLUS,Elétrico,Elétrico,BEV_rotulo_inmetro,E,0.51,385.0,3,https://www.gov.br/inmetro/pt-br/assuntos/regulamentacao/avaliacao-da-conformidade/programa-brasileiro-de-etiquetagem/tabelas-de-eficiencia-energetica/veiculos-automotivos-pbe-veicular/mascara-pbev-2026_19_jan-rev01.pdf/@@download/file,43e928f89a526f7b59013faca3501b2b0716e5a8cdc2e097b8653638aa688ba0,2026-10-01T16:59:19.670019+00:00,km_ensaio_padronizado,catalogo_de_versoes_nao_vendas_nem_telemetria,parcial_com_quarentena,055bcff5f5abefeb8a4e48a868d6e7bc745f8d02f848649680b9629118e04f6b
2026,Grande,VOLVO,EC40,6 ULTRA,Elétrico,Elétrico,BEV_rotulo_inmetro,E,0.51,385.0,3,https://www.gov.br/inmetro/pt-br/assuntos/regulamentacao/avaliacao-da-conformidade/programa-brasileiro-de-etiquetagem/tabelas-de-eficiencia-energetica/veiculos-automotivos-pbe-veicular/mascara-pbev-2026_19_jan-rev01.pdf/@@download/file,43e928f89a526f7b59013faca3501b2b0716e5a8cdc2e097b8653638aa688ba0,2026-10-01T16:59:19.670019+00:00,km_ensaio_padronizado,catalogo_de_versoes_nao_vendas_nem_telemetria,parcial_com_quarentena,899f953ad94de03642057ba35e74934cb33b6054c1138854169af19bda914cc8
2026,Grande,VOLVO,EC40,8 CORE,Elétrico,Elétrico,BEV_rotulo_inmetro,E,0.59,404.0,3,https://www.gov.br/inmetro/pt-br/assuntos/regulamentacao/avaliacao-da-conformidade/programa-brasileiro-de-etiquetagem/tabelas-de-eficiencia-energetica/veiculos-automotivos-pbe-veicular/mascara-pbev-2026_19_jan-rev01.pdf/@@download/file,43e928f89a526f7b59013faca3501b2b0716e5a8cdc2e097b8653638aa688ba0,2026-10-01T16:59:19.670019+00:00,km_ensaio_padronizado,catalogo_de_versoes_nao_vendas_nem_telemetria,parcial_com_quarentena,b6ca7ea6426cbc115818c0212a5a17c67fa045ee5d03e1bbe607c375dd7ea77d
2026,Grande,VOLVO,EC40,8 PLUS,Elétrico,Elétrico,BEV_rotulo_inmetro,E,0.59,404.0,3,https://www.gov.br/inmetro/pt-br/assuntos/regulamentacao/avaliacao-da-conformidade/programa-brasileiro-de-etiquetagem/tabelas-de-eficiencia-energetica/veiculos-automotivos-pbe-veicular/mascara-pbev-2026_19_jan-rev01.pdf/@@download/file,43e928f89a526f7b59013faca3501b2b0716e5a8cdc2e097b8653638aa688ba0,2026-10-01T16:59:19.670019+00:00,km_ensaio_padronizado,catalogo_de_versoes_nao_vendas_nem_telemetria,parcial_com_quarentena,3e9cbd8d99d419638ee92aa58314116cac9975939760645072b7131fac693dcf
2026,Grande,VOLVO,EC40,8 ULTRA,Elétrico,Elétrico,BEV_rotulo_inmetro,E,0.59,404.0,3,https://www.gov.br/inmetro/pt-br/assuntos/regulamentacao/avaliacao-da-conformidade/programa-brasileiro-de-etiquetagem/tabelas-de-eficiencia-energetica/veiculos-automotivos-pbe-veicular/mascara-pbev-2026_19_jan-rev01.pdf/@@download/file,43e928f89a526f7b59013faca3501b2b0716e5a8cdc2e097b8653638aa688ba0,2026-10-01T16:59:19.670019+00:00,km_ensaio_padronizado,catalogo_de_versoes_nao_vendas_nem_telemetria,parcial_com_quarentena,1a338e53876dc7ae669e920c2f2ee31ad999917e5e77979d1543cc54d33f28aa
2026,Grande,VOLVO,EC40,PERF BLACK,Elétrico,Elétrico,BEV_rotulo_inmetro,E,0.59,404.0,3,https://www.gov.br/inmetro/pt-br/assuntos/regulamentacao/avaliacao-da-conformidade/programa-brasileiro-de-etiquetagem/tabelas-de-eficiencia-energetica/veiculos-automotivos-pbe-veicular/mascara-pbev-2026_19_jan-rev01.pdf/@@download/file,43e928f89a526f7b59013faca3501b2b0716e5a8cdc2e097b8653638aa688ba0,2026-10-01T16:59:19.670019+00:00,km_ensaio_padronizado,catalogo_de_versoes_nao_vendas_nem_telemetria,parcial_com_quarentena,10007c03aa485ba8e95007b80c76a9882dc425e4df1cb51f7442463226c34b72
2026,Grande,VOLVO,EC40,PERF ULTRA,Elétrico,Elétrico,BEV_rotulo_inmetro,E,0.59,404.0,3,https://www.gov.br/inmetro/pt-br/assuntos/regulamentacao/avaliacao-da-conformidade/programa-brasileiro-de-etiquetagem/tabelas-de-eficiencia-energetica/veiculos-automotivos-pbe-veicular/mascara-pbev-2026_19_jan-rev01.pdf/@@download/file,43e928f89a526f7b59013faca3501b2b0716e5a8cdc2e097b8653638aa688ba0,2026-10-01T16:59:19.670019+00:00,km_ensaio_padronizado,catalogo_de_versoes_nao_vendas_nem_telemetria,parcial_com_quarentena,3710ba989b962272f2b98bb0ac3ffa9c5610dcf8061f12eb0d6941712ff40f88
2026,Extra Grande,AUDI,RS 6 Avant,Performance,4.0 - 32V,Híbrido,HIBRIDO_rotulo_inmetro,G,3.39,,3,https://www.gov.br/inmetro/pt-br/assuntos/regulamentacao/avaliacao-da-conformidade/programa-brasileiro-de-etiquetagem/tabelas-de-eficiencia-energetica/veiculos-automotivos-pbe-veicular/mascara-pbev-2026_19_jan-rev01.pdf/@@download/file,43e928f89a526f7b59013faca3501b2b0716e5a8cdc2e097b8653638aa688ba0,2026-10-01T16:59:19.670019+00:00,km_ensaio_padronizado,catalogo_de_versoes_nao_vendas_nem_telemetria,parcial_com_quarentena,be9b7eefd0b977a6f1d7791a50adbc9754aefecff019dbfad84527bdf109eb33
2026,Extra Grande,AUDI,A6 Avant e-tron,S line,Elétrico,Elétrico,BEV_rotulo_inmetro,E,0.6,474.0,3,https://www.gov.br/inmetro/pt-br/assuntos/regulamentacao/avaliacao-da-conformidade/programa-brasileiro-de-etiquetagem/tabelas-de-eficiencia-energetica/veiculos-automotivos-pbe-veicular/mascara-pbev-2026_19_jan-rev01.pdf/@@download/file,43e928f89a526f7b59013faca3501b2b0716e5a8cdc2e097b8653638aa688ba0,2026-10-01T16:59:19.670019+00:00,km_ensaio_padronizado,catalogo_de_versoes_nao_vendas_nem_telemetria,parcial_com_quarentena,05e5b24bf70bc362e29f9c6d398ee74123d9066e697872c20aa4df276bdd6640
2026,Extra Grande,AUDI,A6 e-tron,Performance black,Elétrico,Elétrico,BEV_rotulo_inmetro,E,0.59,445.0,3,https://www.gov.br/inmetro/pt-br/assuntos/regulamentacao/avaliacao-da-conformidade/programa-brasileiro-de-etiquetagem/tabelas-de-eficiencia-energetica/veiculos-automotivos-pbe-veicular/mascara-pbev-2026_19_jan-rev01.pdf/@@download/file,43e928f89a526f7b59013faca3501b2b0716e5a8cdc2e097b8653638aa688ba0,2026-10-01T16:59:19.670019+00:00,km_ensaio_padronizado,catalogo_de_versoes_nao_vendas_nem_telemetria,parcial_com_quarentena,ba9422da545e0c8c0bc5d8e784249def2c27fa5e06e7908386ebc5e4d705e71b
2026,Extra Grande,AUDI,Q6 e-tron Quattro,Performance,Elétrico,Elétrico,BEV_rotulo_inmetro,E,0.64,411.0,3,https://www.gov.br/inmetro/pt-br/assuntos/regulamentacao/avaliacao-da-conformidade/programa-brasileiro-de-etiquetagem/tabelas-de-eficiencia-energetica/veiculos-automotivos-pbe-veicular/mascara-pbev-2026_19_jan-rev01.pdf/@@download/file,43e928f89a526f7b59013faca3501b2b0716e5a8cdc2e097b8653638aa688ba0,2026-10-01T16:59:19.670019+00:00,km_ensaio_padronizado,catalogo_de_versoes_nao_vendas_nem_telemetria,parcial_com_quarentena,5ac8e1e90f4ac4375598fad19397a6a4b383acf9261e76ffc350cf80c85d6ec5
2026,Extra Grande,AUDI,Q6 e-tron Quattro,Performance black,Elétrico,Elétrico,BEV_rotulo_inmetro,E,0.64,411.0,3,https://www.gov.br/inmetro/pt-br/assuntos/regulamentacao/avaliacao-da-conformidade/programa-brasileiro-de-etiquetagem/tabelas-de-eficiencia-energetica/veiculos-automotivos-pbe-veicular/mascara-pbev-2026_19_jan-rev01.pdf/@@download/file,43e928f89a526f7b59013faca3501b2b0716e5a8cdc2e097b8653638aa688ba0,2026-10-01T16:59:19.670019+00:00,km_ensaio_padronizado,catalogo_de_versoes_nao_vendas_nem_telemetria,parcial_com_quarentena,a2b7ac3e21c938c220c3123ef75d4e34edd124621759b6b12538c17976859617
2026,Extra Grande,AUDI,Q6 e-tron RWD,Performance,Elétrico,Elétrico,BEV_rotulo_inmetro,E,0.64,411.0,3,https://www.gov.br/inmetro/pt-br/assuntos/regulamentacao/avaliacao-da-conformidade/programa-brasileiro-de-etiquetagem/tabelas-de-eficiencia-energetica/veiculos-automotivos-pbe-veicular/mascara-pbev-2026_19_jan-rev01.pdf/@@download/file,43e928f89a526f7b59013faca3501b2b0716e5a8cdc2e097b8653638aa688ba0,2026-10-01T16:59:19.670019+00:00,km_ensaio_padronizado,catalogo_de_versoes_nao_vendas_nem_telemetria,parcial_com_quarentena,df04da443c96a4f88aa1536e26ae4090f476d1a3aa2ecb396739e79e813930e7
2026,Extra Grande,AUDI,Q6 Sportback e-tron Quattro,Performance black,Elétrico,Elétrico,BEV_rotulo_inmetro,E,0.61,427.0,3,https://www.gov.br/inmetro/pt-br/assuntos/regulamentacao/avaliacao-da-conformidade/programa-brasileiro-de-etiquetagem/tabelas-de-eficiencia-energetica/veiculos-automotivos-pbe-veicular/mascara-pbev-2026_19_jan-rev01.pdf/@@download/file,43e928f89a526f7b59013faca3501b2b0716e5a8cdc2e097b8653638aa688ba0,2026-10-01T16:59:19.670019+00:00,km_ensaio_padronizado,catalogo_de_versoes_nao_vendas_nem_telemetria,parcial_com_quarentena,7e3647bb5bab3e505187f0c201b25e1f6b62a0cd129863bb2adf002c8f9e7c9f
2026,Extra Grande,AUDI,Q8 Sportback,Performance Black,3.0 - 24V,Híbrido,HIBRIDO_rotulo_inmetro,G,3.11,,3,https://www.gov.br/inmetro/pt-br/assuntos/regulamentacao/avaliacao-da-conformidade/programa-brasileiro-de-etiquetagem/tabelas-de-eficiencia-energetica/veiculos-automotivos-pbe-veicular/mascara-pbev-2026_19_jan-rev01.pdf/@@download/file,43e928f89a526f7b59013faca3501b2b0716e5a8cdc2e097b8653638aa688ba0,2026-10-01T16:59:19.670019+00:00,km_ensaio_padronizado,catalogo_de_versoes_nao_vendas_nem_telemetria,parcial_com_quarentena,6c97d63b4033ff6bc465b5c242d8847e875107af34f26a84b1f8037893f3a7af
2026,Extra Grande,AUDI,Q6 e-tron Quattro,Dynamic,Elétrico,Elétrico,BEV_rotulo_inmetro,E,0.61,424.0,3,https://www.gov.br/inmetro/pt-br/assuntos/regulamentacao/avaliacao-da-conformidade/programa-brasileiro-de-etiquetagem/tabelas-de-eficiencia-energetica/veiculos-automotivos-pbe-veicular/mascara-pbev-2026_19_jan-rev01.pdf/@@download/file,43e928f89a526f7b59013faca3501b2b0716e5a8cdc2e097b8653638aa688ba0,2026-10-01T16:59:19.670019+00:00,km_ensaio_padronizado,catalogo_de_versoes_nao_vendas_nem_telemetria,parcial_com_quarentena,ed9cffd600818b84938d6681b2aa8a05150e2a816c3eb6c74e70b26df8d10945
2026,Extra Grande,AUDI,Q6 e-tron Quattro,S line,Elétrico,Elétrico,BEV_rotulo_inmetro,E,0.61,424.0,3,https://www.gov.br/inmetro/pt-br/assuntos/regulamentacao/avaliacao-da-conformidade/programa-brasileiro-de-etiquetagem/tabelas-de-eficiencia-energetica/veiculos-automotivos-pbe-veicular/mascara-pbev-2026_19_jan-rev01.pdf/@@download/file,43e928f89a526f7b59013faca3501b2b0716e5a8cdc2e097b8653638aa688ba0,2026-10-01T16:59:19.670019+00:00,km_ensaio_padronizado,catalogo_de_versoes_nao_vendas_nem_telemetria,parcial_com_quarentena,0f457d99d35b7781e82bf9766231d514ac065001c081fb1d006c0071830f6398
2026,Extra Grande,AUDI,Q6 Sportback e-tron Quattro,S line,Elétrico,Elétrico,BEV_rotulo_inmetro,E,0.6,432.0,3,https://www.gov.br/inmetro/pt-br/assuntos/regulamentacao/avaliacao-da-conformidade/programa-brasileiro-de-etiquetagem/tabelas-de-eficiencia-energetica/veiculos-automotivos-pbe-veicular/mascara-pbev-2026_19_jan-rev01.pdf/@@download/file,43e928f89a526f7b59013faca3501b2b0716e5a8cdc2e097b8653638aa688ba0,2026-10-01T16:59:19.670019+00:00,km_ensaio_padronizado,catalogo_de_versoes_nao_vendas_nem_telemetria,parcial_com_quarentena,fa4a3bd2e7adefd0bf0884d90fe2c75c51dfaefb0af686c066aae9b92f9a5a04
2026,Extra Grande,AUDI,RS e-tron GT,Performance,Elétrico,Elétrico,BEV_rotulo_inmetro,E,0.8,348.0,3,https://www.gov.br/inmetro/pt-br/assuntos/regulamentacao/avaliacao-da-conformidade/programa-brasileiro-de-etiquetagem/tabelas-de-eficiencia-energetica/veiculos-automotivos-pbe-veicular/mascara-pbev-2026_19_jan-rev01.pdf/@@download/file,43e928f89a526f7b59013faca3501b2b0716e5a8cdc2e097b8653638aa688ba0,2026-10-01T16:59:19.670019+00:00,km_ensaio_padronizado,catalogo_de_versoes_nao_vendas_nem_telemetria,parcial_com_quarentena,32d33708b718241ab58ff466e9433260774b19de5700f5fb42cde73434a0d79c
2026,Extra Grande,BMW,530e,M SPORT,2.0 - 16V,Plug-in,PHEV_rotulo_inmetro,G,0.76,70.0,3,https://www.gov.br/inmetro/pt-br/assuntos/regulamentacao/avaliacao-da-conformidade/programa-brasileiro-de-etiquetagem/tabelas-de-eficiencia-energetica/veiculos-automotivos-pbe-veicular/mascara-pbev-2026_19_jan-rev01.pdf/@@download/file,43e928f89a526f7b59013faca3501b2b0716e5a8cdc2e097b8653638aa688ba0,2026-10-01T16:59:19.670019+00:00,km_ensaio_padronizado,catalogo_de_versoes_nao_vendas_nem_telemetria,parcial_com_quarentena,e5fed142d0ccc8e6b31c554910c10c7260b680e1dcb6428e5d51e59f80fbaaf5
2026,Extra Grande,BMW,330e,-,2.0 - 16V,Plug-in,PHEV_rotulo_inmetro,G,0.92,61.0,3,https://www.gov.br/inmetro/pt-br/assuntos/regulamentacao/avaliacao-da-conformidade/programa-brasileiro-de-etiquetagem/tabelas-de-eficiencia-energetica/veiculos-automotivos-pbe-veicular/mascara-pbev-2026_19_jan-rev01.pdf/@@download/file,43e928f89a526f7b59013faca3501b2b0716e5a8cdc2e097b8653638aa688ba0,2026-10-01T16:59:19.670019+00:00,km_ensaio_padronizado,catalogo_de_versoes_nao_vendas_nem_telemetria,parcial_com_quarentena,9f53a9d44cf51628df046d0f4a87853af1e05c49a29fc95d0823397e5e077c8e
2026,Extra Grande,BMW,i7,xDrive60,Elétrico,Elétrico,BEV_rotulo_inmetro,E,0.65,467.0,3,https://www.gov.br/inmetro/pt-br/assuntos/regulamentacao/avaliacao-da-conformidade/programa-brasileiro-de-etiquetagem/tabelas-de-eficiencia-energetica/veiculos-automotivos-pbe-veicular/mascara-pbev-2026_19_jan-rev01.pdf/@@download/file,43e928f89a526f7b59013faca3501b2b0716e5a8cdc2e097b8653638aa688ba0,2026-10-01T16:59:19.670019+00:00,km_ensaio_padronizado,catalogo_de_versoes_nao_vendas_nem_telemetria,parcial_com_quarentena,a9cae9586da401e47d3ac1c457b8352a8207c386b42c4056e872d6b9507c88ac
2026,Extra Grande,BMW,I5,M60,Elétrico,Elétrico,BEV_rotulo_inmetro,E,0.61,393.0,3,https://www.gov.br/inmetro/pt-br/assuntos/regulamentacao/avaliacao-da-conformidade/programa-brasileiro-de-etiquetagem/tabelas-de-eficiencia-energetica/veiculos-automotivos-pbe-veicular/mascara-pbev-2026_19_jan-rev01.pdf/@@download/file,43e928f89a526f7b59013faca3501b2b0716e5a8cdc2e097b8653638aa688ba0,2026-10-01T16:59:19.670019+00:00,km_ensaio_padronizado,catalogo_de_versoes_nao_vendas_nem_telemetria,parcial_com_quarentena,ea6315aeed8b74fe3ccc1b1cd2886a8a8e9f98dfdd368d293c59e5a35ad38733
2026,Extra Grande,BMW,IX,xDrive 50,Elétrico,Elétrico,BEV_rotulo_inmetro,E,0.64,498.0,3,https://www.gov.br/inmetro/pt-br/assuntos/regulamentacao/avaliacao-da-conformidade/programa-brasileiro-de-etiquetagem/tabelas-de-eficiencia-energetica/veiculos-automotivos-pbe-veicular/mascara-pbev-2026_19_jan-rev01.pdf/@@download/file,43e928f89a526f7b59013faca3501b2b0716e5a8cdc2e097b8653638aa688ba0,2026-10-01T16:59:19.670019+00:00,km_ensaio_padronizado,catalogo_de_versoes_nao_vendas_nem_telemetria,parcial_com_quarentena,2d4eff0c9f052859eea55e4240d9c5aa80af261313e067f39d1471f744a8b83f
2026,Extra Grande,BMW,iX3,50 XDRIVE MSP,Elétrico,Elétrico,BEV_rotulo_inmetro,E,0.54,570.0,3,https://www.gov.br/inmetro/pt-br/assuntos/regulamentacao/avaliacao-da-conformidade/programa-brasileiro-de-etiquetagem/tabelas-de-eficiencia-energetica/veiculos-automotivos-pbe-veicular/mascara-pbev-2026_19_jan-rev01.pdf/@@download/file,43e928f89a526f7b59013faca3501b2b0716e5a8cdc2e097b8653638aa688ba0,2026-10-01T16:59:19.670019+00:00,km_ensaio_padronizado,catalogo_de_versoes_nao_vendas_nem_telemetria,parcial_com_quarentena,b7b0b3733a7dcc0a72214b1422d0b02a6566e6408c92642d9f8447bdeee43120
2026,Extra Grande,BYD,ATTO 8,GS DM,1.5-16V,Plug-in,PHEV_rotulo_inmetro,G,0.71,111.0,3,https://www.gov.br/inmetro/pt-br/assuntos/regulamentacao/avaliacao-da-conformidade/programa-brasileiro-de-etiquetagem/tabelas-de-eficiencia-energetica/veiculos-automotivos-pbe-veicular/mascara-pbev-2026_19_jan-rev01.pdf/@@download/file,43e928f89a526f7b59013faca3501b2b0716e5a8cdc2e097b8653638aa688ba0,2026-10-01T16:59:19.670019+00:00,km_ensaio_padronizado,catalogo_de_versoes_nao_vendas_nem_telemetria,parcial_com_quarentena,3d6c531c8728ff1b0fb67dc2c0bec007640dc592eaff620d7272ec510a1b13bc
2026,Extra Grande,BYD,HAN,AWD GS 680EV,Elétrico,Elétrico,BEV_rotulo_inmetro,E,0.69,349.0,3,https://www.gov.br/inmetro/pt-br/assuntos/regulamentacao/avaliacao-da-conformidade/programa-brasileiro-de-etiquetagem/tabelas-de-eficiencia-energetica/veiculos-automotivos-pbe-veicular/mascara-pbev-2026_19_jan-rev01.pdf/@@download/file,43e928f89a526f7b59013faca3501b2b0716e5a8cdc2e097b8653638aa688ba0,2026-10-01T16:59:19.670019+00:00,km_ensaio_padronizado,catalogo_de_versoes_nao_vendas_nem_telemetria,parcial_com_quarentena,e724fea8831475a6277194f6eb02ea9c5f3e8fc1931f731c80810cf56fb6dc97
2026,Extra Grande,BYD,SEAL,AWD GS 590EV,Elétrico,Elétrico,BEV_rotulo_inmetro,E,0.62,372.0,3,https://www.gov.br/inmetro/pt-br/assuntos/regulamentacao/avaliacao-da-conformidade/programa-brasileiro-de-etiquetagem/tabelas-de-eficiencia-energetica/veiculos-automotivos-pbe-veicular/mascara-pbev-2026_19_jan-rev01.pdf/@@download/file,43e928f89a526f7b59013faca3501b2b0716e5a8cdc2e097b8653638aa688ba0,2026-10-01T16:59:19.670019+00:00,km_ensaio_padronizado,catalogo_de_versoes_nao_vendas_nem_telemetria,parcial_com_quarentena,f847197b55dc1bf7545222d9103fd511f58133b7a5b96742eb2c58c002a2b717
2026,Extra Grande,BYD,TAN,AWD GS 700EV,Elétrico,Elétrico,BEV_rotulo_inmetro,E,0.73,430.0,3,https://www.gov.br/inmetro/pt-br/assuntos/regulamentacao/avaliacao-da-conformidade/programa-brasileiro-de-etiquetagem/tabelas-de-eficiencia-energetica/veiculos-automotivos-pbe-veicular/mascara-pbev-2026_19_jan-rev01.pdf/@@download/file,43e928f89a526f7b59013faca3501b2b0716e5a8cdc2e097b8653638aa688ba0,2026-10-01T16:59:19.670019+00:00,km_ensaio_padronizado,catalogo_de_versoes_nao_vendas_nem_telemetria,parcial_com_quarentena,356f9bae2610d2c6e40419f52833bc5459d6e0ee288e53955f8b6995fc722836
2026,Extra Grande,BYD,SONG PLUS,GS DM,1.5-16V,Plug-in,PHEV_rotulo_inmetro,G,0.58,63.0,3,https://www.gov.br/inmetro/pt-br/assuntos/regulamentacao/avaliacao-da-conformidade/programa-brasileiro-de-etiquetagem/tabelas-de-eficiencia-energetica/veiculos-automotivos-pbe-veicular/mascara-pbev-2026_19_jan-rev01.pdf/@@download/file,43e928f89a526f7b59013faca3501b2b0716e5a8cdc2e097b8653638aa688ba0,2026-10-01T16:59:19.670019+00:00,km_ensaio_padronizado,catalogo_de_versoes_nao_vendas_nem_telemetria,parcial_com_quarentena,71d1b8ed9b0446b2e1591320c0b73f8fd6fd04158d811f1fb95947f4f3f21f76
2026,Extra Grande,BYD,SONG PLUS,PREM DM,1.5-16V,Plug-in,PHEV_rotulo_inmetro,G,0.67,87.0,3,https://www.gov.br/inmetro/pt-br/assuntos/regulamentacao/avaliacao-da-conformidade/programa-brasileiro-de-etiquetagem/tabelas-de-eficiencia-energetica/veiculos-automotivos-pbe-veicular/mascara-pbev-2026_19_jan-rev01.pdf/@@download/file,43e928f89a526f7b59013faca3501b2b0716e5a8cdc2e097b8653638aa688ba0,2026-10-01T16:59:19.670019+00:00,km_ensaio_padronizado,catalogo_de_versoes_nao_vendas_nem_telemetria,parcial_com_quarentena,f897a4a56434ff44470a82c50c74cdb7c784795b02c368d851a50693c9d46a4b
2026,Extra Grande,BYD,SONG PLUS,PREM DM (MY27),1.5-16V,Plug-in,PHEV_rotulo_inmetro,G,0.72,83.0,3,https://www.gov.br/inmetro/pt-br/assuntos/regulamentacao/avaliacao-da-conformidade/programa-brasileiro-de-etiquetagem/tabelas-de-eficiencia-energetica/veiculos-automotivos-pbe-veicular/mascara-pbev-2026_19_jan-rev01.pdf/@@download/file,43e928f89a526f7b59013faca3501b2b0716e5a8cdc2e097b8653638aa688ba0,2026-10-01T16:59:19.670019+00:00,km_ensaio_padronizado,catalogo_de_versoes_nao_vendas_nem_telemetria,parcial_com_quarentena,b9fd5d84f5da1ad41466d174d68e3763cb1529506fda2e56cad476a8a6b0ba30
2026,Extra Grande,BYD,SONG PRO,GS DM,1.5-16V,Plug-in,PHEV_rotulo_inmetro,G,0.6,62.0,3,https://www.gov.br/inmetro/pt-br/assuntos/regulamentacao/avaliacao-da-conformidade/programa-brasileiro-de-etiquetagem/tabelas-de-eficiencia-energetica/veiculos-automotivos-pbe-veicular/mascara-pbev-2026_19_jan-rev01.pdf/@@download/file,43e928f89a526f7b59013faca3501b2b0716e5a8cdc2e097b8653638aa688ba0,2026-10-01T16:59:19.670019+00:00,km_ensaio_padronizado,catalogo_de_versoes_nao_vendas_nem_telemetria,parcial_com_quarentena,fe95a5808ca700af511d909cf9caf8b03ae16fdd1f1adca0a7d6d1a984c0f6db
2026,Extra Grande,BYD,SONG PRO,GL DM,1.5-16V,Plug-in,PHEV_rotulo_inmetro,G,0.58,49.0,3,https://www.gov.br/inmetro/pt-br/assuntos/regulamentacao/avaliacao-da-conformidade/programa-brasileiro-de-etiquetagem/tabelas-de-eficiencia-energetica/veiculos-automotivos-pbe-veicular/mascara-pbev-2026_19_jan-rev01.pdf/@@download/file,43e928f89a526f7b59013faca3501b2b0716e5a8cdc2e097b8653638aa688ba0,2026-10-01T16:59:19.670019+00:00,km_ensaio_padronizado,catalogo_de_versoes_nao_vendas_nem_telemetria,parcial_com_quarentena,9c5f0ecafbf277f3fd535a2aaf2d503f35321819b2cf1e80ef72c9872753caed
2026,Extra Grande,BYD,SONG PRO,GL DM FLEX,1.5-16V,Plug-in,PHEV_rotulo_inmetro,F,0.53,57.0,3,https://www.gov.br/inmetro/pt-br/assuntos/regulamentacao/avaliacao-da-conformidade/programa-brasileiro-de-etiquetagem/tabelas-de-eficiencia-energetica/veiculos-automotivos-pbe-veicular/mascara-pbev-2026_19_jan-rev01.pdf/@@download/file,43e928f89a526f7b59013faca3501b2b0716e5a8cdc2e097b8653638aa688ba0,2026-10-01T16:59:19.670019+00:00,km_ensaio_padronizado,catalogo_de_versoes_nao_vendas_nem_telemetria,parcial_com_quarentena,0d60cbd51fca4d35c25169dcad77b06353871a50ab20268a497715918bfdf165
2026,Extra Grande,BYD,SONG PRO,GS DM FLEX,1.5-16V,Plug-in,PHEV_rotulo_inmetro,F,0.55,72.0,3,https://www.gov.br/inmetro/pt-br/assuntos/regulamentacao/avaliacao-da-conformidade/programa-brasileiro-de-etiquetagem/tabelas-de-eficiencia-energetica/veiculos-automotivos-pbe-veicular/mascara-pbev-2026_19_jan-rev01.pdf/@@download/file,43e928f89a526f7b59013faca3501b2b0716e5a8cdc2e097b8653638aa688ba0,2026-10-01T16:59:19.670019+00:00,km_ensaio_padronizado,catalogo_de_versoes_nao_vendas_nem_telemetria,parcial_com_quarentena,0e01402ea58d49fa01b92044de5dbbf77538c010c0c4cf0060c1484845fcd501
2026,Extra Grande,BYD,KING,GL DM,1.5-16V,Plug-in,PHEV_rotulo_inmetro,G,0.53,35.0,3,https://www.gov.br/inmetro/pt-br/assuntos/regulamentacao/avaliacao-da-conformidade/programa-brasileiro-de-etiquetagem/tabelas-de-eficiencia-energetica/veiculos-automotivos-pbe-veicular/mascara-pbev-2026_19_jan-rev01.pdf/@@download/file,43e928f89a526f7b59013faca3501b2b0716e5a8cdc2e097b8653638aa688ba0,2026-10-01T16:59:19.670019+00:00,km_ensaio_padronizado,catalogo_de_versoes_nao_vendas_nem_telemetria,parcial_com_quarentena,3430fd5d779cd3221377af7904b8b9983d9aafc05ad1f386a23265cac5dd22e1
2026,Extra Grande,BYD,KING,GS DM,1.5-16V,Plug-in,PHEV_rotulo_inmetro,G,0.49,78.0,3,https://www.gov.br/inmetro/pt-br/assuntos/regulamentacao/avaliacao-da-conformidade/programa-brasileiro-de-etiquetagem/tabelas-de-eficiencia-energetica/veiculos-automotivos-pbe-veicular/mascara-pbev-2026_19_jan-rev01.pdf/@@download/file,43e928f89a526f7b59013faca3501b2b0716e5a8cdc2e097b8653638aa688ba0,2026-10-01T16:59:19.670019+00:00,km_ensaio_padronizado,catalogo_de_versoes_nao_vendas_nem_telemetria,parcial_com_quarentena,5ad7fc601ecf3cf41099ab5138982a75d56814d78ee643c378f330b82c873e3a
2026,Extra Grande,BYD,SEALION 7,GS 690EV,Elétrico,Elétrico,BEV_rotulo_inmetro,E,0.66,360.0,3,https://www.gov.br/inmetro/pt-br/assuntos/regulamentacao/avaliacao-da-conformidade/programa-brasileiro-de-etiquetagem/tabelas-de-eficiencia-energetica/veiculos-automotivos-pbe-veicular/mascara-pbev-2026_19_jan-rev01.pdf/@@download/file,43e928f89a526f7b59013faca3501b2b0716e5a8cdc2e097b8653638aa688ba0,2026-10-01T16:59:19.670019+00:00,km_ensaio_padronizado,catalogo_de_versoes_nao_vendas_nem_telemetria,parcial_com_quarentena,65d6bf5d7c2a54889a22854b28bf5a98a7858e99f32d05ece7887b26ca1c50fe
2026,Extra Grande,CAOA CHANGAN,AVATR 11,EV,Elétrico,Elétrico,BEV_rotulo_inmetro,E,0.6,497.0,3,https://www.gov.br/inmetro/pt-br/assuntos/regulamentacao/avaliacao-da-conformidade/programa-brasileiro-de-etiquetagem/tabelas-de-eficiencia-energetica/veiculos-automotivos-pbe-veicular/mascara-pbev-2026_19_jan-rev01.pdf/@@download/file,43e928f89a526f7b59013faca3501b2b0716e5a8cdc2e097b8653638aa688ba0,2026-10-01T16:59:19.670019+00:00,km_ensaio_padronizado,catalogo_de_versoes_nao_vendas_nem_telemetria,parcial_com_quarentena,dc5f0b8d125a2ed4f1f2bad2a78f19bed3a818a535603d490bfeff690eea5225
2026,Extra Grande,CAOACHANGAN,AVATR 11,EV,Elétrico,Elétrico,BEV_rotulo_inmetro,E,0.6,497.0,3,https://www.gov.br/inmetro/pt-br/assuntos/regulamentacao/avaliacao-da-conformidade/programa-brasileiro-de-etiquetagem/tabelas-de-eficiencia-energetica/veiculos-automotivos-pbe-veicular/mascara-pbev-2026_19_jan-rev01.pdf/@@download/file,43e928f89a526f7b59013faca3501b2b0716e5a8cdc2e097b8653638aa688ba0,2026-10-01T16:59:19.670019+00:00,km_ensaio_padronizado,catalogo_de_versoes_nao_vendas_nem_telemetria,parcial_com_quarentena,0ea65617a9b42b0c7c4584e79a61fe54741be8485a51c66f1b402894727f37fc
2026,Extra Grande,CAOA CHERY,TIGGO 8,PHEV,1.5T - 16V,Plug-in,PHEV_rotulo_inmetro,G,0.62,70.0,3,https://www.gov.br/inmetro/pt-br/assuntos/regulamentacao/avaliacao-da-conformidade/programa-brasileiro-de-etiquetagem/tabelas-de-eficiencia-energetica/veiculos-automotivos-pbe-veicular/mascara-pbev-2026_19_jan-rev01.pdf/@@download/file,43e928f89a526f7b59013faca3501b2b0716e5a8cdc2e097b8653638aa688ba0,2026-10-01T16:59:19.670019+00:00,km_ensaio_padronizado,catalogo_de_versoes_nao_vendas_nem_telemetria,parcial_com_quarentena,5f538ea2e918a88b18360c2841b9eb0a185111c8111ed3df165776ae4d173662
2026,Extra Grande,CHEVROLET,BLAZER EV,RS,Elétrico,Elétrico,BEV_rotulo_inmetro,E,0.63,481.0,3,https://www.gov.br/inmetro/pt-br/assuntos/regulamentacao/avaliacao-da-conformidade/programa-brasileiro-de-etiquetagem/tabelas-de-eficiencia-energetica/veiculos-automotivos-pbe-veicular/mascara-pbev-2026_19_jan-rev01.pdf/@@download/file,43e928f89a526f7b59013faca3501b2b0716e5a8cdc2e097b8653638aa688ba0,2026-10-01T16:59:19.670019+00:00,km_ensaio_padronizado,catalogo_de_versoes_nao_vendas_nem_telemetria,parcial_com_quarentena,d7a1c3e3405bc11c8fa3726ee5abc501e3b0d122c105229474ef8e9a46f157b9
2026,Extra Grande,CHEVROLET,EQUINOX EV,-,Elétrico,Elétrico,BEV_rotulo_inmetro,E,0.56,443.0,3,https://www.gov.br/inmetro/pt-br/assuntos/regulamentacao/avaliacao-da-conformidade/programa-brasileiro-de-etiquetagem/tabelas-de-eficiencia-energetica/veiculos-automotivos-pbe-veicular/mascara-pbev-2026_19_jan-rev01.pdf/@@download/file,43e928f89a526f7b59013faca3501b2b0716e5a8cdc2e097b8653638aa688ba0,2026-10-01T16:59:19.670019+00:00,km_ensaio_padronizado,catalogo_de_versoes_nao_vendas_nem_telemetria,parcial_com_quarentena,07dcc35614ac11d3b78521450888c5d829ab705a69d5f6c40670fd15e4d80135
2026,Extra Grande,CHEVROLET,CAPTIVA EV,PR,Elétrico,Elétrico,BEV_rotulo_inmetro,E,0.62,304.0,3,https://www.gov.br/inmetro/pt-br/assuntos/regulamentacao/avaliacao-da-conformidade/programa-brasileiro-de-etiquetagem/tabelas-de-eficiencia-energetica/veiculos-automotivos-pbe-veicular/mascara-pbev-2026_19_jan-rev01.pdf/@@download/file,43e928f89a526f7b59013faca3501b2b0716e5a8cdc2e097b8653638aa688ba0,2026-10-01T16:59:19.670019+00:00,km_ensaio_padronizado,catalogo_de_versoes_nao_vendas_nem_telemetria,parcial_com_quarentena,0b080360f1b0fa5f187da7ddb0af1a060074a9023925d8fe50eb7399d31cdbff
2026,Extra Grande,GAC,AION ES,PLUS,Elétrico,Elétrico,BEV_rotulo_inmetro,E,0.45,314.0,3,https://www.gov.br/inmetro/pt-br/assuntos/regulamentacao/avaliacao-da-conformidade/programa-brasileiro-de-etiquetagem/tabelas-de-eficiencia-energetica/veiculos-automotivos-pbe-veicular/mascara-pbev-2026_19_jan-rev01.pdf/@@download/file,43e928f89a526f7b59013faca3501b2b0716e5a8cdc2e097b8653638aa688ba0,2026-10-01T16:59:19.670019+00:00,km_ensaio_padronizado,catalogo_de_versoes_nao_vendas_nem_telemetria,parcial_com_quarentena,6610c7cf31b827bbd77f5746744077fc5d77f15d547de2fbe06671f8b02e0235
2026,Extra Grande,GAC,HYPTEC HT,ELITE,Elétrico,Elétrico,BEV_rotulo_inmetro,E,0.53,431.0,3,https://www.gov.br/inmetro/pt-br/assuntos/regulamentacao/avaliacao-da-conformidade/programa-brasileiro-de-etiquetagem/tabelas-de-eficiencia-energetica/veiculos-automotivos-pbe-veicular/mascara-pbev-2026_19_jan-rev01.pdf/@@download/file,43e928f89a526f7b59013faca3501b2b0716e5a8cdc2e097b8653638aa688ba0,2026-10-01T16:59:19.670019+00:00,km_ensaio_padronizado,catalogo_de_versoes_nao_vendas_nem_telemetria,parcial_com_quarentena,add4278892cc4d0994879b7449930626e8d2bd4b31502100c1bd181f90d464ad
2026,Extra Grande,GAC,HYPTEC HT,ULTRA,Elétrico,Elétrico,BEV_rotulo_inmetro,E,0.53,431.0,3,https://www.gov.br/inmetro/pt-br/assuntos/regulamentacao/avaliacao-da-conformidade/programa-brasileiro-de-etiquetagem/tabelas-de-eficiencia-energetica/veiculos-automotivos-pbe-veicular/mascara-pbev-2026_19_jan-rev01.pdf/@@download/file,43e928f89a526f7b59013faca3501b2b0716e5a8cdc2e097b8653638aa688ba0,2026-10-01T16:59:19.670019+00:00,km_ensaio_padronizado,catalogo_de_versoes_nao_vendas_nem_telemetria,parcial_com_quarentena,204727545658a90ee5459af33284312f22b12f6fc0066f086e98b93aa83434b3
2026,Extra Grande,GAC,AION V,ELITE,Elétrico,Elétrico,BEV_rotulo_inmetro,E,0.54,389.0,3,https://www.gov.br/inmetro/pt-br/assuntos/regulamentacao/avaliacao-da-conformidade/programa-brasileiro-de-etiquetagem/tabelas-de-eficiencia-energetica/veiculos-automotivos-pbe-veicular/mascara-pbev-2026_19_jan-rev01.pdf/@@download/file,43e928f89a526f7b59013faca3501b2b0716e5a8cdc2e097b8653638aa688ba0,2026-10-01T16:59:19.670019+00:00,km_ensaio_padronizado,catalogo_de_versoes_nao_vendas_nem_telemetria,parcial_com_quarentena,82c0ea64537d6c2413f71da849bd6a4876e032f01cc2100d18fa50c7e874819f
2026,Extra Grande,GAC,AION V,PREMIUM,Elétrico,Elétrico,BEV_rotulo_inmetro,E,0.55,325.0,3,https://www.gov.br/inmetro/pt-br/assuntos/regulamentacao/avaliacao-da-conformidade/programa-brasileiro-de-etiquetagem/tabelas-de-eficiencia-energetica/veiculos-automotivos-pbe-veicular/mascara-pbev-2026_19_jan-rev01.pdf/@@download/file,43e928f89a526f7b59013faca3501b2b0716e5a8cdc2e097b8653638aa688ba0,2026-10-01T16:59:19.670019+00:00,km_ensaio_padronizado,catalogo_de_versoes_nao_vendas_nem_telemetria,parcial_com_quarentena,4ec6536bc52a366d12a6d7aa41c13c29b367ce7ac905b8ef8291141147f1f2ec
2026,Extra Grande,Geely,EX5,MAX,Elétrico,Elétrico,BEV_rotulo_inmetro,E,0.51,349.0,3,https://www.gov.br/inmetro/pt-br/assuntos/regulamentacao/avaliacao-da-conformidade/programa-brasileiro-de-etiquetagem/tabelas-de-eficiencia-energetica/veiculos-automotivos-pbe-veicular/mascara-pbev-2026_19_jan-rev01.pdf/@@download/file,43e928f89a526f7b59013faca3501b2b0716e5a8cdc2e097b8653638aa688ba0,2026-10-01T16:59:19.670019+00:00,km_ensaio_padronizado,catalogo_de_versoes_nao_vendas_nem_telemetria,parcial_com_quarentena,bb5c6d5e76ba5a11d4aa8c20d2289554d0242f2ef9aab7a52835a1f2f28b73cb
2026,Extra Grande,Geely,EX5,PRO,Elétrico,Elétrico,BEV_rotulo_inmetro,E,0.42,413.0,3,https://www.gov.br/inmetro/pt-br/assuntos/regulamentacao/avaliacao-da-conformidade/programa-brasileiro-de-etiquetagem/tabelas-de-eficiencia-energetica/veiculos-automotivos-pbe-veicular/mascara-pbev-2026_19_jan-rev01.pdf/@@download/file,43e928f89a526f7b59013faca3501b2b0716e5a8cdc2e097b8653638aa688ba0,2026-10-01T16:59:19.670019+00:00,km_ensaio_padronizado,catalogo_de_versoes_nao_vendas_nem_telemetria,parcial_com_quarentena,b61166c020337163b9ad14c0618161e23978cea9220f54220b2a1ee4b1a6f43b
2026,Extra Grande,Geely,EX5 EM-i,MAX / PRO,1.5-16V,Plug-in,PHEV_rotulo_inmetro,G,0.55,65.0,3,https://www.gov.br/inmetro/pt-br/assuntos/regulamentacao/avaliacao-da-conformidade/programa-brasileiro-de-etiquetagem/tabelas-de-eficiencia-energetica/veiculos-automotivos-pbe-veicular/mascara-pbev-2026_19_jan-rev01.pdf/@@download/file,43e928f89a526f7b59013faca3501b2b0716e5a8cdc2e097b8653638aa688ba0,2026-10-01T16:59:19.670019+00:00,km_ensaio_padronizado,catalogo_de_versoes_nao_vendas_nem_telemetria,parcial_com_quarentena,52cffadee26ece28d21e9f7656cf2998ca75630904e4e45b115bd1c8d2607bde
2026,Extra Grande,Geely,EX5 EM-i,ULTRA,1.5-16V,Plug-in,PHEV_rotulo_inmetro,G,0.59,112.0,3,https://www.gov.br/inmetro/pt-br/assuntos/regulamentacao/avaliacao-da-conformidade/programa-brasileiro-de-etiquetagem/tabelas-de-eficiencia-energetica/veiculos-automotivos-pbe-veicular/mascara-pbev-2026_19_jan-rev01.pdf/@@download/file,43e928f89a526f7b59013faca3501b2b0716e5a8cdc2e097b8653638aa688ba0,2026-10-01T16:59:19.670019+00:00,km_ensaio_padronizado,catalogo_de_versoes_nao_vendas_nem_telemetria,parcial_com_quarentena,30bb248a7dab73a28fc5adb7d3e917333df48be535cb512657ecd6d3c7fe72f6
2026,Extra Grande,HONDA,ACCORD HYBRID,TOURING,2.0 - 16V,Híbrido,HIBRIDO_rotulo_inmetro,G,1.26,,3,https://www.gov.br/inmetro/pt-br/assuntos/regulamentacao/avaliacao-da-conformidade/programa-brasileiro-de-etiquetagem/tabelas-de-eficiencia-energetica/veiculos-automotivos-pbe-veicular/mascara-pbev-2026_19_jan-rev01.pdf/@@download/file,43e928f89a526f7b59013faca3501b2b0716e5a8cdc2e097b8653638aa688ba0,2026-10-01T16:59:19.670019+00:00,km_ensaio_padronizado,catalogo_de_versoes_nao_vendas_nem_telemetria,parcial_com_quarentena,ee7260ff846640659e244dc75640e02dda0c018a9337769219f123279b017cd9
2026,Extra Grande,HONDA,PRELUDE,TOP,2.0 - 16V,Híbrido,HIBRIDO_rotulo_inmetro,G,1.24,,3,https://www.gov.br/inmetro/pt-br/assuntos/regulamentacao/avaliacao-da-conformidade/programa-brasileiro-de-etiquetagem/tabelas-de-eficiencia-energetica/veiculos-automotivos-pbe-veicular/mascara-pbev-2026_19_jan-rev01.pdf/@@download/file,43e928f89a526f7b59013faca3501b2b0716e5a8cdc2e097b8653638aa688ba0,2026-10-01T16:59:19.670019+00:00,km_ensaio_padronizado,catalogo_de_versoes_nao_vendas_nem_telemetria,parcial_com_quarentena,d470c0be8f5d7d0c7bddf95e494eb8a7c819ed74779f564a0353e1f5461d9ec5
2026,Extra Grande,HONDA,PRELUDE,SP,2.0 - 16V,Híbrido,HIBRIDO_rotulo_inmetro,G,1.24,,3,https://www.gov.br/inmetro/pt-br/assuntos/regulamentacao/avaliacao-da-conformidade/programa-brasileiro-de-etiquetagem/tabelas-de-eficiencia-energetica/veiculos-automotivos-pbe-veicular/mascara-pbev-2026_19_jan-rev01.pdf/@@download/file,43e928f89a526f7b59013faca3501b2b0716e5a8cdc2e097b8653638aa688ba0,2026-10-01T16:59:19.670019+00:00,km_ensaio_padronizado,catalogo_de_versoes_nao_vendas_nem_telemetria,parcial_com_quarentena,e3984aca1e7b54f94616b75c1d3c8df3827c65ea3b79276536b5deef35c75795
2026,Extra Grande,Hyundai,IONIQ 5,Platinum,Elétrico,Elétrico,BEV_rotulo_inmetro,E,0.66,374.0,3,https://www.gov.br/inmetro/pt-br/assuntos/regulamentacao/avaliacao-da-conformidade/programa-brasileiro-de-etiquetagem/tabelas-de-eficiencia-energetica/veiculos-automotivos-pbe-veicular/mascara-pbev-2026_19_jan-rev01.pdf/@@download/file,43e928f89a526f7b59013faca3501b2b0716e5a8cdc2e097b8653638aa688ba0,2026-10-01T16:59:19.670019+00:00,km_ensaio_padronizado,catalogo_de_versoes_nao_vendas_nem_telemetria,parcial_com_quarentena,b7b6725fa2bac402bb44eb20cfb44b6cc79a0895066b0d3d2a3a45138f4b44ce
2026,Extra Grande,Hyundai,IONIQ 5,Ultimate,Elétrico,Elétrico,BEV_rotulo_inmetro,E,0.66,374.0,3,https://www.gov.br/inmetro/pt-br/assuntos/regulamentacao/avaliacao-da-conformidade/programa-brasileiro-de-etiquetagem/tabelas-de-eficiencia-energetica/veiculos-automotivos-pbe-veicular/mascara-pbev-2026_19_jan-rev01.pdf/@@download/file,43e928f89a526f7b59013faca3501b2b0716e5a8cdc2e097b8653638aa688ba0,2026-10-01T16:59:19.670019+00:00,km_ensaio_padronizado,catalogo_de_versoes_nao_vendas_nem_telemetria,parcial_com_quarentena,eb6dec365a3b60c183f160d7404b5779a132aa1129a7a58d607c5b5c1ca65a9b
2026,Extra Grande,Hyundai,IONIQ 5,Signature,Elétrico,Elétrico,BEV_rotulo_inmetro,E,0.66,374.0,3,https://www.gov.br/inmetro/pt-br/assuntos/regulamentacao/avaliacao-da-conformidade/programa-brasileiro-de-etiquetagem/tabelas-de-eficiencia-energetica/veiculos-automotivos-pbe-veicular/mascara-pbev-2026_19_jan-rev01.pdf/@@download/file,43e928f89a526f7b59013faca3501b2b0716e5a8cdc2e097b8653638aa688ba0,2026-10-01T16:59:19.670019+00:00,km_ensaio_padronizado,catalogo_de_versoes_nao_vendas_nem_telemetria,parcial_com_quarentena,6b491da0ee65f162adc401a1608debe9cce84553482d0a292fe299bda73c47d9
2026,Extra Grande,JAC,e-J7,e-J7,Elétrico,Elétrico,BEV_rotulo_inmetro,E,0.5,263.0,3,https://www.gov.br/inmetro/pt-br/assuntos/regulamentacao/avaliacao-da-conformidade/programa-brasileiro-de-etiquetagem/tabelas-de-eficiencia-energetica/veiculos-automotivos-pbe-veicular/mascara-pbev-2026_19_jan-rev01.pdf/@@download/file,43e928f89a526f7b59013faca3501b2b0716e5a8cdc2e097b8653638aa688ba0,2026-10-01T16:59:19.670019+00:00,km_ensaio_padronizado,catalogo_de_versoes_nao_vendas_nem_telemetria,parcial_com_quarentena,5a83542f7974ce3bdef8127c1455649beca2790d515a49838e6d7f0ddade2e89
2026,Extra Grande,JETOUR,S06 DM,ADVANCE,1.5-16V,Plug-in,PHEV_rotulo_inmetro,G,0.62,70.0,3,https://www.gov.br/inmetro/pt-br/assuntos/regulamentacao/avaliacao-da-conformidade/programa-brasileiro-de-etiquetagem/tabelas-de-eficiencia-energetica/veiculos-automotivos-pbe-veicular/mascara-pbev-2026_19_jan-rev01.pdf/@@download/file,43e928f89a526f7b59013faca3501b2b0716e5a8cdc2e097b8653638aa688ba0,2026-10-01T16:59:19.670019+00:00,km_ensaio_padronizado,catalogo_de_versoes_nao_vendas_nem_telemetria,parcial_com_quarentena,a41f62613842bba8ccbf4700176a28c7f5878bc515479fe6d5d73e6887b3d395
2026,Extra Grande,JETOUR,S06 DM,PREMIUM,1.5-16V,Plug-in,PHEV_rotulo_inmetro,G,0.62,70.0,3,https://www.gov.br/inmetro/pt-br/assuntos/regulamentacao/avaliacao-da-conformidade/programa-brasileiro-de-etiquetagem/tabelas-de-eficiencia-energetica/veiculos-automotivos-pbe-veicular/mascara-pbev-2026_19_jan-rev01.pdf/@@download/file,43e928f89a526f7b59013faca3501b2b0716e5a8cdc2e097b8653638aa688ba0,2026-10-01T16:59:19.670019+00:00,km_ensaio_padronizado,catalogo_de_versoes_nao_vendas_nem_telemetria,parcial_com_quarentena,d5d9d67a50951deff72a41e11a369a5ba9ec2729f85c81f190e304e8c6ff2f62
2026,Extra Grande,KIA,EV5 2WD,AIR 2WD,ELÉTRICO,Elétrico,BEV_rotulo_inmetro,E,0.6,402.0,3,https://www.gov.br/inmetro/pt-br/assuntos/regulamentacao/avaliacao-da-conformidade/programa-brasileiro-de-etiquetagem/tabelas-de-eficiencia-energetica/veiculos-automotivos-pbe-veicular/mascara-pbev-2026_19_jan-rev01.pdf/@@download/file,43e928f89a526f7b59013faca3501b2b0716e5a8cdc2e097b8653638aa688ba0,2026-10-01T16:59:19.670019+00:00,km_ensaio_padronizado,catalogo_de_versoes_nao_vendas_nem_telemetria,parcial_com_quarentena,4ad359769a1d999625ff24a8caed421bfa67d2cc15654a09c2a23c37b02676ee
2026,Extra Grande,KIA,EV5 2WD,LAND 2WD,ELÉTRICO,Elétrico,BEV_rotulo_inmetro,E,0.6,402.0,3,https://www.gov.br/inmetro/pt-br/assuntos/regulamentacao/avaliacao-da-conformidade/programa-brasileiro-de-etiquetagem/tabelas-de-eficiencia-energetica/veiculos-automotivos-pbe-veicular/mascara-pbev-2026_19_jan-rev01.pdf/@@download/file,43e928f89a526f7b59013faca3501b2b0716e5a8cdc2e097b8653638aa688ba0,2026-10-01T16:59:19.670019+00:00,km_ensaio_padronizado,catalogo_de_versoes_nao_vendas_nem_telemetria,parcial_com_quarentena,570a11970b3b7419aacbf14e7d88aff4b068faead4a59d6a166dcc67bba2fcd6
2026,Extra Grande,LEAPMOTOR,C10,REEV,1.5ELle -tr i1c6oV/,Plug-In,PHEV_rotulo_inmetro,G,0.65,111.0,4,https://www.gov.br/inmetro/pt-br/assuntos/regulamentacao/avaliacao-da-conformidade/programa-brasileiro-de-etiquetagem/tabelas-de-eficiencia-energetica/veiculos-automotivos-pbe-veicular/mascara-pbev-2026_19_jan-rev01.pdf/@@download/file,43e928f89a526f7b59013faca3501b2b0716e5a8cdc2e097b8653638aa688ba0,2026-10-01T16:59:19.670019+00:00,km_ensaio_padronizado,catalogo_de_versoes_nao_vendas_nem_telemetria,parcial_com_quarentena,f5132953768053bb50a8065a3ceb991158b0c1fe3dfb1747f3f63b33dd8e526f
2026,Extra Grande,LEAPMOTOR,C10,Design,ELÉTRICO,Elétrico,BEV_rotulo_inmetro,E,0.61,338.0,4,https://www.gov.br/inmetro/pt-br/assuntos/regulamentacao/avaliacao-da-conformidade/programa-brasileiro-de-etiquetagem/tabelas-de-eficiencia-energetica/veiculos-automotivos-pbe-veicular/mascara-pbev-2026_19_jan-rev01.pdf/@@download/file,43e928f89a526f7b59013faca3501b2b0716e5a8cdc2e097b8653638aa688ba0,2026-10-01T16:59:19.670019+00:00,km_ensaio_padronizado,catalogo_de_versoes_nao_vendas_nem_telemetria,parcial_com_quarentena,fa8589371adc910ab4b1ff6c0b914a65825e99d48302bc15a092f2d00973867f
2026,Extra Grande,LEAPMOTOR,B10,LIFE,ELÉTRICO,Elétrico,BEV_rotulo_inmetro,E,0.55,288.0,4,https://www.gov.br/inmetro/pt-br/assuntos/regulamentacao/avaliacao-da-conformidade/programa-brasileiro-de-etiquetagem/tabelas-de-eficiencia-energetica/veiculos-automotivos-pbe-veicular/mascara-pbev-2026_19_jan-rev01.pdf/@@download/file,43e928f89a526f7b59013faca3501b2b0716e5a8cdc2e097b8653638aa688ba0,2026-10-01T16:59:19.670019+00:00,km_ensaio_padronizado,catalogo_de_versoes_nao_vendas_nem_telemetria,parcial_com_quarentena,76e958d6fed36a1201e963698fecb2c3c521d8b321c9c5c4db788e3cabc5e1be
2026,Extra Grande,LEXUS,NX350H,DYNAMIC,2.5 - 16V,Híbrido,HIBRIDO_rotulo_inmetro,G,1.43,,4,https://www.gov.br/inmetro/pt-br/assuntos/regulamentacao/avaliacao-da-conformidade/programa-brasileiro-de-etiquetagem/tabelas-de-eficiencia-energetica/veiculos-automotivos-pbe-veicular/mascara-pbev-2026_19_jan-rev01.pdf/@@download/file,43e928f89a526f7b59013faca3501b2b0716e5a8cdc2e097b8653638aa688ba0,2026-10-01T16:59:19.670019+00:00,km_ensaio_padronizado,catalogo_de_versoes_nao_vendas_nem_telemetria,parcial_com_quarentena,1f6eca50cd42c02725b0cf51569b4f44858ce79c266eaa052c16f40e502fe600
2026,Extra Grande,LEXUS,NX350H,F-SPORT,2.5 - 16V,Híbrido,HIBRIDO_rotulo_inmetro,G,1.43,,4,https://www.gov.br/inmetro/pt-br/assuntos/regulamentacao/avaliacao-da-conformidade/programa-brasileiro-de-etiquetagem/tabelas-de-eficiencia-energetica/veiculos-automotivos-pbe-veicular/mascara-pbev-2026_19_jan-rev01.pdf/@@download/file,43e928f89a526f7b59013faca3501b2b0716e5a8cdc2e097b8653638aa688ba0,2026-10-01T16:59:19.670019+00:00,km_ensaio_padronizado,catalogo_de_versoes_nao_vendas_nem_telemetria,parcial_com_quarentena,54e941909289e6714f535100c5c34962bcb33de4b4dfe7165c144da1584c4f3f
2026,Extra Grande,LEXUS,NX350H,LUXURY,2.5 - 16V,Híbrido,HIBRIDO_rotulo_inmetro,G,1.43,,4,https://www.gov.br/inmetro/pt-br/assuntos/regulamentacao/avaliacao-da-conformidade/programa-brasileiro-de-etiquetagem/tabelas-de-eficiencia-energetica/veiculos-automotivos-pbe-veicular/mascara-pbev-2026_19_jan-rev01.pdf/@@download/file,43e928f89a526f7b59013faca3501b2b0716e5a8cdc2e097b8653638aa688ba0,2026-10-01T16:59:19.670019+00:00,km_ensaio_padronizado,catalogo_de_versoes_nao_vendas_nem_telemetria,parcial_com_quarentena,6845563b06b4b68cdc96e8b953a2693039ac49326767ec781e7c126c9134418c
2026,Extra Grande,LEXUS,NX 450H PLUG-IN,NX450H PLUG-IN,2.5 - 16V,Plug-in,PHEV_rotulo_inmetro,G,0.61,56.0,4,https://www.gov.br/inmetro/pt-br/assuntos/regulamentacao/avaliacao-da-conformidade/programa-brasileiro-de-etiquetagem/tabelas-de-eficiencia-energetica/veiculos-automotivos-pbe-veicular/mascara-pbev-2026_19_jan-rev01.pdf/@@download/file,43e928f89a526f7b59013faca3501b2b0716e5a8cdc2e097b8653638aa688ba0,2026-10-01T16:59:19.670019+00:00,km_ensaio_padronizado,catalogo_de_versoes_nao_vendas_nem_telemetria,parcial_com_quarentena,d79215c2e5d0b9e7368823e9fc4d7467b9c5125d9ca9fce3d3fe6347b7320a34
2026,Extra Grande,LEXUS,RX500H,F-SPORT,2.4 - 16V,Híbrido,HIBRIDO_rotulo_inmetro,G,2.0,,4,https://www.gov.br/inmetro/pt-br/assuntos/regulamentacao/avaliacao-da-conformidade/programa-brasileiro-de-etiquetagem/tabelas-de-eficiencia-energetica/veiculos-automotivos-pbe-veicular/mascara-pbev-2026_19_jan-rev01.pdf/@@download/file,43e928f89a526f7b59013faca3501b2b0716e5a8cdc2e097b8653638aa688ba0,2026-10-01T16:59:19.670019+00:00,km_ensaio_padronizado,catalogo_de_versoes_nao_vendas_nem_telemetria,parcial_com_quarentena,1ff67619361683f8e8dc8a1bfc94db3617457cdd67e6cca01407db7841ce209c
2026,Extra Grande,LEXUS,RX450H PLUG-IN,I/LEXUS RX450H PLUG-IN,2.5-16V,Plug-in,PHEV_rotulo_inmetro,G,0.64,54.0,4,https://www.gov.br/inmetro/pt-br/assuntos/regulamentacao/avaliacao-da-conformidade/programa-brasileiro-de-etiquetagem/tabelas-de-eficiencia-energetica/veiculos-automotivos-pbe-veicular/mascara-pbev-2026_19_jan-rev01.pdf/@@download/file,43e928f89a526f7b59013faca3501b2b0716e5a8cdc2e097b8653638aa688ba0,2026-10-01T16:59:19.670019+00:00,km_ensaio_padronizado,catalogo_de_versoes_nao_vendas_nem_telemetria,parcial_com_quarentena,0ebac034a1084819ff2318ab2b7853d308aca110d70d615ddc2f36aac18695cd
2026,Extra Grande,LEXUS,RZ,500e,Elétrico,Elétrico,BEV_rotulo_inmetro,E,0.57,357.0,4,https://www.gov.br/inmetro/pt-br/assuntos/regulamentacao/avaliacao-da-conformidade/programa-brasileiro-de-etiquetagem/tabelas-de-eficiencia-energetica/veiculos-automotivos-pbe-veicular/mascara-pbev-2026_19_jan-rev01.pdf/@@download/file,43e928f89a526f7b59013faca3501b2b0716e5a8cdc2e097b8653638aa688ba0,2026-10-01T16:59:19.670019+00:00,km_ensaio_padronizado,catalogo_de_versoes_nao_vendas_nem_telemetria,parcial_com_quarentena,75ba926a8726c7b45b307c198687aa2fd54662bdd8aba231c0aa7fb31305235c
2026,Extra Grande,Mercedes-Benz,CLA200,AMG LINE,1.3-16V,Híbrido,HIBRIDO_rotulo_inmetro,G,1.68,,4,https://www.gov.br/inmetro/pt-br/assuntos/regulamentacao/avaliacao-da-conformidade/programa-brasileiro-de-etiquetagem/tabelas-de-eficiencia-energetica/veiculos-automotivos-pbe-veicular/mascara-pbev-2026_19_jan-rev01.pdf/@@download/file,43e928f89a526f7b59013faca3501b2b0716e5a8cdc2e097b8653638aa688ba0,2026-10-01T16:59:19.670019+00:00,km_ensaio_padronizado,catalogo_de_versoes_nao_vendas_nem_telemetria,parcial_com_quarentena,fdbce2cedfd8aa2fb54c8720b209687bd20e6b0aadf8fdc8e1441f3e122ced2c
2026,Extra Grande,Mercedes-Benz,CLA200,PROGRESSIVE,1.3-16V,Híbrido,HIBRIDO_rotulo_inmetro,G,1.68,,4,https://www.gov.br/inmetro/pt-br/assuntos/regulamentacao/avaliacao-da-conformidade/programa-brasileiro-de-etiquetagem/tabelas-de-eficiencia-energetica/veiculos-automotivos-pbe-veicular/mascara-pbev-2026_19_jan-rev01.pdf/@@download/file,43e928f89a526f7b59013faca3501b2b0716e5a8cdc2e097b8653638aa688ba0,2026-10-01T16:59:19.670019+00:00,km_ensaio_padronizado,catalogo_de_versoes_nao_vendas_nem_telemetria,parcial_com_quarentena,a02b45ade5937c37676ac1ce5f7cf2b8ccbb80ca5b70224fe6377e50081dffbe
2026,Extra Grande,Mercedes-Benz,AMG CLA35 4M,,2.0-16V,Híbrido,HIBRIDO_rotulo_inmetro,G,2.35,,4,https://www.gov.br/inmetro/pt-br/assuntos/regulamentacao/avaliacao-da-conformidade/programa-brasileiro-de-etiquetagem/tabelas-de-eficiencia-energetica/veiculos-automotivos-pbe-veicular/mascara-pbev-2026_19_jan-rev01.pdf/@@download/file,43e928f89a526f7b59013faca3501b2b0716e5a8cdc2e097b8653638aa688ba0,2026-10-01T16:59:19.670019+00:00,km_ensaio_padronizado,catalogo_de_versoes_nao_vendas_nem_telemetria,parcial_com_quarentena,86fb428ebfd0d134a4ec49126a6321c5e8e2f326bc07df2068a3ef5332b9363b
2026,Extra Grande,Mercedes-Benz,C200,AMG LINE,1.5-16V,Híbrido,HIBRIDO_rotulo_inmetro,G,1.74,,4,https://www.gov.br/inmetro/pt-br/assuntos/regulamentacao/avaliacao-da-conformidade/programa-brasileiro-de-etiquetagem/tabelas-de-eficiencia-energetica/veiculos-automotivos-pbe-veicular/mascara-pbev-2026_19_jan-rev01.pdf/@@download/file,43e928f89a526f7b59013faca3501b2b0716e5a8cdc2e097b8653638aa688ba0,2026-10-01T16:59:19.670019+00:00,km_ensaio_padronizado,catalogo_de_versoes_nao_vendas_nem_telemetria,parcial_com_quarentena,780a8d9f4c877f4d61f4acc40b249ebb0a71df6a0726de67f0e2c8d7ad0e53ec
2026,Extra Grande,Mercedes-Benz,C300,AMG LINE,2.0-16V,Híbrido,HIBRIDO_rotulo_inmetro,G,1.84,,4,https://www.gov.br/inmetro/pt-br/assuntos/regulamentacao/avaliacao-da-conformidade/programa-brasileiro-de-etiquetagem/tabelas-de-eficiencia-energetica/veiculos-automotivos-pbe-veicular/mascara-pbev-2026_19_jan-rev01.pdf/@@download/file,43e928f89a526f7b59013faca3501b2b0716e5a8cdc2e097b8653638aa688ba0,2026-10-01T16:59:19.670019+00:00,km_ensaio_padronizado,catalogo_de_versoes_nao_vendas_nem_telemetria,parcial_com_quarentena,d5df2f4857b6c7936df3bc5e17f332c5e0c838806a7fe0e7385d23e715f17e2e
2026,Extra Grande,Mercedes-Benz,AMG C63S EP,F1,2.0-16V,Plug-in,PHEV_rotulo_inmetro,G,1.81,9.0,4,https://www.gov.br/inmetro/pt-br/assuntos/regulamentacao/avaliacao-da-conformidade/programa-brasileiro-de-etiquetagem/tabelas-de-eficiencia-energetica/veiculos-automotivos-pbe-veicular/mascara-pbev-2026_19_jan-rev01.pdf/@@download/file,43e928f89a526f7b59013faca3501b2b0716e5a8cdc2e097b8653638aa688ba0,2026-10-01T16:59:19.670019+00:00,km_ensaio_padronizado,catalogo_de_versoes_nao_vendas_nem_telemetria,parcial_com_quarentena,1cfd72e686c78f90a77db5edea4680e84288709cbc85be0dacc24223efb5c22e
2026,Extra Grande,Mercedes-Benz,AMG C63S EP,,2.0-16V,Plug-in,PHEV_rotulo_inmetro,G,1.81,9.0,4,https://www.gov.br/inmetro/pt-br/assuntos/regulamentacao/avaliacao-da-conformidade/programa-brasileiro-de-etiquetagem/tabelas-de-eficiencia-energetica/veiculos-automotivos-pbe-veicular/mascara-pbev-2026_19_jan-rev01.pdf/@@download/file,43e928f89a526f7b59013faca3501b2b0716e5a8cdc2e097b8653638aa688ba0,2026-10-01T16:59:19.670019+00:00,km_ensaio_padronizado,catalogo_de_versoes_nao_vendas_nem_telemetria,parcial_com_quarentena,5b5022c1b29f3a1c115ee94fc920790c16e3c36ecc18ef40d2a6789af8bf16f0
2026,Extra Grande,Mercedes-Benz,E300,EXCLUSIVE,2.0-16V,Híbrido,HIBRIDO_rotulo_inmetro,G,1.99,,4,https://www.gov.br/inmetro/pt-br/assuntos/regulamentacao/avaliacao-da-conformidade/programa-brasileiro-de-etiquetagem/tabelas-de-eficiencia-energetica/veiculos-automotivos-pbe-veicular/mascara-pbev-2026_19_jan-rev01.pdf/@@download/file,43e928f89a526f7b59013faca3501b2b0716e5a8cdc2e097b8653638aa688ba0,2026-10-01T16:59:19.670019+00:00,km_ensaio_padronizado,catalogo_de_versoes_nao_vendas_nem_telemetria,parcial_com_quarentena,762acb5300df306f515370a4ab727db96313afc01c1a71d1e740d3a7d2fb0047
2026,Extra Grande,Mercedes-Benz,AMG S63 EP,,4.0-32V,Plug-in,PHEV_rotulo_inmetro,G,1.18,25.0,4,https://www.gov.br/inmetro/pt-br/assuntos/regulamentacao/avaliacao-da-conformidade/programa-brasileiro-de-etiquetagem/tabelas-de-eficiencia-energetica/veiculos-automotivos-pbe-veicular/mascara-pbev-2026_19_jan-rev01.pdf/@@download/file,43e928f89a526f7b59013faca3501b2b0716e5a8cdc2e097b8653638aa688ba0,2026-10-01T16:59:19.670019+00:00,km_ensaio_padronizado,catalogo_de_versoes_nao_vendas_nem_telemetria,parcial_com_quarentena,6ba1480c329e340579cd83a536d95cf34507108245af70a29ee0298a5a57208c
2026,Extra Grande,Mercedes-Benz,GLB220 4M,AMG LINE,2.0-16V,Híbrido,HIBRIDO_rotulo_inmetro,G,1.91,,4,https://www.gov.br/inmetro/pt-br/assuntos/regulamentacao/avaliacao-da-conformidade/programa-brasileiro-de-etiquetagem/tabelas-de-eficiencia-energetica/veiculos-automotivos-pbe-veicular/mascara-pbev-2026_19_jan-rev01.pdf/@@download/file,43e928f89a526f7b59013faca3501b2b0716e5a8cdc2e097b8653638aa688ba0,2026-10-01T16:59:19.670019+00:00,km_ensaio_padronizado,catalogo_de_versoes_nao_vendas_nem_telemetria,parcial_com_quarentena,25819be96b8560e8a7405721441c8a7490c4da138ea12855ea373cbbf8d69ebc
2026,Extra Grande,Mercedes-Benz,GLB220 4M,PROGRESSIVE,2.0-16V,Híbrido,HIBRIDO_rotulo_inmetro,G,1.91,,4,https://www.gov.br/inmetro/pt-br/assuntos/regulamentacao/avaliacao-da-conformidade/programa-brasileiro-de-etiquetagem/tabelas-de-eficiencia-energetica/veiculos-automotivos-pbe-veicular/mascara-pbev-2026_19_jan-rev01.pdf/@@download/file,43e928f89a526f7b59013faca3501b2b0716e5a8cdc2e097b8653638aa688ba0,2026-10-01T16:59:19.670019+00:00,km_ensaio_padronizado,catalogo_de_versoes_nao_vendas_nem_telemetria,parcial_com_quarentena,1d372db1f1a527cba5ee30a58f0e4c986a98435a1526dce2368d6e093c04a97f
2026,Extra Grande,Mercedes-Benz,AMG GLB35 4M,,2.0-16V,Híbrido,HIBRIDO_rotulo_inmetro,G,2.46,,4,https://www.gov.br/inmetro/pt-br/assuntos/regulamentacao/avaliacao-da-conformidade/programa-brasileiro-de-etiquetagem/tabelas-de-eficiencia-energetica/veiculos-automotivos-pbe-veicular/mascara-pbev-2026_19_jan-rev01.pdf/@@download/file,43e928f89a526f7b59013faca3501b2b0716e5a8cdc2e097b8653638aa688ba0,2026-10-01T16:59:19.670019+00:00,km_ensaio_padronizado,catalogo_de_versoes_nao_vendas_nem_telemetria,parcial_com_quarentena,5067087f4ba5ae33a44aacd090ba9c4aedde502190890224f86367329e2fb5cb
2026,Extra Grande,Mercedes-Benz,AMG GLC43,CO,2.0-16V,Híbrido,HIBRIDO_rotulo_inmetro,G,2.79,,4,https://www.gov.br/inmetro/pt-br/assuntos/regulamentacao/avaliacao-da-conformidade/programa-brasileiro-de-etiquetagem/tabelas-de-eficiencia-energetica/veiculos-automotivos-pbe-veicular/mascara-pbev-2026_19_jan-rev01.pdf/@@download/file,43e928f89a526f7b59013faca3501b2b0716e5a8cdc2e097b8653638aa688ba0,2026-10-01T16:59:19.670019+00:00,km_ensaio_padronizado,catalogo_de_versoes_nao_vendas_nem_telemetria,parcial_com_quarentena,55dd8d10c3541692e78480a97a67d1cfaa6b54a5f61dc1c900bb62b80bf74e91
2026,Extra Grande,Mercedes-Benz,AMG GLC63S EP,,2.0-16V,Plug-in,PHEV_rotulo_inmetro,G,2.98,18.0,4,https://www.gov.br/inmetro/pt-br/assuntos/regulamentacao/avaliacao-da-conformidade/programa-brasileiro-de-etiquetagem/tabelas-de-eficiencia-energetica/veiculos-automotivos-pbe-veicular/mascara-pbev-2026_19_jan-rev01.pdf/@@download/file,43e928f89a526f7b59013faca3501b2b0716e5a8cdc2e097b8653638aa688ba0,2026-10-01T16:59:19.670019+00:00,km_ensaio_padronizado,catalogo_de_versoes_nao_vendas_nem_telemetria,parcial_com_quarentena,766f9be9be818f9abcc42866dac9779690a5fe7c49583645a66a2a2950f9e4f0
2026,Extra Grande,Mercedes-Benz,AMG GLE53 4M,,3.0-24V,Híbrido,HIBRIDO_rotulo_inmetro,G,2.81,,4,https://www.gov.br/inmetro/pt-br/assuntos/regulamentacao/avaliacao-da-conformidade/programa-brasileiro-de-etiquetagem/tabelas-de-eficiencia-energetica/veiculos-automotivos-pbe-veicular/mascara-pbev-2026_19_jan-rev01.pdf/@@download/file,43e928f89a526f7b59013faca3501b2b0716e5a8cdc2e097b8653638aa688ba0,2026-10-01T16:59:19.670019+00:00,km_ensaio_padronizado,catalogo_de_versoes_nao_vendas_nem_telemetria,parcial_com_quarentena,61541c0f3eecc693a7668d9afb23d3b1164f23ffe1ec63f6b3e24e8877d08565
2026,Extra Grande,Mercedes-Benz,AMG GLE63 S CO,Coupé,4.0-32V,Híbrido,HIBRIDO_rotulo_inmetro,G,3.48,,4,https://www.gov.br/inmetro/pt-br/assuntos/regulamentacao/avaliacao-da-conformidade/programa-brasileiro-de-etiquetagem/tabelas-de-eficiencia-energetica/veiculos-automotivos-pbe-veicular/mascara-pbev-2026_19_jan-rev01.pdf/@@download/file,43e928f89a526f7b59013faca3501b2b0716e5a8cdc2e097b8653638aa688ba0,2026-10-01T16:59:19.670019+00:00,km_ensaio_padronizado,catalogo_de_versoes_nao_vendas_nem_telemetria,parcial_com_quarentena,da25cde6c49563df7f46d3cae5e740dc02e69eb5a1fe726438910cd12661c2e0
2026,Extra Grande,Mercedes-Benz,GLS450 4M,AMG L,3.0-24V,Híbrido,HIBRIDO_rotulo_inmetro,G,2.75,,4,https://www.gov.br/inmetro/pt-br/assuntos/regulamentacao/avaliacao-da-conformidade/programa-brasileiro-de-etiquetagem/tabelas-de-eficiencia-energetica/veiculos-automotivos-pbe-veicular/mascara-pbev-2026_19_jan-rev01.pdf/@@download/file,43e928f89a526f7b59013faca3501b2b0716e5a8cdc2e097b8653638aa688ba0,2026-10-01T16:59:19.670019+00:00,km_ensaio_padronizado,catalogo_de_versoes_nao_vendas_nem_telemetria,parcial_com_quarentena,f175e9eae3aa28be514bfed961315ecda2e1c01644e3af084e4db91f2c38803f
2026,Extra Grande,Mercedes-Benz,EQB250+,,Elétrico,Elétrico,BEV_rotulo_inmetro,E,0.53,376.0,4,https://www.gov.br/inmetro/pt-br/assuntos/regulamentacao/avaliacao-da-conformidade/programa-brasileiro-de-etiquetagem/tabelas-de-eficiencia-energetica/veiculos-automotivos-pbe-veicular/mascara-pbev-2026_19_jan-rev01.pdf/@@download/file,43e928f89a526f7b59013faca3501b2b0716e5a8cdc2e097b8653638aa688ba0,2026-10-01T16:59:19.670019+00:00,km_ensaio_padronizado,catalogo_de_versoes_nao_vendas_nem_telemetria,parcial_com_quarentena,1f44d4efa8af0813acb397c6666f07cc2aae9460ef36b9ff5efec1fa94147a2d
2026,Extra Grande,Mercedes-Benz,AMG GLC43,,2.0-16V,Híbrido,HIBRIDO_rotulo_inmetro,G,2.98,,4,https://www.gov.br/inmetro/pt-br/assuntos/regulamentacao/avaliacao-da-conformidade/programa-brasileiro-de-etiquetagem/tabelas-de-eficiencia-energetica/veiculos-automotivos-pbe-veicular/mascara-pbev-2026_19_jan-rev01.pdf/@@download/file,43e928f89a526f7b59013faca3501b2b0716e5a8cdc2e097b8653638aa688ba0,2026-10-01T16:59:19.670019+00:00,km_ensaio_padronizado,catalogo_de_versoes_nao_vendas_nem_telemetria,parcial_com_quarentena,69a59493272310920b639157ce9b39d6dbd388d9195f7c49bba666c5ef570731
2026,Extra Grande,Mercedes-Benz,AMG GLC43,,2.0-16V,Híbrido,HIBRIDO_rotulo_inmetro,G,2.79,,4,https://www.gov.br/inmetro/pt-br/assuntos/regulamentacao/avaliacao-da-conformidade/programa-brasileiro-de-etiquetagem/tabelas-de-eficiencia-energetica/veiculos-automotivos-pbe-veicular/mascara-pbev-2026_19_jan-rev01.pdf/@@download/file,43e928f89a526f7b59013faca3501b2b0716e5a8cdc2e097b8653638aa688ba0,2026-10-01T16:59:19.670019+00:00,km_ensaio_padronizado,catalogo_de_versoes_nao_vendas_nem_telemetria,parcial_com_quarentena,ae7ce15defff15fdd161f3256d8afb0b814630637eb618920192775e5d50f998
2026,Extra Grande,Mercedes-Benz,E300,EXCLUSIVE,2.0-16V,Híbrido,HIBRIDO_rotulo_inmetro,G,2.05,,4,https://www.gov.br/inmetro/pt-br/assuntos/regulamentacao/avaliacao-da-conformidade/programa-brasileiro-de-etiquetagem/tabelas-de-eficiencia-energetica/veiculos-automotivos-pbe-veicular/mascara-pbev-2026_19_jan-rev01.pdf/@@download/file,43e928f89a526f7b59013faca3501b2b0716e5a8cdc2e097b8653638aa688ba0,2026-10-01T16:59:19.670019+00:00,km_ensaio_padronizado,catalogo_de_versoes_nao_vendas_nem_telemetria,parcial_com_quarentena,44d4e42eb69798bb81ebc5d4287a0702775f0aa9231970519add2141aa62bc27
2026,Extra Grande,Mercedes-Benz,GLB250,EV AMGL,Elétrico,Elétrico,BEV_rotulo_inmetro,E,0.57,427.0,4,https://www.gov.br/inmetro/pt-br/assuntos/regulamentacao/avaliacao-da-conformidade/programa-brasileiro-de-etiquetagem/tabelas-de-eficiencia-energetica/veiculos-automotivos-pbe-veicular/mascara-pbev-2026_19_jan-rev01.pdf/@@download/file,43e928f89a526f7b59013faca3501b2b0716e5a8cdc2e097b8653638aa688ba0,2026-10-01T16:59:19.670019+00:00,km_ensaio_padronizado,catalogo_de_versoes_nao_vendas_nem_telemetria,parcial_com_quarentena,fb1e8e78e786add65096b1d6631e3828d810e43a525cc51e6188c99e869091a7
2026,Extra Grande,Mitsubishi,Outlander,HPE-S E,2.4-16V,Plug-in,PHEV_rotulo_inmetro,G,0.77,58.0,4,https://www.gov.br/inmetro/pt-br/assuntos/regulamentacao/avaliacao-da-conformidade/programa-brasileiro-de-etiquetagem/tabelas-de-eficiencia-energetica/veiculos-automotivos-pbe-veicular/mascara-pbev-2026_19_jan-rev01.pdf/@@download/file,43e928f89a526f7b59013faca3501b2b0716e5a8cdc2e097b8653638aa688ba0,2026-10-01T16:59:19.670019+00:00,km_ensaio_padronizado,catalogo_de_versoes_nao_vendas_nem_telemetria,parcial_com_quarentena,4d70d41107f6c0f4af651a8dbb09c1a93854c20f342defaa6d13031c346c535b
2026,Extra Grande,Mitsubishi,Outlander,SIGNATURE E,2.4-16V,Plug-in,PHEV_rotulo_inmetro,G,0.77,58.0,4,https://www.gov.br/inmetro/pt-br/assuntos/regulamentacao/avaliacao-da-conformidade/programa-brasileiro-de-etiquetagem/tabelas-de-eficiencia-energetica/veiculos-automotivos-pbe-veicular/mascara-pbev-2026_19_jan-rev01.pdf/@@download/file,43e928f89a526f7b59013faca3501b2b0716e5a8cdc2e097b8653638aa688ba0,2026-10-01T16:59:19.670019+00:00,km_ensaio_padronizado,catalogo_de_versoes_nao_vendas_nem_telemetria,parcial_com_quarentena,97482b177817d92d90d1e18fe26d2673f6b72ad65f81edb9ded5f83a62824a59
2026,Extra Grande,OMODA,7,PHEV LUXURY,1.5-16V,Plug-in,PHEV_rotulo_inmetro,G,0.66,60.0,4,https://www.gov.br/inmetro/pt-br/assuntos/regulamentacao/avaliacao-da-conformidade/programa-brasileiro-de-etiquetagem/tabelas-de-eficiencia-energetica/veiculos-automotivos-pbe-veicular/mascara-pbev-2026_19_jan-rev01.pdf/@@download/file,43e928f89a526f7b59013faca3501b2b0716e5a8cdc2e097b8653638aa688ba0,2026-10-01T16:59:19.670019+00:00,km_ensaio_padronizado,catalogo_de_versoes_nao_vendas_nem_telemetria,parcial_com_quarentena,8a0e615ad15629e387dc7ac6db3cb865352360e5d61b9f9fccf671b2823abcd3
2026,Extra Grande,OMODA,7,PHEV PRESTIGE,1.5-16V,Plug-in,PHEV_rotulo_inmetro,G,0.66,60.0,4,https://www.gov.br/inmetro/pt-br/assuntos/regulamentacao/avaliacao-da-conformidade/programa-brasileiro-de-etiquetagem/tabelas-de-eficiencia-energetica/veiculos-automotivos-pbe-veicular/mascara-pbev-2026_19_jan-rev01.pdf/@@download/file,43e928f89a526f7b59013faca3501b2b0716e5a8cdc2e097b8653638aa688ba0,2026-10-01T16:59:19.670019+00:00,km_ensaio_padronizado,catalogo_de_versoes_nao_vendas_nem_telemetria,parcial_com_quarentena,3f8696d12881749f15eaf081b52b746c001969793c6a284b6e7fca8dd0a43751
2026,Extra Grande,PORSCHE,MACAN,E4,Elétrico,Elétrico,BEV_rotulo_inmetro,E,0.6,443.0,4,https://www.gov.br/inmetro/pt-br/assuntos/regulamentacao/avaliacao-da-conformidade/programa-brasileiro-de-etiquetagem/tabelas-de-eficiencia-energetica/veiculos-automotivos-pbe-veicular/mascara-pbev-2026_19_jan-rev01.pdf/@@download/file,43e928f89a526f7b59013faca3501b2b0716e5a8cdc2e097b8653638aa688ba0,2026-10-01T16:59:19.670019+00:00,km_ensaio_padronizado,catalogo_de_versoes_nao_vendas_nem_telemetria,parcial_com_quarentena,6cad6bf1fc3f889090ea804c6848edd1a6ace0c44f7dbe250a55f363d0bbc8da
2026,Extra Grande,PORSCHE,MACAN,ETURBO,Elétrico,Elétrico,BEV_rotulo_inmetro,E,0.61,435.0,4,https://www.gov.br/inmetro/pt-br/assuntos/regulamentacao/avaliacao-da-conformidade/programa-brasileiro-de-etiquetagem/tabelas-de-eficiencia-energetica/veiculos-automotivos-pbe-veicular/mascara-pbev-2026_19_jan-rev01.pdf/@@download/file,43e928f89a526f7b59013faca3501b2b0716e5a8cdc2e097b8653638aa688ba0,2026-10-01T16:59:19.670019+00:00,km_ensaio_padronizado,catalogo_de_versoes_nao_vendas_nem_telemetria,parcial_com_quarentena,2c5728edea308037fce106d57600110ce65021b15abe892f19c562013a3590f2
2026,Extra Grande,PORSCHE,MACAN,E4S,Elétrico,Elétrico,BEV_rotulo_inmetro,E,0.61,438.0,4,https://www.gov.br/inmetro/pt-br/assuntos/regulamentacao/avaliacao-da-conformidade/programa-brasileiro-de-etiquetagem/tabelas-de-eficiencia-energetica/veiculos-automotivos-pbe-veicular/mascara-pbev-2026_19_jan-rev01.pdf/@@download/file,43e928f89a526f7b59013faca3501b2b0716e5a8cdc2e097b8653638aa688ba0,2026-10-01T16:59:19.670019+00:00,km_ensaio_padronizado,catalogo_de_versoes_nao_vendas_nem_telemetria,parcial_com_quarentena,afc0c124eeffb80fbeda784098712827e1e66a4be4c1f328054e34c5e3839d41
2026,Extra Grande,PORSCHE,MACAN,EGTS,Elétrico,Elétrico,BEV_rotulo_inmetro,E,0.61,441.0,4,https://www.gov.br/inmetro/pt-br/assuntos/regulamentacao/avaliacao-da-conformidade/programa-brasileiro-de-etiquetagem/tabelas-de-eficiencia-energetica/veiculos-automotivos-pbe-veicular/mascara-pbev-2026_19_jan-rev01.pdf/@@download/file,43e928f89a526f7b59013faca3501b2b0716e5a8cdc2e097b8653638aa688ba0,2026-10-01T16:59:19.670019+00:00,km_ensaio_padronizado,catalogo_de_versoes_nao_vendas_nem_telemetria,parcial_com_quarentena,c1e6cd8cd8bd88d2dcca30167e5efabb71b902e99c8e7dd0b41877a9242f97e3
2026,Extra Grande,PORSCHE,CAYENNE,E,Elétrico,Elétrico,BEV_rotulo_inmetro,E,0.63,493.0,4,https://www.gov.br/inmetro/pt-br/assuntos/regulamentacao/avaliacao-da-conformidade/programa-brasileiro-de-etiquetagem/tabelas-de-eficiencia-energetica/veiculos-automotivos-pbe-veicular/mascara-pbev-2026_19_jan-rev01.pdf/@@download/file,43e928f89a526f7b59013faca3501b2b0716e5a8cdc2e097b8653638aa688ba0,2026-10-01T16:59:19.670019+00:00,km_ensaio_padronizado,catalogo_de_versoes_nao_vendas_nem_telemetria,parcial_com_quarentena,9889c43e9c6dbdc01a9c99a288e2c6a347f02f7afe3c91b64c42dbb2b5e22f83
2026,Extra Grande,PORSCHE,CAYENNE,E OF,Elétrico,Elétrico,BEV_rotulo_inmetro,E,0.63,493.0,4,https://www.gov.br/inmetro/pt-br/assuntos/regulamentacao/avaliacao-da-conformidade/programa-brasileiro-de-etiquetagem/tabelas-de-eficiencia-energetica/veiculos-automotivos-pbe-veicular/mascara-pbev-2026_19_jan-rev01.pdf/@@download/file,43e928f89a526f7b59013faca3501b2b0716e5a8cdc2e097b8653638aa688ba0,2026-10-01T16:59:19.670019+00:00,km_ensaio_padronizado,catalogo_de_versoes_nao_vendas_nem_telemetria,parcial_com_quarentena,254ac20b2e5570d32a8d2b2961bb2d60c48d74c1a573353640050a35fa31232f
2026,Extra Grande,PORSCHE,CAYENNE,E C,Elétrico,Elétrico,BEV_rotulo_inmetro,E,0.63,493.0,4,https://www.gov.br/inmetro/pt-br/assuntos/regulamentacao/avaliacao-da-conformidade/programa-brasileiro-de-etiquetagem/tabelas-de-eficiencia-energetica/veiculos-automotivos-pbe-veicular/mascara-pbev-2026_19_jan-rev01.pdf/@@download/file,43e928f89a526f7b59013faca3501b2b0716e5a8cdc2e097b8653638aa688ba0,2026-10-01T16:59:19.670019+00:00,km_ensaio_padronizado,catalogo_de_versoes_nao_vendas_nem_telemetria,parcial_com_quarentena,63728296de7d738ff370df80cc8725a102ec484cf60f65b4af8e69e23f827641
2026,Extra Grande,PORSCHE,CAYENNE,E CO,Elétrico,Elétrico,BEV_rotulo_inmetro,E,0.63,493.0,4,https://www.gov.br/inmetro/pt-br/assuntos/regulamentacao/avaliacao-da-conformidade/programa-brasileiro-de-etiquetagem/tabelas-de-eficiencia-energetica/veiculos-automotivos-pbe-veicular/mascara-pbev-2026_19_jan-rev01.pdf/@@download/file,43e928f89a526f7b59013faca3501b2b0716e5a8cdc2e097b8653638aa688ba0,2026-10-01T16:59:19.670019+00:00,km_ensaio_padronizado,catalogo_de_versoes_nao_vendas_nem_telemetria,parcial_com_quarentena,a1570df2f85b3a86d9574e197eee28e42452c8c5ee4a0a3438119c452d9a82c0
2026,Extra Grande,RENAULT,KOLEOS,E-TECH,1.5T 16V,Híbrido,HIBRIDO_rotulo_inmetro,G,1.7,,4,https://www.gov.br/inmetro/pt-br/assuntos/regulamentacao/avaliacao-da-conformidade/programa-brasileiro-de-etiquetagem/tabelas-de-eficiencia-energetica/veiculos-automotivos-pbe-veicular/mascara-pbev-2026_19_jan-rev01.pdf/@@download/file,43e928f89a526f7b59013faca3501b2b0716e5a8cdc2e097b8653638aa688ba0,2026-10-01T16:59:19.670019+00:00,km_ensaio_padronizado,catalogo_de_versoes_nao_vendas_nem_telemetria,parcial_com_quarentena,db234871bca59db730d6f42267469cff1477fa6d51428172599ad0bb95593f9c
2026,Extra Grande,TOYOTA,RAV4,SX CONNECT,2.5-16V,Híbrido,HIBRIDO_rotulo_inmetro,G,1.43,,4,https://www.gov.br/inmetro/pt-br/assuntos/regulamentacao/avaliacao-da-conformidade/programa-brasileiro-de-etiquetagem/tabelas-de-eficiencia-energetica/veiculos-automotivos-pbe-veicular/mascara-pbev-2026_19_jan-rev01.pdf/@@download/file,43e928f89a526f7b59013faca3501b2b0716e5a8cdc2e097b8653638aa688ba0,2026-10-01T16:59:19.670019+00:00,km_ensaio_padronizado,catalogo_de_versoes_nao_vendas_nem_telemetria,parcial_com_quarentena,0cee3eafd9f55d84b13d3d52d4911cf46904d89553a3c6304f280d8dc5fba069
2026,Extra Grande,TOYOTA,RAV4,S CONNECT,2.5-16V,Híbrido,HIBRIDO_rotulo_inmetro,G,1.43,,4,https://www.gov.br/inmetro/pt-br/assuntos/regulamentacao/avaliacao-da-conformidade/programa-brasileiro-de-etiquetagem/tabelas-de-eficiencia-energetica/veiculos-automotivos-pbe-veicular/mascara-pbev-2026_19_jan-rev01.pdf/@@download/file,43e928f89a526f7b59013faca3501b2b0716e5a8cdc2e097b8653638aa688ba0,2026-10-01T16:59:19.670019+00:00,km_ensaio_padronizado,catalogo_de_versoes_nao_vendas_nem_telemetria,parcial_com_quarentena,9db077222e8632e7619b500fd98e7a48e1d9adde369d380c7df3fcc00206b6e2
2026,Extra Grande,VOLVO,ES90,TWIN PE ULT,Elétrico,Elétrico,BEV_rotulo_inmetro,E,0.55,524.0,4,https://www.gov.br/inmetro/pt-br/assuntos/regulamentacao/avaliacao-da-conformidade/programa-brasileiro-de-etiquetagem/tabelas-de-eficiencia-energetica/veiculos-automotivos-pbe-veicular/mascara-pbev-2026_19_jan-rev01.pdf/@@download/file,43e928f89a526f7b59013faca3501b2b0716e5a8cdc2e097b8653638aa688ba0,2026-10-01T16:59:19.670019+00:00,km_ensaio_padronizado,catalogo_de_versoes_nao_vendas_nem_telemetria,parcial_com_quarentena,fd7e51fe237500f45635ac90a3bf3f67ebc483de0c84f5952d616c8a8a9f4232
2026,Extra Grande,ZEEKR,001,Flagship,Elétrico,Elétrico,BEV_rotulo_inmetro,E,0.63,426.0,4,https://www.gov.br/inmetro/pt-br/assuntos/regulamentacao/avaliacao-da-conformidade/programa-brasileiro-de-etiquetagem/tabelas-de-eficiencia-energetica/veiculos-automotivos-pbe-veicular/mascara-pbev-2026_19_jan-rev01.pdf/@@download/file,43e928f89a526f7b59013faca3501b2b0716e5a8cdc2e097b8653638aa688ba0,2026-10-01T16:59:19.670019+00:00,km_ensaio_padronizado,catalogo_de_versoes_nao_vendas_nem_telemetria,parcial_com_quarentena,df424b2cd2abb937d6b6151338a118cb843f931307274e42f70c633f75a115d3
2026,Extra Grande,ZEEKR,001,Premium,Elétrico,Elétrico,BEV_rotulo_inmetro,E,0.63,426.0,4,https://www.gov.br/inmetro/pt-br/assuntos/regulamentacao/avaliacao-da-conformidade/programa-brasileiro-de-etiquetagem/tabelas-de-eficiencia-energetica/veiculos-automotivos-pbe-veicular/mascara-pbev-2026_19_jan-rev01.pdf/@@download/file,43e928f89a526f7b59013faca3501b2b0716e5a8cdc2e097b8653638aa688ba0,2026-10-01T16:59:19.670019+00:00,km_ensaio_padronizado,catalogo_de_versoes_nao_vendas_nem_telemetria,parcial_com_quarentena,0e1ddaa5fb0c97062943b809c568615a80ef9eb9e98e83fc8c881e6ae9361040
2026,Extra Grande,ZEEKR,7X,Flagship AWD,Elétrico,Elétrico,BEV_rotulo_inmetro,E,0.64,423.0,4,https://www.gov.br/inmetro/pt-br/assuntos/regulamentacao/avaliacao-da-conformidade/programa-brasileiro-de-etiquetagem/tabelas-de-eficiencia-energetica/veiculos-automotivos-pbe-veicular/mascara-pbev-2026_19_jan-rev01.pdf/@@download/file,43e928f89a526f7b59013faca3501b2b0716e5a8cdc2e097b8653638aa688ba0,2026-10-01T16:59:19.670019+00:00,km_ensaio_padronizado,catalogo_de_versoes_nao_vendas_nem_telemetria,parcial_com_quarentena,9aa5410b3f989cbf6a97523b7a80808ee679374ec22905c846a183ec2733a4d5
2026,Extra Grande,ZEEKR,7X,Premium RWD,Elétrico,Elétrico,BEV_rotulo_inmetro,E,0.55,491.0,4,https://www.gov.br/inmetro/pt-br/assuntos/regulamentacao/avaliacao-da-conformidade/programa-brasileiro-de-etiquetagem/tabelas-de-eficiencia-energetica/veiculos-automotivos-pbe-veicular/mascara-pbev-2026_19_jan-rev01.pdf/@@download/file,43e928f89a526f7b59013faca3501b2b0716e5a8cdc2e097b8653638aa688ba0,2026-10-01T16:59:19.670019+00:00,km_ensaio_padronizado,catalogo_de_versoes_nao_vendas_nem_telemetria,parcial_com_quarentena,a5b878c3ba416d8fb8f1f63cc9e80d669e7c3b8693d0a6d24a8038726d542410
2026,Utilitário Esportivo Compacto,CAOA CHERY,TIGGO 5X,PRO HA,1.5T -16V,Híbrido,HIBRIDO_rotulo_inmetro,F,1.85,,4,https://www.gov.br/inmetro/pt-br/assuntos/regulamentacao/avaliacao-da-conformidade/programa-brasileiro-de-etiquetagem/tabelas-de-eficiencia-energetica/veiculos-automotivos-pbe-veicular/mascara-pbev-2026_19_jan-rev01.pdf/@@download/file,43e928f89a526f7b59013faca3501b2b0716e5a8cdc2e097b8653638aa688ba0,2026-10-01T16:59:19.670019+00:00,km_ensaio_padronizado,catalogo_de_versoes_nao_vendas_nem_telemetria,parcial_com_quarentena,226fb8ff8b361a1d97521955b92bf50fc11d96a7f7f0930ebbdd65eec277c5e2
2026,Utilitário Esportivo Compacto,FIAT,FASTBACK,AUDACE HYB,1.0T-12V,Híbrido,HIBRIDO_rotulo_inmetro,F,1.62,,5,https://www.gov.br/inmetro/pt-br/assuntos/regulamentacao/avaliacao-da-conformidade/programa-brasileiro-de-etiquetagem/tabelas-de-eficiencia-energetica/veiculos-automotivos-pbe-veicular/mascara-pbev-2026_19_jan-rev01.pdf/@@download/file,43e928f89a526f7b59013faca3501b2b0716e5a8cdc2e097b8653638aa688ba0,2026-10-01T16:59:19.670019+00:00,km_ensaio_padronizado,catalogo_de_versoes_nao_vendas_nem_telemetria,parcial_com_quarentena,ced64d4e699b47b05d5fd9d4b73b626fd718287cc5f4e4e8c816bc3fab36ba7b
2026,Utilitário Esportivo Compacto,FIAT,FASTBACK,IMPETUS HY,1.0T-12V,Híbrido,HIBRIDO_rotulo_inmetro,F,1.62,,5,https://www.gov.br/inmetro/pt-br/assuntos/regulamentacao/avaliacao-da-conformidade/programa-brasileiro-de-etiquetagem/tabelas-de-eficiencia-energetica/veiculos-automotivos-pbe-veicular/mascara-pbev-2026_19_jan-rev01.pdf/@@download/file,43e928f89a526f7b59013faca3501b2b0716e5a8cdc2e097b8653638aa688ba0,2026-10-01T16:59:19.670019+00:00,km_ensaio_padronizado,catalogo_de_versoes_nao_vendas_nem_telemetria,parcial_com_quarentena,2c5a2db3072ee721bc22df2d96ce079b48bcedd017b4aa3baeb3f0a8355f06b4
2026,Utilitário Esportivo Compacto,FIAT,PULSE,AUDACE HYB,1.0T-12V,Híbrido,HIBRIDO_rotulo_inmetro,F,1.54,,5,https://www.gov.br/inmetro/pt-br/assuntos/regulamentacao/avaliacao-da-conformidade/programa-brasileiro-de-etiquetagem/tabelas-de-eficiencia-energetica/veiculos-automotivos-pbe-veicular/mascara-pbev-2026_19_jan-rev01.pdf/@@download/file,43e928f89a526f7b59013faca3501b2b0716e5a8cdc2e097b8653638aa688ba0,2026-10-01T16:59:19.670019+00:00,km_ensaio_padronizado,catalogo_de_versoes_nao_vendas_nem_telemetria,parcial_com_quarentena,25e10107ea2ee95be07ac1030dd3493af378e11abfc7ee36530201441d153f6c
2026,Utilitário Esportivo Compacto,FIAT,PULSE,IMPETUS HYB,1.0T-12V,Híbrido,HIBRIDO_rotulo_inmetro,F,1.54,,5,https://www.gov.br/inmetro/pt-br/assuntos/regulamentacao/avaliacao-da-conformidade/programa-brasileiro-de-etiquetagem/tabelas-de-eficiencia-energetica/veiculos-automotivos-pbe-veicular/mascara-pbev-2026_19_jan-rev01.pdf/@@download/file,43e928f89a526f7b59013faca3501b2b0716e5a8cdc2e097b8653638aa688ba0,2026-10-01T16:59:19.670019+00:00,km_ensaio_padronizado,catalogo_de_versoes_nao_vendas_nem_telemetria,parcial_com_quarentena,004ca4c58403d885de48c7539c6f079891746f7bb8796a95620e0f6da4904853
2026,Utilitário Esportivo Compacto,JEEP,AVENGER,LIMITED HYB,1.0T-12V,Híbrido,HIBRIDO_rotulo_inmetro,F,1.64,,5,https://www.gov.br/inmetro/pt-br/assuntos/regulamentacao/avaliacao-da-conformidade/programa-brasileiro-de-etiquetagem/tabelas-de-eficiencia-energetica/veiculos-automotivos-pbe-veicular/mascara-pbev-2026_19_jan-rev01.pdf/@@download/file,43e928f89a526f7b59013faca3501b2b0716e5a8cdc2e097b8653638aa688ba0,2026-10-01T16:59:19.670019+00:00,km_ensaio_padronizado,catalogo_de_versoes_nao_vendas_nem_telemetria,parcial_com_quarentena,f9a8df58d6399fd4cc6368ef0eac271848121aaac09a98807688c61c61aa8a96
2026,Utilitário Esportivo Compacto,JEEP,AVENGER,ALTIT HYB,1.0T-12V,Híbrido,HIBRIDO_rotulo_inmetro,F,1.64,,5,https://www.gov.br/inmetro/pt-br/assuntos/regulamentacao/avaliacao-da-conformidade/programa-brasileiro-de-etiquetagem/tabelas-de-eficiencia-energetica/veiculos-automotivos-pbe-veicular/mascara-pbev-2026_19_jan-rev01.pdf/@@download/file,43e928f89a526f7b59013faca3501b2b0716e5a8cdc2e097b8653638aa688ba0,2026-10-01T16:59:19.670019+00:00,km_ensaio_padronizado,catalogo_de_versoes_nao_vendas_nem_telemetria,parcial_com_quarentena,785582c2546a4dda3a5e142ade31b0e0991d37394c0c38c8078bbe1c99c3f4a2
2026,Utilitário Esportivo Compacto,JEEP,AVENGER,LONGT HYB,1.0T-12V,Híbrido,HIBRIDO_rotulo_inmetro,F,2.64,,5,https://www.gov.br/inmetro/pt-br/assuntos/regulamentacao/avaliacao-da-conformidade/programa-brasileiro-de-etiquetagem/tabelas-de-eficiencia-energetica/veiculos-automotivos-pbe-veicular/mascara-pbev-2026_19_jan-rev01.pdf/@@download/file,43e928f89a526f7b59013faca3501b2b0716e5a8cdc2e097b8653638aa688ba0,2026-10-01T16:59:19.670019+00:00,km_ensaio_padronizado,catalogo_de_versoes_nao_vendas_nem_telemetria,parcial_com_quarentena,0130ed46fa39b1d0da3fd507ed59c4fe0053b1a83d74ab93d849ded4a3fa5c62
2026,Utilitário Esportivo Compacto,JEEP,RENEGADE,ALTIT HYB,1.3T-16V,Híbrido,HIBRIDO_rotulo_inmetro,F,1.8,,5,https://www.gov.br/inmetro/pt-br/assuntos/regulamentacao/avaliacao-da-conformidade/programa-brasileiro-de-etiquetagem/tabelas-de-eficiencia-energetica/veiculos-automotivos-pbe-veicular/mascara-pbev-2026_19_jan-rev01.pdf/@@download/file,43e928f89a526f7b59013faca3501b2b0716e5a8cdc2e097b8653638aa688ba0,2026-10-01T16:59:19.670019+00:00,km_ensaio_padronizado,catalogo_de_versoes_nao_vendas_nem_telemetria,parcial_com_quarentena,6e3b6b1cd17becd9e6ba205fc7c62cb701b1dbcc2c8c3e7316f502976ea2c5c7
2026,Utilitário Esportivo Compacto,JEEP,RENEGADE,LONGIT HYB,1.3T-16V,Híbrido,HIBRIDO_rotulo_inmetro,F,1.8,,5,https://www.gov.br/inmetro/pt-br/assuntos/regulamentacao/avaliacao-da-conformidade/programa-brasileiro-de-etiquetagem/tabelas-de-eficiencia-energetica/veiculos-automotivos-pbe-veicular/mascara-pbev-2026_19_jan-rev01.pdf/@@download/file,43e928f89a526f7b59013faca3501b2b0716e5a8cdc2e097b8653638aa688ba0,2026-10-01T16:59:19.670019+00:00,km_ensaio_padronizado,catalogo_de_versoes_nao_vendas_nem_telemetria,parcial_com_quarentena,c2ffc74cd2d02c0eabcbdffed61f0a1c9ac50d2c8de1d96032a9cafd30ae0584
2026,Utilitário Esportivo Compacto,JEEP,RENEGADE,SAHARA HYB,1.3T-16V,Híbrido,HIBRIDO_rotulo_inmetro,F,1.8,,5,https://www.gov.br/inmetro/pt-br/assuntos/regulamentacao/avaliacao-da-conformidade/programa-brasileiro-de-etiquetagem/tabelas-de-eficiencia-energetica/veiculos-automotivos-pbe-veicular/mascara-pbev-2026_19_jan-rev01.pdf/@@download/file,43e928f89a526f7b59013faca3501b2b0716e5a8cdc2e097b8653638aa688ba0,2026-10-01T16:59:19.670019+00:00,km_ensaio_padronizado,catalogo_de_versoes_nao_vendas_nem_telemetria,parcial_com_quarentena,6d19114bdf85ead31976e4988736206da1bd566d17b690527e7efed8e0431589
2026,Utilitário Esportivo Compacto,PEUGEOT,2008,GT HYBRID,1.0T-12V,Híbrido,HIBRIDO_rotulo_inmetro,F,1.61,,5,https://www.gov.br/inmetro/pt-br/assuntos/regulamentacao/avaliacao-da-conformidade/programa-brasileiro-de-etiquetagem/tabelas-de-eficiencia-energetica/veiculos-automotivos-pbe-veicular/mascara-pbev-2026_19_jan-rev01.pdf/@@download/file,43e928f89a526f7b59013faca3501b2b0716e5a8cdc2e097b8653638aa688ba0,2026-10-01T16:59:19.670019+00:00,km_ensaio_padronizado,catalogo_de_versoes_nao_vendas_nem_telemetria,parcial_com_quarentena,924e17763d1c5ad96607d7c43d27b9acefc427b9e2c3b3770cebe736c4f98cfa
2026,Utilitário Esportivo Compacto,TOYOTA,YARIS CROSS,XRX-HYBRID,1.5-16V,Híbrido,HIBRIDO_rotulo_inmetro,F,1.23,,5,https://www.gov.br/inmetro/pt-br/assuntos/regulamentacao/avaliacao-da-conformidade/programa-brasileiro-de-etiquetagem/tabelas-de-eficiencia-energetica/veiculos-automotivos-pbe-veicular/mascara-pbev-2026_19_jan-rev01.pdf/@@download/file,43e928f89a526f7b59013faca3501b2b0716e5a8cdc2e097b8653638aa688ba0,2026-10-01T16:59:19.670019+00:00,km_ensaio_padronizado,catalogo_de_versoes_nao_vendas_nem_telemetria,parcial_com_quarentena,2d50587b25d58e23db0b9a796e9628a78dfab200b0197e6c8030f7ba05490567
2026,Utilitário Esportivo Compacto,TOYOTA,YARIS CROSS,XRE-HYBRID,1.5-16V,Híbrido,HIBRIDO_rotulo_inmetro,F,1.23,,5,https://www.gov.br/inmetro/pt-br/assuntos/regulamentacao/avaliacao-da-conformidade/programa-brasileiro-de-etiquetagem/tabelas-de-eficiencia-energetica/veiculos-automotivos-pbe-veicular/mascara-pbev-2026_19_jan-rev01.pdf/@@download/file,43e928f89a526f7b59013faca3501b2b0716e5a8cdc2e097b8653638aa688ba0,2026-10-01T16:59:19.670019+00:00,km_ensaio_padronizado,catalogo_de_versoes_nao_vendas_nem_telemetria,parcial_com_quarentena,f2acbd1541a3dd5193f9ba5b38f49db9f44fc25be5e9e7a41a73d8fa8fe2b2d3
2026,Utilitário Esportivo Compacto 4x4,VOLVO,EX30,CROSSC PLUS,Elétrico,Elétrico,BEV_rotulo_inmetro,E,0.58,333.0,5,https://www.gov.br/inmetro/pt-br/assuntos/regulamentacao/avaliacao-da-conformidade/programa-brasileiro-de-etiquetagem/tabelas-de-eficiencia-energetica/veiculos-automotivos-pbe-veicular/mascara-pbev-2026_19_jan-rev01.pdf/@@download/file,43e928f89a526f7b59013faca3501b2b0716e5a8cdc2e097b8653638aa688ba0,2026-10-01T16:59:19.670019+00:00,km_ensaio_padronizado,catalogo_de_versoes_nao_vendas_nem_telemetria,parcial_com_quarentena,b87cabc876473383b36837f0c88a1ee25c94ab8ea97a500d4b32c5c4f0a521b0
2026,Utilitário Esportivo Compacto 4x4,VOLVO,EX30,C COUNTRY,Elétrico,Elétrico,BEV_rotulo_inmetro,E,0.57,327.0,5,https://www.gov.br/inmetro/pt-br/assuntos/regulamentacao/avaliacao-da-conformidade/programa-brasileiro-de-etiquetagem/tabelas-de-eficiencia-energetica/veiculos-automotivos-pbe-veicular/mascara-pbev-2026_19_jan-rev01.pdf/@@download/file,43e928f89a526f7b59013faca3501b2b0716e5a8cdc2e097b8653638aa688ba0,2026-10-01T16:59:19.670019+00:00,km_ensaio_padronizado,catalogo_de_versoes_nao_vendas_nem_telemetria,parcial_com_quarentena,c2fb194fddb65798508ceb976bfbfc0ed6bb574c65ced90940fc69864bbc8c53
2026,Utilitário Esportivo Grande,BYD,YUAN PLUS,GL310 EV,Elétrico,Elétrico,BEV_rotulo_inmetro,E,0.56,294.0,5,https://www.gov.br/inmetro/pt-br/assuntos/regulamentacao/avaliacao-da-conformidade/programa-brasileiro-de-etiquetagem/tabelas-de-eficiencia-energetica/veiculos-automotivos-pbe-veicular/mascara-pbev-2026_19_jan-rev01.pdf/@@download/file,43e928f89a526f7b59013faca3501b2b0716e5a8cdc2e097b8653638aa688ba0,2026-10-01T16:59:19.670019+00:00,km_ensaio_padronizado,catalogo_de_versoes_nao_vendas_nem_telemetria,parcial_com_quarentena,7e6ff44fbdc6731ecac17760a1c3ad233f16deb2df30249260ca371092a21a24
2026,Utilitário Esportivo Grande,BYD,YUAN PLUS,GS310 EV,Elétrico,Elétrico,BEV_rotulo_inmetro,E,0.56,294.0,5,https://www.gov.br/inmetro/pt-br/assuntos/regulamentacao/avaliacao-da-conformidade/programa-brasileiro-de-etiquetagem/tabelas-de-eficiencia-energetica/veiculos-automotivos-pbe-veicular/mascara-pbev-2026_19_jan-rev01.pdf/@@download/file,43e928f89a526f7b59013faca3501b2b0716e5a8cdc2e097b8653638aa688ba0,2026-10-01T16:59:19.670019+00:00,km_ensaio_padronizado,catalogo_de_versoes_nao_vendas_nem_telemetria,parcial_com_quarentena,833c54101617232b8f2bfe126838ad8e8f23ee66426e1abf28c750703e06d3cb
2026,Utilitário Esportivo Grande,CAOA CHERY,TIGGO 7,PRO HA,1.5T -16V,Híbrido,HIBRIDO_rotulo_inmetro,F,1.9,,5,https://www.gov.br/inmetro/pt-br/assuntos/regulamentacao/avaliacao-da-conformidade/programa-brasileiro-de-etiquetagem/tabelas-de-eficiencia-energetica/veiculos-automotivos-pbe-veicular/mascara-pbev-2026_19_jan-rev01.pdf/@@download/file,43e928f89a526f7b59013faca3501b2b0716e5a8cdc2e097b8653638aa688ba0,2026-10-01T16:59:19.670019+00:00,km_ensaio_padronizado,catalogo_de_versoes_nao_vendas_nem_telemetria,parcial_com_quarentena,8010ecca6f63dbdedae0168ca99ad8da66d9ef6b115396ce4bcb583ae1334435
2026,Utilitário Esportivo Grande,CAOA CHERY,TIGGO 8,PHEV,1.5T - 16V,Plug-in,PHEV_rotulo_inmetro,G,0.66,56.0,5,https://www.gov.br/inmetro/pt-br/assuntos/regulamentacao/avaliacao-da-conformidade/programa-brasileiro-de-etiquetagem/tabelas-de-eficiencia-energetica/veiculos-automotivos-pbe-veicular/mascara-pbev-2026_19_jan-rev01.pdf/@@download/file,43e928f89a526f7b59013faca3501b2b0716e5a8cdc2e097b8653638aa688ba0,2026-10-01T16:59:19.670019+00:00,km_ensaio_padronizado,catalogo_de_versoes_nao_vendas_nem_telemetria,parcial_com_quarentena,8a35c60a3400dca61785b0a164620b44ed29651181b848d2c66f649acce1b3bb
2026,Utilitário Esportivo Grande,CAOA CHERY,TIGGO 7,PRO HA,1.5T -16V,Híbrido,HIBRIDO_rotulo_inmetro,F,1.9,,5,https://www.gov.br/inmetro/pt-br/assuntos/regulamentacao/avaliacao-da-conformidade/programa-brasileiro-de-etiquetagem/tabelas-de-eficiencia-energetica/veiculos-automotivos-pbe-veicular/mascara-pbev-2026_19_jan-rev01.pdf/@@download/file,43e928f89a526f7b59013faca3501b2b0716e5a8cdc2e097b8653638aa688ba0,2026-10-01T16:59:19.670019+00:00,km_ensaio_padronizado,catalogo_de_versoes_nao_vendas_nem_telemetria,parcial_com_quarentena,0afbf5193d1605355795fd22a0413a6374d150e68acba38d3398fa2ebbcc0d6e
2026,Utilitário Esportivo Grande,GAC,GS4,PREMIUM,2.0-16V,Híbrido,HIBRIDO_rotulo_inmetro,G,1.64,,5,https://www.gov.br/inmetro/pt-br/assuntos/regulamentacao/avaliacao-da-conformidade/programa-brasileiro-de-etiquetagem/tabelas-de-eficiencia-energetica/veiculos-automotivos-pbe-veicular/mascara-pbev-2026_19_jan-rev01.pdf/@@download/file,43e928f89a526f7b59013faca3501b2b0716e5a8cdc2e097b8653638aa688ba0,2026-10-01T16:59:19.670019+00:00,km_ensaio_padronizado,catalogo_de_versoes_nao_vendas_nem_telemetria,parcial_com_quarentena,ea67f4decf7b26255b8278c2f07b003c6d761b668a611035e82f08625270c022
2026,Utilitário Esportivo Grande,GAC,GS4,ELITE,2.0-16V,Híbrido,HIBRIDO_rotulo_inmetro,G,1.64,,5,https://www.gov.br/inmetro/pt-br/assuntos/regulamentacao/avaliacao-da-conformidade/programa-brasileiro-de-etiquetagem/tabelas-de-eficiencia-energetica/veiculos-automotivos-pbe-veicular/mascara-pbev-2026_19_jan-rev01.pdf/@@download/file,43e928f89a526f7b59013faca3501b2b0716e5a8cdc2e097b8653638aa688ba0,2026-10-01T16:59:19.670019+00:00,km_ensaio_padronizado,catalogo_de_versoes_nao_vendas_nem_telemetria,parcial_com_quarentena,4cc4f76a217305c5a69ff8a35b9d15d8bfd387727944baeb8f8f8a6411275ffb
2026,Utilitário Esportivo Grande,GWM,HAVAL H6,HEV ONE (MY26),1.5-16V,Híbrido,HIBRIDO_rotulo_inmetro,G,1.63,,5,https://www.gov.br/inmetro/pt-br/assuntos/regulamentacao/avaliacao-da-conformidade/programa-brasileiro-de-etiquetagem/tabelas-de-eficiencia-energetica/veiculos-automotivos-pbe-veicular/mascara-pbev-2026_19_jan-rev01.pdf/@@download/file,43e928f89a526f7b59013faca3501b2b0716e5a8cdc2e097b8653638aa688ba0,2026-10-01T16:59:19.670019+00:00,km_ensaio_padronizado,catalogo_de_versoes_nao_vendas_nem_telemetria,parcial_com_quarentena,c4d5857d01f218b3055da278864a6b28579a7e7f6b376616b0ffc6ad4bed8544
2026,Utilitário Esportivo Grande,GWM,HAVAL H6,HEV2 (MY26),1.5-16V,Híbrido,HIBRIDO_rotulo_inmetro,G,1.63,,5,https://www.gov.br/inmetro/pt-br/assuntos/regulamentacao/avaliacao-da-conformidade/programa-brasileiro-de-etiquetagem/tabelas-de-eficiencia-energetica/veiculos-automotivos-pbe-veicular/mascara-pbev-2026_19_jan-rev01.pdf/@@download/file,43e928f89a526f7b59013faca3501b2b0716e5a8cdc2e097b8653638aa688ba0,2026-10-01T16:59:19.670019+00:00,km_ensaio_padronizado,catalogo_de_versoes_nao_vendas_nem_telemetria,parcial_com_quarentena,42b7efbf79e51f6e038fc40359bafa754486cd948812067d211c50903b6df64f
2026,Utilitário Esportivo Grande,GWM,HAVAL H6,PHEV19 (MY26),1.5-16V,Plug-in,PHEV_rotulo_inmetro,G,0.64,73.0,5,https://www.gov.br/inmetro/pt-br/assuntos/regulamentacao/avaliacao-da-conformidade/programa-brasileiro-de-etiquetagem/tabelas-de-eficiencia-energetica/veiculos-automotivos-pbe-veicular/mascara-pbev-2026_19_jan-rev01.pdf/@@download/file,43e928f89a526f7b59013faca3501b2b0716e5a8cdc2e097b8653638aa688ba0,2026-10-01T16:59:19.670019+00:00,km_ensaio_padronizado,catalogo_de_versoes_nao_vendas_nem_telemetria,parcial_com_quarentena,6aba06e09e036c2986a0914e2e8f462397f628bb21250ca6237ce6cd1825a4e4
2026,Utilitário Esportivo Grande,GWM,HAVAL H6,PHEV35 (MY26),1.5-16V,Plug-in,PHEV_rotulo_inmetro,G,0.74,119.0,5,https://www.gov.br/inmetro/pt-br/assuntos/regulamentacao/avaliacao-da-conformidade/programa-brasileiro-de-etiquetagem/tabelas-de-eficiencia-energetica/veiculos-automotivos-pbe-veicular/mascara-pbev-2026_19_jan-rev01.pdf/@@download/file,43e928f89a526f7b59013faca3501b2b0716e5a8cdc2e097b8653638aa688ba0,2026-10-01T16:59:19.670019+00:00,km_ensaio_padronizado,catalogo_de_versoes_nao_vendas_nem_telemetria,parcial_com_quarentena,8faae0f38fd70f27369253ec27533b47d3fbde1c2da9b1475a8c09433a6a5cdd
2026,Utilitário Esportivo Grande,GWM,HAVAL H6,GT (MY26),1.5-16V,Plug-in,PHEV_rotulo_inmetro,G,0.74,119.0,5,https://www.gov.br/inmetro/pt-br/assuntos/regulamentacao/avaliacao-da-conformidade/programa-brasileiro-de-etiquetagem/tabelas-de-eficiencia-energetica/veiculos-automotivos-pbe-veicular/mascara-pbev-2026_19_jan-rev01.pdf/@@download/file,43e928f89a526f7b59013faca3501b2b0716e5a8cdc2e097b8653638aa688ba0,2026-10-01T16:59:19.670019+00:00,km_ensaio_padronizado,catalogo_de_versoes_nao_vendas_nem_telemetria,parcial_com_quarentena,d99ded20c02b55cd9ecfe3f53a6dee5921d1d9460b8e0eab3d33cc0e2600fa82
2026,Utilitário Esportivo Grande,GWM,HAVAL H6,HEV ESP,1.5-16V,Híbrido,HIBRIDO_rotulo_inmetro,G,1.63,,5,https://www.gov.br/inmetro/pt-br/assuntos/regulamentacao/avaliacao-da-conformidade/programa-brasileiro-de-etiquetagem/tabelas-de-eficiencia-energetica/veiculos-automotivos-pbe-veicular/mascara-pbev-2026_19_jan-rev01.pdf/@@download/file,43e928f89a526f7b59013faca3501b2b0716e5a8cdc2e097b8653638aa688ba0,2026-10-01T16:59:19.670019+00:00,km_ensaio_padronizado,catalogo_de_versoes_nao_vendas_nem_telemetria,parcial_com_quarentena,f880e35e8194ea5106e7cd5ada546ca8f644e71801efed13c8d2eb7b86c78767
2026,Utilitário Esportivo Grande,GWM,HAVAL H6,PHEV19 FF,1.5 - 16V,Plug-in,PHEV_rotulo_inmetro,F,0.6,77.0,5,https://www.gov.br/inmetro/pt-br/assuntos/regulamentacao/avaliacao-da-conformidade/programa-brasileiro-de-etiquetagem/tabelas-de-eficiencia-energetica/veiculos-automotivos-pbe-veicular/mascara-pbev-2026_19_jan-rev01.pdf/@@download/file,43e928f89a526f7b59013faca3501b2b0716e5a8cdc2e097b8653638aa688ba0,2026-10-01T16:59:19.670019+00:00,km_ensaio_padronizado,catalogo_de_versoes_nao_vendas_nem_telemetria,parcial_com_quarentena,cc524b34d120059a57adb2d8c929e92d7eeee3a89dd8d3db35f3723c5e62eca7
2026,Utilitário Esportivo Grande,GWM,HAVAL H6,PHEV35 FF,1.5 - 16V,Plug-in,PHEV_rotulo_inmetro,F,0.7,126.0,5,https://www.gov.br/inmetro/pt-br/assuntos/regulamentacao/avaliacao-da-conformidade/programa-brasileiro-de-etiquetagem/tabelas-de-eficiencia-energetica/veiculos-automotivos-pbe-veicular/mascara-pbev-2026_19_jan-rev01.pdf/@@download/file,43e928f89a526f7b59013faca3501b2b0716e5a8cdc2e097b8653638aa688ba0,2026-10-01T16:59:19.670019+00:00,km_ensaio_padronizado,catalogo_de_versoes_nao_vendas_nem_telemetria,parcial_com_quarentena,1523b63bd1ae046f53b50252a7fe974da8d8fc76daf2ecc9028968382176af6d
2026,Utilitário Esportivo Grande,GWM,HAVAL H6,GT FF,1.5 - 16V,Plug-in,PHEV_rotulo_inmetro,F,0.7,126.0,5,https://www.gov.br/inmetro/pt-br/assuntos/regulamentacao/avaliacao-da-conformidade/programa-brasileiro-de-etiquetagem/tabelas-de-eficiencia-energetica/veiculos-automotivos-pbe-veicular/mascara-pbev-2026_19_jan-rev01.pdf/@@download/file,43e928f89a526f7b59013faca3501b2b0716e5a8cdc2e097b8653638aa688ba0,2026-10-01T16:59:19.670019+00:00,km_ensaio_padronizado,catalogo_de_versoes_nao_vendas_nem_telemetria,parcial_com_quarentena,922644ffe3a43255e6135d26da2951b507c8bfafa56fadf794b8591b4cf908c4
2026,Utilitário Esportivo Grande,GWM,HAVAL H6,HEV1 FLEX,1.5-16V,Híbrido,HIBRIDO_rotulo_inmetro,F,1.49,,5,https://www.gov.br/inmetro/pt-br/assuntos/regulamentacao/avaliacao-da-conformidade/programa-brasileiro-de-etiquetagem/tabelas-de-eficiencia-energetica/veiculos-automotivos-pbe-veicular/mascara-pbev-2026_19_jan-rev01.pdf/@@download/file,43e928f89a526f7b59013faca3501b2b0716e5a8cdc2e097b8653638aa688ba0,2026-10-01T16:59:19.670019+00:00,km_ensaio_padronizado,catalogo_de_versoes_nao_vendas_nem_telemetria,parcial_com_quarentena,23b53be28f78e00c3d369b0643c616c4bb1dcdfb6ca848746aa86b87db862261
2026,Utilitário Esportivo Grande,GWM,HAVAL H6,HEV2 FLEX,1.5-16V,Híbrido,HIBRIDO_rotulo_inmetro,F,1.49,,5,https://www.gov.br/inmetro/pt-br/assuntos/regulamentacao/avaliacao-da-conformidade/programa-brasileiro-de-etiquetagem/tabelas-de-eficiencia-energetica/veiculos-automotivos-pbe-veicular/mascara-pbev-2026_19_jan-rev01.pdf/@@download/file,43e928f89a526f7b59013faca3501b2b0716e5a8cdc2e097b8653638aa688ba0,2026-10-01T16:59:19.670019+00:00,km_ensaio_padronizado,catalogo_de_versoes_nao_vendas_nem_telemetria,parcial_com_quarentena,1f9703a71d46fa7add127ec0732b8e19eee9a6947c2147685506afd53d78e1fc
2026,Utilitário Esportivo Grande,GWM,WEY,07,1.5 - 16V,Plug-in,PHEV_rotulo_inmetro,G,0.83,128.0,5,https://www.gov.br/inmetro/pt-br/assuntos/regulamentacao/avaliacao-da-conformidade/programa-brasileiro-de-etiquetagem/tabelas-de-eficiencia-energetica/veiculos-automotivos-pbe-veicular/mascara-pbev-2026_19_jan-rev01.pdf/@@download/file,43e928f89a526f7b59013faca3501b2b0716e5a8cdc2e097b8653638aa688ba0,2026-10-01T16:59:19.670019+00:00,km_ensaio_padronizado,catalogo_de_versoes_nao_vendas_nem_telemetria,parcial_com_quarentena,508586d176ddf12f0fcaac92e9f28535ddc9017ebf41389935cb998168088e94
2026,Utilitário Esportivo Grande,GWM,WEY,07 DARK ED.,1.5 - 16V,Plug-in,PHEV_rotulo_inmetro,G,0.83,128.0,5,https://www.gov.br/inmetro/pt-br/assuntos/regulamentacao/avaliacao-da-conformidade/programa-brasileiro-de-etiquetagem/tabelas-de-eficiencia-energetica/veiculos-automotivos-pbe-veicular/mascara-pbev-2026_19_jan-rev01.pdf/@@download/file,43e928f89a526f7b59013faca3501b2b0716e5a8cdc2e097b8653638aa688ba0,2026-10-01T16:59:19.670019+00:00,km_ensaio_padronizado,catalogo_de_versoes_nao_vendas_nem_telemetria,parcial_com_quarentena,ca427e198055e342e51a3032260ab660458ced7380ba10feafe4723d0366c232
2026,Utilitário Esportivo Grande,HONDA,CR-V,TOURING,2.0-16V,Híbrido,HIBRIDO_rotulo_inmetro,G,1.65,,5,https://www.gov.br/inmetro/pt-br/assuntos/regulamentacao/avaliacao-da-conformidade/programa-brasileiro-de-etiquetagem/tabelas-de-eficiencia-energetica/veiculos-automotivos-pbe-veicular/mascara-pbev-2026_19_jan-rev01.pdf/@@download/file,43e928f89a526f7b59013faca3501b2b0716e5a8cdc2e097b8653638aa688ba0,2026-10-01T16:59:19.670019+00:00,km_ensaio_padronizado,catalogo_de_versoes_nao_vendas_nem_telemetria,parcial_com_quarentena,afa0c98890e0e182299f18af9c8a0c4ebbaff5cb70e2e55e5076e9c92cd9a5a3
2026,Utilitário Esportivo Grande,JEEP,COMMANDER,LMTD HYB,1.3T-16V,Híbrido,HIBRIDO_rotulo_inmetro,F,1.94,,6,https://www.gov.br/inmetro/pt-br/assuntos/regulamentacao/avaliacao-da-conformidade/programa-brasileiro-de-etiquetagem/tabelas-de-eficiencia-energetica/veiculos-automotivos-pbe-veicular/mascara-pbev-2026_19_jan-rev01.pdf/@@download/file,43e928f89a526f7b59013faca3501b2b0716e5a8cdc2e097b8653638aa688ba0,2026-10-01T16:59:19.670019+00:00,km_ensaio_padronizado,catalogo_de_versoes_nao_vendas_nem_telemetria,parcial_com_quarentena,e7e7c1234cb830c7c2249055d5941ac0fe3f49234026a0b0d1f05dee9cb477d3
2026,Utilitário Esportivo Grande,JEEP,COMMANDER,OVER HYB,1.3T-16V,Híbrido,HIBRIDO_rotulo_inmetro,F,1.94,,6,https://www.gov.br/inmetro/pt-br/assuntos/regulamentacao/avaliacao-da-conformidade/programa-brasileiro-de-etiquetagem/tabelas-de-eficiencia-energetica/veiculos-automotivos-pbe-veicular/mascara-pbev-2026_19_jan-rev01.pdf/@@download/file,43e928f89a526f7b59013faca3501b2b0716e5a8cdc2e097b8653638aa688ba0,2026-10-01T16:59:19.670019+00:00,km_ensaio_padronizado,catalogo_de_versoes_nao_vendas_nem_telemetria,parcial_com_quarentena,81c7c9a9e72a9c0b70f7bb847fee1cf38863552a74883d879da39ac2eccc1dae
2026,Utilitário Esportivo Grande,JETOUR,T1 I-DM,ADVANCE,1.5-16V,Plug-in,PHEV_rotulo_inmetro,G,0.66,88.0,6,https://www.gov.br/inmetro/pt-br/assuntos/regulamentacao/avaliacao-da-conformidade/programa-brasileiro-de-etiquetagem/tabelas-de-eficiencia-energetica/veiculos-automotivos-pbe-veicular/mascara-pbev-2026_19_jan-rev01.pdf/@@download/file,43e928f89a526f7b59013faca3501b2b0716e5a8cdc2e097b8653638aa688ba0,2026-10-01T16:59:19.670019+00:00,km_ensaio_padronizado,catalogo_de_versoes_nao_vendas_nem_telemetria,parcial_com_quarentena,16e19de6fa3fc0e7548e5f2b48ef9b1eb065813822f84d916a359569916b7fee
2026,Utilitário Esportivo Grande,JETOUR,T1 I-DM,PREMIUM,1.5-16V,Plug-in,PHEV_rotulo_inmetro,G,0.66,88.0,6,https://www.gov.br/inmetro/pt-br/assuntos/regulamentacao/avaliacao-da-conformidade/programa-brasileiro-de-etiquetagem/tabelas-de-eficiencia-energetica/veiculos-automotivos-pbe-veicular/mascara-pbev-2026_19_jan-rev01.pdf/@@download/file,43e928f89a526f7b59013faca3501b2b0716e5a8cdc2e097b8653638aa688ba0,2026-10-01T16:59:19.670019+00:00,km_ensaio_padronizado,catalogo_de_versoes_nao_vendas_nem_telemetria,parcial_com_quarentena,a255d004101dfff9c5a1a7ee09ce0c9864383e4abeaced21a0d6ca4d4f800501
2026,Utilitário Esportivo Grande,JETOUR,T2 I-DM,ADVANCE,1.5-16V,Plug-in,PHEV_rotulo_inmetro,G,0.8,75.0,6,https://www.gov.br/inmetro/pt-br/assuntos/regulamentacao/avaliacao-da-conformidade/programa-brasileiro-de-etiquetagem/tabelas-de-eficiencia-energetica/veiculos-automotivos-pbe-veicular/mascara-pbev-2026_19_jan-rev01.pdf/@@download/file,43e928f89a526f7b59013faca3501b2b0716e5a8cdc2e097b8653638aa688ba0,2026-10-01T16:59:19.670019+00:00,km_ensaio_padronizado,catalogo_de_versoes_nao_vendas_nem_telemetria,parcial_com_quarentena,aeeff623b40c6a9436a904b7269f5af2861434f2402199a897e3c3ab3c223d47
2026,Utilitário Esportivo Grande,JETOUR,T2 I-DM,PREMIUM,1.5-16V,Plug-in,PHEV_rotulo_inmetro,G,0.8,75.0,6,https://www.gov.br/inmetro/pt-br/assuntos/regulamentacao/avaliacao-da-conformidade/programa-brasileiro-de-etiquetagem/tabelas-de-eficiencia-energetica/veiculos-automotivos-pbe-veicular/mascara-pbev-2026_19_jan-rev01.pdf/@@download/file,43e928f89a526f7b59013faca3501b2b0716e5a8cdc2e097b8653638aa688ba0,2026-10-01T16:59:19.670019+00:00,km_ensaio_padronizado,catalogo_de_versoes_nao_vendas_nem_telemetria,parcial_com_quarentena,96a5d40daf73d9b506a39dd600c3e2f105746ae7bfa65c740b7dcfeac6a7003b
2026,Utilitário Esportivo Grande,KIA,SPORTAGE,TMHEV EX,1.6 - 16V,Híbrido,HIBRIDO_rotulo_inmetro,G,1.68,,6,https://www.gov.br/inmetro/pt-br/assuntos/regulamentacao/avaliacao-da-conformidade/programa-brasileiro-de-etiquetagem/tabelas-de-eficiencia-energetica/veiculos-automotivos-pbe-veicular/mascara-pbev-2026_19_jan-rev01.pdf/@@download/file,43e928f89a526f7b59013faca3501b2b0716e5a8cdc2e097b8653638aa688ba0,2026-10-01T16:59:19.670019+00:00,km_ensaio_padronizado,catalogo_de_versoes_nao_vendas_nem_telemetria,parcial_com_quarentena,2a0df185e0672ab73624c317a6d5cd5658a5258233f7bd0394cd83e3a98b271c
2026,Utilitário Esportivo Grande,KIA,SPORTAGE,TMHEV LX,1.6 - 16V,Híbrido,HIBRIDO_rotulo_inmetro,G,1.68,,6,https://www.gov.br/inmetro/pt-br/assuntos/regulamentacao/avaliacao-da-conformidade/programa-brasileiro-de-etiquetagem/tabelas-de-eficiencia-energetica/veiculos-automotivos-pbe-veicular/mascara-pbev-2026_19_jan-rev01.pdf/@@download/file,43e928f89a526f7b59013faca3501b2b0716e5a8cdc2e097b8653638aa688ba0,2026-10-01T16:59:19.670019+00:00,km_ensaio_padronizado,catalogo_de_versoes_nao_vendas_nem_telemetria,parcial_com_quarentena,764b66a33a0fb417fe375b17c09e89453d78d286bd3144e4f0c0b0426eb7ab1f
2026,Utilitário Esportivo Grande,KIA,SPORTAGE,TMHEV SX,1.6 - 16V,Híbrido,HIBRIDO_rotulo_inmetro,G,1.68,,6,https://www.gov.br/inmetro/pt-br/assuntos/regulamentacao/avaliacao-da-conformidade/programa-brasileiro-de-etiquetagem/tabelas-de-eficiencia-energetica/veiculos-automotivos-pbe-veicular/mascara-pbev-2026_19_jan-rev01.pdf/@@download/file,43e928f89a526f7b59013faca3501b2b0716e5a8cdc2e097b8653638aa688ba0,2026-10-01T16:59:19.670019+00:00,km_ensaio_padronizado,catalogo_de_versoes_nao_vendas_nem_telemetria,parcial_com_quarentena,93711797cc337dbee2e4ce87ed3d992bcb14c242f9c9c43758b4d0409c2bc83d
2026,Utilitário Esportivo Grande,KIA,SPORTAGE,TMHEV GT,1.6 - 16V,Híbrido,HIBRIDO_rotulo_inmetro,G,1.68,,6,https://www.gov.br/inmetro/pt-br/assuntos/regulamentacao/avaliacao-da-conformidade/programa-brasileiro-de-etiquetagem/tabelas-de-eficiencia-energetica/veiculos-automotivos-pbe-veicular/mascara-pbev-2026_19_jan-rev01.pdf/@@download/file,43e928f89a526f7b59013faca3501b2b0716e5a8cdc2e097b8653638aa688ba0,2026-10-01T16:59:19.670019+00:00,km_ensaio_padronizado,catalogo_de_versoes_nao_vendas_nem_telemetria,parcial_com_quarentena,75ed7567a3dce7affdb3495502e638cd2ea42539dac2c491c1d6dbfd5b00d4c7
2026,Utilitário Esportivo Grande,KIA,SPORTAGE,TMHEV EXP,1.6 - 16V,Híbrido,HIBRIDO_rotulo_inmetro,G,1.68,,6,https://www.gov.br/inmetro/pt-br/assuntos/regulamentacao/avaliacao-da-conformidade/programa-brasileiro-de-etiquetagem/tabelas-de-eficiencia-energetica/veiculos-automotivos-pbe-veicular/mascara-pbev-2026_19_jan-rev01.pdf/@@download/file,43e928f89a526f7b59013faca3501b2b0716e5a8cdc2e097b8653638aa688ba0,2026-10-01T16:59:19.670019+00:00,km_ensaio_padronizado,catalogo_de_versoes_nao_vendas_nem_telemetria,parcial_com_quarentena,8b03683d103b12f67b17fa57087b39088ef718c3d014f683de82966f199bc6ac
2026,Utilitário Esportivo Grande,VOLVO,EX40,6 CORE,Elétrico,Elétrico,BEV_rotulo_inmetro,E,0.55,364.0,6,https://www.gov.br/inmetro/pt-br/assuntos/regulamentacao/avaliacao-da-conformidade/programa-brasileiro-de-etiquetagem/tabelas-de-eficiencia-energetica/veiculos-automotivos-pbe-veicular/mascara-pbev-2026_19_jan-rev01.pdf/@@download/file,43e928f89a526f7b59013faca3501b2b0716e5a8cdc2e097b8653638aa688ba0,2026-10-01T16:59:19.670019+00:00,km_ensaio_padronizado,catalogo_de_versoes_nao_vendas_nem_telemetria,parcial_com_quarentena,82a309d9d5fe8f2c8c6a49870397504f32019aebe30268d48a3f97a6bc15d22f
2026,Utilitário Esportivo Grande,VOLVO,EX40,6 PLUS,Elétrico,Elétrico,BEV_rotulo_inmetro,E,0.55,364.0,6,https://www.gov.br/inmetro/pt-br/assuntos/regulamentacao/avaliacao-da-conformidade/programa-brasileiro-de-etiquetagem/tabelas-de-eficiencia-energetica/veiculos-automotivos-pbe-veicular/mascara-pbev-2026_19_jan-rev01.pdf/@@download/file,43e928f89a526f7b59013faca3501b2b0716e5a8cdc2e097b8653638aa688ba0,2026-10-01T16:59:19.670019+00:00,km_ensaio_padronizado,catalogo_de_versoes_nao_vendas_nem_telemetria,parcial_com_quarentena,d3a43db61c45a48406562f90fe4c421dbd80e9c4632c8409d73d4802d0c519cd
2026,Utilitário Esportivo Grande,VOLVO,EX40,6 ULTRA,Elétrico,Elétrico,BEV_rotulo_inmetro,E,0.55,364.0,6,https://www.gov.br/inmetro/pt-br/assuntos/regulamentacao/avaliacao-da-conformidade/programa-brasileiro-de-etiquetagem/tabelas-de-eficiencia-energetica/veiculos-automotivos-pbe-veicular/mascara-pbev-2026_19_jan-rev01.pdf/@@download/file,43e928f89a526f7b59013faca3501b2b0716e5a8cdc2e097b8653638aa688ba0,2026-10-01T16:59:19.670019+00:00,km_ensaio_padronizado,catalogo_de_versoes_nao_vendas_nem_telemetria,parcial_com_quarentena,6b894cc833c0bc1b0dbc4f06c37989249fdcadf84d55825a2c424b6c486b1b79
2026,Utilitário Esportivo Grande,ZEEKR,X,Premium,Elétrico,Elétrico,BEV_rotulo_inmetro,E,0.55,332.0,6,https://www.gov.br/inmetro/pt-br/assuntos/regulamentacao/avaliacao-da-conformidade/programa-brasileiro-de-etiquetagem/tabelas-de-eficiencia-energetica/veiculos-automotivos-pbe-veicular/mascara-pbev-2026_19_jan-rev01.pdf/@@download/file,43e928f89a526f7b59013faca3501b2b0716e5a8cdc2e097b8653638aa688ba0,2026-10-01T16:59:19.670019+00:00,km_ensaio_padronizado,catalogo_de_versoes_nao_vendas_nem_telemetria,parcial_com_quarentena,b222eba9315a0d6f3496aebb2921002d4dd287503598989d2e82805cdf7b8cfe
2026,Utilitário Esportivo Grande 4x4,BMW,X3,M50i,3.0 - 24V,Híbrido,HIBRIDO_rotulo_inmetro,G,2.16,,6,https://www.gov.br/inmetro/pt-br/assuntos/regulamentacao/avaliacao-da-conformidade/programa-brasileiro-de-etiquetagem/tabelas-de-eficiencia-energetica/veiculos-automotivos-pbe-veicular/mascara-pbev-2026_19_jan-rev01.pdf/@@download/file,43e928f89a526f7b59013faca3501b2b0716e5a8cdc2e097b8653638aa688ba0,2026-10-01T16:59:19.670019+00:00,km_ensaio_padronizado,catalogo_de_versoes_nao_vendas_nem_telemetria,parcial_com_quarentena,97cef3f2833b7e421598bb91a91c9bb7d64060cc1b13203bb105e1e997b14ab8
2026,Utilitário Esportivo Grande 4x4,BMW,X3,30 XDRIVE,2.0 - 16V,Híbrido,HIBRIDO_rotulo_inmetro,G,1.96,,6,https://www.gov.br/inmetro/pt-br/assuntos/regulamentacao/avaliacao-da-conformidade/programa-brasileiro-de-etiquetagem/tabelas-de-eficiencia-energetica/veiculos-automotivos-pbe-veicular/mascara-pbev-2026_19_jan-rev01.pdf/@@download/file,43e928f89a526f7b59013faca3501b2b0716e5a8cdc2e097b8653638aa688ba0,2026-10-01T16:59:19.670019+00:00,km_ensaio_padronizado,catalogo_de_versoes_nao_vendas_nem_telemetria,parcial_com_quarentena,b3a8d81c98bf3a3a0662ba1a34bebf69bc93aa2ccff207449f8f44bef98f5638
2026,Utilitário Esportivo Grande 4x4,BMW,X5,xDrive50e MSP,3.0 - 24V,Plug-in,PHEV_rotulo_inmetro,G,0.88,76.0,6,https://www.gov.br/inmetro/pt-br/assuntos/regulamentacao/avaliacao-da-conformidade/programa-brasileiro-de-etiquetagem/tabelas-de-eficiencia-energetica/veiculos-automotivos-pbe-veicular/mascara-pbev-2026_19_jan-rev01.pdf/@@download/file,43e928f89a526f7b59013faca3501b2b0716e5a8cdc2e097b8653638aa688ba0,2026-10-01T16:59:19.670019+00:00,km_ensaio_padronizado,catalogo_de_versoes_nao_vendas_nem_telemetria,parcial_com_quarentena,d2be66472470e27d6f8a9c6e77b493f22a6ed453305dad6e69256dd6682cdfaf
2026,Utilitário Esportivo Grande 4x4,BMW,X5,xDrive50e XLINE,3.0 - 24V,Plug-in,PHEV_rotulo_inmetro,G,0.88,76.0,6,https://www.gov.br/inmetro/pt-br/assuntos/regulamentacao/avaliacao-da-conformidade/programa-brasileiro-de-etiquetagem/tabelas-de-eficiencia-energetica/veiculos-automotivos-pbe-veicular/mascara-pbev-2026_19_jan-rev01.pdf/@@download/file,43e928f89a526f7b59013faca3501b2b0716e5a8cdc2e097b8653638aa688ba0,2026-10-01T16:59:19.670019+00:00,km_ensaio_padronizado,catalogo_de_versoes_nao_vendas_nem_telemetria,parcial_com_quarentena,d75622f214f944184ae95a77ebf6b46cbb3493c375db7344e92a2cf837e76013
2026,Utilitário Esportivo Grande 4x4,BMW,X6,xDrive40i MSP,3.0 - 24V,Híbrido,HIBRIDO_rotulo_inmetro,G,2.33,,6,https://www.gov.br/inmetro/pt-br/assuntos/regulamentacao/avaliacao-da-conformidade/programa-brasileiro-de-etiquetagem/tabelas-de-eficiencia-energetica/veiculos-automotivos-pbe-veicular/mascara-pbev-2026_19_jan-rev01.pdf/@@download/file,43e928f89a526f7b59013faca3501b2b0716e5a8cdc2e097b8653638aa688ba0,2026-10-01T16:59:19.670019+00:00,km_ensaio_padronizado,catalogo_de_versoes_nao_vendas_nem_telemetria,parcial_com_quarentena,f84abd8ae28c67b90dbdeb8323ce84ecb10c4b571af2f9457fb8285c8877886d
2026,Utilitário Esportivo Grande 4x4,BMW,X6,40I MSP DARK ED,3.0 - 24V,Híbrido,HIBRIDO_rotulo_inmetro,G,2.33,,6,https://www.gov.br/inmetro/pt-br/assuntos/regulamentacao/avaliacao-da-conformidade/programa-brasileiro-de-etiquetagem/tabelas-de-eficiencia-energetica/veiculos-automotivos-pbe-veicular/mascara-pbev-2026_19_jan-rev01.pdf/@@download/file,43e928f89a526f7b59013faca3501b2b0716e5a8cdc2e097b8653638aa688ba0,2026-10-01T16:59:19.670019+00:00,km_ensaio_padronizado,catalogo_de_versoes_nao_vendas_nem_telemetria,parcial_com_quarentena,bc00077615c46985b1f41d3452931d1e85fef17730451b98c8c1205ed490068b
2026,Utilitário Esportivo Grande 4x4,BMW,X7,xDrive40i,3.0 - 24V,Híbrido,HIBRIDO_rotulo_inmetro,G,2.66,,6,https://www.gov.br/inmetro/pt-br/assuntos/regulamentacao/avaliacao-da-conformidade/programa-brasileiro-de-etiquetagem/tabelas-de-eficiencia-energetica/veiculos-automotivos-pbe-veicular/mascara-pbev-2026_19_jan-rev01.pdf/@@download/file,43e928f89a526f7b59013faca3501b2b0716e5a8cdc2e097b8653638aa688ba0,2026-10-01T16:59:19.670019+00:00,km_ensaio_padronizado,catalogo_de_versoes_nao_vendas_nem_telemetria,parcial_com_quarentena,266b87d6f89ad34504f114efd4d552ae142b932bc7bc7f9334b1a1559497dac4
2026,Utilitário Esportivo Grande 4x4,GAC,GS9,ULTRA,1.5-16V,Plug-in,PHEV_rotulo_inmetro,G,0.74,114.0,6,https://www.gov.br/inmetro/pt-br/assuntos/regulamentacao/avaliacao-da-conformidade/programa-brasileiro-de-etiquetagem/tabelas-de-eficiencia-energetica/veiculos-automotivos-pbe-veicular/mascara-pbev-2026_19_jan-rev01.pdf/@@download/file,43e928f89a526f7b59013faca3501b2b0716e5a8cdc2e097b8653638aa688ba0,2026-10-01T16:59:19.670019+00:00,km_ensaio_padronizado,catalogo_de_versoes_nao_vendas_nem_telemetria,parcial_com_quarentena,1713170ca899b24a72bf200ab9bb1c6848caf06b5a312e00b7db5c57f42c11e3
2026,Utilitário Esportivo Grande 4x4,JETOUR,T2 I-DM,PRM 4X4,1.5-16V,Plug-in,PHEV_rotulo_inmetro,G,0.84,106.0,6,https://www.gov.br/inmetro/pt-br/assuntos/regulamentacao/avaliacao-da-conformidade/programa-brasileiro-de-etiquetagem/tabelas-de-eficiencia-energetica/veiculos-automotivos-pbe-veicular/mascara-pbev-2026_19_jan-rev01.pdf/@@download/file,43e928f89a526f7b59013faca3501b2b0716e5a8cdc2e097b8653638aa688ba0,2026-10-01T16:59:19.670019+00:00,km_ensaio_padronizado,catalogo_de_versoes_nao_vendas_nem_telemetria,parcial_com_quarentena,7757d39f06524be2f86f19657f74d6ad0e0527f2d90bd8bc08598e16d923a12c
2026,Utilitário Esportivo Grande 4x4,MERCEDES-BENZ,GLC300 4M,,2.0-16V,Híbrido,HIBRIDO_rotulo_inmetro,G,2.11,,6,https://www.gov.br/inmetro/pt-br/assuntos/regulamentacao/avaliacao-da-conformidade/programa-brasileiro-de-etiquetagem/tabelas-de-eficiencia-energetica/veiculos-automotivos-pbe-veicular/mascara-pbev-2026_19_jan-rev01.pdf/@@download/file,43e928f89a526f7b59013faca3501b2b0716e5a8cdc2e097b8653638aa688ba0,2026-10-01T16:59:19.670019+00:00,km_ensaio_padronizado,catalogo_de_versoes_nao_vendas_nem_telemetria,parcial_com_quarentena,1a87276a37bc16c9e88636986d7d0a44c957627579625456dcac8a2e0af68229
2026,Utilitário Esportivo Grande 4x4,MERCEDES-BENZ,GLC300 4M,CO,2.0-16V,Híbrido,HIBRIDO_rotulo_inmetro,G,2.11,,6,https://www.gov.br/inmetro/pt-br/assuntos/regulamentacao/avaliacao-da-conformidade/programa-brasileiro-de-etiquetagem/tabelas-de-eficiencia-energetica/veiculos-automotivos-pbe-veicular/mascara-pbev-2026_19_jan-rev01.pdf/@@download/file,43e928f89a526f7b59013faca3501b2b0716e5a8cdc2e097b8653638aa688ba0,2026-10-01T16:59:19.670019+00:00,km_ensaio_padronizado,catalogo_de_versoes_nao_vendas_nem_telemetria,parcial_com_quarentena,9c328067fb7082c4eb46ef374bed1eba1b76c2fbc093e6118798c5676a29f6aa
2026,Utilitário Esportivo Grande 4x4,MERCEDES-BENZ,GLE450D,AMGL,3.0-24V,Híbrido,HIBRIDO_rotulo_inmetro,D,2.32,,6,https://www.gov.br/inmetro/pt-br/assuntos/regulamentacao/avaliacao-da-conformidade/programa-brasileiro-de-etiquetagem/tabelas-de-eficiencia-energetica/veiculos-automotivos-pbe-veicular/mascara-pbev-2026_19_jan-rev01.pdf/@@download/file,43e928f89a526f7b59013faca3501b2b0716e5a8cdc2e097b8653638aa688ba0,2026-10-01T16:59:19.670019+00:00,km_ensaio_padronizado,catalogo_de_versoes_nao_vendas_nem_telemetria,parcial_com_quarentena,c7cc388593bd00336fb93570bd68d3a0bb3035c863d3a9eb2fa5fcd8b08b7b9b
2026,Utilitário Esportivo Grande 4x4,MERCEDES-BENZ,GLE450D,CO AMGL,3.0-24V,Híbrido,HIBRIDO_rotulo_inmetro,D,2.32,,6,https://www.gov.br/inmetro/pt-br/assuntos/regulamentacao/avaliacao-da-conformidade/programa-brasileiro-de-etiquetagem/tabelas-de-eficiencia-energetica/veiculos-automotivos-pbe-veicular/mascara-pbev-2026_19_jan-rev01.pdf/@@download/file,43e928f89a526f7b59013faca3501b2b0716e5a8cdc2e097b8653638aa688ba0,2026-10-01T16:59:19.670019+00:00,km_ensaio_padronizado,catalogo_de_versoes_nao_vendas_nem_telemetria,parcial_com_quarentena,7cfd4ba3931827c7b036f5272c9da75fbc57d0c104647a6d67972543ff9db922
2026,Utilitário Esportivo Grande 4x4,PORSCHE,CAYENNE,PHEV,3.0-24V,Plug-in,PHEV_rotulo_inmetro,G,1.04,52.0,6,https://www.gov.br/inmetro/pt-br/assuntos/regulamentacao/avaliacao-da-conformidade/programa-brasileiro-de-etiquetagem/tabelas-de-eficiencia-energetica/veiculos-automotivos-pbe-veicular/mascara-pbev-2026_19_jan-rev01.pdf/@@download/file,43e928f89a526f7b59013faca3501b2b0716e5a8cdc2e097b8653638aa688ba0,2026-10-01T16:59:19.670019+00:00,km_ensaio_padronizado,catalogo_de_versoes_nao_vendas_nem_telemetria,parcial_com_quarentena,61cf0c7eed53ec97c8a75819b8ccbce0aaad2315f988eb499169bb82cae50334
2026,Utilitário Esportivo Grande 4x4,PORSCHE,CAYENNE,CP PHE,3.0-24V,Plug-in,PHEV_rotulo_inmetro,G,1.04,52.0,6,https://www.gov.br/inmetro/pt-br/assuntos/regulamentacao/avaliacao-da-conformidade/programa-brasileiro-de-etiquetagem/tabelas-de-eficiencia-energetica/veiculos-automotivos-pbe-veicular/mascara-pbev-2026_19_jan-rev01.pdf/@@download/file,43e928f89a526f7b59013faca3501b2b0716e5a8cdc2e097b8653638aa688ba0,2026-10-01T16:59:19.670019+00:00,km_ensaio_padronizado,catalogo_de_versoes_nao_vendas_nem_telemetria,parcial_com_quarentena,9d8bf443e214b72b5bbaed10c3013f8c3a978f70e5eb23602e1da294c2792c77
2026,Utilitário Esportivo Grande 4x4,PORSCHE,CAYENNE,CPH BE,3.0-24V,Plug-in,PHEV_rotulo_inmetro,G,1.04,52.0,6,https://www.gov.br/inmetro/pt-br/assuntos/regulamentacao/avaliacao-da-conformidade/programa-brasileiro-de-etiquetagem/tabelas-de-eficiencia-energetica/veiculos-automotivos-pbe-veicular/mascara-pbev-2026_19_jan-rev01.pdf/@@download/file,43e928f89a526f7b59013faca3501b2b0716e5a8cdc2e097b8653638aa688ba0,2026-10-01T16:59:19.670019+00:00,km_ensaio_padronizado,catalogo_de_versoes_nao_vendas_nem_telemetria,parcial_com_quarentena,eefab1456d168acb77e9fa1d4c45a64f27093c28316841d23c999b2af24290de
2026,Utilitário Esportivo Grande 4x4,PORSCHE,CAYENNE,PH BE,3.0-24V,Plug-in,PHEV_rotulo_inmetro,G,1.04,52.0,6,https://www.gov.br/inmetro/pt-br/assuntos/regulamentacao/avaliacao-da-conformidade/programa-brasileiro-de-etiquetagem/tabelas-de-eficiencia-energetica/veiculos-automotivos-pbe-veicular/mascara-pbev-2026_19_jan-rev01.pdf/@@download/file,43e928f89a526f7b59013faca3501b2b0716e5a8cdc2e097b8653638aa688ba0,2026-10-01T16:59:19.670019+00:00,km_ensaio_padronizado,catalogo_de_versoes_nao_vendas_nem_telemetria,parcial_com_quarentena,22cf5c9075d90025daa6bc93f6b7e5c4279ea5079c63048cd1ada5d12b356a92
2026,Utilitário Esportivo Grande 4x4,PORSCHE,CAYENNE,T PHEV,4.0-32V,Plug-in,PHEV_rotulo_inmetro,G,1.01,57.0,6,https://www.gov.br/inmetro/pt-br/assuntos/regulamentacao/avaliacao-da-conformidade/programa-brasileiro-de-etiquetagem/tabelas-de-eficiencia-energetica/veiculos-automotivos-pbe-veicular/mascara-pbev-2026_19_jan-rev01.pdf/@@download/file,43e928f89a526f7b59013faca3501b2b0716e5a8cdc2e097b8653638aa688ba0,2026-10-01T16:59:19.670019+00:00,km_ensaio_padronizado,catalogo_de_versoes_nao_vendas_nem_telemetria,parcial_com_quarentena,dcfaccd6808fb13839e568837ddb42f097b1365fd58e8ede6d5c508f22881516
2026,Utilitário Esportivo Grande 4x4,PORSCHE,CAYENNE,TCPHEV,4.0-32V,Plug-in,PHEV_rotulo_inmetro,G,1.01,57.0,6,https://www.gov.br/inmetro/pt-br/assuntos/regulamentacao/avaliacao-da-conformidade/programa-brasileiro-de-etiquetagem/tabelas-de-eficiencia-energetica/veiculos-automotivos-pbe-veicular/mascara-pbev-2026_19_jan-rev01.pdf/@@download/file,43e928f89a526f7b59013faca3501b2b0716e5a8cdc2e097b8653638aa688ba0,2026-10-01T16:59:19.670019+00:00,km_ensaio_padronizado,catalogo_de_versoes_nao_vendas_nem_telemetria,parcial_com_quarentena,6dd7248910254ba52a09fcc5a576f2d0c229a243b7be1d083135c7bd2369fa9e
2026,Utilitário Esportivo Grande 4x4,PORSCHE,CAYENNE,S PHEV,3.0-24V,Plug-in,PHEV_rotulo_inmetro,G,0.98,57.0,6,https://www.gov.br/inmetro/pt-br/assuntos/regulamentacao/avaliacao-da-conformidade/programa-brasileiro-de-etiquetagem/tabelas-de-eficiencia-energetica/veiculos-automotivos-pbe-veicular/mascara-pbev-2026_19_jan-rev01.pdf/@@download/file,43e928f89a526f7b59013faca3501b2b0716e5a8cdc2e097b8653638aa688ba0,2026-10-01T16:59:19.670019+00:00,km_ensaio_padronizado,catalogo_de_versoes_nao_vendas_nem_telemetria,parcial_com_quarentena,abf8163d9d9594b354a15caac0ed3f136b8fbbc902b863208a1c0a06507939ca
2026,Utilitário Esportivo Grande 4x4,PORSCHE,CAYENNE,SCPHEV,3.0-24V,Plug-in,PHEV_rotulo_inmetro,G,0.98,57.0,6,https://www.gov.br/inmetro/pt-br/assuntos/regulamentacao/avaliacao-da-conformidade/programa-brasileiro-de-etiquetagem/tabelas-de-eficiencia-energetica/veiculos-automotivos-pbe-veicular/mascara-pbev-2026_19_jan-rev01.pdf/@@download/file,43e928f89a526f7b59013faca3501b2b0716e5a8cdc2e097b8653638aa688ba0,2026-10-01T16:59:19.670019+00:00,km_ensaio_padronizado,catalogo_de_versoes_nao_vendas_nem_telemetria,parcial_com_quarentena,73760f9415d8751aca90f58189142707a86abb8dabb2b2d948e2c3333c39290e
2026,Utilitário Esportivo Grande 4x4,PORSCHE,CAYENNE,SCPHBE,3.0-24V,Plug-in,PHEV_rotulo_inmetro,G,0.98,57.0,6,https://www.gov.br/inmetro/pt-br/assuntos/regulamentacao/avaliacao-da-conformidade/programa-brasileiro-de-etiquetagem/tabelas-de-eficiencia-energetica/veiculos-automotivos-pbe-veicular/mascara-pbev-2026_19_jan-rev01.pdf/@@download/file,43e928f89a526f7b59013faca3501b2b0716e5a8cdc2e097b8653638aa688ba0,2026-10-01T16:59:19.670019+00:00,km_ensaio_padronizado,catalogo_de_versoes_nao_vendas_nem_telemetria,parcial_com_quarentena,06e5cc8b6846c5cee1ec048d9bbdd39fd00fb2da624d4c44423ff297848ae731
2026,Utilitário Esportivo Grande 4x4,PORSCHE,CAYENNE,SPH BE,3.0-24V,Plug-in,PHEV_rotulo_inmetro,G,0.98,57.0,6,https://www.gov.br/inmetro/pt-br/assuntos/regulamentacao/avaliacao-da-conformidade/programa-brasileiro-de-etiquetagem/tabelas-de-eficiencia-energetica/veiculos-automotivos-pbe-veicular/mascara-pbev-2026_19_jan-rev01.pdf/@@download/file,43e928f89a526f7b59013faca3501b2b0716e5a8cdc2e097b8653638aa688ba0,2026-10-01T16:59:19.670019+00:00,km_ensaio_padronizado,catalogo_de_versoes_nao_vendas_nem_telemetria,parcial_com_quarentena,2ab7fbe2ce084d100a6718a0ec7a5088ef90dddcf7c490e063158c5279455a06
2026,Utilitário Esportivo Grande 4x4,PORSCHE,CAYENNE,E,Elétrico,Elétrico,BEV_rotulo_inmetro,E,0.63,493.0,6,https://www.gov.br/inmetro/pt-br/assuntos/regulamentacao/avaliacao-da-conformidade/programa-brasileiro-de-etiquetagem/tabelas-de-eficiencia-energetica/veiculos-automotivos-pbe-veicular/mascara-pbev-2026_19_jan-rev01.pdf/@@download/file,43e928f89a526f7b59013faca3501b2b0716e5a8cdc2e097b8653638aa688ba0,2026-10-01T16:59:19.670019+00:00,km_ensaio_padronizado,catalogo_de_versoes_nao_vendas_nem_telemetria,parcial_com_quarentena,e75b1dc56186123a6c74616776d50822d18ad536615d597b7bbedecc165de8dc
2026,Utilitário Esportivo Grande 4x4,PORSCHE,CAYENNE,E OF,Elétrico,Elétrico,BEV_rotulo_inmetro,E,0.63,493.0,6,https://www.gov.br/inmetro/pt-br/assuntos/regulamentacao/avaliacao-da-conformidade/programa-brasileiro-de-etiquetagem/tabelas-de-eficiencia-energetica/veiculos-automotivos-pbe-veicular/mascara-pbev-2026_19_jan-rev01.pdf/@@download/file,43e928f89a526f7b59013faca3501b2b0716e5a8cdc2e097b8653638aa688ba0,2026-10-01T16:59:19.670019+00:00,km_ensaio_padronizado,catalogo_de_versoes_nao_vendas_nem_telemetria,parcial_com_quarentena,ca6dadc7d50ac25bdc628368392de37055d365c3d934e96d897997528f732b58
2026,Utilitário Esportivo Grande 4x4,PORSCHE,CAYENNE,E C,Elétrico,Elétrico,BEV_rotulo_inmetro,E,0.63,493.0,6,https://www.gov.br/inmetro/pt-br/assuntos/regulamentacao/avaliacao-da-conformidade/programa-brasileiro-de-etiquetagem/tabelas-de-eficiencia-energetica/veiculos-automotivos-pbe-veicular/mascara-pbev-2026_19_jan-rev01.pdf/@@download/file,43e928f89a526f7b59013faca3501b2b0716e5a8cdc2e097b8653638aa688ba0,2026-10-01T16:59:19.670019+00:00,km_ensaio_padronizado,catalogo_de_versoes_nao_vendas_nem_telemetria,parcial_com_quarentena,a664705fa2d167d7a01d691d832e61b75e6b568288a4049ed149581f76c460c0
2026,Utilitário Esportivo Grande 4x4,PORSCHE,CAYENNE,E CO,Elétrico,Elétrico,BEV_rotulo_inmetro,E,0.63,493.0,6,https://www.gov.br/inmetro/pt-br/assuntos/regulamentacao/avaliacao-da-conformidade/programa-brasileiro-de-etiquetagem/tabelas-de-eficiencia-energetica/veiculos-automotivos-pbe-veicular/mascara-pbev-2026_19_jan-rev01.pdf/@@download/file,43e928f89a526f7b59013faca3501b2b0716e5a8cdc2e097b8653638aa688ba0,2026-10-01T16:59:19.670019+00:00,km_ensaio_padronizado,catalogo_de_versoes_nao_vendas_nem_telemetria,parcial_com_quarentena,aaf413e5279165f7ac45c354249d592c3ea8a76a370b77f08de6d5b7be2c11ab
2026,Utilitário Esportivo Grande 4x4,PORSCHE,CAYENNE,ET,Elétrico,Elétrico,BEV_rotulo_inmetro,E,0.64,481.0,6,https://www.gov.br/inmetro/pt-br/assuntos/regulamentacao/avaliacao-da-conformidade/programa-brasileiro-de-etiquetagem/tabelas-de-eficiencia-energetica/veiculos-automotivos-pbe-veicular/mascara-pbev-2026_19_jan-rev01.pdf/@@download/file,43e928f89a526f7b59013faca3501b2b0716e5a8cdc2e097b8653638aa688ba0,2026-10-01T16:59:19.670019+00:00,km_ensaio_padronizado,catalogo_de_versoes_nao_vendas_nem_telemetria,parcial_com_quarentena,428e84b082b6279a7d33ef3ca698887d04d645cb5d16faadf73582d711acaf40
2026,Utilitário Esportivo Grande 4x4,PORSCHE,CAYENNE,ET C,Elétrico,Elétrico,BEV_rotulo_inmetro,E,0.64,481.0,6,https://www.gov.br/inmetro/pt-br/assuntos/regulamentacao/avaliacao-da-conformidade/programa-brasileiro-de-etiquetagem/tabelas-de-eficiencia-energetica/veiculos-automotivos-pbe-veicular/mascara-pbev-2026_19_jan-rev01.pdf/@@download/file,43e928f89a526f7b59013faca3501b2b0716e5a8cdc2e097b8653638aa688ba0,2026-10-01T16:59:19.670019+00:00,km_ensaio_padronizado,catalogo_de_versoes_nao_vendas_nem_telemetria,parcial_com_quarentena,136281810c16137ccf526a4b19b0059e911aceaee4a255c3d9718ccc4c534be1
2026,Utilitário Esportivo Grande 4x4,PORSCHE,CAYENNE,ET OF,Elétrico,Elétrico,BEV_rotulo_inmetro,E,0.64,481.0,6,https://www.gov.br/inmetro/pt-br/assuntos/regulamentacao/avaliacao-da-conformidade/programa-brasileiro-de-etiquetagem/tabelas-de-eficiencia-energetica/veiculos-automotivos-pbe-veicular/mascara-pbev-2026_19_jan-rev01.pdf/@@download/file,43e928f89a526f7b59013faca3501b2b0716e5a8cdc2e097b8653638aa688ba0,2026-10-01T16:59:19.670019+00:00,km_ensaio_padronizado,catalogo_de_versoes_nao_vendas_nem_telemetria,parcial_com_quarentena,4014b09a7980e74dbd82f0e72a95e119b22d989abe28a553f2ac026005c649bb
2026,Utilitário Esportivo Grande 4x4,PORSCHE,CAYENNE,ET CO,Elétrico,Elétrico,BEV_rotulo_inmetro,E,0.64,481.0,6,https://www.gov.br/inmetro/pt-br/assuntos/regulamentacao/avaliacao-da-conformidade/programa-brasileiro-de-etiquetagem/tabelas-de-eficiencia-energetica/veiculos-automotivos-pbe-veicular/mascara-pbev-2026_19_jan-rev01.pdf/@@download/file,43e928f89a526f7b59013faca3501b2b0716e5a8cdc2e097b8653638aa688ba0,2026-10-01T16:59:19.670019+00:00,km_ensaio_padronizado,catalogo_de_versoes_nao_vendas_nem_telemetria,parcial_com_quarentena,8414d614c63aa81d91f0fcabb2c16dd8303f1ed27a7b00c1a944372030e18529
2026,Utilitário Esportivo Grande 4x4,VOLVO,XC60,INSC EXPRESS,2.0-16V,Plug-in,PHEV_rotulo_inmetro,G,0.86,48.0,6,https://www.gov.br/inmetro/pt-br/assuntos/regulamentacao/avaliacao-da-conformidade/programa-brasileiro-de-etiquetagem/tabelas-de-eficiencia-energetica/veiculos-automotivos-pbe-veicular/mascara-pbev-2026_19_jan-rev01.pdf/@@download/file,43e928f89a526f7b59013faca3501b2b0716e5a8cdc2e097b8653638aa688ba0,2026-10-01T16:59:19.670019+00:00,km_ensaio_padronizado,catalogo_de_versoes_nao_vendas_nem_telemetria,parcial_com_quarentena,be5cb66d7041e951347ecf267e75e4defa1af6c219eabd92ee7217194cff41cc
2026,Utilitário Esportivo Grande 4x4,VOLVO,XC60,T8 CORE,2.0-16V,Plug-in,PHEV_rotulo_inmetro,G,0.86,48.0,6,https://www.gov.br/inmetro/pt-br/assuntos/regulamentacao/avaliacao-da-conformidade/programa-brasileiro-de-etiquetagem/tabelas-de-eficiencia-energetica/veiculos-automotivos-pbe-veicular/mascara-pbev-2026_19_jan-rev01.pdf/@@download/file,43e928f89a526f7b59013faca3501b2b0716e5a8cdc2e097b8653638aa688ba0,2026-10-01T16:59:19.670019+00:00,km_ensaio_padronizado,catalogo_de_versoes_nao_vendas_nem_telemetria,parcial_com_quarentena,e12932483c6c2c7077420a6997db0be6cdbb8720ac1d1b29cfad597175984962
2026,Utilitário Esportivo Grande 4x4,VOLVO,XC60,T8 INSCRIPT,2.0-16V,Plug-in,PHEV_rotulo_inmetro,G,0.86,48.0,6,https://www.gov.br/inmetro/pt-br/assuntos/regulamentacao/avaliacao-da-conformidade/programa-brasileiro-de-etiquetagem/tabelas-de-eficiencia-energetica/veiculos-automotivos-pbe-veicular/mascara-pbev-2026_19_jan-rev01.pdf/@@download/file,43e928f89a526f7b59013faca3501b2b0716e5a8cdc2e097b8653638aa688ba0,2026-10-01T16:59:19.670019+00:00,km_ensaio_padronizado,catalogo_de_versoes_nao_vendas_nem_telemetria,parcial_com_quarentena,f8a98c7a61064ab3df67c25277ffe93d7e3988ef911d6518def39d6db9e38a98
2026,Utilitário Esportivo Grande 4x4,VOLVO,XC60,T8 MOMENTUM,2.0-16V,Plug-in,PHEV_rotulo_inmetro,G,0.86,48.0,6,https://www.gov.br/inmetro/pt-br/assuntos/regulamentacao/avaliacao-da-conformidade/programa-brasileiro-de-etiquetagem/tabelas-de-eficiencia-energetica/veiculos-automotivos-pbe-veicular/mascara-pbev-2026_19_jan-rev01.pdf/@@download/file,43e928f89a526f7b59013faca3501b2b0716e5a8cdc2e097b8653638aa688ba0,2026-10-01T16:59:19.670019+00:00,km_ensaio_padronizado,catalogo_de_versoes_nao_vendas_nem_telemetria,parcial_com_quarentena,40ed9b07ed1c8e9638b0bc51b1a4962ef9bfde812058a0d5ab746db9b8ca818a
2026,Utilitário Esportivo Grande 4x4,VOLVO,XC60,T8 PLUS,2.0-16V,Plug-in,PHEV_rotulo_inmetro,G,0.86,48.0,6,https://www.gov.br/inmetro/pt-br/assuntos/regulamentacao/avaliacao-da-conformidade/programa-brasileiro-de-etiquetagem/tabelas-de-eficiencia-energetica/veiculos-automotivos-pbe-veicular/mascara-pbev-2026_19_jan-rev01.pdf/@@download/file,43e928f89a526f7b59013faca3501b2b0716e5a8cdc2e097b8653638aa688ba0,2026-10-01T16:59:19.670019+00:00,km_ensaio_padronizado,catalogo_de_versoes_nao_vendas_nem_telemetria,parcial_com_quarentena,da21c9bbe6630b39cedabe01a9575cf28cdfbaa30030a5b518b7b91cbac26509
2026,Utilitário Esportivo Grande 4x4,VOLVO,XC60,T8 POLESTAR,2.0-16V,Plug-in,PHEV_rotulo_inmetro,G,0.86,48.0,6,https://www.gov.br/inmetro/pt-br/assuntos/regulamentacao/avaliacao-da-conformidade/programa-brasileiro-de-etiquetagem/tabelas-de-eficiencia-energetica/veiculos-automotivos-pbe-veicular/mascara-pbev-2026_19_jan-rev01.pdf/@@download/file,43e928f89a526f7b59013faca3501b2b0716e5a8cdc2e097b8653638aa688ba0,2026-10-01T16:59:19.670019+00:00,km_ensaio_padronizado,catalogo_de_versoes_nao_vendas_nem_telemetria,parcial_com_quarentena,9a545f700fb34efea69be119109f5499961c45527572d35a2b5fac42449dd0aa
2026,Utilitário Esportivo Grande 4x4,VOLVO,XC60,T8 R-DESIGN,2.0-16V,Plug-in,PHEV_rotulo_inmetro,G,0.86,48.0,6,https://www.gov.br/inmetro/pt-br/assuntos/regulamentacao/avaliacao-da-conformidade/programa-brasileiro-de-etiquetagem/tabelas-de-eficiencia-energetica/veiculos-automotivos-pbe-veicular/mascara-pbev-2026_19_jan-rev01.pdf/@@download/file,43e928f89a526f7b59013faca3501b2b0716e5a8cdc2e097b8653638aa688ba0,2026-10-01T16:59:19.670019+00:00,km_ensaio_padronizado,catalogo_de_versoes_nao_vendas_nem_telemetria,parcial_com_quarentena,37933ed90a11c0dee178765223c813a1de1220e2e35b19b2ff0bff20ac9ae43d
2026,Utilitário Esportivo Grande 4x4,VOLVO,XC60,T8 ULT DARK,2.0-16V,Plug-in,PHEV_rotulo_inmetro,G,0.86,48.0,6,https://www.gov.br/inmetro/pt-br/assuntos/regulamentacao/avaliacao-da-conformidade/programa-brasileiro-de-etiquetagem/tabelas-de-eficiencia-energetica/veiculos-automotivos-pbe-veicular/mascara-pbev-2026_19_jan-rev01.pdf/@@download/file,43e928f89a526f7b59013faca3501b2b0716e5a8cdc2e097b8653638aa688ba0,2026-10-01T16:59:19.670019+00:00,km_ensaio_padronizado,catalogo_de_versoes_nao_vendas_nem_telemetria,parcial_com_quarentena,2c9ea07bb297a7d7d4f2759b0f657bf36ad84182288aa9265bc19941ded7ea8e
2026,Utilitário Esportivo Grande 4x4,VOLVO,XC60,T8 ULTIMATE,2.0-16V,Plug-in,PHEV_rotulo_inmetro,G,0.86,48.0,6,https://www.gov.br/inmetro/pt-br/assuntos/regulamentacao/avaliacao-da-conformidade/programa-brasileiro-de-etiquetagem/tabelas-de-eficiencia-energetica/veiculos-automotivos-pbe-veicular/mascara-pbev-2026_19_jan-rev01.pdf/@@download/file,43e928f89a526f7b59013faca3501b2b0716e5a8cdc2e097b8653638aa688ba0,2026-10-01T16:59:19.670019+00:00,km_ensaio_padronizado,catalogo_de_versoes_nao_vendas_nem_telemetria,parcial_com_quarentena,3795a23672311ce2e7fccf3619d0b3a8e7b98cee43ee3cd88374a989962b3a5c
2026,Utilitário Esportivo Grande 4x4,VOLVO,XC60,T8 ULTRA,2.0-16V,Plug-in,PHEV_rotulo_inmetro,G,0.86,48.0,6,https://www.gov.br/inmetro/pt-br/assuntos/regulamentacao/avaliacao-da-conformidade/programa-brasileiro-de-etiquetagem/tabelas-de-eficiencia-energetica/veiculos-automotivos-pbe-veicular/mascara-pbev-2026_19_jan-rev01.pdf/@@download/file,43e928f89a526f7b59013faca3501b2b0716e5a8cdc2e097b8653638aa688ba0,2026-10-01T16:59:19.670019+00:00,km_ensaio_padronizado,catalogo_de_versoes_nao_vendas_nem_telemetria,parcial_com_quarentena,95c239d4999bab7ef9b46bb30a7f5d5d8a8f88be1899c6cf83defd0e67436bd4
2026,Utilitário Esportivo Grande 4x4,VOLVO,XC90,INSC EXPRESS,2.0-16V,Plug-in,PHEV_rotulo_inmetro,G,0.88,47.0,6,https://www.gov.br/inmetro/pt-br/assuntos/regulamentacao/avaliacao-da-conformidade/programa-brasileiro-de-etiquetagem/tabelas-de-eficiencia-energetica/veiculos-automotivos-pbe-veicular/mascara-pbev-2026_19_jan-rev01.pdf/@@download/file,43e928f89a526f7b59013faca3501b2b0716e5a8cdc2e097b8653638aa688ba0,2026-10-01T16:59:19.670019+00:00,km_ensaio_padronizado,catalogo_de_versoes_nao_vendas_nem_telemetria,parcial_com_quarentena,1d5e6b70f90d5dfd87982b12b5b78073968ecba20e67e4d64b8205fbd76c04e5
2026,Utilitário Esportivo Grande 4x4,VOLVO,XC90,T8 CORE,2.0-16V,Plug-in,PHEV_rotulo_inmetro,G,0.88,47.0,6,https://www.gov.br/inmetro/pt-br/assuntos/regulamentacao/avaliacao-da-conformidade/programa-brasileiro-de-etiquetagem/tabelas-de-eficiencia-energetica/veiculos-automotivos-pbe-veicular/mascara-pbev-2026_19_jan-rev01.pdf/@@download/file,43e928f89a526f7b59013faca3501b2b0716e5a8cdc2e097b8653638aa688ba0,2026-10-01T16:59:19.670019+00:00,km_ensaio_padronizado,catalogo_de_versoes_nao_vendas_nem_telemetria,parcial_com_quarentena,4781245c2a9290462c970839e9beb139cbd127b25e5cc730cdd57ebb0d87d13a
2026,Utilitário Esportivo Grande 4x4,VOLVO,XC90,T8 EXCELLEN,2.0-16V,Plug-in,PHEV_rotulo_inmetro,G,0.88,47.0,6,https://www.gov.br/inmetro/pt-br/assuntos/regulamentacao/avaliacao-da-conformidade/programa-brasileiro-de-etiquetagem/tabelas-de-eficiencia-energetica/veiculos-automotivos-pbe-veicular/mascara-pbev-2026_19_jan-rev01.pdf/@@download/file,43e928f89a526f7b59013faca3501b2b0716e5a8cdc2e097b8653638aa688ba0,2026-10-01T16:59:19.670019+00:00,km_ensaio_padronizado,catalogo_de_versoes_nao_vendas_nem_telemetria,parcial_com_quarentena,d1e7ce620eb747e53e6a9f564fe7da80ef0f54f0ed91288e1d542364e72677c9
2026,Utilitário Esportivo Grande 4x4,VOLVO,XC90,T8 INSCRIPT,2.0-16V,Plug-in,PHEV_rotulo_inmetro,G,0.88,47.0,6,https://www.gov.br/inmetro/pt-br/assuntos/regulamentacao/avaliacao-da-conformidade/programa-brasileiro-de-etiquetagem/tabelas-de-eficiencia-energetica/veiculos-automotivos-pbe-veicular/mascara-pbev-2026_19_jan-rev01.pdf/@@download/file,43e928f89a526f7b59013faca3501b2b0716e5a8cdc2e097b8653638aa688ba0,2026-10-01T16:59:19.670019+00:00,km_ensaio_padronizado,catalogo_de_versoes_nao_vendas_nem_telemetria,parcial_com_quarentena,ba2944ceb5caf51573f86392f0a344555f06ce52936bf0b8dd9b52c3337de2fe
2026,Utilitário Esportivo Grande 4x4,VOLVO,XC90,T8 MOMENTUM,2.0-16V,Plug-in,PHEV_rotulo_inmetro,G,0.88,47.0,6,https://www.gov.br/inmetro/pt-br/assuntos/regulamentacao/avaliacao-da-conformidade/programa-brasileiro-de-etiquetagem/tabelas-de-eficiencia-energetica/veiculos-automotivos-pbe-veicular/mascara-pbev-2026_19_jan-rev01.pdf/@@download/file,43e928f89a526f7b59013faca3501b2b0716e5a8cdc2e097b8653638aa688ba0,2026-10-01T16:59:19.670019+00:00,km_ensaio_padronizado,catalogo_de_versoes_nao_vendas_nem_telemetria,parcial_com_quarentena,1281ff57563108a1b4303936e332d717b73c9bf41f30cf5ff69296c2983d572f
2026,Utilitário Esportivo Grande 4x4,VOLVO,XC90,T8 PLUS,2.0-16V,Plug-in,PHEV_rotulo_inmetro,G,0.88,47.0,6,https://www.gov.br/inmetro/pt-br/assuntos/regulamentacao/avaliacao-da-conformidade/programa-brasileiro-de-etiquetagem/tabelas-de-eficiencia-energetica/veiculos-automotivos-pbe-veicular/mascara-pbev-2026_19_jan-rev01.pdf/@@download/file,43e928f89a526f7b59013faca3501b2b0716e5a8cdc2e097b8653638aa688ba0,2026-10-01T16:59:19.670019+00:00,km_ensaio_padronizado,catalogo_de_versoes_nao_vendas_nem_telemetria,parcial_com_quarentena,6b5e6cf97b40e329271ff57a8b12bbc7945353119ffbf029ed81342041ebd093
2026,Utilitário Esportivo Grande 4x4,VOLVO,XC90,T8 POLESTAR,2.0-16V,Plug-in,PHEV_rotulo_inmetro,G,0.88,47.0,6,https://www.gov.br/inmetro/pt-br/assuntos/regulamentacao/avaliacao-da-conformidade/programa-brasileiro-de-etiquetagem/tabelas-de-eficiencia-energetica/veiculos-automotivos-pbe-veicular/mascara-pbev-2026_19_jan-rev01.pdf/@@download/file,43e928f89a526f7b59013faca3501b2b0716e5a8cdc2e097b8653638aa688ba0,2026-10-01T16:59:19.670019+00:00,km_ensaio_padronizado,catalogo_de_versoes_nao_vendas_nem_telemetria,parcial_com_quarentena,5f3a53bb2ab72c79e79dba4ae752879cc80aaf2138b5420c3002a6b5f995865e
2026,Utilitário Esportivo Grande 4x4,VOLVO,XC90,T8 R-DESIGN,2.0-16V,Plug-in,PHEV_rotulo_inmetro,G,0.88,47.0,6,https://www.gov.br/inmetro/pt-br/assuntos/regulamentacao/avaliacao-da-conformidade/programa-brasileiro-de-etiquetagem/tabelas-de-eficiencia-energetica/veiculos-automotivos-pbe-veicular/mascara-pbev-2026_19_jan-rev01.pdf/@@download/file,43e928f89a526f7b59013faca3501b2b0716e5a8cdc2e097b8653638aa688ba0,2026-10-01T16:59:19.670019+00:00,km_ensaio_padronizado,catalogo_de_versoes_nao_vendas_nem_telemetria,parcial_com_quarentena,d896feadcc284b6214287dbe8c30f9308f84a6e314355b894032afe862080b98
2026,Utilitário Esportivo Grande 4x4,VOLVO,XC90,T8 ULT DARK,2.0-16V,Plug-in,PHEV_rotulo_inmetro,G,0.88,47.0,6,https://www.gov.br/inmetro/pt-br/assuntos/regulamentacao/avaliacao-da-conformidade/programa-brasileiro-de-etiquetagem/tabelas-de-eficiencia-energetica/veiculos-automotivos-pbe-veicular/mascara-pbev-2026_19_jan-rev01.pdf/@@download/file,43e928f89a526f7b59013faca3501b2b0716e5a8cdc2e097b8653638aa688ba0,2026-10-01T16:59:19.670019+00:00,km_ensaio_padronizado,catalogo_de_versoes_nao_vendas_nem_telemetria,parcial_com_quarentena,f4bfbb7453c01018c9ae88fe1c8c2182454f0bc56868b458c1e7e042e90f7ced
2026,Utilitário Esportivo Grande 4x4,VOLVO,XC90,T8 ULTIMATE,2.0-16V,Plug-in,PHEV_rotulo_inmetro,G,0.88,47.0,6,https://www.gov.br/inmetro/pt-br/assuntos/regulamentacao/avaliacao-da-conformidade/programa-brasileiro-de-etiquetagem/tabelas-de-eficiencia-energetica/veiculos-automotivos-pbe-veicular/mascara-pbev-2026_19_jan-rev01.pdf/@@download/file,43e928f89a526f7b59013faca3501b2b0716e5a8cdc2e097b8653638aa688ba0,2026-10-01T16:59:19.670019+00:00,km_ensaio_padronizado,catalogo_de_versoes_nao_vendas_nem_telemetria,parcial_com_quarentena,038408132f6b883e8d3bd76c8e1fa1450bb100929845a1e99137745ba127a93b
2026,Utilitário Esportivo Grande 4x4,VOLVO,XC90,T8 ULTRA,2.0-16V,Plug-in,PHEV_rotulo_inmetro,G,0.88,47.0,6,https://www.gov.br/inmetro/pt-br/assuntos/regulamentacao/avaliacao-da-conformidade/programa-brasileiro-de-etiquetagem/tabelas-de-eficiencia-energetica/veiculos-automotivos-pbe-veicular/mascara-pbev-2026_19_jan-rev01.pdf/@@download/file,43e928f89a526f7b59013faca3501b2b0716e5a8cdc2e097b8653638aa688ba0,2026-10-01T16:59:19.670019+00:00,km_ensaio_padronizado,catalogo_de_versoes_nao_vendas_nem_telemetria,parcial_com_quarentena,211d6eb81c24b611750f6247f81fa915ea6bc462971f0d605dd1246e0f9011ac
2026,Utilitário Esportivo Grande 4x4,VOLVO,XC90,T8 AWD PLUS,2.0-16V,Plug-in,PHEV_rotulo_inmetro,G,0.88,47.0,6,https://www.gov.br/inmetro/pt-br/assuntos/regulamentacao/avaliacao-da-conformidade/programa-brasileiro-de-etiquetagem/tabelas-de-eficiencia-energetica/veiculos-automotivos-pbe-veicular/mascara-pbev-2026_19_jan-rev01.pdf/@@download/file,43e928f89a526f7b59013faca3501b2b0716e5a8cdc2e097b8653638aa688ba0,2026-10-01T16:59:19.670019+00:00,km_ensaio_padronizado,catalogo_de_versoes_nao_vendas_nem_telemetria,parcial_com_quarentena,fd8bc48eb7bcfea22d9d0af8b6827a5850168554a450ee69ffb439e5f350ec74
2026,Utilitário Esportivo Grande 4x4,VOLVO,XC90,T8 AWD ULT,2.0-16V,Plug-in,PHEV_rotulo_inmetro,G,0.88,47.0,6,https://www.gov.br/inmetro/pt-br/assuntos/regulamentacao/avaliacao-da-conformidade/programa-brasileiro-de-etiquetagem/tabelas-de-eficiencia-energetica/veiculos-automotivos-pbe-veicular/mascara-pbev-2026_19_jan-rev01.pdf/@@download/file,43e928f89a526f7b59013faca3501b2b0716e5a8cdc2e097b8653638aa688ba0,2026-10-01T16:59:19.670019+00:00,km_ensaio_padronizado,catalogo_de_versoes_nao_vendas_nem_telemetria,parcial_com_quarentena,ed022dac66e382883710da0173942c6103f3923541a728ca5597fa7b0edd023f
2026,Utilitário Esportivo Grande 4x4,VOLVO,XC90,T8 AWD ULTD,2.0-16V,Plug-in,PHEV_rotulo_inmetro,G,0.88,47.0,6,https://www.gov.br/inmetro/pt-br/assuntos/regulamentacao/avaliacao-da-conformidade/programa-brasileiro-de-etiquetagem/tabelas-de-eficiencia-energetica/veiculos-automotivos-pbe-veicular/mascara-pbev-2026_19_jan-rev01.pdf/@@download/file,43e928f89a526f7b59013faca3501b2b0716e5a8cdc2e097b8653638aa688ba0,2026-10-01T16:59:19.670019+00:00,km_ensaio_padronizado,catalogo_de_versoes_nao_vendas_nem_telemetria,parcial_com_quarentena,d5dfa999a481a9175ebcaeb72643e9a84c363cd19040513fec39475741dc1a84
2026,Utilitário Esportivo Grande 4x4,VOLVO,XC90,AWD ULT BLA,2.0-16V,Plug-in,PHEV_rotulo_inmetro,G,0.88,47.0,6,https://www.gov.br/inmetro/pt-br/assuntos/regulamentacao/avaliacao-da-conformidade/programa-brasileiro-de-etiquetagem/tabelas-de-eficiencia-energetica/veiculos-automotivos-pbe-veicular/mascara-pbev-2026_19_jan-rev01.pdf/@@download/file,43e928f89a526f7b59013faca3501b2b0716e5a8cdc2e097b8653638aa688ba0,2026-10-01T16:59:19.670019+00:00,km_ensaio_padronizado,catalogo_de_versoes_nao_vendas_nem_telemetria,parcial_com_quarentena,e0fd971ee33703e95fe5f802883b903b52a352e12f56f67fc293ba65122b8065
2026,Utilitário Esportivo Grande 4x4,VOLVO,EX90,ULTRA TWIN,Elétrico,Elétrico,BEV_rotulo_inmetro,E,0.68,459.0,7,https://www.gov.br/inmetro/pt-br/assuntos/regulamentacao/avaliacao-da-conformidade/programa-brasileiro-de-etiquetagem/tabelas-de-eficiencia-energetica/veiculos-automotivos-pbe-veicular/mascara-pbev-2026_19_jan-rev01.pdf/@@download/file,43e928f89a526f7b59013faca3501b2b0716e5a8cdc2e097b8653638aa688ba0,2026-10-01T16:59:19.670019+00:00,km_ensaio_padronizado,catalogo_de_versoes_nao_vendas_nem_telemetria,parcial_com_quarentena,ccccf812457e549e830a5fd2b375772b450b88ad1e181ce5ac82d75b0e35947a
2026,Utilitário Esportivo Grande 4x4,VOLVO,EX90,PLUS TWIN,Elétrico,Elétrico,BEV_rotulo_inmetro,E,0.68,459.0,7,https://www.gov.br/inmetro/pt-br/assuntos/regulamentacao/avaliacao-da-conformidade/programa-brasileiro-de-etiquetagem/tabelas-de-eficiencia-energetica/veiculos-automotivos-pbe-veicular/mascara-pbev-2026_19_jan-rev01.pdf/@@download/file,43e928f89a526f7b59013faca3501b2b0716e5a8cdc2e097b8653638aa688ba0,2026-10-01T16:59:19.670019+00:00,km_ensaio_padronizado,catalogo_de_versoes_nao_vendas_nem_telemetria,parcial_com_quarentena,84557b110a8480873daa71cea0f9f0749e6133332bce3284a8a17658754c13b7
2026,Utilitário Esportivo Grande 4x4,VOLVO,EX90,ULT TWIN PER,Elétrico,Elétrico,BEV_rotulo_inmetro,E,0.68,459.0,7,https://www.gov.br/inmetro/pt-br/assuntos/regulamentacao/avaliacao-da-conformidade/programa-brasileiro-de-etiquetagem/tabelas-de-eficiencia-energetica/veiculos-automotivos-pbe-veicular/mascara-pbev-2026_19_jan-rev01.pdf/@@download/file,43e928f89a526f7b59013faca3501b2b0716e5a8cdc2e097b8653638aa688ba0,2026-10-01T16:59:19.670019+00:00,km_ensaio_padronizado,catalogo_de_versoes_nao_vendas_nem_telemetria,parcial_com_quarentena,89386a8e2f0134356f49713fe79552db8abab09da641baf677bb4f96f302d49b
2026,Utilitário Esportivo Grande 4x4,VOLVO,EX40,8 CORE,Elétrico,Elétrico,BEV_rotulo_inmetro,E,0.59,393.0,7,https://www.gov.br/inmetro/pt-br/assuntos/regulamentacao/avaliacao-da-conformidade/programa-brasileiro-de-etiquetagem/tabelas-de-eficiencia-energetica/veiculos-automotivos-pbe-veicular/mascara-pbev-2026_19_jan-rev01.pdf/@@download/file,43e928f89a526f7b59013faca3501b2b0716e5a8cdc2e097b8653638aa688ba0,2026-10-01T16:59:19.670019+00:00,km_ensaio_padronizado,catalogo_de_versoes_nao_vendas_nem_telemetria,parcial_com_quarentena,c83ed36996c1e7db413e700b2026f40aee7b7a10b0ebc5699f5c917c3cbb05e1
2026,Utilitário Esportivo Grande 4x4,VOLVO,EX40,8 PLUS,Elétrico,Elétrico,BEV_rotulo_inmetro,E,0.59,393.0,7,https://www.gov.br/inmetro/pt-br/assuntos/regulamentacao/avaliacao-da-conformidade/programa-brasileiro-de-etiquetagem/tabelas-de-eficiencia-energetica/veiculos-automotivos-pbe-veicular/mascara-pbev-2026_19_jan-rev01.pdf/@@download/file,43e928f89a526f7b59013faca3501b2b0716e5a8cdc2e097b8653638aa688ba0,2026-10-01T16:59:19.670019+00:00,km_ensaio_padronizado,catalogo_de_versoes_nao_vendas_nem_telemetria,parcial_com_quarentena,06f589c8b45f69ad7d1ea50d9e92570ee5861a6c3434f297e3f40a7cb6613abe
2026,Utilitário Esportivo Grande 4x4,VOLVO,EX40,8 ULTRA,Elétrico,Elétrico,BEV_rotulo_inmetro,E,0.59,393.0,7,https://www.gov.br/inmetro/pt-br/assuntos/regulamentacao/avaliacao-da-conformidade/programa-brasileiro-de-etiquetagem/tabelas-de-eficiencia-energetica/veiculos-automotivos-pbe-veicular/mascara-pbev-2026_19_jan-rev01.pdf/@@download/file,43e928f89a526f7b59013faca3501b2b0716e5a8cdc2e097b8653638aa688ba0,2026-10-01T16:59:19.670019+00:00,km_ensaio_padronizado,catalogo_de_versoes_nao_vendas_nem_telemetria,parcial_com_quarentena,79c47d3adde247d43e4a5b004c9069be234b89226f85965c4e15b7dd952e26e0
2026,Utilitário Esportivo Grande 4x4,VOLVO,EX40,PERF BLACK,Elétrico,Elétrico,BEV_rotulo_inmetro,E,0.59,393.0,7,https://www.gov.br/inmetro/pt-br/assuntos/regulamentacao/avaliacao-da-conformidade/programa-brasileiro-de-etiquetagem/tabelas-de-eficiencia-energetica/veiculos-automotivos-pbe-veicular/mascara-pbev-2026_19_jan-rev01.pdf/@@download/file,43e928f89a526f7b59013faca3501b2b0716e5a8cdc2e097b8653638aa688ba0,2026-10-01T16:59:19.670019+00:00,km_ensaio_padronizado,catalogo_de_versoes_nao_vendas_nem_telemetria,parcial_com_quarentena,f94ad3d70c0dfbeaa2d9e0ed843dee93fbd8466d4dcc26e28d30d60874b5651a
2026,Fora de Estrada Grande,DENZA,B5,GS DM,1.5-16V,Plug-in,PHEV_rotulo_inmetro,G,0.93,74.0,7,https://www.gov.br/inmetro/pt-br/assuntos/regulamentacao/avaliacao-da-conformidade/programa-brasileiro-de-etiquetagem/tabelas-de-eficiencia-energetica/veiculos-automotivos-pbe-veicular/mascara-pbev-2026_19_jan-rev01.pdf/@@download/file,43e928f89a526f7b59013faca3501b2b0716e5a8cdc2e097b8653638aa688ba0,2026-10-01T16:59:19.670019+00:00,km_ensaio_padronizado,catalogo_de_versoes_nao_vendas_nem_telemetria,parcial_com_quarentena,03300a72edb242ec1a186bf74dfee17830ac8f6995312b1a30557bca70e0c2ce
2026,Fora de Estrada Grande,GWM,TANK 300,PHEV,2.0 -16V,Plug-in,PHEV_rotulo_inmetro,G,1.09,75.0,7,https://www.gov.br/inmetro/pt-br/assuntos/regulamentacao/avaliacao-da-conformidade/programa-brasileiro-de-etiquetagem/tabelas-de-eficiencia-energetica/veiculos-automotivos-pbe-veicular/mascara-pbev-2026_19_jan-rev01.pdf/@@download/file,43e928f89a526f7b59013faca3501b2b0716e5a8cdc2e097b8653638aa688ba0,2026-10-01T16:59:19.670019+00:00,km_ensaio_padronizado,catalogo_de_versoes_nao_vendas_nem_telemetria,parcial_com_quarentena,c38d3f319049db326d18bb846fe23ae785afe0228298b5f636b12073a188cefd
2026,Fora de Estrada Grande,GWM,TANK 300,PHEV FLEX,2.0-16V,Plug-in,PHEV_rotulo_inmetro,F,1.07,74.0,7,https://www.gov.br/inmetro/pt-br/assuntos/regulamentacao/avaliacao-da-conformidade/programa-brasileiro-de-etiquetagem/tabelas-de-eficiencia-energetica/veiculos-automotivos-pbe-veicular/mascara-pbev-2026_19_jan-rev01.pdf/@@download/file,43e928f89a526f7b59013faca3501b2b0716e5a8cdc2e097b8653638aa688ba0,2026-10-01T16:59:19.670019+00:00,km_ensaio_padronizado,catalogo_de_versoes_nao_vendas_nem_telemetria,parcial_com_quarentena,c0fa3cfefc3742370bce84f716e8014a0c4271e337673e8fbbbb9d09ee517cf0
2026,Fora de Estrada Grande,LAND ROVER,RANGE ROVER,PHEV SV,3.0-24V,Plug-in,PHEV_rotulo_inmetro,G,1.12,71.0,7,https://www.gov.br/inmetro/pt-br/assuntos/regulamentacao/avaliacao-da-conformidade/programa-brasileiro-de-etiquetagem/tabelas-de-eficiencia-energetica/veiculos-automotivos-pbe-veicular/mascara-pbev-2026_19_jan-rev01.pdf/@@download/file,43e928f89a526f7b59013faca3501b2b0716e5a8cdc2e097b8653638aa688ba0,2026-10-01T16:59:19.670019+00:00,km_ensaio_padronizado,catalogo_de_versoes_nao_vendas_nem_telemetria,parcial_com_quarentena,24d594fa2b4461798d4f0711b91fbd47de5e5959ae11773a7219c2c06ea9bb00
2026,Fora de Estrada Grande,LAND ROVER,RANGE ROVER,PHEV SE,3.0-24V,Plug-in,PHEV_rotulo_inmetro,G,1.12,71.0,7,https://www.gov.br/inmetro/pt-br/assuntos/regulamentacao/avaliacao-da-conformidade/programa-brasileiro-de-etiquetagem/tabelas-de-eficiencia-energetica/veiculos-automotivos-pbe-veicular/mascara-pbev-2026_19_jan-rev01.pdf/@@download/file,43e928f89a526f7b59013faca3501b2b0716e5a8cdc2e097b8653638aa688ba0,2026-10-01T16:59:19.670019+00:00,km_ensaio_padronizado,catalogo_de_versoes_nao_vendas_nem_telemetria,parcial_com_quarentena,8f995f4db5fc46dc71c39be43da7e454f544f37554b810687f6824bce161e4e0
2026,Fora de Estrada Grande,LAND ROVER,RANGE ROVER,PHEV HSE,3.0-24V,Plug-in,PHEV_rotulo_inmetro,G,1.12,71.0,7,https://www.gov.br/inmetro/pt-br/assuntos/regulamentacao/avaliacao-da-conformidade/programa-brasileiro-de-etiquetagem/tabelas-de-eficiencia-energetica/veiculos-automotivos-pbe-veicular/mascara-pbev-2026_19_jan-rev01.pdf/@@download/file,43e928f89a526f7b59013faca3501b2b0716e5a8cdc2e097b8653638aa688ba0,2026-10-01T16:59:19.670019+00:00,km_ensaio_padronizado,catalogo_de_versoes_nao_vendas_nem_telemetria,parcial_com_quarentena,40b2f215dac8318181c49ed46ca8216b4e9c7a9d4a242091b020686e99379da1
2026,Fora de Estrada Grande,LAND ROVER,RANGE ROVER,PHEV AB,3.0-24V,Plug-in,PHEV_rotulo_inmetro,G,1.12,71.0,7,https://www.gov.br/inmetro/pt-br/assuntos/regulamentacao/avaliacao-da-conformidade/programa-brasileiro-de-etiquetagem/tabelas-de-eficiencia-energetica/veiculos-automotivos-pbe-veicular/mascara-pbev-2026_19_jan-rev01.pdf/@@download/file,43e928f89a526f7b59013faca3501b2b0716e5a8cdc2e097b8653638aa688ba0,2026-10-01T16:59:19.670019+00:00,km_ensaio_padronizado,catalogo_de_versoes_nao_vendas_nem_telemetria,parcial_com_quarentena,ae59d2fac272a993f049e68aa31c5bfadec104ce44c32bb70d5dc92dab495b2f
2026,Fora de Estrada Grande,LAND ROVER,DEFENDER 90 D350,HSE XD,3.0-24V,Híbrido,HIBRIDO_rotulo_inmetro,D,2.78,,7,https://www.gov.br/inmetro/pt-br/assuntos/regulamentacao/avaliacao-da-conformidade/programa-brasileiro-de-etiquetagem/tabelas-de-eficiencia-energetica/veiculos-automotivos-pbe-veicular/mascara-pbev-2026_19_jan-rev01.pdf/@@download/file,43e928f89a526f7b59013faca3501b2b0716e5a8cdc2e097b8653638aa688ba0,2026-10-01T16:59:19.670019+00:00,km_ensaio_padronizado,catalogo_de_versoes_nao_vendas_nem_telemetria,parcial_com_quarentena,bbd5895bdf127e5aec18d23673a7b3b1663c67d221be22345e55d54017c00de3
2026,Fora de Estrada Grande,LAND ROVER,DEFENDER 130 D350,X,3.0-24V,Híbrido,HIBRIDO_rotulo_inmetro,D,2.73,,7,https://www.gov.br/inmetro/pt-br/assuntos/regulamentacao/avaliacao-da-conformidade/programa-brasileiro-de-etiquetagem/tabelas-de-eficiencia-energetica/veiculos-automotivos-pbe-veicular/mascara-pbev-2026_19_jan-rev01.pdf/@@download/file,43e928f89a526f7b59013faca3501b2b0716e5a8cdc2e097b8653638aa688ba0,2026-10-01T16:59:19.670019+00:00,km_ensaio_padronizado,catalogo_de_versoes_nao_vendas_nem_telemetria,parcial_com_quarentena,0e858d29478ca0cc6e6902ba86386b3cc5814cf239e8d077e89c24c8e8557a02
2026,Fora de Estrada Grande,LAND ROVER,DEFENDER 130 D350,X7L,3.0-24V,Híbrido,HIBRIDO_rotulo_inmetro,D,2.73,,7,https://www.gov.br/inmetro/pt-br/assuntos/regulamentacao/avaliacao-da-conformidade/programa-brasileiro-de-etiquetagem/tabelas-de-eficiencia-energetica/veiculos-automotivos-pbe-veicular/mascara-pbev-2026_19_jan-rev01.pdf/@@download/file,43e928f89a526f7b59013faca3501b2b0716e5a8cdc2e097b8653638aa688ba0,2026-10-01T16:59:19.670019+00:00,km_ensaio_padronizado,catalogo_de_versoes_nao_vendas_nem_telemetria,parcial_com_quarentena,69243fa2442bbe95242241caa00bbeb004cb9a9c4bdcac24bce653105cda9587
2026,Fora de Estrada Grande,LAND ROVER,VELAR,PHEV AB,2.0-16V,Plug-in,PHEV_rotulo_inmetro,G,0.92,40.0,7,https://www.gov.br/inmetro/pt-br/assuntos/regulamentacao/avaliacao-da-conformidade/programa-brasileiro-de-etiquetagem/tabelas-de-eficiencia-energetica/veiculos-automotivos-pbe-veicular/mascara-pbev-2026_19_jan-rev01.pdf/@@download/file,43e928f89a526f7b59013faca3501b2b0716e5a8cdc2e097b8653638aa688ba0,2026-10-01T16:59:19.670019+00:00,km_ensaio_padronizado,catalogo_de_versoes_nao_vendas_nem_telemetria,parcial_com_quarentena,75bb43b35c8c97657902a1a178b8645f9e4db758891920582362650102a9f979
2026,Fora de Estrada Grande,LAND ROVER,DEFENDER 110 D350,TROPHY,3.0-24V,Híbrido,HIBRIDO_rotulo_inmetro,D,2.78,,7,https://www.gov.br/inmetro/pt-br/assuntos/regulamentacao/avaliacao-da-conformidade/programa-brasileiro-de-etiquetagem/tabelas-de-eficiencia-energetica/veiculos-automotivos-pbe-veicular/mascara-pbev-2026_19_jan-rev01.pdf/@@download/file,43e928f89a526f7b59013faca3501b2b0716e5a8cdc2e097b8653638aa688ba0,2026-10-01T16:59:19.670019+00:00,km_ensaio_padronizado,catalogo_de_versoes_nao_vendas_nem_telemetria,parcial_com_quarentena,e06a15ccc0a3e3025a445c853c06cefb5f2f19d96974d340a7f96b0236fe34f5
2026,Fora de Estrada Grande,LAND ROVER,DEFENDER 110 D350,HSEXD 7L,3.0-24V,Híbrido,HIBRIDO_rotulo_inmetro,D,2.78,,7,https://www.gov.br/inmetro/pt-br/assuntos/regulamentacao/avaliacao-da-conformidade/programa-brasileiro-de-etiquetagem/tabelas-de-eficiencia-energetica/veiculos-automotivos-pbe-veicular/mascara-pbev-2026_19_jan-rev01.pdf/@@download/file,43e928f89a526f7b59013faca3501b2b0716e5a8cdc2e097b8653638aa688ba0,2026-10-01T16:59:19.670019+00:00,km_ensaio_padronizado,catalogo_de_versoes_nao_vendas_nem_telemetria,parcial_com_quarentena,2778a46dd392e86e25a16b8280988afdbd50439aeb08ab915e52f49ff632fbed
2026,Fora de Estrada Grande,LAND ROVER,DEFENDER 110 D350,X 7L,3.0-24V,Híbrido,HIBRIDO_rotulo_inmetro,D,2.78,,7,https://www.gov.br/inmetro/pt-br/assuntos/regulamentacao/avaliacao-da-conformidade/programa-brasileiro-de-etiquetagem/tabelas-de-eficiencia-energetica/veiculos-automotivos-pbe-veicular/mascara-pbev-2026_19_jan-rev01.pdf/@@download/file,43e928f89a526f7b59013faca3501b2b0716e5a8cdc2e097b8653638aa688ba0,2026-10-01T16:59:19.670019+00:00,km_ensaio_padronizado,catalogo_de_versoes_nao_vendas_nem_telemetria,parcial_com_quarentena,9c0cba2f74e0a33db1fcaacfdee0f254c562526a79ce434bfc64143fd6666574
2026,Fora de Estrada Grande,LAND ROVER,DISCOVERY,D350 LE,3.0-24V,Híbrido,HIBRIDO_rotulo_inmetro,D,2.59,,7,https://www.gov.br/inmetro/pt-br/assuntos/regulamentacao/avaliacao-da-conformidade/programa-brasileiro-de-etiquetagem/tabelas-de-eficiencia-energetica/veiculos-automotivos-pbe-veicular/mascara-pbev-2026_19_jan-rev01.pdf/@@download/file,43e928f89a526f7b59013faca3501b2b0716e5a8cdc2e097b8653638aa688ba0,2026-10-01T16:59:19.670019+00:00,km_ensaio_padronizado,catalogo_de_versoes_nao_vendas_nem_telemetria,parcial_com_quarentena,50304faeecce95f95a9ef49dddfff17c85d29107d91155558e7da04890c96091
2026,Fora de Estrada Grande,LAND ROVER,DISCOVERY,D350 TEMPEST,3.0-24V,Híbrido,HIBRIDO_rotulo_inmetro,D,2.59,,7,https://www.gov.br/inmetro/pt-br/assuntos/regulamentacao/avaliacao-da-conformidade/programa-brasileiro-de-etiquetagem/tabelas-de-eficiencia-energetica/veiculos-automotivos-pbe-veicular/mascara-pbev-2026_19_jan-rev01.pdf/@@download/file,43e928f89a526f7b59013faca3501b2b0716e5a8cdc2e097b8653638aa688ba0,2026-10-01T16:59:19.670019+00:00,km_ensaio_padronizado,catalogo_de_versoes_nao_vendas_nem_telemetria,parcial_com_quarentena,83570124f097f910750a8a0fdc4ced51d3d83cf42872770b776ec2614a85c58b
2026,Fora de Estrada Grande,LAND ROVER,RANGE ROVER SPORT,PHEV S,3.0-24V,Plug-in,PHEV_rotulo_inmetro,G,1.12,71.0,7,https://www.gov.br/inmetro/pt-br/assuntos/regulamentacao/avaliacao-da-conformidade/programa-brasileiro-de-etiquetagem/tabelas-de-eficiencia-energetica/veiculos-automotivos-pbe-veicular/mascara-pbev-2026_19_jan-rev01.pdf/@@download/file,43e928f89a526f7b59013faca3501b2b0716e5a8cdc2e097b8653638aa688ba0,2026-10-01T16:59:19.670019+00:00,km_ensaio_padronizado,catalogo_de_versoes_nao_vendas_nem_telemetria,parcial_com_quarentena,73d5f36883af396809319eead02266eb093f094428bb759c92bb756d36728365
2026,Fora de Estrada Grande,LAND ROVER,RANGE ROVER SPORT,PHEV SE,3.0-24V,Plug-in,PHEV_rotulo_inmetro,G,1.12,71.0,7,https://www.gov.br/inmetro/pt-br/assuntos/regulamentacao/avaliacao-da-conformidade/programa-brasileiro-de-etiquetagem/tabelas-de-eficiencia-energetica/veiculos-automotivos-pbe-veicular/mascara-pbev-2026_19_jan-rev01.pdf/@@download/file,43e928f89a526f7b59013faca3501b2b0716e5a8cdc2e097b8653638aa688ba0,2026-10-01T16:59:19.670019+00:00,km_ensaio_padronizado,catalogo_de_versoes_nao_vendas_nem_telemetria,parcial_com_quarentena,c2691e71215c28be3ef11b59d8d349e1186ed8fbe95af8fefbcec0c64881019f
2026,Fora de Estrada Grande,LAND ROVER,RANGE ROVER SPORT,PHEV SED,3.0-24V,Plug-in,PHEV_rotulo_inmetro,G,1.12,71.0,7,https://www.gov.br/inmetro/pt-br/assuntos/regulamentacao/avaliacao-da-conformidade/programa-brasileiro-de-etiquetagem/tabelas-de-eficiencia-energetica/veiculos-automotivos-pbe-veicular/mascara-pbev-2026_19_jan-rev01.pdf/@@download/file,43e928f89a526f7b59013faca3501b2b0716e5a8cdc2e097b8653638aa688ba0,2026-10-01T16:59:19.670019+00:00,km_ensaio_padronizado,catalogo_de_versoes_nao_vendas_nem_telemetria,parcial_com_quarentena,7332b04fd0992374db94326fc830b1d6248f19d2cef0fc2f1a3571a9a9690531
2026,Fora de Estrada Grande,LAND ROVER,RANGE ROVER SPORT,PHEV HSED,3.0-24V,Plug-in,PHEV_rotulo_inmetro,G,1.12,71.0,7,https://www.gov.br/inmetro/pt-br/assuntos/regulamentacao/avaliacao-da-conformidade/programa-brasileiro-de-etiquetagem/tabelas-de-eficiencia-energetica/veiculos-automotivos-pbe-veicular/mascara-pbev-2026_19_jan-rev01.pdf/@@download/file,43e928f89a526f7b59013faca3501b2b0716e5a8cdc2e097b8653638aa688ba0,2026-10-01T16:59:19.670019+00:00,km_ensaio_padronizado,catalogo_de_versoes_nao_vendas_nem_telemetria,parcial_com_quarentena,967e25b6c97badd904953770d7b0c707cf1f2115da8a8223a51aac0b8d6e677a
2026,Fora de Estrada Grande,LAND ROVER,RANGE ROVER SPORT,PHEV AB,3.0-24V,Plug-in,PHEV_rotulo_inmetro,G,1.12,71.0,7,https://www.gov.br/inmetro/pt-br/assuntos/regulamentacao/avaliacao-da-conformidade/programa-brasileiro-de-etiquetagem/tabelas-de-eficiencia-energetica/veiculos-automotivos-pbe-veicular/mascara-pbev-2026_19_jan-rev01.pdf/@@download/file,43e928f89a526f7b59013faca3501b2b0716e5a8cdc2e097b8653638aa688ba0,2026-10-01T16:59:19.670019+00:00,km_ensaio_padronizado,catalogo_de_versoes_nao_vendas_nem_telemetria,parcial_com_quarentena,ea00a4ac3006a50df774406d90e51cbb3d018b398382cdb107a4b0c5eedfa299
2026,Fora de Estrada Grande,MERCEDES-BENZ,AMG G63,MFKT,4.0-32V,Híbrido,HIBRIDO_rotulo_inmetro,G,4.0,,7,https://www.gov.br/inmetro/pt-br/assuntos/regulamentacao/avaliacao-da-conformidade/programa-brasileiro-de-etiquetagem/tabelas-de-eficiencia-energetica/veiculos-automotivos-pbe-veicular/mascara-pbev-2026_19_jan-rev01.pdf/@@download/file,43e928f89a526f7b59013faca3501b2b0716e5a8cdc2e097b8653638aa688ba0,2026-10-01T16:59:19.670019+00:00,km_ensaio_padronizado,catalogo_de_versoes_nao_vendas_nem_telemetria,parcial_com_quarentena,2eff8e5f651990c815dbb3c41f7826ad47acb55d2c9337a9b6f23d5ace7d84f8
2026,Fora de Estrada Grande,MERCEDES-BENZ,AMG G63 4M,,4.0-32V,Híbrido,HIBRIDO_rotulo_inmetro,G,3.95,,7,https://www.gov.br/inmetro/pt-br/assuntos/regulamentacao/avaliacao-da-conformidade/programa-brasileiro-de-etiquetagem/tabelas-de-eficiencia-energetica/veiculos-automotivos-pbe-veicular/mascara-pbev-2026_19_jan-rev01.pdf/@@download/file,43e928f89a526f7b59013faca3501b2b0716e5a8cdc2e097b8653638aa688ba0,2026-10-01T16:59:19.670019+00:00,km_ensaio_padronizado,catalogo_de_versoes_nao_vendas_nem_telemetria,parcial_com_quarentena,e56fd5a7e9675b608d884aa7c0280c293de4362e5c8aa3a13f9b2bee408139b4
2026,Fora de Estrada Grande,MERCEDES-BENZ,AMG G63 4M,GRD,4.0-32V,Híbrido,HIBRIDO_rotulo_inmetro,G,3.95,,7,https://www.gov.br/inmetro/pt-br/assuntos/regulamentacao/avaliacao-da-conformidade/programa-brasileiro-de-etiquetagem/tabelas-de-eficiencia-energetica/veiculos-automotivos-pbe-veicular/mascara-pbev-2026_19_jan-rev01.pdf/@@download/file,43e928f89a526f7b59013faca3501b2b0716e5a8cdc2e097b8653638aa688ba0,2026-10-01T16:59:19.670019+00:00,km_ensaio_padronizado,catalogo_de_versoes_nao_vendas_nem_telemetria,parcial_com_quarentena,edd5717b7b1767bed47f353edc221760674904da95f45ae44ba08542fef5d05c
2026,Comercial,BYD,ET3,---,Elétrico,Elétrico,BEV_rotulo_inmetro,E,0.71,170.0,7,https://www.gov.br/inmetro/pt-br/assuntos/regulamentacao/avaliacao-da-conformidade/programa-brasileiro-de-etiquetagem/tabelas-de-eficiencia-energetica/veiculos-automotivos-pbe-veicular/mascara-pbev-2026_19_jan-rev01.pdf/@@download/file,43e928f89a526f7b59013faca3501b2b0716e5a8cdc2e097b8653638aa688ba0,2026-10-01T16:59:19.670019+00:00,km_ensaio_padronizado,catalogo_de_versoes_nao_vendas_nem_telemetria,parcial_com_quarentena,19e83f695ebff36a1684c09d9c0c116a5f4814c64a530027f5f281599bc64f35
2026,Comercial,CITROEN,E-JUMPY,CARGO,ELÉTRICO,Elétrico,BEV_rotulo_inmetro,E,0.75,258.0,7,https://www.gov.br/inmetro/pt-br/assuntos/regulamentacao/avaliacao-da-conformidade/programa-brasileiro-de-etiquetagem/tabelas-de-eficiencia-energetica/veiculos-automotivos-pbe-veicular/mascara-pbev-2026_19_jan-rev01.pdf/@@download/file,43e928f89a526f7b59013faca3501b2b0716e5a8cdc2e097b8653638aa688ba0,2026-10-01T16:59:19.670019+00:00,km_ensaio_padronizado,catalogo_de_versoes_nao_vendas_nem_telemetria,parcial_com_quarentena,0a9ec5d142ed81e75a9e16da589d51a4df9542510a332fcb81fefc94781a1163
2026,Comercial,FARIZON,V6E,--,Elétrico,Elétrico,BEV_rotulo_inmetro,E,0.72,156.0,7,https://www.gov.br/inmetro/pt-br/assuntos/regulamentacao/avaliacao-da-conformidade/programa-brasileiro-de-etiquetagem/tabelas-de-eficiencia-energetica/veiculos-automotivos-pbe-veicular/mascara-pbev-2026_19_jan-rev01.pdf/@@download/file,43e928f89a526f7b59013faca3501b2b0716e5a8cdc2e097b8653638aa688ba0,2026-10-01T16:59:19.670019+00:00,km_ensaio_padronizado,catalogo_de_versoes_nao_vendas_nem_telemetria,parcial_com_quarentena,7eba66939d82fc1b7d07e84816bcea267e1d736413605583fec11f4d4cd1cb5b
2026,Comercial,FARIZON,SV,AIR 11M3,Elétrico,Elétrico,BEV_rotulo_inmetro,E,0.92,239.0,7,https://www.gov.br/inmetro/pt-br/assuntos/regulamentacao/avaliacao-da-conformidade/programa-brasileiro-de-etiquetagem/tabelas-de-eficiencia-energetica/veiculos-automotivos-pbe-veicular/mascara-pbev-2026_19_jan-rev01.pdf/@@download/file,43e928f89a526f7b59013faca3501b2b0716e5a8cdc2e097b8653638aa688ba0,2026-10-01T16:59:19.670019+00:00,km_ensaio_padronizado,catalogo_de_versoes_nao_vendas_nem_telemetria,parcial_com_quarentena,a96c9a68f1ef5a44554b8b155e9085ce1c62b8c0ca811f148e90fe0e946e9a23
2026,Comercial,FARIZON,SV,AIR PRO11M3,Elétrico,Elétrico,BEV_rotulo_inmetro,E,0.92,239.0,7,https://www.gov.br/inmetro/pt-br/assuntos/regulamentacao/avaliacao-da-conformidade/programa-brasileiro-de-etiquetagem/tabelas-de-eficiencia-energetica/veiculos-automotivos-pbe-veicular/mascara-pbev-2026_19_jan-rev01.pdf/@@download/file,43e928f89a526f7b59013faca3501b2b0716e5a8cdc2e097b8653638aa688ba0,2026-10-01T16:59:19.670019+00:00,km_ensaio_padronizado,catalogo_de_versoes_nao_vendas_nem_telemetria,parcial_com_quarentena,7364a6a75b53836efac180914094e7631110a04c94a6a148660a86906ae46dd6
2026,Comercial,FARIZON,SV,LUX 11M3,Elétrico,Elétrico,BEV_rotulo_inmetro,E,0.92,239.0,7,https://www.gov.br/inmetro/pt-br/assuntos/regulamentacao/avaliacao-da-conformidade/programa-brasileiro-de-etiquetagem/tabelas-de-eficiencia-energetica/veiculos-automotivos-pbe-veicular/mascara-pbev-2026_19_jan-rev01.pdf/@@download/file,43e928f89a526f7b59013faca3501b2b0716e5a8cdc2e097b8653638aa688ba0,2026-10-01T16:59:19.670019+00:00,km_ensaio_padronizado,catalogo_de_versoes_nao_vendas_nem_telemetria,parcial_com_quarentena,1f2dd78804034683f6763d4a279503086e53677f8b3e4ba1bd5fd51dbc58affc
2026,Comercial,FARIZON,SV,LUX PRO11M3,Elétrico,Elétrico,BEV_rotulo_inmetro,E,0.92,239.0,7,https://www.gov.br/inmetro/pt-br/assuntos/regulamentacao/avaliacao-da-conformidade/programa-brasileiro-de-etiquetagem/tabelas-de-eficiencia-energetica/veiculos-automotivos-pbe-veicular/mascara-pbev-2026_19_jan-rev01.pdf/@@download/file,43e928f89a526f7b59013faca3501b2b0716e5a8cdc2e097b8653638aa688ba0,2026-10-01T16:59:19.670019+00:00,km_ensaio_padronizado,catalogo_de_versoes_nao_vendas_nem_telemetria,parcial_com_quarentena,b005a2658742371312e67628cfa4d702e46f03352c05edb0cbdb93bd19e439b0
2026,Comercial,FARIZON,SV,AIR 8M3,Elétrico,Elétrico,BEV_rotulo_inmetro,E,0.84,262.0,7,https://www.gov.br/inmetro/pt-br/assuntos/regulamentacao/avaliacao-da-conformidade/programa-brasileiro-de-etiquetagem/tabelas-de-eficiencia-energetica/veiculos-automotivos-pbe-veicular/mascara-pbev-2026_19_jan-rev01.pdf/@@download/file,43e928f89a526f7b59013faca3501b2b0716e5a8cdc2e097b8653638aa688ba0,2026-10-01T16:59:19.670019+00:00,km_ensaio_padronizado,catalogo_de_versoes_nao_vendas_nem_telemetria,parcial_com_quarentena,d47b98281f1267afebec77df5b385c2e65f6ec4b75e19ce0e587943b9de9d31d
2026,Comercial,FARIZON,SV,AIR PRO 8M3,Elétrico,Elétrico,BEV_rotulo_inmetro,E,0.84,262.0,7,https://www.gov.br/inmetro/pt-br/assuntos/regulamentacao/avaliacao-da-conformidade/programa-brasileiro-de-etiquetagem/tabelas-de-eficiencia-energetica/veiculos-automotivos-pbe-veicular/mascara-pbev-2026_19_jan-rev01.pdf/@@download/file,43e928f89a526f7b59013faca3501b2b0716e5a8cdc2e097b8653638aa688ba0,2026-10-01T16:59:19.670019+00:00,km_ensaio_padronizado,catalogo_de_versoes_nao_vendas_nem_telemetria,parcial_com_quarentena,ca072c892e7a2fb47e178a1476e924b6570d66a7b52d799c4ae35ab453b849e4
2026,Comercial,FARIZON,SV,LUX 8M3,Elétrico,Elétrico,BEV_rotulo_inmetro,E,0.84,262.0,7,https://www.gov.br/inmetro/pt-br/assuntos/regulamentacao/avaliacao-da-conformidade/programa-brasileiro-de-etiquetagem/tabelas-de-eficiencia-energetica/veiculos-automotivos-pbe-veicular/mascara-pbev-2026_19_jan-rev01.pdf/@@download/file,43e928f89a526f7b59013faca3501b2b0716e5a8cdc2e097b8653638aa688ba0,2026-10-01T16:59:19.670019+00:00,km_ensaio_padronizado,catalogo_de_versoes_nao_vendas_nem_telemetria,parcial_com_quarentena,546bc6b4f384aceff0deed3ac971ae8545a3e2a07a54d29228f3ca36b32bfaec
2026,Comercial,FARIZON,SV,LUX PRO 8M3,Elétrico,Elétrico,BEV_rotulo_inmetro,E,0.84,262.0,7,https://www.gov.br/inmetro/pt-br/assuntos/regulamentacao/avaliacao-da-conformidade/programa-brasileiro-de-etiquetagem/tabelas-de-eficiencia-energetica/veiculos-automotivos-pbe-veicular/mascara-pbev-2026_19_jan-rev01.pdf/@@download/file,43e928f89a526f7b59013faca3501b2b0716e5a8cdc2e097b8653638aa688ba0,2026-10-01T16:59:19.670019+00:00,km_ensaio_padronizado,catalogo_de_versoes_nao_vendas_nem_telemetria,parcial_com_quarentena,3db735f85e022092a5f35dba14613e7a0ca720719bd5daf790f107a355da3ffa
2026,Comercial,FORD,E-Transit,F35MMAB,Elétrico,Elétrico,BEV_rotulo_inmetro,E,1.02,203.0,7,https://www.gov.br/inmetro/pt-br/assuntos/regulamentacao/avaliacao-da-conformidade/programa-brasileiro-de-etiquetagem/tabelas-de-eficiencia-energetica/veiculos-automotivos-pbe-veicular/mascara-pbev-2026_19_jan-rev01.pdf/@@download/file,43e928f89a526f7b59013faca3501b2b0716e5a8cdc2e097b8653638aa688ba0,2026-10-01T16:59:19.670019+00:00,km_ensaio_padronizado,catalogo_de_versoes_nao_vendas_nem_telemetria,parcial_com_quarentena,06e0b778c39098e47de9a70fd6130d104c825decd6cb4770e18f45330a17eebe
2026,Comercial,FORD,E-Transit,F35MAAB,Elétrico,Elétrico,BEV_rotulo_inmetro,E,1.02,203.0,7,https://www.gov.br/inmetro/pt-br/assuntos/regulamentacao/avaliacao-da-conformidade/programa-brasileiro-de-etiquetagem/tabelas-de-eficiencia-energetica/veiculos-automotivos-pbe-veicular/mascara-pbev-2026_19_jan-rev01.pdf/@@download/file,43e928f89a526f7b59013faca3501b2b0716e5a8cdc2e097b8653638aa688ba0,2026-10-01T16:59:19.670019+00:00,km_ensaio_padronizado,catalogo_de_versoes_nao_vendas_nem_telemetria,parcial_com_quarentena,561ba9e4c85e7d376df9366fe3e75e225080da85d0b6b5356a86e892d7f42dfa
2026,Comercial,FORD,E-Transit,F35LMAB,Elétrico,Elétrico,BEV_rotulo_inmetro,E,1.02,203.0,7,https://www.gov.br/inmetro/pt-br/assuntos/regulamentacao/avaliacao-da-conformidade/programa-brasileiro-de-etiquetagem/tabelas-de-eficiencia-energetica/veiculos-automotivos-pbe-veicular/mascara-pbev-2026_19_jan-rev01.pdf/@@download/file,43e928f89a526f7b59013faca3501b2b0716e5a8cdc2e097b8653638aa688ba0,2026-10-01T16:59:19.670019+00:00,km_ensaio_padronizado,catalogo_de_versoes_nao_vendas_nem_telemetria,parcial_com_quarentena,286a1bf5b0e308390e072610f75985094d1ee544a423d5e14cab373820e62db2
2026,Comercial,FORD,E-Transit,F35LAAB,Elétrico,Elétrico,BEV_rotulo_inmetro,E,1.02,203.0,7,https://www.gov.br/inmetro/pt-br/assuntos/regulamentacao/avaliacao-da-conformidade/programa-brasileiro-de-etiquetagem/tabelas-de-eficiencia-energetica/veiculos-automotivos-pbe-veicular/mascara-pbev-2026_19_jan-rev01.pdf/@@download/file,43e928f89a526f7b59013faca3501b2b0716e5a8cdc2e097b8653638aa688ba0,2026-10-01T16:59:19.670019+00:00,km_ensaio_padronizado,catalogo_de_versoes_nao_vendas_nem_telemetria,parcial_com_quarentena,73059cff6146581923f3f973a53893a88fe3431027a9669c7cdfe3659cdb4496
2026,Comercial,FORD,E-Transit,F35EAAB,Elétrico,Elétrico,BEV_rotulo_inmetro,E,1.02,203.0,7,https://www.gov.br/inmetro/pt-br/assuntos/regulamentacao/avaliacao-da-conformidade/programa-brasileiro-de-etiquetagem/tabelas-de-eficiencia-energetica/veiculos-automotivos-pbe-veicular/mascara-pbev-2026_19_jan-rev01.pdf/@@download/file,43e928f89a526f7b59013faca3501b2b0716e5a8cdc2e097b8653638aa688ba0,2026-10-01T16:59:19.670019+00:00,km_ensaio_padronizado,catalogo_de_versoes_nao_vendas_nem_telemetria,parcial_com_quarentena,0c033d2737ed6fcfbfb93b04569baa586e9811256b276a532369aab397f738b1
2026,Comercial,FORD,E-Transit,C35LBAB,Elétrico,Elétrico,BEV_rotulo_inmetro,E,1.02,203.0,7,https://www.gov.br/inmetro/pt-br/assuntos/regulamentacao/avaliacao-da-conformidade/programa-brasileiro-de-etiquetagem/tabelas-de-eficiencia-energetica/veiculos-automotivos-pbe-veicular/mascara-pbev-2026_19_jan-rev01.pdf/@@download/file,43e928f89a526f7b59013faca3501b2b0716e5a8cdc2e097b8653638aa688ba0,2026-10-01T16:59:19.670019+00:00,km_ensaio_padronizado,catalogo_de_versoes_nao_vendas_nem_telemetria,parcial_com_quarentena,d2795cd78b4b02fb7fc5f8bebed2d4ff3cfae2a6ab9378a17ba151d611255248
2026,Comercial,FORD,E-Transit,C35EBAB,Elétrico,Elétrico,BEV_rotulo_inmetro,E,1.02,203.0,7,https://www.gov.br/inmetro/pt-br/assuntos/regulamentacao/avaliacao-da-conformidade/programa-brasileiro-de-etiquetagem/tabelas-de-eficiencia-energetica/veiculos-automotivos-pbe-veicular/mascara-pbev-2026_19_jan-rev01.pdf/@@download/file,43e928f89a526f7b59013faca3501b2b0716e5a8cdc2e097b8653638aa688ba0,2026-10-01T16:59:19.670019+00:00,km_ensaio_padronizado,catalogo_de_versoes_nao_vendas_nem_telemetria,parcial_com_quarentena,ad20c6e3d6fb8f49c2dec2227f0e777b8532c280a16dbc097861c65ff8ac3440
2026,Comercial,FOTON,EVIEW,GRAND53,Elétrico,Elétrico,BEV_rotulo_inmetro,E,0.82,162.0,7,https://www.gov.br/inmetro/pt-br/assuntos/regulamentacao/avaliacao-da-conformidade/programa-brasileiro-de-etiquetagem/tabelas-de-eficiencia-energetica/veiculos-automotivos-pbe-veicular/mascara-pbev-2026_19_jan-rev01.pdf/@@download/file,43e928f89a526f7b59013faca3501b2b0716e5a8cdc2e097b8653638aa688ba0,2026-10-01T16:59:19.670019+00:00,km_ensaio_padronizado,catalogo_de_versoes_nao_vendas_nem_telemetria,parcial_com_quarentena,d393734ddd203e29fc38bd2875f397fe892a51b5f700399e97b29b069e83f96f
2026,Comercial,FOTON,EWONDER,CHASSI,Elétrico,Elétrico,BEV_rotulo_inmetro,E,0.58,189.0,7,https://www.gov.br/inmetro/pt-br/assuntos/regulamentacao/avaliacao-da-conformidade/programa-brasileiro-de-etiquetagem/tabelas-de-eficiencia-energetica/veiculos-automotivos-pbe-veicular/mascara-pbev-2026_19_jan-rev01.pdf/@@download/file,43e928f89a526f7b59013faca3501b2b0716e5a8cdc2e097b8653638aa688ba0,2026-10-01T16:59:19.670019+00:00,km_ensaio_padronizado,catalogo_de_versoes_nao_vendas_nem_telemetria,parcial_com_quarentena,a5c83c4395f0ed64956ce0010e54f2bb26eba76f3b0db4adce4ec46d19984cb5
2026,Comercial,FOTON,EVIEW CONNECT,50S,Elétrico,Elétrico,BEV_rotulo_inmetro,E,0.69,202.0,8,https://www.gov.br/inmetro/pt-br/assuntos/regulamentacao/avaliacao-da-conformidade/programa-brasileiro-de-etiquetagem/tabelas-de-eficiencia-energetica/veiculos-automotivos-pbe-veicular/mascara-pbev-2026_19_jan-rev01.pdf/@@download/file,43e928f89a526f7b59013faca3501b2b0716e5a8cdc2e097b8653638aa688ba0,2026-10-01T16:59:19.670019+00:00,km_ensaio_padronizado,catalogo_de_versoes_nao_vendas_nem_telemetria,parcial_com_quarentena,3e7d96c5e28c4045c9229044c3abaa2e01a8b063c7c79a6cb67ca0ffd699711c
2026,Comercial,FOTON,EVIEW,GRAND77,Elétrico,Elétrico,BEV_rotulo_inmetro,E,1.0,187.0,8,https://www.gov.br/inmetro/pt-br/assuntos/regulamentacao/avaliacao-da-conformidade/programa-brasileiro-de-etiquetagem/tabelas-de-eficiencia-energetica/veiculos-automotivos-pbe-veicular/mascara-pbev-2026_19_jan-rev01.pdf/@@download/file,43e928f89a526f7b59013faca3501b2b0716e5a8cdc2e097b8653638aa688ba0,2026-10-01T16:59:19.670019+00:00,km_ensaio_padronizado,catalogo_de_versoes_nao_vendas_nem_telemetria,parcial_com_quarentena,74a4071d7ed8f5dd55b49540f2ddd288452da5212aa0cba1f86b7724b4dca3e9
2026,Comercial,FOTON,ETOANO,PRO H,Elétrico,Elétrico,BEV_rotulo_inmetro,E,1.05,179.0,8,https://www.gov.br/inmetro/pt-br/assuntos/regulamentacao/avaliacao-da-conformidade/programa-brasileiro-de-etiquetagem/tabelas-de-eficiencia-energetica/veiculos-automotivos-pbe-veicular/mascara-pbev-2026_19_jan-rev01.pdf/@@download/file,43e928f89a526f7b59013faca3501b2b0716e5a8cdc2e097b8653638aa688ba0,2026-10-01T16:59:19.670019+00:00,km_ensaio_padronizado,catalogo_de_versoes_nao_vendas_nem_telemetria,parcial_com_quarentena,acc5ed89244fda096933b6d377916bfc5238f4be52f2a3df74b39c15a16c7626
2026,Comercial,FOTON,ETOANO,PRO M,Elétrico,Elétrico,BEV_rotulo_inmetro,E,1.0,198.0,8,https://www.gov.br/inmetro/pt-br/assuntos/regulamentacao/avaliacao-da-conformidade/programa-brasileiro-de-etiquetagem/tabelas-de-eficiencia-energetica/veiculos-automotivos-pbe-veicular/mascara-pbev-2026_19_jan-rev01.pdf/@@download/file,43e928f89a526f7b59013faca3501b2b0716e5a8cdc2e097b8653638aa688ba0,2026-10-01T16:59:19.670019+00:00,km_ensaio_padronizado,catalogo_de_versoes_nao_vendas_nem_telemetria,parcial_com_quarentena,6a693c25b9a6ee01ba824906de678f0416218440f7c6250286c7d3c9c0bcb4d9
2026,Comercial,JAC,EJV5.5,CARGO,Elétrico,Elétrico,BEV_rotulo_inmetro,E,0.63,260.0,8,https://www.gov.br/inmetro/pt-br/assuntos/regulamentacao/avaliacao-da-conformidade/programa-brasileiro-de-etiquetagem/tabelas-de-eficiencia-energetica/veiculos-automotivos-pbe-veicular/mascara-pbev-2026_19_jan-rev01.pdf/@@download/file,43e928f89a526f7b59013faca3501b2b0716e5a8cdc2e097b8653638aa688ba0,2026-10-01T16:59:19.670019+00:00,km_ensaio_padronizado,catalogo_de_versoes_nao_vendas_nem_telemetria,parcial_com_quarentena,c256030a5a31d951fa19671671709cc4feebd3ccac04d2c523c9d969c83d9c2b
2026,Comercial,MERCEDES-BENZ,320 E SPRINTER,Furgão,Elétrico,Elétrico,BEV_rotulo_inmetro,E,1.09,206.0,8,https://www.gov.br/inmetro/pt-br/assuntos/regulamentacao/avaliacao-da-conformidade/programa-brasileiro-de-etiquetagem/tabelas-de-eficiencia-energetica/veiculos-automotivos-pbe-veicular/mascara-pbev-2026_19_jan-rev01.pdf/@@download/file,43e928f89a526f7b59013faca3501b2b0716e5a8cdc2e097b8653638aa688ba0,2026-10-01T16:59:19.670019+00:00,km_ensaio_padronizado,catalogo_de_versoes_nao_vendas_nem_telemetria,parcial_com_quarentena,1800fced5aa4f94a08cdf5519a03d46d7043055c2c10bcf054bea0799167e559
2026,Comercial,MERCEDES-BENZ,320 E SPRINTER,Chassi,Elétrico,Elétrico,BEV_rotulo_inmetro,E,1.09,206.0,8,https://www.gov.br/inmetro/pt-br/assuntos/regulamentacao/avaliacao-da-conformidade/programa-brasileiro-de-etiquetagem/tabelas-de-eficiencia-energetica/veiculos-automotivos-pbe-veicular/mascara-pbev-2026_19_jan-rev01.pdf/@@download/file,43e928f89a526f7b59013faca3501b2b0716e5a8cdc2e097b8653638aa688ba0,2026-10-01T16:59:19.670019+00:00,km_ensaio_padronizado,catalogo_de_versoes_nao_vendas_nem_telemetria,parcial_com_quarentena,bd0e8a60b31582262fb3320ae2001429c1fd9c3a6c4dfd904e583829d10c6133
2026,Comercial,PEUGEOT,E-EXPERT,CARGO,ELÉTRICO,Elétrico,BEV_rotulo_inmetro,E,0.75,258.0,8,https://www.gov.br/inmetro/pt-br/assuntos/regulamentacao/avaliacao-da-conformidade/programa-brasileiro-de-etiquetagem/tabelas-de-eficiencia-energetica/veiculos-automotivos-pbe-veicular/mascara-pbev-2026_19_jan-rev01.pdf/@@download/file,43e928f89a526f7b59013faca3501b2b0716e5a8cdc2e097b8653638aa688ba0,2026-10-01T16:59:19.670019+00:00,km_ensaio_padronizado,catalogo_de_versoes_nao_vendas_nem_telemetria,parcial_com_quarentena,ad64bfef1797dc3b32d2393921ae8e8d9c0ba2c940568850689eb9fcc93c361e
2026,Comercial,RENAULT,KANGOO,ETECHL2,Elétrico,Elétrico,BEV_rotulo_inmetro,E,0.6,210.0,8,https://www.gov.br/inmetro/pt-br/assuntos/regulamentacao/avaliacao-da-conformidade/programa-brasileiro-de-etiquetagem/tabelas-de-eficiencia-energetica/veiculos-automotivos-pbe-veicular/mascara-pbev-2026_19_jan-rev01.pdf/@@download/file,43e928f89a526f7b59013faca3501b2b0716e5a8cdc2e097b8653638aa688ba0,2026-10-01T16:59:19.670019+00:00,km_ensaio_padronizado,catalogo_de_versoes_nao_vendas_nem_telemetria,parcial_com_quarentena,5586c51a375bad20f679f4c604ed36a9ff46bb0a9462ad8cb09b9000827a652c
2026,Comercial,RENAULT,E-KWID,CARGO,Elétrico,Elétrico,BEV_rotulo_inmetro,E,0.44,185.0,8,https://www.gov.br/inmetro/pt-br/assuntos/regulamentacao/avaliacao-da-conformidade/programa-brasileiro-de-etiquetagem/tabelas-de-eficiencia-energetica/veiculos-automotivos-pbe-veicular/mascara-pbev-2026_19_jan-rev01.pdf/@@download/file,43e928f89a526f7b59013faca3501b2b0716e5a8cdc2e097b8653638aa688ba0,2026-10-01T16:59:19.670019+00:00,km_ensaio_padronizado,catalogo_de_versoes_nao_vendas_nem_telemetria,parcial_com_quarentena,477992e8c5b472242d38deda9b5f2ce1135e8269b7c9248d84e392bf77517549
2026,Picape,BYD,SHARK,GS DM,1.5-16V,Plug-in,PHEV_rotulo_inmetro,G,0.91,68.0,8,https://www.gov.br/inmetro/pt-br/assuntos/regulamentacao/avaliacao-da-conformidade/programa-brasileiro-de-etiquetagem/tabelas-de-eficiencia-energetica/veiculos-automotivos-pbe-veicular/mascara-pbev-2026_19_jan-rev01.pdf/@@download/file,43e928f89a526f7b59013faca3501b2b0716e5a8cdc2e097b8653638aa688ba0,2026-10-01T16:59:19.670019+00:00,km_ensaio_padronizado,catalogo_de_versoes_nao_vendas_nem_telemetria,parcial_com_quarentena,cf66fd313b584fd41bcaee4dad85d33083867095994f5b5e68f68df999357358
2026,Picape,BYD,SHARK,GL DM,1.5-16V,Plug-in,PHEV_rotulo_inmetro,G,0.91,68.0,8,https://www.gov.br/inmetro/pt-br/assuntos/regulamentacao/avaliacao-da-conformidade/programa-brasileiro-de-etiquetagem/tabelas-de-eficiencia-energetica/veiculos-automotivos-pbe-veicular/mascara-pbev-2026_19_jan-rev01.pdf/@@download/file,43e928f89a526f7b59013faca3501b2b0716e5a8cdc2e097b8653638aa688ba0,2026-10-01T16:59:19.670019+00:00,km_ensaio_padronizado,catalogo_de_versoes_nao_vendas_nem_telemetria,parcial_com_quarentena,807698eb6fec52b3687e115e5a1e9ad5d82a81bd96cea053c39c7555417f442c
2026,Picape,FIAT,TORO,VOLC T270 HYB,1.3T-16V,Híbrido,HIBRIDO_rotulo_inmetro,F,2.05,,8,https://www.gov.br/inmetro/pt-br/assuntos/regulamentacao/avaliacao-da-conformidade/programa-brasileiro-de-etiquetagem/tabelas-de-eficiencia-energetica/veiculos-automotivos-pbe-veicular/mascara-pbev-2026_19_jan-rev01.pdf/@@download/file,43e928f89a526f7b59013faca3501b2b0716e5a8cdc2e097b8653638aa688ba0,2026-10-01T16:59:19.670019+00:00,km_ensaio_padronizado,catalogo_de_versoes_nao_vendas_nem_telemetria,parcial_com_quarentena,5d16f01982f04587b788e0e67dc015ec475a6f939d94837a63fb9f7a76b48ee3
2026,Picape,FIAT,TORO,ULTRA T270 HYB,1.3T-16V,Híbrido,HIBRIDO_rotulo_inmetro,F,2.05,,8,https://www.gov.br/inmetro/pt-br/assuntos/regulamentacao/avaliacao-da-conformidade/programa-brasileiro-de-etiquetagem/tabelas-de-eficiencia-energetica/veiculos-automotivos-pbe-veicular/mascara-pbev-2026_19_jan-rev01.pdf/@@download/file,43e928f89a526f7b59013faca3501b2b0716e5a8cdc2e097b8653638aa688ba0,2026-10-01T16:59:19.670019+00:00,km_ensaio_padronizado,catalogo_de_versoes_nao_vendas_nem_telemetria,parcial_com_quarentena,fe8343217f7490ea05acf5639bdab35307bc95af1a66ea7c0b7feb8924f48f83
2026,Picape,FOTON,TUNLAND,V7,2.0-16V,Híbrido,HIBRIDO_rotulo_inmetro,D,2.95,,9,https://www.gov.br/inmetro/pt-br/assuntos/regulamentacao/avaliacao-da-conformidade/programa-brasileiro-de-etiquetagem/tabelas-de-eficiencia-energetica/veiculos-automotivos-pbe-veicular/mascara-pbev-2026_19_jan-rev01.pdf/@@download/file,43e928f89a526f7b59013faca3501b2b0716e5a8cdc2e097b8653638aa688ba0,2026-10-01T16:59:19.670019+00:00,km_ensaio_padronizado,catalogo_de_versoes_nao_vendas_nem_telemetria,parcial_com_quarentena,ea9bbbe6b0fa26147685e8073fa484e49ce8c3b20e6e9324c32b7dccea410d1d
2026,Picape,FOTON,TUNLAND,V9,2.0-16V,Híbrido,HIBRIDO_rotulo_inmetro,D,2.95,,9,https://www.gov.br/inmetro/pt-br/assuntos/regulamentacao/avaliacao-da-conformidade/programa-brasileiro-de-etiquetagem/tabelas-de-eficiencia-energetica/veiculos-automotivos-pbe-veicular/mascara-pbev-2026_19_jan-rev01.pdf/@@download/file,43e928f89a526f7b59013faca3501b2b0716e5a8cdc2e097b8653638aa688ba0,2026-10-01T16:59:19.670019+00:00,km_ensaio_padronizado,catalogo_de_versoes_nao_vendas_nem_telemetria,parcial_com_quarentena,a0d0b951f714a5b422e0c4132269a8480b9c62c14f0ae484df556ebe976137b9
2026,Picape,JAC,IEV330P,IEV330,Elétrico,Elétrico,BEV_rotulo_inmetro,E,0.75,226.0,9,https://www.gov.br/inmetro/pt-br/assuntos/regulamentacao/avaliacao-da-conformidade/programa-brasileiro-de-etiquetagem/tabelas-de-eficiencia-energetica/veiculos-automotivos-pbe-veicular/mascara-pbev-2026_19_jan-rev01.pdf/@@download/file,43e928f89a526f7b59013faca3501b2b0716e5a8cdc2e097b8653638aa688ba0,2026-10-01T16:59:19.670019+00:00,km_ensaio_padronizado,catalogo_de_versoes_nao_vendas_nem_telemetria,parcial_com_quarentena,5ec03da7b97c29af1e759195766869f498424cc9314eee1592e977468e3b8cec
2026,Esportivo,FERRARI,296,GTB,3.0-24V,Plug-in,PHEV_rotulo_inmetro,G,2.02,10.0,9,https://www.gov.br/inmetro/pt-br/assuntos/regulamentacao/avaliacao-da-conformidade/programa-brasileiro-de-etiquetagem/tabelas-de-eficiencia-energetica/veiculos-automotivos-pbe-veicular/mascara-pbev-2026_19_jan-rev01.pdf/@@download/file,43e928f89a526f7b59013faca3501b2b0716e5a8cdc2e097b8653638aa688ba0,2026-10-01T16:59:19.670019+00:00,km_ensaio_padronizado,catalogo_de_versoes_nao_vendas_nem_telemetria,parcial_com_quarentena,bc3d30165eb2b0a87ffd220334e5c6161bd8b5cd66c86ca773d8472af030186d
2026,Esportivo,FERRARI,296,GTS,3.0-24V,Plug-in,PHEV_rotulo_inmetro,G,1.97,11.0,9,https://www.gov.br/inmetro/pt-br/assuntos/regulamentacao/avaliacao-da-conformidade/programa-brasileiro-de-etiquetagem/tabelas-de-eficiencia-energetica/veiculos-automotivos-pbe-veicular/mascara-pbev-2026_19_jan-rev01.pdf/@@download/file,43e928f89a526f7b59013faca3501b2b0716e5a8cdc2e097b8653638aa688ba0,2026-10-01T16:59:19.670019+00:00,km_ensaio_padronizado,catalogo_de_versoes_nao_vendas_nem_telemetria,parcial_com_quarentena,fb849c9228ceb38a403c9a7281a01953a2870b105fa93533256b0bd9abf56a8d
2026,Esportivo,MCLAREN,ARTURA,,3.0-24V,Plug-in,PHEV_rotulo_inmetro,G,1.45,23.0,9,https://www.gov.br/inmetro/pt-br/assuntos/regulamentacao/avaliacao-da-conformidade/programa-brasileiro-de-etiquetagem/tabelas-de-eficiencia-energetica/veiculos-automotivos-pbe-veicular/mascara-pbev-2026_19_jan-rev01.pdf/@@download/file,43e928f89a526f7b59013faca3501b2b0716e5a8cdc2e097b8653638aa688ba0,2026-10-01T16:59:19.670019+00:00,km_ensaio_padronizado,catalogo_de_versoes_nao_vendas_nem_telemetria,parcial_com_quarentena,737a407b004ddd92b21cc25f6f3379dab862b6a6e5ec75d3dfc8b9b350ff8449
2026,Esportivo,MCLAREN,ARTURA,SPIDER,3.0-24V,Plug-in,PHEV_rotulo_inmetro,G,1.45,23.0,9,https://www.gov.br/inmetro/pt-br/assuntos/regulamentacao/avaliacao-da-conformidade/programa-brasileiro-de-etiquetagem/tabelas-de-eficiencia-energetica/veiculos-automotivos-pbe-veicular/mascara-pbev-2026_19_jan-rev01.pdf/@@download/file,43e928f89a526f7b59013faca3501b2b0716e5a8cdc2e097b8653638aa688ba0,2026-10-01T16:59:19.670019+00:00,km_ensaio_padronizado,catalogo_de_versoes_nao_vendas_nem_telemetria,parcial_com_quarentena,d8e36a09e7c33ee71697cffa6590f11e4cda9aa56638245a92e5e8e95c045982
2026,Esportivo,MERCEDES-BENZ,AMG SL63S EP,,4.0-32V,Plug-in,PHEV_rotulo_inmetro,G,2.27,9.0,9,https://www.gov.br/inmetro/pt-br/assuntos/regulamentacao/avaliacao-da-conformidade/programa-brasileiro-de-etiquetagem/tabelas-de-eficiencia-energetica/veiculos-automotivos-pbe-veicular/mascara-pbev-2026_19_jan-rev01.pdf/@@download/file,43e928f89a526f7b59013faca3501b2b0716e5a8cdc2e097b8653638aa688ba0,2026-10-01T16:59:19.670019+00:00,km_ensaio_padronizado,catalogo_de_versoes_nao_vendas_nem_telemetria,parcial_com_quarentena,bdaa025ead592fb14fa1955616ec9534c9ab783a4ba497a6b4cc5876bad2dd4d
2026,Esportivo,MERCEDES-BENZ,AMG GT63S EP,2P,4.0-32V,Plug-in,PHEV_rotulo_inmetro,G,1.77,9.0,9,https://www.gov.br/inmetro/pt-br/assuntos/regulamentacao/avaliacao-da-conformidade/programa-brasileiro-de-etiquetagem/tabelas-de-eficiencia-energetica/veiculos-automotivos-pbe-veicular/mascara-pbev-2026_19_jan-rev01.pdf/@@download/file,43e928f89a526f7b59013faca3501b2b0716e5a8cdc2e097b8653638aa688ba0,2026-10-01T16:59:19.670019+00:00,km_ensaio_padronizado,catalogo_de_versoes_nao_vendas_nem_telemetria,parcial_com_quarentena,606f1852c2b72479ad3892e35c3e1a3ccc24f827db7513c752320375f34a9f17
2026,Esportivo,MERCEDES-BENZ,AMG GT63S EP,,4.0-32V,Plug-in,PHEV_rotulo_inmetro,G,1.96,9.0,9,https://www.gov.br/inmetro/pt-br/assuntos/regulamentacao/avaliacao-da-conformidade/programa-brasileiro-de-etiquetagem/tabelas-de-eficiencia-energetica/veiculos-automotivos-pbe-veicular/mascara-pbev-2026_19_jan-rev01.pdf/@@download/file,43e928f89a526f7b59013faca3501b2b0716e5a8cdc2e097b8653638aa688ba0,2026-10-01T16:59:19.670019+00:00,km_ensaio_padronizado,catalogo_de_versoes_nao_vendas_nem_telemetria,parcial_com_quarentena,d3777c3bc84d6eedfe1522a40ede5b0a247e23443897abb8d1fbb8bc58f86a22
2026,Esportivo,MG,CYBERSTER,77 KWH AWD,Elétrico,Elétrico,BEV_rotulo_inmetro,E,0.56,342.0,9,https://www.gov.br/inmetro/pt-br/assuntos/regulamentacao/avaliacao-da-conformidade/programa-brasileiro-de-etiquetagem/tabelas-de-eficiencia-energetica/veiculos-automotivos-pbe-veicular/mascara-pbev-2026_19_jan-rev01.pdf/@@download/file,43e928f89a526f7b59013faca3501b2b0716e5a8cdc2e097b8653638aa688ba0,2026-10-01T16:59:19.670019+00:00,km_ensaio_padronizado,catalogo_de_versoes_nao_vendas_nem_telemetria,parcial_com_quarentena,6b39c1f0c39d75b23935e6c9a0d89df6eb7fe15017c558e6e9eb251e79cd5e33
2026,Esportivo,PORSCHE,911,TURBO S / TURBO S CA,3.6/24V,Híbrido,HIBRIDO_rotulo_inmetro,G,3.17,,9,https://www.gov.br/inmetro/pt-br/assuntos/regulamentacao/avaliacao-da-conformidade/programa-brasileiro-de-etiquetagem/tabelas-de-eficiencia-energetica/veiculos-automotivos-pbe-veicular/mascara-pbev-2026_19_jan-rev01.pdf/@@download/file,43e928f89a526f7b59013faca3501b2b0716e5a8cdc2e097b8653638aa688ba0,2026-10-01T16:59:19.670019+00:00,km_ensaio_padronizado,catalogo_de_versoes_nao_vendas_nem_telemetria,parcial_com_quarentena,ee206fe366ea738ccd050a13aa43c01ebabf5e060d33bc34d454390c9cbbd1e7
2026,Esportivo,PORSCHE,911,CARRERAGTS,3.6-24V,Híbrido,HIBRIDO_rotulo_inmetro,G,2.8,,9,https://www.gov.br/inmetro/pt-br/assuntos/regulamentacao/avaliacao-da-conformidade/programa-brasileiro-de-etiquetagem/tabelas-de-eficiencia-energetica/veiculos-automotivos-pbe-veicular/mascara-pbev-2026_19_jan-rev01.pdf/@@download/file,43e928f89a526f7b59013faca3501b2b0716e5a8cdc2e097b8653638aa688ba0,2026-10-01T16:59:19.670019+00:00,km_ensaio_padronizado,catalogo_de_versoes_nao_vendas_nem_telemetria,parcial_com_quarentena,40d30278a468e7257bfb5ffd85c4861f564114bfe5a70797037de918380a5527
2026,Esportivo,PORSCHE,911,CAR GTS CA,3.6-24V,Híbrido,HIBRIDO_rotulo_inmetro,G,2.8,,9,https://www.gov.br/inmetro/pt-br/assuntos/regulamentacao/avaliacao-da-conformidade/programa-brasileiro-de-etiquetagem/tabelas-de-eficiencia-energetica/veiculos-automotivos-pbe-veicular/mascara-pbev-2026_19_jan-rev01.pdf/@@download/file,43e928f89a526f7b59013faca3501b2b0716e5a8cdc2e097b8653638aa688ba0,2026-10-01T16:59:19.670019+00:00,km_ensaio_padronizado,catalogo_de_versoes_nao_vendas_nem_telemetria,parcial_com_quarentena,4fac58946977fd785a7ae4dfff55fd5cc570651d623bf336acd01f69e9df5a8f
2026,Esportivo,PORSCHE,911,SPIRIT 70,3.6-24V,Híbrido,HIBRIDO_rotulo_inmetro,G,2.8,,9,https://www.gov.br/inmetro/pt-br/assuntos/regulamentacao/avaliacao-da-conformidade/programa-brasileiro-de-etiquetagem/tabelas-de-eficiencia-energetica/veiculos-automotivos-pbe-veicular/mascara-pbev-2026_19_jan-rev01.pdf/@@download/file,43e928f89a526f7b59013faca3501b2b0716e5a8cdc2e097b8653638aa688ba0,2026-10-01T16:59:19.670019+00:00,km_ensaio_padronizado,catalogo_de_versoes_nao_vendas_nem_telemetria,parcial_com_quarentena,c9e87b3771717b9fc77e5f8d977ea2c8dce5b813f4ed03ae5dae3d94e1b9b554
2026,Esportivo,PORSCHE,911,TARGA 4GTS,3.6/24V,Híbrido,HIBRIDO_rotulo_inmetro,G,2.86,,9,https://www.gov.br/inmetro/pt-br/assuntos/regulamentacao/avaliacao-da-conformidade/programa-brasileiro-de-etiquetagem/tabelas-de-eficiencia-energetica/veiculos-automotivos-pbe-veicular/mascara-pbev-2026_19_jan-rev01.pdf/@@download/file,43e928f89a526f7b59013faca3501b2b0716e5a8cdc2e097b8653638aa688ba0,2026-10-01T16:59:19.670019+00:00,km_ensaio_padronizado,catalogo_de_versoes_nao_vendas_nem_telemetria,parcial_com_quarentena,b96396973135ac407f6adc0aa912c4ffa831ab937512d704847d461b65afb564
2026,Esportivo,PORSCHE,911,TARGA 4GTS,3.6/24V,Híbrido,HIBRIDO_rotulo_inmetro,G,2.86,,9,https://www.gov.br/inmetro/pt-br/assuntos/regulamentacao/avaliacao-da-conformidade/programa-brasileiro-de-etiquetagem/tabelas-de-eficiencia-energetica/veiculos-automotivos-pbe-veicular/mascara-pbev-2026_19_jan-rev01.pdf/@@download/file,43e928f89a526f7b59013faca3501b2b0716e5a8cdc2e097b8653638aa688ba0,2026-10-01T16:59:19.670019+00:00,km_ensaio_padronizado,catalogo_de_versoes_nao_vendas_nem_telemetria,parcial_com_quarentena,2967fe6df593ac0387f354ec85e0ca4c5e54984940f440447375494179bcdfba
2026,Esportivo,PORSCHE,PANAMERA,TPHEV,4.0-32V,Plug-in,PHEV_rotulo_inmetro,G,0.96,61.0,9,https://www.gov.br/inmetro/pt-br/assuntos/regulamentacao/avaliacao-da-conformidade/programa-brasileiro-de-etiquetagem/tabelas-de-eficiencia-energetica/veiculos-automotivos-pbe-veicular/mascara-pbev-2026_19_jan-rev01.pdf/@@download/file,43e928f89a526f7b59013faca3501b2b0716e5a8cdc2e097b8653638aa688ba0,2026-10-01T16:59:19.670019+00:00,km_ensaio_padronizado,catalogo_de_versoes_nao_vendas_nem_telemetria,parcial_com_quarentena,123c33bb6a9550116e24cd4896c0c5529996eebf9cc9230282467b268fdf7f5c
2026,Esportivo,PORSCHE,PANAMERA,TSEHY,4.0-32V,Plug-in,PHEV_rotulo_inmetro,G,0.96,60.0,9,https://www.gov.br/inmetro/pt-br/assuntos/regulamentacao/avaliacao-da-conformidade/programa-brasileiro-de-etiquetagem/tabelas-de-eficiencia-energetica/veiculos-automotivos-pbe-veicular/mascara-pbev-2026_19_jan-rev01.pdf/@@download/file,43e928f89a526f7b59013faca3501b2b0716e5a8cdc2e097b8653638aa688ba0,2026-10-01T16:59:19.670019+00:00,km_ensaio_padronizado,catalogo_de_versoes_nao_vendas_nem_telemetria,parcial_com_quarentena,4e69897c603b1cb86fdb7d5d1626fd1c3cbbaf597ce14458eb6383e085ba06be
2026,Esportivo,PORSCHE,PANAMERA,4EHYB,2.9-24V,Plug-in,PHEV_rotulo_inmetro,G,0.9,63.0,9,https://www.gov.br/inmetro/pt-br/assuntos/regulamentacao/avaliacao-da-conformidade/programa-brasileiro-de-etiquetagem/tabelas-de-eficiencia-energetica/veiculos-automotivos-pbe-veicular/mascara-pbev-2026_19_jan-rev01.pdf/@@download/file,43e928f89a526f7b59013faca3501b2b0716e5a8cdc2e097b8653638aa688ba0,2026-10-01T16:59:19.670019+00:00,km_ensaio_padronizado,catalogo_de_versoes_nao_vendas_nem_telemetria,parcial_com_quarentena,e9539938934d62f2426c1d036a183c3a80d0365d3ccf9806649f54d3fad50f66
2026,Esportivo,PORSCHE,PANAMERA,4SEHY,2.9-24V,Plug-in,PHEV_rotulo_inmetro,G,0.93,63.0,9,https://www.gov.br/inmetro/pt-br/assuntos/regulamentacao/avaliacao-da-conformidade/programa-brasileiro-de-etiquetagem/tabelas-de-eficiencia-energetica/veiculos-automotivos-pbe-veicular/mascara-pbev-2026_19_jan-rev01.pdf/@@download/file,43e928f89a526f7b59013faca3501b2b0716e5a8cdc2e097b8653638aa688ba0,2026-10-01T16:59:19.670019+00:00,km_ensaio_padronizado,catalogo_de_versoes_nao_vendas_nem_telemetria,parcial_com_quarentena,74b396fa6a94de7af9a85a8bf2eaeb36e1974befca1042b7c2d1f263bfd3189b
2026,Esportivo,PORSCHE,TAYCAN,TURBO S,Elétrico,Elétrico,BEV_rotulo_inmetro,E,0.67,425.0,9,https://www.gov.br/inmetro/pt-br/assuntos/regulamentacao/avaliacao-da-conformidade/programa-brasileiro-de-etiquetagem/tabelas-de-eficiencia-energetica/veiculos-automotivos-pbe-veicular/mascara-pbev-2026_19_jan-rev01.pdf/@@download/file,43e928f89a526f7b59013faca3501b2b0716e5a8cdc2e097b8653638aa688ba0,2026-10-01T16:59:19.670019+00:00,km_ensaio_padronizado,catalogo_de_versoes_nao_vendas_nem_telemetria,parcial_com_quarentena,a900a391b55c221cc151a5ca14af31be3e1432e79e7f274da5f7af64511871b2
2026,Esportivo,PORSCHE,TAYCAN,4S,Elétrico,Elétrico,BEV_rotulo_inmetro,E,0.69,415.0,9,https://www.gov.br/inmetro/pt-br/assuntos/regulamentacao/avaliacao-da-conformidade/programa-brasileiro-de-etiquetagem/tabelas-de-eficiencia-energetica/veiculos-automotivos-pbe-veicular/mascara-pbev-2026_19_jan-rev01.pdf/@@download/file,43e928f89a526f7b59013faca3501b2b0716e5a8cdc2e097b8653638aa688ba0,2026-10-01T16:59:19.670019+00:00,km_ensaio_padronizado,catalogo_de_versoes_nao_vendas_nem_telemetria,parcial_com_quarentena,2d38448221bc3ff43256fb6a1591e8600d24dea08b5bab6b34b85c21966c166d
2026,Esportivo,PORSCHE,TAYCAN,4S BE,Elétrico,Elétrico,BEV_rotulo_inmetro,E,0.69,415.0,9,https://www.gov.br/inmetro/pt-br/assuntos/regulamentacao/avaliacao-da-conformidade/programa-brasileiro-de-etiquetagem/tabelas-de-eficiencia-energetica/veiculos-automotivos-pbe-veicular/mascara-pbev-2026_19_jan-rev01.pdf/@@download/file,43e928f89a526f7b59013faca3501b2b0716e5a8cdc2e097b8653638aa688ba0,2026-10-01T16:59:19.670019+00:00,km_ensaio_padronizado,catalogo_de_versoes_nao_vendas_nem_telemetria,parcial_com_quarentena,c41101dc3145ee0d8656892601ee85e64e9978207e065af79071a5beea38f9e5
2026,Esportivo,PORSCHE,TAYCAN,TURBOCT,Elétrico,Elétrico,BEV_rotulo_inmetro,E,0.69,415.0,9,https://www.gov.br/inmetro/pt-br/assuntos/regulamentacao/avaliacao-da-conformidade/programa-brasileiro-de-etiquetagem/tabelas-de-eficiencia-energetica/veiculos-automotivos-pbe-veicular/mascara-pbev-2026_19_jan-rev01.pdf/@@download/file,43e928f89a526f7b59013faca3501b2b0716e5a8cdc2e097b8653638aa688ba0,2026-10-01T16:59:19.670019+00:00,km_ensaio_padronizado,catalogo_de_versoes_nao_vendas_nem_telemetria,parcial_com_quarentena,d46e58260bf0a4991437dc3fb2c0e10d2c49fdb8a8bc595cf1710b064ec663b0
2026,Esportivo,PORSCHE,TAYCAN,4S CT,Elétrico,Elétrico,BEV_rotulo_inmetro,E,0.69,415.0,9,https://www.gov.br/inmetro/pt-br/assuntos/regulamentacao/avaliacao-da-conformidade/programa-brasileiro-de-etiquetagem/tabelas-de-eficiencia-energetica/veiculos-automotivos-pbe-veicular/mascara-pbev-2026_19_jan-rev01.pdf/@@download/file,43e928f89a526f7b59013faca3501b2b0716e5a8cdc2e097b8653638aa688ba0,2026-10-01T16:59:19.670019+00:00,km_ensaio_padronizado,catalogo_de_versoes_nao_vendas_nem_telemetria,parcial_com_quarentena,718cdf07d1d399e1c25febc5b430ec657ec6d4aed188bb46426cb5ae36ae05dd
2026,Esportivo,PORSCHE,TAYCAN,4CT,Elétrico,Elétrico,BEV_rotulo_inmetro,E,0.69,415.0,9,https://www.gov.br/inmetro/pt-br/assuntos/regulamentacao/avaliacao-da-conformidade/programa-brasileiro-de-etiquetagem/tabelas-de-eficiencia-energetica/veiculos-automotivos-pbe-veicular/mascara-pbev-2026_19_jan-rev01.pdf/@@download/file,43e928f89a526f7b59013faca3501b2b0716e5a8cdc2e097b8653638aa688ba0,2026-10-01T16:59:19.670019+00:00,km_ensaio_padronizado,catalogo_de_versoes_nao_vendas_nem_telemetria,parcial_com_quarentena,1061e6176eb464b5f0503cb45d668ee3430307234eed8654ca04d19e246761fb
2026,Esportivo,PORSCHE,TAYCAN,TURBOGT,Elétrico,Elétrico,BEV_rotulo_inmetro,E,0.64,442.0,9,https://www.gov.br/inmetro/pt-br/assuntos/regulamentacao/avaliacao-da-conformidade/programa-brasileiro-de-etiquetagem/tabelas-de-eficiencia-energetica/veiculos-automotivos-pbe-veicular/mascara-pbev-2026_19_jan-rev01.pdf/@@download/file,43e928f89a526f7b59013faca3501b2b0716e5a8cdc2e097b8653638aa688ba0,2026-10-01T16:59:19.670019+00:00,km_ensaio_padronizado,catalogo_de_versoes_nao_vendas_nem_telemetria,parcial_com_quarentena,5c05e492042a6a422f6aced4a10eb52305b2026a7d1944452dc9d9945fa0188b
