uf,municipio_chave,jan_ago_2024,jan_ago_2025,jan_ago_2026,acrescimo_2026_2025,crescimento_percentual,contribuicao_crescimento_percentual,escopo
DF,BRASILIA,7083.000000,10758.000000,23564.000000,12806.000000,119.036996,8.171365,"Emplacamentos BEV/PHEV ABVE; frota ampla SENATRAN ago/2026 e indicadores IBGE 2022, quando presentes, são medidas separadas. Recarga ABVE/Tupi ago/2026."
SP,SAO PAULO,9967.000000,11477.000000,21602.000000,10125.000000,88.219918,6.460649,"Emplacamentos BEV/PHEV ABVE; frota ampla SENATRAN ago/2026 e indicadores IBGE 2022, quando presentes, são medidas separadas. Recarga ABVE/Tupi ago/2026."
MG,BELO HORIZONTE,2394.000000,3567.000000,11863.000000,8296.000000,232.576395,5.293585,"Emplacamentos BEV/PHEV ABVE; frota ampla SENATRAN ago/2026 e indicadores IBGE 2022, quando presentes, são medidas separadas. Recarga ABVE/Tupi ago/2026."
PR,CURITIBA,2588.000000,2919.000000,7511.000000,4592.000000,157.314149,2.930104,"Emplacamentos BEV/PHEV ABVE; frota ampla SENATRAN ago/2026 e indicadores IBGE 2022, quando presentes, são medidas separadas. Recarga ABVE/Tupi ago/2026."
RJ,RIO DE JANEIRO,3246.000000,3855.000000,7788.000000,3933.000000,102.023346,2.509603,"Emplacamentos BEV/PHEV ABVE; frota ampla SENATRAN ago/2026 e indicadores IBGE 2022, quando presentes, são medidas separadas. Recarga ABVE/Tupi ago/2026."
PE,RECIFE,1264.000000,1951.000000,5448.000000,3497.000000,179.241415,2.231397,"Emplacamentos BEV/PHEV ABVE; frota ampla SENATRAN ago/2026 e indicadores IBGE 2022, quando presentes, são medidas separadas. Recarga ABVE/Tupi ago/2026."
CE,FORTALEZA,1402.000000,1947.000000,5220.000000,3273.000000,168.104777,2.088465,"Emplacamentos BEV/PHEV ABVE; frota ampla SENATRAN ago/2026 e indicadores IBGE 2022, quando presentes, são medidas separadas. Recarga ABVE/Tupi ago/2026."
GO,GOIANIA,1520.000000,1830.000000,4840.000000,3010.000000,164.480874,1.920647,"Emplacamentos BEV/PHEV ABVE; frota ampla SENATRAN ago/2026 e indicadores IBGE 2022, quando presentes, são medidas separadas. Recarga ABVE/Tupi ago/2026."
RS,PORTO ALEGRE,1583.000000,1686.000000,4630.000000,2944.000000,174.614472,1.878533,"Emplacamentos BEV/PHEV ABVE; frota ampla SENATRAN ago/2026 e indicadores IBGE 2022, quando presentes, são medidas separadas. Recarga ABVE/Tupi ago/2026."
BA,SALVADOR,1505.000000,2303.000000,5246.000000,2943.000000,127.789839,1.877895,"Emplacamentos BEV/PHEV ABVE; frota ampla SENATRAN ago/2026 e indicadores IBGE 2022, quando presentes, são medidas separadas. Recarga ABVE/Tupi ago/2026."
AM,MANAUS,837.000000,1541.000000,4007.000000,2466.000000,160.025957,1.573527,"Emplacamentos BEV/PHEV ABVE; frota ampla SENATRAN ago/2026 e indicadores IBGE 2022, quando presentes, são medidas separadas. Recarga ABVE/Tupi ago/2026."
AL,MACEIO,840.000000,1214.000000,3497.000000,2283.000000,188.056013,1.456757,"Emplacamentos BEV/PHEV ABVE; frota ampla SENATRAN ago/2026 e indicadores IBGE 2022, quando presentes, são medidas separadas. Recarga ABVE/Tupi ago/2026."
PB,JOAO PESSOA,426.000000,761.000000,2996.000000,2235.000000,293.692510,1.426128,"Emplacamentos BEV/PHEV ABVE; frota ampla SENATRAN ago/2026 e indicadores IBGE 2022, quando presentes, são medidas separadas. Recarga ABVE/Tupi ago/2026."
RN,NATAL,745.000000,771.000000,2736.000000,1965.000000,254.863813,1.253844,"Emplacamentos BEV/PHEV ABVE; frota ampla SENATRAN ago/2026 e indicadores IBGE 2022, quando presentes, são medidas separadas. Recarga ABVE/Tupi ago/2026."
MT,CUIABA,854.000000,842.000000,2440.000000,1598.000000,189.786223,1.019666,"Emplacamentos BEV/PHEV ABVE; frota ampla SENATRAN ago/2026 e indicadores IBGE 2022, quando presentes, são medidas separadas. Recarga ABVE/Tupi ago/2026."
SE,ARACAJU,460.000000,626.000000,2142.000000,1516.000000,242.172524,0.967343,"Emplacamentos BEV/PHEV ABVE; frota ampla SENATRAN ago/2026 e indicadores IBGE 2022, quando presentes, são medidas separadas. Recarga ABVE/Tupi ago/2026."
MA,SAO LUIS,647.000000,788.000000,2085.000000,1297.000000,164.593909,0.827601,"Emplacamentos BEV/PHEV ABVE; frota ampla SENATRAN ago/2026 e indicadores IBGE 2022, quando presentes, são medidas separadas. Recarga ABVE/Tupi ago/2026."
PI,TERESINA,602.000000,729.000000,2000.000000,1271.000000,174.348422,0.811011,"Emplacamentos BEV/PHEV ABVE; frota ampla SENATRAN ago/2026 e indicadores IBGE 2022, quando presentes, são medidas separadas. Recarga ABVE/Tupi ago/2026."
SP,RIBEIRAO PRETO,686.000000,981.000000,2195.000000,1214.000000,123.751274,0.774640,"Emplacamentos BEV/PHEV ABVE; frota ampla SENATRAN ago/2026 e indicadores IBGE 2022, quando presentes, são medidas separadas. Recarga ABVE/Tupi ago/2026."
SC,FLORIANOPOLIS,1036.000000,1433.000000,2627.000000,1194.000000,83.321703,0.761878,"Emplacamentos BEV/PHEV ABVE; frota ampla SENATRAN ago/2026 e indicadores IBGE 2022, quando presentes, são medidas separadas. Recarga ABVE/Tupi ago/2026."
MG,UBERLANDIA,556.000000,622.000000,1805.000000,1183.000000,190.192926,0.754859,"Emplacamentos BEV/PHEV ABVE; frota ampla SENATRAN ago/2026 e indicadores IBGE 2022, quando presentes, são medidas separadas. Recarga ABVE/Tupi ago/2026."
SP,CAMPINAS,1725.000000,2157.000000,3259.000000,1102.000000,51.089476,0.703174,"Emplacamentos BEV/PHEV ABVE; frota ampla SENATRAN ago/2026 e indicadores IBGE 2022, quando presentes, são medidas separadas. Recarga ABVE/Tupi ago/2026."
RS,CAXIAS DO SUL,227.000000,447.000000,1498.000000,1051.000000,235.123043,0.670631,"Emplacamentos BEV/PHEV ABVE; frota ampla SENATRAN ago/2026 e indicadores IBGE 2022, quando presentes, são medidas separadas. Recarga ABVE/Tupi ago/2026."
SP,SOROCABA,483.000000,633.000000,1673.000000,1040.000000,164.296998,0.663612,"Emplacamentos BEV/PHEV ABVE; frota ampla SENATRAN ago/2026 e indicadores IBGE 2022, quando presentes, são medidas separadas. Recarga ABVE/Tupi ago/2026."
PR,SAO JOSE DOS PINHAIS,368.000000,314.000000,1156.000000,842.000000,268.152866,0.537271,"Emplacamentos BEV/PHEV ABVE; frota ampla SENATRAN ago/2026 e indicadores IBGE 2022, quando presentes, são medidas separadas. Recarga ABVE/Tupi ago/2026."
PA,BELEM,470.000000,667.000000,1500.000000,833.000000,124.887556,0.531528,"Emplacamentos BEV/PHEV ABVE; frota ampla SENATRAN ago/2026 e indicadores IBGE 2022, quando presentes, são medidas separadas. Recarga ABVE/Tupi ago/2026."
RO,PORTO VELHO,315.000000,700.000000,1530.000000,830.000000,118.571429,0.529614,"Emplacamentos BEV/PHEV ABVE; frota ampla SENATRAN ago/2026 e indicadores IBGE 2022, quando presentes, são medidas separadas. Recarga ABVE/Tupi ago/2026."
BA,FEIRA DE SANTANA,211.000000,444.000000,1260.000000,816.000000,183.783784,0.520680,"Emplacamentos BEV/PHEV ABVE; frota ampla SENATRAN ago/2026 e indicadores IBGE 2022, quando presentes, são medidas separadas. Recarga ABVE/Tupi ago/2026."
SP,SAO JOSE DO RIO PRETO,509.000000,610.000000,1419.000000,809.000000,132.622951,0.516214,"Emplacamentos BEV/PHEV ABVE; frota ampla SENATRAN ago/2026 e indicadores IBGE 2022, quando presentes, são medidas separadas. Recarga ABVE/Tupi ago/2026."
PE,PETROLINA,162.000000,365.000000,1153.000000,788.000000,215.890411,0.502814,"Emplacamentos BEV/PHEV ABVE; frota ampla SENATRAN ago/2026 e indicadores IBGE 2022, quando presentes, são medidas separadas. Recarga ABVE/Tupi ago/2026."
PR,LONDRINA,448.000000,509.000000,1289.000000,780.000000,153.241650,0.497709,"Emplacamentos BEV/PHEV ABVE; frota ampla SENATRAN ago/2026 e indicadores IBGE 2022, quando presentes, são medidas separadas. Recarga ABVE/Tupi ago/2026."
RN,PARNAMIRIM,219.000000,316.000000,1087.000000,771.000000,243.987342,0.491966,"Emplacamentos BEV/PHEV ABVE; frota ampla SENATRAN ago/2026 e indicadores IBGE 2022, quando presentes, são medidas separadas. Recarga ABVE/Tupi ago/2026."
BA,LAURO DE FREITAS,134.000000,472.000000,1239.000000,767.000000,162.500000,0.489414,"Emplacamentos BEV/PHEV ABVE; frota ampla SENATRAN ago/2026 e indicadores IBGE 2022, quando presentes, são medidas separadas. Recarga ABVE/Tupi ago/2026."
SP,JUNDIAI,466.000000,709.000000,1440.000000,731.000000,103.102962,0.466443,"Emplacamentos BEV/PHEV ABVE; frota ampla SENATRAN ago/2026 e indicadores IBGE 2022, quando presentes, são medidas separadas. Recarga ABVE/Tupi ago/2026."
SP,SAO BERNARDO DO CAMPO,366.000000,460.000000,1190.000000,730.000000,158.695652,0.465805,"Emplacamentos BEV/PHEV ABVE; frota ampla SENATRAN ago/2026 e indicadores IBGE 2022, quando presentes, são medidas separadas. Recarga ABVE/Tupi ago/2026."
SP,INDAIATUBA,508.000000,563.000000,1289.000000,726.000000,128.952043,0.463252,"Emplacamentos BEV/PHEV ABVE; frota ampla SENATRAN ago/2026 e indicadores IBGE 2022, quando presentes, são medidas separadas. Recarga ABVE/Tupi ago/2026."
BA,VITORIA DA CONQUISTA,35.000000,335.000000,1044.000000,709.000000,211.641791,0.452405,"Emplacamentos BEV/PHEV ABVE; frota ampla SENATRAN ago/2026 e indicadores IBGE 2022, quando presentes, são medidas separadas. Recarga ABVE/Tupi ago/2026."
SP,SANTO ANDRE,298.000000,442.000000,1114.000000,672.000000,152.036199,0.428796,"Emplacamentos BEV/PHEV ABVE; frota ampla SENATRAN ago/2026 e indicadores IBGE 2022, quando presentes, são medidas separadas. Recarga ABVE/Tupi ago/2026."
SP,PIRACICABA,360.000000,451.000000,1116.000000,665.000000,147.450111,0.424329,"Emplacamentos BEV/PHEV ABVE; frota ampla SENATRAN ago/2026 e indicadores IBGE 2022, quando presentes, são medidas separadas. Recarga ABVE/Tupi ago/2026."
ES,VITORIA,548.000000,650.000000,1312.000000,662.000000,101.846154,0.422415,"Emplacamentos BEV/PHEV ABVE; frota ampla SENATRAN ago/2026 e indicadores IBGE 2022, quando presentes, são medidas separadas. Recarga ABVE/Tupi ago/2026."
PR,MARINGA,453.000000,496.000000,1150.000000,654.000000,131.854839,0.417310,"Emplacamentos BEV/PHEV ABVE; frota ampla SENATRAN ago/2026 e indicadores IBGE 2022, quando presentes, são medidas separadas. Recarga ABVE/Tupi ago/2026."
RJ,NITEROI,409.000000,528.000000,1177.000000,649.000000,122.916667,0.414120,"Emplacamentos BEV/PHEV ABVE; frota ampla SENATRAN ago/2026 e indicadores IBGE 2022, quando presentes, são medidas separadas. Recarga ABVE/Tupi ago/2026."
ES,VILA VELHA,491.000000,477.000000,1113.000000,636.000000,133.333333,0.405824,"Emplacamentos BEV/PHEV ABVE; frota ampla SENATRAN ago/2026 e indicadores IBGE 2022, quando presentes, são medidas separadas. Recarga ABVE/Tupi ago/2026."
PB,CAMPINA GRANDE,139.000000,223.000000,853.000000,630.000000,282.511211,0.401996,"Emplacamentos BEV/PHEV ABVE; frota ampla SENATRAN ago/2026 e indicadores IBGE 2022, quando presentes, são medidas separadas. Recarga ABVE/Tupi ago/2026."
MS,CAMPO GRANDE,596.000000,735.000000,1363.000000,628.000000,85.442177,0.400720,"Emplacamentos BEV/PHEV ABVE; frota ampla SENATRAN ago/2026 e indicadores IBGE 2022, quando presentes, são medidas separadas. Recarga ABVE/Tupi ago/2026."
SP,GUARULHOS,350.000000,376.000000,994.000000,618.000000,164.361702,0.394339,"Emplacamentos BEV/PHEV ABVE; frota ampla SENATRAN ago/2026 e indicadores IBGE 2022, quando presentes, são medidas separadas. Recarga ABVE/Tupi ago/2026."
PR,CASCAVEL,163.000000,294.000000,904.000000,610.000000,207.482993,0.389234,"Emplacamentos BEV/PHEV ABVE; frota ampla SENATRAN ago/2026 e indicadores IBGE 2022, quando presentes, são medidas separadas. Recarga ABVE/Tupi ago/2026."
SP,SAO JOSE DOS CAMPOS,399.000000,447.000000,1048.000000,601.000000,134.451902,0.383491,"Emplacamentos BEV/PHEV ABVE; frota ampla SENATRAN ago/2026 e indicadores IBGE 2022, quando presentes, são medidas separadas. Recarga ABVE/Tupi ago/2026."
ES,SERRA,216.000000,293.000000,891.000000,598.000000,204.095563,0.381577,"Emplacamentos BEV/PHEV ABVE; frota ampla SENATRAN ago/2026 e indicadores IBGE 2022, quando presentes, são medidas separadas. Recarga ABVE/Tupi ago/2026."
RN,MOSSORO,174.000000,217.000000,806.000000,589.000000,271.428571,0.375834,"Emplacamentos BEV/PHEV ABVE; frota ampla SENATRAN ago/2026 e indicadores IBGE 2022, quando presentes, são medidas separadas. Recarga ABVE/Tupi ago/2026."
PE,JABOATAO DOS GUARARAPES,153.000000,332.000000,920.000000,588.000000,177.108434,0.375196,"Emplacamentos BEV/PHEV ABVE; frota ampla SENATRAN ago/2026 e indicadores IBGE 2022, quando presentes, são medidas separadas. Recarga ABVE/Tupi ago/2026."
TO,PALMAS,264.000000,379.000000,955.000000,576.000000,151.978892,0.367539,"Emplacamentos BEV/PHEV ABVE; frota ampla SENATRAN ago/2026 e indicadores IBGE 2022, quando presentes, são medidas separadas. Recarga ABVE/Tupi ago/2026."
SC,JOINVILLE,361.000000,608.000000,1148.000000,540.000000,88.815789,0.344568,"Emplacamentos BEV/PHEV ABVE; frota ampla SENATRAN ago/2026 e indicadores IBGE 2022, quando presentes, são medidas separadas. Recarga ABVE/Tupi ago/2026."
SC,SAO JOSE,301.000000,357.000000,895.000000,538.000000,150.700280,0.343292,"Emplacamentos BEV/PHEV ABVE; frota ampla SENATRAN ago/2026 e indicadores IBGE 2022, quando presentes, são medidas separadas. Recarga ABVE/Tupi ago/2026."
SP,BAURU,256.000000,326.000000,859.000000,533.000000,163.496933,0.340101,"Emplacamentos BEV/PHEV ABVE; frota ampla SENATRAN ago/2026 e indicadores IBGE 2022, quando presentes, são medidas separadas. Recarga ABVE/Tupi ago/2026."
PR,FOZ DO IGUACU,74.000000,96.000000,617.000000,521.000000,542.708333,0.332444,"Emplacamentos BEV/PHEV ABVE; frota ampla SENATRAN ago/2026 e indicadores IBGE 2022, quando presentes, são medidas separadas. Recarga ABVE/Tupi ago/2026."
RS,NOVO HAMBURGO,206.000000,260.000000,761.000000,501.000000,192.692308,0.319682,"Emplacamentos BEV/PHEV ABVE; frota ampla SENATRAN ago/2026 e indicadores IBGE 2022, quando presentes, são medidas separadas. Recarga ABVE/Tupi ago/2026."
MG,JUIZ DE FORA,384.000000,459.000000,939.000000,480.000000,104.575163,0.306283,"Emplacamentos BEV/PHEV ABVE; frota ampla SENATRAN ago/2026 e indicadores IBGE 2022, quando presentes, são medidas separadas. Recarga ABVE/Tupi ago/2026."
AL,ARAPIRACA,117.000000,315.000000,792.000000,477.000000,151.428571,0.304368,"Emplacamentos BEV/PHEV ABVE; frota ampla SENATRAN ago/2026 e indicadores IBGE 2022, quando presentes, são medidas separadas. Recarga ABVE/Tupi ago/2026."
SC,BLUMENAU,366.000000,481.000000,950.000000,469.000000,97.505198,0.299264,"Emplacamentos BEV/PHEV ABVE; frota ampla SENATRAN ago/2026 e indicadores IBGE 2022, quando presentes, são medidas separadas. Recarga ABVE/Tupi ago/2026."
SP,BARUERI,492.000000,602.000000,1071.000000,469.000000,77.906977,0.299264,"Emplacamentos BEV/PHEV ABVE; frota ampla SENATRAN ago/2026 e indicadores IBGE 2022, quando presentes, são medidas separadas. Recarga ABVE/Tupi ago/2026."
RS,CANOAS,108.000000,281.000000,735.000000,454.000000,161.565836,0.289692,"Emplacamentos BEV/PHEV ABVE; frota ampla SENATRAN ago/2026 e indicadores IBGE 2022, quando presentes, são medidas separadas. Recarga ABVE/Tupi ago/2026."
SP,MOGI DAS CRUZES,252.000000,333.000000,782.000000,449.000000,134.834835,0.286502,"Emplacamentos BEV/PHEV ABVE; frota ampla SENATRAN ago/2026 e indicadores IBGE 2022, quando presentes, são medidas separadas. Recarga ABVE/Tupi ago/2026."
MT,VARZEA GRANDE,68.000000,134.000000,569.000000,435.000000,324.626866,0.277569,"Emplacamentos BEV/PHEV ABVE; frota ampla SENATRAN ago/2026 e indicadores IBGE 2022, quando presentes, são medidas separadas. Recarga ABVE/Tupi ago/2026."
GO,ANAPOLIS,159.000000,258.000000,679.000000,421.000000,163.178295,0.268635,"Emplacamentos BEV/PHEV ABVE; frota ampla SENATRAN ago/2026 e indicadores IBGE 2022, quando presentes, são medidas separadas. Recarga ABVE/Tupi ago/2026."
SP,SAO CAETANO DO SUL,232.000000,312.000000,726.000000,414.000000,132.692308,0.264169,"Emplacamentos BEV/PHEV ABVE; frota ampla SENATRAN ago/2026 e indicadores IBGE 2022, quando presentes, são medidas separadas. Recarga ABVE/Tupi ago/2026."
GO,APARECIDA DE GOIANIA,144.000000,194.000000,601.000000,407.000000,209.793814,0.259702,"Emplacamentos BEV/PHEV ABVE; frota ampla SENATRAN ago/2026 e indicadores IBGE 2022, quando presentes, são medidas separadas. Recarga ABVE/Tupi ago/2026."
AC,RIO BRANCO,80.000000,151.000000,552.000000,401.000000,265.562914,0.255874,"Emplacamentos BEV/PHEV ABVE; frota ampla SENATRAN ago/2026 e indicadores IBGE 2022, quando presentes, são medidas separadas. Recarga ABVE/Tupi ago/2026."
SP,LIMEIRA,230.000000,288.000000,682.000000,394.000000,136.805556,0.251407,"Emplacamentos BEV/PHEV ABVE; frota ampla SENATRAN ago/2026 e indicadores IBGE 2022, quando presentes, são medidas separadas. Recarga ABVE/Tupi ago/2026."
SP,OSASCO,170.000000,257.000000,645.000000,388.000000,150.972763,0.247578,"Emplacamentos BEV/PHEV ABVE; frota ampla SENATRAN ago/2026 e indicadores IBGE 2022, quando presentes, são medidas separadas. Recarga ABVE/Tupi ago/2026."
PR,PONTA GROSSA,77.000000,170.000000,556.000000,386.000000,227.058824,0.246302,"Emplacamentos BEV/PHEV ABVE; frota ampla SENATRAN ago/2026 e indicadores IBGE 2022, quando presentes, são medidas separadas. Recarga ABVE/Tupi ago/2026."
PE,CARUARU,132.000000,245.000000,627.000000,382.000000,155.918367,0.243750,"Emplacamentos BEV/PHEV ABVE; frota ampla SENATRAN ago/2026 e indicadores IBGE 2022, quando presentes, são medidas separadas. Recarga ABVE/Tupi ago/2026."
SP,FRANCA,99.000000,93.000000,468.000000,375.000000,403.225806,0.239283,"Emplacamentos BEV/PHEV ABVE; frota ampla SENATRAN ago/2026 e indicadores IBGE 2022, quando presentes, são medidas separadas. Recarga ABVE/Tupi ago/2026."
SC,JARAGUA DO SUL,145.000000,226.000000,590.000000,364.000000,161.061947,0.232264,"Emplacamentos BEV/PHEV ABVE; frota ampla SENATRAN ago/2026 e indicadores IBGE 2022, quando presentes, são medidas separadas. Recarga ABVE/Tupi ago/2026."
SP,AMERICANA,260.000000,305.000000,668.000000,363.000000,119.016393,0.231626,"Emplacamentos BEV/PHEV ABVE; frota ampla SENATRAN ago/2026 e indicadores IBGE 2022, quando presentes, são medidas separadas. Recarga ABVE/Tupi ago/2026."
RS,GRAVATAI,57.000000,285.000000,643.000000,358.000000,125.614035,0.228436,"Emplacamentos BEV/PHEV ABVE; frota ampla SENATRAN ago/2026 e indicadores IBGE 2022, quando presentes, são medidas separadas. Recarga ABVE/Tupi ago/2026."
PE,OLINDA,76.000000,178.000000,532.000000,354.000000,198.876404,0.225883,"Emplacamentos BEV/PHEV ABVE; frota ampla SENATRAN ago/2026 e indicadores IBGE 2022, quando presentes, são medidas separadas. Recarga ABVE/Tupi ago/2026."
CE,EUSEBIO,168.000000,289.000000,643.000000,354.000000,122.491349,0.225883,"Emplacamentos BEV/PHEV ABVE; frota ampla SENATRAN ago/2026 e indicadores IBGE 2022, quando presentes, são medidas separadas. Recarga ABVE/Tupi ago/2026."
RR,BOA VISTA,103.000000,170.000000,522.000000,352.000000,207.058824,0.224607,"Emplacamentos BEV/PHEV ABVE; frota ampla SENATRAN ago/2026 e indicadores IBGE 2022, quando presentes, são medidas separadas. Recarga ABVE/Tupi ago/2026."
SP,SANTOS,250.000000,387.000000,738.000000,351.000000,90.697674,0.223969,"Emplacamentos BEV/PHEV ABVE; frota ampla SENATRAN ago/2026 e indicadores IBGE 2022, quando presentes, são medidas separadas. Recarga ABVE/Tupi ago/2026."
AP,MACAPA,60.000000,252.000000,599.000000,347.000000,137.698413,0.221417,"Emplacamentos BEV/PHEV ABVE; frota ampla SENATRAN ago/2026 e indicadores IBGE 2022, quando presentes, são medidas separadas. Recarga ABVE/Tupi ago/2026."
PE,PAULISTA,71.000000,143.000000,483.000000,340.000000,237.762238,0.216950,"Emplacamentos BEV/PHEV ABVE; frota ampla SENATRAN ago/2026 e indicadores IBGE 2022, quando presentes, são medidas separadas. Recarga ABVE/Tupi ago/2026."
RS,PELOTAS,119.000000,250.000000,584.000000,334.000000,133.600000,0.213122,"Emplacamentos BEV/PHEV ABVE; frota ampla SENATRAN ago/2026 e indicadores IBGE 2022, quando presentes, são medidas separadas. Recarga ABVE/Tupi ago/2026."
BA,ITABUNA,12.000000,71.000000,404.000000,333.000000,469.014085,0.212484,"Emplacamentos BEV/PHEV ABVE; frota ampla SENATRAN ago/2026 e indicadores IBGE 2022, quando presentes, são medidas separadas. Recarga ABVE/Tupi ago/2026."
SC,ITAJAI,332.000000,394.000000,723.000000,329.000000,83.502538,0.209931,"Emplacamentos BEV/PHEV ABVE; frota ampla SENATRAN ago/2026 e indicadores IBGE 2022, quando presentes, são medidas separadas. Recarga ABVE/Tupi ago/2026."
BA,CAMACARI,84.000000,155.000000,474.000000,319.000000,205.806452,0.203550,"Emplacamentos BEV/PHEV ABVE; frota ampla SENATRAN ago/2026 e indicadores IBGE 2022, quando presentes, são medidas separadas. Recarga ABVE/Tupi ago/2026."
SP,MARILIA,84.000000,170.000000,486.000000,316.000000,185.882353,0.201636,"Emplacamentos BEV/PHEV ABVE; frota ampla SENATRAN ago/2026 e indicadores IBGE 2022, quando presentes, são medidas separadas. Recarga ABVE/Tupi ago/2026."
SP,SANTANA DE PARNAIBA,533.000000,625.000000,941.000000,316.000000,50.560000,0.201636,"Emplacamentos BEV/PHEV ABVE; frota ampla SENATRAN ago/2026 e indicadores IBGE 2022, quando presentes, são medidas separadas. Recarga ABVE/Tupi ago/2026."
SP,ATIBAIA,119.000000,160.000000,475.000000,315.000000,196.875000,0.200998,"Emplacamentos BEV/PHEV ABVE; frota ampla SENATRAN ago/2026 e indicadores IBGE 2022, quando presentes, são medidas separadas. Recarga ABVE/Tupi ago/2026."
TO,ARAGUAINA,15.000000,31.000000,344.000000,313.000000,1009.677419,0.199722,"Emplacamentos BEV/PHEV ABVE; frota ampla SENATRAN ago/2026 e indicadores IBGE 2022, quando presentes, são medidas separadas. Recarga ABVE/Tupi ago/2026."
SP,ARARAQUARA,134.000000,200.000000,502.000000,302.000000,151.000000,0.192703,"Emplacamentos BEV/PHEV ABVE; frota ampla SENATRAN ago/2026 e indicadores IBGE 2022, quando presentes, são medidas separadas. Recarga ABVE/Tupi ago/2026."
SC,CHAPECO,219.000000,261.000000,554.000000,293.000000,112.260536,0.186960,"Emplacamentos BEV/PHEV ABVE; frota ampla SENATRAN ago/2026 e indicadores IBGE 2022, quando presentes, são medidas separadas. Recarga ABVE/Tupi ago/2026."
SP,COTIA,147.000000,179.000000,470.000000,291.000000,162.569832,0.185684,"Emplacamentos BEV/PHEV ABVE; frota ampla SENATRAN ago/2026 e indicadores IBGE 2022, quando presentes, são medidas separadas. Recarga ABVE/Tupi ago/2026."
RJ,VOLTA REDONDA,73.000000,129.000000,414.000000,285.000000,220.930233,0.181855,"Emplacamentos BEV/PHEV ABVE; frota ampla SENATRAN ago/2026 e indicadores IBGE 2022, quando presentes, são medidas separadas. Recarga ABVE/Tupi ago/2026."
MG,IPATINGA,50.000000,104.000000,388.000000,284.000000,273.076923,0.181217,"Emplacamentos BEV/PHEV ABVE; frota ampla SENATRAN ago/2026 e indicadores IBGE 2022, quando presentes, são medidas separadas. Recarga ABVE/Tupi ago/2026."
SP,VALINHOS,251.000000,378.000000,659.000000,281.000000,74.338624,0.179303,"Emplacamentos BEV/PHEV ABVE; frota ampla SENATRAN ago/2026 e indicadores IBGE 2022, quando presentes, são medidas separadas. Recarga ABVE/Tupi ago/2026."
MG,CONTAGEM,88.000000,135.000000,415.000000,280.000000,207.407407,0.178665,"Emplacamentos BEV/PHEV ABVE; frota ampla SENATRAN ago/2026 e indicadores IBGE 2022, quando presentes, são medidas separadas. Recarga ABVE/Tupi ago/2026."
RS,SAO LEOPOLDO,74.000000,102.000000,380.000000,278.000000,272.549020,0.177389,"Emplacamentos BEV/PHEV ABVE; frota ampla SENATRAN ago/2026 e indicadores IBGE 2022, quando presentes, são medidas separadas. Recarga ABVE/Tupi ago/2026."
ES,CACHOEIRO DE ITAPEMIRIM,74.000000,86.000000,364.000000,278.000000,323.255814,0.177389,"Emplacamentos BEV/PHEV ABVE; frota ampla SENATRAN ago/2026 e indicadores IBGE 2022, quando presentes, são medidas separadas. Recarga ABVE/Tupi ago/2026."
SP,ARACATUBA,68.000000,106.000000,383.000000,277.000000,261.320755,0.176751,"Emplacamentos BEV/PHEV ABVE; frota ampla SENATRAN ago/2026 e indicadores IBGE 2022, quando presentes, são medidas separadas. Recarga ABVE/Tupi ago/2026."
MT,SINOP,74.000000,136.000000,409.000000,273.000000,200.735294,0.174198,"Emplacamentos BEV/PHEV ABVE; frota ampla SENATRAN ago/2026 e indicadores IBGE 2022, quando presentes, são medidas separadas. Recarga ABVE/Tupi ago/2026."
SP,PRAIA GRANDE,78.000000,86.000000,354.000000,268.000000,311.627907,0.171008,"Emplacamentos BEV/PHEV ABVE; frota ampla SENATRAN ago/2026 e indicadores IBGE 2022, quando presentes, são medidas separadas. Recarga ABVE/Tupi ago/2026."
GO,RIO VERDE,95.000000,214.000000,477.000000,263.000000,122.897196,0.167817,"Emplacamentos BEV/PHEV ABVE; frota ampla SENATRAN ago/2026 e indicadores IBGE 2022, quando presentes, são medidas separadas. Recarga ABVE/Tupi ago/2026."
PB,CABEDELO,48.000000,118.000000,381.000000,263.000000,222.881356,0.167817,"Emplacamentos BEV/PHEV ABVE; frota ampla SENATRAN ago/2026 e indicadores IBGE 2022, quando presentes, são medidas separadas. Recarga ABVE/Tupi ago/2026."
SC,PALHOCA,162.000000,181.000000,434.000000,253.000000,139.779006,0.161436,"Emplacamentos BEV/PHEV ABVE; frota ampla SENATRAN ago/2026 e indicadores IBGE 2022, quando presentes, são medidas separadas. Recarga ABVE/Tupi ago/2026."
SP,SAO CARLOS,105.000000,91.000000,343.000000,252.000000,276.923077,0.160798,"Emplacamentos BEV/PHEV ABVE; frota ampla SENATRAN ago/2026 e indicadores IBGE 2022, quando presentes, são medidas separadas. Recarga ABVE/Tupi ago/2026."
RS,PASSO FUNDO,169.000000,257.000000,508.000000,251.000000,97.665370,0.160160,"Emplacamentos BEV/PHEV ABVE; frota ampla SENATRAN ago/2026 e indicadores IBGE 2022, quando presentes, são medidas separadas. Recarga ABVE/Tupi ago/2026."
MS,DOURADOS,181.000000,187.000000,435.000000,248.000000,132.620321,0.158246,"Emplacamentos BEV/PHEV ABVE; frota ampla SENATRAN ago/2026 e indicadores IBGE 2022, quando presentes, são medidas separadas. Recarga ABVE/Tupi ago/2026."
MG,MONTES CLAROS,37.000000,135.000000,382.000000,247.000000,182.962963,0.157608,"Emplacamentos BEV/PHEV ABVE; frota ampla SENATRAN ago/2026 e indicadores IBGE 2022, quando presentes, são medidas separadas. Recarga ABVE/Tupi ago/2026."
RJ,DUQUE DE CAXIAS,86.000000,119.000000,365.000000,246.000000,206.722689,0.156970,"Emplacamentos BEV/PHEV ABVE; frota ampla SENATRAN ago/2026 e indicadores IBGE 2022, quando presentes, são medidas separadas. Recarga ABVE/Tupi ago/2026."
PA,SANTAREM,8.000000,48.000000,294.000000,246.000000,512.500000,0.156970,"Emplacamentos BEV/PHEV ABVE; frota ampla SENATRAN ago/2026 e indicadores IBGE 2022, quando presentes, são medidas separadas. Recarga ABVE/Tupi ago/2026."
RJ,MARICA,59.000000,113.000000,358.000000,245.000000,216.814159,0.156332,"Emplacamentos BEV/PHEV ABVE; frota ampla SENATRAN ago/2026 e indicadores IBGE 2022, quando presentes, são medidas separadas. Recarga ABVE/Tupi ago/2026."
PR,GUARAPUAVA,36.000000,53.000000,298.000000,245.000000,462.264151,0.156332,"Emplacamentos BEV/PHEV ABVE; frota ampla SENATRAN ago/2026 e indicadores IBGE 2022, quando presentes, são medidas separadas. Recarga ABVE/Tupi ago/2026."
PR,COLOMBO,62.000000,108.000000,351.000000,243.000000,225.000000,0.155056,"Emplacamentos BEV/PHEV ABVE; frota ampla SENATRAN ago/2026 e indicadores IBGE 2022, quando presentes, são medidas separadas. Recarga ABVE/Tupi ago/2026."
RJ,NOVA IGUACU,127.000000,138.000000,378.000000,240.000000,173.913043,0.153141,"Emplacamentos BEV/PHEV ABVE; frota ampla SENATRAN ago/2026 e indicadores IBGE 2022, quando presentes, são medidas separadas. Recarga ABVE/Tupi ago/2026."
SP,PAULINIA,96.000000,82.000000,314.000000,232.000000,282.926829,0.148037,"Emplacamentos BEV/PHEV ABVE; frota ampla SENATRAN ago/2026 e indicadores IBGE 2022, quando presentes, são medidas separadas. Recarga ABVE/Tupi ago/2026."
SC,BRUSQUE,96.000000,155.000000,385.000000,230.000000,148.387097,0.146760,"Emplacamentos BEV/PHEV ABVE; frota ampla SENATRAN ago/2026 e indicadores IBGE 2022, quando presentes, são medidas separadas. Recarga ABVE/Tupi ago/2026."
MT,RONDONOPOLIS,56.000000,139.000000,366.000000,227.000000,163.309353,0.144846,"Emplacamentos BEV/PHEV ABVE; frota ampla SENATRAN ago/2026 e indicadores IBGE 2022, quando presentes, são medidas separadas. Recarga ABVE/Tupi ago/2026."
CE,JUAZEIRO DO NORTE,44.000000,92.000000,319.000000,227.000000,246.739130,0.144846,"Emplacamentos BEV/PHEV ABVE; frota ampla SENATRAN ago/2026 e indicadores IBGE 2022, quando presentes, são medidas separadas. Recarga ABVE/Tupi ago/2026."
SP,PRESIDENTE PRUDENTE,113.000000,168.000000,395.000000,227.000000,135.119048,0.144846,"Emplacamentos BEV/PHEV ABVE; frota ampla SENATRAN ago/2026 e indicadores IBGE 2022, quando presentes, são medidas separadas. Recarga ABVE/Tupi ago/2026."
SP,BRAGANCA PAULISTA,96.000000,148.000000,374.000000,226.000000,152.702703,0.144208,"Emplacamentos BEV/PHEV ABVE; frota ampla SENATRAN ago/2026 e indicadores IBGE 2022, quando presentes, são medidas separadas. Recarga ABVE/Tupi ago/2026."
MG,POUSO ALEGRE,31.000000,102.000000,327.000000,225.000000,220.588235,0.143570,"Emplacamentos BEV/PHEV ABVE; frota ampla SENATRAN ago/2026 e indicadores IBGE 2022, quando presentes, são medidas separadas. Recarga ABVE/Tupi ago/2026."
PA,ANANINDEUA,60.000000,96.000000,320.000000,224.000000,233.333333,0.142932,"Emplacamentos BEV/PHEV ABVE; frota ampla SENATRAN ago/2026 e indicadores IBGE 2022, quando presentes, são medidas separadas. Recarga ABVE/Tupi ago/2026."
PA,PARAUAPEBAS,14.000000,68.000000,290.000000,222.000000,326.470588,0.141656,"Emplacamentos BEV/PHEV ABVE; frota ampla SENATRAN ago/2026 e indicadores IBGE 2022, quando presentes, são medidas separadas. Recarga ABVE/Tupi ago/2026."
MA,SAO JOSE DE RIBAMAR,48.000000,87.000000,299.000000,212.000000,243.678161,0.135275,"Emplacamentos BEV/PHEV ABVE; frota ampla SENATRAN ago/2026 e indicadores IBGE 2022, quando presentes, são medidas separadas. Recarga ABVE/Tupi ago/2026."
MG,GOVERNADOR VALADARES,10.000000,151.000000,362.000000,211.000000,139.735099,0.134637,"Emplacamentos BEV/PHEV ABVE; frota ampla SENATRAN ago/2026 e indicadores IBGE 2022, quando presentes, são medidas separadas. Recarga ABVE/Tupi ago/2026."
PE,GARANHUNS,30.000000,41.000000,250.000000,209.000000,509.756098,0.133361,"Emplacamentos BEV/PHEV ABVE; frota ampla SENATRAN ago/2026 e indicadores IBGE 2022, quando presentes, são medidas separadas. Recarga ABVE/Tupi ago/2026."
SP,JACAREI,83.000000,93.000000,301.000000,208.000000,223.655914,0.132722,"Emplacamentos BEV/PHEV ABVE; frota ampla SENATRAN ago/2026 e indicadores IBGE 2022, quando presentes, são medidas separadas. Recarga ABVE/Tupi ago/2026."
RJ,MACAE,97.000000,138.000000,345.000000,207.000000,150.000000,0.132084,"Emplacamentos BEV/PHEV ABVE; frota ampla SENATRAN ago/2026 e indicadores IBGE 2022, quando presentes, são medidas separadas. Recarga ABVE/Tupi ago/2026."
MG,POCOS DE CALDAS,23.000000,107.000000,311.000000,204.000000,190.654206,0.130170,"Emplacamentos BEV/PHEV ABVE; frota ampla SENATRAN ago/2026 e indicadores IBGE 2022, quando presentes, são medidas separadas. Recarga ABVE/Tupi ago/2026."
RS,SANTA MARIA,133.000000,281.000000,483.000000,202.000000,71.886121,0.128894,"Emplacamentos BEV/PHEV ABVE; frota ampla SENATRAN ago/2026 e indicadores IBGE 2022, quando presentes, são medidas separadas. Recarga ABVE/Tupi ago/2026."
MA,IMPERATRIZ,110.000000,136.000000,336.000000,200.000000,147.058824,0.127618,"Emplacamentos BEV/PHEV ABVE; frota ampla SENATRAN ago/2026 e indicadores IBGE 2022, quando presentes, são medidas separadas. Recarga ABVE/Tupi ago/2026."
SC,CRICIUMA,342.000000,185.000000,384.000000,199.000000,107.567568,0.126980,"Emplacamentos BEV/PHEV ABVE; frota ampla SENATRAN ago/2026 e indicadores IBGE 2022, quando presentes, são medidas separadas. Recarga ABVE/Tupi ago/2026."
MG,VARGINHA,23.000000,36.000000,234.000000,198.000000,550.000000,0.126342,"Emplacamentos BEV/PHEV ABVE; frota ampla SENATRAN ago/2026 e indicadores IBGE 2022, quando presentes, são medidas separadas. Recarga ABVE/Tupi ago/2026."
MG,UBERABA,89.000000,132.000000,330.000000,198.000000,150.000000,0.126342,"Emplacamentos BEV/PHEV ABVE; frota ampla SENATRAN ago/2026 e indicadores IBGE 2022, quando presentes, são medidas separadas. Recarga ABVE/Tupi ago/2026."
RJ,PETROPOLIS,92.000000,162.000000,358.000000,196.000000,120.987654,0.125065,"Emplacamentos BEV/PHEV ABVE; frota ampla SENATRAN ago/2026 e indicadores IBGE 2022, quando presentes, são medidas separadas. Recarga ABVE/Tupi ago/2026."
SP,VINHEDO,99.000000,114.000000,309.000000,195.000000,171.052632,0.124427,"Emplacamentos BEV/PHEV ABVE; frota ampla SENATRAN ago/2026 e indicadores IBGE 2022, quando presentes, são medidas separadas. Recarga ABVE/Tupi ago/2026."
RS,VIAMAO,45.000000,89.000000,283.000000,194.000000,217.977528,0.123789,"Emplacamentos BEV/PHEV ABVE; frota ampla SENATRAN ago/2026 e indicadores IBGE 2022, quando presentes, são medidas separadas. Recarga ABVE/Tupi ago/2026."
PI,PARNAIBA,21.000000,93.000000,286.000000,193.000000,207.526882,0.123151,"Emplacamentos BEV/PHEV ABVE; frota ampla SENATRAN ago/2026 e indicadores IBGE 2022, quando presentes, são medidas separadas. Recarga ABVE/Tupi ago/2026."
RS,CACHOEIRINHA,36.000000,91.000000,282.000000,191.000000,209.890110,0.121875,"Emplacamentos BEV/PHEV ABVE; frota ampla SENATRAN ago/2026 e indicadores IBGE 2022, quando presentes, são medidas separadas. Recarga ABVE/Tupi ago/2026."
SP,CARAGUATATUBA,49.000000,46.000000,236.000000,190.000000,413.043478,0.121237,"Emplacamentos BEV/PHEV ABVE; frota ampla SENATRAN ago/2026 e indicadores IBGE 2022, quando presentes, são medidas separadas. Recarga ABVE/Tupi ago/2026."
PR,PINHAIS,95.000000,145.000000,335.000000,190.000000,131.034483,0.121237,"Emplacamentos BEV/PHEV ABVE; frota ampla SENATRAN ago/2026 e indicadores IBGE 2022, quando presentes, são medidas separadas. Recarga ABVE/Tupi ago/2026."
CE,CAUCAIA,44.000000,64.000000,249.000000,185.000000,289.062500,0.118046,"Emplacamentos BEV/PHEV ABVE; frota ampla SENATRAN ago/2026 e indicadores IBGE 2022, quando presentes, são medidas separadas. Recarga ABVE/Tupi ago/2026."
SP,ITU,171.000000,168.000000,352.000000,184.000000,109.523810,0.117408,"Emplacamentos BEV/PHEV ABVE; frota ampla SENATRAN ago/2026 e indicadores IBGE 2022, quando presentes, são medidas separadas. Recarga ABVE/Tupi ago/2026."
SP,ITATIBA,59.000000,61.000000,245.000000,184.000000,301.639344,0.117408,"Emplacamentos BEV/PHEV ABVE; frota ampla SENATRAN ago/2026 e indicadores IBGE 2022, quando presentes, são medidas separadas. Recarga ABVE/Tupi ago/2026."
RS,LAJEADO,24.000000,66.000000,247.000000,181.000000,274.242424,0.115494,"Emplacamentos BEV/PHEV ABVE; frota ampla SENATRAN ago/2026 e indicadores IBGE 2022, quando presentes, são medidas separadas. Recarga ABVE/Tupi ago/2026."
ES,LINHARES,67.000000,87.000000,264.000000,177.000000,203.448276,0.112942,"Emplacamentos BEV/PHEV ABVE; frota ampla SENATRAN ago/2026 e indicadores IBGE 2022, quando presentes, são medidas separadas. Recarga ABVE/Tupi ago/2026."
RJ,RIO DAS OSTRAS,54.000000,75.000000,250.000000,175.000000,233.333333,0.111666,"Emplacamentos BEV/PHEV ABVE; frota ampla SENATRAN ago/2026 e indicadores IBGE 2022, quando presentes, são medidas separadas. Recarga ABVE/Tupi ago/2026."
SP,MAUA,62.000000,43.000000,214.000000,171.000000,397.674419,0.109113,"Emplacamentos BEV/PHEV ABVE; frota ampla SENATRAN ago/2026 e indicadores IBGE 2022, quando presentes, são medidas separadas. Recarga ABVE/Tupi ago/2026."
PE,CAMARAGIBE,39.000000,78.000000,248.000000,170.000000,217.948718,0.108475,"Emplacamentos BEV/PHEV ABVE; frota ampla SENATRAN ago/2026 e indicadores IBGE 2022, quando presentes, são medidas separadas. Recarga ABVE/Tupi ago/2026."
SP,SALTO,52.000000,44.000000,213.000000,169.000000,384.090909,0.107837,"Emplacamentos BEV/PHEV ABVE; frota ampla SENATRAN ago/2026 e indicadores IBGE 2022, quando presentes, são medidas separadas. Recarga ABVE/Tupi ago/2026."
ES,GUARAPARI,124.000000,128.000000,294.000000,166.000000,129.687500,0.105923,"Emplacamentos BEV/PHEV ABVE; frota ampla SENATRAN ago/2026 e indicadores IBGE 2022, quando presentes, são medidas separadas. Recarga ABVE/Tupi ago/2026."
RJ,CABO FRIO,64.000000,78.000000,243.000000,165.000000,211.538462,0.105285,"Emplacamentos BEV/PHEV ABVE; frota ampla SENATRAN ago/2026 e indicadores IBGE 2022, quando presentes, são medidas separadas. Recarga ABVE/Tupi ago/2026."
SE,BARRA DOS COQUEIROS,26.000000,67.000000,231.000000,164.000000,244.776119,0.104647,"Emplacamentos BEV/PHEV ABVE; frota ampla SENATRAN ago/2026 e indicadores IBGE 2022, quando presentes, são medidas separadas. Recarga ABVE/Tupi ago/2026."
MT,SORRISO,43.000000,69.000000,232.000000,163.000000,236.231884,0.104008,"Emplacamentos BEV/PHEV ABVE; frota ampla SENATRAN ago/2026 e indicadores IBGE 2022, quando presentes, são medidas separadas. Recarga ABVE/Tupi ago/2026."
PR,TOLEDO,41.000000,50.000000,213.000000,163.000000,326.000000,0.104008,"Emplacamentos BEV/PHEV ABVE; frota ampla SENATRAN ago/2026 e indicadores IBGE 2022, quando presentes, são medidas separadas. Recarga ABVE/Tupi ago/2026."
SP,VOTORANTIM,86.000000,95.000000,255.000000,160.000000,168.421053,0.102094,"Emplacamentos BEV/PHEV ABVE; frota ampla SENATRAN ago/2026 e indicadores IBGE 2022, quando presentes, são medidas separadas. Recarga ABVE/Tupi ago/2026."
SP,BOTUCATU,65.000000,135.000000,294.000000,159.000000,117.777778,0.101456,"Emplacamentos BEV/PHEV ABVE; frota ampla SENATRAN ago/2026 e indicadores IBGE 2022, quando presentes, são medidas separadas. Recarga ABVE/Tupi ago/2026."
GO,SENADOR CANEDO,46.000000,93.000000,246.000000,153.000000,164.516129,0.097628,"Emplacamentos BEV/PHEV ABVE; frota ampla SENATRAN ago/2026 e indicadores IBGE 2022, quando presentes, são medidas separadas. Recarga ABVE/Tupi ago/2026."
SC,RIO DO SUL,54.000000,55.000000,207.000000,152.000000,276.363636,0.096989,"Emplacamentos BEV/PHEV ABVE; frota ampla SENATRAN ago/2026 e indicadores IBGE 2022, quando presentes, são medidas separadas. Recarga ABVE/Tupi ago/2026."
MG,BETIM,47.000000,32.000000,182.000000,150.000000,468.750000,0.095713,"Emplacamentos BEV/PHEV ABVE; frota ampla SENATRAN ago/2026 e indicadores IBGE 2022, quando presentes, são medidas separadas. Recarga ABVE/Tupi ago/2026."
RJ,CAMPOS DOS GOYTACAZES,53.000000,72.000000,221.000000,149.000000,206.944444,0.095075,"Emplacamentos BEV/PHEV ABVE; frota ampla SENATRAN ago/2026 e indicadores IBGE 2022, quando presentes, são medidas separadas. Recarga ABVE/Tupi ago/2026."
RJ,SAO GONCALO,64.000000,117.000000,266.000000,149.000000,127.350427,0.095075,"Emplacamentos BEV/PHEV ABVE; frota ampla SENATRAN ago/2026 e indicadores IBGE 2022, quando presentes, são medidas separadas. Recarga ABVE/Tupi ago/2026."
SP,TAUBATE,99.000000,118.000000,265.000000,147.000000,124.576271,0.093799,"Emplacamentos BEV/PHEV ABVE; frota ampla SENATRAN ago/2026 e indicadores IBGE 2022, quando presentes, são medidas separadas. Recarga ABVE/Tupi ago/2026."
SP,SANTA BARBARA D'OESTE,57.000000,76.000000,221.000000,145.000000,190.789474,0.092523,"Emplacamentos BEV/PHEV ABVE; frota ampla SENATRAN ago/2026 e indicadores IBGE 2022, quando presentes, são medidas separadas. Recarga ABVE/Tupi ago/2026."
SP,CARAPICUIBA,55.000000,61.000000,204.000000,143.000000,234.426230,0.091247,"Emplacamentos BEV/PHEV ABVE; frota ampla SENATRAN ago/2026 e indicadores IBGE 2022, quando presentes, são medidas separadas. Recarga ABVE/Tupi ago/2026."
MG,NOVA LIMA,85.000000,123.000000,265.000000,142.000000,115.447154,0.090609,"Emplacamentos BEV/PHEV ABVE; frota ampla SENATRAN ago/2026 e indicadores IBGE 2022, quando presentes, são medidas separadas. Recarga ABVE/Tupi ago/2026."
RJ,ANGRA DOS REIS,30.000000,42.000000,183.000000,141.000000,335.714286,0.089971,"Emplacamentos BEV/PHEV ABVE; frota ampla SENATRAN ago/2026 e indicadores IBGE 2022, quando presentes, são medidas separadas. Recarga ABVE/Tupi ago/2026."
AL,MARECHAL DEODORO,77.000000,99.000000,238.000000,139.000000,140.404040,0.088694,"Emplacamentos BEV/PHEV ABVE; frota ampla SENATRAN ago/2026 e indicadores IBGE 2022, quando presentes, são medidas separadas. Recarga ABVE/Tupi ago/2026."
SP,ARUJA,74.000000,86.000000,222.000000,136.000000,158.139535,0.086780,"Emplacamentos BEV/PHEV ABVE; frota ampla SENATRAN ago/2026 e indicadores IBGE 2022, quando presentes, são medidas separadas. Recarga ABVE/Tupi ago/2026."
PA,MARABA,14.000000,47.000000,181.000000,134.000000,285.106383,0.085504,"Emplacamentos BEV/PHEV ABVE; frota ampla SENATRAN ago/2026 e indicadores IBGE 2022, quando presentes, são medidas separadas. Recarga ABVE/Tupi ago/2026."
SP,SUMARE,60.000000,54.000000,187.000000,133.000000,246.296296,0.084866,"Emplacamentos BEV/PHEV ABVE; frota ampla SENATRAN ago/2026 e indicadores IBGE 2022, quando presentes, são medidas separadas. Recarga ABVE/Tupi ago/2026."
SP,SUZANO,63.000000,77.000000,208.000000,131.000000,170.129870,0.083590,"Emplacamentos BEV/PHEV ABVE; frota ampla SENATRAN ago/2026 e indicadores IBGE 2022, quando presentes, são medidas separadas. Recarga ABVE/Tupi ago/2026."
PA,ALTAMIRA,9.000000,6.000000,137.000000,131.000000,2183.333333,0.083590,"Emplacamentos BEV/PHEV ABVE; frota ampla SENATRAN ago/2026 e indicadores IBGE 2022, quando presentes, são medidas separadas. Recarga ABVE/Tupi ago/2026."
GO,ITUMBIARA,18.000000,69.000000,199.000000,130.000000,188.405797,0.082952,"Emplacamentos BEV/PHEV ABVE; frota ampla SENATRAN ago/2026 e indicadores IBGE 2022, quando presentes, são medidas separadas. Recarga ABVE/Tupi ago/2026."
MG,DIVINOPOLIS,30.000000,63.000000,191.000000,128.000000,203.174603,0.081675,"Emplacamentos BEV/PHEV ABVE; frota ampla SENATRAN ago/2026 e indicadores IBGE 2022, quando presentes, são medidas separadas. Recarga ABVE/Tupi ago/2026."
GO,TRINDADE,16.000000,48.000000,176.000000,128.000000,266.666667,0.081675,"Emplacamentos BEV/PHEV ABVE; frota ampla SENATRAN ago/2026 e indicadores IBGE 2022, quando presentes, são medidas separadas. Recarga ABVE/Tupi ago/2026."
PR,CAMPO LARGO,45.000000,46.000000,174.000000,128.000000,278.260870,0.081675,"Emplacamentos BEV/PHEV ABVE; frota ampla SENATRAN ago/2026 e indicadores IBGE 2022, quando presentes, são medidas separadas. Recarga ABVE/Tupi ago/2026."
BA,CATU,3.000000,6.000000,133.000000,127.000000,2116.666667,0.081037,"Emplacamentos BEV/PHEV ABVE; frota ampla SENATRAN ago/2026 e indicadores IBGE 2022, quando presentes, são medidas separadas. Recarga ABVE/Tupi ago/2026."
SC,BALNEARIO CAMBORIU,520.000000,604.000000,731.000000,127.000000,21.026490,0.081037,"Emplacamentos BEV/PHEV ABVE; frota ampla SENATRAN ago/2026 e indicadores IBGE 2022, quando presentes, são medidas separadas. Recarga ABVE/Tupi ago/2026."
MA,PACO DO LUMIAR,29.000000,60.000000,186.000000,126.000000,210.000000,0.080399,"Emplacamentos BEV/PHEV ABVE; frota ampla SENATRAN ago/2026 e indicadores IBGE 2022, quando presentes, são medidas separadas. Recarga ABVE/Tupi ago/2026."
SP,DIADEMA,67.000000,92.000000,218.000000,126.000000,136.956522,0.080399,"Emplacamentos BEV/PHEV ABVE; frota ampla SENATRAN ago/2026 e indicadores IBGE 2022, quando presentes, são medidas separadas. Recarga ABVE/Tupi ago/2026."
SC,LAGES,32.000000,61.000000,182.000000,121.000000,198.360656,0.077209,"Emplacamentos BEV/PHEV ABVE; frota ampla SENATRAN ago/2026 e indicadores IBGE 2022, quando presentes, são medidas separadas. Recarga ABVE/Tupi ago/2026."
RS,CAMPO BOM,34.000000,35.000000,155.000000,120.000000,342.857143,0.076571,"Emplacamentos BEV/PHEV ABVE; frota ampla SENATRAN ago/2026 e indicadores IBGE 2022, quando presentes, são medidas separadas. Recarga ABVE/Tupi ago/2026."
RJ,SAO PEDRO DA ALDEIA,14.000000,25.000000,142.000000,117.000000,468.000000,0.074656,"Emplacamentos BEV/PHEV ABVE; frota ampla SENATRAN ago/2026 e indicadores IBGE 2022, quando presentes, são medidas separadas. Recarga ABVE/Tupi ago/2026."
RS,ALVORADA,14.000000,42.000000,159.000000,117.000000,278.571429,0.074656,"Emplacamentos BEV/PHEV ABVE; frota ampla SENATRAN ago/2026 e indicadores IBGE 2022, quando presentes, são medidas separadas. Recarga ABVE/Tupi ago/2026."
SP,ASSIS,29.000000,40.000000,154.000000,114.000000,285.000000,0.072742,"Emplacamentos BEV/PHEV ABVE; frota ampla SENATRAN ago/2026 e indicadores IBGE 2022, quando presentes, são medidas separadas. Recarga ABVE/Tupi ago/2026."
SP,HORTOLANDIA,33.000000,30.000000,143.000000,113.000000,376.666667,0.072104,"Emplacamentos BEV/PHEV ABVE; frota ampla SENATRAN ago/2026 e indicadores IBGE 2022, quando presentes, são medidas separadas. Recarga ABVE/Tupi ago/2026."
PR,CAMBE,32.000000,43.000000,155.000000,112.000000,260.465116,0.071466,"Emplacamentos BEV/PHEV ABVE; frota ampla SENATRAN ago/2026 e indicadores IBGE 2022, quando presentes, são medidas separadas. Recarga ABVE/Tupi ago/2026."
RS,SAPUCAIA DO SUL,15.000000,44.000000,156.000000,112.000000,254.545455,0.071466,"Emplacamentos BEV/PHEV ABVE; frota ampla SENATRAN ago/2026 e indicadores IBGE 2022, quando presentes, são medidas separadas. Recarga ABVE/Tupi ago/2026."
SP,ITAPETININGA,43.000000,91.000000,201.000000,110.000000,120.879121,0.070190,"Emplacamentos BEV/PHEV ABVE; frota ampla SENATRAN ago/2026 e indicadores IBGE 2022, quando presentes, são medidas separadas. Recarga ABVE/Tupi ago/2026."
SC,BIGUACU,45.000000,51.000000,157.000000,106.000000,207.843137,0.067637,"Emplacamentos BEV/PHEV ABVE; frota ampla SENATRAN ago/2026 e indicadores IBGE 2022, quando presentes, são medidas separadas. Recarga ABVE/Tupi ago/2026."
SP,GUARUJA,47.000000,53.000000,158.000000,105.000000,198.113208,0.066999,"Emplacamentos BEV/PHEV ABVE; frota ampla SENATRAN ago/2026 e indicadores IBGE 2022, quando presentes, são medidas separadas. Recarga ABVE/Tupi ago/2026."
SP,ITUPEVA,45.000000,57.000000,161.000000,104.000000,182.456140,0.066361,"Emplacamentos BEV/PHEV ABVE; frota ampla SENATRAN ago/2026 e indicadores IBGE 2022, quando presentes, são medidas separadas. Recarga ABVE/Tupi ago/2026."
PR,UMUARAMA,18.000000,55.000000,159.000000,104.000000,189.090909,0.066361,"Emplacamentos BEV/PHEV ABVE; frota ampla SENATRAN ago/2026 e indicadores IBGE 2022, quando presentes, são medidas separadas. Recarga ABVE/Tupi ago/2026."
RS,OSORIO,20.000000,47.000000,151.000000,104.000000,221.276596,0.066361,"Emplacamentos BEV/PHEV ABVE; frota ampla SENATRAN ago/2026 e indicadores IBGE 2022, quando presentes, são medidas separadas. Recarga ABVE/Tupi ago/2026."
RS,IJUI,19.000000,17.000000,121.000000,104.000000,611.764706,0.066361,"Emplacamentos BEV/PHEV ABVE; frota ampla SENATRAN ago/2026 e indicadores IBGE 2022, quando presentes, são medidas separadas. Recarga ABVE/Tupi ago/2026."
PE,CABO DE SANTO AGOSTINHO,40.000000,101.000000,204.000000,103.000000,101.980198,0.065723,"Emplacamentos BEV/PHEV ABVE; frota ampla SENATRAN ago/2026 e indicadores IBGE 2022, quando presentes, são medidas separadas. Recarga ABVE/Tupi ago/2026."
MG,JOAO MONLEVADE,2.000000,6.000000,108.000000,102.000000,1700.000000,0.065085,"Emplacamentos BEV/PHEV ABVE; frota ampla SENATRAN ago/2026 e indicadores IBGE 2022, quando presentes, são medidas separadas. Recarga ABVE/Tupi ago/2026."
SP,BARRETOS,46.000000,41.000000,143.000000,102.000000,248.780488,0.065085,"Emplacamentos BEV/PHEV ABVE; frota ampla SENATRAN ago/2026 e indicadores IBGE 2022, quando presentes, são medidas separadas. Recarga ABVE/Tupi ago/2026."
SP,JAU,45.000000,39.000000,141.000000,102.000000,261.538462,0.065085,"Emplacamentos BEV/PHEV ABVE; frota ampla SENATRAN ago/2026 e indicadores IBGE 2022, quando presentes, são medidas separadas. Recarga ABVE/Tupi ago/2026."
PR,PATO BRANCO,16.000000,47.000000,148.000000,101.000000,214.893617,0.064447,"Emplacamentos BEV/PHEV ABVE; frota ampla SENATRAN ago/2026 e indicadores IBGE 2022, quando presentes, são medidas separadas. Recarga ABVE/Tupi ago/2026."
RS,ERECHIM,38.000000,68.000000,167.000000,99.000000,145.588235,0.063171,"Emplacamentos BEV/PHEV ABVE; frota ampla SENATRAN ago/2026 e indicadores IBGE 2022, quando presentes, são medidas separadas. Recarga ABVE/Tupi ago/2026."
RO,JI-PARANA,9.000000,15.000000,113.000000,98.000000,653.333333,0.062533,"Emplacamentos BEV/PHEV ABVE; frota ampla SENATRAN ago/2026 e indicadores IBGE 2022, quando presentes, são medidas separadas. Recarga ABVE/Tupi ago/2026."
RS,RIO GRANDE,40.000000,52.000000,150.000000,98.000000,188.461538,0.062533,"Emplacamentos BEV/PHEV ABVE; frota ampla SENATRAN ago/2026 e indicadores IBGE 2022, quando presentes, são medidas separadas. Recarga ABVE/Tupi ago/2026."
RJ,SAO JOAO DE MERITI,46.000000,37.000000,135.000000,98.000000,264.864865,0.062533,"Emplacamentos BEV/PHEV ABVE; frota ampla SENATRAN ago/2026 e indicadores IBGE 2022, quando presentes, são medidas separadas. Recarga ABVE/Tupi ago/2026."
CE,MARACANAU,26.000000,60.000000,157.000000,97.000000,161.666667,0.061895,"Emplacamentos BEV/PHEV ABVE; frota ampla SENATRAN ago/2026 e indicadores IBGE 2022, quando presentes, são medidas separadas. Recarga ABVE/Tupi ago/2026."
SP,ARARAS,44.000000,33.000000,130.000000,97.000000,293.939394,0.061895,"Emplacamentos BEV/PHEV ABVE; frota ampla SENATRAN ago/2026 e indicadores IBGE 2022, quando presentes, são medidas separadas. Recarga ABVE/Tupi ago/2026."
SC,TUBARAO,51.000000,74.000000,171.000000,97.000000,131.081081,0.061895,"Emplacamentos BEV/PHEV ABVE; frota ampla SENATRAN ago/2026 e indicadores IBGE 2022, quando presentes, são medidas separadas. Recarga ABVE/Tupi ago/2026."
PR,ARAUCARIA,37.000000,66.000000,162.000000,96.000000,145.454545,0.061257,"Emplacamentos BEV/PHEV ABVE; frota ampla SENATRAN ago/2026 e indicadores IBGE 2022, quando presentes, são medidas separadas. Recarga ABVE/Tupi ago/2026."
PB,PATOS,13.000000,9.000000,102.000000,93.000000,1033.333333,0.059342,"Emplacamentos BEV/PHEV ABVE; frota ampla SENATRAN ago/2026 e indicadores IBGE 2022, quando presentes, são medidas separadas. Recarga ABVE/Tupi ago/2026."
SP,CATANDUVA,52.000000,56.000000,148.000000,92.000000,164.285714,0.058704,"Emplacamentos BEV/PHEV ABVE; frota ampla SENATRAN ago/2026 e indicadores IBGE 2022, quando presentes, são medidas separadas. Recarga ABVE/Tupi ago/2026."
SC,CACADOR,10.000000,18.000000,110.000000,92.000000,511.111111,0.058704,"Emplacamentos BEV/PHEV ABVE; frota ampla SENATRAN ago/2026 e indicadores IBGE 2022, quando presentes, são medidas separadas. Recarga ABVE/Tupi ago/2026."
SP,RIO CLARO,76.000000,64.000000,154.000000,90.000000,140.625000,0.057428,"Emplacamentos BEV/PHEV ABVE; frota ampla SENATRAN ago/2026 e indicadores IBGE 2022, quando presentes, são medidas separadas. Recarga ABVE/Tupi ago/2026."
MG,ITABIRA,12.000000,12.000000,102.000000,90.000000,750.000000,0.057428,"Emplacamentos BEV/PHEV ABVE; frota ampla SENATRAN ago/2026 e indicadores IBGE 2022, quando presentes, são medidas separadas. Recarga ABVE/Tupi ago/2026."
SP,UBATUBA,31.000000,26.000000,116.000000,90.000000,346.153846,0.057428,"Emplacamentos BEV/PHEV ABVE; frota ampla SENATRAN ago/2026 e indicadores IBGE 2022, quando presentes, são medidas separadas. Recarga ABVE/Tupi ago/2026."
ES,COLATINA,44.000000,45.000000,135.000000,90.000000,200.000000,0.057428,"Emplacamentos BEV/PHEV ABVE; frota ampla SENATRAN ago/2026 e indicadores IBGE 2022, quando presentes, são medidas separadas. Recarga ABVE/Tupi ago/2026."
PR,FAZENDA RIO GRANDE,23.000000,44.000000,133.000000,89.000000,202.272727,0.056790,"Emplacamentos BEV/PHEV ABVE; frota ampla SENATRAN ago/2026 e indicadores IBGE 2022, quando presentes, são medidas separadas. Recarga ABVE/Tupi ago/2026."
SP,CAJAMAR,38.000000,29.000000,118.000000,89.000000,306.896552,0.056790,"Emplacamentos BEV/PHEV ABVE; frota ampla SENATRAN ago/2026 e indicadores IBGE 2022, quando presentes, são medidas separadas. Recarga ABVE/Tupi ago/2026."
RO,CACOAL,9.000000,41.000000,128.000000,87.000000,212.195122,0.055514,"Emplacamentos BEV/PHEV ABVE; frota ampla SENATRAN ago/2026 e indicadores IBGE 2022, quando presentes, são medidas separadas. Recarga ABVE/Tupi ago/2026."
MG,SETE LAGOAS,14.000000,17.000000,104.000000,87.000000,511.764706,0.055514,"Emplacamentos BEV/PHEV ABVE; frota ampla SENATRAN ago/2026 e indicadores IBGE 2022, quando presentes, são medidas separadas. Recarga ABVE/Tupi ago/2026."
RS,ESTANCIA VELHA,28.000000,36.000000,123.000000,87.000000,241.666667,0.055514,"Emplacamentos BEV/PHEV ABVE; frota ampla SENATRAN ago/2026 e indicadores IBGE 2022, quando presentes, são medidas separadas. Recarga ABVE/Tupi ago/2026."
PR,ARAPONGAS,45.000000,53.000000,140.000000,87.000000,164.150943,0.055514,"Emplacamentos BEV/PHEV ABVE; frota ampla SENATRAN ago/2026 e indicadores IBGE 2022, quando presentes, são medidas separadas. Recarga ABVE/Tupi ago/2026."
RS,BENTO GONCALVES,42.000000,39.000000,126.000000,87.000000,223.076923,0.055514,"Emplacamentos BEV/PHEV ABVE; frota ampla SENATRAN ago/2026 e indicadores IBGE 2022, quando presentes, são medidas separadas. Recarga ABVE/Tupi ago/2026."
BA,LUIS EDUARDO MAGALHAES,20.000000,39.000000,125.000000,86.000000,220.512821,0.054876,"Emplacamentos BEV/PHEV ABVE; frota ampla SENATRAN ago/2026 e indicadores IBGE 2022, quando presentes, são medidas separadas. Recarga ABVE/Tupi ago/2026."
RS,TORRES,13.000000,27.000000,112.000000,85.000000,314.814815,0.054238,"Emplacamentos BEV/PHEV ABVE; frota ampla SENATRAN ago/2026 e indicadores IBGE 2022, quando presentes, são medidas separadas. Recarga ABVE/Tupi ago/2026."
RJ,ARARUAMA,47.000000,67.000000,152.000000,85.000000,126.865672,0.054238,"Emplacamentos BEV/PHEV ABVE; frota ampla SENATRAN ago/2026 e indicadores IBGE 2022, quando presentes, são medidas separadas. Recarga ABVE/Tupi ago/2026."
RJ,TERESOPOLIS,61.000000,67.000000,151.000000,84.000000,125.373134,0.053599,"Emplacamentos BEV/PHEV ABVE; frota ampla SENATRAN ago/2026 e indicadores IBGE 2022, quando presentes, são medidas separadas. Recarga ABVE/Tupi ago/2026."
PR,FRANCISCO BELTRAO,15.000000,25.000000,109.000000,84.000000,336.000000,0.053599,"Emplacamentos BEV/PHEV ABVE; frota ampla SENATRAN ago/2026 e indicadores IBGE 2022, quando presentes, são medidas separadas. Recarga ABVE/Tupi ago/2026."
SP,TABOAO DA SERRA,41.000000,63.000000,147.000000,84.000000,133.333333,0.053599,"Emplacamentos BEV/PHEV ABVE; frota ampla SENATRAN ago/2026 e indicadores IBGE 2022, quando presentes, são medidas separadas. Recarga ABVE/Tupi ago/2026."
PA,CASTANHAL,32.000000,36.000000,120.000000,84.000000,233.333333,0.053599,"Emplacamentos BEV/PHEV ABVE; frota ampla SENATRAN ago/2026 e indicadores IBGE 2022, quando presentes, são medidas separadas. Recarga ABVE/Tupi ago/2026."
PR,APUCARANA,31.000000,35.000000,119.000000,84.000000,240.000000,0.053599,"Emplacamentos BEV/PHEV ABVE; frota ampla SENATRAN ago/2026 e indicadores IBGE 2022, quando presentes, são medidas separadas. Recarga ABVE/Tupi ago/2026."
SP,LOUVEIRA,32.000000,37.000000,120.000000,83.000000,224.324324,0.052961,"Emplacamentos BEV/PHEV ABVE; frota ampla SENATRAN ago/2026 e indicadores IBGE 2022, quando presentes, são medidas separadas. Recarga ABVE/Tupi ago/2026."
RS,CAPAO DA CANOA,19.000000,40.000000,123.000000,83.000000,207.500000,0.052961,"Emplacamentos BEV/PHEV ABVE; frota ampla SENATRAN ago/2026 e indicadores IBGE 2022, quando presentes, são medidas separadas. Recarga ABVE/Tupi ago/2026."
RS,ESTEIO,18.000000,29.000000,111.000000,82.000000,282.758621,0.052323,"Emplacamentos BEV/PHEV ABVE; frota ampla SENATRAN ago/2026 e indicadores IBGE 2022, quando presentes, são medidas separadas. Recarga ABVE/Tupi ago/2026."
RJ,NOVA FRIBURGO,35.000000,64.000000,146.000000,82.000000,128.125000,0.052323,"Emplacamentos BEV/PHEV ABVE; frota ampla SENATRAN ago/2026 e indicadores IBGE 2022, quando presentes, são medidas separadas. Recarga ABVE/Tupi ago/2026."
SC,MAFRA,8.000000,24.000000,106.000000,82.000000,341.666667,0.052323,"Emplacamentos BEV/PHEV ABVE; frota ampla SENATRAN ago/2026 e indicadores IBGE 2022, quando presentes, são medidas separadas. Recarga ABVE/Tupi ago/2026."
SC,ITAPEMA,181.000000,221.000000,303.000000,82.000000,37.104072,0.052323,"Emplacamentos BEV/PHEV ABVE; frota ampla SENATRAN ago/2026 e indicadores IBGE 2022, quando presentes, são medidas separadas. Recarga ABVE/Tupi ago/2026."
RS,SANTA ROSA,8.000000,19.000000,101.000000,82.000000,431.578947,0.052323,"Emplacamentos BEV/PHEV ABVE; frota ampla SENATRAN ago/2026 e indicadores IBGE 2022, quando presentes, são medidas separadas. Recarga ABVE/Tupi ago/2026."
RJ,BELFORD ROXO,41.000000,39.000000,120.000000,81.000000,207.692308,0.051685,"Emplacamentos BEV/PHEV ABVE; frota ampla SENATRAN ago/2026 e indicadores IBGE 2022, quando presentes, são medidas separadas. Recarga ABVE/Tupi ago/2026."
RJ,BARRA MANSA,19.000000,45.000000,125.000000,80.000000,177.777778,0.051047,"Emplacamentos BEV/PHEV ABVE; frota ampla SENATRAN ago/2026 e indicadores IBGE 2022, quando presentes, são medidas separadas. Recarga ABVE/Tupi ago/2026."
SP,BIRIGUI,17.000000,32.000000,112.000000,80.000000,250.000000,0.051047,"Emplacamentos BEV/PHEV ABVE; frota ampla SENATRAN ago/2026 e indicadores IBGE 2022, quando presentes, são medidas separadas. Recarga ABVE/Tupi ago/2026."
SP,MAIRIPORA,42.000000,50.000000,130.000000,80.000000,160.000000,0.051047,"Emplacamentos BEV/PHEV ABVE; frota ampla SENATRAN ago/2026 e indicadores IBGE 2022, quando presentes, são medidas separadas. Recarga ABVE/Tupi ago/2026."
RS,GUAIBA,19.000000,39.000000,119.000000,80.000000,205.128205,0.051047,"Emplacamentos BEV/PHEV ABVE; frota ampla SENATRAN ago/2026 e indicadores IBGE 2022, quando presentes, são medidas separadas. Recarga ABVE/Tupi ago/2026."
SC,CAMBORIU,40.000000,75.000000,154.000000,79.000000,105.333333,0.050409,"Emplacamentos BEV/PHEV ABVE; frota ampla SENATRAN ago/2026 e indicadores IBGE 2022, quando presentes, são medidas separadas. Recarga ABVE/Tupi ago/2026."
PR,ALMIRANTE TAMANDARE,24.000000,38.000000,117.000000,79.000000,207.894737,0.050409,"Emplacamentos BEV/PHEV ABVE; frota ampla SENATRAN ago/2026 e indicadores IBGE 2022, quando presentes, são medidas separadas. Recarga ABVE/Tupi ago/2026."
BA,JUAZEIRO,9.000000,11.000000,89.000000,78.000000,709.090909,0.049771,"Emplacamentos BEV/PHEV ABVE; frota ampla SENATRAN ago/2026 e indicadores IBGE 2022, quando presentes, são medidas separadas. Recarga ABVE/Tupi ago/2026."
SE,ITABAIANA,12.000000,23.000000,101.000000,78.000000,339.130435,0.049771,"Emplacamentos BEV/PHEV ABVE; frota ampla SENATRAN ago/2026 e indicadores IBGE 2022, quando presentes, são medidas separadas. Recarga ABVE/Tupi ago/2026."
BA,ALAGOINHAS,13.000000,25.000000,102.000000,77.000000,308.000000,0.049133,"Emplacamentos BEV/PHEV ABVE; frota ampla SENATRAN ago/2026 e indicadores IBGE 2022, quando presentes, são medidas separadas. Recarga ABVE/Tupi ago/2026."
AP,SANTANA,3.000000,32.000000,109.000000,77.000000,240.625000,0.049133,"Emplacamentos BEV/PHEV ABVE; frota ampla SENATRAN ago/2026 e indicadores IBGE 2022, quando presentes, são medidas separadas. Recarga ABVE/Tupi ago/2026."
RO,ARIQUEMES,25.000000,21.000000,97.000000,76.000000,361.904762,0.048495,"Emplacamentos BEV/PHEV ABVE; frota ampla SENATRAN ago/2026 e indicadores IBGE 2022, quando presentes, são medidas separadas. Recarga ABVE/Tupi ago/2026."
PB,BAYEUX,6.000000,16.000000,92.000000,76.000000,475.000000,0.048495,"Emplacamentos BEV/PHEV ABVE; frota ampla SENATRAN ago/2026 e indicadores IBGE 2022, quando presentes, são medidas separadas. Recarga ABVE/Tupi ago/2026."
RS,SAPIRANGA,22.000000,44.000000,118.000000,74.000000,168.181818,0.047219,"Emplacamentos BEV/PHEV ABVE; frota ampla SENATRAN ago/2026 e indicadores IBGE 2022, quando presentes, são medidas separadas. Recarga ABVE/Tupi ago/2026."
SP,MIRASSOL,57.000000,91.000000,165.000000,74.000000,81.318681,0.047219,"Emplacamentos BEV/PHEV ABVE; frota ampla SENATRAN ago/2026 e indicadores IBGE 2022, quando presentes, são medidas separadas. Recarga ABVE/Tupi ago/2026."
MG,PONTE NOVA,9.000000,5.000000,78.000000,73.000000,1460.000000,0.046580,"Emplacamentos BEV/PHEV ABVE; frota ampla SENATRAN ago/2026 e indicadores IBGE 2022, quando presentes, são medidas separadas. Recarga ABVE/Tupi ago/2026."
BA,SIMOES FILHO,13.000000,27.000000,99.000000,72.000000,266.666667,0.045942,"Emplacamentos BEV/PHEV ABVE; frota ampla SENATRAN ago/2026 e indicadores IBGE 2022, quando presentes, são medidas separadas. Recarga ABVE/Tupi ago/2026."
SP,JAGUARIUNA,34.000000,21.000000,93.000000,72.000000,342.857143,0.045942,"Emplacamentos BEV/PHEV ABVE; frota ampla SENATRAN ago/2026 e indicadores IBGE 2022, quando presentes, são medidas separadas. Recarga ABVE/Tupi ago/2026."
SP,MOGI MIRIM,46.000000,40.000000,112.000000,72.000000,180.000000,0.045942,"Emplacamentos BEV/PHEV ABVE; frota ampla SENATRAN ago/2026 e indicadores IBGE 2022, quando presentes, são medidas separadas. Recarga ABVE/Tupi ago/2026."
BA,ILHEUS,8.000000,16.000000,87.000000,71.000000,443.750000,0.045304,"Emplacamentos BEV/PHEV ABVE; frota ampla SENATRAN ago/2026 e indicadores IBGE 2022, quando presentes, são medidas separadas. Recarga ABVE/Tupi ago/2026."
RS,GRAMADO,33.000000,39.000000,110.000000,71.000000,182.051282,0.045304,"Emplacamentos BEV/PHEV ABVE; frota ampla SENATRAN ago/2026 e indicadores IBGE 2022, quando presentes, são medidas separadas. Recarga ABVE/Tupi ago/2026."
SP,SERTAOZINHO,30.000000,75.000000,146.000000,71.000000,94.666667,0.045304,"Emplacamentos BEV/PHEV ABVE; frota ampla SENATRAN ago/2026 e indicadores IBGE 2022, quando presentes, são medidas separadas. Recarga ABVE/Tupi ago/2026."
RS,SANTA CRUZ DO SUL,60.000000,35.000000,106.000000,71.000000,202.857143,0.045304,"Emplacamentos BEV/PHEV ABVE; frota ampla SENATRAN ago/2026 e indicadores IBGE 2022, quando presentes, são medidas separadas. Recarga ABVE/Tupi ago/2026."
SP,TATUI,39.000000,50.000000,120.000000,70.000000,140.000000,0.044666,"Emplacamentos BEV/PHEV ABVE; frota ampla SENATRAN ago/2026 e indicadores IBGE 2022, quando presentes, são medidas separadas. Recarga ABVE/Tupi ago/2026."
CE,AQUIRAZ,28.000000,53.000000,123.000000,70.000000,132.075472,0.044666,"Emplacamentos BEV/PHEV ABVE; frota ampla SENATRAN ago/2026 e indicadores IBGE 2022, quando presentes, são medidas separadas. Recarga ABVE/Tupi ago/2026."
PR,PARANAGUA,31.000000,27.000000,97.000000,70.000000,259.259259,0.044666,"Emplacamentos BEV/PHEV ABVE; frota ampla SENATRAN ago/2026 e indicadores IBGE 2022, quando presentes, são medidas separadas. Recarga ABVE/Tupi ago/2026."
PE,VITORIA DE SANTO ANTAO,19.000000,18.000000,88.000000,70.000000,388.888889,0.044666,"Emplacamentos BEV/PHEV ABVE; frota ampla SENATRAN ago/2026 e indicadores IBGE 2022, quando presentes, são medidas separadas. Recarga ABVE/Tupi ago/2026."
SE,NOSSA SENHORA DO SOCORRO,7.000000,16.000000,85.000000,69.000000,431.250000,0.044028,"Emplacamentos BEV/PHEV ABVE; frota ampla SENATRAN ago/2026 e indicadores IBGE 2022, quando presentes, são medidas separadas. Recarga ABVE/Tupi ago/2026."
SP,ITAQUAQUECETUBA,35.000000,34.000000,102.000000,68.000000,200.000000,0.043390,"Emplacamentos BEV/PHEV ABVE; frota ampla SENATRAN ago/2026 e indicadores IBGE 2022, quando presentes, são medidas separadas. Recarga ABVE/Tupi ago/2026."
GO,CALDAS NOVAS,11.000000,16.000000,83.000000,67.000000,418.750000,0.042752,"Emplacamentos BEV/PHEV ABVE; frota ampla SENATRAN ago/2026 e indicadores IBGE 2022, quando presentes, são medidas separadas. Recarga ABVE/Tupi ago/2026."
RN,SAO GONCALO DO AMARANTE,11.000000,11.000000,77.000000,66.000000,600.000000,0.042114,"Emplacamentos BEV/PHEV ABVE; frota ampla SENATRAN ago/2026 e indicadores IBGE 2022, quando presentes, são medidas separadas. Recarga ABVE/Tupi ago/2026."
GO,JATAI,28.000000,36.000000,102.000000,66.000000,183.333333,0.042114,"Emplacamentos BEV/PHEV ABVE; frota ampla SENATRAN ago/2026 e indicadores IBGE 2022, quando presentes, são medidas separadas. Recarga ABVE/Tupi ago/2026."
SP,CACAPAVA,17.000000,34.000000,99.000000,65.000000,191.176471,0.041476,"Emplacamentos BEV/PHEV ABVE; frota ampla SENATRAN ago/2026 e indicadores IBGE 2022, quando presentes, são medidas separadas. Recarga ABVE/Tupi ago/2026."
SP,BOITUVA,37.000000,41.000000,106.000000,65.000000,158.536585,0.041476,"Emplacamentos BEV/PHEV ABVE; frota ampla SENATRAN ago/2026 e indicadores IBGE 2022, quando presentes, são medidas separadas. Recarga ABVE/Tupi ago/2026."
SP,CAIEIRAS,34.000000,34.000000,99.000000,65.000000,191.176471,0.041476,"Emplacamentos BEV/PHEV ABVE; frota ampla SENATRAN ago/2026 e indicadores IBGE 2022, quando presentes, são medidas separadas. Recarga ABVE/Tupi ago/2026."
RN,CAICO,10.000000,12.000000,76.000000,64.000000,533.333333,0.040838,"Emplacamentos BEV/PHEV ABVE; frota ampla SENATRAN ago/2026 e indicadores IBGE 2022, quando presentes, são medidas separadas. Recarga ABVE/Tupi ago/2026."
SP,ITAPECERICA DA SERRA,18.000000,19.000000,82.000000,63.000000,331.578947,0.040200,"Emplacamentos BEV/PHEV ABVE; frota ampla SENATRAN ago/2026 e indicadores IBGE 2022, quando presentes, são medidas separadas. Recarga ABVE/Tupi ago/2026."
RS,FARROUPILHA,39.000000,38.000000,101.000000,63.000000,165.789474,0.040200,"Emplacamentos BEV/PHEV ABVE; frota ampla SENATRAN ago/2026 e indicadores IBGE 2022, quando presentes, são medidas separadas. Recarga ABVE/Tupi ago/2026."
PE,SANTA CRUZ DO CAPIBARIBE,18.000000,7.000000,70.000000,63.000000,900.000000,0.040200,"Emplacamentos BEV/PHEV ABVE; frota ampla SENATRAN ago/2026 e indicadores IBGE 2022, quando presentes, são medidas separadas. Recarga ABVE/Tupi ago/2026."
SP,RIBEIRAO PIRES,22.000000,35.000000,96.000000,61.000000,174.285714,0.038923,"Emplacamentos BEV/PHEV ABVE; frota ampla SENATRAN ago/2026 e indicadores IBGE 2022, quando presentes, são medidas separadas. Recarga ABVE/Tupi ago/2026."
ES,ARACRUZ,21.000000,38.000000,99.000000,61.000000,160.526316,0.038923,"Emplacamentos BEV/PHEV ABVE; frota ampla SENATRAN ago/2026 e indicadores IBGE 2022, quando presentes, são medidas separadas. Recarga ABVE/Tupi ago/2026."
CE,SOBRAL,68.000000,81.000000,142.000000,61.000000,75.308642,0.038923,"Emplacamentos BEV/PHEV ABVE; frota ampla SENATRAN ago/2026 e indicadores IBGE 2022, quando presentes, são medidas separadas. Recarga ABVE/Tupi ago/2026."
SP,NOVA ODESSA,26.000000,37.000000,98.000000,61.000000,164.864865,0.038923,"Emplacamentos BEV/PHEV ABVE; frota ampla SENATRAN ago/2026 e indicadores IBGE 2022, quando presentes, são medidas separadas. Recarga ABVE/Tupi ago/2026."
SP,SAO ROQUE,40.000000,42.000000,102.000000,60.000000,142.857143,0.038285,"Emplacamentos BEV/PHEV ABVE; frota ampla SENATRAN ago/2026 e indicadores IBGE 2022, quando presentes, são medidas separadas. Recarga ABVE/Tupi ago/2026."
PB,SANTA RITA,7.000000,17.000000,77.000000,60.000000,352.941176,0.038285,"Emplacamentos BEV/PHEV ABVE; frota ampla SENATRAN ago/2026 e indicadores IBGE 2022, quando presentes, são medidas separadas. Recarga ABVE/Tupi ago/2026."
SP,EMBU DAS ARTES,51.000000,48.000000,108.000000,60.000000,125.000000,0.038285,"Emplacamentos BEV/PHEV ABVE; frota ampla SENATRAN ago/2026 e indicadores IBGE 2022, quando presentes, são medidas separadas. Recarga ABVE/Tupi ago/2026."
SP,SAO JOAO DA BOA VISTA,31.000000,25.000000,84.000000,59.000000,236.000000,0.037647,"Emplacamentos BEV/PHEV ABVE; frota ampla SENATRAN ago/2026 e indicadores IBGE 2022, quando presentes, são medidas separadas. Recarga ABVE/Tupi ago/2026."
SC,NAVEGANTES,39.000000,65.000000,124.000000,59.000000,90.769231,0.037647,"Emplacamentos BEV/PHEV ABVE; frota ampla SENATRAN ago/2026 e indicadores IBGE 2022, quando presentes, são medidas separadas. Recarga ABVE/Tupi ago/2026."
PE,SAO LOURENCO DA MATA,9.000000,34.000000,93.000000,59.000000,173.529412,0.037647,"Emplacamentos BEV/PHEV ABVE; frota ampla SENATRAN ago/2026 e indicadores IBGE 2022, quando presentes, são medidas separadas. Recarga ABVE/Tupi ago/2026."
SP,JANDIRA,42.000000,42.000000,101.000000,59.000000,140.476190,0.037647,"Emplacamentos BEV/PHEV ABVE; frota ampla SENATRAN ago/2026 e indicadores IBGE 2022, quando presentes, são medidas separadas. Recarga ABVE/Tupi ago/2026."
SP,JABOTICABAL,18.000000,32.000000,90.000000,58.000000,181.250000,0.037009,"Emplacamentos BEV/PHEV ABVE; frota ampla SENATRAN ago/2026 e indicadores IBGE 2022, quando presentes, são medidas separadas. Recarga ABVE/Tupi ago/2026."
SP,ARACOIABA DA SERRA,28.000000,36.000000,94.000000,58.000000,161.111111,0.037009,"Emplacamentos BEV/PHEV ABVE; frota ampla SENATRAN ago/2026 e indicadores IBGE 2022, quando presentes, são medidas separadas. Recarga ABVE/Tupi ago/2026."
SC,CONCORDIA,30.000000,25.000000,82.000000,57.000000,228.000000,0.036371,"Emplacamentos BEV/PHEV ABVE; frota ampla SENATRAN ago/2026 e indicadores IBGE 2022, quando presentes, são medidas separadas. Recarga ABVE/Tupi ago/2026."
SP,CRAVINHOS,17.000000,21.000000,78.000000,57.000000,271.428571,0.036371,"Emplacamentos BEV/PHEV ABVE; frota ampla SENATRAN ago/2026 e indicadores IBGE 2022, quando presentes, são medidas separadas. Recarga ABVE/Tupi ago/2026."
SP,AVARE,26.000000,11.000000,67.000000,56.000000,509.090909,0.035733,"Emplacamentos BEV/PHEV ABVE; frota ampla SENATRAN ago/2026 e indicadores IBGE 2022, quando presentes, são medidas separadas. Recarga ABVE/Tupi ago/2026."
SC,VIDEIRA,22.000000,24.000000,80.000000,56.000000,233.333333,0.035733,"Emplacamentos BEV/PHEV ABVE; frota ampla SENATRAN ago/2026 e indicadores IBGE 2022, quando presentes, são medidas separadas. Recarga ABVE/Tupi ago/2026."
PR,PIRAQUARA,11.000000,29.000000,85.000000,56.000000,193.103448,0.035733,"Emplacamentos BEV/PHEV ABVE; frota ampla SENATRAN ago/2026 e indicadores IBGE 2022, quando presentes, são medidas separadas. Recarga ABVE/Tupi ago/2026."
RS,MONTENEGRO,23.000000,24.000000,79.000000,55.000000,229.166667,0.035095,"Emplacamentos BEV/PHEV ABVE; frota ampla SENATRAN ago/2026 e indicadores IBGE 2022, quando presentes, são medidas separadas. Recarga ABVE/Tupi ago/2026."
MG,CORONEL FABRICIANO,12.000000,17.000000,72.000000,55.000000,323.529412,0.035095,"Emplacamentos BEV/PHEV ABVE; frota ampla SENATRAN ago/2026 e indicadores IBGE 2022, quando presentes, são medidas separadas. Recarga ABVE/Tupi ago/2026."
RJ,ARMACAO DOS BUZIOS,22.000000,19.000000,74.000000,55.000000,289.473684,0.035095,"Emplacamentos BEV/PHEV ABVE; frota ampla SENATRAN ago/2026 e indicadores IBGE 2022, quando presentes, são medidas separadas. Recarga ABVE/Tupi ago/2026."
ES,SAO MATEUS,31.000000,46.000000,101.000000,55.000000,119.565217,0.035095,"Emplacamentos BEV/PHEV ABVE; frota ampla SENATRAN ago/2026 e indicadores IBGE 2022, quando presentes, são medidas separadas. Recarga ABVE/Tupi ago/2026."
CE,CRATO,12.000000,30.000000,85.000000,55.000000,183.333333,0.035095,"Emplacamentos BEV/PHEV ABVE; frota ampla SENATRAN ago/2026 e indicadores IBGE 2022, quando presentes, são medidas separadas. Recarga ABVE/Tupi ago/2026."
SP,TAQUARITINGA,14.000000,13.000000,68.000000,55.000000,423.076923,0.035095,"Emplacamentos BEV/PHEV ABVE; frota ampla SENATRAN ago/2026 e indicadores IBGE 2022, quando presentes, são medidas separadas. Recarga ABVE/Tupi ago/2026."
SP,FRANCO DA ROCHA,13.000000,7.000000,61.000000,54.000000,771.428571,0.034457,"Emplacamentos BEV/PHEV ABVE; frota ampla SENATRAN ago/2026 e indicadores IBGE 2022, quando presentes, são medidas separadas. Recarga ABVE/Tupi ago/2026."
SP,MOGI GUACU,40.000000,26.000000,80.000000,54.000000,207.692308,0.034457,"Emplacamentos BEV/PHEV ABVE; frota ampla SENATRAN ago/2026 e indicadores IBGE 2022, quando presentes, são medidas separadas. Recarga ABVE/Tupi ago/2026."
PR,CAMPINA GRANDE DO SUL,8.000000,10.000000,64.000000,54.000000,540.000000,0.034457,"Emplacamentos BEV/PHEV ABVE; frota ampla SENATRAN ago/2026 e indicadores IBGE 2022, quando presentes, são medidas separadas. Recarga ABVE/Tupi ago/2026."
PR,IBIPORA,13.000000,14.000000,68.000000,54.000000,385.714286,0.034457,"Emplacamentos BEV/PHEV ABVE; frota ampla SENATRAN ago/2026 e indicadores IBGE 2022, quando presentes, são medidas separadas. Recarga ABVE/Tupi ago/2026."
SP,POA,26.000000,20.000000,74.000000,54.000000,270.000000,0.034457,"Emplacamentos BEV/PHEV ABVE; frota ampla SENATRAN ago/2026 e indicadores IBGE 2022, quando presentes, são medidas separadas. Recarga ABVE/Tupi ago/2026."
SC,TIMBO,21.000000,39.000000,92.000000,53.000000,135.897436,0.033819,"Emplacamentos BEV/PHEV ABVE; frota ampla SENATRAN ago/2026 e indicadores IBGE 2022, quando presentes, são medidas separadas. Recarga ABVE/Tupi ago/2026."
BA,BARREIRAS,11.000000,53.000000,106.000000,53.000000,100.000000,0.033819,"Emplacamentos BEV/PHEV ABVE; frota ampla SENATRAN ago/2026 e indicadores IBGE 2022, quando presentes, são medidas separadas. Recarga ABVE/Tupi ago/2026."
RS,FLORES DA CUNHA,12.000000,14.000000,67.000000,53.000000,378.571429,0.033819,"Emplacamentos BEV/PHEV ABVE; frota ampla SENATRAN ago/2026 e indicadores IBGE 2022, quando presentes, são medidas separadas. Recarga ABVE/Tupi ago/2026."
PI,PICOS,17.000000,17.000000,70.000000,53.000000,311.764706,0.033819,"Emplacamentos BEV/PHEV ABVE; frota ampla SENATRAN ago/2026 e indicadores IBGE 2022, quando presentes, são medidas separadas. Recarga ABVE/Tupi ago/2026."
RS,VENANCIO AIRES,8.000000,11.000000,64.000000,53.000000,481.818182,0.033819,"Emplacamentos BEV/PHEV ABVE; frota ampla SENATRAN ago/2026 e indicadores IBGE 2022, quando presentes, são medidas separadas. Recarga ABVE/Tupi ago/2026."
RS,TRAMANDAI,14.000000,23.000000,75.000000,52.000000,226.086957,0.033181,"Emplacamentos BEV/PHEV ABVE; frota ampla SENATRAN ago/2026 e indicadores IBGE 2022, quando presentes, são medidas separadas. Recarga ABVE/Tupi ago/2026."
SP,VARZEA PAULISTA,10.000000,8.000000,60.000000,52.000000,650.000000,0.033181,"Emplacamentos BEV/PHEV ABVE; frota ampla SENATRAN ago/2026 e indicadores IBGE 2022, quando presentes, são medidas separadas. Recarga ABVE/Tupi ago/2026."
RS,IVOTI,10.000000,21.000000,73.000000,52.000000,247.619048,0.033181,"Emplacamentos BEV/PHEV ABVE; frota ampla SENATRAN ago/2026 e indicadores IBGE 2022, quando presentes, são medidas separadas. Recarga ABVE/Tupi ago/2026."
BA,SANTO ANTONIO DE JESUS,17.000000,17.000000,69.000000,52.000000,305.882353,0.033181,"Emplacamentos BEV/PHEV ABVE; frota ampla SENATRAN ago/2026 e indicadores IBGE 2022, quando presentes, são medidas separadas. Recarga ABVE/Tupi ago/2026."
BA,JEQUIE,7.000000,17.000000,69.000000,52.000000,305.882353,0.033181,"Emplacamentos BEV/PHEV ABVE; frota ampla SENATRAN ago/2026 e indicadores IBGE 2022, quando presentes, são medidas separadas. Recarga ABVE/Tupi ago/2026."
RS,DOIS IRMAOS,13.000000,31.000000,82.000000,51.000000,164.516129,0.032543,"Emplacamentos BEV/PHEV ABVE; frota ampla SENATRAN ago/2026 e indicadores IBGE 2022, quando presentes, são medidas separadas. Recarga ABVE/Tupi ago/2026."
SP,ESPIRITO SANTO DO PINHAL,10.000000,5.000000,55.000000,50.000000,1000.000000,0.031904,"Emplacamentos BEV/PHEV ABVE; frota ampla SENATRAN ago/2026 e indicadores IBGE 2022, quando presentes, são medidas separadas. Recarga ABVE/Tupi ago/2026."
RJ,ITAPERUNA,15.000000,13.000000,63.000000,50.000000,384.615385,0.031904,"Emplacamentos BEV/PHEV ABVE; frota ampla SENATRAN ago/2026 e indicadores IBGE 2022, quando presentes, são medidas separadas. Recarga ABVE/Tupi ago/2026."
SP,SAO VICENTE,16.000000,39.000000,89.000000,50.000000,128.205128,0.031904,"Emplacamentos BEV/PHEV ABVE; frota ampla SENATRAN ago/2026 e indicadores IBGE 2022, quando presentes, são medidas separadas. Recarga ABVE/Tupi ago/2026."
PE,JATAUBA,2.000000,19.000000,69.000000,50.000000,263.157895,0.031904,"Emplacamentos BEV/PHEV ABVE; frota ampla SENATRAN ago/2026 e indicadores IBGE 2022, quando presentes, são medidas separadas. Recarga ABVE/Tupi ago/2026."
PR,PARANAVAI,24.000000,28.000000,78.000000,50.000000,178.571429,0.031904,"Emplacamentos BEV/PHEV ABVE; frota ampla SENATRAN ago/2026 e indicadores IBGE 2022, quando presentes, são medidas separadas. Recarga ABVE/Tupi ago/2026."
SP,VARGEM GRANDE PAULISTA,28.000000,39.000000,89.000000,50.000000,128.205128,0.031904,"Emplacamentos BEV/PHEV ABVE; frota ampla SENATRAN ago/2026 e indicadores IBGE 2022, quando presentes, são medidas separadas. Recarga ABVE/Tupi ago/2026."
SP,ITAPEVI,21.000000,51.000000,100.000000,49.000000,96.078431,0.031266,"Emplacamentos BEV/PHEV ABVE; frota ampla SENATRAN ago/2026 e indicadores IBGE 2022, quando presentes, são medidas separadas. Recarga ABVE/Tupi ago/2026."
RS,CANELA,20.000000,21.000000,70.000000,49.000000,233.333333,0.031266,"Emplacamentos BEV/PHEV ABVE; frota ampla SENATRAN ago/2026 e indicadores IBGE 2022, quando presentes, são medidas separadas. Recarga ABVE/Tupi ago/2026."
MA,TIMON,5.000000,3.000000,52.000000,49.000000,1633.333333,0.031266,"Emplacamentos BEV/PHEV ABVE; frota ampla SENATRAN ago/2026 e indicadores IBGE 2022, quando presentes, são medidas separadas. Recarga ABVE/Tupi ago/2026."
SE,LAGARTO,8.000000,8.000000,57.000000,49.000000,612.500000,0.031266,"Emplacamentos BEV/PHEV ABVE; frota ampla SENATRAN ago/2026 e indicadores IBGE 2022, quando presentes, são medidas separadas. Recarga ABVE/Tupi ago/2026."
SC,INDAIAL,23.000000,41.000000,90.000000,49.000000,119.512195,0.031266,"Emplacamentos BEV/PHEV ABVE; frota ampla SENATRAN ago/2026 e indicadores IBGE 2022, quando presentes, são medidas separadas. Recarga ABVE/Tupi ago/2026."
MT,TANGARA DA SERRA,21.000000,19.000000,68.000000,49.000000,257.894737,0.031266,"Emplacamentos BEV/PHEV ABVE; frota ampla SENATRAN ago/2026 e indicadores IBGE 2022, quando presentes, são medidas separadas. Recarga ABVE/Tupi ago/2026."
SP,FERNANDOPOLIS,24.000000,19.000000,67.000000,48.000000,252.631579,0.030628,"Emplacamentos BEV/PHEV ABVE; frota ampla SENATRAN ago/2026 e indicadores IBGE 2022, quando presentes, são medidas separadas. Recarga ABVE/Tupi ago/2026."
SC,TIJUCAS,33.000000,32.000000,80.000000,48.000000,150.000000,0.030628,"Emplacamentos BEV/PHEV ABVE; frota ampla SENATRAN ago/2026 e indicadores IBGE 2022, quando presentes, são medidas separadas. Recarga ABVE/Tupi ago/2026."
RS,NOVA SANTA RITA,8.000000,9.000000,57.000000,48.000000,533.333333,0.030628,"Emplacamentos BEV/PHEV ABVE; frota ampla SENATRAN ago/2026 e indicadores IBGE 2022, quando presentes, são medidas separadas. Recarga ABVE/Tupi ago/2026."
RJ,MESQUITA,26.000000,29.000000,77.000000,48.000000,165.517241,0.030628,"Emplacamentos BEV/PHEV ABVE; frota ampla SENATRAN ago/2026 e indicadores IBGE 2022, quando presentes, são medidas separadas. Recarga ABVE/Tupi ago/2026."
SP,VOTUPORANGA,30.000000,37.000000,84.000000,47.000000,127.027027,0.029990,"Emplacamentos BEV/PHEV ABVE; frota ampla SENATRAN ago/2026 e indicadores IBGE 2022, quando presentes, são medidas separadas. Recarga ABVE/Tupi ago/2026."
PR,ROLANDIA,25.000000,15.000000,62.000000,47.000000,313.333333,0.029990,"Emplacamentos BEV/PHEV ABVE; frota ampla SENATRAN ago/2026 e indicadores IBGE 2022, quando presentes, são medidas separadas. Recarga ABVE/Tupi ago/2026."
MG,LAGOA SANTA,17.000000,11.000000,57.000000,46.000000,418.181818,0.029352,"Emplacamentos BEV/PHEV ABVE; frota ampla SENATRAN ago/2026 e indicadores IBGE 2022, quando presentes, são medidas separadas. Recarga ABVE/Tupi ago/2026."
PR,CIANORTE,31.000000,35.000000,81.000000,46.000000,131.428571,0.029352,"Emplacamentos BEV/PHEV ABVE; frota ampla SENATRAN ago/2026 e indicadores IBGE 2022, quando presentes, são medidas separadas. Recarga ABVE/Tupi ago/2026."
PE,CARPINA,8.000000,35.000000,81.000000,46.000000,131.428571,0.029352,"Emplacamentos BEV/PHEV ABVE; frota ampla SENATRAN ago/2026 e indicadores IBGE 2022, quando presentes, são medidas separadas. Recarga ABVE/Tupi ago/2026."
SP,LEME,24.000000,25.000000,71.000000,46.000000,184.000000,0.029352,"Emplacamentos BEV/PHEV ABVE; frota ampla SENATRAN ago/2026 e indicadores IBGE 2022, quando presentes, são medidas separadas. Recarga ABVE/Tupi ago/2026."
SC,PENHA,19.000000,25.000000,70.000000,45.000000,180.000000,0.028714,"Emplacamentos BEV/PHEV ABVE; frota ampla SENATRAN ago/2026 e indicadores IBGE 2022, quando presentes, são medidas separadas. Recarga ABVE/Tupi ago/2026."
PE,IPOJUCA,11.000000,22.000000,67.000000,45.000000,204.545455,0.028714,"Emplacamentos BEV/PHEV ABVE; frota ampla SENATRAN ago/2026 e indicadores IBGE 2022, quando presentes, são medidas separadas. Recarga ABVE/Tupi ago/2026."
PE,IGARASSU,4.000000,33.000000,78.000000,45.000000,136.363636,0.028714,"Emplacamentos BEV/PHEV ABVE; frota ampla SENATRAN ago/2026 e indicadores IBGE 2022, quando presentes, são medidas separadas. Recarga ABVE/Tupi ago/2026."
RJ,ITAGUAI,17.000000,23.000000,68.000000,45.000000,195.652174,0.028714,"Emplacamentos BEV/PHEV ABVE; frota ampla SENATRAN ago/2026 e indicadores IBGE 2022, quando presentes, são medidas separadas. Recarga ABVE/Tupi ago/2026."
RJ,SAQUAREMA,15.000000,28.000000,73.000000,45.000000,160.714286,0.028714,"Emplacamentos BEV/PHEV ABVE; frota ampla SENATRAN ago/2026 e indicadores IBGE 2022, quando presentes, são medidas separadas. Recarga ABVE/Tupi ago/2026."
RJ,MAGE,20.000000,30.000000,74.000000,44.000000,146.666667,0.028076,"Emplacamentos BEV/PHEV ABVE; frota ampla SENATRAN ago/2026 e indicadores IBGE 2022, quando presentes, são medidas separadas. Recarga ABVE/Tupi ago/2026."
SP,MATAO,17.000000,22.000000,66.000000,44.000000,200.000000,0.028076,"Emplacamentos BEV/PHEV ABVE; frota ampla SENATRAN ago/2026 e indicadores IBGE 2022, quando presentes, são medidas separadas. Recarga ABVE/Tupi ago/2026."
RS,ELDORADO DO SUL,31.000000,18.000000,62.000000,44.000000,244.444444,0.028076,"Emplacamentos BEV/PHEV ABVE; frota ampla SENATRAN ago/2026 e indicadores IBGE 2022, quando presentes, são medidas separadas. Recarga ABVE/Tupi ago/2026."
PE,GRAVATA,7.000000,20.000000,64.000000,44.000000,220.000000,0.028076,"Emplacamentos BEV/PHEV ABVE; frota ampla SENATRAN ago/2026 e indicadores IBGE 2022, quando presentes, são medidas separadas. Recarga ABVE/Tupi ago/2026."
MG,PATOS DE MINAS,5.000000,11.000000,55.000000,44.000000,400.000000,0.028076,"Emplacamentos BEV/PHEV ABVE; frota ampla SENATRAN ago/2026 e indicadores IBGE 2022, quando presentes, são medidas separadas. Recarga ABVE/Tupi ago/2026."
GO,JARAGUA,10.000000,4.000000,48.000000,44.000000,1100.000000,0.028076,"Emplacamentos BEV/PHEV ABVE; frota ampla SENATRAN ago/2026 e indicadores IBGE 2022, quando presentes, são medidas separadas. Recarga ABVE/Tupi ago/2026."
MT,CACERES,4.000000,39.000000,82.000000,43.000000,110.256410,0.027438,"Emplacamentos BEV/PHEV ABVE; frota ampla SENATRAN ago/2026 e indicadores IBGE 2022, quando presentes, são medidas separadas. Recarga ABVE/Tupi ago/2026."
SP,IBITINGA,25.000000,19.000000,62.000000,43.000000,226.315789,0.027438,"Emplacamentos BEV/PHEV ABVE; frota ampla SENATRAN ago/2026 e indicadores IBGE 2022, quando presentes, são medidas separadas. Recarga ABVE/Tupi ago/2026."
SP,FRANCISCO MORATO,9.000000,9.000000,52.000000,43.000000,477.777778,0.027438,"Emplacamentos BEV/PHEV ABVE; frota ampla SENATRAN ago/2026 e indicadores IBGE 2022, quando presentes, são medidas separadas. Recarga ABVE/Tupi ago/2026."
PR,SARANDI,18.000000,35.000000,78.000000,43.000000,122.857143,0.027438,"Emplacamentos BEV/PHEV ABVE; frota ampla SENATRAN ago/2026 e indicadores IBGE 2022, quando presentes, são medidas separadas. Recarga ABVE/Tupi ago/2026."
SP,BATATAIS,10.000000,13.000000,56.000000,43.000000,330.769231,0.027438,"Emplacamentos BEV/PHEV ABVE; frota ampla SENATRAN ago/2026 e indicadores IBGE 2022, quando presentes, são medidas separadas. Recarga ABVE/Tupi ago/2026."
MT,PRIMAVERA DO LESTE,32.000000,37.000000,79.000000,42.000000,113.513514,0.026800,"Emplacamentos BEV/PHEV ABVE; frota ampla SENATRAN ago/2026 e indicadores IBGE 2022, quando presentes, são medidas separadas. Recarga ABVE/Tupi ago/2026."
RS,BAGE,6.000000,14.000000,56.000000,42.000000,300.000000,0.026800,"Emplacamentos BEV/PHEV ABVE; frota ampla SENATRAN ago/2026 e indicadores IBGE 2022, quando presentes, são medidas separadas. Recarga ABVE/Tupi ago/2026."
SP,COSMOPOLIS,13.000000,9.000000,50.000000,41.000000,455.555556,0.026162,"Emplacamentos BEV/PHEV ABVE; frota ampla SENATRAN ago/2026 e indicadores IBGE 2022, quando presentes, são medidas separadas. Recarga ABVE/Tupi ago/2026."
RS,TAQUARA,10.000000,15.000000,56.000000,41.000000,273.333333,0.026162,"Emplacamentos BEV/PHEV ABVE; frota ampla SENATRAN ago/2026 e indicadores IBGE 2022, quando presentes, são medidas separadas. Recarga ABVE/Tupi ago/2026."
SP,PINDAMONHANGABA,25.000000,40.000000,81.000000,41.000000,102.500000,0.026162,"Emplacamentos BEV/PHEV ABVE; frota ampla SENATRAN ago/2026 e indicadores IBGE 2022, quando presentes, são medidas separadas. Recarga ABVE/Tupi ago/2026."
SC,BOMBINHAS,27.000000,46.000000,87.000000,41.000000,89.130435,0.026162,"Emplacamentos BEV/PHEV ABVE; frota ampla SENATRAN ago/2026 e indicadores IBGE 2022, quando presentes, são medidas separadas. Recarga ABVE/Tupi ago/2026."
SC,ARARANGUA,14.000000,24.000000,64.000000,40.000000,166.666667,0.025524,"Emplacamentos BEV/PHEV ABVE; frota ampla SENATRAN ago/2026 e indicadores IBGE 2022, quando presentes, são medidas separadas. Recarga ABVE/Tupi ago/2026."
SC,IMBITUBA,18.000000,24.000000,64.000000,40.000000,166.666667,0.025524,"Emplacamentos BEV/PHEV ABVE; frota ampla SENATRAN ago/2026 e indicadores IBGE 2022, quando presentes, são medidas separadas. Recarga ABVE/Tupi ago/2026."
PE,VICENCIA,0.000000,0.000000,40.000000,40.000000,,0.025524,"Emplacamentos BEV/PHEV ABVE; frota ampla SENATRAN ago/2026 e indicadores IBGE 2022, quando presentes, são medidas separadas. Recarga ABVE/Tupi ago/2026."
RS,SANTIAGO,7.000000,110.000000,150.000000,40.000000,36.363636,0.025524,"Emplacamentos BEV/PHEV ABVE; frota ampla SENATRAN ago/2026 e indicadores IBGE 2022, quando presentes, são medidas separadas. Recarga ABVE/Tupi ago/2026."
RS,CARAZINHO,18.000000,25.000000,65.000000,40.000000,160.000000,0.025524,"Emplacamentos BEV/PHEV ABVE; frota ampla SENATRAN ago/2026 e indicadores IBGE 2022, quando presentes, são medidas separadas. Recarga ABVE/Tupi ago/2026."
SC,GUARAMIRIM,17.000000,16.000000,55.000000,39.000000,243.750000,0.024885,"Emplacamentos BEV/PHEV ABVE; frota ampla SENATRAN ago/2026 e indicadores IBGE 2022, quando presentes, são medidas separadas. Recarga ABVE/Tupi ago/2026."
SP,BERTIOGA,21.000000,36.000000,75.000000,39.000000,108.333333,0.024885,"Emplacamentos BEV/PHEV ABVE; frota ampla SENATRAN ago/2026 e indicadores IBGE 2022, quando presentes, são medidas separadas. Recarga ABVE/Tupi ago/2026."
PA,CANAA DOS CARAJAS,5.000000,10.000000,49.000000,39.000000,390.000000,0.024885,"Emplacamentos BEV/PHEV ABVE; frota ampla SENATRAN ago/2026 e indicadores IBGE 2022, quando presentes, são medidas separadas. Recarga ABVE/Tupi ago/2026."
SC,GASPAR,19.000000,45.000000,84.000000,39.000000,86.666667,0.024885,"Emplacamentos BEV/PHEV ABVE; frota ampla SENATRAN ago/2026 e indicadores IBGE 2022, quando presentes, são medidas separadas. Recarga ABVE/Tupi ago/2026."
PR,CAMPO MOURAO,21.000000,38.000000,76.000000,38.000000,100.000000,0.024247,"Emplacamentos BEV/PHEV ABVE; frota ampla SENATRAN ago/2026 e indicadores IBGE 2022, quando presentes, são medidas separadas. Recarga ABVE/Tupi ago/2026."
MG,TIMOTEO,16.000000,15.000000,53.000000,38.000000,253.333333,0.024247,"Emplacamentos BEV/PHEV ABVE; frota ampla SENATRAN ago/2026 e indicadores IBGE 2022, quando presentes, são medidas separadas. Recarga ABVE/Tupi ago/2026."
SP,CUBATAO,15.000000,10.000000,47.000000,37.000000,370.000000,0.023609,"Emplacamentos BEV/PHEV ABVE; frota ampla SENATRAN ago/2026 e indicadores IBGE 2022, quando presentes, são medidas separadas. Recarga ABVE/Tupi ago/2026."
SP,JARINU,7.000000,3.000000,40.000000,37.000000,1233.333333,0.023609,"Emplacamentos BEV/PHEV ABVE; frota ampla SENATRAN ago/2026 e indicadores IBGE 2022, quando presentes, são medidas separadas. Recarga ABVE/Tupi ago/2026."
SP,MONTE ALTO,9.000000,10.000000,47.000000,37.000000,370.000000,0.023609,"Emplacamentos BEV/PHEV ABVE; frota ampla SENATRAN ago/2026 e indicadores IBGE 2022, quando presentes, são medidas separadas. Recarga ABVE/Tupi ago/2026."
ES,VIANA,15.000000,12.000000,49.000000,37.000000,308.333333,0.023609,"Emplacamentos BEV/PHEV ABVE; frota ampla SENATRAN ago/2026 e indicadores IBGE 2022, quando presentes, são medidas separadas. Recarga ABVE/Tupi ago/2026."
SP,ILHABELA,8.000000,12.000000,49.000000,37.000000,308.333333,0.023609,"Emplacamentos BEV/PHEV ABVE; frota ampla SENATRAN ago/2026 e indicadores IBGE 2022, quando presentes, são medidas separadas. Recarga ABVE/Tupi ago/2026."
RS,IMBE,5.000000,12.000000,48.000000,36.000000,300.000000,0.022971,"Emplacamentos BEV/PHEV ABVE; frota ampla SENATRAN ago/2026 e indicadores IBGE 2022, quando presentes, são medidas separadas. Recarga ABVE/Tupi ago/2026."
PB,GUARABIRA,1.000000,9.000000,45.000000,36.000000,400.000000,0.022971,"Emplacamentos BEV/PHEV ABVE; frota ampla SENATRAN ago/2026 e indicadores IBGE 2022, quando presentes, são medidas separadas. Recarga ABVE/Tupi ago/2026."
PE,TAMANDARE,2.000000,3.000000,39.000000,36.000000,1200.000000,0.022971,"Emplacamentos BEV/PHEV ABVE; frota ampla SENATRAN ago/2026 e indicadores IBGE 2022, quando presentes, são medidas separadas. Recarga ABVE/Tupi ago/2026."
BA,PORTO SEGURO,9.000000,17.000000,53.000000,36.000000,211.764706,0.022971,"Emplacamentos BEV/PHEV ABVE; frota ampla SENATRAN ago/2026 e indicadores IBGE 2022, quando presentes, são medidas separadas. Recarga ABVE/Tupi ago/2026."
CE,BARBALHA,10.000000,23.000000,59.000000,36.000000,156.521739,0.022971,"Emplacamentos BEV/PHEV ABVE; frota ampla SENATRAN ago/2026 e indicadores IBGE 2022, quando presentes, são medidas separadas. Recarga ABVE/Tupi ago/2026."
MG,ARAXA,7.000000,7.000000,43.000000,36.000000,514.285714,0.022971,"Emplacamentos BEV/PHEV ABVE; frota ampla SENATRAN ago/2026 e indicadores IBGE 2022, quando presentes, são medidas separadas. Recarga ABVE/Tupi ago/2026."
AL,RIO LARGO,7.000000,14.000000,50.000000,36.000000,257.142857,0.022971,"Emplacamentos BEV/PHEV ABVE; frota ampla SENATRAN ago/2026 e indicadores IBGE 2022, quando presentes, são medidas separadas. Recarga ABVE/Tupi ago/2026."
MG,TRES PONTAS,4.000000,2.000000,37.000000,35.000000,1750.000000,0.022333,"Emplacamentos BEV/PHEV ABVE; frota ampla SENATRAN ago/2026 e indicadores IBGE 2022, quando presentes, são medidas separadas. Recarga ABVE/Tupi ago/2026."
RS,TEUTONIA,0.000000,7.000000,42.000000,35.000000,500.000000,0.022333,"Emplacamentos BEV/PHEV ABVE; frota ampla SENATRAN ago/2026 e indicadores IBGE 2022, quando presentes, são medidas separadas. Recarga ABVE/Tupi ago/2026."
PR,QUATRO BARRAS,18.000000,23.000000,58.000000,35.000000,152.173913,0.022333,"Emplacamentos BEV/PHEV ABVE; frota ampla SENATRAN ago/2026 e indicadores IBGE 2022, quando presentes, são medidas separadas. Recarga ABVE/Tupi ago/2026."
SP,ITAPIRA,19.000000,18.000000,53.000000,35.000000,194.444444,0.022333,"Emplacamentos BEV/PHEV ABVE; frota ampla SENATRAN ago/2026 e indicadores IBGE 2022, quando presentes, são medidas separadas. Recarga ABVE/Tupi ago/2026."
SP,OURINHOS,12.000000,18.000000,53.000000,35.000000,194.444444,0.022333,"Emplacamentos BEV/PHEV ABVE; frota ampla SENATRAN ago/2026 e indicadores IBGE 2022, quando presentes, são medidas separadas. Recarga ABVE/Tupi ago/2026."
SC,BALNEARIO PICARRAS,31.000000,47.000000,82.000000,35.000000,74.468085,0.022333,"Emplacamentos BEV/PHEV ABVE; frota ampla SENATRAN ago/2026 e indicadores IBGE 2022, quando presentes, são medidas separadas. Recarga ABVE/Tupi ago/2026."
PB,SOUSA,5.000000,5.000000,40.000000,35.000000,700.000000,0.022333,"Emplacamentos BEV/PHEV ABVE; frota ampla SENATRAN ago/2026 e indicadores IBGE 2022, quando presentes, são medidas separadas. Recarga ABVE/Tupi ago/2026."
SP,ITANHAEM,13.000000,24.000000,59.000000,35.000000,145.833333,0.022333,"Emplacamentos BEV/PHEV ABVE; frota ampla SENATRAN ago/2026 e indicadores IBGE 2022, quando presentes, são medidas separadas. Recarga ABVE/Tupi ago/2026."
BA,EUNAPOLIS,1.000000,6.000000,40.000000,34.000000,566.666667,0.021695,"Emplacamentos BEV/PHEV ABVE; frota ampla SENATRAN ago/2026 e indicadores IBGE 2022, quando presentes, são medidas separadas. Recarga ABVE/Tupi ago/2026."
RN,MACAIBA,10.000000,17.000000,51.000000,34.000000,200.000000,0.021695,"Emplacamentos BEV/PHEV ABVE; frota ampla SENATRAN ago/2026 e indicadores IBGE 2022, quando presentes, são medidas separadas. Recarga ABVE/Tupi ago/2026."
CE,QUIXADA,2.000000,6.000000,40.000000,34.000000,566.666667,0.021695,"Emplacamentos BEV/PHEV ABVE; frota ampla SENATRAN ago/2026 e indicadores IBGE 2022, quando presentes, são medidas separadas. Recarga ABVE/Tupi ago/2026."
RO,VILHENA,0.000000,9.000000,43.000000,34.000000,377.777778,0.021695,"Emplacamentos BEV/PHEV ABVE; frota ampla SENATRAN ago/2026 e indicadores IBGE 2022, quando presentes, são medidas separadas. Recarga ABVE/Tupi ago/2026."
SP,EMBU-GUACU,4.000000,15.000000,49.000000,34.000000,226.666667,0.021695,"Emplacamentos BEV/PHEV ABVE; frota ampla SENATRAN ago/2026 e indicadores IBGE 2022, quando presentes, são medidas separadas. Recarga ABVE/Tupi ago/2026."
RS,SANTO ANTONIO DA PATRULHA,2.000000,10.000000,43.000000,33.000000,330.000000,0.021057,"Emplacamentos BEV/PHEV ABVE; frota ampla SENATRAN ago/2026 e indicadores IBGE 2022, quando presentes, são medidas separadas. Recarga ABVE/Tupi ago/2026."
RJ,QUEIMADOS,13.000000,17.000000,50.000000,33.000000,194.117647,0.021057,"Emplacamentos BEV/PHEV ABVE; frota ampla SENATRAN ago/2026 e indicadores IBGE 2022, quando presentes, são medidas separadas. Recarga ABVE/Tupi ago/2026."
SP,LENCOIS PAULISTA,16.000000,20.000000,53.000000,33.000000,165.000000,0.021057,"Emplacamentos BEV/PHEV ABVE; frota ampla SENATRAN ago/2026 e indicadores IBGE 2022, quando presentes, são medidas separadas. Recarga ABVE/Tupi ago/2026."
SP,SAO JOSE DO RIO PARDO,12.000000,9.000000,42.000000,33.000000,366.666667,0.021057,"Emplacamentos BEV/PHEV ABVE; frota ampla SENATRAN ago/2026 e indicadores IBGE 2022, quando presentes, são medidas separadas. Recarga ABVE/Tupi ago/2026."
SE,SAO CRISTOVAO,8.000000,11.000000,44.000000,33.000000,300.000000,0.021057,"Emplacamentos BEV/PHEV ABVE; frota ampla SENATRAN ago/2026 e indicadores IBGE 2022, quando presentes, são medidas separadas. Recarga ABVE/Tupi ago/2026."
BA,GUANAMBI,4.000000,13.000000,45.000000,32.000000,246.153846,0.020419,"Emplacamentos BEV/PHEV ABVE; frota ampla SENATRAN ago/2026 e indicadores IBGE 2022, quando presentes, são medidas separadas. Recarga ABVE/Tupi ago/2026."
PR,MATINHOS,8.000000,12.000000,44.000000,32.000000,266.666667,0.020419,"Emplacamentos BEV/PHEV ABVE; frota ampla SENATRAN ago/2026 e indicadores IBGE 2022, quando presentes, são medidas separadas. Recarga ABVE/Tupi ago/2026."
BA,DIAS D'AVILA,5.000000,8.000000,40.000000,32.000000,400.000000,0.020419,"Emplacamentos BEV/PHEV ABVE; frota ampla SENATRAN ago/2026 e indicadores IBGE 2022, quando presentes, são medidas separadas. Recarga ABVE/Tupi ago/2026."
SP,MOCOCA,17.000000,12.000000,44.000000,32.000000,266.666667,0.020419,"Emplacamentos BEV/PHEV ABVE; frota ampla SENATRAN ago/2026 e indicadores IBGE 2022, quando presentes, são medidas separadas. Recarga ABVE/Tupi ago/2026."
PR,IRATI,4.000000,11.000000,42.000000,31.000000,281.818182,0.019781,"Emplacamentos BEV/PHEV ABVE; frota ampla SENATRAN ago/2026 e indicadores IBGE 2022, quando presentes, são medidas separadas. Recarga ABVE/Tupi ago/2026."
BA,JACOBINA,5.000000,13.000000,44.000000,31.000000,238.461538,0.019781,"Emplacamentos BEV/PHEV ABVE; frota ampla SENATRAN ago/2026 e indicadores IBGE 2022, quando presentes, são medidas separadas. Recarga ABVE/Tupi ago/2026."
BA,IRECE,2.000000,3.000000,34.000000,31.000000,1033.333333,0.019781,"Emplacamentos BEV/PHEV ABVE; frota ampla SENATRAN ago/2026 e indicadores IBGE 2022, quando presentes, são medidas separadas. Recarga ABVE/Tupi ago/2026."
PR,GUARATUBA,12.000000,5.000000,36.000000,31.000000,620.000000,0.019781,"Emplacamentos BEV/PHEV ABVE; frota ampla SENATRAN ago/2026 e indicadores IBGE 2022, quando presentes, são medidas separadas. Recarga ABVE/Tupi ago/2026."
PE,SURUBIM,4.000000,9.000000,40.000000,31.000000,344.444444,0.019781,"Emplacamentos BEV/PHEV ABVE; frota ampla SENATRAN ago/2026 e indicadores IBGE 2022, quando presentes, são medidas separadas. Recarga ABVE/Tupi ago/2026."
SP,PORTO FELIZ,19.000000,18.000000,49.000000,31.000000,172.222222,0.019781,"Emplacamentos BEV/PHEV ABVE; frota ampla SENATRAN ago/2026 e indicadores IBGE 2022, quando presentes, são medidas separadas. Recarga ABVE/Tupi ago/2026."
SC,SAO JOAO BATISTA,9.000000,20.000000,51.000000,31.000000,155.000000,0.019781,"Emplacamentos BEV/PHEV ABVE; frota ampla SENATRAN ago/2026 e indicadores IBGE 2022, quando presentes, são medidas separadas. Recarga ABVE/Tupi ago/2026."
SP,JOSE BONIFACIO,9.000000,5.000000,36.000000,31.000000,620.000000,0.019781,"Emplacamentos BEV/PHEV ABVE; frota ampla SENATRAN ago/2026 e indicadores IBGE 2022, quando presentes, são medidas separadas. Recarga ABVE/Tupi ago/2026."
RN,PAU DOS FERROS,3.000000,8.000000,39.000000,31.000000,387.500000,0.019781,"Emplacamentos BEV/PHEV ABVE; frota ampla SENATRAN ago/2026 e indicadores IBGE 2022, quando presentes, são medidas separadas. Recarga ABVE/Tupi ago/2026."
SP,RIO DAS PEDRAS,3.000000,2.000000,33.000000,31.000000,1550.000000,0.019781,"Emplacamentos BEV/PHEV ABVE; frota ampla SENATRAN ago/2026 e indicadores IBGE 2022, quando presentes, são medidas separadas. Recarga ABVE/Tupi ago/2026."
RJ,RIO BONITO,22.000000,6.000000,37.000000,31.000000,516.666667,0.019781,"Emplacamentos BEV/PHEV ABVE; frota ampla SENATRAN ago/2026 e indicadores IBGE 2022, quando presentes, são medidas separadas. Recarga ABVE/Tupi ago/2026."
SP,IBIUNA,9.000000,10.000000,41.000000,31.000000,310.000000,0.019781,"Emplacamentos BEV/PHEV ABVE; frota ampla SENATRAN ago/2026 e indicadores IBGE 2022, quando presentes, são medidas separadas. Recarga ABVE/Tupi ago/2026."
BA,BRUMADO,2.000000,7.000000,38.000000,31.000000,442.857143,0.019781,"Emplacamentos BEV/PHEV ABVE; frota ampla SENATRAN ago/2026 e indicadores IBGE 2022, quando presentes, são medidas separadas. Recarga ABVE/Tupi ago/2026."
SP,PERUIBE,6.000000,12.000000,43.000000,31.000000,258.333333,0.019781,"Emplacamentos BEV/PHEV ABVE; frota ampla SENATRAN ago/2026 e indicadores IBGE 2022, quando presentes, são medidas separadas. Recarga ABVE/Tupi ago/2026."
GO,SANTA HELENA DE GOIAS,6.000000,4.000000,35.000000,31.000000,775.000000,0.019781,"Emplacamentos BEV/PHEV ABVE; frota ampla SENATRAN ago/2026 e indicadores IBGE 2022, quando presentes, são medidas separadas. Recarga ABVE/Tupi ago/2026."
SP,GUARATINGUETA,12.000000,24.000000,54.000000,30.000000,125.000000,0.019143,"Emplacamentos BEV/PHEV ABVE; frota ampla SENATRAN ago/2026 e indicadores IBGE 2022, quando presentes, são medidas separadas. Recarga ABVE/Tupi ago/2026."
MG,SANTANA DO PARAISO,4.000000,7.000000,37.000000,30.000000,428.571429,0.019143,"Emplacamentos BEV/PHEV ABVE; frota ampla SENATRAN ago/2026 e indicadores IBGE 2022, quando presentes, são medidas separadas. Recarga ABVE/Tupi ago/2026."
RS,PORTAO,8.000000,19.000000,49.000000,30.000000,157.894737,0.019143,"Emplacamentos BEV/PHEV ABVE; frota ampla SENATRAN ago/2026 e indicadores IBGE 2022, quando presentes, são medidas separadas. Recarga ABVE/Tupi ago/2026."
ES,ITAPEMIRIM,9.000000,8.000000,38.000000,30.000000,375.000000,0.019143,"Emplacamentos BEV/PHEV ABVE; frota ampla SENATRAN ago/2026 e indicadores IBGE 2022, quando presentes, são medidas separadas. Recarga ABVE/Tupi ago/2026."
SC,ITUPORANGA,12.000000,10.000000,40.000000,30.000000,300.000000,0.019143,"Emplacamentos BEV/PHEV ABVE; frota ampla SENATRAN ago/2026 e indicadores IBGE 2022, quando presentes, são medidas separadas. Recarga ABVE/Tupi ago/2026."
SC,ICARA,17.000000,45.000000,75.000000,30.000000,66.666667,0.019143,"Emplacamentos BEV/PHEV ABVE; frota ampla SENATRAN ago/2026 e indicadores IBGE 2022, quando presentes, são medidas separadas. Recarga ABVE/Tupi ago/2026."
RJ,MANGARATIBA,13.000000,25.000000,55.000000,30.000000,120.000000,0.019143,"Emplacamentos BEV/PHEV ABVE; frota ampla SENATRAN ago/2026 e indicadores IBGE 2022, quando presentes, são medidas separadas. Recarga ABVE/Tupi ago/2026."
SP,PIRATININGA,10.000000,21.000000,51.000000,30.000000,142.857143,0.019143,"Emplacamentos BEV/PHEV ABVE; frota ampla SENATRAN ago/2026 e indicadores IBGE 2022, quando presentes, são medidas separadas. Recarga ABVE/Tupi ago/2026."
SC,PORTO BELO,31.000000,47.000000,77.000000,30.000000,63.829787,0.019143,"Emplacamentos BEV/PHEV ABVE; frota ampla SENATRAN ago/2026 e indicadores IBGE 2022, quando presentes, são medidas separadas. Recarga ABVE/Tupi ago/2026."
RJ,ITABORAI,21.000000,33.000000,63.000000,30.000000,90.909091,0.019143,"Emplacamentos BEV/PHEV ABVE; frota ampla SENATRAN ago/2026 e indicadores IBGE 2022, quando presentes, são medidas separadas. Recarga ABVE/Tupi ago/2026."
BA,PAULO AFONSO,3.000000,4.000000,34.000000,30.000000,750.000000,0.019143,"Emplacamentos BEV/PHEV ABVE; frota ampla SENATRAN ago/2026 e indicadores IBGE 2022, quando presentes, são medidas separadas. Recarga ABVE/Tupi ago/2026."
SP,TUPA,19.000000,17.000000,47.000000,30.000000,176.470588,0.019143,"Emplacamentos BEV/PHEV ABVE; frota ampla SENATRAN ago/2026 e indicadores IBGE 2022, quando presentes, são medidas separadas. Recarga ABVE/Tupi ago/2026."
RS,SANTO ANGELO,15.000000,16.000000,46.000000,30.000000,187.500000,0.019143,"Emplacamentos BEV/PHEV ABVE; frota ampla SENATRAN ago/2026 e indicadores IBGE 2022, quando presentes, são medidas separadas. Recarga ABVE/Tupi ago/2026."
SP,SAO SEBASTIAO,11.000000,23.000000,53.000000,30.000000,130.434783,0.019143,"Emplacamentos BEV/PHEV ABVE; frota ampla SENATRAN ago/2026 e indicadores IBGE 2022, quando presentes, são medidas separadas. Recarga ABVE/Tupi ago/2026."
SP,SERRANA,6.000000,7.000000,37.000000,30.000000,428.571429,0.019143,"Emplacamentos BEV/PHEV ABVE; frota ampla SENATRAN ago/2026 e indicadores IBGE 2022, quando presentes, são medidas separadas. Recarga ABVE/Tupi ago/2026."
RJ,PINHEIRAL,5.000000,6.000000,36.000000,30.000000,500.000000,0.019143,"Emplacamentos BEV/PHEV ABVE; frota ampla SENATRAN ago/2026 e indicadores IBGE 2022, quando presentes, são medidas separadas. Recarga ABVE/Tupi ago/2026."
SP,AMPARO,9.000000,16.000000,46.000000,30.000000,187.500000,0.019143,"Emplacamentos BEV/PHEV ABVE; frota ampla SENATRAN ago/2026 e indicadores IBGE 2022, quando presentes, são medidas separadas. Recarga ABVE/Tupi ago/2026."
PE,ABREU E LIMA,12.000000,32.000000,62.000000,30.000000,93.750000,0.019143,"Emplacamentos BEV/PHEV ABVE; frota ampla SENATRAN ago/2026 e indicadores IBGE 2022, quando presentes, são medidas separadas. Recarga ABVE/Tupi ago/2026."
SP,MONTE MOR,9.000000,10.000000,40.000000,30.000000,300.000000,0.019143,"Emplacamentos BEV/PHEV ABVE; frota ampla SENATRAN ago/2026 e indicadores IBGE 2022, quando presentes, são medidas separadas. Recarga ABVE/Tupi ago/2026."
MA,SANTA INES,2.000000,7.000000,37.000000,30.000000,428.571429,0.019143,"Emplacamentos BEV/PHEV ABVE; frota ampla SENATRAN ago/2026 e indicadores IBGE 2022, quando presentes, são medidas separadas. Recarga ABVE/Tupi ago/2026."
MA,CAXIAS,2.000000,3.000000,32.000000,29.000000,966.666667,0.018505,"Emplacamentos BEV/PHEV ABVE; frota ampla SENATRAN ago/2026 e indicadores IBGE 2022, quando presentes, são medidas separadas. Recarga ABVE/Tupi ago/2026."
RS,ALEGRETE,3.000000,7.000000,36.000000,29.000000,414.285714,0.018505,"Emplacamentos BEV/PHEV ABVE; frota ampla SENATRAN ago/2026 e indicadores IBGE 2022, quando presentes, são medidas separadas. Recarga ABVE/Tupi ago/2026."
PE,ESCADA,1.000000,1.000000,30.000000,29.000000,2900.000000,0.018505,"Emplacamentos BEV/PHEV ABVE; frota ampla SENATRAN ago/2026 e indicadores IBGE 2022, quando presentes, são medidas separadas. Recarga ABVE/Tupi ago/2026."
SP,BEBEDOURO,23.000000,30.000000,59.000000,29.000000,96.666667,0.018505,"Emplacamentos BEV/PHEV ABVE; frota ampla SENATRAN ago/2026 e indicadores IBGE 2022, quando presentes, são medidas separadas. Recarga ABVE/Tupi ago/2026."
SP,CAMPO LIMPO PAULISTA,17.000000,10.000000,39.000000,29.000000,290.000000,0.018505,"Emplacamentos BEV/PHEV ABVE; frota ampla SENATRAN ago/2026 e indicadores IBGE 2022, quando presentes, são medidas separadas. Recarga ABVE/Tupi ago/2026."
SP,OLIMPIA,23.000000,24.000000,53.000000,29.000000,120.833333,0.018505,"Emplacamentos BEV/PHEV ABVE; frota ampla SENATRAN ago/2026 e indicadores IBGE 2022, quando presentes, são medidas separadas. Recarga ABVE/Tupi ago/2026."
ES,BARRA DE SAO FRANCISCO,2.000000,6.000000,35.000000,29.000000,483.333333,0.018505,"Emplacamentos BEV/PHEV ABVE; frota ampla SENATRAN ago/2026 e indicadores IBGE 2022, quando presentes, são medidas separadas. Recarga ABVE/Tupi ago/2026."
RS,SANANDUVA,3.000000,5.000000,34.000000,29.000000,580.000000,0.018505,"Emplacamentos BEV/PHEV ABVE; frota ampla SENATRAN ago/2026 e indicadores IBGE 2022, quando presentes, são medidas separadas. Recarga ABVE/Tupi ago/2026."
MG,LAVRAS,9.000000,4.000000,33.000000,29.000000,725.000000,0.018505,"Emplacamentos BEV/PHEV ABVE; frota ampla SENATRAN ago/2026 e indicadores IBGE 2022, quando presentes, são medidas separadas. Recarga ABVE/Tupi ago/2026."
RS,PAROBE,11.000000,11.000000,40.000000,29.000000,263.636364,0.018505,"Emplacamentos BEV/PHEV ABVE; frota ampla SENATRAN ago/2026 e indicadores IBGE 2022, quando presentes, são medidas separadas. Recarga ABVE/Tupi ago/2026."
PE,ARCOVERDE,1.000000,14.000000,42.000000,28.000000,200.000000,0.017866,"Emplacamentos BEV/PHEV ABVE; frota ampla SENATRAN ago/2026 e indicadores IBGE 2022, quando presentes, são medidas separadas. Recarga ABVE/Tupi ago/2026."
MS,TRES LAGOAS,19.000000,25.000000,53.000000,28.000000,112.000000,0.017866,"Emplacamentos BEV/PHEV ABVE; frota ampla SENATRAN ago/2026 e indicadores IBGE 2022, quando presentes, são medidas separadas. Recarga ABVE/Tupi ago/2026."
AL,PALMEIRA DOS INDIOS,1.000000,16.000000,44.000000,28.000000,175.000000,0.017866,"Emplacamentos BEV/PHEV ABVE; frota ampla SENATRAN ago/2026 e indicadores IBGE 2022, quando presentes, são medidas separadas. Recarga ABVE/Tupi ago/2026."
PR,PONTAL DO PARANA,8.000000,7.000000,35.000000,28.000000,400.000000,0.017866,"Emplacamentos BEV/PHEV ABVE; frota ampla SENATRAN ago/2026 e indicadores IBGE 2022, quando presentes, são medidas separadas. Recarga ABVE/Tupi ago/2026."
BA,TEIXEIRA DE FREITAS,1.000000,2.000000,30.000000,28.000000,1400.000000,0.017866,"Emplacamentos BEV/PHEV ABVE; frota ampla SENATRAN ago/2026 e indicadores IBGE 2022, quando presentes, são medidas separadas. Recarga ABVE/Tupi ago/2026."
SP,PIRASSUNUNGA,13.000000,16.000000,44.000000,28.000000,175.000000,0.017866,"Emplacamentos BEV/PHEV ABVE; frota ampla SENATRAN ago/2026 e indicadores IBGE 2022, quando presentes, são medidas separadas. Recarga ABVE/Tupi ago/2026."
CE,ITAITINGA,9.000000,16.000000,44.000000,28.000000,175.000000,0.017866,"Emplacamentos BEV/PHEV ABVE; frota ampla SENATRAN ago/2026 e indicadores IBGE 2022, quando presentes, são medidas separadas. Recarga ABVE/Tupi ago/2026."
SP,CAMPOS DO JORDAO,13.000000,8.000000,36.000000,28.000000,350.000000,0.017866,"Emplacamentos BEV/PHEV ABVE; frota ampla SENATRAN ago/2026 e indicadores IBGE 2022, quando presentes, são medidas separadas. Recarga ABVE/Tupi ago/2026."
RJ,TRES RIOS,17.000000,31.000000,59.000000,28.000000,90.322581,0.017866,"Emplacamentos BEV/PHEV ABVE; frota ampla SENATRAN ago/2026 e indicadores IBGE 2022, quando presentes, são medidas separadas. Recarga ABVE/Tupi ago/2026."
SP,BADY BASSITT,13.000000,29.000000,57.000000,28.000000,96.551724,0.017866,"Emplacamentos BEV/PHEV ABVE; frota ampla SENATRAN ago/2026 e indicadores IBGE 2022, quando presentes, são medidas separadas. Recarga ABVE/Tupi ago/2026."
PE,LIMOEIRO,8.000000,6.000000,34.000000,28.000000,466.666667,0.017866,"Emplacamentos BEV/PHEV ABVE; frota ampla SENATRAN ago/2026 e indicadores IBGE 2022, quando presentes, são medidas separadas. Recarga ABVE/Tupi ago/2026."
SP,ORLANDIA,9.000000,11.000000,38.000000,27.000000,245.454545,0.017228,"Emplacamentos BEV/PHEV ABVE; frota ampla SENATRAN ago/2026 e indicadores IBGE 2022, quando presentes, são medidas separadas. Recarga ABVE/Tupi ago/2026."
MG,UBA,15.000000,11.000000,38.000000,27.000000,245.454545,0.017228,"Emplacamentos BEV/PHEV ABVE; frota ampla SENATRAN ago/2026 e indicadores IBGE 2022, quando presentes, são medidas separadas. Recarga ABVE/Tupi ago/2026."
SP,SAO PEDRO,9.000000,15.000000,42.000000,27.000000,180.000000,0.017228,"Emplacamentos BEV/PHEV ABVE; frota ampla SENATRAN ago/2026 e indicadores IBGE 2022, quando presentes, são medidas separadas. Recarga ABVE/Tupi ago/2026."
SP,TREMEMBE,13.000000,16.000000,43.000000,27.000000,168.750000,0.017228,"Emplacamentos BEV/PHEV ABVE; frota ampla SENATRAN ago/2026 e indicadores IBGE 2022, quando presentes, são medidas separadas. Recarga ABVE/Tupi ago/2026."
SP,MAIRINQUE,19.000000,9.000000,36.000000,27.000000,300.000000,0.017228,"Emplacamentos BEV/PHEV ABVE; frota ampla SENATRAN ago/2026 e indicadores IBGE 2022, quando presentes, são medidas separadas. Recarga ABVE/Tupi ago/2026."
MT,ALTA FLORESTA,2.000000,7.000000,34.000000,27.000000,385.714286,0.017228,"Emplacamentos BEV/PHEV ABVE; frota ampla SENATRAN ago/2026 e indicadores IBGE 2022, quando presentes, são medidas separadas. Recarga ABVE/Tupi ago/2026."
CE,IGUATU,10.000000,15.000000,41.000000,26.000000,173.333333,0.016590,"Emplacamentos BEV/PHEV ABVE; frota ampla SENATRAN ago/2026 e indicadores IBGE 2022, quando presentes, são medidas separadas. Recarga ABVE/Tupi ago/2026."
RS,IGREJINHA,12.000000,5.000000,31.000000,26.000000,520.000000,0.016590,"Emplacamentos BEV/PHEV ABVE; frota ampla SENATRAN ago/2026 e indicadores IBGE 2022, quando presentes, são medidas separadas. Recarga ABVE/Tupi ago/2026."
PA,ITAITUBA,0.000000,1.000000,27.000000,26.000000,2600.000000,0.016590,"Emplacamentos BEV/PHEV ABVE; frota ampla SENATRAN ago/2026 e indicadores IBGE 2022, quando presentes, são medidas separadas. Recarga ABVE/Tupi ago/2026."
RN,ASSU,5.000000,14.000000,40.000000,26.000000,185.714286,0.016590,"Emplacamentos BEV/PHEV ABVE; frota ampla SENATRAN ago/2026 e indicadores IBGE 2022, quando presentes, são medidas separadas. Recarga ABVE/Tupi ago/2026."
RS,URUGUAIANA,8.000000,9.000000,35.000000,26.000000,288.888889,0.016590,"Emplacamentos BEV/PHEV ABVE; frota ampla SENATRAN ago/2026 e indicadores IBGE 2022, quando presentes, são medidas separadas. Recarga ABVE/Tupi ago/2026."
RS,NOVA PETROPOLIS,16.000000,11.000000,37.000000,26.000000,236.363636,0.016590,"Emplacamentos BEV/PHEV ABVE; frota ampla SENATRAN ago/2026 e indicadores IBGE 2022, quando presentes, são medidas separadas. Recarga ABVE/Tupi ago/2026."
SP,CABREUVA,23.000000,13.000000,39.000000,26.000000,200.000000,0.016590,"Emplacamentos BEV/PHEV ABVE; frota ampla SENATRAN ago/2026 e indicadores IBGE 2022, quando presentes, são medidas separadas. Recarga ABVE/Tupi ago/2026."
RS,XANGRI-LA,13.000000,22.000000,48.000000,26.000000,118.181818,0.016590,"Emplacamentos BEV/PHEV ABVE; frota ampla SENATRAN ago/2026 e indicadores IBGE 2022, quando presentes, são medidas separadas. Recarga ABVE/Tupi ago/2026."
GO,CERES,1.000000,2.000000,28.000000,26.000000,1300.000000,0.016590,"Emplacamentos BEV/PHEV ABVE; frota ampla SENATRAN ago/2026 e indicadores IBGE 2022, quando presentes, são medidas separadas. Recarga ABVE/Tupi ago/2026."
PR,MEDIANEIRA,12.000000,25.000000,51.000000,26.000000,104.000000,0.016590,"Emplacamentos BEV/PHEV ABVE; frota ampla SENATRAN ago/2026 e indicadores IBGE 2022, quando presentes, são medidas separadas. Recarga ABVE/Tupi ago/2026."
SP,PIEDADE,11.000000,9.000000,35.000000,26.000000,288.888889,0.016590,"Emplacamentos BEV/PHEV ABVE; frota ampla SENATRAN ago/2026 e indicadores IBGE 2022, quando presentes, são medidas separadas. Recarga ABVE/Tupi ago/2026."
SP,PEDERNEIRAS,14.000000,7.000000,32.000000,25.000000,357.142857,0.015952,"Emplacamentos BEV/PHEV ABVE; frota ampla SENATRAN ago/2026 e indicadores IBGE 2022, quando presentes, são medidas separadas. Recarga ABVE/Tupi ago/2026."
PR,SAO JORGE DO PATROCINIO,0.000000,13.000000,38.000000,25.000000,192.307692,0.015952,"Emplacamentos BEV/PHEV ABVE; frota ampla SENATRAN ago/2026 e indicadores IBGE 2022, quando presentes, são medidas separadas. Recarga ABVE/Tupi ago/2026."
CE,PACAJUS,2.000000,0.000000,25.000000,25.000000,,0.015952,"Emplacamentos BEV/PHEV ABVE; frota ampla SENATRAN ago/2026 e indicadores IBGE 2022, quando presentes, são medidas separadas. Recarga ABVE/Tupi ago/2026."
GO,INHUMAS,15.000000,12.000000,37.000000,25.000000,208.333333,0.015952,"Emplacamentos BEV/PHEV ABVE; frota ampla SENATRAN ago/2026 e indicadores IBGE 2022, quando presentes, são medidas separadas. Recarga ABVE/Tupi ago/2026."
AL,SANTANA DO IPANEMA,4.000000,7.000000,32.000000,25.000000,357.142857,0.015952,"Emplacamentos BEV/PHEV ABVE; frota ampla SENATRAN ago/2026 e indicadores IBGE 2022, quando presentes, são medidas separadas. Recarga ABVE/Tupi ago/2026."
MG,EXTREMA,2.000000,1.000000,26.000000,25.000000,2500.000000,0.015952,"Emplacamentos BEV/PHEV ABVE; frota ampla SENATRAN ago/2026 e indicadores IBGE 2022, quando presentes, são medidas separadas. Recarga ABVE/Tupi ago/2026."
MG,PARA DE MINAS,3.000000,5.000000,30.000000,25.000000,500.000000,0.015952,"Emplacamentos BEV/PHEV ABVE; frota ampla SENATRAN ago/2026 e indicadores IBGE 2022, quando presentes, são medidas separadas. Recarga ABVE/Tupi ago/2026."
RS,ENCANTADO,3.000000,4.000000,28.000000,24.000000,600.000000,0.015314,"Emplacamentos BEV/PHEV ABVE; frota ampla SENATRAN ago/2026 e indicadores IBGE 2022, quando presentes, são medidas separadas. Recarga ABVE/Tupi ago/2026."
SP,GUARAREMA,15.000000,28.000000,52.000000,24.000000,85.714286,0.015314,"Emplacamentos BEV/PHEV ABVE; frota ampla SENATRAN ago/2026 e indicadores IBGE 2022, quando presentes, são medidas separadas. Recarga ABVE/Tupi ago/2026."
MG,RIBEIRAO DAS NEVES,0.000000,4.000000,28.000000,24.000000,600.000000,0.015314,"Emplacamentos BEV/PHEV ABVE; frota ampla SENATRAN ago/2026 e indicadores IBGE 2022, quando presentes, são medidas separadas. Recarga ABVE/Tupi ago/2026."
PE,PAUDALHO,8.000000,16.000000,40.000000,24.000000,150.000000,0.015314,"Emplacamentos BEV/PHEV ABVE; frota ampla SENATRAN ago/2026 e indicadores IBGE 2022, quando presentes, são medidas separadas. Recarga ABVE/Tupi ago/2026."
GO,BELA VISTA DE GOIAS,0.000000,4.000000,28.000000,24.000000,600.000000,0.015314,"Emplacamentos BEV/PHEV ABVE; frota ampla SENATRAN ago/2026 e indicadores IBGE 2022, quando presentes, são medidas separadas. Recarga ABVE/Tupi ago/2026."
PR,MARECHAL CANDIDO RONDON,7.000000,18.000000,42.000000,24.000000,133.333333,0.015314,"Emplacamentos BEV/PHEV ABVE; frota ampla SENATRAN ago/2026 e indicadores IBGE 2022, quando presentes, são medidas separadas. Recarga ABVE/Tupi ago/2026."
SC,SCHROEDER,4.000000,4.000000,28.000000,24.000000,600.000000,0.015314,"Emplacamentos BEV/PHEV ABVE; frota ampla SENATRAN ago/2026 e indicadores IBGE 2022, quando presentes, são medidas separadas. Recarga ABVE/Tupi ago/2026."
PB,LAGOA SECA,2.000000,10.000000,34.000000,24.000000,240.000000,0.015314,"Emplacamentos BEV/PHEV ABVE; frota ampla SENATRAN ago/2026 e indicadores IBGE 2022, quando presentes, são medidas separadas. Recarga ABVE/Tupi ago/2026."
RJ,SEROPEDICA,11.000000,20.000000,44.000000,24.000000,120.000000,0.015314,"Emplacamentos BEV/PHEV ABVE; frota ampla SENATRAN ago/2026 e indicadores IBGE 2022, quando presentes, são medidas separadas. Recarga ABVE/Tupi ago/2026."
RJ,NILOPOLIS,15.000000,17.000000,41.000000,24.000000,141.176471,0.015314,"Emplacamentos BEV/PHEV ABVE; frota ampla SENATRAN ago/2026 e indicadores IBGE 2022, quando presentes, são medidas separadas. Recarga ABVE/Tupi ago/2026."
BA,MATA DE SAO JOAO,4.000000,9.000000,33.000000,24.000000,266.666667,0.015314,"Emplacamentos BEV/PHEV ABVE; frota ampla SENATRAN ago/2026 e indicadores IBGE 2022, quando presentes, são medidas separadas. Recarga ABVE/Tupi ago/2026."
PR,DOIS VIZINHOS,4.000000,8.000000,32.000000,24.000000,300.000000,0.015314,"Emplacamentos BEV/PHEV ABVE; frota ampla SENATRAN ago/2026 e indicadores IBGE 2022, quando presentes, são medidas separadas. Recarga ABVE/Tupi ago/2026."
SP,ANDRADINA,11.000000,7.000000,31.000000,24.000000,342.857143,0.015314,"Emplacamentos BEV/PHEV ABVE; frota ampla SENATRAN ago/2026 e indicadores IBGE 2022, quando presentes, são medidas separadas. Recarga ABVE/Tupi ago/2026."
RN,SAO JOSE DE MIPIBU,2.000000,3.000000,26.000000,23.000000,766.666667,0.014676,"Emplacamentos BEV/PHEV ABVE; frota ampla SENATRAN ago/2026 e indicadores IBGE 2022, quando presentes, são medidas separadas. Recarga ABVE/Tupi ago/2026."
RS,TRES PASSOS,4.000000,1.000000,24.000000,23.000000,2300.000000,0.014676,"Emplacamentos BEV/PHEV ABVE; frota ampla SENATRAN ago/2026 e indicadores IBGE 2022, quando presentes, são medidas separadas. Recarga ABVE/Tupi ago/2026."
CE,PACATUBA,1.000000,11.000000,34.000000,23.000000,209.090909,0.014676,"Emplacamentos BEV/PHEV ABVE; frota ampla SENATRAN ago/2026 e indicadores IBGE 2022, quando presentes, são medidas separadas. Recarga ABVE/Tupi ago/2026."
SC,LAGUNA,10.000000,20.000000,43.000000,23.000000,115.000000,0.014676,"Emplacamentos BEV/PHEV ABVE; frota ampla SENATRAN ago/2026 e indicadores IBGE 2022, quando presentes, são medidas separadas. Recarga ABVE/Tupi ago/2026."
SP,ITAPEVA,12.000000,25.000000,48.000000,23.000000,92.000000,0.014676,"Emplacamentos BEV/PHEV ABVE; frota ampla SENATRAN ago/2026 e indicadores IBGE 2022, quando presentes, são medidas separadas. Recarga ABVE/Tupi ago/2026."
SP,JALES,22.000000,14.000000,37.000000,23.000000,164.285714,0.014676,"Emplacamentos BEV/PHEV ABVE; frota ampla SENATRAN ago/2026 e indicadores IBGE 2022, quando presentes, são medidas separadas. Recarga ABVE/Tupi ago/2026."
SC,POMERODE,22.000000,25.000000,48.000000,23.000000,92.000000,0.014676,"Emplacamentos BEV/PHEV ABVE; frota ampla SENATRAN ago/2026 e indicadores IBGE 2022, quando presentes, são medidas separadas. Recarga ABVE/Tupi ago/2026."
SP,SANTA ISABEL,13.000000,15.000000,38.000000,23.000000,153.333333,0.014676,"Emplacamentos BEV/PHEV ABVE; frota ampla SENATRAN ago/2026 e indicadores IBGE 2022, quando presentes, são medidas separadas. Recarga ABVE/Tupi ago/2026."
RS,SANT'ANA DO LIVRAMENTO,7.000000,3.000000,26.000000,23.000000,766.666667,0.014676,"Emplacamentos BEV/PHEV ABVE; frota ampla SENATRAN ago/2026 e indicadores IBGE 2022, quando presentes, são medidas separadas. Recarga ABVE/Tupi ago/2026."
ES,ANCHIETA,6.000000,8.000000,31.000000,23.000000,287.500000,0.014676,"Emplacamentos BEV/PHEV ABVE; frota ampla SENATRAN ago/2026 e indicadores IBGE 2022, quando presentes, são medidas separadas. Recarga ABVE/Tupi ago/2026."
SP,CAPIVARI,10.000000,12.000000,35.000000,23.000000,191.666667,0.014676,"Emplacamentos BEV/PHEV ABVE; frota ampla SENATRAN ago/2026 e indicadores IBGE 2022, quando presentes, são medidas separadas. Recarga ABVE/Tupi ago/2026."
RJ,PARACAMBI,12.000000,14.000000,36.000000,22.000000,157.142857,0.014038,"Emplacamentos BEV/PHEV ABVE; frota ampla SENATRAN ago/2026 e indicadores IBGE 2022, quando presentes, são medidas separadas. Recarga ABVE/Tupi ago/2026."
SC,NOVA TRENTO,7.000000,5.000000,27.000000,22.000000,440.000000,0.014038,"Emplacamentos BEV/PHEV ABVE; frota ampla SENATRAN ago/2026 e indicadores IBGE 2022, quando presentes, são medidas separadas. Recarga ABVE/Tupi ago/2026."
GO,GOIANESIA,5.000000,8.000000,30.000000,22.000000,275.000000,0.014038,"Emplacamentos BEV/PHEV ABVE; frota ampla SENATRAN ago/2026 e indicadores IBGE 2022, quando presentes, são medidas separadas. Recarga ABVE/Tupi ago/2026."
PE,SERRA TALHADA,6.000000,14.000000,36.000000,22.000000,157.142857,0.014038,"Emplacamentos BEV/PHEV ABVE; frota ampla SENATRAN ago/2026 e indicadores IBGE 2022, quando presentes, são medidas separadas. Recarga ABVE/Tupi ago/2026."
MG,CONSELHEIRO LAFAIETE,6.000000,6.000000,28.000000,22.000000,366.666667,0.014038,"Emplacamentos BEV/PHEV ABVE; frota ampla SENATRAN ago/2026 e indicadores IBGE 2022, quando presentes, são medidas separadas. Recarga ABVE/Tupi ago/2026."
SC,BARRA VELHA,18.000000,33.000000,55.000000,22.000000,66.666667,0.014038,"Emplacamentos BEV/PHEV ABVE; frota ampla SENATRAN ago/2026 e indicadores IBGE 2022, quando presentes, são medidas separadas. Recarga ABVE/Tupi ago/2026."
BA,SERRINHA,4.000000,6.000000,28.000000,22.000000,366.666667,0.014038,"Emplacamentos BEV/PHEV ABVE; frota ampla SENATRAN ago/2026 e indicadores IBGE 2022, quando presentes, são medidas separadas. Recarga ABVE/Tupi ago/2026."
RN,EXTREMOZ,3.000000,15.000000,37.000000,22.000000,146.666667,0.014038,"Emplacamentos BEV/PHEV ABVE; frota ampla SENATRAN ago/2026 e indicadores IBGE 2022, quando presentes, são medidas separadas. Recarga ABVE/Tupi ago/2026."
RJ,BARRA DO PIRAI,13.000000,18.000000,40.000000,22.000000,122.222222,0.014038,"Emplacamentos BEV/PHEV ABVE; frota ampla SENATRAN ago/2026 e indicadores IBGE 2022, quando presentes, são medidas separadas. Recarga ABVE/Tupi ago/2026."
RS,TAQUARI,7.000000,1.000000,22.000000,21.000000,2100.000000,0.013400,"Emplacamentos BEV/PHEV ABVE; frota ampla SENATRAN ago/2026 e indicadores IBGE 2022, quando presentes, são medidas separadas. Recarga ABVE/Tupi ago/2026."
PA,MARITUBA,5.000000,7.000000,28.000000,21.000000,300.000000,0.013400,"Emplacamentos BEV/PHEV ABVE; frota ampla SENATRAN ago/2026 e indicadores IBGE 2022, quando presentes, são medidas separadas. Recarga ABVE/Tupi ago/2026."
RJ,VALENCA,2.000000,8.000000,29.000000,21.000000,262.500000,0.013400,"Emplacamentos BEV/PHEV ABVE; frota ampla SENATRAN ago/2026 e indicadores IBGE 2022, quando presentes, são medidas separadas. Recarga ABVE/Tupi ago/2026."
RN,CURRAIS NOVOS,7.000000,14.000000,35.000000,21.000000,150.000000,0.013400,"Emplacamentos BEV/PHEV ABVE; frota ampla SENATRAN ago/2026 e indicadores IBGE 2022, quando presentes, são medidas separadas. Recarga ABVE/Tupi ago/2026."
RJ,RESENDE,71.000000,78.000000,99.000000,21.000000,26.923077,0.013400,"Emplacamentos BEV/PHEV ABVE; frota ampla SENATRAN ago/2026 e indicadores IBGE 2022, quando presentes, são medidas separadas. Recarga ABVE/Tupi ago/2026."
SC,JOACABA,41.000000,23.000000,44.000000,21.000000,91.304348,0.013400,"Emplacamentos BEV/PHEV ABVE; frota ampla SENATRAN ago/2026 e indicadores IBGE 2022, quando presentes, são medidas separadas. Recarga ABVE/Tupi ago/2026."
SP,ITAPOLIS,11.000000,7.000000,28.000000,21.000000,300.000000,0.013400,"Emplacamentos BEV/PHEV ABVE; frota ampla SENATRAN ago/2026 e indicadores IBGE 2022, quando presentes, são medidas separadas. Recarga ABVE/Tupi ago/2026."
RS,SAO SEBASTIAO DO CAI,8.000000,9.000000,30.000000,21.000000,233.333333,0.013400,"Emplacamentos BEV/PHEV ABVE; frota ampla SENATRAN ago/2026 e indicadores IBGE 2022, quando presentes, são medidas separadas. Recarga ABVE/Tupi ago/2026."
PE,PALMARES,5.000000,1.000000,22.000000,21.000000,2100.000000,0.013400,"Emplacamentos BEV/PHEV ABVE; frota ampla SENATRAN ago/2026 e indicadores IBGE 2022, quando presentes, são medidas separadas. Recarga ABVE/Tupi ago/2026."
RS,MARAU,9.000000,10.000000,31.000000,21.000000,210.000000,0.013400,"Emplacamentos BEV/PHEV ABVE; frota ampla SENATRAN ago/2026 e indicadores IBGE 2022, quando presentes, são medidas separadas. Recarga ABVE/Tupi ago/2026."
RS,TRIUNFO,7.000000,3.000000,24.000000,21.000000,700.000000,0.013400,"Emplacamentos BEV/PHEV ABVE; frota ampla SENATRAN ago/2026 e indicadores IBGE 2022, quando presentes, são medidas separadas. Recarga ABVE/Tupi ago/2026."
PA,BARCARENA,9.000000,16.000000,37.000000,21.000000,131.250000,0.013400,"Emplacamentos BEV/PHEV ABVE; frota ampla SENATRAN ago/2026 e indicadores IBGE 2022, quando presentes, são medidas separadas. Recarga ABVE/Tupi ago/2026."
SC,GUABIRUBA,7.000000,17.000000,38.000000,21.000000,123.529412,0.013400,"Emplacamentos BEV/PHEV ABVE; frota ampla SENATRAN ago/2026 e indicadores IBGE 2022, quando presentes, são medidas separadas. Recarga ABVE/Tupi ago/2026."
SP,SAO JOAQUIM DA BARRA,12.000000,8.000000,29.000000,21.000000,262.500000,0.013400,"Emplacamentos BEV/PHEV ABVE; frota ampla SENATRAN ago/2026 e indicadores IBGE 2022, quando presentes, são medidas separadas. Recarga ABVE/Tupi ago/2026."
MG,VICOSA,7.000000,5.000000,26.000000,21.000000,420.000000,0.013400,"Emplacamentos BEV/PHEV ABVE; frota ampla SENATRAN ago/2026 e indicadores IBGE 2022, quando presentes, são medidas separadas. Recarga ABVE/Tupi ago/2026."
SP,GARCA,11.000000,22.000000,43.000000,21.000000,95.454545,0.013400,"Emplacamentos BEV/PHEV ABVE; frota ampla SENATRAN ago/2026 e indicadores IBGE 2022, quando presentes, são medidas separadas. Recarga ABVE/Tupi ago/2026."
SP,ARTUR NOGUEIRA,8.000000,19.000000,40.000000,21.000000,110.526316,0.013400,"Emplacamentos BEV/PHEV ABVE; frota ampla SENATRAN ago/2026 e indicadores IBGE 2022, quando presentes, são medidas separadas. Recarga ABVE/Tupi ago/2026."
PR,CAMPO MAGRO,6.000000,8.000000,28.000000,20.000000,250.000000,0.012762,"Emplacamentos BEV/PHEV ABVE; frota ampla SENATRAN ago/2026 e indicadores IBGE 2022, quando presentes, são medidas separadas. Recarga ABVE/Tupi ago/2026."
BA,CANDEIAS,5.000000,11.000000,31.000000,20.000000,181.818182,0.012762,"Emplacamentos BEV/PHEV ABVE; frota ampla SENATRAN ago/2026 e indicadores IBGE 2022, quando presentes, são medidas separadas. Recarga ABVE/Tupi ago/2026."
PE,TIMBAUBA,1.000000,0.000000,20.000000,20.000000,,0.012762,"Emplacamentos BEV/PHEV ABVE; frota ampla SENATRAN ago/2026 e indicadores IBGE 2022, quando presentes, são medidas separadas. Recarga ABVE/Tupi ago/2026."
PE,TORITAMA,9.000000,9.000000,29.000000,20.000000,222.222222,0.012762,"Emplacamentos BEV/PHEV ABVE; frota ampla SENATRAN ago/2026 e indicadores IBGE 2022, quando presentes, são medidas separadas. Recarga ABVE/Tupi ago/2026."
CE,CASCAVEL,3.000000,3.000000,23.000000,20.000000,666.666667,0.012762,"Emplacamentos BEV/PHEV ABVE; frota ampla SENATRAN ago/2026 e indicadores IBGE 2022, quando presentes, são medidas separadas. Recarga ABVE/Tupi ago/2026."
PR,UNIAO DA VITORIA,4.000000,4.000000,24.000000,20.000000,500.000000,0.012762,"Emplacamentos BEV/PHEV ABVE; frota ampla SENATRAN ago/2026 e indicadores IBGE 2022, quando presentes, são medidas separadas. Recarga ABVE/Tupi ago/2026."
RJ,ARRAIAL DO CABO,2.000000,8.000000,28.000000,20.000000,250.000000,0.012762,"Emplacamentos BEV/PHEV ABVE; frota ampla SENATRAN ago/2026 e indicadores IBGE 2022, quando presentes, são medidas separadas. Recarga ABVE/Tupi ago/2026."
PA,REDENCAO,0.000000,18.000000,38.000000,20.000000,111.111111,0.012762,"Emplacamentos BEV/PHEV ABVE; frota ampla SENATRAN ago/2026 e indicadores IBGE 2022, quando presentes, são medidas separadas. Recarga ABVE/Tupi ago/2026."
SP,CERQUILHO,16.000000,15.000000,35.000000,20.000000,133.333333,0.012762,"Emplacamentos BEV/PHEV ABVE; frota ampla SENATRAN ago/2026 e indicadores IBGE 2022, quando presentes, são medidas separadas. Recarga ABVE/Tupi ago/2026."
SC,BALNEARIO RINCAO,5.000000,5.000000,25.000000,20.000000,400.000000,0.012762,"Emplacamentos BEV/PHEV ABVE; frota ampla SENATRAN ago/2026 e indicadores IBGE 2022, quando presentes, são medidas separadas. Recarga ABVE/Tupi ago/2026."
RS,CARLOS BARBOSA,8.000000,10.000000,30.000000,20.000000,200.000000,0.012762,"Emplacamentos BEV/PHEV ABVE; frota ampla SENATRAN ago/2026 e indicadores IBGE 2022, quando presentes, são medidas separadas. Recarga ABVE/Tupi ago/2026."
RS,GARIBALDI,11.000000,9.000000,29.000000,20.000000,222.222222,0.012762,"Emplacamentos BEV/PHEV ABVE; frota ampla SENATRAN ago/2026 e indicadores IBGE 2022, quando presentes, são medidas separadas. Recarga ABVE/Tupi ago/2026."
RS,CRUZ ALTA,11.000000,8.000000,28.000000,20.000000,250.000000,0.012762,"Emplacamentos BEV/PHEV ABVE; frota ampla SENATRAN ago/2026 e indicadores IBGE 2022, quando presentes, são medidas separadas. Recarga ABVE/Tupi ago/2026."
PR,NOVA AURORA,2.000000,2.000000,22.000000,20.000000,1000.000000,0.012762,"Emplacamentos BEV/PHEV ABVE; frota ampla SENATRAN ago/2026 e indicadores IBGE 2022, quando presentes, são medidas separadas. Recarga ABVE/Tupi ago/2026."
SC,CAMPOS NOVOS,10.000000,11.000000,31.000000,20.000000,181.818182,0.012762,"Emplacamentos BEV/PHEV ABVE; frota ampla SENATRAN ago/2026 e indicadores IBGE 2022, quando presentes, são medidas separadas. Recarga ABVE/Tupi ago/2026."
RN,NISIA FLORESTA,5.000000,5.000000,25.000000,20.000000,400.000000,0.012762,"Emplacamentos BEV/PHEV ABVE; frota ampla SENATRAN ago/2026 e indicadores IBGE 2022, quando presentes, são medidas separadas. Recarga ABVE/Tupi ago/2026."
MG,IBIRITE,3.000000,6.000000,26.000000,20.000000,333.333333,0.012762,"Emplacamentos BEV/PHEV ABVE; frota ampla SENATRAN ago/2026 e indicadores IBGE 2022, quando presentes, são medidas separadas. Recarga ABVE/Tupi ago/2026."
RJ,SAO JOAO DA BARRA,2.000000,4.000000,24.000000,20.000000,500.000000,0.012762,"Emplacamentos BEV/PHEV ABVE; frota ampla SENATRAN ago/2026 e indicadores IBGE 2022, quando presentes, são medidas separadas. Recarga ABVE/Tupi ago/2026."
SP,PEDREIRA,10.000000,11.000000,31.000000,20.000000,181.818182,0.012762,"Emplacamentos BEV/PHEV ABVE; frota ampla SENATRAN ago/2026 e indicadores IBGE 2022, quando presentes, são medidas separadas. Recarga ABVE/Tupi ago/2026."
MT,NOVA MUTUM,9.000000,7.000000,27.000000,20.000000,285.714286,0.012762,"Emplacamentos BEV/PHEV ABVE; frota ampla SENATRAN ago/2026 e indicadores IBGE 2022, quando presentes, são medidas separadas. Recarga ABVE/Tupi ago/2026."
PE,BEZERROS,2.000000,2.000000,21.000000,19.000000,950.000000,0.012124,"Emplacamentos BEV/PHEV ABVE; frota ampla SENATRAN ago/2026 e indicadores IBGE 2022, quando presentes, são medidas separadas. Recarga ABVE/Tupi ago/2026."
RS,ESTRELA,6.000000,10.000000,29.000000,19.000000,190.000000,0.012124,"Emplacamentos BEV/PHEV ABVE; frota ampla SENATRAN ago/2026 e indicadores IBGE 2022, quando presentes, são medidas separadas. Recarga ABVE/Tupi ago/2026."
RS,BOM PRINCIPIO,9.000000,2.000000,21.000000,19.000000,950.000000,0.012124,"Emplacamentos BEV/PHEV ABVE; frota ampla SENATRAN ago/2026 e indicadores IBGE 2022, quando presentes, são medidas separadas. Recarga ABVE/Tupi ago/2026."
PR,IPORA,0.000000,16.000000,35.000000,19.000000,118.750000,0.012124,"Emplacamentos BEV/PHEV ABVE; frota ampla SENATRAN ago/2026 e indicadores IBGE 2022, quando presentes, são medidas separadas. Recarga ABVE/Tupi ago/2026."
SC,SAO FRANCISCO DO SUL,10.000000,48.000000,67.000000,19.000000,39.583333,0.012124,"Emplacamentos BEV/PHEV ABVE; frota ampla SENATRAN ago/2026 e indicadores IBGE 2022, quando presentes, são medidas separadas. Recarga ABVE/Tupi ago/2026."
MT,LUCAS DO RIO VERDE,20.000000,37.000000,56.000000,19.000000,51.351351,0.012124,"Emplacamentos BEV/PHEV ABVE; frota ampla SENATRAN ago/2026 e indicadores IBGE 2022, quando presentes, são medidas separadas. Recarga ABVE/Tupi ago/2026."
AM,RIO PRETO DA EVA,0.000000,1.000000,20.000000,19.000000,1900.000000,0.012124,"Emplacamentos BEV/PHEV ABVE; frota ampla SENATRAN ago/2026 e indicadores IBGE 2022, quando presentes, são medidas separadas. Recarga ABVE/Tupi ago/2026."
RO,JARU,8.000000,11.000000,30.000000,19.000000,172.727273,0.012124,"Emplacamentos BEV/PHEV ABVE; frota ampla SENATRAN ago/2026 e indicadores IBGE 2022, quando presentes, são medidas separadas. Recarga ABVE/Tupi ago/2026."
BA,RIBEIRA DO POMBAL,1.000000,4.000000,23.000000,19.000000,475.000000,0.012124,"Emplacamentos BEV/PHEV ABVE; frota ampla SENATRAN ago/2026 e indicadores IBGE 2022, quando presentes, são medidas separadas. Recarga ABVE/Tupi ago/2026."
RJ,GUAPIMIRIM,8.000000,10.000000,29.000000,19.000000,190.000000,0.012124,"Emplacamentos BEV/PHEV ABVE; frota ampla SENATRAN ago/2026 e indicadores IBGE 2022, quando presentes, são medidas separadas. Recarga ABVE/Tupi ago/2026."
PB,CAJAZEIRAS,8.000000,12.000000,31.000000,19.000000,158.333333,0.012124,"Emplacamentos BEV/PHEV ABVE; frota ampla SENATRAN ago/2026 e indicadores IBGE 2022, quando presentes, são medidas separadas. Recarga ABVE/Tupi ago/2026."
MG,MANHUACU,4.000000,5.000000,24.000000,19.000000,380.000000,0.012124,"Emplacamentos BEV/PHEV ABVE; frota ampla SENATRAN ago/2026 e indicadores IBGE 2022, quando presentes, são medidas separadas. Recarga ABVE/Tupi ago/2026."
PB,BANANEIRAS,0.000000,0.000000,18.000000,18.000000,,0.011486,"Emplacamentos BEV/PHEV ABVE; frota ampla SENATRAN ago/2026 e indicadores IBGE 2022, quando presentes, são medidas separadas. Recarga ABVE/Tupi ago/2026."
PB,MAMANGUAPE,0.000000,2.000000,20.000000,18.000000,900.000000,0.011486,"Emplacamentos BEV/PHEV ABVE; frota ampla SENATRAN ago/2026 e indicadores IBGE 2022, quando presentes, são medidas separadas. Recarga ABVE/Tupi ago/2026."
MA,BACABAL,5.000000,3.000000,21.000000,18.000000,600.000000,0.011486,"Emplacamentos BEV/PHEV ABVE; frota ampla SENATRAN ago/2026 e indicadores IBGE 2022, quando presentes, são medidas separadas. Recarga ABVE/Tupi ago/2026."
AL,UNIAO DOS PALMARES,0.000000,3.000000,21.000000,18.000000,600.000000,0.011486,"Emplacamentos BEV/PHEV ABVE; frota ampla SENATRAN ago/2026 e indicadores IBGE 2022, quando presentes, são medidas separadas. Recarga ABVE/Tupi ago/2026."
BA,PARIPIRANGA,2.000000,2.000000,20.000000,18.000000,900.000000,0.011486,"Emplacamentos BEV/PHEV ABVE; frota ampla SENATRAN ago/2026 e indicadores IBGE 2022, quando presentes, são medidas separadas. Recarga ABVE/Tupi ago/2026."
RS,CHARQUEADAS,4.000000,5.000000,23.000000,18.000000,360.000000,0.011486,"Emplacamentos BEV/PHEV ABVE; frota ampla SENATRAN ago/2026 e indicadores IBGE 2022, quando presentes, são medidas separadas. Recarga ABVE/Tupi ago/2026."
RS,ARROIO DO MEIO,2.000000,3.000000,21.000000,18.000000,600.000000,0.011486,"Emplacamentos BEV/PHEV ABVE; frota ampla SENATRAN ago/2026 e indicadores IBGE 2022, quando presentes, são medidas separadas. Recarga ABVE/Tupi ago/2026."
CE,ITAPIPOCA,3.000000,3.000000,21.000000,18.000000,600.000000,0.011486,"Emplacamentos BEV/PHEV ABVE; frota ampla SENATRAN ago/2026 e indicadores IBGE 2022, quando presentes, são medidas separadas. Recarga ABVE/Tupi ago/2026."
BA,CONCEICAO DO JACUIPE,1.000000,2.000000,20.000000,18.000000,900.000000,0.011486,"Emplacamentos BEV/PHEV ABVE; frota ampla SENATRAN ago/2026 e indicadores IBGE 2022, quando presentes, são medidas separadas. Recarga ABVE/Tupi ago/2026."
BA,SENHOR DO BONFIM,3.000000,4.000000,22.000000,18.000000,450.000000,0.011486,"Emplacamentos BEV/PHEV ABVE; frota ampla SENATRAN ago/2026 e indicadores IBGE 2022, quando presentes, são medidas separadas. Recarga ABVE/Tupi ago/2026."
PE,MORENO,1.000000,5.000000,23.000000,18.000000,360.000000,0.011486,"Emplacamentos BEV/PHEV ABVE; frota ampla SENATRAN ago/2026 e indicadores IBGE 2022, quando presentes, são medidas separadas. Recarga ABVE/Tupi ago/2026."
RS,SAO MARCOS,3.000000,12.000000,30.000000,18.000000,150.000000,0.011486,"Emplacamentos BEV/PHEV ABVE; frota ampla SENATRAN ago/2026 e indicadores IBGE 2022, quando presentes, são medidas separadas. Recarga ABVE/Tupi ago/2026."
PE,SALGUEIRO,4.000000,1.000000,19.000000,18.000000,1800.000000,0.011486,"Emplacamentos BEV/PHEV ABVE; frota ampla SENATRAN ago/2026 e indicadores IBGE 2022, quando presentes, são medidas separadas. Recarga ABVE/Tupi ago/2026."
PR,TELEMACO BORBA,14.000000,12.000000,30.000000,18.000000,150.000000,0.011486,"Emplacamentos BEV/PHEV ABVE; frota ampla SENATRAN ago/2026 e indicadores IBGE 2022, quando presentes, são medidas separadas. Recarga ABVE/Tupi ago/2026."
BA,ITAPETINGA,0.000000,7.000000,25.000000,18.000000,257.142857,0.011486,"Emplacamentos BEV/PHEV ABVE; frota ampla SENATRAN ago/2026 e indicadores IBGE 2022, quando presentes, são medidas separadas. Recarga ABVE/Tupi ago/2026."
MA,ACAILANDIA,16.000000,14.000000,31.000000,17.000000,121.428571,0.010848,"Emplacamentos BEV/PHEV ABVE; frota ampla SENATRAN ago/2026 e indicadores IBGE 2022, quando presentes, são medidas separadas. Recarga ABVE/Tupi ago/2026."
MG,CARATINGA,8.000000,6.000000,23.000000,17.000000,283.333333,0.010848,"Emplacamentos BEV/PHEV ABVE; frota ampla SENATRAN ago/2026 e indicadores IBGE 2022, quando presentes, são medidas separadas. Recarga ABVE/Tupi ago/2026."
RS,CACHOEIRA DO SUL,1.000000,9.000000,26.000000,17.000000,188.888889,0.010848,"Emplacamentos BEV/PHEV ABVE; frota ampla SENATRAN ago/2026 e indicadores IBGE 2022, quando presentes, são medidas separadas. Recarga ABVE/Tupi ago/2026."
RN,SANTA CRUZ,2.000000,3.000000,20.000000,17.000000,566.666667,0.010848,"Emplacamentos BEV/PHEV ABVE; frota ampla SENATRAN ago/2026 e indicadores IBGE 2022, quando presentes, são medidas separadas. Recarga ABVE/Tupi ago/2026."
SP,BOM JESUS DOS PERDOES,3.000000,14.000000,31.000000,17.000000,121.428571,0.010848,"Emplacamentos BEV/PHEV ABVE; frota ampla SENATRAN ago/2026 e indicadores IBGE 2022, quando presentes, são medidas separadas. Recarga ABVE/Tupi ago/2026."
PR,PALOTINA,6.000000,7.000000,24.000000,17.000000,242.857143,0.010848,"Emplacamentos BEV/PHEV ABVE; frota ampla SENATRAN ago/2026 e indicadores IBGE 2022, quando presentes, são medidas separadas. Recarga ABVE/Tupi ago/2026."
MG,SANTA LUZIA,8.000000,10.000000,27.000000,17.000000,170.000000,0.010848,"Emplacamentos BEV/PHEV ABVE; frota ampla SENATRAN ago/2026 e indicadores IBGE 2022, quando presentes, são medidas separadas. Recarga ABVE/Tupi ago/2026."
PR,NOVA ESPERANCA,3.000000,3.000000,20.000000,17.000000,566.666667,0.010848,"Emplacamentos BEV/PHEV ABVE; frota ampla SENATRAN ago/2026 e indicadores IBGE 2022, quando presentes, são medidas separadas. Recarga ABVE/Tupi ago/2026."
RS,SAO LOURENCO DO SUL,2.000000,5.000000,22.000000,17.000000,340.000000,0.010848,"Emplacamentos BEV/PHEV ABVE; frota ampla SENATRAN ago/2026 e indicadores IBGE 2022, quando presentes, são medidas separadas. Recarga ABVE/Tupi ago/2026."
MG,MARIANA,2.000000,2.000000,19.000000,17.000000,850.000000,0.010848,"Emplacamentos BEV/PHEV ABVE; frota ampla SENATRAN ago/2026 e indicadores IBGE 2022, quando presentes, são medidas separadas. Recarga ABVE/Tupi ago/2026."
SP,PIRAPOZINHO,2.000000,3.000000,20.000000,17.000000,566.666667,0.010848,"Emplacamentos BEV/PHEV ABVE; frota ampla SENATRAN ago/2026 e indicadores IBGE 2022, quando presentes, são medidas separadas. Recarga ABVE/Tupi ago/2026."
RO,GUAJARA-MIRIM,1.000000,4.000000,21.000000,17.000000,425.000000,0.010848,"Emplacamentos BEV/PHEV ABVE; frota ampla SENATRAN ago/2026 e indicadores IBGE 2022, quando presentes, são medidas separadas. Recarga ABVE/Tupi ago/2026."
RJ,IGUABA GRANDE,7.000000,9.000000,26.000000,17.000000,188.888889,0.010848,"Emplacamentos BEV/PHEV ABVE; frota ampla SENATRAN ago/2026 e indicadores IBGE 2022, quando presentes, são medidas separadas. Recarga ABVE/Tupi ago/2026."
SC,MASSARANDUBA,6.000000,6.000000,23.000000,17.000000,283.333333,0.010848,"Emplacamentos BEV/PHEV ABVE; frota ampla SENATRAN ago/2026 e indicadores IBGE 2022, quando presentes, são medidas separadas. Recarga ABVE/Tupi ago/2026."
PA,SANTA IZABEL DO PARA,5.000000,2.000000,19.000000,17.000000,850.000000,0.010848,"Emplacamentos BEV/PHEV ABVE; frota ampla SENATRAN ago/2026 e indicadores IBGE 2022, quando presentes, são medidas separadas. Recarga ABVE/Tupi ago/2026."
PA,CAPANEMA,5.000000,5.000000,22.000000,17.000000,340.000000,0.010848,"Emplacamentos BEV/PHEV ABVE; frota ampla SENATRAN ago/2026 e indicadores IBGE 2022, quando presentes, são medidas separadas. Recarga ABVE/Tupi ago/2026."
SP,JARDINOPOLIS,7.000000,14.000000,31.000000,17.000000,121.428571,0.010848,"Emplacamentos BEV/PHEV ABVE; frota ampla SENATRAN ago/2026 e indicadores IBGE 2022, quando presentes, são medidas separadas. Recarga ABVE/Tupi ago/2026."
MA,LAGO DOS RODRIGUES,0.000000,2.000000,19.000000,17.000000,850.000000,0.010848,"Emplacamentos BEV/PHEV ABVE; frota ampla SENATRAN ago/2026 e indicadores IBGE 2022, quando presentes, são medidas separadas. Recarga ABVE/Tupi ago/2026."
MG,ARAGUARI,9.000000,5.000000,22.000000,17.000000,340.000000,0.010848,"Emplacamentos BEV/PHEV ABVE; frota ampla SENATRAN ago/2026 e indicadores IBGE 2022, quando presentes, são medidas separadas. Recarga ABVE/Tupi ago/2026."
SP,GUAPIACU,2.000000,6.000000,23.000000,17.000000,283.333333,0.010848,"Emplacamentos BEV/PHEV ABVE; frota ampla SENATRAN ago/2026 e indicadores IBGE 2022, quando presentes, são medidas separadas. Recarga ABVE/Tupi ago/2026."
GO,GOIANIRA,3.000000,14.000000,31.000000,17.000000,121.428571,0.010848,"Emplacamentos BEV/PHEV ABVE; frota ampla SENATRAN ago/2026 e indicadores IBGE 2022, quando presentes, são medidas separadas. Recarga ABVE/Tupi ago/2026."
MG,SAO JOAO DEL REI,2.000000,4.000000,21.000000,17.000000,425.000000,0.010848,"Emplacamentos BEV/PHEV ABVE; frota ampla SENATRAN ago/2026 e indicadores IBGE 2022, quando presentes, são medidas separadas. Recarga ABVE/Tupi ago/2026."
AC,CRUZEIRO DO SUL,3.000000,8.000000,25.000000,17.000000,212.500000,0.010848,"Emplacamentos BEV/PHEV ABVE; frota ampla SENATRAN ago/2026 e indicadores IBGE 2022, quando presentes, são medidas separadas. Recarga ABVE/Tupi ago/2026."
SP,GUAIRA,9.000000,11.000000,27.000000,16.000000,145.454545,0.010209,"Emplacamentos BEV/PHEV ABVE; frota ampla SENATRAN ago/2026 e indicadores IBGE 2022, quando presentes, são medidas separadas. Recarga ABVE/Tupi ago/2026."
PE,ARARIPINA,1.000000,1.000000,17.000000,16.000000,1600.000000,0.010209,"Emplacamentos BEV/PHEV ABVE; frota ampla SENATRAN ago/2026 e indicadores IBGE 2022, quando presentes, são medidas separadas. Recarga ABVE/Tupi ago/2026."
RS,GUAPORE,16.000000,2.000000,18.000000,16.000000,800.000000,0.010209,"Emplacamentos BEV/PHEV ABVE; frota ampla SENATRAN ago/2026 e indicadores IBGE 2022, quando presentes, são medidas separadas. Recarga ABVE/Tupi ago/2026."
RS,NOVA PRATA,6.000000,11.000000,27.000000,16.000000,145.454545,0.010209,"Emplacamentos BEV/PHEV ABVE; frota ampla SENATRAN ago/2026 e indicadores IBGE 2022, quando presentes, são medidas separadas. Recarga ABVE/Tupi ago/2026."
AL,BARRA DE SAO MIGUEL,3.000000,11.000000,27.000000,16.000000,145.454545,0.010209,"Emplacamentos BEV/PHEV ABVE; frota ampla SENATRAN ago/2026 e indicadores IBGE 2022, quando presentes, são medidas separadas. Recarga ABVE/Tupi ago/2026."
BA,CANSANCAO,0.000000,1.000000,17.000000,16.000000,1600.000000,0.010209,"Emplacamentos BEV/PHEV ABVE; frota ampla SENATRAN ago/2026 e indicadores IBGE 2022, quando presentes, são medidas separadas. Recarga ABVE/Tupi ago/2026."
SC,IBIRAMA,2.000000,5.000000,21.000000,16.000000,320.000000,0.010209,"Emplacamentos BEV/PHEV ABVE; frota ampla SENATRAN ago/2026 e indicadores IBGE 2022, quando presentes, são medidas separadas. Recarga ABVE/Tupi ago/2026."
AL,SAO MIGUEL DOS CAMPOS,6.000000,14.000000,30.000000,16.000000,114.285714,0.010209,"Emplacamentos BEV/PHEV ABVE; frota ampla SENATRAN ago/2026 e indicadores IBGE 2022, quando presentes, são medidas separadas. Recarga ABVE/Tupi ago/2026."
PR,RIO BRANCO DO SUL,2.000000,2.000000,18.000000,16.000000,800.000000,0.010209,"Emplacamentos BEV/PHEV ABVE; frota ampla SENATRAN ago/2026 e indicadores IBGE 2022, quando presentes, são medidas separadas. Recarga ABVE/Tupi ago/2026."
MG,NOVA SERRANA,2.000000,3.000000,19.000000,16.000000,533.333333,0.010209,"Emplacamentos BEV/PHEV ABVE; frota ampla SENATRAN ago/2026 e indicadores IBGE 2022, quando presentes, são medidas separadas. Recarga ABVE/Tupi ago/2026."
SP,TIETE,6.000000,11.000000,27.000000,16.000000,145.454545,0.010209,"Emplacamentos BEV/PHEV ABVE; frota ampla SENATRAN ago/2026 e indicadores IBGE 2022, quando presentes, são medidas separadas. Recarga ABVE/Tupi ago/2026."
SP,SOCORRO,11.000000,5.000000,21.000000,16.000000,320.000000,0.010209,"Emplacamentos BEV/PHEV ABVE; frota ampla SENATRAN ago/2026 e indicadores IBGE 2022, quando presentes, são medidas separadas. Recarga ABVE/Tupi ago/2026."
PA,ORIXIMINA,0.000000,1.000000,17.000000,16.000000,1600.000000,0.010209,"Emplacamentos BEV/PHEV ABVE; frota ampla SENATRAN ago/2026 e indicadores IBGE 2022, quando presentes, são medidas separadas. Recarga ABVE/Tupi ago/2026."
RN,APODI,5.000000,11.000000,27.000000,16.000000,145.454545,0.010209,"Emplacamentos BEV/PHEV ABVE; frota ampla SENATRAN ago/2026 e indicadores IBGE 2022, quando presentes, são medidas separadas. Recarga ABVE/Tupi ago/2026."
MG,OURO PRETO,8.000000,0.000000,16.000000,16.000000,,0.010209,"Emplacamentos BEV/PHEV ABVE; frota ampla SENATRAN ago/2026 e indicadores IBGE 2022, quando presentes, são medidas separadas. Recarga ABVE/Tupi ago/2026."
ES,CONCEICAO DA BARRA,0.000000,5.000000,21.000000,16.000000,320.000000,0.010209,"Emplacamentos BEV/PHEV ABVE; frota ampla SENATRAN ago/2026 e indicadores IBGE 2022, quando presentes, são medidas separadas. Recarga ABVE/Tupi ago/2026."
SC,RIO NEGRINHO,9.000000,4.000000,20.000000,16.000000,400.000000,0.010209,"Emplacamentos BEV/PHEV ABVE; frota ampla SENATRAN ago/2026 e indicadores IBGE 2022, quando presentes, são medidas separadas. Recarga ABVE/Tupi ago/2026."
SC,PASSO DE TORRES,4.000000,7.000000,22.000000,15.000000,214.285714,0.009571,"Emplacamentos BEV/PHEV ABVE; frota ampla SENATRAN ago/2026 e indicadores IBGE 2022, quando presentes, são medidas separadas. Recarga ABVE/Tupi ago/2026."
ES,MARATAIZES,15.000000,11.000000,26.000000,15.000000,136.363636,0.009571,"Emplacamentos BEV/PHEV ABVE; frota ampla SENATRAN ago/2026 e indicadores IBGE 2022, quando presentes, são medidas separadas. Recarga ABVE/Tupi ago/2026."
PB,CONDE,4.000000,5.000000,20.000000,15.000000,300.000000,0.009571,"Emplacamentos BEV/PHEV ABVE; frota ampla SENATRAN ago/2026 e indicadores IBGE 2022, quando presentes, são medidas separadas. Recarga ABVE/Tupi ago/2026."
SC,SANTO AMARO DA IMPERATRIZ,12.000000,22.000000,37.000000,15.000000,68.181818,0.009571,"Emplacamentos BEV/PHEV ABVE; frota ampla SENATRAN ago/2026 e indicadores IBGE 2022, quando presentes, são medidas separadas. Recarga ABVE/Tupi ago/2026."
SP,PORTO FERREIRA,17.000000,15.000000,30.000000,15.000000,100.000000,0.009571,"Emplacamentos BEV/PHEV ABVE; frota ampla SENATRAN ago/2026 e indicadores IBGE 2022, quando presentes, são medidas separadas. Recarga ABVE/Tupi ago/2026."
SC,XANXERE,17.000000,15.000000,30.000000,15.000000,100.000000,0.009571,"Emplacamentos BEV/PHEV ABVE; frota ampla SENATRAN ago/2026 e indicadores IBGE 2022, quando presentes, são medidas separadas. Recarga ABVE/Tupi ago/2026."
MG,MURIAE,5.000000,13.000000,28.000000,15.000000,115.384615,0.009571,"Emplacamentos BEV/PHEV ABVE; frota ampla SENATRAN ago/2026 e indicadores IBGE 2022, quando presentes, são medidas separadas. Recarga ABVE/Tupi ago/2026."
PA,PARAGOMINAS,2.000000,5.000000,20.000000,15.000000,300.000000,0.009571,"Emplacamentos BEV/PHEV ABVE; frota ampla SENATRAN ago/2026 e indicadores IBGE 2022, quando presentes, são medidas separadas. Recarga ABVE/Tupi ago/2026."
RS,SAO GABRIEL,5.000000,3.000000,18.000000,15.000000,500.000000,0.009571,"Emplacamentos BEV/PHEV ABVE; frota ampla SENATRAN ago/2026 e indicadores IBGE 2022, quando presentes, são medidas separadas. Recarga ABVE/Tupi ago/2026."
PR,NOVA SANTA ROSA,4.000000,1.000000,16.000000,15.000000,1500.000000,0.009571,"Emplacamentos BEV/PHEV ABVE; frota ampla SENATRAN ago/2026 e indicadores IBGE 2022, quando presentes, são medidas separadas. Recarga ABVE/Tupi ago/2026."
PR,GOIOERE,3.000000,5.000000,20.000000,15.000000,300.000000,0.009571,"Emplacamentos BEV/PHEV ABVE; frota ampla SENATRAN ago/2026 e indicadores IBGE 2022, quando presentes, são medidas separadas. Recarga ABVE/Tupi ago/2026."
PI,CAMPO MAIOR,1.000000,2.000000,17.000000,15.000000,750.000000,0.009571,"Emplacamentos BEV/PHEV ABVE; frota ampla SENATRAN ago/2026 e indicadores IBGE 2022, quando presentes, são medidas separadas. Recarga ABVE/Tupi ago/2026."
SP,CRUZEIRO,9.000000,12.000000,27.000000,15.000000,125.000000,0.009571,"Emplacamentos BEV/PHEV ABVE; frota ampla SENATRAN ago/2026 e indicadores IBGE 2022, quando presentes, são medidas separadas. Recarga ABVE/Tupi ago/2026."
PR,CORNELIO PROCOPIO,8.000000,16.000000,31.000000,15.000000,93.750000,0.009571,"Emplacamentos BEV/PHEV ABVE; frota ampla SENATRAN ago/2026 e indicadores IBGE 2022, quando presentes, são medidas separadas. Recarga ABVE/Tupi ago/2026."
PR,CASTRO,4.000000,10.000000,25.000000,15.000000,150.000000,0.009571,"Emplacamentos BEV/PHEV ABVE; frota ampla SENATRAN ago/2026 e indicadores IBGE 2022, quando presentes, são medidas separadas. Recarga ABVE/Tupi ago/2026."
GO,QUIRINOPOLIS,5.000000,5.000000,20.000000,15.000000,300.000000,0.009571,"Emplacamentos BEV/PHEV ABVE; frota ampla SENATRAN ago/2026 e indicadores IBGE 2022, quando presentes, são medidas separadas. Recarga ABVE/Tupi ago/2026."
PR,ASSIS CHATEAUBRIAND,3.000000,5.000000,20.000000,15.000000,300.000000,0.009571,"Emplacamentos BEV/PHEV ABVE; frota ampla SENATRAN ago/2026 e indicadores IBGE 2022, quando presentes, são medidas separadas. Recarga ABVE/Tupi ago/2026."
RS,FREDERICO WESTPHALEN,6.000000,9.000000,24.000000,15.000000,166.666667,0.009571,"Emplacamentos BEV/PHEV ABVE; frota ampla SENATRAN ago/2026 e indicadores IBGE 2022, quando presentes, são medidas separadas. Recarga ABVE/Tupi ago/2026."
SC,ARAQUARI,49.000000,69.000000,84.000000,15.000000,21.739130,0.009571,"Emplacamentos BEV/PHEV ABVE; frota ampla SENATRAN ago/2026 e indicadores IBGE 2022, quando presentes, são medidas separadas. Recarga ABVE/Tupi ago/2026."
SP,BRODOWSKI,2.000000,5.000000,20.000000,15.000000,300.000000,0.009571,"Emplacamentos BEV/PHEV ABVE; frota ampla SENATRAN ago/2026 e indicadores IBGE 2022, quando presentes, são medidas separadas. Recarga ABVE/Tupi ago/2026."
RS,PANAMBI,5.000000,4.000000,19.000000,15.000000,375.000000,0.009571,"Emplacamentos BEV/PHEV ABVE; frota ampla SENATRAN ago/2026 e indicadores IBGE 2022, quando presentes, são medidas separadas. Recarga ABVE/Tupi ago/2026."
SP,JAMBEIRO,2.000000,1.000000,16.000000,15.000000,1500.000000,0.009571,"Emplacamentos BEV/PHEV ABVE; frota ampla SENATRAN ago/2026 e indicadores IBGE 2022, quando presentes, são medidas separadas. Recarga ABVE/Tupi ago/2026."
RS,FELIZ,4.000000,0.000000,15.000000,15.000000,,0.009571,"Emplacamentos BEV/PHEV ABVE; frota ampla SENATRAN ago/2026 e indicadores IBGE 2022, quando presentes, são medidas separadas. Recarga ABVE/Tupi ago/2026."
SP,MONGAGUA,3.000000,7.000000,22.000000,15.000000,214.285714,0.009571,"Emplacamentos BEV/PHEV ABVE; frota ampla SENATRAN ago/2026 e indicadores IBGE 2022, quando presentes, são medidas separadas. Recarga ABVE/Tupi ago/2026."
SP,ADAMANTINA,6.000000,9.000000,24.000000,15.000000,166.666667,0.009571,"Emplacamentos BEV/PHEV ABVE; frota ampla SENATRAN ago/2026 e indicadores IBGE 2022, quando presentes, são medidas separadas. Recarga ABVE/Tupi ago/2026."
SP,AGUDOS,9.000000,13.000000,28.000000,15.000000,115.384615,0.009571,"Emplacamentos BEV/PHEV ABVE; frota ampla SENATRAN ago/2026 e indicadores IBGE 2022, quando presentes, são medidas separadas. Recarga ABVE/Tupi ago/2026."
AL,PENEDO,18.000000,15.000000,30.000000,15.000000,100.000000,0.009571,"Emplacamentos BEV/PHEV ABVE; frota ampla SENATRAN ago/2026 e indicadores IBGE 2022, quando presentes, são medidas separadas. Recarga ABVE/Tupi ago/2026."
SP,BARRA BONITA,12.000000,10.000000,25.000000,15.000000,150.000000,0.009571,"Emplacamentos BEV/PHEV ABVE; frota ampla SENATRAN ago/2026 e indicadores IBGE 2022, quando presentes, são medidas separadas. Recarga ABVE/Tupi ago/2026."
AL,SATUBA,2.000000,4.000000,19.000000,15.000000,375.000000,0.009571,"Emplacamentos BEV/PHEV ABVE; frota ampla SENATRAN ago/2026 e indicadores IBGE 2022, quando presentes, são medidas separadas. Recarga ABVE/Tupi ago/2026."
SP,LINS,19.000000,26.000000,40.000000,14.000000,53.846154,0.008933,"Emplacamentos BEV/PHEV ABVE; frota ampla SENATRAN ago/2026 e indicadores IBGE 2022, quando presentes, são medidas separadas. Recarga ABVE/Tupi ago/2026."
SC,GAROPABA,23.000000,34.000000,48.000000,14.000000,41.176471,0.008933,"Emplacamentos BEV/PHEV ABVE; frota ampla SENATRAN ago/2026 e indicadores IBGE 2022, quando presentes, são medidas separadas. Recarga ABVE/Tupi ago/2026."
SC,COCAL DO SUL,1.000000,3.000000,17.000000,14.000000,466.666667,0.008933,"Emplacamentos BEV/PHEV ABVE; frota ampla SENATRAN ago/2026 e indicadores IBGE 2022, quando presentes, são medidas separadas. Recarga ABVE/Tupi ago/2026."
PR,LARANJEIRAS DO SUL,2.000000,4.000000,18.000000,14.000000,350.000000,0.008933,"Emplacamentos BEV/PHEV ABVE; frota ampla SENATRAN ago/2026 e indicadores IBGE 2022, quando presentes, são medidas separadas. Recarga ABVE/Tupi ago/2026."
SC,CURITIBANOS,8.000000,5.000000,19.000000,14.000000,280.000000,0.008933,"Emplacamentos BEV/PHEV ABVE; frota ampla SENATRAN ago/2026 e indicadores IBGE 2022, quando presentes, são medidas separadas. Recarga ABVE/Tupi ago/2026."
RN,RIACHO DE SANTANA,0.000000,0.000000,14.000000,14.000000,,0.008933,"Emplacamentos BEV/PHEV ABVE; frota ampla SENATRAN ago/2026 e indicadores IBGE 2022, quando presentes, são medidas separadas. Recarga ABVE/Tupi ago/2026."
RS,CAMAQUA,5.000000,7.000000,21.000000,14.000000,200.000000,0.008933,"Emplacamentos BEV/PHEV ABVE; frota ampla SENATRAN ago/2026 e indicadores IBGE 2022, quando presentes, são medidas separadas. Recarga ABVE/Tupi ago/2026."
BA,LIVRAMENTO DE NOSSA SENHORA,0.000000,1.000000,15.000000,14.000000,1400.000000,0.008933,"Emplacamentos BEV/PHEV ABVE; frota ampla SENATRAN ago/2026 e indicadores IBGE 2022, quando presentes, são medidas separadas. Recarga ABVE/Tupi ago/2026."
ES,IBATIBA,1.000000,4.000000,18.000000,14.000000,350.000000,0.008933,"Emplacamentos BEV/PHEV ABVE; frota ampla SENATRAN ago/2026 e indicadores IBGE 2022, quando presentes, são medidas separadas. Recarga ABVE/Tupi ago/2026."
SE,ESTANCIA,4.000000,8.000000,22.000000,14.000000,175.000000,0.008933,"Emplacamentos BEV/PHEV ABVE; frota ampla SENATRAN ago/2026 e indicadores IBGE 2022, quando presentes, são medidas separadas. Recarga ABVE/Tupi ago/2026."
PB,CATOLE DO ROCHA,1.000000,1.000000,15.000000,14.000000,1400.000000,0.008933,"Emplacamentos BEV/PHEV ABVE; frota ampla SENATRAN ago/2026 e indicadores IBGE 2022, quando presentes, são medidas separadas. Recarga ABVE/Tupi ago/2026."
RJ,JAPERI,7.000000,6.000000,20.000000,14.000000,233.333333,0.008933,"Emplacamentos BEV/PHEV ABVE; frota ampla SENATRAN ago/2026 e indicadores IBGE 2022, quando presentes, são medidas separadas. Recarga ABVE/Tupi ago/2026."
PB,ESPERANCA,1.000000,5.000000,19.000000,14.000000,280.000000,0.008933,"Emplacamentos BEV/PHEV ABVE; frota ampla SENATRAN ago/2026 e indicadores IBGE 2022, quando presentes, são medidas separadas. Recarga ABVE/Tupi ago/2026."
SP,VARGEM,5.000000,2.000000,16.000000,14.000000,700.000000,0.008933,"Emplacamentos BEV/PHEV ABVE; frota ampla SENATRAN ago/2026 e indicadores IBGE 2022, quando presentes, são medidas separadas. Recarga ABVE/Tupi ago/2026."
CE,ARACATI,3.000000,5.000000,19.000000,14.000000,280.000000,0.008933,"Emplacamentos BEV/PHEV ABVE; frota ampla SENATRAN ago/2026 e indicadores IBGE 2022, quando presentes, são medidas separadas. Recarga ABVE/Tupi ago/2026."
SP,LORENA,6.000000,16.000000,30.000000,14.000000,87.500000,0.008933,"Emplacamentos BEV/PHEV ABVE; frota ampla SENATRAN ago/2026 e indicadores IBGE 2022, quando presentes, são medidas separadas. Recarga ABVE/Tupi ago/2026."
CE,HORIZONTE,8.000000,8.000000,22.000000,14.000000,175.000000,0.008933,"Emplacamentos BEV/PHEV ABVE; frota ampla SENATRAN ago/2026 e indicadores IBGE 2022, quando presentes, são medidas separadas. Recarga ABVE/Tupi ago/2026."
GO,IPORA,3.000000,2.000000,16.000000,14.000000,700.000000,0.008933,"Emplacamentos BEV/PHEV ABVE; frota ampla SENATRAN ago/2026 e indicadores IBGE 2022, quando presentes, são medidas separadas. Recarga ABVE/Tupi ago/2026."
PR,JACAREZINHO,4.000000,4.000000,18.000000,14.000000,350.000000,0.008933,"Emplacamentos BEV/PHEV ABVE; frota ampla SENATRAN ago/2026 e indicadores IBGE 2022, quando presentes, são medidas separadas. Recarga ABVE/Tupi ago/2026."
PR,MANDIRITUBA,6.000000,0.000000,14.000000,14.000000,,0.008933,"Emplacamentos BEV/PHEV ABVE; frota ampla SENATRAN ago/2026 e indicadores IBGE 2022, quando presentes, são medidas separadas. Recarga ABVE/Tupi ago/2026."
SP,SAO MANUEL,2.000000,6.000000,20.000000,14.000000,233.333333,0.008933,"Emplacamentos BEV/PHEV ABVE; frota ampla SENATRAN ago/2026 e indicadores IBGE 2022, quando presentes, são medidas separadas. Recarga ABVE/Tupi ago/2026."
SP,BARRINHA,2.000000,2.000000,16.000000,14.000000,700.000000,0.008933,"Emplacamentos BEV/PHEV ABVE; frota ampla SENATRAN ago/2026 e indicadores IBGE 2022, quando presentes, são medidas separadas. Recarga ABVE/Tupi ago/2026."
SE,SIMAO DIAS,3.000000,1.000000,15.000000,14.000000,1400.000000,0.008933,"Emplacamentos BEV/PHEV ABVE; frota ampla SENATRAN ago/2026 e indicadores IBGE 2022, quando presentes, são medidas separadas. Recarga ABVE/Tupi ago/2026."
SC,ILHOTA,5.000000,6.000000,20.000000,14.000000,233.333333,0.008933,"Emplacamentos BEV/PHEV ABVE; frota ampla SENATRAN ago/2026 e indicadores IBGE 2022, quando presentes, são medidas separadas. Recarga ABVE/Tupi ago/2026."
SC,BRACO DO NORTE,13.000000,16.000000,30.000000,14.000000,87.500000,0.008933,"Emplacamentos BEV/PHEV ABVE; frota ampla SENATRAN ago/2026 e indicadores IBGE 2022, quando presentes, são medidas separadas. Recarga ABVE/Tupi ago/2026."
PB,SAO BENTO,1.000000,2.000000,16.000000,14.000000,700.000000,0.008933,"Emplacamentos BEV/PHEV ABVE; frota ampla SENATRAN ago/2026 e indicadores IBGE 2022, quando presentes, são medidas separadas. Recarga ABVE/Tupi ago/2026."
RN,CEARA-MIRIM,7.000000,7.000000,21.000000,14.000000,200.000000,0.008933,"Emplacamentos BEV/PHEV ABVE; frota ampla SENATRAN ago/2026 e indicadores IBGE 2022, quando presentes, são medidas separadas. Recarga ABVE/Tupi ago/2026."
PR,CHOPINZINHO,1.000000,4.000000,17.000000,13.000000,325.000000,0.008295,"Emplacamentos BEV/PHEV ABVE; frota ampla SENATRAN ago/2026 e indicadores IBGE 2022, quando presentes, são medidas separadas. Recarga ABVE/Tupi ago/2026."
GO,JUSSARA,1.000000,0.000000,13.000000,13.000000,,0.008295,"Emplacamentos BEV/PHEV ABVE; frota ampla SENATRAN ago/2026 e indicadores IBGE 2022, quando presentes, são medidas separadas. Recarga ABVE/Tupi ago/2026."
PR,JANDAIA DO SUL,2.000000,4.000000,17.000000,13.000000,325.000000,0.008295,"Emplacamentos BEV/PHEV ABVE; frota ampla SENATRAN ago/2026 e indicadores IBGE 2022, quando presentes, são medidas separadas. Recarga ABVE/Tupi ago/2026."
SC,FRAIBURGO,4.000000,5.000000,18.000000,13.000000,260.000000,0.008295,"Emplacamentos BEV/PHEV ABVE; frota ampla SENATRAN ago/2026 e indicadores IBGE 2022, quando presentes, são medidas separadas. Recarga ABVE/Tupi ago/2026."
PR,CORONEL VIVIDA,2.000000,6.000000,19.000000,13.000000,216.666667,0.008295,"Emplacamentos BEV/PHEV ABVE; frota ampla SENATRAN ago/2026 e indicadores IBGE 2022, quando presentes, são medidas separadas. Recarga ABVE/Tupi ago/2026."
RS,ARROIO DOS RATOS,0.000000,0.000000,13.000000,13.000000,,0.008295,"Emplacamentos BEV/PHEV ABVE; frota ampla SENATRAN ago/2026 e indicadores IBGE 2022, quando presentes, são medidas separadas. Recarga ABVE/Tupi ago/2026."
PR,SERTANOPOLIS,3.000000,1.000000,14.000000,13.000000,1300.000000,0.008295,"Emplacamentos BEV/PHEV ABVE; frota ampla SENATRAN ago/2026 e indicadores IBGE 2022, quando presentes, são medidas separadas. Recarga ABVE/Tupi ago/2026."
SC,ITAPIRANGA,3.000000,1.000000,14.000000,13.000000,1300.000000,0.008295,"Emplacamentos BEV/PHEV ABVE; frota ampla SENATRAN ago/2026 e indicadores IBGE 2022, quando presentes, são medidas separadas. Recarga ABVE/Tupi ago/2026."
ES,CASTELO,8.000000,14.000000,27.000000,13.000000,92.857143,0.008295,"Emplacamentos BEV/PHEV ABVE; frota ampla SENATRAN ago/2026 e indicadores IBGE 2022, quando presentes, são medidas separadas. Recarga ABVE/Tupi ago/2026."
RJ,PARATY,10.000000,20.000000,33.000000,13.000000,65.000000,0.008295,"Emplacamentos BEV/PHEV ABVE; frota ampla SENATRAN ago/2026 e indicadores IBGE 2022, quando presentes, são medidas separadas. Recarga ABVE/Tupi ago/2026."
ES,FUNDAO,5.000000,6.000000,19.000000,13.000000,216.666667,0.008295,"Emplacamentos BEV/PHEV ABVE; frota ampla SENATRAN ago/2026 e indicadores IBGE 2022, quando presentes, são medidas separadas. Recarga ABVE/Tupi ago/2026."
RO,ROLIM DE MOURA,6.000000,11.000000,24.000000,13.000000,118.181818,0.008295,"Emplacamentos BEV/PHEV ABVE; frota ampla SENATRAN ago/2026 e indicadores IBGE 2022, quando presentes, são medidas separadas. Recarga ABVE/Tupi ago/2026."
RJ,PATY DO ALFERES,1.000000,7.000000,20.000000,13.000000,185.714286,0.008295,"Emplacamentos BEV/PHEV ABVE; frota ampla SENATRAN ago/2026 e indicadores IBGE 2022, quando presentes, são medidas separadas. Recarga ABVE/Tupi ago/2026."
SP,CEDRAL,4.000000,2.000000,15.000000,13.000000,650.000000,0.008295,"Emplacamentos BEV/PHEV ABVE; frota ampla SENATRAN ago/2026 e indicadores IBGE 2022, quando presentes, são medidas separadas. Recarga ABVE/Tupi ago/2026."
RS,VERA CRUZ,2.000000,2.000000,15.000000,13.000000,650.000000,0.008295,"Emplacamentos BEV/PHEV ABVE; frota ampla SENATRAN ago/2026 e indicadores IBGE 2022, quando presentes, são medidas separadas. Recarga ABVE/Tupi ago/2026."
BA,CONCEICAO DO COITE,10.000000,12.000000,25.000000,13.000000,108.333333,0.008295,"Emplacamentos BEV/PHEV ABVE; frota ampla SENATRAN ago/2026 e indicadores IBGE 2022, quando presentes, são medidas separadas. Recarga ABVE/Tupi ago/2026."
GO,MINEIROS,7.000000,22.000000,35.000000,13.000000,59.090909,0.008295,"Emplacamentos BEV/PHEV ABVE; frota ampla SENATRAN ago/2026 e indicadores IBGE 2022, quando presentes, são medidas separadas. Recarga ABVE/Tupi ago/2026."
SP,HOLAMBRA,11.000000,11.000000,24.000000,13.000000,118.181818,0.008295,"Emplacamentos BEV/PHEV ABVE; frota ampla SENATRAN ago/2026 e indicadores IBGE 2022, quando presentes, são medidas separadas. Recarga ABVE/Tupi ago/2026."
CE,MARANGUAPE,7.000000,9.000000,22.000000,13.000000,144.444444,0.008295,"Emplacamentos BEV/PHEV ABVE; frota ampla SENATRAN ago/2026 e indicadores IBGE 2022, quando presentes, são medidas separadas. Recarga ABVE/Tupi ago/2026."
GO,ARAGOIANIA,0.000000,1.000000,14.000000,13.000000,1300.000000,0.008295,"Emplacamentos BEV/PHEV ABVE; frota ampla SENATRAN ago/2026 e indicadores IBGE 2022, quando presentes, são medidas separadas. Recarga ABVE/Tupi ago/2026."
PE,BELO JARDIM,7.000000,11.000000,24.000000,13.000000,118.181818,0.008295,"Emplacamentos BEV/PHEV ABVE; frota ampla SENATRAN ago/2026 e indicadores IBGE 2022, quando presentes, são medidas separadas. Recarga ABVE/Tupi ago/2026."
RN,TOUROS,2.000000,2.000000,15.000000,13.000000,650.000000,0.008295,"Emplacamentos BEV/PHEV ABVE; frota ampla SENATRAN ago/2026 e indicadores IBGE 2022, quando presentes, são medidas separadas. Recarga ABVE/Tupi ago/2026."
BA,BARRA DO CHOCA,2.000000,3.000000,15.000000,12.000000,400.000000,0.007657,"Emplacamentos BEV/PHEV ABVE; frota ampla SENATRAN ago/2026 e indicadores IBGE 2022, quando presentes, são medidas separadas. Recarga ABVE/Tupi ago/2026."
SP,ITAI,5.000000,1.000000,13.000000,12.000000,1200.000000,0.007657,"Emplacamentos BEV/PHEV ABVE; frota ampla SENATRAN ago/2026 e indicadores IBGE 2022, quando presentes, são medidas separadas. Recarga ABVE/Tupi ago/2026."
CE,CRATEUS,5.000000,5.000000,17.000000,12.000000,240.000000,0.007657,"Emplacamentos BEV/PHEV ABVE; frota ampla SENATRAN ago/2026 e indicadores IBGE 2022, quando presentes, são medidas separadas. Recarga ABVE/Tupi ago/2026."
AC,BRASILEIA,2.000000,1.000000,13.000000,12.000000,1200.000000,0.007657,"Emplacamentos BEV/PHEV ABVE; frota ampla SENATRAN ago/2026 e indicadores IBGE 2022, quando presentes, são medidas separadas. Recarga ABVE/Tupi ago/2026."
RS,TAPEJARA,1.000000,9.000000,21.000000,12.000000,133.333333,0.007657,"Emplacamentos BEV/PHEV ABVE; frota ampla SENATRAN ago/2026 e indicadores IBGE 2022, quando presentes, são medidas separadas. Recarga ABVE/Tupi ago/2026."
RS,SERAFINA CORREA,1.000000,2.000000,14.000000,12.000000,600.000000,0.007657,"Emplacamentos BEV/PHEV ABVE; frota ampla SENATRAN ago/2026 e indicadores IBGE 2022, quando presentes, são medidas separadas. Recarga ABVE/Tupi ago/2026."
RJ,MIRACEMA,0.000000,2.000000,14.000000,12.000000,600.000000,0.007657,"Emplacamentos BEV/PHEV ABVE; frota ampla SENATRAN ago/2026 e indicadores IBGE 2022, quando presentes, são medidas separadas. Recarga ABVE/Tupi ago/2026."
SC,CANOINHAS,2.000000,9.000000,21.000000,12.000000,133.333333,0.007657,"Emplacamentos BEV/PHEV ABVE; frota ampla SENATRAN ago/2026 e indicadores IBGE 2022, quando presentes, são medidas separadas. Recarga ABVE/Tupi ago/2026."
PR,SAO MIGUEL DO IGUACU,5.000000,9.000000,21.000000,12.000000,133.333333,0.007657,"Emplacamentos BEV/PHEV ABVE; frota ampla SENATRAN ago/2026 e indicadores IBGE 2022, quando presentes, são medidas separadas. Recarga ABVE/Tupi ago/2026."
SC,SOMBRIO,5.000000,7.000000,19.000000,12.000000,171.428571,0.007657,"Emplacamentos BEV/PHEV ABVE; frota ampla SENATRAN ago/2026 e indicadores IBGE 2022, quando presentes, são medidas separadas. Recarga ABVE/Tupi ago/2026."
SP,PITANGUEIRAS,3.000000,4.000000,16.000000,12.000000,300.000000,0.007657,"Emplacamentos BEV/PHEV ABVE; frota ampla SENATRAN ago/2026 e indicadores IBGE 2022, quando presentes, são medidas separadas. Recarga ABVE/Tupi ago/2026."
SP,REGENTE FEIJO,0.000000,4.000000,16.000000,12.000000,300.000000,0.007657,"Emplacamentos BEV/PHEV ABVE; frota ampla SENATRAN ago/2026 e indicadores IBGE 2022, quando presentes, são medidas separadas. Recarga ABVE/Tupi ago/2026."
RJ,RIO CLARO,0.000000,2.000000,14.000000,12.000000,600.000000,0.007657,"Emplacamentos BEV/PHEV ABVE; frota ampla SENATRAN ago/2026 e indicadores IBGE 2022, quando presentes, são medidas separadas. Recarga ABVE/Tupi ago/2026."
PA,BRAGANCA,5.000000,2.000000,14.000000,12.000000,600.000000,0.007657,"Emplacamentos BEV/PHEV ABVE; frota ampla SENATRAN ago/2026 e indicadores IBGE 2022, quando presentes, são medidas separadas. Recarga ABVE/Tupi ago/2026."
AL,ATALAIA,0.000000,0.000000,12.000000,12.000000,,0.007657,"Emplacamentos BEV/PHEV ABVE; frota ampla SENATRAN ago/2026 e indicadores IBGE 2022, quando presentes, são medidas separadas. Recarga ABVE/Tupi ago/2026."
SP,SAO MIGUEL ARCANJO,3.000000,4.000000,16.000000,12.000000,300.000000,0.007657,"Emplacamentos BEV/PHEV ABVE; frota ampla SENATRAN ago/2026 e indicadores IBGE 2022, quando presentes, são medidas separadas. Recarga ABVE/Tupi ago/2026."
SP,SAO SIMAO,0.000000,1.000000,13.000000,12.000000,1200.000000,0.007657,"Emplacamentos BEV/PHEV ABVE; frota ampla SENATRAN ago/2026 e indicadores IBGE 2022, quando presentes, são medidas separadas. Recarga ABVE/Tupi ago/2026."
MG,PASSOS,5.000000,6.000000,18.000000,12.000000,200.000000,0.007657,"Emplacamentos BEV/PHEV ABVE; frota ampla SENATRAN ago/2026 e indicadores IBGE 2022, quando presentes, são medidas separadas. Recarga ABVE/Tupi ago/2026."
BA,BOM JESUS DA LAPA,2.000000,6.000000,18.000000,12.000000,200.000000,0.007657,"Emplacamentos BEV/PHEV ABVE; frota ampla SENATRAN ago/2026 e indicadores IBGE 2022, quando presentes, são medidas separadas. Recarga ABVE/Tupi ago/2026."
PR,BANDEIRANTES,4.000000,0.000000,12.000000,12.000000,,0.007657,"Emplacamentos BEV/PHEV ABVE; frota ampla SENATRAN ago/2026 e indicadores IBGE 2022, quando presentes, são medidas separadas. Recarga ABVE/Tupi ago/2026."
SC,SAO LUDGERO,9.000000,4.000000,16.000000,12.000000,300.000000,0.007657,"Emplacamentos BEV/PHEV ABVE; frota ampla SENATRAN ago/2026 e indicadores IBGE 2022, quando presentes, são medidas separadas. Recarga ABVE/Tupi ago/2026."
SC,SAO BENTO DO SUL,13.000000,46.000000,58.000000,12.000000,26.086957,0.007657,"Emplacamentos BEV/PHEV ABVE; frota ampla SENATRAN ago/2026 e indicadores IBGE 2022, quando presentes, são medidas separadas. Recarga ABVE/Tupi ago/2026."
SP,APARECIDA,4.000000,3.000000,15.000000,12.000000,400.000000,0.007657,"Emplacamentos BEV/PHEV ABVE; frota ampla SENATRAN ago/2026 e indicadores IBGE 2022, quando presentes, são medidas separadas. Recarga ABVE/Tupi ago/2026."
ES,NOVA VENECIA,11.000000,20.000000,32.000000,12.000000,60.000000,0.007657,"Emplacamentos BEV/PHEV ABVE; frota ampla SENATRAN ago/2026 e indicadores IBGE 2022, quando presentes, são medidas separadas. Recarga ABVE/Tupi ago/2026."
SP,PARAGUACU PAULISTA,3.000000,4.000000,16.000000,12.000000,300.000000,0.007657,"Emplacamentos BEV/PHEV ABVE; frota ampla SENATRAN ago/2026 e indicadores IBGE 2022, quando presentes, são medidas separadas. Recarga ABVE/Tupi ago/2026."
SP,SALTO DE PIRAPORA,13.000000,17.000000,29.000000,12.000000,70.588235,0.007657,"Emplacamentos BEV/PHEV ABVE; frota ampla SENATRAN ago/2026 e indicadores IBGE 2022, quando presentes, são medidas separadas. Recarga ABVE/Tupi ago/2026."
BA,ITABERABA,2.000000,3.000000,15.000000,12.000000,400.000000,0.007657,"Emplacamentos BEV/PHEV ABVE; frota ampla SENATRAN ago/2026 e indicadores IBGE 2022, quando presentes, são medidas separadas. Recarga ABVE/Tupi ago/2026."
CE,LIMOEIRO DO NORTE,2.000000,4.000000,16.000000,12.000000,300.000000,0.007657,"Emplacamentos BEV/PHEV ABVE; frota ampla SENATRAN ago/2026 e indicadores IBGE 2022, quando presentes, são medidas separadas. Recarga ABVE/Tupi ago/2026."
PE,GOIANA,2.000000,6.000000,18.000000,12.000000,200.000000,0.007657,"Emplacamentos BEV/PHEV ABVE; frota ampla SENATRAN ago/2026 e indicadores IBGE 2022, quando presentes, são medidas separadas. Recarga ABVE/Tupi ago/2026."
SP,CORDEIROPOLIS,9.000000,7.000000,19.000000,12.000000,171.428571,0.007657,"Emplacamentos BEV/PHEV ABVE; frota ampla SENATRAN ago/2026 e indicadores IBGE 2022, quando presentes, são medidas separadas. Recarga ABVE/Tupi ago/2026."
BA,POJUCA,0.000000,5.000000,16.000000,11.000000,220.000000,0.007019,"Emplacamentos BEV/PHEV ABVE; frota ampla SENATRAN ago/2026 e indicadores IBGE 2022, quando presentes, são medidas separadas. Recarga ABVE/Tupi ago/2026."
AL,CORURIPE,4.000000,6.000000,17.000000,11.000000,183.333333,0.007019,"Emplacamentos BEV/PHEV ABVE; frota ampla SENATRAN ago/2026 e indicadores IBGE 2022, quando presentes, são medidas separadas. Recarga ABVE/Tupi ago/2026."
MG,BOM DESPACHO,1.000000,0.000000,11.000000,11.000000,,0.007019,"Emplacamentos BEV/PHEV ABVE; frota ampla SENATRAN ago/2026 e indicadores IBGE 2022, quando presentes, são medidas separadas. Recarga ABVE/Tupi ago/2026."
MG,BARBACENA,13.000000,4.000000,15.000000,11.000000,275.000000,0.007019,"Emplacamentos BEV/PHEV ABVE; frota ampla SENATRAN ago/2026 e indicadores IBGE 2022, quando presentes, são medidas separadas. Recarga ABVE/Tupi ago/2026."
SP,SERRA NEGRA,7.000000,9.000000,20.000000,11.000000,122.222222,0.007019,"Emplacamentos BEV/PHEV ABVE; frota ampla SENATRAN ago/2026 e indicadores IBGE 2022, quando presentes, são medidas separadas. Recarga ABVE/Tupi ago/2026."
RJ,SAO FRANCISCO DE ITABAPOANA,0.000000,1.000000,12.000000,11.000000,1100.000000,0.007019,"Emplacamentos BEV/PHEV ABVE; frota ampla SENATRAN ago/2026 e indicadores IBGE 2022, quando presentes, são medidas separadas. Recarga ABVE/Tupi ago/2026."
CE,TAUA,0.000000,1.000000,12.000000,11.000000,1100.000000,0.007019,"Emplacamentos BEV/PHEV ABVE; frota ampla SENATRAN ago/2026 e indicadores IBGE 2022, quando presentes, são medidas separadas. Recarga ABVE/Tupi ago/2026."
SC,ORLEANS,2.000000,5.000000,16.000000,11.000000,220.000000,0.007019,"Emplacamentos BEV/PHEV ABVE; frota ampla SENATRAN ago/2026 e indicadores IBGE 2022, quando presentes, são medidas separadas. Recarga ABVE/Tupi ago/2026."
SP,ALVARES MACHADO,7.000000,19.000000,30.000000,11.000000,57.894737,0.007019,"Emplacamentos BEV/PHEV ABVE; frota ampla SENATRAN ago/2026 e indicadores IBGE 2022, quando presentes, são medidas separadas. Recarga ABVE/Tupi ago/2026."
SP,AMERICO BRASILIENSE,4.000000,3.000000,14.000000,11.000000,366.666667,0.007019,"Emplacamentos BEV/PHEV ABVE; frota ampla SENATRAN ago/2026 e indicadores IBGE 2022, quando presentes, são medidas separadas. Recarga ABVE/Tupi ago/2026."
SP,MORRO AGUDO,7.000000,6.000000,17.000000,11.000000,183.333333,0.007019,"Emplacamentos BEV/PHEV ABVE; frota ampla SENATRAN ago/2026 e indicadores IBGE 2022, quando presentes, são medidas separadas. Recarga ABVE/Tupi ago/2026."
SP,PARAIBUNA,2.000000,0.000000,11.000000,11.000000,,0.007019,"Emplacamentos BEV/PHEV ABVE; frota ampla SENATRAN ago/2026 e indicadores IBGE 2022, quando presentes, são medidas separadas. Recarga ABVE/Tupi ago/2026."
SP,SANTA FE DO SUL,15.000000,9.000000,20.000000,11.000000,122.222222,0.007019,"Emplacamentos BEV/PHEV ABVE; frota ampla SENATRAN ago/2026 e indicadores IBGE 2022, quando presentes, são medidas separadas. Recarga ABVE/Tupi ago/2026."
CE,RUSSAS,4.000000,4.000000,15.000000,11.000000,275.000000,0.007019,"Emplacamentos BEV/PHEV ABVE; frota ampla SENATRAN ago/2026 e indicadores IBGE 2022, quando presentes, são medidas separadas. Recarga ABVE/Tupi ago/2026."
PR,GUAIRA,5.000000,3.000000,14.000000,11.000000,366.666667,0.007019,"Emplacamentos BEV/PHEV ABVE; frota ampla SENATRAN ago/2026 e indicadores IBGE 2022, quando presentes, são medidas separadas. Recarga ABVE/Tupi ago/2026."
PR,CRUZEIRO DO OESTE,2.000000,2.000000,13.000000,11.000000,550.000000,0.007019,"Emplacamentos BEV/PHEV ABVE; frota ampla SENATRAN ago/2026 e indicadores IBGE 2022, quando presentes, são medidas separadas. Recarga ABVE/Tupi ago/2026."
BA,IPIRA,2.000000,5.000000,16.000000,11.000000,220.000000,0.007019,"Emplacamentos BEV/PHEV ABVE; frota ampla SENATRAN ago/2026 e indicadores IBGE 2022, quando presentes, são medidas separadas. Recarga ABVE/Tupi ago/2026."
PR,MORRETES,4.000000,2.000000,13.000000,11.000000,550.000000,0.007019,"Emplacamentos BEV/PHEV ABVE; frota ampla SENATRAN ago/2026 e indicadores IBGE 2022, quando presentes, são medidas separadas. Recarga ABVE/Tupi ago/2026."
ES,VENDA NOVA DO IMIGRANTE,5.000000,6.000000,17.000000,11.000000,183.333333,0.007019,"Emplacamentos BEV/PHEV ABVE; frota ampla SENATRAN ago/2026 e indicadores IBGE 2022, quando presentes, são medidas separadas. Recarga ABVE/Tupi ago/2026."
PE,BARREIROS,0.000000,3.000000,14.000000,11.000000,366.666667,0.007019,"Emplacamentos BEV/PHEV ABVE; frota ampla SENATRAN ago/2026 e indicadores IBGE 2022, quando presentes, são medidas separadas. Recarga ABVE/Tupi ago/2026."
SC,ANTONIO CARLOS,4.000000,5.000000,16.000000,11.000000,220.000000,0.007019,"Emplacamentos BEV/PHEV ABVE; frota ampla SENATRAN ago/2026 e indicadores IBGE 2022, quando presentes, são medidas separadas. Recarga ABVE/Tupi ago/2026."
SP,FERRAZ DE VASCONCELOS,14.000000,27.000000,38.000000,11.000000,40.740741,0.007019,"Emplacamentos BEV/PHEV ABVE; frota ampla SENATRAN ago/2026 e indicadores IBGE 2022, quando presentes, são medidas separadas. Recarga ABVE/Tupi ago/2026."
RS,VERANOPOLIS,8.000000,8.000000,19.000000,11.000000,137.500000,0.007019,"Emplacamentos BEV/PHEV ABVE; frota ampla SENATRAN ago/2026 e indicadores IBGE 2022, quando presentes, são medidas separadas. Recarga ABVE/Tupi ago/2026."
BA,VERA CRUZ,2.000000,5.000000,16.000000,11.000000,220.000000,0.007019,"Emplacamentos BEV/PHEV ABVE; frota ampla SENATRAN ago/2026 e indicadores IBGE 2022, quando presentes, são medidas separadas. Recarga ABVE/Tupi ago/2026."
GO,ITABERAI,2.000000,6.000000,17.000000,11.000000,183.333333,0.007019,"Emplacamentos BEV/PHEV ABVE; frota ampla SENATRAN ago/2026 e indicadores IBGE 2022, quando presentes, são medidas separadas. Recarga ABVE/Tupi ago/2026."
SP,FARTURA,2.000000,0.000000,11.000000,11.000000,,0.007019,"Emplacamentos BEV/PHEV ABVE; frota ampla SENATRAN ago/2026 e indicadores IBGE 2022, quando presentes, são medidas separadas. Recarga ABVE/Tupi ago/2026."
PI,PIRIPIRI,5.000000,4.000000,15.000000,11.000000,275.000000,0.007019,"Emplacamentos BEV/PHEV ABVE; frota ampla SENATRAN ago/2026 e indicadores IBGE 2022, quando presentes, são medidas separadas. Recarga ABVE/Tupi ago/2026."
BA,CRUZ DAS ALMAS,5.000000,5.000000,16.000000,11.000000,220.000000,0.007019,"Emplacamentos BEV/PHEV ABVE; frota ampla SENATRAN ago/2026 e indicadores IBGE 2022, quando presentes, são medidas separadas. Recarga ABVE/Tupi ago/2026."
GO,MORRINHOS,2.000000,8.000000,19.000000,11.000000,137.500000,0.007019,"Emplacamentos BEV/PHEV ABVE; frota ampla SENATRAN ago/2026 e indicadores IBGE 2022, quando presentes, são medidas separadas. Recarga ABVE/Tupi ago/2026."
TO,PARAISO DO TOCANTINS,7.000000,6.000000,17.000000,11.000000,183.333333,0.007019,"Emplacamentos BEV/PHEV ABVE; frota ampla SENATRAN ago/2026 e indicadores IBGE 2022, quando presentes, são medidas separadas. Recarga ABVE/Tupi ago/2026."
MG,BRUMADINHO,4.000000,4.000000,14.000000,10.000000,250.000000,0.006381,"Emplacamentos BEV/PHEV ABVE; frota ampla SENATRAN ago/2026 e indicadores IBGE 2022, quando presentes, são medidas separadas. Recarga ABVE/Tupi ago/2026."
RS,SAO FRANCISCO DE PAULA,3.000000,1.000000,11.000000,10.000000,1000.000000,0.006381,"Emplacamentos BEV/PHEV ABVE; frota ampla SENATRAN ago/2026 e indicadores IBGE 2022, quando presentes, são medidas separadas. Recarga ABVE/Tupi ago/2026."
MG,IGARAPE,3.000000,3.000000,13.000000,10.000000,333.333333,0.006381,"Emplacamentos BEV/PHEV ABVE; frota ampla SENATRAN ago/2026 e indicadores IBGE 2022, quando presentes, são medidas separadas. Recarga ABVE/Tupi ago/2026."
MG,GUANHAES,0.000000,1.000000,11.000000,10.000000,1000.000000,0.006381,"Emplacamentos BEV/PHEV ABVE; frota ampla SENATRAN ago/2026 e indicadores IBGE 2022, quando presentes, são medidas separadas. Recarga ABVE/Tupi ago/2026."
PA,TOME-ACU,2.000000,1.000000,11.000000,10.000000,1000.000000,0.006381,"Emplacamentos BEV/PHEV ABVE; frota ampla SENATRAN ago/2026 e indicadores IBGE 2022, quando presentes, são medidas separadas. Recarga ABVE/Tupi ago/2026."
RJ,CACHOEIRAS DE MACACU,8.000000,5.000000,15.000000,10.000000,200.000000,0.006381,"Emplacamentos BEV/PHEV ABVE; frota ampla SENATRAN ago/2026 e indicadores IBGE 2022, quando presentes, são medidas separadas. Recarga ABVE/Tupi ago/2026."
ES,SAO GABRIEL DA PALHA,3.000000,5.000000,15.000000,10.000000,200.000000,0.006381,"Emplacamentos BEV/PHEV ABVE; frota ampla SENATRAN ago/2026 e indicadores IBGE 2022, quando presentes, são medidas separadas. Recarga ABVE/Tupi ago/2026."
SP,PINDORAMA,3.000000,1.000000,11.000000,10.000000,1000.000000,0.006381,"Emplacamentos BEV/PHEV ABVE; frota ampla SENATRAN ago/2026 e indicadores IBGE 2022, quando presentes, são medidas separadas. Recarga ABVE/Tupi ago/2026."
RJ,MIGUEL PEREIRA,4.000000,12.000000,22.000000,10.000000,83.333333,0.006381,"Emplacamentos BEV/PHEV ABVE; frota ampla SENATRAN ago/2026 e indicadores IBGE 2022, quando presentes, são medidas separadas. Recarga ABVE/Tupi ago/2026."
ES,IUNA,1.000000,3.000000,13.000000,10.000000,333.333333,0.006381,"Emplacamentos BEV/PHEV ABVE; frota ampla SENATRAN ago/2026 e indicadores IBGE 2022, quando presentes, são medidas separadas. Recarga ABVE/Tupi ago/2026."
SC,PINHALZINHO,4.000000,6.000000,16.000000,10.000000,166.666667,0.006381,"Emplacamentos BEV/PHEV ABVE; frota ampla SENATRAN ago/2026 e indicadores IBGE 2022, quando presentes, são medidas separadas. Recarga ABVE/Tupi ago/2026."
SC,SAO PEDRO DE ALCANTARA,2.000000,4.000000,14.000000,10.000000,250.000000,0.006381,"Emplacamentos BEV/PHEV ABVE; frota ampla SENATRAN ago/2026 e indicadores IBGE 2022, quando presentes, são medidas separadas. Recarga ABVE/Tupi ago/2026."
ES,JAGUARE,2.000000,3.000000,13.000000,10.000000,333.333333,0.006381,"Emplacamentos BEV/PHEV ABVE; frota ampla SENATRAN ago/2026 e indicadores IBGE 2022, quando presentes, são medidas separadas. Recarga ABVE/Tupi ago/2026."
ES,GUACUI,4.000000,8.000000,18.000000,10.000000,125.000000,0.006381,"Emplacamentos BEV/PHEV ABVE; frota ampla SENATRAN ago/2026 e indicadores IBGE 2022, quando presentes, são medidas separadas. Recarga ABVE/Tupi ago/2026."
SP,BIRITIBA MIRIM,4.000000,0.000000,10.000000,10.000000,,0.006381,"Emplacamentos BEV/PHEV ABVE; frota ampla SENATRAN ago/2026 e indicadores IBGE 2022, quando presentes, são medidas separadas. Recarga ABVE/Tupi ago/2026."
PR,MARIALVA,11.000000,22.000000,32.000000,10.000000,45.454545,0.006381,"Emplacamentos BEV/PHEV ABVE; frota ampla SENATRAN ago/2026 e indicadores IBGE 2022, quando presentes, são medidas separadas. Recarga ABVE/Tupi ago/2026."
SP,CASTILHO,1.000000,1.000000,11.000000,10.000000,1000.000000,0.006381,"Emplacamentos BEV/PHEV ABVE; frota ampla SENATRAN ago/2026 e indicadores IBGE 2022, quando presentes, são medidas separadas. Recarga ABVE/Tupi ago/2026."
GO,GUAPO,3.000000,2.000000,12.000000,10.000000,500.000000,0.006381,"Emplacamentos BEV/PHEV ABVE; frota ampla SENATRAN ago/2026 e indicadores IBGE 2022, quando presentes, são medidas separadas. Recarga ABVE/Tupi ago/2026."
SP,CAPAO BONITO,6.000000,3.000000,13.000000,10.000000,333.333333,0.006381,"Emplacamentos BEV/PHEV ABVE; frota ampla SENATRAN ago/2026 e indicadores IBGE 2022, quando presentes, são medidas separadas. Recarga ABVE/Tupi ago/2026."
BA,IBICUI,0.000000,0.000000,10.000000,10.000000,,0.006381,"Emplacamentos BEV/PHEV ABVE; frota ampla SENATRAN ago/2026 e indicadores IBGE 2022, quando presentes, são medidas separadas. Recarga ABVE/Tupi ago/2026."
PR,ASTORGA,4.000000,2.000000,12.000000,10.000000,500.000000,0.006381,"Emplacamentos BEV/PHEV ABVE; frota ampla SENATRAN ago/2026 e indicadores IBGE 2022, quando presentes, são medidas separadas. Recarga ABVE/Tupi ago/2026."
RS,DOM PEDRITO,0.000000,1.000000,11.000000,10.000000,1000.000000,0.006381,"Emplacamentos BEV/PHEV ABVE; frota ampla SENATRAN ago/2026 e indicadores IBGE 2022, quando presentes, são medidas separadas. Recarga ABVE/Tupi ago/2026."
RS,TRES COROAS,3.000000,1.000000,11.000000,10.000000,1000.000000,0.006381,"Emplacamentos BEV/PHEV ABVE; frota ampla SENATRAN ago/2026 e indicadores IBGE 2022, quando presentes, são medidas separadas. Recarga ABVE/Tupi ago/2026."
MG,TEOFILO OTONI,2.000000,2.000000,12.000000,10.000000,500.000000,0.006381,"Emplacamentos BEV/PHEV ABVE; frota ampla SENATRAN ago/2026 e indicadores IBGE 2022, quando presentes, são medidas separadas. Recarga ABVE/Tupi ago/2026."
RS,ROLANTE,3.000000,3.000000,13.000000,10.000000,333.333333,0.006381,"Emplacamentos BEV/PHEV ABVE; frota ampla SENATRAN ago/2026 e indicadores IBGE 2022, quando presentes, são medidas separadas. Recarga ABVE/Tupi ago/2026."
SP,TAMBAU,1.000000,0.000000,10.000000,10.000000,,0.006381,"Emplacamentos BEV/PHEV ABVE; frota ampla SENATRAN ago/2026 e indicadores IBGE 2022, quando presentes, são medidas separadas. Recarga ABVE/Tupi ago/2026."
RS,RIO PARDO,0.000000,2.000000,12.000000,10.000000,500.000000,0.006381,"Emplacamentos BEV/PHEV ABVE; frota ampla SENATRAN ago/2026 e indicadores IBGE 2022, quando presentes, são medidas separadas. Recarga ABVE/Tupi ago/2026."
CE,BREJO SANTO,0.000000,1.000000,11.000000,10.000000,1000.000000,0.006381,"Emplacamentos BEV/PHEV ABVE; frota ampla SENATRAN ago/2026 e indicadores IBGE 2022, quando presentes, são medidas separadas. Recarga ABVE/Tupi ago/2026."
BA,VALENCA,1.000000,4.000000,14.000000,10.000000,250.000000,0.006381,"Emplacamentos BEV/PHEV ABVE; frota ampla SENATRAN ago/2026 e indicadores IBGE 2022, quando presentes, são medidas separadas. Recarga ABVE/Tupi ago/2026."
RO,OURO PRETO DO OESTE,2.000000,2.000000,12.000000,10.000000,500.000000,0.006381,"Emplacamentos BEV/PHEV ABVE; frota ampla SENATRAN ago/2026 e indicadores IBGE 2022, quando presentes, são medidas separadas. Recarga ABVE/Tupi ago/2026."
MT,CHAPADA DOS GUIMARAES,3.000000,9.000000,19.000000,10.000000,111.111111,0.006381,"Emplacamentos BEV/PHEV ABVE; frota ampla SENATRAN ago/2026 e indicadores IBGE 2022, quando presentes, são medidas separadas. Recarga ABVE/Tupi ago/2026."
MT,ARENAPOLIS,2.000000,1.000000,11.000000,10.000000,1000.000000,0.006381,"Emplacamentos BEV/PHEV ABVE; frota ampla SENATRAN ago/2026 e indicadores IBGE 2022, quando presentes, são medidas separadas. Recarga ABVE/Tupi ago/2026."
SC,CORUPA,0.000000,3.000000,13.000000,10.000000,333.333333,0.006381,"Emplacamentos BEV/PHEV ABVE; frota ampla SENATRAN ago/2026 e indicadores IBGE 2022, quando presentes, são medidas separadas. Recarga ABVE/Tupi ago/2026."
MT,JACIARA,4.000000,1.000000,11.000000,10.000000,1000.000000,0.006381,"Emplacamentos BEV/PHEV ABVE; frota ampla SENATRAN ago/2026 e indicadores IBGE 2022, quando presentes, são medidas separadas. Recarga ABVE/Tupi ago/2026."
RS,ANTONIO PRADO,3.000000,3.000000,13.000000,10.000000,333.333333,0.006381,"Emplacamentos BEV/PHEV ABVE; frota ampla SENATRAN ago/2026 e indicadores IBGE 2022, quando presentes, são medidas separadas. Recarga ABVE/Tupi ago/2026."
MA,CHAPADINHA,0.000000,1.000000,11.000000,10.000000,1000.000000,0.006381,"Emplacamentos BEV/PHEV ABVE; frota ampla SENATRAN ago/2026 e indicadores IBGE 2022, quando presentes, são medidas separadas. Recarga ABVE/Tupi ago/2026."
SP,PRESIDENTE VENCESLAU,4.000000,6.000000,16.000000,10.000000,166.666667,0.006381,"Emplacamentos BEV/PHEV ABVE; frota ampla SENATRAN ago/2026 e indicadores IBGE 2022, quando presentes, são medidas separadas. Recarga ABVE/Tupi ago/2026."
CE,ITAPAJE,1.000000,1.000000,11.000000,10.000000,1000.000000,0.006381,"Emplacamentos BEV/PHEV ABVE; frota ampla SENATRAN ago/2026 e indicadores IBGE 2022, quando presentes, são medidas separadas. Recarga ABVE/Tupi ago/2026."
SC,BALNEARIO ARROIO DO SILVA,1.000000,5.000000,15.000000,10.000000,200.000000,0.006381,"Emplacamentos BEV/PHEV ABVE; frota ampla SENATRAN ago/2026 e indicadores IBGE 2022, quando presentes, são medidas separadas. Recarga ABVE/Tupi ago/2026."
MG,TRES CORACOES,4.000000,1.000000,11.000000,10.000000,1000.000000,0.006381,"Emplacamentos BEV/PHEV ABVE; frota ampla SENATRAN ago/2026 e indicadores IBGE 2022, quando presentes, são medidas separadas. Recarga ABVE/Tupi ago/2026."
MG,CONFINS,2.000000,3.000000,12.000000,9.000000,300.000000,0.005743,"Emplacamentos BEV/PHEV ABVE; frota ampla SENATRAN ago/2026 e indicadores IBGE 2022, quando presentes, são medidas separadas. Recarga ABVE/Tupi ago/2026."
AL,PIRANHAS,3.000000,1.000000,10.000000,9.000000,900.000000,0.005743,"Emplacamentos BEV/PHEV ABVE; frota ampla SENATRAN ago/2026 e indicadores IBGE 2022, quando presentes, são medidas separadas. Recarga ABVE/Tupi ago/2026."
CE,QUIXERAMOBIM,6.000000,8.000000,17.000000,9.000000,112.500000,0.005743,"Emplacamentos BEV/PHEV ABVE; frota ampla SENATRAN ago/2026 e indicadores IBGE 2022, quando presentes, são medidas separadas. Recarga ABVE/Tupi ago/2026."
SC,MORRO DA FUMACA,3.000000,10.000000,19.000000,9.000000,90.000000,0.005743,"Emplacamentos BEV/PHEV ABVE; frota ampla SENATRAN ago/2026 e indicadores IBGE 2022, quando presentes, são medidas separadas. Recarga ABVE/Tupi ago/2026."
SC,LUIZ ALVES,3.000000,2.000000,11.000000,9.000000,450.000000,0.005743,"Emplacamentos BEV/PHEV ABVE; frota ampla SENATRAN ago/2026 e indicadores IBGE 2022, quando presentes, são medidas separadas. Recarga ABVE/Tupi ago/2026."
MG,VESPASIANO,6.000000,10.000000,19.000000,9.000000,90.000000,0.005743,"Emplacamentos BEV/PHEV ABVE; frota ampla SENATRAN ago/2026 e indicadores IBGE 2022, quando presentes, são medidas separadas. Recarga ABVE/Tupi ago/2026."
BA,CICERO DANTAS,0.000000,1.000000,10.000000,9.000000,900.000000,0.005743,"Emplacamentos BEV/PHEV ABVE; frota ampla SENATRAN ago/2026 e indicadores IBGE 2022, quando presentes, são medidas separadas. Recarga ABVE/Tupi ago/2026."
GO,GOIATUBA,6.000000,7.000000,16.000000,9.000000,128.571429,0.005743,"Emplacamentos BEV/PHEV ABVE; frota ampla SENATRAN ago/2026 e indicadores IBGE 2022, quando presentes, são medidas separadas. Recarga ABVE/Tupi ago/2026."
PI,JOSE DE FREITAS,1.000000,0.000000,9.000000,9.000000,,0.005743,"Emplacamentos BEV/PHEV ABVE; frota ampla SENATRAN ago/2026 e indicadores IBGE 2022, quando presentes, são medidas separadas. Recarga ABVE/Tupi ago/2026."
MA,RAPOSA,4.000000,5.000000,14.000000,9.000000,180.000000,0.005743,"Emplacamentos BEV/PHEV ABVE; frota ampla SENATRAN ago/2026 e indicadores IBGE 2022, quando presentes, são medidas separadas. Recarga ABVE/Tupi ago/2026."
SP,ILHA SOLTEIRA,4.000000,4.000000,13.000000,9.000000,225.000000,0.005743,"Emplacamentos BEV/PHEV ABVE; frota ampla SENATRAN ago/2026 e indicadores IBGE 2022, quando presentes, são medidas separadas. Recarga ABVE/Tupi ago/2026."
RS,SANTO CRISTO,2.000000,1.000000,10.000000,9.000000,900.000000,0.005743,"Emplacamentos BEV/PHEV ABVE; frota ampla SENATRAN ago/2026 e indicadores IBGE 2022, quando presentes, são medidas separadas. Recarga ABVE/Tupi ago/2026."
SP,IBATE,4.000000,1.000000,10.000000,9.000000,900.000000,0.005743,"Emplacamentos BEV/PHEV ABVE; frota ampla SENATRAN ago/2026 e indicadores IBGE 2022, quando presentes, são medidas separadas. Recarga ABVE/Tupi ago/2026."
RS,MORRO REUTER,1.000000,3.000000,12.000000,9.000000,300.000000,0.005743,"Emplacamentos BEV/PHEV ABVE; frota ampla SENATRAN ago/2026 e indicadores IBGE 2022, quando presentes, são medidas separadas. Recarga ABVE/Tupi ago/2026."
RS,SOLEDADE,2.000000,5.000000,14.000000,9.000000,180.000000,0.005743,"Emplacamentos BEV/PHEV ABVE; frota ampla SENATRAN ago/2026 e indicadores IBGE 2022, quando presentes, são medidas separadas. Recarga ABVE/Tupi ago/2026."
MG,SARZEDO,2.000000,2.000000,11.000000,9.000000,450.000000,0.005743,"Emplacamentos BEV/PHEV ABVE; frota ampla SENATRAN ago/2026 e indicadores IBGE 2022, quando presentes, são medidas separadas. Recarga ABVE/Tupi ago/2026."
SP,VARGEM GRANDE DO SUL,3.000000,3.000000,12.000000,9.000000,300.000000,0.005743,"Emplacamentos BEV/PHEV ABVE; frota ampla SENATRAN ago/2026 e indicadores IBGE 2022, quando presentes, são medidas separadas. Recarga ABVE/Tupi ago/2026."
SP,SANTA CRUZ DO RIO PARDO,1.000000,5.000000,14.000000,9.000000,180.000000,0.005743,"Emplacamentos BEV/PHEV ABVE; frota ampla SENATRAN ago/2026 e indicadores IBGE 2022, quando presentes, são medidas separadas. Recarga ABVE/Tupi ago/2026."
PA,BENEVIDES,8.000000,2.000000,11.000000,9.000000,450.000000,0.005743,"Emplacamentos BEV/PHEV ABVE; frota ampla SENATRAN ago/2026 e indicadores IBGE 2022, quando presentes, são medidas separadas. Recarga ABVE/Tupi ago/2026."
ES,ITARANA,3.000000,0.000000,9.000000,9.000000,,0.005743,"Emplacamentos BEV/PHEV ABVE; frota ampla SENATRAN ago/2026 e indicadores IBGE 2022, quando presentes, são medidas separadas. Recarga ABVE/Tupi ago/2026."
SC,LONTRAS,4.000000,5.000000,14.000000,9.000000,180.000000,0.005743,"Emplacamentos BEV/PHEV ABVE; frota ampla SENATRAN ago/2026 e indicadores IBGE 2022, quando presentes, são medidas separadas. Recarga ABVE/Tupi ago/2026."
PR,PAICANDU,1.000000,3.000000,12.000000,9.000000,300.000000,0.005743,"Emplacamentos BEV/PHEV ABVE; frota ampla SENATRAN ago/2026 e indicadores IBGE 2022, quando presentes, são medidas separadas. Recarga ABVE/Tupi ago/2026."
RS,VALE REAL,2.000000,0.000000,9.000000,9.000000,,0.005743,"Emplacamentos BEV/PHEV ABVE; frota ampla SENATRAN ago/2026 e indicadores IBGE 2022, quando presentes, são medidas separadas. Recarga ABVE/Tupi ago/2026."
SP,SANTO ANTONIO DE POSSE,5.000000,5.000000,14.000000,9.000000,180.000000,0.005743,"Emplacamentos BEV/PHEV ABVE; frota ampla SENATRAN ago/2026 e indicadores IBGE 2022, quando presentes, são medidas separadas. Recarga ABVE/Tupi ago/2026."
RS,GETULIO VARGAS,2.000000,4.000000,13.000000,9.000000,225.000000,0.005743,"Emplacamentos BEV/PHEV ABVE; frota ampla SENATRAN ago/2026 e indicadores IBGE 2022, quando presentes, são medidas separadas. Recarga ABVE/Tupi ago/2026."
RS,ARROIO DO SAL,1.000000,1.000000,10.000000,9.000000,900.000000,0.005743,"Emplacamentos BEV/PHEV ABVE; frota ampla SENATRAN ago/2026 e indicadores IBGE 2022, quando presentes, são medidas separadas. Recarga ABVE/Tupi ago/2026."
SP,POMPEIA,9.000000,6.000000,15.000000,9.000000,150.000000,0.005743,"Emplacamentos BEV/PHEV ABVE; frota ampla SENATRAN ago/2026 e indicadores IBGE 2022, quando presentes, são medidas separadas. Recarga ABVE/Tupi ago/2026."
RN,CANGUARETAMA,0.000000,0.000000,9.000000,9.000000,,0.005743,"Emplacamentos BEV/PHEV ABVE; frota ampla SENATRAN ago/2026 e indicadores IBGE 2022, quando presentes, são medidas separadas. Recarga ABVE/Tupi ago/2026."
RN,JOAO CAMARA,1.000000,0.000000,9.000000,9.000000,,0.005743,"Emplacamentos BEV/PHEV ABVE; frota ampla SENATRAN ago/2026 e indicadores IBGE 2022, quando presentes, são medidas separadas. Recarga ABVE/Tupi ago/2026."
SC,TAIO,5.000000,2.000000,11.000000,9.000000,450.000000,0.005743,"Emplacamentos BEV/PHEV ABVE; frota ampla SENATRAN ago/2026 e indicadores IBGE 2022, quando presentes, são medidas separadas. Recarga ABVE/Tupi ago/2026."
ES,JOAO NEIVA,2.000000,4.000000,13.000000,9.000000,225.000000,0.005743,"Emplacamentos BEV/PHEV ABVE; frota ampla SENATRAN ago/2026 e indicadores IBGE 2022, quando presentes, são medidas separadas. Recarga ABVE/Tupi ago/2026."
SP,AGUAS DE SAO PEDRO,3.000000,1.000000,10.000000,9.000000,900.000000,0.005743,"Emplacamentos BEV/PHEV ABVE; frota ampla SENATRAN ago/2026 e indicadores IBGE 2022, quando presentes, são medidas separadas. Recarga ABVE/Tupi ago/2026."
ES,RIO NOVO DO SUL,2.000000,1.000000,10.000000,9.000000,900.000000,0.005743,"Emplacamentos BEV/PHEV ABVE; frota ampla SENATRAN ago/2026 e indicadores IBGE 2022, quando presentes, são medidas separadas. Recarga ABVE/Tupi ago/2026."
ES,SANTA TERESA,6.000000,5.000000,14.000000,9.000000,180.000000,0.005743,"Emplacamentos BEV/PHEV ABVE; frota ampla SENATRAN ago/2026 e indicadores IBGE 2022, quando presentes, são medidas separadas. Recarga ABVE/Tupi ago/2026."
ES,DOMINGOS MARTINS,3.000000,12.000000,21.000000,9.000000,75.000000,0.005743,"Emplacamentos BEV/PHEV ABVE; frota ampla SENATRAN ago/2026 e indicadores IBGE 2022, quando presentes, são medidas separadas. Recarga ABVE/Tupi ago/2026."
ES,PRESIDENTE KENNEDY,2.000000,3.000000,12.000000,9.000000,300.000000,0.005743,"Emplacamentos BEV/PHEV ABVE; frota ampla SENATRAN ago/2026 e indicadores IBGE 2022, quando presentes, são medidas separadas. Recarga ABVE/Tupi ago/2026."
SP,MIRANDOPOLIS,4.000000,5.000000,14.000000,9.000000,180.000000,0.005743,"Emplacamentos BEV/PHEV ABVE; frota ampla SENATRAN ago/2026 e indicadores IBGE 2022, quando presentes, são medidas separadas. Recarga ABVE/Tupi ago/2026."
SP,CANDIDO MOTA,1.000000,3.000000,12.000000,9.000000,300.000000,0.005743,"Emplacamentos BEV/PHEV ABVE; frota ampla SENATRAN ago/2026 e indicadores IBGE 2022, quando presentes, são medidas separadas. Recarga ABVE/Tupi ago/2026."
PR,SANTA HELENA,1.000000,1.000000,10.000000,9.000000,900.000000,0.005743,"Emplacamentos BEV/PHEV ABVE; frota ampla SENATRAN ago/2026 e indicadores IBGE 2022, quando presentes, são medidas separadas. Recarga ABVE/Tupi ago/2026."
SP,BASTOS,1.000000,2.000000,11.000000,9.000000,450.000000,0.005743,"Emplacamentos BEV/PHEV ABVE; frota ampla SENATRAN ago/2026 e indicadores IBGE 2022, quando presentes, são medidas separadas. Recarga ABVE/Tupi ago/2026."
PE,BREJO DA MADRE DE DEUS,2.000000,2.000000,11.000000,9.000000,450.000000,0.005743,"Emplacamentos BEV/PHEV ABVE; frota ampla SENATRAN ago/2026 e indicadores IBGE 2022, quando presentes, são medidas separadas. Recarga ABVE/Tupi ago/2026."
GO,HIDROLANDIA,3.000000,16.000000,25.000000,9.000000,56.250000,0.005743,"Emplacamentos BEV/PHEV ABVE; frota ampla SENATRAN ago/2026 e indicadores IBGE 2022, quando presentes, são medidas separadas. Recarga ABVE/Tupi ago/2026."
PR,SANTA TEREZA DO OESTE,2.000000,1.000000,10.000000,9.000000,900.000000,0.005743,"Emplacamentos BEV/PHEV ABVE; frota ampla SENATRAN ago/2026 e indicadores IBGE 2022, quando presentes, são medidas separadas. Recarga ABVE/Tupi ago/2026."
PR,CORBELIA,3.000000,1.000000,10.000000,9.000000,900.000000,0.005743,"Emplacamentos BEV/PHEV ABVE; frota ampla SENATRAN ago/2026 e indicadores IBGE 2022, quando presentes, são medidas separadas. Recarga ABVE/Tupi ago/2026."
MG,DIVINOLANDIA DE MINAS,0.000000,0.000000,8.000000,8.000000,,0.005105,"Emplacamentos BEV/PHEV ABVE; frota ampla SENATRAN ago/2026 e indicadores IBGE 2022, quando presentes, são medidas separadas. Recarga ABVE/Tupi ago/2026."
SP,DOIS CORREGOS,10.000000,2.000000,10.000000,8.000000,400.000000,0.005105,"Emplacamentos BEV/PHEV ABVE; frota ampla SENATRAN ago/2026 e indicadores IBGE 2022, quando presentes, são medidas separadas. Recarga ABVE/Tupi ago/2026."
BA,ENTRE RIOS,1.000000,2.000000,10.000000,8.000000,400.000000,0.005105,"Emplacamentos BEV/PHEV ABVE; frota ampla SENATRAN ago/2026 e indicadores IBGE 2022, quando presentes, são medidas separadas. Recarga ABVE/Tupi ago/2026."
SP,JOANOPOLIS,0.000000,2.000000,10.000000,8.000000,400.000000,0.005105,"Emplacamentos BEV/PHEV ABVE; frota ampla SENATRAN ago/2026 e indicadores IBGE 2022, quando presentes, são medidas separadas. Recarga ABVE/Tupi ago/2026."
PI,PIRACURUCA,2.000000,3.000000,11.000000,8.000000,266.666667,0.005105,"Emplacamentos BEV/PHEV ABVE; frota ampla SENATRAN ago/2026 e indicadores IBGE 2022, quando presentes, são medidas separadas. Recarga ABVE/Tupi ago/2026."
PI,LUIS CORREIA,4.000000,1.000000,9.000000,8.000000,800.000000,0.005105,"Emplacamentos BEV/PHEV ABVE; frota ampla SENATRAN ago/2026 e indicadores IBGE 2022, quando presentes, são medidas separadas. Recarga ABVE/Tupi ago/2026."
RS,SANTA MARIA DO HERVAL,0.000000,1.000000,9.000000,8.000000,800.000000,0.005105,"Emplacamentos BEV/PHEV ABVE; frota ampla SENATRAN ago/2026 e indicadores IBGE 2022, quando presentes, são medidas separadas. Recarga ABVE/Tupi ago/2026."
RS,SANTO AUGUSTO,0.000000,0.000000,8.000000,8.000000,,0.005105,"Emplacamentos BEV/PHEV ABVE; frota ampla SENATRAN ago/2026 e indicadores IBGE 2022, quando presentes, são medidas separadas. Recarga ABVE/Tupi ago/2026."
TO,COLINAS DO TOCANTINS,1.000000,0.000000,8.000000,8.000000,,0.005105,"Emplacamentos BEV/PHEV ABVE; frota ampla SENATRAN ago/2026 e indicadores IBGE 2022, quando presentes, são medidas separadas. Recarga ABVE/Tupi ago/2026."
BA,ITIUBA,0.000000,0.000000,8.000000,8.000000,,0.005105,"Emplacamentos BEV/PHEV ABVE; frota ampla SENATRAN ago/2026 e indicadores IBGE 2022, quando presentes, são medidas separadas. Recarga ABVE/Tupi ago/2026."
RJ,CORDEIRO,0.000000,0.000000,8.000000,8.000000,,0.005105,"Emplacamentos BEV/PHEV ABVE; frota ampla SENATRAN ago/2026 e indicadores IBGE 2022, quando presentes, são medidas separadas. Recarga ABVE/Tupi ago/2026."
PB,POMBAL,0.000000,0.000000,8.000000,8.000000,,0.005105,"Emplacamentos BEV/PHEV ABVE; frota ampla SENATRAN ago/2026 e indicadores IBGE 2022, quando presentes, são medidas separadas. Recarga ABVE/Tupi ago/2026."
PB,PITIMBU,0.000000,1.000000,9.000000,8.000000,800.000000,0.005105,"Emplacamentos BEV/PHEV ABVE; frota ampla SENATRAN ago/2026 e indicadores IBGE 2022, quando presentes, são medidas separadas. Recarga ABVE/Tupi ago/2026."
AL,TEOTONIO VILELA,0.000000,7.000000,15.000000,8.000000,114.285714,0.005105,"Emplacamentos BEV/PHEV ABVE; frota ampla SENATRAN ago/2026 e indicadores IBGE 2022, quando presentes, são medidas separadas. Recarga ABVE/Tupi ago/2026."
SC,SANGAO,2.000000,2.000000,10.000000,8.000000,400.000000,0.005105,"Emplacamentos BEV/PHEV ABVE; frota ampla SENATRAN ago/2026 e indicadores IBGE 2022, quando presentes, são medidas separadas. Recarga ABVE/Tupi ago/2026."
SP,PENAPOLIS,14.000000,17.000000,25.000000,8.000000,47.058824,0.005105,"Emplacamentos BEV/PHEV ABVE; frota ampla SENATRAN ago/2026 e indicadores IBGE 2022, quando presentes, são medidas separadas. Recarga ABVE/Tupi ago/2026."
SE,NOSSA SENHORA DA GLORIA,3.000000,2.000000,10.000000,8.000000,400.000000,0.005105,"Emplacamentos BEV/PHEV ABVE; frota ampla SENATRAN ago/2026 e indicadores IBGE 2022, quando presentes, são medidas separadas. Recarga ABVE/Tupi ago/2026."
SP,DRACENA,3.000000,9.000000,17.000000,8.000000,88.888889,0.005105,"Emplacamentos BEV/PHEV ABVE; frota ampla SENATRAN ago/2026 e indicadores IBGE 2022, quando presentes, são medidas separadas. Recarga ABVE/Tupi ago/2026."
SP,COLINA,2.000000,1.000000,9.000000,8.000000,800.000000,0.005105,"Emplacamentos BEV/PHEV ABVE; frota ampla SENATRAN ago/2026 e indicadores IBGE 2022, quando presentes, são medidas separadas. Recarga ABVE/Tupi ago/2026."
PR,BALSA NOVA,1.000000,3.000000,11.000000,8.000000,266.666667,0.005105,"Emplacamentos BEV/PHEV ABVE; frota ampla SENATRAN ago/2026 e indicadores IBGE 2022, quando presentes, são medidas separadas. Recarga ABVE/Tupi ago/2026."
PR,CAFELANDIA,2.000000,3.000000,11.000000,8.000000,266.666667,0.005105,"Emplacamentos BEV/PHEV ABVE; frota ampla SENATRAN ago/2026 e indicadores IBGE 2022, quando presentes, são medidas separadas. Recarga ABVE/Tupi ago/2026."
PR,ASSAI,1.000000,2.000000,10.000000,8.000000,400.000000,0.005105,"Emplacamentos BEV/PHEV ABVE; frota ampla SENATRAN ago/2026 e indicadores IBGE 2022, quando presentes, são medidas separadas. Recarga ABVE/Tupi ago/2026."
PE,RIBEIRAO,0.000000,1.000000,9.000000,8.000000,800.000000,0.005105,"Emplacamentos BEV/PHEV ABVE; frota ampla SENATRAN ago/2026 e indicadores IBGE 2022, quando presentes, são medidas separadas. Recarga ABVE/Tupi ago/2026."
BA,AMARGOSA,5.000000,5.000000,13.000000,8.000000,160.000000,0.005105,"Emplacamentos BEV/PHEV ABVE; frota ampla SENATRAN ago/2026 e indicadores IBGE 2022, quando presentes, são medidas separadas. Recarga ABVE/Tupi ago/2026."
PE,CATENDE,0.000000,0.000000,8.000000,8.000000,,0.005105,"Emplacamentos BEV/PHEV ABVE; frota ampla SENATRAN ago/2026 e indicadores IBGE 2022, quando presentes, são medidas separadas. Recarga ABVE/Tupi ago/2026."
PR,SANTO ANTONIO DA PLATINA,5.000000,11.000000,19.000000,8.000000,72.727273,0.005105,"Emplacamentos BEV/PHEV ABVE; frota ampla SENATRAN ago/2026 e indicadores IBGE 2022, quando presentes, são medidas separadas. Recarga ABVE/Tupi ago/2026."
ES,VARGEM ALTA,2.000000,6.000000,14.000000,8.000000,133.333333,0.005105,"Emplacamentos BEV/PHEV ABVE; frota ampla SENATRAN ago/2026 e indicadores IBGE 2022, quando presentes, são medidas separadas. Recarga ABVE/Tupi ago/2026."
SP,CAJURU,3.000000,0.000000,8.000000,8.000000,,0.005105,"Emplacamentos BEV/PHEV ABVE; frota ampla SENATRAN ago/2026 e indicadores IBGE 2022, quando presentes, são medidas separadas. Recarga ABVE/Tupi ago/2026."
PR,PALMEIRA,3.000000,7.000000,15.000000,8.000000,114.285714,0.005105,"Emplacamentos BEV/PHEV ABVE; frota ampla SENATRAN ago/2026 e indicadores IBGE 2022, quando presentes, são medidas separadas. Recarga ABVE/Tupi ago/2026."
GO,BOM JESUS DE GOIAS,3.000000,2.000000,10.000000,8.000000,400.000000,0.005105,"Emplacamentos BEV/PHEV ABVE; frota ampla SENATRAN ago/2026 e indicadores IBGE 2022, quando presentes, são medidas separadas. Recarga ABVE/Tupi ago/2026."
SP,PIRAPORA DO BOM JESUS,0.000000,1.000000,9.000000,8.000000,800.000000,0.005105,"Emplacamentos BEV/PHEV ABVE; frota ampla SENATRAN ago/2026 e indicadores IBGE 2022, quando presentes, são medidas separadas. Recarga ABVE/Tupi ago/2026."
PE,BOM CONSELHO,1.000000,1.000000,9.000000,8.000000,800.000000,0.005105,"Emplacamentos BEV/PHEV ABVE; frota ampla SENATRAN ago/2026 e indicadores IBGE 2022, quando presentes, são medidas separadas. Recarga ABVE/Tupi ago/2026."
SP,BARIRI,8.000000,5.000000,13.000000,8.000000,160.000000,0.005105,"Emplacamentos BEV/PHEV ABVE; frota ampla SENATRAN ago/2026 e indicadores IBGE 2022, quando presentes, são medidas separadas. Recarga ABVE/Tupi ago/2026."
SC,OTACILIO COSTA,0.000000,3.000000,11.000000,8.000000,266.666667,0.005105,"Emplacamentos BEV/PHEV ABVE; frota ampla SENATRAN ago/2026 e indicadores IBGE 2022, quando presentes, são medidas separadas. Recarga ABVE/Tupi ago/2026."
ES,BAIXO GUANDU,2.000000,8.000000,16.000000,8.000000,100.000000,0.005105,"Emplacamentos BEV/PHEV ABVE; frota ampla SENATRAN ago/2026 e indicadores IBGE 2022, quando presentes, são medidas separadas. Recarga ABVE/Tupi ago/2026."
SC,PAULO LOPES,5.000000,4.000000,12.000000,8.000000,200.000000,0.005105,"Emplacamentos BEV/PHEV ABVE; frota ampla SENATRAN ago/2026 e indicadores IBGE 2022, quando presentes, são medidas separadas. Recarga ABVE/Tupi ago/2026."
PA,ABAETETUBA,4.000000,3.000000,11.000000,8.000000,266.666667,0.005105,"Emplacamentos BEV/PHEV ABVE; frota ampla SENATRAN ago/2026 e indicadores IBGE 2022, quando presentes, são medidas separadas. Recarga ABVE/Tupi ago/2026."
SC,XAXIM,15.000000,6.000000,14.000000,8.000000,133.333333,0.005105,"Emplacamentos BEV/PHEV ABVE; frota ampla SENATRAN ago/2026 e indicadores IBGE 2022, quando presentes, são medidas separadas. Recarga ABVE/Tupi ago/2026."
SP,SALTINHO,2.000000,2.000000,10.000000,8.000000,400.000000,0.005105,"Emplacamentos BEV/PHEV ABVE; frota ampla SENATRAN ago/2026 e indicadores IBGE 2022, quando presentes, são medidas separadas. Recarga ABVE/Tupi ago/2026."
MT,AGUA BOA,0.000000,0.000000,8.000000,8.000000,,0.005105,"Emplacamentos BEV/PHEV ABVE; frota ampla SENATRAN ago/2026 e indicadores IBGE 2022, quando presentes, são medidas separadas. Recarga ABVE/Tupi ago/2026."
MT,DIAMANTINO,0.000000,5.000000,13.000000,8.000000,160.000000,0.005105,"Emplacamentos BEV/PHEV ABVE; frota ampla SENATRAN ago/2026 e indicadores IBGE 2022, quando presentes, são medidas separadas. Recarga ABVE/Tupi ago/2026."
CE,PARACURU,2.000000,2.000000,10.000000,8.000000,400.000000,0.005105,"Emplacamentos BEV/PHEV ABVE; frota ampla SENATRAN ago/2026 e indicadores IBGE 2022, quando presentes, são medidas separadas. Recarga ABVE/Tupi ago/2026."
MT,COLIDER,1.000000,2.000000,10.000000,8.000000,400.000000,0.005105,"Emplacamentos BEV/PHEV ABVE; frota ampla SENATRAN ago/2026 e indicadores IBGE 2022, quando presentes, são medidas separadas. Recarga ABVE/Tupi ago/2026."
RN,JARDIM DO SERIDO,2.000000,0.000000,8.000000,8.000000,,0.005105,"Emplacamentos BEV/PHEV ABVE; frota ampla SENATRAN ago/2026 e indicadores IBGE 2022, quando presentes, são medidas separadas. Recarga ABVE/Tupi ago/2026."
MA,CODO,1.000000,2.000000,10.000000,8.000000,400.000000,0.005105,"Emplacamentos BEV/PHEV ABVE; frota ampla SENATRAN ago/2026 e indicadores IBGE 2022, quando presentes, são medidas separadas. Recarga ABVE/Tupi ago/2026."
SP,REGISTRO,5.000000,6.000000,14.000000,8.000000,133.333333,0.005105,"Emplacamentos BEV/PHEV ABVE; frota ampla SENATRAN ago/2026 e indicadores IBGE 2022, quando presentes, são medidas separadas. Recarga ABVE/Tupi ago/2026."
SP,RIBEIRAO CORRENTE,0.000000,0.000000,8.000000,8.000000,,0.005105,"Emplacamentos BEV/PHEV ABVE; frota ampla SENATRAN ago/2026 e indicadores IBGE 2022, quando presentes, são medidas separadas. Recarga ABVE/Tupi ago/2026."
SC,GRAVATAL,2.000000,3.000000,11.000000,8.000000,266.666667,0.005105,"Emplacamentos BEV/PHEV ABVE; frota ampla SENATRAN ago/2026 e indicadores IBGE 2022, quando presentes, são medidas separadas. Recarga ABVE/Tupi ago/2026."
AL,PARIPUEIRA,3.000000,8.000000,16.000000,8.000000,100.000000,0.005105,"Emplacamentos BEV/PHEV ABVE; frota ampla SENATRAN ago/2026 e indicadores IBGE 2022, quando presentes, são medidas separadas. Recarga ABVE/Tupi ago/2026."
SC,FORQUILHINHA,3.000000,7.000000,15.000000,8.000000,114.285714,0.005105,"Emplacamentos BEV/PHEV ABVE; frota ampla SENATRAN ago/2026 e indicadores IBGE 2022, quando presentes, são medidas separadas. Recarga ABVE/Tupi ago/2026."
SC,GOVERNADOR CELSO RAMOS,11.000000,25.000000,33.000000,8.000000,32.000000,0.005105,"Emplacamentos BEV/PHEV ABVE; frota ampla SENATRAN ago/2026 e indicadores IBGE 2022, quando presentes, são medidas separadas. Recarga ABVE/Tupi ago/2026."
AL,SAO SEBASTIAO,0.000000,2.000000,10.000000,8.000000,400.000000,0.005105,"Emplacamentos BEV/PHEV ABVE; frota ampla SENATRAN ago/2026 e indicadores IBGE 2022, quando presentes, são medidas separadas. Recarga ABVE/Tupi ago/2026."
RS,BOM RETIRO DO SUL,2.000000,2.000000,10.000000,8.000000,400.000000,0.005105,"Emplacamentos BEV/PHEV ABVE; frota ampla SENATRAN ago/2026 e indicadores IBGE 2022, quando presentes, são medidas separadas. Recarga ABVE/Tupi ago/2026."
BA,SEABRA,2.000000,0.000000,8.000000,8.000000,,0.005105,"Emplacamentos BEV/PHEV ABVE; frota ampla SENATRAN ago/2026 e indicadores IBGE 2022, quando presentes, são medidas separadas. Recarga ABVE/Tupi ago/2026."
MS,TERENOS,3.000000,2.000000,10.000000,8.000000,400.000000,0.005105,"Emplacamentos BEV/PHEV ABVE; frota ampla SENATRAN ago/2026 e indicadores IBGE 2022, quando presentes, são medidas separadas. Recarga ABVE/Tupi ago/2026."
MS,PONTA PORA,17.000000,12.000000,20.000000,8.000000,66.666667,0.005105,"Emplacamentos BEV/PHEV ABVE; frota ampla SENATRAN ago/2026 e indicadores IBGE 2022, quando presentes, são medidas separadas. Recarga ABVE/Tupi ago/2026."
MS,ITAPORA,6.000000,3.000000,11.000000,8.000000,266.666667,0.005105,"Emplacamentos BEV/PHEV ABVE; frota ampla SENATRAN ago/2026 e indicadores IBGE 2022, quando presentes, são medidas separadas. Recarga ABVE/Tupi ago/2026."
SP,SANTA ROSA DE VITERBO,5.000000,4.000000,12.000000,8.000000,200.000000,0.005105,"Emplacamentos BEV/PHEV ABVE; frota ampla SENATRAN ago/2026 e indicadores IBGE 2022, quando presentes, são medidas separadas. Recarga ABVE/Tupi ago/2026."
BA,SANTO AMARO,0.000000,2.000000,10.000000,8.000000,400.000000,0.005105,"Emplacamentos BEV/PHEV ABVE; frota ampla SENATRAN ago/2026 e indicadores IBGE 2022, quando presentes, são medidas separadas. Recarga ABVE/Tupi ago/2026."
SC,CAPIVARI DE BAIXO,3.000000,3.000000,11.000000,8.000000,266.666667,0.005105,"Emplacamentos BEV/PHEV ABVE; frota ampla SENATRAN ago/2026 e indicadores IBGE 2022, quando presentes, são medidas separadas. Recarga ABVE/Tupi ago/2026."
RS,CERRO LARGO,0.000000,0.000000,8.000000,8.000000,,0.005105,"Emplacamentos BEV/PHEV ABVE; frota ampla SENATRAN ago/2026 e indicadores IBGE 2022, quando presentes, são medidas separadas. Recarga ABVE/Tupi ago/2026."
RS,IBIRUBA,9.000000,3.000000,11.000000,8.000000,266.666667,0.005105,"Emplacamentos BEV/PHEV ABVE; frota ampla SENATRAN ago/2026 e indicadores IBGE 2022, quando presentes, são medidas separadas. Recarga ABVE/Tupi ago/2026."
RS,IBIRAIARAS,0.000000,0.000000,8.000000,8.000000,,0.005105,"Emplacamentos BEV/PHEV ABVE; frota ampla SENATRAN ago/2026 e indicadores IBGE 2022, quando presentes, são medidas separadas. Recarga ABVE/Tupi ago/2026."
BA,TUCANO,3.000000,3.000000,11.000000,8.000000,266.666667,0.005105,"Emplacamentos BEV/PHEV ABVE; frota ampla SENATRAN ago/2026 e indicadores IBGE 2022, quando presentes, são medidas separadas. Recarga ABVE/Tupi ago/2026."
RS,TUCUNDUVA,2.000000,0.000000,8.000000,8.000000,,0.005105,"Emplacamentos BEV/PHEV ABVE; frota ampla SENATRAN ago/2026 e indicadores IBGE 2022, quando presentes, são medidas separadas. Recarga ABVE/Tupi ago/2026."
SE,CAPELA,1.000000,0.000000,7.000000,7.000000,,0.004467,"Emplacamentos BEV/PHEV ABVE; frota ampla SENATRAN ago/2026 e indicadores IBGE 2022, quando presentes, são medidas separadas. Recarga ABVE/Tupi ago/2026."
RN,SANTO ANTONIO,2.000000,0.000000,7.000000,7.000000,,0.004467,"Emplacamentos BEV/PHEV ABVE; frota ampla SENATRAN ago/2026 e indicadores IBGE 2022, quando presentes, são medidas separadas. Recarga ABVE/Tupi ago/2026."
RN,TIBAU DO SUL,5.000000,0.000000,7.000000,7.000000,,0.004467,"Emplacamentos BEV/PHEV ABVE; frota ampla SENATRAN ago/2026 e indicadores IBGE 2022, quando presentes, são medidas separadas. Recarga ABVE/Tupi ago/2026."
RN,SAO JOSE DO SERIDO,0.000000,0.000000,7.000000,7.000000,,0.004467,"Emplacamentos BEV/PHEV ABVE; frota ampla SENATRAN ago/2026 e indicadores IBGE 2022, quando presentes, são medidas separadas. Recarga ABVE/Tupi ago/2026."
PR,PATO BRAGADO,0.000000,1.000000,8.000000,7.000000,700.000000,0.004467,"Emplacamentos BEV/PHEV ABVE; frota ampla SENATRAN ago/2026 e indicadores IBGE 2022, quando presentes, são medidas separadas. Recarga ABVE/Tupi ago/2026."
SP,SANTO ANASTACIO,2.000000,1.000000,8.000000,7.000000,700.000000,0.004467,"Emplacamentos BEV/PHEV ABVE; frota ampla SENATRAN ago/2026 e indicadores IBGE 2022, quando presentes, são medidas separadas. Recarga ABVE/Tupi ago/2026."
RS,SAO LUIZ GONZAGA,7.000000,1.000000,8.000000,7.000000,700.000000,0.004467,"Emplacamentos BEV/PHEV ABVE; frota ampla SENATRAN ago/2026 e indicadores IBGE 2022, quando presentes, são medidas separadas. Recarga ABVE/Tupi ago/2026."
PE,JOAO ALFREDO,0.000000,2.000000,9.000000,7.000000,350.000000,0.004467,"Emplacamentos BEV/PHEV ABVE; frota ampla SENATRAN ago/2026 e indicadores IBGE 2022, quando presentes, são medidas separadas. Recarga ABVE/Tupi ago/2026."
SP,MIGUELOPOLIS,0.000000,1.000000,8.000000,7.000000,700.000000,0.004467,"Emplacamentos BEV/PHEV ABVE; frota ampla SENATRAN ago/2026 e indicadores IBGE 2022, quando presentes, são medidas separadas. Recarga ABVE/Tupi ago/2026."
SP,MARTINOPOLIS,1.000000,3.000000,10.000000,7.000000,233.333333,0.004467,"Emplacamentos BEV/PHEV ABVE; frota ampla SENATRAN ago/2026 e indicadores IBGE 2022, quando presentes, são medidas separadas. Recarga ABVE/Tupi ago/2026."
PE,AFOGADOS DA INGAZEIRA,4.000000,3.000000,10.000000,7.000000,233.333333,0.004467,"Emplacamentos BEV/PHEV ABVE; frota ampla SENATRAN ago/2026 e indicadores IBGE 2022, quando presentes, são medidas separadas. Recarga ABVE/Tupi ago/2026."
PE,ITAPISSUMA,0.000000,5.000000,12.000000,7.000000,140.000000,0.004467,"Emplacamentos BEV/PHEV ABVE; frota ampla SENATRAN ago/2026 e indicadores IBGE 2022, quando presentes, são medidas separadas. Recarga ABVE/Tupi ago/2026."
MA,PRESIDENTE DUTRA,5.000000,2.000000,9.000000,7.000000,350.000000,0.004467,"Emplacamentos BEV/PHEV ABVE; frota ampla SENATRAN ago/2026 e indicadores IBGE 2022, quando presentes, são medidas separadas. Recarga ABVE/Tupi ago/2026."
MA,PINHEIRO,6.000000,5.000000,12.000000,7.000000,140.000000,0.004467,"Emplacamentos BEV/PHEV ABVE; frota ampla SENATRAN ago/2026 e indicadores IBGE 2022, quando presentes, são medidas separadas. Recarga ABVE/Tupi ago/2026."
PE,OURICURI,0.000000,5.000000,12.000000,7.000000,140.000000,0.004467,"Emplacamentos BEV/PHEV ABVE; frota ampla SENATRAN ago/2026 e indicadores IBGE 2022, quando presentes, são medidas separadas. Recarga ABVE/Tupi ago/2026."
SP,BILAC,0.000000,1.000000,8.000000,7.000000,700.000000,0.004467,"Emplacamentos BEV/PHEV ABVE; frota ampla SENATRAN ago/2026 e indicadores IBGE 2022, quando presentes, são medidas separadas. Recarga ABVE/Tupi ago/2026."
RS,TERRA DE AREIA,1.000000,0.000000,7.000000,7.000000,,0.004467,"Emplacamentos BEV/PHEV ABVE; frota ampla SENATRAN ago/2026 e indicadores IBGE 2022, quando presentes, são medidas separadas. Recarga ABVE/Tupi ago/2026."
SP,ELIAS FAUSTO,4.000000,2.000000,9.000000,7.000000,350.000000,0.004467,"Emplacamentos BEV/PHEV ABVE; frota ampla SENATRAN ago/2026 e indicadores IBGE 2022, quando presentes, são medidas separadas. Recarga ABVE/Tupi ago/2026."
SP,DUMONT,1.000000,4.000000,11.000000,7.000000,175.000000,0.004467,"Emplacamentos BEV/PHEV ABVE; frota ampla SENATRAN ago/2026 e indicadores IBGE 2022, quando presentes, são medidas separadas. Recarga ABVE/Tupi ago/2026."
SC,RODEIO,1.000000,4.000000,11.000000,7.000000,175.000000,0.004467,"Emplacamentos BEV/PHEV ABVE; frota ampla SENATRAN ago/2026 e indicadores IBGE 2022, quando presentes, são medidas separadas. Recarga ABVE/Tupi ago/2026."
SC,PRESIDENTE GETULIO,3.000000,3.000000,10.000000,7.000000,233.333333,0.004467,"Emplacamentos BEV/PHEV ABVE; frota ampla SENATRAN ago/2026 e indicadores IBGE 2022, quando presentes, são medidas separadas. Recarga ABVE/Tupi ago/2026."
PE,SERTANIA,0.000000,0.000000,7.000000,7.000000,,0.004467,"Emplacamentos BEV/PHEV ABVE; frota ampla SENATRAN ago/2026 e indicadores IBGE 2022, quando presentes, são medidas separadas. Recarga ABVE/Tupi ago/2026."
PE,SAO CAITANO,1.000000,1.000000,8.000000,7.000000,700.000000,0.004467,"Emplacamentos BEV/PHEV ABVE; frota ampla SENATRAN ago/2026 e indicadores IBGE 2022, quando presentes, são medidas separadas. Recarga ABVE/Tupi ago/2026."
GO,PALMEIRAS DE GOIAS,1.000000,2.000000,9.000000,7.000000,350.000000,0.004467,"Emplacamentos BEV/PHEV ABVE; frota ampla SENATRAN ago/2026 e indicadores IBGE 2022, quando presentes, são medidas separadas. Recarga ABVE/Tupi ago/2026."
RS,VACARIA,15.000000,9.000000,16.000000,7.000000,77.777778,0.004467,"Emplacamentos BEV/PHEV ABVE; frota ampla SENATRAN ago/2026 e indicadores IBGE 2022, quando presentes, são medidas separadas. Recarga ABVE/Tupi ago/2026."
CE,SAO GONCALO DO AMARANTE,1.000000,4.000000,11.000000,7.000000,175.000000,0.004467,"Emplacamentos BEV/PHEV ABVE; frota ampla SENATRAN ago/2026 e indicadores IBGE 2022, quando presentes, são medidas separadas. Recarga ABVE/Tupi ago/2026."
CE,SANTA QUITERIA,1.000000,0.000000,7.000000,7.000000,,0.004467,"Emplacamentos BEV/PHEV ABVE; frota ampla SENATRAN ago/2026 e indicadores IBGE 2022, quando presentes, são medidas separadas. Recarga ABVE/Tupi ago/2026."
BA,CAETITE,2.000000,6.000000,13.000000,7.000000,116.666667,0.004467,"Emplacamentos BEV/PHEV ABVE; frota ampla SENATRAN ago/2026 e indicadores IBGE 2022, quando presentes, são medidas separadas. Recarga ABVE/Tupi ago/2026."
AL,JUNQUEIRO,0.000000,1.000000,8.000000,7.000000,700.000000,0.004467,"Emplacamentos BEV/PHEV ABVE; frota ampla SENATRAN ago/2026 e indicadores IBGE 2022, quando presentes, são medidas separadas. Recarga ABVE/Tupi ago/2026."
SP,MONTE ALEGRE DO SUL,4.000000,1.000000,8.000000,7.000000,700.000000,0.004467,"Emplacamentos BEV/PHEV ABVE; frota ampla SENATRAN ago/2026 e indicadores IBGE 2022, quando presentes, são medidas separadas. Recarga ABVE/Tupi ago/2026."
RN,AREIA BRANCA,1.000000,6.000000,13.000000,7.000000,116.666667,0.004467,"Emplacamentos BEV/PHEV ABVE; frota ampla SENATRAN ago/2026 e indicadores IBGE 2022, quando presentes, são medidas separadas. Recarga ABVE/Tupi ago/2026."
SP,NAZARE PAULISTA,0.000000,3.000000,10.000000,7.000000,233.333333,0.004467,"Emplacamentos BEV/PHEV ABVE; frota ampla SENATRAN ago/2026 e indicadores IBGE 2022, quando presentes, são medidas separadas. Recarga ABVE/Tupi ago/2026."
MG,MACHADO,4.000000,1.000000,8.000000,7.000000,700.000000,0.004467,"Emplacamentos BEV/PHEV ABVE; frota ampla SENATRAN ago/2026 e indicadores IBGE 2022, quando presentes, são medidas separadas. Recarga ABVE/Tupi ago/2026."
SP,IPIGUA,0.000000,1.000000,8.000000,7.000000,700.000000,0.004467,"Emplacamentos BEV/PHEV ABVE; frota ampla SENATRAN ago/2026 e indicadores IBGE 2022, quando presentes, são medidas separadas. Recarga ABVE/Tupi ago/2026."
RJ,SAO FIDELIS,2.000000,2.000000,9.000000,7.000000,350.000000,0.004467,"Emplacamentos BEV/PHEV ABVE; frota ampla SENATRAN ago/2026 e indicadores IBGE 2022, quando presentes, são medidas separadas. Recarga ABVE/Tupi ago/2026."
MG,ITAUNA,11.000000,12.000000,19.000000,7.000000,58.333333,0.004467,"Emplacamentos BEV/PHEV ABVE; frota ampla SENATRAN ago/2026 e indicadores IBGE 2022, quando presentes, são medidas separadas. Recarga ABVE/Tupi ago/2026."
SC,AGROLANDIA,0.000000,2.000000,9.000000,7.000000,350.000000,0.004467,"Emplacamentos BEV/PHEV ABVE; frota ampla SENATRAN ago/2026 e indicadores IBGE 2022, quando presentes, são medidas separadas. Recarga ABVE/Tupi ago/2026."
PR,AGUDOS DO SUL,0.000000,0.000000,7.000000,7.000000,,0.004467,"Emplacamentos BEV/PHEV ABVE; frota ampla SENATRAN ago/2026 e indicadores IBGE 2022, quando presentes, são medidas separadas. Recarga ABVE/Tupi ago/2026."
PI,URUCUI,1.000000,0.000000,7.000000,7.000000,,0.004467,"Emplacamentos BEV/PHEV ABVE; frota ampla SENATRAN ago/2026 e indicadores IBGE 2022, quando presentes, são medidas separadas. Recarga ABVE/Tupi ago/2026."
RJ,PIRAI,1.000000,6.000000,13.000000,7.000000,116.666667,0.004467,"Emplacamentos BEV/PHEV ABVE; frota ampla SENATRAN ago/2026 e indicadores IBGE 2022, quando presentes, são medidas separadas. Recarga ABVE/Tupi ago/2026."
PA,XINGUARA,0.000000,5.000000,12.000000,7.000000,140.000000,0.004467,"Emplacamentos BEV/PHEV ABVE; frota ampla SENATRAN ago/2026 e indicadores IBGE 2022, quando presentes, são medidas separadas. Recarga ABVE/Tupi ago/2026."
MT,BARRA DO GARCAS,3.000000,7.000000,14.000000,7.000000,100.000000,0.004467,"Emplacamentos BEV/PHEV ABVE; frota ampla SENATRAN ago/2026 e indicadores IBGE 2022, quando presentes, são medidas separadas. Recarga ABVE/Tupi ago/2026."
PA,SANTA MARIA DO PARA,0.000000,4.000000,11.000000,7.000000,175.000000,0.004467,"Emplacamentos BEV/PHEV ABVE; frota ampla SENATRAN ago/2026 e indicadores IBGE 2022, quando presentes, são medidas separadas. Recarga ABVE/Tupi ago/2026."
SP,ALUMINIO,4.000000,2.000000,9.000000,7.000000,350.000000,0.004467,"Emplacamentos BEV/PHEV ABVE; frota ampla SENATRAN ago/2026 e indicadores IBGE 2022, quando presentes, são medidas separadas. Recarga ABVE/Tupi ago/2026."
SC,CATANDUVAS,1.000000,1.000000,8.000000,7.000000,700.000000,0.004467,"Emplacamentos BEV/PHEV ABVE; frota ampla SENATRAN ago/2026 e indicadores IBGE 2022, quando presentes, são medidas separadas. Recarga ABVE/Tupi ago/2026."
SC,CANELINHA,0.000000,7.000000,14.000000,7.000000,100.000000,0.004467,"Emplacamentos BEV/PHEV ABVE; frota ampla SENATRAN ago/2026 e indicadores IBGE 2022, quando presentes, são medidas separadas. Recarga ABVE/Tupi ago/2026."
AL,CRAIBAS,1.000000,2.000000,9.000000,7.000000,350.000000,0.004467,"Emplacamentos BEV/PHEV ABVE; frota ampla SENATRAN ago/2026 e indicadores IBGE 2022, quando presentes, são medidas separadas. Recarga ABVE/Tupi ago/2026."
ES,GOVERNADOR LINDENBERG,0.000000,0.000000,7.000000,7.000000,,0.004467,"Emplacamentos BEV/PHEV ABVE; frota ampla SENATRAN ago/2026 e indicadores IBGE 2022, quando presentes, são medidas separadas. Recarga ABVE/Tupi ago/2026."
MA,GRAJAU,2.000000,0.000000,7.000000,7.000000,,0.004467,"Emplacamentos BEV/PHEV ABVE; frota ampla SENATRAN ago/2026 e indicadores IBGE 2022, quando presentes, são medidas separadas. Recarga ABVE/Tupi ago/2026."
RS,NAO-ME-TOQUE,2.000000,2.000000,9.000000,7.000000,350.000000,0.004467,"Emplacamentos BEV/PHEV ABVE; frota ampla SENATRAN ago/2026 e indicadores IBGE 2022, quando presentes, são medidas separadas. Recarga ABVE/Tupi ago/2026."
MG,ESMERALDAS,1.000000,1.000000,8.000000,7.000000,700.000000,0.004467,"Emplacamentos BEV/PHEV ABVE; frota ampla SENATRAN ago/2026 e indicadores IBGE 2022, quando presentes, são medidas separadas. Recarga ABVE/Tupi ago/2026."
SC,GARUVA,7.000000,10.000000,17.000000,7.000000,70.000000,0.004467,"Emplacamentos BEV/PHEV ABVE; frota ampla SENATRAN ago/2026 e indicadores IBGE 2022, quando presentes, são medidas separadas. Recarga ABVE/Tupi ago/2026."
PR,IMBITUVA,2.000000,6.000000,13.000000,7.000000,116.666667,0.004467,"Emplacamentos BEV/PHEV ABVE; frota ampla SENATRAN ago/2026 e indicadores IBGE 2022, quando presentes, são medidas separadas. Recarga ABVE/Tupi ago/2026."
ES,PINHEIROS,2.000000,2.000000,9.000000,7.000000,350.000000,0.004467,"Emplacamentos BEV/PHEV ABVE; frota ampla SENATRAN ago/2026 e indicadores IBGE 2022, quando presentes, são medidas separadas. Recarga ABVE/Tupi ago/2026."
MT,NOBRES,2.000000,1.000000,8.000000,7.000000,700.000000,0.004467,"Emplacamentos BEV/PHEV ABVE; frota ampla SENATRAN ago/2026 e indicadores IBGE 2022, quando presentes, são medidas separadas. Recarga ABVE/Tupi ago/2026."
MG,BOA ESPERANCA,0.000000,0.000000,7.000000,7.000000,,0.004467,"Emplacamentos BEV/PHEV ABVE; frota ampla SENATRAN ago/2026 e indicadores IBGE 2022, quando presentes, são medidas separadas. Recarga ABVE/Tupi ago/2026."
PR,WENCESLAU BRAZ,1.000000,0.000000,7.000000,7.000000,,0.004467,"Emplacamentos BEV/PHEV ABVE; frota ampla SENATRAN ago/2026 e indicadores IBGE 2022, quando presentes, são medidas separadas. Recarga ABVE/Tupi ago/2026."
PR,MANDAGUARI,5.000000,13.000000,20.000000,7.000000,53.846154,0.004467,"Emplacamentos BEV/PHEV ABVE; frota ampla SENATRAN ago/2026 e indicadores IBGE 2022, quando presentes, são medidas separadas. Recarga ABVE/Tupi ago/2026."
AL,DELMIRO GOUVEIA,1.000000,5.000000,12.000000,7.000000,140.000000,0.004467,"Emplacamentos BEV/PHEV ABVE; frota ampla SENATRAN ago/2026 e indicadores IBGE 2022, quando presentes, são medidas separadas. Recarga ABVE/Tupi ago/2026."
PR,DOURADINA,0.000000,1.000000,8.000000,7.000000,700.000000,0.004467,"Emplacamentos BEV/PHEV ABVE; frota ampla SENATRAN ago/2026 e indicadores IBGE 2022, quando presentes, são medidas separadas. Recarga ABVE/Tupi ago/2026."
ES,SOORETAMA,3.000000,2.000000,9.000000,7.000000,350.000000,0.004467,"Emplacamentos BEV/PHEV ABVE; frota ampla SENATRAN ago/2026 e indicadores IBGE 2022, quando presentes, são medidas separadas. Recarga ABVE/Tupi ago/2026."
AL,BATALHA,0.000000,0.000000,7.000000,7.000000,,0.004467,"Emplacamentos BEV/PHEV ABVE; frota ampla SENATRAN ago/2026 e indicadores IBGE 2022, quando presentes, são medidas separadas. Recarga ABVE/Tupi ago/2026."
TO,MIRACEMA DO TOCANTINS,3.000000,0.000000,7.000000,7.000000,,0.004467,"Emplacamentos BEV/PHEV ABVE; frota ampla SENATRAN ago/2026 e indicadores IBGE 2022, quando presentes, são medidas separadas. Recarga ABVE/Tupi ago/2026."
RS,ITAQUI,3.000000,1.000000,8.000000,7.000000,700.000000,0.004467,"Emplacamentos BEV/PHEV ABVE; frota ampla SENATRAN ago/2026 e indicadores IBGE 2022, quando presentes, são medidas separadas. Recarga ABVE/Tupi ago/2026."
SP,CESARIO LANGE,1.000000,1.000000,8.000000,7.000000,700.000000,0.004467,"Emplacamentos BEV/PHEV ABVE; frota ampla SENATRAN ago/2026 e indicadores IBGE 2022, quando presentes, são medidas separadas. Recarga ABVE/Tupi ago/2026."
TO,CAMPOS LINDOS,0.000000,0.000000,7.000000,7.000000,,0.004467,"Emplacamentos BEV/PHEV ABVE; frota ampla SENATRAN ago/2026 e indicadores IBGE 2022, quando presentes, são medidas separadas. Recarga ABVE/Tupi ago/2026."
SP,CASA BRANCA,4.000000,2.000000,8.000000,6.000000,300.000000,0.003829,"Emplacamentos BEV/PHEV ABVE; frota ampla SENATRAN ago/2026 e indicadores IBGE 2022, quando presentes, são medidas separadas. Recarga ABVE/Tupi ago/2026."
GO,ARAGARCAS,1.000000,3.000000,9.000000,6.000000,200.000000,0.003829,"Emplacamentos BEV/PHEV ABVE; frota ampla SENATRAN ago/2026 e indicadores IBGE 2022, quando presentes, são medidas separadas. Recarga ABVE/Tupi ago/2026."
GO,RUBIATABA,0.000000,0.000000,6.000000,6.000000,,0.003829,"Emplacamentos BEV/PHEV ABVE; frota ampla SENATRAN ago/2026 e indicadores IBGE 2022, quando presentes, são medidas separadas. Recarga ABVE/Tupi ago/2026."
PE,FEIRA NOVA,0.000000,0.000000,6.000000,6.000000,,0.003829,"Emplacamentos BEV/PHEV ABVE; frota ampla SENATRAN ago/2026 e indicadores IBGE 2022, quando presentes, são medidas separadas. Recarga ABVE/Tupi ago/2026."
MG,SAO SEBASTIAO DO PARAISO,6.000000,1.000000,7.000000,6.000000,600.000000,0.003829,"Emplacamentos BEV/PHEV ABVE; frota ampla SENATRAN ago/2026 e indicadores IBGE 2022, quando presentes, são medidas separadas. Recarga ABVE/Tupi ago/2026."
SE,BOQUIM,4.000000,2.000000,8.000000,6.000000,300.000000,0.003829,"Emplacamentos BEV/PHEV ABVE; frota ampla SENATRAN ago/2026 e indicadores IBGE 2022, quando presentes, são medidas separadas. Recarga ABVE/Tupi ago/2026."
SP,CRISTAIS PAULISTA,0.000000,1.000000,7.000000,6.000000,600.000000,0.003829,"Emplacamentos BEV/PHEV ABVE; frota ampla SENATRAN ago/2026 e indicadores IBGE 2022, quando presentes, são medidas separadas. Recarga ABVE/Tupi ago/2026."
SC,PINHEIRO PRETO,0.000000,0.000000,6.000000,6.000000,,0.003829,"Emplacamentos BEV/PHEV ABVE; frota ampla SENATRAN ago/2026 e indicadores IBGE 2022, quando presentes, são medidas separadas. Recarga ABVE/Tupi ago/2026."
SC,PORTO UNIAO,5.000000,13.000000,19.000000,6.000000,46.153846,0.003829,"Emplacamentos BEV/PHEV ABVE; frota ampla SENATRAN ago/2026 e indicadores IBGE 2022, quando presentes, são medidas separadas. Recarga ABVE/Tupi ago/2026."
PE,LAGOA DO CARRO,1.000000,1.000000,7.000000,6.000000,600.000000,0.003829,"Emplacamentos BEV/PHEV ABVE; frota ampla SENATRAN ago/2026 e indicadores IBGE 2022, quando presentes, são medidas separadas. Recarga ABVE/Tupi ago/2026."
MT,SANTO ANTONIO DO LEVERGER,0.000000,2.000000,8.000000,6.000000,300.000000,0.003829,"Emplacamentos BEV/PHEV ABVE; frota ampla SENATRAN ago/2026 e indicadores IBGE 2022, quando presentes, são medidas separadas. Recarga ABVE/Tupi ago/2026."
ES,VILA VALERIO,0.000000,1.000000,7.000000,6.000000,600.000000,0.003829,"Emplacamentos BEV/PHEV ABVE; frota ampla SENATRAN ago/2026 e indicadores IBGE 2022, quando presentes, são medidas separadas. Recarga ABVE/Tupi ago/2026."
PR,RIO NEGRO,1.000000,3.000000,9.000000,6.000000,200.000000,0.003829,"Emplacamentos BEV/PHEV ABVE; frota ampla SENATRAN ago/2026 e indicadores IBGE 2022, quando presentes, são medidas separadas. Recarga ABVE/Tupi ago/2026."
PR,SABAUDIA,1.000000,1.000000,7.000000,6.000000,600.000000,0.003829,"Emplacamentos BEV/PHEV ABVE; frota ampla SENATRAN ago/2026 e indicadores IBGE 2022, quando presentes, são medidas separadas. Recarga ABVE/Tupi ago/2026."
SP,PIRANGI,0.000000,0.000000,6.000000,6.000000,,0.003829,"Emplacamentos BEV/PHEV ABVE; frota ampla SENATRAN ago/2026 e indicadores IBGE 2022, quando presentes, são medidas separadas. Recarga ABVE/Tupi ago/2026."
SP,PORANGABA,0.000000,1.000000,7.000000,6.000000,600.000000,0.003829,"Emplacamentos BEV/PHEV ABVE; frota ampla SENATRAN ago/2026 e indicadores IBGE 2022, quando presentes, são medidas separadas. Recarga ABVE/Tupi ago/2026."
SP,POTIM,1.000000,0.000000,6.000000,6.000000,,0.003829,"Emplacamentos BEV/PHEV ABVE; frota ampla SENATRAN ago/2026 e indicadores IBGE 2022, quando presentes, são medidas separadas. Recarga ABVE/Tupi ago/2026."
PE,LAGOA GRANDE,2.000000,0.000000,6.000000,6.000000,,0.003829,"Emplacamentos BEV/PHEV ABVE; frota ampla SENATRAN ago/2026 e indicadores IBGE 2022, quando presentes, são medidas separadas. Recarga ABVE/Tupi ago/2026."
PE,NAZARE DA MATA,1.000000,0.000000,6.000000,6.000000,,0.003829,"Emplacamentos BEV/PHEV ABVE; frota ampla SENATRAN ago/2026 e indicadores IBGE 2022, quando presentes, são medidas separadas. Recarga ABVE/Tupi ago/2026."
PE,ITAMBE,13.000000,0.000000,6.000000,6.000000,,0.003829,"Emplacamentos BEV/PHEV ABVE; frota ampla SENATRAN ago/2026 e indicadores IBGE 2022, quando presentes, são medidas separadas. Recarga ABVE/Tupi ago/2026."
RO,ESPIGAO D'OESTE,1.000000,3.000000,9.000000,6.000000,200.000000,0.003829,"Emplacamentos BEV/PHEV ABVE; frota ampla SENATRAN ago/2026 e indicadores IBGE 2022, quando presentes, são medidas separadas. Recarga ABVE/Tupi ago/2026."
PE,CUPIRA,1.000000,1.000000,7.000000,6.000000,600.000000,0.003829,"Emplacamentos BEV/PHEV ABVE; frota ampla SENATRAN ago/2026 e indicadores IBGE 2022, quando presentes, são medidas separadas. Recarga ABVE/Tupi ago/2026."
SP,AURIFLAMA,2.000000,2.000000,8.000000,6.000000,300.000000,0.003829,"Emplacamentos BEV/PHEV ABVE; frota ampla SENATRAN ago/2026 e indicadores IBGE 2022, quando presentes, são medidas separadas. Recarga ABVE/Tupi ago/2026."
ES,MIMOSO DO SUL,3.000000,0.000000,6.000000,6.000000,,0.003829,"Emplacamentos BEV/PHEV ABVE; frota ampla SENATRAN ago/2026 e indicadores IBGE 2022, quando presentes, são medidas separadas. Recarga ABVE/Tupi ago/2026."
RJ,AREAL,0.000000,0.000000,6.000000,6.000000,,0.003829,"Emplacamentos BEV/PHEV ABVE; frota ampla SENATRAN ago/2026 e indicadores IBGE 2022, quando presentes, são medidas separadas. Recarga ABVE/Tupi ago/2026."
ES,PEDRO CANARIO,0.000000,3.000000,9.000000,6.000000,200.000000,0.003829,"Emplacamentos BEV/PHEV ABVE; frota ampla SENATRAN ago/2026 e indicadores IBGE 2022, quando presentes, são medidas separadas. Recarga ABVE/Tupi ago/2026."
PR,TRES BARRAS DO PARANA,0.000000,0.000000,6.000000,6.000000,,0.003829,"Emplacamentos BEV/PHEV ABVE; frota ampla SENATRAN ago/2026 e indicadores IBGE 2022, quando presentes, são medidas separadas. Recarga ABVE/Tupi ago/2026."
RS,CIDREIRA,0.000000,5.000000,11.000000,6.000000,120.000000,0.003829,"Emplacamentos BEV/PHEV ABVE; frota ampla SENATRAN ago/2026 e indicadores IBGE 2022, quando presentes, são medidas separadas. Recarga ABVE/Tupi ago/2026."
GO,PIRES DO RIO,9.000000,3.000000,9.000000,6.000000,200.000000,0.003829,"Emplacamentos BEV/PHEV ABVE; frota ampla SENATRAN ago/2026 e indicadores IBGE 2022, quando presentes, são medidas separadas. Recarga ABVE/Tupi ago/2026."
GO,PONTALINA,0.000000,0.000000,6.000000,6.000000,,0.003829,"Emplacamentos BEV/PHEV ABVE; frota ampla SENATRAN ago/2026 e indicadores IBGE 2022, quando presentes, são medidas separadas. Recarga ABVE/Tupi ago/2026."
MG,PIUMHI,4.000000,1.000000,7.000000,6.000000,600.000000,0.003829,"Emplacamentos BEV/PHEV ABVE; frota ampla SENATRAN ago/2026 e indicadores IBGE 2022, quando presentes, são medidas separadas. Recarga ABVE/Tupi ago/2026."
MG,RAUL SOARES,0.000000,0.000000,6.000000,6.000000,,0.003829,"Emplacamentos BEV/PHEV ABVE; frota ampla SENATRAN ago/2026 e indicadores IBGE 2022, quando presentes, são medidas separadas. Recarga ABVE/Tupi ago/2026."
CE,BARREIRA,0.000000,0.000000,6.000000,6.000000,,0.003829,"Emplacamentos BEV/PHEV ABVE; frota ampla SENATRAN ago/2026 e indicadores IBGE 2022, quando presentes, são medidas separadas. Recarga ABVE/Tupi ago/2026."
SP,SALES OLIVEIRA,2.000000,2.000000,8.000000,6.000000,300.000000,0.003829,"Emplacamentos BEV/PHEV ABVE; frota ampla SENATRAN ago/2026 e indicadores IBGE 2022, quando presentes, são medidas separadas. Recarga ABVE/Tupi ago/2026."
PR,SAO MATEUS DO SUL,6.000000,3.000000,9.000000,6.000000,200.000000,0.003829,"Emplacamentos BEV/PHEV ABVE; frota ampla SENATRAN ago/2026 e indicadores IBGE 2022, quando presentes, são medidas separadas. Recarga ABVE/Tupi ago/2026."
PR,IBAITI,2.000000,1.000000,7.000000,6.000000,600.000000,0.003829,"Emplacamentos BEV/PHEV ABVE; frota ampla SENATRAN ago/2026 e indicadores IBGE 2022, quando presentes, são medidas separadas. Recarga ABVE/Tupi ago/2026."
BA,SANTO ESTEVAO,0.000000,11.000000,17.000000,6.000000,54.545455,0.003829,"Emplacamentos BEV/PHEV ABVE; frota ampla SENATRAN ago/2026 e indicadores IBGE 2022, quando presentes, são medidas separadas. Recarga ABVE/Tupi ago/2026."
RS,NOVA BASSANO,0.000000,4.000000,10.000000,6.000000,150.000000,0.003829,"Emplacamentos BEV/PHEV ABVE; frota ampla SENATRAN ago/2026 e indicadores IBGE 2022, quando presentes, são medidas separadas. Recarga ABVE/Tupi ago/2026."
SE,RIBEIROPOLIS,2.000000,0.000000,6.000000,6.000000,,0.003829,"Emplacamentos BEV/PHEV ABVE; frota ampla SENATRAN ago/2026 e indicadores IBGE 2022, quando presentes, são medidas separadas. Recarga ABVE/Tupi ago/2026."
RJ,CANTAGALO,0.000000,4.000000,10.000000,6.000000,150.000000,0.003829,"Emplacamentos BEV/PHEV ABVE; frota ampla SENATRAN ago/2026 e indicadores IBGE 2022, quando presentes, são medidas separadas. Recarga ABVE/Tupi ago/2026."
RJ,CARDOSO MOREIRA,0.000000,2.000000,8.000000,6.000000,300.000000,0.003829,"Emplacamentos BEV/PHEV ABVE; frota ampla SENATRAN ago/2026 e indicadores IBGE 2022, quando presentes, são medidas separadas. Recarga ABVE/Tupi ago/2026."
RJ,CASIMIRO DE ABREU,4.000000,4.000000,10.000000,6.000000,150.000000,0.003829,"Emplacamentos BEV/PHEV ABVE; frota ampla SENATRAN ago/2026 e indicadores IBGE 2022, quando presentes, são medidas separadas. Recarga ABVE/Tupi ago/2026."
PR,SIQUEIRA CAMPOS,2.000000,1.000000,7.000000,6.000000,600.000000,0.003829,"Emplacamentos BEV/PHEV ABVE; frota ampla SENATRAN ago/2026 e indicadores IBGE 2022, quando presentes, são medidas separadas. Recarga ABVE/Tupi ago/2026."
PR,TERRA BOA,1.000000,3.000000,9.000000,6.000000,200.000000,0.003829,"Emplacamentos BEV/PHEV ABVE; frota ampla SENATRAN ago/2026 e indicadores IBGE 2022, quando presentes, são medidas separadas. Recarga ABVE/Tupi ago/2026."
SP,VALENTIM GENTIL,2.000000,1.000000,7.000000,6.000000,600.000000,0.003829,"Emplacamentos BEV/PHEV ABVE; frota ampla SENATRAN ago/2026 e indicadores IBGE 2022, quando presentes, são medidas separadas. Recarga ABVE/Tupi ago/2026."
BA,BARRA DA ESTIVA,0.000000,1.000000,7.000000,6.000000,600.000000,0.003829,"Emplacamentos BEV/PHEV ABVE; frota ampla SENATRAN ago/2026 e indicadores IBGE 2022, quando presentes, são medidas separadas. Recarga ABVE/Tupi ago/2026."
RS,TRES DE MAIO,8.000000,10.000000,16.000000,6.000000,60.000000,0.003829,"Emplacamentos BEV/PHEV ABVE; frota ampla SENATRAN ago/2026 e indicadores IBGE 2022, quando presentes, são medidas separadas. Recarga ABVE/Tupi ago/2026."
GO,NOVA VENEZA,0.000000,2.000000,8.000000,6.000000,300.000000,0.003829,"Emplacamentos BEV/PHEV ABVE; frota ampla SENATRAN ago/2026 e indicadores IBGE 2022, quando presentes, são medidas separadas. Recarga ABVE/Tupi ago/2026."
RN,MONTE ALEGRE,1.000000,1.000000,7.000000,6.000000,600.000000,0.003829,"Emplacamentos BEV/PHEV ABVE; frota ampla SENATRAN ago/2026 e indicadores IBGE 2022, quando presentes, são medidas separadas. Recarga ABVE/Tupi ago/2026."
MS,AQUIDAUANA,2.000000,3.000000,9.000000,6.000000,200.000000,0.003829,"Emplacamentos BEV/PHEV ABVE; frota ampla SENATRAN ago/2026 e indicadores IBGE 2022, quando presentes, são medidas separadas. Recarga ABVE/Tupi ago/2026."
MS,BONITO,4.000000,0.000000,6.000000,6.000000,,0.003829,"Emplacamentos BEV/PHEV ABVE; frota ampla SENATRAN ago/2026 e indicadores IBGE 2022, quando presentes, são medidas separadas. Recarga ABVE/Tupi ago/2026."
RS,BARAO DE COTEGIPE,0.000000,1.000000,7.000000,6.000000,600.000000,0.003829,"Emplacamentos BEV/PHEV ABVE; frota ampla SENATRAN ago/2026 e indicadores IBGE 2022, quando presentes, são medidas separadas. Recarga ABVE/Tupi ago/2026."
SP,ARACARIGUAMA,13.000000,10.000000,16.000000,6.000000,60.000000,0.003829,"Emplacamentos BEV/PHEV ABVE; frota ampla SENATRAN ago/2026 e indicadores IBGE 2022, quando presentes, são medidas separadas. Recarga ABVE/Tupi ago/2026."
BA,JAGUAQUARA,1.000000,1.000000,7.000000,6.000000,600.000000,0.003829,"Emplacamentos BEV/PHEV ABVE; frota ampla SENATRAN ago/2026 e indicadores IBGE 2022, quando presentes, são medidas separadas. Recarga ABVE/Tupi ago/2026."
PB,SAO JOSE DE PIRANHAS,0.000000,0.000000,6.000000,6.000000,,0.003829,"Emplacamentos BEV/PHEV ABVE; frota ampla SENATRAN ago/2026 e indicadores IBGE 2022, quando presentes, são medidas separadas. Recarga ABVE/Tupi ago/2026."
MG,VISCONDE DO RIO BRANCO,5.000000,2.000000,8.000000,6.000000,300.000000,0.003829,"Emplacamentos BEV/PHEV ABVE; frota ampla SENATRAN ago/2026 e indicadores IBGE 2022, quando presentes, são medidas separadas. Recarga ABVE/Tupi ago/2026."
SE,ITABAIANINHA,3.000000,4.000000,10.000000,6.000000,150.000000,0.003829,"Emplacamentos BEV/PHEV ABVE; frota ampla SENATRAN ago/2026 e indicadores IBGE 2022, quando presentes, são medidas separadas. Recarga ABVE/Tupi ago/2026."
PR,FLORESTA,1.000000,0.000000,6.000000,6.000000,,0.003829,"Emplacamentos BEV/PHEV ABVE; frota ampla SENATRAN ago/2026 e indicadores IBGE 2022, quando presentes, são medidas separadas. Recarga ABVE/Tupi ago/2026."
SP,TANABI,7.000000,10.000000,16.000000,6.000000,60.000000,0.003829,"Emplacamentos BEV/PHEV ABVE; frota ampla SENATRAN ago/2026 e indicadores IBGE 2022, quando presentes, são medidas separadas. Recarga ABVE/Tupi ago/2026."
SC,SAO MIGUEL DO OESTE,9.000000,5.000000,11.000000,6.000000,120.000000,0.003829,"Emplacamentos BEV/PHEV ABVE; frota ampla SENATRAN ago/2026 e indicadores IBGE 2022, quando presentes, são medidas separadas. Recarga ABVE/Tupi ago/2026."
MA,SANTA LUZIA DO PARUA,0.000000,0.000000,6.000000,6.000000,,0.003829,"Emplacamentos BEV/PHEV ABVE; frota ampla SENATRAN ago/2026 e indicadores IBGE 2022, quando presentes, são medidas separadas. Recarga ABVE/Tupi ago/2026."
RJ,MENDES,0.000000,1.000000,7.000000,6.000000,600.000000,0.003829,"Emplacamentos BEV/PHEV ABVE; frota ampla SENATRAN ago/2026 e indicadores IBGE 2022, quando presentes, são medidas separadas. Recarga ABVE/Tupi ago/2026."
SP,ALTINOPOLIS,2.000000,2.000000,8.000000,6.000000,300.000000,0.003829,"Emplacamentos BEV/PHEV ABVE; frota ampla SENATRAN ago/2026 e indicadores IBGE 2022, quando presentes, são medidas separadas. Recarga ABVE/Tupi ago/2026."
MA,BALSAS,16.000000,49.000000,55.000000,6.000000,12.244898,0.003829,"Emplacamentos BEV/PHEV ABVE; frota ampla SENATRAN ago/2026 e indicadores IBGE 2022, quando presentes, são medidas separadas. Recarga ABVE/Tupi ago/2026."
AM,IRANDUBA,1.000000,1.000000,7.000000,6.000000,600.000000,0.003829,"Emplacamentos BEV/PHEV ABVE; frota ampla SENATRAN ago/2026 e indicadores IBGE 2022, quando presentes, são medidas separadas. Recarga ABVE/Tupi ago/2026."
RS,ARARICA,4.000000,3.000000,9.000000,6.000000,200.000000,0.003829,"Emplacamentos BEV/PHEV ABVE; frota ampla SENATRAN ago/2026 e indicadores IBGE 2022, quando presentes, são medidas separadas. Recarga ABVE/Tupi ago/2026."
RS,PAVERAMA,0.000000,1.000000,7.000000,6.000000,600.000000,0.003829,"Emplacamentos BEV/PHEV ABVE; frota ampla SENATRAN ago/2026 e indicadores IBGE 2022, quando presentes, são medidas separadas. Recarga ABVE/Tupi ago/2026."
MS,AMAMBAI,2.000000,4.000000,10.000000,6.000000,150.000000,0.003829,"Emplacamentos BEV/PHEV ABVE; frota ampla SENATRAN ago/2026 e indicadores IBGE 2022, quando presentes, são medidas separadas. Recarga ABVE/Tupi ago/2026."
SP,BORBOREMA,3.000000,1.000000,7.000000,6.000000,600.000000,0.003829,"Emplacamentos BEV/PHEV ABVE; frota ampla SENATRAN ago/2026 e indicadores IBGE 2022, quando presentes, são medidas separadas. Recarga ABVE/Tupi ago/2026."
RJ,PARAIBA DO SUL,2.000000,4.000000,10.000000,6.000000,150.000000,0.003829,"Emplacamentos BEV/PHEV ABVE; frota ampla SENATRAN ago/2026 e indicadores IBGE 2022, quando presentes, são medidas separadas. Recarga ABVE/Tupi ago/2026."
RJ,PORCIUNCULA,0.000000,2.000000,8.000000,6.000000,300.000000,0.003829,"Emplacamentos BEV/PHEV ABVE; frota ampla SENATRAN ago/2026 e indicadores IBGE 2022, quando presentes, são medidas separadas. Recarga ABVE/Tupi ago/2026."
PI,VALENCA DO PIAUI,0.000000,1.000000,7.000000,6.000000,600.000000,0.003829,"Emplacamentos BEV/PHEV ABVE; frota ampla SENATRAN ago/2026 e indicadores IBGE 2022, quando presentes, são medidas separadas. Recarga ABVE/Tupi ago/2026."
AL,MATRIZ DE CAMARAGIBE,1.000000,1.000000,7.000000,6.000000,600.000000,0.003829,"Emplacamentos BEV/PHEV ABVE; frota ampla SENATRAN ago/2026 e indicadores IBGE 2022, quando presentes, são medidas separadas. Recarga ABVE/Tupi ago/2026."
RN,CARNAUBA DOS DANTAS,1.000000,0.000000,6.000000,6.000000,,0.003829,"Emplacamentos BEV/PHEV ABVE; frota ampla SENATRAN ago/2026 e indicadores IBGE 2022, quando presentes, são medidas separadas. Recarga ABVE/Tupi ago/2026."
MG,MATOZINHOS,0.000000,1.000000,7.000000,6.000000,600.000000,0.003829,"Emplacamentos BEV/PHEV ABVE; frota ampla SENATRAN ago/2026 e indicadores IBGE 2022, quando presentes, são medidas separadas. Recarga ABVE/Tupi ago/2026."
RJ,TANGUA,0.000000,2.000000,8.000000,6.000000,300.000000,0.003829,"Emplacamentos BEV/PHEV ABVE; frota ampla SENATRAN ago/2026 e indicadores IBGE 2022, quando presentes, são medidas separadas. Recarga ABVE/Tupi ago/2026."
CE,INDEPENDENCIA,0.000000,0.000000,6.000000,6.000000,,0.003829,"Emplacamentos BEV/PHEV ABVE; frota ampla SENATRAN ago/2026 e indicadores IBGE 2022, quando presentes, são medidas separadas. Recarga ABVE/Tupi ago/2026."
RS,EREBANGO,1.000000,0.000000,6.000000,6.000000,,0.003829,"Emplacamentos BEV/PHEV ABVE; frota ampla SENATRAN ago/2026 e indicadores IBGE 2022, quando presentes, são medidas separadas. Recarga ABVE/Tupi ago/2026."
MT,JUARA,2.000000,4.000000,10.000000,6.000000,150.000000,0.003829,"Emplacamentos BEV/PHEV ABVE; frota ampla SENATRAN ago/2026 e indicadores IBGE 2022, quando presentes, são medidas separadas. Recarga ABVE/Tupi ago/2026."
MT,MATUPA,0.000000,3.000000,9.000000,6.000000,200.000000,0.003829,"Emplacamentos BEV/PHEV ABVE; frota ampla SENATRAN ago/2026 e indicadores IBGE 2022, quando presentes, são medidas separadas. Recarga ABVE/Tupi ago/2026."
PR,JAGUARIAIVA,3.000000,2.000000,8.000000,6.000000,300.000000,0.003829,"Emplacamentos BEV/PHEV ABVE; frota ampla SENATRAN ago/2026 e indicadores IBGE 2022, quando presentes, são medidas separadas. Recarga ABVE/Tupi ago/2026."
BA,CAPIM GROSSO,2.000000,3.000000,9.000000,6.000000,200.000000,0.003829,"Emplacamentos BEV/PHEV ABVE; frota ampla SENATRAN ago/2026 e indicadores IBGE 2022, quando presentes, são medidas separadas. Recarga ABVE/Tupi ago/2026."
RS,CAPELA DE SANTANA,1.000000,3.000000,9.000000,6.000000,200.000000,0.003829,"Emplacamentos BEV/PHEV ABVE; frota ampla SENATRAN ago/2026 e indicadores IBGE 2022, quando presentes, são medidas separadas. Recarga ABVE/Tupi ago/2026."
PB,CUITE,1.000000,0.000000,6.000000,6.000000,,0.003829,"Emplacamentos BEV/PHEV ABVE; frota ampla SENATRAN ago/2026 e indicadores IBGE 2022, quando presentes, são medidas separadas. Recarga ABVE/Tupi ago/2026."
PB,ALAGOA GRANDE,0.000000,1.000000,7.000000,6.000000,600.000000,0.003829,"Emplacamentos BEV/PHEV ABVE; frota ampla SENATRAN ago/2026 e indicadores IBGE 2022, quando presentes, são medidas separadas. Recarga ABVE/Tupi ago/2026."
CE,TABULEIRO DO NORTE,1.000000,0.000000,6.000000,6.000000,,0.003829,"Emplacamentos BEV/PHEV ABVE; frota ampla SENATRAN ago/2026 e indicadores IBGE 2022, quando presentes, são medidas separadas. Recarga ABVE/Tupi ago/2026."
GO,NEROPOLIS,3.000000,4.000000,10.000000,6.000000,150.000000,0.003829,"Emplacamentos BEV/PHEV ABVE; frota ampla SENATRAN ago/2026 e indicadores IBGE 2022, quando presentes, são medidas separadas. Recarga ABVE/Tupi ago/2026."
CE,ICAPUI,0.000000,0.000000,6.000000,6.000000,,0.003829,"Emplacamentos BEV/PHEV ABVE; frota ampla SENATRAN ago/2026 e indicadores IBGE 2022, quando presentes, são medidas separadas. Recarga ABVE/Tupi ago/2026."
RJ,NATIVIDADE,1.000000,1.000000,7.000000,6.000000,600.000000,0.003829,"Emplacamentos BEV/PHEV ABVE; frota ampla SENATRAN ago/2026 e indicadores IBGE 2022, quando presentes, são medidas separadas. Recarga ABVE/Tupi ago/2026."
SP,PINHALZINHO,3.000000,1.000000,7.000000,6.000000,600.000000,0.003829,"Emplacamentos BEV/PHEV ABVE; frota ampla SENATRAN ago/2026 e indicadores IBGE 2022, quando presentes, são medidas separadas. Recarga ABVE/Tupi ago/2026."
SP,PIRAJU,3.000000,3.000000,9.000000,6.000000,200.000000,0.003829,"Emplacamentos BEV/PHEV ABVE; frota ampla SENATRAN ago/2026 e indicadores IBGE 2022, quando presentes, são medidas separadas. Recarga ABVE/Tupi ago/2026."
AL,TAQUARANA,0.000000,5.000000,11.000000,6.000000,120.000000,0.003829,"Emplacamentos BEV/PHEV ABVE; frota ampla SENATRAN ago/2026 e indicadores IBGE 2022, quando presentes, são medidas separadas. Recarga ABVE/Tupi ago/2026."
AL,VICOSA,1.000000,0.000000,6.000000,6.000000,,0.003829,"Emplacamentos BEV/PHEV ABVE; frota ampla SENATRAN ago/2026 e indicadores IBGE 2022, quando presentes, são medidas separadas. Recarga ABVE/Tupi ago/2026."
MT,PONTES E LACERDA,2.000000,15.000000,21.000000,6.000000,40.000000,0.003829,"Emplacamentos BEV/PHEV ABVE; frota ampla SENATRAN ago/2026 e indicadores IBGE 2022, quando presentes, são medidas separadas. Recarga ABVE/Tupi ago/2026."
TO,PORTO NACIONAL,4.000000,6.000000,12.000000,6.000000,100.000000,0.003829,"Emplacamentos BEV/PHEV ABVE; frota ampla SENATRAN ago/2026 e indicadores IBGE 2022, quando presentes, são medidas separadas. Recarga ABVE/Tupi ago/2026."
TO,AUGUSTINOPOLIS,0.000000,0.000000,6.000000,6.000000,,0.003829,"Emplacamentos BEV/PHEV ABVE; frota ampla SENATRAN ago/2026 e indicadores IBGE 2022, quando presentes, são medidas separadas. Recarga ABVE/Tupi ago/2026."
AL,BARRA DE SANTO ANTONIO,1.000000,1.000000,7.000000,6.000000,600.000000,0.003829,"Emplacamentos BEV/PHEV ABVE; frota ampla SENATRAN ago/2026 e indicadores IBGE 2022, quando presentes, são medidas separadas. Recarga ABVE/Tupi ago/2026."
RS,HORIZONTINA,1.000000,1.000000,7.000000,6.000000,600.000000,0.003829,"Emplacamentos BEV/PHEV ABVE; frota ampla SENATRAN ago/2026 e indicadores IBGE 2022, quando presentes, são medidas separadas. Recarga ABVE/Tupi ago/2026."
SP,URUPES,8.000000,2.000000,8.000000,6.000000,300.000000,0.003829,"Emplacamentos BEV/PHEV ABVE; frota ampla SENATRAN ago/2026 e indicadores IBGE 2022, quando presentes, são medidas separadas. Recarga ABVE/Tupi ago/2026."
PR,ORTIGUEIRA,0.000000,0.000000,6.000000,6.000000,,0.003829,"Emplacamentos BEV/PHEV ABVE; frota ampla SENATRAN ago/2026 e indicadores IBGE 2022, quando presentes, são medidas separadas. Recarga ABVE/Tupi ago/2026."
PR,PITANGA,2.000000,5.000000,11.000000,6.000000,120.000000,0.003829,"Emplacamentos BEV/PHEV ABVE; frota ampla SENATRAN ago/2026 e indicadores IBGE 2022, quando presentes, são medidas separadas. Recarga ABVE/Tupi ago/2026."
MA,SAO MATEUS DO MARANHAO,0.000000,2.000000,8.000000,6.000000,300.000000,0.003829,"Emplacamentos BEV/PHEV ABVE; frota ampla SENATRAN ago/2026 e indicadores IBGE 2022, quando presentes, são medidas separadas. Recarga ABVE/Tupi ago/2026."
MG,CAMPO BELO,3.000000,1.000000,7.000000,6.000000,600.000000,0.003829,"Emplacamentos BEV/PHEV ABVE; frota ampla SENATRAN ago/2026 e indicadores IBGE 2022, quando presentes, são medidas separadas. Recarga ABVE/Tupi ago/2026."
SP,SANTA CRUZ DAS PALMEIRAS,3.000000,5.000000,11.000000,6.000000,120.000000,0.003829,"Emplacamentos BEV/PHEV ABVE; frota ampla SENATRAN ago/2026 e indicadores IBGE 2022, quando presentes, são medidas separadas. Recarga ABVE/Tupi ago/2026."
AC,PORTO ACRE,0.000000,0.000000,5.000000,5.000000,,0.003190,"Emplacamentos BEV/PHEV ABVE; frota ampla SENATRAN ago/2026 e indicadores IBGE 2022, quando presentes, são medidas separadas. Recarga ABVE/Tupi ago/2026."
SP,VALPARAISO,0.000000,1.000000,6.000000,5.000000,500.000000,0.003190,"Emplacamentos BEV/PHEV ABVE; frota ampla SENATRAN ago/2026 e indicadores IBGE 2022, quando presentes, são medidas separadas. Recarga ABVE/Tupi ago/2026."
SC,LEBON REGIS,1.000000,0.000000,5.000000,5.000000,,0.003190,"Emplacamentos BEV/PHEV ABVE; frota ampla SENATRAN ago/2026 e indicadores IBGE 2022, quando presentes, são medidas separadas. Recarga ABVE/Tupi ago/2026."
ES,SAO ROQUE DO CANAA,0.000000,1.000000,6.000000,5.000000,500.000000,0.003190,"Emplacamentos BEV/PHEV ABVE; frota ampla SENATRAN ago/2026 e indicadores IBGE 2022, quando presentes, são medidas separadas. Recarga ABVE/Tupi ago/2026."
BA,ESPLANADA,0.000000,1.000000,6.000000,5.000000,500.000000,0.003190,"Emplacamentos BEV/PHEV ABVE; frota ampla SENATRAN ago/2026 e indicadores IBGE 2022, quando presentes, são medidas separadas. Recarga ABVE/Tupi ago/2026."
BA,ENCRUZILHADA,0.000000,0.000000,5.000000,5.000000,,0.003190,"Emplacamentos BEV/PHEV ABVE; frota ampla SENATRAN ago/2026 e indicadores IBGE 2022, quando presentes, são medidas separadas. Recarga ABVE/Tupi ago/2026."
PR,PIRAI DO SUL,1.000000,1.000000,6.000000,5.000000,500.000000,0.003190,"Emplacamentos BEV/PHEV ABVE; frota ampla SENATRAN ago/2026 e indicadores IBGE 2022, quando presentes, são medidas separadas. Recarga ABVE/Tupi ago/2026."
CE,FORTIM,0.000000,1.000000,6.000000,5.000000,500.000000,0.003190,"Emplacamentos BEV/PHEV ABVE; frota ampla SENATRAN ago/2026 e indicadores IBGE 2022, quando presentes, são medidas separadas. Recarga ABVE/Tupi ago/2026."
CE,FORQUILHA,1.000000,1.000000,6.000000,5.000000,500.000000,0.003190,"Emplacamentos BEV/PHEV ABVE; frota ampla SENATRAN ago/2026 e indicadores IBGE 2022, quando presentes, são medidas separadas. Recarga ABVE/Tupi ago/2026."
RN,SAO MIGUEL DO GOSTOSO,0.000000,2.000000,7.000000,5.000000,250.000000,0.003190,"Emplacamentos BEV/PHEV ABVE; frota ampla SENATRAN ago/2026 e indicadores IBGE 2022, quando presentes, são medidas separadas. Recarga ABVE/Tupi ago/2026."
MA,VITORIA DO MEARIM,0.000000,0.000000,5.000000,5.000000,,0.003190,"Emplacamentos BEV/PHEV ABVE; frota ampla SENATRAN ago/2026 e indicadores IBGE 2022, quando presentes, são medidas separadas. Recarga ABVE/Tupi ago/2026."
MA,TUTOIA,0.000000,2.000000,7.000000,5.000000,250.000000,0.003190,"Emplacamentos BEV/PHEV ABVE; frota ampla SENATRAN ago/2026 e indicadores IBGE 2022, quando presentes, são medidas separadas. Recarga ABVE/Tupi ago/2026."
PR,SANTA ISABEL DO IVAI,2.000000,1.000000,6.000000,5.000000,500.000000,0.003190,"Emplacamentos BEV/PHEV ABVE; frota ampla SENATRAN ago/2026 e indicadores IBGE 2022, quando presentes, são medidas separadas. Recarga ABVE/Tupi ago/2026."
MA,CANTANHEDE,0.000000,0.000000,5.000000,5.000000,,0.003190,"Emplacamentos BEV/PHEV ABVE; frota ampla SENATRAN ago/2026 e indicadores IBGE 2022, quando presentes, são medidas separadas. Recarga ABVE/Tupi ago/2026."
AL,TRAIPU,2.000000,2.000000,7.000000,5.000000,250.000000,0.003190,"Emplacamentos BEV/PHEV ABVE; frota ampla SENATRAN ago/2026 e indicadores IBGE 2022, quando presentes, são medidas separadas. Recarga ABVE/Tupi ago/2026."
SP,PILAR DO SUL,4.000000,7.000000,12.000000,5.000000,71.428571,0.003190,"Emplacamentos BEV/PHEV ABVE; frota ampla SENATRAN ago/2026 e indicadores IBGE 2022, quando presentes, são medidas separadas. Recarga ABVE/Tupi ago/2026."
TO,GURUPI,9.000000,7.000000,12.000000,5.000000,71.428571,0.003190,"Emplacamentos BEV/PHEV ABVE; frota ampla SENATRAN ago/2026 e indicadores IBGE 2022, quando presentes, são medidas separadas. Recarga ABVE/Tupi ago/2026."
CE,ICO,0.000000,0.000000,5.000000,5.000000,,0.003190,"Emplacamentos BEV/PHEV ABVE; frota ampla SENATRAN ago/2026 e indicadores IBGE 2022, quando presentes, são medidas separadas. Recarga ABVE/Tupi ago/2026."
RS,FAXINAL DO SOTURNO,1.000000,1.000000,6.000000,5.000000,500.000000,0.003190,"Emplacamentos BEV/PHEV ABVE; frota ampla SENATRAN ago/2026 e indicadores IBGE 2022, quando presentes, são medidas separadas. Recarga ABVE/Tupi ago/2026."
SC,ITAIOPOLIS,0.000000,2.000000,7.000000,5.000000,250.000000,0.003190,"Emplacamentos BEV/PHEV ABVE; frota ampla SENATRAN ago/2026 e indicadores IBGE 2022, quando presentes, são medidas separadas. Recarga ABVE/Tupi ago/2026."
SP,IRACEMAPOLIS,3.000000,6.000000,11.000000,5.000000,83.333333,0.003190,"Emplacamentos BEV/PHEV ABVE; frota ampla SENATRAN ago/2026 e indicadores IBGE 2022, quando presentes, são medidas separadas. Recarga ABVE/Tupi ago/2026."
RJ,RIO DAS FLORES,0.000000,0.000000,5.000000,5.000000,,0.003190,"Emplacamentos BEV/PHEV ABVE; frota ampla SENATRAN ago/2026 e indicadores IBGE 2022, quando presentes, são medidas separadas. Recarga ABVE/Tupi ago/2026."
SP,RANCHARIA,0.000000,4.000000,9.000000,5.000000,125.000000,0.003190,"Emplacamentos BEV/PHEV ABVE; frota ampla SENATRAN ago/2026 e indicadores IBGE 2022, quando presentes, são medidas separadas. Recarga ABVE/Tupi ago/2026."
MS,JARAGUARI,2.000000,1.000000,6.000000,5.000000,500.000000,0.003190,"Emplacamentos BEV/PHEV ABVE; frota ampla SENATRAN ago/2026 e indicadores IBGE 2022, quando presentes, são medidas separadas. Recarga ABVE/Tupi ago/2026."
PA,SAO MIGUEL DO GUAMA,2.000000,2.000000,7.000000,5.000000,250.000000,0.003190,"Emplacamentos BEV/PHEV ABVE; frota ampla SENATRAN ago/2026 e indicadores IBGE 2022, quando presentes, são medidas separadas. Recarga ABVE/Tupi ago/2026."
PB,BELEM,0.000000,0.000000,5.000000,5.000000,,0.003190,"Emplacamentos BEV/PHEV ABVE; frota ampla SENATRAN ago/2026 e indicadores IBGE 2022, quando presentes, são medidas separadas. Recarga ABVE/Tupi ago/2026."
PB,ALAGOINHA,0.000000,1.000000,6.000000,5.000000,500.000000,0.003190,"Emplacamentos BEV/PHEV ABVE; frota ampla SENATRAN ago/2026 e indicadores IBGE 2022, quando presentes, são medidas separadas. Recarga ABVE/Tupi ago/2026."
RS,CATUIPE,2.000000,0.000000,5.000000,5.000000,,0.003190,"Emplacamentos BEV/PHEV ABVE; frota ampla SENATRAN ago/2026 e indicadores IBGE 2022, quando presentes, são medidas separadas. Recarga ABVE/Tupi ago/2026."
BA,SITIO DO QUINTO,0.000000,1.000000,6.000000,5.000000,500.000000,0.003190,"Emplacamentos BEV/PHEV ABVE; frota ampla SENATRAN ago/2026 e indicadores IBGE 2022, quando presentes, são medidas separadas. Recarga ABVE/Tupi ago/2026."
BA,CASA NOVA,0.000000,0.000000,5.000000,5.000000,,0.003190,"Emplacamentos BEV/PHEV ABVE; frota ampla SENATRAN ago/2026 e indicadores IBGE 2022, quando presentes, são medidas separadas. Recarga ABVE/Tupi ago/2026."
PR,LAPA,1.000000,5.000000,10.000000,5.000000,100.000000,0.003190,"Emplacamentos BEV/PHEV ABVE; frota ampla SENATRAN ago/2026 e indicadores IBGE 2022, quando presentes, são medidas separadas. Recarga ABVE/Tupi ago/2026."
PR,IVAIPORA,4.000000,8.000000,13.000000,5.000000,62.500000,0.003190,"Emplacamentos BEV/PHEV ABVE; frota ampla SENATRAN ago/2026 e indicadores IBGE 2022, quando presentes, são medidas separadas. Recarga ABVE/Tupi ago/2026."
PR,ITAPERUCU,1.000000,2.000000,7.000000,5.000000,250.000000,0.003190,"Emplacamentos BEV/PHEV ABVE; frota ampla SENATRAN ago/2026 e indicadores IBGE 2022, quando presentes, são medidas separadas. Recarga ABVE/Tupi ago/2026."
BA,IBICARAI,0.000000,0.000000,5.000000,5.000000,,0.003190,"Emplacamentos BEV/PHEV ABVE; frota ampla SENATRAN ago/2026 e indicadores IBGE 2022, quando presentes, são medidas separadas. Recarga ABVE/Tupi ago/2026."
RS,MARCELINO RAMOS,0.000000,2.000000,7.000000,5.000000,250.000000,0.003190,"Emplacamentos BEV/PHEV ABVE; frota ampla SENATRAN ago/2026 e indicadores IBGE 2022, quando presentes, são medidas separadas. Recarga ABVE/Tupi ago/2026."
PA,CURIONOPOLIS,0.000000,0.000000,5.000000,5.000000,,0.003190,"Emplacamentos BEV/PHEV ABVE; frota ampla SENATRAN ago/2026 e indicadores IBGE 2022, quando presentes, são medidas separadas. Recarga ABVE/Tupi ago/2026."
RS,CRUZEIRO DO SUL,1.000000,1.000000,6.000000,5.000000,500.000000,0.003190,"Emplacamentos BEV/PHEV ABVE; frota ampla SENATRAN ago/2026 e indicadores IBGE 2022, quando presentes, são medidas separadas. Recarga ABVE/Tupi ago/2026."
RJ,QUATIS,1.000000,0.000000,5.000000,5.000000,,0.003190,"Emplacamentos BEV/PHEV ABVE; frota ampla SENATRAN ago/2026 e indicadores IBGE 2022, quando presentes, são medidas separadas. Recarga ABVE/Tupi ago/2026."
MG,MATIAS BARBOSA,5.000000,3.000000,8.000000,5.000000,166.666667,0.003190,"Emplacamentos BEV/PHEV ABVE; frota ampla SENATRAN ago/2026 e indicadores IBGE 2022, quando presentes, são medidas separadas. Recarga ABVE/Tupi ago/2026."
BA,NAZARE,0.000000,0.000000,5.000000,5.000000,,0.003190,"Emplacamentos BEV/PHEV ABVE; frota ampla SENATRAN ago/2026 e indicadores IBGE 2022, quando presentes, são medidas separadas. Recarga ABVE/Tupi ago/2026."
RJ,SAPUCAIA,2.000000,0.000000,5.000000,5.000000,,0.003190,"Emplacamentos BEV/PHEV ABVE; frota ampla SENATRAN ago/2026 e indicadores IBGE 2022, quando presentes, são medidas separadas. Recarga ABVE/Tupi ago/2026."
CE,VARZEA ALEGRE,1.000000,1.000000,6.000000,5.000000,500.000000,0.003190,"Emplacamentos BEV/PHEV ABVE; frota ampla SENATRAN ago/2026 e indicadores IBGE 2022, quando presentes, são medidas separadas. Recarga ABVE/Tupi ago/2026."
MG,OURO BRANCO,3.000000,3.000000,8.000000,5.000000,166.666667,0.003190,"Emplacamentos BEV/PHEV ABVE; frota ampla SENATRAN ago/2026 e indicadores IBGE 2022, quando presentes, são medidas separadas. Recarga ABVE/Tupi ago/2026."
PB,MARI,1.000000,3.000000,8.000000,5.000000,166.666667,0.003190,"Emplacamentos BEV/PHEV ABVE; frota ampla SENATRAN ago/2026 e indicadores IBGE 2022, quando presentes, são medidas separadas. Recarga ABVE/Tupi ago/2026."
PB,ITAPORANGA,2.000000,1.000000,6.000000,5.000000,500.000000,0.003190,"Emplacamentos BEV/PHEV ABVE; frota ampla SENATRAN ago/2026 e indicadores IBGE 2022, quando presentes, são medidas separadas. Recarga ABVE/Tupi ago/2026."
RS,BARRA DO RIBEIRO,2.000000,0.000000,5.000000,5.000000,,0.003190,"Emplacamentos BEV/PHEV ABVE; frota ampla SENATRAN ago/2026 e indicadores IBGE 2022, quando presentes, são medidas separadas. Recarga ABVE/Tupi ago/2026."
RS,BUTIA,3.000000,4.000000,9.000000,5.000000,125.000000,0.003190,"Emplacamentos BEV/PHEV ABVE; frota ampla SENATRAN ago/2026 e indicadores IBGE 2022, quando presentes, são medidas separadas. Recarga ABVE/Tupi ago/2026."
SP,ORIENTE,3.000000,4.000000,9.000000,5.000000,125.000000,0.003190,"Emplacamentos BEV/PHEV ABVE; frota ampla SENATRAN ago/2026 e indicadores IBGE 2022, quando presentes, são medidas separadas. Recarga ABVE/Tupi ago/2026."
PR,CARAMBEI,0.000000,8.000000,13.000000,5.000000,62.500000,0.003190,"Emplacamentos BEV/PHEV ABVE; frota ampla SENATRAN ago/2026 e indicadores IBGE 2022, quando presentes, são medidas separadas. Recarga ABVE/Tupi ago/2026."
PR,BITURUNA,0.000000,0.000000,5.000000,5.000000,,0.003190,"Emplacamentos BEV/PHEV ABVE; frota ampla SENATRAN ago/2026 e indicadores IBGE 2022, quando presentes, são medidas separadas. Recarga ABVE/Tupi ago/2026."
SP,TABATINGA,9.000000,4.000000,9.000000,5.000000,125.000000,0.003190,"Emplacamentos BEV/PHEV ABVE; frota ampla SENATRAN ago/2026 e indicadores IBGE 2022, quando presentes, são medidas separadas. Recarga ABVE/Tupi ago/2026."
SP,SARAPUI,1.000000,1.000000,6.000000,5.000000,500.000000,0.003190,"Emplacamentos BEV/PHEV ABVE; frota ampla SENATRAN ago/2026 e indicadores IBGE 2022, quando presentes, são medidas separadas. Recarga ABVE/Tupi ago/2026."
GO,FORMOSA,0.000000,0.000000,5.000000,5.000000,,0.003190,"Emplacamentos BEV/PHEV ABVE; frota ampla SENATRAN ago/2026 e indicadores IBGE 2022, quando presentes, são medidas separadas. Recarga ABVE/Tupi ago/2026."
GO,ITAUCU,0.000000,0.000000,5.000000,5.000000,,0.003190,"Emplacamentos BEV/PHEV ABVE; frota ampla SENATRAN ago/2026 e indicadores IBGE 2022, quando presentes, são medidas separadas. Recarga ABVE/Tupi ago/2026."
GO,INDIARA,0.000000,1.000000,6.000000,5.000000,500.000000,0.003190,"Emplacamentos BEV/PHEV ABVE; frota ampla SENATRAN ago/2026 e indicadores IBGE 2022, quando presentes, são medidas separadas. Recarga ABVE/Tupi ago/2026."
PR,CAMBARA,1.000000,1.000000,6.000000,5.000000,500.000000,0.003190,"Emplacamentos BEV/PHEV ABVE; frota ampla SENATRAN ago/2026 e indicadores IBGE 2022, quando presentes, são medidas separadas. Recarga ABVE/Tupi ago/2026."
ES,MONTANHA,2.000000,3.000000,8.000000,5.000000,166.666667,0.003190,"Emplacamentos BEV/PHEV ABVE; frota ampla SENATRAN ago/2026 e indicadores IBGE 2022, quando presentes, são medidas separadas. Recarga ABVE/Tupi ago/2026."
ES,BOM JESUS DO NORTE,8.000000,1.000000,6.000000,5.000000,500.000000,0.003190,"Emplacamentos BEV/PHEV ABVE; frota ampla SENATRAN ago/2026 e indicadores IBGE 2022, quando presentes, são medidas separadas. Recarga ABVE/Tupi ago/2026."
ES,BOA ESPERANCA,0.000000,1.000000,6.000000,5.000000,500.000000,0.003190,"Emplacamentos BEV/PHEV ABVE; frota ampla SENATRAN ago/2026 e indicadores IBGE 2022, quando presentes, são medidas separadas. Recarga ABVE/Tupi ago/2026."
ES,ALFREDO CHAVES,7.000000,6.000000,11.000000,5.000000,83.333333,0.003190,"Emplacamentos BEV/PHEV ABVE; frota ampla SENATRAN ago/2026 e indicadores IBGE 2022, quando presentes, são medidas separadas. Recarga ABVE/Tupi ago/2026."
RJ,PORTO REAL,1.000000,2.000000,7.000000,5.000000,250.000000,0.003190,"Emplacamentos BEV/PHEV ABVE; frota ampla SENATRAN ago/2026 e indicadores IBGE 2022, quando presentes, são medidas separadas. Recarga ABVE/Tupi ago/2026."
SP,NOVO HORIZONTE,8.000000,9.000000,14.000000,5.000000,55.555556,0.003190,"Emplacamentos BEV/PHEV ABVE; frota ampla SENATRAN ago/2026 e indicadores IBGE 2022, quando presentes, são medidas separadas. Recarga ABVE/Tupi ago/2026."
PI,ESPERANTINA,4.000000,2.000000,7.000000,5.000000,250.000000,0.003190,"Emplacamentos BEV/PHEV ABVE; frota ampla SENATRAN ago/2026 e indicadores IBGE 2022, quando presentes, são medidas separadas. Recarga ABVE/Tupi ago/2026."
PI,DEMERVAL LOBAO,0.000000,0.000000,5.000000,5.000000,,0.003190,"Emplacamentos BEV/PHEV ABVE; frota ampla SENATRAN ago/2026 e indicadores IBGE 2022, quando presentes, são medidas separadas. Recarga ABVE/Tupi ago/2026."
BA,INHAMBUPE,0.000000,2.000000,7.000000,5.000000,250.000000,0.003190,"Emplacamentos BEV/PHEV ABVE; frota ampla SENATRAN ago/2026 e indicadores IBGE 2022, quando presentes, são medidas separadas. Recarga ABVE/Tupi ago/2026."
BA,CAMPO FORMOSO,0.000000,0.000000,5.000000,5.000000,,0.003190,"Emplacamentos BEV/PHEV ABVE; frota ampla SENATRAN ago/2026 e indicadores IBGE 2022, quando presentes, são medidas separadas. Recarga ABVE/Tupi ago/2026."
RS,PALMEIRA DAS MISSOES,3.000000,2.000000,7.000000,5.000000,250.000000,0.003190,"Emplacamentos BEV/PHEV ABVE; frota ampla SENATRAN ago/2026 e indicadores IBGE 2022, quando presentes, são medidas separadas. Recarga ABVE/Tupi ago/2026."
RS,ARROIO GRANDE,0.000000,0.000000,5.000000,5.000000,,0.003190,"Emplacamentos BEV/PHEV ABVE; frota ampla SENATRAN ago/2026 e indicadores IBGE 2022, quando presentes, são medidas separadas. Recarga ABVE/Tupi ago/2026."
SP,MONTE AZUL PAULISTA,6.000000,6.000000,11.000000,5.000000,83.333333,0.003190,"Emplacamentos BEV/PHEV ABVE; frota ampla SENATRAN ago/2026 e indicadores IBGE 2022, quando presentes, são medidas separadas. Recarga ABVE/Tupi ago/2026."
SP,MOMBUCA,0.000000,1.000000,6.000000,5.000000,500.000000,0.003190,"Emplacamentos BEV/PHEV ABVE; frota ampla SENATRAN ago/2026 e indicadores IBGE 2022, quando presentes, são medidas separadas. Recarga ABVE/Tupi ago/2026."
CE,MORADA NOVA,2.000000,3.000000,8.000000,5.000000,166.666667,0.003190,"Emplacamentos BEV/PHEV ABVE; frota ampla SENATRAN ago/2026 e indicadores IBGE 2022, quando presentes, são medidas separadas. Recarga ABVE/Tupi ago/2026."
SE,MOITA BONITA,0.000000,0.000000,5.000000,5.000000,,0.003190,"Emplacamentos BEV/PHEV ABVE; frota ampla SENATRAN ago/2026 e indicadores IBGE 2022, quando presentes, são medidas separadas. Recarga ABVE/Tupi ago/2026."
SE,ITAPORANGA D'AJUDA,1.000000,3.000000,8.000000,5.000000,166.666667,0.003190,"Emplacamentos BEV/PHEV ABVE; frota ampla SENATRAN ago/2026 e indicadores IBGE 2022, quando presentes, são medidas separadas. Recarga ABVE/Tupi ago/2026."
PR,ALTO PARANA,1.000000,1.000000,6.000000,5.000000,500.000000,0.003190,"Emplacamentos BEV/PHEV ABVE; frota ampla SENATRAN ago/2026 e indicadores IBGE 2022, quando presentes, são medidas separadas. Recarga ABVE/Tupi ago/2026."
MA,BARRA DO CORDA,2.000000,0.000000,5.000000,5.000000,,0.003190,"Emplacamentos BEV/PHEV ABVE; frota ampla SENATRAN ago/2026 e indicadores IBGE 2022, quando presentes, são medidas separadas. Recarga ABVE/Tupi ago/2026."
RJ,ITAOCARA,2.000000,2.000000,7.000000,5.000000,250.000000,0.003190,"Emplacamentos BEV/PHEV ABVE; frota ampla SENATRAN ago/2026 e indicadores IBGE 2022, quando presentes, são medidas separadas. Recarga ABVE/Tupi ago/2026."
MG,FRUTAL,3.000000,1.000000,6.000000,5.000000,500.000000,0.003190,"Emplacamentos BEV/PHEV ABVE; frota ampla SENATRAN ago/2026 e indicadores IBGE 2022, quando presentes, são medidas separadas. Recarga ABVE/Tupi ago/2026."
MA,SAO DOMINGOS DO MARANHAO,0.000000,2.000000,7.000000,5.000000,250.000000,0.003190,"Emplacamentos BEV/PHEV ABVE; frota ampla SENATRAN ago/2026 e indicadores IBGE 2022, quando presentes, são medidas separadas. Recarga ABVE/Tupi ago/2026."
SC,SAO JOSE DO CEDRO,0.000000,0.000000,5.000000,5.000000,,0.003190,"Emplacamentos BEV/PHEV ABVE; frota ampla SENATRAN ago/2026 e indicadores IBGE 2022, quando presentes, são medidas separadas. Recarga ABVE/Tupi ago/2026."
SC,SAO JOAQUIM,2.000000,2.000000,7.000000,5.000000,250.000000,0.003190,"Emplacamentos BEV/PHEV ABVE; frota ampla SENATRAN ago/2026 e indicadores IBGE 2022, quando presentes, são medidas separadas. Recarga ABVE/Tupi ago/2026."
SP,GUARIBA,5.000000,5.000000,10.000000,5.000000,100.000000,0.003190,"Emplacamentos BEV/PHEV ABVE; frota ampla SENATRAN ago/2026 e indicadores IBGE 2022, quando presentes, são medidas separadas. Recarga ABVE/Tupi ago/2026."
SP,ROSANA,1.000000,0.000000,5.000000,5.000000,,0.003190,"Emplacamentos BEV/PHEV ABVE; frota ampla SENATRAN ago/2026 e indicadores IBGE 2022, quando presentes, são medidas separadas. Recarga ABVE/Tupi ago/2026."
BA,JEREMOABO,0.000000,0.000000,5.000000,5.000000,,0.003190,"Emplacamentos BEV/PHEV ABVE; frota ampla SENATRAN ago/2026 e indicadores IBGE 2022, quando presentes, são medidas separadas. Recarga ABVE/Tupi ago/2026."
MS,APARECIDA DO TABOADO,0.000000,0.000000,5.000000,5.000000,,0.003190,"Emplacamentos BEV/PHEV ABVE; frota ampla SENATRAN ago/2026 e indicadores IBGE 2022, quando presentes, são medidas separadas. Recarga ABVE/Tupi ago/2026."
PE,TABIRA,2.000000,0.000000,5.000000,5.000000,,0.003190,"Emplacamentos BEV/PHEV ABVE; frota ampla SENATRAN ago/2026 e indicadores IBGE 2022, quando presentes, são medidas separadas. Recarga ABVE/Tupi ago/2026."
RN,NOVA CRUZ,3.000000,2.000000,7.000000,5.000000,250.000000,0.003190,"Emplacamentos BEV/PHEV ABVE; frota ampla SENATRAN ago/2026 e indicadores IBGE 2022, quando presentes, são medidas separadas. Recarga ABVE/Tupi ago/2026."
RN,MARTINS,0.000000,2.000000,7.000000,5.000000,250.000000,0.003190,"Emplacamentos BEV/PHEV ABVE; frota ampla SENATRAN ago/2026 e indicadores IBGE 2022, quando presentes, são medidas separadas. Recarga ABVE/Tupi ago/2026."
RN,GOIANINHA,2.000000,0.000000,5.000000,5.000000,,0.003190,"Emplacamentos BEV/PHEV ABVE; frota ampla SENATRAN ago/2026 e indicadores IBGE 2022, quando presentes, são medidas separadas. Recarga ABVE/Tupi ago/2026."
SC,TROMBUDO CENTRAL,1.000000,0.000000,5.000000,5.000000,,0.003190,"Emplacamentos BEV/PHEV ABVE; frota ampla SENATRAN ago/2026 e indicadores IBGE 2022, quando presentes, são medidas separadas. Recarga ABVE/Tupi ago/2026."
PE,SIRINHAEM,1.000000,0.000000,5.000000,5.000000,,0.003190,"Emplacamentos BEV/PHEV ABVE; frota ampla SENATRAN ago/2026 e indicadores IBGE 2022, quando presentes, são medidas separadas. Recarga ABVE/Tupi ago/2026."
SC,IMARUI,0.000000,0.000000,5.000000,5.000000,,0.003190,"Emplacamentos BEV/PHEV ABVE; frota ampla SENATRAN ago/2026 e indicadores IBGE 2022, quando presentes, são medidas separadas. Recarga ABVE/Tupi ago/2026."
GO,CAMPO LIMPO DE GOIAS,0.000000,0.000000,5.000000,5.000000,,0.003190,"Emplacamentos BEV/PHEV ABVE; frota ampla SENATRAN ago/2026 e indicadores IBGE 2022, quando presentes, são medidas separadas. Recarga ABVE/Tupi ago/2026."
PR,MISSAL,1.000000,0.000000,5.000000,5.000000,,0.003190,"Emplacamentos BEV/PHEV ABVE; frota ampla SENATRAN ago/2026 e indicadores IBGE 2022, quando presentes, são medidas separadas. Recarga ABVE/Tupi ago/2026."
SP,TAQUARITUBA,6.000000,7.000000,12.000000,5.000000,71.428571,0.003190,"Emplacamentos BEV/PHEV ABVE; frota ampla SENATRAN ago/2026 e indicadores IBGE 2022, quando presentes, são medidas separadas. Recarga ABVE/Tupi ago/2026."
SC,RIO DO OESTE,2.000000,0.000000,5.000000,5.000000,,0.003190,"Emplacamentos BEV/PHEV ABVE; frota ampla SENATRAN ago/2026 e indicadores IBGE 2022, quando presentes, são medidas separadas. Recarga ABVE/Tupi ago/2026."
SC,RANCHO QUEIMADO,1.000000,4.000000,9.000000,5.000000,125.000000,0.003190,"Emplacamentos BEV/PHEV ABVE; frota ampla SENATRAN ago/2026 e indicadores IBGE 2022, quando presentes, são medidas separadas. Recarga ABVE/Tupi ago/2026."
BA,POCOES,0.000000,3.000000,8.000000,5.000000,166.666667,0.003190,"Emplacamentos BEV/PHEV ABVE; frota ampla SENATRAN ago/2026 e indicadores IBGE 2022, quando presentes, são medidas separadas. Recarga ABVE/Tupi ago/2026."
PR,NOVA PRATA DO IGUACU,0.000000,0.000000,5.000000,5.000000,,0.003190,"Emplacamentos BEV/PHEV ABVE; frota ampla SENATRAN ago/2026 e indicadores IBGE 2022, quando presentes, são medidas separadas. Recarga ABVE/Tupi ago/2026."
SC,SAO CARLOS,0.000000,1.000000,6.000000,5.000000,500.000000,0.003190,"Emplacamentos BEV/PHEV ABVE; frota ampla SENATRAN ago/2026 e indicadores IBGE 2022, quando presentes, são medidas separadas. Recarga ABVE/Tupi ago/2026."
PR,CAPANEMA,1.000000,2.000000,7.000000,5.000000,250.000000,0.003190,"Emplacamentos BEV/PHEV ABVE; frota ampla SENATRAN ago/2026 e indicadores IBGE 2022, quando presentes, são medidas separadas. Recarga ABVE/Tupi ago/2026."
PR,CIDADE GAUCHA,1.000000,3.000000,8.000000,5.000000,166.666667,0.003190,"Emplacamentos BEV/PHEV ABVE; frota ampla SENATRAN ago/2026 e indicadores IBGE 2022, quando presentes, são medidas separadas. Recarga ABVE/Tupi ago/2026."
SE,PROPRIA,2.000000,1.000000,6.000000,5.000000,500.000000,0.003190,"Emplacamentos BEV/PHEV ABVE; frota ampla SENATRAN ago/2026 e indicadores IBGE 2022, quando presentes, são medidas separadas. Recarga ABVE/Tupi ago/2026."
SE,NOSSA SENHORA DAS DORES,0.000000,0.000000,5.000000,5.000000,,0.003190,"Emplacamentos BEV/PHEV ABVE; frota ampla SENATRAN ago/2026 e indicadores IBGE 2022, quando presentes, são medidas separadas. Recarga ABVE/Tupi ago/2026."
SE,UMBAUBA,3.000000,0.000000,5.000000,5.000000,,0.003190,"Emplacamentos BEV/PHEV ABVE; frota ampla SENATRAN ago/2026 e indicadores IBGE 2022, quando presentes, são medidas separadas. Recarga ABVE/Tupi ago/2026."
SP,PARIQUERA-ACU,3.000000,1.000000,6.000000,5.000000,500.000000,0.003190,"Emplacamentos BEV/PHEV ABVE; frota ampla SENATRAN ago/2026 e indicadores IBGE 2022, quando presentes, são medidas separadas. Recarga ABVE/Tupi ago/2026."
SP,PARDINHO,4.000000,9.000000,14.000000,5.000000,55.555556,0.003190,"Emplacamentos BEV/PHEV ABVE; frota ampla SENATRAN ago/2026 e indicadores IBGE 2022, quando presentes, são medidas separadas. Recarga ABVE/Tupi ago/2026."
MG,ELOI MENDES,1.000000,1.000000,6.000000,5.000000,500.000000,0.003190,"Emplacamentos BEV/PHEV ABVE; frota ampla SENATRAN ago/2026 e indicadores IBGE 2022, quando presentes, são medidas separadas. Recarga ABVE/Tupi ago/2026."
MG,TIRADENTES,1.000000,0.000000,5.000000,5.000000,,0.003190,"Emplacamentos BEV/PHEV ABVE; frota ampla SENATRAN ago/2026 e indicadores IBGE 2022, quando presentes, são medidas separadas. Recarga ABVE/Tupi ago/2026."
GO,SAO LUIS DE MONTES BELOS,5.000000,3.000000,8.000000,5.000000,166.666667,0.003190,"Emplacamentos BEV/PHEV ABVE; frota ampla SENATRAN ago/2026 e indicadores IBGE 2022, quando presentes, são medidas separadas. Recarga ABVE/Tupi ago/2026."
PB,QUEIMADAS,1.000000,0.000000,5.000000,5.000000,,0.003190,"Emplacamentos BEV/PHEV ABVE; frota ampla SENATRAN ago/2026 e indicadores IBGE 2022, quando presentes, são medidas separadas. Recarga ABVE/Tupi ago/2026."
PB,SOLANEA,0.000000,4.000000,9.000000,5.000000,125.000000,0.003190,"Emplacamentos BEV/PHEV ABVE; frota ampla SENATRAN ago/2026 e indicadores IBGE 2022, quando presentes, são medidas separadas. Recarga ABVE/Tupi ago/2026."
RS,SAO PEDRO DO SUL,0.000000,1.000000,6.000000,5.000000,500.000000,0.003190,"Emplacamentos BEV/PHEV ABVE; frota ampla SENATRAN ago/2026 e indicadores IBGE 2022, quando presentes, são medidas separadas. Recarga ABVE/Tupi ago/2026."
MG,PARAISOPOLIS,1.000000,1.000000,6.000000,5.000000,500.000000,0.003190,"Emplacamentos BEV/PHEV ABVE; frota ampla SENATRAN ago/2026 e indicadores IBGE 2022, quando presentes, são medidas separadas. Recarga ABVE/Tupi ago/2026."
PE,SAIRE,2.000000,2.000000,7.000000,5.000000,250.000000,0.003190,"Emplacamentos BEV/PHEV ABVE; frota ampla SENATRAN ago/2026 e indicadores IBGE 2022, quando presentes, são medidas separadas. Recarga ABVE/Tupi ago/2026."
GO,PIRENOPOLIS,1.000000,0.000000,5.000000,5.000000,,0.003190,"Emplacamentos BEV/PHEV ABVE; frota ampla SENATRAN ago/2026 e indicadores IBGE 2022, quando presentes, são medidas separadas. Recarga ABVE/Tupi ago/2026."
MA,PEDREIRAS,2.000000,2.000000,7.000000,5.000000,250.000000,0.003190,"Emplacamentos BEV/PHEV ABVE; frota ampla SENATRAN ago/2026 e indicadores IBGE 2022, quando presentes, são medidas separadas. Recarga ABVE/Tupi ago/2026."
CE,GUARACIABA DO NORTE,1.000000,1.000000,6.000000,5.000000,500.000000,0.003190,"Emplacamentos BEV/PHEV ABVE; frota ampla SENATRAN ago/2026 e indicadores IBGE 2022, quando presentes, são medidas separadas. Recarga ABVE/Tupi ago/2026."
MT,GUARANTA DO NORTE,2.000000,3.000000,8.000000,5.000000,166.666667,0.003190,"Emplacamentos BEV/PHEV ABVE; frota ampla SENATRAN ago/2026 e indicadores IBGE 2022, quando presentes, são medidas separadas. Recarga ABVE/Tupi ago/2026."
MT,,0.000000,0.000000,5.000000,5.000000,,0.003190,"Emplacamentos BEV/PHEV ABVE; frota ampla SENATRAN ago/2026 e indicadores IBGE 2022, quando presentes, são medidas separadas. Recarga ABVE/Tupi ago/2026."
MA,ITAPECURU MIRIM,1.000000,3.000000,8.000000,5.000000,166.666667,0.003190,"Emplacamentos BEV/PHEV ABVE; frota ampla SENATRAN ago/2026 e indicadores IBGE 2022, quando presentes, são medidas separadas. Recarga ABVE/Tupi ago/2026."
PA,MOJU,0.000000,1.000000,6.000000,5.000000,500.000000,0.003190,"Emplacamentos BEV/PHEV ABVE; frota ampla SENATRAN ago/2026 e indicadores IBGE 2022, quando presentes, são medidas separadas. Recarga ABVE/Tupi ago/2026."
PA,MAE DO RIO,0.000000,0.000000,5.000000,5.000000,,0.003190,"Emplacamentos BEV/PHEV ABVE; frota ampla SENATRAN ago/2026 e indicadores IBGE 2022, quando presentes, são medidas separadas. Recarga ABVE/Tupi ago/2026."
RS,CHUI,2.000000,1.000000,6.000000,5.000000,500.000000,0.003190,"Emplacamentos BEV/PHEV ABVE; frota ampla SENATRAN ago/2026 e indicadores IBGE 2022, quando presentes, são medidas separadas. Recarga ABVE/Tupi ago/2026."
GO,AGUAS LINDAS DE GOIAS,2.000000,0.000000,5.000000,5.000000,,0.003190,"Emplacamentos BEV/PHEV ABVE; frota ampla SENATRAN ago/2026 e indicadores IBGE 2022, quando presentes, são medidas separadas. Recarga ABVE/Tupi ago/2026."
PR,UBIRATA,2.000000,3.000000,8.000000,5.000000,166.666667,0.003190,"Emplacamentos BEV/PHEV ABVE; frota ampla SENATRAN ago/2026 e indicadores IBGE 2022, quando presentes, são medidas separadas. Recarga ABVE/Tupi ago/2026."
PR,TIJUCAS DO SUL,0.000000,3.000000,8.000000,5.000000,166.666667,0.003190,"Emplacamentos BEV/PHEV ABVE; frota ampla SENATRAN ago/2026 e indicadores IBGE 2022, quando presentes, são medidas separadas. Recarga ABVE/Tupi ago/2026."
ES,PANCAS,0.000000,1.000000,6.000000,5.000000,500.000000,0.003190,"Emplacamentos BEV/PHEV ABVE; frota ampla SENATRAN ago/2026 e indicadores IBGE 2022, quando presentes, são medidas separadas. Recarga ABVE/Tupi ago/2026."
SC,TURVO,0.000000,3.000000,8.000000,5.000000,166.666667,0.003190,"Emplacamentos BEV/PHEV ABVE; frota ampla SENATRAN ago/2026 e indicadores IBGE 2022, quando presentes, são medidas separadas. Recarga ABVE/Tupi ago/2026."
SP,SANTA ADELIA,1.000000,1.000000,6.000000,5.000000,500.000000,0.003190,"Emplacamentos BEV/PHEV ABVE; frota ampla SENATRAN ago/2026 e indicadores IBGE 2022, quando presentes, são medidas separadas. Recarga ABVE/Tupi ago/2026."
RS,SALVADOR DO SUL,5.000000,0.000000,5.000000,5.000000,,0.003190,"Emplacamentos BEV/PHEV ABVE; frota ampla SENATRAN ago/2026 e indicadores IBGE 2022, quando presentes, são medidas separadas. Recarga ABVE/Tupi ago/2026."
CE,PEDRA BRANCA,1.000000,1.000000,6.000000,5.000000,500.000000,0.003190,"Emplacamentos BEV/PHEV ABVE; frota ampla SENATRAN ago/2026 e indicadores IBGE 2022, quando presentes, são medidas separadas. Recarga ABVE/Tupi ago/2026."
PE,CUSTODIA,0.000000,3.000000,8.000000,5.000000,166.666667,0.003190,"Emplacamentos BEV/PHEV ABVE; frota ampla SENATRAN ago/2026 e indicadores IBGE 2022, quando presentes, são medidas separadas. Recarga ABVE/Tupi ago/2026."
RO,BURITIS,2.000000,0.000000,5.000000,5.000000,,0.003190,"Emplacamentos BEV/PHEV ABVE; frota ampla SENATRAN ago/2026 e indicadores IBGE 2022, quando presentes, são medidas separadas. Recarga ABVE/Tupi ago/2026."
PE,CABROBO,0.000000,1.000000,6.000000,5.000000,500.000000,0.003190,"Emplacamentos BEV/PHEV ABVE; frota ampla SENATRAN ago/2026 e indicadores IBGE 2022, quando presentes, são medidas separadas. Recarga ABVE/Tupi ago/2026."
PE,BOM JARDIM,1.000000,0.000000,5.000000,5.000000,,0.003190,"Emplacamentos BEV/PHEV ABVE; frota ampla SENATRAN ago/2026 e indicadores IBGE 2022, quando presentes, são medidas separadas. Recarga ABVE/Tupi ago/2026."
MG,TOCANTINS,1.000000,0.000000,5.000000,5.000000,,0.003190,"Emplacamentos BEV/PHEV ABVE; frota ampla SENATRAN ago/2026 e indicadores IBGE 2022, quando presentes, são medidas separadas. Recarga ABVE/Tupi ago/2026."
MG,SABARA,6.000000,11.000000,16.000000,5.000000,45.454545,0.003190,"Emplacamentos BEV/PHEV ABVE; frota ampla SENATRAN ago/2026 e indicadores IBGE 2022, quando presentes, são medidas separadas. Recarga ABVE/Tupi ago/2026."
RS,JAGUARAO,3.000000,5.000000,10.000000,5.000000,100.000000,0.003190,"Emplacamentos BEV/PHEV ABVE; frota ampla SENATRAN ago/2026 e indicadores IBGE 2022, quando presentes, são medidas separadas. Recarga ABVE/Tupi ago/2026."
MG,CATAGUASES,9.000000,3.000000,8.000000,5.000000,166.666667,0.003190,"Emplacamentos BEV/PHEV ABVE; frota ampla SENATRAN ago/2026 e indicadores IBGE 2022, quando presentes, são medidas separadas. Recarga ABVE/Tupi ago/2026."
MG,CARMOPOLIS DE MINAS,0.000000,0.000000,5.000000,5.000000,,0.003190,"Emplacamentos BEV/PHEV ABVE; frota ampla SENATRAN ago/2026 e indicadores IBGE 2022, quando presentes, são medidas separadas. Recarga ABVE/Tupi ago/2026."
MG,DIAMANTINA,0.000000,1.000000,6.000000,5.000000,500.000000,0.003190,"Emplacamentos BEV/PHEV ABVE; frota ampla SENATRAN ago/2026 e indicadores IBGE 2022, quando presentes, são medidas separadas. Recarga ABVE/Tupi ago/2026."
MG,CURVELO,2.000000,5.000000,10.000000,5.000000,100.000000,0.003190,"Emplacamentos BEV/PHEV ABVE; frota ampla SENATRAN ago/2026 e indicadores IBGE 2022, quando presentes, são medidas separadas. Recarga ABVE/Tupi ago/2026."
ES,SANTA MARIA DE JETIBA,4.000000,4.000000,9.000000,5.000000,125.000000,0.003190,"Emplacamentos BEV/PHEV ABVE; frota ampla SENATRAN ago/2026 e indicadores IBGE 2022, quando presentes, são medidas separadas. Recarga ABVE/Tupi ago/2026."
BA,CONDE,0.000000,1.000000,6.000000,5.000000,500.000000,0.003190,"Emplacamentos BEV/PHEV ABVE; frota ampla SENATRAN ago/2026 e indicadores IBGE 2022, quando presentes, são medidas separadas. Recarga ABVE/Tupi ago/2026."
GO,ABADIA DE GOIAS,1.000000,2.000000,7.000000,5.000000,250.000000,0.003190,"Emplacamentos BEV/PHEV ABVE; frota ampla SENATRAN ago/2026 e indicadores IBGE 2022, quando presentes, são medidas separadas. Recarga ABVE/Tupi ago/2026."
BA,MARAGOGIPE,0.000000,0.000000,5.000000,5.000000,,0.003190,"Emplacamentos BEV/PHEV ABVE; frota ampla SENATRAN ago/2026 e indicadores IBGE 2022, quando presentes, são medidas separadas. Recarga ABVE/Tupi ago/2026."
AC,SENADOR GUIOMARD,0.000000,2.000000,7.000000,5.000000,250.000000,0.003190,"Emplacamentos BEV/PHEV ABVE; frota ampla SENATRAN ago/2026 e indicadores IBGE 2022, quando presentes, são medidas separadas. Recarga ABVE/Tupi ago/2026."
PR,RIBEIRAO CLARO,1.000000,2.000000,7.000000,5.000000,250.000000,0.003190,"Emplacamentos BEV/PHEV ABVE; frota ampla SENATRAN ago/2026 e indicadores IBGE 2022, quando presentes, são medidas separadas. Recarga ABVE/Tupi ago/2026."
RN,VERA CRUZ,0.000000,0.000000,5.000000,5.000000,,0.003190,"Emplacamentos BEV/PHEV ABVE; frota ampla SENATRAN ago/2026 e indicadores IBGE 2022, quando presentes, são medidas separadas. Recarga ABVE/Tupi ago/2026."
RN,TENENTE ANANIAS,0.000000,1.000000,6.000000,5.000000,500.000000,0.003190,"Emplacamentos BEV/PHEV ABVE; frota ampla SENATRAN ago/2026 e indicadores IBGE 2022, quando presentes, são medidas separadas. Recarga ABVE/Tupi ago/2026."
SP,MACATUBA,1.000000,1.000000,6.000000,5.000000,500.000000,0.003190,"Emplacamentos BEV/PHEV ABVE; frota ampla SENATRAN ago/2026 e indicadores IBGE 2022, quando presentes, são medidas separadas. Recarga ABVE/Tupi ago/2026."
PE,FERNANDO DE NORONHA,2.000000,2.000000,7.000000,5.000000,250.000000,0.003190,"Emplacamentos BEV/PHEV ABVE; frota ampla SENATRAN ago/2026 e indicadores IBGE 2022, quando presentes, são medidas separadas. Recarga ABVE/Tupi ago/2026."
RS,SAO JERONIMO,4.000000,3.000000,8.000000,5.000000,166.666667,0.003190,"Emplacamentos BEV/PHEV ABVE; frota ampla SENATRAN ago/2026 e indicadores IBGE 2022, quando presentes, são medidas separadas. Recarga ABVE/Tupi ago/2026."
GO,RIALMA,4.000000,1.000000,6.000000,5.000000,500.000000,0.003190,"Emplacamentos BEV/PHEV ABVE; frota ampla SENATRAN ago/2026 e indicadores IBGE 2022, quando presentes, são medidas separadas. Recarga ABVE/Tupi ago/2026."
SC,NOVA VENEZA,4.000000,7.000000,12.000000,5.000000,71.428571,0.003190,"Emplacamentos BEV/PHEV ABVE; frota ampla SENATRAN ago/2026 e indicadores IBGE 2022, quando presentes, são medidas separadas. Recarga ABVE/Tupi ago/2026."
PR,SANTA CRUZ DE MONTE CASTELO,0.000000,1.000000,5.000000,4.000000,400.000000,0.002552,"Emplacamentos BEV/PHEV ABVE; frota ampla SENATRAN ago/2026 e indicadores IBGE 2022, quando presentes, são medidas separadas. Recarga ABVE/Tupi ago/2026."
SC,LAURENTINO,2.000000,3.000000,7.000000,4.000000,133.333333,0.002552,"Emplacamentos BEV/PHEV ABVE; frota ampla SENATRAN ago/2026 e indicadores IBGE 2022, quando presentes, são medidas separadas. Recarga ABVE/Tupi ago/2026."
MG,ARCOS,3.000000,1.000000,5.000000,4.000000,400.000000,0.002552,"Emplacamentos BEV/PHEV ABVE; frota ampla SENATRAN ago/2026 e indicadores IBGE 2022, quando presentes, são medidas separadas. Recarga ABVE/Tupi ago/2026."
BA,OLINDINA,1.000000,0.000000,4.000000,4.000000,,0.002552,"Emplacamentos BEV/PHEV ABVE; frota ampla SENATRAN ago/2026 e indicadores IBGE 2022, quando presentes, são medidas separadas. Recarga ABVE/Tupi ago/2026."
GO,ANICUNS,3.000000,4.000000,8.000000,4.000000,100.000000,0.002552,"Emplacamentos BEV/PHEV ABVE; frota ampla SENATRAN ago/2026 e indicadores IBGE 2022, quando presentes, são medidas separadas. Recarga ABVE/Tupi ago/2026."
PR,RIBEIRAO DO PINHAL,0.000000,0.000000,4.000000,4.000000,,0.002552,"Emplacamentos BEV/PHEV ABVE; frota ampla SENATRAN ago/2026 e indicadores IBGE 2022, quando presentes, são medidas separadas. Recarga ABVE/Tupi ago/2026."
BA,MARACAS,0.000000,0.000000,4.000000,4.000000,,0.002552,"Emplacamentos BEV/PHEV ABVE; frota ampla SENATRAN ago/2026 e indicadores IBGE 2022, quando presentes, são medidas separadas. Recarga ABVE/Tupi ago/2026."
BA,MACAUBAS,1.000000,3.000000,7.000000,4.000000,133.333333,0.002552,"Emplacamentos BEV/PHEV ABVE; frota ampla SENATRAN ago/2026 e indicadores IBGE 2022, quando presentes, são medidas separadas. Recarga ABVE/Tupi ago/2026."
BA,LAPAO,0.000000,0.000000,4.000000,4.000000,,0.002552,"Emplacamentos BEV/PHEV ABVE; frota ampla SENATRAN ago/2026 e indicadores IBGE 2022, quando presentes, são medidas separadas. Recarga ABVE/Tupi ago/2026."
AL,CAMPO GRANDE,0.000000,0.000000,4.000000,4.000000,,0.002552,"Emplacamentos BEV/PHEV ABVE; frota ampla SENATRAN ago/2026 e indicadores IBGE 2022, quando presentes, são medidas separadas. Recarga ABVE/Tupi ago/2026."
TO,ARAGUATINS,0.000000,1.000000,5.000000,4.000000,400.000000,0.002552,"Emplacamentos BEV/PHEV ABVE; frota ampla SENATRAN ago/2026 e indicadores IBGE 2022, quando presentes, são medidas separadas. Recarga ABVE/Tupi ago/2026."
MG,SAO JOSE DA LAPA,2.000000,2.000000,6.000000,4.000000,200.000000,0.002552,"Emplacamentos BEV/PHEV ABVE; frota ampla SENATRAN ago/2026 e indicadores IBGE 2022, quando presentes, são medidas separadas. Recarga ABVE/Tupi ago/2026."
RO,ALTA FLORESTA D'OESTE,0.000000,0.000000,4.000000,4.000000,,0.002552,"Emplacamentos BEV/PHEV ABVE; frota ampla SENATRAN ago/2026 e indicadores IBGE 2022, quando presentes, são medidas separadas. Recarga ABVE/Tupi ago/2026."
RN,UMARIZAL,1.000000,0.000000,4.000000,4.000000,,0.002552,"Emplacamentos BEV/PHEV ABVE; frota ampla SENATRAN ago/2026 e indicadores IBGE 2022, quando presentes, são medidas separadas. Recarga ABVE/Tupi ago/2026."
RN,SERRA DO MEL,1.000000,1.000000,5.000000,4.000000,400.000000,0.002552,"Emplacamentos BEV/PHEV ABVE; frota ampla SENATRAN ago/2026 e indicadores IBGE 2022, quando presentes, são medidas separadas. Recarga ABVE/Tupi ago/2026."
SP,MANDURI,0.000000,0.000000,4.000000,4.000000,,0.002552,"Emplacamentos BEV/PHEV ABVE; frota ampla SENATRAN ago/2026 e indicadores IBGE 2022, quando presentes, são medidas separadas. Recarga ABVE/Tupi ago/2026."
SP,LUIS ANTONIO,3.000000,1.000000,5.000000,4.000000,400.000000,0.002552,"Emplacamentos BEV/PHEV ABVE; frota ampla SENATRAN ago/2026 e indicadores IBGE 2022, quando presentes, são medidas separadas. Recarga ABVE/Tupi ago/2026."
PE,ILHA DE ITAMARACA,0.000000,6.000000,10.000000,4.000000,66.666667,0.002552,"Emplacamentos BEV/PHEV ABVE; frota ampla SENATRAN ago/2026 e indicadores IBGE 2022, quando presentes, são medidas separadas. Recarga ABVE/Tupi ago/2026."
RS,QUARAI,1.000000,1.000000,5.000000,4.000000,400.000000,0.002552,"Emplacamentos BEV/PHEV ABVE; frota ampla SENATRAN ago/2026 e indicadores IBGE 2022, quando presentes, são medidas separadas. Recarga ABVE/Tupi ago/2026."
PE,FERREIROS,0.000000,0.000000,4.000000,4.000000,,0.002552,"Emplacamentos BEV/PHEV ABVE; frota ampla SENATRAN ago/2026 e indicadores IBGE 2022, quando presentes, são medidas separadas. Recarga ABVE/Tupi ago/2026."
SE,ARAUA,0.000000,0.000000,4.000000,4.000000,,0.002552,"Emplacamentos BEV/PHEV ABVE; frota ampla SENATRAN ago/2026 e indicadores IBGE 2022, quando presentes, são medidas separadas. Recarga ABVE/Tupi ago/2026."
GO,POSSE,0.000000,0.000000,4.000000,4.000000,,0.002552,"Emplacamentos BEV/PHEV ABVE; frota ampla SENATRAN ago/2026 e indicadores IBGE 2022, quando presentes, são medidas separadas. Recarga ABVE/Tupi ago/2026."
RN,PASSA E FICA,4.000000,0.000000,4.000000,4.000000,,0.002552,"Emplacamentos BEV/PHEV ABVE; frota ampla SENATRAN ago/2026 e indicadores IBGE 2022, quando presentes, são medidas separadas. Recarga ABVE/Tupi ago/2026."
RN,SAO PAULO DO POTENGI,1.000000,1.000000,5.000000,4.000000,400.000000,0.002552,"Emplacamentos BEV/PHEV ABVE; frota ampla SENATRAN ago/2026 e indicadores IBGE 2022, quando presentes, são medidas separadas. Recarga ABVE/Tupi ago/2026."
AL,PASSO DE CAMARAGIBE,0.000000,0.000000,4.000000,4.000000,,0.002552,"Emplacamentos BEV/PHEV ABVE; frota ampla SENATRAN ago/2026 e indicadores IBGE 2022, quando presentes, são medidas separadas. Recarga ABVE/Tupi ago/2026."
SP,SANTA GERTRUDES,2.000000,5.000000,9.000000,4.000000,80.000000,0.002552,"Emplacamentos BEV/PHEV ABVE; frota ampla SENATRAN ago/2026 e indicadores IBGE 2022, quando presentes, são medidas separadas. Recarga ABVE/Tupi ago/2026."
RS,SANTA CLARA DO SUL,0.000000,0.000000,4.000000,4.000000,,0.002552,"Emplacamentos BEV/PHEV ABVE; frota ampla SENATRAN ago/2026 e indicadores IBGE 2022, quando presentes, são medidas separadas. Recarga ABVE/Tupi ago/2026."
PE,CHA GRANDE,1.000000,2.000000,6.000000,4.000000,200.000000,0.002552,"Emplacamentos BEV/PHEV ABVE; frota ampla SENATRAN ago/2026 e indicadores IBGE 2022, quando presentes, são medidas separadas. Recarga ABVE/Tupi ago/2026."
RO,ITAPUA DO OESTE,0.000000,1.000000,5.000000,4.000000,400.000000,0.002552,"Emplacamentos BEV/PHEV ABVE; frota ampla SENATRAN ago/2026 e indicadores IBGE 2022, quando presentes, são medidas separadas. Recarga ABVE/Tupi ago/2026."
PE,AGUAS BELAS,1.000000,1.000000,5.000000,4.000000,400.000000,0.002552,"Emplacamentos BEV/PHEV ABVE; frota ampla SENATRAN ago/2026 e indicadores IBGE 2022, quando presentes, são medidas separadas. Recarga ABVE/Tupi ago/2026."
PE,BUIQUE,0.000000,1.000000,5.000000,4.000000,400.000000,0.002552,"Emplacamentos BEV/PHEV ABVE; frota ampla SENATRAN ago/2026 e indicadores IBGE 2022, quando presentes, são medidas separadas. Recarga ABVE/Tupi ago/2026."
PE,BELEM DO SAO FRANCISCO,0.000000,0.000000,4.000000,4.000000,,0.002552,"Emplacamentos BEV/PHEV ABVE; frota ampla SENATRAN ago/2026 e indicadores IBGE 2022, quando presentes, são medidas separadas. Recarga ABVE/Tupi ago/2026."
SP,SAO BENTO DO SAPUCAI,0.000000,1.000000,5.000000,4.000000,400.000000,0.002552,"Emplacamentos BEV/PHEV ABVE; frota ampla SENATRAN ago/2026 e indicadores IBGE 2022, quando presentes, são medidas separadas. Recarga ABVE/Tupi ago/2026."
SP,SANTO ANTONIO DO JARDIM,2.000000,1.000000,5.000000,4.000000,400.000000,0.002552,"Emplacamentos BEV/PHEV ABVE; frota ampla SENATRAN ago/2026 e indicadores IBGE 2022, quando presentes, são medidas separadas. Recarga ABVE/Tupi ago/2026."
SP,SANTO ANTONIO DA ALEGRIA,0.000000,0.000000,4.000000,4.000000,,0.002552,"Emplacamentos BEV/PHEV ABVE; frota ampla SENATRAN ago/2026 e indicadores IBGE 2022, quando presentes, são medidas separadas. Recarga ABVE/Tupi ago/2026."
SP,SANTA RITA DO PASSA QUATRO,3.000000,6.000000,10.000000,4.000000,66.666667,0.002552,"Emplacamentos BEV/PHEV ABVE; frota ampla SENATRAN ago/2026 e indicadores IBGE 2022, quando presentes, são medidas separadas. Recarga ABVE/Tupi ago/2026."
AL,PILAR,2.000000,4.000000,8.000000,4.000000,100.000000,0.002552,"Emplacamentos BEV/PHEV ABVE; frota ampla SENATRAN ago/2026 e indicadores IBGE 2022, quando presentes, são medidas separadas. Recarga ABVE/Tupi ago/2026."
RS,SARANDI,6.000000,5.000000,9.000000,4.000000,80.000000,0.002552,"Emplacamentos BEV/PHEV ABVE; frota ampla SENATRAN ago/2026 e indicadores IBGE 2022, quando presentes, são medidas separadas. Recarga ABVE/Tupi ago/2026."
PE,MACAPARANA,1.000000,1.000000,5.000000,4.000000,400.000000,0.002552,"Emplacamentos BEV/PHEV ABVE; frota ampla SENATRAN ago/2026 e indicadores IBGE 2022, quando presentes, são medidas separadas. Recarga ABVE/Tupi ago/2026."
PE,JUPI,1.000000,0.000000,4.000000,4.000000,,0.002552,"Emplacamentos BEV/PHEV ABVE; frota ampla SENATRAN ago/2026 e indicadores IBGE 2022, quando presentes, são medidas separadas. Recarga ABVE/Tupi ago/2026."
RS,ROCA SALES,0.000000,0.000000,4.000000,4.000000,,0.002552,"Emplacamentos BEV/PHEV ABVE; frota ampla SENATRAN ago/2026 e indicadores IBGE 2022, quando presentes, são medidas separadas. Recarga ABVE/Tupi ago/2026."
RS,RESTINGA SECA,2.000000,1.000000,5.000000,4.000000,400.000000,0.002552,"Emplacamentos BEV/PHEV ABVE; frota ampla SENATRAN ago/2026 e indicadores IBGE 2022, quando presentes, são medidas separadas. Recarga ABVE/Tupi ago/2026."
SP,MIRACATU,2.000000,0.000000,4.000000,4.000000,,0.002552,"Emplacamentos BEV/PHEV ABVE; frota ampla SENATRAN ago/2026 e indicadores IBGE 2022, quando presentes, são medidas separadas. Recarga ABVE/Tupi ago/2026."
RR,CANTA,1.000000,1.000000,5.000000,4.000000,400.000000,0.002552,"Emplacamentos BEV/PHEV ABVE; frota ampla SENATRAN ago/2026 e indicadores IBGE 2022, quando presentes, são medidas separadas. Recarga ABVE/Tupi ago/2026."
PB,PUXINANA,0.000000,0.000000,4.000000,4.000000,,0.002552,"Emplacamentos BEV/PHEV ABVE; frota ampla SENATRAN ago/2026 e indicadores IBGE 2022, quando presentes, são medidas separadas. Recarga ABVE/Tupi ago/2026."
PB,UIRAUNA,0.000000,0.000000,4.000000,4.000000,,0.002552,"Emplacamentos BEV/PHEV ABVE; frota ampla SENATRAN ago/2026 e indicadores IBGE 2022, quando presentes, são medidas separadas. Recarga ABVE/Tupi ago/2026."
PB,SERRA BRANCA,0.000000,0.000000,4.000000,4.000000,,0.002552,"Emplacamentos BEV/PHEV ABVE; frota ampla SENATRAN ago/2026 e indicadores IBGE 2022, quando presentes, são medidas separadas. Recarga ABVE/Tupi ago/2026."
MG,PITANGUI,4.000000,0.000000,4.000000,4.000000,,0.002552,"Emplacamentos BEV/PHEV ABVE; frota ampla SENATRAN ago/2026 e indicadores IBGE 2022, quando presentes, são medidas separadas. Recarga ABVE/Tupi ago/2026."
PE,RIACHO DAS ALMAS,0.000000,5.000000,9.000000,4.000000,80.000000,0.002552,"Emplacamentos BEV/PHEV ABVE; frota ampla SENATRAN ago/2026 e indicadores IBGE 2022, quando presentes, são medidas separadas. Recarga ABVE/Tupi ago/2026."
PE,POCAO,1.000000,1.000000,5.000000,4.000000,400.000000,0.002552,"Emplacamentos BEV/PHEV ABVE; frota ampla SENATRAN ago/2026 e indicadores IBGE 2022, quando presentes, são medidas separadas. Recarga ABVE/Tupi ago/2026."
PE,PASSIRA,0.000000,0.000000,4.000000,4.000000,,0.002552,"Emplacamentos BEV/PHEV ABVE; frota ampla SENATRAN ago/2026 e indicadores IBGE 2022, quando presentes, são medidas separadas. Recarga ABVE/Tupi ago/2026."
SP,BOA ESPERANCA DO SUL,2.000000,0.000000,4.000000,4.000000,,0.002552,"Emplacamentos BEV/PHEV ABVE; frota ampla SENATRAN ago/2026 e indicadores IBGE 2022, quando presentes, são medidas separadas. Recarga ABVE/Tupi ago/2026."
SP,BALSAMO,5.000000,4.000000,8.000000,4.000000,100.000000,0.002552,"Emplacamentos BEV/PHEV ABVE; frota ampla SENATRAN ago/2026 e indicadores IBGE 2022, quando presentes, são medidas separadas. Recarga ABVE/Tupi ago/2026."
SC,TANGARA,2.000000,1.000000,5.000000,4.000000,400.000000,0.002552,"Emplacamentos BEV/PHEV ABVE; frota ampla SENATRAN ago/2026 e indicadores IBGE 2022, quando presentes, são medidas separadas. Recarga ABVE/Tupi ago/2026."
SP,JUQUITIBA,0.000000,1.000000,5.000000,4.000000,400.000000,0.002552,"Emplacamentos BEV/PHEV ABVE; frota ampla SENATRAN ago/2026 e indicadores IBGE 2022, quando presentes, são medidas separadas. Recarga ABVE/Tupi ago/2026."
PE,SAO JOSE DO BELMONTE,0.000000,0.000000,4.000000,4.000000,,0.002552,"Emplacamentos BEV/PHEV ABVE; frota ampla SENATRAN ago/2026 e indicadores IBGE 2022, quando presentes, são medidas separadas. Recarga ABVE/Tupi ago/2026."
PE,SAO JOSE DA COROA GRANDE,1.000000,2.000000,6.000000,4.000000,200.000000,0.002552,"Emplacamentos BEV/PHEV ABVE; frota ampla SENATRAN ago/2026 e indicadores IBGE 2022, quando presentes, são medidas separadas. Recarga ABVE/Tupi ago/2026."
PE,SAO JOAQUIM DO MONTE,0.000000,0.000000,4.000000,4.000000,,0.002552,"Emplacamentos BEV/PHEV ABVE; frota ampla SENATRAN ago/2026 e indicadores IBGE 2022, quando presentes, são medidas separadas. Recarga ABVE/Tupi ago/2026."
PB,SAO MIGUEL DE TAIPU,0.000000,1.000000,5.000000,4.000000,400.000000,0.002552,"Emplacamentos BEV/PHEV ABVE; frota ampla SENATRAN ago/2026 e indicadores IBGE 2022, quando presentes, são medidas separadas. Recarga ABVE/Tupi ago/2026."
PB,PEDRAS DE FOGO,0.000000,2.000000,6.000000,4.000000,200.000000,0.002552,"Emplacamentos BEV/PHEV ABVE; frota ampla SENATRAN ago/2026 e indicadores IBGE 2022, quando presentes, são medidas separadas. Recarga ABVE/Tupi ago/2026."
SP,RIFAINA,1.000000,0.000000,4.000000,4.000000,,0.002552,"Emplacamentos BEV/PHEV ABVE; frota ampla SENATRAN ago/2026 e indicadores IBGE 2022, quando presentes, são medidas separadas. Recarga ABVE/Tupi ago/2026."
MG,SAO PEDRO DOS FERROS,0.000000,0.000000,4.000000,4.000000,,0.002552,"Emplacamentos BEV/PHEV ABVE; frota ampla SENATRAN ago/2026 e indicadores IBGE 2022, quando presentes, são medidas separadas. Recarga ABVE/Tupi ago/2026."
PB,RIO TINTO,0.000000,3.000000,7.000000,4.000000,133.333333,0.002552,"Emplacamentos BEV/PHEV ABVE; frota ampla SENATRAN ago/2026 e indicadores IBGE 2022, quando presentes, são medidas separadas. Recarga ABVE/Tupi ago/2026."
BA,JITAUNA,0.000000,0.000000,4.000000,4.000000,,0.002552,"Emplacamentos BEV/PHEV ABVE; frota ampla SENATRAN ago/2026 e indicadores IBGE 2022, quando presentes, são medidas separadas. Recarga ABVE/Tupi ago/2026."
MG,PIRAPORA,2.000000,0.000000,4.000000,4.000000,,0.002552,"Emplacamentos BEV/PHEV ABVE; frota ampla SENATRAN ago/2026 e indicadores IBGE 2022, quando presentes, são medidas separadas. Recarga ABVE/Tupi ago/2026."
RS,TENENTE PORTELA,0.000000,1.000000,5.000000,4.000000,400.000000,0.002552,"Emplacamentos BEV/PHEV ABVE; frota ampla SENATRAN ago/2026 e indicadores IBGE 2022, quando presentes, são medidas separadas. Recarga ABVE/Tupi ago/2026."
RS,TAPERA,3.000000,2.000000,6.000000,4.000000,200.000000,0.002552,"Emplacamentos BEV/PHEV ABVE; frota ampla SENATRAN ago/2026 e indicadores IBGE 2022, quando presentes, são medidas separadas. Recarga ABVE/Tupi ago/2026."
BA,UIBAI,0.000000,0.000000,4.000000,4.000000,,0.002552,"Emplacamentos BEV/PHEV ABVE; frota ampla SENATRAN ago/2026 e indicadores IBGE 2022, quando presentes, são medidas separadas. Recarga ABVE/Tupi ago/2026."
PE,VERTENTES,0.000000,0.000000,4.000000,4.000000,,0.002552,"Emplacamentos BEV/PHEV ABVE; frota ampla SENATRAN ago/2026 e indicadores IBGE 2022, quando presentes, são medidas separadas. Recarga ABVE/Tupi ago/2026."
RN,JUCURUTU,0.000000,1.000000,5.000000,4.000000,400.000000,0.002552,"Emplacamentos BEV/PHEV ABVE; frota ampla SENATRAN ago/2026 e indicadores IBGE 2022, quando presentes, são medidas separadas. Recarga ABVE/Tupi ago/2026."
RN,MACAU,0.000000,0.000000,4.000000,4.000000,,0.002552,"Emplacamentos BEV/PHEV ABVE; frota ampla SENATRAN ago/2026 e indicadores IBGE 2022, quando presentes, são medidas separadas. Recarga ABVE/Tupi ago/2026."
PE,SAO BENTO DO UNA,0.000000,4.000000,8.000000,4.000000,100.000000,0.002552,"Emplacamentos BEV/PHEV ABVE; frota ampla SENATRAN ago/2026 e indicadores IBGE 2022, quando presentes, são medidas separadas. Recarga ABVE/Tupi ago/2026."
PE,SANTA MARIA DA BOA VISTA,1.000000,1.000000,5.000000,4.000000,400.000000,0.002552,"Emplacamentos BEV/PHEV ABVE; frota ampla SENATRAN ago/2026 e indicadores IBGE 2022, quando presentes, são medidas separadas. Recarga ABVE/Tupi ago/2026."
BA,TANQUINHO,0.000000,0.000000,4.000000,4.000000,,0.002552,"Emplacamentos BEV/PHEV ABVE; frota ampla SENATRAN ago/2026 e indicadores IBGE 2022, quando presentes, são medidas separadas. Recarga ABVE/Tupi ago/2026."
SP,JACI,0.000000,1.000000,5.000000,4.000000,400.000000,0.002552,"Emplacamentos BEV/PHEV ABVE; frota ampla SENATRAN ago/2026 e indicadores IBGE 2022, quando presentes, são medidas separadas. Recarga ABVE/Tupi ago/2026."
PI,FLORIANO,2.000000,9.000000,13.000000,4.000000,44.444444,0.002552,"Emplacamentos BEV/PHEV ABVE; frota ampla SENATRAN ago/2026 e indicadores IBGE 2022, quando presentes, são medidas separadas. Recarga ABVE/Tupi ago/2026."
BA,CACULE,2.000000,1.000000,5.000000,4.000000,400.000000,0.002552,"Emplacamentos BEV/PHEV ABVE; frota ampla SENATRAN ago/2026 e indicadores IBGE 2022, quando presentes, são medidas separadas. Recarga ABVE/Tupi ago/2026."
BA,CACHOEIRA,2.000000,3.000000,7.000000,4.000000,133.333333,0.002552,"Emplacamentos BEV/PHEV ABVE; frota ampla SENATRAN ago/2026 e indicadores IBGE 2022, quando presentes, são medidas separadas. Recarga ABVE/Tupi ago/2026."
RS,PARECI NOVO,0.000000,0.000000,4.000000,4.000000,,0.002552,"Emplacamentos BEV/PHEV ABVE; frota ampla SENATRAN ago/2026 e indicadores IBGE 2022, quando presentes, são medidas separadas. Recarga ABVE/Tupi ago/2026."
CE,CRUZ,0.000000,4.000000,8.000000,4.000000,100.000000,0.002552,"Emplacamentos BEV/PHEV ABVE; frota ampla SENATRAN ago/2026 e indicadores IBGE 2022, quando presentes, são medidas separadas. Recarga ABVE/Tupi ago/2026."
RS,ALTO FELIZ,1.000000,0.000000,4.000000,4.000000,,0.002552,"Emplacamentos BEV/PHEV ABVE; frota ampla SENATRAN ago/2026 e indicadores IBGE 2022, quando presentes, são medidas separadas. Recarga ABVE/Tupi ago/2026."
MS,COXIM,1.000000,1.000000,5.000000,4.000000,400.000000,0.002552,"Emplacamentos BEV/PHEV ABVE; frota ampla SENATRAN ago/2026 e indicadores IBGE 2022, quando presentes, são medidas separadas. Recarga ABVE/Tupi ago/2026."
RN,ACARI,0.000000,0.000000,4.000000,4.000000,,0.002552,"Emplacamentos BEV/PHEV ABVE; frota ampla SENATRAN ago/2026 e indicadores IBGE 2022, quando presentes, são medidas separadas. Recarga ABVE/Tupi ago/2026."
PI,SAO JOAO DO PIAUI,0.000000,0.000000,4.000000,4.000000,,0.002552,"Emplacamentos BEV/PHEV ABVE; frota ampla SENATRAN ago/2026 e indicadores IBGE 2022, quando presentes, são medidas separadas. Recarga ABVE/Tupi ago/2026."
RN,BARAUNA,0.000000,1.000000,5.000000,4.000000,400.000000,0.002552,"Emplacamentos BEV/PHEV ABVE; frota ampla SENATRAN ago/2026 e indicadores IBGE 2022, quando presentes, são medidas separadas. Recarga ABVE/Tupi ago/2026."
MG,MARIO CAMPOS,1.000000,3.000000,7.000000,4.000000,133.333333,0.002552,"Emplacamentos BEV/PHEV ABVE; frota ampla SENATRAN ago/2026 e indicadores IBGE 2022, quando presentes, são medidas separadas. Recarga ABVE/Tupi ago/2026."
MG,OLIVEIRA,1.000000,1.000000,5.000000,4.000000,400.000000,0.002552,"Emplacamentos BEV/PHEV ABVE; frota ampla SENATRAN ago/2026 e indicadores IBGE 2022, quando presentes, são medidas separadas. Recarga ABVE/Tupi ago/2026."
RS,CACAPAVA DO SUL,2.000000,4.000000,8.000000,4.000000,100.000000,0.002552,"Emplacamentos BEV/PHEV ABVE; frota ampla SENATRAN ago/2026 e indicadores IBGE 2022, quando presentes, são medidas separadas. Recarga ABVE/Tupi ago/2026."
GO,URUACU,0.000000,3.000000,7.000000,4.000000,133.333333,0.002552,"Emplacamentos BEV/PHEV ABVE; frota ampla SENATRAN ago/2026 e indicadores IBGE 2022, quando presentes, são medidas separadas. Recarga ABVE/Tupi ago/2026."
PB,CACIMBA DE DENTRO,0.000000,1.000000,5.000000,4.000000,400.000000,0.002552,"Emplacamentos BEV/PHEV ABVE; frota ampla SENATRAN ago/2026 e indicadores IBGE 2022, quando presentes, são medidas separadas. Recarga ABVE/Tupi ago/2026."
RS,CAPAO DO LEAO,4.000000,3.000000,7.000000,4.000000,133.333333,0.002552,"Emplacamentos BEV/PHEV ABVE; frota ampla SENATRAN ago/2026 e indicadores IBGE 2022, quando presentes, são medidas separadas. Recarga ABVE/Tupi ago/2026."
RS,CANGUCU,5.000000,2.000000,6.000000,4.000000,200.000000,0.002552,"Emplacamentos BEV/PHEV ABVE; frota ampla SENATRAN ago/2026 e indicadores IBGE 2022, quando presentes, são medidas separadas. Recarga ABVE/Tupi ago/2026."
CE,CARIRIACU,0.000000,0.000000,4.000000,4.000000,,0.002552,"Emplacamentos BEV/PHEV ABVE; frota ampla SENATRAN ago/2026 e indicadores IBGE 2022, quando presentes, são medidas separadas. Recarga ABVE/Tupi ago/2026."
CE,CARIDADE,0.000000,0.000000,4.000000,4.000000,,0.002552,"Emplacamentos BEV/PHEV ABVE; frota ampla SENATRAN ago/2026 e indicadores IBGE 2022, quando presentes, são medidas separadas. Recarga ABVE/Tupi ago/2026."
MG,JACUTINGA,4.000000,2.000000,6.000000,4.000000,200.000000,0.002552,"Emplacamentos BEV/PHEV ABVE; frota ampla SENATRAN ago/2026 e indicadores IBGE 2022, quando presentes, são medidas separadas. Recarga ABVE/Tupi ago/2026."
BA,CARINHANHA,0.000000,0.000000,4.000000,4.000000,,0.002552,"Emplacamentos BEV/PHEV ABVE; frota ampla SENATRAN ago/2026 e indicadores IBGE 2022, quando presentes, são medidas separadas. Recarga ABVE/Tupi ago/2026."
BA,CARDEAL DA SILVA,0.000000,1.000000,5.000000,4.000000,400.000000,0.002552,"Emplacamentos BEV/PHEV ABVE; frota ampla SENATRAN ago/2026 e indicadores IBGE 2022, quando presentes, são medidas separadas. Recarga ABVE/Tupi ago/2026."
BA,CANDIDO SALES,0.000000,1.000000,5.000000,4.000000,400.000000,0.002552,"Emplacamentos BEV/PHEV ABVE; frota ampla SENATRAN ago/2026 e indicadores IBGE 2022, quando presentes, são medidas separadas. Recarga ABVE/Tupi ago/2026."
GO,MOZARLANDIA,0.000000,2.000000,6.000000,4.000000,200.000000,0.002552,"Emplacamentos BEV/PHEV ABVE; frota ampla SENATRAN ago/2026 e indicadores IBGE 2022, quando presentes, são medidas separadas. Recarga ABVE/Tupi ago/2026."
CE,SOLONOPOLE,0.000000,0.000000,4.000000,4.000000,,0.002552,"Emplacamentos BEV/PHEV ABVE; frota ampla SENATRAN ago/2026 e indicadores IBGE 2022, quando presentes, são medidas separadas. Recarga ABVE/Tupi ago/2026."
RJ,SANTO ANTONIO DE PADUA,6.000000,8.000000,12.000000,4.000000,50.000000,0.002552,"Emplacamentos BEV/PHEV ABVE; frota ampla SENATRAN ago/2026 e indicadores IBGE 2022, quando presentes, são medidas separadas. Recarga ABVE/Tupi ago/2026."
MS,PARANAIBA,1.000000,4.000000,8.000000,4.000000,100.000000,0.002552,"Emplacamentos BEV/PHEV ABVE; frota ampla SENATRAN ago/2026 e indicadores IBGE 2022, quando presentes, são medidas separadas. Recarga ABVE/Tupi ago/2026."
AL,PORTO DE PEDRAS,0.000000,1.000000,5.000000,4.000000,400.000000,0.002552,"Emplacamentos BEV/PHEV ABVE; frota ampla SENATRAN ago/2026 e indicadores IBGE 2022, quando presentes, são medidas separadas. Recarga ABVE/Tupi ago/2026."
PB,AREIAL,0.000000,0.000000,4.000000,4.000000,,0.002552,"Emplacamentos BEV/PHEV ABVE; frota ampla SENATRAN ago/2026 e indicadores IBGE 2022, quando presentes, são medidas separadas. Recarga ABVE/Tupi ago/2026."
PB,ARARUNA,0.000000,0.000000,4.000000,4.000000,,0.002552,"Emplacamentos BEV/PHEV ABVE; frota ampla SENATRAN ago/2026 e indicadores IBGE 2022, quando presentes, são medidas separadas. Recarga ABVE/Tupi ago/2026."
CE,JAGUARUANA,1.000000,1.000000,5.000000,4.000000,400.000000,0.002552,"Emplacamentos BEV/PHEV ABVE; frota ampla SENATRAN ago/2026 e indicadores IBGE 2022, quando presentes, são medidas separadas. Recarga ABVE/Tupi ago/2026."
CE,JAGUARIBE,4.000000,1.000000,5.000000,4.000000,400.000000,0.002552,"Emplacamentos BEV/PHEV ABVE; frota ampla SENATRAN ago/2026 e indicadores IBGE 2022, quando presentes, são medidas separadas. Recarga ABVE/Tupi ago/2026."
CE,JAGUARETAMA,0.000000,0.000000,4.000000,4.000000,,0.002552,"Emplacamentos BEV/PHEV ABVE; frota ampla SENATRAN ago/2026 e indicadores IBGE 2022, quando presentes, são medidas separadas. Recarga ABVE/Tupi ago/2026."
RS,CASCA,1.000000,2.000000,6.000000,4.000000,200.000000,0.002552,"Emplacamentos BEV/PHEV ABVE; frota ampla SENATRAN ago/2026 e indicadores IBGE 2022, quando presentes, são medidas separadas. Recarga ABVE/Tupi ago/2026."
PA,PONTA DE PEDRAS,0.000000,1.000000,5.000000,4.000000,400.000000,0.002552,"Emplacamentos BEV/PHEV ABVE; frota ampla SENATRAN ago/2026 e indicadores IBGE 2022, quando presentes, são medidas separadas. Recarga ABVE/Tupi ago/2026."
SC,ALFREDO WAGNER,1.000000,1.000000,5.000000,4.000000,400.000000,0.002552,"Emplacamentos BEV/PHEV ABVE; frota ampla SENATRAN ago/2026 e indicadores IBGE 2022, quando presentes, são medidas separadas. Recarga ABVE/Tupi ago/2026."
SP,CAJOBI,1.000000,1.000000,5.000000,4.000000,400.000000,0.002552,"Emplacamentos BEV/PHEV ABVE; frota ampla SENATRAN ago/2026 e indicadores IBGE 2022, quando presentes, são medidas separadas. Recarga ABVE/Tupi ago/2026."
SP,CAFELANDIA,3.000000,3.000000,7.000000,4.000000,133.333333,0.002552,"Emplacamentos BEV/PHEV ABVE; frota ampla SENATRAN ago/2026 e indicadores IBGE 2022, quando presentes, são medidas separadas. Recarga ABVE/Tupi ago/2026."
SP,CACONDE,5.000000,0.000000,4.000000,4.000000,,0.002552,"Emplacamentos BEV/PHEV ABVE; frota ampla SENATRAN ago/2026 e indicadores IBGE 2022, quando presentes, são medidas separadas. Recarga ABVE/Tupi ago/2026."
SP,CACHOEIRA PAULISTA,5.000000,4.000000,8.000000,4.000000,100.000000,0.002552,"Emplacamentos BEV/PHEV ABVE; frota ampla SENATRAN ago/2026 e indicadores IBGE 2022, quando presentes, são medidas separadas. Recarga ABVE/Tupi ago/2026."
CE,UBAJARA,4.000000,1.000000,5.000000,4.000000,400.000000,0.002552,"Emplacamentos BEV/PHEV ABVE; frota ampla SENATRAN ago/2026 e indicadores IBGE 2022, quando presentes, são medidas separadas. Recarga ABVE/Tupi ago/2026."
SC,ARMAZEM,4.000000,0.000000,4.000000,4.000000,,0.002552,"Emplacamentos BEV/PHEV ABVE; frota ampla SENATRAN ago/2026 e indicadores IBGE 2022, quando presentes, são medidas separadas. Recarga ABVE/Tupi ago/2026."
SC,BALNEARIO GAIVOTA,1.000000,5.000000,9.000000,4.000000,80.000000,0.002552,"Emplacamentos BEV/PHEV ABVE; frota ampla SENATRAN ago/2026 e indicadores IBGE 2022, quando presentes, são medidas separadas. Recarga ABVE/Tupi ago/2026."
SP,IBIRA,1.000000,1.000000,5.000000,4.000000,400.000000,0.002552,"Emplacamentos BEV/PHEV ABVE; frota ampla SENATRAN ago/2026 e indicadores IBGE 2022, quando presentes, são medidas separadas. Recarga ABVE/Tupi ago/2026."
PA,VIGIA,0.000000,1.000000,5.000000,4.000000,400.000000,0.002552,"Emplacamentos BEV/PHEV ABVE; frota ampla SENATRAN ago/2026 e indicadores IBGE 2022, quando presentes, são medidas separadas. Recarga ABVE/Tupi ago/2026."
MA,BARREIRINHAS,3.000000,4.000000,8.000000,4.000000,100.000000,0.002552,"Emplacamentos BEV/PHEV ABVE; frota ampla SENATRAN ago/2026 e indicadores IBGE 2022, quando presentes, são medidas separadas. Recarga ABVE/Tupi ago/2026."
SP,PRESIDENTE BERNARDES,1.000000,1.000000,5.000000,4.000000,400.000000,0.002552,"Emplacamentos BEV/PHEV ABVE; frota ampla SENATRAN ago/2026 e indicadores IBGE 2022, quando presentes, são medidas separadas. Recarga ABVE/Tupi ago/2026."
MT,ARAPUTANGA,2.000000,2.000000,6.000000,4.000000,200.000000,0.002552,"Emplacamentos BEV/PHEV ABVE; frota ampla SENATRAN ago/2026 e indicadores IBGE 2022, quando presentes, são medidas separadas. Recarga ABVE/Tupi ago/2026."
MT,ALTO GARCAS,0.000000,2.000000,6.000000,4.000000,200.000000,0.002552,"Emplacamentos BEV/PHEV ABVE; frota ampla SENATRAN ago/2026 e indicadores IBGE 2022, quando presentes, são medidas separadas. Recarga ABVE/Tupi ago/2026."
RS,MOSTARDAS,0.000000,0.000000,4.000000,4.000000,,0.002552,"Emplacamentos BEV/PHEV ABVE; frota ampla SENATRAN ago/2026 e indicadores IBGE 2022, quando presentes, são medidas separadas. Recarga ABVE/Tupi ago/2026."
MA,BARAO DE GRAJAU,0.000000,0.000000,4.000000,4.000000,,0.002552,"Emplacamentos BEV/PHEV ABVE; frota ampla SENATRAN ago/2026 e indicadores IBGE 2022, quando presentes, são medidas separadas. Recarga ABVE/Tupi ago/2026."
PA,SANTANA DO ARAGUAIA,0.000000,1.000000,5.000000,4.000000,400.000000,0.002552,"Emplacamentos BEV/PHEV ABVE; frota ampla SENATRAN ago/2026 e indicadores IBGE 2022, quando presentes, são medidas separadas. Recarga ABVE/Tupi ago/2026."
SP,ALAMBARI,0.000000,0.000000,4.000000,4.000000,,0.002552,"Emplacamentos BEV/PHEV ABVE; frota ampla SENATRAN ago/2026 e indicadores IBGE 2022, quando presentes, são medidas separadas. Recarga ABVE/Tupi ago/2026."
MG,GUARANI,1.000000,0.000000,4.000000,4.000000,,0.002552,"Emplacamentos BEV/PHEV ABVE; frota ampla SENATRAN ago/2026 e indicadores IBGE 2022, quando presentes, são medidas separadas. Recarga ABVE/Tupi ago/2026."
MA,SANTA HELENA,0.000000,0.000000,4.000000,4.000000,,0.002552,"Emplacamentos BEV/PHEV ABVE; frota ampla SENATRAN ago/2026 e indicadores IBGE 2022, quando presentes, são medidas separadas. Recarga ABVE/Tupi ago/2026."
SC,SEARA,6.000000,0.000000,4.000000,4.000000,,0.002552,"Emplacamentos BEV/PHEV ABVE; frota ampla SENATRAN ago/2026 e indicadores IBGE 2022, quando presentes, são medidas separadas. Recarga ABVE/Tupi ago/2026."
SC,SAO DOMINGOS,0.000000,0.000000,4.000000,4.000000,,0.002552,"Emplacamentos BEV/PHEV ABVE; frota ampla SENATRAN ago/2026 e indicadores IBGE 2022, quando presentes, são medidas separadas. Recarga ABVE/Tupi ago/2026."
MA,ROSARIO,0.000000,1.000000,5.000000,4.000000,400.000000,0.002552,"Emplacamentos BEV/PHEV ABVE; frota ampla SENATRAN ago/2026 e indicadores IBGE 2022, quando presentes, são medidas separadas. Recarga ABVE/Tupi ago/2026."
SC,BOTUVERA,2.000000,0.000000,4.000000,4.000000,,0.002552,"Emplacamentos BEV/PHEV ABVE; frota ampla SENATRAN ago/2026 e indicadores IBGE 2022, quando presentes, são medidas separadas. Recarga ABVE/Tupi ago/2026."
AL,COQUEIRO SECO,0.000000,0.000000,4.000000,4.000000,,0.002552,"Emplacamentos BEV/PHEV ABVE; frota ampla SENATRAN ago/2026 e indicadores IBGE 2022, quando presentes, são medidas separadas. Recarga ABVE/Tupi ago/2026."
SP,GUARARAPES,3.000000,7.000000,11.000000,4.000000,57.142857,0.002552,"Emplacamentos BEV/PHEV ABVE; frota ampla SENATRAN ago/2026 e indicadores IBGE 2022, quando presentes, são medidas separadas. Recarga ABVE/Tupi ago/2026."
PR,CAPITAO LEONIDAS MARQUES,2.000000,3.000000,7.000000,4.000000,133.333333,0.002552,"Emplacamentos BEV/PHEV ABVE; frota ampla SENATRAN ago/2026 e indicadores IBGE 2022, quando presentes, são medidas separadas. Recarga ABVE/Tupi ago/2026."
RJ,CONCEICAO DE MACABU,1.000000,0.000000,4.000000,4.000000,,0.002552,"Emplacamentos BEV/PHEV ABVE; frota ampla SENATRAN ago/2026 e indicadores IBGE 2022, quando presentes, são medidas separadas. Recarga ABVE/Tupi ago/2026."
RJ,CARAPEBUS,3.000000,3.000000,7.000000,4.000000,133.333333,0.002552,"Emplacamentos BEV/PHEV ABVE; frota ampla SENATRAN ago/2026 e indicadores IBGE 2022, quando presentes, são medidas separadas. Recarga ABVE/Tupi ago/2026."
SP,AGUAS DE SANTA BARBARA,1.000000,1.000000,5.000000,4.000000,400.000000,0.002552,"Emplacamentos BEV/PHEV ABVE; frota ampla SENATRAN ago/2026 e indicadores IBGE 2022, quando presentes, são medidas separadas. Recarga ABVE/Tupi ago/2026."
MA,GOVERNADOR EDISON LOBAO,0.000000,1.000000,5.000000,4.000000,400.000000,0.002552,"Emplacamentos BEV/PHEV ABVE; frota ampla SENATRAN ago/2026 e indicadores IBGE 2022, quando presentes, são medidas separadas. Recarga ABVE/Tupi ago/2026."
RS,NOVA PADUA,0.000000,0.000000,4.000000,4.000000,,0.002552,"Emplacamentos BEV/PHEV ABVE; frota ampla SENATRAN ago/2026 e indicadores IBGE 2022, quando presentes, são medidas separadas. Recarga ABVE/Tupi ago/2026."
SP,PARANAPANEMA,0.000000,7.000000,11.000000,4.000000,57.142857,0.002552,"Emplacamentos BEV/PHEV ABVE; frota ampla SENATRAN ago/2026 e indicadores IBGE 2022, quando presentes, são medidas separadas. Recarga ABVE/Tupi ago/2026."
SP,PALMITAL,2.000000,1.000000,5.000000,4.000000,400.000000,0.002552,"Emplacamentos BEV/PHEV ABVE; frota ampla SENATRAN ago/2026 e indicadores IBGE 2022, quando presentes, são medidas separadas. Recarga ABVE/Tupi ago/2026."
SP,PALMEIRA D'OESTE,1.000000,0.000000,4.000000,4.000000,,0.002552,"Emplacamentos BEV/PHEV ABVE; frota ampla SENATRAN ago/2026 e indicadores IBGE 2022, quando presentes, são medidas separadas. Recarga ABVE/Tupi ago/2026."
PA,CAPITAO POCO,1.000000,1.000000,5.000000,4.000000,400.000000,0.002552,"Emplacamentos BEV/PHEV ABVE; frota ampla SENATRAN ago/2026 e indicadores IBGE 2022, quando presentes, são medidas separadas. Recarga ABVE/Tupi ago/2026."
PR,IGUARACU,8.000000,4.000000,8.000000,4.000000,100.000000,0.002552,"Emplacamentos BEV/PHEV ABVE; frota ampla SENATRAN ago/2026 e indicadores IBGE 2022, quando presentes, são medidas separadas. Recarga ABVE/Tupi ago/2026."
RJ,BOM JARDIM,1.000000,4.000000,8.000000,4.000000,100.000000,0.002552,"Emplacamentos BEV/PHEV ABVE; frota ampla SENATRAN ago/2026 e indicadores IBGE 2022, quando presentes, são medidas separadas. Recarga ABVE/Tupi ago/2026."
AL,FEIRA GRANDE,1.000000,2.000000,6.000000,4.000000,200.000000,0.002552,"Emplacamentos BEV/PHEV ABVE; frota ampla SENATRAN ago/2026 e indicadores IBGE 2022, quando presentes, são medidas separadas. Recarga ABVE/Tupi ago/2026."
SP,CAPELA DO ALTO,3.000000,4.000000,8.000000,4.000000,100.000000,0.002552,"Emplacamentos BEV/PHEV ABVE; frota ampla SENATRAN ago/2026 e indicadores IBGE 2022, quando presentes, são medidas separadas. Recarga ABVE/Tupi ago/2026."
MG,CLAUDIO,0.000000,2.000000,6.000000,4.000000,200.000000,0.002552,"Emplacamentos BEV/PHEV ABVE; frota ampla SENATRAN ago/2026 e indicadores IBGE 2022, quando presentes, são medidas separadas. Recarga ABVE/Tupi ago/2026."
MG,CONGONHAS,1.000000,1.000000,5.000000,4.000000,400.000000,0.002552,"Emplacamentos BEV/PHEV ABVE; frota ampla SENATRAN ago/2026 e indicadores IBGE 2022, quando presentes, são medidas separadas. Recarga ABVE/Tupi ago/2026."
SC,DONA EMMA,0.000000,0.000000,4.000000,4.000000,,0.002552,"Emplacamentos BEV/PHEV ABVE; frota ampla SENATRAN ago/2026 e indicadores IBGE 2022, quando presentes, são medidas separadas. Recarga ABVE/Tupi ago/2026."
SC,CUNHA PORA,1.000000,1.000000,5.000000,4.000000,400.000000,0.002552,"Emplacamentos BEV/PHEV ABVE; frota ampla SENATRAN ago/2026 e indicadores IBGE 2022, quando presentes, são medidas separadas. Recarga ABVE/Tupi ago/2026."
BA,SANTA BARBARA,0.000000,1.000000,5.000000,4.000000,400.000000,0.002552,"Emplacamentos BEV/PHEV ABVE; frota ampla SENATRAN ago/2026 e indicadores IBGE 2022, quando presentes, são medidas separadas. Recarga ABVE/Tupi ago/2026."
BA,CORRENTINA,0.000000,0.000000,4.000000,4.000000,,0.002552,"Emplacamentos BEV/PHEV ABVE; frota ampla SENATRAN ago/2026 e indicadores IBGE 2022, quando presentes, são medidas separadas. Recarga ABVE/Tupi ago/2026."
BA,CORACAO DE MARIA,0.000000,0.000000,4.000000,4.000000,,0.002552,"Emplacamentos BEV/PHEV ABVE; frota ampla SENATRAN ago/2026 e indicadores IBGE 2022, quando presentes, são medidas separadas. Recarga ABVE/Tupi ago/2026."
BA,CONCEICAO DO ALMEIDA,1.000000,0.000000,4.000000,4.000000,,0.002552,"Emplacamentos BEV/PHEV ABVE; frota ampla SENATRAN ago/2026 e indicadores IBGE 2022, quando presentes, são medidas separadas. Recarga ABVE/Tupi ago/2026."
SP,POLONI,0.000000,0.000000,4.000000,4.000000,,0.002552,"Emplacamentos BEV/PHEV ABVE; frota ampla SENATRAN ago/2026 e indicadores IBGE 2022, quando presentes, são medidas separadas. Recarga ABVE/Tupi ago/2026."
AM,MANACAPURU,0.000000,1.000000,5.000000,4.000000,400.000000,0.002552,"Emplacamentos BEV/PHEV ABVE; frota ampla SENATRAN ago/2026 e indicadores IBGE 2022, quando presentes, são medidas separadas. Recarga ABVE/Tupi ago/2026."
MT,GUIRATINGA,1.000000,0.000000,4.000000,4.000000,,0.002552,"Emplacamentos BEV/PHEV ABVE; frota ampla SENATRAN ago/2026 e indicadores IBGE 2022, quando presentes, são medidas separadas. Recarga ABVE/Tupi ago/2026."
PA,PACAJA,0.000000,0.000000,4.000000,4.000000,,0.002552,"Emplacamentos BEV/PHEV ABVE; frota ampla SENATRAN ago/2026 e indicadores IBGE 2022, quando presentes, são medidas separadas. Recarga ABVE/Tupi ago/2026."
PR,JOAQUIM TAVORA,1.000000,0.000000,4.000000,4.000000,,0.002552,"Emplacamentos BEV/PHEV ABVE; frota ampla SENATRAN ago/2026 e indicadores IBGE 2022, quando presentes, são medidas separadas. Recarga ABVE/Tupi ago/2026."
BA,CIPO,0.000000,1.000000,5.000000,4.000000,400.000000,0.002552,"Emplacamentos BEV/PHEV ABVE; frota ampla SENATRAN ago/2026 e indicadores IBGE 2022, quando presentes, são medidas separadas. Recarga ABVE/Tupi ago/2026."
SP,GENERAL SALGADO,0.000000,0.000000,4.000000,4.000000,,0.002552,"Emplacamentos BEV/PHEV ABVE; frota ampla SENATRAN ago/2026 e indicadores IBGE 2022, quando presentes, são medidas separadas. Recarga ABVE/Tupi ago/2026."
PR,JAGUAPITA,2.000000,2.000000,6.000000,4.000000,200.000000,0.002552,"Emplacamentos BEV/PHEV ABVE; frota ampla SENATRAN ago/2026 e indicadores IBGE 2022, quando presentes, são medidas separadas. Recarga ABVE/Tupi ago/2026."
MT,MIRASSOL D'OESTE,3.000000,1.000000,5.000000,4.000000,400.000000,0.002552,"Emplacamentos BEV/PHEV ABVE; frota ampla SENATRAN ago/2026 e indicadores IBGE 2022, quando presentes, são medidas separadas. Recarga ABVE/Tupi ago/2026."
PA,ELDORADO DO CARAJAS,0.000000,0.000000,4.000000,4.000000,,0.002552,"Emplacamentos BEV/PHEV ABVE; frota ampla SENATRAN ago/2026 e indicadores IBGE 2022, quando presentes, são medidas separadas. Recarga ABVE/Tupi ago/2026."
CE,IRACEMA,0.000000,0.000000,4.000000,4.000000,,0.002552,"Emplacamentos BEV/PHEV ABVE; frota ampla SENATRAN ago/2026 e indicadores IBGE 2022, quando presentes, são medidas separadas. Recarga ABVE/Tupi ago/2026."
CE,IPU,0.000000,1.000000,5.000000,4.000000,400.000000,0.002552,"Emplacamentos BEV/PHEV ABVE; frota ampla SENATRAN ago/2026 e indicadores IBGE 2022, quando presentes, são medidas separadas. Recarga ABVE/Tupi ago/2026."
MT,SAO JOSE DOS QUATRO MARCOS,1.000000,5.000000,9.000000,4.000000,80.000000,0.002552,"Emplacamentos BEV/PHEV ABVE; frota ampla SENATRAN ago/2026 e indicadores IBGE 2022, quando presentes, são medidas separadas. Recarga ABVE/Tupi ago/2026."
MT,VERA,0.000000,1.000000,5.000000,4.000000,400.000000,0.002552,"Emplacamentos BEV/PHEV ABVE; frota ampla SENATRAN ago/2026 e indicadores IBGE 2022, quando presentes, são medidas separadas. Recarga ABVE/Tupi ago/2026."
SC,JAGUARUNA,0.000000,5.000000,9.000000,4.000000,80.000000,0.002552,"Emplacamentos BEV/PHEV ABVE; frota ampla SENATRAN ago/2026 e indicadores IBGE 2022, quando presentes, são medidas separadas. Recarga ABVE/Tupi ago/2026."
SC,JABORA,0.000000,0.000000,4.000000,4.000000,,0.002552,"Emplacamentos BEV/PHEV ABVE; frota ampla SENATRAN ago/2026 e indicadores IBGE 2022, quando presentes, são medidas separadas. Recarga ABVE/Tupi ago/2026."
SC,IRANI,0.000000,0.000000,4.000000,4.000000,,0.002552,"Emplacamentos BEV/PHEV ABVE; frota ampla SENATRAN ago/2026 e indicadores IBGE 2022, quando presentes, são medidas separadas. Recarga ABVE/Tupi ago/2026."
SP,ENGENHEIRO COELHO,4.000000,6.000000,10.000000,4.000000,66.666667,0.002552,"Emplacamentos BEV/PHEV ABVE; frota ampla SENATRAN ago/2026 e indicadores IBGE 2022, quando presentes, são medidas separadas. Recarga ABVE/Tupi ago/2026."
PR,MARMELEIRO,1.000000,1.000000,5.000000,4.000000,400.000000,0.002552,"Emplacamentos BEV/PHEV ABVE; frota ampla SENATRAN ago/2026 e indicadores IBGE 2022, quando presentes, são medidas separadas. Recarga ABVE/Tupi ago/2026."
BA,RIACHO DE SANTANA,0.000000,0.000000,4.000000,4.000000,,0.002552,"Emplacamentos BEV/PHEV ABVE; frota ampla SENATRAN ago/2026 e indicadores IBGE 2022, quando presentes, são medidas separadas. Recarga ABVE/Tupi ago/2026."
BA,RIACHAO DO JACUIPE,2.000000,5.000000,9.000000,4.000000,80.000000,0.002552,"Emplacamentos BEV/PHEV ABVE; frota ampla SENATRAN ago/2026 e indicadores IBGE 2022, quando presentes, são medidas separadas. Recarga ABVE/Tupi ago/2026."
AL,JAPARATINGA,0.000000,1.000000,5.000000,4.000000,400.000000,0.002552,"Emplacamentos BEV/PHEV ABVE; frota ampla SENATRAN ago/2026 e indicadores IBGE 2022, quando presentes, são medidas separadas. Recarga ABVE/Tupi ago/2026."
MG,CAETE,0.000000,0.000000,4.000000,4.000000,,0.002552,"Emplacamentos BEV/PHEV ABVE; frota ampla SENATRAN ago/2026 e indicadores IBGE 2022, quando presentes, são medidas separadas. Recarga ABVE/Tupi ago/2026."
PR,SAO JOAO DO IVAI,4.000000,2.000000,6.000000,4.000000,200.000000,0.002552,"Emplacamentos BEV/PHEV ABVE; frota ampla SENATRAN ago/2026 e indicadores IBGE 2022, quando presentes, são medidas separadas. Recarga ABVE/Tupi ago/2026."
PR,SERTANEJA,0.000000,0.000000,4.000000,4.000000,,0.002552,"Emplacamentos BEV/PHEV ABVE; frota ampla SENATRAN ago/2026 e indicadores IBGE 2022, quando presentes, são medidas separadas. Recarga ABVE/Tupi ago/2026."
PR,SENGES,1.000000,1.000000,5.000000,4.000000,400.000000,0.002552,"Emplacamentos BEV/PHEV ABVE; frota ampla SENATRAN ago/2026 e indicadores IBGE 2022, quando presentes, são medidas separadas. Recarga ABVE/Tupi ago/2026."
MG,CAMBUI,3.000000,1.000000,5.000000,4.000000,400.000000,0.002552,"Emplacamentos BEV/PHEV ABVE; frota ampla SENATRAN ago/2026 e indicadores IBGE 2022, quando presentes, são medidas separadas. Recarga ABVE/Tupi ago/2026."
SC,IBICARE,1.000000,0.000000,4.000000,4.000000,,0.002552,"Emplacamentos BEV/PHEV ABVE; frota ampla SENATRAN ago/2026 e indicadores IBGE 2022, quando presentes, são medidas separadas. Recarga ABVE/Tupi ago/2026."
SC,MONDAI,3.000000,3.000000,7.000000,4.000000,133.333333,0.002552,"Emplacamentos BEV/PHEV ABVE; frota ampla SENATRAN ago/2026 e indicadores IBGE 2022, quando presentes, são medidas separadas. Recarga ABVE/Tupi ago/2026."
PR,PEABIRU,0.000000,1.000000,5.000000,4.000000,400.000000,0.002552,"Emplacamentos BEV/PHEV ABVE; frota ampla SENATRAN ago/2026 e indicadores IBGE 2022, quando presentes, são medidas separadas. Recarga ABVE/Tupi ago/2026."
PR,PAULO FRONTIN,0.000000,0.000000,4.000000,4.000000,,0.002552,"Emplacamentos BEV/PHEV ABVE; frota ampla SENATRAN ago/2026 e indicadores IBGE 2022, quando presentes, são medidas separadas. Recarga ABVE/Tupi ago/2026."
PR,REALEZA,1.000000,2.000000,6.000000,4.000000,200.000000,0.002552,"Emplacamentos BEV/PHEV ABVE; frota ampla SENATRAN ago/2026 e indicadores IBGE 2022, quando presentes, são medidas separadas. Recarga ABVE/Tupi ago/2026."
PR,PARANACITY,0.000000,0.000000,4.000000,4.000000,,0.002552,"Emplacamentos BEV/PHEV ABVE; frota ampla SENATRAN ago/2026 e indicadores IBGE 2022, quando presentes, são medidas separadas. Recarga ABVE/Tupi ago/2026."
MT,PARANATINGA,0.000000,1.000000,5.000000,4.000000,400.000000,0.002552,"Emplacamentos BEV/PHEV ABVE; frota ampla SENATRAN ago/2026 e indicadores IBGE 2022, quando presentes, são medidas separadas. Recarga ABVE/Tupi ago/2026."
RS,ITAARA,0.000000,3.000000,7.000000,4.000000,133.333333,0.002552,"Emplacamentos BEV/PHEV ABVE; frota ampla SENATRAN ago/2026 e indicadores IBGE 2022, quando presentes, são medidas separadas. Recarga ABVE/Tupi ago/2026."
SP,PIRACAIA,5.000000,10.000000,14.000000,4.000000,40.000000,0.002552,"Emplacamentos BEV/PHEV ABVE; frota ampla SENATRAN ago/2026 e indicadores IBGE 2022, quando presentes, são medidas separadas. Recarga ABVE/Tupi ago/2026."
TO,TOCANTINOPOLIS,0.000000,1.000000,5.000000,4.000000,400.000000,0.002552,"Emplacamentos BEV/PHEV ABVE; frota ampla SENATRAN ago/2026 e indicadores IBGE 2022, quando presentes, são medidas separadas. Recarga ABVE/Tupi ago/2026."
TO,GUARAI,0.000000,1.000000,5.000000,4.000000,400.000000,0.002552,"Emplacamentos BEV/PHEV ABVE; frota ampla SENATRAN ago/2026 e indicadores IBGE 2022, quando presentes, são medidas separadas. Recarga ABVE/Tupi ago/2026."
AL,COITE DO NOIA,2.000000,2.000000,6.000000,4.000000,200.000000,0.002552,"Emplacamentos BEV/PHEV ABVE; frota ampla SENATRAN ago/2026 e indicadores IBGE 2022, quando presentes, são medidas separadas. Recarga ABVE/Tupi ago/2026."
SP,PEREIRAS,1.000000,2.000000,5.000000,3.000000,150.000000,0.001914,"Emplacamentos BEV/PHEV ABVE; frota ampla SENATRAN ago/2026 e indicadores IBGE 2022, quando presentes, são medidas separadas. Recarga ABVE/Tupi ago/2026."
BA,PARATINGA,0.000000,0.000000,3.000000,3.000000,,0.001914,"Emplacamentos BEV/PHEV ABVE; frota ampla SENATRAN ago/2026 e indicadores IBGE 2022, quando presentes, são medidas separadas. Recarga ABVE/Tupi ago/2026."
BA,PARAMIRIM,0.000000,1.000000,4.000000,3.000000,300.000000,0.001914,"Emplacamentos BEV/PHEV ABVE; frota ampla SENATRAN ago/2026 e indicadores IBGE 2022, quando presentes, são medidas separadas. Recarga ABVE/Tupi ago/2026."
SP,PEREIRA BARRETO,1.000000,1.000000,4.000000,3.000000,300.000000,0.001914,"Emplacamentos BEV/PHEV ABVE; frota ampla SENATRAN ago/2026 e indicadores IBGE 2022, quando presentes, são medidas separadas. Recarga ABVE/Tupi ago/2026."
BA,MADRE DE DEUS,0.000000,1.000000,4.000000,3.000000,300.000000,0.001914,"Emplacamentos BEV/PHEV ABVE; frota ampla SENATRAN ago/2026 e indicadores IBGE 2022, quando presentes, são medidas separadas. Recarga ABVE/Tupi ago/2026."
PR,SANTA MARIANA,0.000000,1.000000,4.000000,3.000000,300.000000,0.001914,"Emplacamentos BEV/PHEV ABVE; frota ampla SENATRAN ago/2026 e indicadores IBGE 2022, quando presentes, são medidas separadas. Recarga ABVE/Tupi ago/2026."
PR,SALTO DO LONTRA,1.000000,1.000000,4.000000,3.000000,300.000000,0.001914,"Emplacamentos BEV/PHEV ABVE; frota ampla SENATRAN ago/2026 e indicadores IBGE 2022, quando presentes, são medidas separadas. Recarga ABVE/Tupi ago/2026."
MG,BALDIM,0.000000,0.000000,3.000000,3.000000,,0.001914,"Emplacamentos BEV/PHEV ABVE; frota ampla SENATRAN ago/2026 e indicadores IBGE 2022, quando presentes, são medidas separadas. Recarga ABVE/Tupi ago/2026."
BA,PIRAI DO NORTE,1.000000,0.000000,3.000000,3.000000,,0.001914,"Emplacamentos BEV/PHEV ABVE; frota ampla SENATRAN ago/2026 e indicadores IBGE 2022, quando presentes, são medidas separadas. Recarga ABVE/Tupi ago/2026."
BA,PEDRO ALEXANDRE,0.000000,0.000000,3.000000,3.000000,,0.001914,"Emplacamentos BEV/PHEV ABVE; frota ampla SENATRAN ago/2026 e indicadores IBGE 2022, quando presentes, são medidas separadas. Recarga ABVE/Tupi ago/2026."
MG,ALPERCATA,0.000000,1.000000,4.000000,3.000000,300.000000,0.001914,"Emplacamentos BEV/PHEV ABVE; frota ampla SENATRAN ago/2026 e indicadores IBGE 2022, quando presentes, são medidas separadas. Recarga ABVE/Tupi ago/2026."
MG,BELO ORIENTE,0.000000,1.000000,4.000000,3.000000,300.000000,0.001914,"Emplacamentos BEV/PHEV ABVE; frota ampla SENATRAN ago/2026 e indicadores IBGE 2022, quando presentes, são medidas separadas. Recarga ABVE/Tupi ago/2026."
BA,OURICANGAS,0.000000,0.000000,3.000000,3.000000,,0.001914,"Emplacamentos BEV/PHEV ABVE; frota ampla SENATRAN ago/2026 e indicadores IBGE 2022, quando presentes, são medidas separadas. Recarga ABVE/Tupi ago/2026."
SC,PONTE ALTA,0.000000,0.000000,3.000000,3.000000,,0.001914,"Emplacamentos BEV/PHEV ABVE; frota ampla SENATRAN ago/2026 e indicadores IBGE 2022, quando presentes, são medidas separadas. Recarga ABVE/Tupi ago/2026."
PR,PEROLA,1.000000,2.000000,5.000000,3.000000,150.000000,0.001914,"Emplacamentos BEV/PHEV ABVE; frota ampla SENATRAN ago/2026 e indicadores IBGE 2022, quando presentes, são medidas separadas. Recarga ABVE/Tupi ago/2026."
PR,RESERVA,2.000000,0.000000,3.000000,3.000000,,0.001914,"Emplacamentos BEV/PHEV ABVE; frota ampla SENATRAN ago/2026 e indicadores IBGE 2022, quando presentes, são medidas separadas. Recarga ABVE/Tupi ago/2026."
PR,RENASCENCA,0.000000,0.000000,3.000000,3.000000,,0.001914,"Emplacamentos BEV/PHEV ABVE; frota ampla SENATRAN ago/2026 e indicadores IBGE 2022, quando presentes, são medidas separadas. Recarga ABVE/Tupi ago/2026."
PR,QUITANDINHA,1.000000,3.000000,6.000000,3.000000,100.000000,0.001914,"Emplacamentos BEV/PHEV ABVE; frota ampla SENATRAN ago/2026 e indicadores IBGE 2022, quando presentes, são medidas separadas. Recarga ABVE/Tupi ago/2026."
PR,QUEDAS DO IGUACU,1.000000,4.000000,7.000000,3.000000,75.000000,0.001914,"Emplacamentos BEV/PHEV ABVE; frota ampla SENATRAN ago/2026 e indicadores IBGE 2022, quando presentes, são medidas separadas. Recarga ABVE/Tupi ago/2026."
BA,FATIMA,0.000000,0.000000,3.000000,3.000000,,0.001914,"Emplacamentos BEV/PHEV ABVE; frota ampla SENATRAN ago/2026 e indicadores IBGE 2022, quando presentes, são medidas separadas. Recarga ABVE/Tupi ago/2026."
BA,EUCLIDES DA CUNHA,3.000000,6.000000,9.000000,3.000000,50.000000,0.001914,"Emplacamentos BEV/PHEV ABVE; frota ampla SENATRAN ago/2026 e indicadores IBGE 2022, quando presentes, são medidas separadas. Recarga ABVE/Tupi ago/2026."
SP,DIVINOLANDIA,6.000000,1.000000,4.000000,3.000000,300.000000,0.001914,"Emplacamentos BEV/PHEV ABVE; frota ampla SENATRAN ago/2026 e indicadores IBGE 2022, quando presentes, são medidas separadas. Recarga ABVE/Tupi ago/2026."
SP,DESCALVADO,7.000000,10.000000,13.000000,3.000000,30.000000,0.001914,"Emplacamentos BEV/PHEV ABVE; frota ampla SENATRAN ago/2026 e indicadores IBGE 2022, quando presentes, são medidas separadas. Recarga ABVE/Tupi ago/2026."
PR,PORTO RICO,0.000000,2.000000,5.000000,3.000000,150.000000,0.001914,"Emplacamentos BEV/PHEV ABVE; frota ampla SENATRAN ago/2026 e indicadores IBGE 2022, quando presentes, são medidas separadas. Recarga ABVE/Tupi ago/2026."
PR,PORECATU,7.000000,3.000000,6.000000,3.000000,100.000000,0.001914,"Emplacamentos BEV/PHEV ABVE; frota ampla SENATRAN ago/2026 e indicadores IBGE 2022, quando presentes, são medidas separadas. Recarga ABVE/Tupi ago/2026."
PR,PALMITAL,1.000000,2.000000,5.000000,3.000000,150.000000,0.001914,"Emplacamentos BEV/PHEV ABVE; frota ampla SENATRAN ago/2026 e indicadores IBGE 2022, quando presentes, são medidas separadas. Recarga ABVE/Tupi ago/2026."
SP,TUPI PAULISTA,5.000000,5.000000,8.000000,3.000000,60.000000,0.001914,"Emplacamentos BEV/PHEV ABVE; frota ampla SENATRAN ago/2026 e indicadores IBGE 2022, quando presentes, são medidas separadas. Recarga ABVE/Tupi ago/2026."
MG,CAETANOPOLIS,0.000000,0.000000,3.000000,3.000000,,0.001914,"Emplacamentos BEV/PHEV ABVE; frota ampla SENATRAN ago/2026 e indicadores IBGE 2022, quando presentes, são medidas separadas. Recarga ABVE/Tupi ago/2026."
SC,RIO DOS CEDROS,5.000000,1.000000,4.000000,3.000000,300.000000,0.001914,"Emplacamentos BEV/PHEV ABVE; frota ampla SENATRAN ago/2026 e indicadores IBGE 2022, quando presentes, são medidas separadas. Recarga ABVE/Tupi ago/2026."
MT,TAPURAH,1.000000,3.000000,6.000000,3.000000,100.000000,0.001914,"Emplacamentos BEV/PHEV ABVE; frota ampla SENATRAN ago/2026 e indicadores IBGE 2022, quando presentes, são medidas separadas. Recarga ABVE/Tupi ago/2026."
RS,ESTRELA VELHA,0.000000,0.000000,3.000000,3.000000,,0.001914,"Emplacamentos BEV/PHEV ABVE; frota ampla SENATRAN ago/2026 e indicadores IBGE 2022, quando presentes, são medidas separadas. Recarga ABVE/Tupi ago/2026."
RS,HUMAITA,0.000000,1.000000,4.000000,3.000000,300.000000,0.001914,"Emplacamentos BEV/PHEV ABVE; frota ampla SENATRAN ago/2026 e indicadores IBGE 2022, quando presentes, são medidas separadas. Recarga ABVE/Tupi ago/2026."
MT,PEIXOTO DE AZEVEDO,2.000000,3.000000,6.000000,3.000000,100.000000,0.001914,"Emplacamentos BEV/PHEV ABVE; frota ampla SENATRAN ago/2026 e indicadores IBGE 2022, quando presentes, são medidas separadas. Recarga ABVE/Tupi ago/2026."
MT,PEDRA PRETA,0.000000,1.000000,4.000000,3.000000,300.000000,0.001914,"Emplacamentos BEV/PHEV ABVE; frota ampla SENATRAN ago/2026 e indicadores IBGE 2022, quando presentes, são medidas separadas. Recarga ABVE/Tupi ago/2026."
PR,NOVA FATIMA,0.000000,0.000000,3.000000,3.000000,,0.001914,"Emplacamentos BEV/PHEV ABVE; frota ampla SENATRAN ago/2026 e indicadores IBGE 2022, quando presentes, são medidas separadas. Recarga ABVE/Tupi ago/2026."
BA,FILADELFIA,0.000000,0.000000,3.000000,3.000000,,0.001914,"Emplacamentos BEV/PHEV ABVE; frota ampla SENATRAN ago/2026 e indicadores IBGE 2022, quando presentes, são medidas separadas. Recarga ABVE/Tupi ago/2026."
PR,TAMBOARA,0.000000,0.000000,3.000000,3.000000,,0.001914,"Emplacamentos BEV/PHEV ABVE; frota ampla SENATRAN ago/2026 e indicadores IBGE 2022, quando presentes, são medidas separadas. Recarga ABVE/Tupi ago/2026."
SC,IPUMIRIM,0.000000,0.000000,3.000000,3.000000,,0.001914,"Emplacamentos BEV/PHEV ABVE; frota ampla SENATRAN ago/2026 e indicadores IBGE 2022, quando presentes, são medidas separadas. Recarga ABVE/Tupi ago/2026."
RS,LINDOLFO COLLOR,2.000000,2.000000,5.000000,3.000000,150.000000,0.001914,"Emplacamentos BEV/PHEV ABVE; frota ampla SENATRAN ago/2026 e indicadores IBGE 2022, quando presentes, são medidas separadas. Recarga ABVE/Tupi ago/2026."
RS,ENTRE-IJUIS,0.000000,0.000000,3.000000,3.000000,,0.001914,"Emplacamentos BEV/PHEV ABVE; frota ampla SENATRAN ago/2026 e indicadores IBGE 2022, quando presentes, são medidas separadas. Recarga ABVE/Tupi ago/2026."
SP,PEDREGULHO,3.000000,0.000000,3.000000,3.000000,,0.001914,"Emplacamentos BEV/PHEV ABVE; frota ampla SENATRAN ago/2026 e indicadores IBGE 2022, quando presentes, são medidas separadas. Recarga ABVE/Tupi ago/2026."
CE,IRAUCUBA,0.000000,0.000000,3.000000,3.000000,,0.001914,"Emplacamentos BEV/PHEV ABVE; frota ampla SENATRAN ago/2026 e indicadores IBGE 2022, quando presentes, são medidas separadas. Recarga ABVE/Tupi ago/2026."
SC,SALETE,0.000000,1.000000,4.000000,3.000000,300.000000,0.001914,"Emplacamentos BEV/PHEV ABVE; frota ampla SENATRAN ago/2026 e indicadores IBGE 2022, quando presentes, são medidas separadas. Recarga ABVE/Tupi ago/2026."
SP,ECHAPORA,0.000000,0.000000,3.000000,3.000000,,0.001914,"Emplacamentos BEV/PHEV ABVE; frota ampla SENATRAN ago/2026 e indicadores IBGE 2022, quando presentes, são medidas separadas. Recarga ABVE/Tupi ago/2026."
SP,DUARTINA,2.000000,0.000000,3.000000,3.000000,,0.001914,"Emplacamentos BEV/PHEV ABVE; frota ampla SENATRAN ago/2026 e indicadores IBGE 2022, quando presentes, são medidas separadas. Recarga ABVE/Tupi ago/2026."
GO,CAMPOS BELOS,0.000000,0.000000,3.000000,3.000000,,0.001914,"Emplacamentos BEV/PHEV ABVE; frota ampla SENATRAN ago/2026 e indicadores IBGE 2022, quando presentes, são medidas separadas. Recarga ABVE/Tupi ago/2026."
PR,MARIPA,0.000000,0.000000,3.000000,3.000000,,0.001914,"Emplacamentos BEV/PHEV ABVE; frota ampla SENATRAN ago/2026 e indicadores IBGE 2022, quando presentes, são medidas separadas. Recarga ABVE/Tupi ago/2026."
BA,RIO REAL,0.000000,3.000000,6.000000,3.000000,100.000000,0.001914,"Emplacamentos BEV/PHEV ABVE; frota ampla SENATRAN ago/2026 e indicadores IBGE 2022, quando presentes, são medidas separadas. Recarga ABVE/Tupi ago/2026."
BA,RIACHAO DAS NEVES,0.000000,0.000000,3.000000,3.000000,,0.001914,"Emplacamentos BEV/PHEV ABVE; frota ampla SENATRAN ago/2026 e indicadores IBGE 2022, quando presentes, são medidas separadas. Recarga ABVE/Tupi ago/2026."
SP,TARUMA,0.000000,1.000000,4.000000,3.000000,300.000000,0.001914,"Emplacamentos BEV/PHEV ABVE; frota ampla SENATRAN ago/2026 e indicadores IBGE 2022, quando presentes, são medidas separadas. Recarga ABVE/Tupi ago/2026."
SP,TAPIRAI,0.000000,0.000000,3.000000,3.000000,,0.001914,"Emplacamentos BEV/PHEV ABVE; frota ampla SENATRAN ago/2026 e indicadores IBGE 2022, quando presentes, são medidas separadas. Recarga ABVE/Tupi ago/2026."
PR,MANOEL RIBAS,0.000000,1.000000,4.000000,3.000000,300.000000,0.001914,"Emplacamentos BEV/PHEV ABVE; frota ampla SENATRAN ago/2026 e indicadores IBGE 2022, quando presentes, são medidas separadas. Recarga ABVE/Tupi ago/2026."
PR,VERA CRUZ DO OESTE,1.000000,0.000000,3.000000,3.000000,,0.001914,"Emplacamentos BEV/PHEV ABVE; frota ampla SENATRAN ago/2026 e indicadores IBGE 2022, quando presentes, são medidas separadas. Recarga ABVE/Tupi ago/2026."
PR,URAI,0.000000,2.000000,5.000000,3.000000,150.000000,0.001914,"Emplacamentos BEV/PHEV ABVE; frota ampla SENATRAN ago/2026 e indicadores IBGE 2022, quando presentes, são medidas separadas. Recarga ABVE/Tupi ago/2026."
PA,MONTE ALEGRE,1.000000,0.000000,3.000000,3.000000,,0.001914,"Emplacamentos BEV/PHEV ABVE; frota ampla SENATRAN ago/2026 e indicadores IBGE 2022, quando presentes, são medidas separadas. Recarga ABVE/Tupi ago/2026."
PA,JURUTI,0.000000,0.000000,3.000000,3.000000,,0.001914,"Emplacamentos BEV/PHEV ABVE; frota ampla SENATRAN ago/2026 e indicadores IBGE 2022, quando presentes, são medidas separadas. Recarga ABVE/Tupi ago/2026."
RS,COLORADO,0.000000,0.000000,3.000000,3.000000,,0.001914,"Emplacamentos BEV/PHEV ABVE; frota ampla SENATRAN ago/2026 e indicadores IBGE 2022, quando presentes, são medidas separadas. Recarga ABVE/Tupi ago/2026."
RS,ESPUMOSO,1.000000,1.000000,4.000000,3.000000,300.000000,0.001914,"Emplacamentos BEV/PHEV ABVE; frota ampla SENATRAN ago/2026 e indicadores IBGE 2022, quando presentes, são medidas separadas. Recarga ABVE/Tupi ago/2026."
MT,NORTELANDIA,0.000000,0.000000,3.000000,3.000000,,0.001914,"Emplacamentos BEV/PHEV ABVE; frota ampla SENATRAN ago/2026 e indicadores IBGE 2022, quando presentes, são medidas separadas. Recarga ABVE/Tupi ago/2026."
MT,JUINA,7.000000,19.000000,22.000000,3.000000,15.789474,0.001914,"Emplacamentos BEV/PHEV ABVE; frota ampla SENATRAN ago/2026 e indicadores IBGE 2022, quando presentes, são medidas separadas. Recarga ABVE/Tupi ago/2026."
RS,MINAS DO LEAO,0.000000,0.000000,3.000000,3.000000,,0.001914,"Emplacamentos BEV/PHEV ABVE; frota ampla SENATRAN ago/2026 e indicadores IBGE 2022, quando presentes, são medidas separadas. Recarga ABVE/Tupi ago/2026."
RS,MARATA,0.000000,0.000000,3.000000,3.000000,,0.001914,"Emplacamentos BEV/PHEV ABVE; frota ampla SENATRAN ago/2026 e indicadores IBGE 2022, quando presentes, são medidas separadas. Recarga ABVE/Tupi ago/2026."
PR,TIBAGI,1.000000,0.000000,3.000000,3.000000,,0.001914,"Emplacamentos BEV/PHEV ABVE; frota ampla SENATRAN ago/2026 e indicadores IBGE 2022, quando presentes, são medidas separadas. Recarga ABVE/Tupi ago/2026."
PR,ITAMBE,0.000000,0.000000,3.000000,3.000000,,0.001914,"Emplacamentos BEV/PHEV ABVE; frota ampla SENATRAN ago/2026 e indicadores IBGE 2022, quando presentes, são medidas separadas. Recarga ABVE/Tupi ago/2026."
PR,ITAIPULANDIA,1.000000,1.000000,4.000000,3.000000,300.000000,0.001914,"Emplacamentos BEV/PHEV ABVE; frota ampla SENATRAN ago/2026 e indicadores IBGE 2022, quando presentes, são medidas separadas. Recarga ABVE/Tupi ago/2026."
PR,LOBATO,0.000000,0.000000,3.000000,3.000000,,0.001914,"Emplacamentos BEV/PHEV ABVE; frota ampla SENATRAN ago/2026 e indicadores IBGE 2022, quando presentes, são medidas separadas. Recarga ABVE/Tupi ago/2026."
PR,LOANDA,3.000000,19.000000,22.000000,3.000000,15.789474,0.001914,"Emplacamentos BEV/PHEV ABVE; frota ampla SENATRAN ago/2026 e indicadores IBGE 2022, quando presentes, são medidas separadas. Recarga ABVE/Tupi ago/2026."
PR,LINDOESTE,0.000000,0.000000,3.000000,3.000000,,0.001914,"Emplacamentos BEV/PHEV ABVE; frota ampla SENATRAN ago/2026 e indicadores IBGE 2022, quando presentes, são medidas separadas. Recarga ABVE/Tupi ago/2026."
SP,GETULINA,0.000000,3.000000,6.000000,3.000000,100.000000,0.001914,"Emplacamentos BEV/PHEV ABVE; frota ampla SENATRAN ago/2026 e indicadores IBGE 2022, quando presentes, são medidas separadas. Recarga ABVE/Tupi ago/2026."
SP,GALIA,0.000000,0.000000,3.000000,3.000000,,0.001914,"Emplacamentos BEV/PHEV ABVE; frota ampla SENATRAN ago/2026 e indicadores IBGE 2022, quando presentes, são medidas separadas. Recarga ABVE/Tupi ago/2026."
PR,JAPURA,1.000000,1.000000,4.000000,3.000000,300.000000,0.001914,"Emplacamentos BEV/PHEV ABVE; frota ampla SENATRAN ago/2026 e indicadores IBGE 2022, quando presentes, são medidas separadas. Recarga ABVE/Tupi ago/2026."
SP,PANORAMA,1.000000,1.000000,4.000000,3.000000,300.000000,0.001914,"Emplacamentos BEV/PHEV ABVE; frota ampla SENATRAN ago/2026 e indicadores IBGE 2022, quando presentes, são medidas separadas. Recarga ABVE/Tupi ago/2026."
SP,PALESTINA,1.000000,0.000000,3.000000,3.000000,,0.001914,"Emplacamentos BEV/PHEV ABVE; frota ampla SENATRAN ago/2026 e indicadores IBGE 2022, quando presentes, são medidas separadas. Recarga ABVE/Tupi ago/2026."
SP,OUROESTE,0.000000,0.000000,3.000000,3.000000,,0.001914,"Emplacamentos BEV/PHEV ABVE; frota ampla SENATRAN ago/2026 e indicadores IBGE 2022, quando presentes, são medidas separadas. Recarga ABVE/Tupi ago/2026."
MA,BURITICUPU,1.000000,0.000000,3.000000,3.000000,,0.001914,"Emplacamentos BEV/PHEV ABVE; frota ampla SENATRAN ago/2026 e indicadores IBGE 2022, quando presentes, são medidas separadas. Recarga ABVE/Tupi ago/2026."
MA,BREJO,0.000000,0.000000,3.000000,3.000000,,0.001914,"Emplacamentos BEV/PHEV ABVE; frota ampla SENATRAN ago/2026 e indicadores IBGE 2022, quando presentes, são medidas separadas. Recarga ABVE/Tupi ago/2026."
SP,POTIRENDABA,0.000000,1.000000,4.000000,3.000000,300.000000,0.001914,"Emplacamentos BEV/PHEV ABVE; frota ampla SENATRAN ago/2026 e indicadores IBGE 2022, quando presentes, são medidas separadas. Recarga ABVE/Tupi ago/2026."
MS,VICENTINA,0.000000,0.000000,3.000000,3.000000,,0.001914,"Emplacamentos BEV/PHEV ABVE; frota ampla SENATRAN ago/2026 e indicadores IBGE 2022, quando presentes, são medidas separadas. Recarga ABVE/Tupi ago/2026."
PA,OURILANDIA DO NORTE,0.000000,1.000000,4.000000,3.000000,300.000000,0.001914,"Emplacamentos BEV/PHEV ABVE; frota ampla SENATRAN ago/2026 e indicadores IBGE 2022, quando presentes, são medidas separadas. Recarga ABVE/Tupi ago/2026."
MG,COROACI,1.000000,0.000000,3.000000,3.000000,,0.001914,"Emplacamentos BEV/PHEV ABVE; frota ampla SENATRAN ago/2026 e indicadores IBGE 2022, quando presentes, são medidas separadas. Recarga ABVE/Tupi ago/2026."
ES,SAO JOSE DO CALCADO,1.000000,1.000000,4.000000,3.000000,300.000000,0.001914,"Emplacamentos BEV/PHEV ABVE; frota ampla SENATRAN ago/2026 e indicadores IBGE 2022, quando presentes, são medidas separadas. Recarga ABVE/Tupi ago/2026."
GO,CRIXAS,0.000000,0.000000,3.000000,3.000000,,0.001914,"Emplacamentos BEV/PHEV ABVE; frota ampla SENATRAN ago/2026 e indicadores IBGE 2022, quando presentes, são medidas separadas. Recarga ABVE/Tupi ago/2026."
GO,CORUMBAIBA,0.000000,0.000000,3.000000,3.000000,,0.001914,"Emplacamentos BEV/PHEV ABVE; frota ampla SENATRAN ago/2026 e indicadores IBGE 2022, quando presentes, são medidas separadas. Recarga ABVE/Tupi ago/2026."
PR,FLORAI,0.000000,0.000000,3.000000,3.000000,,0.001914,"Emplacamentos BEV/PHEV ABVE; frota ampla SENATRAN ago/2026 e indicadores IBGE 2022, quando presentes, são medidas separadas. Recarga ABVE/Tupi ago/2026."
AL,INHAPI,0.000000,0.000000,3.000000,3.000000,,0.001914,"Emplacamentos BEV/PHEV ABVE; frota ampla SENATRAN ago/2026 e indicadores IBGE 2022, quando presentes, são medidas separadas. Recarga ABVE/Tupi ago/2026."
SC,GRAO-PARA,0.000000,2.000000,5.000000,3.000000,150.000000,0.001914,"Emplacamentos BEV/PHEV ABVE; frota ampla SENATRAN ago/2026 e indicadores IBGE 2022, quando presentes, são medidas separadas. Recarga ABVE/Tupi ago/2026."
PR,GUARANIACU,1.000000,0.000000,3.000000,3.000000,,0.001914,"Emplacamentos BEV/PHEV ABVE; frota ampla SENATRAN ago/2026 e indicadores IBGE 2022, quando presentes, são medidas separadas. Recarga ABVE/Tupi ago/2026."
RJ,BOM JESUS DO ITABAPOANA,0.000000,2.000000,5.000000,3.000000,150.000000,0.001914,"Emplacamentos BEV/PHEV ABVE; frota ampla SENATRAN ago/2026 e indicadores IBGE 2022, quando presentes, são medidas separadas. Recarga ABVE/Tupi ago/2026."
ES,MARECHAL FLORIANO,7.000000,4.000000,7.000000,3.000000,75.000000,0.001914,"Emplacamentos BEV/PHEV ABVE; frota ampla SENATRAN ago/2026 e indicadores IBGE 2022, quando presentes, são medidas separadas. Recarga ABVE/Tupi ago/2026."
ES,JERONIMO MONTEIRO,1.000000,1.000000,4.000000,3.000000,300.000000,0.001914,"Emplacamentos BEV/PHEV ABVE; frota ampla SENATRAN ago/2026 e indicadores IBGE 2022, quando presentes, são medidas separadas. Recarga ABVE/Tupi ago/2026."
AL,ESTRELA DE ALAGOAS,1.000000,1.000000,4.000000,3.000000,300.000000,0.001914,"Emplacamentos BEV/PHEV ABVE; frota ampla SENATRAN ago/2026 e indicadores IBGE 2022, quando presentes, são medidas separadas. Recarga ABVE/Tupi ago/2026."
PA,SALINOPOLIS,1.000000,4.000000,7.000000,3.000000,75.000000,0.001914,"Emplacamentos BEV/PHEV ABVE; frota ampla SENATRAN ago/2026 e indicadores IBGE 2022, quando presentes, são medidas separadas. Recarga ABVE/Tupi ago/2026."
SP,ALVINLANDIA,0.000000,0.000000,3.000000,3.000000,,0.001914,"Emplacamentos BEV/PHEV ABVE; frota ampla SENATRAN ago/2026 e indicadores IBGE 2022, quando presentes, são medidas separadas. Recarga ABVE/Tupi ago/2026."
MA,DOM PEDRO,1.000000,1.000000,4.000000,3.000000,300.000000,0.001914,"Emplacamentos BEV/PHEV ABVE; frota ampla SENATRAN ago/2026 e indicadores IBGE 2022, quando presentes, são medidas separadas. Recarga ABVE/Tupi ago/2026."
SE,PORTO DA FOLHA,0.000000,0.000000,3.000000,3.000000,,0.001914,"Emplacamentos BEV/PHEV ABVE; frota ampla SENATRAN ago/2026 e indicadores IBGE 2022, quando presentes, são medidas separadas. Recarga ABVE/Tupi ago/2026."
SE,POCO VERDE,0.000000,0.000000,3.000000,3.000000,,0.001914,"Emplacamentos BEV/PHEV ABVE; frota ampla SENATRAN ago/2026 e indicadores IBGE 2022, quando presentes, são medidas separadas. Recarga ABVE/Tupi ago/2026."
SP,AGUAI,3.000000,6.000000,9.000000,3.000000,50.000000,0.001914,"Emplacamentos BEV/PHEV ABVE; frota ampla SENATRAN ago/2026 e indicadores IBGE 2022, quando presentes, são medidas separadas. Recarga ABVE/Tupi ago/2026."
MG,CONCEICAO DO RIO VERDE,1.000000,0.000000,3.000000,3.000000,,0.001914,"Emplacamentos BEV/PHEV ABVE; frota ampla SENATRAN ago/2026 e indicadores IBGE 2022, quando presentes, são medidas separadas. Recarga ABVE/Tupi ago/2026."
MG,CONCEICAO DO MATO DENTRO,0.000000,0.000000,3.000000,3.000000,,0.001914,"Emplacamentos BEV/PHEV ABVE; frota ampla SENATRAN ago/2026 e indicadores IBGE 2022, quando presentes, são medidas separadas. Recarga ABVE/Tupi ago/2026."
MG,FORMIGA,2.000000,2.000000,5.000000,3.000000,150.000000,0.001914,"Emplacamentos BEV/PHEV ABVE; frota ampla SENATRAN ago/2026 e indicadores IBGE 2022, quando presentes, são medidas separadas. Recarga ABVE/Tupi ago/2026."
PR,CONGONHINHAS,0.000000,0.000000,3.000000,3.000000,,0.001914,"Emplacamentos BEV/PHEV ABVE; frota ampla SENATRAN ago/2026 e indicadores IBGE 2022, quando presentes, são medidas separadas. Recarga ABVE/Tupi ago/2026."
RJ,COMENDADOR LEVY GASPARIAN,3.000000,2.000000,5.000000,3.000000,150.000000,0.001914,"Emplacamentos BEV/PHEV ABVE; frota ampla SENATRAN ago/2026 e indicadores IBGE 2022, quando presentes, são medidas separadas. Recarga ABVE/Tupi ago/2026."
RJ,CARMO,0.000000,0.000000,3.000000,3.000000,,0.001914,"Emplacamentos BEV/PHEV ABVE; frota ampla SENATRAN ago/2026 e indicadores IBGE 2022, quando presentes, são medidas separadas. Recarga ABVE/Tupi ago/2026."
ES,IBITIRAMA,1.000000,1.000000,4.000000,3.000000,300.000000,0.001914,"Emplacamentos BEV/PHEV ABVE; frota ampla SENATRAN ago/2026 e indicadores IBGE 2022, quando presentes, são medidas separadas. Recarga ABVE/Tupi ago/2026."
ES,ECOPORANGA,1.000000,3.000000,6.000000,3.000000,100.000000,0.001914,"Emplacamentos BEV/PHEV ABVE; frota ampla SENATRAN ago/2026 e indicadores IBGE 2022, quando presentes, são medidas separadas. Recarga ABVE/Tupi ago/2026."
MG,GUAXUPE,3.000000,1.000000,4.000000,3.000000,300.000000,0.001914,"Emplacamentos BEV/PHEV ABVE; frota ampla SENATRAN ago/2026 e indicadores IBGE 2022, quando presentes, são medidas separadas. Recarga ABVE/Tupi ago/2026."
MA,SANTA LUZIA,0.000000,0.000000,3.000000,3.000000,,0.001914,"Emplacamentos BEV/PHEV ABVE; frota ampla SENATRAN ago/2026 e indicadores IBGE 2022, quando presentes, são medidas separadas. Recarga ABVE/Tupi ago/2026."
SC,SAO JOSE DO CERRITO,0.000000,0.000000,3.000000,3.000000,,0.001914,"Emplacamentos BEV/PHEV ABVE; frota ampla SENATRAN ago/2026 e indicadores IBGE 2022, quando presentes, são medidas separadas. Recarga ABVE/Tupi ago/2026."
MA,RIACHAO,0.000000,0.000000,3.000000,3.000000,,0.001914,"Emplacamentos BEV/PHEV ABVE; frota ampla SENATRAN ago/2026 e indicadores IBGE 2022, quando presentes, são medidas separadas. Recarga ABVE/Tupi ago/2026."
MG,ITABIRITO,1.000000,9.000000,12.000000,3.000000,33.333333,0.001914,"Emplacamentos BEV/PHEV ABVE; frota ampla SENATRAN ago/2026 e indicadores IBGE 2022, quando presentes, são medidas separadas. Recarga ABVE/Tupi ago/2026."
MG,IPANEMA,0.000000,0.000000,3.000000,3.000000,,0.001914,"Emplacamentos BEV/PHEV ABVE; frota ampla SENATRAN ago/2026 e indicadores IBGE 2022, quando presentes, são medidas separadas. Recarga ABVE/Tupi ago/2026."
MG,IPABA,0.000000,0.000000,3.000000,3.000000,,0.001914,"Emplacamentos BEV/PHEV ABVE; frota ampla SENATRAN ago/2026 e indicadores IBGE 2022, quando presentes, são medidas separadas. Recarga ABVE/Tupi ago/2026."
SP,RAFARD,1.000000,1.000000,4.000000,3.000000,300.000000,0.001914,"Emplacamentos BEV/PHEV ABVE; frota ampla SENATRAN ago/2026 e indicadores IBGE 2022, quando presentes, são medidas separadas. Recarga ABVE/Tupi ago/2026."
SP,QUELUZ,0.000000,0.000000,3.000000,3.000000,,0.001914,"Emplacamentos BEV/PHEV ABVE; frota ampla SENATRAN ago/2026 e indicadores IBGE 2022, quando presentes, são medidas separadas. Recarga ABVE/Tupi ago/2026."
SP,QUATA,0.000000,0.000000,3.000000,3.000000,,0.001914,"Emplacamentos BEV/PHEV ABVE; frota ampla SENATRAN ago/2026 e indicadores IBGE 2022, quando presentes, são medidas separadas. Recarga ABVE/Tupi ago/2026."
MT,APIACAS,0.000000,0.000000,3.000000,3.000000,,0.001914,"Emplacamentos BEV/PHEV ABVE; frota ampla SENATRAN ago/2026 e indicadores IBGE 2022, quando presentes, são medidas separadas. Recarga ABVE/Tupi ago/2026."
RS,MORRINHOS DO SUL,1.000000,0.000000,3.000000,3.000000,,0.001914,"Emplacamentos BEV/PHEV ABVE; frota ampla SENATRAN ago/2026 e indicadores IBGE 2022, quando presentes, são medidas separadas. Recarga ABVE/Tupi ago/2026."
BA,SAO SEBASTIAO DO PASSE,4.000000,2.000000,5.000000,3.000000,150.000000,0.001914,"Emplacamentos BEV/PHEV ABVE; frota ampla SENATRAN ago/2026 e indicadores IBGE 2022, quando presentes, são medidas separadas. Recarga ABVE/Tupi ago/2026."
SC,ASCURRA,4.000000,1.000000,4.000000,3.000000,300.000000,0.001914,"Emplacamentos BEV/PHEV ABVE; frota ampla SENATRAN ago/2026 e indicadores IBGE 2022, quando presentes, são medidas separadas. Recarga ABVE/Tupi ago/2026."
SP,IPERO,4.000000,7.000000,10.000000,3.000000,42.857143,0.001914,"Emplacamentos BEV/PHEV ABVE; frota ampla SENATRAN ago/2026 e indicadores IBGE 2022, quando presentes, são medidas separadas. Recarga ABVE/Tupi ago/2026."
SP,IEPE,0.000000,0.000000,3.000000,3.000000,,0.001914,"Emplacamentos BEV/PHEV ABVE; frota ampla SENATRAN ago/2026 e indicadores IBGE 2022, quando presentes, são medidas separadas. Recarga ABVE/Tupi ago/2026."
PR,CAMPINA DA LAGOA,0.000000,1.000000,4.000000,3.000000,300.000000,0.001914,"Emplacamentos BEV/PHEV ABVE; frota ampla SENATRAN ago/2026 e indicadores IBGE 2022, quando presentes, são medidas separadas. Recarga ABVE/Tupi ago/2026."
GO,ITAPURANGA,1.000000,2.000000,5.000000,3.000000,150.000000,0.001914,"Emplacamentos BEV/PHEV ABVE; frota ampla SENATRAN ago/2026 e indicadores IBGE 2022, quando presentes, são medidas separadas. Recarga ABVE/Tupi ago/2026."
SP,RIBEIRAO BONITO,1.000000,1.000000,4.000000,3.000000,300.000000,0.001914,"Emplacamentos BEV/PHEV ABVE; frota ampla SENATRAN ago/2026 e indicadores IBGE 2022, quando presentes, são medidas separadas. Recarga ABVE/Tupi ago/2026."
MS,JARDIM,3.000000,2.000000,5.000000,3.000000,150.000000,0.001914,"Emplacamentos BEV/PHEV ABVE; frota ampla SENATRAN ago/2026 e indicadores IBGE 2022, quando presentes, são medidas separadas. Recarga ABVE/Tupi ago/2026."
PB,AROEIRAS,0.000000,0.000000,3.000000,3.000000,,0.001914,"Emplacamentos BEV/PHEV ABVE; frota ampla SENATRAN ago/2026 e indicadores IBGE 2022, quando presentes, são medidas separadas. Recarga ABVE/Tupi ago/2026."
CE,LAVRAS DA MANGABEIRA,2.000000,0.000000,3.000000,3.000000,,0.001914,"Emplacamentos BEV/PHEV ABVE; frota ampla SENATRAN ago/2026 e indicadores IBGE 2022, quando presentes, são medidas separadas. Recarga ABVE/Tupi ago/2026."
PA,TUCURUI,5.000000,7.000000,10.000000,3.000000,42.857143,0.001914,"Emplacamentos BEV/PHEV ABVE; frota ampla SENATRAN ago/2026 e indicadores IBGE 2022, quando presentes, são medidas separadas. Recarga ABVE/Tupi ago/2026."
GO,IPAMERI,0.000000,2.000000,5.000000,3.000000,150.000000,0.001914,"Emplacamentos BEV/PHEV ABVE; frota ampla SENATRAN ago/2026 e indicadores IBGE 2022, quando presentes, são medidas separadas. Recarga ABVE/Tupi ago/2026."
PR,CAMBIRA,0.000000,0.000000,3.000000,3.000000,,0.001914,"Emplacamentos BEV/PHEV ABVE; frota ampla SENATRAN ago/2026 e indicadores IBGE 2022, quando presentes, são medidas separadas. Recarga ABVE/Tupi ago/2026."
SP,IPEUNA,2.000000,1.000000,4.000000,3.000000,300.000000,0.001914,"Emplacamentos BEV/PHEV ABVE; frota ampla SENATRAN ago/2026 e indicadores IBGE 2022, quando presentes, são medidas separadas. Recarga ABVE/Tupi ago/2026."
ES,BREJETUBA,1.000000,0.000000,3.000000,3.000000,,0.001914,"Emplacamentos BEV/PHEV ABVE; frota ampla SENATRAN ago/2026 e indicadores IBGE 2022, quando presentes, são medidas separadas. Recarga ABVE/Tupi ago/2026."
ES,ATILIO VIVACQUA,1.000000,3.000000,6.000000,3.000000,100.000000,0.001914,"Emplacamentos BEV/PHEV ABVE; frota ampla SENATRAN ago/2026 e indicadores IBGE 2022, quando presentes, são medidas separadas. Recarga ABVE/Tupi ago/2026."
MG,ITURAMA,0.000000,1.000000,4.000000,3.000000,300.000000,0.001914,"Emplacamentos BEV/PHEV ABVE; frota ampla SENATRAN ago/2026 e indicadores IBGE 2022, quando presentes, são medidas separadas. Recarga ABVE/Tupi ago/2026."
MG,ITUIUTABA,5.000000,6.000000,9.000000,3.000000,50.000000,0.001914,"Emplacamentos BEV/PHEV ABVE; frota ampla SENATRAN ago/2026 e indicadores IBGE 2022, quando presentes, são medidas separadas. Recarga ABVE/Tupi ago/2026."
SP,TAGUAI,0.000000,0.000000,3.000000,3.000000,,0.001914,"Emplacamentos BEV/PHEV ABVE; frota ampla SENATRAN ago/2026 e indicadores IBGE 2022, quando presentes, são medidas separadas. Recarga ABVE/Tupi ago/2026."
SC,ANGELINA,0.000000,0.000000,3.000000,3.000000,,0.001914,"Emplacamentos BEV/PHEV ABVE; frota ampla SENATRAN ago/2026 e indicadores IBGE 2022, quando presentes, são medidas separadas. Recarga ABVE/Tupi ago/2026."
BA,SOBRADINHO,0.000000,0.000000,3.000000,3.000000,,0.001914,"Emplacamentos BEV/PHEV ABVE; frota ampla SENATRAN ago/2026 e indicadores IBGE 2022, quando presentes, são medidas separadas. Recarga ABVE/Tupi ago/2026."
SP,NEVES PAULISTA,1.000000,1.000000,4.000000,3.000000,300.000000,0.001914,"Emplacamentos BEV/PHEV ABVE; frota ampla SENATRAN ago/2026 e indicadores IBGE 2022, quando presentes, são medidas separadas. Recarga ABVE/Tupi ago/2026."
PB,CRUZ DO ESPIRITO SANTO,1.000000,0.000000,3.000000,3.000000,,0.001914,"Emplacamentos BEV/PHEV ABVE; frota ampla SENATRAN ago/2026 e indicadores IBGE 2022, quando presentes, são medidas separadas. Recarga ABVE/Tupi ago/2026."
RS,BOA VISTA DO BURICA,0.000000,2.000000,5.000000,3.000000,150.000000,0.001914,"Emplacamentos BEV/PHEV ABVE; frota ampla SENATRAN ago/2026 e indicadores IBGE 2022, quando presentes, são medidas separadas. Recarga ABVE/Tupi ago/2026."
CE,CANINDE,5.000000,2.000000,5.000000,3.000000,150.000000,0.001914,"Emplacamentos BEV/PHEV ABVE; frota ampla SENATRAN ago/2026 e indicadores IBGE 2022, quando presentes, são medidas separadas. Recarga ABVE/Tupi ago/2026."
RS,PAIM FILHO,1.000000,0.000000,3.000000,3.000000,,0.001914,"Emplacamentos BEV/PHEV ABVE; frota ampla SENATRAN ago/2026 e indicadores IBGE 2022, quando presentes, são medidas separadas. Recarga ABVE/Tupi ago/2026."
MS,SIDROLANDIA,5.000000,3.000000,6.000000,3.000000,100.000000,0.001914,"Emplacamentos BEV/PHEV ABVE; frota ampla SENATRAN ago/2026 e indicadores IBGE 2022, quando presentes, são medidas separadas. Recarga ABVE/Tupi ago/2026."
BA,SAUBARA,0.000000,1.000000,4.000000,3.000000,300.000000,0.001914,"Emplacamentos BEV/PHEV ABVE; frota ampla SENATRAN ago/2026 e indicadores IBGE 2022, quando presentes, são medidas separadas. Recarga ABVE/Tupi ago/2026."
PR,BELA VISTA DO PARAISO,1.000000,1.000000,4.000000,3.000000,300.000000,0.001914,"Emplacamentos BEV/PHEV ABVE; frota ampla SENATRAN ago/2026 e indicadores IBGE 2022, quando presentes, são medidas separadas. Recarga ABVE/Tupi ago/2026."
SP,BURITAMA,3.000000,3.000000,6.000000,3.000000,100.000000,0.001914,"Emplacamentos BEV/PHEV ABVE; frota ampla SENATRAN ago/2026 e indicadores IBGE 2022, quando presentes, são medidas separadas. Recarga ABVE/Tupi ago/2026."
SP,BROTAS,3.000000,4.000000,7.000000,3.000000,75.000000,0.001914,"Emplacamentos BEV/PHEV ABVE; frota ampla SENATRAN ago/2026 e indicadores IBGE 2022, quando presentes, são medidas separadas. Recarga ABVE/Tupi ago/2026."
SP,TABAPUA,1.000000,2.000000,5.000000,3.000000,150.000000,0.001914,"Emplacamentos BEV/PHEV ABVE; frota ampla SENATRAN ago/2026 e indicadores IBGE 2022, quando presentes, são medidas separadas. Recarga ABVE/Tupi ago/2026."
SP,SAO SEBASTIAO DA GRAMA,4.000000,0.000000,3.000000,3.000000,,0.001914,"Emplacamentos BEV/PHEV ABVE; frota ampla SENATRAN ago/2026 e indicadores IBGE 2022, quando presentes, são medidas separadas. Recarga ABVE/Tupi ago/2026."
PB,ITABAIANA,0.000000,1.000000,4.000000,3.000000,300.000000,0.001914,"Emplacamentos BEV/PHEV ABVE; frota ampla SENATRAN ago/2026 e indicadores IBGE 2022, quando presentes, são medidas separadas. Recarga ABVE/Tupi ago/2026."
PB,CAAPORA,0.000000,0.000000,3.000000,3.000000,,0.001914,"Emplacamentos BEV/PHEV ABVE; frota ampla SENATRAN ago/2026 e indicadores IBGE 2022, quando presentes, são medidas separadas. Recarga ABVE/Tupi ago/2026."
MG,LEOPOLDINA,6.000000,1.000000,4.000000,3.000000,300.000000,0.001914,"Emplacamentos BEV/PHEV ABVE; frota ampla SENATRAN ago/2026 e indicadores IBGE 2022, quando presentes, são medidas separadas. Recarga ABVE/Tupi ago/2026."
CE,TRAIRI,1.000000,1.000000,4.000000,3.000000,300.000000,0.001914,"Emplacamentos BEV/PHEV ABVE; frota ampla SENATRAN ago/2026 e indicadores IBGE 2022, quando presentes, são medidas separadas. Recarga ABVE/Tupi ago/2026."
BA,CARAIBAS,0.000000,0.000000,3.000000,3.000000,,0.001914,"Emplacamentos BEV/PHEV ABVE; frota ampla SENATRAN ago/2026 e indicadores IBGE 2022, quando presentes, são medidas separadas. Recarga ABVE/Tupi ago/2026."
PR,ANTONINA,0.000000,3.000000,6.000000,3.000000,100.000000,0.001914,"Emplacamentos BEV/PHEV ABVE; frota ampla SENATRAN ago/2026 e indicadores IBGE 2022, quando presentes, são medidas separadas. Recarga ABVE/Tupi ago/2026."
GO,MINACU,0.000000,1.000000,4.000000,3.000000,300.000000,0.001914,"Emplacamentos BEV/PHEV ABVE; frota ampla SENATRAN ago/2026 e indicadores IBGE 2022, quando presentes, são medidas separadas. Recarga ABVE/Tupi ago/2026."
RN,ALEXANDRIA,1.000000,0.000000,3.000000,3.000000,,0.001914,"Emplacamentos BEV/PHEV ABVE; frota ampla SENATRAN ago/2026 e indicadores IBGE 2022, quando presentes, são medidas separadas. Recarga ABVE/Tupi ago/2026."
RJ,SUMIDOURO,1.000000,0.000000,3.000000,3.000000,,0.001914,"Emplacamentos BEV/PHEV ABVE; frota ampla SENATRAN ago/2026 e indicadores IBGE 2022, quando presentes, são medidas separadas. Recarga ABVE/Tupi ago/2026."
MG,JURUAIA,1.000000,0.000000,3.000000,3.000000,,0.001914,"Emplacamentos BEV/PHEV ABVE; frota ampla SENATRAN ago/2026 e indicadores IBGE 2022, quando presentes, são medidas separadas. Recarga ABVE/Tupi ago/2026."
MG,JOAO PINHEIRO,1.000000,0.000000,3.000000,3.000000,,0.001914,"Emplacamentos BEV/PHEV ABVE; frota ampla SENATRAN ago/2026 e indicadores IBGE 2022, quando presentes, são medidas separadas. Recarga ABVE/Tupi ago/2026."
MG,MATIPO,0.000000,0.000000,3.000000,3.000000,,0.001914,"Emplacamentos BEV/PHEV ABVE; frota ampla SENATRAN ago/2026 e indicadores IBGE 2022, quando presentes, são medidas separadas. Recarga ABVE/Tupi ago/2026."
MG,MATEUS LEME,3.000000,2.000000,5.000000,3.000000,150.000000,0.001914,"Emplacamentos BEV/PHEV ABVE; frota ampla SENATRAN ago/2026 e indicadores IBGE 2022, quando presentes, são medidas separadas. Recarga ABVE/Tupi ago/2026."
BA,NOVA CANAA,0.000000,0.000000,3.000000,3.000000,,0.001914,"Emplacamentos BEV/PHEV ABVE; frota ampla SENATRAN ago/2026 e indicadores IBGE 2022, quando presentes, são medidas separadas. Recarga ABVE/Tupi ago/2026."
BA,MURITIBA,1.000000,1.000000,4.000000,3.000000,300.000000,0.001914,"Emplacamentos BEV/PHEV ABVE; frota ampla SENATRAN ago/2026 e indicadores IBGE 2022, quando presentes, são medidas separadas. Recarga ABVE/Tupi ago/2026."
BA,MORTUGABA,0.000000,0.000000,3.000000,3.000000,,0.001914,"Emplacamentos BEV/PHEV ABVE; frota ampla SENATRAN ago/2026 e indicadores IBGE 2022, quando presentes, são medidas separadas. Recarga ABVE/Tupi ago/2026."
SE,MARUIM,0.000000,0.000000,3.000000,3.000000,,0.001914,"Emplacamentos BEV/PHEV ABVE; frota ampla SENATRAN ago/2026 e indicadores IBGE 2022, quando presentes, são medidas separadas. Recarga ABVE/Tupi ago/2026."
RS,PICADA CAFE,0.000000,1.000000,4.000000,3.000000,300.000000,0.001914,"Emplacamentos BEV/PHEV ABVE; frota ampla SENATRAN ago/2026 e indicadores IBGE 2022, quando presentes, são medidas separadas. Recarga ABVE/Tupi ago/2026."
CE,MOMBACA,3.000000,1.000000,4.000000,3.000000,300.000000,0.001914,"Emplacamentos BEV/PHEV ABVE; frota ampla SENATRAN ago/2026 e indicadores IBGE 2022, quando presentes, são medidas separadas. Recarga ABVE/Tupi ago/2026."
CE,MISSAO VELHA,1.000000,1.000000,4.000000,3.000000,300.000000,0.001914,"Emplacamentos BEV/PHEV ABVE; frota ampla SENATRAN ago/2026 e indicadores IBGE 2022, quando presentes, são medidas separadas. Recarga ABVE/Tupi ago/2026."
PB,JUAREZ TAVORA,0.000000,0.000000,3.000000,3.000000,,0.001914,"Emplacamentos BEV/PHEV ABVE; frota ampla SENATRAN ago/2026 e indicadores IBGE 2022, quando presentes, são medidas separadas. Recarga ABVE/Tupi ago/2026."
BA,MORRO DO CHAPEU,0.000000,0.000000,3.000000,3.000000,,0.001914,"Emplacamentos BEV/PHEV ABVE; frota ampla SENATRAN ago/2026 e indicadores IBGE 2022, quando presentes, são medidas separadas. Recarga ABVE/Tupi ago/2026."
PI,MONSENHOR GIL,0.000000,0.000000,3.000000,3.000000,,0.001914,"Emplacamentos BEV/PHEV ABVE; frota ampla SENATRAN ago/2026 e indicadores IBGE 2022, quando presentes, são medidas separadas. Recarga ABVE/Tupi ago/2026."
RJ,SAO JOSE DE UBA,0.000000,0.000000,3.000000,3.000000,,0.001914,"Emplacamentos BEV/PHEV ABVE; frota ampla SENATRAN ago/2026 e indicadores IBGE 2022, quando presentes, são medidas separadas. Recarga ABVE/Tupi ago/2026."
RN,BREJINHO,0.000000,1.000000,4.000000,3.000000,300.000000,0.001914,"Emplacamentos BEV/PHEV ABVE; frota ampla SENATRAN ago/2026 e indicadores IBGE 2022, quando presentes, são medidas separadas. Recarga ABVE/Tupi ago/2026."
BA,UBAIRA,0.000000,1.000000,4.000000,3.000000,300.000000,0.001914,"Emplacamentos BEV/PHEV ABVE; frota ampla SENATRAN ago/2026 e indicadores IBGE 2022, quando presentes, são medidas separadas. Recarga ABVE/Tupi ago/2026."
MG,PADRE PARAISO,0.000000,0.000000,3.000000,3.000000,,0.001914,"Emplacamentos BEV/PHEV ABVE; frota ampla SENATRAN ago/2026 e indicadores IBGE 2022, quando presentes, são medidas separadas. Recarga ABVE/Tupi ago/2026."
AL,MARAGOGI,2.000000,10.000000,13.000000,3.000000,30.000000,0.001914,"Emplacamentos BEV/PHEV ABVE; frota ampla SENATRAN ago/2026 e indicadores IBGE 2022, quando presentes, são medidas separadas. Recarga ABVE/Tupi ago/2026."
BA,TANQUE NOVO,1.000000,0.000000,3.000000,3.000000,,0.001914,"Emplacamentos BEV/PHEV ABVE; frota ampla SENATRAN ago/2026 e indicadores IBGE 2022, quando presentes, são medidas separadas. Recarga ABVE/Tupi ago/2026."
RS,VILA MARIA,0.000000,0.000000,3.000000,3.000000,,0.001914,"Emplacamentos BEV/PHEV ABVE; frota ampla SENATRAN ago/2026 e indicadores IBGE 2022, quando presentes, são medidas separadas. Recarga ABVE/Tupi ago/2026."
SP,ITIRAPUA,0.000000,0.000000,3.000000,3.000000,,0.001914,"Emplacamentos BEV/PHEV ABVE; frota ampla SENATRAN ago/2026 e indicadores IBGE 2022, quando presentes, são medidas separadas. Recarga ABVE/Tupi ago/2026."
SP,ITAPUI,2.000000,3.000000,6.000000,3.000000,100.000000,0.001914,"Emplacamentos BEV/PHEV ABVE; frota ampla SENATRAN ago/2026 e indicadores IBGE 2022, quando presentes, são medidas separadas. Recarga ABVE/Tupi ago/2026."
PI,PAULISTANA,1.000000,0.000000,3.000000,3.000000,,0.001914,"Emplacamentos BEV/PHEV ABVE; frota ampla SENATRAN ago/2026 e indicadores IBGE 2022, quando presentes, são medidas separadas. Recarga ABVE/Tupi ago/2026."
PI,OEIRAS,2.000000,1.000000,4.000000,3.000000,300.000000,0.001914,"Emplacamentos BEV/PHEV ABVE; frota ampla SENATRAN ago/2026 e indicadores IBGE 2022, quando presentes, são medidas separadas. Recarga ABVE/Tupi ago/2026."
AL,SAO LUIS DO QUITUNDE,0.000000,1.000000,4.000000,3.000000,300.000000,0.001914,"Emplacamentos BEV/PHEV ABVE; frota ampla SENATRAN ago/2026 e indicadores IBGE 2022, quando presentes, são medidas separadas. Recarga ABVE/Tupi ago/2026."
RS,PANTANO GRANDE,0.000000,0.000000,3.000000,3.000000,,0.001914,"Emplacamentos BEV/PHEV ABVE; frota ampla SENATRAN ago/2026 e indicadores IBGE 2022, quando presentes, são medidas separadas. Recarga ABVE/Tupi ago/2026."
SP,MONTE APRAZIVEL,3.000000,5.000000,8.000000,3.000000,60.000000,0.001914,"Emplacamentos BEV/PHEV ABVE; frota ampla SENATRAN ago/2026 e indicadores IBGE 2022, quando presentes, são medidas separadas. Recarga ABVE/Tupi ago/2026."
BA,ARACATU,0.000000,0.000000,3.000000,3.000000,,0.001914,"Emplacamentos BEV/PHEV ABVE; frota ampla SENATRAN ago/2026 e indicadores IBGE 2022, quando presentes, são medidas separadas. Recarga ABVE/Tupi ago/2026."
PB,PICUI,0.000000,1.000000,4.000000,3.000000,300.000000,0.001914,"Emplacamentos BEV/PHEV ABVE; frota ampla SENATRAN ago/2026 e indicadores IBGE 2022, quando presentes, são medidas separadas. Recarga ABVE/Tupi ago/2026."
RS,ARATIBA,0.000000,1.000000,4.000000,3.000000,300.000000,0.001914,"Emplacamentos BEV/PHEV ABVE; frota ampla SENATRAN ago/2026 e indicadores IBGE 2022, quando presentes, são medidas separadas. Recarga ABVE/Tupi ago/2026."
CE,MUCAMBO,1.000000,0.000000,3.000000,3.000000,,0.001914,"Emplacamentos BEV/PHEV ABVE; frota ampla SENATRAN ago/2026 e indicadores IBGE 2022, quando presentes, são medidas separadas. Recarga ABVE/Tupi ago/2026."
MS,IVINHEMA,0.000000,3.000000,6.000000,3.000000,100.000000,0.001914,"Emplacamentos BEV/PHEV ABVE; frota ampla SENATRAN ago/2026 e indicadores IBGE 2022, quando presentes, são medidas separadas. Recarga ABVE/Tupi ago/2026."
RN,GROSSOS,0.000000,0.000000,3.000000,3.000000,,0.001914,"Emplacamentos BEV/PHEV ABVE; frota ampla SENATRAN ago/2026 e indicadores IBGE 2022, quando presentes, são medidas separadas. Recarga ABVE/Tupi ago/2026."
PI,BARRAS,1.000000,0.000000,3.000000,3.000000,,0.001914,"Emplacamentos BEV/PHEV ABVE; frota ampla SENATRAN ago/2026 e indicadores IBGE 2022, quando presentes, são medidas separadas. Recarga ABVE/Tupi ago/2026."
CE,SAO BENEDITO,1.000000,1.000000,4.000000,3.000000,300.000000,0.001914,"Emplacamentos BEV/PHEV ABVE; frota ampla SENATRAN ago/2026 e indicadores IBGE 2022, quando presentes, são medidas separadas. Recarga ABVE/Tupi ago/2026."
SP,JACUPIRANGA,1.000000,0.000000,3.000000,3.000000,,0.001914,"Emplacamentos BEV/PHEV ABVE; frota ampla SENATRAN ago/2026 e indicadores IBGE 2022, quando presentes, são medidas separadas. Recarga ABVE/Tupi ago/2026."
PI,CASTELO DO PIAUI,0.000000,0.000000,3.000000,3.000000,,0.001914,"Emplacamentos BEV/PHEV ABVE; frota ampla SENATRAN ago/2026 e indicadores IBGE 2022, quando presentes, são medidas separadas. Recarga ABVE/Tupi ago/2026."
PI,CAJUEIRO DA PRAIA,0.000000,1.000000,4.000000,3.000000,300.000000,0.001914,"Emplacamentos BEV/PHEV ABVE; frota ampla SENATRAN ago/2026 e indicadores IBGE 2022, quando presentes, são medidas separadas. Recarga ABVE/Tupi ago/2026."
GO,NIQUELANDIA,1.000000,0.000000,3.000000,3.000000,,0.001914,"Emplacamentos BEV/PHEV ABVE; frota ampla SENATRAN ago/2026 e indicadores IBGE 2022, quando presentes, são medidas separadas. Recarga ABVE/Tupi ago/2026."
SP,SAO LOURENCO DA SERRA,0.000000,0.000000,3.000000,3.000000,,0.001914,"Emplacamentos BEV/PHEV ABVE; frota ampla SENATRAN ago/2026 e indicadores IBGE 2022, quando presentes, são medidas separadas. Recarga ABVE/Tupi ago/2026."
RS,TABAI,0.000000,0.000000,3.000000,3.000000,,0.001914,"Emplacamentos BEV/PHEV ABVE; frota ampla SENATRAN ago/2026 e indicadores IBGE 2022, quando presentes, são medidas separadas. Recarga ABVE/Tupi ago/2026."
MA,MIRANDA DO NORTE,1.000000,0.000000,3.000000,3.000000,,0.001914,"Emplacamentos BEV/PHEV ABVE; frota ampla SENATRAN ago/2026 e indicadores IBGE 2022, quando presentes, são medidas separadas. Recarga ABVE/Tupi ago/2026."
PB,NOVA PALMEIRA,0.000000,0.000000,3.000000,3.000000,,0.001914,"Emplacamentos BEV/PHEV ABVE; frota ampla SENATRAN ago/2026 e indicadores IBGE 2022, quando presentes, são medidas separadas. Recarga ABVE/Tupi ago/2026."
SP,APIAI,1.000000,1.000000,4.000000,3.000000,300.000000,0.001914,"Emplacamentos BEV/PHEV ABVE; frota ampla SENATRAN ago/2026 e indicadores IBGE 2022, quando presentes, são medidas separadas. Recarga ABVE/Tupi ago/2026."
RS,BARAO,0.000000,0.000000,3.000000,3.000000,,0.001914,"Emplacamentos BEV/PHEV ABVE; frota ampla SENATRAN ago/2026 e indicadores IBGE 2022, quando presentes, são medidas separadas. Recarga ABVE/Tupi ago/2026."
MS,CAARAPO,1.000000,2.000000,5.000000,3.000000,150.000000,0.001914,"Emplacamentos BEV/PHEV ABVE; frota ampla SENATRAN ago/2026 e indicadores IBGE 2022, quando presentes, são medidas separadas. Recarga ABVE/Tupi ago/2026."
MS,BELA VISTA,1.000000,0.000000,3.000000,3.000000,,0.001914,"Emplacamentos BEV/PHEV ABVE; frota ampla SENATRAN ago/2026 e indicadores IBGE 2022, quando presentes, são medidas separadas. Recarga ABVE/Tupi ago/2026."
PE,VENTUROSA,0.000000,1.000000,4.000000,3.000000,300.000000,0.001914,"Emplacamentos BEV/PHEV ABVE; frota ampla SENATRAN ago/2026 e indicadores IBGE 2022, quando presentes, são medidas separadas. Recarga ABVE/Tupi ago/2026."
PE,TRINDADE,0.000000,3.000000,6.000000,3.000000,100.000000,0.001914,"Emplacamentos BEV/PHEV ABVE; frota ampla SENATRAN ago/2026 e indicadores IBGE 2022, quando presentes, são medidas separadas. Recarga ABVE/Tupi ago/2026."
PE,TAQUARITINGA DO NORTE,5.000000,5.000000,8.000000,3.000000,60.000000,0.001914,"Emplacamentos BEV/PHEV ABVE; frota ampla SENATRAN ago/2026 e indicadores IBGE 2022, quando presentes, são medidas separadas. Recarga ABVE/Tupi ago/2026."
RN,PARELHAS,6.000000,0.000000,3.000000,3.000000,,0.001914,"Emplacamentos BEV/PHEV ABVE; frota ampla SENATRAN ago/2026 e indicadores IBGE 2022, quando presentes, são medidas separadas. Recarga ABVE/Tupi ago/2026."
RN,LAGOA NOVA,1.000000,0.000000,3.000000,3.000000,,0.001914,"Emplacamentos BEV/PHEV ABVE; frota ampla SENATRAN ago/2026 e indicadores IBGE 2022, quando presentes, são medidas separadas. Recarga ABVE/Tupi ago/2026."
SP,BOCAINA,2.000000,2.000000,5.000000,3.000000,150.000000,0.001914,"Emplacamentos BEV/PHEV ABVE; frota ampla SENATRAN ago/2026 e indicadores IBGE 2022, quando presentes, são medidas separadas. Recarga ABVE/Tupi ago/2026."
GO,PARAUNA,3.000000,1.000000,4.000000,3.000000,300.000000,0.001914,"Emplacamentos BEV/PHEV ABVE; frota ampla SENATRAN ago/2026 e indicadores IBGE 2022, quando presentes, são medidas separadas. Recarga ABVE/Tupi ago/2026."
GO,PARANAIGUARA,1.000000,0.000000,3.000000,3.000000,,0.001914,"Emplacamentos BEV/PHEV ABVE; frota ampla SENATRAN ago/2026 e indicadores IBGE 2022, quando presentes, são medidas separadas. Recarga ABVE/Tupi ago/2026."
BA,ITUACU,0.000000,1.000000,4.000000,3.000000,300.000000,0.001914,"Emplacamentos BEV/PHEV ABVE; frota ampla SENATRAN ago/2026 e indicadores IBGE 2022, quando presentes, são medidas separadas. Recarga ABVE/Tupi ago/2026."
SC,URUSSANGA,4.000000,7.000000,10.000000,3.000000,42.857143,0.001914,"Emplacamentos BEV/PHEV ABVE; frota ampla SENATRAN ago/2026 e indicadores IBGE 2022, quando presentes, são medidas separadas. Recarga ABVE/Tupi ago/2026."
SC,TREZE DE MAIO,0.000000,0.000000,3.000000,3.000000,,0.001914,"Emplacamentos BEV/PHEV ABVE; frota ampla SENATRAN ago/2026 e indicadores IBGE 2022, quando presentes, são medidas separadas. Recarga ABVE/Tupi ago/2026."
PB,SAPE,2.000000,0.000000,3.000000,3.000000,,0.001914,"Emplacamentos BEV/PHEV ABVE; frota ampla SENATRAN ago/2026 e indicadores IBGE 2022, quando presentes, são medidas separadas. Recarga ABVE/Tupi ago/2026."
PB,PEDRA LAVRADA,0.000000,0.000000,3.000000,3.000000,,0.001914,"Emplacamentos BEV/PHEV ABVE; frota ampla SENATRAN ago/2026 e indicadores IBGE 2022, quando presentes, são medidas separadas. Recarga ABVE/Tupi ago/2026."
RS,PROTASIO ALVES,0.000000,0.000000,3.000000,3.000000,,0.001914,"Emplacamentos BEV/PHEV ABVE; frota ampla SENATRAN ago/2026 e indicadores IBGE 2022, quando presentes, são medidas separadas. Recarga ABVE/Tupi ago/2026."
SP,ROSEIRA,4.000000,0.000000,3.000000,3.000000,,0.001914,"Emplacamentos BEV/PHEV ABVE; frota ampla SENATRAN ago/2026 e indicadores IBGE 2022, quando presentes, são medidas separadas. Recarga ABVE/Tupi ago/2026."
SP,RIO GRANDE DA SERRA,2.000000,3.000000,6.000000,3.000000,100.000000,0.001914,"Emplacamentos BEV/PHEV ABVE; frota ampla SENATRAN ago/2026 e indicadores IBGE 2022, quando presentes, são medidas separadas. Recarga ABVE/Tupi ago/2026."
SP,RINOPOLIS,0.000000,0.000000,3.000000,3.000000,,0.001914,"Emplacamentos BEV/PHEV ABVE; frota ampla SENATRAN ago/2026 e indicadores IBGE 2022, quando presentes, são medidas separadas. Recarga ABVE/Tupi ago/2026."
RN,RIACHUELO,0.000000,0.000000,3.000000,3.000000,,0.001914,"Emplacamentos BEV/PHEV ABVE; frota ampla SENATRAN ago/2026 e indicadores IBGE 2022, quando presentes, são medidas separadas. Recarga ABVE/Tupi ago/2026."
PE,SAO JOAO,0.000000,0.000000,3.000000,3.000000,,0.001914,"Emplacamentos BEV/PHEV ABVE; frota ampla SENATRAN ago/2026 e indicadores IBGE 2022, quando presentes, são medidas separadas. Recarga ABVE/Tupi ago/2026."
RS,SAO PEDRO DA SERRA,0.000000,0.000000,3.000000,3.000000,,0.001914,"Emplacamentos BEV/PHEV ABVE; frota ampla SENATRAN ago/2026 e indicadores IBGE 2022, quando presentes, são medidas separadas. Recarga ABVE/Tupi ago/2026."
PE,PESQUEIRA,1.000000,3.000000,6.000000,3.000000,100.000000,0.001914,"Emplacamentos BEV/PHEV ABVE; frota ampla SENATRAN ago/2026 e indicadores IBGE 2022, quando presentes, são medidas separadas. Recarga ABVE/Tupi ago/2026."
AL,PORTO CALVO,1.000000,1.000000,4.000000,3.000000,300.000000,0.001914,"Emplacamentos BEV/PHEV ABVE; frota ampla SENATRAN ago/2026 e indicadores IBGE 2022, quando presentes, são medidas separadas. Recarga ABVE/Tupi ago/2026."
RS,SAO VENDELINO,4.000000,0.000000,3.000000,3.000000,,0.001914,"Emplacamentos BEV/PHEV ABVE; frota ampla SENATRAN ago/2026 e indicadores IBGE 2022, quando presentes, são medidas separadas. Recarga ABVE/Tupi ago/2026."
PE,LAGOA DE ITAENGA,2.000000,2.000000,5.000000,3.000000,150.000000,0.001914,"Emplacamentos BEV/PHEV ABVE; frota ampla SENATRAN ago/2026 e indicadores IBGE 2022, quando presentes, são medidas separadas. Recarga ABVE/Tupi ago/2026."
GO,SANTO ANTONIO DE GOIAS,0.000000,3.000000,6.000000,3.000000,100.000000,0.001914,"Emplacamentos BEV/PHEV ABVE; frota ampla SENATRAN ago/2026 e indicadores IBGE 2022, quando presentes, são medidas separadas. Recarga ABVE/Tupi ago/2026."
RO,CANDEIAS DO JAMARI,5.000000,7.000000,10.000000,3.000000,42.857143,0.001914,"Emplacamentos BEV/PHEV ABVE; frota ampla SENATRAN ago/2026 e indicadores IBGE 2022, quando presentes, são medidas separadas. Recarga ABVE/Tupi ago/2026."
RS,ALECRIM,0.000000,0.000000,3.000000,3.000000,,0.001914,"Emplacamentos BEV/PHEV ABVE; frota ampla SENATRAN ago/2026 e indicadores IBGE 2022, quando presentes, são medidas separadas. Recarga ABVE/Tupi ago/2026."
PB,REMIGIO,1.000000,1.000000,4.000000,3.000000,300.000000,0.001914,"Emplacamentos BEV/PHEV ABVE; frota ampla SENATRAN ago/2026 e indicadores IBGE 2022, quando presentes, são medidas separadas. Recarga ABVE/Tupi ago/2026."
GO,SANCLERLANDIA,0.000000,0.000000,3.000000,3.000000,,0.001914,"Emplacamentos BEV/PHEV ABVE; frota ampla SENATRAN ago/2026 e indicadores IBGE 2022, quando presentes, são medidas separadas. Recarga ABVE/Tupi ago/2026."
MG,SANTOS DUMONT,2.000000,0.000000,3.000000,3.000000,,0.001914,"Emplacamentos BEV/PHEV ABVE; frota ampla SENATRAN ago/2026 e indicadores IBGE 2022, quando presentes, são medidas separadas. Recarga ABVE/Tupi ago/2026."
CE,ACARAU,3.000000,5.000000,8.000000,3.000000,60.000000,0.001914,"Emplacamentos BEV/PHEV ABVE; frota ampla SENATRAN ago/2026 e indicadores IBGE 2022, quando presentes, são medidas separadas. Recarga ABVE/Tupi ago/2026."
BA,VARZEDO,0.000000,0.000000,3.000000,3.000000,,0.001914,"Emplacamentos BEV/PHEV ABVE; frota ampla SENATRAN ago/2026 e indicadores IBGE 2022, quando presentes, são medidas separadas. Recarga ABVE/Tupi ago/2026."
BA,VARZEA DO POCO,0.000000,1.000000,4.000000,3.000000,300.000000,0.001914,"Emplacamentos BEV/PHEV ABVE; frota ampla SENATRAN ago/2026 e indicadores IBGE 2022, quando presentes, são medidas separadas. Recarga ABVE/Tupi ago/2026."
GO,PORANGATU,4.000000,4.000000,7.000000,3.000000,75.000000,0.001914,"Emplacamentos BEV/PHEV ABVE; frota ampla SENATRAN ago/2026 e indicadores IBGE 2022, quando presentes, são medidas separadas. Recarga ABVE/Tupi ago/2026."
RN,PENDENCIAS,0.000000,1.000000,4.000000,3.000000,300.000000,0.001914,"Emplacamentos BEV/PHEV ABVE; frota ampla SENATRAN ago/2026 e indicadores IBGE 2022, quando presentes, são medidas separadas. Recarga ABVE/Tupi ago/2026."
RN,PEDRO VELHO,0.000000,0.000000,3.000000,3.000000,,0.001914,"Emplacamentos BEV/PHEV ABVE; frota ampla SENATRAN ago/2026 e indicadores IBGE 2022, quando presentes, são medidas separadas. Recarga ABVE/Tupi ago/2026."
RN,SAO BENTO DO TRAIRI,0.000000,0.000000,3.000000,3.000000,,0.001914,"Emplacamentos BEV/PHEV ABVE; frota ampla SENATRAN ago/2026 e indicadores IBGE 2022, quando presentes, são medidas separadas. Recarga ABVE/Tupi ago/2026."
AL,PAO DE ACUCAR,0.000000,1.000000,4.000000,3.000000,300.000000,0.001914,"Emplacamentos BEV/PHEV ABVE; frota ampla SENATRAN ago/2026 e indicadores IBGE 2022, quando presentes, são medidas separadas. Recarga ABVE/Tupi ago/2026."
SP,SANTA ERNESTINA,4.000000,1.000000,4.000000,3.000000,300.000000,0.001914,"Emplacamentos BEV/PHEV ABVE; frota ampla SENATRAN ago/2026 e indicadores IBGE 2022, quando presentes, são medidas separadas. Recarga ABVE/Tupi ago/2026."
RO,PRESIDENTE MEDICI,0.000000,1.000000,4.000000,3.000000,300.000000,0.001914,"Emplacamentos BEV/PHEV ABVE; frota ampla SENATRAN ago/2026 e indicadores IBGE 2022, quando presentes, são medidas separadas. Recarga ABVE/Tupi ago/2026."
RO,NOVA BRASILANDIA D'OESTE,0.000000,0.000000,3.000000,3.000000,,0.001914,"Emplacamentos BEV/PHEV ABVE; frota ampla SENATRAN ago/2026 e indicadores IBGE 2022, quando presentes, são medidas separadas. Recarga ABVE/Tupi ago/2026."
BA,ANGUERA,0.000000,0.000000,3.000000,3.000000,,0.001914,"Emplacamentos BEV/PHEV ABVE; frota ampla SENATRAN ago/2026 e indicadores IBGE 2022, quando presentes, são medidas separadas. Recarga ABVE/Tupi ago/2026."
MA,ITINGA DO MARANHAO,3.000000,2.000000,5.000000,3.000000,150.000000,0.001914,"Emplacamentos BEV/PHEV ABVE; frota ampla SENATRAN ago/2026 e indicadores IBGE 2022, quando presentes, são medidas separadas. Recarga ABVE/Tupi ago/2026."
RS,PLANALTO,1.000000,0.000000,3.000000,3.000000,,0.001914,"Emplacamentos BEV/PHEV ABVE; frota ampla SENATRAN ago/2026 e indicadores IBGE 2022, quando presentes, são medidas separadas. Recarga ABVE/Tupi ago/2026."
MG,SAO JOAO NEPOMUCENO,1.000000,1.000000,4.000000,3.000000,300.000000,0.001914,"Emplacamentos BEV/PHEV ABVE; frota ampla SENATRAN ago/2026 e indicadores IBGE 2022, quando presentes, são medidas separadas. Recarga ABVE/Tupi ago/2026."
SE,CANINDE DE SAO FRANCISCO,0.000000,0.000000,3.000000,3.000000,,0.001914,"Emplacamentos BEV/PHEV ABVE; frota ampla SENATRAN ago/2026 e indicadores IBGE 2022, quando presentes, são medidas separadas. Recarga ABVE/Tupi ago/2026."
SE,CAMPO DO BRITO,1.000000,1.000000,4.000000,3.000000,300.000000,0.001914,"Emplacamentos BEV/PHEV ABVE; frota ampla SENATRAN ago/2026 e indicadores IBGE 2022, quando presentes, são medidas separadas. Recarga ABVE/Tupi ago/2026."
BA,ITARANTIM,0.000000,1.000000,4.000000,3.000000,300.000000,0.001914,"Emplacamentos BEV/PHEV ABVE; frota ampla SENATRAN ago/2026 e indicadores IBGE 2022, quando presentes, são medidas separadas. Recarga ABVE/Tupi ago/2026."
MG,SAO GONCALO DO RIO ABAIXO,3.000000,0.000000,3.000000,3.000000,,0.001914,"Emplacamentos BEV/PHEV ABVE; frota ampla SENATRAN ago/2026 e indicadores IBGE 2022, quando presentes, são medidas separadas. Recarga ABVE/Tupi ago/2026."
MG,SAO GONCALO DO PARA,1.000000,0.000000,3.000000,3.000000,,0.001914,"Emplacamentos BEV/PHEV ABVE; frota ampla SENATRAN ago/2026 e indicadores IBGE 2022, quando presentes, são medidas separadas. Recarga ABVE/Tupi ago/2026."
RS,SALTO DO JACUI,0.000000,3.000000,6.000000,3.000000,100.000000,0.001914,"Emplacamentos BEV/PHEV ABVE; frota ampla SENATRAN ago/2026 e indicadores IBGE 2022, quando presentes, são medidas separadas. Recarga ABVE/Tupi ago/2026."
RS,ROSARIO DO SUL,0.000000,3.000000,6.000000,3.000000,100.000000,0.001914,"Emplacamentos BEV/PHEV ABVE; frota ampla SENATRAN ago/2026 e indicadores IBGE 2022, quando presentes, são medidas separadas. Recarga ABVE/Tupi ago/2026."
RS,ROQUE GONZALES,0.000000,0.000000,3.000000,3.000000,,0.001914,"Emplacamentos BEV/PHEV ABVE; frota ampla SENATRAN ago/2026 e indicadores IBGE 2022, quando presentes, são medidas separadas. Recarga ABVE/Tupi ago/2026."
CE,BOA VIAGEM,3.000000,1.000000,4.000000,3.000000,300.000000,0.001914,"Emplacamentos BEV/PHEV ABVE; frota ampla SENATRAN ago/2026 e indicadores IBGE 2022, quando presentes, são medidas separadas. Recarga ABVE/Tupi ago/2026."
SP,AREIOPOLIS,1.000000,0.000000,3.000000,3.000000,,0.001914,"Emplacamentos BEV/PHEV ABVE; frota ampla SENATRAN ago/2026 e indicadores IBGE 2022, quando presentes, são medidas separadas. Recarga ABVE/Tupi ago/2026."
CE,PINDORETAMA,1.000000,2.000000,5.000000,3.000000,150.000000,0.001914,"Emplacamentos BEV/PHEV ABVE; frota ampla SENATRAN ago/2026 e indicadores IBGE 2022, quando presentes, são medidas separadas. Recarga ABVE/Tupi ago/2026."
GO,SAO SIMAO,0.000000,3.000000,6.000000,3.000000,100.000000,0.001914,"Emplacamentos BEV/PHEV ABVE; frota ampla SENATRAN ago/2026 e indicadores IBGE 2022, quando presentes, são medidas separadas. Recarga ABVE/Tupi ago/2026."
PE,CORRENTES,0.000000,0.000000,3.000000,3.000000,,0.001914,"Emplacamentos BEV/PHEV ABVE; frota ampla SENATRAN ago/2026 e indicadores IBGE 2022, quando presentes, são medidas separadas. Recarga ABVE/Tupi ago/2026."
AL,BELO MONTE,0.000000,0.000000,3.000000,3.000000,,0.001914,"Emplacamentos BEV/PHEV ABVE; frota ampla SENATRAN ago/2026 e indicadores IBGE 2022, quando presentes, são medidas separadas. Recarga ABVE/Tupi ago/2026."
MG,ABAETE,1.000000,0.000000,3.000000,3.000000,,0.001914,"Emplacamentos BEV/PHEV ABVE; frota ampla SENATRAN ago/2026 e indicadores IBGE 2022, quando presentes, são medidas separadas. Recarga ABVE/Tupi ago/2026."
AL,AGUA BRANCA,0.000000,0.000000,3.000000,3.000000,,0.001914,"Emplacamentos BEV/PHEV ABVE; frota ampla SENATRAN ago/2026 e indicadores IBGE 2022, quando presentes, são medidas separadas. Recarga ABVE/Tupi ago/2026."
TO,PEDRO AFONSO,1.000000,0.000000,3.000000,3.000000,,0.001914,"Emplacamentos BEV/PHEV ABVE; frota ampla SENATRAN ago/2026 e indicadores IBGE 2022, quando presentes, são medidas separadas. Recarga ABVE/Tupi ago/2026."
SP,CONCHAS,1.000000,3.000000,6.000000,3.000000,100.000000,0.001914,"Emplacamentos BEV/PHEV ABVE; frota ampla SENATRAN ago/2026 e indicadores IBGE 2022, quando presentes, são medidas separadas. Recarga ABVE/Tupi ago/2026."
MA,VITORINO FREIRE,1.000000,0.000000,3.000000,3.000000,,0.001914,"Emplacamentos BEV/PHEV ABVE; frota ampla SENATRAN ago/2026 e indicadores IBGE 2022, quando presentes, são medidas separadas. Recarga ABVE/Tupi ago/2026."
GO,ALTO HORIZONTE,0.000000,0.000000,3.000000,3.000000,,0.001914,"Emplacamentos BEV/PHEV ABVE; frota ampla SENATRAN ago/2026 e indicadores IBGE 2022, quando presentes, são medidas separadas. Recarga ABVE/Tupi ago/2026."
PR,SALGADO FILHO,0.000000,0.000000,3.000000,3.000000,,0.001914,"Emplacamentos BEV/PHEV ABVE; frota ampla SENATRAN ago/2026 e indicadores IBGE 2022, quando presentes, são medidas separadas. Recarga ABVE/Tupi ago/2026."
GO,ACREUNA,2.000000,3.000000,6.000000,3.000000,100.000000,0.001914,"Emplacamentos BEV/PHEV ABVE; frota ampla SENATRAN ago/2026 e indicadores IBGE 2022, quando presentes, são medidas separadas. Recarga ABVE/Tupi ago/2026."
GO,ABADIANIA,1.000000,1.000000,4.000000,3.000000,300.000000,0.001914,"Emplacamentos BEV/PHEV ABVE; frota ampla SENATRAN ago/2026 e indicadores IBGE 2022, quando presentes, são medidas separadas. Recarga ABVE/Tupi ago/2026."
SC,NOVA ITABERABA,1.000000,0.000000,3.000000,3.000000,,0.001914,"Emplacamentos BEV/PHEV ABVE; frota ampla SENATRAN ago/2026 e indicadores IBGE 2022, quando presentes, são medidas separadas. Recarga ABVE/Tupi ago/2026."
AC,XAPURI,0.000000,0.000000,2.000000,2.000000,,0.001276,"Emplacamentos BEV/PHEV ABVE; frota ampla SENATRAN ago/2026 e indicadores IBGE 2022, quando presentes, são medidas separadas. Recarga ABVE/Tupi ago/2026."
SC,PALMA SOLA,0.000000,2.000000,4.000000,2.000000,100.000000,0.001276,"Emplacamentos BEV/PHEV ABVE; frota ampla SENATRAN ago/2026 e indicadores IBGE 2022, quando presentes, são medidas separadas. Recarga ABVE/Tupi ago/2026."
SC,PASSOS MAIA,1.000000,0.000000,2.000000,2.000000,,0.001276,"Emplacamentos BEV/PHEV ABVE; frota ampla SENATRAN ago/2026 e indicadores IBGE 2022, quando presentes, são medidas separadas. Recarga ABVE/Tupi ago/2026."
MG,ALFREDO VASCONCELOS,0.000000,0.000000,2.000000,2.000000,,0.001276,"Emplacamentos BEV/PHEV ABVE; frota ampla SENATRAN ago/2026 e indicadores IBGE 2022, quando presentes, são medidas separadas. Recarga ABVE/Tupi ago/2026."
MA,SUCUPIRA DO NORTE,0.000000,0.000000,2.000000,2.000000,,0.001276,"Emplacamentos BEV/PHEV ABVE; frota ampla SENATRAN ago/2026 e indicadores IBGE 2022, quando presentes, são medidas separadas. Recarga ABVE/Tupi ago/2026."
BA,MIGUEL CALMON,0.000000,0.000000,2.000000,2.000000,,0.001276,"Emplacamentos BEV/PHEV ABVE; frota ampla SENATRAN ago/2026 e indicadores IBGE 2022, quando presentes, são medidas separadas. Recarga ABVE/Tupi ago/2026."
MT,SANTA CARMEM,0.000000,0.000000,2.000000,2.000000,,0.001276,"Emplacamentos BEV/PHEV ABVE; frota ampla SENATRAN ago/2026 e indicadores IBGE 2022, quando presentes, são medidas separadas. Recarga ABVE/Tupi ago/2026."
MT,ROSARIO OESTE,2.000000,2.000000,4.000000,2.000000,100.000000,0.001276,"Emplacamentos BEV/PHEV ABVE; frota ampla SENATRAN ago/2026 e indicadores IBGE 2022, quando presentes, são medidas separadas. Recarga ABVE/Tupi ago/2026."
MT,PORTO ESPERIDIAO,0.000000,0.000000,2.000000,2.000000,,0.001276,"Emplacamentos BEV/PHEV ABVE; frota ampla SENATRAN ago/2026 e indicadores IBGE 2022, quando presentes, são medidas separadas. Recarga ABVE/Tupi ago/2026."
MT,POCONE,3.000000,4.000000,6.000000,2.000000,50.000000,0.001276,"Emplacamentos BEV/PHEV ABVE; frota ampla SENATRAN ago/2026 e indicadores IBGE 2022, quando presentes, são medidas separadas. Recarga ABVE/Tupi ago/2026."
MA,CEDRAL,1.000000,0.000000,2.000000,2.000000,,0.001276,"Emplacamentos BEV/PHEV ABVE; frota ampla SENATRAN ago/2026 e indicadores IBGE 2022, quando presentes, são medidas separadas. Recarga ABVE/Tupi ago/2026."
MA,BURITIRANA,0.000000,0.000000,2.000000,2.000000,,0.001276,"Emplacamentos BEV/PHEV ABVE; frota ampla SENATRAN ago/2026 e indicadores IBGE 2022, quando presentes, são medidas separadas. Recarga ABVE/Tupi ago/2026."
MT,TABAPORA,0.000000,0.000000,2.000000,2.000000,,0.001276,"Emplacamentos BEV/PHEV ABVE; frota ampla SENATRAN ago/2026 e indicadores IBGE 2022, quando presentes, são medidas separadas. Recarga ABVE/Tupi ago/2026."
MT,SAPEZAL,0.000000,2.000000,4.000000,2.000000,100.000000,0.001276,"Emplacamentos BEV/PHEV ABVE; frota ampla SENATRAN ago/2026 e indicadores IBGE 2022, quando presentes, são medidas separadas. Recarga ABVE/Tupi ago/2026."
MG,ALTEROSA,0.000000,0.000000,2.000000,2.000000,,0.001276,"Emplacamentos BEV/PHEV ABVE; frota ampla SENATRAN ago/2026 e indicadores IBGE 2022, quando presentes, são medidas separadas. Recarga ABVE/Tupi ago/2026."
SC,PONTE SERRADA,0.000000,0.000000,2.000000,2.000000,,0.001276,"Emplacamentos BEV/PHEV ABVE; frota ampla SENATRAN ago/2026 e indicadores IBGE 2022, quando presentes, são medidas separadas. Recarga ABVE/Tupi ago/2026."
SC,MODELO,1.000000,0.000000,2.000000,2.000000,,0.001276,"Emplacamentos BEV/PHEV ABVE; frota ampla SENATRAN ago/2026 e indicadores IBGE 2022, quando presentes, são medidas separadas. Recarga ABVE/Tupi ago/2026."
SC,MARAVILHA,16.000000,14.000000,16.000000,2.000000,14.285714,0.001276,"Emplacamentos BEV/PHEV ABVE; frota ampla SENATRAN ago/2026 e indicadores IBGE 2022, quando presentes, são medidas separadas. Recarga ABVE/Tupi ago/2026."
SC,MARACAJA,0.000000,1.000000,3.000000,2.000000,200.000000,0.001276,"Emplacamentos BEV/PHEV ABVE; frota ampla SENATRAN ago/2026 e indicadores IBGE 2022, quando presentes, são medidas separadas. Recarga ABVE/Tupi ago/2026."
SC,MAJOR GERCINO,0.000000,0.000000,2.000000,2.000000,,0.001276,"Emplacamentos BEV/PHEV ABVE; frota ampla SENATRAN ago/2026 e indicadores IBGE 2022, quando presentes, são medidas separadas. Recarga ABVE/Tupi ago/2026."
PR,SAO JOSE DA BOA VISTA,0.000000,0.000000,2.000000,2.000000,,0.001276,"Emplacamentos BEV/PHEV ABVE; frota ampla SENATRAN ago/2026 e indicadores IBGE 2022, quando presentes, são medidas separadas. Recarga ABVE/Tupi ago/2026."
RN,SITIO NOVO,0.000000,0.000000,2.000000,2.000000,,0.001276,"Emplacamentos BEV/PHEV ABVE; frota ampla SENATRAN ago/2026 e indicadores IBGE 2022, quando presentes, são medidas separadas. Recarga ABVE/Tupi ago/2026."
RN,SEVERIANO MELO,0.000000,0.000000,2.000000,2.000000,,0.001276,"Emplacamentos BEV/PHEV ABVE; frota ampla SENATRAN ago/2026 e indicadores IBGE 2022, quando presentes, são medidas separadas. Recarga ABVE/Tupi ago/2026."
SP,LAVRINHAS,0.000000,1.000000,3.000000,2.000000,200.000000,0.001276,"Emplacamentos BEV/PHEV ABVE; frota ampla SENATRAN ago/2026 e indicadores IBGE 2022, quando presentes, são medidas separadas. Recarga ABVE/Tupi ago/2026."
BA,ITAMARAJU,0.000000,1.000000,3.000000,2.000000,200.000000,0.001276,"Emplacamentos BEV/PHEV ABVE; frota ampla SENATRAN ago/2026 e indicadores IBGE 2022, quando presentes, são medidas separadas. Recarga ABVE/Tupi ago/2026."
MG,SAO GONCALO DO SAPUCAI,1.000000,0.000000,2.000000,2.000000,,0.001276,"Emplacamentos BEV/PHEV ABVE; frota ampla SENATRAN ago/2026 e indicadores IBGE 2022, quando presentes, são medidas separadas. Recarga ABVE/Tupi ago/2026."
MG,TEIXEIRAS,0.000000,0.000000,2.000000,2.000000,,0.001276,"Emplacamentos BEV/PHEV ABVE; frota ampla SENATRAN ago/2026 e indicadores IBGE 2022, quando presentes, são medidas separadas. Recarga ABVE/Tupi ago/2026."
MG,SARDOA,0.000000,0.000000,2.000000,2.000000,,0.001276,"Emplacamentos BEV/PHEV ABVE; frota ampla SENATRAN ago/2026 e indicadores IBGE 2022, quando presentes, são medidas separadas. Recarga ABVE/Tupi ago/2026."
RS,SANTA VITORIA DO PALMAR,4.000000,2.000000,4.000000,2.000000,100.000000,0.001276,"Emplacamentos BEV/PHEV ABVE; frota ampla SENATRAN ago/2026 e indicadores IBGE 2022, quando presentes, são medidas separadas. Recarga ABVE/Tupi ago/2026."
RS,SALVADOR DAS MISSOES,1.000000,0.000000,2.000000,2.000000,,0.001276,"Emplacamentos BEV/PHEV ABVE; frota ampla SENATRAN ago/2026 e indicadores IBGE 2022, quando presentes, são medidas separadas. Recarga ABVE/Tupi ago/2026."
CE,CAMOCIM,4.000000,4.000000,6.000000,2.000000,50.000000,0.001276,"Emplacamentos BEV/PHEV ABVE; frota ampla SENATRAN ago/2026 e indicadores IBGE 2022, quando presentes, são medidas separadas. Recarga ABVE/Tupi ago/2026."
SP,AVANHANDAVA,0.000000,1.000000,3.000000,2.000000,200.000000,0.001276,"Emplacamentos BEV/PHEV ABVE; frota ampla SENATRAN ago/2026 e indicadores IBGE 2022, quando presentes, são medidas separadas. Recarga ABVE/Tupi ago/2026."
PE,ANGELIM,0.000000,1.000000,3.000000,2.000000,200.000000,0.001276,"Emplacamentos BEV/PHEV ABVE; frota ampla SENATRAN ago/2026 e indicadores IBGE 2022, quando presentes, são medidas separadas. Recarga ABVE/Tupi ago/2026."
GO,SILVANIA,2.000000,3.000000,5.000000,2.000000,66.666667,0.001276,"Emplacamentos BEV/PHEV ABVE; frota ampla SENATRAN ago/2026 e indicadores IBGE 2022, quando presentes, são medidas separadas. Recarga ABVE/Tupi ago/2026."
PE,CAMOCIM DE SAO FELIX,0.000000,1.000000,3.000000,2.000000,200.000000,0.001276,"Emplacamentos BEV/PHEV ABVE; frota ampla SENATRAN ago/2026 e indicadores IBGE 2022, quando presentes, são medidas separadas. Recarga ABVE/Tupi ago/2026."
SP,MARACAI,0.000000,0.000000,2.000000,2.000000,,0.001276,"Emplacamentos BEV/PHEV ABVE; frota ampla SENATRAN ago/2026 e indicadores IBGE 2022, quando presentes, são medidas separadas. Recarga ABVE/Tupi ago/2026."
CE,PARAMBU,0.000000,0.000000,2.000000,2.000000,,0.001276,"Emplacamentos BEV/PHEV ABVE; frota ampla SENATRAN ago/2026 e indicadores IBGE 2022, quando presentes, são medidas separadas. Recarga ABVE/Tupi ago/2026."
RN,SAO JOSE DO CAMPESTRE,0.000000,1.000000,3.000000,2.000000,200.000000,0.001276,"Emplacamentos BEV/PHEV ABVE; frota ampla SENATRAN ago/2026 e indicadores IBGE 2022, quando presentes, são medidas separadas. Recarga ABVE/Tupi ago/2026."
AL,OURO BRANCO,0.000000,0.000000,2.000000,2.000000,,0.001276,"Emplacamentos BEV/PHEV ABVE; frota ampla SENATRAN ago/2026 e indicadores IBGE 2022, quando presentes, são medidas separadas. Recarga ABVE/Tupi ago/2026."
MG,SAO LOURENCO,4.000000,5.000000,7.000000,2.000000,40.000000,0.001276,"Emplacamentos BEV/PHEV ABVE; frota ampla SENATRAN ago/2026 e indicadores IBGE 2022, quando presentes, são medidas separadas. Recarga ABVE/Tupi ago/2026."
RO,PRIMAVERA DE RONDONIA,0.000000,0.000000,2.000000,2.000000,,0.001276,"Emplacamentos BEV/PHEV ABVE; frota ampla SENATRAN ago/2026 e indicadores IBGE 2022, quando presentes, são medidas separadas. Recarga ABVE/Tupi ago/2026."
RO,NOVA MAMORE,0.000000,3.000000,5.000000,2.000000,66.666667,0.001276,"Emplacamentos BEV/PHEV ABVE; frota ampla SENATRAN ago/2026 e indicadores IBGE 2022, quando presentes, são medidas separadas. Recarga ABVE/Tupi ago/2026."
RO,MINISTRO ANDREAZZA,0.000000,0.000000,2.000000,2.000000,,0.001276,"Emplacamentos BEV/PHEV ABVE; frota ampla SENATRAN ago/2026 e indicadores IBGE 2022, quando presentes, são medidas separadas. Recarga ABVE/Tupi ago/2026."
PE,AGUA PRETA,0.000000,1.000000,3.000000,2.000000,200.000000,0.001276,"Emplacamentos BEV/PHEV ABVE; frota ampla SENATRAN ago/2026 e indicadores IBGE 2022, quando presentes, são medidas separadas. Recarga ABVE/Tupi ago/2026."
PE,BREJINHO,0.000000,0.000000,2.000000,2.000000,,0.001276,"Emplacamentos BEV/PHEV ABVE; frota ampla SENATRAN ago/2026 e indicadores IBGE 2022, quando presentes, são medidas separadas. Recarga ABVE/Tupi ago/2026."
BA,AMELIA RODRIGUES,0.000000,2.000000,4.000000,2.000000,100.000000,0.001276,"Emplacamentos BEV/PHEV ABVE; frota ampla SENATRAN ago/2026 e indicadores IBGE 2022, quando presentes, são medidas separadas. Recarga ABVE/Tupi ago/2026."
MA,LAGO DO JUNCO,0.000000,0.000000,2.000000,2.000000,,0.001276,"Emplacamentos BEV/PHEV ABVE; frota ampla SENATRAN ago/2026 e indicadores IBGE 2022, quando presentes, são medidas separadas. Recarga ABVE/Tupi ago/2026."
SP,SALTO GRANDE,0.000000,0.000000,2.000000,2.000000,,0.001276,"Emplacamentos BEV/PHEV ABVE; frota ampla SENATRAN ago/2026 e indicadores IBGE 2022, quando presentes, são medidas separadas. Recarga ABVE/Tupi ago/2026."
RS,PIRATINI,1.000000,0.000000,2.000000,2.000000,,0.001276,"Emplacamentos BEV/PHEV ABVE; frota ampla SENATRAN ago/2026 e indicadores IBGE 2022, quando presentes, são medidas separadas. Recarga ABVE/Tupi ago/2026."
CE,BATURITE,4.000000,2.000000,4.000000,2.000000,100.000000,0.001276,"Emplacamentos BEV/PHEV ABVE; frota ampla SENATRAN ago/2026 e indicadores IBGE 2022, quando presentes, são medidas separadas. Recarga ABVE/Tupi ago/2026."
CE,BANABUIU,1.000000,0.000000,2.000000,2.000000,,0.001276,"Emplacamentos BEV/PHEV ABVE; frota ampla SENATRAN ago/2026 e indicadores IBGE 2022, quando presentes, são medidas separadas. Recarga ABVE/Tupi ago/2026."
SE,CARIRA,0.000000,0.000000,2.000000,2.000000,,0.001276,"Emplacamentos BEV/PHEV ABVE; frota ampla SENATRAN ago/2026 e indicadores IBGE 2022, quando presentes, são medidas separadas. Recarga ABVE/Tupi ago/2026."
SE,AREIA BRANCA,1.000000,0.000000,2.000000,2.000000,,0.001276,"Emplacamentos BEV/PHEV ABVE; frota ampla SENATRAN ago/2026 e indicadores IBGE 2022, quando presentes, são medidas separadas. Recarga ABVE/Tupi ago/2026."
GO,RIANAPOLIS,0.000000,0.000000,2.000000,2.000000,,0.001276,"Emplacamentos BEV/PHEV ABVE; frota ampla SENATRAN ago/2026 e indicadores IBGE 2022, quando presentes, são medidas separadas. Recarga ABVE/Tupi ago/2026."
RS,SAO JOSE DO SUL,0.000000,1.000000,3.000000,2.000000,200.000000,0.001276,"Emplacamentos BEV/PHEV ABVE; frota ampla SENATRAN ago/2026 e indicadores IBGE 2022, quando presentes, são medidas separadas. Recarga ABVE/Tupi ago/2026."
RS,SAO JOSE DO NORTE,0.000000,0.000000,2.000000,2.000000,,0.001276,"Emplacamentos BEV/PHEV ABVE; frota ampla SENATRAN ago/2026 e indicadores IBGE 2022, quando presentes, são medidas separadas. Recarga ABVE/Tupi ago/2026."
RS,SAO JOSE DO INHACORA,0.000000,1.000000,3.000000,2.000000,200.000000,0.001276,"Emplacamentos BEV/PHEV ABVE; frota ampla SENATRAN ago/2026 e indicadores IBGE 2022, quando presentes, são medidas separadas. Recarga ABVE/Tupi ago/2026."
MG,RODEIRO,0.000000,0.000000,2.000000,2.000000,,0.001276,"Emplacamentos BEV/PHEV ABVE; frota ampla SENATRAN ago/2026 e indicadores IBGE 2022, quando presentes, são medidas separadas. Recarga ABVE/Tupi ago/2026."
MG,SANTO ANTONIO DO MONTE,2.000000,0.000000,2.000000,2.000000,,0.001276,"Emplacamentos BEV/PHEV ABVE; frota ampla SENATRAN ago/2026 e indicadores IBGE 2022, quando presentes, são medidas separadas. Recarga ABVE/Tupi ago/2026."
MG,SANTA RITA DO SAPUCAI,8.000000,11.000000,13.000000,2.000000,18.181818,0.001276,"Emplacamentos BEV/PHEV ABVE; frota ampla SENATRAN ago/2026 e indicadores IBGE 2022, quando presentes, são medidas separadas. Recarga ABVE/Tupi ago/2026."
AL,PIACABUCU,1.000000,1.000000,3.000000,2.000000,200.000000,0.001276,"Emplacamentos BEV/PHEV ABVE; frota ampla SENATRAN ago/2026 e indicadores IBGE 2022, quando presentes, são medidas separadas. Recarga ABVE/Tupi ago/2026."
RS,SANTO EXPEDITO DO SUL,0.000000,0.000000,2.000000,2.000000,,0.001276,"Emplacamentos BEV/PHEV ABVE; frota ampla SENATRAN ago/2026 e indicadores IBGE 2022, quando presentes, são medidas separadas. Recarga ABVE/Tupi ago/2026."
CE,ACOPIARA,1.000000,3.000000,5.000000,2.000000,66.666667,0.001276,"Emplacamentos BEV/PHEV ABVE; frota ampla SENATRAN ago/2026 e indicadores IBGE 2022, quando presentes, são medidas separadas. Recarga ABVE/Tupi ago/2026."
BA,WENCESLAU GUIMARAES,0.000000,0.000000,2.000000,2.000000,,0.001276,"Emplacamentos BEV/PHEV ABVE; frota ampla SENATRAN ago/2026 e indicadores IBGE 2022, quando presentes, são medidas separadas. Recarga ABVE/Tupi ago/2026."
RN,PATU,1.000000,2.000000,4.000000,2.000000,100.000000,0.001276,"Emplacamentos BEV/PHEV ABVE; frota ampla SENATRAN ago/2026 e indicadores IBGE 2022, quando presentes, são medidas separadas. Recarga ABVE/Tupi ago/2026."
RN,PASSAGEM,0.000000,0.000000,2.000000,2.000000,,0.001276,"Emplacamentos BEV/PHEV ABVE; frota ampla SENATRAN ago/2026 e indicadores IBGE 2022, quando presentes, são medidas separadas. Recarga ABVE/Tupi ago/2026."
RN,SERRA CAIADA,0.000000,1.000000,3.000000,2.000000,200.000000,0.001276,"Emplacamentos BEV/PHEV ABVE; frota ampla SENATRAN ago/2026 e indicadores IBGE 2022, quando presentes, são medidas separadas. Recarga ABVE/Tupi ago/2026."
RN,SAO VICENTE,0.000000,0.000000,2.000000,2.000000,,0.001276,"Emplacamentos BEV/PHEV ABVE; frota ampla SENATRAN ago/2026 e indicadores IBGE 2022, quando presentes, são medidas separadas. Recarga ABVE/Tupi ago/2026."
RN,SAO RAFAEL,1.000000,1.000000,3.000000,2.000000,200.000000,0.001276,"Emplacamentos BEV/PHEV ABVE; frota ampla SENATRAN ago/2026 e indicadores IBGE 2022, quando presentes, são medidas separadas. Recarga ABVE/Tupi ago/2026."
PE,GRANITO,0.000000,0.000000,2.000000,2.000000,,0.001276,"Emplacamentos BEV/PHEV ABVE; frota ampla SENATRAN ago/2026 e indicadores IBGE 2022, quando presentes, são medidas separadas. Recarga ABVE/Tupi ago/2026."
PE,FLORESTA,0.000000,0.000000,2.000000,2.000000,,0.001276,"Emplacamentos BEV/PHEV ABVE; frota ampla SENATRAN ago/2026 e indicadores IBGE 2022, quando presentes, são medidas separadas. Recarga ABVE/Tupi ago/2026."
CE,AURORA,0.000000,1.000000,3.000000,2.000000,200.000000,0.001276,"Emplacamentos BEV/PHEV ABVE; frota ampla SENATRAN ago/2026 e indicadores IBGE 2022, quando presentes, são medidas separadas. Recarga ABVE/Tupi ago/2026."
RS,RELVADO,0.000000,0.000000,2.000000,2.000000,,0.001276,"Emplacamentos BEV/PHEV ABVE; frota ampla SENATRAN ago/2026 e indicadores IBGE 2022, quando presentes, são medidas separadas. Recarga ABVE/Tupi ago/2026."
RS,QUINZE DE NOVEMBRO,1.000000,0.000000,2.000000,2.000000,,0.001276,"Emplacamentos BEV/PHEV ABVE; frota ampla SENATRAN ago/2026 e indicadores IBGE 2022, quando presentes, são medidas separadas. Recarga ABVE/Tupi ago/2026."
BA,ALCOBACA,0.000000,0.000000,2.000000,2.000000,,0.001276,"Emplacamentos BEV/PHEV ABVE; frota ampla SENATRAN ago/2026 e indicadores IBGE 2022, quando presentes, são medidas separadas. Recarga ABVE/Tupi ago/2026."
SP,MINEIROS DO TIETE,0.000000,1.000000,3.000000,2.000000,200.000000,0.001276,"Emplacamentos BEV/PHEV ABVE; frota ampla SENATRAN ago/2026 e indicadores IBGE 2022, quando presentes, são medidas separadas. Recarga ABVE/Tupi ago/2026."
RS,AGUDO,0.000000,1.000000,3.000000,2.000000,200.000000,0.001276,"Emplacamentos BEV/PHEV ABVE; frota ampla SENATRAN ago/2026 e indicadores IBGE 2022, quando presentes, são medidas separadas. Recarga ABVE/Tupi ago/2026."
RR,MUCAJAI,0.000000,0.000000,2.000000,2.000000,,0.001276,"Emplacamentos BEV/PHEV ABVE; frota ampla SENATRAN ago/2026 e indicadores IBGE 2022, quando presentes, são medidas separadas. Recarga ABVE/Tupi ago/2026."
RO,URUPA,0.000000,0.000000,2.000000,2.000000,,0.001276,"Emplacamentos BEV/PHEV ABVE; frota ampla SENATRAN ago/2026 e indicadores IBGE 2022, quando presentes, são medidas separadas. Recarga ABVE/Tupi ago/2026."
RO,TEIXEIROPOLIS,0.000000,0.000000,2.000000,2.000000,,0.001276,"Emplacamentos BEV/PHEV ABVE; frota ampla SENATRAN ago/2026 e indicadores IBGE 2022, quando presentes, são medidas separadas. Recarga ABVE/Tupi ago/2026."
RO,SAO FRANCISCO DO GUAPORE,1.000000,0.000000,2.000000,2.000000,,0.001276,"Emplacamentos BEV/PHEV ABVE; frota ampla SENATRAN ago/2026 e indicadores IBGE 2022, quando presentes, são medidas separadas. Recarga ABVE/Tupi ago/2026."
BA,LAJE,0.000000,0.000000,2.000000,2.000000,,0.001276,"Emplacamentos BEV/PHEV ABVE; frota ampla SENATRAN ago/2026 e indicadores IBGE 2022, quando presentes, são medidas separadas. Recarga ABVE/Tupi ago/2026."
PE,AGRESTINA,2.000000,1.000000,3.000000,2.000000,200.000000,0.001276,"Emplacamentos BEV/PHEV ABVE; frota ampla SENATRAN ago/2026 e indicadores IBGE 2022, quando presentes, são medidas separadas. Recarga ABVE/Tupi ago/2026."
PE,FLORES,0.000000,0.000000,2.000000,2.000000,,0.001276,"Emplacamentos BEV/PHEV ABVE; frota ampla SENATRAN ago/2026 e indicadores IBGE 2022, quando presentes, são medidas separadas. Recarga ABVE/Tupi ago/2026."
GO,RIO QUENTE,2.000000,1.000000,3.000000,2.000000,200.000000,0.001276,"Emplacamentos BEV/PHEV ABVE; frota ampla SENATRAN ago/2026 e indicadores IBGE 2022, quando presentes, são medidas separadas. Recarga ABVE/Tupi ago/2026."
MG,PRESIDENTE OLEGARIO,0.000000,0.000000,2.000000,2.000000,,0.001276,"Emplacamentos BEV/PHEV ABVE; frota ampla SENATRAN ago/2026 e indicadores IBGE 2022, quando presentes, são medidas separadas. Recarga ABVE/Tupi ago/2026."
MG,PRADOS,0.000000,0.000000,2.000000,2.000000,,0.001276,"Emplacamentos BEV/PHEV ABVE; frota ampla SENATRAN ago/2026 e indicadores IBGE 2022, quando presentes, são medidas separadas. Recarga ABVE/Tupi ago/2026."
MG,PORTO FIRME,0.000000,0.000000,2.000000,2.000000,,0.001276,"Emplacamentos BEV/PHEV ABVE; frota ampla SENATRAN ago/2026 e indicadores IBGE 2022, quando presentes, são medidas separadas. Recarga ABVE/Tupi ago/2026."
MG,POMPEU,0.000000,0.000000,2.000000,2.000000,,0.001276,"Emplacamentos BEV/PHEV ABVE; frota ampla SENATRAN ago/2026 e indicadores IBGE 2022, quando presentes, são medidas separadas. Recarga ABVE/Tupi ago/2026."
MA,PORTO FRANCO,0.000000,3.000000,5.000000,2.000000,66.666667,0.001276,"Emplacamentos BEV/PHEV ABVE; frota ampla SENATRAN ago/2026 e indicadores IBGE 2022, quando presentes, são medidas separadas. Recarga ABVE/Tupi ago/2026."
MA,PIO XII,0.000000,0.000000,2.000000,2.000000,,0.001276,"Emplacamentos BEV/PHEV ABVE; frota ampla SENATRAN ago/2026 e indicadores IBGE 2022, quando presentes, são medidas separadas. Recarga ABVE/Tupi ago/2026."
PE,QUIPAPA,0.000000,0.000000,2.000000,2.000000,,0.001276,"Emplacamentos BEV/PHEV ABVE; frota ampla SENATRAN ago/2026 e indicadores IBGE 2022, quando presentes, são medidas separadas. Recarga ABVE/Tupi ago/2026."
PE,PEDRA,0.000000,0.000000,2.000000,2.000000,,0.001276,"Emplacamentos BEV/PHEV ABVE; frota ampla SENATRAN ago/2026 e indicadores IBGE 2022, quando presentes, são medidas separadas. Recarga ABVE/Tupi ago/2026."
PE,PARNAMIRIM,0.000000,0.000000,2.000000,2.000000,,0.001276,"Emplacamentos BEV/PHEV ABVE; frota ampla SENATRAN ago/2026 e indicadores IBGE 2022, quando presentes, são medidas separadas. Recarga ABVE/Tupi ago/2026."
BA,BIRITINGA,0.000000,0.000000,2.000000,2.000000,,0.001276,"Emplacamentos BEV/PHEV ABVE; frota ampla SENATRAN ago/2026 e indicadores IBGE 2022, quando presentes, são medidas separadas. Recarga ABVE/Tupi ago/2026."
PE,OROBO,0.000000,0.000000,2.000000,2.000000,,0.001276,"Emplacamentos BEV/PHEV ABVE; frota ampla SENATRAN ago/2026 e indicadores IBGE 2022, quando presentes, são medidas separadas. Recarga ABVE/Tupi ago/2026."
MG,SACRAMENTO,2.000000,0.000000,2.000000,2.000000,,0.001276,"Emplacamentos BEV/PHEV ABVE; frota ampla SENATRAN ago/2026 e indicadores IBGE 2022, quando presentes, são medidas separadas. Recarga ABVE/Tupi ago/2026."
RS,SAO MARTINHO,2.000000,0.000000,2.000000,2.000000,,0.001276,"Emplacamentos BEV/PHEV ABVE; frota ampla SENATRAN ago/2026 e indicadores IBGE 2022, quando presentes, são medidas separadas. Recarga ABVE/Tupi ago/2026."
RS,SEVERIANO DE ALMEIDA,0.000000,0.000000,2.000000,2.000000,,0.001276,"Emplacamentos BEV/PHEV ABVE; frota ampla SENATRAN ago/2026 e indicadores IBGE 2022, quando presentes, são medidas separadas. Recarga ABVE/Tupi ago/2026."
RS,SERTAO SANTANA,0.000000,0.000000,2.000000,2.000000,,0.001276,"Emplacamentos BEV/PHEV ABVE; frota ampla SENATRAN ago/2026 e indicadores IBGE 2022, quando presentes, são medidas separadas. Recarga ABVE/Tupi ago/2026."
RS,SEBERI,0.000000,0.000000,2.000000,2.000000,,0.001276,"Emplacamentos BEV/PHEV ABVE; frota ampla SENATRAN ago/2026 e indicadores IBGE 2022, quando presentes, são medidas separadas. Recarga ABVE/Tupi ago/2026."
PB,TACIMA,0.000000,0.000000,2.000000,2.000000,,0.001276,"Emplacamentos BEV/PHEV ABVE; frota ampla SENATRAN ago/2026 e indicadores IBGE 2022, quando presentes, são medidas separadas. Recarga ABVE/Tupi ago/2026."
PB,SOLEDADE,0.000000,0.000000,2.000000,2.000000,,0.001276,"Emplacamentos BEV/PHEV ABVE; frota ampla SENATRAN ago/2026 e indicadores IBGE 2022, quando presentes, são medidas separadas. Recarga ABVE/Tupi ago/2026."
PB,SAO SEBASTIAO DE LAGOA DE ROCA,0.000000,1.000000,3.000000,2.000000,200.000000,0.001276,"Emplacamentos BEV/PHEV ABVE; frota ampla SENATRAN ago/2026 e indicadores IBGE 2022, quando presentes, são medidas separadas. Recarga ABVE/Tupi ago/2026."
RS,PUTINGA,1.000000,0.000000,2.000000,2.000000,,0.001276,"Emplacamentos BEV/PHEV ABVE; frota ampla SENATRAN ago/2026 e indicadores IBGE 2022, quando presentes, são medidas separadas. Recarga ABVE/Tupi ago/2026."
RS,PRESIDENTE LUCENA,0.000000,0.000000,2.000000,2.000000,,0.001276,"Emplacamentos BEV/PHEV ABVE; frota ampla SENATRAN ago/2026 e indicadores IBGE 2022, quando presentes, são medidas separadas. Recarga ABVE/Tupi ago/2026."
SP,RUBIACEA,0.000000,0.000000,2.000000,2.000000,,0.001276,"Emplacamentos BEV/PHEV ABVE; frota ampla SENATRAN ago/2026 e indicadores IBGE 2022, quando presentes, são medidas separadas. Recarga ABVE/Tupi ago/2026."
SP,RIOLANDIA,0.000000,0.000000,2.000000,2.000000,,0.001276,"Emplacamentos BEV/PHEV ABVE; frota ampla SENATRAN ago/2026 e indicadores IBGE 2022, quando presentes, são medidas separadas. Recarga ABVE/Tupi ago/2026."
MS,ALCINOPOLIS,0.000000,0.000000,2.000000,2.000000,,0.001276,"Emplacamentos BEV/PHEV ABVE; frota ampla SENATRAN ago/2026 e indicadores IBGE 2022, quando presentes, são medidas separadas. Recarga ABVE/Tupi ago/2026."
MS,AGUA CLARA,1.000000,0.000000,2.000000,2.000000,,0.001276,"Emplacamentos BEV/PHEV ABVE; frota ampla SENATRAN ago/2026 e indicadores IBGE 2022, quando presentes, são medidas separadas. Recarga ABVE/Tupi ago/2026."
RN,SANTANA DO MATOS,1.000000,0.000000,2.000000,2.000000,,0.001276,"Emplacamentos BEV/PHEV ABVE; frota ampla SENATRAN ago/2026 e indicadores IBGE 2022, quando presentes, são medidas separadas. Recarga ABVE/Tupi ago/2026."
BA,BAIXA GRANDE,0.000000,0.000000,2.000000,2.000000,,0.001276,"Emplacamentos BEV/PHEV ABVE; frota ampla SENATRAN ago/2026 e indicadores IBGE 2022, quando presentes, são medidas separadas. Recarga ABVE/Tupi ago/2026."
SP,JUQUIA,1.000000,0.000000,2.000000,2.000000,,0.001276,"Emplacamentos BEV/PHEV ABVE; frota ampla SENATRAN ago/2026 e indicadores IBGE 2022, quando presentes, são medidas separadas. Recarga ABVE/Tupi ago/2026."
PE,SERRITA,1.000000,0.000000,2.000000,2.000000,,0.001276,"Emplacamentos BEV/PHEV ABVE; frota ampla SENATRAN ago/2026 e indicadores IBGE 2022, quando presentes, são medidas separadas. Recarga ABVE/Tupi ago/2026."
PE,SANHARO,0.000000,0.000000,2.000000,2.000000,,0.001276,"Emplacamentos BEV/PHEV ABVE; frota ampla SENATRAN ago/2026 e indicadores IBGE 2022, quando presentes, são medidas separadas. Recarga ABVE/Tupi ago/2026."
RS,SAO PEDRO DO BUTIA,0.000000,0.000000,2.000000,2.000000,,0.001276,"Emplacamentos BEV/PHEV ABVE; frota ampla SENATRAN ago/2026 e indicadores IBGE 2022, quando presentes, são medidas separadas. Recarga ABVE/Tupi ago/2026."
MG,QUELUZITO,0.000000,0.000000,2.000000,2.000000,,0.001276,"Emplacamentos BEV/PHEV ABVE; frota ampla SENATRAN ago/2026 e indicadores IBGE 2022, quando presentes, são medidas separadas. Recarga ABVE/Tupi ago/2026."
BA,CANAVIEIRAS,0.000000,0.000000,2.000000,2.000000,,0.001276,"Emplacamentos BEV/PHEV ABVE; frota ampla SENATRAN ago/2026 e indicadores IBGE 2022, quando presentes, são medidas separadas. Recarga ABVE/Tupi ago/2026."
RN,JOSE DA PENHA,1.000000,0.000000,2.000000,2.000000,,0.001276,"Emplacamentos BEV/PHEV ABVE; frota ampla SENATRAN ago/2026 e indicadores IBGE 2022, quando presentes, são medidas separadas. Recarga ABVE/Tupi ago/2026."
RN,JARDIM DE PIRANHAS,0.000000,0.000000,2.000000,2.000000,,0.001276,"Emplacamentos BEV/PHEV ABVE; frota ampla SENATRAN ago/2026 e indicadores IBGE 2022, quando presentes, são medidas separadas. Recarga ABVE/Tupi ago/2026."
GO,PETROLINA DE GOIAS,0.000000,1.000000,3.000000,2.000000,200.000000,0.001276,"Emplacamentos BEV/PHEV ABVE; frota ampla SENATRAN ago/2026 e indicadores IBGE 2022, quando presentes, são medidas separadas. Recarga ABVE/Tupi ago/2026."
SP,BERNARDINO DE CAMPOS,0.000000,0.000000,2.000000,2.000000,,0.001276,"Emplacamentos BEV/PHEV ABVE; frota ampla SENATRAN ago/2026 e indicadores IBGE 2022, quando presentes, são medidas separadas. Recarga ABVE/Tupi ago/2026."
BA,JABORANDI,0.000000,0.000000,2.000000,2.000000,,0.001276,"Emplacamentos BEV/PHEV ABVE; frota ampla SENATRAN ago/2026 e indicadores IBGE 2022, quando presentes, são medidas separadas. Recarga ABVE/Tupi ago/2026."
MA,PINDARE-MIRIM,0.000000,1.000000,3.000000,2.000000,200.000000,0.001276,"Emplacamentos BEV/PHEV ABVE; frota ampla SENATRAN ago/2026 e indicadores IBGE 2022, quando presentes, são medidas separadas. Recarga ABVE/Tupi ago/2026."
MA,PENALVA,0.000000,0.000000,2.000000,2.000000,,0.001276,"Emplacamentos BEV/PHEV ABVE; frota ampla SENATRAN ago/2026 e indicadores IBGE 2022, quando presentes, são medidas separadas. Recarga ABVE/Tupi ago/2026."
SC,VARGEM,0.000000,0.000000,2.000000,2.000000,,0.001276,"Emplacamentos BEV/PHEV ABVE; frota ampla SENATRAN ago/2026 e indicadores IBGE 2022, quando presentes, são medidas separadas. Recarga ABVE/Tupi ago/2026."
SC,URUBICI,4.000000,1.000000,3.000000,2.000000,200.000000,0.001276,"Emplacamentos BEV/PHEV ABVE; frota ampla SENATRAN ago/2026 e indicadores IBGE 2022, quando presentes, são medidas separadas. Recarga ABVE/Tupi ago/2026."
SC,TREVISO,0.000000,0.000000,2.000000,2.000000,,0.001276,"Emplacamentos BEV/PHEV ABVE; frota ampla SENATRAN ago/2026 e indicadores IBGE 2022, quando presentes, são medidas separadas. Recarga ABVE/Tupi ago/2026."
RS,TRES CACHOEIRAS,1.000000,3.000000,5.000000,2.000000,66.666667,0.001276,"Emplacamentos BEV/PHEV ABVE; frota ampla SENATRAN ago/2026 e indicadores IBGE 2022, quando presentes, são medidas separadas. Recarga ABVE/Tupi ago/2026."
RS,TRAVESSEIRO,0.000000,1.000000,3.000000,2.000000,200.000000,0.001276,"Emplacamentos BEV/PHEV ABVE; frota ampla SENATRAN ago/2026 e indicadores IBGE 2022, quando presentes, são medidas separadas. Recarga ABVE/Tupi ago/2026."
AL,MAJOR ISIDORO,0.000000,2.000000,4.000000,2.000000,100.000000,0.001276,"Emplacamentos BEV/PHEV ABVE; frota ampla SENATRAN ago/2026 e indicadores IBGE 2022, quando presentes, são medidas separadas. Recarga ABVE/Tupi ago/2026."
BA,ITORORO,0.000000,1.000000,3.000000,2.000000,200.000000,0.001276,"Emplacamentos BEV/PHEV ABVE; frota ampla SENATRAN ago/2026 e indicadores IBGE 2022, quando presentes, são medidas separadas. Recarga ABVE/Tupi ago/2026."
PB,TEIXEIRA,0.000000,0.000000,2.000000,2.000000,,0.001276,"Emplacamentos BEV/PHEV ABVE; frota ampla SENATRAN ago/2026 e indicadores IBGE 2022, quando presentes, são medidas separadas. Recarga ABVE/Tupi ago/2026."
MG,VARZEA DA PALMA,0.000000,0.000000,2.000000,2.000000,,0.001276,"Emplacamentos BEV/PHEV ABVE; frota ampla SENATRAN ago/2026 e indicadores IBGE 2022, quando presentes, são medidas separadas. Recarga ABVE/Tupi ago/2026."
PB,MATARACA,0.000000,0.000000,2.000000,2.000000,,0.001276,"Emplacamentos BEV/PHEV ABVE; frota ampla SENATRAN ago/2026 e indicadores IBGE 2022, quando presentes, são medidas separadas. Recarga ABVE/Tupi ago/2026."
PB,MARIZOPOLIS,0.000000,0.000000,2.000000,2.000000,,0.001276,"Emplacamentos BEV/PHEV ABVE; frota ampla SENATRAN ago/2026 e indicadores IBGE 2022, quando presentes, são medidas separadas. Recarga ABVE/Tupi ago/2026."
PB,SANTA LUZIA,0.000000,0.000000,2.000000,2.000000,,0.001276,"Emplacamentos BEV/PHEV ABVE; frota ampla SENATRAN ago/2026 e indicadores IBGE 2022, quando presentes, são medidas separadas. Recarga ABVE/Tupi ago/2026."
BA,JIQUIRICA,0.000000,0.000000,2.000000,2.000000,,0.001276,"Emplacamentos BEV/PHEV ABVE; frota ampla SENATRAN ago/2026 e indicadores IBGE 2022, quando presentes, são medidas separadas. Recarga ABVE/Tupi ago/2026."
BA,JANDAIRA,0.000000,0.000000,2.000000,2.000000,,0.001276,"Emplacamentos BEV/PHEV ABVE; frota ampla SENATRAN ago/2026 e indicadores IBGE 2022, quando presentes, são medidas separadas. Recarga ABVE/Tupi ago/2026."
RS,AUREA,0.000000,0.000000,2.000000,2.000000,,0.001276,"Emplacamentos BEV/PHEV ABVE; frota ampla SENATRAN ago/2026 e indicadores IBGE 2022, quando presentes, são medidas separadas. Recarga ABVE/Tupi ago/2026."
MG,TURMALINA,0.000000,0.000000,2.000000,2.000000,,0.001276,"Emplacamentos BEV/PHEV ABVE; frota ampla SENATRAN ago/2026 e indicadores IBGE 2022, quando presentes, são medidas separadas. Recarga ABVE/Tupi ago/2026."
MS,ANTONIO JOAO,0.000000,0.000000,2.000000,2.000000,,0.001276,"Emplacamentos BEV/PHEV ABVE; frota ampla SENATRAN ago/2026 e indicadores IBGE 2022, quando presentes, são medidas separadas. Recarga ABVE/Tupi ago/2026."
AL,TANQUE D'ARCA,0.000000,0.000000,2.000000,2.000000,,0.001276,"Emplacamentos BEV/PHEV ABVE; frota ampla SENATRAN ago/2026 e indicadores IBGE 2022, quando presentes, são medidas separadas. Recarga ABVE/Tupi ago/2026."
BA,URUCUCA,0.000000,0.000000,2.000000,2.000000,,0.001276,"Emplacamentos BEV/PHEV ABVE; frota ampla SENATRAN ago/2026 e indicadores IBGE 2022, quando presentes, são medidas separadas. Recarga ABVE/Tupi ago/2026."
BA,URANDI,0.000000,1.000000,3.000000,2.000000,200.000000,0.001276,"Emplacamentos BEV/PHEV ABVE; frota ampla SENATRAN ago/2026 e indicadores IBGE 2022, quando presentes, são medidas separadas. Recarga ABVE/Tupi ago/2026."
BA,UNA,0.000000,0.000000,2.000000,2.000000,,0.001276,"Emplacamentos BEV/PHEV ABVE; frota ampla SENATRAN ago/2026 e indicadores IBGE 2022, quando presentes, são medidas separadas. Recarga ABVE/Tupi ago/2026."
BA,UBAITABA,0.000000,1.000000,3.000000,2.000000,200.000000,0.001276,"Emplacamentos BEV/PHEV ABVE; frota ampla SENATRAN ago/2026 e indicadores IBGE 2022, quando presentes, são medidas separadas. Recarga ABVE/Tupi ago/2026."
PE,TRACUNHAEM,0.000000,0.000000,2.000000,2.000000,,0.001276,"Emplacamentos BEV/PHEV ABVE; frota ampla SENATRAN ago/2026 e indicadores IBGE 2022, quando presentes, são medidas separadas. Recarga ABVE/Tupi ago/2026."
PE,TERRA NOVA,0.000000,0.000000,2.000000,2.000000,,0.001276,"Emplacamentos BEV/PHEV ABVE; frota ampla SENATRAN ago/2026 e indicadores IBGE 2022, quando presentes, são medidas separadas. Recarga ABVE/Tupi ago/2026."
BA,IPIAU,2.000000,2.000000,4.000000,2.000000,100.000000,0.001276,"Emplacamentos BEV/PHEV ABVE; frota ampla SENATRAN ago/2026 e indicadores IBGE 2022, quando presentes, são medidas separadas. Recarga ABVE/Tupi ago/2026."
PI,CORRENTE,0.000000,0.000000,2.000000,2.000000,,0.001276,"Emplacamentos BEV/PHEV ABVE; frota ampla SENATRAN ago/2026 e indicadores IBGE 2022, quando presentes, são medidas separadas. Recarga ABVE/Tupi ago/2026."
PI,COIVARAS,0.000000,0.000000,2.000000,2.000000,,0.001276,"Emplacamentos BEV/PHEV ABVE; frota ampla SENATRAN ago/2026 e indicadores IBGE 2022, quando presentes, são medidas separadas. Recarga ABVE/Tupi ago/2026."
BA,IGUAI,0.000000,0.000000,2.000000,2.000000,,0.001276,"Emplacamentos BEV/PHEV ABVE; frota ampla SENATRAN ago/2026 e indicadores IBGE 2022, quando presentes, são medidas separadas. Recarga ABVE/Tupi ago/2026."
SP,BREJO ALEGRE,0.000000,0.000000,2.000000,2.000000,,0.001276,"Emplacamentos BEV/PHEV ABVE; frota ampla SENATRAN ago/2026 e indicadores IBGE 2022, quando presentes, são medidas separadas. Recarga ABVE/Tupi ago/2026."
SP,BORACEIA,2.000000,0.000000,2.000000,2.000000,,0.001276,"Emplacamentos BEV/PHEV ABVE; frota ampla SENATRAN ago/2026 e indicadores IBGE 2022, quando presentes, são medidas separadas. Recarga ABVE/Tupi ago/2026."
CE,REDENCAO,0.000000,0.000000,2.000000,2.000000,,0.001276,"Emplacamentos BEV/PHEV ABVE; frota ampla SENATRAN ago/2026 e indicadores IBGE 2022, quando presentes, são medidas separadas. Recarga ABVE/Tupi ago/2026."
BA,CAMAMU,0.000000,0.000000,2.000000,2.000000,,0.001276,"Emplacamentos BEV/PHEV ABVE; frota ampla SENATRAN ago/2026 e indicadores IBGE 2022, quando presentes, são medidas separadas. Recarga ABVE/Tupi ago/2026."
BA,CAETANOS,0.000000,0.000000,2.000000,2.000000,,0.001276,"Emplacamentos BEV/PHEV ABVE; frota ampla SENATRAN ago/2026 e indicadores IBGE 2022, quando presentes, são medidas separadas. Recarga ABVE/Tupi ago/2026."
PI,COCAL,0.000000,0.000000,2.000000,2.000000,,0.001276,"Emplacamentos BEV/PHEV ABVE; frota ampla SENATRAN ago/2026 e indicadores IBGE 2022, quando presentes, são medidas separadas. Recarga ABVE/Tupi ago/2026."
PI,AGUA BRANCA,1.000000,0.000000,2.000000,2.000000,,0.001276,"Emplacamentos BEV/PHEV ABVE; frota ampla SENATRAN ago/2026 e indicadores IBGE 2022, quando presentes, são medidas separadas. Recarga ABVE/Tupi ago/2026."
AL,LIMOEIRO DE ANADIA,3.000000,3.000000,5.000000,2.000000,66.666667,0.001276,"Emplacamentos BEV/PHEV ABVE; frota ampla SENATRAN ago/2026 e indicadores IBGE 2022, quando presentes, são medidas separadas. Recarga ABVE/Tupi ago/2026."
SP,SAO LUIZ DO PARAITINGA,2.000000,3.000000,5.000000,2.000000,66.666667,0.001276,"Emplacamentos BEV/PHEV ABVE; frota ampla SENATRAN ago/2026 e indicadores IBGE 2022, quando presentes, são medidas separadas. Recarga ABVE/Tupi ago/2026."
MG,PIRAUBA,1.000000,0.000000,2.000000,2.000000,,0.001276,"Emplacamentos BEV/PHEV ABVE; frota ampla SENATRAN ago/2026 e indicadores IBGE 2022, quando presentes, são medidas separadas. Recarga ABVE/Tupi ago/2026."
MG,PINGO-D'AGUA,0.000000,0.000000,2.000000,2.000000,,0.001276,"Emplacamentos BEV/PHEV ABVE; frota ampla SENATRAN ago/2026 e indicadores IBGE 2022, quando presentes, são medidas separadas. Recarga ABVE/Tupi ago/2026."
MG,PIMENTA,1.000000,0.000000,2.000000,2.000000,,0.001276,"Emplacamentos BEV/PHEV ABVE; frota ampla SENATRAN ago/2026 e indicadores IBGE 2022, quando presentes, são medidas separadas. Recarga ABVE/Tupi ago/2026."
SP,ITABERA,3.000000,5.000000,7.000000,2.000000,40.000000,0.001276,"Emplacamentos BEV/PHEV ABVE; frota ampla SENATRAN ago/2026 e indicadores IBGE 2022, quando presentes, são medidas separadas. Recarga ABVE/Tupi ago/2026."
RS,PALMARES DO SUL,2.000000,1.000000,3.000000,2.000000,200.000000,0.001276,"Emplacamentos BEV/PHEV ABVE; frota ampla SENATRAN ago/2026 e indicadores IBGE 2022, quando presentes, são medidas separadas. Recarga ABVE/Tupi ago/2026."
SP,MIRASSOLANDIA,0.000000,0.000000,2.000000,2.000000,,0.001276,"Emplacamentos BEV/PHEV ABVE; frota ampla SENATRAN ago/2026 e indicadores IBGE 2022, quando presentes, são medidas separadas. Recarga ABVE/Tupi ago/2026."
SP,MIRANTE DO PARANAPANEMA,1.000000,1.000000,3.000000,2.000000,200.000000,0.001276,"Emplacamentos BEV/PHEV ABVE; frota ampla SENATRAN ago/2026 e indicadores IBGE 2022, quando presentes, são medidas separadas. Recarga ABVE/Tupi ago/2026."
PB,POCINHOS,0.000000,0.000000,2.000000,2.000000,,0.001276,"Emplacamentos BEV/PHEV ABVE; frota ampla SENATRAN ago/2026 e indicadores IBGE 2022, quando presentes, são medidas separadas. Recarga ABVE/Tupi ago/2026."
CE,MONSENHOR TABOSA,1.000000,0.000000,2.000000,2.000000,,0.001276,"Emplacamentos BEV/PHEV ABVE; frota ampla SENATRAN ago/2026 e indicadores IBGE 2022, quando presentes, são medidas separadas. Recarga ABVE/Tupi ago/2026."
MS,INOCENCIA,0.000000,2.000000,4.000000,2.000000,100.000000,0.001276,"Emplacamentos BEV/PHEV ABVE; frota ampla SENATRAN ago/2026 e indicadores IBGE 2022, quando presentes, são medidas separadas. Recarga ABVE/Tupi ago/2026."
MS,GUIA LOPES DA LAGUNA,1.000000,0.000000,2.000000,2.000000,,0.001276,"Emplacamentos BEV/PHEV ABVE; frota ampla SENATRAN ago/2026 e indicadores IBGE 2022, quando presentes, são medidas separadas. Recarga ABVE/Tupi ago/2026."
SE,NEOPOLIS,1.000000,0.000000,2.000000,2.000000,,0.001276,"Emplacamentos BEV/PHEV ABVE; frota ampla SENATRAN ago/2026 e indicadores IBGE 2022, quando presentes, são medidas separadas. Recarga ABVE/Tupi ago/2026."
RN,ANGICOS,0.000000,1.000000,3.000000,2.000000,200.000000,0.001276,"Emplacamentos BEV/PHEV ABVE; frota ampla SENATRAN ago/2026 e indicadores IBGE 2022, quando presentes, são medidas separadas. Recarga ABVE/Tupi ago/2026."
RN,JAPI,0.000000,0.000000,2.000000,2.000000,,0.001276,"Emplacamentos BEV/PHEV ABVE; frota ampla SENATRAN ago/2026 e indicadores IBGE 2022, quando presentes, são medidas separadas. Recarga ABVE/Tupi ago/2026."
RN,JACANA,0.000000,0.000000,2.000000,2.000000,,0.001276,"Emplacamentos BEV/PHEV ABVE; frota ampla SENATRAN ago/2026 e indicadores IBGE 2022, quando presentes, são medidas separadas. Recarga ABVE/Tupi ago/2026."
RN,GUAMARE,0.000000,2.000000,4.000000,2.000000,100.000000,0.001276,"Emplacamentos BEV/PHEV ABVE; frota ampla SENATRAN ago/2026 e indicadores IBGE 2022, quando presentes, são medidas separadas. Recarga ABVE/Tupi ago/2026."
RN,GOVERNADOR DIX-SEPT ROSADO,0.000000,1.000000,3.000000,2.000000,200.000000,0.001276,"Emplacamentos BEV/PHEV ABVE; frota ampla SENATRAN ago/2026 e indicadores IBGE 2022, quando presentes, são medidas separadas. Recarga ABVE/Tupi ago/2026."
BA,ITAGIBA,0.000000,0.000000,2.000000,2.000000,,0.001276,"Emplacamentos BEV/PHEV ABVE; frota ampla SENATRAN ago/2026 e indicadores IBGE 2022, quando presentes, são medidas separadas. Recarga ABVE/Tupi ago/2026."
BA,ITACARE,1.000000,1.000000,3.000000,2.000000,200.000000,0.001276,"Emplacamentos BEV/PHEV ABVE; frota ampla SENATRAN ago/2026 e indicadores IBGE 2022, quando presentes, são medidas separadas. Recarga ABVE/Tupi ago/2026."
PI,INHUMA,0.000000,0.000000,2.000000,2.000000,,0.001276,"Emplacamentos BEV/PHEV ABVE; frota ampla SENATRAN ago/2026 e indicadores IBGE 2022, quando presentes, são medidas separadas. Recarga ABVE/Tupi ago/2026."
PI,SAO JOAO DA FRONTEIRA,0.000000,0.000000,2.000000,2.000000,,0.001276,"Emplacamentos BEV/PHEV ABVE; frota ampla SENATRAN ago/2026 e indicadores IBGE 2022, quando presentes, são medidas separadas. Recarga ABVE/Tupi ago/2026."
ES,AFONSO CLAUDIO,2.000000,4.000000,6.000000,2.000000,50.000000,0.001276,"Emplacamentos BEV/PHEV ABVE; frota ampla SENATRAN ago/2026 e indicadores IBGE 2022, quando presentes, são medidas separadas. Recarga ABVE/Tupi ago/2026."
CE,VICOSA DO CEARA,2.000000,1.000000,3.000000,2.000000,200.000000,0.001276,"Emplacamentos BEV/PHEV ABVE; frota ampla SENATRAN ago/2026 e indicadores IBGE 2022, quando presentes, são medidas separadas. Recarga ABVE/Tupi ago/2026."
RN,CORONEL EZEQUIEL,0.000000,0.000000,2.000000,2.000000,,0.001276,"Emplacamentos BEV/PHEV ABVE; frota ampla SENATRAN ago/2026 e indicadores IBGE 2022, quando presentes, são medidas separadas. Recarga ABVE/Tupi ago/2026."
RN,BAIA FORMOSA,1.000000,0.000000,2.000000,2.000000,,0.001276,"Emplacamentos BEV/PHEV ABVE; frota ampla SENATRAN ago/2026 e indicadores IBGE 2022, quando presentes, são medidas separadas. Recarga ABVE/Tupi ago/2026."
BA,UAUA,0.000000,0.000000,2.000000,2.000000,,0.001276,"Emplacamentos BEV/PHEV ABVE; frota ampla SENATRAN ago/2026 e indicadores IBGE 2022, quando presentes, são medidas separadas. Recarga ABVE/Tupi ago/2026."
BA,TEOFILANDIA,0.000000,0.000000,2.000000,2.000000,,0.001276,"Emplacamentos BEV/PHEV ABVE; frota ampla SENATRAN ago/2026 e indicadores IBGE 2022, quando presentes, são medidas separadas. Recarga ABVE/Tupi ago/2026."
MG,NOVA UNIAO,0.000000,0.000000,2.000000,2.000000,,0.001276,"Emplacamentos BEV/PHEV ABVE; frota ampla SENATRAN ago/2026 e indicadores IBGE 2022, quando presentes, são medidas separadas. Recarga ABVE/Tupi ago/2026."
MG,NEPOMUCENO,0.000000,1.000000,3.000000,2.000000,200.000000,0.001276,"Emplacamentos BEV/PHEV ABVE; frota ampla SENATRAN ago/2026 e indicadores IBGE 2022, quando presentes, são medidas separadas. Recarga ABVE/Tupi ago/2026."
RS,TRES PALMEIRAS,0.000000,0.000000,2.000000,2.000000,,0.001276,"Emplacamentos BEV/PHEV ABVE; frota ampla SENATRAN ago/2026 e indicadores IBGE 2022, quando presentes, são medidas separadas. Recarga ABVE/Tupi ago/2026."
SP,ITUVERAVA,7.000000,15.000000,17.000000,2.000000,13.333333,0.001276,"Emplacamentos BEV/PHEV ABVE; frota ampla SENATRAN ago/2026 e indicadores IBGE 2022, quando presentes, são medidas separadas. Recarga ABVE/Tupi ago/2026."
SP,ITOBI,0.000000,0.000000,2.000000,2.000000,,0.001276,"Emplacamentos BEV/PHEV ABVE; frota ampla SENATRAN ago/2026 e indicadores IBGE 2022, quando presentes, são medidas separadas. Recarga ABVE/Tupi ago/2026."
SP,ITATINGA,1.000000,1.000000,3.000000,2.000000,200.000000,0.001276,"Emplacamentos BEV/PHEV ABVE; frota ampla SENATRAN ago/2026 e indicadores IBGE 2022, quando presentes, são medidas separadas. Recarga ABVE/Tupi ago/2026."
SP,ITARIRI,1.000000,2.000000,4.000000,2.000000,100.000000,0.001276,"Emplacamentos BEV/PHEV ABVE; frota ampla SENATRAN ago/2026 e indicadores IBGE 2022, quando presentes, são medidas separadas. Recarga ABVE/Tupi ago/2026."
SP,ITAJOBI,1.000000,1.000000,3.000000,2.000000,200.000000,0.001276,"Emplacamentos BEV/PHEV ABVE; frota ampla SENATRAN ago/2026 e indicadores IBGE 2022, quando presentes, são medidas separadas. Recarga ABVE/Tupi ago/2026."
BA,NOVA SOURE,0.000000,0.000000,2.000000,2.000000,,0.001276,"Emplacamentos BEV/PHEV ABVE; frota ampla SENATRAN ago/2026 e indicadores IBGE 2022, quando presentes, são medidas separadas. Recarga ABVE/Tupi ago/2026."
MG,MOEMA,0.000000,0.000000,2.000000,2.000000,,0.001276,"Emplacamentos BEV/PHEV ABVE; frota ampla SENATRAN ago/2026 e indicadores IBGE 2022, quando presentes, são medidas separadas. Recarga ABVE/Tupi ago/2026."
BA,MUNIZ FERREIRA,0.000000,0.000000,2.000000,2.000000,,0.001276,"Emplacamentos BEV/PHEV ABVE; frota ampla SENATRAN ago/2026 e indicadores IBGE 2022, quando presentes, são medidas separadas. Recarga ABVE/Tupi ago/2026."
SE,MALHADOR,0.000000,0.000000,2.000000,2.000000,,0.001276,"Emplacamentos BEV/PHEV ABVE; frota ampla SENATRAN ago/2026 e indicadores IBGE 2022, quando presentes, são medidas separadas. Recarga ABVE/Tupi ago/2026."
SE,LARANJEIRAS,0.000000,0.000000,2.000000,2.000000,,0.001276,"Emplacamentos BEV/PHEV ABVE; frota ampla SENATRAN ago/2026 e indicadores IBGE 2022, quando presentes, são medidas separadas. Recarga ABVE/Tupi ago/2026."
SE,GENERAL MAYNARD,0.000000,0.000000,2.000000,2.000000,,0.001276,"Emplacamentos BEV/PHEV ABVE; frota ampla SENATRAN ago/2026 e indicadores IBGE 2022, quando presentes, são medidas separadas. Recarga ABVE/Tupi ago/2026."
RS,PINHAL,4.000000,3.000000,5.000000,2.000000,66.666667,0.001276,"Emplacamentos BEV/PHEV ABVE; frota ampla SENATRAN ago/2026 e indicadores IBGE 2022, quando presentes, são medidas separadas. Recarga ABVE/Tupi ago/2026."
RS,PEJUCARA,0.000000,0.000000,2.000000,2.000000,,0.001276,"Emplacamentos BEV/PHEV ABVE; frota ampla SENATRAN ago/2026 e indicadores IBGE 2022, quando presentes, são medidas separadas. Recarga ABVE/Tupi ago/2026."
MG,URUCANIA,0.000000,0.000000,2.000000,2.000000,,0.001276,"Emplacamentos BEV/PHEV ABVE; frota ampla SENATRAN ago/2026 e indicadores IBGE 2022, quando presentes, são medidas separadas. Recarga ABVE/Tupi ago/2026."
PB,FAGUNDES,0.000000,1.000000,3.000000,2.000000,200.000000,0.001276,"Emplacamentos BEV/PHEV ABVE; frota ampla SENATRAN ago/2026 e indicadores IBGE 2022, quando presentes, são medidas separadas. Recarga ABVE/Tupi ago/2026."
PB,DONA INES,0.000000,0.000000,2.000000,2.000000,,0.001276,"Emplacamentos BEV/PHEV ABVE; frota ampla SENATRAN ago/2026 e indicadores IBGE 2022, quando presentes, são medidas separadas. Recarga ABVE/Tupi ago/2026."
PB,LUCENA,1.000000,1.000000,3.000000,2.000000,200.000000,0.001276,"Emplacamentos BEV/PHEV ABVE; frota ampla SENATRAN ago/2026 e indicadores IBGE 2022, quando presentes, são medidas separadas. Recarga ABVE/Tupi ago/2026."
PB,JURIPIRANGA,0.000000,0.000000,2.000000,2.000000,,0.001276,"Emplacamentos BEV/PHEV ABVE; frota ampla SENATRAN ago/2026 e indicadores IBGE 2022, quando presentes, são medidas separadas. Recarga ABVE/Tupi ago/2026."
PB,JACARAU,0.000000,0.000000,2.000000,2.000000,,0.001276,"Emplacamentos BEV/PHEV ABVE; frota ampla SENATRAN ago/2026 e indicadores IBGE 2022, quando presentes, são medidas separadas. Recarga ABVE/Tupi ago/2026."
BA,MONTE SANTO,0.000000,1.000000,3.000000,2.000000,200.000000,0.001276,"Emplacamentos BEV/PHEV ABVE; frota ampla SENATRAN ago/2026 e indicadores IBGE 2022, quando presentes, são medidas separadas. Recarga ABVE/Tupi ago/2026."
PI,LUZILANDIA,0.000000,0.000000,2.000000,2.000000,,0.001276,"Emplacamentos BEV/PHEV ABVE; frota ampla SENATRAN ago/2026 e indicadores IBGE 2022, quando presentes, são medidas separadas. Recarga ABVE/Tupi ago/2026."
SP,NHANDEARA,2.000000,2.000000,4.000000,2.000000,100.000000,0.001276,"Emplacamentos BEV/PHEV ABVE; frota ampla SENATRAN ago/2026 e indicadores IBGE 2022, quando presentes, são medidas separadas. Recarga ABVE/Tupi ago/2026."
AL,MURICI,0.000000,2.000000,4.000000,2.000000,100.000000,0.001276,"Emplacamentos BEV/PHEV ABVE; frota ampla SENATRAN ago/2026 e indicadores IBGE 2022, quando presentes, são medidas separadas. Recarga ABVE/Tupi ago/2026."
MG,LUZ,0.000000,0.000000,2.000000,2.000000,,0.001276,"Emplacamentos BEV/PHEV ABVE; frota ampla SENATRAN ago/2026 e indicadores IBGE 2022, quando presentes, são medidas separadas. Recarga ABVE/Tupi ago/2026."
MG,INHAPIM,0.000000,2.000000,4.000000,2.000000,100.000000,0.001276,"Emplacamentos BEV/PHEV ABVE; frota ampla SENATRAN ago/2026 e indicadores IBGE 2022, quando presentes, são medidas separadas. Recarga ABVE/Tupi ago/2026."
MG,JANUARIA,0.000000,0.000000,2.000000,2.000000,,0.001276,"Emplacamentos BEV/PHEV ABVE; frota ampla SENATRAN ago/2026 e indicadores IBGE 2022, quando presentes, são medidas separadas. Recarga ABVE/Tupi ago/2026."
MG,JANAUBA,7.000000,0.000000,2.000000,2.000000,,0.001276,"Emplacamentos BEV/PHEV ABVE; frota ampla SENATRAN ago/2026 e indicadores IBGE 2022, quando presentes, são medidas separadas. Recarga ABVE/Tupi ago/2026."
CE,TIANGUA,14.000000,15.000000,17.000000,2.000000,13.333333,0.001276,"Emplacamentos BEV/PHEV ABVE; frota ampla SENATRAN ago/2026 e indicadores IBGE 2022, quando presentes, são medidas separadas. Recarga ABVE/Tupi ago/2026."
BA,CANDIBA,0.000000,0.000000,2.000000,2.000000,,0.001276,"Emplacamentos BEV/PHEV ABVE; frota ampla SENATRAN ago/2026 e indicadores IBGE 2022, quando presentes, são medidas separadas. Recarga ABVE/Tupi ago/2026."
GO,NAZARIO,1.000000,1.000000,3.000000,2.000000,200.000000,0.001276,"Emplacamentos BEV/PHEV ABVE; frota ampla SENATRAN ago/2026 e indicadores IBGE 2022, quando presentes, são medidas separadas. Recarga ABVE/Tupi ago/2026."
GO,MONTIVIDIU,4.000000,2.000000,4.000000,2.000000,100.000000,0.001276,"Emplacamentos BEV/PHEV ABVE; frota ampla SENATRAN ago/2026 e indicadores IBGE 2022, quando presentes, são medidas separadas. Recarga ABVE/Tupi ago/2026."
GO,MARA ROSA,0.000000,0.000000,2.000000,2.000000,,0.001276,"Emplacamentos BEV/PHEV ABVE; frota ampla SENATRAN ago/2026 e indicadores IBGE 2022, quando presentes, são medidas separadas. Recarga ABVE/Tupi ago/2026."
GO,JOVIANIA,0.000000,1.000000,3.000000,2.000000,200.000000,0.001276,"Emplacamentos BEV/PHEV ABVE; frota ampla SENATRAN ago/2026 e indicadores IBGE 2022, quando presentes, são medidas separadas. Recarga ABVE/Tupi ago/2026."
BA,CENTRAL,0.000000,0.000000,2.000000,2.000000,,0.001276,"Emplacamentos BEV/PHEV ABVE; frota ampla SENATRAN ago/2026 e indicadores IBGE 2022, quando presentes, são medidas separadas. Recarga ABVE/Tupi ago/2026."
RJ,QUISSAMA,1.000000,0.000000,2.000000,2.000000,,0.001276,"Emplacamentos BEV/PHEV ABVE; frota ampla SENATRAN ago/2026 e indicadores IBGE 2022, quando presentes, são medidas separadas. Recarga ABVE/Tupi ago/2026."
RN,ALTO DO RODRIGUES,1.000000,0.000000,2.000000,2.000000,,0.001276,"Emplacamentos BEV/PHEV ABVE; frota ampla SENATRAN ago/2026 e indicadores IBGE 2022, quando presentes, são medidas separadas. Recarga ABVE/Tupi ago/2026."
RS,TUPARENDI,0.000000,1.000000,3.000000,2.000000,200.000000,0.001276,"Emplacamentos BEV/PHEV ABVE; frota ampla SENATRAN ago/2026 e indicadores IBGE 2022, quando presentes, são medidas separadas. Recarga ABVE/Tupi ago/2026."
SC,SIDEROPOLIS,2.000000,3.000000,5.000000,2.000000,66.666667,0.001276,"Emplacamentos BEV/PHEV ABVE; frota ampla SENATRAN ago/2026 e indicadores IBGE 2022, quando presentes, são medidas separadas. Recarga ABVE/Tupi ago/2026."
SP,TACIBA,0.000000,0.000000,2.000000,2.000000,,0.001276,"Emplacamentos BEV/PHEV ABVE; frota ampla SENATRAN ago/2026 e indicadores IBGE 2022, quando presentes, são medidas separadas. Recarga ABVE/Tupi ago/2026."
SP,SERRA AZUL,1.000000,1.000000,3.000000,2.000000,200.000000,0.001276,"Emplacamentos BEV/PHEV ABVE; frota ampla SENATRAN ago/2026 e indicadores IBGE 2022, quando presentes, são medidas separadas. Recarga ABVE/Tupi ago/2026."
PB,INGA,0.000000,2.000000,4.000000,2.000000,100.000000,0.001276,"Emplacamentos BEV/PHEV ABVE; frota ampla SENATRAN ago/2026 e indicadores IBGE 2022, quando presentes, são medidas separadas. Recarga ABVE/Tupi ago/2026."
CE,MILHA,0.000000,0.000000,2.000000,2.000000,,0.001276,"Emplacamentos BEV/PHEV ABVE; frota ampla SENATRAN ago/2026 e indicadores IBGE 2022, quando presentes, são medidas separadas. Recarga ABVE/Tupi ago/2026."
CE,MILAGRES,0.000000,0.000000,2.000000,2.000000,,0.001276,"Emplacamentos BEV/PHEV ABVE; frota ampla SENATRAN ago/2026 e indicadores IBGE 2022, quando presentes, são medidas separadas. Recarga ABVE/Tupi ago/2026."
CE,MERUOCA,0.000000,2.000000,4.000000,2.000000,100.000000,0.001276,"Emplacamentos BEV/PHEV ABVE; frota ampla SENATRAN ago/2026 e indicadores IBGE 2022, quando presentes, são medidas separadas. Recarga ABVE/Tupi ago/2026."
CE,MASSAPE,0.000000,3.000000,5.000000,2.000000,66.666667,0.001276,"Emplacamentos BEV/PHEV ABVE; frota ampla SENATRAN ago/2026 e indicadores IBGE 2022, quando presentes, são medidas separadas. Recarga ABVE/Tupi ago/2026."
RS,CACEQUI,0.000000,0.000000,2.000000,2.000000,,0.001276,"Emplacamentos BEV/PHEV ABVE; frota ampla SENATRAN ago/2026 e indicadores IBGE 2022, quando presentes, são medidas separadas. Recarga ABVE/Tupi ago/2026."
RS,BROCHIER,0.000000,1.000000,3.000000,2.000000,200.000000,0.001276,"Emplacamentos BEV/PHEV ABVE; frota ampla SENATRAN ago/2026 e indicadores IBGE 2022, quando presentes, são medidas separadas. Recarga ABVE/Tupi ago/2026."
PB,BREJO DOS SANTOS,0.000000,0.000000,2.000000,2.000000,,0.001276,"Emplacamentos BEV/PHEV ABVE; frota ampla SENATRAN ago/2026 e indicadores IBGE 2022, quando presentes, são medidas separadas. Recarga ABVE/Tupi ago/2026."
PB,BONITO DE SANTA FE,0.000000,0.000000,2.000000,2.000000,,0.001276,"Emplacamentos BEV/PHEV ABVE; frota ampla SENATRAN ago/2026 e indicadores IBGE 2022, quando presentes, são medidas separadas. Recarga ABVE/Tupi ago/2026."
GO,VALPARAISO DE GOIAS,1.000000,1.000000,3.000000,2.000000,200.000000,0.001276,"Emplacamentos BEV/PHEV ABVE; frota ampla SENATRAN ago/2026 e indicadores IBGE 2022, quando presentes, são medidas separadas. Recarga ABVE/Tupi ago/2026."
GO,TEREZOPOLIS DE GOIAS,2.000000,1.000000,3.000000,2.000000,200.000000,0.001276,"Emplacamentos BEV/PHEV ABVE; frota ampla SENATRAN ago/2026 e indicadores IBGE 2022, quando presentes, são medidas separadas. Recarga ABVE/Tupi ago/2026."
SP,NUPORANGA,0.000000,0.000000,2.000000,2.000000,,0.001276,"Emplacamentos BEV/PHEV ABVE; frota ampla SENATRAN ago/2026 e indicadores IBGE 2022, quando presentes, são medidas separadas. Recarga ABVE/Tupi ago/2026."
SP,NOVA EUROPA,0.000000,0.000000,2.000000,2.000000,,0.001276,"Emplacamentos BEV/PHEV ABVE; frota ampla SENATRAN ago/2026 e indicadores IBGE 2022, quando presentes, são medidas separadas. Recarga ABVE/Tupi ago/2026."
PB,CAICARA,0.000000,0.000000,2.000000,2.000000,,0.001276,"Emplacamentos BEV/PHEV ABVE; frota ampla SENATRAN ago/2026 e indicadores IBGE 2022, quando presentes, são medidas separadas. Recarga ABVE/Tupi ago/2026."
RS,BOA VISTA DAS MISSOES,0.000000,0.000000,2.000000,2.000000,,0.001276,"Emplacamentos BEV/PHEV ABVE; frota ampla SENATRAN ago/2026 e indicadores IBGE 2022, quando presentes, são medidas separadas. Recarga ABVE/Tupi ago/2026."
RS,CAPIVARI DO SUL,0.000000,0.000000,2.000000,2.000000,,0.001276,"Emplacamentos BEV/PHEV ABVE; frota ampla SENATRAN ago/2026 e indicadores IBGE 2022, quando presentes, são medidas separadas. Recarga ABVE/Tupi ago/2026."
RS,CAPITAO,0.000000,0.000000,2.000000,2.000000,,0.001276,"Emplacamentos BEV/PHEV ABVE; frota ampla SENATRAN ago/2026 e indicadores IBGE 2022, quando presentes, são medidas separadas. Recarga ABVE/Tupi ago/2026."
RS,CANDIDO GODOI,0.000000,0.000000,2.000000,2.000000,,0.001276,"Emplacamentos BEV/PHEV ABVE; frota ampla SENATRAN ago/2026 e indicadores IBGE 2022, quando presentes, são medidas separadas. Recarga ABVE/Tupi ago/2026."
RS,CANDELARIA,1.000000,1.000000,3.000000,2.000000,200.000000,0.001276,"Emplacamentos BEV/PHEV ABVE; frota ampla SENATRAN ago/2026 e indicadores IBGE 2022, quando presentes, são medidas separadas. Recarga ABVE/Tupi ago/2026."
RS,NOVO CABRAIS,0.000000,0.000000,2.000000,2.000000,,0.001276,"Emplacamentos BEV/PHEV ABVE; frota ampla SENATRAN ago/2026 e indicadores IBGE 2022, quando presentes, são medidas separadas. Recarga ABVE/Tupi ago/2026."
MS,COSTA RICA,6.000000,1.000000,3.000000,2.000000,200.000000,0.001276,"Emplacamentos BEV/PHEV ABVE; frota ampla SENATRAN ago/2026 e indicadores IBGE 2022, quando presentes, são medidas separadas. Recarga ABVE/Tupi ago/2026."
MS,PORTO MURTINHO,0.000000,0.000000,2.000000,2.000000,,0.001276,"Emplacamentos BEV/PHEV ABVE; frota ampla SENATRAN ago/2026 e indicadores IBGE 2022, quando presentes, são medidas separadas. Recarga ABVE/Tupi ago/2026."
BA,SERRA PRETA,0.000000,0.000000,2.000000,2.000000,,0.001276,"Emplacamentos BEV/PHEV ABVE; frota ampla SENATRAN ago/2026 e indicadores IBGE 2022, quando presentes, são medidas separadas. Recarga ABVE/Tupi ago/2026."
BA,SATIRO DIAS,0.000000,0.000000,2.000000,2.000000,,0.001276,"Emplacamentos BEV/PHEV ABVE; frota ampla SENATRAN ago/2026 e indicadores IBGE 2022, quando presentes, são medidas separadas. Recarga ABVE/Tupi ago/2026."
BA,SAPEACU,0.000000,0.000000,2.000000,2.000000,,0.001276,"Emplacamentos BEV/PHEV ABVE; frota ampla SENATRAN ago/2026 e indicadores IBGE 2022, quando presentes, são medidas separadas. Recarga ABVE/Tupi ago/2026."
PR,BOCAIUVA DO SUL,3.000000,4.000000,6.000000,2.000000,50.000000,0.001276,"Emplacamentos BEV/PHEV ABVE; frota ampla SENATRAN ago/2026 e indicadores IBGE 2022, quando presentes, são medidas separadas. Recarga ABVE/Tupi ago/2026."
SP,CAMPINA DO MONTE ALEGRE,1.000000,0.000000,2.000000,2.000000,,0.001276,"Emplacamentos BEV/PHEV ABVE; frota ampla SENATRAN ago/2026 e indicadores IBGE 2022, quando presentes, são medidas separadas. Recarga ABVE/Tupi ago/2026."
SP,CAJATI,1.000000,0.000000,2.000000,2.000000,,0.001276,"Emplacamentos BEV/PHEV ABVE; frota ampla SENATRAN ago/2026 e indicadores IBGE 2022, quando presentes, são medidas separadas. Recarga ABVE/Tupi ago/2026."
SP,BURITIZAL,0.000000,0.000000,2.000000,2.000000,,0.001276,"Emplacamentos BEV/PHEV ABVE; frota ampla SENATRAN ago/2026 e indicadores IBGE 2022, quando presentes, são medidas separadas. Recarga ABVE/Tupi ago/2026."
PA,SAO JOAO DO ARAGUAIA,0.000000,0.000000,2.000000,2.000000,,0.001276,"Emplacamentos BEV/PHEV ABVE; frota ampla SENATRAN ago/2026 e indicadores IBGE 2022, quando presentes, são medidas separadas. Recarga ABVE/Tupi ago/2026."
PB,BELEM DO BREJO DO CRUZ,0.000000,0.000000,2.000000,2.000000,,0.001276,"Emplacamentos BEV/PHEV ABVE; frota ampla SENATRAN ago/2026 e indicadores IBGE 2022, quando presentes, são medidas separadas. Recarga ABVE/Tupi ago/2026."
SP,OSVALDO CRUZ,2.000000,1.000000,3.000000,2.000000,200.000000,0.001276,"Emplacamentos BEV/PHEV ABVE; frota ampla SENATRAN ago/2026 e indicadores IBGE 2022, quando presentes, são medidas separadas. Recarga ABVE/Tupi ago/2026."
RS,CAMPESTRE DA SERRA,0.000000,0.000000,2.000000,2.000000,,0.001276,"Emplacamentos BEV/PHEV ABVE; frota ampla SENATRAN ago/2026 e indicadores IBGE 2022, quando presentes, são medidas separadas. Recarga ABVE/Tupi ago/2026."
RS,CAIBATE,1.000000,0.000000,2.000000,2.000000,,0.001276,"Emplacamentos BEV/PHEV ABVE; frota ampla SENATRAN ago/2026 e indicadores IBGE 2022, quando presentes, são medidas separadas. Recarga ABVE/Tupi ago/2026."
CE,MARCO,3.000000,3.000000,5.000000,2.000000,66.666667,0.001276,"Emplacamentos BEV/PHEV ABVE; frota ampla SENATRAN ago/2026 e indicadores IBGE 2022, quando presentes, são medidas separadas. Recarga ABVE/Tupi ago/2026."
CE,JATI,0.000000,0.000000,2.000000,2.000000,,0.001276,"Emplacamentos BEV/PHEV ABVE; frota ampla SENATRAN ago/2026 e indicadores IBGE 2022, quando presentes, são medidas separadas. Recarga ABVE/Tupi ago/2026."
RS,CARAA,3.000000,1.000000,3.000000,2.000000,200.000000,0.001276,"Emplacamentos BEV/PHEV ABVE; frota ampla SENATRAN ago/2026 e indicadores IBGE 2022, quando presentes, são medidas separadas. Recarga ABVE/Tupi ago/2026."
PA,RONDON DO PARA,1.000000,1.000000,3.000000,2.000000,200.000000,0.001276,"Emplacamentos BEV/PHEV ABVE; frota ampla SENATRAN ago/2026 e indicadores IBGE 2022, quando presentes, são medidas separadas. Recarga ABVE/Tupi ago/2026."
GO,HIDROLINA,0.000000,0.000000,2.000000,2.000000,,0.001276,"Emplacamentos BEV/PHEV ABVE; frota ampla SENATRAN ago/2026 e indicadores IBGE 2022, quando presentes, são medidas separadas. Recarga ABVE/Tupi ago/2026."
ES,ALEGRE,3.000000,7.000000,9.000000,2.000000,28.571429,0.001276,"Emplacamentos BEV/PHEV ABVE; frota ampla SENATRAN ago/2026 e indicadores IBGE 2022, quando presentes, são medidas separadas. Recarga ABVE/Tupi ago/2026."
SP,CANDIDO RODRIGUES,0.000000,0.000000,2.000000,2.000000,,0.001276,"Emplacamentos BEV/PHEV ABVE; frota ampla SENATRAN ago/2026 e indicadores IBGE 2022, quando presentes, são medidas separadas. Recarga ABVE/Tupi ago/2026."
MG,ITATIAIUCU,0.000000,0.000000,2.000000,2.000000,,0.001276,"Emplacamentos BEV/PHEV ABVE; frota ampla SENATRAN ago/2026 e indicadores IBGE 2022, quando presentes, são medidas separadas. Recarga ABVE/Tupi ago/2026."
MG,ITAPECERICA,0.000000,0.000000,2.000000,2.000000,,0.001276,"Emplacamentos BEV/PHEV ABVE; frota ampla SENATRAN ago/2026 e indicadores IBGE 2022, quando presentes, são medidas separadas. Recarga ABVE/Tupi ago/2026."
BA,SERROLANDIA,0.000000,0.000000,2.000000,2.000000,,0.001276,"Emplacamentos BEV/PHEV ABVE; frota ampla SENATRAN ago/2026 e indicadores IBGE 2022, quando presentes, são medidas separadas. Recarga ABVE/Tupi ago/2026."
PB,DESTERRO,0.000000,0.000000,2.000000,2.000000,,0.001276,"Emplacamentos BEV/PHEV ABVE; frota ampla SENATRAN ago/2026 e indicadores IBGE 2022, quando presentes, são medidas separadas. Recarga ABVE/Tupi ago/2026."
MT,BARRA DO BUGRES,2.000000,5.000000,7.000000,2.000000,40.000000,0.001276,"Emplacamentos BEV/PHEV ABVE; frota ampla SENATRAN ago/2026 e indicadores IBGE 2022, quando presentes, são medidas separadas. Recarga ABVE/Tupi ago/2026."
CE,CHORO,0.000000,0.000000,2.000000,2.000000,,0.001276,"Emplacamentos BEV/PHEV ABVE; frota ampla SENATRAN ago/2026 e indicadores IBGE 2022, quando presentes, são medidas separadas. Recarga ABVE/Tupi ago/2026."
CE,CARIUS,0.000000,0.000000,2.000000,2.000000,,0.001276,"Emplacamentos BEV/PHEV ABVE; frota ampla SENATRAN ago/2026 e indicadores IBGE 2022, quando presentes, são medidas separadas. Recarga ABVE/Tupi ago/2026."
MA,ARAIOSES,0.000000,0.000000,2.000000,2.000000,,0.001276,"Emplacamentos BEV/PHEV ABVE; frota ampla SENATRAN ago/2026 e indicadores IBGE 2022, quando presentes, são medidas separadas. Recarga ABVE/Tupi ago/2026."
SC,AURORA,1.000000,1.000000,3.000000,2.000000,200.000000,0.001276,"Emplacamentos BEV/PHEV ABVE; frota ampla SENATRAN ago/2026 e indicadores IBGE 2022, quando presentes, são medidas separadas. Recarga ABVE/Tupi ago/2026."
SC,CAIBI,1.000000,1.000000,3.000000,2.000000,200.000000,0.001276,"Emplacamentos BEV/PHEV ABVE; frota ampla SENATRAN ago/2026 e indicadores IBGE 2022, quando presentes, são medidas separadas. Recarga ABVE/Tupi ago/2026."
SC,BOM JESUS DO OESTE,0.000000,0.000000,2.000000,2.000000,,0.001276,"Emplacamentos BEV/PHEV ABVE; frota ampla SENATRAN ago/2026 e indicadores IBGE 2022, quando presentes, são medidas separadas. Recarga ABVE/Tupi ago/2026."
SC,BOM JARDIM DA SERRA,0.000000,1.000000,3.000000,2.000000,200.000000,0.001276,"Emplacamentos BEV/PHEV ABVE; frota ampla SENATRAN ago/2026 e indicadores IBGE 2022, quando presentes, são medidas separadas. Recarga ABVE/Tupi ago/2026."
SC,BENEDITO NOVO,0.000000,3.000000,5.000000,2.000000,66.666667,0.001276,"Emplacamentos BEV/PHEV ABVE; frota ampla SENATRAN ago/2026 e indicadores IBGE 2022, quando presentes, são medidas separadas. Recarga ABVE/Tupi ago/2026."
SP,IGARACU DO TIETE,0.000000,0.000000,2.000000,2.000000,,0.001276,"Emplacamentos BEV/PHEV ABVE; frota ampla SENATRAN ago/2026 e indicadores IBGE 2022, quando presentes, são medidas separadas. Recarga ABVE/Tupi ago/2026."
SP,ICEM,2.000000,0.000000,2.000000,2.000000,,0.001276,"Emplacamentos BEV/PHEV ABVE; frota ampla SENATRAN ago/2026 e indicadores IBGE 2022, quando presentes, são medidas separadas. Recarga ABVE/Tupi ago/2026."
SP,IACANGA,0.000000,2.000000,4.000000,2.000000,100.000000,0.001276,"Emplacamentos BEV/PHEV ABVE; frota ampla SENATRAN ago/2026 e indicadores IBGE 2022, quando presentes, são medidas separadas. Recarga ABVE/Tupi ago/2026."
GO,FIRMINOPOLIS,0.000000,1.000000,3.000000,2.000000,200.000000,0.001276,"Emplacamentos BEV/PHEV ABVE; frota ampla SENATRAN ago/2026 e indicadores IBGE 2022, quando presentes, são medidas separadas. Recarga ABVE/Tupi ago/2026."
GO,ITAGUARI,0.000000,0.000000,2.000000,2.000000,,0.001276,"Emplacamentos BEV/PHEV ABVE; frota ampla SENATRAN ago/2026 e indicadores IBGE 2022, quando presentes, são medidas separadas. Recarga ABVE/Tupi ago/2026."
SP,REDENCAO DA SERRA,0.000000,0.000000,2.000000,2.000000,,0.001276,"Emplacamentos BEV/PHEV ABVE; frota ampla SENATRAN ago/2026 e indicadores IBGE 2022, quando presentes, são medidas separadas. Recarga ABVE/Tupi ago/2026."
AL,SAO JOSE DA LAJE,0.000000,0.000000,2.000000,2.000000,,0.001276,"Emplacamentos BEV/PHEV ABVE; frota ampla SENATRAN ago/2026 e indicadores IBGE 2022, quando presentes, são medidas separadas. Recarga ABVE/Tupi ago/2026."
PR,COLORADO,3.000000,4.000000,6.000000,2.000000,50.000000,0.001276,"Emplacamentos BEV/PHEV ABVE; frota ampla SENATRAN ago/2026 e indicadores IBGE 2022, quando presentes, são medidas separadas. Recarga ABVE/Tupi ago/2026."
PR,CLEVELANDIA,2.000000,0.000000,2.000000,2.000000,,0.001276,"Emplacamentos BEV/PHEV ABVE; frota ampla SENATRAN ago/2026 e indicadores IBGE 2022, quando presentes, são medidas separadas. Recarga ABVE/Tupi ago/2026."
PR,CEU AZUL,1.000000,1.000000,3.000000,2.000000,200.000000,0.001276,"Emplacamentos BEV/PHEV ABVE; frota ampla SENATRAN ago/2026 e indicadores IBGE 2022, quando presentes, são medidas separadas. Recarga ABVE/Tupi ago/2026."
SP,HERCULANDIA,0.000000,1.000000,3.000000,2.000000,200.000000,0.001276,"Emplacamentos BEV/PHEV ABVE; frota ampla SENATRAN ago/2026 e indicadores IBGE 2022, quando presentes, são medidas separadas. Recarga ABVE/Tupi ago/2026."
ES,ICONHA,4.000000,3.000000,5.000000,2.000000,66.666667,0.001276,"Emplacamentos BEV/PHEV ABVE; frota ampla SENATRAN ago/2026 e indicadores IBGE 2022, quando presentes, são medidas separadas. Recarga ABVE/Tupi ago/2026."
ES,DIVINO DE SAO LOURENCO,0.000000,0.000000,2.000000,2.000000,,0.001276,"Emplacamentos BEV/PHEV ABVE; frota ampla SENATRAN ago/2026 e indicadores IBGE 2022, quando presentes, são medidas separadas. Recarga ABVE/Tupi ago/2026."
MG,GUAPE,0.000000,0.000000,2.000000,2.000000,,0.001276,"Emplacamentos BEV/PHEV ABVE; frota ampla SENATRAN ago/2026 e indicadores IBGE 2022, quando presentes, são medidas separadas. Recarga ABVE/Tupi ago/2026."
MG,FREI INOCENCIO,0.000000,0.000000,2.000000,2.000000,,0.001276,"Emplacamentos BEV/PHEV ABVE; frota ampla SENATRAN ago/2026 e indicadores IBGE 2022, quando presentes, são medidas separadas. Recarga ABVE/Tupi ago/2026."
SC,SAO MARTINHO,0.000000,1.000000,3.000000,2.000000,200.000000,0.001276,"Emplacamentos BEV/PHEV ABVE; frota ampla SENATRAN ago/2026 e indicadores IBGE 2022, quando presentes, são medidas separadas. Recarga ABVE/Tupi ago/2026."
PA,TUCUMA,0.000000,1.000000,3.000000,2.000000,200.000000,0.001276,"Emplacamentos BEV/PHEV ABVE; frota ampla SENATRAN ago/2026 e indicadores IBGE 2022, quando presentes, são medidas separadas. Recarga ABVE/Tupi ago/2026."
PA,TAILANDIA,0.000000,4.000000,6.000000,2.000000,50.000000,0.001276,"Emplacamentos BEV/PHEV ABVE; frota ampla SENATRAN ago/2026 e indicadores IBGE 2022, quando presentes, são medidas separadas. Recarga ABVE/Tupi ago/2026."
PA,SOURE,0.000000,0.000000,2.000000,2.000000,,0.001276,"Emplacamentos BEV/PHEV ABVE; frota ampla SENATRAN ago/2026 e indicadores IBGE 2022, quando presentes, são medidas separadas. Recarga ABVE/Tupi ago/2026."
MA,BERNARDO DO MEARIM,0.000000,0.000000,2.000000,2.000000,,0.001276,"Emplacamentos BEV/PHEV ABVE; frota ampla SENATRAN ago/2026 e indicadores IBGE 2022, quando presentes, são medidas separadas. Recarga ABVE/Tupi ago/2026."
SP,PROMISSAO,5.000000,5.000000,7.000000,2.000000,40.000000,0.001276,"Emplacamentos BEV/PHEV ABVE; frota ampla SENATRAN ago/2026 e indicadores IBGE 2022, quando presentes, são medidas separadas. Recarga ABVE/Tupi ago/2026."
SP,PRESIDENTE EPITACIO,4.000000,10.000000,12.000000,2.000000,20.000000,0.001276,"Emplacamentos BEV/PHEV ABVE; frota ampla SENATRAN ago/2026 e indicadores IBGE 2022, quando presentes, são medidas separadas. Recarga ABVE/Tupi ago/2026."
MT,BRASNORTE,1.000000,1.000000,3.000000,2.000000,200.000000,0.001276,"Emplacamentos BEV/PHEV ABVE; frota ampla SENATRAN ago/2026 e indicadores IBGE 2022, quando presentes, são medidas separadas. Recarga ABVE/Tupi ago/2026."
MA,AMARANTE DO MARANHAO,1.000000,0.000000,2.000000,2.000000,,0.001276,"Emplacamentos BEV/PHEV ABVE; frota ampla SENATRAN ago/2026 e indicadores IBGE 2022, quando presentes, são medidas separadas. Recarga ABVE/Tupi ago/2026."
PA,SAO FELIX DO XINGU,0.000000,0.000000,2.000000,2.000000,,0.001276,"Emplacamentos BEV/PHEV ABVE; frota ampla SENATRAN ago/2026 e indicadores IBGE 2022, quando presentes, são medidas separadas. Recarga ABVE/Tupi ago/2026."
SP,AGUAS DA PRATA,0.000000,1.000000,3.000000,2.000000,200.000000,0.001276,"Emplacamentos BEV/PHEV ABVE; frota ampla SENATRAN ago/2026 e indicadores IBGE 2022, quando presentes, são medidas separadas. Recarga ABVE/Tupi ago/2026."
MA,GOVERNADOR ARCHER,2.000000,0.000000,2.000000,2.000000,,0.001276,"Emplacamentos BEV/PHEV ABVE; frota ampla SENATRAN ago/2026 e indicadores IBGE 2022, quando presentes, são medidas separadas. Recarga ABVE/Tupi ago/2026."
MA,ESTREITO,2.000000,0.000000,2.000000,2.000000,,0.001276,"Emplacamentos BEV/PHEV ABVE; frota ampla SENATRAN ago/2026 e indicadores IBGE 2022, quando presentes, são medidas separadas. Recarga ABVE/Tupi ago/2026."
MA,DAVINOPOLIS,1.000000,1.000000,3.000000,2.000000,200.000000,0.001276,"Emplacamentos BEV/PHEV ABVE; frota ampla SENATRAN ago/2026 e indicadores IBGE 2022, quando presentes, são medidas separadas. Recarga ABVE/Tupi ago/2026."
SE,NOSSA SENHORA DE LOURDES,0.000000,0.000000,2.000000,2.000000,,0.001276,"Emplacamentos BEV/PHEV ABVE; frota ampla SENATRAN ago/2026 e indicadores IBGE 2022, quando presentes, são medidas separadas. Recarga ABVE/Tupi ago/2026."
RS,NOVA HARTZ,5.000000,7.000000,9.000000,2.000000,28.571429,0.001276,"Emplacamentos BEV/PHEV ABVE; frota ampla SENATRAN ago/2026 e indicadores IBGE 2022, quando presentes, são medidas separadas. Recarga ABVE/Tupi ago/2026."
MG,GUIDOVAL,0.000000,0.000000,2.000000,2.000000,,0.001276,"Emplacamentos BEV/PHEV ABVE; frota ampla SENATRAN ago/2026 e indicadores IBGE 2022, quando presentes, são medidas separadas. Recarga ABVE/Tupi ago/2026."
MG,FLORESTAL,0.000000,0.000000,2.000000,2.000000,,0.001276,"Emplacamentos BEV/PHEV ABVE; frota ampla SENATRAN ago/2026 e indicadores IBGE 2022, quando presentes, são medidas separadas. Recarga ABVE/Tupi ago/2026."
SP,GUAREI,0.000000,0.000000,2.000000,2.000000,,0.001276,"Emplacamentos BEV/PHEV ABVE; frota ampla SENATRAN ago/2026 e indicadores IBGE 2022, quando presentes, são medidas separadas. Recarga ABVE/Tupi ago/2026."
SP,GUAPIARA,0.000000,0.000000,2.000000,2.000000,,0.001276,"Emplacamentos BEV/PHEV ABVE; frota ampla SENATRAN ago/2026 e indicadores IBGE 2022, quando presentes, são medidas separadas. Recarga ABVE/Tupi ago/2026."
SP,GUAICARA,5.000000,1.000000,3.000000,2.000000,200.000000,0.001276,"Emplacamentos BEV/PHEV ABVE; frota ampla SENATRAN ago/2026 e indicadores IBGE 2022, quando presentes, são medidas separadas. Recarga ABVE/Tupi ago/2026."
SP,GLICERIO,0.000000,0.000000,2.000000,2.000000,,0.001276,"Emplacamentos BEV/PHEV ABVE; frota ampla SENATRAN ago/2026 e indicadores IBGE 2022, quando presentes, são medidas separadas. Recarga ABVE/Tupi ago/2026."
BA,COTEGIPE,0.000000,0.000000,2.000000,2.000000,,0.001276,"Emplacamentos BEV/PHEV ABVE; frota ampla SENATRAN ago/2026 e indicadores IBGE 2022, quando presentes, são medidas separadas. Recarga ABVE/Tupi ago/2026."
PR,CANDOI,2.000000,0.000000,2.000000,2.000000,,0.001276,"Emplacamentos BEV/PHEV ABVE; frota ampla SENATRAN ago/2026 e indicadores IBGE 2022, quando presentes, são medidas separadas. Recarga ABVE/Tupi ago/2026."
MG,DIVINO,0.000000,0.000000,2.000000,2.000000,,0.001276,"Emplacamentos BEV/PHEV ABVE; frota ampla SENATRAN ago/2026 e indicadores IBGE 2022, quando presentes, são medidas separadas. Recarga ABVE/Tupi ago/2026."
BA,SAO GABRIEL,0.000000,0.000000,2.000000,2.000000,,0.001276,"Emplacamentos BEV/PHEV ABVE; frota ampla SENATRAN ago/2026 e indicadores IBGE 2022, quando presentes, são medidas separadas. Recarga ABVE/Tupi ago/2026."
BA,SAO DESIDERIO,0.000000,2.000000,4.000000,2.000000,100.000000,0.001276,"Emplacamentos BEV/PHEV ABVE; frota ampla SENATRAN ago/2026 e indicadores IBGE 2022, quando presentes, são medidas separadas. Recarga ABVE/Tupi ago/2026."
BA,SANTANOPOLIS,0.000000,0.000000,2.000000,2.000000,,0.001276,"Emplacamentos BEV/PHEV ABVE; frota ampla SENATRAN ago/2026 e indicadores IBGE 2022, quando presentes, são medidas separadas. Recarga ABVE/Tupi ago/2026."
BA,SANTALUZ,0.000000,0.000000,2.000000,2.000000,,0.001276,"Emplacamentos BEV/PHEV ABVE; frota ampla SENATRAN ago/2026 e indicadores IBGE 2022, quando presentes, são medidas separadas. Recarga ABVE/Tupi ago/2026."
SC,HERVAL D'OESTE,1.000000,5.000000,7.000000,2.000000,40.000000,0.001276,"Emplacamentos BEV/PHEV ABVE; frota ampla SENATRAN ago/2026 e indicadores IBGE 2022, quando presentes, são medidas separadas. Recarga ABVE/Tupi ago/2026."
SC,GUATAMBU,3.000000,1.000000,3.000000,2.000000,200.000000,0.001276,"Emplacamentos BEV/PHEV ABVE; frota ampla SENATRAN ago/2026 e indicadores IBGE 2022, quando presentes, são medidas separadas. Recarga ABVE/Tupi ago/2026."
ES,PIUMA,12.000000,10.000000,12.000000,2.000000,20.000000,0.001276,"Emplacamentos BEV/PHEV ABVE; frota ampla SENATRAN ago/2026 e indicadores IBGE 2022, quando presentes, são medidas separadas. Recarga ABVE/Tupi ago/2026."
ES,IRUPI,0.000000,2.000000,4.000000,2.000000,100.000000,0.001276,"Emplacamentos BEV/PHEV ABVE; frota ampla SENATRAN ago/2026 e indicadores IBGE 2022, quando presentes, são medidas separadas. Recarga ABVE/Tupi ago/2026."
SP,GUATAPARA,1.000000,1.000000,3.000000,2.000000,200.000000,0.001276,"Emplacamentos BEV/PHEV ABVE; frota ampla SENATRAN ago/2026 e indicadores IBGE 2022, quando presentes, são medidas separadas. Recarga ABVE/Tupi ago/2026."
SC,SAO BONIFACIO,0.000000,0.000000,2.000000,2.000000,,0.001276,"Emplacamentos BEV/PHEV ABVE; frota ampla SENATRAN ago/2026 e indicadores IBGE 2022, quando presentes, são medidas separadas. Recarga ABVE/Tupi ago/2026."
AL,GIRAU DO PONCIANO,3.000000,6.000000,8.000000,2.000000,33.333333,0.001276,"Emplacamentos BEV/PHEV ABVE; frota ampla SENATRAN ago/2026 e indicadores IBGE 2022, quando presentes, são medidas separadas. Recarga ABVE/Tupi ago/2026."
AL,FELIZ DESERTO,0.000000,0.000000,2.000000,2.000000,,0.001276,"Emplacamentos BEV/PHEV ABVE; frota ampla SENATRAN ago/2026 e indicadores IBGE 2022, quando presentes, são medidas separadas. Recarga ABVE/Tupi ago/2026."
MG,IBIA,3.000000,0.000000,2.000000,2.000000,,0.001276,"Emplacamentos BEV/PHEV ABVE; frota ampla SENATRAN ago/2026 e indicadores IBGE 2022, quando presentes, são medidas separadas. Recarga ABVE/Tupi ago/2026."
MA,ANAPURUS,0.000000,0.000000,2.000000,2.000000,,0.001276,"Emplacamentos BEV/PHEV ABVE; frota ampla SENATRAN ago/2026 e indicadores IBGE 2022, quando presentes, são medidas separadas. Recarga ABVE/Tupi ago/2026."
MA,ANAJATUBA,0.000000,0.000000,2.000000,2.000000,,0.001276,"Emplacamentos BEV/PHEV ABVE; frota ampla SENATRAN ago/2026 e indicadores IBGE 2022, quando presentes, são medidas separadas. Recarga ABVE/Tupi ago/2026."
RJ,CAMBUCI,1.000000,0.000000,2.000000,2.000000,,0.001276,"Emplacamentos BEV/PHEV ABVE; frota ampla SENATRAN ago/2026 e indicadores IBGE 2022, quando presentes, são medidas separadas. Recarga ABVE/Tupi ago/2026."
MG,CHACARA,0.000000,0.000000,2.000000,2.000000,,0.001276,"Emplacamentos BEV/PHEV ABVE; frota ampla SENATRAN ago/2026 e indicadores IBGE 2022, quando presentes, são medidas separadas. Recarga ABVE/Tupi ago/2026."
MG,CARMO DO CAJURU,0.000000,2.000000,4.000000,2.000000,100.000000,0.001276,"Emplacamentos BEV/PHEV ABVE; frota ampla SENATRAN ago/2026 e indicadores IBGE 2022, quando presentes, são medidas separadas. Recarga ABVE/Tupi ago/2026."
MG,CONSELHEIRO PENA,0.000000,0.000000,2.000000,2.000000,,0.001276,"Emplacamentos BEV/PHEV ABVE; frota ampla SENATRAN ago/2026 e indicadores IBGE 2022, quando presentes, são medidas separadas. Recarga ABVE/Tupi ago/2026."
MG,CONGONHAL,0.000000,1.000000,3.000000,2.000000,200.000000,0.001276,"Emplacamentos BEV/PHEV ABVE; frota ampla SENATRAN ago/2026 e indicadores IBGE 2022, quando presentes, são medidas separadas. Recarga ABVE/Tupi ago/2026."
SC,DOUTOR PEDRINHO,0.000000,0.000000,2.000000,2.000000,,0.001276,"Emplacamentos BEV/PHEV ABVE; frota ampla SENATRAN ago/2026 e indicadores IBGE 2022, quando presentes, são medidas separadas. Recarga ABVE/Tupi ago/2026."
BA,SANTA MARIA DA VITORIA,0.000000,3.000000,5.000000,2.000000,66.666667,0.001276,"Emplacamentos BEV/PHEV ABVE; frota ampla SENATRAN ago/2026 e indicadores IBGE 2022, quando presentes, são medidas separadas. Recarga ABVE/Tupi ago/2026."
PR,IRETAMA,0.000000,0.000000,2.000000,2.000000,,0.001276,"Emplacamentos BEV/PHEV ABVE; frota ampla SENATRAN ago/2026 e indicadores IBGE 2022, quando presentes, são medidas separadas. Recarga ABVE/Tupi ago/2026."
BA,CONCEICAO DA FEIRA,4.000000,0.000000,2.000000,2.000000,,0.001276,"Emplacamentos BEV/PHEV ABVE; frota ampla SENATRAN ago/2026 e indicadores IBGE 2022, quando presentes, são medidas separadas. Recarga ABVE/Tupi ago/2026."
PR,FERNANDES PINHEIRO,1.000000,0.000000,2.000000,2.000000,,0.001276,"Emplacamentos BEV/PHEV ABVE; frota ampla SENATRAN ago/2026 e indicadores IBGE 2022, quando presentes, são medidas separadas. Recarga ABVE/Tupi ago/2026."
PR,ENGENHEIRO BELTRAO,1.000000,1.000000,3.000000,2.000000,200.000000,0.001276,"Emplacamentos BEV/PHEV ABVE; frota ampla SENATRAN ago/2026 e indicadores IBGE 2022, quando presentes, são medidas separadas. Recarga ABVE/Tupi ago/2026."
PR,DOUTOR CAMARGO,0.000000,0.000000,2.000000,2.000000,,0.001276,"Emplacamentos BEV/PHEV ABVE; frota ampla SENATRAN ago/2026 e indicadores IBGE 2022, quando presentes, são medidas separadas. Recarga ABVE/Tupi ago/2026."
PR,INACIO MARTINS,0.000000,0.000000,2.000000,2.000000,,0.001276,"Emplacamentos BEV/PHEV ABVE; frota ampla SENATRAN ago/2026 e indicadores IBGE 2022, quando presentes, são medidas separadas. Recarga ABVE/Tupi ago/2026."
MG,ERVALIA,0.000000,0.000000,2.000000,2.000000,,0.001276,"Emplacamentos BEV/PHEV ABVE; frota ampla SENATRAN ago/2026 e indicadores IBGE 2022, quando presentes, são medidas separadas. Recarga ABVE/Tupi ago/2026."
MG,ENTRE FOLHAS,0.000000,0.000000,2.000000,2.000000,,0.001276,"Emplacamentos BEV/PHEV ABVE; frota ampla SENATRAN ago/2026 e indicadores IBGE 2022, quando presentes, são medidas separadas. Recarga ABVE/Tupi ago/2026."
MG,DOM SILVERIO,0.000000,0.000000,2.000000,2.000000,,0.001276,"Emplacamentos BEV/PHEV ABVE; frota ampla SENATRAN ago/2026 e indicadores IBGE 2022, quando presentes, são medidas separadas. Recarga ABVE/Tupi ago/2026."
PR,JAPIRA,0.000000,0.000000,2.000000,2.000000,,0.001276,"Emplacamentos BEV/PHEV ABVE; frota ampla SENATRAN ago/2026 e indicadores IBGE 2022, quando presentes, são medidas separadas. Recarga ABVE/Tupi ago/2026."
PR,JANIOPOLIS,0.000000,0.000000,2.000000,2.000000,,0.001276,"Emplacamentos BEV/PHEV ABVE; frota ampla SENATRAN ago/2026 e indicadores IBGE 2022, quando presentes, são medidas separadas. Recarga ABVE/Tupi ago/2026."
SP,PATROCINIO PAULISTA,1.000000,0.000000,2.000000,2.000000,,0.001276,"Emplacamentos BEV/PHEV ABVE; frota ampla SENATRAN ago/2026 e indicadores IBGE 2022, quando presentes, são medidas separadas. Recarga ABVE/Tupi ago/2026."
SP,PARAPUA,0.000000,0.000000,2.000000,2.000000,,0.001276,"Emplacamentos BEV/PHEV ABVE; frota ampla SENATRAN ago/2026 e indicadores IBGE 2022, quando presentes, são medidas separadas. Recarga ABVE/Tupi ago/2026."
PA,CAMETA,1.000000,2.000000,4.000000,2.000000,100.000000,0.001276,"Emplacamentos BEV/PHEV ABVE; frota ampla SENATRAN ago/2026 e indicadores IBGE 2022, quando presentes, são medidas separadas. Recarga ABVE/Tupi ago/2026."
SE,ROSARIO DO CATETE,0.000000,0.000000,2.000000,2.000000,,0.001276,"Emplacamentos BEV/PHEV ABVE; frota ampla SENATRAN ago/2026 e indicadores IBGE 2022, quando presentes, são medidas separadas. Recarga ABVE/Tupi ago/2026."
SP,PONTAL,3.000000,3.000000,5.000000,2.000000,66.666667,0.001276,"Emplacamentos BEV/PHEV ABVE; frota ampla SENATRAN ago/2026 e indicadores IBGE 2022, quando presentes, são medidas separadas. Recarga ABVE/Tupi ago/2026."
AM,ITACOATIARA,0.000000,0.000000,2.000000,2.000000,,0.001276,"Emplacamentos BEV/PHEV ABVE; frota ampla SENATRAN ago/2026 e indicadores IBGE 2022, quando presentes, são medidas separadas. Recarga ABVE/Tupi ago/2026."
MS,TACURU,0.000000,0.000000,2.000000,2.000000,,0.001276,"Emplacamentos BEV/PHEV ABVE; frota ampla SENATRAN ago/2026 e indicadores IBGE 2022, quando presentes, são medidas separadas. Recarga ABVE/Tupi ago/2026."
PA,NOVO REPARTIMENTO,0.000000,0.000000,2.000000,2.000000,,0.001276,"Emplacamentos BEV/PHEV ABVE; frota ampla SENATRAN ago/2026 e indicadores IBGE 2022, quando presentes, são medidas separadas. Recarga ABVE/Tupi ago/2026."
PR,JABOTI,0.000000,0.000000,2.000000,2.000000,,0.001276,"Emplacamentos BEV/PHEV ABVE; frota ampla SENATRAN ago/2026 e indicadores IBGE 2022, quando presentes, são medidas separadas. Recarga ABVE/Tupi ago/2026."
PR,ITAPEJARA D'OESTE,1.000000,1.000000,3.000000,2.000000,200.000000,0.001276,"Emplacamentos BEV/PHEV ABVE; frota ampla SENATRAN ago/2026 e indicadores IBGE 2022, quando presentes, são medidas separadas. Recarga ABVE/Tupi ago/2026."
BA,IACU,0.000000,1.000000,3.000000,2.000000,200.000000,0.001276,"Emplacamentos BEV/PHEV ABVE; frota ampla SENATRAN ago/2026 e indicadores IBGE 2022, quando presentes, são medidas separadas. Recarga ABVE/Tupi ago/2026."
BA,HELIOPOLIS,0.000000,0.000000,2.000000,2.000000,,0.001276,"Emplacamentos BEV/PHEV ABVE; frota ampla SENATRAN ago/2026 e indicadores IBGE 2022, quando presentes, são medidas separadas. Recarga ABVE/Tupi ago/2026."
SP,CARDOSO,0.000000,0.000000,2.000000,2.000000,,0.001276,"Emplacamentos BEV/PHEV ABVE; frota ampla SENATRAN ago/2026 e indicadores IBGE 2022, quando presentes, são medidas separadas. Recarga ABVE/Tupi ago/2026."
SP,CANITAR,0.000000,0.000000,2.000000,2.000000,,0.001276,"Emplacamentos BEV/PHEV ABVE; frota ampla SENATRAN ago/2026 e indicadores IBGE 2022, quando presentes, são medidas separadas. Recarga ABVE/Tupi ago/2026."
SP,EUCLIDES DA CUNHA PAULISTA,0.000000,1.000000,3.000000,2.000000,200.000000,0.001276,"Emplacamentos BEV/PHEV ABVE; frota ampla SENATRAN ago/2026 e indicadores IBGE 2022, quando presentes, são medidas separadas. Recarga ABVE/Tupi ago/2026."
PR,VITORINO,1.000000,1.000000,3.000000,2.000000,200.000000,0.001276,"Emplacamentos BEV/PHEV ABVE; frota ampla SENATRAN ago/2026 e indicadores IBGE 2022, quando presentes, são medidas separadas. Recarga ABVE/Tupi ago/2026."
PR,TUPASSI,1.000000,0.000000,2.000000,2.000000,,0.001276,"Emplacamentos BEV/PHEV ABVE; frota ampla SENATRAN ago/2026 e indicadores IBGE 2022, quando presentes, são medidas separadas. Recarga ABVE/Tupi ago/2026."
PA,MOJUI DOS CAMPOS,0.000000,0.000000,2.000000,2.000000,,0.001276,"Emplacamentos BEV/PHEV ABVE; frota ampla SENATRAN ago/2026 e indicadores IBGE 2022, quando presentes, são medidas separadas. Recarga ABVE/Tupi ago/2026."
RS,CONDOR,0.000000,0.000000,2.000000,2.000000,,0.001276,"Emplacamentos BEV/PHEV ABVE; frota ampla SENATRAN ago/2026 e indicadores IBGE 2022, quando presentes, são medidas separadas. Recarga ABVE/Tupi ago/2026."
RS,COLINAS,0.000000,0.000000,2.000000,2.000000,,0.001276,"Emplacamentos BEV/PHEV ABVE; frota ampla SENATRAN ago/2026 e indicadores IBGE 2022, quando presentes, são medidas separadas. Recarga ABVE/Tupi ago/2026."
RS,CHAPADA,0.000000,1.000000,3.000000,2.000000,200.000000,0.001276,"Emplacamentos BEV/PHEV ABVE; frota ampla SENATRAN ago/2026 e indicadores IBGE 2022, quando presentes, são medidas separadas. Recarga ABVE/Tupi ago/2026."
RS,ERNESTINA,0.000000,0.000000,2.000000,2.000000,,0.001276,"Emplacamentos BEV/PHEV ABVE; frota ampla SENATRAN ago/2026 e indicadores IBGE 2022, quando presentes, são medidas separadas. Recarga ABVE/Tupi ago/2026."
MT,CLAUDIA,2.000000,1.000000,3.000000,2.000000,200.000000,0.001276,"Emplacamentos BEV/PHEV ABVE; frota ampla SENATRAN ago/2026 e indicadores IBGE 2022, quando presentes, são medidas separadas. Recarga ABVE/Tupi ago/2026."
MT,CANARANA,2.000000,2.000000,4.000000,2.000000,100.000000,0.001276,"Emplacamentos BEV/PHEV ABVE; frota ampla SENATRAN ago/2026 e indicadores IBGE 2022, quando presentes, são medidas separadas. Recarga ABVE/Tupi ago/2026."
MT,NOSSA SENHORA DO LIVRAMENTO,2.000000,3.000000,5.000000,2.000000,66.666667,0.001276,"Emplacamentos BEV/PHEV ABVE; frota ampla SENATRAN ago/2026 e indicadores IBGE 2022, quando presentes, são medidas separadas. Recarga ABVE/Tupi ago/2026."
PR,TUNAS DO PARANA,2.000000,0.000000,2.000000,2.000000,,0.001276,"Emplacamentos BEV/PHEV ABVE; frota ampla SENATRAN ago/2026 e indicadores IBGE 2022, quando presentes, são medidas separadas. Recarga ABVE/Tupi ago/2026."
PR,MANGUEIRINHA,1.000000,0.000000,2.000000,2.000000,,0.001276,"Emplacamentos BEV/PHEV ABVE; frota ampla SENATRAN ago/2026 e indicadores IBGE 2022, quando presentes, são medidas separadas. Recarga ABVE/Tupi ago/2026."
PR,MALLET,1.000000,1.000000,3.000000,2.000000,200.000000,0.001276,"Emplacamentos BEV/PHEV ABVE; frota ampla SENATRAN ago/2026 e indicadores IBGE 2022, quando presentes, são medidas separadas. Recarga ABVE/Tupi ago/2026."
PR,LUIZIANA,0.000000,0.000000,2.000000,2.000000,,0.001276,"Emplacamentos BEV/PHEV ABVE; frota ampla SENATRAN ago/2026 e indicadores IBGE 2022, quando presentes, são medidas separadas. Recarga ABVE/Tupi ago/2026."
PR,LEOPOLIS,0.000000,0.000000,2.000000,2.000000,,0.001276,"Emplacamentos BEV/PHEV ABVE; frota ampla SENATRAN ago/2026 e indicadores IBGE 2022, quando presentes, são medidas separadas. Recarga ABVE/Tupi ago/2026."
GO,CARMO DO RIO VERDE,1.000000,0.000000,2.000000,2.000000,,0.001276,"Emplacamentos BEV/PHEV ABVE; frota ampla SENATRAN ago/2026 e indicadores IBGE 2022, quando presentes, são medidas separadas. Recarga ABVE/Tupi ago/2026."
GO,CALDAZINHA,0.000000,0.000000,2.000000,2.000000,,0.001276,"Emplacamentos BEV/PHEV ABVE; frota ampla SENATRAN ago/2026 e indicadores IBGE 2022, quando presentes, são medidas separadas. Recarga ABVE/Tupi ago/2026."
GO,CACU,1.000000,1.000000,3.000000,2.000000,200.000000,0.001276,"Emplacamentos BEV/PHEV ABVE; frota ampla SENATRAN ago/2026 e indicadores IBGE 2022, quando presentes, são medidas separadas. Recarga ABVE/Tupi ago/2026."
GO,BURITI DE GOIAS,0.000000,0.000000,2.000000,2.000000,,0.001276,"Emplacamentos BEV/PHEV ABVE; frota ampla SENATRAN ago/2026 e indicadores IBGE 2022, quando presentes, são medidas separadas. Recarga ABVE/Tupi ago/2026."
GO,BURITI ALEGRE,1.000000,1.000000,3.000000,2.000000,200.000000,0.001276,"Emplacamentos BEV/PHEV ABVE; frota ampla SENATRAN ago/2026 e indicadores IBGE 2022, quando presentes, são medidas separadas. Recarga ABVE/Tupi ago/2026."
PR,JATAIZINHO,6.000000,4.000000,6.000000,2.000000,50.000000,0.001276,"Emplacamentos BEV/PHEV ABVE; frota ampla SENATRAN ago/2026 e indicadores IBGE 2022, quando presentes, são medidas separadas. Recarga ABVE/Tupi ago/2026."
SP,TORRINHA,1.000000,1.000000,3.000000,2.000000,200.000000,0.001276,"Emplacamentos BEV/PHEV ABVE; frota ampla SENATRAN ago/2026 e indicadores IBGE 2022, quando presentes, são medidas separadas. Recarga ABVE/Tupi ago/2026."
SP,TORRE DE PEDRA,0.000000,0.000000,2.000000,2.000000,,0.001276,"Emplacamentos BEV/PHEV ABVE; frota ampla SENATRAN ago/2026 e indicadores IBGE 2022, quando presentes, são medidas separadas. Recarga ABVE/Tupi ago/2026."
SP,TEODORO SAMPAIO,1.000000,0.000000,2.000000,2.000000,,0.001276,"Emplacamentos BEV/PHEV ABVE; frota ampla SENATRAN ago/2026 e indicadores IBGE 2022, quando presentes, são medidas separadas. Recarga ABVE/Tupi ago/2026."
SP,TAPIRATIBA,1.000000,0.000000,2.000000,2.000000,,0.001276,"Emplacamentos BEV/PHEV ABVE; frota ampla SENATRAN ago/2026 e indicadores IBGE 2022, quando presentes, são medidas separadas. Recarga ABVE/Tupi ago/2026."
MG,BORDA DA MATA,2.000000,1.000000,3.000000,2.000000,200.000000,0.001276,"Emplacamentos BEV/PHEV ABVE; frota ampla SENATRAN ago/2026 e indicadores IBGE 2022, quando presentes, são medidas separadas. Recarga ABVE/Tupi ago/2026."
MG,CANDEIAS,0.000000,0.000000,2.000000,2.000000,,0.001276,"Emplacamentos BEV/PHEV ABVE; frota ampla SENATRAN ago/2026 e indicadores IBGE 2022, quando presentes, são medidas separadas. Recarga ABVE/Tupi ago/2026."
MG,CANAPOLIS,0.000000,0.000000,2.000000,2.000000,,0.001276,"Emplacamentos BEV/PHEV ABVE; frota ampla SENATRAN ago/2026 e indicadores IBGE 2022, quando presentes, são medidas separadas. Recarga ABVE/Tupi ago/2026."
SP,GABRIEL MONTEIRO,0.000000,0.000000,2.000000,2.000000,,0.001276,"Emplacamentos BEV/PHEV ABVE; frota ampla SENATRAN ago/2026 e indicadores IBGE 2022, quando presentes, são medidas separadas. Recarga ABVE/Tupi ago/2026."
SP,FLORINEA,0.000000,0.000000,2.000000,2.000000,,0.001276,"Emplacamentos BEV/PHEV ABVE; frota ampla SENATRAN ago/2026 e indicadores IBGE 2022, quando presentes, são medidas separadas. Recarga ABVE/Tupi ago/2026."
SP,FLOREAL,0.000000,0.000000,2.000000,2.000000,,0.001276,"Emplacamentos BEV/PHEV ABVE; frota ampla SENATRAN ago/2026 e indicadores IBGE 2022, quando presentes, são medidas separadas. Recarga ABVE/Tupi ago/2026."
MG,CAMBUQUIRA,0.000000,0.000000,2.000000,2.000000,,0.001276,"Emplacamentos BEV/PHEV ABVE; frota ampla SENATRAN ago/2026 e indicadores IBGE 2022, quando presentes, são medidas separadas. Recarga ABVE/Tupi ago/2026."
SC,IBIAM,0.000000,0.000000,2.000000,2.000000,,0.001276,"Emplacamentos BEV/PHEV ABVE; frota ampla SENATRAN ago/2026 e indicadores IBGE 2022, quando presentes, são medidas separadas. Recarga ABVE/Tupi ago/2026."
SC,IPORA DO OESTE,2.000000,1.000000,3.000000,2.000000,200.000000,0.001276,"Emplacamentos BEV/PHEV ABVE; frota ampla SENATRAN ago/2026 e indicadores IBGE 2022, quando presentes, são medidas separadas. Recarga ABVE/Tupi ago/2026."
RS,MAQUINE,0.000000,2.000000,4.000000,2.000000,100.000000,0.001276,"Emplacamentos BEV/PHEV ABVE; frota ampla SENATRAN ago/2026 e indicadores IBGE 2022, quando presentes, são medidas separadas. Recarga ABVE/Tupi ago/2026."
RS,MANOEL VIANA,0.000000,0.000000,2.000000,2.000000,,0.001276,"Emplacamentos BEV/PHEV ABVE; frota ampla SENATRAN ago/2026 e indicadores IBGE 2022, quando presentes, são medidas separadas. Recarga ABVE/Tupi ago/2026."
SE,SALGADO,0.000000,1.000000,3.000000,2.000000,200.000000,0.001276,"Emplacamentos BEV/PHEV ABVE; frota ampla SENATRAN ago/2026 e indicadores IBGE 2022, quando presentes, são medidas separadas. Recarga ABVE/Tupi ago/2026."
AP,LARANJAL DO JARI,0.000000,0.000000,2.000000,2.000000,,0.001276,"Emplacamentos BEV/PHEV ABVE; frota ampla SENATRAN ago/2026 e indicadores IBGE 2022, quando presentes, são medidas separadas. Recarga ABVE/Tupi ago/2026."
AM,TABATINGA,0.000000,0.000000,2.000000,2.000000,,0.001276,"Emplacamentos BEV/PHEV ABVE; frota ampla SENATRAN ago/2026 e indicadores IBGE 2022, quando presentes, são medidas separadas. Recarga ABVE/Tupi ago/2026."
AM,PRESIDENTE FIGUEIREDO,0.000000,0.000000,2.000000,2.000000,,0.001276,"Emplacamentos BEV/PHEV ABVE; frota ampla SENATRAN ago/2026 e indicadores IBGE 2022, quando presentes, são medidas separadas. Recarga ABVE/Tupi ago/2026."
AM,PARINTINS,1.000000,0.000000,2.000000,2.000000,,0.001276,"Emplacamentos BEV/PHEV ABVE; frota ampla SENATRAN ago/2026 e indicadores IBGE 2022, quando presentes, são medidas separadas. Recarga ABVE/Tupi ago/2026."
PA,ITUPIRANGA,0.000000,0.000000,2.000000,2.000000,,0.001276,"Emplacamentos BEV/PHEV ABVE; frota ampla SENATRAN ago/2026 e indicadores IBGE 2022, quando presentes, são medidas separadas. Recarga ABVE/Tupi ago/2026."
PA,IGARAPE-ACU,0.000000,1.000000,3.000000,2.000000,200.000000,0.001276,"Emplacamentos BEV/PHEV ABVE; frota ampla SENATRAN ago/2026 e indicadores IBGE 2022, quando presentes, são medidas separadas. Recarga ABVE/Tupi ago/2026."
RS,CRISSIUMAL,0.000000,0.000000,2.000000,2.000000,,0.001276,"Emplacamentos BEV/PHEV ABVE; frota ampla SENATRAN ago/2026 e indicadores IBGE 2022, quando presentes, são medidas separadas. Recarga ABVE/Tupi ago/2026."
CE,ITAICABA,0.000000,0.000000,2.000000,2.000000,,0.001276,"Emplacamentos BEV/PHEV ABVE; frota ampla SENATRAN ago/2026 e indicadores IBGE 2022, quando presentes, são medidas separadas. Recarga ABVE/Tupi ago/2026."
CE,IPAUMIRIM,0.000000,0.000000,2.000000,2.000000,,0.001276,"Emplacamentos BEV/PHEV ABVE; frota ampla SENATRAN ago/2026 e indicadores IBGE 2022, quando presentes, são medidas separadas. Recarga ABVE/Tupi ago/2026."
SC,SANTA CECILIA,2.000000,4.000000,6.000000,2.000000,50.000000,0.001276,"Emplacamentos BEV/PHEV ABVE; frota ampla SENATRAN ago/2026 e indicadores IBGE 2022, quando presentes, são medidas separadas. Recarga ABVE/Tupi ago/2026."
MT,ITAUBA,1.000000,0.000000,2.000000,2.000000,,0.001276,"Emplacamentos BEV/PHEV ABVE; frota ampla SENATRAN ago/2026 e indicadores IBGE 2022, quando presentes, são medidas separadas. Recarga ABVE/Tupi ago/2026."
MT,ITANHANGA,0.000000,0.000000,2.000000,2.000000,,0.001276,"Emplacamentos BEV/PHEV ABVE; frota ampla SENATRAN ago/2026 e indicadores IBGE 2022, quando presentes, são medidas separadas. Recarga ABVE/Tupi ago/2026."
MT,NOVA MONTE VERDE,1.000000,0.000000,2.000000,2.000000,,0.001276,"Emplacamentos BEV/PHEV ABVE; frota ampla SENATRAN ago/2026 e indicadores IBGE 2022, quando presentes, são medidas separadas. Recarga ABVE/Tupi ago/2026."
MT,NOVA GUARITA,0.000000,0.000000,2.000000,2.000000,,0.001276,"Emplacamentos BEV/PHEV ABVE; frota ampla SENATRAN ago/2026 e indicadores IBGE 2022, quando presentes, são medidas separadas. Recarga ABVE/Tupi ago/2026."
CE,FRECHEIRINHA,1.000000,0.000000,2.000000,2.000000,,0.001276,"Emplacamentos BEV/PHEV ABVE; frota ampla SENATRAN ago/2026 e indicadores IBGE 2022, quando presentes, são medidas separadas. Recarga ABVE/Tupi ago/2026."
RS,JACUTINGA,0.000000,0.000000,2.000000,2.000000,,0.001276,"Emplacamentos BEV/PHEV ABVE; frota ampla SENATRAN ago/2026 e indicadores IBGE 2022, quando presentes, são medidas separadas. Recarga ABVE/Tupi ago/2026."
RS,ITATIBA DO SUL,0.000000,0.000000,2.000000,2.000000,,0.001276,"Emplacamentos BEV/PHEV ABVE; frota ampla SENATRAN ago/2026 e indicadores IBGE 2022, quando presentes, são medidas separadas. Recarga ABVE/Tupi ago/2026."
BA,PRESIDENTE TANCREDO NEVES,1.000000,0.000000,2.000000,2.000000,,0.001276,"Emplacamentos BEV/PHEV ABVE; frota ampla SENATRAN ago/2026 e indicadores IBGE 2022, quando presentes, são medidas separadas. Recarga ABVE/Tupi ago/2026."
BA,PRESIDENTE JANIO QUADROS,0.000000,0.000000,2.000000,2.000000,,0.001276,"Emplacamentos BEV/PHEV ABVE; frota ampla SENATRAN ago/2026 e indicadores IBGE 2022, quando presentes, são medidas separadas. Recarga ABVE/Tupi ago/2026."
BA,GANDU,3.000000,4.000000,6.000000,2.000000,50.000000,0.001276,"Emplacamentos BEV/PHEV ABVE; frota ampla SENATRAN ago/2026 e indicadores IBGE 2022, quando presentes, são medidas separadas. Recarga ABVE/Tupi ago/2026."
PR,SANTO INACIO,1.000000,1.000000,3.000000,2.000000,200.000000,0.001276,"Emplacamentos BEV/PHEV ABVE; frota ampla SENATRAN ago/2026 e indicadores IBGE 2022, quando presentes, são medidas separadas. Recarga ABVE/Tupi ago/2026."
PR,TAPEJARA,0.000000,2.000000,4.000000,2.000000,100.000000,0.001276,"Emplacamentos BEV/PHEV ABVE; frota ampla SENATRAN ago/2026 e indicadores IBGE 2022, quando presentes, são medidas separadas. Recarga ABVE/Tupi ago/2026."
PR,SERRANOPOLIS DO IGUACU,0.000000,1.000000,3.000000,2.000000,200.000000,0.001276,"Emplacamentos BEV/PHEV ABVE; frota ampla SENATRAN ago/2026 e indicadores IBGE 2022, quando presentes, são medidas separadas. Recarga ABVE/Tupi ago/2026."
PR,SAO PEDRO DO PARANA,0.000000,0.000000,2.000000,2.000000,,0.001276,"Emplacamentos BEV/PHEV ABVE; frota ampla SENATRAN ago/2026 e indicadores IBGE 2022, quando presentes, são medidas separadas. Recarga ABVE/Tupi ago/2026."
GO,ALEXANIA,2.000000,0.000000,2.000000,2.000000,,0.001276,"Emplacamentos BEV/PHEV ABVE; frota ampla SENATRAN ago/2026 e indicadores IBGE 2022, quando presentes, são medidas separadas. Recarga ABVE/Tupi ago/2026."
MG,CANAA,0.000000,0.000000,2.000000,2.000000,,0.001276,"Emplacamentos BEV/PHEV ABVE; frota ampla SENATRAN ago/2026 e indicadores IBGE 2022, quando presentes, são medidas separadas. Recarga ABVE/Tupi ago/2026."
PR,SAO JOAO DO TRIUNFO,1.000000,1.000000,3.000000,2.000000,200.000000,0.001276,"Emplacamentos BEV/PHEV ABVE; frota ampla SENATRAN ago/2026 e indicadores IBGE 2022, quando presentes, são medidas separadas. Recarga ABVE/Tupi ago/2026."
PR,PIEN,2.000000,0.000000,2.000000,2.000000,,0.001276,"Emplacamentos BEV/PHEV ABVE; frota ampla SENATRAN ago/2026 e indicadores IBGE 2022, quando presentes, são medidas separadas. Recarga ABVE/Tupi ago/2026."
PR,PEROBAL,1.000000,0.000000,2.000000,2.000000,,0.001276,"Emplacamentos BEV/PHEV ABVE; frota ampla SENATRAN ago/2026 e indicadores IBGE 2022, quando presentes, são medidas separadas. Recarga ABVE/Tupi ago/2026."
PR,PRUDENTOPOLIS,5.000000,5.000000,7.000000,2.000000,40.000000,0.001276,"Emplacamentos BEV/PHEV ABVE; frota ampla SENATRAN ago/2026 e indicadores IBGE 2022, quando presentes, são medidas separadas. Recarga ABVE/Tupi ago/2026."
SP,CUNHA,2.000000,4.000000,6.000000,2.000000,50.000000,0.001276,"Emplacamentos BEV/PHEV ABVE; frota ampla SENATRAN ago/2026 e indicadores IBGE 2022, quando presentes, são medidas separadas. Recarga ABVE/Tupi ago/2026."
PR,PLANALTINA DO PARANA,1.000000,0.000000,2.000000,2.000000,,0.001276,"Emplacamentos BEV/PHEV ABVE; frota ampla SENATRAN ago/2026 e indicadores IBGE 2022, quando presentes, são medidas separadas. Recarga ABVE/Tupi ago/2026."
PR,PINHAO,0.000000,0.000000,2.000000,2.000000,,0.001276,"Emplacamentos BEV/PHEV ABVE; frota ampla SENATRAN ago/2026 e indicadores IBGE 2022, quando presentes, são medidas separadas. Recarga ABVE/Tupi ago/2026."
PR,PALMAS,2.000000,1.000000,3.000000,2.000000,200.000000,0.001276,"Emplacamentos BEV/PHEV ABVE; frota ampla SENATRAN ago/2026 e indicadores IBGE 2022, quando presentes, são medidas separadas. Recarga ABVE/Tupi ago/2026."
SP,TUIUTI,0.000000,3.000000,5.000000,2.000000,66.666667,0.001276,"Emplacamentos BEV/PHEV ABVE; frota ampla SENATRAN ago/2026 e indicadores IBGE 2022, quando presentes, são medidas separadas. Recarga ABVE/Tupi ago/2026."
MG,BRAZOPOLIS,1.000000,0.000000,2.000000,2.000000,,0.001276,"Emplacamentos BEV/PHEV ABVE; frota ampla SENATRAN ago/2026 e indicadores IBGE 2022, quando presentes, são medidas separadas. Recarga ABVE/Tupi ago/2026."
SC,RIO FORTUNA,3.000000,4.000000,6.000000,2.000000,50.000000,0.001276,"Emplacamentos BEV/PHEV ABVE; frota ampla SENATRAN ago/2026 e indicadores IBGE 2022, quando presentes, são medidas separadas. Recarga ABVE/Tupi ago/2026."
SC,PRESIDENTE NEREU,0.000000,0.000000,2.000000,2.000000,,0.001276,"Emplacamentos BEV/PHEV ABVE; frota ampla SENATRAN ago/2026 e indicadores IBGE 2022, quando presentes, são medidas separadas. Recarga ABVE/Tupi ago/2026."
CE,IBIAPINA,3.000000,2.000000,4.000000,2.000000,100.000000,0.001276,"Emplacamentos BEV/PHEV ABVE; frota ampla SENATRAN ago/2026 e indicadores IBGE 2022, quando presentes, são medidas separadas. Recarga ABVE/Tupi ago/2026."
PA,BREU BRANCO,1.000000,0.000000,2.000000,2.000000,,0.001276,"Emplacamentos BEV/PHEV ABVE; frota ampla SENATRAN ago/2026 e indicadores IBGE 2022, quando presentes, são medidas separadas. Recarga ABVE/Tupi ago/2026."
PA,ALMEIRIM,0.000000,0.000000,2.000000,2.000000,,0.001276,"Emplacamentos BEV/PHEV ABVE; frota ampla SENATRAN ago/2026 e indicadores IBGE 2022, quando presentes, são medidas separadas. Recarga ABVE/Tupi ago/2026."
RS,GLORINHA,0.000000,0.000000,2.000000,2.000000,,0.001276,"Emplacamentos BEV/PHEV ABVE; frota ampla SENATRAN ago/2026 e indicadores IBGE 2022, quando presentes, são medidas separadas. Recarga ABVE/Tupi ago/2026."
MA,TIMBIRAS,0.000000,0.000000,2.000000,2.000000,,0.001276,"Emplacamentos BEV/PHEV ABVE; frota ampla SENATRAN ago/2026 e indicadores IBGE 2022, quando presentes, são medidas separadas. Recarga ABVE/Tupi ago/2026."
TO,XAMBIOA,0.000000,0.000000,2.000000,2.000000,,0.001276,"Emplacamentos BEV/PHEV ABVE; frota ampla SENATRAN ago/2026 e indicadores IBGE 2022, quando presentes, são medidas separadas. Recarga ABVE/Tupi ago/2026."
AC,SENA MADUREIRA,0.000000,0.000000,2.000000,2.000000,,0.001276,"Emplacamentos BEV/PHEV ABVE; frota ampla SENATRAN ago/2026 e indicadores IBGE 2022, quando presentes, são medidas separadas. Recarga ABVE/Tupi ago/2026."
BA,LENCOIS,0.000000,0.000000,2.000000,2.000000,,0.001276,"Emplacamentos BEV/PHEV ABVE; frota ampla SENATRAN ago/2026 e indicadores IBGE 2022, quando presentes, são medidas separadas. Recarga ABVE/Tupi ago/2026."
SP,CATIGUA,0.000000,0.000000,2.000000,2.000000,,0.001276,"Emplacamentos BEV/PHEV ABVE; frota ampla SENATRAN ago/2026 e indicadores IBGE 2022, quando presentes, são medidas separadas. Recarga ABVE/Tupi ago/2026."
PR,SANTA MARIA DO OESTE,0.000000,0.000000,2.000000,2.000000,,0.001276,"Emplacamentos BEV/PHEV ABVE; frota ampla SENATRAN ago/2026 e indicadores IBGE 2022, quando presentes, são medidas separadas. Recarga ABVE/Tupi ago/2026."
PR,PRESIDENTE CASTELO BRANCO,1.000000,0.000000,2.000000,2.000000,,0.001276,"Emplacamentos BEV/PHEV ABVE; frota ampla SENATRAN ago/2026 e indicadores IBGE 2022, quando presentes, são medidas separadas. Recarga ABVE/Tupi ago/2026."
PR,PRANCHITA,0.000000,0.000000,2.000000,2.000000,,0.001276,"Emplacamentos BEV/PHEV ABVE; frota ampla SENATRAN ago/2026 e indicadores IBGE 2022, quando presentes, são medidas separadas. Recarga ABVE/Tupi ago/2026."
MG,AIMORES,0.000000,0.000000,2.000000,2.000000,,0.001276,"Emplacamentos BEV/PHEV ABVE; frota ampla SENATRAN ago/2026 e indicadores IBGE 2022, quando presentes, são medidas separadas. Recarga ABVE/Tupi ago/2026."
BA,PE DE SERRA,0.000000,0.000000,2.000000,2.000000,,0.001276,"Emplacamentos BEV/PHEV ABVE; frota ampla SENATRAN ago/2026 e indicadores IBGE 2022, quando presentes, são medidas separadas. Recarga ABVE/Tupi ago/2026."
SP,VERA CRUZ,0.000000,2.000000,4.000000,2.000000,100.000000,0.001276,"Emplacamentos BEV/PHEV ABVE; frota ampla SENATRAN ago/2026 e indicadores IBGE 2022, quando presentes, são medidas separadas. Recarga ABVE/Tupi ago/2026."
BA,PIRITIBA,1.000000,0.000000,2.000000,2.000000,,0.001276,"Emplacamentos BEV/PHEV ABVE; frota ampla SENATRAN ago/2026 e indicadores IBGE 2022, quando presentes, são medidas separadas. Recarga ABVE/Tupi ago/2026."
BA,PIRIPA,0.000000,0.000000,2.000000,2.000000,,0.001276,"Emplacamentos BEV/PHEV ABVE; frota ampla SENATRAN ago/2026 e indicadores IBGE 2022, quando presentes, são medidas separadas. Recarga ABVE/Tupi ago/2026."
MT,COMODORO,2.000000,0.000000,2.000000,2.000000,,0.001276,"Emplacamentos BEV/PHEV ABVE; frota ampla SENATRAN ago/2026 e indicadores IBGE 2022, quando presentes, são medidas separadas. Recarga ABVE/Tupi ago/2026."
RS,GAURAMA,1.000000,2.000000,4.000000,2.000000,100.000000,0.001276,"Emplacamentos BEV/PHEV ABVE; frota ampla SENATRAN ago/2026 e indicadores IBGE 2022, quando presentes, são medidas separadas. Recarga ABVE/Tupi ago/2026."
RS,FONTOURA XAVIER,0.000000,0.000000,2.000000,2.000000,,0.001276,"Emplacamentos BEV/PHEV ABVE; frota ampla SENATRAN ago/2026 e indicadores IBGE 2022, quando presentes, são medidas separadas. Recarga ABVE/Tupi ago/2026."
SE,SAO FRANCISCO,0.000000,0.000000,2.000000,2.000000,,0.001276,"Emplacamentos BEV/PHEV ABVE; frota ampla SENATRAN ago/2026 e indicadores IBGE 2022, quando presentes, são medidas separadas. Recarga ABVE/Tupi ago/2026."
CE,GUARAMIRANGA,1.000000,2.000000,4.000000,2.000000,100.000000,0.001276,"Emplacamentos BEV/PHEV ABVE; frota ampla SENATRAN ago/2026 e indicadores IBGE 2022, quando presentes, são medidas separadas. Recarga ABVE/Tupi ago/2026."
AL,CAMPO ALEGRE,2.000000,1.000000,3.000000,2.000000,200.000000,0.001276,"Emplacamentos BEV/PHEV ABVE; frota ampla SENATRAN ago/2026 e indicadores IBGE 2022, quando presentes, são medidas separadas. Recarga ABVE/Tupi ago/2026."
AL,CAMPESTRE,0.000000,0.000000,2.000000,2.000000,,0.001276,"Emplacamentos BEV/PHEV ABVE; frota ampla SENATRAN ago/2026 e indicadores IBGE 2022, quando presentes, são medidas separadas. Recarga ABVE/Tupi ago/2026."
AL,CAJUEIRO,0.000000,0.000000,2.000000,2.000000,,0.001276,"Emplacamentos BEV/PHEV ABVE; frota ampla SENATRAN ago/2026 e indicadores IBGE 2022, quando presentes, são medidas separadas. Recarga ABVE/Tupi ago/2026."
MG,ABRE CAMPO,0.000000,0.000000,2.000000,2.000000,,0.001276,"Emplacamentos BEV/PHEV ABVE; frota ampla SENATRAN ago/2026 e indicadores IBGE 2022, quando presentes, são medidas separadas. Recarga ABVE/Tupi ago/2026."
TO,ARAGUANA,0.000000,0.000000,2.000000,2.000000,,0.001276,"Emplacamentos BEV/PHEV ABVE; frota ampla SENATRAN ago/2026 e indicadores IBGE 2022, quando presentes, são medidas separadas. Recarga ABVE/Tupi ago/2026."
AL,ANADIA,0.000000,0.000000,2.000000,2.000000,,0.001276,"Emplacamentos BEV/PHEV ABVE; frota ampla SENATRAN ago/2026 e indicadores IBGE 2022, quando presentes, são medidas separadas. Recarga ABVE/Tupi ago/2026."
MG,ALVINOPOLIS,0.000000,0.000000,2.000000,2.000000,,0.001276,"Emplacamentos BEV/PHEV ABVE; frota ampla SENATRAN ago/2026 e indicadores IBGE 2022, quando presentes, são medidas separadas. Recarga ABVE/Tupi ago/2026."
AC,TARAUACA,0.000000,0.000000,2.000000,2.000000,,0.001276,"Emplacamentos BEV/PHEV ABVE; frota ampla SENATRAN ago/2026 e indicadores IBGE 2022, quando presentes, são medidas separadas. Recarga ABVE/Tupi ago/2026."
SP,CHAVANTES,1.000000,1.000000,3.000000,2.000000,200.000000,0.001276,"Emplacamentos BEV/PHEV ABVE; frota ampla SENATRAN ago/2026 e indicadores IBGE 2022, quando presentes, são medidas separadas. Recarga ABVE/Tupi ago/2026."
GO,ARACU,0.000000,0.000000,2.000000,2.000000,,0.001276,"Emplacamentos BEV/PHEV ABVE; frota ampla SENATRAN ago/2026 e indicadores IBGE 2022, quando presentes, são medidas separadas. Recarga ABVE/Tupi ago/2026."
SP,COSMORAMA,1.000000,2.000000,4.000000,2.000000,100.000000,0.001276,"Emplacamentos BEV/PHEV ABVE; frota ampla SENATRAN ago/2026 e indicadores IBGE 2022, quando presentes, são medidas separadas. Recarga ABVE/Tupi ago/2026."
PR,RONCADOR,0.000000,0.000000,2.000000,2.000000,,0.001276,"Emplacamentos BEV/PHEV ABVE; frota ampla SENATRAN ago/2026 e indicadores IBGE 2022, quando presentes, são medidas separadas. Recarga ABVE/Tupi ago/2026."
MG,ANDRADAS,2.000000,0.000000,2.000000,2.000000,,0.001276,"Emplacamentos BEV/PHEV ABVE; frota ampla SENATRAN ago/2026 e indicadores IBGE 2022, quando presentes, são medidas separadas. Recarga ABVE/Tupi ago/2026."
MA,TUNTUM,0.000000,0.000000,2.000000,2.000000,,0.001276,"Emplacamentos BEV/PHEV ABVE; frota ampla SENATRAN ago/2026 e indicadores IBGE 2022, quando presentes, são medidas separadas. Recarga ABVE/Tupi ago/2026."
AC,FEIJO,0.000000,0.000000,1.000000,1.000000,,0.000638,"Emplacamentos BEV/PHEV ABVE; frota ampla SENATRAN ago/2026 e indicadores IBGE 2022, quando presentes, são medidas separadas. Recarga ABVE/Tupi ago/2026."
AL,COLONIA LEOPOLDINA,0.000000,0.000000,1.000000,1.000000,,0.000638,"Emplacamentos BEV/PHEV ABVE; frota ampla SENATRAN ago/2026 e indicadores IBGE 2022, quando presentes, são medidas separadas. Recarga ABVE/Tupi ago/2026."
TO,SAO BENTO DO TOCANTINS,0.000000,0.000000,1.000000,1.000000,,0.000638,"Emplacamentos BEV/PHEV ABVE; frota ampla SENATRAN ago/2026 e indicadores IBGE 2022, quando presentes, são medidas separadas. Recarga ABVE/Tupi ago/2026."
MA,ZE DOCA,1.000000,0.000000,1.000000,1.000000,,0.000638,"Emplacamentos BEV/PHEV ABVE; frota ampla SENATRAN ago/2026 e indicadores IBGE 2022, quando presentes, são medidas separadas. Recarga ABVE/Tupi ago/2026."
SC,PESCARIA BRAVA,0.000000,1.000000,2.000000,1.000000,100.000000,0.000638,"Emplacamentos BEV/PHEV ABVE; frota ampla SENATRAN ago/2026 e indicadores IBGE 2022, quando presentes, são medidas separadas. Recarga ABVE/Tupi ago/2026."
BA,OLIVEIRA DOS BREJINHOS,0.000000,1.000000,2.000000,1.000000,100.000000,0.000638,"Emplacamentos BEV/PHEV ABVE; frota ampla SENATRAN ago/2026 e indicadores IBGE 2022, quando presentes, são medidas separadas. Recarga ABVE/Tupi ago/2026."
BA,PALMAS DE MONTE ALTO,0.000000,0.000000,1.000000,1.000000,,0.000638,"Emplacamentos BEV/PHEV ABVE; frota ampla SENATRAN ago/2026 e indicadores IBGE 2022, quando presentes, são medidas separadas. Recarga ABVE/Tupi ago/2026."
BA,PALMEIRAS,0.000000,0.000000,1.000000,1.000000,,0.000638,"Emplacamentos BEV/PHEV ABVE; frota ampla SENATRAN ago/2026 e indicadores IBGE 2022, quando presentes, são medidas separadas. Recarga ABVE/Tupi ago/2026."
BA,PIATA,0.000000,0.000000,1.000000,1.000000,,0.000638,"Emplacamentos BEV/PHEV ABVE; frota ampla SENATRAN ago/2026 e indicadores IBGE 2022, quando presentes, são medidas separadas. Recarga ABVE/Tupi ago/2026."
BA,PINTADAS,0.000000,0.000000,1.000000,1.000000,,0.000638,"Emplacamentos BEV/PHEV ABVE; frota ampla SENATRAN ago/2026 e indicadores IBGE 2022, quando presentes, são medidas separadas. Recarga ABVE/Tupi ago/2026."
MG,ANTONIO DIAS,0.000000,0.000000,1.000000,1.000000,,0.000638,"Emplacamentos BEV/PHEV ABVE; frota ampla SENATRAN ago/2026 e indicadores IBGE 2022, quando presentes, são medidas separadas. Recarga ABVE/Tupi ago/2026."
MG,ARAPONGA,0.000000,0.000000,1.000000,1.000000,,0.000638,"Emplacamentos BEV/PHEV ABVE; frota ampla SENATRAN ago/2026 e indicadores IBGE 2022, quando presentes, são medidas separadas. Recarga ABVE/Tupi ago/2026."
MG,ARAUJOS,0.000000,0.000000,1.000000,1.000000,,0.000638,"Emplacamentos BEV/PHEV ABVE; frota ampla SENATRAN ago/2026 e indicadores IBGE 2022, quando presentes, são medidas separadas. Recarga ABVE/Tupi ago/2026."
MG,AREADO,0.000000,2.000000,3.000000,1.000000,50.000000,0.000638,"Emplacamentos BEV/PHEV ABVE; frota ampla SENATRAN ago/2026 e indicadores IBGE 2022, quando presentes, são medidas separadas. Recarga ABVE/Tupi ago/2026."
MG,ARICANDUVA,0.000000,0.000000,1.000000,1.000000,,0.000638,"Emplacamentos BEV/PHEV ABVE; frota ampla SENATRAN ago/2026 e indicadores IBGE 2022, quando presentes, são medidas separadas. Recarga ABVE/Tupi ago/2026."
MG,ASTOLFO DUTRA,2.000000,0.000000,1.000000,1.000000,,0.000638,"Emplacamentos BEV/PHEV ABVE; frota ampla SENATRAN ago/2026 e indicadores IBGE 2022, quando presentes, são medidas separadas. Recarga ABVE/Tupi ago/2026."
MG,BARAO DE COCAIS,1.000000,1.000000,2.000000,1.000000,100.000000,0.000638,"Emplacamentos BEV/PHEV ABVE; frota ampla SENATRAN ago/2026 e indicadores IBGE 2022, quando presentes, são medidas separadas. Recarga ABVE/Tupi ago/2026."
MG,BARAO DE MONTE ALTO,0.000000,0.000000,1.000000,1.000000,,0.000638,"Emplacamentos BEV/PHEV ABVE; frota ampla SENATRAN ago/2026 e indicadores IBGE 2022, quando presentes, são medidas separadas. Recarga ABVE/Tupi ago/2026."
BA,DOM MACEDO COSTA,0.000000,0.000000,1.000000,1.000000,,0.000638,"Emplacamentos BEV/PHEV ABVE; frota ampla SENATRAN ago/2026 e indicadores IBGE 2022, quando presentes, são medidas separadas. Recarga ABVE/Tupi ago/2026."
PR,QUARTO CENTENARIO,0.000000,0.000000,1.000000,1.000000,,0.000638,"Emplacamentos BEV/PHEV ABVE; frota ampla SENATRAN ago/2026 e indicadores IBGE 2022, quando presentes, são medidas separadas. Recarga ABVE/Tupi ago/2026."
PR,QUATRO PONTES,0.000000,0.000000,1.000000,1.000000,,0.000638,"Emplacamentos BEV/PHEV ABVE; frota ampla SENATRAN ago/2026 e indicadores IBGE 2022, quando presentes, são medidas separadas. Recarga ABVE/Tupi ago/2026."
PR,QUERENCIA DO NORTE,0.000000,0.000000,1.000000,1.000000,,0.000638,"Emplacamentos BEV/PHEV ABVE; frota ampla SENATRAN ago/2026 e indicadores IBGE 2022, quando presentes, são medidas separadas. Recarga ABVE/Tupi ago/2026."
PR,RANCHO ALEGRE D'OESTE,0.000000,0.000000,1.000000,1.000000,,0.000638,"Emplacamentos BEV/PHEV ABVE; frota ampla SENATRAN ago/2026 e indicadores IBGE 2022, quando presentes, são medidas separadas. Recarga ABVE/Tupi ago/2026."
PR,RESERVA DO IGUACU,0.000000,0.000000,1.000000,1.000000,,0.000638,"Emplacamentos BEV/PHEV ABVE; frota ampla SENATRAN ago/2026 e indicadores IBGE 2022, quando presentes, são medidas separadas. Recarga ABVE/Tupi ago/2026."
PR,SAO JORGE D'OESTE,2.000000,0.000000,1.000000,1.000000,,0.000638,"Emplacamentos BEV/PHEV ABVE; frota ampla SENATRAN ago/2026 e indicadores IBGE 2022, quando presentes, são medidas separadas. Recarga ABVE/Tupi ago/2026."
PR,SAO JOSE DAS PALMEIRAS,0.000000,0.000000,1.000000,1.000000,,0.000638,"Emplacamentos BEV/PHEV ABVE; frota ampla SENATRAN ago/2026 e indicadores IBGE 2022, quando presentes, são medidas separadas. Recarga ABVE/Tupi ago/2026."
ES,VILA PAVAO,0.000000,0.000000,1.000000,1.000000,,0.000638,"Emplacamentos BEV/PHEV ABVE; frota ampla SENATRAN ago/2026 e indicadores IBGE 2022, quando presentes, são medidas separadas. Recarga ABVE/Tupi ago/2026."
PR,RONDON,0.000000,0.000000,1.000000,1.000000,,0.000638,"Emplacamentos BEV/PHEV ABVE; frota ampla SENATRAN ago/2026 e indicadores IBGE 2022, quando presentes, são medidas separadas. Recarga ABVE/Tupi ago/2026."
SP,CORUMBATAI,0.000000,0.000000,1.000000,1.000000,,0.000638,"Emplacamentos BEV/PHEV ABVE; frota ampla SENATRAN ago/2026 e indicadores IBGE 2022, quando presentes, são medidas separadas. Recarga ABVE/Tupi ago/2026."
PR,RIO BONITO DO IGUACU,0.000000,0.000000,1.000000,1.000000,,0.000638,"Emplacamentos BEV/PHEV ABVE; frota ampla SENATRAN ago/2026 e indicadores IBGE 2022, quando presentes, são medidas separadas. Recarga ABVE/Tupi ago/2026."
GO,ARAGUAPAZ,0.000000,0.000000,1.000000,1.000000,,0.000638,"Emplacamentos BEV/PHEV ABVE; frota ampla SENATRAN ago/2026 e indicadores IBGE 2022, quando presentes, são medidas separadas. Recarga ABVE/Tupi ago/2026."
GO,ARENOPOLIS,0.000000,0.000000,1.000000,1.000000,,0.000638,"Emplacamentos BEV/PHEV ABVE; frota ampla SENATRAN ago/2026 e indicadores IBGE 2022, quando presentes, são medidas separadas. Recarga ABVE/Tupi ago/2026."
GO,AURILANDIA,0.000000,0.000000,1.000000,1.000000,,0.000638,"Emplacamentos BEV/PHEV ABVE; frota ampla SENATRAN ago/2026 e indicadores IBGE 2022, quando presentes, são medidas separadas. Recarga ABVE/Tupi ago/2026."
GO,BARRO ALTO,0.000000,0.000000,1.000000,1.000000,,0.000638,"Emplacamentos BEV/PHEV ABVE; frota ampla SENATRAN ago/2026 e indicadores IBGE 2022, quando presentes, são medidas separadas. Recarga ABVE/Tupi ago/2026."
GO,CAMPO ALEGRE DE GOIAS,0.000000,0.000000,1.000000,1.000000,,0.000638,"Emplacamentos BEV/PHEV ABVE; frota ampla SENATRAN ago/2026 e indicadores IBGE 2022, quando presentes, são medidas separadas. Recarga ABVE/Tupi ago/2026."
SP,DOLCINOPOLIS,0.000000,0.000000,1.000000,1.000000,,0.000638,"Emplacamentos BEV/PHEV ABVE; frota ampla SENATRAN ago/2026 e indicadores IBGE 2022, quando presentes, são medidas separadas. Recarga ABVE/Tupi ago/2026."
SP,ESTIVA GERBI,3.000000,1.000000,2.000000,1.000000,100.000000,0.000638,"Emplacamentos BEV/PHEV ABVE; frota ampla SENATRAN ago/2026 e indicadores IBGE 2022, quando presentes, são medidas separadas. Recarga ABVE/Tupi ago/2026."
PR,SAO SEBASTIAO DA AMOREIRA,0.000000,1.000000,2.000000,1.000000,100.000000,0.000638,"Emplacamentos BEV/PHEV ABVE; frota ampla SENATRAN ago/2026 e indicadores IBGE 2022, quando presentes, são medidas separadas. Recarga ABVE/Tupi ago/2026."
PR,SAUDADE DO IGUACU,0.000000,0.000000,1.000000,1.000000,,0.000638,"Emplacamentos BEV/PHEV ABVE; frota ampla SENATRAN ago/2026 e indicadores IBGE 2022, quando presentes, são medidas separadas. Recarga ABVE/Tupi ago/2026."
PR,TERRA RICA,2.000000,1.000000,2.000000,1.000000,100.000000,0.000638,"Emplacamentos BEV/PHEV ABVE; frota ampla SENATRAN ago/2026 e indicadores IBGE 2022, quando presentes, são medidas separadas. Recarga ABVE/Tupi ago/2026."
PR,SAO JOAO DO CAIUA,0.000000,0.000000,1.000000,1.000000,,0.000638,"Emplacamentos BEV/PHEV ABVE; frota ampla SENATRAN ago/2026 e indicadores IBGE 2022, quando presentes, são medidas separadas. Recarga ABVE/Tupi ago/2026."
BA,FIRMINO ALVES,0.000000,0.000000,1.000000,1.000000,,0.000638,"Emplacamentos BEV/PHEV ABVE; frota ampla SENATRAN ago/2026 e indicadores IBGE 2022, quando presentes, são medidas separadas. Recarga ABVE/Tupi ago/2026."
BA,GOVERNADOR MANGABEIRA,0.000000,0.000000,1.000000,1.000000,,0.000638,"Emplacamentos BEV/PHEV ABVE; frota ampla SENATRAN ago/2026 e indicadores IBGE 2022, quando presentes, são medidas separadas. Recarga ABVE/Tupi ago/2026."
PR,NOVA OLIMPIA,0.000000,0.000000,1.000000,1.000000,,0.000638,"Emplacamentos BEV/PHEV ABVE; frota ampla SENATRAN ago/2026 e indicadores IBGE 2022, quando presentes, são medidas separadas. Recarga ABVE/Tupi ago/2026."
PR,PARAISO DO NORTE,0.000000,1.000000,2.000000,1.000000,100.000000,0.000638,"Emplacamentos BEV/PHEV ABVE; frota ampla SENATRAN ago/2026 e indicadores IBGE 2022, quando presentes, são medidas separadas. Recarga ABVE/Tupi ago/2026."
PR,PARANAPOEMA,0.000000,0.000000,1.000000,1.000000,,0.000638,"Emplacamentos BEV/PHEV ABVE; frota ampla SENATRAN ago/2026 e indicadores IBGE 2022, quando presentes, são medidas separadas. Recarga ABVE/Tupi ago/2026."
PR,NOVA AMERICA DA COLINA,0.000000,0.000000,1.000000,1.000000,,0.000638,"Emplacamentos BEV/PHEV ABVE; frota ampla SENATRAN ago/2026 e indicadores IBGE 2022, quando presentes, são medidas separadas. Recarga ABVE/Tupi ago/2026."
PR,NOVA CANTU,1.000000,0.000000,1.000000,1.000000,,0.000638,"Emplacamentos BEV/PHEV ABVE; frota ampla SENATRAN ago/2026 e indicadores IBGE 2022, quando presentes, são medidas separadas. Recarga ABVE/Tupi ago/2026."
PR,PINHALAO,0.000000,0.000000,1.000000,1.000000,,0.000638,"Emplacamentos BEV/PHEV ABVE; frota ampla SENATRAN ago/2026 e indicadores IBGE 2022, quando presentes, são medidas separadas. Recarga ABVE/Tupi ago/2026."
BA,CURACA,0.000000,0.000000,1.000000,1.000000,,0.000638,"Emplacamentos BEV/PHEV ABVE; frota ampla SENATRAN ago/2026 e indicadores IBGE 2022, quando presentes, são medidas separadas. Recarga ABVE/Tupi ago/2026."
PR,KALORE,0.000000,0.000000,1.000000,1.000000,,0.000638,"Emplacamentos BEV/PHEV ABVE; frota ampla SENATRAN ago/2026 e indicadores IBGE 2022, quando presentes, são medidas separadas. Recarga ABVE/Tupi ago/2026."
PR,LUPIONOPOLIS,0.000000,0.000000,1.000000,1.000000,,0.000638,"Emplacamentos BEV/PHEV ABVE; frota ampla SENATRAN ago/2026 e indicadores IBGE 2022, quando presentes, são medidas separadas. Recarga ABVE/Tupi ago/2026."
PR,MANDAGUACU,3.000000,14.000000,15.000000,1.000000,7.142857,0.000638,"Emplacamentos BEV/PHEV ABVE; frota ampla SENATRAN ago/2026 e indicadores IBGE 2022, quando presentes, são medidas separadas. Recarga ABVE/Tupi ago/2026."
BA,IBITITA,0.000000,1.000000,2.000000,1.000000,100.000000,0.000638,"Emplacamentos BEV/PHEV ABVE; frota ampla SENATRAN ago/2026 e indicadores IBGE 2022, quando presentes, são medidas separadas. Recarga ABVE/Tupi ago/2026."
PR,TERRA ROXA,0.000000,2.000000,3.000000,1.000000,50.000000,0.000638,"Emplacamentos BEV/PHEV ABVE; frota ampla SENATRAN ago/2026 e indicadores IBGE 2022, quando presentes, são medidas separadas. Recarga ABVE/Tupi ago/2026."
PR,TOMAZINA,0.000000,0.000000,1.000000,1.000000,,0.000638,"Emplacamentos BEV/PHEV ABVE; frota ampla SENATRAN ago/2026 e indicadores IBGE 2022, quando presentes, são medidas separadas. Recarga ABVE/Tupi ago/2026."
PR,TURVO,0.000000,0.000000,1.000000,1.000000,,0.000638,"Emplacamentos BEV/PHEV ABVE; frota ampla SENATRAN ago/2026 e indicadores IBGE 2022, quando presentes, são medidas separadas. Recarga ABVE/Tupi ago/2026."
PR,VIRMOND,0.000000,0.000000,1.000000,1.000000,,0.000638,"Emplacamentos BEV/PHEV ABVE; frota ampla SENATRAN ago/2026 e indicadores IBGE 2022, quando presentes, são medidas separadas. Recarga ABVE/Tupi ago/2026."
SP,ESTRELA D'OESTE,0.000000,0.000000,1.000000,1.000000,,0.000638,"Emplacamentos BEV/PHEV ABVE; frota ampla SENATRAN ago/2026 e indicadores IBGE 2022, quando presentes, são medidas separadas. Recarga ABVE/Tupi ago/2026."
SP,FLORA RICA,0.000000,0.000000,1.000000,1.000000,,0.000638,"Emplacamentos BEV/PHEV ABVE; frota ampla SENATRAN ago/2026 e indicadores IBGE 2022, quando presentes, são medidas separadas. Recarga ABVE/Tupi ago/2026."
PR,MARILUZ,0.000000,0.000000,1.000000,1.000000,,0.000638,"Emplacamentos BEV/PHEV ABVE; frota ampla SENATRAN ago/2026 e indicadores IBGE 2022, quando presentes, são medidas separadas. Recarga ABVE/Tupi ago/2026."
PR,MARIOPOLIS,0.000000,0.000000,1.000000,1.000000,,0.000638,"Emplacamentos BEV/PHEV ABVE; frota ampla SENATRAN ago/2026 e indicadores IBGE 2022, quando presentes, são medidas separadas. Recarga ABVE/Tupi ago/2026."
PR,MIRADOR,0.000000,0.000000,1.000000,1.000000,,0.000638,"Emplacamentos BEV/PHEV ABVE; frota ampla SENATRAN ago/2026 e indicadores IBGE 2022, quando presentes, são medidas separadas. Recarga ABVE/Tupi ago/2026."
PR,MIRASELVA,0.000000,0.000000,1.000000,1.000000,,0.000638,"Emplacamentos BEV/PHEV ABVE; frota ampla SENATRAN ago/2026 e indicadores IBGE 2022, quando presentes, são medidas separadas. Recarga ABVE/Tupi ago/2026."
PR,NOSSA SENHORA DAS GRACAS,0.000000,0.000000,1.000000,1.000000,,0.000638,"Emplacamentos BEV/PHEV ABVE; frota ampla SENATRAN ago/2026 e indicadores IBGE 2022, quando presentes, são medidas separadas. Recarga ABVE/Tupi ago/2026."
GO,CACHOEIRA DOURADA,0.000000,4.000000,5.000000,1.000000,25.000000,0.000638,"Emplacamentos BEV/PHEV ABVE; frota ampla SENATRAN ago/2026 e indicadores IBGE 2022, quando presentes, são medidas separadas. Recarga ABVE/Tupi ago/2026."
GO,COLINAS DO SUL,0.000000,0.000000,1.000000,1.000000,,0.000638,"Emplacamentos BEV/PHEV ABVE; frota ampla SENATRAN ago/2026 e indicadores IBGE 2022, quando presentes, são medidas separadas. Recarga ABVE/Tupi ago/2026."
GO,CRISTIANOPOLIS,0.000000,1.000000,2.000000,1.000000,100.000000,0.000638,"Emplacamentos BEV/PHEV ABVE; frota ampla SENATRAN ago/2026 e indicadores IBGE 2022, quando presentes, são medidas separadas. Recarga ABVE/Tupi ago/2026."
GO,CUMARI,0.000000,0.000000,1.000000,1.000000,,0.000638,"Emplacamentos BEV/PHEV ABVE; frota ampla SENATRAN ago/2026 e indicadores IBGE 2022, quando presentes, são medidas separadas. Recarga ABVE/Tupi ago/2026."
PR,GUAIRACA,0.000000,0.000000,1.000000,1.000000,,0.000638,"Emplacamentos BEV/PHEV ABVE; frota ampla SENATRAN ago/2026 e indicadores IBGE 2022, quando presentes, são medidas separadas. Recarga ABVE/Tupi ago/2026."
PR,GUARACI,1.000000,0.000000,1.000000,1.000000,,0.000638,"Emplacamentos BEV/PHEV ABVE; frota ampla SENATRAN ago/2026 e indicadores IBGE 2022, quando presentes, são medidas separadas. Recarga ABVE/Tupi ago/2026."
ES,SANTA LEOPOLDINA,0.000000,1.000000,2.000000,1.000000,100.000000,0.000638,"Emplacamentos BEV/PHEV ABVE; frota ampla SENATRAN ago/2026 e indicadores IBGE 2022, quando presentes, são medidas separadas. Recarga ABVE/Tupi ago/2026."
BA,GUAJERU,0.000000,0.000000,1.000000,1.000000,,0.000638,"Emplacamentos BEV/PHEV ABVE; frota ampla SENATRAN ago/2026 e indicadores IBGE 2022, quando presentes, são medidas separadas. Recarga ABVE/Tupi ago/2026."
BA,GUARATINGA,0.000000,0.000000,1.000000,1.000000,,0.000638,"Emplacamentos BEV/PHEV ABVE; frota ampla SENATRAN ago/2026 e indicadores IBGE 2022, quando presentes, são medidas separadas. Recarga ABVE/Tupi ago/2026."
BA,IBICOARA,1.000000,0.000000,1.000000,1.000000,,0.000638,"Emplacamentos BEV/PHEV ABVE; frota ampla SENATRAN ago/2026 e indicadores IBGE 2022, quando presentes, são medidas separadas. Recarga ABVE/Tupi ago/2026."
BA,IBIPEBA,0.000000,0.000000,1.000000,1.000000,,0.000638,"Emplacamentos BEV/PHEV ABVE; frota ampla SENATRAN ago/2026 e indicadores IBGE 2022, quando presentes, são medidas separadas. Recarga ABVE/Tupi ago/2026."
BA,IBIPITANGA,0.000000,0.000000,1.000000,1.000000,,0.000638,"Emplacamentos BEV/PHEV ABVE; frota ampla SENATRAN ago/2026 e indicadores IBGE 2022, quando presentes, são medidas separadas. Recarga ABVE/Tupi ago/2026."
BA,IBIRAPUA,0.000000,0.000000,1.000000,1.000000,,0.000638,"Emplacamentos BEV/PHEV ABVE; frota ampla SENATRAN ago/2026 e indicadores IBGE 2022, quando presentes, são medidas separadas. Recarga ABVE/Tupi ago/2026."
PR,IVAI,0.000000,0.000000,1.000000,1.000000,,0.000638,"Emplacamentos BEV/PHEV ABVE; frota ampla SENATRAN ago/2026 e indicadores IBGE 2022, quando presentes, são medidas separadas. Recarga ABVE/Tupi ago/2026."
PR,IVATE,0.000000,0.000000,1.000000,1.000000,,0.000638,"Emplacamentos BEV/PHEV ABVE; frota ampla SENATRAN ago/2026 e indicadores IBGE 2022, quando presentes, são medidas separadas. Recarga ABVE/Tupi ago/2026."
PR,JARDIM ALEGRE,0.000000,1.000000,2.000000,1.000000,100.000000,0.000638,"Emplacamentos BEV/PHEV ABVE; frota ampla SENATRAN ago/2026 e indicadores IBGE 2022, quando presentes, são medidas separadas. Recarga ABVE/Tupi ago/2026."
PR,JESUITAS,0.000000,1.000000,2.000000,1.000000,100.000000,0.000638,"Emplacamentos BEV/PHEV ABVE; frota ampla SENATRAN ago/2026 e indicadores IBGE 2022, quando presentes, são medidas separadas. Recarga ABVE/Tupi ago/2026."
SP,GUARACI,1.000000,2.000000,3.000000,1.000000,50.000000,0.000638,"Emplacamentos BEV/PHEV ABVE; frota ampla SENATRAN ago/2026 e indicadores IBGE 2022, quando presentes, são medidas separadas. Recarga ABVE/Tupi ago/2026."
SP,GUZOLANDIA,0.000000,0.000000,1.000000,1.000000,,0.000638,"Emplacamentos BEV/PHEV ABVE; frota ampla SENATRAN ago/2026 e indicadores IBGE 2022, quando presentes, são medidas separadas. Recarga ABVE/Tupi ago/2026."
RJ,ENGENHEIRO PAULO DE FRONTIN,1.000000,1.000000,2.000000,1.000000,100.000000,0.000638,"Emplacamentos BEV/PHEV ABVE; frota ampla SENATRAN ago/2026 e indicadores IBGE 2022, quando presentes, são medidas separadas. Recarga ABVE/Tupi ago/2026."
ES,ITAGUACU,0.000000,0.000000,1.000000,1.000000,,0.000638,"Emplacamentos BEV/PHEV ABVE; frota ampla SENATRAN ago/2026 e indicadores IBGE 2022, quando presentes, são medidas separadas. Recarga ABVE/Tupi ago/2026."
ES,MARILANDIA,2.000000,4.000000,5.000000,1.000000,25.000000,0.000638,"Emplacamentos BEV/PHEV ABVE; frota ampla SENATRAN ago/2026 e indicadores IBGE 2022, quando presentes, são medidas separadas. Recarga ABVE/Tupi ago/2026."
ES,MUNIZ FREIRE,3.000000,0.000000,1.000000,1.000000,,0.000638,"Emplacamentos BEV/PHEV ABVE; frota ampla SENATRAN ago/2026 e indicadores IBGE 2022, quando presentes, são medidas separadas. Recarga ABVE/Tupi ago/2026."
ES,RIO BANANAL,1.000000,6.000000,7.000000,1.000000,16.666667,0.000638,"Emplacamentos BEV/PHEV ABVE; frota ampla SENATRAN ago/2026 e indicadores IBGE 2022, quando presentes, são medidas separadas. Recarga ABVE/Tupi ago/2026."
PR,HONORIO SERPA,0.000000,0.000000,1.000000,1.000000,,0.000638,"Emplacamentos BEV/PHEV ABVE; frota ampla SENATRAN ago/2026 e indicadores IBGE 2022, quando presentes, são medidas separadas. Recarga ABVE/Tupi ago/2026."
PR,IBEMA,0.000000,0.000000,1.000000,1.000000,,0.000638,"Emplacamentos BEV/PHEV ABVE; frota ampla SENATRAN ago/2026 e indicadores IBGE 2022, quando presentes, são medidas separadas. Recarga ABVE/Tupi ago/2026."
PR,INDIANOPOLIS,0.000000,0.000000,1.000000,1.000000,,0.000638,"Emplacamentos BEV/PHEV ABVE; frota ampla SENATRAN ago/2026 e indicadores IBGE 2022, quando presentes, são medidas separadas. Recarga ABVE/Tupi ago/2026."
PR,ENEAS MARQUES,0.000000,1.000000,2.000000,1.000000,100.000000,0.000638,"Emplacamentos BEV/PHEV ABVE; frota ampla SENATRAN ago/2026 e indicadores IBGE 2022, quando presentes, são medidas separadas. Recarga ABVE/Tupi ago/2026."
PR,ENTRE RIOS DO OESTE,0.000000,0.000000,1.000000,1.000000,,0.000638,"Emplacamentos BEV/PHEV ABVE; frota ampla SENATRAN ago/2026 e indicadores IBGE 2022, quando presentes, são medidas separadas. Recarga ABVE/Tupi ago/2026."
PR,FIGUEIRA,0.000000,0.000000,1.000000,1.000000,,0.000638,"Emplacamentos BEV/PHEV ABVE; frota ampla SENATRAN ago/2026 e indicadores IBGE 2022, quando presentes, são medidas separadas. Recarga ABVE/Tupi ago/2026."
BA,CORONEL JOAO SA,1.000000,0.000000,1.000000,1.000000,,0.000638,"Emplacamentos BEV/PHEV ABVE; frota ampla SENATRAN ago/2026 e indicadores IBGE 2022, quando presentes, são medidas separadas. Recarga ABVE/Tupi ago/2026."
GO,CEZARINA,0.000000,0.000000,1.000000,1.000000,,0.000638,"Emplacamentos BEV/PHEV ABVE; frota ampla SENATRAN ago/2026 e indicadores IBGE 2022, quando presentes, são medidas separadas. Recarga ABVE/Tupi ago/2026."
GO,COCALZINHO DE GOIAS,1.000000,0.000000,1.000000,1.000000,,0.000638,"Emplacamentos BEV/PHEV ABVE; frota ampla SENATRAN ago/2026 e indicadores IBGE 2022, quando presentes, são medidas separadas. Recarga ABVE/Tupi ago/2026."
SP,IGARATA,2.000000,4.000000,5.000000,1.000000,25.000000,0.000638,"Emplacamentos BEV/PHEV ABVE; frota ampla SENATRAN ago/2026 e indicadores IBGE 2022, quando presentes, são medidas separadas. Recarga ABVE/Tupi ago/2026."
SP,INDIAPORA,0.000000,0.000000,1.000000,1.000000,,0.000638,"Emplacamentos BEV/PHEV ABVE; frota ampla SENATRAN ago/2026 e indicadores IBGE 2022, quando presentes, são medidas separadas. Recarga ABVE/Tupi ago/2026."
SP,IPAUSSU,1.000000,0.000000,1.000000,1.000000,,0.000638,"Emplacamentos BEV/PHEV ABVE; frota ampla SENATRAN ago/2026 e indicadores IBGE 2022, quando presentes, são medidas separadas. Recarga ABVE/Tupi ago/2026."
RJ,ITALVA,1.000000,2.000000,3.000000,1.000000,50.000000,0.000638,"Emplacamentos BEV/PHEV ABVE; frota ampla SENATRAN ago/2026 e indicadores IBGE 2022, quando presentes, são medidas separadas. Recarga ABVE/Tupi ago/2026."
RJ,MACUCO,1.000000,0.000000,1.000000,1.000000,,0.000638,"Emplacamentos BEV/PHEV ABVE; frota ampla SENATRAN ago/2026 e indicadores IBGE 2022, quando presentes, são medidas separadas. Recarga ABVE/Tupi ago/2026."
GO,GOIAS,0.000000,2.000000,3.000000,1.000000,50.000000,0.000638,"Emplacamentos BEV/PHEV ABVE; frota ampla SENATRAN ago/2026 e indicadores IBGE 2022, quando presentes, são medidas separadas. Recarga ABVE/Tupi ago/2026."
GO,HEITORAI,0.000000,0.000000,1.000000,1.000000,,0.000638,"Emplacamentos BEV/PHEV ABVE; frota ampla SENATRAN ago/2026 e indicadores IBGE 2022, quando presentes, são medidas separadas. Recarga ABVE/Tupi ago/2026."
PR,CONSELHEIRO MAIRINCK,0.000000,0.000000,1.000000,1.000000,,0.000638,"Emplacamentos BEV/PHEV ABVE; frota ampla SENATRAN ago/2026 e indicadores IBGE 2022, quando presentes, são medidas separadas. Recarga ABVE/Tupi ago/2026."
PR,DIAMANTE D'OESTE,1.000000,0.000000,1.000000,1.000000,,0.000638,"Emplacamentos BEV/PHEV ABVE; frota ampla SENATRAN ago/2026 e indicadores IBGE 2022, quando presentes, são medidas separadas. Recarga ABVE/Tupi ago/2026."
PR,CARLOPOLIS,1.000000,5.000000,6.000000,1.000000,20.000000,0.000638,"Emplacamentos BEV/PHEV ABVE; frota ampla SENATRAN ago/2026 e indicadores IBGE 2022, quando presentes, são medidas separadas. Recarga ABVE/Tupi ago/2026."
PR,CATANDUVAS,0.000000,0.000000,1.000000,1.000000,,0.000638,"Emplacamentos BEV/PHEV ABVE; frota ampla SENATRAN ago/2026 e indicadores IBGE 2022, quando presentes, são medidas separadas. Recarga ABVE/Tupi ago/2026."
PR,FLORIDA,0.000000,0.000000,1.000000,1.000000,,0.000638,"Emplacamentos BEV/PHEV ABVE; frota ampla SENATRAN ago/2026 e indicadores IBGE 2022, quando presentes, são medidas separadas. Recarga ABVE/Tupi ago/2026."
PR,FOZ DO JORDAO,0.000000,0.000000,1.000000,1.000000,,0.000638,"Emplacamentos BEV/PHEV ABVE; frota ampla SENATRAN ago/2026 e indicadores IBGE 2022, quando presentes, são medidas separadas. Recarga ABVE/Tupi ago/2026."
PR,GENERAL CARNEIRO,0.000000,0.000000,1.000000,1.000000,,0.000638,"Emplacamentos BEV/PHEV ABVE; frota ampla SENATRAN ago/2026 e indicadores IBGE 2022, quando presentes, são medidas separadas. Recarga ABVE/Tupi ago/2026."
SP,GUAIMBE,0.000000,0.000000,1.000000,1.000000,,0.000638,"Emplacamentos BEV/PHEV ABVE; frota ampla SENATRAN ago/2026 e indicadores IBGE 2022, quando presentes, são medidas separadas. Recarga ABVE/Tupi ago/2026."
SP,GUARA,3.000000,0.000000,1.000000,1.000000,,0.000638,"Emplacamentos BEV/PHEV ABVE; frota ampla SENATRAN ago/2026 e indicadores IBGE 2022, quando presentes, são medidas separadas. Recarga ABVE/Tupi ago/2026."
PR,ALTO PARAISO,0.000000,0.000000,1.000000,1.000000,,0.000638,"Emplacamentos BEV/PHEV ABVE; frota ampla SENATRAN ago/2026 e indicadores IBGE 2022, quando presentes, são medidas separadas. Recarga ABVE/Tupi ago/2026."
PR,ALTO PIQUIRI,0.000000,0.000000,1.000000,1.000000,,0.000638,"Emplacamentos BEV/PHEV ABVE; frota ampla SENATRAN ago/2026 e indicadores IBGE 2022, quando presentes, são medidas separadas. Recarga ABVE/Tupi ago/2026."
ES,AGUA DOCE DO NORTE,0.000000,0.000000,1.000000,1.000000,,0.000638,"Emplacamentos BEV/PHEV ABVE; frota ampla SENATRAN ago/2026 e indicadores IBGE 2022, quando presentes, são medidas separadas. Recarga ABVE/Tupi ago/2026."
ES,ALTO RIO NOVO,0.000000,0.000000,1.000000,1.000000,,0.000638,"Emplacamentos BEV/PHEV ABVE; frota ampla SENATRAN ago/2026 e indicadores IBGE 2022, quando presentes, são medidas separadas. Recarga ABVE/Tupi ago/2026."
ES,MUCURICI,1.000000,0.000000,1.000000,1.000000,,0.000638,"Emplacamentos BEV/PHEV ABVE; frota ampla SENATRAN ago/2026 e indicadores IBGE 2022, quando presentes, são medidas separadas. Recarga ABVE/Tupi ago/2026."
PR,CAFEZAL DO SUL,0.000000,0.000000,1.000000,1.000000,,0.000638,"Emplacamentos BEV/PHEV ABVE; frota ampla SENATRAN ago/2026 e indicadores IBGE 2022, quando presentes, são medidas separadas. Recarga ABVE/Tupi ago/2026."
PR,CALIFORNIA,1.000000,2.000000,3.000000,1.000000,50.000000,0.000638,"Emplacamentos BEV/PHEV ABVE; frota ampla SENATRAN ago/2026 e indicadores IBGE 2022, quando presentes, são medidas separadas. Recarga ABVE/Tupi ago/2026."
GO,INACIOLANDIA,0.000000,0.000000,1.000000,1.000000,,0.000638,"Emplacamentos BEV/PHEV ABVE; frota ampla SENATRAN ago/2026 e indicadores IBGE 2022, quando presentes, são medidas separadas. Recarga ABVE/Tupi ago/2026."
GO,ITAPACI,4.000000,1.000000,2.000000,1.000000,100.000000,0.000638,"Emplacamentos BEV/PHEV ABVE; frota ampla SENATRAN ago/2026 e indicadores IBGE 2022, quando presentes, são medidas separadas. Recarga ABVE/Tupi ago/2026."
PR,ANTONIO OLINTO,0.000000,0.000000,1.000000,1.000000,,0.000638,"Emplacamentos BEV/PHEV ABVE; frota ampla SENATRAN ago/2026 e indicadores IBGE 2022, quando presentes, são medidas separadas. Recarga ABVE/Tupi ago/2026."
PR,ARAPOTI,1.000000,4.000000,5.000000,1.000000,25.000000,0.000638,"Emplacamentos BEV/PHEV ABVE; frota ampla SENATRAN ago/2026 e indicadores IBGE 2022, quando presentes, são medidas separadas. Recarga ABVE/Tupi ago/2026."
PR,CENTENARIO DO SUL,3.000000,0.000000,1.000000,1.000000,,0.000638,"Emplacamentos BEV/PHEV ABVE; frota ampla SENATRAN ago/2026 e indicadores IBGE 2022, quando presentes, são medidas separadas. Recarga ABVE/Tupi ago/2026."
GO,FAZENDA NOVA,0.000000,0.000000,1.000000,1.000000,,0.000638,"Emplacamentos BEV/PHEV ABVE; frota ampla SENATRAN ago/2026 e indicadores IBGE 2022, quando presentes, são medidas separadas. Recarga ABVE/Tupi ago/2026."
GO,GOIANDIRA,0.000000,0.000000,1.000000,1.000000,,0.000638,"Emplacamentos BEV/PHEV ABVE; frota ampla SENATRAN ago/2026 e indicadores IBGE 2022, quando presentes, são medidas separadas. Recarga ABVE/Tupi ago/2026."
SP,IACRI,2.000000,2.000000,3.000000,1.000000,50.000000,0.000638,"Emplacamentos BEV/PHEV ABVE; frota ampla SENATRAN ago/2026 e indicadores IBGE 2022, quando presentes, são medidas separadas. Recarga ABVE/Tupi ago/2026."
SP,IGARAPAVA,2.000000,2.000000,3.000000,1.000000,50.000000,0.000638,"Emplacamentos BEV/PHEV ABVE; frota ampla SENATRAN ago/2026 e indicadores IBGE 2022, quando presentes, são medidas separadas. Recarga ABVE/Tupi ago/2026."
PR,ANAHY,0.000000,0.000000,1.000000,1.000000,,0.000638,"Emplacamentos BEV/PHEV ABVE; frota ampla SENATRAN ago/2026 e indicadores IBGE 2022, quando presentes, são medidas separadas. Recarga ABVE/Tupi ago/2026."
PR,ANDIRA,2.000000,3.000000,4.000000,1.000000,33.333333,0.000638,"Emplacamentos BEV/PHEV ABVE; frota ampla SENATRAN ago/2026 e indicadores IBGE 2022, quando presentes, são medidas separadas. Recarga ABVE/Tupi ago/2026."
PR,ANGULO,0.000000,0.000000,1.000000,1.000000,,0.000638,"Emplacamentos BEV/PHEV ABVE; frota ampla SENATRAN ago/2026 e indicadores IBGE 2022, quando presentes, são medidas separadas. Recarga ABVE/Tupi ago/2026."
BA,CAPELA DO ALTO ALEGRE,1.000000,1.000000,2.000000,1.000000,100.000000,0.000638,"Emplacamentos BEV/PHEV ABVE; frota ampla SENATRAN ago/2026 e indicadores IBGE 2022, quando presentes, são medidas separadas. Recarga ABVE/Tupi ago/2026."
BA,CARAVELAS,0.000000,0.000000,1.000000,1.000000,,0.000638,"Emplacamentos BEV/PHEV ABVE; frota ampla SENATRAN ago/2026 e indicadores IBGE 2022, quando presentes, são medidas separadas. Recarga ABVE/Tupi ago/2026."
CE,TEJUCUOCA,1.000000,0.000000,1.000000,1.000000,,0.000638,"Emplacamentos BEV/PHEV ABVE; frota ampla SENATRAN ago/2026 e indicadores IBGE 2022, quando presentes, são medidas separadas. Recarga ABVE/Tupi ago/2026."
CE,UMARI,0.000000,0.000000,1.000000,1.000000,,0.000638,"Emplacamentos BEV/PHEV ABVE; frota ampla SENATRAN ago/2026 e indicadores IBGE 2022, quando presentes, são medidas separadas. Recarga ABVE/Tupi ago/2026."
BA,ITAGIMIRIM,0.000000,0.000000,1.000000,1.000000,,0.000638,"Emplacamentos BEV/PHEV ABVE; frota ampla SENATRAN ago/2026 e indicadores IBGE 2022, quando presentes, são medidas separadas. Recarga ABVE/Tupi ago/2026."
SP,CANAS,2.000000,1.000000,2.000000,1.000000,100.000000,0.000638,"Emplacamentos BEV/PHEV ABVE; frota ampla SENATRAN ago/2026 e indicadores IBGE 2022, quando presentes, são medidas separadas. Recarga ABVE/Tupi ago/2026."
PR,BARBOSA FERRAZ,0.000000,0.000000,1.000000,1.000000,,0.000638,"Emplacamentos BEV/PHEV ABVE; frota ampla SENATRAN ago/2026 e indicadores IBGE 2022, quando presentes, são medidas separadas. Recarga ABVE/Tupi ago/2026."
PR,BOA ESPERANCA DO IGUACU,0.000000,0.000000,1.000000,1.000000,,0.000638,"Emplacamentos BEV/PHEV ABVE; frota ampla SENATRAN ago/2026 e indicadores IBGE 2022, quando presentes, são medidas separadas. Recarga ABVE/Tupi ago/2026."
PR,BOM JESUS DO SUL,1.000000,0.000000,1.000000,1.000000,,0.000638,"Emplacamentos BEV/PHEV ABVE; frota ampla SENATRAN ago/2026 e indicadores IBGE 2022, quando presentes, são medidas separadas. Recarga ABVE/Tupi ago/2026."
PR,BOM SUCESSO DO SUL,0.000000,0.000000,1.000000,1.000000,,0.000638,"Emplacamentos BEV/PHEV ABVE; frota ampla SENATRAN ago/2026 e indicadores IBGE 2022, quando presentes, são medidas separadas. Recarga ABVE/Tupi ago/2026."
PR,BORRAZOPOLIS,0.000000,0.000000,1.000000,1.000000,,0.000638,"Emplacamentos BEV/PHEV ABVE; frota ampla SENATRAN ago/2026 e indicadores IBGE 2022, quando presentes, são medidas separadas. Recarga ABVE/Tupi ago/2026."
PR,CAFEARA,0.000000,0.000000,1.000000,1.000000,,0.000638,"Emplacamentos BEV/PHEV ABVE; frota ampla SENATRAN ago/2026 e indicadores IBGE 2022, quando presentes, são medidas separadas. Recarga ABVE/Tupi ago/2026."
PR,ADRIANOPOLIS,0.000000,0.000000,1.000000,1.000000,,0.000638,"Emplacamentos BEV/PHEV ABVE; frota ampla SENATRAN ago/2026 e indicadores IBGE 2022, quando presentes, são medidas separadas. Recarga ABVE/Tupi ago/2026."
PI,JAICOS,1.000000,0.000000,1.000000,1.000000,,0.000638,"Emplacamentos BEV/PHEV ABVE; frota ampla SENATRAN ago/2026 e indicadores IBGE 2022, quando presentes, são medidas separadas. Recarga ABVE/Tupi ago/2026."
PI,JATOBA DO PIAUI,0.000000,0.000000,1.000000,1.000000,,0.000638,"Emplacamentos BEV/PHEV ABVE; frota ampla SENATRAN ago/2026 e indicadores IBGE 2022, quando presentes, são medidas separadas. Recarga ABVE/Tupi ago/2026."
PI,MIGUEL ALVES,0.000000,0.000000,1.000000,1.000000,,0.000638,"Emplacamentos BEV/PHEV ABVE; frota ampla SENATRAN ago/2026 e indicadores IBGE 2022, quando presentes, são medidas separadas. Recarga ABVE/Tupi ago/2026."
RJ,SILVA JARDIM,2.000000,2.000000,3.000000,1.000000,50.000000,0.000638,"Emplacamentos BEV/PHEV ABVE; frota ampla SENATRAN ago/2026 e indicadores IBGE 2022, quando presentes, são medidas separadas. Recarga ABVE/Tupi ago/2026."
RJ,VASSOURAS,4.000000,24.000000,25.000000,1.000000,4.166667,0.000638,"Emplacamentos BEV/PHEV ABVE; frota ampla SENATRAN ago/2026 e indicadores IBGE 2022, quando presentes, são medidas separadas. Recarga ABVE/Tupi ago/2026."
RN,AGUA NOVA,0.000000,0.000000,1.000000,1.000000,,0.000638,"Emplacamentos BEV/PHEV ABVE; frota ampla SENATRAN ago/2026 e indicadores IBGE 2022, quando presentes, são medidas separadas. Recarga ABVE/Tupi ago/2026."
CE,TARRAFAS,0.000000,0.000000,1.000000,1.000000,,0.000638,"Emplacamentos BEV/PHEV ABVE; frota ampla SENATRAN ago/2026 e indicadores IBGE 2022, quando presentes, são medidas separadas. Recarga ABVE/Tupi ago/2026."
BA,CHORROCHO,0.000000,0.000000,1.000000,1.000000,,0.000638,"Emplacamentos BEV/PHEV ABVE; frota ampla SENATRAN ago/2026 e indicadores IBGE 2022, quando presentes, são medidas separadas. Recarga ABVE/Tupi ago/2026."
PI,SEBASTIAO LEAL,0.000000,0.000000,1.000000,1.000000,,0.000638,"Emplacamentos BEV/PHEV ABVE; frota ampla SENATRAN ago/2026 e indicadores IBGE 2022, quando presentes, são medidas separadas. Recarga ABVE/Tupi ago/2026."
PI,SUSSUAPARA,0.000000,0.000000,1.000000,1.000000,,0.000638,"Emplacamentos BEV/PHEV ABVE; frota ampla SENATRAN ago/2026 e indicadores IBGE 2022, quando presentes, são medidas separadas. Recarga ABVE/Tupi ago/2026."
GO,LEOPOLDO DE BULHOES,4.000000,0.000000,1.000000,1.000000,,0.000638,"Emplacamentos BEV/PHEV ABVE; frota ampla SENATRAN ago/2026 e indicadores IBGE 2022, quando presentes, são medidas separadas. Recarga ABVE/Tupi ago/2026."
GO,LUZIANIA,2.000000,1.000000,2.000000,1.000000,100.000000,0.000638,"Emplacamentos BEV/PHEV ABVE; frota ampla SENATRAN ago/2026 e indicadores IBGE 2022, quando presentes, são medidas separadas. Recarga ABVE/Tupi ago/2026."
PI,UNIAO,1.000000,3.000000,4.000000,1.000000,33.333333,0.000638,"Emplacamentos BEV/PHEV ABVE; frota ampla SENATRAN ago/2026 e indicadores IBGE 2022, quando presentes, são medidas separadas. Recarga ABVE/Tupi ago/2026."
PI,RIBEIRO GONCALVES,0.000000,0.000000,1.000000,1.000000,,0.000638,"Emplacamentos BEV/PHEV ABVE; frota ampla SENATRAN ago/2026 e indicadores IBGE 2022, quando presentes, são medidas separadas. Recarga ABVE/Tupi ago/2026."
PI,SANTA CRUZ DO PIAUI,0.000000,0.000000,1.000000,1.000000,,0.000638,"Emplacamentos BEV/PHEV ABVE; frota ampla SENATRAN ago/2026 e indicadores IBGE 2022, quando presentes, são medidas separadas. Recarga ABVE/Tupi ago/2026."
PR,AMPERE,1.000000,3.000000,4.000000,1.000000,33.333333,0.000638,"Emplacamentos BEV/PHEV ABVE; frota ampla SENATRAN ago/2026 e indicadores IBGE 2022, quando presentes, são medidas separadas. Recarga ABVE/Tupi ago/2026."
SP,ITAJU,0.000000,0.000000,1.000000,1.000000,,0.000638,"Emplacamentos BEV/PHEV ABVE; frota ampla SENATRAN ago/2026 e indicadores IBGE 2022, quando presentes, são medidas separadas. Recarga ABVE/Tupi ago/2026."
SP,ITAPORANGA,0.000000,0.000000,1.000000,1.000000,,0.000638,"Emplacamentos BEV/PHEV ABVE; frota ampla SENATRAN ago/2026 e indicadores IBGE 2022, quando presentes, são medidas separadas. Recarga ABVE/Tupi ago/2026."
SP,ITAPURA,0.000000,0.000000,1.000000,1.000000,,0.000638,"Emplacamentos BEV/PHEV ABVE; frota ampla SENATRAN ago/2026 e indicadores IBGE 2022, quando presentes, são medidas separadas. Recarga ABVE/Tupi ago/2026."
RN,BENTO FERNANDES,0.000000,0.000000,1.000000,1.000000,,0.000638,"Emplacamentos BEV/PHEV ABVE; frota ampla SENATRAN ago/2026 e indicadores IBGE 2022, quando presentes, são medidas separadas. Recarga ABVE/Tupi ago/2026."
RN,CAMPO REDONDO,0.000000,0.000000,1.000000,1.000000,,0.000638,"Emplacamentos BEV/PHEV ABVE; frota ampla SENATRAN ago/2026 e indicadores IBGE 2022, quando presentes, são medidas separadas. Recarga ABVE/Tupi ago/2026."
RN,CARAUBAS,1.000000,1.000000,2.000000,1.000000,100.000000,0.000638,"Emplacamentos BEV/PHEV ABVE; frota ampla SENATRAN ago/2026 e indicadores IBGE 2022, quando presentes, são medidas separadas. Recarga ABVE/Tupi ago/2026."
RN,CERRO CORA,0.000000,0.000000,1.000000,1.000000,,0.000638,"Emplacamentos BEV/PHEV ABVE; frota ampla SENATRAN ago/2026 e indicadores IBGE 2022, quando presentes, são medidas separadas. Recarga ABVE/Tupi ago/2026."
CE,VARJOTA,1.000000,3.000000,4.000000,1.000000,33.333333,0.000638,"Emplacamentos BEV/PHEV ABVE; frota ampla SENATRAN ago/2026 e indicadores IBGE 2022, quando presentes, são medidas separadas. Recarga ABVE/Tupi ago/2026."
PI,SANTANA DO PIAUI,0.000000,0.000000,1.000000,1.000000,,0.000638,"Emplacamentos BEV/PHEV ABVE; frota ampla SENATRAN ago/2026 e indicadores IBGE 2022, quando presentes, são medidas separadas. Recarga ABVE/Tupi ago/2026."
PI,SANTO INACIO DO PIAUI,0.000000,0.000000,1.000000,1.000000,,0.000638,"Emplacamentos BEV/PHEV ABVE; frota ampla SENATRAN ago/2026 e indicadores IBGE 2022, quando presentes, são medidas separadas. Recarga ABVE/Tupi ago/2026."
PI,SAO GONCALO DO GURGUEIA,0.000000,0.000000,1.000000,1.000000,,0.000638,"Emplacamentos BEV/PHEV ABVE; frota ampla SENATRAN ago/2026 e indicadores IBGE 2022, quando presentes, são medidas separadas. Recarga ABVE/Tupi ago/2026."
PI,SAO JOAO DA SERRA,0.000000,0.000000,1.000000,1.000000,,0.000638,"Emplacamentos BEV/PHEV ABVE; frota ampla SENATRAN ago/2026 e indicadores IBGE 2022, quando presentes, são medidas separadas. Recarga ABVE/Tupi ago/2026."
PI,SAO PEDRO DO PIAUI,0.000000,1.000000,2.000000,1.000000,100.000000,0.000638,"Emplacamentos BEV/PHEV ABVE; frota ampla SENATRAN ago/2026 e indicadores IBGE 2022, quando presentes, são medidas separadas. Recarga ABVE/Tupi ago/2026."
PI,ILHA GRANDE,0.000000,0.000000,1.000000,1.000000,,0.000638,"Emplacamentos BEV/PHEV ABVE; frota ampla SENATRAN ago/2026 e indicadores IBGE 2022, quando presentes, são medidas separadas. Recarga ABVE/Tupi ago/2026."
PI,IPIRANGA DO PIAUI,0.000000,0.000000,1.000000,1.000000,,0.000638,"Emplacamentos BEV/PHEV ABVE; frota ampla SENATRAN ago/2026 e indicadores IBGE 2022, quando presentes, são medidas separadas. Recarga ABVE/Tupi ago/2026."
PI,ITAINOPOLIS,0.000000,0.000000,1.000000,1.000000,,0.000638,"Emplacamentos BEV/PHEV ABVE; frota ampla SENATRAN ago/2026 e indicadores IBGE 2022, quando presentes, são medidas separadas. Recarga ABVE/Tupi ago/2026."
PI,ELESBAO VELOSO,0.000000,0.000000,1.000000,1.000000,,0.000638,"Emplacamentos BEV/PHEV ABVE; frota ampla SENATRAN ago/2026 e indicadores IBGE 2022, quando presentes, são medidas separadas. Recarga ABVE/Tupi ago/2026."
PI,FARTURA DO PIAUI,0.000000,0.000000,1.000000,1.000000,,0.000638,"Emplacamentos BEV/PHEV ABVE; frota ampla SENATRAN ago/2026 e indicadores IBGE 2022, quando presentes, são medidas separadas. Recarga ABVE/Tupi ago/2026."
PI,FRANCISCO SANTOS,1.000000,0.000000,1.000000,1.000000,,0.000638,"Emplacamentos BEV/PHEV ABVE; frota ampla SENATRAN ago/2026 e indicadores IBGE 2022, quando presentes, são medidas separadas. Recarga ABVE/Tupi ago/2026."
PI,GEMINIANO,1.000000,0.000000,1.000000,1.000000,,0.000638,"Emplacamentos BEV/PHEV ABVE; frota ampla SENATRAN ago/2026 e indicadores IBGE 2022, quando presentes, são medidas separadas. Recarga ABVE/Tupi ago/2026."
PI,ARRAIAL,0.000000,0.000000,1.000000,1.000000,,0.000638,"Emplacamentos BEV/PHEV ABVE; frota ampla SENATRAN ago/2026 e indicadores IBGE 2022, quando presentes, são medidas separadas. Recarga ABVE/Tupi ago/2026."
PI,BELEM DO PIAUI,0.000000,0.000000,1.000000,1.000000,,0.000638,"Emplacamentos BEV/PHEV ABVE; frota ampla SENATRAN ago/2026 e indicadores IBGE 2022, quando presentes, são medidas separadas. Recarga ABVE/Tupi ago/2026."
PI,BOM JESUS,3.000000,1.000000,2.000000,1.000000,100.000000,0.000638,"Emplacamentos BEV/PHEV ABVE; frota ampla SENATRAN ago/2026 e indicadores IBGE 2022, quando presentes, são medidas separadas. Recarga ABVE/Tupi ago/2026."
PI,BURITI DOS LOPES,0.000000,0.000000,1.000000,1.000000,,0.000638,"Emplacamentos BEV/PHEV ABVE; frota ampla SENATRAN ago/2026 e indicadores IBGE 2022, quando presentes, são medidas separadas. Recarga ABVE/Tupi ago/2026."
BA,IRAJUBA,0.000000,0.000000,1.000000,1.000000,,0.000638,"Emplacamentos BEV/PHEV ABVE; frota ampla SENATRAN ago/2026 e indicadores IBGE 2022, quando presentes, são medidas separadas. Recarga ABVE/Tupi ago/2026."
BA,IRARA,0.000000,2.000000,3.000000,1.000000,50.000000,0.000638,"Emplacamentos BEV/PHEV ABVE; frota ampla SENATRAN ago/2026 e indicadores IBGE 2022, quando presentes, são medidas separadas. Recarga ABVE/Tupi ago/2026."
BA,ITABELA,0.000000,0.000000,1.000000,1.000000,,0.000638,"Emplacamentos BEV/PHEV ABVE; frota ampla SENATRAN ago/2026 e indicadores IBGE 2022, quando presentes, são medidas separadas. Recarga ABVE/Tupi ago/2026."
RN,FRUTUOSO GOMES,0.000000,0.000000,1.000000,1.000000,,0.000638,"Emplacamentos BEV/PHEV ABVE; frota ampla SENATRAN ago/2026 e indicadores IBGE 2022, quando presentes, são medidas separadas. Recarga ABVE/Tupi ago/2026."
RN,JANDAIRA,0.000000,0.000000,1.000000,1.000000,,0.000638,"Emplacamentos BEV/PHEV ABVE; frota ampla SENATRAN ago/2026 e indicadores IBGE 2022, quando presentes, são medidas separadas. Recarga ABVE/Tupi ago/2026."
RN,JANUARIO CICCO,0.000000,1.000000,2.000000,1.000000,100.000000,0.000638,"Emplacamentos BEV/PHEV ABVE; frota ampla SENATRAN ago/2026 e indicadores IBGE 2022, quando presentes, são medidas separadas. Recarga ABVE/Tupi ago/2026."
PI,PADRE MARCOS,0.000000,0.000000,1.000000,1.000000,,0.000638,"Emplacamentos BEV/PHEV ABVE; frota ampla SENATRAN ago/2026 e indicadores IBGE 2022, quando presentes, são medidas separadas. Recarga ABVE/Tupi ago/2026."
SP,IRAPURU,0.000000,0.000000,1.000000,1.000000,,0.000638,"Emplacamentos BEV/PHEV ABVE; frota ampla SENATRAN ago/2026 e indicadores IBGE 2022, quando presentes, são medidas separadas. Recarga ABVE/Tupi ago/2026."
GO,NOVA CRIXAS,0.000000,0.000000,1.000000,1.000000,,0.000638,"Emplacamentos BEV/PHEV ABVE; frota ampla SENATRAN ago/2026 e indicadores IBGE 2022, quando presentes, são medidas separadas. Recarga ABVE/Tupi ago/2026."
PI,CAMPO LARGO DO PIAUI,0.000000,0.000000,1.000000,1.000000,,0.000638,"Emplacamentos BEV/PHEV ABVE; frota ampla SENATRAN ago/2026 e indicadores IBGE 2022, quando presentes, são medidas separadas. Recarga ABVE/Tupi ago/2026."
PI,CAPITAO DE CAMPOS,0.000000,0.000000,1.000000,1.000000,,0.000638,"Emplacamentos BEV/PHEV ABVE; frota ampla SENATRAN ago/2026 e indicadores IBGE 2022, quando presentes, são medidas separadas. Recarga ABVE/Tupi ago/2026."
PI,CAXINGO,0.000000,0.000000,1.000000,1.000000,,0.000638,"Emplacamentos BEV/PHEV ABVE; frota ampla SENATRAN ago/2026 e indicadores IBGE 2022, quando presentes, são medidas separadas. Recarga ABVE/Tupi ago/2026."
BA,BURITIRAMA,0.000000,0.000000,1.000000,1.000000,,0.000638,"Emplacamentos BEV/PHEV ABVE; frota ampla SENATRAN ago/2026 e indicadores IBGE 2022, quando presentes, são medidas separadas. Recarga ABVE/Tupi ago/2026."
BA,CAMACAN,0.000000,0.000000,1.000000,1.000000,,0.000638,"Emplacamentos BEV/PHEV ABVE; frota ampla SENATRAN ago/2026 e indicadores IBGE 2022, quando presentes, são medidas separadas. Recarga ABVE/Tupi ago/2026."
BA,CAMPO ALEGRE DE LOURDES,0.000000,1.000000,2.000000,1.000000,100.000000,0.000638,"Emplacamentos BEV/PHEV ABVE; frota ampla SENATRAN ago/2026 e indicadores IBGE 2022, quando presentes, são medidas separadas. Recarga ABVE/Tupi ago/2026."
RN,LAGOA D'ANTA,0.000000,0.000000,1.000000,1.000000,,0.000638,"Emplacamentos BEV/PHEV ABVE; frota ampla SENATRAN ago/2026 e indicadores IBGE 2022, quando presentes, são medidas separadas. Recarga ABVE/Tupi ago/2026."
CE,PORTEIRAS,0.000000,0.000000,1.000000,1.000000,,0.000638,"Emplacamentos BEV/PHEV ABVE; frota ampla SENATRAN ago/2026 e indicadores IBGE 2022, quando presentes, são medidas separadas. Recarga ABVE/Tupi ago/2026."
CE,POTENGI,0.000000,0.000000,1.000000,1.000000,,0.000638,"Emplacamentos BEV/PHEV ABVE; frota ampla SENATRAN ago/2026 e indicadores IBGE 2022, quando presentes, são medidas separadas. Recarga ABVE/Tupi ago/2026."
CE,SANTANA DO CARIRI,0.000000,0.000000,1.000000,1.000000,,0.000638,"Emplacamentos BEV/PHEV ABVE; frota ampla SENATRAN ago/2026 e indicadores IBGE 2022, quando presentes, são medidas separadas. Recarga ABVE/Tupi ago/2026."
CE,SENADOR POMPEU,1.000000,0.000000,1.000000,1.000000,,0.000638,"Emplacamentos BEV/PHEV ABVE; frota ampla SENATRAN ago/2026 e indicadores IBGE 2022, quando presentes, são medidas separadas. Recarga ABVE/Tupi ago/2026."
SP,BOREBI,0.000000,0.000000,1.000000,1.000000,,0.000638,"Emplacamentos BEV/PHEV ABVE; frota ampla SENATRAN ago/2026 e indicadores IBGE 2022, quando presentes, são medidas separadas. Recarga ABVE/Tupi ago/2026."
BA,IPECAETA,0.000000,0.000000,1.000000,1.000000,,0.000638,"Emplacamentos BEV/PHEV ABVE; frota ampla SENATRAN ago/2026 e indicadores IBGE 2022, quando presentes, são medidas separadas. Recarga ABVE/Tupi ago/2026."
PI,COCAL DOS ALVES,0.000000,0.000000,1.000000,1.000000,,0.000638,"Emplacamentos BEV/PHEV ABVE; frota ampla SENATRAN ago/2026 e indicadores IBGE 2022, quando presentes, são medidas separadas. Recarga ABVE/Tupi ago/2026."
PI,CRISTINO CASTRO,0.000000,0.000000,1.000000,1.000000,,0.000638,"Emplacamentos BEV/PHEV ABVE; frota ampla SENATRAN ago/2026 e indicadores IBGE 2022, quando presentes, são medidas separadas. Recarga ABVE/Tupi ago/2026."
GO,OURO VERDE DE GOIAS,0.000000,0.000000,1.000000,1.000000,,0.000638,"Emplacamentos BEV/PHEV ABVE; frota ampla SENATRAN ago/2026 e indicadores IBGE 2022, quando presentes, são medidas separadas. Recarga ABVE/Tupi ago/2026."
GO,PALMINOPOLIS,0.000000,0.000000,1.000000,1.000000,,0.000638,"Emplacamentos BEV/PHEV ABVE; frota ampla SENATRAN ago/2026 e indicadores IBGE 2022, quando presentes, são medidas separadas. Recarga ABVE/Tupi ago/2026."
GO,PANAMA,0.000000,0.000000,1.000000,1.000000,,0.000638,"Emplacamentos BEV/PHEV ABVE; frota ampla SENATRAN ago/2026 e indicadores IBGE 2022, quando presentes, são medidas separadas. Recarga ABVE/Tupi ago/2026."
PE,SANTA CRUZ DA BAIXA VERDE,1.000000,0.000000,1.000000,1.000000,,0.000638,"Emplacamentos BEV/PHEV ABVE; frota ampla SENATRAN ago/2026 e indicadores IBGE 2022, quando presentes, são medidas separadas. Recarga ABVE/Tupi ago/2026."
PE,SANTA FILOMENA,0.000000,0.000000,1.000000,1.000000,,0.000638,"Emplacamentos BEV/PHEV ABVE; frota ampla SENATRAN ago/2026 e indicadores IBGE 2022, quando presentes, são medidas separadas. Recarga ABVE/Tupi ago/2026."
RN,LAGOA DE PEDRAS,0.000000,0.000000,1.000000,1.000000,,0.000638,"Emplacamentos BEV/PHEV ABVE; frota ampla SENATRAN ago/2026 e indicadores IBGE 2022, quando presentes, são medidas separadas. Recarga ABVE/Tupi ago/2026."
RN,LAGOA SALGADA,0.000000,0.000000,1.000000,1.000000,,0.000638,"Emplacamentos BEV/PHEV ABVE; frota ampla SENATRAN ago/2026 e indicadores IBGE 2022, quando presentes, são medidas separadas. Recarga ABVE/Tupi ago/2026."
RN,LUIS GOMES,0.000000,0.000000,1.000000,1.000000,,0.000638,"Emplacamentos BEV/PHEV ABVE; frota ampla SENATRAN ago/2026 e indicadores IBGE 2022, quando presentes, são medidas separadas. Recarga ABVE/Tupi ago/2026."
RN,MAJOR SALES,0.000000,0.000000,1.000000,1.000000,,0.000638,"Emplacamentos BEV/PHEV ABVE; frota ampla SENATRAN ago/2026 e indicadores IBGE 2022, quando presentes, são medidas separadas. Recarga ABVE/Tupi ago/2026."
RN,MONTANHAS,1.000000,0.000000,1.000000,1.000000,,0.000638,"Emplacamentos BEV/PHEV ABVE; frota ampla SENATRAN ago/2026 e indicadores IBGE 2022, quando presentes, são medidas separadas. Recarga ABVE/Tupi ago/2026."
RN,OURO BRANCO,0.000000,0.000000,1.000000,1.000000,,0.000638,"Emplacamentos BEV/PHEV ABVE; frota ampla SENATRAN ago/2026 e indicadores IBGE 2022, quando presentes, são medidas separadas. Recarga ABVE/Tupi ago/2026."
BA,CANARANA,0.000000,0.000000,1.000000,1.000000,,0.000638,"Emplacamentos BEV/PHEV ABVE; frota ampla SENATRAN ago/2026 e indicadores IBGE 2022, quando presentes, são medidas separadas. Recarga ABVE/Tupi ago/2026."
PE,TACARATU,1.000000,0.000000,1.000000,1.000000,,0.000638,"Emplacamentos BEV/PHEV ABVE; frota ampla SENATRAN ago/2026 e indicadores IBGE 2022, quando presentes, são medidas separadas. Recarga ABVE/Tupi ago/2026."
PE,TUPANATINGA,1.000000,0.000000,1.000000,1.000000,,0.000638,"Emplacamentos BEV/PHEV ABVE; frota ampla SENATRAN ago/2026 e indicadores IBGE 2022, quando presentes, são medidas separadas. Recarga ABVE/Tupi ago/2026."
PI,ALTOS,7.000000,7.000000,8.000000,1.000000,14.285714,0.000638,"Emplacamentos BEV/PHEV ABVE; frota ampla SENATRAN ago/2026 e indicadores IBGE 2022, quando presentes, são medidas separadas. Recarga ABVE/Tupi ago/2026."
GO,NOVA AURORA,0.000000,0.000000,1.000000,1.000000,,0.000638,"Emplacamentos BEV/PHEV ABVE; frota ampla SENATRAN ago/2026 e indicadores IBGE 2022, quando presentes, são medidas separadas. Recarga ABVE/Tupi ago/2026."
PE,PRIMAVERA,0.000000,0.000000,1.000000,1.000000,,0.000638,"Emplacamentos BEV/PHEV ABVE; frota ampla SENATRAN ago/2026 e indicadores IBGE 2022, quando presentes, são medidas separadas. Recarga ABVE/Tupi ago/2026."
PE,SOLIDAO,0.000000,0.000000,1.000000,1.000000,,0.000638,"Emplacamentos BEV/PHEV ABVE; frota ampla SENATRAN ago/2026 e indicadores IBGE 2022, quando presentes, são medidas separadas. Recarga ABVE/Tupi ago/2026."
SP,JERIQUARA,0.000000,0.000000,1.000000,1.000000,,0.000638,"Emplacamentos BEV/PHEV ABVE; frota ampla SENATRAN ago/2026 e indicadores IBGE 2022, quando presentes, são medidas separadas. Recarga ABVE/Tupi ago/2026."
SP,JUNQUEIROPOLIS,0.000000,1.000000,2.000000,1.000000,100.000000,0.000638,"Emplacamentos BEV/PHEV ABVE; frota ampla SENATRAN ago/2026 e indicadores IBGE 2022, quando presentes, são medidas separadas. Recarga ABVE/Tupi ago/2026."
SP,LAGOINHA,0.000000,0.000000,1.000000,1.000000,,0.000638,"Emplacamentos BEV/PHEV ABVE; frota ampla SENATRAN ago/2026 e indicadores IBGE 2022, quando presentes, são medidas separadas. Recarga ABVE/Tupi ago/2026."
BA,BAIANOPOLIS,0.000000,0.000000,1.000000,1.000000,,0.000638,"Emplacamentos BEV/PHEV ABVE; frota ampla SENATRAN ago/2026 e indicadores IBGE 2022, quando presentes, são medidas separadas. Recarga ABVE/Tupi ago/2026."
RN,RIACHO DA CRUZ,0.000000,0.000000,1.000000,1.000000,,0.000638,"Emplacamentos BEV/PHEV ABVE; frota ampla SENATRAN ago/2026 e indicadores IBGE 2022, quando presentes, são medidas separadas. Recarga ABVE/Tupi ago/2026."
RN,RUY BARBOSA,0.000000,0.000000,1.000000,1.000000,,0.000638,"Emplacamentos BEV/PHEV ABVE; frota ampla SENATRAN ago/2026 e indicadores IBGE 2022, quando presentes, são medidas separadas. Recarga ABVE/Tupi ago/2026."
RN,SANTA MARIA,0.000000,0.000000,1.000000,1.000000,,0.000638,"Emplacamentos BEV/PHEV ABVE; frota ampla SENATRAN ago/2026 e indicadores IBGE 2022, quando presentes, são medidas separadas. Recarga ABVE/Tupi ago/2026."
BA,ITIRUCU,0.000000,0.000000,1.000000,1.000000,,0.000638,"Emplacamentos BEV/PHEV ABVE; frota ampla SENATRAN ago/2026 e indicadores IBGE 2022, quando presentes, são medidas separadas. Recarga ABVE/Tupi ago/2026."
BA,ITUBERA,0.000000,1.000000,2.000000,1.000000,100.000000,0.000638,"Emplacamentos BEV/PHEV ABVE; frota ampla SENATRAN ago/2026 e indicadores IBGE 2022, quando presentes, são medidas separadas. Recarga ABVE/Tupi ago/2026."
BA,IUIU,0.000000,0.000000,1.000000,1.000000,,0.000638,"Emplacamentos BEV/PHEV ABVE; frota ampla SENATRAN ago/2026 e indicadores IBGE 2022, quando presentes, são medidas separadas. Recarga ABVE/Tupi ago/2026."
SP,BENTO DE ABREU,0.000000,1.000000,2.000000,1.000000,100.000000,0.000638,"Emplacamentos BEV/PHEV ABVE; frota ampla SENATRAN ago/2026 e indicadores IBGE 2022, quando presentes, são medidas separadas. Recarga ABVE/Tupi ago/2026."
GO,NOVA GLORIA,0.000000,0.000000,1.000000,1.000000,,0.000638,"Emplacamentos BEV/PHEV ABVE; frota ampla SENATRAN ago/2026 e indicadores IBGE 2022, quando presentes, são medidas separadas. Recarga ABVE/Tupi ago/2026."
GO,NOVO GAMA,0.000000,0.000000,1.000000,1.000000,,0.000638,"Emplacamentos BEV/PHEV ABVE; frota ampla SENATRAN ago/2026 e indicadores IBGE 2022, quando presentes, são medidas separadas. Recarga ABVE/Tupi ago/2026."
GO,ORIZONA,0.000000,0.000000,1.000000,1.000000,,0.000638,"Emplacamentos BEV/PHEV ABVE; frota ampla SENATRAN ago/2026 e indicadores IBGE 2022, quando presentes, são medidas separadas. Recarga ABVE/Tupi ago/2026."
RN,VARZEA,0.000000,0.000000,1.000000,1.000000,,0.000638,"Emplacamentos BEV/PHEV ABVE; frota ampla SENATRAN ago/2026 e indicadores IBGE 2022, quando presentes, são medidas separadas. Recarga ABVE/Tupi ago/2026."
RN,SAO FRANCISCO DO OESTE,0.000000,0.000000,1.000000,1.000000,,0.000638,"Emplacamentos BEV/PHEV ABVE; frota ampla SENATRAN ago/2026 e indicadores IBGE 2022, quando presentes, são medidas separadas. Recarga ABVE/Tupi ago/2026."
RN,SAO JOAO DO SABUGI,0.000000,0.000000,1.000000,1.000000,,0.000638,"Emplacamentos BEV/PHEV ABVE; frota ampla SENATRAN ago/2026 e indicadores IBGE 2022, quando presentes, são medidas separadas. Recarga ABVE/Tupi ago/2026."
RN,SENADOR ELOI DE SOUZA,0.000000,0.000000,1.000000,1.000000,,0.000638,"Emplacamentos BEV/PHEV ABVE; frota ampla SENATRAN ago/2026 e indicadores IBGE 2022, quando presentes, são medidas separadas. Recarga ABVE/Tupi ago/2026."
RN,PEDRO AVELINO,0.000000,0.000000,1.000000,1.000000,,0.000638,"Emplacamentos BEV/PHEV ABVE; frota ampla SENATRAN ago/2026 e indicadores IBGE 2022, quando presentes, são medidas separadas. Recarga ABVE/Tupi ago/2026."
RN,RAFAEL GODEIRO,0.000000,0.000000,1.000000,1.000000,,0.000638,"Emplacamentos BEV/PHEV ABVE; frota ampla SENATRAN ago/2026 e indicadores IBGE 2022, quando presentes, são medidas separadas. Recarga ABVE/Tupi ago/2026."
GO,PROFESSOR JAMIL,0.000000,0.000000,1.000000,1.000000,,0.000638,"Emplacamentos BEV/PHEV ABVE; frota ampla SENATRAN ago/2026 e indicadores IBGE 2022, quando presentes, são medidas separadas. Recarga ABVE/Tupi ago/2026."
PE,FREI MIGUELINHO,1.000000,0.000000,1.000000,1.000000,,0.000638,"Emplacamentos BEV/PHEV ABVE; frota ampla SENATRAN ago/2026 e indicadores IBGE 2022, quando presentes, são medidas separadas. Recarga ABVE/Tupi ago/2026."
PE,GAMELEIRA,0.000000,1.000000,2.000000,1.000000,100.000000,0.000638,"Emplacamentos BEV/PHEV ABVE; frota ampla SENATRAN ago/2026 e indicadores IBGE 2022, quando presentes, são medidas separadas. Recarga ABVE/Tupi ago/2026."
PE,JUREMA,0.000000,0.000000,1.000000,1.000000,,0.000638,"Emplacamentos BEV/PHEV ABVE; frota ampla SENATRAN ago/2026 e indicadores IBGE 2022, quando presentes, são medidas separadas. Recarga ABVE/Tupi ago/2026."
PE,MOREILANDIA,2.000000,1.000000,2.000000,1.000000,100.000000,0.000638,"Emplacamentos BEV/PHEV ABVE; frota ampla SENATRAN ago/2026 e indicadores IBGE 2022, quando presentes, são medidas separadas. Recarga ABVE/Tupi ago/2026."
PE,ITAPETIM,1.000000,0.000000,1.000000,1.000000,,0.000638,"Emplacamentos BEV/PHEV ABVE; frota ampla SENATRAN ago/2026 e indicadores IBGE 2022, quando presentes, são medidas separadas. Recarga ABVE/Tupi ago/2026."
GO,PIRANHAS,2.000000,2.000000,3.000000,1.000000,50.000000,0.000638,"Emplacamentos BEV/PHEV ABVE; frota ampla SENATRAN ago/2026 e indicadores IBGE 2022, quando presentes, são medidas separadas. Recarga ABVE/Tupi ago/2026."
BA,BELMONTE,1.000000,0.000000,1.000000,1.000000,,0.000638,"Emplacamentos BEV/PHEV ABVE; frota ampla SENATRAN ago/2026 e indicadores IBGE 2022, quando presentes, são medidas separadas. Recarga ABVE/Tupi ago/2026."
PE,PANELAS,0.000000,0.000000,1.000000,1.000000,,0.000638,"Emplacamentos BEV/PHEV ABVE; frota ampla SENATRAN ago/2026 e indicadores IBGE 2022, quando presentes, são medidas separadas. Recarga ABVE/Tupi ago/2026."
PE,PETROLANDIA,1.000000,0.000000,1.000000,1.000000,,0.000638,"Emplacamentos BEV/PHEV ABVE; frota ampla SENATRAN ago/2026 e indicadores IBGE 2022, quando presentes, são medidas separadas. Recarga ABVE/Tupi ago/2026."
BA,ITAPEBI,0.000000,0.000000,1.000000,1.000000,,0.000638,"Emplacamentos BEV/PHEV ABVE; frota ampla SENATRAN ago/2026 e indicadores IBGE 2022, quando presentes, são medidas separadas. Recarga ABVE/Tupi ago/2026."
PE,INAJA,0.000000,0.000000,1.000000,1.000000,,0.000638,"Emplacamentos BEV/PHEV ABVE; frota ampla SENATRAN ago/2026 e indicadores IBGE 2022, quando presentes, são medidas separadas. Recarga ABVE/Tupi ago/2026."
PE,INGAZEIRA,0.000000,0.000000,1.000000,1.000000,,0.000638,"Emplacamentos BEV/PHEV ABVE; frota ampla SENATRAN ago/2026 e indicadores IBGE 2022, quando presentes, são medidas separadas. Recarga ABVE/Tupi ago/2026."
PE,IPUBI,2.000000,1.000000,2.000000,1.000000,100.000000,0.000638,"Emplacamentos BEV/PHEV ABVE; frota ampla SENATRAN ago/2026 e indicadores IBGE 2022, quando presentes, são medidas separadas. Recarga ABVE/Tupi ago/2026."
PE,ITACURUBA,0.000000,0.000000,1.000000,1.000000,,0.000638,"Emplacamentos BEV/PHEV ABVE; frota ampla SENATRAN ago/2026 e indicadores IBGE 2022, quando presentes, são medidas separadas. Recarga ABVE/Tupi ago/2026."
BA,BOQUIRA,0.000000,0.000000,1.000000,1.000000,,0.000638,"Emplacamentos BEV/PHEV ABVE; frota ampla SENATRAN ago/2026 e indicadores IBGE 2022, quando presentes, são medidas separadas. Recarga ABVE/Tupi ago/2026."
BA,BUERAREMA,1.000000,0.000000,1.000000,1.000000,,0.000638,"Emplacamentos BEV/PHEV ABVE; frota ampla SENATRAN ago/2026 e indicadores IBGE 2022, quando presentes, são medidas separadas. Recarga ABVE/Tupi ago/2026."
SP,LUCIANOPOLIS,0.000000,0.000000,1.000000,1.000000,,0.000638,"Emplacamentos BEV/PHEV ABVE; frota ampla SENATRAN ago/2026 e indicadores IBGE 2022, quando presentes, são medidas separadas. Recarga ABVE/Tupi ago/2026."
SP,LUPERCIO,1.000000,0.000000,1.000000,1.000000,,0.000638,"Emplacamentos BEV/PHEV ABVE; frota ampla SENATRAN ago/2026 e indicadores IBGE 2022, quando presentes, são medidas separadas. Recarga ABVE/Tupi ago/2026."
SP,LUTECIA,0.000000,0.000000,1.000000,1.000000,,0.000638,"Emplacamentos BEV/PHEV ABVE; frota ampla SENATRAN ago/2026 e indicadores IBGE 2022, quando presentes, são medidas separadas. Recarga ABVE/Tupi ago/2026."
SP,MACAUBAL,4.000000,0.000000,1.000000,1.000000,,0.000638,"Emplacamentos BEV/PHEV ABVE; frota ampla SENATRAN ago/2026 e indicadores IBGE 2022, quando presentes, são medidas separadas. Recarga ABVE/Tupi ago/2026."
SP,MACEDONIA,1.000000,0.000000,1.000000,1.000000,,0.000638,"Emplacamentos BEV/PHEV ABVE; frota ampla SENATRAN ago/2026 e indicadores IBGE 2022, quando presentes, são medidas separadas. Recarga ABVE/Tupi ago/2026."
RN,SERRA NEGRA DO NORTE,0.000000,0.000000,1.000000,1.000000,,0.000638,"Emplacamentos BEV/PHEV ABVE; frota ampla SENATRAN ago/2026 e indicadores IBGE 2022, quando presentes, são medidas separadas. Recarga ABVE/Tupi ago/2026."
RN,TAIPU,0.000000,0.000000,1.000000,1.000000,,0.000638,"Emplacamentos BEV/PHEV ABVE; frota ampla SENATRAN ago/2026 e indicadores IBGE 2022, quando presentes, são medidas separadas. Recarga ABVE/Tupi ago/2026."
RN,TIBAU,1.000000,1.000000,2.000000,1.000000,100.000000,0.000638,"Emplacamentos BEV/PHEV ABVE; frota ampla SENATRAN ago/2026 e indicadores IBGE 2022, quando presentes, são medidas separadas. Recarga ABVE/Tupi ago/2026."
RN,TRIUNFO POTIGUAR,0.000000,0.000000,1.000000,1.000000,,0.000638,"Emplacamentos BEV/PHEV ABVE; frota ampla SENATRAN ago/2026 e indicadores IBGE 2022, quando presentes, são medidas separadas. Recarga ABVE/Tupi ago/2026."
CE,PARAMOTI,0.000000,0.000000,1.000000,1.000000,,0.000638,"Emplacamentos BEV/PHEV ABVE; frota ampla SENATRAN ago/2026 e indicadores IBGE 2022, quando presentes, são medidas separadas. Recarga ABVE/Tupi ago/2026."
PE,CALCADO,0.000000,0.000000,1.000000,1.000000,,0.000638,"Emplacamentos BEV/PHEV ABVE; frota ampla SENATRAN ago/2026 e indicadores IBGE 2022, quando presentes, são medidas separadas. Recarga ABVE/Tupi ago/2026."
PE,CANHOTINHO,1.000000,0.000000,1.000000,1.000000,,0.000638,"Emplacamentos BEV/PHEV ABVE; frota ampla SENATRAN ago/2026 e indicadores IBGE 2022, quando presentes, são medidas separadas. Recarga ABVE/Tupi ago/2026."
PE,CEDRO,0.000000,0.000000,1.000000,1.000000,,0.000638,"Emplacamentos BEV/PHEV ABVE; frota ampla SENATRAN ago/2026 e indicadores IBGE 2022, quando presentes, são medidas separadas. Recarga ABVE/Tupi ago/2026."
PE,CHA DE ALEGRIA,2.000000,0.000000,1.000000,1.000000,,0.000638,"Emplacamentos BEV/PHEV ABVE; frota ampla SENATRAN ago/2026 e indicadores IBGE 2022, quando presentes, são medidas separadas. Recarga ABVE/Tupi ago/2026."
PE,CONDADO,1.000000,1.000000,2.000000,1.000000,100.000000,0.000638,"Emplacamentos BEV/PHEV ABVE; frota ampla SENATRAN ago/2026 e indicadores IBGE 2022, quando presentes, são medidas separadas. Recarga ABVE/Tupi ago/2026."
PE,CUMARU,0.000000,1.000000,2.000000,1.000000,100.000000,0.000638,"Emplacamentos BEV/PHEV ABVE; frota ampla SENATRAN ago/2026 e indicadores IBGE 2022, quando presentes, são medidas separadas. Recarga ABVE/Tupi ago/2026."
PE,EXU,0.000000,2.000000,3.000000,1.000000,50.000000,0.000638,"Emplacamentos BEV/PHEV ABVE; frota ampla SENATRAN ago/2026 e indicadores IBGE 2022, quando presentes, são medidas separadas. Recarga ABVE/Tupi ago/2026."
CE,PENAFORTE,0.000000,0.000000,1.000000,1.000000,,0.000638,"Emplacamentos BEV/PHEV ABVE; frota ampla SENATRAN ago/2026 e indicadores IBGE 2022, quando presentes, são medidas separadas. Recarga ABVE/Tupi ago/2026."
CE,PIRES FERREIRA,0.000000,1.000000,2.000000,1.000000,100.000000,0.000638,"Emplacamentos BEV/PHEV ABVE; frota ampla SENATRAN ago/2026 e indicadores IBGE 2022, quando presentes, são medidas separadas. Recarga ABVE/Tupi ago/2026."
SP,ARAMINA,0.000000,0.000000,1.000000,1.000000,,0.000638,"Emplacamentos BEV/PHEV ABVE; frota ampla SENATRAN ago/2026 e indicadores IBGE 2022, quando presentes, são medidas separadas. Recarga ABVE/Tupi ago/2026."
SP,ARANDU,0.000000,0.000000,1.000000,1.000000,,0.000638,"Emplacamentos BEV/PHEV ABVE; frota ampla SENATRAN ago/2026 e indicadores IBGE 2022, quando presentes, são medidas separadas. Recarga ABVE/Tupi ago/2026."
SP,AREALVA,0.000000,1.000000,2.000000,1.000000,100.000000,0.000638,"Emplacamentos BEV/PHEV ABVE; frota ampla SENATRAN ago/2026 e indicadores IBGE 2022, quando presentes, são medidas separadas. Recarga ABVE/Tupi ago/2026."
SP,ARIRANHA,0.000000,0.000000,1.000000,1.000000,,0.000638,"Emplacamentos BEV/PHEV ABVE; frota ampla SENATRAN ago/2026 e indicadores IBGE 2022, quando presentes, são medidas separadas. Recarga ABVE/Tupi ago/2026."
BA,ITAJUIPE,0.000000,1.000000,2.000000,1.000000,100.000000,0.000638,"Emplacamentos BEV/PHEV ABVE; frota ampla SENATRAN ago/2026 e indicadores IBGE 2022, quando presentes, são medidas separadas. Recarga ABVE/Tupi ago/2026."
BA,ITAMBE,0.000000,0.000000,1.000000,1.000000,,0.000638,"Emplacamentos BEV/PHEV ABVE; frota ampla SENATRAN ago/2026 e indicadores IBGE 2022, quando presentes, são medidas separadas. Recarga ABVE/Tupi ago/2026."
BA,ANTAS,0.000000,0.000000,1.000000,1.000000,,0.000638,"Emplacamentos BEV/PHEV ABVE; frota ampla SENATRAN ago/2026 e indicadores IBGE 2022, quando presentes, são medidas separadas. Recarga ABVE/Tupi ago/2026."
PE,ARACOIABA,0.000000,0.000000,1.000000,1.000000,,0.000638,"Emplacamentos BEV/PHEV ABVE; frota ampla SENATRAN ago/2026 e indicadores IBGE 2022, quando presentes, são medidas separadas. Recarga ABVE/Tupi ago/2026."
PE,BARRA DE GUABIRABA,0.000000,0.000000,1.000000,1.000000,,0.000638,"Emplacamentos BEV/PHEV ABVE; frota ampla SENATRAN ago/2026 e indicadores IBGE 2022, quando presentes, são medidas separadas. Recarga ABVE/Tupi ago/2026."
PE,CACHOEIRINHA,1.000000,2.000000,3.000000,1.000000,50.000000,0.000638,"Emplacamentos BEV/PHEV ABVE; frota ampla SENATRAN ago/2026 e indicadores IBGE 2022, quando presentes, são medidas separadas. Recarga ABVE/Tupi ago/2026."
PE,CAETES,2.000000,1.000000,2.000000,1.000000,100.000000,0.000638,"Emplacamentos BEV/PHEV ABVE; frota ampla SENATRAN ago/2026 e indicadores IBGE 2022, quando presentes, são medidas separadas. Recarga ABVE/Tupi ago/2026."
PE,ALAGOINHA,0.000000,1.000000,2.000000,1.000000,100.000000,0.000638,"Emplacamentos BEV/PHEV ABVE; frota ampla SENATRAN ago/2026 e indicadores IBGE 2022, quando presentes, são medidas separadas. Recarga ABVE/Tupi ago/2026."
PE,ALIANCA,0.000000,3.000000,4.000000,1.000000,33.333333,0.000638,"Emplacamentos BEV/PHEV ABVE; frota ampla SENATRAN ago/2026 e indicadores IBGE 2022, quando presentes, são medidas separadas. Recarga ABVE/Tupi ago/2026."
PE,ALTINHO,0.000000,1.000000,2.000000,1.000000,100.000000,0.000638,"Emplacamentos BEV/PHEV ABVE; frota ampla SENATRAN ago/2026 e indicadores IBGE 2022, quando presentes, são medidas separadas. Recarga ABVE/Tupi ago/2026."
PE,AMARAJI,0.000000,1.000000,2.000000,1.000000,100.000000,0.000638,"Emplacamentos BEV/PHEV ABVE; frota ampla SENATRAN ago/2026 e indicadores IBGE 2022, quando presentes, são medidas separadas. Recarga ABVE/Tupi ago/2026."
GO,SANTA RITA DO ARAGUAIA,0.000000,0.000000,1.000000,1.000000,,0.000638,"Emplacamentos BEV/PHEV ABVE; frota ampla SENATRAN ago/2026 e indicadores IBGE 2022, quando presentes, são medidas separadas. Recarga ABVE/Tupi ago/2026."
RO,RIO CRESPO,0.000000,0.000000,1.000000,1.000000,,0.000638,"Emplacamentos BEV/PHEV ABVE; frota ampla SENATRAN ago/2026 e indicadores IBGE 2022, quando presentes, são medidas separadas. Recarga ABVE/Tupi ago/2026."
RO,ALTO PARAISO,0.000000,0.000000,1.000000,1.000000,,0.000638,"Emplacamentos BEV/PHEV ABVE; frota ampla SENATRAN ago/2026 e indicadores IBGE 2022, quando presentes, são medidas separadas. Recarga ABVE/Tupi ago/2026."
CE,PACOTI,0.000000,0.000000,1.000000,1.000000,,0.000638,"Emplacamentos BEV/PHEV ABVE; frota ampla SENATRAN ago/2026 e indicadores IBGE 2022, quando presentes, são medidas separadas. Recarga ABVE/Tupi ago/2026."
CE,PACUJA,0.000000,0.000000,1.000000,1.000000,,0.000638,"Emplacamentos BEV/PHEV ABVE; frota ampla SENATRAN ago/2026 e indicadores IBGE 2022, quando presentes, são medidas separadas. Recarga ABVE/Tupi ago/2026."
CE,PALHANO,0.000000,1.000000,2.000000,1.000000,100.000000,0.000638,"Emplacamentos BEV/PHEV ABVE; frota ampla SENATRAN ago/2026 e indicadores IBGE 2022, quando presentes, são medidas separadas. Recarga ABVE/Tupi ago/2026."
CE,PARAIPABA,4.000000,3.000000,4.000000,1.000000,33.333333,0.000638,"Emplacamentos BEV/PHEV ABVE; frota ampla SENATRAN ago/2026 e indicadores IBGE 2022, quando presentes, são medidas separadas. Recarga ABVE/Tupi ago/2026."
PB,MASSARANDUBA,0.000000,0.000000,1.000000,1.000000,,0.000638,"Emplacamentos BEV/PHEV ABVE; frota ampla SENATRAN ago/2026 e indicadores IBGE 2022, quando presentes, são medidas separadas. Recarga ABVE/Tupi ago/2026."
PB,TRIUNFO,0.000000,0.000000,1.000000,1.000000,,0.000638,"Emplacamentos BEV/PHEV ABVE; frota ampla SENATRAN ago/2026 e indicadores IBGE 2022, quando presentes, são medidas separadas. Recarga ABVE/Tupi ago/2026."
PE,AFRANIO,0.000000,0.000000,1.000000,1.000000,,0.000638,"Emplacamentos BEV/PHEV ABVE; frota ampla SENATRAN ago/2026 e indicadores IBGE 2022, quando presentes, são medidas separadas. Recarga ABVE/Tupi ago/2026."
RO,SAO FELIPE D'OESTE,0.000000,0.000000,1.000000,1.000000,,0.000638,"Emplacamentos BEV/PHEV ABVE; frota ampla SENATRAN ago/2026 e indicadores IBGE 2022, quando presentes, são medidas separadas. Recarga ABVE/Tupi ago/2026."
RO,SAO MIGUEL DO GUAPORE,0.000000,0.000000,1.000000,1.000000,,0.000638,"Emplacamentos BEV/PHEV ABVE; frota ampla SENATRAN ago/2026 e indicadores IBGE 2022, quando presentes, são medidas separadas. Recarga ABVE/Tupi ago/2026."
RO,THEOBROMA,0.000000,0.000000,1.000000,1.000000,,0.000638,"Emplacamentos BEV/PHEV ABVE; frota ampla SENATRAN ago/2026 e indicadores IBGE 2022, quando presentes, são medidas separadas. Recarga ABVE/Tupi ago/2026."
RO,VALE DO ANARI,0.000000,0.000000,1.000000,1.000000,,0.000638,"Emplacamentos BEV/PHEV ABVE; frota ampla SENATRAN ago/2026 e indicadores IBGE 2022, quando presentes, são medidas separadas. Recarga ABVE/Tupi ago/2026."
RS,AJURICABA,0.000000,1.000000,2.000000,1.000000,100.000000,0.000638,"Emplacamentos BEV/PHEV ABVE; frota ampla SENATRAN ago/2026 e indicadores IBGE 2022, quando presentes, são medidas separadas. Recarga ABVE/Tupi ago/2026."
RO,COSTA MARQUES,0.000000,0.000000,1.000000,1.000000,,0.000638,"Emplacamentos BEV/PHEV ABVE; frota ampla SENATRAN ago/2026 e indicadores IBGE 2022, quando presentes, são medidas separadas. Recarga ABVE/Tupi ago/2026."
RO,CUJUBIM,0.000000,0.000000,1.000000,1.000000,,0.000638,"Emplacamentos BEV/PHEV ABVE; frota ampla SENATRAN ago/2026 e indicadores IBGE 2022, quando presentes, são medidas separadas. Recarga ABVE/Tupi ago/2026."
GO,SANTA ROSA DE GOIAS,0.000000,0.000000,1.000000,1.000000,,0.000638,"Emplacamentos BEV/PHEV ABVE; frota ampla SENATRAN ago/2026 e indicadores IBGE 2022, quando presentes, são medidas separadas. Recarga ABVE/Tupi ago/2026."
GO,SAO FRANCISCO DE GOIAS,0.000000,0.000000,1.000000,1.000000,,0.000638,"Emplacamentos BEV/PHEV ABVE; frota ampla SENATRAN ago/2026 e indicadores IBGE 2022, quando presentes, são medidas separadas. Recarga ABVE/Tupi ago/2026."
GO,SAO JOAO DA PARAUNA,0.000000,0.000000,1.000000,1.000000,,0.000638,"Emplacamentos BEV/PHEV ABVE; frota ampla SENATRAN ago/2026 e indicadores IBGE 2022, quando presentes, são medidas separadas. Recarga ABVE/Tupi ago/2026."
GO,SAO LUIZ DO NORTE,1.000000,0.000000,1.000000,1.000000,,0.000638,"Emplacamentos BEV/PHEV ABVE; frota ampla SENATRAN ago/2026 e indicadores IBGE 2022, quando presentes, são medidas separadas. Recarga ABVE/Tupi ago/2026."
BA,ANDARAI,0.000000,0.000000,1.000000,1.000000,,0.000638,"Emplacamentos BEV/PHEV ABVE; frota ampla SENATRAN ago/2026 e indicadores IBGE 2022, quando presentes, são medidas separadas. Recarga ABVE/Tupi ago/2026."
BA,ANDORINHA,0.000000,0.000000,1.000000,1.000000,,0.000638,"Emplacamentos BEV/PHEV ABVE; frota ampla SENATRAN ago/2026 e indicadores IBGE 2022, quando presentes, são medidas separadas. Recarga ABVE/Tupi ago/2026."
BA,ANTONIO CARDOSO,0.000000,0.000000,1.000000,1.000000,,0.000638,"Emplacamentos BEV/PHEV ABVE; frota ampla SENATRAN ago/2026 e indicadores IBGE 2022, quando presentes, são medidas separadas. Recarga ABVE/Tupi ago/2026."
BA,ARACAS,0.000000,0.000000,1.000000,1.000000,,0.000638,"Emplacamentos BEV/PHEV ABVE; frota ampla SENATRAN ago/2026 e indicadores IBGE 2022, quando presentes, são medidas separadas. Recarga ABVE/Tupi ago/2026."
SP,MONTEIRO LOBATO,0.000000,0.000000,1.000000,1.000000,,0.000638,"Emplacamentos BEV/PHEV ABVE; frota ampla SENATRAN ago/2026 e indicadores IBGE 2022, quando presentes, são medidas separadas. Recarga ABVE/Tupi ago/2026."
SP,MORUNGABA,7.000000,5.000000,6.000000,1.000000,20.000000,0.000638,"Emplacamentos BEV/PHEV ABVE; frota ampla SENATRAN ago/2026 e indicadores IBGE 2022, quando presentes, são medidas separadas. Recarga ABVE/Tupi ago/2026."
RS,ARROIO DO PADRE,0.000000,0.000000,1.000000,1.000000,,0.000638,"Emplacamentos BEV/PHEV ABVE; frota ampla SENATRAN ago/2026 e indicadores IBGE 2022, quando presentes, são medidas separadas. Recarga ABVE/Tupi ago/2026."
BA,JAGUARIPE,0.000000,0.000000,1.000000,1.000000,,0.000638,"Emplacamentos BEV/PHEV ABVE; frota ampla SENATRAN ago/2026 e indicadores IBGE 2022, quando presentes, são medidas separadas. Recarga ABVE/Tupi ago/2026."
BA,JUSSARA,0.000000,0.000000,1.000000,1.000000,,0.000638,"Emplacamentos BEV/PHEV ABVE; frota ampla SENATRAN ago/2026 e indicadores IBGE 2022, quando presentes, são medidas separadas. Recarga ABVE/Tupi ago/2026."
BA,JUSSIAPE,0.000000,0.000000,1.000000,1.000000,,0.000638,"Emplacamentos BEV/PHEV ABVE; frota ampla SENATRAN ago/2026 e indicadores IBGE 2022, quando presentes, são medidas separadas. Recarga ABVE/Tupi ago/2026."
BA,LAGOA REAL,0.000000,0.000000,1.000000,1.000000,,0.000638,"Emplacamentos BEV/PHEV ABVE; frota ampla SENATRAN ago/2026 e indicadores IBGE 2022, quando presentes, são medidas separadas. Recarga ABVE/Tupi ago/2026."
PB,RIACHAO,0.000000,0.000000,1.000000,1.000000,,0.000638,"Emplacamentos BEV/PHEV ABVE; frota ampla SENATRAN ago/2026 e indicadores IBGE 2022, quando presentes, são medidas separadas. Recarga ABVE/Tupi ago/2026."
PB,RIACHAO DO BACAMARTE,0.000000,0.000000,1.000000,1.000000,,0.000638,"Emplacamentos BEV/PHEV ABVE; frota ampla SENATRAN ago/2026 e indicadores IBGE 2022, quando presentes, são medidas separadas. Recarga ABVE/Tupi ago/2026."
PB,SALGADO DE SAO FELIX,0.000000,0.000000,1.000000,1.000000,,0.000638,"Emplacamentos BEV/PHEV ABVE; frota ampla SENATRAN ago/2026 e indicadores IBGE 2022, quando presentes, são medidas separadas. Recarga ABVE/Tupi ago/2026."
PB,SANTA CRUZ,0.000000,0.000000,1.000000,1.000000,,0.000638,"Emplacamentos BEV/PHEV ABVE; frota ampla SENATRAN ago/2026 e indicadores IBGE 2022, quando presentes, são medidas separadas. Recarga ABVE/Tupi ago/2026."
PB,SAO FRANCISCO,0.000000,0.000000,1.000000,1.000000,,0.000638,"Emplacamentos BEV/PHEV ABVE; frota ampla SENATRAN ago/2026 e indicadores IBGE 2022, quando presentes, são medidas separadas. Recarga ABVE/Tupi ago/2026."
PB,SAO JOAO DO RIO DO PEIXE,0.000000,0.000000,1.000000,1.000000,,0.000638,"Emplacamentos BEV/PHEV ABVE; frota ampla SENATRAN ago/2026 e indicadores IBGE 2022, quando presentes, são medidas separadas. Recarga ABVE/Tupi ago/2026."
PB,SAO JOSE DA LAGOA TAPADA,0.000000,0.000000,1.000000,1.000000,,0.000638,"Emplacamentos BEV/PHEV ABVE; frota ampla SENATRAN ago/2026 e indicadores IBGE 2022, quando presentes, são medidas separadas. Recarga ABVE/Tupi ago/2026."
PB,IBIARA,0.000000,0.000000,1.000000,1.000000,,0.000638,"Emplacamentos BEV/PHEV ABVE; frota ampla SENATRAN ago/2026 e indicadores IBGE 2022, quando presentes, são medidas separadas. Recarga ABVE/Tupi ago/2026."
PB,ITATUBA,0.000000,0.000000,1.000000,1.000000,,0.000638,"Emplacamentos BEV/PHEV ABVE; frota ampla SENATRAN ago/2026 e indicadores IBGE 2022, quando presentes, são medidas separadas. Recarga ABVE/Tupi ago/2026."
PB,LAGOA DE DENTRO,0.000000,0.000000,1.000000,1.000000,,0.000638,"Emplacamentos BEV/PHEV ABVE; frota ampla SENATRAN ago/2026 e indicadores IBGE 2022, quando presentes, são medidas separadas. Recarga ABVE/Tupi ago/2026."
PB,LASTRO,0.000000,0.000000,1.000000,1.000000,,0.000638,"Emplacamentos BEV/PHEV ABVE; frota ampla SENATRAN ago/2026 e indicadores IBGE 2022, quando presentes, são medidas separadas. Recarga ABVE/Tupi ago/2026."
PB,MARCACAO,0.000000,1.000000,2.000000,1.000000,100.000000,0.000638,"Emplacamentos BEV/PHEV ABVE; frota ampla SENATRAN ago/2026 e indicadores IBGE 2022, quando presentes, são medidas separadas. Recarga ABVE/Tupi ago/2026."
CE,MORAUJO,0.000000,0.000000,1.000000,1.000000,,0.000638,"Emplacamentos BEV/PHEV ABVE; frota ampla SENATRAN ago/2026 e indicadores IBGE 2022, quando presentes, são medidas separadas. Recarga ABVE/Tupi ago/2026."
CE,MORRINHOS,3.000000,0.000000,1.000000,1.000000,,0.000638,"Emplacamentos BEV/PHEV ABVE; frota ampla SENATRAN ago/2026 e indicadores IBGE 2022, quando presentes, são medidas separadas. Recarga ABVE/Tupi ago/2026."
CE,NOVA OLINDA,0.000000,1.000000,2.000000,1.000000,100.000000,0.000638,"Emplacamentos BEV/PHEV ABVE; frota ampla SENATRAN ago/2026 e indicadores IBGE 2022, quando presentes, são medidas separadas. Recarga ABVE/Tupi ago/2026."
CE,NOVA RUSSAS,5.000000,2.000000,3.000000,1.000000,50.000000,0.000638,"Emplacamentos BEV/PHEV ABVE; frota ampla SENATRAN ago/2026 e indicadores IBGE 2022, quando presentes, são medidas separadas. Recarga ABVE/Tupi ago/2026."
RS,ALMIRANTE TAMANDARE DO SUL,0.000000,0.000000,1.000000,1.000000,,0.000638,"Emplacamentos BEV/PHEV ABVE; frota ampla SENATRAN ago/2026 e indicadores IBGE 2022, quando presentes, são medidas separadas. Recarga ABVE/Tupi ago/2026."
RS,AMARAL FERRADOR,0.000000,0.000000,1.000000,1.000000,,0.000638,"Emplacamentos BEV/PHEV ABVE; frota ampla SENATRAN ago/2026 e indicadores IBGE 2022, quando presentes, são medidas separadas. Recarga ABVE/Tupi ago/2026."
RS,AMETISTA DO SUL,0.000000,0.000000,1.000000,1.000000,,0.000638,"Emplacamentos BEV/PHEV ABVE; frota ampla SENATRAN ago/2026 e indicadores IBGE 2022, quando presentes, são medidas separadas. Recarga ABVE/Tupi ago/2026."
RS,ANTA GORDA,0.000000,0.000000,1.000000,1.000000,,0.000638,"Emplacamentos BEV/PHEV ABVE; frota ampla SENATRAN ago/2026 e indicadores IBGE 2022, quando presentes, são medidas separadas. Recarga ABVE/Tupi ago/2026."
PB,PILOES,0.000000,0.000000,1.000000,1.000000,,0.000638,"Emplacamentos BEV/PHEV ABVE; frota ampla SENATRAN ago/2026 e indicadores IBGE 2022, quando presentes, são medidas separadas. Recarga ABVE/Tupi ago/2026."
PB,PILOEZINHOS,0.000000,0.000000,1.000000,1.000000,,0.000638,"Emplacamentos BEV/PHEV ABVE; frota ampla SENATRAN ago/2026 e indicadores IBGE 2022, quando presentes, são medidas separadas. Recarga ABVE/Tupi ago/2026."
PB,PIRPIRITUBA,0.000000,0.000000,1.000000,1.000000,,0.000638,"Emplacamentos BEV/PHEV ABVE; frota ampla SENATRAN ago/2026 e indicadores IBGE 2022, quando presentes, são medidas separadas. Recarga ABVE/Tupi ago/2026."
GO,URUTAI,0.000000,0.000000,1.000000,1.000000,,0.000638,"Emplacamentos BEV/PHEV ABVE; frota ampla SENATRAN ago/2026 e indicadores IBGE 2022, quando presentes, são medidas separadas. Recarga ABVE/Tupi ago/2026."
GO,VARJAO,0.000000,0.000000,1.000000,1.000000,,0.000638,"Emplacamentos BEV/PHEV ABVE; frota ampla SENATRAN ago/2026 e indicadores IBGE 2022, quando presentes, são medidas separadas. Recarga ABVE/Tupi ago/2026."
GO,VICENTINOPOLIS,0.000000,0.000000,1.000000,1.000000,,0.000638,"Emplacamentos BEV/PHEV ABVE; frota ampla SENATRAN ago/2026 e indicadores IBGE 2022, quando presentes, são medidas separadas. Recarga ABVE/Tupi ago/2026."
GO,VILA PROPICIO,0.000000,0.000000,1.000000,1.000000,,0.000638,"Emplacamentos BEV/PHEV ABVE; frota ampla SENATRAN ago/2026 e indicadores IBGE 2022, quando presentes, são medidas separadas. Recarga ABVE/Tupi ago/2026."
MA,ALCANTARA,0.000000,0.000000,1.000000,1.000000,,0.000638,"Emplacamentos BEV/PHEV ABVE; frota ampla SENATRAN ago/2026 e indicadores IBGE 2022, quando presentes, são medidas separadas. Recarga ABVE/Tupi ago/2026."
MA,ALDEIAS ALTAS,0.000000,0.000000,1.000000,1.000000,,0.000638,"Emplacamentos BEV/PHEV ABVE; frota ampla SENATRAN ago/2026 e indicadores IBGE 2022, quando presentes, são medidas separadas. Recarga ABVE/Tupi ago/2026."
MA,ALTO ALEGRE DO MARANHAO,0.000000,0.000000,1.000000,1.000000,,0.000638,"Emplacamentos BEV/PHEV ABVE; frota ampla SENATRAN ago/2026 e indicadores IBGE 2022, quando presentes, são medidas separadas. Recarga ABVE/Tupi ago/2026."
PB,BOA VENTURA,0.000000,0.000000,1.000000,1.000000,,0.000638,"Emplacamentos BEV/PHEV ABVE; frota ampla SENATRAN ago/2026 e indicadores IBGE 2022, quando presentes, são medidas separadas. Recarga ABVE/Tupi ago/2026."
RS,BOA VISTA DO CADEADO,0.000000,0.000000,1.000000,1.000000,,0.000638,"Emplacamentos BEV/PHEV ABVE; frota ampla SENATRAN ago/2026 e indicadores IBGE 2022, quando presentes, são medidas separadas. Recarga ABVE/Tupi ago/2026."
RS,BOA VISTA DO SUL,0.000000,0.000000,1.000000,1.000000,,0.000638,"Emplacamentos BEV/PHEV ABVE; frota ampla SENATRAN ago/2026 e indicadores IBGE 2022, quando presentes, são medidas separadas. Recarga ABVE/Tupi ago/2026."
RS,BOM JESUS,0.000000,0.000000,1.000000,1.000000,,0.000638,"Emplacamentos BEV/PHEV ABVE; frota ampla SENATRAN ago/2026 e indicadores IBGE 2022, quando presentes, são medidas separadas. Recarga ABVE/Tupi ago/2026."
RS,BOSSOROCA,1.000000,0.000000,1.000000,1.000000,,0.000638,"Emplacamentos BEV/PHEV ABVE; frota ampla SENATRAN ago/2026 e indicadores IBGE 2022, quando presentes, são medidas separadas. Recarga ABVE/Tupi ago/2026."
RS,BOZANO,0.000000,0.000000,1.000000,1.000000,,0.000638,"Emplacamentos BEV/PHEV ABVE; frota ampla SENATRAN ago/2026 e indicadores IBGE 2022, quando presentes, são medidas separadas. Recarga ABVE/Tupi ago/2026."
RS,BRAGA,0.000000,0.000000,1.000000,1.000000,,0.000638,"Emplacamentos BEV/PHEV ABVE; frota ampla SENATRAN ago/2026 e indicadores IBGE 2022, quando presentes, são medidas separadas. Recarga ABVE/Tupi ago/2026."
CE,MIRAIMA,0.000000,0.000000,1.000000,1.000000,,0.000638,"Emplacamentos BEV/PHEV ABVE; frota ampla SENATRAN ago/2026 e indicadores IBGE 2022, quando presentes, são medidas separadas. Recarga ABVE/Tupi ago/2026."
SP,NANTES,0.000000,0.000000,1.000000,1.000000,,0.000638,"Emplacamentos BEV/PHEV ABVE; frota ampla SENATRAN ago/2026 e indicadores IBGE 2022, quando presentes, são medidas separadas. Recarga ABVE/Tupi ago/2026."
PB,AREIA,1.000000,0.000000,1.000000,1.000000,,0.000638,"Emplacamentos BEV/PHEV ABVE; frota ampla SENATRAN ago/2026 e indicadores IBGE 2022, quando presentes, são medidas separadas. Recarga ABVE/Tupi ago/2026."
PB,BARRA DE SANTANA,0.000000,0.000000,1.000000,1.000000,,0.000638,"Emplacamentos BEV/PHEV ABVE; frota ampla SENATRAN ago/2026 e indicadores IBGE 2022, quando presentes, são medidas separadas. Recarga ABVE/Tupi ago/2026."
PB,BARRA DE SAO MIGUEL,0.000000,0.000000,1.000000,1.000000,,0.000638,"Emplacamentos BEV/PHEV ABVE; frota ampla SENATRAN ago/2026 e indicadores IBGE 2022, quando presentes, são medidas separadas. Recarga ABVE/Tupi ago/2026."
RS,CAMPINA DAS MISSOES,0.000000,0.000000,1.000000,1.000000,,0.000638,"Emplacamentos BEV/PHEV ABVE; frota ampla SENATRAN ago/2026 e indicadores IBGE 2022, quando presentes, são medidas separadas. Recarga ABVE/Tupi ago/2026."
RS,CAMPINAS DO SUL,0.000000,0.000000,1.000000,1.000000,,0.000638,"Emplacamentos BEV/PHEV ABVE; frota ampla SENATRAN ago/2026 e indicadores IBGE 2022, quando presentes, são medidas separadas. Recarga ABVE/Tupi ago/2026."
RS,CAMPO NOVO,1.000000,0.000000,1.000000,1.000000,,0.000638,"Emplacamentos BEV/PHEV ABVE; frota ampla SENATRAN ago/2026 e indicadores IBGE 2022, quando presentes, são medidas separadas. Recarga ABVE/Tupi ago/2026."
RS,CAMPOS BORGES,0.000000,0.000000,1.000000,1.000000,,0.000638,"Emplacamentos BEV/PHEV ABVE; frota ampla SENATRAN ago/2026 e indicadores IBGE 2022, quando presentes, são medidas separadas. Recarga ABVE/Tupi ago/2026."
RS,BARRA DO RIO AZUL,0.000000,0.000000,1.000000,1.000000,,0.000638,"Emplacamentos BEV/PHEV ABVE; frota ampla SENATRAN ago/2026 e indicadores IBGE 2022, quando presentes, são medidas separadas. Recarga ABVE/Tupi ago/2026."
RS,BARRA FUNDA,0.000000,0.000000,1.000000,1.000000,,0.000638,"Emplacamentos BEV/PHEV ABVE; frota ampla SENATRAN ago/2026 e indicadores IBGE 2022, quando presentes, são medidas separadas. Recarga ABVE/Tupi ago/2026."
RS,BARROS CASSAL,0.000000,0.000000,1.000000,1.000000,,0.000638,"Emplacamentos BEV/PHEV ABVE; frota ampla SENATRAN ago/2026 e indicadores IBGE 2022, quando presentes, são medidas separadas. Recarga ABVE/Tupi ago/2026."
PB,CABACEIRAS,0.000000,0.000000,1.000000,1.000000,,0.000638,"Emplacamentos BEV/PHEV ABVE; frota ampla SENATRAN ago/2026 e indicadores IBGE 2022, quando presentes, são medidas separadas. Recarga ABVE/Tupi ago/2026."
PB,CONDADO,0.000000,0.000000,1.000000,1.000000,,0.000638,"Emplacamentos BEV/PHEV ABVE; frota ampla SENATRAN ago/2026 e indicadores IBGE 2022, quando presentes, são medidas separadas. Recarga ABVE/Tupi ago/2026."
PB,COREMAS,0.000000,0.000000,1.000000,1.000000,,0.000638,"Emplacamentos BEV/PHEV ABVE; frota ampla SENATRAN ago/2026 e indicadores IBGE 2022, quando presentes, são medidas separadas. Recarga ABVE/Tupi ago/2026."
SP,NOVA GRANADA,5.000000,3.000000,4.000000,1.000000,33.333333,0.000638,"Emplacamentos BEV/PHEV ABVE; frota ampla SENATRAN ago/2026 e indicadores IBGE 2022, quando presentes, são medidas separadas. Recarga ABVE/Tupi ago/2026."
GO,TRES RANCHOS,0.000000,0.000000,1.000000,1.000000,,0.000638,"Emplacamentos BEV/PHEV ABVE; frota ampla SENATRAN ago/2026 e indicadores IBGE 2022, quando presentes, são medidas separadas. Recarga ABVE/Tupi ago/2026."
GO,TURVANIA,0.000000,1.000000,2.000000,1.000000,100.000000,0.000638,"Emplacamentos BEV/PHEV ABVE; frota ampla SENATRAN ago/2026 e indicadores IBGE 2022, quando presentes, são medidas separadas. Recarga ABVE/Tupi ago/2026."
PA,SAO SEBASTIAO DA BOA VISTA,0.000000,0.000000,1.000000,1.000000,,0.000638,"Emplacamentos BEV/PHEV ABVE; frota ampla SENATRAN ago/2026 e indicadores IBGE 2022, quando presentes, são medidas separadas. Recarga ABVE/Tupi ago/2026."
PA,TERRA ALTA,0.000000,0.000000,1.000000,1.000000,,0.000638,"Emplacamentos BEV/PHEV ABVE; frota ampla SENATRAN ago/2026 e indicadores IBGE 2022, quando presentes, são medidas separadas. Recarga ABVE/Tupi ago/2026."
PA,VITORIA DO XINGU,0.000000,0.000000,1.000000,1.000000,,0.000638,"Emplacamentos BEV/PHEV ABVE; frota ampla SENATRAN ago/2026 e indicadores IBGE 2022, quando presentes, são medidas separadas. Recarga ABVE/Tupi ago/2026."
PB,AGUA BRANCA,0.000000,0.000000,1.000000,1.000000,,0.000638,"Emplacamentos BEV/PHEV ABVE; frota ampla SENATRAN ago/2026 e indicadores IBGE 2022, quando presentes, são medidas separadas. Recarga ABVE/Tupi ago/2026."
PA,PORTEL,1.000000,1.000000,2.000000,1.000000,100.000000,0.000638,"Emplacamentos BEV/PHEV ABVE; frota ampla SENATRAN ago/2026 e indicadores IBGE 2022, quando presentes, são medidas separadas. Recarga ABVE/Tupi ago/2026."
PA,PRAINHA,0.000000,0.000000,1.000000,1.000000,,0.000638,"Emplacamentos BEV/PHEV ABVE; frota ampla SENATRAN ago/2026 e indicadores IBGE 2022, quando presentes, são medidas separadas. Recarga ABVE/Tupi ago/2026."
PA,PRIMAVERA,0.000000,0.000000,1.000000,1.000000,,0.000638,"Emplacamentos BEV/PHEV ABVE; frota ampla SENATRAN ago/2026 e indicadores IBGE 2022, quando presentes, são medidas separadas. Recarga ABVE/Tupi ago/2026."
PA,RUROPOLIS,0.000000,0.000000,1.000000,1.000000,,0.000638,"Emplacamentos BEV/PHEV ABVE; frota ampla SENATRAN ago/2026 e indicadores IBGE 2022, quando presentes, são medidas separadas. Recarga ABVE/Tupi ago/2026."
CE,ITATIRA,0.000000,0.000000,1.000000,1.000000,,0.000638,"Emplacamentos BEV/PHEV ABVE; frota ampla SENATRAN ago/2026 e indicadores IBGE 2022, quando presentes, são medidas separadas. Recarga ABVE/Tupi ago/2026."
CE,JARDIM,0.000000,0.000000,1.000000,1.000000,,0.000638,"Emplacamentos BEV/PHEV ABVE; frota ampla SENATRAN ago/2026 e indicadores IBGE 2022, quando presentes, são medidas separadas. Recarga ABVE/Tupi ago/2026."
CE,JIJOCA DE JERICOACOARA,0.000000,3.000000,4.000000,1.000000,33.333333,0.000638,"Emplacamentos BEV/PHEV ABVE; frota ampla SENATRAN ago/2026 e indicadores IBGE 2022, quando presentes, são medidas separadas. Recarga ABVE/Tupi ago/2026."
CE,JUCAS,1.000000,1.000000,2.000000,1.000000,100.000000,0.000638,"Emplacamentos BEV/PHEV ABVE; frota ampla SENATRAN ago/2026 e indicadores IBGE 2022, quando presentes, são medidas separadas. Recarga ABVE/Tupi ago/2026."
RS,CACIQUE DOBLE,0.000000,0.000000,1.000000,1.000000,,0.000638,"Emplacamentos BEV/PHEV ABVE; frota ampla SENATRAN ago/2026 e indicadores IBGE 2022, quando presentes, são medidas separadas. Recarga ABVE/Tupi ago/2026."
SP,OSCAR BRESSANE,1.000000,0.000000,1.000000,1.000000,,0.000638,"Emplacamentos BEV/PHEV ABVE; frota ampla SENATRAN ago/2026 e indicadores IBGE 2022, quando presentes, são medidas separadas. Recarga ABVE/Tupi ago/2026."
SP,OURO VERDE,0.000000,0.000000,1.000000,1.000000,,0.000638,"Emplacamentos BEV/PHEV ABVE; frota ampla SENATRAN ago/2026 e indicadores IBGE 2022, quando presentes, são medidas separadas. Recarga ABVE/Tupi ago/2026."
PB,ARACAGI,0.000000,0.000000,1.000000,1.000000,,0.000638,"Emplacamentos BEV/PHEV ABVE; frota ampla SENATRAN ago/2026 e indicadores IBGE 2022, quando presentes, são medidas separadas. Recarga ABVE/Tupi ago/2026."
PA,COLARES,0.000000,0.000000,1.000000,1.000000,,0.000638,"Emplacamentos BEV/PHEV ABVE; frota ampla SENATRAN ago/2026 e indicadores IBGE 2022, quando presentes, são medidas separadas. Recarga ABVE/Tupi ago/2026."
MA,BOM JARDIM,1.000000,0.000000,1.000000,1.000000,,0.000638,"Emplacamentos BEV/PHEV ABVE; frota ampla SENATRAN ago/2026 e indicadores IBGE 2022, quando presentes, são medidas separadas. Recarga ABVE/Tupi ago/2026."
PA,PEIXE-BOI,0.000000,0.000000,1.000000,1.000000,,0.000638,"Emplacamentos BEV/PHEV ABVE; frota ampla SENATRAN ago/2026 e indicadores IBGE 2022, quando presentes, são medidas separadas. Recarga ABVE/Tupi ago/2026."
SP,PARAISO,0.000000,1.000000,2.000000,1.000000,100.000000,0.000638,"Emplacamentos BEV/PHEV ABVE; frota ampla SENATRAN ago/2026 e indicadores IBGE 2022, quando presentes, são medidas separadas. Recarga ABVE/Tupi ago/2026."
SP,PAULO DE FARIA,1.000000,0.000000,1.000000,1.000000,,0.000638,"Emplacamentos BEV/PHEV ABVE; frota ampla SENATRAN ago/2026 e indicadores IBGE 2022, quando presentes, são medidas separadas. Recarga ABVE/Tupi ago/2026."
RS,CORONEL PILAR,0.000000,0.000000,1.000000,1.000000,,0.000638,"Emplacamentos BEV/PHEV ABVE; frota ampla SENATRAN ago/2026 e indicadores IBGE 2022, quando presentes, são medidas separadas. Recarga ABVE/Tupi ago/2026."
RS,COTIPORA,1.000000,0.000000,1.000000,1.000000,,0.000638,"Emplacamentos BEV/PHEV ABVE; frota ampla SENATRAN ago/2026 e indicadores IBGE 2022, quando presentes, são medidas separadas. Recarga ABVE/Tupi ago/2026."
SE,TOMAR DO GERU,0.000000,0.000000,1.000000,1.000000,,0.000638,"Emplacamentos BEV/PHEV ABVE; frota ampla SENATRAN ago/2026 e indicadores IBGE 2022, quando presentes, são medidas separadas. Recarga ABVE/Tupi ago/2026."
SP,ADOLFO,0.000000,1.000000,2.000000,1.000000,100.000000,0.000638,"Emplacamentos BEV/PHEV ABVE; frota ampla SENATRAN ago/2026 e indicadores IBGE 2022, quando presentes, são medidas separadas. Recarga ABVE/Tupi ago/2026."
SP,AGUAS DE LINDOIA,9.000000,8.000000,9.000000,1.000000,12.500000,0.000638,"Emplacamentos BEV/PHEV ABVE; frota ampla SENATRAN ago/2026 e indicadores IBGE 2022, quando presentes, são medidas separadas. Recarga ABVE/Tupi ago/2026."
SP,ALVARO DE CARVALHO,0.000000,0.000000,1.000000,1.000000,,0.000638,"Emplacamentos BEV/PHEV ABVE; frota ampla SENATRAN ago/2026 e indicadores IBGE 2022, quando presentes, são medidas separadas. Recarga ABVE/Tupi ago/2026."
SP,AMERICO DE CAMPOS,1.000000,0.000000,1.000000,1.000000,,0.000638,"Emplacamentos BEV/PHEV ABVE; frota ampla SENATRAN ago/2026 e indicadores IBGE 2022, quando presentes, são medidas separadas. Recarga ABVE/Tupi ago/2026."
SP,ANALANDIA,0.000000,2.000000,3.000000,1.000000,50.000000,0.000638,"Emplacamentos BEV/PHEV ABVE; frota ampla SENATRAN ago/2026 e indicadores IBGE 2022, quando presentes, são medidas separadas. Recarga ABVE/Tupi ago/2026."
PA,SANTA BARBARA DO PARA,0.000000,0.000000,1.000000,1.000000,,0.000638,"Emplacamentos BEV/PHEV ABVE; frota ampla SENATRAN ago/2026 e indicadores IBGE 2022, quando presentes, são medidas separadas. Recarga ABVE/Tupi ago/2026."
PA,SAO DOMINGOS DO ARAGUAIA,0.000000,1.000000,2.000000,1.000000,100.000000,0.000638,"Emplacamentos BEV/PHEV ABVE; frota ampla SENATRAN ago/2026 e indicadores IBGE 2022, quando presentes, são medidas separadas. Recarga ABVE/Tupi ago/2026."
MA,ARAME,0.000000,0.000000,1.000000,1.000000,,0.000638,"Emplacamentos BEV/PHEV ABVE; frota ampla SENATRAN ago/2026 e indicadores IBGE 2022, quando presentes, são medidas separadas. Recarga ABVE/Tupi ago/2026."
PA,FARO,0.000000,0.000000,1.000000,1.000000,,0.000638,"Emplacamentos BEV/PHEV ABVE; frota ampla SENATRAN ago/2026 e indicadores IBGE 2022, quando presentes, são medidas separadas. Recarga ABVE/Tupi ago/2026."
PA,IPIXUNA DO PARA,0.000000,0.000000,1.000000,1.000000,,0.000638,"Emplacamentos BEV/PHEV ABVE; frota ampla SENATRAN ago/2026 e indicadores IBGE 2022, quando presentes, são medidas separadas. Recarga ABVE/Tupi ago/2026."
SP,PEDRANOPOLIS,1.000000,0.000000,1.000000,1.000000,,0.000638,"Emplacamentos BEV/PHEV ABVE; frota ampla SENATRAN ago/2026 e indicadores IBGE 2022, quando presentes, são medidas separadas. Recarga ABVE/Tupi ago/2026."
AM,TEFE,0.000000,1.000000,2.000000,1.000000,100.000000,0.000638,"Emplacamentos BEV/PHEV ABVE; frota ampla SENATRAN ago/2026 e indicadores IBGE 2022, quando presentes, são medidas separadas. Recarga ABVE/Tupi ago/2026."
AP,MAZAGAO,0.000000,0.000000,1.000000,1.000000,,0.000638,"Emplacamentos BEV/PHEV ABVE; frota ampla SENATRAN ago/2026 e indicadores IBGE 2022, quando presentes, são medidas separadas. Recarga ABVE/Tupi ago/2026."
RS,ERVAL GRANDE,0.000000,1.000000,2.000000,1.000000,100.000000,0.000638,"Emplacamentos BEV/PHEV ABVE; frota ampla SENATRAN ago/2026 e indicadores IBGE 2022, quando presentes, são medidas separadas. Recarga ABVE/Tupi ago/2026."
RS,ESMERALDA,0.000000,0.000000,1.000000,1.000000,,0.000638,"Emplacamentos BEV/PHEV ABVE; frota ampla SENATRAN ago/2026 e indicadores IBGE 2022, quando presentes, são medidas separadas. Recarga ABVE/Tupi ago/2026."
RS,CERRO GRANDE,0.000000,0.000000,1.000000,1.000000,,0.000638,"Emplacamentos BEV/PHEV ABVE; frota ampla SENATRAN ago/2026 e indicadores IBGE 2022, quando presentes, são medidas separadas. Recarga ABVE/Tupi ago/2026."
RS,CERRO GRANDE DO SUL,0.000000,0.000000,1.000000,1.000000,,0.000638,"Emplacamentos BEV/PHEV ABVE; frota ampla SENATRAN ago/2026 e indicadores IBGE 2022, quando presentes, são medidas separadas. Recarga ABVE/Tupi ago/2026."
RS,CHIAPETTA,0.000000,0.000000,1.000000,1.000000,,0.000638,"Emplacamentos BEV/PHEV ABVE; frota ampla SENATRAN ago/2026 e indicadores IBGE 2022, quando presentes, são medidas separadas. Recarga ABVE/Tupi ago/2026."
RS,CORONEL BARROS,0.000000,0.000000,1.000000,1.000000,,0.000638,"Emplacamentos BEV/PHEV ABVE; frota ampla SENATRAN ago/2026 e indicadores IBGE 2022, quando presentes, são medidas separadas. Recarga ABVE/Tupi ago/2026."
PA,MARAPANIM,1.000000,0.000000,1.000000,1.000000,,0.000638,"Emplacamentos BEV/PHEV ABVE; frota ampla SENATRAN ago/2026 e indicadores IBGE 2022, quando presentes, são medidas separadas. Recarga ABVE/Tupi ago/2026."
PA,MELGACO,0.000000,0.000000,1.000000,1.000000,,0.000638,"Emplacamentos BEV/PHEV ABVE; frota ampla SENATRAN ago/2026 e indicadores IBGE 2022, quando presentes, são medidas separadas. Recarga ABVE/Tupi ago/2026."
PA,OBIDOS,0.000000,0.000000,1.000000,1.000000,,0.000638,"Emplacamentos BEV/PHEV ABVE; frota ampla SENATRAN ago/2026 e indicadores IBGE 2022, quando presentes, são medidas separadas. Recarga ABVE/Tupi ago/2026."
PA,PAU D'ARCO,0.000000,0.000000,1.000000,1.000000,,0.000638,"Emplacamentos BEV/PHEV ABVE; frota ampla SENATRAN ago/2026 e indicadores IBGE 2022, quando presentes, são medidas separadas. Recarga ABVE/Tupi ago/2026."
PA,BUJARU,0.000000,0.000000,1.000000,1.000000,,0.000638,"Emplacamentos BEV/PHEV ABVE; frota ampla SENATRAN ago/2026 e indicadores IBGE 2022, quando presentes, são medidas separadas. Recarga ABVE/Tupi ago/2026."
AP,TARTARUGALZINHO,0.000000,0.000000,1.000000,1.000000,,0.000638,"Emplacamentos BEV/PHEV ABVE; frota ampla SENATRAN ago/2026 e indicadores IBGE 2022, quando presentes, são medidas separadas. Recarga ABVE/Tupi ago/2026."
BA,ABAIRA,0.000000,0.000000,1.000000,1.000000,,0.000638,"Emplacamentos BEV/PHEV ABVE; frota ampla SENATRAN ago/2026 e indicadores IBGE 2022, quando presentes, são medidas separadas. Recarga ABVE/Tupi ago/2026."
SP,PEDRINHAS PAULISTA,0.000000,0.000000,1.000000,1.000000,,0.000638,"Emplacamentos BEV/PHEV ABVE; frota ampla SENATRAN ago/2026 e indicadores IBGE 2022, quando presentes, são medidas separadas. Recarga ABVE/Tupi ago/2026."
MT,TERRA NOVA DO NORTE,0.000000,1.000000,2.000000,1.000000,100.000000,0.000638,"Emplacamentos BEV/PHEV ABVE; frota ampla SENATRAN ago/2026 e indicadores IBGE 2022, quando presentes, são medidas separadas. Recarga ABVE/Tupi ago/2026."
PA,AGUA AZUL DO NORTE,0.000000,0.000000,1.000000,1.000000,,0.000638,"Emplacamentos BEV/PHEV ABVE; frota ampla SENATRAN ago/2026 e indicadores IBGE 2022, quando presentes, são medidas separadas. Recarga ABVE/Tupi ago/2026."
PA,ALENQUER,0.000000,0.000000,1.000000,1.000000,,0.000638,"Emplacamentos BEV/PHEV ABVE; frota ampla SENATRAN ago/2026 e indicadores IBGE 2022, quando presentes, são medidas separadas. Recarga ABVE/Tupi ago/2026."
PA,BAGRE,0.000000,0.000000,1.000000,1.000000,,0.000638,"Emplacamentos BEV/PHEV ABVE; frota ampla SENATRAN ago/2026 e indicadores IBGE 2022, quando presentes, são medidas separadas. Recarga ABVE/Tupi ago/2026."
PA,BELTERRA,0.000000,0.000000,1.000000,1.000000,,0.000638,"Emplacamentos BEV/PHEV ABVE; frota ampla SENATRAN ago/2026 e indicadores IBGE 2022, quando presentes, são medidas separadas. Recarga ABVE/Tupi ago/2026."
PA,BRASIL NOVO,0.000000,0.000000,1.000000,1.000000,,0.000638,"Emplacamentos BEV/PHEV ABVE; frota ampla SENATRAN ago/2026 e indicadores IBGE 2022, quando presentes, são medidas separadas. Recarga ABVE/Tupi ago/2026."
MT,SAO JOSE DO RIO CLARO,1.000000,1.000000,2.000000,1.000000,100.000000,0.000638,"Emplacamentos BEV/PHEV ABVE; frota ampla SENATRAN ago/2026 e indicadores IBGE 2022, quando presentes, são medidas separadas. Recarga ABVE/Tupi ago/2026."
CE,ITAPIUNA,0.000000,0.000000,1.000000,1.000000,,0.000638,"Emplacamentos BEV/PHEV ABVE; frota ampla SENATRAN ago/2026 e indicadores IBGE 2022, quando presentes, são medidas separadas. Recarga ABVE/Tupi ago/2026."
RS,COXILHA,0.000000,0.000000,1.000000,1.000000,,0.000638,"Emplacamentos BEV/PHEV ABVE; frota ampla SENATRAN ago/2026 e indicadores IBGE 2022, quando presentes, são medidas separadas. Recarga ABVE/Tupi ago/2026."
RS,DOIS LAJEADOS,0.000000,0.000000,1.000000,1.000000,,0.000638,"Emplacamentos BEV/PHEV ABVE; frota ampla SENATRAN ago/2026 e indicadores IBGE 2022, quando presentes, são medidas separadas. Recarga ABVE/Tupi ago/2026."
RS,DOUTOR MAURICIO CARDOSO,0.000000,0.000000,1.000000,1.000000,,0.000638,"Emplacamentos BEV/PHEV ABVE; frota ampla SENATRAN ago/2026 e indicadores IBGE 2022, quando presentes, são medidas separadas. Recarga ABVE/Tupi ago/2026."
PA,CONCORDIA DO PARA,0.000000,0.000000,1.000000,1.000000,,0.000638,"Emplacamentos BEV/PHEV ABVE; frota ampla SENATRAN ago/2026 e indicadores IBGE 2022, quando presentes, são medidas separadas. Recarga ABVE/Tupi ago/2026."
PA,DOM ELISEU,0.000000,0.000000,1.000000,1.000000,,0.000638,"Emplacamentos BEV/PHEV ABVE; frota ampla SENATRAN ago/2026 e indicadores IBGE 2022, quando presentes, são medidas separadas. Recarga ABVE/Tupi ago/2026."
MA,CARUTAPERA,0.000000,0.000000,1.000000,1.000000,,0.000638,"Emplacamentos BEV/PHEV ABVE; frota ampla SENATRAN ago/2026 e indicadores IBGE 2022, quando presentes, são medidas separadas. Recarga ABVE/Tupi ago/2026."
MA,COELHO NETO,0.000000,0.000000,1.000000,1.000000,,0.000638,"Emplacamentos BEV/PHEV ABVE; frota ampla SENATRAN ago/2026 e indicadores IBGE 2022, quando presentes, são medidas separadas. Recarga ABVE/Tupi ago/2026."
MA,COLINAS,0.000000,0.000000,1.000000,1.000000,,0.000638,"Emplacamentos BEV/PHEV ABVE; frota ampla SENATRAN ago/2026 e indicadores IBGE 2022, quando presentes, são medidas separadas. Recarga ABVE/Tupi ago/2026."
MT,POXOREU,0.000000,2.000000,3.000000,1.000000,50.000000,0.000638,"Emplacamentos BEV/PHEV ABVE; frota ampla SENATRAN ago/2026 e indicadores IBGE 2022, quando presentes, são medidas separadas. Recarga ABVE/Tupi ago/2026."
MT,QUERENCIA,0.000000,1.000000,2.000000,1.000000,100.000000,0.000638,"Emplacamentos BEV/PHEV ABVE; frota ampla SENATRAN ago/2026 e indicadores IBGE 2022, quando presentes, são medidas separadas. Recarga ABVE/Tupi ago/2026."
MT,RIO BRANCO,0.000000,0.000000,1.000000,1.000000,,0.000638,"Emplacamentos BEV/PHEV ABVE; frota ampla SENATRAN ago/2026 e indicadores IBGE 2022, quando presentes, são medidas separadas. Recarga ABVE/Tupi ago/2026."
BA,MARAU,0.000000,0.000000,1.000000,1.000000,,0.000638,"Emplacamentos BEV/PHEV ABVE; frota ampla SENATRAN ago/2026 e indicadores IBGE 2022, quando presentes, são medidas separadas. Recarga ABVE/Tupi ago/2026."
BA,MARCIONILIO SOUZA,0.000000,0.000000,1.000000,1.000000,,0.000638,"Emplacamentos BEV/PHEV ABVE; frota ampla SENATRAN ago/2026 e indicadores IBGE 2022, quando presentes, são medidas separadas. Recarga ABVE/Tupi ago/2026."
SE,TELHA,0.000000,0.000000,1.000000,1.000000,,0.000638,"Emplacamentos BEV/PHEV ABVE; frota ampla SENATRAN ago/2026 e indicadores IBGE 2022, quando presentes, são medidas separadas. Recarga ABVE/Tupi ago/2026."
RS,FAXINALZINHO,1.000000,0.000000,1.000000,1.000000,,0.000638,"Emplacamentos BEV/PHEV ABVE; frota ampla SENATRAN ago/2026 e indicadores IBGE 2022, quando presentes, são medidas separadas. Recarga ABVE/Tupi ago/2026."
RS,GUARANI DAS MISSOES,0.000000,0.000000,1.000000,1.000000,,0.000638,"Emplacamentos BEV/PHEV ABVE; frota ampla SENATRAN ago/2026 e indicadores IBGE 2022, quando presentes, são medidas separadas. Recarga ABVE/Tupi ago/2026."
RS,HARMONIA,0.000000,2.000000,3.000000,1.000000,50.000000,0.000638,"Emplacamentos BEV/PHEV ABVE; frota ampla SENATRAN ago/2026 e indicadores IBGE 2022, quando presentes, são medidas separadas. Recarga ABVE/Tupi ago/2026."
RS,IBARAMA,0.000000,0.000000,1.000000,1.000000,,0.000638,"Emplacamentos BEV/PHEV ABVE; frota ampla SENATRAN ago/2026 e indicadores IBGE 2022, quando presentes, são medidas separadas. Recarga ABVE/Tupi ago/2026."
RS,ESTACAO,1.000000,1.000000,2.000000,1.000000,100.000000,0.000638,"Emplacamentos BEV/PHEV ABVE; frota ampla SENATRAN ago/2026 e indicadores IBGE 2022, quando presentes, são medidas separadas. Recarga ABVE/Tupi ago/2026."
RS,FAGUNDES VARELA,1.000000,0.000000,1.000000,1.000000,,0.000638,"Emplacamentos BEV/PHEV ABVE; frota ampla SENATRAN ago/2026 e indicadores IBGE 2022, quando presentes, são medidas separadas. Recarga ABVE/Tupi ago/2026."
AP,OIAPOQUE,0.000000,0.000000,1.000000,1.000000,,0.000638,"Emplacamentos BEV/PHEV ABVE; frota ampla SENATRAN ago/2026 e indicadores IBGE 2022, quando presentes, são medidas separadas. Recarga ABVE/Tupi ago/2026."
MT,NOVO MUNDO,0.000000,0.000000,1.000000,1.000000,,0.000638,"Emplacamentos BEV/PHEV ABVE; frota ampla SENATRAN ago/2026 e indicadores IBGE 2022, quando presentes, são medidas separadas. Recarga ABVE/Tupi ago/2026."
MT,NOVO SANTO ANTONIO,0.000000,0.000000,1.000000,1.000000,,0.000638,"Emplacamentos BEV/PHEV ABVE; frota ampla SENATRAN ago/2026 e indicadores IBGE 2022, quando presentes, são medidas separadas. Recarga ABVE/Tupi ago/2026."
MT,NOVO SAO JOAQUIM,0.000000,0.000000,1.000000,1.000000,,0.000638,"Emplacamentos BEV/PHEV ABVE; frota ampla SENATRAN ago/2026 e indicadores IBGE 2022, quando presentes, são medidas separadas. Recarga ABVE/Tupi ago/2026."
CE,GRANJA,1.000000,1.000000,2.000000,1.000000,100.000000,0.000638,"Emplacamentos BEV/PHEV ABVE; frota ampla SENATRAN ago/2026 e indicadores IBGE 2022, quando presentes, são medidas separadas. Recarga ABVE/Tupi ago/2026."
CE,GRANJEIRO,0.000000,0.000000,1.000000,1.000000,,0.000638,"Emplacamentos BEV/PHEV ABVE; frota ampla SENATRAN ago/2026 e indicadores IBGE 2022, quando presentes, são medidas separadas. Recarga ABVE/Tupi ago/2026."
CE,HIDROLANDIA,0.000000,0.000000,1.000000,1.000000,,0.000638,"Emplacamentos BEV/PHEV ABVE; frota ampla SENATRAN ago/2026 e indicadores IBGE 2022, quando presentes, são medidas separadas. Recarga ABVE/Tupi ago/2026."
RS,IMIGRANTE,0.000000,1.000000,2.000000,1.000000,100.000000,0.000638,"Emplacamentos BEV/PHEV ABVE; frota ampla SENATRAN ago/2026 e indicadores IBGE 2022, quando presentes, são medidas separadas. Recarga ABVE/Tupi ago/2026."
SE,SAO MIGUEL DO ALEIXO,0.000000,0.000000,1.000000,1.000000,,0.000638,"Emplacamentos BEV/PHEV ABVE; frota ampla SENATRAN ago/2026 e indicadores IBGE 2022, quando presentes, são medidas separadas. Recarga ABVE/Tupi ago/2026."
BA,MACARANI,0.000000,2.000000,3.000000,1.000000,50.000000,0.000638,"Emplacamentos BEV/PHEV ABVE; frota ampla SENATRAN ago/2026 e indicadores IBGE 2022, quando presentes, são medidas separadas. Recarga ABVE/Tupi ago/2026."
BA,MAETINGA,0.000000,0.000000,1.000000,1.000000,,0.000638,"Emplacamentos BEV/PHEV ABVE; frota ampla SENATRAN ago/2026 e indicadores IBGE 2022, quando presentes, são medidas separadas. Recarga ABVE/Tupi ago/2026."
MT,SANTA RITA DO TRIVELATO,0.000000,1.000000,2.000000,1.000000,100.000000,0.000638,"Emplacamentos BEV/PHEV ABVE; frota ampla SENATRAN ago/2026 e indicadores IBGE 2022, quando presentes, são medidas separadas. Recarga ABVE/Tupi ago/2026."
MT,SAO FELIX DO ARAGUAIA,0.000000,0.000000,1.000000,1.000000,,0.000638,"Emplacamentos BEV/PHEV ABVE; frota ampla SENATRAN ago/2026 e indicadores IBGE 2022, quando presentes, são medidas separadas. Recarga ABVE/Tupi ago/2026."
MT,SAO JOSE DO POVO,0.000000,0.000000,1.000000,1.000000,,0.000638,"Emplacamentos BEV/PHEV ABVE; frota ampla SENATRAN ago/2026 e indicadores IBGE 2022, quando presentes, são medidas separadas. Recarga ABVE/Tupi ago/2026."
SP,PEDRO DE TOLEDO,1.000000,0.000000,1.000000,1.000000,,0.000638,"Emplacamentos BEV/PHEV ABVE; frota ampla SENATRAN ago/2026 e indicadores IBGE 2022, quando presentes, são medidas separadas. Recarga ABVE/Tupi ago/2026."
SP,PIACATU,1.000000,0.000000,1.000000,1.000000,,0.000638,"Emplacamentos BEV/PHEV ABVE; frota ampla SENATRAN ago/2026 e indicadores IBGE 2022, quando presentes, são medidas separadas. Recarga ABVE/Tupi ago/2026."
SP,PIQUETE,1.000000,1.000000,2.000000,1.000000,100.000000,0.000638,"Emplacamentos BEV/PHEV ABVE; frota ampla SENATRAN ago/2026 e indicadores IBGE 2022, quando presentes, são medidas separadas. Recarga ABVE/Tupi ago/2026."
MT,CAMPOS DE JULIO,0.000000,1.000000,2.000000,1.000000,100.000000,0.000638,"Emplacamentos BEV/PHEV ABVE; frota ampla SENATRAN ago/2026 e indicadores IBGE 2022, quando presentes, são medidas separadas. Recarga ABVE/Tupi ago/2026."
MT,CASTANHEIRA,2.000000,0.000000,1.000000,1.000000,,0.000638,"Emplacamentos BEV/PHEV ABVE; frota ampla SENATRAN ago/2026 e indicadores IBGE 2022, quando presentes, são medidas separadas. Recarga ABVE/Tupi ago/2026."
RS,IRAI,0.000000,0.000000,1.000000,1.000000,,0.000638,"Emplacamentos BEV/PHEV ABVE; frota ampla SENATRAN ago/2026 e indicadores IBGE 2022, quando presentes, são medidas separadas. Recarga ABVE/Tupi ago/2026."
RS,ITATI,0.000000,0.000000,1.000000,1.000000,,0.000638,"Emplacamentos BEV/PHEV ABVE; frota ampla SENATRAN ago/2026 e indicadores IBGE 2022, quando presentes, são medidas separadas. Recarga ABVE/Tupi ago/2026."
RS,IVORA,0.000000,0.000000,1.000000,1.000000,,0.000638,"Emplacamentos BEV/PHEV ABVE; frota ampla SENATRAN ago/2026 e indicadores IBGE 2022, quando presentes, são medidas separadas. Recarga ABVE/Tupi ago/2026."
RS,JOIA,0.000000,0.000000,1.000000,1.000000,,0.000638,"Emplacamentos BEV/PHEV ABVE; frota ampla SENATRAN ago/2026 e indicadores IBGE 2022, quando presentes, são medidas separadas. Recarga ABVE/Tupi ago/2026."
RS,LAGOA BONITA DO SUL,0.000000,0.000000,1.000000,1.000000,,0.000638,"Emplacamentos BEV/PHEV ABVE; frota ampla SENATRAN ago/2026 e indicadores IBGE 2022, quando presentes, são medidas separadas. Recarga ABVE/Tupi ago/2026."
RS,IBIRAPUITA,0.000000,0.000000,1.000000,1.000000,,0.000638,"Emplacamentos BEV/PHEV ABVE; frota ampla SENATRAN ago/2026 e indicadores IBGE 2022, quando presentes, são medidas separadas. Recarga ABVE/Tupi ago/2026."
CE,FARIAS BRITO,0.000000,0.000000,1.000000,1.000000,,0.000638,"Emplacamentos BEV/PHEV ABVE; frota ampla SENATRAN ago/2026 e indicadores IBGE 2022, quando presentes, são medidas separadas. Recarga ABVE/Tupi ago/2026."
CE,GRACA,0.000000,0.000000,1.000000,1.000000,,0.000638,"Emplacamentos BEV/PHEV ABVE; frota ampla SENATRAN ago/2026 e indicadores IBGE 2022, quando presentes, são medidas separadas. Recarga ABVE/Tupi ago/2026."
AM,AMATURA,0.000000,0.000000,1.000000,1.000000,,0.000638,"Emplacamentos BEV/PHEV ABVE; frota ampla SENATRAN ago/2026 e indicadores IBGE 2022, quando presentes, são medidas separadas. Recarga ABVE/Tupi ago/2026."
AM,BORBA,0.000000,0.000000,1.000000,1.000000,,0.000638,"Emplacamentos BEV/PHEV ABVE; frota ampla SENATRAN ago/2026 e indicadores IBGE 2022, quando presentes, são medidas separadas. Recarga ABVE/Tupi ago/2026."
AM,CAREIRO,0.000000,0.000000,1.000000,1.000000,,0.000638,"Emplacamentos BEV/PHEV ABVE; frota ampla SENATRAN ago/2026 e indicadores IBGE 2022, quando presentes, são medidas separadas. Recarga ABVE/Tupi ago/2026."
MT,NOVA BRASILANDIA,0.000000,0.000000,1.000000,1.000000,,0.000638,"Emplacamentos BEV/PHEV ABVE; frota ampla SENATRAN ago/2026 e indicadores IBGE 2022, quando presentes, são medidas separadas. Recarga ABVE/Tupi ago/2026."
MT,NOVA MARINGA,1.000000,1.000000,2.000000,1.000000,100.000000,0.000638,"Emplacamentos BEV/PHEV ABVE; frota ampla SENATRAN ago/2026 e indicadores IBGE 2022, quando presentes, são medidas separadas. Recarga ABVE/Tupi ago/2026."
MT,NOVA UBIRATA,1.000000,2.000000,3.000000,1.000000,50.000000,0.000638,"Emplacamentos BEV/PHEV ABVE; frota ampla SENATRAN ago/2026 e indicadores IBGE 2022, quando presentes, são medidas separadas. Recarga ABVE/Tupi ago/2026."
MT,IPIRANGA DO NORTE,0.000000,0.000000,1.000000,1.000000,,0.000638,"Emplacamentos BEV/PHEV ABVE; frota ampla SENATRAN ago/2026 e indicadores IBGE 2022, quando presentes, são medidas separadas. Recarga ABVE/Tupi ago/2026."
AM,ITAMARATI,0.000000,0.000000,1.000000,1.000000,,0.000638,"Emplacamentos BEV/PHEV ABVE; frota ampla SENATRAN ago/2026 e indicadores IBGE 2022, quando presentes, são medidas separadas. Recarga ABVE/Tupi ago/2026."
AM,ITAPIRANGA,0.000000,0.000000,1.000000,1.000000,,0.000638,"Emplacamentos BEV/PHEV ABVE; frota ampla SENATRAN ago/2026 e indicadores IBGE 2022, quando presentes, são medidas separadas. Recarga ABVE/Tupi ago/2026."
SP,PONGAI,1.000000,0.000000,1.000000,1.000000,,0.000638,"Emplacamentos BEV/PHEV ABVE; frota ampla SENATRAN ago/2026 e indicadores IBGE 2022, quando presentes, são medidas separadas. Recarga ABVE/Tupi ago/2026."
SE,SANTA LUZIA DO ITANHY,0.000000,0.000000,1.000000,1.000000,,0.000638,"Emplacamentos BEV/PHEV ABVE; frota ampla SENATRAN ago/2026 e indicadores IBGE 2022, quando presentes, são medidas separadas. Recarga ABVE/Tupi ago/2026."
SE,SANTA ROSA DE LIMA,0.000000,0.000000,1.000000,1.000000,,0.000638,"Emplacamentos BEV/PHEV ABVE; frota ampla SENATRAN ago/2026 e indicadores IBGE 2022, quando presentes, são medidas separadas. Recarga ABVE/Tupi ago/2026."
SE,SANTO AMARO DAS BROTAS,1.000000,0.000000,1.000000,1.000000,,0.000638,"Emplacamentos BEV/PHEV ABVE; frota ampla SENATRAN ago/2026 e indicadores IBGE 2022, quando presentes, são medidas separadas. Recarga ABVE/Tupi ago/2026."
RS,LAGOA VERMELHA,3.000000,4.000000,5.000000,1.000000,25.000000,0.000638,"Emplacamentos BEV/PHEV ABVE; frota ampla SENATRAN ago/2026 e indicadores IBGE 2022, quando presentes, são medidas separadas. Recarga ABVE/Tupi ago/2026."
RS,LINHA NOVA,0.000000,0.000000,1.000000,1.000000,,0.000638,"Emplacamentos BEV/PHEV ABVE; frota ampla SENATRAN ago/2026 e indicadores IBGE 2022, quando presentes, são medidas separadas. Recarga ABVE/Tupi ago/2026."
RS,MARQUES DE SOUZA,0.000000,1.000000,2.000000,1.000000,100.000000,0.000638,"Emplacamentos BEV/PHEV ABVE; frota ampla SENATRAN ago/2026 e indicadores IBGE 2022, quando presentes, são medidas separadas. Recarga ABVE/Tupi ago/2026."
RS,MIRAGUAI,0.000000,0.000000,1.000000,1.000000,,0.000638,"Emplacamentos BEV/PHEV ABVE; frota ampla SENATRAN ago/2026 e indicadores IBGE 2022, quando presentes, são medidas separadas. Recarga ABVE/Tupi ago/2026."
RS,IPE,0.000000,1.000000,2.000000,1.000000,100.000000,0.000638,"Emplacamentos BEV/PHEV ABVE; frota ampla SENATRAN ago/2026 e indicadores IBGE 2022, quando presentes, são medidas separadas. Recarga ABVE/Tupi ago/2026."
MT,JANGADA,0.000000,0.000000,1.000000,1.000000,,0.000638,"Emplacamentos BEV/PHEV ABVE; frota ampla SENATRAN ago/2026 e indicadores IBGE 2022, quando presentes, são medidas separadas. Recarga ABVE/Tupi ago/2026."
MT,JURUENA,0.000000,0.000000,1.000000,1.000000,,0.000638,"Emplacamentos BEV/PHEV ABVE; frota ampla SENATRAN ago/2026 e indicadores IBGE 2022, quando presentes, são medidas separadas. Recarga ABVE/Tupi ago/2026."
MT,MARCELANDIA,0.000000,0.000000,1.000000,1.000000,,0.000638,"Emplacamentos BEV/PHEV ABVE; frota ampla SENATRAN ago/2026 e indicadores IBGE 2022, quando presentes, são medidas separadas. Recarga ABVE/Tupi ago/2026."
MT,CAMPO VERDE,5.000000,16.000000,17.000000,1.000000,6.250000,0.000638,"Emplacamentos BEV/PHEV ABVE; frota ampla SENATRAN ago/2026 e indicadores IBGE 2022, quando presentes, são medidas separadas. Recarga ABVE/Tupi ago/2026."
MT,ARIPUANA,0.000000,2.000000,3.000000,1.000000,50.000000,0.000638,"Emplacamentos BEV/PHEV ABVE; frota ampla SENATRAN ago/2026 e indicadores IBGE 2022, quando presentes, são medidas separadas. Recarga ABVE/Tupi ago/2026."
SP,PRADOPOLIS,3.000000,5.000000,6.000000,1.000000,20.000000,0.000638,"Emplacamentos BEV/PHEV ABVE; frota ampla SENATRAN ago/2026 e indicadores IBGE 2022, quando presentes, são medidas separadas. Recarga ABVE/Tupi ago/2026."
SP,QUINTANA,0.000000,2.000000,3.000000,1.000000,50.000000,0.000638,"Emplacamentos BEV/PHEV ABVE; frota ampla SENATRAN ago/2026 e indicadores IBGE 2022, quando presentes, são medidas separadas. Recarga ABVE/Tupi ago/2026."
RS,NOVA ALVORADA,1.000000,0.000000,1.000000,1.000000,,0.000638,"Emplacamentos BEV/PHEV ABVE; frota ampla SENATRAN ago/2026 e indicadores IBGE 2022, quando presentes, são medidas separadas. Recarga ABVE/Tupi ago/2026."
RS,NOVA ARACA,0.000000,0.000000,1.000000,1.000000,,0.000638,"Emplacamentos BEV/PHEV ABVE; frota ampla SENATRAN ago/2026 e indicadores IBGE 2022, quando presentes, são medidas separadas. Recarga ABVE/Tupi ago/2026."
SE,NOSSA SENHORA APARECIDA,0.000000,0.000000,1.000000,1.000000,,0.000638,"Emplacamentos BEV/PHEV ABVE; frota ampla SENATRAN ago/2026 e indicadores IBGE 2022, quando presentes, são medidas separadas. Recarga ABVE/Tupi ago/2026."
SE,PEDRA MOLE,0.000000,0.000000,1.000000,1.000000,,0.000638,"Emplacamentos BEV/PHEV ABVE; frota ampla SENATRAN ago/2026 e indicadores IBGE 2022, quando presentes, são medidas separadas. Recarga ABVE/Tupi ago/2026."
SE,PEDRINHAS,0.000000,0.000000,1.000000,1.000000,,0.000638,"Emplacamentos BEV/PHEV ABVE; frota ampla SENATRAN ago/2026 e indicadores IBGE 2022, quando presentes, são medidas separadas. Recarga ABVE/Tupi ago/2026."
SE,RIACHAO DO DANTAS,0.000000,0.000000,1.000000,1.000000,,0.000638,"Emplacamentos BEV/PHEV ABVE; frota ampla SENATRAN ago/2026 e indicadores IBGE 2022, quando presentes, são medidas separadas. Recarga ABVE/Tupi ago/2026."
MA,FORMOSA DA SERRA NEGRA,0.000000,0.000000,1.000000,1.000000,,0.000638,"Emplacamentos BEV/PHEV ABVE; frota ampla SENATRAN ago/2026 e indicadores IBGE 2022, quando presentes, são medidas separadas. Recarga ABVE/Tupi ago/2026."
MA,GODOFREDO VIANA,0.000000,0.000000,1.000000,1.000000,,0.000638,"Emplacamentos BEV/PHEV ABVE; frota ampla SENATRAN ago/2026 e indicadores IBGE 2022, quando presentes, são medidas separadas. Recarga ABVE/Tupi ago/2026."
MA,GOVERNADOR NEWTON BELLO,0.000000,0.000000,1.000000,1.000000,,0.000638,"Emplacamentos BEV/PHEV ABVE; frota ampla SENATRAN ago/2026 e indicadores IBGE 2022, quando presentes, são medidas separadas. Recarga ABVE/Tupi ago/2026."
MA,GOVERNADOR NUNES FREIRE,0.000000,0.000000,1.000000,1.000000,,0.000638,"Emplacamentos BEV/PHEV ABVE; frota ampla SENATRAN ago/2026 e indicadores IBGE 2022, quando presentes, são medidas separadas. Recarga ABVE/Tupi ago/2026."
MA,ICATU,0.000000,0.000000,1.000000,1.000000,,0.000638,"Emplacamentos BEV/PHEV ABVE; frota ampla SENATRAN ago/2026 e indicadores IBGE 2022, quando presentes, são medidas separadas. Recarga ABVE/Tupi ago/2026."
MA,IGARAPE DO MEIO,0.000000,0.000000,1.000000,1.000000,,0.000638,"Emplacamentos BEV/PHEV ABVE; frota ampla SENATRAN ago/2026 e indicadores IBGE 2022, quando presentes, são medidas separadas. Recarga ABVE/Tupi ago/2026."
MT,CONFRESA,0.000000,0.000000,1.000000,1.000000,,0.000638,"Emplacamentos BEV/PHEV ABVE; frota ampla SENATRAN ago/2026 e indicadores IBGE 2022, quando presentes, são medidas separadas. Recarga ABVE/Tupi ago/2026."
MS,NAVIRAI,1.000000,8.000000,9.000000,1.000000,12.500000,0.000638,"Emplacamentos BEV/PHEV ABVE; frota ampla SENATRAN ago/2026 e indicadores IBGE 2022, quando presentes, são medidas separadas. Recarga ABVE/Tupi ago/2026."
MS,NOVA ALVORADA DO SUL,2.000000,0.000000,1.000000,1.000000,,0.000638,"Emplacamentos BEV/PHEV ABVE; frota ampla SENATRAN ago/2026 e indicadores IBGE 2022, quando presentes, são medidas separadas. Recarga ABVE/Tupi ago/2026."
MS,PARANHOS,0.000000,0.000000,1.000000,1.000000,,0.000638,"Emplacamentos BEV/PHEV ABVE; frota ampla SENATRAN ago/2026 e indicadores IBGE 2022, quando presentes, são medidas separadas. Recarga ABVE/Tupi ago/2026."
MS,PEDRO GOMES,0.000000,0.000000,1.000000,1.000000,,0.000638,"Emplacamentos BEV/PHEV ABVE; frota ampla SENATRAN ago/2026 e indicadores IBGE 2022, quando presentes, são medidas separadas. Recarga ABVE/Tupi ago/2026."
MS,RIBAS DO RIO PARDO,5.000000,4.000000,5.000000,1.000000,25.000000,0.000638,"Emplacamentos BEV/PHEV ABVE; frota ampla SENATRAN ago/2026 e indicadores IBGE 2022, quando presentes, são medidas separadas. Recarga ABVE/Tupi ago/2026."
MS,RIO VERDE DE MATO GROSSO,1.000000,2.000000,3.000000,1.000000,50.000000,0.000638,"Emplacamentos BEV/PHEV ABVE; frota ampla SENATRAN ago/2026 e indicadores IBGE 2022, quando presentes, são medidas separadas. Recarga ABVE/Tupi ago/2026."
MS,SELVIRIA,0.000000,0.000000,1.000000,1.000000,,0.000638,"Emplacamentos BEV/PHEV ABVE; frota ampla SENATRAN ago/2026 e indicadores IBGE 2022, quando presentes, são medidas separadas. Recarga ABVE/Tupi ago/2026."
MS,CORUMBA,11.000000,12.000000,13.000000,1.000000,8.333333,0.000638,"Emplacamentos BEV/PHEV ABVE; frota ampla SENATRAN ago/2026 e indicadores IBGE 2022, quando presentes, são medidas separadas. Recarga ABVE/Tupi ago/2026."
RS,NOVA RAMADA,0.000000,0.000000,1.000000,1.000000,,0.000638,"Emplacamentos BEV/PHEV ABVE; frota ampla SENATRAN ago/2026 e indicadores IBGE 2022, quando presentes, são medidas separadas. Recarga ABVE/Tupi ago/2026."
RS,NOVA ROMA DO SUL,1.000000,0.000000,1.000000,1.000000,,0.000638,"Emplacamentos BEV/PHEV ABVE; frota ampla SENATRAN ago/2026 e indicadores IBGE 2022, quando presentes, são medidas separadas. Recarga ABVE/Tupi ago/2026."
RS,NOVO MACHADO,0.000000,0.000000,1.000000,1.000000,,0.000638,"Emplacamentos BEV/PHEV ABVE; frota ampla SENATRAN ago/2026 e indicadores IBGE 2022, quando presentes, são medidas separadas. Recarga ABVE/Tupi ago/2026."
CE,CARIRE,1.000000,1.000000,2.000000,1.000000,100.000000,0.000638,"Emplacamentos BEV/PHEV ABVE; frota ampla SENATRAN ago/2026 e indicadores IBGE 2022, quando presentes, são medidas separadas. Recarga ABVE/Tupi ago/2026."
CE,CATARINA,1.000000,0.000000,1.000000,1.000000,,0.000638,"Emplacamentos BEV/PHEV ABVE; frota ampla SENATRAN ago/2026 e indicadores IBGE 2022, quando presentes, são medidas separadas. Recarga ABVE/Tupi ago/2026."
RS,MORRO REDONDO,1.000000,0.000000,1.000000,1.000000,,0.000638,"Emplacamentos BEV/PHEV ABVE; frota ampla SENATRAN ago/2026 e indicadores IBGE 2022, quando presentes, são medidas separadas. Recarga ABVE/Tupi ago/2026."
RS,MUCUM,0.000000,1.000000,2.000000,1.000000,100.000000,0.000638,"Emplacamentos BEV/PHEV ABVE; frota ampla SENATRAN ago/2026 e indicadores IBGE 2022, quando presentes, são medidas separadas. Recarga ABVE/Tupi ago/2026."
MT,ACORIZAL,0.000000,0.000000,1.000000,1.000000,,0.000638,"Emplacamentos BEV/PHEV ABVE; frota ampla SENATRAN ago/2026 e indicadores IBGE 2022, quando presentes, são medidas separadas. Recarga ABVE/Tupi ago/2026."
MG,TUMIRITINGA,0.000000,0.000000,1.000000,1.000000,,0.000638,"Emplacamentos BEV/PHEV ABVE; frota ampla SENATRAN ago/2026 e indicadores IBGE 2022, quando presentes, são medidas separadas. Recarga ABVE/Tupi ago/2026."
MG,UBAPORANGA,1.000000,0.000000,1.000000,1.000000,,0.000638,"Emplacamentos BEV/PHEV ABVE; frota ampla SENATRAN ago/2026 e indicadores IBGE 2022, quando presentes, são medidas separadas. Recarga ABVE/Tupi ago/2026."
SE,FREI PAULO,0.000000,0.000000,1.000000,1.000000,,0.000638,"Emplacamentos BEV/PHEV ABVE; frota ampla SENATRAN ago/2026 e indicadores IBGE 2022, quando presentes, são medidas separadas. Recarga ABVE/Tupi ago/2026."
SE,MACAMBIRA,0.000000,0.000000,1.000000,1.000000,,0.000638,"Emplacamentos BEV/PHEV ABVE; frota ampla SENATRAN ago/2026 e indicadores IBGE 2022, quando presentes, são medidas separadas. Recarga ABVE/Tupi ago/2026."
SE,MALHADA DOS BOIS,0.000000,0.000000,1.000000,1.000000,,0.000638,"Emplacamentos BEV/PHEV ABVE; frota ampla SENATRAN ago/2026 e indicadores IBGE 2022, quando presentes, são medidas separadas. Recarga ABVE/Tupi ago/2026."
SE,MONTE ALEGRE DE SERGIPE,0.000000,0.000000,1.000000,1.000000,,0.000638,"Emplacamentos BEV/PHEV ABVE; frota ampla SENATRAN ago/2026 e indicadores IBGE 2022, quando presentes, são medidas separadas. Recarga ABVE/Tupi ago/2026."
SE,MURIBECA,0.000000,0.000000,1.000000,1.000000,,0.000638,"Emplacamentos BEV/PHEV ABVE; frota ampla SENATRAN ago/2026 e indicadores IBGE 2022, quando presentes, são medidas separadas. Recarga ABVE/Tupi ago/2026."
MS,GLORIA DE DOURADOS,0.000000,1.000000,2.000000,1.000000,100.000000,0.000638,"Emplacamentos BEV/PHEV ABVE; frota ampla SENATRAN ago/2026 e indicadores IBGE 2022, quando presentes, são medidas separadas. Recarga ABVE/Tupi ago/2026."
MS,JATEI,0.000000,0.000000,1.000000,1.000000,,0.000638,"Emplacamentos BEV/PHEV ABVE; frota ampla SENATRAN ago/2026 e indicadores IBGE 2022, quando presentes, são medidas separadas. Recarga ABVE/Tupi ago/2026."
SP,RIBEIRAO DOS INDIOS,0.000000,0.000000,1.000000,1.000000,,0.000638,"Emplacamentos BEV/PHEV ABVE; frota ampla SENATRAN ago/2026 e indicadores IBGE 2022, quando presentes, são medidas separadas. Recarga ABVE/Tupi ago/2026."
AL,PORTO REAL DO COLEGIO,0.000000,6.000000,7.000000,1.000000,16.666667,0.000638,"Emplacamentos BEV/PHEV ABVE; frota ampla SENATRAN ago/2026 e indicadores IBGE 2022, quando presentes, são medidas separadas. Recarga ABVE/Tupi ago/2026."
AL,QUEBRANGULO,0.000000,0.000000,1.000000,1.000000,,0.000638,"Emplacamentos BEV/PHEV ABVE; frota ampla SENATRAN ago/2026 e indicadores IBGE 2022, quando presentes, são medidas separadas. Recarga ABVE/Tupi ago/2026."
AL,SANTA LUZIA DO NORTE,0.000000,2.000000,3.000000,1.000000,50.000000,0.000638,"Emplacamentos BEV/PHEV ABVE; frota ampla SENATRAN ago/2026 e indicadores IBGE 2022, quando presentes, são medidas separadas. Recarga ABVE/Tupi ago/2026."
AL,SANTANA DO MUNDAU,0.000000,1.000000,2.000000,1.000000,100.000000,0.000638,"Emplacamentos BEV/PHEV ABVE; frota ampla SENATRAN ago/2026 e indicadores IBGE 2022, quando presentes, são medidas separadas. Recarga ABVE/Tupi ago/2026."
SP,REGINOPOLIS,0.000000,0.000000,1.000000,1.000000,,0.000638,"Emplacamentos BEV/PHEV ABVE; frota ampla SENATRAN ago/2026 e indicadores IBGE 2022, quando presentes, são medidas separadas. Recarga ABVE/Tupi ago/2026."
SP,RESTINGA,1.000000,0.000000,1.000000,1.000000,,0.000638,"Emplacamentos BEV/PHEV ABVE; frota ampla SENATRAN ago/2026 e indicadores IBGE 2022, quando presentes, são medidas separadas. Recarga ABVE/Tupi ago/2026."
MG,SAO PEDRO DO SUACUI,0.000000,0.000000,1.000000,1.000000,,0.000638,"Emplacamentos BEV/PHEV ABVE; frota ampla SENATRAN ago/2026 e indicadores IBGE 2022, quando presentes, são medidas separadas. Recarga ABVE/Tupi ago/2026."
MG,VARJAO DE MINAS,0.000000,0.000000,1.000000,1.000000,,0.000638,"Emplacamentos BEV/PHEV ABVE; frota ampla SENATRAN ago/2026 e indicadores IBGE 2022, quando presentes, são medidas separadas. Recarga ABVE/Tupi ago/2026."
MG,VIRGINIA,0.000000,0.000000,1.000000,1.000000,,0.000638,"Emplacamentos BEV/PHEV ABVE; frota ampla SENATRAN ago/2026 e indicadores IBGE 2022, quando presentes, são medidas separadas. Recarga ABVE/Tupi ago/2026."
SP,RINCAO,1.000000,0.000000,1.000000,1.000000,,0.000638,"Emplacamentos BEV/PHEV ABVE; frota ampla SENATRAN ago/2026 e indicadores IBGE 2022, quando presentes, são medidas separadas. Recarga ABVE/Tupi ago/2026."
SP,RUBINEIA,0.000000,0.000000,1.000000,1.000000,,0.000638,"Emplacamentos BEV/PHEV ABVE; frota ampla SENATRAN ago/2026 e indicadores IBGE 2022, quando presentes, são medidas separadas. Recarga ABVE/Tupi ago/2026."
SP,SABINO,0.000000,1.000000,2.000000,1.000000,100.000000,0.000638,"Emplacamentos BEV/PHEV ABVE; frota ampla SENATRAN ago/2026 e indicadores IBGE 2022, quando presentes, são medidas separadas. Recarga ABVE/Tupi ago/2026."
RS,POCO DAS ANTAS,0.000000,0.000000,1.000000,1.000000,,0.000638,"Emplacamentos BEV/PHEV ABVE; frota ampla SENATRAN ago/2026 e indicadores IBGE 2022, quando presentes, são medidas separadas. Recarga ABVE/Tupi ago/2026."
RS,PORTO LUCENA,0.000000,0.000000,1.000000,1.000000,,0.000638,"Emplacamentos BEV/PHEV ABVE; frota ampla SENATRAN ago/2026 e indicadores IBGE 2022, quando presentes, são medidas separadas. Recarga ABVE/Tupi ago/2026."
RS,PORTO VERA CRUZ,0.000000,0.000000,1.000000,1.000000,,0.000638,"Emplacamentos BEV/PHEV ABVE; frota ampla SENATRAN ago/2026 e indicadores IBGE 2022, quando presentes, são medidas separadas. Recarga ABVE/Tupi ago/2026."
RS,PROGRESSO,0.000000,0.000000,1.000000,1.000000,,0.000638,"Emplacamentos BEV/PHEV ABVE; frota ampla SENATRAN ago/2026 e indicadores IBGE 2022, quando presentes, são medidas separadas. Recarga ABVE/Tupi ago/2026."
RS,PALMITINHO,0.000000,0.000000,1.000000,1.000000,,0.000638,"Emplacamentos BEV/PHEV ABVE; frota ampla SENATRAN ago/2026 e indicadores IBGE 2022, quando presentes, são medidas separadas. Recarga ABVE/Tupi ago/2026."
RS,PAULO BENTO,0.000000,0.000000,1.000000,1.000000,,0.000638,"Emplacamentos BEV/PHEV ABVE; frota ampla SENATRAN ago/2026 e indicadores IBGE 2022, quando presentes, são medidas separadas. Recarga ABVE/Tupi ago/2026."
RS,PEDRAS ALTAS,0.000000,0.000000,1.000000,1.000000,,0.000638,"Emplacamentos BEV/PHEV ABVE; frota ampla SENATRAN ago/2026 e indicadores IBGE 2022, quando presentes, são medidas separadas. Recarga ABVE/Tupi ago/2026."
MS,ARAL MOREIRA,0.000000,0.000000,1.000000,1.000000,,0.000638,"Emplacamentos BEV/PHEV ABVE; frota ampla SENATRAN ago/2026 e indicadores IBGE 2022, quando presentes, são medidas separadas. Recarga ABVE/Tupi ago/2026."
MS,CARACOL,0.000000,0.000000,1.000000,1.000000,,0.000638,"Emplacamentos BEV/PHEV ABVE; frota ampla SENATRAN ago/2026 e indicadores IBGE 2022, quando presentes, são medidas separadas. Recarga ABVE/Tupi ago/2026."
MS,CASSILANDIA,0.000000,2.000000,3.000000,1.000000,50.000000,0.000638,"Emplacamentos BEV/PHEV ABVE; frota ampla SENATRAN ago/2026 e indicadores IBGE 2022, quando presentes, são medidas separadas. Recarga ABVE/Tupi ago/2026."
MG,SAO GONCALO DO ABAETE,0.000000,0.000000,1.000000,1.000000,,0.000638,"Emplacamentos BEV/PHEV ABVE; frota ampla SENATRAN ago/2026 e indicadores IBGE 2022, quando presentes, são medidas separadas. Recarga ABVE/Tupi ago/2026."
MG,SAO JOAO BATISTA DO GLORIA,0.000000,0.000000,1.000000,1.000000,,0.000638,"Emplacamentos BEV/PHEV ABVE; frota ampla SENATRAN ago/2026 e indicadores IBGE 2022, quando presentes, são medidas separadas. Recarga ABVE/Tupi ago/2026."
MG,SAO JOAO EVANGELISTA,0.000000,0.000000,1.000000,1.000000,,0.000638,"Emplacamentos BEV/PHEV ABVE; frota ampla SENATRAN ago/2026 e indicadores IBGE 2022, quando presentes, são medidas separadas. Recarga ABVE/Tupi ago/2026."
RS,QUATRO IRMAOS,0.000000,0.000000,1.000000,1.000000,,0.000638,"Emplacamentos BEV/PHEV ABVE; frota ampla SENATRAN ago/2026 e indicadores IBGE 2022, quando presentes, são medidas separadas. Recarga ABVE/Tupi ago/2026."
RS,RODEIO BONITO,2.000000,1.000000,2.000000,1.000000,100.000000,0.000638,"Emplacamentos BEV/PHEV ABVE; frota ampla SENATRAN ago/2026 e indicadores IBGE 2022, quando presentes, são medidas separadas. Recarga ABVE/Tupi ago/2026."
CE,ARATUBA,0.000000,0.000000,1.000000,1.000000,,0.000638,"Emplacamentos BEV/PHEV ABVE; frota ampla SENATRAN ago/2026 e indicadores IBGE 2022, quando presentes, são medidas separadas. Recarga ABVE/Tupi ago/2026."
RS,PINHAL GRANDE,0.000000,0.000000,1.000000,1.000000,,0.000638,"Emplacamentos BEV/PHEV ABVE; frota ampla SENATRAN ago/2026 e indicadores IBGE 2022, quando presentes, são medidas separadas. Recarga ABVE/Tupi ago/2026."
RS,PINHEIRINHO DO VALE,0.000000,0.000000,1.000000,1.000000,,0.000638,"Emplacamentos BEV/PHEV ABVE; frota ampla SENATRAN ago/2026 e indicadores IBGE 2022, quando presentes, são medidas separadas. Recarga ABVE/Tupi ago/2026."
RS,PINTO BANDEIRA,0.000000,1.000000,2.000000,1.000000,100.000000,0.000638,"Emplacamentos BEV/PHEV ABVE; frota ampla SENATRAN ago/2026 e indicadores IBGE 2022, quando presentes, são medidas separadas. Recarga ABVE/Tupi ago/2026."
SP,SAGRES,0.000000,0.000000,1.000000,1.000000,,0.000638,"Emplacamentos BEV/PHEV ABVE; frota ampla SENATRAN ago/2026 e indicadores IBGE 2022, quando presentes, são medidas separadas. Recarga ABVE/Tupi ago/2026."
MA,JOSELANDIA,0.000000,0.000000,1.000000,1.000000,,0.000638,"Emplacamentos BEV/PHEV ABVE; frota ampla SENATRAN ago/2026 e indicadores IBGE 2022, quando presentes, são medidas separadas. Recarga ABVE/Tupi ago/2026."
MA,LAGO DA PEDRA,0.000000,2.000000,3.000000,1.000000,50.000000,0.000638,"Emplacamentos BEV/PHEV ABVE; frota ampla SENATRAN ago/2026 e indicadores IBGE 2022, quando presentes, são medidas separadas. Recarga ABVE/Tupi ago/2026."
MA,LIMA CAMPOS,2.000000,0.000000,1.000000,1.000000,,0.000638,"Emplacamentos BEV/PHEV ABVE; frota ampla SENATRAN ago/2026 e indicadores IBGE 2022, quando presentes, são medidas separadas. Recarga ABVE/Tupi ago/2026."
MA,LORETO,0.000000,0.000000,1.000000,1.000000,,0.000638,"Emplacamentos BEV/PHEV ABVE; frota ampla SENATRAN ago/2026 e indicadores IBGE 2022, quando presentes, são medidas separadas. Recarga ABVE/Tupi ago/2026."
MA,MATOES,0.000000,0.000000,1.000000,1.000000,,0.000638,"Emplacamentos BEV/PHEV ABVE; frota ampla SENATRAN ago/2026 e indicadores IBGE 2022, quando presentes, são medidas separadas. Recarga ABVE/Tupi ago/2026."
MA,MIRINZAL,0.000000,0.000000,1.000000,1.000000,,0.000638,"Emplacamentos BEV/PHEV ABVE; frota ampla SENATRAN ago/2026 e indicadores IBGE 2022, quando presentes, são medidas separadas. Recarga ABVE/Tupi ago/2026."
SP,SANTA CRUZ DA CONCEICAO,0.000000,0.000000,1.000000,1.000000,,0.000638,"Emplacamentos BEV/PHEV ABVE; frota ampla SENATRAN ago/2026 e indicadores IBGE 2022, quando presentes, são medidas separadas. Recarga ABVE/Tupi ago/2026."
AL,OLHO D'AGUA DAS FLORES,4.000000,3.000000,4.000000,1.000000,33.333333,0.000638,"Emplacamentos BEV/PHEV ABVE; frota ampla SENATRAN ago/2026 e indicadores IBGE 2022, quando presentes, são medidas separadas. Recarga ABVE/Tupi ago/2026."
AL,OLIVENCA,0.000000,0.000000,1.000000,1.000000,,0.000638,"Emplacamentos BEV/PHEV ABVE; frota ampla SENATRAN ago/2026 e indicadores IBGE 2022, quando presentes, são medidas separadas. Recarga ABVE/Tupi ago/2026."
SE,CRISTINAPOLIS,0.000000,0.000000,1.000000,1.000000,,0.000638,"Emplacamentos BEV/PHEV ABVE; frota ampla SENATRAN ago/2026 e indicadores IBGE 2022, quando presentes, são medidas separadas. Recarga ABVE/Tupi ago/2026."
SE,DIVINA PASTORA,0.000000,0.000000,1.000000,1.000000,,0.000638,"Emplacamentos BEV/PHEV ABVE; frota ampla SENATRAN ago/2026 e indicadores IBGE 2022, quando presentes, são medidas separadas. Recarga ABVE/Tupi ago/2026."
SE,FEIRA NOVA,0.000000,0.000000,1.000000,1.000000,,0.000638,"Emplacamentos BEV/PHEV ABVE; frota ampla SENATRAN ago/2026 e indicadores IBGE 2022, quando presentes, são medidas separadas. Recarga ABVE/Tupi ago/2026."
RS,SALDANHA MARINHO,0.000000,0.000000,1.000000,1.000000,,0.000638,"Emplacamentos BEV/PHEV ABVE; frota ampla SENATRAN ago/2026 e indicadores IBGE 2022, quando presentes, são medidas separadas. Recarga ABVE/Tupi ago/2026."
RS,SANTA BARBARA DO SUL,0.000000,2.000000,3.000000,1.000000,50.000000,0.000638,"Emplacamentos BEV/PHEV ABVE; frota ampla SENATRAN ago/2026 e indicadores IBGE 2022, quando presentes, são medidas separadas. Recarga ABVE/Tupi ago/2026."
RS,SANTA TEREZA,0.000000,0.000000,1.000000,1.000000,,0.000638,"Emplacamentos BEV/PHEV ABVE; frota ampla SENATRAN ago/2026 e indicadores IBGE 2022, quando presentes, são medidas separadas. Recarga ABVE/Tupi ago/2026."
MG,SAPUCAI-MIRIM,1.000000,0.000000,1.000000,1.000000,,0.000638,"Emplacamentos BEV/PHEV ABVE; frota ampla SENATRAN ago/2026 e indicadores IBGE 2022, quando presentes, são medidas separadas. Recarga ABVE/Tupi ago/2026."
MG,SENHORA DE OLIVEIRA,0.000000,0.000000,1.000000,1.000000,,0.000638,"Emplacamentos BEV/PHEV ABVE; frota ampla SENATRAN ago/2026 e indicadores IBGE 2022, quando presentes, são medidas separadas. Recarga ABVE/Tupi ago/2026."
MG,SERRA DO SALITRE,0.000000,0.000000,1.000000,1.000000,,0.000638,"Emplacamentos BEV/PHEV ABVE; frota ampla SENATRAN ago/2026 e indicadores IBGE 2022, quando presentes, são medidas separadas. Recarga ABVE/Tupi ago/2026."
MG,SERRO,0.000000,0.000000,1.000000,1.000000,,0.000638,"Emplacamentos BEV/PHEV ABVE; frota ampla SENATRAN ago/2026 e indicadores IBGE 2022, quando presentes, são medidas separadas. Recarga ABVE/Tupi ago/2026."
MG,SILVIANOPOLIS,0.000000,1.000000,2.000000,1.000000,100.000000,0.000638,"Emplacamentos BEV/PHEV ABVE; frota ampla SENATRAN ago/2026 e indicadores IBGE 2022, quando presentes, são medidas separadas. Recarga ABVE/Tupi ago/2026."
MG,TARUMIRIM,1.000000,1.000000,2.000000,1.000000,100.000000,0.000638,"Emplacamentos BEV/PHEV ABVE; frota ampla SENATRAN ago/2026 e indicadores IBGE 2022, quando presentes, são medidas separadas. Recarga ABVE/Tupi ago/2026."
MG,SAO GERALDO DO BAIXIO,0.000000,0.000000,1.000000,1.000000,,0.000638,"Emplacamentos BEV/PHEV ABVE; frota ampla SENATRAN ago/2026 e indicadores IBGE 2022, quando presentes, são medidas separadas. Recarga ABVE/Tupi ago/2026."
MG,SANTANA DO JACARE,0.000000,0.000000,1.000000,1.000000,,0.000638,"Emplacamentos BEV/PHEV ABVE; frota ampla SENATRAN ago/2026 e indicadores IBGE 2022, quando presentes, são medidas separadas. Recarga ABVE/Tupi ago/2026."
MG,SANTANA DO MANHUACU,0.000000,0.000000,1.000000,1.000000,,0.000638,"Emplacamentos BEV/PHEV ABVE; frota ampla SENATRAN ago/2026 e indicadores IBGE 2022, quando presentes, são medidas separadas. Recarga ABVE/Tupi ago/2026."
MG,SAO BRAS DO SUACUI,1.000000,0.000000,1.000000,1.000000,,0.000638,"Emplacamentos BEV/PHEV ABVE; frota ampla SENATRAN ago/2026 e indicadores IBGE 2022, quando presentes, são medidas separadas. Recarga ABVE/Tupi ago/2026."
MG,SAO DOMINGOS DO PRATA,0.000000,0.000000,1.000000,1.000000,,0.000638,"Emplacamentos BEV/PHEV ABVE; frota ampla SENATRAN ago/2026 e indicadores IBGE 2022, quando presentes, são medidas separadas. Recarga ABVE/Tupi ago/2026."
MG,SAO FRANCISCO DE PAULA,0.000000,0.000000,1.000000,1.000000,,0.000638,"Emplacamentos BEV/PHEV ABVE; frota ampla SENATRAN ago/2026 e indicadores IBGE 2022, quando presentes, são medidas separadas. Recarga ABVE/Tupi ago/2026."
MG,RIO PARANAIBA,0.000000,0.000000,1.000000,1.000000,,0.000638,"Emplacamentos BEV/PHEV ABVE; frota ampla SENATRAN ago/2026 e indicadores IBGE 2022, quando presentes, são medidas separadas. Recarga ABVE/Tupi ago/2026."
MG,RIO POMBA,3.000000,0.000000,1.000000,1.000000,,0.000638,"Emplacamentos BEV/PHEV ABVE; frota ampla SENATRAN ago/2026 e indicadores IBGE 2022, quando presentes, são medidas separadas. Recarga ABVE/Tupi ago/2026."
RS,SAO JOSE DOS AUSENTES,0.000000,0.000000,1.000000,1.000000,,0.000638,"Emplacamentos BEV/PHEV ABVE; frota ampla SENATRAN ago/2026 e indicadores IBGE 2022, quando presentes, são medidas separadas. Recarga ABVE/Tupi ago/2026."
SC,WITMARSUM,0.000000,0.000000,1.000000,1.000000,,0.000638,"Emplacamentos BEV/PHEV ABVE; frota ampla SENATRAN ago/2026 e indicadores IBGE 2022, quando presentes, são medidas separadas. Recarga ABVE/Tupi ago/2026."
SE,AQUIDABA,2.000000,1.000000,2.000000,1.000000,100.000000,0.000638,"Emplacamentos BEV/PHEV ABVE; frota ampla SENATRAN ago/2026 e indicadores IBGE 2022, quando presentes, são medidas separadas. Recarga ABVE/Tupi ago/2026."
SE,CANHOBA,0.000000,0.000000,1.000000,1.000000,,0.000638,"Emplacamentos BEV/PHEV ABVE; frota ampla SENATRAN ago/2026 e indicadores IBGE 2022, quando presentes, são medidas separadas. Recarga ABVE/Tupi ago/2026."
SE,CARMOPOLIS,0.000000,0.000000,1.000000,1.000000,,0.000638,"Emplacamentos BEV/PHEV ABVE; frota ampla SENATRAN ago/2026 e indicadores IBGE 2022, quando presentes, são medidas separadas. Recarga ABVE/Tupi ago/2026."
SE,CEDRO DE SAO JOAO,0.000000,0.000000,1.000000,1.000000,,0.000638,"Emplacamentos BEV/PHEV ABVE; frota ampla SENATRAN ago/2026 e indicadores IBGE 2022, quando presentes, são medidas separadas. Recarga ABVE/Tupi ago/2026."
MG,SAO JOSE DO GOIABAL,0.000000,0.000000,1.000000,1.000000,,0.000638,"Emplacamentos BEV/PHEV ABVE; frota ampla SENATRAN ago/2026 e indicadores IBGE 2022, quando presentes, são medidas separadas. Recarga ABVE/Tupi ago/2026."
MG,SAO PEDRO DA UNIAO,0.000000,0.000000,1.000000,1.000000,,0.000638,"Emplacamentos BEV/PHEV ABVE; frota ampla SENATRAN ago/2026 e indicadores IBGE 2022, quando presentes, são medidas separadas. Recarga ABVE/Tupi ago/2026."
SP,SANTA ALBERTINA,0.000000,0.000000,1.000000,1.000000,,0.000638,"Emplacamentos BEV/PHEV ABVE; frota ampla SENATRAN ago/2026 e indicadores IBGE 2022, quando presentes, são medidas separadas. Recarga ABVE/Tupi ago/2026."
AL,POCO DAS TRINCHEIRAS,0.000000,0.000000,1.000000,1.000000,,0.000638,"Emplacamentos BEV/PHEV ABVE; frota ampla SENATRAN ago/2026 e indicadores IBGE 2022, quando presentes, são medidas separadas. Recarga ABVE/Tupi ago/2026."
SP,SANTA MARIA DA SERRA,0.000000,0.000000,1.000000,1.000000,,0.000638,"Emplacamentos BEV/PHEV ABVE; frota ampla SENATRAN ago/2026 e indicadores IBGE 2022, quando presentes, são medidas separadas. Recarga ABVE/Tupi ago/2026."
SP,SANTO ANTONIO DO PINHAL,1.000000,6.000000,7.000000,1.000000,16.666667,0.000638,"Emplacamentos BEV/PHEV ABVE; frota ampla SENATRAN ago/2026 e indicadores IBGE 2022, quando presentes, são medidas separadas. Recarga ABVE/Tupi ago/2026."
RS,SAO PAULO DAS MISSOES,1.000000,0.000000,1.000000,1.000000,,0.000638,"Emplacamentos BEV/PHEV ABVE; frota ampla SENATRAN ago/2026 e indicadores IBGE 2022, quando presentes, são medidas separadas. Recarga ABVE/Tupi ago/2026."
BA,VARZEA NOVA,0.000000,0.000000,1.000000,1.000000,,0.000638,"Emplacamentos BEV/PHEV ABVE; frota ampla SENATRAN ago/2026 e indicadores IBGE 2022, quando presentes, são medidas separadas. Recarga ABVE/Tupi ago/2026."
CE,ACARAPE,0.000000,0.000000,1.000000,1.000000,,0.000638,"Emplacamentos BEV/PHEV ABVE; frota ampla SENATRAN ago/2026 e indicadores IBGE 2022, quando presentes, são medidas separadas. Recarga ABVE/Tupi ago/2026."
RS,SANTANA DA BOA VISTA,0.000000,0.000000,1.000000,1.000000,,0.000638,"Emplacamentos BEV/PHEV ABVE; frota ampla SENATRAN ago/2026 e indicadores IBGE 2022, quando presentes, são medidas separadas. Recarga ABVE/Tupi ago/2026."
RS,SANTO ANTONIO DO PLANALTO,0.000000,0.000000,1.000000,1.000000,,0.000638,"Emplacamentos BEV/PHEV ABVE; frota ampla SENATRAN ago/2026 e indicadores IBGE 2022, quando presentes, são medidas separadas. Recarga ABVE/Tupi ago/2026."
RS,SAO DOMINGOS DO SUL,0.000000,0.000000,1.000000,1.000000,,0.000638,"Emplacamentos BEV/PHEV ABVE; frota ampla SENATRAN ago/2026 e indicadores IBGE 2022, quando presentes, são medidas separadas. Recarga ABVE/Tupi ago/2026."
RS,SAO JOAO DA URTIGA,1.000000,0.000000,1.000000,1.000000,,0.000638,"Emplacamentos BEV/PHEV ABVE; frota ampla SENATRAN ago/2026 e indicadores IBGE 2022, quando presentes, são medidas separadas. Recarga ABVE/Tupi ago/2026."
RS,SAO JOAO DO POLESINE,0.000000,2.000000,3.000000,1.000000,50.000000,0.000638,"Emplacamentos BEV/PHEV ABVE; frota ampla SENATRAN ago/2026 e indicadores IBGE 2022, quando presentes, são medidas separadas. Recarga ABVE/Tupi ago/2026."
RS,SAO JOSE DO HORTENCIO,1.000000,0.000000,1.000000,1.000000,,0.000638,"Emplacamentos BEV/PHEV ABVE; frota ampla SENATRAN ago/2026 e indicadores IBGE 2022, quando presentes, são medidas separadas. Recarga ABVE/Tupi ago/2026."
AL,PAULO JACINTO,0.000000,0.000000,1.000000,1.000000,,0.000638,"Emplacamentos BEV/PHEV ABVE; frota ampla SENATRAN ago/2026 e indicadores IBGE 2022, quando presentes, são medidas separadas. Recarga ABVE/Tupi ago/2026."
MG,SANTA RITA DE CALDAS,0.000000,0.000000,1.000000,1.000000,,0.000638,"Emplacamentos BEV/PHEV ABVE; frota ampla SENATRAN ago/2026 e indicadores IBGE 2022, quando presentes, são medidas separadas. Recarga ABVE/Tupi ago/2026."
MG,SANTA RITA DO ITUETO,0.000000,0.000000,1.000000,1.000000,,0.000638,"Emplacamentos BEV/PHEV ABVE; frota ampla SENATRAN ago/2026 e indicadores IBGE 2022, quando presentes, são medidas separadas. Recarga ABVE/Tupi ago/2026."
MG,SANTANA DO DESERTO,0.000000,0.000000,1.000000,1.000000,,0.000638,"Emplacamentos BEV/PHEV ABVE; frota ampla SENATRAN ago/2026 e indicadores IBGE 2022, quando presentes, são medidas separadas. Recarga ABVE/Tupi ago/2026."
MG,RESENDE COSTA,1.000000,0.000000,1.000000,1.000000,,0.000638,"Emplacamentos BEV/PHEV ABVE; frota ampla SENATRAN ago/2026 e indicadores IBGE 2022, quando presentes, são medidas separadas. Recarga ABVE/Tupi ago/2026."
MG,RIO ACIMA,0.000000,1.000000,2.000000,1.000000,100.000000,0.000638,"Emplacamentos BEV/PHEV ABVE; frota ampla SENATRAN ago/2026 e indicadores IBGE 2022, quando presentes, são medidas separadas. Recarga ABVE/Tupi ago/2026."
MG,RIO CASCA,0.000000,1.000000,2.000000,1.000000,100.000000,0.000638,"Emplacamentos BEV/PHEV ABVE; frota ampla SENATRAN ago/2026 e indicadores IBGE 2022, quando presentes, são medidas separadas. Recarga ABVE/Tupi ago/2026."
MA,PARNARAMA,0.000000,0.000000,1.000000,1.000000,,0.000638,"Emplacamentos BEV/PHEV ABVE; frota ampla SENATRAN ago/2026 e indicadores IBGE 2022, quando presentes, são medidas separadas. Recarga ABVE/Tupi ago/2026."
MA,PASSAGEM FRANCA,0.000000,0.000000,1.000000,1.000000,,0.000638,"Emplacamentos BEV/PHEV ABVE; frota ampla SENATRAN ago/2026 e indicadores IBGE 2022, quando presentes, são medidas separadas. Recarga ABVE/Tupi ago/2026."
MA,PAULINO NEVES,0.000000,0.000000,1.000000,1.000000,,0.000638,"Emplacamentos BEV/PHEV ABVE; frota ampla SENATRAN ago/2026 e indicadores IBGE 2022, quando presentes, são medidas separadas. Recarga ABVE/Tupi ago/2026."
CE,ALTO SANTO,0.000000,1.000000,2.000000,1.000000,100.000000,0.000638,"Emplacamentos BEV/PHEV ABVE; frota ampla SENATRAN ago/2026 e indicadores IBGE 2022, quando presentes, são medidas separadas. Recarga ABVE/Tupi ago/2026."
RS,SAO SEPE,2.000000,0.000000,1.000000,1.000000,,0.000638,"Emplacamentos BEV/PHEV ABVE; frota ampla SENATRAN ago/2026 e indicadores IBGE 2022, quando presentes, são medidas separadas. Recarga ABVE/Tupi ago/2026."
RS,SENTINELA DO SUL,1.000000,0.000000,1.000000,1.000000,,0.000638,"Emplacamentos BEV/PHEV ABVE; frota ampla SENATRAN ago/2026 e indicadores IBGE 2022, quando presentes, são medidas separadas. Recarga ABVE/Tupi ago/2026."
RS,SERIO,0.000000,0.000000,1.000000,1.000000,,0.000638,"Emplacamentos BEV/PHEV ABVE; frota ampla SENATRAN ago/2026 e indicadores IBGE 2022, quando presentes, são medidas separadas. Recarga ABVE/Tupi ago/2026."
RS,SERTAO,0.000000,1.000000,2.000000,1.000000,100.000000,0.000638,"Emplacamentos BEV/PHEV ABVE; frota ampla SENATRAN ago/2026 e indicadores IBGE 2022, quando presentes, são medidas separadas. Recarga ABVE/Tupi ago/2026."
RS,SAO MIGUEL DAS MISSOES,1.000000,1.000000,2.000000,1.000000,100.000000,0.000638,"Emplacamentos BEV/PHEV ABVE; frota ampla SENATRAN ago/2026 e indicadores IBGE 2022, quando presentes, são medidas separadas. Recarga ABVE/Tupi ago/2026."
MG,RUBELITA,0.000000,0.000000,1.000000,1.000000,,0.000638,"Emplacamentos BEV/PHEV ABVE; frota ampla SENATRAN ago/2026 e indicadores IBGE 2022, quando presentes, são medidas separadas. Recarga ABVE/Tupi ago/2026."
MG,SANTA BARBARA DO LESTE,0.000000,0.000000,1.000000,1.000000,,0.000638,"Emplacamentos BEV/PHEV ABVE; frota ampla SENATRAN ago/2026 e indicadores IBGE 2022, quando presentes, são medidas separadas. Recarga ABVE/Tupi ago/2026."
MG,SANTA CRUZ DO ESCALVADO,0.000000,0.000000,1.000000,1.000000,,0.000638,"Emplacamentos BEV/PHEV ABVE; frota ampla SENATRAN ago/2026 e indicadores IBGE 2022, quando presentes, são medidas separadas. Recarga ABVE/Tupi ago/2026."
AL,PINDOBA,0.000000,0.000000,1.000000,1.000000,,0.000638,"Emplacamentos BEV/PHEV ABVE; frota ampla SENATRAN ago/2026 e indicadores IBGE 2022, quando presentes, são medidas separadas. Recarga ABVE/Tupi ago/2026."
AL,JOAQUIM GOMES,0.000000,0.000000,1.000000,1.000000,,0.000638,"Emplacamentos BEV/PHEV ABVE; frota ampla SENATRAN ago/2026 e indicadores IBGE 2022, quando presentes, são medidas separadas. Recarga ABVE/Tupi ago/2026."
AL,LAGOA DA CANOA,1.000000,3.000000,4.000000,1.000000,33.333333,0.000638,"Emplacamentos BEV/PHEV ABVE; frota ampla SENATRAN ago/2026 e indicadores IBGE 2022, quando presentes, são medidas separadas. Recarga ABVE/Tupi ago/2026."
RS,TIO HUGO,0.000000,0.000000,1.000000,1.000000,,0.000638,"Emplacamentos BEV/PHEV ABVE; frota ampla SENATRAN ago/2026 e indicadores IBGE 2022, quando presentes, são medidas separadas. Recarga ABVE/Tupi ago/2026."
BA,NOVA VICOSA,0.000000,0.000000,1.000000,1.000000,,0.000638,"Emplacamentos BEV/PHEV ABVE; frota ampla SENATRAN ago/2026 e indicadores IBGE 2022, quando presentes, são medidas separadas. Recarga ABVE/Tupi ago/2026."
SC,TIGRINHOS,0.000000,0.000000,1.000000,1.000000,,0.000638,"Emplacamentos BEV/PHEV ABVE; frota ampla SENATRAN ago/2026 e indicadores IBGE 2022, quando presentes, são medidas separadas. Recarga ABVE/Tupi ago/2026."
SC,URUPEMA,1.000000,0.000000,1.000000,1.000000,,0.000638,"Emplacamentos BEV/PHEV ABVE; frota ampla SENATRAN ago/2026 e indicadores IBGE 2022, quando presentes, são medidas separadas. Recarga ABVE/Tupi ago/2026."
MA,PAULO RAMOS,0.000000,0.000000,1.000000,1.000000,,0.000638,"Emplacamentos BEV/PHEV ABVE; frota ampla SENATRAN ago/2026 e indicadores IBGE 2022, quando presentes, são medidas separadas. Recarga ABVE/Tupi ago/2026."
MA,PERITORO,0.000000,0.000000,1.000000,1.000000,,0.000638,"Emplacamentos BEV/PHEV ABVE; frota ampla SENATRAN ago/2026 e indicadores IBGE 2022, quando presentes, são medidas separadas. Recarga ABVE/Tupi ago/2026."
MG,PAPAGAIOS,1.000000,0.000000,1.000000,1.000000,,0.000638,"Emplacamentos BEV/PHEV ABVE; frota ampla SENATRAN ago/2026 e indicadores IBGE 2022, quando presentes, são medidas separadas. Recarga ABVE/Tupi ago/2026."
MG,PASSA QUATRO,0.000000,0.000000,1.000000,1.000000,,0.000638,"Emplacamentos BEV/PHEV ABVE; frota ampla SENATRAN ago/2026 e indicadores IBGE 2022, quando presentes, são medidas separadas. Recarga ABVE/Tupi ago/2026."
MG,PATROCINIO,6.000000,10.000000,11.000000,1.000000,10.000000,0.000638,"Emplacamentos BEV/PHEV ABVE; frota ampla SENATRAN ago/2026 e indicadores IBGE 2022, quando presentes, são medidas separadas. Recarga ABVE/Tupi ago/2026."
MG,PECANHA,0.000000,0.000000,1.000000,1.000000,,0.000638,"Emplacamentos BEV/PHEV ABVE; frota ampla SENATRAN ago/2026 e indicadores IBGE 2022, quando presentes, são medidas separadas. Recarga ABVE/Tupi ago/2026."
MG,PEDRO LEOPOLDO,5.000000,9.000000,10.000000,1.000000,11.111111,0.000638,"Emplacamentos BEV/PHEV ABVE; frota ampla SENATRAN ago/2026 e indicadores IBGE 2022, quando presentes, são medidas separadas. Recarga ABVE/Tupi ago/2026."
MG,PORTEIRINHA,1.000000,1.000000,2.000000,1.000000,100.000000,0.000638,"Emplacamentos BEV/PHEV ABVE; frota ampla SENATRAN ago/2026 e indicadores IBGE 2022, quando presentes, são medidas separadas. Recarga ABVE/Tupi ago/2026."
MG,RAPOSOS,0.000000,0.000000,1.000000,1.000000,,0.000638,"Emplacamentos BEV/PHEV ABVE; frota ampla SENATRAN ago/2026 e indicadores IBGE 2022, quando presentes, são medidas separadas. Recarga ABVE/Tupi ago/2026."
MG,RECREIO,0.000000,0.000000,1.000000,1.000000,,0.000638,"Emplacamentos BEV/PHEV ABVE; frota ampla SENATRAN ago/2026 e indicadores IBGE 2022, quando presentes, são medidas separadas. Recarga ABVE/Tupi ago/2026."
MG,NANUQUE,1.000000,0.000000,1.000000,1.000000,,0.000638,"Emplacamentos BEV/PHEV ABVE; frota ampla SENATRAN ago/2026 e indicadores IBGE 2022, quando presentes, são medidas separadas. Recarga ABVE/Tupi ago/2026."
MG,NAQUE,0.000000,0.000000,1.000000,1.000000,,0.000638,"Emplacamentos BEV/PHEV ABVE; frota ampla SENATRAN ago/2026 e indicadores IBGE 2022, quando presentes, são medidas separadas. Recarga ABVE/Tupi ago/2026."
MG,NOVA ERA,1.000000,2.000000,3.000000,1.000000,50.000000,0.000638,"Emplacamentos BEV/PHEV ABVE; frota ampla SENATRAN ago/2026 e indicadores IBGE 2022, quando presentes, são medidas separadas. Recarga ABVE/Tupi ago/2026."
MG,PAINS,0.000000,1.000000,2.000000,1.000000,100.000000,0.000638,"Emplacamentos BEV/PHEV ABVE; frota ampla SENATRAN ago/2026 e indicadores IBGE 2022, quando presentes, são medidas separadas. Recarga ABVE/Tupi ago/2026."
MG,MANTENA,0.000000,0.000000,1.000000,1.000000,,0.000638,"Emplacamentos BEV/PHEV ABVE; frota ampla SENATRAN ago/2026 e indicadores IBGE 2022, quando presentes, são medidas separadas. Recarga ABVE/Tupi ago/2026."
MG,MARTINHO CAMPOS,0.000000,0.000000,1.000000,1.000000,,0.000638,"Emplacamentos BEV/PHEV ABVE; frota ampla SENATRAN ago/2026 e indicadores IBGE 2022, quando presentes, são medidas separadas. Recarga ABVE/Tupi ago/2026."
BA,TAPEROA,1.000000,0.000000,1.000000,1.000000,,0.000638,"Emplacamentos BEV/PHEV ABVE; frota ampla SENATRAN ago/2026 e indicadores IBGE 2022, quando presentes, são medidas separadas. Recarga ABVE/Tupi ago/2026."
RS,SILVEIRA MARTINS,0.000000,0.000000,1.000000,1.000000,,0.000638,"Emplacamentos BEV/PHEV ABVE; frota ampla SENATRAN ago/2026 e indicadores IBGE 2022, quando presentes, são medidas separadas. Recarga ABVE/Tupi ago/2026."
RS,TAPES,0.000000,1.000000,2.000000,1.000000,100.000000,0.000638,"Emplacamentos BEV/PHEV ABVE; frota ampla SENATRAN ago/2026 e indicadores IBGE 2022, quando presentes, são medidas separadas. Recarga ABVE/Tupi ago/2026."
RS,TAQUARUCU DO SUL,1.000000,0.000000,1.000000,1.000000,,0.000638,"Emplacamentos BEV/PHEV ABVE; frota ampla SENATRAN ago/2026 e indicadores IBGE 2022, quando presentes, são medidas separadas. Recarga ABVE/Tupi ago/2026."
RS,TAVARES,0.000000,0.000000,1.000000,1.000000,,0.000638,"Emplacamentos BEV/PHEV ABVE; frota ampla SENATRAN ago/2026 e indicadores IBGE 2022, quando presentes, são medidas separadas. Recarga ABVE/Tupi ago/2026."
MG,PIEDADE DE CARATINGA,0.000000,0.000000,1.000000,1.000000,,0.000638,"Emplacamentos BEV/PHEV ABVE; frota ampla SENATRAN ago/2026 e indicadores IBGE 2022, quando presentes, são medidas separadas. Recarga ABVE/Tupi ago/2026."
SP,SAO JOSE DA BELA VISTA,0.000000,0.000000,1.000000,1.000000,,0.000638,"Emplacamentos BEV/PHEV ABVE; frota ampla SENATRAN ago/2026 e indicadores IBGE 2022, quando presentes, são medidas separadas. Recarga ABVE/Tupi ago/2026."
SP,SAO JOSE DO BARREIRO,0.000000,0.000000,1.000000,1.000000,,0.000638,"Emplacamentos BEV/PHEV ABVE; frota ampla SENATRAN ago/2026 e indicadores IBGE 2022, quando presentes, são medidas separadas. Recarga ABVE/Tupi ago/2026."
AL,JARAMATAIA,0.000000,0.000000,1.000000,1.000000,,0.000638,"Emplacamentos BEV/PHEV ABVE; frota ampla SENATRAN ago/2026 e indicadores IBGE 2022, quando presentes, são medidas separadas. Recarga ABVE/Tupi ago/2026."
AL,JEQUIA DA PRAIA,0.000000,0.000000,1.000000,1.000000,,0.000638,"Emplacamentos BEV/PHEV ABVE; frota ampla SENATRAN ago/2026 e indicadores IBGE 2022, quando presentes, são medidas separadas. Recarga ABVE/Tupi ago/2026."
MG,MIRAI,1.000000,0.000000,1.000000,1.000000,,0.000638,"Emplacamentos BEV/PHEV ABVE; frota ampla SENATRAN ago/2026 e indicadores IBGE 2022, quando presentes, são medidas separadas. Recarga ABVE/Tupi ago/2026."
MG,JUATUBA,1.000000,2.000000,3.000000,1.000000,50.000000,0.000638,"Emplacamentos BEV/PHEV ABVE; frota ampla SENATRAN ago/2026 e indicadores IBGE 2022, quando presentes, são medidas separadas. Recarga ABVE/Tupi ago/2026."
MG,LAJINHA,0.000000,0.000000,1.000000,1.000000,,0.000638,"Emplacamentos BEV/PHEV ABVE; frota ampla SENATRAN ago/2026 e indicadores IBGE 2022, quando presentes, são medidas separadas. Recarga ABVE/Tupi ago/2026."
MG,LAMBARI,3.000000,2.000000,3.000000,1.000000,50.000000,0.000638,"Emplacamentos BEV/PHEV ABVE; frota ampla SENATRAN ago/2026 e indicadores IBGE 2022, quando presentes, são medidas separadas. Recarga ABVE/Tupi ago/2026."
MG,LAMIM,0.000000,0.000000,1.000000,1.000000,,0.000638,"Emplacamentos BEV/PHEV ABVE; frota ampla SENATRAN ago/2026 e indicadores IBGE 2022, quando presentes, são medidas separadas. Recarga ABVE/Tupi ago/2026."
BA,NOVA ITARANA,0.000000,0.000000,1.000000,1.000000,,0.000638,"Emplacamentos BEV/PHEV ABVE; frota ampla SENATRAN ago/2026 e indicadores IBGE 2022, quando presentes, são medidas separadas. Recarga ABVE/Tupi ago/2026."
RS,UNIAO DA SERRA,0.000000,0.000000,1.000000,1.000000,,0.000638,"Emplacamentos BEV/PHEV ABVE; frota ampla SENATRAN ago/2026 e indicadores IBGE 2022, quando presentes, são medidas separadas. Recarga ABVE/Tupi ago/2026."
RS,VALE DO SOL,0.000000,0.000000,1.000000,1.000000,,0.000638,"Emplacamentos BEV/PHEV ABVE; frota ampla SENATRAN ago/2026 e indicadores IBGE 2022, quando presentes, são medidas separadas. Recarga ABVE/Tupi ago/2026."
RS,VICTOR GRAEFF,0.000000,0.000000,1.000000,1.000000,,0.000638,"Emplacamentos BEV/PHEV ABVE; frota ampla SENATRAN ago/2026 e indicadores IBGE 2022, quando presentes, são medidas separadas. Recarga ABVE/Tupi ago/2026."
RS,VILA FLORES,1.000000,2.000000,3.000000,1.000000,50.000000,0.000638,"Emplacamentos BEV/PHEV ABVE; frota ampla SENATRAN ago/2026 e indicadores IBGE 2022, quando presentes, são medidas separadas. Recarga ABVE/Tupi ago/2026."
RS,VILA NOVA DO SUL,0.000000,0.000000,1.000000,1.000000,,0.000638,"Emplacamentos BEV/PHEV ABVE; frota ampla SENATRAN ago/2026 e indicadores IBGE 2022, quando presentes, são medidas separadas. Recarga ABVE/Tupi ago/2026."
SC,ABDON BATISTA,0.000000,1.000000,2.000000,1.000000,100.000000,0.000638,"Emplacamentos BEV/PHEV ABVE; frota ampla SENATRAN ago/2026 e indicadores IBGE 2022, quando presentes, são medidas separadas. Recarga ABVE/Tupi ago/2026."
RS,TRINDADE DO SUL,2.000000,0.000000,1.000000,1.000000,,0.000638,"Emplacamentos BEV/PHEV ABVE; frota ampla SENATRAN ago/2026 e indicadores IBGE 2022, quando presentes, são medidas separadas. Recarga ABVE/Tupi ago/2026."
RS,TUPANCIRETA,0.000000,2.000000,3.000000,1.000000,50.000000,0.000638,"Emplacamentos BEV/PHEV ABVE; frota ampla SENATRAN ago/2026 e indicadores IBGE 2022, quando presentes, são medidas separadas. Recarga ABVE/Tupi ago/2026."
AL,MARIBONDO,0.000000,2.000000,3.000000,1.000000,50.000000,0.000638,"Emplacamentos BEV/PHEV ABVE; frota ampla SENATRAN ago/2026 e indicadores IBGE 2022, quando presentes, são medidas separadas. Recarga ABVE/Tupi ago/2026."
MG,MONTE CARMELO,0.000000,0.000000,1.000000,1.000000,,0.000638,"Emplacamentos BEV/PHEV ABVE; frota ampla SENATRAN ago/2026 e indicadores IBGE 2022, quando presentes, são medidas separadas. Recarga ABVE/Tupi ago/2026."
MG,LIMA DUARTE,0.000000,1.000000,2.000000,1.000000,100.000000,0.000638,"Emplacamentos BEV/PHEV ABVE; frota ampla SENATRAN ago/2026 e indicadores IBGE 2022, quando presentes, são medidas separadas. Recarga ABVE/Tupi ago/2026."
AL,NOVO LINO,1.000000,0.000000,1.000000,1.000000,,0.000638,"Emplacamentos BEV/PHEV ABVE; frota ampla SENATRAN ago/2026 e indicadores IBGE 2022, quando presentes, são medidas separadas. Recarga ABVE/Tupi ago/2026."
SP,SEBASTIANOPOLIS DO SUL,0.000000,0.000000,1.000000,1.000000,,0.000638,"Emplacamentos BEV/PHEV ABVE; frota ampla SENATRAN ago/2026 e indicadores IBGE 2022, quando presentes, são medidas separadas. Recarga ABVE/Tupi ago/2026."
SP,SILVEIRAS,0.000000,0.000000,1.000000,1.000000,,0.000638,"Emplacamentos BEV/PHEV ABVE; frota ampla SENATRAN ago/2026 e indicadores IBGE 2022, quando presentes, são medidas separadas. Recarga ABVE/Tupi ago/2026."
SP,SUD MENNUCCI,0.000000,1.000000,2.000000,1.000000,100.000000,0.000638,"Emplacamentos BEV/PHEV ABVE; frota ampla SENATRAN ago/2026 e indicadores IBGE 2022, quando presentes, são medidas separadas. Recarga ABVE/Tupi ago/2026."
SC,ANITA GARIBALDI,0.000000,1.000000,2.000000,1.000000,100.000000,0.000638,"Emplacamentos BEV/PHEV ABVE; frota ampla SENATRAN ago/2026 e indicadores IBGE 2022, quando presentes, são medidas separadas. Recarga ABVE/Tupi ago/2026."
SC,ARROIO TRINTA,0.000000,0.000000,1.000000,1.000000,,0.000638,"Emplacamentos BEV/PHEV ABVE; frota ampla SENATRAN ago/2026 e indicadores IBGE 2022, quando presentes, são medidas separadas. Recarga ABVE/Tupi ago/2026."
BA,MIRANTE,0.000000,0.000000,1.000000,1.000000,,0.000638,"Emplacamentos BEV/PHEV ABVE; frota ampla SENATRAN ago/2026 e indicadores IBGE 2022, quando presentes, são medidas separadas. Recarga ABVE/Tupi ago/2026."
BA,MUCUGE,0.000000,1.000000,2.000000,1.000000,100.000000,0.000638,"Emplacamentos BEV/PHEV ABVE; frota ampla SENATRAN ago/2026 e indicadores IBGE 2022, quando presentes, são medidas separadas. Recarga ABVE/Tupi ago/2026."
BA,MUCURI,0.000000,0.000000,1.000000,1.000000,,0.000638,"Emplacamentos BEV/PHEV ABVE; frota ampla SENATRAN ago/2026 e indicadores IBGE 2022, quando presentes, são medidas separadas. Recarga ABVE/Tupi ago/2026."
BA,MUTUIPE,0.000000,0.000000,1.000000,1.000000,,0.000638,"Emplacamentos BEV/PHEV ABVE; frota ampla SENATRAN ago/2026 e indicadores IBGE 2022, quando presentes, são medidas separadas. Recarga ABVE/Tupi ago/2026."
BA,NOVA FATIMA,0.000000,0.000000,1.000000,1.000000,,0.000638,"Emplacamentos BEV/PHEV ABVE; frota ampla SENATRAN ago/2026 e indicadores IBGE 2022, quando presentes, são medidas separadas. Recarga ABVE/Tupi ago/2026."
MG,MATO VERDE,0.000000,0.000000,1.000000,1.000000,,0.000638,"Emplacamentos BEV/PHEV ABVE; frota ampla SENATRAN ago/2026 e indicadores IBGE 2022, quando presentes, são medidas separadas. Recarga ABVE/Tupi ago/2026."
MG,MENDES PIMENTEL,0.000000,0.000000,1.000000,1.000000,,0.000638,"Emplacamentos BEV/PHEV ABVE; frota ampla SENATRAN ago/2026 e indicadores IBGE 2022, quando presentes, são medidas separadas. Recarga ABVE/Tupi ago/2026."
MG,MERCES,0.000000,0.000000,1.000000,1.000000,,0.000638,"Emplacamentos BEV/PHEV ABVE; frota ampla SENATRAN ago/2026 e indicadores IBGE 2022, quando presentes, são medidas separadas. Recarga ABVE/Tupi ago/2026."
MG,MINDURI,0.000000,0.000000,1.000000,1.000000,,0.000638,"Emplacamentos BEV/PHEV ABVE; frota ampla SENATRAN ago/2026 e indicadores IBGE 2022, quando presentes, são medidas separadas. Recarga ABVE/Tupi ago/2026."
MG,IJACI,0.000000,0.000000,1.000000,1.000000,,0.000638,"Emplacamentos BEV/PHEV ABVE; frota ampla SENATRAN ago/2026 e indicadores IBGE 2022, quando presentes, são medidas separadas. Recarga ABVE/Tupi ago/2026."
MA,PRESIDENTE VARGAS,0.000000,0.000000,1.000000,1.000000,,0.000638,"Emplacamentos BEV/PHEV ABVE; frota ampla SENATRAN ago/2026 e indicadores IBGE 2022, quando presentes, são medidas separadas. Recarga ABVE/Tupi ago/2026."
MA,SAMBAIBA,1.000000,0.000000,1.000000,1.000000,,0.000638,"Emplacamentos BEV/PHEV ABVE; frota ampla SENATRAN ago/2026 e indicadores IBGE 2022, quando presentes, são medidas separadas. Recarga ABVE/Tupi ago/2026."
BA,SENTO SE,0.000000,0.000000,1.000000,1.000000,,0.000638,"Emplacamentos BEV/PHEV ABVE; frota ampla SENATRAN ago/2026 e indicadores IBGE 2022, quando presentes, são medidas separadas. Recarga ABVE/Tupi ago/2026."
SC,ABELARDO LUZ,3.000000,4.000000,5.000000,1.000000,25.000000,0.000638,"Emplacamentos BEV/PHEV ABVE; frota ampla SENATRAN ago/2026 e indicadores IBGE 2022, quando presentes, são medidas separadas. Recarga ABVE/Tupi ago/2026."
SC,AGUAS DE CHAPECO,1.000000,0.000000,1.000000,1.000000,,0.000638,"Emplacamentos BEV/PHEV ABVE; frota ampla SENATRAN ago/2026 e indicadores IBGE 2022, quando presentes, são medidas separadas. Recarga ABVE/Tupi ago/2026."
SC,AGUAS MORNAS,2.000000,5.000000,6.000000,1.000000,20.000000,0.000638,"Emplacamentos BEV/PHEV ABVE; frota ampla SENATRAN ago/2026 e indicadores IBGE 2022, quando presentes, são medidas separadas. Recarga ABVE/Tupi ago/2026."
SC,ALTO BELA VISTA,0.000000,0.000000,1.000000,1.000000,,0.000638,"Emplacamentos BEV/PHEV ABVE; frota ampla SENATRAN ago/2026 e indicadores IBGE 2022, quando presentes, são medidas separadas. Recarga ABVE/Tupi ago/2026."
SC,ANCHIETA,0.000000,0.000000,1.000000,1.000000,,0.000638,"Emplacamentos BEV/PHEV ABVE; frota ampla SENATRAN ago/2026 e indicadores IBGE 2022, quando presentes, são medidas separadas. Recarga ABVE/Tupi ago/2026."
MG,ITAMONTE,0.000000,0.000000,1.000000,1.000000,,0.000638,"Emplacamentos BEV/PHEV ABVE; frota ampla SENATRAN ago/2026 e indicadores IBGE 2022, quando presentes, são medidas separadas. Recarga ABVE/Tupi ago/2026."
MG,ITANHANDU,1.000000,0.000000,1.000000,1.000000,,0.000638,"Emplacamentos BEV/PHEV ABVE; frota ampla SENATRAN ago/2026 e indicadores IBGE 2022, quando presentes, são medidas separadas. Recarga ABVE/Tupi ago/2026."
MG,ITANHOMI,0.000000,0.000000,1.000000,1.000000,,0.000638,"Emplacamentos BEV/PHEV ABVE; frota ampla SENATRAN ago/2026 e indicadores IBGE 2022, quando presentes, são medidas separadas. Recarga ABVE/Tupi ago/2026."
MG,JABOTICATUBAS,1.000000,0.000000,1.000000,1.000000,,0.000638,"Emplacamentos BEV/PHEV ABVE; frota ampla SENATRAN ago/2026 e indicadores IBGE 2022, quando presentes, são medidas separadas. Recarga ABVE/Tupi ago/2026."
MG,JAMPRUCA,0.000000,0.000000,1.000000,1.000000,,0.000638,"Emplacamentos BEV/PHEV ABVE; frota ampla SENATRAN ago/2026 e indicadores IBGE 2022, quando presentes, são medidas separadas. Recarga ABVE/Tupi ago/2026."
MG,INDAIABIRA,0.000000,0.000000,1.000000,1.000000,,0.000638,"Emplacamentos BEV/PHEV ABVE; frota ampla SENATRAN ago/2026 e indicadores IBGE 2022, quando presentes, são medidas separadas. Recarga ABVE/Tupi ago/2026."
MG,LARANJAL,0.000000,0.000000,1.000000,1.000000,,0.000638,"Emplacamentos BEV/PHEV ABVE; frota ampla SENATRAN ago/2026 e indicadores IBGE 2022, quando presentes, são medidas separadas. Recarga ABVE/Tupi ago/2026."
MG,GOUVEIA,0.000000,0.000000,1.000000,1.000000,,0.000638,"Emplacamentos BEV/PHEV ABVE; frota ampla SENATRAN ago/2026 e indicadores IBGE 2022, quando presentes, são medidas separadas. Recarga ABVE/Tupi ago/2026."
MG,GUARANESIA,3.000000,0.000000,1.000000,1.000000,,0.000638,"Emplacamentos BEV/PHEV ABVE; frota ampla SENATRAN ago/2026 e indicadores IBGE 2022, quando presentes, são medidas separadas. Recarga ABVE/Tupi ago/2026."
MG,GUARDA-MOR,0.000000,0.000000,1.000000,1.000000,,0.000638,"Emplacamentos BEV/PHEV ABVE; frota ampla SENATRAN ago/2026 e indicadores IBGE 2022, quando presentes, são medidas separadas. Recarga ABVE/Tupi ago/2026."
SC,SERRA ALTA,0.000000,0.000000,1.000000,1.000000,,0.000638,"Emplacamentos BEV/PHEV ABVE; frota ampla SENATRAN ago/2026 e indicadores IBGE 2022, quando presentes, são medidas separadas. Recarga ABVE/Tupi ago/2026."
SC,CALMON,0.000000,0.000000,1.000000,1.000000,,0.000638,"Emplacamentos BEV/PHEV ABVE; frota ampla SENATRAN ago/2026 e indicadores IBGE 2022, quando presentes, são medidas separadas. Recarga ABVE/Tupi ago/2026."
SC,CAMPO ALEGRE,2.000000,5.000000,6.000000,1.000000,20.000000,0.000638,"Emplacamentos BEV/PHEV ABVE; frota ampla SENATRAN ago/2026 e indicadores IBGE 2022, quando presentes, são medidas separadas. Recarga ABVE/Tupi ago/2026."
SC,BALNEARIO BARRA DO SUL,4.000000,7.000000,8.000000,1.000000,14.285714,0.000638,"Emplacamentos BEV/PHEV ABVE; frota ampla SENATRAN ago/2026 e indicadores IBGE 2022, quando presentes, são medidas separadas. Recarga ABVE/Tupi ago/2026."
BA,SAO MIGUEL DAS MATAS,0.000000,0.000000,1.000000,1.000000,,0.000638,"Emplacamentos BEV/PHEV ABVE; frota ampla SENATRAN ago/2026 e indicadores IBGE 2022, quando presentes, são medidas separadas. Recarga ABVE/Tupi ago/2026."
MG,INHAUMA,0.000000,0.000000,1.000000,1.000000,,0.000638,"Emplacamentos BEV/PHEV ABVE; frota ampla SENATRAN ago/2026 e indicadores IBGE 2022, quando presentes, são medidas separadas. Recarga ABVE/Tupi ago/2026."
MG,INIMUTABA,0.000000,0.000000,1.000000,1.000000,,0.000638,"Emplacamentos BEV/PHEV ABVE; frota ampla SENATRAN ago/2026 e indicadores IBGE 2022, quando presentes, são medidas separadas. Recarga ABVE/Tupi ago/2026."
MG,IRAI DE MINAS,0.000000,0.000000,1.000000,1.000000,,0.000638,"Emplacamentos BEV/PHEV ABVE; frota ampla SENATRAN ago/2026 e indicadores IBGE 2022, quando presentes, são medidas separadas. Recarga ABVE/Tupi ago/2026."
MG,ITAGUARA,0.000000,0.000000,1.000000,1.000000,,0.000638,"Emplacamentos BEV/PHEV ABVE; frota ampla SENATRAN ago/2026 e indicadores IBGE 2022, quando presentes, são medidas separadas. Recarga ABVE/Tupi ago/2026."
MG,ITAIPE,0.000000,0.000000,1.000000,1.000000,,0.000638,"Emplacamentos BEV/PHEV ABVE; frota ampla SENATRAN ago/2026 e indicadores IBGE 2022, quando presentes, são medidas separadas. Recarga ABVE/Tupi ago/2026."
MG,ITAJUBA,4.000000,9.000000,10.000000,1.000000,11.111111,0.000638,"Emplacamentos BEV/PHEV ABVE; frota ampla SENATRAN ago/2026 e indicadores IBGE 2022, quando presentes, são medidas separadas. Recarga ABVE/Tupi ago/2026."
MG,ITAMBE DO MATO DENTRO,0.000000,0.000000,1.000000,1.000000,,0.000638,"Emplacamentos BEV/PHEV ABVE; frota ampla SENATRAN ago/2026 e indicadores IBGE 2022, quando presentes, são medidas separadas. Recarga ABVE/Tupi ago/2026."
MG,IBIRACI,0.000000,0.000000,1.000000,1.000000,,0.000638,"Emplacamentos BEV/PHEV ABVE; frota ampla SENATRAN ago/2026 e indicadores IBGE 2022, quando presentes, são medidas separadas. Recarga ABVE/Tupi ago/2026."
SP,TAIACU,1.000000,0.000000,1.000000,1.000000,,0.000638,"Emplacamentos BEV/PHEV ABVE; frota ampla SENATRAN ago/2026 e indicadores IBGE 2022, quando presentes, são medidas separadas. Recarga ABVE/Tupi ago/2026."
SP,TAIUVA,0.000000,0.000000,1.000000,1.000000,,0.000638,"Emplacamentos BEV/PHEV ABVE; frota ampla SENATRAN ago/2026 e indicadores IBGE 2022, quando presentes, são medidas separadas. Recarga ABVE/Tupi ago/2026."
AL,DOIS RIACHOS,0.000000,0.000000,1.000000,1.000000,,0.000638,"Emplacamentos BEV/PHEV ABVE; frota ampla SENATRAN ago/2026 e indicadores IBGE 2022, quando presentes, são medidas separadas. Recarga ABVE/Tupi ago/2026."
AL,FLEXEIRAS,0.000000,0.000000,1.000000,1.000000,,0.000638,"Emplacamentos BEV/PHEV ABVE; frota ampla SENATRAN ago/2026 e indicadores IBGE 2022, quando presentes, são medidas separadas. Recarga ABVE/Tupi ago/2026."
AL,IGACI,0.000000,3.000000,4.000000,1.000000,33.333333,0.000638,"Emplacamentos BEV/PHEV ABVE; frota ampla SENATRAN ago/2026 e indicadores IBGE 2022, quando presentes, são medidas separadas. Recarga ABVE/Tupi ago/2026."
BA,SAO JOSE DA VITORIA,0.000000,0.000000,1.000000,1.000000,,0.000638,"Emplacamentos BEV/PHEV ABVE; frota ampla SENATRAN ago/2026 e indicadores IBGE 2022, quando presentes, são medidas separadas. Recarga ABVE/Tupi ago/2026."
BA,SAO JOSE DO JACUIPE,0.000000,0.000000,1.000000,1.000000,,0.000638,"Emplacamentos BEV/PHEV ABVE; frota ampla SENATRAN ago/2026 e indicadores IBGE 2022, quando presentes, são medidas separadas. Recarga ABVE/Tupi ago/2026."
SC,CORDILHEIRA ALTA,1.000000,2.000000,3.000000,1.000000,50.000000,0.000638,"Emplacamentos BEV/PHEV ABVE; frota ampla SENATRAN ago/2026 e indicadores IBGE 2022, quando presentes, são medidas separadas. Recarga ABVE/Tupi ago/2026."
SC,SANTA TEREZINHA,0.000000,0.000000,1.000000,1.000000,,0.000638,"Emplacamentos BEV/PHEV ABVE; frota ampla SENATRAN ago/2026 e indicadores IBGE 2022, quando presentes, são medidas separadas. Recarga ABVE/Tupi ago/2026."
SC,SAO JOAO DO ITAPERIU,1.000000,3.000000,4.000000,1.000000,33.333333,0.000638,"Emplacamentos BEV/PHEV ABVE; frota ampla SENATRAN ago/2026 e indicadores IBGE 2022, quando presentes, são medidas separadas. Recarga ABVE/Tupi ago/2026."
SC,SAO JOAO DO SUL,0.000000,1.000000,2.000000,1.000000,100.000000,0.000638,"Emplacamentos BEV/PHEV ABVE; frota ampla SENATRAN ago/2026 e indicadores IBGE 2022, quando presentes, são medidas separadas. Recarga ABVE/Tupi ago/2026."
SC,SAO LOURENCO DO OESTE,4.000000,2.000000,3.000000,1.000000,50.000000,0.000638,"Emplacamentos BEV/PHEV ABVE; frota ampla SENATRAN ago/2026 e indicadores IBGE 2022, quando presentes, são medidas separadas. Recarga ABVE/Tupi ago/2026."
MA,SANTA RITA,1.000000,1.000000,2.000000,1.000000,100.000000,0.000638,"Emplacamentos BEV/PHEV ABVE; frota ampla SENATRAN ago/2026 e indicadores IBGE 2022, quando presentes, são medidas separadas. Recarga ABVE/Tupi ago/2026."
MA,SAO BENTO,0.000000,0.000000,1.000000,1.000000,,0.000638,"Emplacamentos BEV/PHEV ABVE; frota ampla SENATRAN ago/2026 e indicadores IBGE 2022, quando presentes, são medidas separadas. Recarga ABVE/Tupi ago/2026."
MA,SAO BERNARDO,2.000000,0.000000,1.000000,1.000000,,0.000638,"Emplacamentos BEV/PHEV ABVE; frota ampla SENATRAN ago/2026 e indicadores IBGE 2022, quando presentes, são medidas separadas. Recarga ABVE/Tupi ago/2026."
MG,FUNILANDIA,1.000000,0.000000,1.000000,1.000000,,0.000638,"Emplacamentos BEV/PHEV ABVE; frota ampla SENATRAN ago/2026 e indicadores IBGE 2022, quando presentes, são medidas separadas. Recarga ABVE/Tupi ago/2026."
MG,DIONISIO,0.000000,0.000000,1.000000,1.000000,,0.000638,"Emplacamentos BEV/PHEV ABVE; frota ampla SENATRAN ago/2026 e indicadores IBGE 2022, quando presentes, são medidas separadas. Recarga ABVE/Tupi ago/2026."
MG,CARMO DA MATA,0.000000,0.000000,1.000000,1.000000,,0.000638,"Emplacamentos BEV/PHEV ABVE; frota ampla SENATRAN ago/2026 e indicadores IBGE 2022, quando presentes, são medidas separadas. Recarga ABVE/Tupi ago/2026."
MG,CARNEIRINHO,0.000000,0.000000,1.000000,1.000000,,0.000638,"Emplacamentos BEV/PHEV ABVE; frota ampla SENATRAN ago/2026 e indicadores IBGE 2022, quando presentes, são medidas separadas. Recarga ABVE/Tupi ago/2026."
SC,GALVAO,0.000000,0.000000,1.000000,1.000000,,0.000638,"Emplacamentos BEV/PHEV ABVE; frota ampla SENATRAN ago/2026 e indicadores IBGE 2022, quando presentes, são medidas separadas. Recarga ABVE/Tupi ago/2026."
SC,GUARUJA DO SUL,1.000000,0.000000,1.000000,1.000000,,0.000638,"Emplacamentos BEV/PHEV ABVE; frota ampla SENATRAN ago/2026 e indicadores IBGE 2022, quando presentes, são medidas separadas. Recarga ABVE/Tupi ago/2026."
BA,SANTA RITA DE CASSIA,0.000000,0.000000,1.000000,1.000000,,0.000638,"Emplacamentos BEV/PHEV ABVE; frota ampla SENATRAN ago/2026 e indicadores IBGE 2022, quando presentes, são medidas separadas. Recarga ABVE/Tupi ago/2026."
BA,SAO DOMINGOS,0.000000,0.000000,1.000000,1.000000,,0.000638,"Emplacamentos BEV/PHEV ABVE; frota ampla SENATRAN ago/2026 e indicadores IBGE 2022, quando presentes, são medidas separadas. Recarga ABVE/Tupi ago/2026."
BA,SAO FELIX,2.000000,0.000000,1.000000,1.000000,,0.000638,"Emplacamentos BEV/PHEV ABVE; frota ampla SENATRAN ago/2026 e indicadores IBGE 2022, quando presentes, são medidas separadas. Recarga ABVE/Tupi ago/2026."
BA,SAO FRANCISCO DO CONDE,0.000000,2.000000,3.000000,1.000000,50.000000,0.000638,"Emplacamentos BEV/PHEV ABVE; frota ampla SENATRAN ago/2026 e indicadores IBGE 2022, quando presentes, são medidas separadas. Recarga ABVE/Tupi ago/2026."
BA,SAO GONCALO DOS CAMPOS,1.000000,14.000000,15.000000,1.000000,7.142857,0.000638,"Emplacamentos BEV/PHEV ABVE; frota ampla SENATRAN ago/2026 e indicadores IBGE 2022, quando presentes, são medidas separadas. Recarga ABVE/Tupi ago/2026."
AL,IGREJA NOVA,0.000000,1.000000,2.000000,1.000000,100.000000,0.000638,"Emplacamentos BEV/PHEV ABVE; frota ampla SENATRAN ago/2026 e indicadores IBGE 2022, quando presentes, são medidas separadas. Recarga ABVE/Tupi ago/2026."
MG,DOM CAVATI,0.000000,0.000000,1.000000,1.000000,,0.000638,"Emplacamentos BEV/PHEV ABVE; frota ampla SENATRAN ago/2026 e indicadores IBGE 2022, quando presentes, são medidas separadas. Recarga ABVE/Tupi ago/2026."
MG,DONA EUZEBIA,0.000000,0.000000,1.000000,1.000000,,0.000638,"Emplacamentos BEV/PHEV ABVE; frota ampla SENATRAN ago/2026 e indicadores IBGE 2022, quando presentes, são medidas separadas. Recarga ABVE/Tupi ago/2026."
MG,ESPERA FELIZ,0.000000,0.000000,1.000000,1.000000,,0.000638,"Emplacamentos BEV/PHEV ABVE; frota ampla SENATRAN ago/2026 e indicadores IBGE 2022, quando presentes, são medidas separadas. Recarga ABVE/Tupi ago/2026."
MG,FERVEDOURO,0.000000,0.000000,1.000000,1.000000,,0.000638,"Emplacamentos BEV/PHEV ABVE; frota ampla SENATRAN ago/2026 e indicadores IBGE 2022, quando presentes, são medidas separadas. Recarga ABVE/Tupi ago/2026."
MG,IAPU,0.000000,0.000000,1.000000,1.000000,,0.000638,"Emplacamentos BEV/PHEV ABVE; frota ampla SENATRAN ago/2026 e indicadores IBGE 2022, quando presentes, são medidas separadas. Recarga ABVE/Tupi ago/2026."
MG,CONCEICAO DAS ALAGOAS,2.000000,0.000000,1.000000,1.000000,,0.000638,"Emplacamentos BEV/PHEV ABVE; frota ampla SENATRAN ago/2026 e indicadores IBGE 2022, quando presentes, são medidas separadas. Recarga ABVE/Tupi ago/2026."
AL,JACARE DOS HOMENS,0.000000,0.000000,1.000000,1.000000,,0.000638,"Emplacamentos BEV/PHEV ABVE; frota ampla SENATRAN ago/2026 e indicadores IBGE 2022, quando presentes, são medidas separadas. Recarga ABVE/Tupi ago/2026."
SP,TAQUARAL,1.000000,0.000000,1.000000,1.000000,,0.000638,"Emplacamentos BEV/PHEV ABVE; frota ampla SENATRAN ago/2026 e indicadores IBGE 2022, quando presentes, são medidas separadas. Recarga ABVE/Tupi ago/2026."
SP,TARABAI,0.000000,0.000000,1.000000,1.000000,,0.000638,"Emplacamentos BEV/PHEV ABVE; frota ampla SENATRAN ago/2026 e indicadores IBGE 2022, quando presentes, são medidas separadas. Recarga ABVE/Tupi ago/2026."
SP,TERRA ROXA,1.000000,0.000000,1.000000,1.000000,,0.000638,"Emplacamentos BEV/PHEV ABVE; frota ampla SENATRAN ago/2026 e indicadores IBGE 2022, quando presentes, são medidas separadas. Recarga ABVE/Tupi ago/2026."
SP,TIMBURI,0.000000,0.000000,1.000000,1.000000,,0.000638,"Emplacamentos BEV/PHEV ABVE; frota ampla SENATRAN ago/2026 e indicadores IBGE 2022, quando presentes, são medidas separadas. Recarga ABVE/Tupi ago/2026."
SP,TRES FRONTEIRAS,0.000000,1.000000,2.000000,1.000000,100.000000,0.000638,"Emplacamentos BEV/PHEV ABVE; frota ampla SENATRAN ago/2026 e indicadores IBGE 2022, quando presentes, são medidas separadas. Recarga ABVE/Tupi ago/2026."
BA,SALINAS DA MARGARIDA,0.000000,0.000000,1.000000,1.000000,,0.000638,"Emplacamentos BEV/PHEV ABVE; frota ampla SENATRAN ago/2026 e indicadores IBGE 2022, quando presentes, são medidas separadas. Recarga ABVE/Tupi ago/2026."
BA,SANTA BRIGIDA,0.000000,0.000000,1.000000,1.000000,,0.000638,"Emplacamentos BEV/PHEV ABVE; frota ampla SENATRAN ago/2026 e indicadores IBGE 2022, quando presentes, são medidas separadas. Recarga ABVE/Tupi ago/2026."
BA,SANTA INES,0.000000,0.000000,1.000000,1.000000,,0.000638,"Emplacamentos BEV/PHEV ABVE; frota ampla SENATRAN ago/2026 e indicadores IBGE 2022, quando presentes, são medidas separadas. Recarga ABVE/Tupi ago/2026."
BA,SANTA LUZIA,0.000000,0.000000,1.000000,1.000000,,0.000638,"Emplacamentos BEV/PHEV ABVE; frota ampla SENATRAN ago/2026 e indicadores IBGE 2022, quando presentes, são medidas separadas. Recarga ABVE/Tupi ago/2026."
SC,CORONEL FREITAS,0.000000,2.000000,3.000000,1.000000,50.000000,0.000638,"Emplacamentos BEV/PHEV ABVE; frota ampla SENATRAN ago/2026 e indicadores IBGE 2022, quando presentes, são medidas separadas. Recarga ABVE/Tupi ago/2026."
SC,ERMO,0.000000,0.000000,1.000000,1.000000,,0.000638,"Emplacamentos BEV/PHEV ABVE; frota ampla SENATRAN ago/2026 e indicadores IBGE 2022, quando presentes, são medidas separadas. Recarga ABVE/Tupi ago/2026."
SC,FAXINAL DOS GUEDES,0.000000,3.000000,4.000000,1.000000,33.333333,0.000638,"Emplacamentos BEV/PHEV ABVE; frota ampla SENATRAN ago/2026 e indicadores IBGE 2022, quando presentes, são medidas separadas. Recarga ABVE/Tupi ago/2026."
MG,CORONEL PACHECO,1.000000,1.000000,2.000000,1.000000,100.000000,0.000638,"Emplacamentos BEV/PHEV ABVE; frota ampla SENATRAN ago/2026 e indicadores IBGE 2022, quando presentes, são medidas separadas. Recarga ABVE/Tupi ago/2026."
MG,CRISTAIS,0.000000,1.000000,2.000000,1.000000,100.000000,0.000638,"Emplacamentos BEV/PHEV ABVE; frota ampla SENATRAN ago/2026 e indicadores IBGE 2022, quando presentes, são medidas separadas. Recarga ABVE/Tupi ago/2026."
SP,UCHOA,2.000000,6.000000,7.000000,1.000000,16.666667,0.000638,"Emplacamentos BEV/PHEV ABVE; frota ampla SENATRAN ago/2026 e indicadores IBGE 2022, quando presentes, são medidas separadas. Recarga ABVE/Tupi ago/2026."
SP,URANIA,0.000000,1.000000,2.000000,1.000000,100.000000,0.000638,"Emplacamentos BEV/PHEV ABVE; frota ampla SENATRAN ago/2026 e indicadores IBGE 2022, quando presentes, são medidas separadas. Recarga ABVE/Tupi ago/2026."
SC,SANTA ROSA DO SUL,0.000000,1.000000,2.000000,1.000000,100.000000,0.000638,"Emplacamentos BEV/PHEV ABVE; frota ampla SENATRAN ago/2026 e indicadores IBGE 2022, quando presentes, são medidas separadas. Recarga ABVE/Tupi ago/2026."
SC,IOMERE,0.000000,0.000000,1.000000,1.000000,,0.000638,"Emplacamentos BEV/PHEV ABVE; frota ampla SENATRAN ago/2026 e indicadores IBGE 2022, quando presentes, são medidas separadas. Recarga ABVE/Tupi ago/2026."
SC,IPUACU,0.000000,0.000000,1.000000,1.000000,,0.000638,"Emplacamentos BEV/PHEV ABVE; frota ampla SENATRAN ago/2026 e indicadores IBGE 2022, quando presentes, são medidas separadas. Recarga ABVE/Tupi ago/2026."
SC,IRINEOPOLIS,0.000000,0.000000,1.000000,1.000000,,0.000638,"Emplacamentos BEV/PHEV ABVE; frota ampla SENATRAN ago/2026 e indicadores IBGE 2022, quando presentes, são medidas separadas. Recarga ABVE/Tupi ago/2026."
SC,JARDINOPOLIS,1.000000,0.000000,1.000000,1.000000,,0.000638,"Emplacamentos BEV/PHEV ABVE; frota ampla SENATRAN ago/2026 e indicadores IBGE 2022, quando presentes, são medidas separadas. Recarga ABVE/Tupi ago/2026."
MG,CAMPESTRE,1.000000,0.000000,1.000000,1.000000,,0.000638,"Emplacamentos BEV/PHEV ABVE; frota ampla SENATRAN ago/2026 e indicadores IBGE 2022, quando presentes, são medidas separadas. Recarga ABVE/Tupi ago/2026."
MG,CAMPOS ALTOS,0.000000,0.000000,1.000000,1.000000,,0.000638,"Emplacamentos BEV/PHEV ABVE; frota ampla SENATRAN ago/2026 e indicadores IBGE 2022, quando presentes, são medidas separadas. Recarga ABVE/Tupi ago/2026."
MG,CAPELINHA,0.000000,0.000000,1.000000,1.000000,,0.000638,"Emplacamentos BEV/PHEV ABVE; frota ampla SENATRAN ago/2026 e indicadores IBGE 2022, quando presentes, são medidas separadas. Recarga ABVE/Tupi ago/2026."
MG,CAPITAO ENEAS,1.000000,0.000000,1.000000,1.000000,,0.000638,"Emplacamentos BEV/PHEV ABVE; frota ampla SENATRAN ago/2026 e indicadores IBGE 2022, quando presentes, são medidas separadas. Recarga ABVE/Tupi ago/2026."
MG,BELO VALE,0.000000,0.000000,1.000000,1.000000,,0.000638,"Emplacamentos BEV/PHEV ABVE; frota ampla SENATRAN ago/2026 e indicadores IBGE 2022, quando presentes, são medidas separadas. Recarga ABVE/Tupi ago/2026."
MG,BOCAIUVA,2.000000,0.000000,1.000000,1.000000,,0.000638,"Emplacamentos BEV/PHEV ABVE; frota ampla SENATRAN ago/2026 e indicadores IBGE 2022, quando presentes, são medidas separadas. Recarga ABVE/Tupi ago/2026."
MG,BOM JESUS DO AMPARO,1.000000,0.000000,1.000000,1.000000,,0.000638,"Emplacamentos BEV/PHEV ABVE; frota ampla SENATRAN ago/2026 e indicadores IBGE 2022, quando presentes, são medidas separadas. Recarga ABVE/Tupi ago/2026."
MG,BOTELHOS,0.000000,0.000000,1.000000,1.000000,,0.000638,"Emplacamentos BEV/PHEV ABVE; frota ampla SENATRAN ago/2026 e indicadores IBGE 2022, quando presentes, são medidas separadas. Recarga ABVE/Tupi ago/2026."
MG,CONCEICAO DA APARECIDA,0.000000,0.000000,1.000000,1.000000,,0.000638,"Emplacamentos BEV/PHEV ABVE; frota ampla SENATRAN ago/2026 e indicadores IBGE 2022, quando presentes, são medidas separadas. Recarga ABVE/Tupi ago/2026."
MA,SENADOR LA ROCQUE,0.000000,0.000000,1.000000,1.000000,,0.000638,"Emplacamentos BEV/PHEV ABVE; frota ampla SENATRAN ago/2026 e indicadores IBGE 2022, quando presentes, são medidas separadas. Recarga ABVE/Tupi ago/2026."
MG,AMPARO DO SERRA,0.000000,0.000000,1.000000,1.000000,,0.000638,"Emplacamentos BEV/PHEV ABVE; frota ampla SENATRAN ago/2026 e indicadores IBGE 2022, quando presentes, são medidas separadas. Recarga ABVE/Tupi ago/2026."
MG,ANDRELANDIA,0.000000,0.000000,1.000000,1.000000,,0.000638,"Emplacamentos BEV/PHEV ABVE; frota ampla SENATRAN ago/2026 e indicadores IBGE 2022, quando presentes, são medidas separadas. Recarga ABVE/Tupi ago/2026."
BA,PONTO NOVO,0.000000,0.000000,1.000000,1.000000,,0.000638,"Emplacamentos BEV/PHEV ABVE; frota ampla SENATRAN ago/2026 e indicadores IBGE 2022, quando presentes, são medidas separadas. Recarga ABVE/Tupi ago/2026."
BA,PRADO,1.000000,0.000000,1.000000,1.000000,,0.000638,"Emplacamentos BEV/PHEV ABVE; frota ampla SENATRAN ago/2026 e indicadores IBGE 2022, quando presentes, são medidas separadas. Recarga ABVE/Tupi ago/2026."
BA,QUEIMADAS,0.000000,0.000000,1.000000,1.000000,,0.000638,"Emplacamentos BEV/PHEV ABVE; frota ampla SENATRAN ago/2026 e indicadores IBGE 2022, quando presentes, são medidas separadas. Recarga ABVE/Tupi ago/2026."
BA,QUIXABEIRA,0.000000,0.000000,1.000000,1.000000,,0.000638,"Emplacamentos BEV/PHEV ABVE; frota ampla SENATRAN ago/2026 e indicadores IBGE 2022, quando presentes, são medidas separadas. Recarga ABVE/Tupi ago/2026."
BA,RAFAEL JAMBEIRO,0.000000,0.000000,1.000000,1.000000,,0.000638,"Emplacamentos BEV/PHEV ABVE; frota ampla SENATRAN ago/2026 e indicadores IBGE 2022, quando presentes, são medidas separadas. Recarga ABVE/Tupi ago/2026."
BA,REMANSO,1.000000,1.000000,2.000000,1.000000,100.000000,0.000638,"Emplacamentos BEV/PHEV ABVE; frota ampla SENATRAN ago/2026 e indicadores IBGE 2022, quando presentes, são medidas separadas. Recarga ABVE/Tupi ago/2026."
MG,BRAS PIRES,0.000000,0.000000,1.000000,1.000000,,0.000638,"Emplacamentos BEV/PHEV ABVE; frota ampla SENATRAN ago/2026 e indicadores IBGE 2022, quando presentes, são medidas separadas. Recarga ABVE/Tupi ago/2026."
MG,BRASILIA DE MINAS,0.000000,0.000000,1.000000,1.000000,,0.000638,"Emplacamentos BEV/PHEV ABVE; frota ampla SENATRAN ago/2026 e indicadores IBGE 2022, quando presentes, são medidas separadas. Recarga ABVE/Tupi ago/2026."
MG,BUENO BRANDAO,0.000000,0.000000,1.000000,1.000000,,0.000638,"Emplacamentos BEV/PHEV ABVE; frota ampla SENATRAN ago/2026 e indicadores IBGE 2022, quando presentes, são medidas separadas. Recarga ABVE/Tupi ago/2026."
MG,CACHOEIRA DE MINAS,1.000000,0.000000,1.000000,1.000000,,0.000638,"Emplacamentos BEV/PHEV ABVE; frota ampla SENATRAN ago/2026 e indicadores IBGE 2022, quando presentes, são medidas separadas. Recarga ABVE/Tupi ago/2026."
SP,TURMALINA,0.000000,0.000000,1.000000,1.000000,,0.000638,"Emplacamentos BEV/PHEV ABVE; frota ampla SENATRAN ago/2026 e indicadores IBGE 2022, quando presentes, são medidas separadas. Recarga ABVE/Tupi ago/2026."
SP,UBARANA,0.000000,1.000000,2.000000,1.000000,100.000000,0.000638,"Emplacamentos BEV/PHEV ABVE; frota ampla SENATRAN ago/2026 e indicadores IBGE 2022, quando presentes, são medidas separadas. Recarga ABVE/Tupi ago/2026."
SP,UBIRAJARA,0.000000,0.000000,1.000000,1.000000,,0.000638,"Emplacamentos BEV/PHEV ABVE; frota ampla SENATRAN ago/2026 e indicadores IBGE 2022, quando presentes, são medidas separadas. Recarga ABVE/Tupi ago/2026."
MG,ACAIACA,0.000000,0.000000,1.000000,1.000000,,0.000638,"Emplacamentos BEV/PHEV ABVE; frota ampla SENATRAN ago/2026 e indicadores IBGE 2022, quando presentes, são medidas separadas. Recarga ABVE/Tupi ago/2026."
MG,ACUCENA,0.000000,0.000000,1.000000,1.000000,,0.000638,"Emplacamentos BEV/PHEV ABVE; frota ampla SENATRAN ago/2026 e indicadores IBGE 2022, quando presentes, são medidas separadas. Recarga ABVE/Tupi ago/2026."
MG,AGUAS FORMOSAS,0.000000,0.000000,1.000000,1.000000,,0.000638,"Emplacamentos BEV/PHEV ABVE; frota ampla SENATRAN ago/2026 e indicadores IBGE 2022, quando presentes, são medidas separadas. Recarga ABVE/Tupi ago/2026."
MG,AGUAS VERMELHAS,0.000000,0.000000,1.000000,1.000000,,0.000638,"Emplacamentos BEV/PHEV ABVE; frota ampla SENATRAN ago/2026 e indicadores IBGE 2022, quando presentes, são medidas separadas. Recarga ABVE/Tupi ago/2026."
MG,AIURUOCA,0.000000,0.000000,1.000000,1.000000,,0.000638,"Emplacamentos BEV/PHEV ABVE; frota ampla SENATRAN ago/2026 e indicadores IBGE 2022, quando presentes, são medidas separadas. Recarga ABVE/Tupi ago/2026."
SC,LUZERNA,3.000000,0.000000,1.000000,1.000000,,0.000638,"Emplacamentos BEV/PHEV ABVE; frota ampla SENATRAN ago/2026 e indicadores IBGE 2022, quando presentes, são medidas separadas. Recarga ABVE/Tupi ago/2026."
SC,MATOS COSTA,1.000000,0.000000,1.000000,1.000000,,0.000638,"Emplacamentos BEV/PHEV ABVE; frota ampla SENATRAN ago/2026 e indicadores IBGE 2022, quando presentes, são medidas separadas. Recarga ABVE/Tupi ago/2026."
SC,MELEIRO,0.000000,0.000000,1.000000,1.000000,,0.000638,"Emplacamentos BEV/PHEV ABVE; frota ampla SENATRAN ago/2026 e indicadores IBGE 2022, quando presentes, são medidas separadas. Recarga ABVE/Tupi ago/2026."
SC,JOSE BOITEUX,0.000000,1.000000,2.000000,1.000000,100.000000,0.000638,"Emplacamentos BEV/PHEV ABVE; frota ampla SENATRAN ago/2026 e indicadores IBGE 2022, quando presentes, são medidas separadas. Recarga ABVE/Tupi ago/2026."
SC,LACERDOPOLIS,0.000000,0.000000,1.000000,1.000000,,0.000638,"Emplacamentos BEV/PHEV ABVE; frota ampla SENATRAN ago/2026 e indicadores IBGE 2022, quando presentes, são medidas separadas. Recarga ABVE/Tupi ago/2026."
BA,PLANALTO,0.000000,1.000000,2.000000,1.000000,100.000000,0.000638,"Emplacamentos BEV/PHEV ABVE; frota ampla SENATRAN ago/2026 e indicadores IBGE 2022, quando presentes, são medidas separadas. Recarga ABVE/Tupi ago/2026."
SP,VISTA ALEGRE DO ALTO,2.000000,2.000000,3.000000,1.000000,50.000000,0.000638,"Emplacamentos BEV/PHEV ABVE; frota ampla SENATRAN ago/2026 e indicadores IBGE 2022, quando presentes, são medidas separadas. Recarga ABVE/Tupi ago/2026."
MG,BELMIRO BRAGA,1.000000,0.000000,1.000000,1.000000,,0.000638,"Emplacamentos BEV/PHEV ABVE; frota ampla SENATRAN ago/2026 e indicadores IBGE 2022, quando presentes, são medidas separadas. Recarga ABVE/Tupi ago/2026."
MA,SAO JOAO DO PARAISO,0.000000,0.000000,1.000000,1.000000,,0.000638,"Emplacamentos BEV/PHEV ABVE; frota ampla SENATRAN ago/2026 e indicadores IBGE 2022, quando presentes, são medidas separadas. Recarga ABVE/Tupi ago/2026."
MA,SAO LUIS GONZAGA DO MARANHAO,0.000000,0.000000,1.000000,1.000000,,0.000638,"Emplacamentos BEV/PHEV ABVE; frota ampla SENATRAN ago/2026 e indicadores IBGE 2022, quando presentes, são medidas separadas. Recarga ABVE/Tupi ago/2026."
MA,SAO VICENTE FERRER,0.000000,0.000000,1.000000,1.000000,,0.000638,"Emplacamentos BEV/PHEV ABVE; frota ampla SENATRAN ago/2026 e indicadores IBGE 2022, quando presentes, são medidas separadas. Recarga ABVE/Tupi ago/2026."
AL,CARNEIROS,0.000000,0.000000,1.000000,1.000000,,0.000638,"Emplacamentos BEV/PHEV ABVE; frota ampla SENATRAN ago/2026 e indicadores IBGE 2022, quando presentes, são medidas separadas. Recarga ABVE/Tupi ago/2026."
TO,WANDERLANDIA,0.000000,0.000000,1.000000,1.000000,,0.000638,"Emplacamentos BEV/PHEV ABVE; frota ampla SENATRAN ago/2026 e indicadores IBGE 2022, quando presentes, são medidas separadas. Recarga ABVE/Tupi ago/2026."
TO,COUTO MAGALHAES,0.000000,0.000000,1.000000,1.000000,,0.000638,"Emplacamentos BEV/PHEV ABVE; frota ampla SENATRAN ago/2026 e indicadores IBGE 2022, quando presentes, são medidas separadas. Recarga ABVE/Tupi ago/2026."
TO,DIANOPOLIS,0.000000,0.000000,1.000000,1.000000,,0.000638,"Emplacamentos BEV/PHEV ABVE; frota ampla SENATRAN ago/2026 e indicadores IBGE 2022, quando presentes, são medidas separadas. Recarga ABVE/Tupi ago/2026."
TO,GOIANORTE,0.000000,0.000000,1.000000,1.000000,,0.000638,"Emplacamentos BEV/PHEV ABVE; frota ampla SENATRAN ago/2026 e indicadores IBGE 2022, quando presentes, são medidas separadas. Recarga ABVE/Tupi ago/2026."
TO,ITAGUATINS,0.000000,0.000000,1.000000,1.000000,,0.000638,"Emplacamentos BEV/PHEV ABVE; frota ampla SENATRAN ago/2026 e indicadores IBGE 2022, quando presentes, são medidas separadas. Recarga ABVE/Tupi ago/2026."
TO,SITIO NOVO DO TOCANTINS,0.000000,0.000000,1.000000,1.000000,,0.000638,"Emplacamentos BEV/PHEV ABVE; frota ampla SENATRAN ago/2026 e indicadores IBGE 2022, quando presentes, são medidas separadas. Recarga ABVE/Tupi ago/2026."
SC,NOVA ERECHIM,0.000000,0.000000,1.000000,1.000000,,0.000638,"Emplacamentos BEV/PHEV ABVE; frota ampla SENATRAN ago/2026 e indicadores IBGE 2022, quando presentes, são medidas separadas. Recarga ABVE/Tupi ago/2026."
SC,OURO,0.000000,2.000000,3.000000,1.000000,50.000000,0.000638,"Emplacamentos BEV/PHEV ABVE; frota ampla SENATRAN ago/2026 e indicadores IBGE 2022, quando presentes, são medidas separadas. Recarga ABVE/Tupi ago/2026."
SC,PAINEL,0.000000,0.000000,1.000000,1.000000,,0.000638,"Emplacamentos BEV/PHEV ABVE; frota ampla SENATRAN ago/2026 e indicadores IBGE 2022, quando presentes, são medidas separadas. Recarga ABVE/Tupi ago/2026."
SC,PEDRAS GRANDES,0.000000,0.000000,1.000000,1.000000,,0.000638,"Emplacamentos BEV/PHEV ABVE; frota ampla SENATRAN ago/2026 e indicadores IBGE 2022, quando presentes, são medidas separadas. Recarga ABVE/Tupi ago/2026."
MG,ALBERTINA,0.000000,0.000000,1.000000,1.000000,,0.000638,"Emplacamentos BEV/PHEV ABVE; frota ampla SENATRAN ago/2026 e indicadores IBGE 2022, quando presentes, são medidas separadas. Recarga ABVE/Tupi ago/2026."
MG,ALVARENGA,0.000000,0.000000,1.000000,1.000000,,0.000638,"Emplacamentos BEV/PHEV ABVE; frota ampla SENATRAN ago/2026 e indicadores IBGE 2022, quando presentes, são medidas separadas. Recarga ABVE/Tupi ago/2026."
TO,PALMEIROPOLIS,0.000000,0.000000,1.000000,1.000000,,0.000638,"Emplacamentos BEV/PHEV ABVE; frota ampla SENATRAN ago/2026 e indicadores IBGE 2022, quando presentes, são medidas separadas. Recarga ABVE/Tupi ago/2026."
TO,PIRAQUE,0.000000,0.000000,1.000000,1.000000,,0.000638,"Emplacamentos BEV/PHEV ABVE; frota ampla SENATRAN ago/2026 e indicadores IBGE 2022, quando presentes, são medidas separadas. Recarga ABVE/Tupi ago/2026."
TO,SANTA TEREZA DO TOCANTINS,0.000000,0.000000,1.000000,1.000000,,0.000638,"Emplacamentos BEV/PHEV ABVE; frota ampla SENATRAN ago/2026 e indicadores IBGE 2022, quando presentes, são medidas separadas. Recarga ABVE/Tupi ago/2026."
BA,ICHU,0.000000,0.000000,1.000000,1.000000,,0.000638,"Emplacamentos BEV/PHEV ABVE; frota ampla SENATRAN ago/2026 e indicadores IBGE 2022, quando presentes, são medidas separadas. Recarga ABVE/Tupi ago/2026."
SP,CERQUEIRA CESAR,5.000000,1.000000,2.000000,1.000000,100.000000,0.000638,"Emplacamentos BEV/PHEV ABVE; frota ampla SENATRAN ago/2026 e indicadores IBGE 2022, quando presentes, são medidas separadas. Recarga ABVE/Tupi ago/2026."
SP,CHARQUEADA,4.000000,0.000000,1.000000,1.000000,,0.000638,"Emplacamentos BEV/PHEV ABVE; frota ampla SENATRAN ago/2026 e indicadores IBGE 2022, quando presentes, são medidas separadas. Recarga ABVE/Tupi ago/2026."
SP,CLEMENTINA,1.000000,1.000000,2.000000,1.000000,100.000000,0.000638,"Emplacamentos BEV/PHEV ABVE; frota ampla SENATRAN ago/2026 e indicadores IBGE 2022, quando presentes, são medidas separadas. Recarga ABVE/Tupi ago/2026."
SP,COLOMBIA,1.000000,0.000000,1.000000,1.000000,,0.000638,"Emplacamentos BEV/PHEV ABVE; frota ampla SENATRAN ago/2026 e indicadores IBGE 2022, quando presentes, são medidas separadas. Recarga ABVE/Tupi ago/2026."
SP,CORONEL MACEDO,0.000000,0.000000,1.000000,1.000000,,0.000638,"Emplacamentos BEV/PHEV ABVE; frota ampla SENATRAN ago/2026 e indicadores IBGE 2022, quando presentes, são medidas separadas. Recarga ABVE/Tupi ago/2026."
TO,MARIANOPOLIS DO TOCANTINS,0.000000,0.000000,1.000000,1.000000,,0.000638,"Emplacamentos BEV/PHEV ABVE; frota ampla SENATRAN ago/2026 e indicadores IBGE 2022, quando presentes, são medidas separadas. Recarga ABVE/Tupi ago/2026."
TO,NOVA OLINDA,0.000000,1.000000,2.000000,1.000000,100.000000,0.000638,"Emplacamentos BEV/PHEV ABVE; frota ampla SENATRAN ago/2026 e indicadores IBGE 2022, quando presentes, são medidas separadas. Recarga ABVE/Tupi ago/2026."
TO,OLIVEIRA DE FATIMA,0.000000,0.000000,1.000000,1.000000,,0.000638,"Emplacamentos BEV/PHEV ABVE; frota ampla SENATRAN ago/2026 e indicadores IBGE 2022, quando presentes, são medidas separadas. Recarga ABVE/Tupi ago/2026."
TO,AURORA DO TOCANTINS,0.000000,0.000000,1.000000,1.000000,,0.000638,"Emplacamentos BEV/PHEV ABVE; frota ampla SENATRAN ago/2026 e indicadores IBGE 2022, quando presentes, são medidas separadas. Recarga ABVE/Tupi ago/2026."
TO,BABACULANDIA,0.000000,0.000000,1.000000,1.000000,,0.000638,"Emplacamentos BEV/PHEV ABVE; frota ampla SENATRAN ago/2026 e indicadores IBGE 2022, quando presentes, são medidas separadas. Recarga ABVE/Tupi ago/2026."
TO,BARRA DO OURO,0.000000,0.000000,1.000000,1.000000,,0.000638,"Emplacamentos BEV/PHEV ABVE; frota ampla SENATRAN ago/2026 e indicadores IBGE 2022, quando presentes, são medidas separadas. Recarga ABVE/Tupi ago/2026."
TO,ANGICO,0.000000,0.000000,1.000000,1.000000,,0.000638,"Emplacamentos BEV/PHEV ABVE; frota ampla SENATRAN ago/2026 e indicadores IBGE 2022, quando presentes, são medidas separadas. Recarga ABVE/Tupi ago/2026."
TO,ARAGOMINAS,0.000000,0.000000,1.000000,1.000000,,0.000638,"Emplacamentos BEV/PHEV ABVE; frota ampla SENATRAN ago/2026 e indicadores IBGE 2022, quando presentes, são medidas separadas. Recarga ABVE/Tupi ago/2026."
AL,BELEM,0.000000,0.000000,1.000000,1.000000,,0.000638,"Emplacamentos BEV/PHEV ABVE; frota ampla SENATRAN ago/2026 e indicadores IBGE 2022, quando presentes, são medidas separadas. Recarga ABVE/Tupi ago/2026."
AL,CAPELA,0.000000,0.000000,1.000000,1.000000,,0.000638,"Emplacamentos BEV/PHEV ABVE; frota ampla SENATRAN ago/2026 e indicadores IBGE 2022, quando presentes, são medidas separadas. Recarga ABVE/Tupi ago/2026."
MA,SAO PEDRO DA AGUA BRANCA,1.000000,0.000000,0.000000,0.000000,,0.000000,"Emplacamentos BEV/PHEV ABVE; frota ampla SENATRAN ago/2026 e indicadores IBGE 2022, quando presentes, são medidas separadas. Recarga ABVE/Tupi ago/2026."
MG,BARROSO,0.000000,2.000000,2.000000,0.000000,0.000000,0.000000,"Emplacamentos BEV/PHEV ABVE; frota ampla SENATRAN ago/2026 e indicadores IBGE 2022, quando presentes, são medidas separadas. Recarga ABVE/Tupi ago/2026."
SP,ZACARIAS,1.000000,0.000000,0.000000,0.000000,,0.000000,"Emplacamentos BEV/PHEV ABVE; frota ampla SENATRAN ago/2026 e indicadores IBGE 2022, quando presentes, são medidas separadas. Recarga ABVE/Tupi ago/2026."
SP,VIRADOURO,2.000000,3.000000,3.000000,0.000000,0.000000,0.000000,"Emplacamentos BEV/PHEV ABVE; frota ampla SENATRAN ago/2026 e indicadores IBGE 2022, quando presentes, são medidas separadas. Recarga ABVE/Tupi ago/2026."
SP,TURIUBA,1.000000,0.000000,0.000000,0.000000,,0.000000,"Emplacamentos BEV/PHEV ABVE; frota ampla SENATRAN ago/2026 e indicadores IBGE 2022, quando presentes, são medidas separadas. Recarga ABVE/Tupi ago/2026."
MA,TURILANDIA,0.000000,1.000000,1.000000,0.000000,0.000000,0.000000,"Emplacamentos BEV/PHEV ABVE; frota ampla SENATRAN ago/2026 e indicadores IBGE 2022, quando presentes, são medidas separadas. Recarga ABVE/Tupi ago/2026."
MG,CAPUTIRA,1.000000,0.000000,0.000000,0.000000,,0.000000,"Emplacamentos BEV/PHEV ABVE; frota ampla SENATRAN ago/2026 e indicadores IBGE 2022, quando presentes, são medidas separadas. Recarga ABVE/Tupi ago/2026."
MG,CAPINOPOLIS,1.000000,1.000000,1.000000,0.000000,0.000000,0.000000,"Emplacamentos BEV/PHEV ABVE; frota ampla SENATRAN ago/2026 e indicadores IBGE 2022, quando presentes, são medidas separadas. Recarga ABVE/Tupi ago/2026."
MG,CAMPO DO MEIO,0.000000,1.000000,1.000000,0.000000,0.000000,0.000000,"Emplacamentos BEV/PHEV ABVE; frota ampla SENATRAN ago/2026 e indicadores IBGE 2022, quando presentes, são medidas separadas. Recarga ABVE/Tupi ago/2026."
MG,CAMPANHA,1.000000,0.000000,0.000000,0.000000,,0.000000,"Emplacamentos BEV/PHEV ABVE; frota ampla SENATRAN ago/2026 e indicadores IBGE 2022, quando presentes, são medidas separadas. Recarga ABVE/Tupi ago/2026."
SC,IRATI,1.000000,0.000000,0.000000,0.000000,,0.000000,"Emplacamentos BEV/PHEV ABVE; frota ampla SENATRAN ago/2026 e indicadores IBGE 2022, quando presentes, são medidas separadas. Recarga ABVE/Tupi ago/2026."
SC,RIQUEZA,1.000000,0.000000,0.000000,0.000000,,0.000000,"Emplacamentos BEV/PHEV ABVE; frota ampla SENATRAN ago/2026 e indicadores IBGE 2022, quando presentes, são medidas separadas. Recarga ABVE/Tupi ago/2026."
SC,PRESIDENTE CASTELLO BRANCO,1.000000,0.000000,0.000000,0.000000,,0.000000,"Emplacamentos BEV/PHEV ABVE; frota ampla SENATRAN ago/2026 e indicadores IBGE 2022, quando presentes, são medidas separadas. Recarga ABVE/Tupi ago/2026."
SC,POUSO REDONDO,4.000000,7.000000,7.000000,0.000000,0.000000,0.000000,"Emplacamentos BEV/PHEV ABVE; frota ampla SENATRAN ago/2026 e indicadores IBGE 2022, quando presentes, são medidas separadas. Recarga ABVE/Tupi ago/2026."
BA,PRESIDENTE DUTRA,0.000000,1.000000,1.000000,0.000000,0.000000,0.000000,"Emplacamentos BEV/PHEV ABVE; frota ampla SENATRAN ago/2026 e indicadores IBGE 2022, quando presentes, são medidas separadas. Recarga ABVE/Tupi ago/2026."
SC,MONTE CARLO,1.000000,1.000000,1.000000,0.000000,0.000000,0.000000,"Emplacamentos BEV/PHEV ABVE; frota ampla SENATRAN ago/2026 e indicadores IBGE 2022, quando presentes, são medidas separadas. Recarga ABVE/Tupi ago/2026."
SC,MAREMA,1.000000,0.000000,0.000000,0.000000,,0.000000,"Emplacamentos BEV/PHEV ABVE; frota ampla SENATRAN ago/2026 e indicadores IBGE 2022, quando presentes, são medidas separadas. Recarga ABVE/Tupi ago/2026."
BA,TANHACU,0.000000,1.000000,1.000000,0.000000,0.000000,0.000000,"Emplacamentos BEV/PHEV ABVE; frota ampla SENATRAN ago/2026 e indicadores IBGE 2022, quando presentes, são medidas separadas. Recarga ABVE/Tupi ago/2026."
SC,SAO JOAO DO OESTE,0.000000,3.000000,3.000000,0.000000,0.000000,0.000000,"Emplacamentos BEV/PHEV ABVE; frota ampla SENATRAN ago/2026 e indicadores IBGE 2022, quando presentes, são medidas separadas. Recarga ABVE/Tupi ago/2026."
BA,SAO FELIX DO CORIBE,0.000000,1.000000,1.000000,0.000000,0.000000,0.000000,"Emplacamentos BEV/PHEV ABVE; frota ampla SENATRAN ago/2026 e indicadores IBGE 2022, quando presentes, são medidas separadas. Recarga ABVE/Tupi ago/2026."
BA,SAO FELIPE,0.000000,2.000000,2.000000,0.000000,0.000000,0.000000,"Emplacamentos BEV/PHEV ABVE; frota ampla SENATRAN ago/2026 e indicadores IBGE 2022, quando presentes, são medidas separadas. Recarga ABVE/Tupi ago/2026."
SC,CAXAMBU DO SUL,1.000000,0.000000,0.000000,0.000000,,0.000000,"Emplacamentos BEV/PHEV ABVE; frota ampla SENATRAN ago/2026 e indicadores IBGE 2022, quando presentes, são medidas separadas. Recarga ABVE/Tupi ago/2026."
SC,FORMOSA DO SUL,1.000000,0.000000,0.000000,0.000000,,0.000000,"Emplacamentos BEV/PHEV ABVE; frota ampla SENATRAN ago/2026 e indicadores IBGE 2022, quando presentes, são medidas separadas. Recarga ABVE/Tupi ago/2026."
SC,DESCANSO,1.000000,1.000000,1.000000,0.000000,0.000000,0.000000,"Emplacamentos BEV/PHEV ABVE; frota ampla SENATRAN ago/2026 e indicadores IBGE 2022, quando presentes, são medidas separadas. Recarga ABVE/Tupi ago/2026."
BA,RIO DO PIRES,1.000000,1.000000,1.000000,0.000000,0.000000,0.000000,"Emplacamentos BEV/PHEV ABVE; frota ampla SENATRAN ago/2026 e indicadores IBGE 2022, quando presentes, são medidas separadas. Recarga ABVE/Tupi ago/2026."
MG,CAMACHO,1.000000,0.000000,0.000000,0.000000,,0.000000,"Emplacamentos BEV/PHEV ABVE; frota ampla SENATRAN ago/2026 e indicadores IBGE 2022, quando presentes, são medidas separadas. Recarga ABVE/Tupi ago/2026."
SP,TRABIJU,1.000000,0.000000,0.000000,0.000000,,0.000000,"Emplacamentos BEV/PHEV ABVE; frota ampla SENATRAN ago/2026 e indicadores IBGE 2022, quando presentes, são medidas separadas. Recarga ABVE/Tupi ago/2026."
MG,CAXAMBU,1.000000,1.000000,1.000000,0.000000,0.000000,0.000000,"Emplacamentos BEV/PHEV ABVE; frota ampla SENATRAN ago/2026 e indicadores IBGE 2022, quando presentes, são medidas separadas. Recarga ABVE/Tupi ago/2026."
MG,CASSIA,2.000000,1.000000,1.000000,0.000000,0.000000,0.000000,"Emplacamentos BEV/PHEV ABVE; frota ampla SENATRAN ago/2026 e indicadores IBGE 2022, quando presentes, são medidas separadas. Recarga ABVE/Tupi ago/2026."
MG,CARMO DO PARANAIBA,2.000000,0.000000,0.000000,0.000000,,0.000000,"Emplacamentos BEV/PHEV ABVE; frota ampla SENATRAN ago/2026 e indicadores IBGE 2022, quando presentes, são medidas separadas. Recarga ABVE/Tupi ago/2026."
MG,CARMO DE MINAS,0.000000,1.000000,1.000000,0.000000,0.000000,0.000000,"Emplacamentos BEV/PHEV ABVE; frota ampla SENATRAN ago/2026 e indicadores IBGE 2022, quando presentes, são medidas separadas. Recarga ABVE/Tupi ago/2026."
MG,CARMO DA CACHOEIRA,0.000000,1.000000,1.000000,0.000000,0.000000,0.000000,"Emplacamentos BEV/PHEV ABVE; frota ampla SENATRAN ago/2026 e indicadores IBGE 2022, quando presentes, são medidas separadas. Recarga ABVE/Tupi ago/2026."
MG,CARANGOLA,4.000000,3.000000,3.000000,0.000000,0.000000,0.000000,"Emplacamentos BEV/PHEV ABVE; frota ampla SENATRAN ago/2026 e indicadores IBGE 2022, quando presentes, são medidas separadas. Recarga ABVE/Tupi ago/2026."
MG,CARANDAI,0.000000,1.000000,1.000000,0.000000,0.000000,0.000000,"Emplacamentos BEV/PHEV ABVE; frota ampla SENATRAN ago/2026 e indicadores IBGE 2022, quando presentes, são medidas separadas. Recarga ABVE/Tupi ago/2026."
MG,CORREGO FUNDO,1.000000,0.000000,0.000000,0.000000,,0.000000,"Emplacamentos BEV/PHEV ABVE; frota ampla SENATRAN ago/2026 e indicadores IBGE 2022, quando presentes, são medidas separadas. Recarga ABVE/Tupi ago/2026."
MG,CORREGO DO BOM JESUS,1.000000,0.000000,0.000000,0.000000,,0.000000,"Emplacamentos BEV/PHEV ABVE; frota ampla SENATRAN ago/2026 e indicadores IBGE 2022, quando presentes, são medidas separadas. Recarga ABVE/Tupi ago/2026."
MG,COROMANDEL,1.000000,2.000000,2.000000,0.000000,0.000000,0.000000,"Emplacamentos BEV/PHEV ABVE; frota ampla SENATRAN ago/2026 e indicadores IBGE 2022, quando presentes, são medidas separadas. Recarga ABVE/Tupi ago/2026."
RS,VIADUTOS,1.000000,3.000000,3.000000,0.000000,0.000000,0.000000,"Emplacamentos BEV/PHEV ABVE; frota ampla SENATRAN ago/2026 e indicadores IBGE 2022, quando presentes, são medidas separadas. Recarga ABVE/Tupi ago/2026."
RS,VANINI,1.000000,0.000000,0.000000,0.000000,,0.000000,"Emplacamentos BEV/PHEV ABVE; frota ampla SENATRAN ago/2026 e indicadores IBGE 2022, quando presentes, são medidas separadas. Recarga ABVE/Tupi ago/2026."
RS,TURUCU,1.000000,0.000000,0.000000,0.000000,,0.000000,"Emplacamentos BEV/PHEV ABVE; frota ampla SENATRAN ago/2026 e indicadores IBGE 2022, quando presentes, são medidas separadas. Recarga ABVE/Tupi ago/2026."
RS,TUPANDI,1.000000,2.000000,2.000000,0.000000,0.000000,0.000000,"Emplacamentos BEV/PHEV ABVE; frota ampla SENATRAN ago/2026 e indicadores IBGE 2022, quando presentes, são medidas separadas. Recarga ABVE/Tupi ago/2026."
BA,MUNDO NOVO,0.000000,1.000000,1.000000,0.000000,0.000000,0.000000,"Emplacamentos BEV/PHEV ABVE; frota ampla SENATRAN ago/2026 e indicadores IBGE 2022, quando presentes, são medidas separadas. Recarga ABVE/Tupi ago/2026."
SC,APIUNA,1.000000,2.000000,2.000000,0.000000,0.000000,0.000000,"Emplacamentos BEV/PHEV ABVE; frota ampla SENATRAN ago/2026 e indicadores IBGE 2022, quando presentes, são medidas separadas. Recarga ABVE/Tupi ago/2026."
SC,ANITAPOLIS,1.000000,2.000000,2.000000,0.000000,0.000000,0.000000,"Emplacamentos BEV/PHEV ABVE; frota ampla SENATRAN ago/2026 e indicadores IBGE 2022, quando presentes, são medidas separadas. Recarga ABVE/Tupi ago/2026."
SC,AGUA DOCE,0.000000,2.000000,2.000000,0.000000,0.000000,0.000000,"Emplacamentos BEV/PHEV ABVE; frota ampla SENATRAN ago/2026 e indicadores IBGE 2022, quando presentes, são medidas separadas. Recarga ABVE/Tupi ago/2026."
BA,SAUDE,1.000000,0.000000,0.000000,0.000000,,0.000000,"Emplacamentos BEV/PHEV ABVE; frota ampla SENATRAN ago/2026 e indicadores IBGE 2022, quando presentes, são medidas separadas. Recarga ABVE/Tupi ago/2026."
SC,ATALANTA,0.000000,1.000000,1.000000,0.000000,0.000000,0.000000,"Emplacamentos BEV/PHEV ABVE; frota ampla SENATRAN ago/2026 e indicadores IBGE 2022, quando presentes, são medidas separadas. Recarga ABVE/Tupi ago/2026."
SC,ARVOREDO,0.000000,1.000000,1.000000,0.000000,0.000000,0.000000,"Emplacamentos BEV/PHEV ABVE; frota ampla SENATRAN ago/2026 e indicadores IBGE 2022, quando presentes, são medidas separadas. Recarga ABVE/Tupi ago/2026."
SC,CAPINZAL,1.000000,4.000000,4.000000,0.000000,0.000000,0.000000,"Emplacamentos BEV/PHEV ABVE; frota ampla SENATRAN ago/2026 e indicadores IBGE 2022, quando presentes, são medidas separadas. Recarga ABVE/Tupi ago/2026."
CE,AMONTADA,0.000000,1.000000,1.000000,0.000000,0.000000,0.000000,"Emplacamentos BEV/PHEV ABVE; frota ampla SENATRAN ago/2026 e indicadores IBGE 2022, quando presentes, são medidas separadas. Recarga ABVE/Tupi ago/2026."
SC,VARGEM BONITA,1.000000,0.000000,0.000000,0.000000,,0.000000,"Emplacamentos BEV/PHEV ABVE; frota ampla SENATRAN ago/2026 e indicadores IBGE 2022, quando presentes, são medidas separadas. Recarga ABVE/Tupi ago/2026."
SC,TREZE TILIAS,2.000000,4.000000,4.000000,0.000000,0.000000,0.000000,"Emplacamentos BEV/PHEV ABVE; frota ampla SENATRAN ago/2026 e indicadores IBGE 2022, quando presentes, são medidas separadas. Recarga ABVE/Tupi ago/2026."
SC,TRES BARRAS,1.000000,3.000000,3.000000,0.000000,0.000000,0.000000,"Emplacamentos BEV/PHEV ABVE; frota ampla SENATRAN ago/2026 e indicadores IBGE 2022, quando presentes, são medidas separadas. Recarga ABVE/Tupi ago/2026."
SC,TIMBO GRANDE,1.000000,0.000000,0.000000,0.000000,,0.000000,"Emplacamentos BEV/PHEV ABVE; frota ampla SENATRAN ago/2026 e indicadores IBGE 2022, quando presentes, são medidas separadas. Recarga ABVE/Tupi ago/2026."
RS,TRES ARROIOS,0.000000,1.000000,1.000000,0.000000,0.000000,0.000000,"Emplacamentos BEV/PHEV ABVE; frota ampla SENATRAN ago/2026 e indicadores IBGE 2022, quando presentes, são medidas separadas. Recarga ABVE/Tupi ago/2026."
BA,TERRA NOVA,0.000000,1.000000,1.000000,0.000000,0.000000,0.000000,"Emplacamentos BEV/PHEV ABVE; frota ampla SENATRAN ago/2026 e indicadores IBGE 2022, quando presentes, são medidas separadas. Recarga ABVE/Tupi ago/2026."
BA,TEODORO SAMPAIO,0.000000,1.000000,1.000000,0.000000,0.000000,0.000000,"Emplacamentos BEV/PHEV ABVE; frota ampla SENATRAN ago/2026 e indicadores IBGE 2022, quando presentes, são medidas separadas. Recarga ABVE/Tupi ago/2026."
RS,WESTFALIA,1.000000,2.000000,2.000000,0.000000,0.000000,0.000000,"Emplacamentos BEV/PHEV ABVE; frota ampla SENATRAN ago/2026 e indicadores IBGE 2022, quando presentes, são medidas separadas. Recarga ABVE/Tupi ago/2026."
RS,VISTA ALEGRE,0.000000,1.000000,1.000000,0.000000,0.000000,0.000000,"Emplacamentos BEV/PHEV ABVE; frota ampla SENATRAN ago/2026 e indicadores IBGE 2022, quando presentes, são medidas separadas. Recarga ABVE/Tupi ago/2026."
RS,VICENTE DUTRA,1.000000,0.000000,0.000000,0.000000,,0.000000,"Emplacamentos BEV/PHEV ABVE; frota ampla SENATRAN ago/2026 e indicadores IBGE 2022, quando presentes, são medidas separadas. Recarga ABVE/Tupi ago/2026."
MG,ENTRE RIOS DE MINAS,1.000000,0.000000,0.000000,0.000000,,0.000000,"Emplacamentos BEV/PHEV ABVE; frota ampla SENATRAN ago/2026 e indicadores IBGE 2022, quando presentes, são medidas separadas. Recarga ABVE/Tupi ago/2026."
MG,DORES DE CAMPOS,0.000000,1.000000,1.000000,0.000000,0.000000,0.000000,"Emplacamentos BEV/PHEV ABVE; frota ampla SENATRAN ago/2026 e indicadores IBGE 2022, quando presentes, são medidas separadas. Recarga ABVE/Tupi ago/2026."
MG,GUIMARANIA,1.000000,0.000000,0.000000,0.000000,,0.000000,"Emplacamentos BEV/PHEV ABVE; frota ampla SENATRAN ago/2026 e indicadores IBGE 2022, quando presentes, são medidas separadas. Recarga ABVE/Tupi ago/2026."
MG,GUARACIABA,1.000000,1.000000,1.000000,0.000000,0.000000,0.000000,"Emplacamentos BEV/PHEV ABVE; frota ampla SENATRAN ago/2026 e indicadores IBGE 2022, quando presentes, são medidas separadas. Recarga ABVE/Tupi ago/2026."
MG,FRANCISCO SA,1.000000,0.000000,0.000000,0.000000,,0.000000,"Emplacamentos BEV/PHEV ABVE; frota ampla SENATRAN ago/2026 e indicadores IBGE 2022, quando presentes, são medidas separadas. Recarga ABVE/Tupi ago/2026."
MG,ITAMARANDIBA,1.000000,1.000000,1.000000,0.000000,0.000000,0.000000,"Emplacamentos BEV/PHEV ABVE; frota ampla SENATRAN ago/2026 e indicadores IBGE 2022, quando presentes, são medidas separadas. Recarga ABVE/Tupi ago/2026."
MG,INDIANOPOLIS,1.000000,0.000000,0.000000,0.000000,,0.000000,"Emplacamentos BEV/PHEV ABVE; frota ampla SENATRAN ago/2026 e indicadores IBGE 2022, quando presentes, são medidas separadas. Recarga ABVE/Tupi ago/2026."
RS,QUEVEDOS,1.000000,0.000000,0.000000,0.000000,,0.000000,"Emplacamentos BEV/PHEV ABVE; frota ampla SENATRAN ago/2026 e indicadores IBGE 2022, quando presentes, são medidas separadas. Recarga ABVE/Tupi ago/2026."
RS,RONDA ALTA,2.000000,0.000000,0.000000,0.000000,,0.000000,"Emplacamentos BEV/PHEV ABVE; frota ampla SENATRAN ago/2026 e indicadores IBGE 2022, quando presentes, são medidas separadas. Recarga ABVE/Tupi ago/2026."
CE,BELA CRUZ,0.000000,3.000000,3.000000,0.000000,0.000000,0.000000,"Emplacamentos BEV/PHEV ABVE; frota ampla SENATRAN ago/2026 e indicadores IBGE 2022, quando presentes, são medidas separadas. Recarga ABVE/Tupi ago/2026."
CE,BEBERIBE,1.000000,6.000000,6.000000,0.000000,0.000000,0.000000,"Emplacamentos BEV/PHEV ABVE; frota ampla SENATRAN ago/2026 e indicadores IBGE 2022, quando presentes, são medidas separadas. Recarga ABVE/Tupi ago/2026."
RS,SAO FRANCISCO DE ASSIS,0.000000,1.000000,1.000000,0.000000,0.000000,0.000000,"Emplacamentos BEV/PHEV ABVE; frota ampla SENATRAN ago/2026 e indicadores IBGE 2022, quando presentes, são medidas separadas. Recarga ABVE/Tupi ago/2026."
BA,VALENTE,2.000000,2.000000,2.000000,0.000000,0.000000,0.000000,"Emplacamentos BEV/PHEV ABVE; frota ampla SENATRAN ago/2026 e indicadores IBGE 2022, quando presentes, são medidas separadas. Recarga ABVE/Tupi ago/2026."
MG,ITAU DE MINAS,0.000000,1.000000,1.000000,0.000000,0.000000,0.000000,"Emplacamentos BEV/PHEV ABVE; frota ampla SENATRAN ago/2026 e indicadores IBGE 2022, quando presentes, são medidas separadas. Recarga ABVE/Tupi ago/2026."
MG,MANHUMIRIM,0.000000,1.000000,1.000000,0.000000,0.000000,0.000000,"Emplacamentos BEV/PHEV ABVE; frota ampla SENATRAN ago/2026 e indicadores IBGE 2022, quando presentes, são medidas separadas. Recarga ABVE/Tupi ago/2026."
MG,LAGOA DA PRATA,2.000000,3.000000,3.000000,0.000000,0.000000,0.000000,"Emplacamentos BEV/PHEV ABVE; frota ampla SENATRAN ago/2026 e indicadores IBGE 2022, quando presentes, são medidas separadas. Recarga ABVE/Tupi ago/2026."
MG,MARIA DA FE,0.000000,1.000000,1.000000,0.000000,0.000000,0.000000,"Emplacamentos BEV/PHEV ABVE; frota ampla SENATRAN ago/2026 e indicadores IBGE 2022, quando presentes, são medidas separadas. Recarga ABVE/Tupi ago/2026."
MG,OURO FINO,2.000000,3.000000,3.000000,0.000000,0.000000,0.000000,"Emplacamentos BEV/PHEV ABVE; frota ampla SENATRAN ago/2026 e indicadores IBGE 2022, quando presentes, são medidas separadas. Recarga ABVE/Tupi ago/2026."
MG,NOVA RESENDE,3.000000,0.000000,0.000000,0.000000,,0.000000,"Emplacamentos BEV/PHEV ABVE; frota ampla SENATRAN ago/2026 e indicadores IBGE 2022, quando presentes, são medidas separadas. Recarga ABVE/Tupi ago/2026."
MG,NOVA PORTEIRINHA,1.000000,0.000000,0.000000,0.000000,,0.000000,"Emplacamentos BEV/PHEV ABVE; frota ampla SENATRAN ago/2026 e indicadores IBGE 2022, quando presentes, são medidas separadas. Recarga ABVE/Tupi ago/2026."
MG,MONTE SIAO,0.000000,1.000000,1.000000,0.000000,0.000000,0.000000,"Emplacamentos BEV/PHEV ABVE; frota ampla SENATRAN ago/2026 e indicadores IBGE 2022, quando presentes, são medidas separadas. Recarga ABVE/Tupi ago/2026."
MG,MONTE SANTO DE MINAS,2.000000,0.000000,0.000000,0.000000,,0.000000,"Emplacamentos BEV/PHEV ABVE; frota ampla SENATRAN ago/2026 e indicadores IBGE 2022, quando presentes, são medidas separadas. Recarga ABVE/Tupi ago/2026."
AL,MARAVILHA,1.000000,1.000000,1.000000,0.000000,0.000000,0.000000,"Emplacamentos BEV/PHEV ABVE; frota ampla SENATRAN ago/2026 e indicadores IBGE 2022, quando presentes, são medidas separadas. Recarga ABVE/Tupi ago/2026."
MG,PIRAPETINGA,0.000000,1.000000,1.000000,0.000000,0.000000,0.000000,"Emplacamentos BEV/PHEV ABVE; frota ampla SENATRAN ago/2026 e indicadores IBGE 2022, quando presentes, são medidas separadas. Recarga ABVE/Tupi ago/2026."
MG,PERDOES,1.000000,0.000000,0.000000,0.000000,,0.000000,"Emplacamentos BEV/PHEV ABVE; frota ampla SENATRAN ago/2026 e indicadores IBGE 2022, quando presentes, são medidas separadas. Recarga ABVE/Tupi ago/2026."
MG,PERDIZES,3.000000,1.000000,1.000000,0.000000,0.000000,0.000000,"Emplacamentos BEV/PHEV ABVE; frota ampla SENATRAN ago/2026 e indicadores IBGE 2022, quando presentes, são medidas separadas. Recarga ABVE/Tupi ago/2026."
MG,PARAOPEBA,1.000000,2.000000,2.000000,0.000000,0.000000,0.000000,"Emplacamentos BEV/PHEV ABVE; frota ampla SENATRAN ago/2026 e indicadores IBGE 2022, quando presentes, são medidas separadas. Recarga ABVE/Tupi ago/2026."
MG,PARAGUACU,1.000000,2.000000,2.000000,0.000000,0.000000,0.000000,"Emplacamentos BEV/PHEV ABVE; frota ampla SENATRAN ago/2026 e indicadores IBGE 2022, quando presentes, são medidas separadas. Recarga ABVE/Tupi ago/2026."
MA,PEDRO DO ROSARIO,1.000000,0.000000,0.000000,0.000000,,0.000000,"Emplacamentos BEV/PHEV ABVE; frota ampla SENATRAN ago/2026 e indicadores IBGE 2022, quando presentes, são medidas separadas. Recarga ABVE/Tupi ago/2026."
MG,RESPLENDOR,1.000000,0.000000,0.000000,0.000000,,0.000000,"Emplacamentos BEV/PHEV ABVE; frota ampla SENATRAN ago/2026 e indicadores IBGE 2022, quando presentes, são medidas separadas. Recarga ABVE/Tupi ago/2026."
SE,JAPARATUBA,0.000000,1.000000,1.000000,0.000000,0.000000,0.000000,"Emplacamentos BEV/PHEV ABVE; frota ampla SENATRAN ago/2026 e indicadores IBGE 2022, quando presentes, são medidas separadas. Recarga ABVE/Tupi ago/2026."
RS,PEDRO OSORIO,1.000000,1.000000,1.000000,0.000000,0.000000,0.000000,"Emplacamentos BEV/PHEV ABVE; frota ampla SENATRAN ago/2026 e indicadores IBGE 2022, quando presentes, são medidas separadas. Recarga ABVE/Tupi ago/2026."
RS,PASSO DO SOBRADO,0.000000,1.000000,1.000000,0.000000,0.000000,0.000000,"Emplacamentos BEV/PHEV ABVE; frota ampla SENATRAN ago/2026 e indicadores IBGE 2022, quando presentes, são medidas separadas. Recarga ABVE/Tupi ago/2026."
RS,PARAI,1.000000,2.000000,2.000000,0.000000,0.000000,0.000000,"Emplacamentos BEV/PHEV ABVE; frota ampla SENATRAN ago/2026 e indicadores IBGE 2022, quando presentes, são medidas separadas. Recarga ABVE/Tupi ago/2026."
RS,PORTO MAUA,0.000000,1.000000,1.000000,0.000000,0.000000,0.000000,"Emplacamentos BEV/PHEV ABVE; frota ampla SENATRAN ago/2026 e indicadores IBGE 2022, quando presentes, são medidas separadas. Recarga ABVE/Tupi ago/2026."
RS,PONTE PRETA,1.000000,1.000000,1.000000,0.000000,0.000000,0.000000,"Emplacamentos BEV/PHEV ABVE; frota ampla SENATRAN ago/2026 e indicadores IBGE 2022, quando presentes, são medidas separadas. Recarga ABVE/Tupi ago/2026."
RS,PINHEIRO MACHADO,1.000000,0.000000,0.000000,0.000000,,0.000000,"Emplacamentos BEV/PHEV ABVE; frota ampla SENATRAN ago/2026 e indicadores IBGE 2022, quando presentes, são medidas separadas. Recarga ABVE/Tupi ago/2026."
CE,ARACOIABA,0.000000,1.000000,1.000000,0.000000,0.000000,0.000000,"Emplacamentos BEV/PHEV ABVE; frota ampla SENATRAN ago/2026 e indicadores IBGE 2022, quando presentes, são medidas separadas. Recarga ABVE/Tupi ago/2026."
CE,APUIARES,1.000000,0.000000,0.000000,0.000000,,0.000000,"Emplacamentos BEV/PHEV ABVE; frota ampla SENATRAN ago/2026 e indicadores IBGE 2022, quando presentes, são medidas separadas. Recarga ABVE/Tupi ago/2026."
RS,INDEPENDENCIA,0.000000,1.000000,1.000000,0.000000,0.000000,0.000000,"Emplacamentos BEV/PHEV ABVE; frota ampla SENATRAN ago/2026 e indicadores IBGE 2022, quando presentes, são medidas separadas. Recarga ABVE/Tupi ago/2026."
RS,MATO CASTELHANO,1.000000,0.000000,0.000000,0.000000,,0.000000,"Emplacamentos BEV/PHEV ABVE; frota ampla SENATRAN ago/2026 e indicadores IBGE 2022, quando presentes, são medidas separadas. Recarga ABVE/Tupi ago/2026."
RS,MARIANO MORO,1.000000,0.000000,0.000000,0.000000,,0.000000,"Emplacamentos BEV/PHEV ABVE; frota ampla SENATRAN ago/2026 e indicadores IBGE 2022, quando presentes, são medidas separadas. Recarga ABVE/Tupi ago/2026."
RS,MACHADINHO,0.000000,1.000000,1.000000,0.000000,0.000000,0.000000,"Emplacamentos BEV/PHEV ABVE; frota ampla SENATRAN ago/2026 e indicadores IBGE 2022, quando presentes, são medidas separadas. Recarga ABVE/Tupi ago/2026."
RS,LAVRAS DO SUL,0.000000,1.000000,1.000000,0.000000,0.000000,0.000000,"Emplacamentos BEV/PHEV ABVE; frota ampla SENATRAN ago/2026 e indicadores IBGE 2022, quando presentes, são medidas separadas. Recarga ABVE/Tupi ago/2026."
SE,POCO REDONDO,1.000000,0.000000,0.000000,0.000000,,0.000000,"Emplacamentos BEV/PHEV ABVE; frota ampla SENATRAN ago/2026 e indicadores IBGE 2022, quando presentes, são medidas separadas. Recarga ABVE/Tupi ago/2026."
RS,MUITOS CAPOES,1.000000,0.000000,0.000000,0.000000,,0.000000,"Emplacamentos BEV/PHEV ABVE; frota ampla SENATRAN ago/2026 e indicadores IBGE 2022, quando presentes, são medidas separadas. Recarga ABVE/Tupi ago/2026."
CE,COREAU,1.000000,0.000000,0.000000,0.000000,,0.000000,"Emplacamentos BEV/PHEV ABVE; frota ampla SENATRAN ago/2026 e indicadores IBGE 2022, quando presentes, são medidas separadas. Recarga ABVE/Tupi ago/2026."
MG,REDUTO,1.000000,0.000000,0.000000,0.000000,,0.000000,"Emplacamentos BEV/PHEV ABVE; frota ampla SENATRAN ago/2026 e indicadores IBGE 2022, quando presentes, são medidas separadas. Recarga ABVE/Tupi ago/2026."
MG,SANTA MARIA DE ITABIRA,1.000000,0.000000,0.000000,0.000000,,0.000000,"Emplacamentos BEV/PHEV ABVE; frota ampla SENATRAN ago/2026 e indicadores IBGE 2022, quando presentes, são medidas separadas. Recarga ABVE/Tupi ago/2026."
MG,SANTA BARBARA,2.000000,1.000000,1.000000,0.000000,0.000000,0.000000,"Emplacamentos BEV/PHEV ABVE; frota ampla SENATRAN ago/2026 e indicadores IBGE 2022, quando presentes, são medidas separadas. Recarga ABVE/Tupi ago/2026."
MG,SABINOPOLIS,1.000000,0.000000,0.000000,0.000000,,0.000000,"Emplacamentos BEV/PHEV ABVE; frota ampla SENATRAN ago/2026 e indicadores IBGE 2022, quando presentes, são medidas separadas. Recarga ABVE/Tupi ago/2026."
MG,RIO PIRACICABA,1.000000,1.000000,1.000000,0.000000,0.000000,0.000000,"Emplacamentos BEV/PHEV ABVE; frota ampla SENATRAN ago/2026 e indicadores IBGE 2022, quando presentes, são medidas separadas. Recarga ABVE/Tupi ago/2026."
MG,SAO GERALDO,0.000000,1.000000,1.000000,0.000000,0.000000,0.000000,"Emplacamentos BEV/PHEV ABVE; frota ampla SENATRAN ago/2026 e indicadores IBGE 2022, quando presentes, são medidas separadas. Recarga ABVE/Tupi ago/2026."
RS,GRAMADO DOS LOUREIROS,1.000000,1.000000,1.000000,0.000000,0.000000,0.000000,"Emplacamentos BEV/PHEV ABVE; frota ampla SENATRAN ago/2026 e indicadores IBGE 2022, quando presentes, são medidas separadas. Recarga ABVE/Tupi ago/2026."
RS,GIRUA,1.000000,3.000000,3.000000,0.000000,0.000000,0.000000,"Emplacamentos BEV/PHEV ABVE; frota ampla SENATRAN ago/2026 e indicadores IBGE 2022, quando presentes, são medidas separadas. Recarga ABVE/Tupi ago/2026."
RS,FORMIGUEIRO,0.000000,1.000000,1.000000,0.000000,0.000000,0.000000,"Emplacamentos BEV/PHEV ABVE; frota ampla SENATRAN ago/2026 e indicadores IBGE 2022, quando presentes, são medidas separadas. Recarga ABVE/Tupi ago/2026."
RS,FAZENDA VILANOVA,0.000000,1.000000,1.000000,0.000000,0.000000,0.000000,"Emplacamentos BEV/PHEV ABVE; frota ampla SENATRAN ago/2026 e indicadores IBGE 2022, quando presentes, são medidas separadas. Recarga ABVE/Tupi ago/2026."
BA,LICINIO DE ALMEIDA,0.000000,1.000000,1.000000,0.000000,0.000000,0.000000,"Emplacamentos BEV/PHEV ABVE; frota ampla SENATRAN ago/2026 e indicadores IBGE 2022, quando presentes, são medidas separadas. Recarga ABVE/Tupi ago/2026."
CE,GROAIRAS,0.000000,1.000000,1.000000,0.000000,0.000000,0.000000,"Emplacamentos BEV/PHEV ABVE; frota ampla SENATRAN ago/2026 e indicadores IBGE 2022, quando presentes, são medidas separadas. Recarga ABVE/Tupi ago/2026."
RS,LAGOA DOS TRES CANTOS,1.000000,0.000000,0.000000,0.000000,,0.000000,"Emplacamentos BEV/PHEV ABVE; frota ampla SENATRAN ago/2026 e indicadores IBGE 2022, quando presentes, são medidas separadas. Recarga ABVE/Tupi ago/2026."
MG,SANTANA DA VARGEM,1.000000,0.000000,0.000000,0.000000,,0.000000,"Emplacamentos BEV/PHEV ABVE; frota ampla SENATRAN ago/2026 e indicadores IBGE 2022, quando presentes, são medidas separadas. Recarga ABVE/Tupi ago/2026."
SP,SANTA CLARA D'OESTE,1.000000,0.000000,0.000000,0.000000,,0.000000,"Emplacamentos BEV/PHEV ABVE; frota ampla SENATRAN ago/2026 e indicadores IBGE 2022, quando presentes, são medidas separadas. Recarga ABVE/Tupi ago/2026."
MG,SAO GOTARDO,1.000000,2.000000,2.000000,0.000000,0.000000,0.000000,"Emplacamentos BEV/PHEV ABVE; frota ampla SENATRAN ago/2026 e indicadores IBGE 2022, quando presentes, são medidas separadas. Recarga ABVE/Tupi ago/2026."
MG,TAIOBEIRAS,2.000000,0.000000,0.000000,0.000000,,0.000000,"Emplacamentos BEV/PHEV ABVE; frota ampla SENATRAN ago/2026 e indicadores IBGE 2022, quando presentes, são medidas separadas. Recarga ABVE/Tupi ago/2026."
MG,SENADOR FIRMINO,1.000000,0.000000,0.000000,0.000000,,0.000000,"Emplacamentos BEV/PHEV ABVE; frota ampla SENATRAN ago/2026 e indicadores IBGE 2022, quando presentes, são medidas separadas. Recarga ABVE/Tupi ago/2026."
MG,SAO TOMAS DE AQUINO,1.000000,0.000000,0.000000,0.000000,,0.000000,"Emplacamentos BEV/PHEV ABVE; frota ampla SENATRAN ago/2026 e indicadores IBGE 2022, quando presentes, são medidas separadas. Recarga ABVE/Tupi ago/2026."
MG,SAO ROQUE DE MINAS,0.000000,1.000000,1.000000,0.000000,0.000000,0.000000,"Emplacamentos BEV/PHEV ABVE; frota ampla SENATRAN ago/2026 e indicadores IBGE 2022, quando presentes, são medidas separadas. Recarga ABVE/Tupi ago/2026."
MA,MONCAO,1.000000,0.000000,0.000000,0.000000,,0.000000,"Emplacamentos BEV/PHEV ABVE; frota ampla SENATRAN ago/2026 e indicadores IBGE 2022, quando presentes, são medidas separadas. Recarga ABVE/Tupi ago/2026."
MA,MATOES DO NORTE,0.000000,1.000000,1.000000,0.000000,0.000000,0.000000,"Emplacamentos BEV/PHEV ABVE; frota ampla SENATRAN ago/2026 e indicadores IBGE 2022, quando presentes, são medidas separadas. Recarga ABVE/Tupi ago/2026."
MG,TOLEDO,1.000000,0.000000,0.000000,0.000000,,0.000000,"Emplacamentos BEV/PHEV ABVE; frota ampla SENATRAN ago/2026 e indicadores IBGE 2022, quando presentes, são medidas separadas. Recarga ABVE/Tupi ago/2026."
SP,SALMOURAO,1.000000,0.000000,0.000000,0.000000,,0.000000,"Emplacamentos BEV/PHEV ABVE; frota ampla SENATRAN ago/2026 e indicadores IBGE 2022, quando presentes, são medidas separadas. Recarga ABVE/Tupi ago/2026."
SP,SALESOPOLIS,0.000000,3.000000,3.000000,0.000000,0.000000,0.000000,"Emplacamentos BEV/PHEV ABVE; frota ampla SENATRAN ago/2026 e indicadores IBGE 2022, quando presentes, são medidas separadas. Recarga ABVE/Tupi ago/2026."
SP,SALES,0.000000,1.000000,1.000000,0.000000,0.000000,0.000000,"Emplacamentos BEV/PHEV ABVE; frota ampla SENATRAN ago/2026 e indicadores IBGE 2022, quando presentes, são medidas separadas. Recarga ABVE/Tupi ago/2026."
MG,VIRGOLANDIA,1.000000,0.000000,0.000000,0.000000,,0.000000,"Emplacamentos BEV/PHEV ABVE; frota ampla SENATRAN ago/2026 e indicadores IBGE 2022, quando presentes, são medidas separadas. Recarga ABVE/Tupi ago/2026."
MG,UNAI,0.000000,1.000000,1.000000,0.000000,0.000000,0.000000,"Emplacamentos BEV/PHEV ABVE; frota ampla SENATRAN ago/2026 e indicadores IBGE 2022, quando presentes, são medidas separadas. Recarga ABVE/Tupi ago/2026."
MG,TURVOLANDIA,1.000000,0.000000,0.000000,0.000000,,0.000000,"Emplacamentos BEV/PHEV ABVE; frota ampla SENATRAN ago/2026 e indicadores IBGE 2022, quando presentes, são medidas separadas. Recarga ABVE/Tupi ago/2026."
MS,CAMAPUA,1.000000,1.000000,1.000000,0.000000,0.000000,0.000000,"Emplacamentos BEV/PHEV ABVE; frota ampla SENATRAN ago/2026 e indicadores IBGE 2022, quando presentes, são medidas separadas. Recarga ABVE/Tupi ago/2026."
CE,MADALENA,1.000000,0.000000,0.000000,0.000000,,0.000000,"Emplacamentos BEV/PHEV ABVE; frota ampla SENATRAN ago/2026 e indicadores IBGE 2022, quando presentes, são medidas separadas. Recarga ABVE/Tupi ago/2026."
RS,CASEIROS,0.000000,1.000000,1.000000,0.000000,0.000000,0.000000,"Emplacamentos BEV/PHEV ABVE; frota ampla SENATRAN ago/2026 e indicadores IBGE 2022, quando presentes, são medidas separadas. Recarga ABVE/Tupi ago/2026."
RS,ERVAL SECO,1.000000,0.000000,0.000000,0.000000,,0.000000,"Emplacamentos BEV/PHEV ABVE; frota ampla SENATRAN ago/2026 e indicadores IBGE 2022, quando presentes, são medidas separadas. Recarga ABVE/Tupi ago/2026."
RS,ENCRUZILHADA DO SUL,1.000000,1.000000,1.000000,0.000000,0.000000,0.000000,"Emplacamentos BEV/PHEV ABVE; frota ampla SENATRAN ago/2026 e indicadores IBGE 2022, quando presentes, são medidas separadas. Recarga ABVE/Tupi ago/2026."
CE,ITAREMA,0.000000,3.000000,3.000000,0.000000,0.000000,0.000000,"Emplacamentos BEV/PHEV ABVE; frota ampla SENATRAN ago/2026 e indicadores IBGE 2022, quando presentes, são medidas separadas. Recarga ABVE/Tupi ago/2026."
CE,IPUEIRAS,0.000000,1.000000,1.000000,0.000000,0.000000,0.000000,"Emplacamentos BEV/PHEV ABVE; frota ampla SENATRAN ago/2026 e indicadores IBGE 2022, quando presentes, são medidas separadas. Recarga ABVE/Tupi ago/2026."
MS,ANASTACIO,0.000000,2.000000,2.000000,0.000000,0.000000,0.000000,"Emplacamentos BEV/PHEV ABVE; frota ampla SENATRAN ago/2026 e indicadores IBGE 2022, quando presentes, são medidas separadas. Recarga ABVE/Tupi ago/2026."
AL,SAO BRAS,1.000000,1.000000,1.000000,0.000000,0.000000,0.000000,"Emplacamentos BEV/PHEV ABVE; frota ampla SENATRAN ago/2026 e indicadores IBGE 2022, quando presentes, são medidas separadas. Recarga ABVE/Tupi ago/2026."
AL,ROTEIRO,0.000000,1.000000,1.000000,0.000000,0.000000,0.000000,"Emplacamentos BEV/PHEV ABVE; frota ampla SENATRAN ago/2026 e indicadores IBGE 2022, quando presentes, são medidas separadas. Recarga ABVE/Tupi ago/2026."
SP,RIBEIRAO GRANDE,0.000000,2.000000,2.000000,0.000000,0.000000,0.000000,"Emplacamentos BEV/PHEV ABVE; frota ampla SENATRAN ago/2026 e indicadores IBGE 2022, quando presentes, são medidas separadas. Recarga ABVE/Tupi ago/2026."
SP,RIBEIRAO DO SUL,0.000000,1.000000,1.000000,0.000000,0.000000,0.000000,"Emplacamentos BEV/PHEV ABVE; frota ampla SENATRAN ago/2026 e indicadores IBGE 2022, quando presentes, são medidas separadas. Recarga ABVE/Tupi ago/2026."
SP,RIBEIRAO BRANCO,0.000000,1.000000,1.000000,0.000000,0.000000,0.000000,"Emplacamentos BEV/PHEV ABVE; frota ampla SENATRAN ago/2026 e indicadores IBGE 2022, quando presentes, são medidas separadas. Recarga ABVE/Tupi ago/2026."
MS,LADARIO,0.000000,1.000000,1.000000,0.000000,0.000000,0.000000,"Emplacamentos BEV/PHEV ABVE; frota ampla SENATRAN ago/2026 e indicadores IBGE 2022, quando presentes, são medidas separadas. Recarga ABVE/Tupi ago/2026."
MS,FIGUEIRAO,2.000000,0.000000,0.000000,0.000000,,0.000000,"Emplacamentos BEV/PHEV ABVE; frota ampla SENATRAN ago/2026 e indicadores IBGE 2022, quando presentes, são medidas separadas. Recarga ABVE/Tupi ago/2026."
RO,SERINGUEIRAS,1.000000,0.000000,0.000000,0.000000,,0.000000,"Emplacamentos BEV/PHEV ABVE; frota ampla SENATRAN ago/2026 e indicadores IBGE 2022, quando presentes, são medidas separadas. Recarga ABVE/Tupi ago/2026."
BA,JOAO DOURADO,1.000000,1.000000,1.000000,0.000000,0.000000,0.000000,"Emplacamentos BEV/PHEV ABVE; frota ampla SENATRAN ago/2026 e indicadores IBGE 2022, quando presentes, são medidas separadas. Recarga ABVE/Tupi ago/2026."
BA,JAGUARARI,1.000000,1.000000,1.000000,0.000000,0.000000,0.000000,"Emplacamentos BEV/PHEV ABVE; frota ampla SENATRAN ago/2026 e indicadores IBGE 2022, quando presentes, são medidas separadas. Recarga ABVE/Tupi ago/2026."
SP,ANGATUBA,3.000000,5.000000,5.000000,0.000000,0.000000,0.000000,"Emplacamentos BEV/PHEV ABVE; frota ampla SENATRAN ago/2026 e indicadores IBGE 2022, quando presentes, são medidas separadas. Recarga ABVE/Tupi ago/2026."
RS,AUGUSTO PESTANA,0.000000,1.000000,1.000000,0.000000,0.000000,0.000000,"Emplacamentos BEV/PHEV ABVE; frota ampla SENATRAN ago/2026 e indicadores IBGE 2022, quando presentes, são medidas separadas. Recarga ABVE/Tupi ago/2026."
RS,ARVOREZINHA,0.000000,1.000000,1.000000,0.000000,0.000000,0.000000,"Emplacamentos BEV/PHEV ABVE; frota ampla SENATRAN ago/2026 e indicadores IBGE 2022, quando presentes, são medidas separadas. Recarga ABVE/Tupi ago/2026."
RS,ARROIO DO TIGRE,2.000000,2.000000,2.000000,0.000000,0.000000,0.000000,"Emplacamentos BEV/PHEV ABVE; frota ampla SENATRAN ago/2026 e indicadores IBGE 2022, quando presentes, são medidas separadas. Recarga ABVE/Tupi ago/2026."
CE,MULUNGU,0.000000,1.000000,1.000000,0.000000,0.000000,0.000000,"Emplacamentos BEV/PHEV ABVE; frota ampla SENATRAN ago/2026 e indicadores IBGE 2022, quando presentes, são medidas separadas. Recarga ABVE/Tupi ago/2026."
RS,CANDIOTA,1.000000,0.000000,0.000000,0.000000,,0.000000,"Emplacamentos BEV/PHEV ABVE; frota ampla SENATRAN ago/2026 e indicadores IBGE 2022, quando presentes, são medidas separadas. Recarga ABVE/Tupi ago/2026."
RS,CAMBARA DO SUL,0.000000,1.000000,1.000000,0.000000,0.000000,0.000000,"Emplacamentos BEV/PHEV ABVE; frota ampla SENATRAN ago/2026 e indicadores IBGE 2022, quando presentes, são medidas separadas. Recarga ABVE/Tupi ago/2026."
CE,MARTINOPOLE,1.000000,2.000000,2.000000,0.000000,0.000000,0.000000,"Emplacamentos BEV/PHEV ABVE; frota ampla SENATRAN ago/2026 e indicadores IBGE 2022, quando presentes, são medidas separadas. Recarga ABVE/Tupi ago/2026."
RN,TANGARA,0.000000,1.000000,1.000000,0.000000,0.000000,0.000000,"Emplacamentos BEV/PHEV ABVE; frota ampla SENATRAN ago/2026 e indicadores IBGE 2022, quando presentes, são medidas separadas. Recarga ABVE/Tupi ago/2026."
RN,SERRA DE SAO BENTO,1.000000,0.000000,0.000000,0.000000,,0.000000,"Emplacamentos BEV/PHEV ABVE; frota ampla SENATRAN ago/2026 e indicadores IBGE 2022, quando presentes, são medidas separadas. Recarga ABVE/Tupi ago/2026."
BA,ITATIM,1.000000,0.000000,0.000000,0.000000,,0.000000,"Emplacamentos BEV/PHEV ABVE; frota ampla SENATRAN ago/2026 e indicadores IBGE 2022, quando presentes, são medidas separadas. Recarga ABVE/Tupi ago/2026."
BA,ITAPARICA,0.000000,2.000000,2.000000,0.000000,0.000000,0.000000,"Emplacamentos BEV/PHEV ABVE; frota ampla SENATRAN ago/2026 e indicadores IBGE 2022, quando presentes, são medidas separadas. Recarga ABVE/Tupi ago/2026."
CE,PEREIRO,2.000000,1.000000,1.000000,0.000000,0.000000,0.000000,"Emplacamentos BEV/PHEV ABVE; frota ampla SENATRAN ago/2026 e indicadores IBGE 2022, quando presentes, são medidas separadas. Recarga ABVE/Tupi ago/2026."
CE,PENTECOSTE,0.000000,1.000000,1.000000,0.000000,0.000000,0.000000,"Emplacamentos BEV/PHEV ABVE; frota ampla SENATRAN ago/2026 e indicadores IBGE 2022, quando presentes, são medidas separadas. Recarga ABVE/Tupi ago/2026."
RO,MIRANTE DA SERRA,0.000000,1.000000,1.000000,0.000000,0.000000,0.000000,"Emplacamentos BEV/PHEV ABVE; frota ampla SENATRAN ago/2026 e indicadores IBGE 2022, quando presentes, são medidas separadas. Recarga ABVE/Tupi ago/2026."
RO,CEREJEIRAS,1.000000,2.000000,2.000000,0.000000,0.000000,0.000000,"Emplacamentos BEV/PHEV ABVE; frota ampla SENATRAN ago/2026 e indicadores IBGE 2022, quando presentes, são medidas separadas. Recarga ABVE/Tupi ago/2026."
MS,SAO GABRIEL DO OESTE,3.000000,9.000000,9.000000,0.000000,0.000000,0.000000,"Emplacamentos BEV/PHEV ABVE; frota ampla SENATRAN ago/2026 e indicadores IBGE 2022, quando presentes, são medidas separadas. Recarga ABVE/Tupi ago/2026."
SP,PRATANIA,1.000000,1.000000,1.000000,0.000000,0.000000,0.000000,"Emplacamentos BEV/PHEV ABVE; frota ampla SENATRAN ago/2026 e indicadores IBGE 2022, quando presentes, são medidas separadas. Recarga ABVE/Tupi ago/2026."
SP,PRACINHA,1.000000,0.000000,0.000000,0.000000,,0.000000,"Emplacamentos BEV/PHEV ABVE; frota ampla SENATRAN ago/2026 e indicadores IBGE 2022, quando presentes, são medidas separadas. Recarga ABVE/Tupi ago/2026."
MT,BOM JESUS DO ARAGUAIA,1.000000,0.000000,0.000000,0.000000,,0.000000,"Emplacamentos BEV/PHEV ABVE; frota ampla SENATRAN ago/2026 e indicadores IBGE 2022, quando presentes, são medidas separadas. Recarga ABVE/Tupi ago/2026."
MT,BARAO DE MELGACO,0.000000,1.000000,1.000000,0.000000,0.000000,0.000000,"Emplacamentos BEV/PHEV ABVE; frota ampla SENATRAN ago/2026 e indicadores IBGE 2022, quando presentes, são medidas separadas. Recarga ABVE/Tupi ago/2026."
MT,ALTO TAQUARI,0.000000,1.000000,1.000000,0.000000,0.000000,0.000000,"Emplacamentos BEV/PHEV ABVE; frota ampla SENATRAN ago/2026 e indicadores IBGE 2022, quando presentes, são medidas separadas. Recarga ABVE/Tupi ago/2026."
MT,ALTO ARAGUAIA,0.000000,1.000000,1.000000,0.000000,0.000000,0.000000,"Emplacamentos BEV/PHEV ABVE; frota ampla SENATRAN ago/2026 e indicadores IBGE 2022, quando presentes, são medidas separadas. Recarga ABVE/Tupi ago/2026."
MS,SONORA,1.000000,0.000000,0.000000,0.000000,,0.000000,"Emplacamentos BEV/PHEV ABVE; frota ampla SENATRAN ago/2026 e indicadores IBGE 2022, quando presentes, são medidas separadas. Recarga ABVE/Tupi ago/2026."
MA,GONCALVES DIAS,1.000000,0.000000,0.000000,0.000000,,0.000000,"Emplacamentos BEV/PHEV ABVE; frota ampla SENATRAN ago/2026 e indicadores IBGE 2022, quando presentes, são medidas separadas. Recarga ABVE/Tupi ago/2026."
RN,LAJES,1.000000,0.000000,0.000000,0.000000,,0.000000,"Emplacamentos BEV/PHEV ABVE; frota ampla SENATRAN ago/2026 e indicadores IBGE 2022, quando presentes, são medidas separadas. Recarga ABVE/Tupi ago/2026."
SP,BALBINOS,0.000000,1.000000,1.000000,0.000000,0.000000,0.000000,"Emplacamentos BEV/PHEV ABVE; frota ampla SENATRAN ago/2026 e indicadores IBGE 2022, quando presentes, são medidas separadas. Recarga ABVE/Tupi ago/2026."
RN,RODOLFO FERNANDES,1.000000,0.000000,0.000000,0.000000,,0.000000,"Emplacamentos BEV/PHEV ABVE; frota ampla SENATRAN ago/2026 e indicadores IBGE 2022, quando presentes, são medidas separadas. Recarga ABVE/Tupi ago/2026."
RN,RIO DO FOGO,0.000000,1.000000,1.000000,0.000000,0.000000,0.000000,"Emplacamentos BEV/PHEV ABVE; frota ampla SENATRAN ago/2026 e indicadores IBGE 2022, quando presentes, são medidas separadas. Recarga ABVE/Tupi ago/2026."
RN,POCO BRANCO,0.000000,2.000000,2.000000,0.000000,0.000000,0.000000,"Emplacamentos BEV/PHEV ABVE; frota ampla SENATRAN ago/2026 e indicadores IBGE 2022, quando presentes, são medidas separadas. Recarga ABVE/Tupi ago/2026."
RN,PILOES,0.000000,1.000000,1.000000,0.000000,0.000000,0.000000,"Emplacamentos BEV/PHEV ABVE; frota ampla SENATRAN ago/2026 e indicadores IBGE 2022, quando presentes, são medidas separadas. Recarga ABVE/Tupi ago/2026."
RN,SAO TOME,1.000000,1.000000,1.000000,0.000000,0.000000,0.000000,"Emplacamentos BEV/PHEV ABVE; frota ampla SENATRAN ago/2026 e indicadores IBGE 2022, quando presentes, são medidas separadas. Recarga ABVE/Tupi ago/2026."
RN,SAO PEDRO,0.000000,1.000000,1.000000,0.000000,0.000000,0.000000,"Emplacamentos BEV/PHEV ABVE; frota ampla SENATRAN ago/2026 e indicadores IBGE 2022, quando presentes, são medidas separadas. Recarga ABVE/Tupi ago/2026."
RN,SAO MIGUEL,2.000000,7.000000,7.000000,0.000000,0.000000,0.000000,"Emplacamentos BEV/PHEV ABVE; frota ampla SENATRAN ago/2026 e indicadores IBGE 2022, quando presentes, são medidas separadas. Recarga ABVE/Tupi ago/2026."
RN,SAO BENTO DO NORTE,1.000000,0.000000,0.000000,0.000000,,0.000000,"Emplacamentos BEV/PHEV ABVE; frota ampla SENATRAN ago/2026 e indicadores IBGE 2022, quando presentes, são medidas separadas. Recarga ABVE/Tupi ago/2026."
RN,UPANEMA,2.000000,2.000000,2.000000,0.000000,0.000000,0.000000,"Emplacamentos BEV/PHEV ABVE; frota ampla SENATRAN ago/2026 e indicadores IBGE 2022, quando presentes, são medidas separadas. Recarga ABVE/Tupi ago/2026."
MA,FORTALEZA DOS NOGUEIRAS,0.000000,1.000000,1.000000,0.000000,0.000000,0.000000,"Emplacamentos BEV/PHEV ABVE; frota ampla SENATRAN ago/2026 e indicadores IBGE 2022, quando presentes, são medidas separadas. Recarga ABVE/Tupi ago/2026."
MT,CAMPO NOVO DO PARECIS,8.000000,10.000000,10.000000,0.000000,0.000000,0.000000,"Emplacamentos BEV/PHEV ABVE; frota ampla SENATRAN ago/2026 e indicadores IBGE 2022, quando presentes, são medidas separadas. Recarga ABVE/Tupi ago/2026."
SP,POPULINA,1.000000,0.000000,0.000000,0.000000,,0.000000,"Emplacamentos BEV/PHEV ABVE; frota ampla SENATRAN ago/2026 e indicadores IBGE 2022, quando presentes, são medidas separadas. Recarga ABVE/Tupi ago/2026."
SP,PLANALTO,0.000000,1.000000,1.000000,0.000000,0.000000,0.000000,"Emplacamentos BEV/PHEV ABVE; frota ampla SENATRAN ago/2026 e indicadores IBGE 2022, quando presentes, são medidas separadas. Recarga ABVE/Tupi ago/2026."
AM,MAUES,1.000000,0.000000,0.000000,0.000000,,0.000000,"Emplacamentos BEV/PHEV ABVE; frota ampla SENATRAN ago/2026 e indicadores IBGE 2022, quando presentes, são medidas separadas. Recarga ABVE/Tupi ago/2026."
MT,CURVELANDIA,1.000000,0.000000,0.000000,0.000000,,0.000000,"Emplacamentos BEV/PHEV ABVE; frota ampla SENATRAN ago/2026 e indicadores IBGE 2022, quando presentes, são medidas separadas. Recarga ABVE/Tupi ago/2026."
MT,CONQUISTA D'OESTE,1.000000,0.000000,0.000000,0.000000,,0.000000,"Emplacamentos BEV/PHEV ABVE; frota ampla SENATRAN ago/2026 e indicadores IBGE 2022, quando presentes, são medidas separadas. Recarga ABVE/Tupi ago/2026."
MT,JUSCIMEIRA,1.000000,0.000000,0.000000,0.000000,,0.000000,"Emplacamentos BEV/PHEV ABVE; frota ampla SENATRAN ago/2026 e indicadores IBGE 2022, quando presentes, são medidas separadas. Recarga ABVE/Tupi ago/2026."
RN,ARES,1.000000,0.000000,0.000000,0.000000,,0.000000,"Emplacamentos BEV/PHEV ABVE; frota ampla SENATRAN ago/2026 e indicadores IBGE 2022, quando presentes, são medidas separadas. Recarga ABVE/Tupi ago/2026."
RN,ITAU,0.000000,1.000000,1.000000,0.000000,0.000000,0.000000,"Emplacamentos BEV/PHEV ABVE; frota ampla SENATRAN ago/2026 e indicadores IBGE 2022, quando presentes, são medidas separadas. Recarga ABVE/Tupi ago/2026."
RN,ITAJA,3.000000,1.000000,1.000000,0.000000,0.000000,0.000000,"Emplacamentos BEV/PHEV ABVE; frota ampla SENATRAN ago/2026 e indicadores IBGE 2022, quando presentes, são medidas separadas. Recarga ABVE/Tupi ago/2026."
RN,IPANGUACU,1.000000,2.000000,2.000000,0.000000,0.000000,0.000000,"Emplacamentos BEV/PHEV ABVE; frota ampla SENATRAN ago/2026 e indicadores IBGE 2022, quando presentes, são medidas separadas. Recarga ABVE/Tupi ago/2026."
RN,FLORANIA,0.000000,1.000000,1.000000,0.000000,0.000000,0.000000,"Emplacamentos BEV/PHEV ABVE; frota ampla SENATRAN ago/2026 e indicadores IBGE 2022, quando presentes, são medidas separadas. Recarga ABVE/Tupi ago/2026."
RN,ESPIRITO SANTO,1.000000,2.000000,2.000000,0.000000,0.000000,0.000000,"Emplacamentos BEV/PHEV ABVE; frota ampla SENATRAN ago/2026 e indicadores IBGE 2022, quando presentes, são medidas separadas. Recarga ABVE/Tupi ago/2026."
RN,EQUADOR,2.000000,0.000000,0.000000,0.000000,,0.000000,"Emplacamentos BEV/PHEV ABVE; frota ampla SENATRAN ago/2026 e indicadores IBGE 2022, quando presentes, são medidas separadas. Recarga ABVE/Tupi ago/2026."
SP,BOM SUCESSO DE ITARARE,1.000000,0.000000,0.000000,0.000000,,0.000000,"Emplacamentos BEV/PHEV ABVE; frota ampla SENATRAN ago/2026 e indicadores IBGE 2022, quando presentes, são medidas separadas. Recarga ABVE/Tupi ago/2026."
CE,RERIUTABA,0.000000,2.000000,2.000000,0.000000,0.000000,0.000000,"Emplacamentos BEV/PHEV ABVE; frota ampla SENATRAN ago/2026 e indicadores IBGE 2022, quando presentes, são medidas separadas. Recarga ABVE/Tupi ago/2026."
CE,QUIXERE,1.000000,1.000000,1.000000,0.000000,0.000000,0.000000,"Emplacamentos BEV/PHEV ABVE; frota ampla SENATRAN ago/2026 e indicadores IBGE 2022, quando presentes, são medidas separadas. Recarga ABVE/Tupi ago/2026."
CE,QUIXELO,0.000000,1.000000,1.000000,0.000000,0.000000,0.000000,"Emplacamentos BEV/PHEV ABVE; frota ampla SENATRAN ago/2026 e indicadores IBGE 2022, quando presentes, são medidas separadas. Recarga ABVE/Tupi ago/2026."
ES,APIACA,1.000000,0.000000,0.000000,0.000000,,0.000000,"Emplacamentos BEV/PHEV ABVE; frota ampla SENATRAN ago/2026 e indicadores IBGE 2022, quando presentes, são medidas separadas. Recarga ABVE/Tupi ago/2026."
ES,AGUIA BRANCA,0.000000,2.000000,2.000000,0.000000,0.000000,0.000000,"Emplacamentos BEV/PHEV ABVE; frota ampla SENATRAN ago/2026 e indicadores IBGE 2022, quando presentes, são medidas separadas. Recarga ABVE/Tupi ago/2026."
SP,CANANEIA,0.000000,3.000000,3.000000,0.000000,0.000000,0.000000,"Emplacamentos BEV/PHEV ABVE; frota ampla SENATRAN ago/2026 e indicadores IBGE 2022, quando presentes, são medidas separadas. Recarga ABVE/Tupi ago/2026."
SP,CAMPOS NOVOS PAULISTA,1.000000,0.000000,0.000000,0.000000,,0.000000,"Emplacamentos BEV/PHEV ABVE; frota ampla SENATRAN ago/2026 e indicadores IBGE 2022, quando presentes, são medidas separadas. Recarga ABVE/Tupi ago/2026."
SP,BURI,4.000000,4.000000,4.000000,0.000000,0.000000,0.000000,"Emplacamentos BEV/PHEV ABVE; frota ampla SENATRAN ago/2026 e indicadores IBGE 2022, quando presentes, são medidas separadas. Recarga ABVE/Tupi ago/2026."
CE,TAMBORIL,0.000000,1.000000,1.000000,0.000000,0.000000,0.000000,"Emplacamentos BEV/PHEV ABVE; frota ampla SENATRAN ago/2026 e indicadores IBGE 2022, quando presentes, são medidas separadas. Recarga ABVE/Tupi ago/2026."
RJ,SANTA MARIA MADALENA,0.000000,1.000000,1.000000,0.000000,0.000000,0.000000,"Emplacamentos BEV/PHEV ABVE; frota ampla SENATRAN ago/2026 e indicadores IBGE 2022, quando presentes, são medidas separadas. Recarga ABVE/Tupi ago/2026."
RN,ENCANTO,2.000000,1.000000,1.000000,0.000000,0.000000,0.000000,"Emplacamentos BEV/PHEV ABVE; frota ampla SENATRAN ago/2026 e indicadores IBGE 2022, quando presentes, são medidas separadas. Recarga ABVE/Tupi ago/2026."
RN,CORONEL JOAO PESSOA,0.000000,1.000000,1.000000,0.000000,0.000000,0.000000,"Emplacamentos BEV/PHEV ABVE; frota ampla SENATRAN ago/2026 e indicadores IBGE 2022, quando presentes, são medidas separadas. Recarga ABVE/Tupi ago/2026."
RN,BODO,1.000000,0.000000,0.000000,0.000000,,0.000000,"Emplacamentos BEV/PHEV ABVE; frota ampla SENATRAN ago/2026 e indicadores IBGE 2022, quando presentes, são medidas separadas. Recarga ABVE/Tupi ago/2026."
MT,NOVA XAVANTINA,0.000000,1.000000,1.000000,0.000000,0.000000,0.000000,"Emplacamentos BEV/PHEV ABVE; frota ampla SENATRAN ago/2026 e indicadores IBGE 2022, quando presentes, são medidas separadas. Recarga ABVE/Tupi ago/2026."
MT,NOVA SANTA HELENA,0.000000,1.000000,1.000000,0.000000,0.000000,0.000000,"Emplacamentos BEV/PHEV ABVE; frota ampla SENATRAN ago/2026 e indicadores IBGE 2022, quando presentes, são medidas separadas. Recarga ABVE/Tupi ago/2026."
MT,NOVA MARILANDIA,0.000000,1.000000,1.000000,0.000000,0.000000,0.000000,"Emplacamentos BEV/PHEV ABVE; frota ampla SENATRAN ago/2026 e indicadores IBGE 2022, quando presentes, são medidas separadas. Recarga ABVE/Tupi ago/2026."
MT,RIBEIRAO CASCALHEIRA,1.000000,0.000000,0.000000,0.000000,,0.000000,"Emplacamentos BEV/PHEV ABVE; frota ampla SENATRAN ago/2026 e indicadores IBGE 2022, quando presentes, são medidas separadas. Recarga ABVE/Tupi ago/2026."
MT,PORTO DOS GAUCHOS,0.000000,1.000000,1.000000,0.000000,0.000000,0.000000,"Emplacamentos BEV/PHEV ABVE; frota ampla SENATRAN ago/2026 e indicadores IBGE 2022, quando presentes, são medidas separadas. Recarga ABVE/Tupi ago/2026."
MA,CAROLINA,2.000000,1.000000,1.000000,0.000000,0.000000,0.000000,"Emplacamentos BEV/PHEV ABVE; frota ampla SENATRAN ago/2026 e indicadores IBGE 2022, quando presentes, são medidas separadas. Recarga ABVE/Tupi ago/2026."
MA,CAPINZAL DO NORTE,0.000000,1.000000,1.000000,0.000000,0.000000,0.000000,"Emplacamentos BEV/PHEV ABVE; frota ampla SENATRAN ago/2026 e indicadores IBGE 2022, quando presentes, são medidas separadas. Recarga ABVE/Tupi ago/2026."
MA,CANDIDO MENDES,1.000000,0.000000,0.000000,0.000000,,0.000000,"Emplacamentos BEV/PHEV ABVE; frota ampla SENATRAN ago/2026 e indicadores IBGE 2022, quando presentes, são medidas separadas. Recarga ABVE/Tupi ago/2026."
MA,CAMPESTRE DO MARANHAO,1.000000,1.000000,1.000000,0.000000,0.000000,0.000000,"Emplacamentos BEV/PHEV ABVE; frota ampla SENATRAN ago/2026 e indicadores IBGE 2022, quando presentes, são medidas separadas. Recarga ABVE/Tupi ago/2026."
PR,TAMARANA,0.000000,1.000000,1.000000,0.000000,0.000000,0.000000,"Emplacamentos BEV/PHEV ABVE; frota ampla SENATRAN ago/2026 e indicadores IBGE 2022, quando presentes, são medidas separadas. Recarga ABVE/Tupi ago/2026."
BA,IBIRAPITANGA,2.000000,0.000000,0.000000,0.000000,,0.000000,"Emplacamentos BEV/PHEV ABVE; frota ampla SENATRAN ago/2026 e indicadores IBGE 2022, quando presentes, são medidas separadas. Recarga ABVE/Tupi ago/2026."
ES,PONTO BELO,0.000000,1.000000,1.000000,0.000000,0.000000,0.000000,"Emplacamentos BEV/PHEV ABVE; frota ampla SENATRAN ago/2026 e indicadores IBGE 2022, quando presentes, são medidas separadas. Recarga ABVE/Tupi ago/2026."
RJ,DUAS BARRAS,2.000000,0.000000,0.000000,0.000000,,0.000000,"Emplacamentos BEV/PHEV ABVE; frota ampla SENATRAN ago/2026 e indicadores IBGE 2022, quando presentes, são medidas separadas. Recarga ABVE/Tupi ago/2026."
ES,DORES DO RIO PRETO,1.000000,4.000000,4.000000,0.000000,0.000000,0.000000,"Emplacamentos BEV/PHEV ABVE; frota ampla SENATRAN ago/2026 e indicadores IBGE 2022, quando presentes, são medidas separadas. Recarga ABVE/Tupi ago/2026."
ES,CONCEICAO DO CASTELO,1.000000,1.000000,1.000000,0.000000,0.000000,0.000000,"Emplacamentos BEV/PHEV ABVE; frota ampla SENATRAN ago/2026 e indicadores IBGE 2022, quando presentes, são medidas separadas. Recarga ABVE/Tupi ago/2026."
RJ,LAJE DO MURIAE,0.000000,2.000000,2.000000,0.000000,0.000000,0.000000,"Emplacamentos BEV/PHEV ABVE; frota ampla SENATRAN ago/2026 e indicadores IBGE 2022, quando presentes, são medidas separadas. Recarga ABVE/Tupi ago/2026."
PA,BREVES,4.000000,2.000000,2.000000,0.000000,0.000000,0.000000,"Emplacamentos BEV/PHEV ABVE; frota ampla SENATRAN ago/2026 e indicadores IBGE 2022, quando presentes, são medidas separadas. Recarga ABVE/Tupi ago/2026."
PA,BOM JESUS DO TOCANTINS,1.000000,0.000000,0.000000,0.000000,,0.000000,"Emplacamentos BEV/PHEV ABVE; frota ampla SENATRAN ago/2026 e indicadores IBGE 2022, quando presentes, são medidas separadas. Recarga ABVE/Tupi ago/2026."
PA,ACARA,2.000000,1.000000,1.000000,0.000000,0.000000,0.000000,"Emplacamentos BEV/PHEV ABVE; frota ampla SENATRAN ago/2026 e indicadores IBGE 2022, quando presentes, são medidas separadas. Recarga ABVE/Tupi ago/2026."
MT,VILA BELA DA SANTISSIMA TRINDADE,1.000000,1.000000,1.000000,0.000000,0.000000,0.000000,"Emplacamentos BEV/PHEV ABVE; frota ampla SENATRAN ago/2026 e indicadores IBGE 2022, quando presentes, são medidas separadas. Recarga ABVE/Tupi ago/2026."
MA,COROATA,1.000000,1.000000,1.000000,0.000000,0.000000,0.000000,"Emplacamentos BEV/PHEV ABVE; frota ampla SENATRAN ago/2026 e indicadores IBGE 2022, quando presentes, são medidas separadas. Recarga ABVE/Tupi ago/2026."
AM,NOVO AIRAO,0.000000,1.000000,1.000000,0.000000,0.000000,0.000000,"Emplacamentos BEV/PHEV ABVE; frota ampla SENATRAN ago/2026 e indicadores IBGE 2022, quando presentes, são medidas separadas. Recarga ABVE/Tupi ago/2026."
PA,IGARAPE-MIRI,1.000000,3.000000,3.000000,0.000000,0.000000,0.000000,"Emplacamentos BEV/PHEV ABVE; frota ampla SENATRAN ago/2026 e indicadores IBGE 2022, quando presentes, são medidas separadas. Recarga ABVE/Tupi ago/2026."
PA,CONCEICAO DO ARAGUAIA,0.000000,3.000000,3.000000,0.000000,0.000000,0.000000,"Emplacamentos BEV/PHEV ABVE; frota ampla SENATRAN ago/2026 e indicadores IBGE 2022, quando presentes, são medidas separadas. Recarga ABVE/Tupi ago/2026."
PA,OEIRAS DO PARA,1.000000,0.000000,0.000000,0.000000,,0.000000,"Emplacamentos BEV/PHEV ABVE; frota ampla SENATRAN ago/2026 e indicadores IBGE 2022, quando presentes, são medidas separadas. Recarga ABVE/Tupi ago/2026."
PA,MUANA,1.000000,0.000000,0.000000,0.000000,,0.000000,"Emplacamentos BEV/PHEV ABVE; frota ampla SENATRAN ago/2026 e indicadores IBGE 2022, quando presentes, são medidas separadas. Recarga ABVE/Tupi ago/2026."
GO,BONFINOPOLIS,0.000000,1.000000,1.000000,0.000000,0.000000,0.000000,"Emplacamentos BEV/PHEV ABVE; frota ampla SENATRAN ago/2026 e indicadores IBGE 2022, quando presentes, são medidas separadas. Recarga ABVE/Tupi ago/2026."
GO,ARUANA,1.000000,1.000000,1.000000,0.000000,0.000000,0.000000,"Emplacamentos BEV/PHEV ABVE; frota ampla SENATRAN ago/2026 e indicadores IBGE 2022, quando presentes, são medidas separadas. Recarga ABVE/Tupi ago/2026."
PR,RIO BRANCO DO IVAI,1.000000,0.000000,0.000000,0.000000,,0.000000,"Emplacamentos BEV/PHEV ABVE; frota ampla SENATRAN ago/2026 e indicadores IBGE 2022, quando presentes, são medidas separadas. Recarga ABVE/Tupi ago/2026."
PR,RIO AZUL,4.000000,2.000000,2.000000,0.000000,0.000000,0.000000,"Emplacamentos BEV/PHEV ABVE; frota ampla SENATRAN ago/2026 e indicadores IBGE 2022, quando presentes, são medidas separadas. Recarga ABVE/Tupi ago/2026."
SP,COROADOS,0.000000,1.000000,1.000000,0.000000,0.000000,0.000000,"Emplacamentos BEV/PHEV ABVE; frota ampla SENATRAN ago/2026 e indicadores IBGE 2022, quando presentes, são medidas separadas. Recarga ABVE/Tupi ago/2026."
PR,SANTO ANTONIO DO SUDOESTE,0.000000,4.000000,4.000000,0.000000,0.000000,0.000000,"Emplacamentos BEV/PHEV ABVE; frota ampla SENATRAN ago/2026 e indicadores IBGE 2022, quando presentes, são medidas separadas. Recarga ABVE/Tupi ago/2026."
PR,SANTA FE,1.000000,2.000000,2.000000,0.000000,0.000000,0.000000,"Emplacamentos BEV/PHEV ABVE; frota ampla SENATRAN ago/2026 e indicadores IBGE 2022, quando presentes, são medidas separadas. Recarga ABVE/Tupi ago/2026."
PR,SANTA AMELIA,1.000000,0.000000,0.000000,0.000000,,0.000000,"Emplacamentos BEV/PHEV ABVE; frota ampla SENATRAN ago/2026 e indicadores IBGE 2022, quando presentes, são medidas separadas. Recarga ABVE/Tupi ago/2026."
PR,ROSARIO DO IVAI,1.000000,0.000000,0.000000,0.000000,,0.000000,"Emplacamentos BEV/PHEV ABVE; frota ampla SENATRAN ago/2026 e indicadores IBGE 2022, quando presentes, são medidas separadas. Recarga ABVE/Tupi ago/2026."
PA,MOCAJUBA,0.000000,1.000000,1.000000,0.000000,0.000000,0.000000,"Emplacamentos BEV/PHEV ABVE; frota ampla SENATRAN ago/2026 e indicadores IBGE 2022, quando presentes, são medidas separadas. Recarga ABVE/Tupi ago/2026."
PA,MEDICILANDIA,0.000000,1.000000,1.000000,0.000000,0.000000,0.000000,"Emplacamentos BEV/PHEV ABVE; frota ampla SENATRAN ago/2026 e indicadores IBGE 2022, quando presentes, são medidas separadas. Recarga ABVE/Tupi ago/2026."
SP,PAULISTANIA,1.000000,0.000000,0.000000,0.000000,,0.000000,"Emplacamentos BEV/PHEV ABVE; frota ampla SENATRAN ago/2026 e indicadores IBGE 2022, quando presentes, são medidas separadas. Recarga ABVE/Tupi ago/2026."
MA,BACABEIRA,0.000000,1.000000,1.000000,0.000000,0.000000,0.000000,"Emplacamentos BEV/PHEV ABVE; frota ampla SENATRAN ago/2026 e indicadores IBGE 2022, quando presentes, são medidas separadas. Recarga ABVE/Tupi ago/2026."
PA,SAO DOMINGOS DO CAPIM,1.000000,0.000000,0.000000,0.000000,,0.000000,"Emplacamentos BEV/PHEV ABVE; frota ampla SENATRAN ago/2026 e indicadores IBGE 2022, quando presentes, são medidas separadas. Recarga ABVE/Tupi ago/2026."
PA,SANTO ANTONIO DO TAUA,0.000000,3.000000,3.000000,0.000000,0.000000,0.000000,"Emplacamentos BEV/PHEV ABVE; frota ampla SENATRAN ago/2026 e indicadores IBGE 2022, quando presentes, são medidas separadas. Recarga ABVE/Tupi ago/2026."
PA,SANTA LUZIA DO PARA,0.000000,2.000000,2.000000,0.000000,0.000000,0.000000,"Emplacamentos BEV/PHEV ABVE; frota ampla SENATRAN ago/2026 e indicadores IBGE 2022, quando presentes, são medidas separadas. Recarga ABVE/Tupi ago/2026."
PR,PAULA FREITAS,1.000000,0.000000,0.000000,0.000000,,0.000000,"Emplacamentos BEV/PHEV ABVE; frota ampla SENATRAN ago/2026 e indicadores IBGE 2022, quando presentes, são medidas separadas. Recarga ABVE/Tupi ago/2026."
PR,OURIZONA,0.000000,1.000000,1.000000,0.000000,0.000000,0.000000,"Emplacamentos BEV/PHEV ABVE; frota ampla SENATRAN ago/2026 e indicadores IBGE 2022, quando presentes, são medidas separadas. Recarga ABVE/Tupi ago/2026."
PR,NOVA LONDRINA,2.000000,3.000000,3.000000,0.000000,0.000000,0.000000,"Emplacamentos BEV/PHEV ABVE; frota ampla SENATRAN ago/2026 e indicadores IBGE 2022, quando presentes, são medidas separadas. Recarga ABVE/Tupi ago/2026."
BA,DOM BASILIO,0.000000,1.000000,1.000000,0.000000,0.000000,0.000000,"Emplacamentos BEV/PHEV ABVE; frota ampla SENATRAN ago/2026 e indicadores IBGE 2022, quando presentes, são medidas separadas. Recarga ABVE/Tupi ago/2026."
SP,DOBRADA,1.000000,2.000000,2.000000,0.000000,0.000000,0.000000,"Emplacamentos BEV/PHEV ABVE; frota ampla SENATRAN ago/2026 e indicadores IBGE 2022, quando presentes, são medidas separadas. Recarga ABVE/Tupi ago/2026."
PR,PORTO AMAZONAS,0.000000,1.000000,1.000000,0.000000,0.000000,0.000000,"Emplacamentos BEV/PHEV ABVE; frota ampla SENATRAN ago/2026 e indicadores IBGE 2022, quando presentes, são medidas separadas. Recarga ABVE/Tupi ago/2026."
PR,PLANALTO,1.000000,0.000000,0.000000,0.000000,,0.000000,"Emplacamentos BEV/PHEV ABVE; frota ampla SENATRAN ago/2026 e indicadores IBGE 2022, quando presentes, são medidas separadas. Recarga ABVE/Tupi ago/2026."
PR,PINHAL DE SAO BENTO,0.000000,1.000000,1.000000,0.000000,0.000000,0.000000,"Emplacamentos BEV/PHEV ABVE; frota ampla SENATRAN ago/2026 e indicadores IBGE 2022, quando presentes, são medidas separadas. Recarga ABVE/Tupi ago/2026."
PR,PEROLA D'OESTE,0.000000,1.000000,1.000000,0.000000,0.000000,0.000000,"Emplacamentos BEV/PHEV ABVE; frota ampla SENATRAN ago/2026 e indicadores IBGE 2022, quando presentes, são medidas separadas. Recarga ABVE/Tupi ago/2026."
PR,REBOUCAS,2.000000,2.000000,2.000000,0.000000,0.000000,0.000000,"Emplacamentos BEV/PHEV ABVE; frota ampla SENATRAN ago/2026 e indicadores IBGE 2022, quando presentes, são medidas separadas. Recarga ABVE/Tupi ago/2026."
PR,QUATIGUA,0.000000,1.000000,1.000000,0.000000,0.000000,0.000000,"Emplacamentos BEV/PHEV ABVE; frota ampla SENATRAN ago/2026 e indicadores IBGE 2022, quando presentes, são medidas separadas. Recarga ABVE/Tupi ago/2026."
PB,APARECIDA,0.000000,1.000000,1.000000,0.000000,0.000000,0.000000,"Emplacamentos BEV/PHEV ABVE; frota ampla SENATRAN ago/2026 e indicadores IBGE 2022, quando presentes, são medidas separadas. Recarga ABVE/Tupi ago/2026."
PB,ALGODAO DE JANDAIRA,0.000000,1.000000,1.000000,0.000000,0.000000,0.000000,"Emplacamentos BEV/PHEV ABVE; frota ampla SENATRAN ago/2026 e indicadores IBGE 2022, quando presentes, são medidas separadas. Recarga ABVE/Tupi ago/2026."
PB,ALAGOA NOVA,0.000000,1.000000,1.000000,0.000000,0.000000,0.000000,"Emplacamentos BEV/PHEV ABVE; frota ampla SENATRAN ago/2026 e indicadores IBGE 2022, quando presentes, são medidas separadas. Recarga ABVE/Tupi ago/2026."
SP,ONDA VERDE,1.000000,1.000000,1.000000,0.000000,0.000000,0.000000,"Emplacamentos BEV/PHEV ABVE; frota ampla SENATRAN ago/2026 e indicadores IBGE 2022, quando presentes, são medidas separadas. Recarga ABVE/Tupi ago/2026."
SP,OCAUCU,2.000000,1.000000,1.000000,0.000000,0.000000,0.000000,"Emplacamentos BEV/PHEV ABVE; frota ampla SENATRAN ago/2026 e indicadores IBGE 2022, quando presentes, são medidas separadas. Recarga ABVE/Tupi ago/2026."
SP,NOVA ALIANCA,3.000000,2.000000,2.000000,0.000000,0.000000,0.000000,"Emplacamentos BEV/PHEV ABVE; frota ampla SENATRAN ago/2026 e indicadores IBGE 2022, quando presentes, são medidas separadas. Recarga ABVE/Tupi ago/2026."
PB,CONCEICAO,0.000000,1.000000,1.000000,0.000000,0.000000,0.000000,"Emplacamentos BEV/PHEV ABVE; frota ampla SENATRAN ago/2026 e indicadores IBGE 2022, quando presentes, são medidas separadas. Recarga ABVE/Tupi ago/2026."
PB,CARAUBAS,1.000000,0.000000,0.000000,0.000000,,0.000000,"Emplacamentos BEV/PHEV ABVE; frota ampla SENATRAN ago/2026 e indicadores IBGE 2022, quando presentes, são medidas separadas. Recarga ABVE/Tupi ago/2026."
PB,BOM SUCESSO,0.000000,1.000000,1.000000,0.000000,0.000000,0.000000,"Emplacamentos BEV/PHEV ABVE; frota ampla SENATRAN ago/2026 e indicadores IBGE 2022, quando presentes, são medidas separadas. Recarga ABVE/Tupi ago/2026."
PR,LUNARDELLI,0.000000,1.000000,1.000000,0.000000,0.000000,0.000000,"Emplacamentos BEV/PHEV ABVE; frota ampla SENATRAN ago/2026 e indicadores IBGE 2022, quando presentes, são medidas separadas. Recarga ABVE/Tupi ago/2026."
PR,MOREIRA SALES,0.000000,1.000000,1.000000,0.000000,0.000000,0.000000,"Emplacamentos BEV/PHEV ABVE; frota ampla SENATRAN ago/2026 e indicadores IBGE 2022, quando presentes, são medidas separadas. Recarga ABVE/Tupi ago/2026."
PR,MATELANDIA,0.000000,4.000000,4.000000,0.000000,0.000000,0.000000,"Emplacamentos BEV/PHEV ABVE; frota ampla SENATRAN ago/2026 e indicadores IBGE 2022, quando presentes, são medidas separadas. Recarga ABVE/Tupi ago/2026."
SP,EMILIANOPOLIS,0.000000,1.000000,1.000000,0.000000,0.000000,0.000000,"Emplacamentos BEV/PHEV ABVE; frota ampla SENATRAN ago/2026 e indicadores IBGE 2022, quando presentes, são medidas separadas. Recarga ABVE/Tupi ago/2026."
GO,CASTELANDIA,0.000000,1.000000,1.000000,0.000000,0.000000,0.000000,"Emplacamentos BEV/PHEV ABVE; frota ampla SENATRAN ago/2026 e indicadores IBGE 2022, quando presentes, são medidas separadas. Recarga ABVE/Tupi ago/2026."
GO,CAMPESTRE DE GOIAS,0.000000,1.000000,1.000000,0.000000,0.000000,0.000000,"Emplacamentos BEV/PHEV ABVE; frota ampla SENATRAN ago/2026 e indicadores IBGE 2022, quando presentes, são medidas separadas. Recarga ABVE/Tupi ago/2026."
GO,CAIAPONIA,2.000000,1.000000,1.000000,0.000000,0.000000,0.000000,"Emplacamentos BEV/PHEV ABVE; frota ampla SENATRAN ago/2026 e indicadores IBGE 2022, quando presentes, são medidas separadas. Recarga ABVE/Tupi ago/2026."
PB,JUAZEIRINHO,1.000000,0.000000,0.000000,0.000000,,0.000000,"Emplacamentos BEV/PHEV ABVE; frota ampla SENATRAN ago/2026 e indicadores IBGE 2022, quando presentes, são medidas separadas. Recarga ABVE/Tupi ago/2026."
PB,ITAPOROROCA,0.000000,1.000000,1.000000,0.000000,0.000000,0.000000,"Emplacamentos BEV/PHEV ABVE; frota ampla SENATRAN ago/2026 e indicadores IBGE 2022, quando presentes, são medidas separadas. Recarga ABVE/Tupi ago/2026."
SP,MURUTINGA DO SUL,1.000000,0.000000,0.000000,0.000000,,0.000000,"Emplacamentos BEV/PHEV ABVE; frota ampla SENATRAN ago/2026 e indicadores IBGE 2022, quando presentes, são medidas separadas. Recarga ABVE/Tupi ago/2026."
SP,MONTE CASTELO,1.000000,1.000000,1.000000,0.000000,0.000000,0.000000,"Emplacamentos BEV/PHEV ABVE; frota ampla SENATRAN ago/2026 e indicadores IBGE 2022, quando presentes, são medidas separadas. Recarga ABVE/Tupi ago/2026."
BA,APORA,1.000000,0.000000,0.000000,0.000000,,0.000000,"Emplacamentos BEV/PHEV ABVE; frota ampla SENATRAN ago/2026 e indicadores IBGE 2022, quando presentes, são medidas separadas. Recarga ABVE/Tupi ago/2026."
PB,PILAR,0.000000,1.000000,1.000000,0.000000,0.000000,0.000000,"Emplacamentos BEV/PHEV ABVE; frota ampla SENATRAN ago/2026 e indicadores IBGE 2022, quando presentes, são medidas separadas. Recarga ABVE/Tupi ago/2026."
PB,PAULISTA,1.000000,1.000000,1.000000,0.000000,0.000000,0.000000,"Emplacamentos BEV/PHEV ABVE; frota ampla SENATRAN ago/2026 e indicadores IBGE 2022, quando presentes, são medidas separadas. Recarga ABVE/Tupi ago/2026."
PB,MONTEIRO,0.000000,1.000000,1.000000,0.000000,0.000000,0.000000,"Emplacamentos BEV/PHEV ABVE; frota ampla SENATRAN ago/2026 e indicadores IBGE 2022, quando presentes, são medidas separadas. Recarga ABVE/Tupi ago/2026."
PB,SAO JOSE DO SABUGI,0.000000,1.000000,1.000000,0.000000,0.000000,0.000000,"Emplacamentos BEV/PHEV ABVE; frota ampla SENATRAN ago/2026 e indicadores IBGE 2022, quando presentes, são medidas separadas. Recarga ABVE/Tupi ago/2026."
PB,SAO JOAO DO CARIRI,0.000000,1.000000,1.000000,0.000000,0.000000,0.000000,"Emplacamentos BEV/PHEV ABVE; frota ampla SENATRAN ago/2026 e indicadores IBGE 2022, quando presentes, são medidas separadas. Recarga ABVE/Tupi ago/2026."
PB,SAO BENTINHO,1.000000,0.000000,0.000000,0.000000,,0.000000,"Emplacamentos BEV/PHEV ABVE; frota ampla SENATRAN ago/2026 e indicadores IBGE 2022, quando presentes, são medidas separadas. Recarga ABVE/Tupi ago/2026."
PB,VISTA SERRANA,1.000000,0.000000,0.000000,0.000000,,0.000000,"Emplacamentos BEV/PHEV ABVE; frota ampla SENATRAN ago/2026 e indicadores IBGE 2022, quando presentes, são medidas separadas. Recarga ABVE/Tupi ago/2026."
GO,EDEALINA,0.000000,1.000000,1.000000,0.000000,0.000000,0.000000,"Emplacamentos BEV/PHEV ABVE; frota ampla SENATRAN ago/2026 e indicadores IBGE 2022, quando presentes, são medidas separadas. Recarga ABVE/Tupi ago/2026."
GO,CROMINIA,0.000000,1.000000,1.000000,0.000000,0.000000,0.000000,"Emplacamentos BEV/PHEV ABVE; frota ampla SENATRAN ago/2026 e indicadores IBGE 2022, quando presentes, são medidas separadas. Recarga ABVE/Tupi ago/2026."
GO,CIDADE OCIDENTAL,1.000000,0.000000,0.000000,0.000000,,0.000000,"Emplacamentos BEV/PHEV ABVE; frota ampla SENATRAN ago/2026 e indicadores IBGE 2022, quando presentes, são medidas separadas. Recarga ABVE/Tupi ago/2026."
BA,CONTENDAS DO SINCORA,0.000000,1.000000,1.000000,0.000000,0.000000,0.000000,"Emplacamentos BEV/PHEV ABVE; frota ampla SENATRAN ago/2026 e indicadores IBGE 2022, quando presentes, são medidas separadas. Recarga ABVE/Tupi ago/2026."
BA,CONDEUBA,0.000000,3.000000,3.000000,0.000000,0.000000,0.000000,"Emplacamentos BEV/PHEV ABVE; frota ampla SENATRAN ago/2026 e indicadores IBGE 2022, quando presentes, são medidas separadas. Recarga ABVE/Tupi ago/2026."
BA,COARACI,0.000000,1.000000,1.000000,0.000000,0.000000,0.000000,"Emplacamentos BEV/PHEV ABVE; frota ampla SENATRAN ago/2026 e indicadores IBGE 2022, quando presentes, são medidas separadas. Recarga ABVE/Tupi ago/2026."
SP,GAVIAO PEIXOTO,0.000000,1.000000,1.000000,0.000000,0.000000,0.000000,"Emplacamentos BEV/PHEV ABVE; frota ampla SENATRAN ago/2026 e indicadores IBGE 2022, quando presentes, são medidas separadas. Recarga ABVE/Tupi ago/2026."
SP,GASTAO VIDIGAL,0.000000,1.000000,1.000000,0.000000,0.000000,0.000000,"Emplacamentos BEV/PHEV ABVE; frota ampla SENATRAN ago/2026 e indicadores IBGE 2022, quando presentes, são medidas separadas. Recarga ABVE/Tupi ago/2026."
PR,IVATUBA,1.000000,0.000000,0.000000,0.000000,,0.000000,"Emplacamentos BEV/PHEV ABVE; frota ampla SENATRAN ago/2026 e indicadores IBGE 2022, quando presentes, são medidas separadas. Recarga ABVE/Tupi ago/2026."
PR,ITAUNA DO SUL,0.000000,1.000000,1.000000,0.000000,0.000000,0.000000,"Emplacamentos BEV/PHEV ABVE; frota ampla SENATRAN ago/2026 e indicadores IBGE 2022, quando presentes, são medidas separadas. Recarga ABVE/Tupi ago/2026."
PR,FORMOSA DO OESTE,0.000000,2.000000,2.000000,0.000000,0.000000,0.000000,"Emplacamentos BEV/PHEV ABVE; frota ampla SENATRAN ago/2026 e indicadores IBGE 2022, quando presentes, são medidas separadas. Recarga ABVE/Tupi ago/2026."
PR,FAXINAL,0.000000,1.000000,1.000000,0.000000,0.000000,0.000000,"Emplacamentos BEV/PHEV ABVE; frota ampla SENATRAN ago/2026 e indicadores IBGE 2022, quando presentes, são medidas separadas. Recarga ABVE/Tupi ago/2026."
PR,DOUTOR ULYSSES,1.000000,0.000000,0.000000,0.000000,,0.000000,"Emplacamentos BEV/PHEV ABVE; frota ampla SENATRAN ago/2026 e indicadores IBGE 2022, quando presentes, são medidas separadas. Recarga ABVE/Tupi ago/2026."
PR,IMBAU,0.000000,1.000000,1.000000,0.000000,0.000000,0.000000,"Emplacamentos BEV/PHEV ABVE; frota ampla SENATRAN ago/2026 e indicadores IBGE 2022, quando presentes, são medidas separadas. Recarga ABVE/Tupi ago/2026."
PR,GUAMIRANGA,0.000000,1.000000,1.000000,0.000000,0.000000,0.000000,"Emplacamentos BEV/PHEV ABVE; frota ampla SENATRAN ago/2026 e indicadores IBGE 2022, quando presentes, são medidas separadas. Recarga ABVE/Tupi ago/2026."
PB,SOBRADO,1.000000,0.000000,0.000000,0.000000,,0.000000,"Emplacamentos BEV/PHEV ABVE; frota ampla SENATRAN ago/2026 e indicadores IBGE 2022, quando presentes, são medidas separadas. Recarga ABVE/Tupi ago/2026."
BA,ANAGE,0.000000,2.000000,2.000000,0.000000,0.000000,0.000000,"Emplacamentos BEV/PHEV ABVE; frota ampla SENATRAN ago/2026 e indicadores IBGE 2022, quando presentes, são medidas separadas. Recarga ABVE/Tupi ago/2026."
BA,ADUSTINA,0.000000,1.000000,1.000000,0.000000,0.000000,0.000000,"Emplacamentos BEV/PHEV ABVE; frota ampla SENATRAN ago/2026 e indicadores IBGE 2022, quando presentes, são medidas separadas. Recarga ABVE/Tupi ago/2026."
SP,MENDONCA,0.000000,2.000000,2.000000,0.000000,0.000000,0.000000,"Emplacamentos BEV/PHEV ABVE; frota ampla SENATRAN ago/2026 e indicadores IBGE 2022, quando presentes, são medidas separadas. Recarga ABVE/Tupi ago/2026."
SP,MARAPOAMA,2.000000,2.000000,2.000000,0.000000,0.000000,0.000000,"Emplacamentos BEV/PHEV ABVE; frota ampla SENATRAN ago/2026 e indicadores IBGE 2022, quando presentes, são medidas separadas. Recarga ABVE/Tupi ago/2026."
GO,SAO MIGUEL DO ARAGUAIA,0.000000,2.000000,2.000000,0.000000,0.000000,0.000000,"Emplacamentos BEV/PHEV ABVE; frota ampla SENATRAN ago/2026 e indicadores IBGE 2022, quando presentes, são medidas separadas. Recarga ABVE/Tupi ago/2026."
PE,BONITO,1.000000,3.000000,3.000000,0.000000,0.000000,0.000000,"Emplacamentos BEV/PHEV ABVE; frota ampla SENATRAN ago/2026 e indicadores IBGE 2022, quando presentes, são medidas separadas. Recarga ABVE/Tupi ago/2026."
GO,TAQUARAL DE GOIAS,0.000000,1.000000,1.000000,0.000000,0.000000,0.000000,"Emplacamentos BEV/PHEV ABVE; frota ampla SENATRAN ago/2026 e indicadores IBGE 2022, quando presentes, são medidas separadas. Recarga ABVE/Tupi ago/2026."
PE,DORMENTES,0.000000,1.000000,1.000000,0.000000,0.000000,0.000000,"Emplacamentos BEV/PHEV ABVE; frota ampla SENATRAN ago/2026 e indicadores IBGE 2022, quando presentes, são medidas separadas. Recarga ABVE/Tupi ago/2026."
GO,ITARUMA,0.000000,1.000000,1.000000,0.000000,0.000000,0.000000,"Emplacamentos BEV/PHEV ABVE; frota ampla SENATRAN ago/2026 e indicadores IBGE 2022, quando presentes, são medidas separadas. Recarga ABVE/Tupi ago/2026."
GO,ITAGUARU,1.000000,0.000000,0.000000,0.000000,,0.000000,"Emplacamentos BEV/PHEV ABVE; frota ampla SENATRAN ago/2026 e indicadores IBGE 2022, quando presentes, são medidas separadas. Recarga ABVE/Tupi ago/2026."
SP,INUBIA PAULISTA,0.000000,2.000000,2.000000,0.000000,0.000000,0.000000,"Emplacamentos BEV/PHEV ABVE; frota ampla SENATRAN ago/2026 e indicadores IBGE 2022, quando presentes, são medidas separadas. Recarga ABVE/Tupi ago/2026."
SP,ILHA COMPRIDA,0.000000,1.000000,1.000000,0.000000,0.000000,0.000000,"Emplacamentos BEV/PHEV ABVE; frota ampla SENATRAN ago/2026 e indicadores IBGE 2022, quando presentes, são medidas separadas. Recarga ABVE/Tupi ago/2026."
GO,FORMOSO,1.000000,0.000000,0.000000,0.000000,,0.000000,"Emplacamentos BEV/PHEV ABVE; frota ampla SENATRAN ago/2026 e indicadores IBGE 2022, quando presentes, são medidas separadas. Recarga ABVE/Tupi ago/2026."
PR,CANTAGALO,0.000000,2.000000,2.000000,0.000000,0.000000,0.000000,"Emplacamentos BEV/PHEV ABVE; frota ampla SENATRAN ago/2026 e indicadores IBGE 2022, quando presentes, são medidas separadas. Recarga ABVE/Tupi ago/2026."
PR,CANDIDO DE ABREU,1.000000,0.000000,0.000000,0.000000,,0.000000,"Emplacamentos BEV/PHEV ABVE; frota ampla SENATRAN ago/2026 e indicadores IBGE 2022, quando presentes, são medidas separadas. Recarga ABVE/Tupi ago/2026."
PR,CURIUVA,1.000000,0.000000,0.000000,0.000000,,0.000000,"Emplacamentos BEV/PHEV ABVE; frota ampla SENATRAN ago/2026 e indicadores IBGE 2022, quando presentes, são medidas separadas. Recarga ABVE/Tupi ago/2026."
PR,CRUZEIRO DO SUL,0.000000,1.000000,1.000000,0.000000,0.000000,0.000000,"Emplacamentos BEV/PHEV ABVE; frota ampla SENATRAN ago/2026 e indicadores IBGE 2022, quando presentes, são medidas separadas. Recarga ABVE/Tupi ago/2026."
PR,CRUZEIRO DO IGUACU,1.000000,1.000000,1.000000,0.000000,0.000000,0.000000,"Emplacamentos BEV/PHEV ABVE; frota ampla SENATRAN ago/2026 e indicadores IBGE 2022, quando presentes, são medidas separadas. Recarga ABVE/Tupi ago/2026."
PR,CRUZ MACHADO,0.000000,1.000000,1.000000,0.000000,0.000000,0.000000,"Emplacamentos BEV/PHEV ABVE; frota ampla SENATRAN ago/2026 e indicadores IBGE 2022, quando presentes, são medidas separadas. Recarga ABVE/Tupi ago/2026."
SP,LUCELIA,5.000000,2.000000,2.000000,0.000000,0.000000,0.000000,"Emplacamentos BEV/PHEV ABVE; frota ampla SENATRAN ago/2026 e indicadores IBGE 2022, quando presentes, são medidas separadas. Recarga ABVE/Tupi ago/2026."
SP,LINDOIA,0.000000,3.000000,3.000000,0.000000,0.000000,0.000000,"Emplacamentos BEV/PHEV ABVE; frota ampla SENATRAN ago/2026 e indicadores IBGE 2022, quando presentes, são medidas separadas. Recarga ABVE/Tupi ago/2026."
BA,BONITO,1.000000,0.000000,0.000000,0.000000,,0.000000,"Emplacamentos BEV/PHEV ABVE; frota ampla SENATRAN ago/2026 e indicadores IBGE 2022, quando presentes, são medidas separadas. Recarga ABVE/Tupi ago/2026."
PE,IBIMIRIM,0.000000,1.000000,1.000000,0.000000,0.000000,0.000000,"Emplacamentos BEV/PHEV ABVE; frota ampla SENATRAN ago/2026 e indicadores IBGE 2022, quando presentes, são medidas separadas. Recarga ABVE/Tupi ago/2026."
PE,IATI,1.000000,0.000000,0.000000,0.000000,,0.000000,"Emplacamentos BEV/PHEV ABVE; frota ampla SENATRAN ago/2026 e indicadores IBGE 2022, quando presentes, são medidas separadas. Recarga ABVE/Tupi ago/2026."
PE,GLORIA DO GOITA,4.000000,2.000000,2.000000,0.000000,0.000000,0.000000,"Emplacamentos BEV/PHEV ABVE; frota ampla SENATRAN ago/2026 e indicadores IBGE 2022, quando presentes, são medidas separadas. Recarga ABVE/Tupi ago/2026."
GO,PORTEIRAO,0.000000,1.000000,1.000000,0.000000,0.000000,0.000000,"Emplacamentos BEV/PHEV ABVE; frota ampla SENATRAN ago/2026 e indicadores IBGE 2022, quando presentes, são medidas separadas. Recarga ABVE/Tupi ago/2026."
GO,PIRACANJUBA,2.000000,2.000000,2.000000,0.000000,0.000000,0.000000,"Emplacamentos BEV/PHEV ABVE; frota ampla SENATRAN ago/2026 e indicadores IBGE 2022, quando presentes, são medidas separadas. Recarga ABVE/Tupi ago/2026."
PE,MARAIAL,1.000000,0.000000,0.000000,0.000000,,0.000000,"Emplacamentos BEV/PHEV ABVE; frota ampla SENATRAN ago/2026 e indicadores IBGE 2022, quando presentes, são medidas separadas. Recarga ABVE/Tupi ago/2026."
PE,MANARI,1.000000,0.000000,0.000000,0.000000,,0.000000,"Emplacamentos BEV/PHEV ABVE; frota ampla SENATRAN ago/2026 e indicadores IBGE 2022, quando presentes, são medidas separadas. Recarga ABVE/Tupi ago/2026."
SP,IPUA,3.000000,1.000000,1.000000,0.000000,0.000000,0.000000,"Emplacamentos BEV/PHEV ABVE; frota ampla SENATRAN ago/2026 e indicadores IBGE 2022, quando presentes, são medidas separadas. Recarga ABVE/Tupi ago/2026."
PR,AMAPORA,0.000000,1.000000,1.000000,0.000000,0.000000,0.000000,"Emplacamentos BEV/PHEV ABVE; frota ampla SENATRAN ago/2026 e indicadores IBGE 2022, quando presentes, são medidas separadas. Recarga ABVE/Tupi ago/2026."
PR,ALTONIA,0.000000,2.000000,2.000000,0.000000,0.000000,0.000000,"Emplacamentos BEV/PHEV ABVE; frota ampla SENATRAN ago/2026 e indicadores IBGE 2022, quando presentes, são medidas separadas. Recarga ABVE/Tupi ago/2026."
PR,BRASILANDIA DO SUL,0.000000,1.000000,1.000000,0.000000,0.000000,0.000000,"Emplacamentos BEV/PHEV ABVE; frota ampla SENATRAN ago/2026 e indicadores IBGE 2022, quando presentes, são medidas separadas. Recarga ABVE/Tupi ago/2026."
PR,BOA VISTA DA APARECIDA,0.000000,1.000000,1.000000,0.000000,0.000000,0.000000,"Emplacamentos BEV/PHEV ABVE; frota ampla SENATRAN ago/2026 e indicadores IBGE 2022, quando presentes, são medidas separadas. Recarga ABVE/Tupi ago/2026."
PR,ARARUNA,1.000000,2.000000,2.000000,0.000000,0.000000,0.000000,"Emplacamentos BEV/PHEV ABVE; frota ampla SENATRAN ago/2026 e indicadores IBGE 2022, quando presentes, são medidas separadas. Recarga ABVE/Tupi ago/2026."
PE,SALOA,1.000000,0.000000,0.000000,0.000000,,0.000000,"Emplacamentos BEV/PHEV ABVE; frota ampla SENATRAN ago/2026 e indicadores IBGE 2022, quando presentes, são medidas separadas. Recarga ABVE/Tupi ago/2026."
PE,RIO FORMOSO,0.000000,1.000000,1.000000,0.000000,0.000000,0.000000,"Emplacamentos BEV/PHEV ABVE; frota ampla SENATRAN ago/2026 e indicadores IBGE 2022, quando presentes, são medidas separadas. Recarga ABVE/Tupi ago/2026."
PE,POMBOS,1.000000,5.000000,5.000000,0.000000,0.000000,0.000000,"Emplacamentos BEV/PHEV ABVE; frota ampla SENATRAN ago/2026 e indicadores IBGE 2022, quando presentes, são medidas separadas. Recarga ABVE/Tupi ago/2026."
BA,BANZAE,1.000000,0.000000,0.000000,0.000000,,0.000000,"Emplacamentos BEV/PHEV ABVE; frota ampla SENATRAN ago/2026 e indicadores IBGE 2022, quando presentes, são medidas separadas. Recarga ABVE/Tupi ago/2026."
SP,JOAO RAMALHO,0.000000,1.000000,1.000000,0.000000,0.000000,0.000000,"Emplacamentos BEV/PHEV ABVE; frota ampla SENATRAN ago/2026 e indicadores IBGE 2022, quando presentes, são medidas separadas. Recarga ABVE/Tupi ago/2026."
PI,AROAZES,1.000000,0.000000,0.000000,0.000000,,0.000000,"Emplacamentos BEV/PHEV ABVE; frota ampla SENATRAN ago/2026 e indicadores IBGE 2022, quando presentes, são medidas separadas. Recarga ABVE/Tupi ago/2026."
PI,DOM EXPEDITO LOPES,1.000000,0.000000,0.000000,0.000000,,0.000000,"Emplacamentos BEV/PHEV ABVE; frota ampla SENATRAN ago/2026 e indicadores IBGE 2022, quando presentes, são medidas separadas. Recarga ABVE/Tupi ago/2026."
PI,CONCEICAO DO CANINDE,1.000000,0.000000,0.000000,0.000000,,0.000000,"Emplacamentos BEV/PHEV ABVE; frota ampla SENATRAN ago/2026 e indicadores IBGE 2022, quando presentes, são medidas separadas. Recarga ABVE/Tupi ago/2026."
SP,JABORANDI,3.000000,1.000000,1.000000,0.000000,0.000000,0.000000,"Emplacamentos BEV/PHEV ABVE; frota ampla SENATRAN ago/2026 e indicadores IBGE 2022, quando presentes, são medidas separadas. Recarga ABVE/Tupi ago/2026."
SP,ITIRAPINA,2.000000,2.000000,2.000000,0.000000,0.000000,0.000000,"Emplacamentos BEV/PHEV ABVE; frota ampla SENATRAN ago/2026 e indicadores IBGE 2022, quando presentes, são medidas separadas. Recarga ABVE/Tupi ago/2026."
SP,ITARARE,4.000000,4.000000,4.000000,0.000000,0.000000,0.000000,"Emplacamentos BEV/PHEV ABVE; frota ampla SENATRAN ago/2026 e indicadores IBGE 2022, quando presentes, são medidas separadas. Recarga ABVE/Tupi ago/2026."
PI,MONSENHOR HIPOLITO,0.000000,1.000000,1.000000,0.000000,0.000000,0.000000,"Emplacamentos BEV/PHEV ABVE; frota ampla SENATRAN ago/2026 e indicadores IBGE 2022, quando presentes, são medidas separadas. Recarga ABVE/Tupi ago/2026."
PI,SAO MIGUEL DO TAPUIO,0.000000,1.000000,1.000000,0.000000,0.000000,0.000000,"Emplacamentos BEV/PHEV ABVE; frota ampla SENATRAN ago/2026 e indicadores IBGE 2022, quando presentes, são medidas separadas. Recarga ABVE/Tupi ago/2026."
PI,SANTO ANTONIO DE LISBOA,0.000000,1.000000,1.000000,0.000000,0.000000,0.000000,"Emplacamentos BEV/PHEV ABVE; frota ampla SENATRAN ago/2026 e indicadores IBGE 2022, quando presentes, são medidas separadas. Recarga ABVE/Tupi ago/2026."
PI,AMARANTE,0.000000,1.000000,1.000000,0.000000,0.000000,0.000000,"Emplacamentos BEV/PHEV ABVE; frota ampla SENATRAN ago/2026 e indicadores IBGE 2022, quando presentes, são medidas separadas. Recarga ABVE/Tupi ago/2026."
PI,AGRICOLANDIA,0.000000,1.000000,1.000000,0.000000,0.000000,0.000000,"Emplacamentos BEV/PHEV ABVE; frota ampla SENATRAN ago/2026 e indicadores IBGE 2022, quando presentes, são medidas separadas. Recarga ABVE/Tupi ago/2026."
BA,CABACEIRAS DO PARAGUACU,0.000000,1.000000,1.000000,0.000000,0.000000,0.000000,"Emplacamentos BEV/PHEV ABVE; frota ampla SENATRAN ago/2026 e indicadores IBGE 2022, quando presentes, são medidas separadas. Recarga ABVE/Tupi ago/2026."
BA,CAATIBA,0.000000,1.000000,1.000000,0.000000,0.000000,0.000000,"Emplacamentos BEV/PHEV ABVE; frota ampla SENATRAN ago/2026 e indicadores IBGE 2022, quando presentes, são medidas separadas. Recarga ABVE/Tupi ago/2026."
PI,AROEIRAS DO ITAIM,1.000000,0.000000,0.000000,0.000000,,0.000000,"Emplacamentos BEV/PHEV ABVE; frota ampla SENATRAN ago/2026 e indicadores IBGE 2022, quando presentes, são medidas separadas. Recarga ABVE/Tupi ago/2026."
PI,HUGO NAPOLEAO,1.000000,0.000000,0.000000,0.000000,,0.000000,"Emplacamentos BEV/PHEV ABVE; frota ampla SENATRAN ago/2026 e indicadores IBGE 2022, quando presentes, são medidas separadas. Recarga ABVE/Tupi ago/2026."
PI,GUADALUPE,2.000000,1.000000,1.000000,0.000000,0.000000,0.000000,"Emplacamentos BEV/PHEV ABVE; frota ampla SENATRAN ago/2026 e indicadores IBGE 2022, quando presentes, são medidas separadas. Recarga ABVE/Tupi ago/2026."
AC,BUJARI,0.000000,1.000000,1.000000,0.000000,0.000000,0.000000,"Emplacamentos BEV/PHEV ABVE; frota ampla SENATRAN ago/2026 e indicadores IBGE 2022, quando presentes, são medidas separadas. Recarga ABVE/Tupi ago/2026."
MA,VIANA,0.000000,4.000000,4.000000,0.000000,0.000000,0.000000,"Emplacamentos BEV/PHEV ABVE; frota ampla SENATRAN ago/2026 e indicadores IBGE 2022, quando presentes, são medidas separadas. Recarga ABVE/Tupi ago/2026."
TO,SANTA ROSA DO TOCANTINS,1.000000,0.000000,0.000000,0.000000,,0.000000,"Emplacamentos BEV/PHEV ABVE; frota ampla SENATRAN ago/2026 e indicadores IBGE 2022, quando presentes, são medidas separadas. Recarga ABVE/Tupi ago/2026."
MG,ALEM PARAIBA,2.000000,0.000000,0.000000,0.000000,,0.000000,"Emplacamentos BEV/PHEV ABVE; frota ampla SENATRAN ago/2026 e indicadores IBGE 2022, quando presentes, são medidas separadas. Recarga ABVE/Tupi ago/2026."
MG,AGUA BOA,1.000000,0.000000,0.000000,0.000000,,0.000000,"Emplacamentos BEV/PHEV ABVE; frota ampla SENATRAN ago/2026 e indicadores IBGE 2022, quando presentes, são medidas separadas. Recarga ABVE/Tupi ago/2026."
MG,ARACUAI,2.000000,0.000000,0.000000,0.000000,,0.000000,"Emplacamentos BEV/PHEV ABVE; frota ampla SENATRAN ago/2026 e indicadores IBGE 2022, quando presentes, são medidas separadas. Recarga ABVE/Tupi ago/2026."
SC,LAURO MULLER,0.000000,3.000000,3.000000,0.000000,0.000000,0.000000,"Emplacamentos BEV/PHEV ABVE; frota ampla SENATRAN ago/2026 e indicadores IBGE 2022, quando presentes, são medidas separadas. Recarga ABVE/Tupi ago/2026."
SC,LAJEADO GRANDE,1.000000,0.000000,0.000000,0.000000,,0.000000,"Emplacamentos BEV/PHEV ABVE; frota ampla SENATRAN ago/2026 e indicadores IBGE 2022, quando presentes, são medidas separadas. Recarga ABVE/Tupi ago/2026."
BA,RETIROLANDIA,1.000000,0.000000,0.000000,0.000000,,0.000000,"Emplacamentos BEV/PHEV ABVE; frota ampla SENATRAN ago/2026 e indicadores IBGE 2022, quando presentes, são medidas separadas. Recarga ABVE/Tupi ago/2026."
SC,PETROLANDIA,1.000000,0.000000,0.000000,0.000000,,0.000000,"Emplacamentos BEV/PHEV ABVE; frota ampla SENATRAN ago/2026 e indicadores IBGE 2022, quando presentes, são medidas separadas. Recarga ABVE/Tupi ago/2026."
SC,PALMITOS,1.000000,1.000000,1.000000,0.000000,0.000000,0.000000,"Emplacamentos BEV/PHEV ABVE; frota ampla SENATRAN ago/2026 e indicadores IBGE 2022, quando presentes, são medidas separadas. Recarga ABVE/Tupi ago/2026."
TO,COLMEIA,1.000000,0.000000,0.000000,0.000000,,0.000000,"Emplacamentos BEV/PHEV ABVE; frota ampla SENATRAN ago/2026 e indicadores IBGE 2022, quando presentes, são medidas separadas. Recarga ABVE/Tupi ago/2026."
TO,PALMEIRAS DO TOCANTINS,1.000000,0.000000,0.000000,0.000000,,0.000000,"Emplacamentos BEV/PHEV ABVE; frota ampla SENATRAN ago/2026 e indicadores IBGE 2022, quando presentes, são medidas separadas. Recarga ABVE/Tupi ago/2026."
TO,NAZARE,1.000000,0.000000,0.000000,0.000000,,0.000000,"Emplacamentos BEV/PHEV ABVE; frota ampla SENATRAN ago/2026 e indicadores IBGE 2022, quando presentes, são medidas separadas. Recarga ABVE/Tupi ago/2026."
AC,PLACIDO DE CASTRO,0.000000,2.000000,2.000000,0.000000,0.000000,0.000000,"Emplacamentos BEV/PHEV ABVE; frota ampla SENATRAN ago/2026 e indicadores IBGE 2022, quando presentes, são medidas separadas. Recarga ABVE/Tupi ago/2026."
MA,SAO RAIMUNDO DAS MANGABEIRAS,0.000000,1.000000,0.000000,-1.000000,-100.000000,-0.000638,"Emplacamentos BEV/PHEV ABVE; frota ampla SENATRAN ago/2026 e indicadores IBGE 2022, quando presentes, são medidas separadas. Recarga ABVE/Tupi ago/2026."
AC,MANOEL URBANO,0.000000,1.000000,0.000000,-1.000000,-100.000000,-0.000638,"Emplacamentos BEV/PHEV ABVE; frota ampla SENATRAN ago/2026 e indicadores IBGE 2022, quando presentes, são medidas separadas. Recarga ABVE/Tupi ago/2026."
MA,SAO JOAO DOS PATOS,0.000000,2.000000,1.000000,-1.000000,-50.000000,-0.000638,"Emplacamentos BEV/PHEV ABVE; frota ampla SENATRAN ago/2026 e indicadores IBGE 2022, quando presentes, são medidas separadas. Recarga ABVE/Tupi ago/2026."
MG,BELA VISTA DE MINAS,0.000000,1.000000,0.000000,-1.000000,-100.000000,-0.000638,"Emplacamentos BEV/PHEV ABVE; frota ampla SENATRAN ago/2026 e indicadores IBGE 2022, quando presentes, são medidas separadas. Recarga ABVE/Tupi ago/2026."
TO,ALIANCA DO TOCANTINS,0.000000,1.000000,0.000000,-1.000000,-100.000000,-0.000638,"Emplacamentos BEV/PHEV ABVE; frota ampla SENATRAN ago/2026 e indicadores IBGE 2022, quando presentes, são medidas separadas. Recarga ABVE/Tupi ago/2026."
MG,BUENOPOLIS,0.000000,1.000000,0.000000,-1.000000,-100.000000,-0.000638,"Emplacamentos BEV/PHEV ABVE; frota ampla SENATRAN ago/2026 e indicadores IBGE 2022, quando presentes, são medidas separadas. Recarga ABVE/Tupi ago/2026."
BA,OUROLANDIA,0.000000,1.000000,0.000000,-1.000000,-100.000000,-0.000638,"Emplacamentos BEV/PHEV ABVE; frota ampla SENATRAN ago/2026 e indicadores IBGE 2022, quando presentes, são medidas separadas. Recarga ABVE/Tupi ago/2026."
BA,PEDRAO,0.000000,2.000000,1.000000,-1.000000,-50.000000,-0.000638,"Emplacamentos BEV/PHEV ABVE; frota ampla SENATRAN ago/2026 e indicadores IBGE 2022, quando presentes, são medidas separadas. Recarga ABVE/Tupi ago/2026."
MA,SAO ROBERTO,0.000000,1.000000,0.000000,-1.000000,-100.000000,-0.000638,"Emplacamentos BEV/PHEV ABVE; frota ampla SENATRAN ago/2026 e indicadores IBGE 2022, quando presentes, são medidas separadas. Recarga ABVE/Tupi ago/2026."
BA,SANTA CRUZ DA VITORIA,0.000000,1.000000,0.000000,-1.000000,-100.000000,-0.000638,"Emplacamentos BEV/PHEV ABVE; frota ampla SENATRAN ago/2026 e indicadores IBGE 2022, quando presentes, são medidas separadas. Recarga ABVE/Tupi ago/2026."
BA,RUY BARBOSA,1.000000,2.000000,1.000000,-1.000000,-50.000000,-0.000638,"Emplacamentos BEV/PHEV ABVE; frota ampla SENATRAN ago/2026 e indicadores IBGE 2022, quando presentes, são medidas separadas. Recarga ABVE/Tupi ago/2026."
SP,TAQUARIVAI,0.000000,1.000000,0.000000,-1.000000,-100.000000,-0.000638,"Emplacamentos BEV/PHEV ABVE; frota ampla SENATRAN ago/2026 e indicadores IBGE 2022, quando presentes, são medidas separadas. Recarga ABVE/Tupi ago/2026."
MG,DELFIM MOREIRA,0.000000,1.000000,0.000000,-1.000000,-100.000000,-0.000638,"Emplacamentos BEV/PHEV ABVE; frota ampla SENATRAN ago/2026 e indicadores IBGE 2022, quando presentes, são medidas separadas. Recarga ABVE/Tupi ago/2026."
SC,AGUAS FRIAS,1.000000,1.000000,0.000000,-1.000000,-100.000000,-0.000638,"Emplacamentos BEV/PHEV ABVE; frota ampla SENATRAN ago/2026 e indicadores IBGE 2022, quando presentes, são medidas separadas. Recarga ABVE/Tupi ago/2026."
SC,AGRONOMICA,3.000000,3.000000,2.000000,-1.000000,-33.333333,-0.000638,"Emplacamentos BEV/PHEV ABVE; frota ampla SENATRAN ago/2026 e indicadores IBGE 2022, quando presentes, são medidas separadas. Recarga ABVE/Tupi ago/2026."
SC,CAMPO ERE,1.000000,1.000000,0.000000,-1.000000,-100.000000,-0.000638,"Emplacamentos BEV/PHEV ABVE; frota ampla SENATRAN ago/2026 e indicadores IBGE 2022, quando presentes, são medidas separadas. Recarga ABVE/Tupi ago/2026."
SC,BOM RETIRO,0.000000,2.000000,1.000000,-1.000000,-50.000000,-0.000638,"Emplacamentos BEV/PHEV ABVE; frota ampla SENATRAN ago/2026 e indicadores IBGE 2022, quando presentes, são medidas separadas. Recarga ABVE/Tupi ago/2026."
RS,SAO VICENTE DO SUL,2.000000,1.000000,0.000000,-1.000000,-100.000000,-0.000638,"Emplacamentos BEV/PHEV ABVE; frota ampla SENATRAN ago/2026 e indicadores IBGE 2022, quando presentes, são medidas separadas. Recarga ABVE/Tupi ago/2026."
RS,TOROPI,0.000000,1.000000,0.000000,-1.000000,-100.000000,-0.000638,"Emplacamentos BEV/PHEV ABVE; frota ampla SENATRAN ago/2026 e indicadores IBGE 2022, quando presentes, são medidas separadas. Recarga ABVE/Tupi ago/2026."
RS,SOBRADINHO,0.000000,2.000000,1.000000,-1.000000,-50.000000,-0.000638,"Emplacamentos BEV/PHEV ABVE; frota ampla SENATRAN ago/2026 e indicadores IBGE 2022, quando presentes, são medidas separadas. Recarga ABVE/Tupi ago/2026."
RS,SINIMBU,0.000000,2.000000,1.000000,-1.000000,-50.000000,-0.000638,"Emplacamentos BEV/PHEV ABVE; frota ampla SENATRAN ago/2026 e indicadores IBGE 2022, quando presentes, são medidas separadas. Recarga ABVE/Tupi ago/2026."
BA,BARRA,0.000000,1.000000,0.000000,-1.000000,-100.000000,-0.000638,"Emplacamentos BEV/PHEV ABVE; frota ampla SENATRAN ago/2026 e indicadores IBGE 2022, quando presentes, são medidas separadas. Recarga ABVE/Tupi ago/2026."
PE,SANTA MARIA DO CAMBUCA,0.000000,1.000000,0.000000,-1.000000,-100.000000,-0.000638,"Emplacamentos BEV/PHEV ABVE; frota ampla SENATRAN ago/2026 e indicadores IBGE 2022, quando presentes, são medidas separadas. Recarga ABVE/Tupi ago/2026."
GO,NOVO PLANALTO,0.000000,1.000000,0.000000,-1.000000,-100.000000,-0.000638,"Emplacamentos BEV/PHEV ABVE; frota ampla SENATRAN ago/2026 e indicadores IBGE 2022, quando presentes, são medidas separadas. Recarga ABVE/Tupi ago/2026."
GO,NOVO BRASIL,0.000000,1.000000,0.000000,-1.000000,-100.000000,-0.000638,"Emplacamentos BEV/PHEV ABVE; frota ampla SENATRAN ago/2026 e indicadores IBGE 2022, quando presentes, são medidas separadas. Recarga ABVE/Tupi ago/2026."
PI,PAJEU DO PIAUI,0.000000,1.000000,0.000000,-1.000000,-100.000000,-0.000638,"Emplacamentos BEV/PHEV ABVE; frota ampla SENATRAN ago/2026 e indicadores IBGE 2022, quando presentes, são medidas separadas. Recarga ABVE/Tupi ago/2026."
PI,NAZARIA,0.000000,1.000000,0.000000,-1.000000,-100.000000,-0.000638,"Emplacamentos BEV/PHEV ABVE; frota ampla SENATRAN ago/2026 e indicadores IBGE 2022, quando presentes, são medidas separadas. Recarga ABVE/Tupi ago/2026."
PI,JARDIM DO MULATO,0.000000,1.000000,0.000000,-1.000000,-100.000000,-0.000638,"Emplacamentos BEV/PHEV ABVE; frota ampla SENATRAN ago/2026 e indicadores IBGE 2022, quando presentes, são medidas separadas. Recarga ABVE/Tupi ago/2026."
PI,SAO RAIMUNDO NONATO,0.000000,3.000000,2.000000,-1.000000,-33.333333,-0.000638,"Emplacamentos BEV/PHEV ABVE; frota ampla SENATRAN ago/2026 e indicadores IBGE 2022, quando presentes, são medidas separadas. Recarga ABVE/Tupi ago/2026."
PI,SANTA LUZ,0.000000,1.000000,0.000000,-1.000000,-100.000000,-0.000638,"Emplacamentos BEV/PHEV ABVE; frota ampla SENATRAN ago/2026 e indicadores IBGE 2022, quando presentes, são medidas separadas. Recarga ABVE/Tupi ago/2026."
PI,PRATA DO PIAUI,0.000000,1.000000,0.000000,-1.000000,-100.000000,-0.000638,"Emplacamentos BEV/PHEV ABVE; frota ampla SENATRAN ago/2026 e indicadores IBGE 2022, quando presentes, são medidas separadas. Recarga ABVE/Tupi ago/2026."
PI,PEDRO II,2.000000,1.000000,0.000000,-1.000000,-100.000000,-0.000638,"Emplacamentos BEV/PHEV ABVE; frota ampla SENATRAN ago/2026 e indicadores IBGE 2022, quando presentes, são medidas separadas. Recarga ABVE/Tupi ago/2026."
PI,ANISIO DE ABREU,0.000000,1.000000,0.000000,-1.000000,-100.000000,-0.000638,"Emplacamentos BEV/PHEV ABVE; frota ampla SENATRAN ago/2026 e indicadores IBGE 2022, quando presentes, são medidas separadas. Recarga ABVE/Tupi ago/2026."
PE,OROCO,0.000000,1.000000,0.000000,-1.000000,-100.000000,-0.000638,"Emplacamentos BEV/PHEV ABVE; frota ampla SENATRAN ago/2026 e indicadores IBGE 2022, quando presentes, são medidas separadas. Recarga ABVE/Tupi ago/2026."
PE,MACHADOS,0.000000,2.000000,1.000000,-1.000000,-50.000000,-0.000638,"Emplacamentos BEV/PHEV ABVE; frota ampla SENATRAN ago/2026 e indicadores IBGE 2022, quando presentes, são medidas separadas. Recarga ABVE/Tupi ago/2026."
GO,MONTES CLAROS DE GOIAS,0.000000,1.000000,0.000000,-1.000000,-100.000000,-0.000638,"Emplacamentos BEV/PHEV ABVE; frota ampla SENATRAN ago/2026 e indicadores IBGE 2022, quando presentes, são medidas separadas. Recarga ABVE/Tupi ago/2026."
PI,SIGEFREDO PACHECO,0.000000,1.000000,0.000000,-1.000000,-100.000000,-0.000638,"Emplacamentos BEV/PHEV ABVE; frota ampla SENATRAN ago/2026 e indicadores IBGE 2022, quando presentes, são medidas separadas. Recarga ABVE/Tupi ago/2026."
SP,IRAPUA,0.000000,2.000000,1.000000,-1.000000,-50.000000,-0.000638,"Emplacamentos BEV/PHEV ABVE; frota ampla SENATRAN ago/2026 e indicadores IBGE 2022, quando presentes, são medidas separadas. Recarga ABVE/Tupi ago/2026."
PI,VARZEA GRANDE,0.000000,1.000000,0.000000,-1.000000,-100.000000,-0.000638,"Emplacamentos BEV/PHEV ABVE; frota ampla SENATRAN ago/2026 e indicadores IBGE 2022, quando presentes, são medidas separadas. Recarga ABVE/Tupi ago/2026."
PR,BOM SUCESSO,0.000000,2.000000,1.000000,-1.000000,-50.000000,-0.000638,"Emplacamentos BEV/PHEV ABVE; frota ampla SENATRAN ago/2026 e indicadores IBGE 2022, quando presentes, são medidas separadas. Recarga ABVE/Tupi ago/2026."
PR,BOA ESPERANCA,0.000000,1.000000,0.000000,-1.000000,-100.000000,-0.000638,"Emplacamentos BEV/PHEV ABVE; frota ampla SENATRAN ago/2026 e indicadores IBGE 2022, quando presentes, são medidas separadas. Recarga ABVE/Tupi ago/2026."
BA,BOA NOVA,0.000000,1.000000,0.000000,-1.000000,-100.000000,-0.000638,"Emplacamentos BEV/PHEV ABVE; frota ampla SENATRAN ago/2026 e indicadores IBGE 2022, quando presentes, são medidas separadas. Recarga ABVE/Tupi ago/2026."
PR,GRANDES RIOS,0.000000,1.000000,0.000000,-1.000000,-100.000000,-0.000638,"Emplacamentos BEV/PHEV ABVE; frota ampla SENATRAN ago/2026 e indicadores IBGE 2022, quando presentes, são medidas separadas. Recarga ABVE/Tupi ago/2026."
BA,ACAJUTIBA,0.000000,1.000000,0.000000,-1.000000,-100.000000,-0.000638,"Emplacamentos BEV/PHEV ABVE; frota ampla SENATRAN ago/2026 e indicadores IBGE 2022, quando presentes, são medidas separadas. Recarga ABVE/Tupi ago/2026."
GO,SANTO ANTONIO DA BARRA,0.000000,1.000000,0.000000,-1.000000,-100.000000,-0.000638,"Emplacamentos BEV/PHEV ABVE; frota ampla SENATRAN ago/2026 e indicadores IBGE 2022, quando presentes, são medidas separadas. Recarga ABVE/Tupi ago/2026."
GO,SERRANOPOLIS,1.000000,2.000000,1.000000,-1.000000,-50.000000,-0.000638,"Emplacamentos BEV/PHEV ABVE; frota ampla SENATRAN ago/2026 e indicadores IBGE 2022, quando presentes, são medidas separadas. Recarga ABVE/Tupi ago/2026."
GO,ITAJA,1.000000,1.000000,0.000000,-1.000000,-100.000000,-0.000638,"Emplacamentos BEV/PHEV ABVE; frota ampla SENATRAN ago/2026 e indicadores IBGE 2022, quando presentes, são medidas separadas. Recarga ABVE/Tupi ago/2026."
SP,INDIANA,0.000000,1.000000,0.000000,-1.000000,-100.000000,-0.000638,"Emplacamentos BEV/PHEV ABVE; frota ampla SENATRAN ago/2026 e indicadores IBGE 2022, quando presentes, são medidas separadas. Recarga ABVE/Tupi ago/2026."
SP,IGUAPE,2.000000,4.000000,3.000000,-1.000000,-25.000000,-0.000638,"Emplacamentos BEV/PHEV ABVE; frota ampla SENATRAN ago/2026 e indicadores IBGE 2022, quando presentes, são medidas separadas. Recarga ABVE/Tupi ago/2026."
GO,FAINA,0.000000,1.000000,0.000000,-1.000000,-100.000000,-0.000638,"Emplacamentos BEV/PHEV ABVE; frota ampla SENATRAN ago/2026 e indicadores IBGE 2022, quando presentes, são medidas separadas. Recarga ABVE/Tupi ago/2026."
PE,CORTES,0.000000,1.000000,0.000000,-1.000000,-100.000000,-0.000638,"Emplacamentos BEV/PHEV ABVE; frota ampla SENATRAN ago/2026 e indicadores IBGE 2022, quando presentes, são medidas separadas. Recarga ABVE/Tupi ago/2026."
PE,CAPOEIRAS,0.000000,1.000000,0.000000,-1.000000,-100.000000,-0.000638,"Emplacamentos BEV/PHEV ABVE; frota ampla SENATRAN ago/2026 e indicadores IBGE 2022, quando presentes, são medidas separadas. Recarga ABVE/Tupi ago/2026."
PE,CAMUTANGA,0.000000,1.000000,0.000000,-1.000000,-100.000000,-0.000638,"Emplacamentos BEV/PHEV ABVE; frota ampla SENATRAN ago/2026 e indicadores IBGE 2022, quando presentes, são medidas separadas. Recarga ABVE/Tupi ago/2026."
MG,ESTIVA,0.000000,1.000000,0.000000,-1.000000,-100.000000,-0.000638,"Emplacamentos BEV/PHEV ABVE; frota ampla SENATRAN ago/2026 e indicadores IBGE 2022, quando presentes, são medidas separadas. Recarga ABVE/Tupi ago/2026."
AL,IBATEGUARA,0.000000,1.000000,0.000000,-1.000000,-100.000000,-0.000638,"Emplacamentos BEV/PHEV ABVE; frota ampla SENATRAN ago/2026 e indicadores IBGE 2022, quando presentes, são medidas separadas. Recarga ABVE/Tupi ago/2026."
MA,SAO JOAO BATISTA,0.000000,1.000000,0.000000,-1.000000,-100.000000,-0.000638,"Emplacamentos BEV/PHEV ABVE; frota ampla SENATRAN ago/2026 e indicadores IBGE 2022, quando presentes, são medidas separadas. Recarga ABVE/Tupi ago/2026."
MA,SANTO ANTONIO DOS LOPES,0.000000,1.000000,0.000000,-1.000000,-100.000000,-0.000638,"Emplacamentos BEV/PHEV ABVE; frota ampla SENATRAN ago/2026 e indicadores IBGE 2022, quando presentes, são medidas separadas. Recarga ABVE/Tupi ago/2026."
MA,PRESIDENTE JUSCELINO,0.000000,1.000000,0.000000,-1.000000,-100.000000,-0.000638,"Emplacamentos BEV/PHEV ABVE; frota ampla SENATRAN ago/2026 e indicadores IBGE 2022, quando presentes, são medidas separadas. Recarga ABVE/Tupi ago/2026."
MG,ITAMOGI,0.000000,1.000000,0.000000,-1.000000,-100.000000,-0.000638,"Emplacamentos BEV/PHEV ABVE; frota ampla SENATRAN ago/2026 e indicadores IBGE 2022, quando presentes, são medidas separadas. Recarga ABVE/Tupi ago/2026."
RS,RONDINHA,0.000000,1.000000,0.000000,-1.000000,-100.000000,-0.000638,"Emplacamentos BEV/PHEV ABVE; frota ampla SENATRAN ago/2026 e indicadores IBGE 2022, quando presentes, são medidas separadas. Recarga ABVE/Tupi ago/2026."
RS,SAO JOSE DO OURO,0.000000,1.000000,0.000000,-1.000000,-100.000000,-0.000638,"Emplacamentos BEV/PHEV ABVE; frota ampla SENATRAN ago/2026 e indicadores IBGE 2022, quando presentes, são medidas separadas. Recarga ABVE/Tupi ago/2026."
RS,SAO JORGE,0.000000,2.000000,1.000000,-1.000000,-50.000000,-0.000638,"Emplacamentos BEV/PHEV ABVE; frota ampla SENATRAN ago/2026 e indicadores IBGE 2022, quando presentes, são medidas separadas. Recarga ABVE/Tupi ago/2026."
CE,ALTANEIRA,0.000000,1.000000,0.000000,-1.000000,-100.000000,-0.000638,"Emplacamentos BEV/PHEV ABVE; frota ampla SENATRAN ago/2026 e indicadores IBGE 2022, quando presentes, são medidas separadas. Recarga ABVE/Tupi ago/2026."
CE,ALCANTARAS,1.000000,3.000000,2.000000,-1.000000,-33.333333,-0.000638,"Emplacamentos BEV/PHEV ABVE; frota ampla SENATRAN ago/2026 e indicadores IBGE 2022, quando presentes, são medidas separadas. Recarga ABVE/Tupi ago/2026."
GO,EDEIA,0.000000,3.000000,2.000000,-1.000000,-33.333333,-0.000638,"Emplacamentos BEV/PHEV ABVE; frota ampla SENATRAN ago/2026 e indicadores IBGE 2022, quando presentes, são medidas separadas. Recarga ABVE/Tupi ago/2026."
GO,CRISTALINA,1.000000,2.000000,1.000000,-1.000000,-50.000000,-0.000638,"Emplacamentos BEV/PHEV ABVE; frota ampla SENATRAN ago/2026 e indicadores IBGE 2022, quando presentes, são medidas separadas. Recarga ABVE/Tupi ago/2026."
GO,CORUMBA DE GOIAS,0.000000,1.000000,0.000000,-1.000000,-100.000000,-0.000638,"Emplacamentos BEV/PHEV ABVE; frota ampla SENATRAN ago/2026 e indicadores IBGE 2022, quando presentes, são medidas separadas. Recarga ABVE/Tupi ago/2026."
GO,CHAPADAO DO CEU,1.000000,1.000000,0.000000,-1.000000,-100.000000,-0.000638,"Emplacamentos BEV/PHEV ABVE; frota ampla SENATRAN ago/2026 e indicadores IBGE 2022, quando presentes, são medidas separadas. Recarga ABVE/Tupi ago/2026."
GO,CATURAI,0.000000,1.000000,0.000000,-1.000000,-100.000000,-0.000638,"Emplacamentos BEV/PHEV ABVE; frota ampla SENATRAN ago/2026 e indicadores IBGE 2022, quando presentes, são medidas separadas. Recarga ABVE/Tupi ago/2026."
BA,CORDEIROS,0.000000,1.000000,0.000000,-1.000000,-100.000000,-0.000638,"Emplacamentos BEV/PHEV ABVE; frota ampla SENATRAN ago/2026 e indicadores IBGE 2022, quando presentes, são medidas separadas. Recarga ABVE/Tupi ago/2026."
PR,CONTENDA,3.000000,7.000000,6.000000,-1.000000,-14.285714,-0.000638,"Emplacamentos BEV/PHEV ABVE; frota ampla SENATRAN ago/2026 e indicadores IBGE 2022, quando presentes, são medidas separadas. Recarga ABVE/Tupi ago/2026."
PR,CERRO AZUL,0.000000,2.000000,1.000000,-1.000000,-50.000000,-0.000638,"Emplacamentos BEV/PHEV ABVE; frota ampla SENATRAN ago/2026 e indicadores IBGE 2022, quando presentes, são medidas separadas. Recarga ABVE/Tupi ago/2026."
GO,GOUVELANDIA,0.000000,1.000000,0.000000,-1.000000,-100.000000,-0.000638,"Emplacamentos BEV/PHEV ABVE; frota ampla SENATRAN ago/2026 e indicadores IBGE 2022, quando presentes, são medidas separadas. Recarga ABVE/Tupi ago/2026."
SP,GUARANTA,0.000000,2.000000,1.000000,-1.000000,-50.000000,-0.000638,"Emplacamentos BEV/PHEV ABVE; frota ampla SENATRAN ago/2026 e indicadores IBGE 2022, quando presentes, são medidas separadas. Recarga ABVE/Tupi ago/2026."
SP,GUARACAI,1.000000,2.000000,1.000000,-1.000000,-50.000000,-0.000638,"Emplacamentos BEV/PHEV ABVE; frota ampla SENATRAN ago/2026 e indicadores IBGE 2022, quando presentes, são medidas separadas. Recarga ABVE/Tupi ago/2026."
BA,CRISOPOLIS,0.000000,2.000000,1.000000,-1.000000,-50.000000,-0.000638,"Emplacamentos BEV/PHEV ABVE; frota ampla SENATRAN ago/2026 e indicadores IBGE 2022, quando presentes, são medidas separadas. Recarga ABVE/Tupi ago/2026."
PR,FLORESTOPOLIS,0.000000,2.000000,1.000000,-1.000000,-50.000000,-0.000638,"Emplacamentos BEV/PHEV ABVE; frota ampla SENATRAN ago/2026 e indicadores IBGE 2022, quando presentes, são medidas separadas. Recarga ABVE/Tupi ago/2026."
PR,IPIRANGA,0.000000,1.000000,0.000000,-1.000000,-100.000000,-0.000638,"Emplacamentos BEV/PHEV ABVE; frota ampla SENATRAN ago/2026 e indicadores IBGE 2022, quando presentes, são medidas separadas. Recarga ABVE/Tupi ago/2026."
PR,ICARAIMA,0.000000,4.000000,3.000000,-1.000000,-25.000000,-0.000638,"Emplacamentos BEV/PHEV ABVE; frota ampla SENATRAN ago/2026 e indicadores IBGE 2022, quando presentes, são medidas separadas. Recarga ABVE/Tupi ago/2026."
PR,GUAPIRAMA,0.000000,2.000000,1.000000,-1.000000,-50.000000,-0.000638,"Emplacamentos BEV/PHEV ABVE; frota ampla SENATRAN ago/2026 e indicadores IBGE 2022, quando presentes, são medidas separadas. Recarga ABVE/Tupi ago/2026."
PB,CUITEGI,0.000000,1.000000,0.000000,-1.000000,-100.000000,-0.000638,"Emplacamentos BEV/PHEV ABVE; frota ampla SENATRAN ago/2026 e indicadores IBGE 2022, quando presentes, são medidas separadas. Recarga ABVE/Tupi ago/2026."
GO,URUANA,0.000000,1.000000,0.000000,-1.000000,-100.000000,-0.000638,"Emplacamentos BEV/PHEV ABVE; frota ampla SENATRAN ago/2026 e indicadores IBGE 2022, quando presentes, são medidas separadas. Recarga ABVE/Tupi ago/2026."
PR,NOVA ALIANCA DO IVAI,0.000000,1.000000,0.000000,-1.000000,-100.000000,-0.000638,"Emplacamentos BEV/PHEV ABVE; frota ampla SENATRAN ago/2026 e indicadores IBGE 2022, quando presentes, são medidas separadas. Recarga ABVE/Tupi ago/2026."
PR,MAUA DA SERRA,2.000000,2.000000,1.000000,-1.000000,-50.000000,-0.000638,"Emplacamentos BEV/PHEV ABVE; frota ampla SENATRAN ago/2026 e indicadores IBGE 2022, quando presentes, são medidas separadas. Recarga ABVE/Tupi ago/2026."
PR,MARILENA,0.000000,1.000000,0.000000,-1.000000,-100.000000,-0.000638,"Emplacamentos BEV/PHEV ABVE; frota ampla SENATRAN ago/2026 e indicadores IBGE 2022, quando presentes, são medidas separadas. Recarga ABVE/Tupi ago/2026."
PR,MARIA HELENA,0.000000,1.000000,0.000000,-1.000000,-100.000000,-0.000638,"Emplacamentos BEV/PHEV ABVE; frota ampla SENATRAN ago/2026 e indicadores IBGE 2022, quando presentes, são medidas separadas. Recarga ABVE/Tupi ago/2026."
SP,FERNANDO PRESTES,0.000000,3.000000,2.000000,-1.000000,-33.333333,-0.000638,"Emplacamentos BEV/PHEV ABVE; frota ampla SENATRAN ago/2026 e indicadores IBGE 2022, quando presentes, são medidas separadas. Recarga ABVE/Tupi ago/2026."
GO,BRAZABRANTES,0.000000,2.000000,1.000000,-1.000000,-50.000000,-0.000638,"Emplacamentos BEV/PHEV ABVE; frota ampla SENATRAN ago/2026 e indicadores IBGE 2022, quando presentes, são medidas separadas. Recarga ABVE/Tupi ago/2026."
PB,LAGOA,0.000000,2.000000,1.000000,-1.000000,-50.000000,-0.000638,"Emplacamentos BEV/PHEV ABVE; frota ampla SENATRAN ago/2026 e indicadores IBGE 2022, quando presentes, são medidas separadas. Recarga ABVE/Tupi ago/2026."
BA,ARACI,0.000000,4.000000,3.000000,-1.000000,-25.000000,-0.000638,"Emplacamentos BEV/PHEV ABVE; frota ampla SENATRAN ago/2026 e indicadores IBGE 2022, quando presentes, são medidas separadas. Recarga ABVE/Tupi ago/2026."
PB,PRINCESA ISABEL,0.000000,1.000000,0.000000,-1.000000,-100.000000,-0.000638,"Emplacamentos BEV/PHEV ABVE; frota ampla SENATRAN ago/2026 e indicadores IBGE 2022, quando presentes, são medidas separadas. Recarga ABVE/Tupi ago/2026."
PB,PIANCO,0.000000,1.000000,0.000000,-1.000000,-100.000000,-0.000638,"Emplacamentos BEV/PHEV ABVE; frota ampla SENATRAN ago/2026 e indicadores IBGE 2022, quando presentes, são medidas separadas. Recarga ABVE/Tupi ago/2026."
SP,PARANAPUA,0.000000,1.000000,0.000000,-1.000000,-100.000000,-0.000638,"Emplacamentos BEV/PHEV ABVE; frota ampla SENATRAN ago/2026 e indicadores IBGE 2022, quando presentes, são medidas separadas. Recarga ABVE/Tupi ago/2026."
MA,ARARI,0.000000,1.000000,0.000000,-1.000000,-100.000000,-0.000638,"Emplacamentos BEV/PHEV ABVE; frota ampla SENATRAN ago/2026 e indicadores IBGE 2022, quando presentes, são medidas separadas. Recarga ABVE/Tupi ago/2026."
PA,SAO CAETANO DE ODIVELAS,0.000000,1.000000,0.000000,-1.000000,-100.000000,-0.000638,"Emplacamentos BEV/PHEV ABVE; frota ampla SENATRAN ago/2026 e indicadores IBGE 2022, quando presentes, são medidas separadas. Recarga ABVE/Tupi ago/2026."
PA,SAPUCAIA,0.000000,1.000000,0.000000,-1.000000,-100.000000,-0.000638,"Emplacamentos BEV/PHEV ABVE; frota ampla SENATRAN ago/2026 e indicadores IBGE 2022, quando presentes, são medidas separadas. Recarga ABVE/Tupi ago/2026."
PA,SAO JOAO DA PONTA,0.000000,1.000000,0.000000,-1.000000,-100.000000,-0.000638,"Emplacamentos BEV/PHEV ABVE; frota ampla SENATRAN ago/2026 e indicadores IBGE 2022, quando presentes, são medidas separadas. Recarga ABVE/Tupi ago/2026."
PA,SAO GERALDO DO ARAGUAIA,0.000000,1.000000,0.000000,-1.000000,-100.000000,-0.000638,"Emplacamentos BEV/PHEV ABVE; frota ampla SENATRAN ago/2026 e indicadores IBGE 2022, quando presentes, são medidas separadas. Recarga ABVE/Tupi ago/2026."
PA,SAO FRANCISCO DO PARA,0.000000,1.000000,0.000000,-1.000000,-100.000000,-0.000638,"Emplacamentos BEV/PHEV ABVE; frota ampla SENATRAN ago/2026 e indicadores IBGE 2022, quando presentes, são medidas separadas. Recarga ABVE/Tupi ago/2026."
PR,NOVO ITACOLOMI,0.000000,1.000000,0.000000,-1.000000,-100.000000,-0.000638,"Emplacamentos BEV/PHEV ABVE; frota ampla SENATRAN ago/2026 e indicadores IBGE 2022, quando presentes, são medidas separadas. Recarga ABVE/Tupi ago/2026."
PR,NOVA TEBAS,0.000000,1.000000,0.000000,-1.000000,-100.000000,-0.000638,"Emplacamentos BEV/PHEV ABVE; frota ampla SENATRAN ago/2026 e indicadores IBGE 2022, quando presentes, são medidas separadas. Recarga ABVE/Tupi ago/2026."
BA,FORMOSA DO RIO PRETO,0.000000,2.000000,1.000000,-1.000000,-50.000000,-0.000638,"Emplacamentos BEV/PHEV ABVE; frota ampla SENATRAN ago/2026 e indicadores IBGE 2022, quando presentes, são medidas separadas. Recarga ABVE/Tupi ago/2026."
PB,ALHANDRA,0.000000,6.000000,5.000000,-1.000000,-16.666667,-0.000638,"Emplacamentos BEV/PHEV ABVE; frota ampla SENATRAN ago/2026 e indicadores IBGE 2022, quando presentes, são medidas separadas. Recarga ABVE/Tupi ago/2026."
SP,NOVAIS,0.000000,1.000000,0.000000,-1.000000,-100.000000,-0.000638,"Emplacamentos BEV/PHEV ABVE; frota ampla SENATRAN ago/2026 e indicadores IBGE 2022, quando presentes, são medidas separadas. Recarga ABVE/Tupi ago/2026."
CE,ABAIARA,0.000000,1.000000,0.000000,-1.000000,-100.000000,-0.000638,"Emplacamentos BEV/PHEV ABVE; frota ampla SENATRAN ago/2026 e indicadores IBGE 2022, quando presentes, são medidas separadas. Recarga ABVE/Tupi ago/2026."
MG,JAPARAIBA,0.000000,1.000000,0.000000,-1.000000,-100.000000,-0.000638,"Emplacamentos BEV/PHEV ABVE; frota ampla SENATRAN ago/2026 e indicadores IBGE 2022, quando presentes, são medidas separadas. Recarga ABVE/Tupi ago/2026."
MG,ITUETA,0.000000,1.000000,0.000000,-1.000000,-100.000000,-0.000638,"Emplacamentos BEV/PHEV ABVE; frota ampla SENATRAN ago/2026 e indicadores IBGE 2022, quando presentes, são medidas separadas. Recarga ABVE/Tupi ago/2026."
SP,SETE BARRAS,1.000000,1.000000,0.000000,-1.000000,-100.000000,-0.000638,"Emplacamentos BEV/PHEV ABVE; frota ampla SENATRAN ago/2026 e indicadores IBGE 2022, quando presentes, são medidas separadas. Recarga ABVE/Tupi ago/2026."
SP,SARUTAIA,0.000000,1.000000,0.000000,-1.000000,-100.000000,-0.000638,"Emplacamentos BEV/PHEV ABVE; frota ampla SENATRAN ago/2026 e indicadores IBGE 2022, quando presentes, são medidas separadas. Recarga ABVE/Tupi ago/2026."
SP,SAO PEDRO DO TURVO,0.000000,1.000000,0.000000,-1.000000,-100.000000,-0.000638,"Emplacamentos BEV/PHEV ABVE; frota ampla SENATRAN ago/2026 e indicadores IBGE 2022, quando presentes, são medidas separadas. Recarga ABVE/Tupi ago/2026."
MG,LAGOA FORMOSA,1.000000,1.000000,0.000000,-1.000000,-100.000000,-0.000638,"Emplacamentos BEV/PHEV ABVE; frota ampla SENATRAN ago/2026 e indicadores IBGE 2022, quando presentes, são medidas separadas. Recarga ABVE/Tupi ago/2026."
MG,LADAINHA,0.000000,1.000000,0.000000,-1.000000,-100.000000,-0.000638,"Emplacamentos BEV/PHEV ABVE; frota ampla SENATRAN ago/2026 e indicadores IBGE 2022, quando presentes, são medidas separadas. Recarga ABVE/Tupi ago/2026."
MG,JEQUERI,0.000000,1.000000,0.000000,-1.000000,-100.000000,-0.000638,"Emplacamentos BEV/PHEV ABVE; frota ampla SENATRAN ago/2026 e indicadores IBGE 2022, quando presentes, são medidas separadas. Recarga ABVE/Tupi ago/2026."
MG,MONSENHOR PAULO,0.000000,1.000000,0.000000,-1.000000,-100.000000,-0.000638,"Emplacamentos BEV/PHEV ABVE; frota ampla SENATRAN ago/2026 e indicadores IBGE 2022, quando presentes, são medidas separadas. Recarga ABVE/Tupi ago/2026."
MG,MARILAC,0.000000,1.000000,0.000000,-1.000000,-100.000000,-0.000638,"Emplacamentos BEV/PHEV ABVE; frota ampla SENATRAN ago/2026 e indicadores IBGE 2022, quando presentes, são medidas separadas. Recarga ABVE/Tupi ago/2026."
MG,MONTE ALEGRE DE MINAS,0.000000,1.000000,0.000000,-1.000000,-100.000000,-0.000638,"Emplacamentos BEV/PHEV ABVE; frota ampla SENATRAN ago/2026 e indicadores IBGE 2022, quando presentes, são medidas separadas. Recarga ABVE/Tupi ago/2026."
AL,MESSIAS,0.000000,3.000000,2.000000,-1.000000,-33.333333,-0.000638,"Emplacamentos BEV/PHEV ABVE; frota ampla SENATRAN ago/2026 e indicadores IBGE 2022, quando presentes, são medidas separadas. Recarga ABVE/Tupi ago/2026."
PA,BAIAO,0.000000,1.000000,0.000000,-1.000000,-100.000000,-0.000638,"Emplacamentos BEV/PHEV ABVE; frota ampla SENATRAN ago/2026 e indicadores IBGE 2022, quando presentes, são medidas separadas. Recarga ABVE/Tupi ago/2026."
BA,,0.000000,2.000000,1.000000,-1.000000,-50.000000,-0.000638,"Emplacamentos BEV/PHEV ABVE; frota ampla SENATRAN ago/2026 e indicadores IBGE 2022, quando presentes, são medidas separadas. Recarga ABVE/Tupi ago/2026."
AP,VITORIA DO JARI,0.000000,1.000000,0.000000,-1.000000,-100.000000,-0.000638,"Emplacamentos BEV/PHEV ABVE; frota ampla SENATRAN ago/2026 e indicadores IBGE 2022, quando presentes, são medidas separadas. Recarga ABVE/Tupi ago/2026."
AP,PORTO GRANDE,0.000000,1.000000,0.000000,-1.000000,-100.000000,-0.000638,"Emplacamentos BEV/PHEV ABVE; frota ampla SENATRAN ago/2026 e indicadores IBGE 2022, quando presentes, são medidas separadas. Recarga ABVE/Tupi ago/2026."
PA,JACUNDA,0.000000,2.000000,1.000000,-1.000000,-50.000000,-0.000638,"Emplacamentos BEV/PHEV ABVE; frota ampla SENATRAN ago/2026 e indicadores IBGE 2022, quando presentes, são medidas separadas. Recarga ABVE/Tupi ago/2026."
GO,APARECIDA DO RIO DOCE,0.000000,1.000000,0.000000,-1.000000,-100.000000,-0.000638,"Emplacamentos BEV/PHEV ABVE; frota ampla SENATRAN ago/2026 e indicadores IBGE 2022, quando presentes, são medidas separadas. Recarga ABVE/Tupi ago/2026."
SP,CONCHAL,7.000000,6.000000,5.000000,-1.000000,-16.666667,-0.000638,"Emplacamentos BEV/PHEV ABVE; frota ampla SENATRAN ago/2026 e indicadores IBGE 2022, quando presentes, são medidas separadas. Recarga ABVE/Tupi ago/2026."
PR,SANTA CECILIA DO PAVAO,0.000000,1.000000,0.000000,-1.000000,-100.000000,-0.000638,"Emplacamentos BEV/PHEV ABVE; frota ampla SENATRAN ago/2026 e indicadores IBGE 2022, quando presentes, são medidas separadas. Recarga ABVE/Tupi ago/2026."
PR,SAO JOAO,0.000000,3.000000,2.000000,-1.000000,-33.333333,-0.000638,"Emplacamentos BEV/PHEV ABVE; frota ampla SENATRAN ago/2026 e indicadores IBGE 2022, quando presentes, são medidas separadas. Recarga ABVE/Tupi ago/2026."
PR,SAO CARLOS DO IVAI,0.000000,1.000000,0.000000,-1.000000,-100.000000,-0.000638,"Emplacamentos BEV/PHEV ABVE; frota ampla SENATRAN ago/2026 e indicadores IBGE 2022, quando presentes, são medidas separadas. Recarga ABVE/Tupi ago/2026."
PR,TEIXEIRA SOARES,1.000000,1.000000,0.000000,-1.000000,-100.000000,-0.000638,"Emplacamentos BEV/PHEV ABVE; frota ampla SENATRAN ago/2026 e indicadores IBGE 2022, quando presentes, são medidas separadas. Recarga ABVE/Tupi ago/2026."
SP,PEDRA BELA,0.000000,1.000000,0.000000,-1.000000,-100.000000,-0.000638,"Emplacamentos BEV/PHEV ABVE; frota ampla SENATRAN ago/2026 e indicadores IBGE 2022, quando presentes, são medidas separadas. Recarga ABVE/Tupi ago/2026."
RN,CRUZETA,0.000000,2.000000,1.000000,-1.000000,-50.000000,-0.000638,"Emplacamentos BEV/PHEV ABVE; frota ampla SENATRAN ago/2026 e indicadores IBGE 2022, quando presentes, são medidas separadas. Recarga ABVE/Tupi ago/2026."
MT,NOVA OLIMPIA,0.000000,2.000000,1.000000,-1.000000,-50.000000,-0.000638,"Emplacamentos BEV/PHEV ABVE; frota ampla SENATRAN ago/2026 e indicadores IBGE 2022, quando presentes, são medidas separadas. Recarga ABVE/Tupi ago/2026."
MT,NOVA CANAA DO NORTE,0.000000,2.000000,1.000000,-1.000000,-50.000000,-0.000638,"Emplacamentos BEV/PHEV ABVE; frota ampla SENATRAN ago/2026 e indicadores IBGE 2022, quando presentes, são medidas separadas. Recarga ABVE/Tupi ago/2026."
MT,SANTO ANTONIO DO LESTE,0.000000,2.000000,1.000000,-1.000000,-50.000000,-0.000638,"Emplacamentos BEV/PHEV ABVE; frota ampla SENATRAN ago/2026 e indicadores IBGE 2022, quando presentes, são medidas separadas. Recarga ABVE/Tupi ago/2026."
MT,PORTO ALEGRE DO NORTE,0.000000,1.000000,0.000000,-1.000000,-100.000000,-0.000638,"Emplacamentos BEV/PHEV ABVE; frota ampla SENATRAN ago/2026 e indicadores IBGE 2022, quando presentes, são medidas separadas. Recarga ABVE/Tupi ago/2026."
MA,CONCEICAO DO LAGO-ACU,0.000000,1.000000,0.000000,-1.000000,-100.000000,-0.000638,"Emplacamentos BEV/PHEV ABVE; frota ampla SENATRAN ago/2026 e indicadores IBGE 2022, quando presentes, são medidas separadas. Recarga ABVE/Tupi ago/2026."
MA,CIDELANDIA,0.000000,2.000000,1.000000,-1.000000,-50.000000,-0.000638,"Emplacamentos BEV/PHEV ABVE; frota ampla SENATRAN ago/2026 e indicadores IBGE 2022, quando presentes, são medidas separadas. Recarga ABVE/Tupi ago/2026."
PR,VERE,0.000000,3.000000,2.000000,-1.000000,-33.333333,-0.000638,"Emplacamentos BEV/PHEV ABVE; frota ampla SENATRAN ago/2026 e indicadores IBGE 2022, quando presentes, são medidas separadas. Recarga ABVE/Tupi ago/2026."
PR,TUNEIRAS DO OESTE,0.000000,1.000000,0.000000,-1.000000,-100.000000,-0.000638,"Emplacamentos BEV/PHEV ABVE; frota ampla SENATRAN ago/2026 e indicadores IBGE 2022, quando presentes, são medidas separadas. Recarga ABVE/Tupi ago/2026."
BA,IBIASSUCE,0.000000,2.000000,1.000000,-1.000000,-50.000000,-0.000638,"Emplacamentos BEV/PHEV ABVE; frota ampla SENATRAN ago/2026 e indicadores IBGE 2022, quando presentes, são medidas separadas. Recarga ABVE/Tupi ago/2026."
ES,LARANJA DA TERRA,0.000000,1.000000,0.000000,-1.000000,-100.000000,-0.000638,"Emplacamentos BEV/PHEV ABVE; frota ampla SENATRAN ago/2026 e indicadores IBGE 2022, quando presentes, são medidas separadas. Recarga ABVE/Tupi ago/2026."
MT,DOM AQUINO,0.000000,2.000000,1.000000,-1.000000,-50.000000,-0.000638,"Emplacamentos BEV/PHEV ABVE; frota ampla SENATRAN ago/2026 e indicadores IBGE 2022, quando presentes, são medidas separadas. Recarga ABVE/Tupi ago/2026."
MT,DENISE,0.000000,1.000000,0.000000,-1.000000,-100.000000,-0.000638,"Emplacamentos BEV/PHEV ABVE; frota ampla SENATRAN ago/2026 e indicadores IBGE 2022, quando presentes, são medidas separadas. Recarga ABVE/Tupi ago/2026."
MT,CARLINDA,0.000000,1.000000,0.000000,-1.000000,-100.000000,-0.000638,"Emplacamentos BEV/PHEV ABVE; frota ampla SENATRAN ago/2026 e indicadores IBGE 2022, quando presentes, são medidas separadas. Recarga ABVE/Tupi ago/2026."
MT,NOVA BANDEIRANTES,0.000000,1.000000,0.000000,-1.000000,-100.000000,-0.000638,"Emplacamentos BEV/PHEV ABVE; frota ampla SENATRAN ago/2026 e indicadores IBGE 2022, quando presentes, são medidas separadas. Recarga ABVE/Tupi ago/2026."
MT,JAURU,0.000000,1.000000,0.000000,-1.000000,-100.000000,-0.000638,"Emplacamentos BEV/PHEV ABVE; frota ampla SENATRAN ago/2026 e indicadores IBGE 2022, quando presentes, são medidas separadas. Recarga ABVE/Tupi ago/2026."
BA,IGAPORA,0.000000,1.000000,0.000000,-1.000000,-100.000000,-0.000638,"Emplacamentos BEV/PHEV ABVE; frota ampla SENATRAN ago/2026 e indicadores IBGE 2022, quando presentes, são medidas separadas. Recarga ABVE/Tupi ago/2026."
SP,BOFETE,1.000000,1.000000,0.000000,-1.000000,-100.000000,-0.000638,"Emplacamentos BEV/PHEV ABVE; frota ampla SENATRAN ago/2026 e indicadores IBGE 2022, quando presentes, são medidas separadas. Recarga ABVE/Tupi ago/2026."
SP,CAIABU,0.000000,1.000000,0.000000,-1.000000,-100.000000,-0.000638,"Emplacamentos BEV/PHEV ABVE; frota ampla SENATRAN ago/2026 e indicadores IBGE 2022, quando presentes, são medidas separadas. Recarga ABVE/Tupi ago/2026."
CE,URUBURETAMA,0.000000,1.000000,0.000000,-1.000000,-100.000000,-0.000638,"Emplacamentos BEV/PHEV ABVE; frota ampla SENATRAN ago/2026 e indicadores IBGE 2022, quando presentes, são medidas separadas. Recarga ABVE/Tupi ago/2026."
RN,ALMINO AFONSO,0.000000,1.000000,0.000000,-1.000000,-100.000000,-0.000638,"Emplacamentos BEV/PHEV ABVE; frota ampla SENATRAN ago/2026 e indicadores IBGE 2022, quando presentes, são medidas separadas. Recarga ABVE/Tupi ago/2026."
MA,PERI MIRIM,0.000000,1.000000,0.000000,-1.000000,-100.000000,-0.000638,"Emplacamentos BEV/PHEV ABVE; frota ampla SENATRAN ago/2026 e indicadores IBGE 2022, quando presentes, são medidas separadas. Recarga ABVE/Tupi ago/2026."
MA,PASTOS BONS,1.000000,2.000000,1.000000,-1.000000,-50.000000,-0.000638,"Emplacamentos BEV/PHEV ABVE; frota ampla SENATRAN ago/2026 e indicadores IBGE 2022, quando presentes, são medidas separadas. Recarga ABVE/Tupi ago/2026."
CE,CEDRO,0.000000,2.000000,1.000000,-1.000000,-50.000000,-0.000638,"Emplacamentos BEV/PHEV ABVE; frota ampla SENATRAN ago/2026 e indicadores IBGE 2022, quando presentes, são medidas separadas. Recarga ABVE/Tupi ago/2026."
CE,CATUNDA,0.000000,1.000000,0.000000,-1.000000,-100.000000,-0.000638,"Emplacamentos BEV/PHEV ABVE; frota ampla SENATRAN ago/2026 e indicadores IBGE 2022, quando presentes, são medidas separadas. Recarga ABVE/Tupi ago/2026."
SE,ITABI,0.000000,1.000000,0.000000,-1.000000,-100.000000,-0.000638,"Emplacamentos BEV/PHEV ABVE; frota ampla SENATRAN ago/2026 e indicadores IBGE 2022, quando presentes, são medidas separadas. Recarga ABVE/Tupi ago/2026."
SE,ILHA DAS FLORES,0.000000,1.000000,0.000000,-1.000000,-100.000000,-0.000638,"Emplacamentos BEV/PHEV ABVE; frota ampla SENATRAN ago/2026 e indicadores IBGE 2022, quando presentes, são medidas separadas. Recarga ABVE/Tupi ago/2026."
RS,PARAISO DO SUL,0.000000,1.000000,0.000000,-1.000000,-100.000000,-0.000638,"Emplacamentos BEV/PHEV ABVE; frota ampla SENATRAN ago/2026 e indicadores IBGE 2022, quando presentes, são medidas separadas. Recarga ABVE/Tupi ago/2026."
RS,PORTO XAVIER,0.000000,3.000000,2.000000,-1.000000,-33.333333,-0.000638,"Emplacamentos BEV/PHEV ABVE; frota ampla SENATRAN ago/2026 e indicadores IBGE 2022, quando presentes, são medidas separadas. Recarga ABVE/Tupi ago/2026."
CE,BARROQUINHA,0.000000,1.000000,0.000000,-1.000000,-100.000000,-0.000638,"Emplacamentos BEV/PHEV ABVE; frota ampla SENATRAN ago/2026 e indicadores IBGE 2022, quando presentes, são medidas separadas. Recarga ABVE/Tupi ago/2026."
RS,MATO LEITAO,0.000000,1.000000,0.000000,-1.000000,-100.000000,-0.000638,"Emplacamentos BEV/PHEV ABVE; frota ampla SENATRAN ago/2026 e indicadores IBGE 2022, quando presentes, são medidas separadas. Recarga ABVE/Tupi ago/2026."
RS,MAMPITUBA,0.000000,1.000000,0.000000,-1.000000,-100.000000,-0.000638,"Emplacamentos BEV/PHEV ABVE; frota ampla SENATRAN ago/2026 e indicadores IBGE 2022, quando presentes, são medidas separadas. Recarga ABVE/Tupi ago/2026."
RS,NOVA ESPERANCA DO SUL,0.000000,2.000000,1.000000,-1.000000,-50.000000,-0.000638,"Emplacamentos BEV/PHEV ABVE; frota ampla SENATRAN ago/2026 e indicadores IBGE 2022, quando presentes, são medidas separadas. Recarga ABVE/Tupi ago/2026."
RS,NOVA BRESCIA,1.000000,1.000000,0.000000,-1.000000,-100.000000,-0.000638,"Emplacamentos BEV/PHEV ABVE; frota ampla SENATRAN ago/2026 e indicadores IBGE 2022, quando presentes, são medidas separadas. Recarga ABVE/Tupi ago/2026."
RS,NONOAI,3.000000,4.000000,3.000000,-1.000000,-25.000000,-0.000638,"Emplacamentos BEV/PHEV ABVE; frota ampla SENATRAN ago/2026 e indicadores IBGE 2022, quando presentes, são medidas separadas. Recarga ABVE/Tupi ago/2026."
RS,MONTE BELO DO SUL,0.000000,1.000000,0.000000,-1.000000,-100.000000,-0.000638,"Emplacamentos BEV/PHEV ABVE; frota ampla SENATRAN ago/2026 e indicadores IBGE 2022, quando presentes, são medidas separadas. Recarga ABVE/Tupi ago/2026."
RO,CHUPINGUAIA,0.000000,1.000000,0.000000,-1.000000,-100.000000,-0.000638,"Emplacamentos BEV/PHEV ABVE; frota ampla SENATRAN ago/2026 e indicadores IBGE 2022, quando presentes, são medidas separadas. Recarga ABVE/Tupi ago/2026."
RR,SAO LUIZ,0.000000,1.000000,0.000000,-1.000000,-100.000000,-0.000638,"Emplacamentos BEV/PHEV ABVE; frota ampla SENATRAN ago/2026 e indicadores IBGE 2022, quando presentes, são medidas separadas. Recarga ABVE/Tupi ago/2026."
MS,SANTA RITA DO PARDO,1.000000,1.000000,0.000000,-1.000000,-100.000000,-0.000638,"Emplacamentos BEV/PHEV ABVE; frota ampla SENATRAN ago/2026 e indicadores IBGE 2022, quando presentes, são medidas separadas. Recarga ABVE/Tupi ago/2026."
MS,NOVA ANDRADINA,8.000000,10.000000,9.000000,-1.000000,-10.000000,-0.000638,"Emplacamentos BEV/PHEV ABVE; frota ampla SENATRAN ago/2026 e indicadores IBGE 2022, quando presentes, são medidas separadas. Recarga ABVE/Tupi ago/2026."
MS,MUNDO NOVO,0.000000,3.000000,2.000000,-1.000000,-33.333333,-0.000638,"Emplacamentos BEV/PHEV ABVE; frota ampla SENATRAN ago/2026 e indicadores IBGE 2022, quando presentes, são medidas separadas. Recarga ABVE/Tupi ago/2026."
SP,QUADRA,0.000000,2.000000,1.000000,-1.000000,-50.000000,-0.000638,"Emplacamentos BEV/PHEV ABVE; frota ampla SENATRAN ago/2026 e indicadores IBGE 2022, quando presentes, são medidas separadas. Recarga ABVE/Tupi ago/2026."
SP,PRESIDENTE ALVES,1.000000,1.000000,0.000000,-1.000000,-100.000000,-0.000638,"Emplacamentos BEV/PHEV ABVE; frota ampla SENATRAN ago/2026 e indicadores IBGE 2022, quando presentes, são medidas separadas. Recarga ABVE/Tupi ago/2026."
RN,LUCRECIA,0.000000,1.000000,0.000000,-1.000000,-100.000000,-0.000638,"Emplacamentos BEV/PHEV ABVE; frota ampla SENATRAN ago/2026 e indicadores IBGE 2022, quando presentes, são medidas separadas. Recarga ABVE/Tupi ago/2026."
RN,LAGOA DE VELHOS,0.000000,1.000000,0.000000,-1.000000,-100.000000,-0.000638,"Emplacamentos BEV/PHEV ABVE; frota ampla SENATRAN ago/2026 e indicadores IBGE 2022, quando presentes, são medidas separadas. Recarga ABVE/Tupi ago/2026."
SP,BARBOSA,0.000000,1.000000,0.000000,-1.000000,-100.000000,-0.000638,"Emplacamentos BEV/PHEV ABVE; frota ampla SENATRAN ago/2026 e indicadores IBGE 2022, quando presentes, são medidas separadas. Recarga ABVE/Tupi ago/2026."
SP,BANANAL,0.000000,2.000000,1.000000,-1.000000,-50.000000,-0.000638,"Emplacamentos BEV/PHEV ABVE; frota ampla SENATRAN ago/2026 e indicadores IBGE 2022, quando presentes, são medidas separadas. Recarga ABVE/Tupi ago/2026."
MT,GAUCHA DO NORTE,0.000000,2.000000,1.000000,-1.000000,-50.000000,-0.000638,"Emplacamentos BEV/PHEV ABVE; frota ampla SENATRAN ago/2026 e indicadores IBGE 2022, quando presentes, são medidas separadas. Recarga ABVE/Tupi ago/2026."
AL,SAO MIGUEL DOS MILAGRES,1.000000,3.000000,2.000000,-1.000000,-33.333333,-0.000638,"Emplacamentos BEV/PHEV ABVE; frota ampla SENATRAN ago/2026 e indicadores IBGE 2022, quando presentes, são medidas separadas. Recarga ABVE/Tupi ago/2026."
MS,ITAQUIRAI,0.000000,1.000000,0.000000,-1.000000,-100.000000,-0.000638,"Emplacamentos BEV/PHEV ABVE; frota ampla SENATRAN ago/2026 e indicadores IBGE 2022, quando presentes, são medidas separadas. Recarga ABVE/Tupi ago/2026."
MS,FATIMA DO SUL,4.000000,7.000000,6.000000,-1.000000,-14.285714,-0.000638,"Emplacamentos BEV/PHEV ABVE; frota ampla SENATRAN ago/2026 e indicadores IBGE 2022, quando presentes, são medidas separadas. Recarga ABVE/Tupi ago/2026."
MS,DOIS IRMAOS DO BURITI,0.000000,1.000000,0.000000,-1.000000,-100.000000,-0.000638,"Emplacamentos BEV/PHEV ABVE; frota ampla SENATRAN ago/2026 e indicadores IBGE 2022, quando presentes, são medidas separadas. Recarga ABVE/Tupi ago/2026."
MS,CORONEL SAPUCAIA,0.000000,1.000000,0.000000,-1.000000,-100.000000,-0.000638,"Emplacamentos BEV/PHEV ABVE; frota ampla SENATRAN ago/2026 e indicadores IBGE 2022, quando presentes, são medidas separadas. Recarga ABVE/Tupi ago/2026."
RR,PACARAIMA,0.000000,1.000000,0.000000,-1.000000,-100.000000,-0.000638,"Emplacamentos BEV/PHEV ABVE; frota ampla SENATRAN ago/2026 e indicadores IBGE 2022, quando presentes, são medidas separadas. Recarga ABVE/Tupi ago/2026."
RR,CARACARAI,1.000000,1.000000,0.000000,-1.000000,-100.000000,-0.000638,"Emplacamentos BEV/PHEV ABVE; frota ampla SENATRAN ago/2026 e indicadores IBGE 2022, quando presentes, são medidas separadas. Recarga ABVE/Tupi ago/2026."
BA,JACARACI,0.000000,2.000000,1.000000,-1.000000,-50.000000,-0.000638,"Emplacamentos BEV/PHEV ABVE; frota ampla SENATRAN ago/2026 e indicadores IBGE 2022, quando presentes, são medidas separadas. Recarga ABVE/Tupi ago/2026."
RS,BALNEARIO PINHAL,0.000000,1.000000,0.000000,-1.000000,-100.000000,-0.000638,"Emplacamentos BEV/PHEV ABVE; frota ampla SENATRAN ago/2026 e indicadores IBGE 2022, quando presentes, são medidas separadas. Recarga ABVE/Tupi ago/2026."
CE,OROS,0.000000,1.000000,0.000000,-1.000000,-100.000000,-0.000638,"Emplacamentos BEV/PHEV ABVE; frota ampla SENATRAN ago/2026 e indicadores IBGE 2022, quando presentes, são medidas separadas. Recarga ABVE/Tupi ago/2026."
BA,ITANHEM,0.000000,1.000000,0.000000,-1.000000,-100.000000,-0.000638,"Emplacamentos BEV/PHEV ABVE; frota ampla SENATRAN ago/2026 e indicadores IBGE 2022, quando presentes, são medidas separadas. Recarga ABVE/Tupi ago/2026."
SP,ARAPEI,0.000000,1.000000,0.000000,-1.000000,-100.000000,-0.000638,"Emplacamentos BEV/PHEV ABVE; frota ampla SENATRAN ago/2026 e indicadores IBGE 2022, quando presentes, são medidas separadas. Recarga ABVE/Tupi ago/2026."
CE,PIQUET CARNEIRO,1.000000,2.000000,1.000000,-1.000000,-50.000000,-0.000638,"Emplacamentos BEV/PHEV ABVE; frota ampla SENATRAN ago/2026 e indicadores IBGE 2022, quando presentes, são medidas separadas. Recarga ABVE/Tupi ago/2026."
RO,CACAULANDIA,1.000000,1.000000,0.000000,-1.000000,-100.000000,-0.000638,"Emplacamentos BEV/PHEV ABVE; frota ampla SENATRAN ago/2026 e indicadores IBGE 2022, quando presentes, são medidas separadas. Recarga ABVE/Tupi ago/2026."
RO,PIMENTA BUENO,1.000000,10.000000,9.000000,-1.000000,-10.000000,-0.000638,"Emplacamentos BEV/PHEV ABVE; frota ampla SENATRAN ago/2026 e indicadores IBGE 2022, quando presentes, são medidas separadas. Recarga ABVE/Tupi ago/2026."
RO,PARECIS,0.000000,1.000000,0.000000,-1.000000,-100.000000,-0.000638,"Emplacamentos BEV/PHEV ABVE; frota ampla SENATRAN ago/2026 e indicadores IBGE 2022, quando presentes, são medidas separadas. Recarga ABVE/Tupi ago/2026."
MA,OLHO D'AGUA DAS CUNHAS,0.000000,1.000000,0.000000,-1.000000,-100.000000,-0.000638,"Emplacamentos BEV/PHEV ABVE; frota ampla SENATRAN ago/2026 e indicadores IBGE 2022, quando presentes, são medidas separadas. Recarga ABVE/Tupi ago/2026."
MA,NOVA COLINAS,0.000000,1.000000,0.000000,-1.000000,-100.000000,-0.000638,"Emplacamentos BEV/PHEV ABVE; frota ampla SENATRAN ago/2026 e indicadores IBGE 2022, quando presentes, são medidas separadas. Recarga ABVE/Tupi ago/2026."
SP,ALFREDO MARCONDES,0.000000,1.000000,0.000000,-1.000000,-100.000000,-0.000638,"Emplacamentos BEV/PHEV ABVE; frota ampla SENATRAN ago/2026 e indicadores IBGE 2022, quando presentes, são medidas separadas. Recarga ABVE/Tupi ago/2026."
RS,CORONEL BICACO,0.000000,2.000000,1.000000,-1.000000,-50.000000,-0.000638,"Emplacamentos BEV/PHEV ABVE; frota ampla SENATRAN ago/2026 e indicadores IBGE 2022, quando presentes, são medidas separadas. Recarga ABVE/Tupi ago/2026."
RS,COQUEIRO BAIXO,0.000000,1.000000,0.000000,-1.000000,-100.000000,-0.000638,"Emplacamentos BEV/PHEV ABVE; frota ampla SENATRAN ago/2026 e indicadores IBGE 2022, quando presentes, são medidas separadas. Recarga ABVE/Tupi ago/2026."
RS,CIRIACO,0.000000,2.000000,1.000000,-1.000000,-50.000000,-0.000638,"Emplacamentos BEV/PHEV ABVE; frota ampla SENATRAN ago/2026 e indicadores IBGE 2022, quando presentes, são medidas separadas. Recarga ABVE/Tupi ago/2026."
RS,CHARRUA,0.000000,1.000000,0.000000,-1.000000,-100.000000,-0.000638,"Emplacamentos BEV/PHEV ABVE; frota ampla SENATRAN ago/2026 e indicadores IBGE 2022, quando presentes, são medidas separadas. Recarga ABVE/Tupi ago/2026."
RS,DOM PEDRO DE ALCANTARA,0.000000,1.000000,0.000000,-1.000000,-100.000000,-0.000638,"Emplacamentos BEV/PHEV ABVE; frota ampla SENATRAN ago/2026 e indicadores IBGE 2022, quando presentes, são medidas separadas. Recarga ABVE/Tupi ago/2026."
RS,DILERMANDO DE AGUIAR,0.000000,1.000000,0.000000,-1.000000,-100.000000,-0.000638,"Emplacamentos BEV/PHEV ABVE; frota ampla SENATRAN ago/2026 e indicadores IBGE 2022, quando presentes, são medidas separadas. Recarga ABVE/Tupi ago/2026."
RS,CRUZALTENSE,0.000000,1.000000,0.000000,-1.000000,-100.000000,-0.000638,"Emplacamentos BEV/PHEV ABVE; frota ampla SENATRAN ago/2026 e indicadores IBGE 2022, quando presentes, são medidas separadas. Recarga ABVE/Tupi ago/2026."
RS,IBIACA,1.000000,1.000000,0.000000,-1.000000,-100.000000,-0.000638,"Emplacamentos BEV/PHEV ABVE; frota ampla SENATRAN ago/2026 e indicadores IBGE 2022, quando presentes, são medidas separadas. Recarga ABVE/Tupi ago/2026."
MS,BRASILANDIA,1.000000,2.000000,1.000000,-1.000000,-50.000000,-0.000638,"Emplacamentos BEV/PHEV ABVE; frota ampla SENATRAN ago/2026 e indicadores IBGE 2022, quando presentes, são medidas separadas. Recarga ABVE/Tupi ago/2026."
RS,ILOPOLIS,0.000000,1.000000,0.000000,-1.000000,-100.000000,-0.000638,"Emplacamentos BEV/PHEV ABVE; frota ampla SENATRAN ago/2026 e indicadores IBGE 2022, quando presentes, são medidas separadas. Recarga ABVE/Tupi ago/2026."
RS,JULIO DE CASTILHOS,3.000000,2.000000,1.000000,-1.000000,-50.000000,-0.000638,"Emplacamentos BEV/PHEV ABVE; frota ampla SENATRAN ago/2026 e indicadores IBGE 2022, quando presentes, são medidas separadas. Recarga ABVE/Tupi ago/2026."
RS,JABOTICABA,0.000000,1.000000,0.000000,-1.000000,-100.000000,-0.000638,"Emplacamentos BEV/PHEV ABVE; frota ampla SENATRAN ago/2026 e indicadores IBGE 2022, quando presentes, são medidas separadas. Recarga ABVE/Tupi ago/2026."
MG,SANTO ANTONIO DO AMPARO,0.000000,1.000000,0.000000,-1.000000,-100.000000,-0.000638,"Emplacamentos BEV/PHEV ABVE; frota ampla SENATRAN ago/2026 e indicadores IBGE 2022, quando presentes, são medidas separadas. Recarga ABVE/Tupi ago/2026."
MG,SANTA ROSA DA SERRA,0.000000,1.000000,0.000000,-1.000000,-100.000000,-0.000638,"Emplacamentos BEV/PHEV ABVE; frota ampla SENATRAN ago/2026 e indicadores IBGE 2022, quando presentes, são medidas separadas. Recarga ABVE/Tupi ago/2026."
AL,OLHO D'AGUA GRANDE,0.000000,1.000000,0.000000,-1.000000,-100.000000,-0.000638,"Emplacamentos BEV/PHEV ABVE; frota ampla SENATRAN ago/2026 e indicadores IBGE 2022, quando presentes, são medidas separadas. Recarga ABVE/Tupi ago/2026."
SP,SANTA BRANCA,2.000000,3.000000,2.000000,-1.000000,-33.333333,-0.000638,"Emplacamentos BEV/PHEV ABVE; frota ampla SENATRAN ago/2026 e indicadores IBGE 2022, quando presentes, são medidas separadas. Recarga ABVE/Tupi ago/2026."
MG,SAO JOSE DA BARRA,1.000000,1.000000,0.000000,-1.000000,-100.000000,-0.000638,"Emplacamentos BEV/PHEV ABVE; frota ampla SENATRAN ago/2026 e indicadores IBGE 2022, quando presentes, são medidas separadas. Recarga ABVE/Tupi ago/2026."
MG,SAO JOAO DO ORIENTE,0.000000,1.000000,0.000000,-1.000000,-100.000000,-0.000638,"Emplacamentos BEV/PHEV ABVE; frota ampla SENATRAN ago/2026 e indicadores IBGE 2022, quando presentes, são medidas separadas. Recarga ABVE/Tupi ago/2026."
MA,MATA ROMA,0.000000,2.000000,1.000000,-1.000000,-50.000000,-0.000638,"Emplacamentos BEV/PHEV ABVE; frota ampla SENATRAN ago/2026 e indicadores IBGE 2022, quando presentes, são medidas separadas. Recarga ABVE/Tupi ago/2026."
CE,CHAVAL,1.000000,1.000000,0.000000,-1.000000,-100.000000,-0.000638,"Emplacamentos BEV/PHEV ABVE; frota ampla SENATRAN ago/2026 e indicadores IBGE 2022, quando presentes, são medidas separadas. Recarga ABVE/Tupi ago/2026."
MG,POCO FUNDO,0.000000,2.000000,1.000000,-1.000000,-50.000000,-0.000638,"Emplacamentos BEV/PHEV ABVE; frota ampla SENATRAN ago/2026 e indicadores IBGE 2022, quando presentes, são medidas separadas. Recarga ABVE/Tupi ago/2026."
SP,SAO JOAO DO PAU D'ALHO,0.000000,1.000000,0.000000,-1.000000,-100.000000,-0.000638,"Emplacamentos BEV/PHEV ABVE; frota ampla SENATRAN ago/2026 e indicadores IBGE 2022, quando presentes, são medidas separadas. Recarga ABVE/Tupi ago/2026."
SP,SAO FRANCISCO,0.000000,1.000000,0.000000,-1.000000,-100.000000,-0.000638,"Emplacamentos BEV/PHEV ABVE; frota ampla SENATRAN ago/2026 e indicadores IBGE 2022, quando presentes, são medidas separadas. Recarga ABVE/Tupi ago/2026."
SP,SANTOPOLIS DO AGUAPEI,0.000000,1.000000,0.000000,-1.000000,-100.000000,-0.000638,"Emplacamentos BEV/PHEV ABVE; frota ampla SENATRAN ago/2026 e indicadores IBGE 2022, quando presentes, são medidas separadas. Recarga ABVE/Tupi ago/2026."
SP,SANTO ANTONIO DO ARACANGUA,0.000000,1.000000,0.000000,-1.000000,-100.000000,-0.000638,"Emplacamentos BEV/PHEV ABVE; frota ampla SENATRAN ago/2026 e indicadores IBGE 2022, quando presentes, são medidas separadas. Recarga ABVE/Tupi ago/2026."
SP,SANTA LUCIA,0.000000,1.000000,0.000000,-1.000000,-100.000000,-0.000638,"Emplacamentos BEV/PHEV ABVE; frota ampla SENATRAN ago/2026 e indicadores IBGE 2022, quando presentes, são medidas separadas. Recarga ABVE/Tupi ago/2026."
MG,SALINAS,0.000000,1.000000,0.000000,-1.000000,-100.000000,-0.000638,"Emplacamentos BEV/PHEV ABVE; frota ampla SENATRAN ago/2026 e indicadores IBGE 2022, quando presentes, são medidas separadas. Recarga ABVE/Tupi ago/2026."
MG,RIO PRETO,0.000000,2.000000,1.000000,-1.000000,-50.000000,-0.000638,"Emplacamentos BEV/PHEV ABVE; frota ampla SENATRAN ago/2026 e indicadores IBGE 2022, quando presentes, são medidas separadas. Recarga ABVE/Tupi ago/2026."
MG,RIO DOCE,1.000000,1.000000,0.000000,-1.000000,-100.000000,-0.000638,"Emplacamentos BEV/PHEV ABVE; frota ampla SENATRAN ago/2026 e indicadores IBGE 2022, quando presentes, são medidas separadas. Recarga ABVE/Tupi ago/2026."
RS,GENERAL CAMARA,0.000000,2.000000,1.000000,-1.000000,-50.000000,-0.000638,"Emplacamentos BEV/PHEV ABVE; frota ampla SENATRAN ago/2026 e indicadores IBGE 2022, quando presentes, são medidas separadas. Recarga ABVE/Tupi ago/2026."
SE,SAO DOMINGOS,2.000000,1.000000,0.000000,-1.000000,-100.000000,-0.000638,"Emplacamentos BEV/PHEV ABVE; frota ampla SENATRAN ago/2026 e indicadores IBGE 2022, quando presentes, são medidas separadas. Recarga ABVE/Tupi ago/2026."
CE,GUAIUBA,0.000000,1.000000,0.000000,-1.000000,-100.000000,-0.000638,"Emplacamentos BEV/PHEV ABVE; frota ampla SENATRAN ago/2026 e indicadores IBGE 2022, quando presentes, são medidas separadas. Recarga ABVE/Tupi ago/2026."
CE,GENERAL SAMPAIO,0.000000,1.000000,0.000000,-1.000000,-100.000000,-0.000638,"Emplacamentos BEV/PHEV ABVE; frota ampla SENATRAN ago/2026 e indicadores IBGE 2022, quando presentes, são medidas separadas. Recarga ABVE/Tupi ago/2026."
MG,BICAS,1.000000,1.000000,0.000000,-1.000000,-100.000000,-0.000638,"Emplacamentos BEV/PHEV ABVE; frota ampla SENATRAN ago/2026 e indicadores IBGE 2022, quando presentes, são medidas separadas. Recarga ABVE/Tupi ago/2026."
SC,JACINTO MACHADO,2.000000,1.000000,0.000000,-1.000000,-100.000000,-0.000638,"Emplacamentos BEV/PHEV ABVE; frota ampla SENATRAN ago/2026 e indicadores IBGE 2022, quando presentes, são medidas separadas. Recarga ABVE/Tupi ago/2026."
SC,IMBUIA,0.000000,2.000000,1.000000,-1.000000,-50.000000,-0.000638,"Emplacamentos BEV/PHEV ABVE; frota ampla SENATRAN ago/2026 e indicadores IBGE 2022, quando presentes, são medidas separadas. Recarga ABVE/Tupi ago/2026."
SC,RIO DO CAMPO,0.000000,1.000000,0.000000,-1.000000,-100.000000,-0.000638,"Emplacamentos BEV/PHEV ABVE; frota ampla SENATRAN ago/2026 e indicadores IBGE 2022, quando presentes, são medidas separadas. Recarga ABVE/Tupi ago/2026."
SC,PRAIA GRANDE,0.000000,3.000000,2.000000,-1.000000,-33.333333,-0.000638,"Emplacamentos BEV/PHEV ABVE; frota ampla SENATRAN ago/2026 e indicadores IBGE 2022, quando presentes, são medidas separadas. Recarga ABVE/Tupi ago/2026."
SC,JUPIA,0.000000,1.000000,0.000000,-1.000000,-100.000000,-0.000638,"Emplacamentos BEV/PHEV ABVE; frota ampla SENATRAN ago/2026 e indicadores IBGE 2022, quando presentes, são medidas separadas. Recarga ABVE/Tupi ago/2026."
SC,MIRIM DOCE,0.000000,1.000000,0.000000,-1.000000,-100.000000,-0.000638,"Emplacamentos BEV/PHEV ABVE; frota ampla SENATRAN ago/2026 e indicadores IBGE 2022, quando presentes, são medidas separadas. Recarga ABVE/Tupi ago/2026."
SC,BOM JESUS,1.000000,1.000000,0.000000,-1.000000,-100.000000,-0.000638,"Emplacamentos BEV/PHEV ABVE; frota ampla SENATRAN ago/2026 e indicadores IBGE 2022, quando presentes, são medidas separadas. Recarga ABVE/Tupi ago/2026."
SC,SAUDADES,2.000000,2.000000,1.000000,-1.000000,-50.000000,-0.000638,"Emplacamentos BEV/PHEV ABVE; frota ampla SENATRAN ago/2026 e indicadores IBGE 2022, quando presentes, são medidas separadas. Recarga ABVE/Tupi ago/2026."
SC,CORREIA PINTO,1.000000,5.000000,4.000000,-1.000000,-20.000000,-0.000638,"Emplacamentos BEV/PHEV ABVE; frota ampla SENATRAN ago/2026 e indicadores IBGE 2022, quando presentes, são medidas separadas. Recarga ABVE/Tupi ago/2026."
BA,CALDEIRAO GRANDE,0.000000,1.000000,0.000000,-1.000000,-100.000000,-0.000638,"Emplacamentos BEV/PHEV ABVE; frota ampla SENATRAN ago/2026 e indicadores IBGE 2022, quando presentes, são medidas separadas. Recarga ABVE/Tupi ago/2026."
PI,COCAL DE TELHA,0.000000,1.000000,0.000000,-1.000000,-100.000000,-0.000638,"Emplacamentos BEV/PHEV ABVE; frota ampla SENATRAN ago/2026 e indicadores IBGE 2022, quando presentes, são medidas separadas. Recarga ABVE/Tupi ago/2026."
PI,CAMPO GRANDE DO PIAUI,0.000000,1.000000,0.000000,-1.000000,-100.000000,-0.000638,"Emplacamentos BEV/PHEV ABVE; frota ampla SENATRAN ago/2026 e indicadores IBGE 2022, quando presentes, são medidas separadas. Recarga ABVE/Tupi ago/2026."
PI,BOCAINA,0.000000,1.000000,0.000000,-1.000000,-100.000000,-0.000638,"Emplacamentos BEV/PHEV ABVE; frota ampla SENATRAN ago/2026 e indicadores IBGE 2022, quando presentes, são medidas separadas. Recarga ABVE/Tupi ago/2026."
PI,BARRO DURO,1.000000,1.000000,0.000000,-1.000000,-100.000000,-0.000638,"Emplacamentos BEV/PHEV ABVE; frota ampla SENATRAN ago/2026 e indicadores IBGE 2022, quando presentes, são medidas separadas. Recarga ABVE/Tupi ago/2026."
PI,FRONTEIRAS,0.000000,1.000000,0.000000,-1.000000,-100.000000,-0.000638,"Emplacamentos BEV/PHEV ABVE; frota ampla SENATRAN ago/2026 e indicadores IBGE 2022, quando presentes, são medidas separadas. Recarga ABVE/Tupi ago/2026."
AC,CAPIXABA,0.000000,1.000000,0.000000,-1.000000,-100.000000,-0.000638,"Emplacamentos BEV/PHEV ABVE; frota ampla SENATRAN ago/2026 e indicadores IBGE 2022, quando presentes, são medidas separadas. Recarga ABVE/Tupi ago/2026."
AL,BOCA DA MATA,0.000000,2.000000,1.000000,-1.000000,-50.000000,-0.000638,"Emplacamentos BEV/PHEV ABVE; frota ampla SENATRAN ago/2026 e indicadores IBGE 2022, quando presentes, são medidas separadas. Recarga ABVE/Tupi ago/2026."
TO,ANANAS,0.000000,1.000000,0.000000,-1.000000,-100.000000,-0.000638,"Emplacamentos BEV/PHEV ABVE; frota ampla SENATRAN ago/2026 e indicadores IBGE 2022, quando presentes, são medidas separadas. Recarga ABVE/Tupi ago/2026."
TO,SANDOLANDIA,0.000000,1.000000,0.000000,-1.000000,-100.000000,-0.000638,"Emplacamentos BEV/PHEV ABVE; frota ampla SENATRAN ago/2026 e indicadores IBGE 2022, quando presentes, são medidas separadas. Recarga ABVE/Tupi ago/2026."
MG,ALPINOPOLIS,0.000000,1.000000,0.000000,-1.000000,-100.000000,-0.000638,"Emplacamentos BEV/PHEV ABVE; frota ampla SENATRAN ago/2026 e indicadores IBGE 2022, quando presentes, são medidas separadas. Recarga ABVE/Tupi ago/2026."
MG,ALFENAS,9.000000,14.000000,13.000000,-1.000000,-7.142857,-0.000638,"Emplacamentos BEV/PHEV ABVE; frota ampla SENATRAN ago/2026 e indicadores IBGE 2022, quando presentes, são medidas separadas. Recarga ABVE/Tupi ago/2026."
MG,BAEPENDI,1.000000,2.000000,1.000000,-1.000000,-50.000000,-0.000638,"Emplacamentos BEV/PHEV ABVE; frota ampla SENATRAN ago/2026 e indicadores IBGE 2022, quando presentes, são medidas separadas. Recarga ABVE/Tupi ago/2026."
BA,CAFARNAUM,0.000000,3.000000,1.000000,-2.000000,-66.666667,-0.001276,"Emplacamentos BEV/PHEV ABVE; frota ampla SENATRAN ago/2026 e indicadores IBGE 2022, quando presentes, são medidas separadas. Recarga ABVE/Tupi ago/2026."
MG,SAO SEBASTIAO DA VARGEM ALEGRE,0.000000,2.000000,0.000000,-2.000000,-100.000000,-0.001276,"Emplacamentos BEV/PHEV ABVE; frota ampla SENATRAN ago/2026 e indicadores IBGE 2022, quando presentes, são medidas separadas. Recarga ABVE/Tupi ago/2026."
PE,TRIUNFO,1.000000,3.000000,1.000000,-2.000000,-66.666667,-0.001276,"Emplacamentos BEV/PHEV ABVE; frota ampla SENATRAN ago/2026 e indicadores IBGE 2022, quando presentes, são medidas separadas. Recarga ABVE/Tupi ago/2026."
SC,BELA VISTA DO TOLDO,0.000000,2.000000,0.000000,-2.000000,-100.000000,-0.001276,"Emplacamentos BEV/PHEV ABVE; frota ampla SENATRAN ago/2026 e indicadores IBGE 2022, quando presentes, são medidas separadas. Recarga ABVE/Tupi ago/2026."
SC,QUILOMBO,2.000000,4.000000,2.000000,-2.000000,-50.000000,-0.001276,"Emplacamentos BEV/PHEV ABVE; frota ampla SENATRAN ago/2026 e indicadores IBGE 2022, quando presentes, são medidas separadas. Recarga ABVE/Tupi ago/2026."
MG,ARCEBURGO,0.000000,2.000000,0.000000,-2.000000,-100.000000,-0.001276,"Emplacamentos BEV/PHEV ABVE; frota ampla SENATRAN ago/2026 e indicadores IBGE 2022, quando presentes, são medidas separadas. Recarga ABVE/Tupi ago/2026."
SC,ITA,0.000000,3.000000,1.000000,-2.000000,-66.666667,-0.001276,"Emplacamentos BEV/PHEV ABVE; frota ampla SENATRAN ago/2026 e indicadores IBGE 2022, quando presentes, são medidas separadas. Recarga ABVE/Tupi ago/2026."
MG,SANTA JULIANA,1.000000,4.000000,2.000000,-2.000000,-50.000000,-0.001276,"Emplacamentos BEV/PHEV ABVE; frota ampla SENATRAN ago/2026 e indicadores IBGE 2022, quando presentes, são medidas separadas. Recarga ABVE/Tupi ago/2026."
RS,FORTALEZA DOS VALOS,1.000000,2.000000,0.000000,-2.000000,-100.000000,-0.001276,"Emplacamentos BEV/PHEV ABVE; frota ampla SENATRAN ago/2026 e indicadores IBGE 2022, quando presentes, são medidas separadas. Recarga ABVE/Tupi ago/2026."
RS,JAGUARI,1.000000,2.000000,0.000000,-2.000000,-100.000000,-0.001276,"Emplacamentos BEV/PHEV ABVE; frota ampla SENATRAN ago/2026 e indicadores IBGE 2022, quando presentes, são medidas separadas. Recarga ABVE/Tupi ago/2026."
MG,SANTA VITORIA,0.000000,2.000000,0.000000,-2.000000,-100.000000,-0.001276,"Emplacamentos BEV/PHEV ABVE; frota ampla SENATRAN ago/2026 e indicadores IBGE 2022, quando presentes, são medidas separadas. Recarga ABVE/Tupi ago/2026."
MG,TUPACIGUARA,3.000000,2.000000,0.000000,-2.000000,-100.000000,-0.001276,"Emplacamentos BEV/PHEV ABVE; frota ampla SENATRAN ago/2026 e indicadores IBGE 2022, quando presentes, são medidas separadas. Recarga ABVE/Tupi ago/2026."
MA,JOAO LISBOA,0.000000,3.000000,1.000000,-2.000000,-66.666667,-0.001276,"Emplacamentos BEV/PHEV ABVE; frota ampla SENATRAN ago/2026 e indicadores IBGE 2022, quando presentes, são medidas separadas. Recarga ABVE/Tupi ago/2026."
SP,PIRAJUI,1.000000,2.000000,0.000000,-2.000000,-100.000000,-0.001276,"Emplacamentos BEV/PHEV ABVE; frota ampla SENATRAN ago/2026 e indicadores IBGE 2022, quando presentes, são medidas separadas. Recarga ABVE/Tupi ago/2026."
MS,CHAPADAO DO SUL,2.000000,6.000000,4.000000,-2.000000,-33.333333,-0.001276,"Emplacamentos BEV/PHEV ABVE; frota ampla SENATRAN ago/2026 e indicadores IBGE 2022, quando presentes, são medidas separadas. Recarga ABVE/Tupi ago/2026."
SE,TOBIAS BARRETO,1.000000,4.000000,2.000000,-2.000000,-50.000000,-0.001276,"Emplacamentos BEV/PHEV ABVE; frota ampla SENATRAN ago/2026 e indicadores IBGE 2022, quando presentes, são medidas separadas. Recarga ABVE/Tupi ago/2026."
MS,BANDEIRANTES,0.000000,2.000000,0.000000,-2.000000,-100.000000,-0.001276,"Emplacamentos BEV/PHEV ABVE; frota ampla SENATRAN ago/2026 e indicadores IBGE 2022, quando presentes, são medidas separadas. Recarga ABVE/Tupi ago/2026."
SC,PIRATUBA,0.000000,3.000000,1.000000,-2.000000,-66.666667,-0.001276,"Emplacamentos BEV/PHEV ABVE; frota ampla SENATRAN ago/2026 e indicadores IBGE 2022, quando presentes, são medidas separadas. Recarga ABVE/Tupi ago/2026."
MG,CONCEICAO DOS OUROS,3.000000,2.000000,0.000000,-2.000000,-100.000000,-0.001276,"Emplacamentos BEV/PHEV ABVE; frota ampla SENATRAN ago/2026 e indicadores IBGE 2022, quando presentes, são medidas separadas. Recarga ABVE/Tupi ago/2026."
MG,CAMANDUCAIA,1.000000,5.000000,3.000000,-2.000000,-40.000000,-0.001276,"Emplacamentos BEV/PHEV ABVE; frota ampla SENATRAN ago/2026 e indicadores IBGE 2022, quando presentes, são medidas separadas. Recarga ABVE/Tupi ago/2026."
BA,SANTA CRUZ CABRALIA,1.000000,5.000000,3.000000,-2.000000,-40.000000,-0.001276,"Emplacamentos BEV/PHEV ABVE; frota ampla SENATRAN ago/2026 e indicadores IBGE 2022, quando presentes, são medidas separadas. Recarga ABVE/Tupi ago/2026."
SP,BARRA DO TURVO,0.000000,2.000000,0.000000,-2.000000,-100.000000,-0.001276,"Emplacamentos BEV/PHEV ABVE; frota ampla SENATRAN ago/2026 e indicadores IBGE 2022, quando presentes, são medidas separadas. Recarga ABVE/Tupi ago/2026."
RN,MAXARANGUAPE,1.000000,2.000000,0.000000,-2.000000,-100.000000,-0.001276,"Emplacamentos BEV/PHEV ABVE; frota ampla SENATRAN ago/2026 e indicadores IBGE 2022, quando presentes, são medidas separadas. Recarga ABVE/Tupi ago/2026."
RJ,SAO JOSE DO VALE DO RIO PRETO,7.000000,5.000000,3.000000,-2.000000,-40.000000,-0.001276,"Emplacamentos BEV/PHEV ABVE; frota ampla SENATRAN ago/2026 e indicadores IBGE 2022, quando presentes, são medidas separadas. Recarga ABVE/Tupi ago/2026."
RS,NOVA CANDELARIA,0.000000,2.000000,0.000000,-2.000000,-100.000000,-0.001276,"Emplacamentos BEV/PHEV ABVE; frota ampla SENATRAN ago/2026 e indicadores IBGE 2022, quando presentes, são medidas separadas. Recarga ABVE/Tupi ago/2026."
MT,ITIQUIRA,0.000000,2.000000,0.000000,-2.000000,-100.000000,-0.001276,"Emplacamentos BEV/PHEV ABVE; frota ampla SENATRAN ago/2026 e indicadores IBGE 2022, quando presentes, são medidas separadas. Recarga ABVE/Tupi ago/2026."
RN,IELMO MARINHO,0.000000,2.000000,0.000000,-2.000000,-100.000000,-0.001276,"Emplacamentos BEV/PHEV ABVE; frota ampla SENATRAN ago/2026 e indicadores IBGE 2022, quando presentes, são medidas separadas. Recarga ABVE/Tupi ago/2026."
ES,IBIRACU,3.000000,4.000000,2.000000,-2.000000,-50.000000,-0.001276,"Emplacamentos BEV/PHEV ABVE; frota ampla SENATRAN ago/2026 e indicadores IBGE 2022, quando presentes, são medidas separadas. Recarga ABVE/Tupi ago/2026."
CE,SENADOR SA,0.000000,4.000000,2.000000,-2.000000,-50.000000,-0.001276,"Emplacamentos BEV/PHEV ABVE; frota ampla SENATRAN ago/2026 e indicadores IBGE 2022, quando presentes, são medidas separadas. Recarga ABVE/Tupi ago/2026."
SP,PAULICEIA,0.000000,3.000000,1.000000,-2.000000,-66.666667,-0.001276,"Emplacamentos BEV/PHEV ABVE; frota ampla SENATRAN ago/2026 e indicadores IBGE 2022, quando presentes, são medidas separadas. Recarga ABVE/Tupi ago/2026."
AM,COARI,3.000000,2.000000,0.000000,-2.000000,-100.000000,-0.001276,"Emplacamentos BEV/PHEV ABVE; frota ampla SENATRAN ago/2026 e indicadores IBGE 2022, quando presentes, são medidas separadas. Recarga ABVE/Tupi ago/2026."
BA,IBOTIRAMA,0.000000,4.000000,2.000000,-2.000000,-50.000000,-0.001276,"Emplacamentos BEV/PHEV ABVE; frota ampla SENATRAN ago/2026 e indicadores IBGE 2022, quando presentes, são medidas separadas. Recarga ABVE/Tupi ago/2026."
ES,SAO DOMINGOS DO NORTE,1.000000,3.000000,1.000000,-2.000000,-66.666667,-0.001276,"Emplacamentos BEV/PHEV ABVE; frota ampla SENATRAN ago/2026 e indicadores IBGE 2022, quando presentes, são medidas separadas. Recarga ABVE/Tupi ago/2026."
GO,CACHOEIRA ALTA,1.000000,4.000000,2.000000,-2.000000,-50.000000,-0.001276,"Emplacamentos BEV/PHEV ABVE; frota ampla SENATRAN ago/2026 e indicadores IBGE 2022, quando presentes, são medidas separadas. Recarga ABVE/Tupi ago/2026."
PR,PRIMEIRO DE MAIO,0.000000,3.000000,1.000000,-2.000000,-66.666667,-0.001276,"Emplacamentos BEV/PHEV ABVE; frota ampla SENATRAN ago/2026 e indicadores IBGE 2022, quando presentes, são medidas separadas. Recarga ABVE/Tupi ago/2026."
SP,ORINDIUVA,1.000000,3.000000,1.000000,-2.000000,-66.666667,-0.001276,"Emplacamentos BEV/PHEV ABVE; frota ampla SENATRAN ago/2026 e indicadores IBGE 2022, quando presentes, são medidas separadas. Recarga ABVE/Tupi ago/2026."
SP,SEVERINIA,0.000000,3.000000,1.000000,-2.000000,-66.666667,-0.001276,"Emplacamentos BEV/PHEV ABVE; frota ampla SENATRAN ago/2026 e indicadores IBGE 2022, quando presentes, são medidas separadas. Recarga ABVE/Tupi ago/2026."
RJ,ITATIAIA,44.000000,42.000000,40.000000,-2.000000,-4.761905,-0.001276,"Emplacamentos BEV/PHEV ABVE; frota ampla SENATRAN ago/2026 e indicadores IBGE 2022, quando presentes, são medidas separadas. Recarga ABVE/Tupi ago/2026."
PR,SANTA TEREZINHA DE ITAIPU,5.000000,7.000000,5.000000,-2.000000,-28.571429,-0.001276,"Emplacamentos BEV/PHEV ABVE; frota ampla SENATRAN ago/2026 e indicadores IBGE 2022, quando presentes, são medidas separadas. Recarga ABVE/Tupi ago/2026."
RS,SELBACH,3.000000,3.000000,1.000000,-2.000000,-66.666667,-0.001276,"Emplacamentos BEV/PHEV ABVE; frota ampla SENATRAN ago/2026 e indicadores IBGE 2022, quando presentes, são medidas separadas. Recarga ABVE/Tupi ago/2026."
PE,LAJEDO,0.000000,3.000000,1.000000,-2.000000,-66.666667,-0.001276,"Emplacamentos BEV/PHEV ABVE; frota ampla SENATRAN ago/2026 e indicadores IBGE 2022, quando presentes, são medidas separadas. Recarga ABVE/Tupi ago/2026."
GO,GOIANAPOLIS,0.000000,4.000000,2.000000,-2.000000,-50.000000,-0.001276,"Emplacamentos BEV/PHEV ABVE; frota ampla SENATRAN ago/2026 e indicadores IBGE 2022, quando presentes, são medidas separadas. Recarga ABVE/Tupi ago/2026."
GO,SANTA BARBARA DE GOIAS,2.000000,3.000000,1.000000,-2.000000,-66.666667,-0.001276,"Emplacamentos BEV/PHEV ABVE; frota ampla SENATRAN ago/2026 e indicadores IBGE 2022, quando presentes, são medidas separadas. Recarga ABVE/Tupi ago/2026."
SP,MARIAPOLIS,0.000000,3.000000,1.000000,-2.000000,-66.666667,-0.001276,"Emplacamentos BEV/PHEV ABVE; frota ampla SENATRAN ago/2026 e indicadores IBGE 2022, quando presentes, são medidas separadas. Recarga ABVE/Tupi ago/2026."
PB,SUME,0.000000,3.000000,1.000000,-2.000000,-66.666667,-0.001276,"Emplacamentos BEV/PHEV ABVE; frota ampla SENATRAN ago/2026 e indicadores IBGE 2022, quando presentes, são medidas separadas. Recarga ABVE/Tupi ago/2026."
MG,ITABIRINHA,0.000000,2.000000,0.000000,-2.000000,-100.000000,-0.001276,"Emplacamentos BEV/PHEV ABVE; frota ampla SENATRAN ago/2026 e indicadores IBGE 2022, quando presentes, são medidas separadas. Recarga ABVE/Tupi ago/2026."
MG,GONCALVES,0.000000,2.000000,0.000000,-2.000000,-100.000000,-0.001276,"Emplacamentos BEV/PHEV ABVE; frota ampla SENATRAN ago/2026 e indicadores IBGE 2022, quando presentes, são medidas separadas. Recarga ABVE/Tupi ago/2026."
MG,ENGENHEIRO CALDAS,0.000000,2.000000,0.000000,-2.000000,-100.000000,-0.001276,"Emplacamentos BEV/PHEV ABVE; frota ampla SENATRAN ago/2026 e indicadores IBGE 2022, quando presentes, são medidas separadas. Recarga ABVE/Tupi ago/2026."
PR,MARILANDIA DO SUL,1.000000,3.000000,1.000000,-2.000000,-66.666667,-0.001276,"Emplacamentos BEV/PHEV ABVE; frota ampla SENATRAN ago/2026 e indicadores IBGE 2022, quando presentes, são medidas separadas. Recarga ABVE/Tupi ago/2026."
SC,PAPANDUVA,3.000000,5.000000,3.000000,-2.000000,-40.000000,-0.001276,"Emplacamentos BEV/PHEV ABVE; frota ampla SENATRAN ago/2026 e indicadores IBGE 2022, quando presentes, são medidas separadas. Recarga ABVE/Tupi ago/2026."
BA,BELO CAMPO,0.000000,4.000000,2.000000,-2.000000,-50.000000,-0.001276,"Emplacamentos BEV/PHEV ABVE; frota ampla SENATRAN ago/2026 e indicadores IBGE 2022, quando presentes, são medidas separadas. Recarga ABVE/Tupi ago/2026."
PR,ALVORADA DO SUL,0.000000,3.000000,1.000000,-2.000000,-66.666667,-0.001276,"Emplacamentos BEV/PHEV ABVE; frota ampla SENATRAN ago/2026 e indicadores IBGE 2022, quando presentes, são medidas separadas. Recarga ABVE/Tupi ago/2026."
PI,REGENERACAO,0.000000,3.000000,1.000000,-2.000000,-66.666667,-0.001276,"Emplacamentos BEV/PHEV ABVE; frota ampla SENATRAN ago/2026 e indicadores IBGE 2022, quando presentes, são medidas separadas. Recarga ABVE/Tupi ago/2026."
SC,MONTE CASTELO,0.000000,2.000000,0.000000,-2.000000,-100.000000,-0.001276,"Emplacamentos BEV/PHEV ABVE; frota ampla SENATRAN ago/2026 e indicadores IBGE 2022, quando presentes, são medidas separadas. Recarga ABVE/Tupi ago/2026."
PE,SAO JOSE DO EGITO,3.000000,3.000000,1.000000,-2.000000,-66.666667,-0.001276,"Emplacamentos BEV/PHEV ABVE; frota ampla SENATRAN ago/2026 e indicadores IBGE 2022, quando presentes, são medidas separadas. Recarga ABVE/Tupi ago/2026."
PE,SAO VICENTE FERRER,0.000000,5.000000,3.000000,-2.000000,-40.000000,-0.001276,"Emplacamentos BEV/PHEV ABVE; frota ampla SENATRAN ago/2026 e indicadores IBGE 2022, quando presentes, são medidas separadas. Recarga ABVE/Tupi ago/2026."
SC,TIMBE DO SUL,0.000000,2.000000,0.000000,-2.000000,-100.000000,-0.001276,"Emplacamentos BEV/PHEV ABVE; frota ampla SENATRAN ago/2026 e indicadores IBGE 2022, quando presentes, são medidas separadas. Recarga ABVE/Tupi ago/2026."
AC,EPITACIOLANDIA,1.000000,6.000000,4.000000,-2.000000,-33.333333,-0.001276,"Emplacamentos BEV/PHEV ABVE; frota ampla SENATRAN ago/2026 e indicadores IBGE 2022, quando presentes, são medidas separadas. Recarga ABVE/Tupi ago/2026."
GO,MOSSAMEDES,0.000000,2.000000,0.000000,-2.000000,-100.000000,-0.001276,"Emplacamentos BEV/PHEV ABVE; frota ampla SENATRAN ago/2026 e indicadores IBGE 2022, quando presentes, são medidas separadas. Recarga ABVE/Tupi ago/2026."
GO,MAURILANDIA,0.000000,3.000000,1.000000,-2.000000,-66.666667,-0.001276,"Emplacamentos BEV/PHEV ABVE; frota ampla SENATRAN ago/2026 e indicadores IBGE 2022, quando presentes, são medidas separadas. Recarga ABVE/Tupi ago/2026."
BA,CASTRO ALVES,0.000000,2.000000,0.000000,-2.000000,-100.000000,-0.001276,"Emplacamentos BEV/PHEV ABVE; frota ampla SENATRAN ago/2026 e indicadores IBGE 2022, quando presentes, são medidas separadas. Recarga ABVE/Tupi ago/2026."
SP,LAVINIA,0.000000,2.000000,0.000000,-2.000000,-100.000000,-0.001276,"Emplacamentos BEV/PHEV ABVE; frota ampla SENATRAN ago/2026 e indicadores IBGE 2022, quando presentes, são medidas separadas. Recarga ABVE/Tupi ago/2026."
MS,BATAGUASSU,0.000000,4.000000,1.000000,-3.000000,-75.000000,-0.001914,"Emplacamentos BEV/PHEV ABVE; frota ampla SENATRAN ago/2026 e indicadores IBGE 2022, quando presentes, são medidas separadas. Recarga ABVE/Tupi ago/2026."
SC,DIONISIO CERQUEIRA,3.000000,4.000000,1.000000,-3.000000,-75.000000,-0.001914,"Emplacamentos BEV/PHEV ABVE; frota ampla SENATRAN ago/2026 e indicadores IBGE 2022, quando presentes, são medidas separadas. Recarga ABVE/Tupi ago/2026."
MG,SAO JOAQUIM DE BICAS,0.000000,5.000000,2.000000,-3.000000,-60.000000,-0.001914,"Emplacamentos BEV/PHEV ABVE; frota ampla SENATRAN ago/2026 e indicadores IBGE 2022, quando presentes, são medidas separadas. Recarga ABVE/Tupi ago/2026."
SC,XAVANTINA,0.000000,3.000000,0.000000,-3.000000,-100.000000,-0.001914,"Emplacamentos BEV/PHEV ABVE; frota ampla SENATRAN ago/2026 e indicadores IBGE 2022, quando presentes, são medidas separadas. Recarga ABVE/Tupi ago/2026."
PE,BODOCO,0.000000,3.000000,0.000000,-3.000000,-100.000000,-0.001914,"Emplacamentos BEV/PHEV ABVE; frota ampla SENATRAN ago/2026 e indicadores IBGE 2022, quando presentes, são medidas separadas. Recarga ABVE/Tupi ago/2026."
SP,DOURADO,0.000000,3.000000,0.000000,-3.000000,-100.000000,-0.001914,"Emplacamentos BEV/PHEV ABVE; frota ampla SENATRAN ago/2026 e indicadores IBGE 2022, quando presentes, são medidas separadas. Recarga ABVE/Tupi ago/2026."
PB,BARRA DE SANTA ROSA,0.000000,4.000000,1.000000,-3.000000,-75.000000,-0.001914,"Emplacamentos BEV/PHEV ABVE; frota ampla SENATRAN ago/2026 e indicadores IBGE 2022, quando presentes, são medidas separadas. Recarga ABVE/Tupi ago/2026."
RJ,APERIBE,1.000000,4.000000,1.000000,-3.000000,-75.000000,-0.001914,"Emplacamentos BEV/PHEV ABVE; frota ampla SENATRAN ago/2026 e indicadores IBGE 2022, quando presentes, são medidas separadas. Recarga ABVE/Tupi ago/2026."
MS,RIO BRILHANTE,1.000000,9.000000,6.000000,-3.000000,-33.333333,-0.001914,"Emplacamentos BEV/PHEV ABVE; frota ampla SENATRAN ago/2026 e indicadores IBGE 2022, quando presentes, são medidas separadas. Recarga ABVE/Tupi ago/2026."
BA,VARZEA DA ROCA,0.000000,4.000000,1.000000,-3.000000,-75.000000,-0.001914,"Emplacamentos BEV/PHEV ABVE; frota ampla SENATRAN ago/2026 e indicadores IBGE 2022, quando presentes, são medidas separadas. Recarga ABVE/Tupi ago/2026."
PA,INHANGAPI,3.000000,3.000000,0.000000,-3.000000,-100.000000,-0.001914,"Emplacamentos BEV/PHEV ABVE; frota ampla SENATRAN ago/2026 e indicadores IBGE 2022, quando presentes, são medidas separadas. Recarga ABVE/Tupi ago/2026."
SP,LARANJAL PAULISTA,11.000000,14.000000,11.000000,-3.000000,-21.428571,-0.001914,"Emplacamentos BEV/PHEV ABVE; frota ampla SENATRAN ago/2026 e indicadores IBGE 2022, quando presentes, são medidas separadas. Recarga ABVE/Tupi ago/2026."
RS,SAO BORJA,10.000000,17.000000,14.000000,-3.000000,-17.647059,-0.001914,"Emplacamentos BEV/PHEV ABVE; frota ampla SENATRAN ago/2026 e indicadores IBGE 2022, quando presentes, são medidas separadas. Recarga ABVE/Tupi ago/2026."
GO,VIANOPOLIS,4.000000,7.000000,2.000000,-5.000000,-71.428571,-0.003190,"Emplacamentos BEV/PHEV ABVE; frota ampla SENATRAN ago/2026 e indicadores IBGE 2022, quando presentes, são medidas separadas. Recarga ABVE/Tupi ago/2026."
MA,VARGEM GRANDE,0.000000,7.000000,2.000000,-5.000000,-71.428571,-0.003190,"Emplacamentos BEV/PHEV ABVE; frota ampla SENATRAN ago/2026 e indicadores IBGE 2022, quando presentes, são medidas separadas. Recarga ABVE/Tupi ago/2026."
MS,MARACAJU,3.000000,20.000000,12.000000,-8.000000,-40.000000,-0.005105,"Emplacamentos BEV/PHEV ABVE; frota ampla SENATRAN ago/2026 e indicadores IBGE 2022, quando presentes, são medidas separadas. Recarga ABVE/Tupi ago/2026."
SC,ITAPOA,22.000000,52.000000,40.000000,-12.000000,-23.076923,-0.007657,"Emplacamentos BEV/PHEV ABVE; frota ampla SENATRAN ago/2026 e indicadores IBGE 2022, quando presentes, são medidas separadas. Recarga ABVE/Tupi ago/2026."
GO,CATALAO,15.000000,132.000000,119.000000,-13.000000,-9.848485,-0.008295,"Emplacamentos BEV/PHEV ABVE; frota ampla SENATRAN ago/2026 e indicadores IBGE 2022, quando presentes, são medidas separadas. Recarga ABVE/Tupi ago/2026."
ES,CARIACICA,836.000000,932.000000,750.000000,-182.000000,-19.527897,-0.116132,"Emplacamentos BEV/PHEV ABVE; frota ampla SENATRAN ago/2026 e indicadores IBGE 2022, quando presentes, são medidas separadas. Recarga ABVE/Tupi ago/2026."
