uf,municipio,quantidade_veiculos,frota_total_veiculos,municipio_chave,uf_ibge,codigo_ibge,populacao_censo_2022,pib_per_capita_aproximado,veiculos_eletrificados_por_100_mil_habitantes,participacao_eletrificada_na_frota_percentual,ano_referencia_frota,mes_referencia_frota,oportunidade_preliminar,rendimento_domiciliar_per_capita_medio_2022_reais
RIO DE JANEIRO,SAQUAREMA,378,51841,SAQUAREMA,RJ,3305505,89559,722441.52,422.0681,0.729153,2026,7,f,1491.00
BAHIA,SAO FRANCISCO DO CONDE,22,9889,SAO FRANCISCO DO CONDE,BA,2929206,38733,684319.24,56.7991,0.222469,2026,7,f,794.44
RIO DE JANEIRO,MARICA,1121,102909,MARICA,RJ,3302700,197277,679714.48,568.2365,1.089312,2026,7,f,1707.99
SAO PAULO,PAULINIA,1282,101382,PAULINIA,SP,3536505,110537,606740.73,1159.7926,1.264524,2026,7,f,2680.07
ESPIRITO SANTO,PRESIDENTE KENNEDY,36,11541,PRESIDENTE KENNEDY,ES,3204302,13696,537982.70,262.8505,0.311931,2026,7,f,1101.94
SAO PAULO,ILHABELA,231,29585,ILHABELA,SP,3520400,34934,424535.27,661.2469,0.780801,2026,7,f,1970.57
MATO GROSSO,SANTA RITA DO TRIVELATO,7,2540,SANTA RITA DO TRIVELATO,MT,5107768,3276,409443.53,213.6752,0.275591,2026,7,f,1598.18
SAO PAULO,LOUVEIRA,387,42638,LOUVEIRA,SP,3527306,51847,388732.46,746.4270,0.907641,2026,7,f,2025.97
RIO DE JANEIRO,SAO JOAO DA BARRA,56,20333,SAO JOAO DA BARRA,RJ,3305000,36573,382417.41,153.1184,0.275414,2026,7,f,985.72
MINAS GERAIS,EXTREMA,136,32543,EXTREMA,MG,3125101,53482,377790.64,254.2912,0.417909,2026,7,f,1657.54
SAO PAULO,GAVIAO PEIXOTO,1,3056,GAVIAO PEIXOTO,SP,3516853,4702,369126.54,21.2675,0.032723,2026,7,f,1489.75
MARANHAO,SANTO ANTONIO DOS LOPES,5,5724,SANTO ANTONIO DOS LOPES,MA,2110302,14304,362455.54,34.9553,0.087352,2026,7,f,717.65
MINAS GERAIS,INDIANOPOLIS,4,3738,INDIANOPOLIS,MG,3130705,6171,348422.78,64.8193,0.107009,2026,7,f,1534.43
SAO PAULO,QUEIROZ,1,1887,QUEIROZ,SP,3541802,3265,335620.21,30.6279,0.052994,2026,7,f,1374.71
MATO GROSSO DO SUL,SELVIRIA,12,5148,SELVIRIA,MS,5007802,8142,330535.25,147.3839,0.233100,2026,7,f,1247.44
RIO GRANDE DO SUL,MUITOS CAPOES,6,2007,MUITOS CAPOES,RS,4312617,2879,330080.58,208.4057,0.298954,2026,7,f,1418.99
MATO GROSSO,CAMPOS DE JULIO,8,6840,CAMPOS DE JULIO,MT,5102686,8822,329299.37,90.6824,0.116959,2026,7,f,1850.44
MINAS GERAIS,CATAS ALTAS,3,3482,CATAS ALTAS,MG,3115359,5473,325175.22,54.8145,0.086157,2026,7,f,1448.80
MATO GROSSO,SANTO ANTONIO DO LESTE,3,2360,SANTO ANTONIO DO LESTE,MT,5107792,4099,320476.21,73.1886,0.127119,2026,7,f,1168.53
MINAS GERAIS,SAO GONCALO DO RIO ABAIXO,7,7493,SAO GONCALO DO RIO ABAIXO,MG,3161908,11850,317824.64,59.0717,0.093421,2026,7,f,1260.15
SAO PAULO,CAJAMAR,604,63368,CAJAMAR,SP,3509205,92689,312708.11,651.6415,0.953162,2026,7,f,1728.39
RIO DE JANEIRO,ARRAIAL DO CABO,131,16705,ARRAIAL DO CABO,RJ,3300258,30986,301277.16,422.7716,0.784196,2026,7,f,1466.08
MARANHAO,TASSO FRAGOSO,0,3063,TASSO FRAGOSO,MA,2112001,8862,295272.85,0.0000,0.000000,2026,7,f,889.15
MATO GROSSO,IPIRANGA DO NORTE,17,6523,IPIRANGA DO NORTE,MT,5104526,7815,278315.67,217.5304,0.260616,2026,7,f,1872.14
MATO GROSSO,NOVA UBIRATA,10,8992,NOVA UBIRATA,MT,5106240,11530,276222.64,86.7303,0.111210,2026,7,f,1588.72
RIO GRANDE DO SUL,TRIUNFO,54,20883,TRIUNFO,RS,4322004,27498,275341.30,196.3779,0.258584,2026,7,f,1481.51
MINAS GERAIS,JECEABA,1,4049,JECEABA,MG,3135407,6197,272673.07,16.1368,0.024697,2026,7,f,1320.57
GOIAS,PEROLANDIA,2,1910,PEROLANDIA,GO,5216452,2964,266805.33,67.4764,0.104712,2026,7,f,1469.08
MATO GROSSO,DIAMANTINO,52,20445,DIAMANTINO,MT,5103502,21941,261696.28,236.9992,0.254341,2026,7,f,1634.49
GOIAS,DAVINOPOLIS,2,1208,DAVINOPOLIS,GO,5206909,1902,261043.11,105.1525,0.165563,2026,7,f,1201.26
BAHIA,SAO DESIDERIO,15,12322,SAO DESIDERIO,BA,2928901,32828,259713.11,45.6927,0.121733,2026,7,f,921.65
MATO GROSSO,PORTO DOS GAUCHOS,7,5283,PORTO DOS GAUCHOS,MT,5106802,5593,258304.13,125.1564,0.132500,2026,7,f,1773.87
PARA,VITORIA DO XINGU,4,4136,VITORIA DO XINGU,PA,1508357,15607,255464.66,25.6295,0.096712,2026,7,f,838.42
MATO GROSSO,NOVA MARINGA,12,4181,NOVA MARINGA,MT,5108907,5846,255023.78,205.2686,0.287013,2026,7,f,1721.46
RIO DE JANEIRO,QUISSAMA,17,10662,QUISSAMA,RJ,3304151,22393,253188.23,75.9166,0.159445,2026,7,f,1108.09
MATO GROSSO DO SUL,PARAISO DAS AGUAS,6,3270,PARAISO DAS AGUAS,MS,5006275,5510,252215.25,108.8929,0.183486,2026,7,f,1692.38
TOCANTINS,CARIRI DO TOCANTINS,2,2175,CARIRI DO TOCANTINS,TO,1703867,4007,249014.23,49.9127,0.091954,2026,7,f,1174.15
SAO PAULO,JAGUARIUNA,470,51996,JAGUARIUNA,SP,3524709,59347,247373.55,791.9524,0.903916,2026,7,f,2045.01
SAO PAULO,CUBATAO,161,68224,CUBATAO,SP,3513504,112476,247282.87,143.1416,0.235987,2026,7,f,1246.76
SAO PAULO,BARUERI,5447,232590,BARUERI,SP,3505708,316473,226391.22,1721.1579,2.341889,2026,7,f,2412.35
RIO DE JANEIRO,ITATIAIA,192,9405,ITATIAIA,RJ,3302254,30908,226112.50,621.1984,2.041467,2026,7,f,1527.73
MATO GROSSO,SANTA CRUZ DO XINGU,0,1225,SANTA CRUZ DO XINGU,MT,5107743,2661,225944.76,0.0000,0.000000,2026,7,t,2108.12
PARANA,ARAUCARIA,551,113002,ARAUCARIA,PR,4101804,151666,224671.66,363.2983,0.487602,2026,7,f,1600.99
SAO PAULO,ARACARIGUAMA,83,15813,ARACARIGUAMA,SP,3502754,21522,224518.03,385.6519,0.524885,2026,7,f,1464.76
MATO GROSSO,SAPEZAL,47,28770,SAPEZAL,MT,5107875,28944,221470.67,162.3825,0.163365,2026,7,f,1957.35
MINAS GERAIS,CONFINS,79,6638,CONFINS,MG,3117876,7350,220002.31,1074.8299,1.190118,2026,7,f,1569.68
SANTA CATARINA,ARAQUARI,293,32589,ARAQUARI,SC,4201307,45283,218625.97,647.0419,0.899076,2026,7,f,1494.49
PARA,CANAA DOS CARAJAS,158,45985,CANAA DOS CARAJAS,PA,1502152,77079,215643.17,204.9845,0.343590,2026,7,f,1364.40
SAO PAULO,SAO SEBASTIAO,303,52204,SAO SEBASTIAO,SP,3550704,81595,213255.95,371.3463,0.580415,2026,7,f,1607.55
MATO GROSSO,SANTA CARMEM,14,5082,SANTA CARMEM,MT,5107248,5374,210850.95,260.5136,0.275482,2026,7,f,1739.40
SAO PAULO,ILHA COMPRIDA,22,8423,ILHA COMPRIDA,SP,3520426,13419,208848.35,163.9466,0.261190,2026,7,f,1392.20
BAHIA,FORMOSA DO RIO PRETO,9,7474,FORMOSA DO RIO PRETO,BA,2911105,25899,205989.92,34.7504,0.120417,2026,7,f,860.52
RIO GRANDE DO SUL,CAMARGO,6,2881,CAMARGO,RS,4303558,2981,205446.16,201.2747,0.208261,2026,7,f,2309.51
MATO GROSSO DO SUL,JATEI,6,2537,JATEI,MS,5005103,3586,203563.30,167.3173,0.236500,2026,7,f,1424.47
PIAUI,BAIXA GRANDE DO RIBEIRO,3,5716,BAIXA GRANDE DO RIBEIRO,PI,2201150,13272,200215.79,22.6040,0.052484,2026,7,f,816.19
SAO PAULO,ALUMINIO,35,11353,ALUMINIO,SP,3501152,17301,198774.29,202.3004,0.308289,2026,7,f,1523.42
TOCANTINS,SUCUPIRA,1,760,SUCUPIRA,TO,1720853,1577,196804.69,63.4115,0.131579,2026,7,f,1087.47
SAO PAULO,LUIS ANTONIO,29,9079,LUIS ANTONIO,SP,3527603,12265,194506.07,236.4452,0.319418,2026,7,f,1381.42
GOIAS,CHAPADAO DO CEU,11,10784,CHAPADAO DO CEU,GO,5205471,12870,193162.86,85.4701,0.102003,2026,7,f,2014.50
SAO PAULO,VINHEDO,1377,73544,VINHEDO,SP,3556701,76540,192052.05,1799.0593,1.872349,2026,7,f,3247.77
RIO GRANDE DO SUL,IMIGRANTE,14,2618,IMIGRANTE,RS,4310363,3080,191712.99,454.5455,0.534759,2026,7,f,2396.68
MINAS GERAIS,ITATIAIUCU,13,9060,ITATIAIUCU,MG,3133709,12966,187766.08,100.2622,0.143488,2026,7,f,1307.86
PARANA,SAUDADE DO IGUACU,6,4133,SAUDADE DO IGUACU,PR,4126272,6108,187201.54,98.2318,0.145173,2026,7,f,1875.40
MATO GROSSO DO SUL,LAGUNA CARAPA,7,4350,LAGUNA CARAPA,MS,5005251,6799,184975.73,102.9563,0.160920,2026,7,f,1295.64
RIO GRANDE DO SUL,ARATIBA,17,5732,ARATIBA,RS,4300901,6483,182819.22,262.2243,0.296581,2026,7,f,2353.81
SANTA CATARINA,ITAJAI,3767,242111,ITAJAI,SC,4208203,264054,182522.93,1426.6021,1.555898,2026,7,f,2365.70
PERNAMBUCO,IPOJUCA,180,33428,IPOJUCA,PE,2607208,98932,181663.40,181.9432,0.538471,2026,7,f,829.65
PARANA,INDIANOPOLIS,4,3815,INDIANOPOLIS,PR,4110409,4448,173682.55,89.9281,0.104849,2026,7,f,1380.22
MATO GROSSO,SAO FELIX DO ARAGUAIA,4,5273,SAO FELIX DO ARAGUAIA,MT,5107859,13621,172659.28,29.3664,0.075858,2026,7,f,1502.25
MATO GROSSO,CAMPO NOVO DO PARECIS,97,38314,CAMPO NOVO DO PARECIS,MT,5102637,45899,172492.49,211.3336,0.253171,2026,7,f,1827.46
MATO GROSSO,TAPURAH,37,12649,TAPURAH,MT,5108006,14370,171709.60,257.4809,0.292513,2026,7,f,1743.62
PERNAMBUCO,GOIANA,177,38412,GOIANA,PE,2606200,81055,171409.82,218.3702,0.460794,2026,7,f,839.04
GOIAS,PARAUNA,31,9927,PARAUNA,GO,5216403,10659,171201.43,290.8340,0.312280,2026,7,f,1539.70
SAO PAULO,CORDEIROPOLIS,114,22420,CORDEIROPOLIS,SP,3512407,24514,170021.82,465.0404,0.508475,2026,7,f,1684.38
TOCANTINS,MATEIROS,3,700,MATEIROS,TO,1712702,2748,170006.91,109.1703,0.428571,2026,7,f,775.80
ESPIRITO SANTO,MARATAIZES,167,30676,MARATAIZES,ES,3203320,41929,169391.54,398.2924,0.544400,2026,7,f,1247.27
RIO GRANDE DO NORTE,GUAMARE,5,5592,GUAMARE,RN,2404507,15295,168808.24,32.6904,0.089413,2026,7,f,840.99
PIAUI,URUCUI,25,17545,URUCUI,PI,2211209,25203,167689.01,99.1945,0.142491,2026,7,f,1041.20
MATO GROSSO,ITIQUIRA,11,7464,ITIQUIRA,MT,5104609,12236,167482.76,89.8987,0.147374,2026,7,f,1638.65
SAO PAULO,NUPORANGA,9,5771,NUPORANGA,SP,3533601,7391,167167.77,121.7697,0.155952,2026,7,f,1765.43
SANTA CATARINA,PIRATUBA,16,5666,PIRATUBA,SC,4213104,5769,165309.59,277.3444,0.282386,2026,7,f,1775.54
RIO GRANDE DO SUL,NAO-ME-TOQUE,53,16641,NAO-ME-TOQUE,RS,4312658,17898,164932.39,296.1225,0.318490,2026,7,f,2175.25
RONDONIA,PIMENTEIRAS DO OESTE,0,1504,PIMENTEIRAS DO OESTE,RO,1101468,2156,164742.58,0.0000,0.000000,2026,7,f,911.62
BAHIA,JABORANDI,4,3235,JABORANDI,BA,2917359,9275,164727.22,43.1267,0.123648,2026,7,f,648.51
SAO PAULO,ARIRANHA,6,6847,ARIRANHA,SP,3503703,7602,164693.76,78.9266,0.087630,2026,7,f,1546.55
SAO PAULO,OSASCO,3301,516172,OSASCO,SP,3534401,728615,163878.12,453.0513,0.639516,2026,7,f,1951.14
PIAUI,SEBASTIAO LEAL,2,2033,SEBASTIAO LEAL,PI,2210631,4446,163047.91,44.9843,0.098377,2026,7,f,814.19
GOIAS,BARRO ALTO,7,7276,BARRO ALTO,GO,5203203,10371,162586.73,67.4959,0.096207,2026,7,f,1311.55
MATO GROSSO,GAUCHA DO NORTE,11,5524,GAUCHA DO NORTE,MT,5103858,8642,160370.40,127.2854,0.199131,2026,7,f,1347.27
RIO GRANDE DO SUL,CANDIOTA,7,8149,CANDIOTA,RS,4304358,10710,158672.64,65.3595,0.085900,2026,7,f,1372.47
RIO DE JANEIRO,NITEROI,5571,309277,NITEROI,RJ,3303302,481749,158314.82,1156.4113,1.801298,2026,7,f,3577.32
RIO DE JANEIRO,PORTO REAL,61,7949,PORTO REAL,RJ,3304110,20373,157344.62,299.4159,0.767392,2026,7,f,1237.94
MINAS GERAIS,AGUA COMPRIDA,1,1205,AGUA COMPRIDA,MG,3100708,2108,156992.41,47.4383,0.082988,2026,7,f,1631.86
MATO GROSSO,BRASNORTE,24,11933,BRASNORTE,MT,5101902,17004,156909.61,141.1433,0.201123,2026,7,f,1603.19
MATO GROSSO,TABAPORA,4,8358,TABAPORA,MT,5107941,9818,156889.28,40.7415,0.047858,2026,7,f,1631.67
SAO PAULO,NARANDIBA,0,3428,NARANDIBA,SP,3532207,5713,156845.27,0.0000,0.000000,2026,7,f,1397.19
MATO GROSSO,UNIAO DO SUL,2,3129,UNIAO DO SUL,MT,5108303,3838,156757.95,52.1105,0.063918,2026,7,f,1589.30
MATO GROSSO,NOVA MARILANDIA,7,2334,NOVA MARILANDIA,MT,5108857,3529,156361.29,198.3565,0.299914,2026,7,f,1504.51
SAO PAULO,IPEUNA,31,5547,IPEUNA,SP,3521101,6831,154556.58,453.8135,0.558861,2026,7,f,1722.53
SAO PAULO,CABREUVA,198,37779,CABREUVA,SP,3508405,47011,154027.38,421.1780,0.524101,2026,7,f,1480.46
ESPIRITO SANTO,ITAPEMIRIM,118,24402,ITAPEMIRIM,ES,3202801,39832,154008.99,296.2442,0.483567,2026,7,f,1072.13
MINAS GERAIS,TAPIRA,6,2916,TAPIRA,MG,3168101,4118,153403.59,145.7018,0.205761,2026,7,f,1554.17
GOIAS,TURVELANDIA,5,2419,TURVELANDIA,GO,5221551,4985,151920.96,100.3009,0.206697,2026,7,f,1307.37
SAO PAULO,SANTA GERTRUDES,53,20427,SANTA GERTRUDES,SP,3546702,23611,151126.89,224.4716,0.259461,2026,7,f,1593.01
PIAUI,RIBEIRO GONCALVES,1,1795,RIBEIRO GONCALVES,PI,2208908,6164,150461.55,16.2232,0.055710,2026,7,f,822.23
MINAS GERAIS,PERDIZES,21,11611,PERDIZES,MG,3149804,17151,150305.17,122.4418,0.180863,2026,7,f,1572.06
SAO PAULO,SUZANAPOLIS,2,2883,SUZANAPOLIS,SP,3552551,3408,150089.20,58.6854,0.069372,2026,7,f,1343.10
GOIAS,RIO QUENTE,15,2641,RIO QUENTE,GO,5218789,3864,149884.58,388.1988,0.567967,2026,7,f,1613.63
SAO PAULO,ITUPEVA,708,56736,ITUPEVA,SP,3524006,70616,149105.87,1002.6056,1.247885,2026,7,f,2035.47
GOIAS,SAO SIMAO,26,12574,SAO SIMAO,GO,5220405,17020,149076.09,152.7615,0.206776,2026,7,f,1403.26
PARANA,ORTIGUEIRA,14,15270,ORTIGUEIRA,PR,4117305,24192,148490.00,57.8704,0.091683,2026,7,f,1156.60
SAO PAULO,JUNDIAI,5271,388940,JUNDIAI,SP,3525904,443221,147597.65,1189.2487,1.355222,2026,7,f,2774.36
SAO PAULO,DOURADO,11,7063,DOURADO,SP,3514304,8096,145521.25,135.8696,0.155741,2026,7,f,1694.59
MINAS GERAIS,CONGONHAS,51,35414,CONGONHAS,MG,3118007,52890,145467.84,96.4265,0.144011,2026,7,f,1419.41
SAO PAULO,SEBASTIANOPOLIS DO SUL,5,3657,SEBASTIANOPOLIS DO SUL,SP,3551306,3130,145221.09,159.7444,0.136724,2026,7,f,1667.35
RIO GRANDE DO NORTE,CAICARA DO RIO DO VENTO,0,1178,CAICARA DO RIO DO VENTO,RN,2401909,3268,145099.14,0.0000,0.000000,2026,7,f,744.88
PARAIBA,ALHANDRA,17,9110,ALHANDRA,PB,2500601,21730,144880.44,78.2329,0.186608,2026,7,f,764.63
MATO GROSSO DO SUL,RIBAS DO RIO PARDO,42,17944,RIBAS DO RIO PARDO,MS,5007109,23150,144850.37,181.4255,0.234062,2026,7,f,1580.75
SANTA CATARINA,VARGEM BONITA,5,3963,VARGEM BONITA,SC,4219176,4576,144578.45,109.2657,0.126167,2026,7,f,1899.82
MINAS GERAIS,ARAPORA,2,4586,ARAPORA,MG,3103751,8479,142592.88,23.5877,0.043611,2026,7,f,1606.42
PARANA,CAFELANDIA,36,17675,CAFELANDIA,PR,4103453,18997,142008.42,189.5036,0.203678,2026,7,f,1712.31
MATO GROSSO,SAO JOSE DO XINGU,2,3215,SAO JOSE DO XINGU,MT,5107354,5964,141378.60,33.5345,0.062208,2026,7,f,1336.91
MATO GROSSO,QUERENCIA,23,19795,QUERENCIA,MT,5107065,26769,140882.81,85.9203,0.116191,2026,7,f,1861.74
SANTA CATARINA,SAO FRANCISCO DO SUL,334,41473,SAO FRANCISCO DO SUL,SC,4216206,52674,140417.13,634.0889,0.805343,2026,7,f,1869.82
SAO PAULO,ESTRELA D'OESTE,13,8017,ESTRELA D'OESTE,SP,3515202,9417,139870.77,138.0482,0.162155,2026,7,f,1667.09
SAO PAULO,BORACEIA,11,3477,BORACEIA,SP,3507308,4715,139455.99,233.2980,0.316365,2026,7,f,1269.35
MINAS GERAIS,CONCEICAO DO MATO DENTRO,15,11377,CONCEICAO DO MATO DENTRO,MG,3117504,23163,137909.64,64.7585,0.131845,2026,7,f,1246.56
SAO PAULO,ORINDIUVA,12,5709,ORINDIUVA,SP,3534203,6024,137843.63,199.2032,0.210194,2026,7,f,1567.59
MATO GROSSO,BOM JESUS DO ARAGUAIA,8,5219,BOM JESUS DO ARAGUAIA,MT,5101852,7280,137636.54,109.8901,0.153286,2026,7,f,1533.79
MATO GROSSO,NOVA MUTUM,200,48539,NOVA MUTUM,MT,5106224,55839,136949.61,358.1726,0.412040,2026,7,f,2222.75
SAO PAULO,SAO CAETANO DO SUL,3054,153235,SAO CAETANO DO SUL,SP,3548807,165655,136147.10,1843.5906,1.993017,2026,7,f,3884.58
MINAS GERAIS,GUARDA-MOR,5,4411,GUARDA-MOR,MG,3128600,6539,136087.32,76.4643,0.113353,2026,7,f,1829.31
SANTA CATARINA,TREZE TILIAS,39,8940,TREZE TILIAS,SC,4218509,8787,135979.74,443.8375,0.436242,2026,7,f,2521.03
PARANA,SANTO INACIO,10,5322,SANTO INACIO,PR,4124509,6181,135370.81,161.7861,0.187899,2026,7,f,1660.45
MATO GROSSO,NOVO SAO JOAQUIM,5,4823,NOVO SAO JOAQUIM,MT,5106281,6919,134538.52,72.2648,0.103670,2026,7,f,1521.54
MINAS GERAIS,ITABIRITO,102,43200,ITABIRITO,MG,3131901,53365,134178.66,191.1365,0.236111,2026,7,f,1629.67
MINAS GERAIS,ITAPEVA,13,8312,ITAPEVA,MG,3133600,12692,133856.52,102.4267,0.156400,2026,7,f,1207.05
SAO PAULO,BORA,0,723,BORA,SP,3507209,907,133364.94,0.0000,0.000000,2026,7,f,1323.39
MATO GROSSO,ITAUBA,10,4528,ITAUBA,MT,5104559,5020,132810.16,199.2032,0.220848,2026,7,f,1489.28
SANTA CATARINA,IOMERE,11,2803,IOMERE,SC,4207577,2877,132563.09,382.3427,0.392437,2026,7,f,2700.40
RIO GRANDE DO SUL,PINHAL GRANDE,2,2954,PINHAL GRANDE,RS,4314472,3805,131668.33,52.5624,0.067705,2026,7,f,2173.71
MATO GROSSO DO SUL,MARACAJU,116,33833,MARACAJU,MS,5005400,45047,131446.31,257.5088,0.342861,2026,7,f,1785.78
RIO GRANDE DO SUL,COXILHA,2,2751,COXILHA,RS,4305975,2667,130995.13,74.9906,0.072701,2026,7,f,1655.79
GOIAS,CAMPO ALEGRE DE GOIAS,5,4670,CAMPO ALEGRE DE GOIAS,GO,5204805,7422,130003.37,67.3673,0.107066,2026,7,f,1503.15
DISTRITO FEDERAL,BRASILIA,77854,2295890,BRASILIA,DF,5300108,2817381,129790.44,2763.3465,3.391016,2026,7,f,2999.18
PIAUI,SANTA FILOMENA,0,1757,SANTA FILOMENA,PI,2209203,6087,129679.32,0.0000,0.000000,2026,7,f,791.19
GOIAS,MONTIVIDIU,22,10194,MONTIVIDIU,GO,5213756,12521,129369.78,175.7048,0.215813,2026,7,f,1765.18
GOIAS,EDEALINA,4,2741,EDEALINA,GO,5207352,4001,129033.49,99.9750,0.145932,2026,7,f,1467.35
RIO GRANDE DO SUL,CAPAO BONITO DO SUL,1,1167,CAPAO BONITO DO SUL,RS,4304622,1733,128719.56,57.7034,0.085690,2026,7,f,1683.27
MATO GROSSO DO SUL,COSTA RICA,57,20754,COSTA RICA,MS,5003256,26037,128336.25,218.9192,0.274646,2026,7,f,1508.09
MINAS GERAIS,BETIM,876,261929,BETIM,MG,3106705,411846,127752.42,212.7009,0.334442,2026,7,f,1399.69
CEARA,SAO GONCALO DO AMARANTE,45,22919,SAO GONCALO DO AMARANTE,CE,2312403,54143,127594.94,83.1132,0.196344,2026,7,f,834.41
SAO PAULO,PATROCINIO PAULISTA,15,10032,PATROCINIO PAULISTA,SP,3536307,14512,127481.53,103.3627,0.149522,2026,7,f,1342.63
MATO GROSSO DO SUL,BANDEIRANTES,16,5382,BANDEIRANTES,MS,5001508,7940,126114.11,201.5113,0.297287,2026,7,f,1797.07
MATO GROSSO DO SUL,ARAL MOREIRA,4,4165,ARAL MOREIRA,MS,5001243,10748,125488.65,37.2162,0.096038,2026,7,f,1083.72
RIO DE JANEIRO,ARMACAO DOS BUZIOS,344,30029,ARMACAO DOS BUZIOS,RJ,3300233,40006,125471.70,859.8710,1.145559,2026,7,f,1619.56
RIO GRANDE DO SUL,CARLOS BARBOSA,140,26602,CARLOS BARBOSA,RS,4304804,30420,125413.54,460.2235,0.526276,2026,7,f,2626.72
SAO PAULO,SANDOVALINA,4,2667,SANDOVALINA,SP,3545506,3645,125092.46,109.7394,0.149981,2026,7,f,1322.62
MINAS GERAIS,CAMPO FLORIDO,3,4808,CAMPO FLORIDO,MG,3111408,8466,124600.99,35.4359,0.062396,2026,7,f,1420.61
MATO GROSSO,CLAUDIA,15,10591,CLAUDIA,MT,5103056,9593,124317.00,156.3640,0.141630,2026,7,f,1473.42
MATO GROSSO,SORRISO,784,111963,SORRISO,MT,5107925,110635,124271.32,708.6365,0.700231,2026,7,f,2175.07
SAO PAULO,POMPEIA,83,16779,POMPEIA,SP,3540002,20196,124235.74,410.9725,0.494666,2026,7,f,1904.12
SANTA CATARINA,MONDAI,36,9922,MONDAI,SC,4211009,10066,124112.56,357.6396,0.362830,2026,7,f,2163.03
TOCANTINS,SANTA RITA DO TOCANTINS,0,703,SANTA RITA DO TOCANTINS,TO,1718899,2219,124013.07,0.0000,0.000000,2026,7,f,1145.36
RIO DE JANEIRO,PIRAI,63,12892,PIRAI,RJ,3304003,27474,123343.78,229.3077,0.488675,2026,7,f,1462.21
SAO PAULO,ELIAS FAUSTO,45,11919,ELIAS FAUSTO,SP,3514908,17699,122013.05,254.2517,0.377548,2026,7,f,1295.02
RIO GRANDE DO SUL,BOA VISTA DO CADEADO,1,1815,BOA VISTA DO CADEADO,RS,4302220,2229,121126.51,44.8632,0.055096,2026,7,f,2133.19
RIO GRANDE DO SUL,PRESIDENTE LUCENA,7,2817,PRESIDENTE LUCENA,RS,4315149,3077,120810.53,227.4943,0.248491,2026,7,f,1581.99
SAO PAULO,ARUJA,883,71191,ARUJA,SP,3503901,86678,120285.74,1018.7129,1.240325,2026,7,f,1982.83
RIO GRANDE DO SUL,TUPANDI,19,5328,TUPANDI,RS,4322251,5029,120151.92,377.8087,0.356607,2026,7,f,1897.87
GOIAS,APORE,2,2556,APORE,GO,5201504,4325,119903.35,46.2428,0.078247,2026,7,f,1507.57
SAO PAULO,HOLAMBRA,176,13873,HOLAMBRA,SP,3519055,15094,119692.13,1166.0262,1.268651,2026,7,f,2545.63
RIO GRANDE DO NORTE,SAO BENTO DO NORTE,1,1022,SAO BENTO DO NORTE,RN,2411601,3304,119507.57,30.2663,0.097847,2026,7,f,775.91
MATO GROSSO DO SUL,NOVA ALVORADA DO SUL,24,14163,NOVA ALVORADA DO SUL,MS,5006002,21822,118807.40,109.9808,0.169456,2026,7,f,1245.03
MATO GROSSO,ALTO ARAGUAIA,15,11155,ALTO ARAGUAIA,MT,5100300,17193,118455.71,87.2448,0.134469,2026,7,f,1828.79
GOIAS,CORUMBAIBA,19,6028,CORUMBAIBA,GO,5205901,9164,118035.57,207.3330,0.315196,2026,7,f,1501.21
MATO GROSSO,VERA,26,9027,VERA,MT,5108501,12800,117523.75,203.1250,0.288025,2026,7,f,1618.26
PERNAMBUCO,ITAPISSUMA,34,5835,ITAPISSUMA,PE,2607752,27749,117432.12,122.5269,0.582691,2026,7,f,745.48
PIAUI,CURRAIS,0,1290,CURRAIS,PI,2203230,4854,117417.80,0.0000,0.000000,2026,7,f,664.97
BAHIA,CORRENTINA,14,13688,CORRENTINA,BA,2909307,32457,117274.02,43.1340,0.102279,2026,7,f,930.61
MINAS GERAIS,SAO JOSE DA BARRA,14,4609,SAO JOSE DA BARRA,MG,3162948,7793,116931.22,179.6484,0.303754,2026,7,f,1391.61
MATO GROSSO,CANARANA,38,20995,CANARANA,MT,5102702,25858,116043.55,146.9565,0.180995,2026,7,f,2136.38
MATO GROSSO DO SUL,ANGELICA,4,8722,ANGELICA,MS,5000856,10729,115898.13,37.2821,0.045861,2026,7,f,1272.49
SAO PAULO,JACI,19,6266,JACI,SP,3524501,7613,115696.83,249.5731,0.303224,2026,7,f,1443.85
MINAS GERAIS,PIRAJUBA,1,3580,PIRAJUBA,MG,3150703,5537,115406.00,18.0603,0.027933,2026,7,f,1418.83
SAO PAULO,LINS,262,69687,LINS,SP,3527108,74779,115144.13,350.3657,0.375967,2026,7,f,1864.07
SANTA CATARINA,AGUA DOCE,13,6507,AGUA DOCE,SC,4200408,6508,114906.58,199.7541,0.199785,2026,7,f,2200.72
GOIAS,CACHOEIRA DOURADA,21,5472,CACHOEIRA DOURADA,GO,5204250,7782,114440.50,269.8535,0.383772,2026,7,f,1531.74
MATO GROSSO,CAMPO VERDE,143,40368,CAMPO VERDE,MT,5102678,44585,114368.17,320.7357,0.354241,2026,7,f,1712.11
MATO GROSSO,NOVA SANTA HELENA,7,3158,NOVA SANTA HELENA,MT,5106190,4239,114128.57,165.1333,0.221659,2026,7,f,1673.59
SAO PAULO,CASTILHO,14,13170,CASTILHO,SP,3511003,19977,113908.04,70.0806,0.106302,2026,7,f,1419.26
RIO GRANDE DO SUL,ESMERALDA,4,2483,ESMERALDA,RS,4307401,3195,113859.47,125.1956,0.161095,2026,7,f,1412.83
MATO GROSSO,ITANHANGA,6,5450,ITANHANGA,MT,5104542,7539,113564.93,79.5862,0.110092,2026,7,f,1587.37
RIO GRANDE DO SUL,ALMIRANTE TAMANDARE DO SUL,0,1849,ALMIRANTE TAMANDARE DO SUL,RS,4300471,1969,113340.27,0.0000,0.000000,2026,7,t,2128.82
MATO GROSSO,SAO JOSE DO RIO CLARO,28,12802,SAO JOSE DO RIO CLARO,MT,5107305,14911,112872.11,187.7808,0.218716,2026,7,f,1335.67
PARANA,MANGUEIRINHA,12,13770,MANGUEIRINHA,PR,4114401,16603,112613.08,72.2761,0.087146,2026,7,f,1500.51
MATO GROSSO DO SUL,INOCENCIA,22,7355,INOCENCIA,MS,5004403,8404,112601.98,261.7801,0.299116,2026,7,f,1686.73
MINAS GERAIS,SAO SEBASTIAO DA BELA VISTA,2,2923,SAO SEBASTIAO DA BELA VISTA,MG,3164407,6387,112492.09,31.3136,0.068423,2026,7,f,1300.15
SAO PAULO,COLOMBIA,10,4899,COLOMBIA,SP,3512100,6629,112148.59,150.8523,0.204123,2026,7,f,1282.70
SAO PAULO,AVAI,0,2731,AVAI,SP,3504305,4483,111745.04,0.0000,0.000000,2026,7,f,1349.49
MATO GROSSO DO SUL,TRES LAGOAS,471,116668,TRES LAGOAS,MS,5008305,132152,111703.31,356.4078,0.403710,2026,7,f,1674.66
MINAS GERAIS,RESSAQUINHA,1,3078,RESSAQUINHA,MG,3154408,4548,111484.61,21.9877,0.032489,2026,7,f,1235.77
MINAS GERAIS,NOVA LIMA,1201,58832,NOVA LIMA,MG,3144805,111697,111440.33,1075.2303,2.041406,2026,7,f,4299.91
MINAS GERAIS,OURO BRANCO,61,28047,OURO BRANCO,MG,3145901,38724,111320.29,157.5250,0.217492,2026,7,f,1833.06
RIO GRANDE DO SUL,PAULO BENTO,2,1818,PAULO BENTO,RS,4314134,2144,111267.72,93.2836,0.110011,2026,7,f,2959.51
RIO GRANDE DO SUL,NOVA SANTA RITA,132,24784,NOVA SANTA RITA,RS,4313375,29024,111265.95,454.7960,0.532602,2026,7,f,1533.62
SAO PAULO,COLINA,39,15027,COLINA,SP,3512001,18486,111034.08,210.9705,0.259533,2026,7,f,1572.33
MATO GROSSO,DENISE,4,5367,DENISE,MT,5103452,7014,110814.66,57.0288,0.074530,2026,7,f,1436.49
RIO GRANDE DO SUL,PINHAL DA SERRA,2,1533,PINHAL DA SERRA,RS,4314464,2248,110772.24,88.9680,0.130463,2026,7,f,1382.28
SANTA CATARINA,CORDILHEIRA ALTA,31,5075,CORDILHEIRA ALTA,SC,4204350,4781,110687.72,648.3999,0.610837,2026,7,f,2130.12
SERGIPE,CANINDE DE SAO FRANCISCO,8,10912,CANINDE DE SAO FRANCISCO,SE,2801207,26834,110604.35,29.8129,0.073314,2026,7,f,707.36
MATO GROSSO,PARANATINGA,19,18344,PARANATINGA,MT,5106307,26423,110538.02,71.9071,0.103576,2026,7,f,1493.00
SAO PAULO,BENTO DE ABREU,5,1771,BENTO DE ABREU,SP,3506201,2606,110521.87,191.8649,0.282326,2026,7,f,1550.41
SAO PAULO,INDAIATUBA,5325,249876,INDAIATUBA,SP,3520509,255748,110518.41,2082.1277,2.131057,2026,7,f,2601.91
MATO GROSSO,ALTO TAQUARI,6,6513,ALTO TAQUARI,MT,5100607,10904,109576.85,55.0257,0.092123,2026,7,f,1946.75
GOIAS,IPAMERI,33,18079,IPAMERI,GO,5210109,25548,109517.97,129.1686,0.182532,2026,7,f,1527.05
MATO GROSSO,FELIZ NATAL,11,8007,FELIZ NATAL,MT,5103700,10521,109429.81,104.5528,0.137380,2026,7,f,1520.23
SAO PAULO,IRACEMAPOLIS,95,20401,IRACEMAPOLIS,SP,3521408,21967,109426.78,432.4669,0.465663,2026,7,f,1866.43
RIO GRANDE DO NORTE,PARAZINHO,1,1410,PARAZINHO,RN,2408805,4801,109346.80,20.8290,0.070922,2026,7,f,692.93
SAO PAULO,CASSIA DOS COQUEIROS,2,1945,CASSIA DOS COQUEIROS,SP,3510906,2799,109344.77,71.4541,0.102828,2026,7,f,1539.70
SAO PAULO,PARAPUA,8,8162,PARAPUA,SP,3536000,10580,108729.30,75.6144,0.098015,2026,7,f,1490.20
MINAS GERAIS,NOVA PONTE,10,10061,NOVA PONTE,MG,3145000,14598,108346.90,68.5025,0.099394,2026,7,f,1505.83
MATO GROSSO,TESOURO,0,993,TESOURO,MT,5108105,3025,108088.60,0.0000,0.000000,2026,7,f,1370.11
RIO GRANDE DO SUL,FLORES DA CUNHA,230,30328,FLORES DA CUNHA,RS,4308201,30892,107998.45,744.5293,0.758375,2026,7,f,2303.59
RIO GRANDE DO SUL,SANTA BARBARA DO SUL,18,7710,SANTA BARBARA DO SUL,RS,4316709,8122,107801.16,221.6203,0.233463,2026,7,f,1887.18
SAO PAULO,GUAIMBE,4,3144,GUAIMBE,SP,3517307,5512,107723.51,72.5689,0.127226,2026,7,f,1235.95
MATO GROSSO DO SUL,CHAPADAO DO SUL,75,28714,CHAPADAO DO SUL,MS,5002951,30993,107428.35,241.9901,0.261197,2026,7,f,2090.92
SANTA CATARINA,CAPAO ALTO,0,1899,CAPAO ALTO,SC,4203253,2625,107351.62,0.0000,0.000000,2026,7,f,1338.98
RIO GRANDE DO SUL,SANTA MARGARIDA DO SUL,1,1431,SANTA MARGARIDA DO SUL,RS,4316972,2596,107207.24,38.5208,0.069881,2026,7,f,1610.73
BAHIA,LUIS EDUARDO MAGALHAES,426,91606,LUIS EDUARDO MAGALHAES,BA,2919553,107909,107118.26,394.7771,0.465035,2026,7,f,1644.88
RIO GRANDE DO SUL,AGUA SANTA,1,3378,AGUA SANTA,RS,4300059,3912,107039.37,25.5624,0.029603,2026,7,f,2262.10
SANTA CATARINA,GARUVA,89,16244,GARUVA,SC,4205803,18545,106877.27,479.9137,0.547895,2026,7,f,1603.44
SANTA CATARINA,ERMO,4,3899,ERMO,SC,4205191,2269,106323.05,176.2891,0.102590,2026,7,f,1847.57
PARANA,PALOTINA,128,34662,PALOTINA,PR,4117909,35011,105626.66,365.5994,0.369280,2026,7,f,2272.86
PARANA,PARANAGUA,408,94169,PARANAGUA,PR,4118204,145829,104860.51,279.7797,0.433264,2026,7,f,1570.84
SAO PAULO,PIRACICABA,3865,373614,PIRACICABA,SP,3538709,423323,104770.09,913.0144,1.034490,2026,7,f,2145.67
SANTA CATARINA,TRES BARRAS,22,15227,TRES BARRAS,SC,4218301,19746,104330.50,111.4150,0.144480,2026,7,f,1287.60
RIO GRANDE DO NORTE,BODO,1,976,BODO,RN,2401651,2306,104148.31,43.3651,0.102459,2026,7,f,748.45
RIO GRANDE DO SUL,GARIBALDI,214,33794,GARIBALDI,RS,4308607,34335,103842.78,623.2707,0.633249,2026,7,f,2487.48
SANTA CATARINA,ANTONIO CARLOS,75,10617,ANTONIO CARLOS,SC,4201208,11224,103625.45,668.2110,0.706414,2026,7,f,1801.02
PARANA,BOM SUCESSO DO SUL,2,2606,BOM SUCESSO DO SUL,PR,4103222,3202,103530.61,62.4610,0.076746,2026,7,f,1788.27
SAO PAULO,CRUZALIA,1,1752,CRUZALIA,SP,3513306,2108,103509.96,47.4383,0.057078,2026,7,f,1505.41
SANTA CATARINA,BOTUVERA,12,5858,BOTUVERA,SC,4202701,5363,103335.63,223.7554,0.204848,2026,7,f,1804.04
RIO GRANDE DO SUL,VILA FLORES,11,3498,VILA FLORES,RS,4323309,3646,103321.17,301.7005,0.314465,2026,7,f,1903.28
PARANA,SAO JOSE DOS PINHAIS,3139,279417,SAO JOSE DOS PINHAIS,PR,4125506,329628,103019.05,952.2856,1.123411,2026,7,f,1823.68
PARANA,SAO JOAO,16,10217,SAO JOAO,PR,4124806,11886,102656.74,134.6121,0.156602,2026,7,f,1693.11
GOIAS,ALTO HORIZONTE,2,4016,ALTO HORIZONTE,GO,5200555,6072,102603.10,32.9381,0.049801,2026,7,f,1527.35
MATO GROSSO DO SUL,SONORA,14,11808,SONORA,MS,5007935,14516,102582.87,96.4453,0.118564,2026,7,f,1487.62
SANTA CATARINA,SAO JOAO DO ITAPERIU,18,4385,SAO JOAO DO ITAPERIU,SC,4216354,4463,102135.33,403.3162,0.410490,2026,7,f,1695.69
GOIAS,SERRANOPOLIS,6,4455,SERRANOPOLIS,GO,5220504,8027,102115.36,74.7477,0.134680,2026,7,f,1440.72
MATO GROSSO DO SUL,RIO BRILHANTE,70,24960,RIO BRILHANTE,MS,5007208,37601,101963.01,186.1653,0.280449,2026,7,f,1528.88
GOIAS,EDEIA,21,9184,EDEIA,GO,5207402,11747,101837.32,178.7690,0.228659,2026,7,f,1592.09
RIO DE JANEIRO,ARARUAMA,709,85156,ARARUAMA,RJ,3300209,129671,101458.16,546.7684,0.832590,2026,7,f,1311.77
MINAS GERAIS,NAZARENO,6,6365,NAZARENO,MG,3144508,8179,101107.59,73.3586,0.094266,2026,7,f,1296.31
SAO PAULO,COSMORAMA,14,7251,COSMORAMA,SP,3512902,8719,100748.60,160.5689,0.193077,2026,7,f,1404.70
TOCANTINS,ALVORADA,8,6682,ALVORADA,TO,1700707,8802,100667.69,90.8884,0.119725,2026,7,f,1420.73
MATO GROSSO,PRIMAVERA DO LESTE,431,87357,PRIMAVERA DO LESTE,MT,5107040,85146,100664.85,506.1894,0.493378,2026,7,f,2064.23
RIO GRANDE DO SUL,SANTA CRUZ DO SUL,785,113142,SANTA CRUZ DO SUL,RS,4316808,133230,100552.56,589.2066,0.693818,2026,7,f,2192.33
MATO GROSSO DO SUL,JARAGUARI,16,2948,JARAGUARI,MS,5004908,7139,100532.43,224.1210,0.542741,2026,7,f,1392.46
MINAS GERAIS,CONQUISTA,4,3883,CONQUISTA,MG,3118205,6694,100331.49,59.7550,0.103013,2026,7,f,1504.91
MATO GROSSO DO SUL,BRASILANDIA,19,9050,BRASILANDIA,MS,5002308,11579,100131.01,164.0902,0.209945,2026,7,f,1328.35
MINAS GERAIS,SAO SEBASTIAO DO OESTE,5,4726,SAO SEBASTIAO DO OESTE,MG,3164605,8815,100121.16,56.7215,0.105798,2026,7,f,1321.95
RIO GRANDE DO SUL,CAPIVARI DO SUL,6,3954,CAPIVARI DO SUL,RS,4304671,3991,100076.42,150.3383,0.151745,2026,7,f,1622.38
MINAS GERAIS,PEDRINOPOLIS,3,2270,PEDRINOPOLIS,MG,3149200,3344,99738.94,89.7129,0.132159,2026,7,f,1741.60
RIO GRANDE DO SUL,VERANOPOLIS,111,22425,VERANOPOLIS,RS,4322806,24021,99721.79,462.0957,0.494983,2026,7,f,2257.23
ALAGOAS,SANTANA DO MUNDAU,2,4005,SANTANA DO MUNDAU,AL,2708105,11323,99563.81,17.6632,0.049938,2026,7,f,642.22
SANTA CATARINA,CUNHA PORA,25,11045,CUNHA PORA,SC,4204707,10953,99518.94,228.2480,0.226347,2026,7,f,2191.07
GOIAS,RIO VERDE,1523,203605,RIO VERDE,GO,5218805,225696,98849.92,674.8015,0.748017,2026,7,f,1822.67
SAO PAULO,LENCOIS PAULISTA,246,61721,LENCOIS PAULISTA,SP,3526803,66505,98709.09,369.8970,0.398568,2026,7,f,1795.57
RIO GRANDE DO SUL,ANDRE DA ROCHA,1,1012,ANDRE DA ROCHA,RS,4300661,1135,98689.87,88.1057,0.098814,2026,7,f,1705.55
PARA,PARAUAPEBAS,690,166546,PARAUAPEBAS,PA,1505536,267836,98646.44,257.6203,0.414300,2026,7,f,1321.92
SAO PAULO,AMPARO,266,64089,AMPARO,SP,3501905,68008,98495.31,391.1305,0.415048,2026,7,f,1986.75
MATO GROSSO,LUCAS DO RIO VERDE,327,77358,LUCAS DO RIO VERDE,MT,5105259,83798,98319.36,390.2241,0.422710,2026,7,f,2202.82
GOIAS,DOVERLANDIA,1,6054,DOVERLANDIA,GO,5207253,6956,98060.38,14.3761,0.016518,2026,7,f,1501.93
TOCANTINS,CASEARA,0,1816,CASEARA,TO,1703909,4847,97893.13,0.0000,0.000000,2026,7,f,1047.86
GOIAS,SANTA CRUZ DE GOIAS,4,1120,SANTA CRUZ DE GOIAS,GO,5219209,3002,97677.88,133.2445,0.357143,2026,7,f,1776.30
SANTA CATARINA,NOVA VENEZA,62,13129,NOVA VENEZA,SC,4211603,13664,97595.80,453.7471,0.472237,2026,7,f,1877.88
MATO GROSSO DO SUL,SAO GABRIEL DO OESTE,87,27995,SAO GABRIEL DO OESTE,MS,5007695,29579,97496.53,294.1276,0.310770,2026,7,f,2084.65
RIO DE JANEIRO,ITAGUAI,352,65091,ITAGUAI,RJ,3302007,116841,97431.23,301.2641,0.540781,2026,7,f,1199.57
SANTA CATARINA,LUIZ ALVES,50,13299,LUIZ ALVES,SC,4210001,11684,97401.75,427.9356,0.375968,2026,7,f,1830.61
MINAS GERAIS,BELO ORIENTE,21,13018,BELO ORIENTE,MG,3106309,23928,97365.18,87.7633,0.161315,2026,7,f,958.65
PARANA,QUARTO CENTENARIO,7,3268,QUARTO CENTENARIO,PR,4120655,4201,97362.29,166.6270,0.214198,2026,7,f,1287.55
SAO PAULO,ITIRAPINA,22,11701,ITIRAPINA,SP,3523602,16148,97242.57,136.2398,0.188018,2026,7,f,1659.02
PARANA,BALSA NOVA,33,10494,BALSA NOVA,PR,4102307,13395,97201.64,246.3606,0.314465,2026,7,f,1606.33
RIO GRANDE DO SUL,HORIZONTINA,41,18927,HORIZONTINA,RS,4309605,18851,96973.64,217.4951,0.216622,2026,7,f,2203.71
RIO GRANDE DO SUL,GUAIBA,344,65180,GUAIBA,RS,4309308,92924,96872.55,370.1950,0.527769,2026,7,f,1668.25
SAO PAULO,MATAO,310,78167,MATAO,SP,3529302,79033,96754.27,392.2412,0.396587,2026,7,f,1700.46
PARANA,QUATRO BARRAS,182,20435,QUATRO BARRAS,PR,4120804,24191,96572.32,752.3459,0.890629,2026,7,f,2002.85
PARANA,CEU AZUL,13,10175,CEU AZUL,PR,4105300,11087,96562.01,117.2544,0.127764,2026,7,f,1771.19
SAO PAULO,MENDONCA,7,4842,MENDONCA,SP,3529500,6159,96402.83,113.6548,0.144568,2026,7,f,1756.32
MATO GROSSO,NOBRES,38,13867,NOBRES,MT,5105903,15492,96343.47,245.2879,0.274032,2026,7,f,1484.25
TOCANTINS,PEIXE,2,4129,PEIXE,TO,1716604,9317,96294.30,21.4661,0.048438,2026,7,f,1080.34
PERNAMBUCO,FERNANDO DE NORONHA,150,2014,FERNANDO DE NORONHA,PE,2605459,3167,96281.34,4736.3435,7.447865,2026,7,f,2566.14
MATO GROSSO,NOVO MUNDO,3,6143,NOVO MUNDO,MT,5106265,6520,96163.19,46.0123,0.048836,2026,7,f,1395.50
GOIAS,AGUA FRIA DE GOIAS,1,1539,AGUA FRIA DE GOIAS,GO,5200175,4954,96142.11,20.1857,0.064977,2026,7,f,1067.37
PARANA,JAGUAPITA,25,10959,JAGUAPITA,PR,4111902,15122,96050.99,165.3220,0.228123,2026,7,f,1517.31
SAO PAULO,ITAPUI,25,9280,ITAPUI,SP,3522901,13659,96005.42,183.0295,0.269397,2026,7,f,1421.09
RIO GRANDE DO SUL,NOVA ARACA,4,4055,NOVA ARACA,RS,4312807,4954,95836.70,80.7428,0.098644,2026,7,f,2136.64
MATO GROSSO,CHAPADA DOS GUIMARAES,62,12052,CHAPADA DOS GUIMARAES,MT,5103007,18990,95713.32,326.4876,0.514437,2026,7,f,1863.33
SAO PAULO,MERIDIANO,2,4023,MERIDIANO,SP,3529609,4572,95701.66,43.7445,0.049714,2026,7,f,1579.55
PARANA,PORTO AMAZONAS,3,2832,PORTO AMAZONAS,PR,4120101,4098,95573.94,73.2064,0.105932,2026,7,f,1567.66
MATO GROSSO DO SUL,NOVO HORIZONTE DO SUL,3,3729,NOVO HORIZONTE DO SUL,MS,5006259,4721,95506.46,63.5459,0.080451,2026,7,f,1347.22
GOIAS,PORTEIRAO,3,2590,PORTEIRAO,GO,5218052,4070,95414.99,73.7101,0.115830,2026,7,f,1696.91
SAO PAULO,PROMISSAO,51,30043,PROMISSAO,SP,3541604,35131,95348.30,145.1709,0.169757,2026,7,f,1506.74
GOIAS,JATAI,401,101776,JATAI,GO,5211909,105729,94828.45,379.2715,0.394003,2026,7,f,1818.86
MINAS GERAIS,ARAPUA,2,2239,ARAPUA,MG,3103801,2631,94825.92,76.0167,0.089326,2026,7,f,1770.70
RIO GRANDE DO SUL,NOVA RAMADA,2,2150,NOVA RAMADA,RS,4313334,2163,94774.39,92.4642,0.093023,2026,7,f,3024.38
RIO DE JANEIRO,RESENDE,987,93992,RESENDE,RJ,3304201,129612,94649.38,761.5036,1.050089,2026,7,f,1881.11
MATO GROSSO,ALTO GARCAS,17,9354,ALTO GARCAS,MT,5100409,13052,94491.88,130.2482,0.181740,2026,7,f,1517.96
BAHIA,POJUCA,63,15537,POJUCA,BA,2925204,32136,94490.88,196.0418,0.405484,2026,7,f,981.96
SAO PAULO,JARINU,119,28647,JARINU,SP,3525201,37535,94483.66,317.0374,0.415401,2026,7,f,1368.78
SAO PAULO,JUMIRIM,3,2153,JUMIRIM,SP,3525854,3056,94224.80,98.1675,0.139340,2026,7,f,1366.75
PARANA,DOURADINA,15,7894,DOURADINA,PR,4107256,9161,93783.43,163.7376,0.190018,2026,7,f,1609.13
SAO PAULO,HORTOLANDIA,675,163590,HORTOLANDIA,SP,3519071,236641,93660.54,285.2422,0.412617,2026,7,f,1619.28
SANTA CATARINA,CAMPOS NOVOS,139,32942,CAMPOS NOVOS,SC,4203600,36932,93600.51,376.3674,0.421954,2026,7,f,1809.20
SAO PAULO,MONTE MOR,190,46455,MONTE MOR,SP,3531803,64662,93554.14,293.8356,0.408998,2026,7,f,1367.63
MATO GROSSO,PLANALTO DA SERRA,3,1731,PLANALTO DA SERRA,MT,5106455,3166,93512.32,94.7568,0.173310,2026,7,f,1477.03
GOIAS,MONTES CLAROS DE GOIAS,7,6141,MONTES CLAROS DE GOIAS,GO,5213707,8756,93427.25,79.9452,0.113988,2026,7,f,1724.65
SANTA CATARINA,TANGARA,21,7666,TANGARA,SC,4217907,8143,93366.70,257.8902,0.273937,2026,7,f,1861.19
MINAS GERAIS,POUSO ALEGRE,951,114356,POUSO ALEGRE,MG,3152501,152217,93295.79,624.7660,0.831614,2026,7,f,1875.32
GOIAS,PORTELANDIA,0,2020,PORTELANDIA,GO,5218102,3280,93165.85,0.0000,0.000000,2026,7,f,1368.96
SAO PAULO,SAO PAULO,148969,10118706,SAO PAULO,SP,3550308,11451999,93156.23,1300.8122,1.472214,2026,7,f,2713.36
SANTA CATARINA,PINHEIRO PRETO,10,3562,PINHEIRO PRETO,SC,4213005,3473,93063.35,287.9355,0.280741,2026,7,f,2022.36
SAO PAULO,SANTA CRUZ DO RIO PARDO,88,41495,SANTA CRUZ DO RIO PARDO,SP,3546405,46442,93015.42,189.4837,0.212074,2026,7,f,1738.78
SAO PAULO,SANTANA DE PARNAIBA,4590,112124,SANTANA DE PARNAIBA,SP,3547304,154105,92978.14,2978.4887,4.093682,2026,7,f,3465.07
SANTA CATARINA,POMERODE,211,31500,POMERODE,SC,4213203,34289,92877.37,615.3577,0.669841,2026,7,f,2135.56
GOIAS,MOZARLANDIA,11,12075,MOZARLANDIA,GO,5214002,14750,92677.02,74.5763,0.091097,2026,7,f,1506.16
RIO GRANDE DO SUL,CASCA,45,9690,CASCA,RS,4304903,9465,92546.12,475.4358,0.464396,2026,7,f,2626.19
SAO PAULO,SANTO ANTONIO DE POSSE,76,20000,SANTO ANTONIO DE POSSE,SP,3548005,23244,92363.19,326.9661,0.380000,2026,7,f,1423.41
MATO GROSSO DO SUL,AGUA CLARA,15,12519,AGUA CLARA,MS,5000203,16741,92266.47,89.6004,0.119818,2026,7,f,1627.25
MINAS GERAIS,DORESOPOLIS,0,775,DORESOPOLIS,MG,3123403,1461,92215.61,0.0000,0.000000,2026,7,f,1181.20
RIO GRANDE DO SUL,PANAMBI,75,39571,PANAMBI,RS,4313904,43515,92180.08,172.3544,0.189533,2026,7,f,2086.21
MATO GROSSO,DOM AQUINO,8,5604,DOM AQUINO,MT,5103601,7872,92077.49,101.6260,0.142755,2026,7,f,1456.31
PARANA,ENTRE RIOS DO OESTE,10,4214,ENTRE RIOS DO OESTE,PR,4107538,4575,91973.33,218.5792,0.237304,2026,7,f,2240.05
SANTA CATARINA,SAO LUDGERO,89,13587,SAO LUDGERO,SC,4217006,13509,91900.07,658.8200,0.655038,2026,7,f,2064.29
SANTA CATARINA,NAVEGANTES,629,72189,NAVEGANTES,SC,4211306,86401,91893.31,728.0008,0.871324,2026,7,f,1738.92
RIO GRANDE DO SUL,ACEGUA,5,5212,ACEGUA,RS,4300034,4170,91688.25,119.9041,0.095932,2026,7,f,1644.79
GOIAS,CRISTALINA,52,40329,CRISTALINA,GO,5206206,62337,91562.28,83.4176,0.128939,2026,7,f,1347.24
MATO GROSSO DO SUL,ANTONIO JOAO,3,5120,ANTONIO JOAO,MS,5000906,9303,91559.82,32.2477,0.058594,2026,7,f,980.80
MATO GROSSO DO SUL,SANTA RITA DO PARDO,5,4505,SANTA RITA DO PARDO,MS,5007554,7027,91499.50,71.1541,0.110988,2026,7,f,1223.61
SANTA CATARINA,ARABUTA,9,4048,ARABUTA,SC,4201273,4378,91494.06,205.5733,0.222332,2026,7,f,2056.91
SANTA CATARINA,JOACABA,312,29127,JOACABA,SC,4209003,30146,91372.45,1034.9632,1.071171,2026,7,f,2837.07
SAO PAULO,PEDREGULHO,25,11803,PEDREGULHO,SP,3537008,15525,91303.57,161.0306,0.211811,2026,7,f,1428.33
GOIAS,ARENOPOLIS,1,1580,ARENOPOLIS,GO,5202353,2946,91292.26,33.9443,0.063291,2026,7,f,1335.20
BAHIA,CAMACARI,1376,131082,CAMACARI,BA,2905701,300372,91283.07,458.0986,1.049725,2026,7,f,1177.89
RIO DE JANEIRO,MACAE,1764,145204,MACAE,RJ,3302403,246391,90891.55,715.9352,1.214843,2026,7,f,1876.38
SAO PAULO,AGUDOS,121,27997,AGUDOS,SP,3500709,37680,90653.11,321.1253,0.432189,2026,7,f,1590.76
SAO PAULO,NOVA ODESSA,405,54628,NOVA ODESSA,SP,3533403,62019,90509.31,653.0257,0.741378,2026,7,f,1934.32
MINAS GERAIS,OURO PRETO,63,47393,OURO PRETO,MG,3146107,74821,90426.62,84.2010,0.132931,2026,7,f,1611.45
GOIAS,CATALAO,517,108307,CATALAO,GO,5205109,114427,90415.66,451.8164,0.477347,2026,7,f,1978.99
MATO GROSSO,NOVA CANAA DO NORTE,12,10797,NOVA CANAA DO NORTE,MT,5106216,11707,90368.33,102.5028,0.111142,2026,7,f,1532.50
MATO GROSSO,MARCELANDIA,13,11033,MARCELANDIA,MT,5105580,11396,90320.46,114.0751,0.117828,2026,7,f,1570.67
TOCANTINS,SANTA ROSA DO TOCANTINS,3,1964,SANTA ROSA DO TOCANTINS,TO,1718907,4653,90238.99,64.4745,0.152749,2026,7,f,848.41
SANTA CATARINA,SAO BONIFACIO,5,3087,SAO BONIFACIO,SC,4215901,2946,90064.49,169.7217,0.161970,2026,7,f,1564.53
PARANA,RANCHO ALEGRE D'OESTE,6,2210,RANCHO ALEGRE D'OESTE,PR,4121356,2618,90008.40,229.1826,0.271493,2026,7,f,1077.07
MINAS GERAIS,VERISSIMO,0,1138,VERISSIMO,MG,3171105,3411,89993.55,0.0000,0.000000,2026,7,f,1352.42
RIO GRANDE DO NORTE,PEDRA GRANDE,0,1033,PEDRA GRANDE,RN,2409506,3618,89940.57,0.0000,0.000000,2026,7,f,865.04
SAO PAULO,PORTO FELIZ,230,44087,PORTO FELIZ,SP,3540606,56497,89687.05,407.1013,0.521696,2026,7,f,1626.03
RIO GRANDE DO SUL,BOA VISTA DAS MISSOES,6,2016,BOA VISTA DAS MISSOES,RS,4302154,1933,89601.66,310.3983,0.297619,2026,7,f,1653.55
PARANA,LUIZIANA,2,4343,LUIZIANA,PR,4113734,6690,89587.59,29.8954,0.046051,2026,7,f,1271.33
MINAS GERAIS,SACRAMENTO,37,20541,SACRAMENTO,MG,3156908,26670,89506.94,138.7327,0.180128,2026,7,f,1829.52
MINAS GERAIS,TRES MARIAS,15,20572,TRES MARIAS,MG,3169356,28895,89376.40,51.9121,0.072915,2026,7,f,1333.18
MINAS GERAIS,LIMEIRA DO OESTE,1,5987,LIMEIRA DO OESTE,MG,3138625,8687,89243.81,11.5115,0.016703,2026,7,t,1567.05
RIO GRANDE DO SUL,VILA MARIA,8,4533,VILA MARIA,RS,4323408,4413,89191.03,181.2826,0.176484,2026,7,f,2679.60
MATO GROSSO,MATUPA,44,19995,MATUPA,MT,5105606,20091,89129.16,219.0035,0.220055,2026,7,f,1880.90
RIO GRANDE DO SUL,SAO JOSE DO INHACORA,5,2142,SAO JOSE DO INHACORA,RS,4318499,2406,88984.62,207.8138,0.233427,2026,7,f,1809.63
MATO GROSSO,SERRA NOVA DOURADA,0,470,SERRA NOVA DOURADA,MT,5107883,1800,88917.78,0.0000,0.000000,2026,7,t,1552.08
RIO GRANDE DO SUL,GRAMADO,458,35567,GRAMADO,RS,4309100,40134,88848.11,1141.1771,1.287711,2026,7,f,2622.73
RIO DE JANEIRO,CAMPOS DOS GOYTACAZES,1323,272230,CAMPOS DOS GOYTACAZES,RJ,3301009,483540,88831.26,273.6071,0.485986,2026,7,f,1385.75
SAO PAULO,SAO BERNARDO DO CAMPO,5626,672172,SAO BERNARDO DO CAMPO,SP,3548708,810729,88766.77,693.9434,0.836988,2026,7,f,2229.41
PARANA,CAPITAO LEONIDAS MARQUES,30,14244,CAPITAO LEONIDAS MARQUES,PR,4104600,14648,88764.34,204.8061,0.210615,2026,7,f,1698.36
GOIAS,CACU,18,10769,CACU,GO,5204300,13774,88571.51,130.6810,0.167146,2026,7,f,1796.75
RIO GRANDE DO SUL,ARROIO DO MEIO,73,21063,ARROIO DO MEIO,RS,4301008,21958,88493.40,332.4529,0.346579,2026,7,f,2120.87
SANTA CATARINA,MARAVILHA,123,28365,MARAVILHA,SC,4210506,28251,88464.94,435.3828,0.433633,2026,7,f,2146.03
SAO PAULO,ROSANA,27,11697,ROSANA,SP,3544251,17440,88459.35,154.8165,0.230828,2026,7,f,1598.65
ALAGOAS,BRANQUINHA,1,2337,BRANQUINHA,AL,2701100,9603,88437.68,10.4134,0.042790,2026,7,f,590.50
MINAS GERAIS,CANAPOLIS,7,6665,CANAPOLIS,MG,3111804,10608,88401.30,65.9879,0.105026,2026,7,f,1330.40
SAO PAULO,ITAPIRA,262,68405,ITAPIRA,SP,3522604,72022,88389.30,363.7777,0.383013,2026,7,f,1823.28
SANTA CATARINA,PINHALZINHO,78,20754,PINHALZINHO,SC,4212908,21972,88371.61,354.9973,0.375831,2026,7,f,2285.95
GOIAS,CAIAPONIA,16,11667,CAIAPONIA,GO,5204409,16513,88193.42,96.8934,0.137139,2026,7,f,1652.40
SAO PAULO,SAO JOSE DOS CAMPOS,4537,523100,SAO JOSE DOS CAMPOS,SP,3549904,697054,88077.14,650.8821,0.867329,2026,7,f,2276.81
RIO GRANDE DO SUL,QUATRO IRMAOS,1,1159,QUATRO IRMAOS,RS,4315313,1552,87965.85,64.4330,0.086281,2026,7,f,1947.15
BAHIA,RIACHAO DAS NEVES,5,4717,RIACHAO DAS NEVES,BA,2926202,21642,87644.67,23.1032,0.106000,2026,7,f,697.01
ESPIRITO SANTO,VITORIA,6319,227171,VITORIA,ES,3205309,322869,87520.34,1957.1405,2.781605,2026,7,f,3351.64
RIO GRANDE DO SUL,GENTIL,2,1509,GENTIL,RS,4308854,1744,87302.75,114.6789,0.132538,2026,7,f,2888.72
MATO GROSSO DO SUL,SIDROLANDIA,42,28878,SIDROLANDIA,MS,5007901,47118,87065.37,89.1379,0.145439,2026,7,f,1236.58
SAO PAULO,VISTA ALEGRE DO ALTO,21,6628,VISTA ALEGRE DO ALTO,SP,3556909,8109,87056.48,258.9715,0.316838,2026,7,f,1473.26
PARANA,MARIOPOLIS,8,4953,MARIOPOLIS,PR,4115309,6371,86961.86,125.5690,0.161518,2026,7,f,2076.62
RIO GRANDE DO SUL,BOA VISTA DO INCRA,0,2022,BOA VISTA DO INCRA,RS,4302238,2271,86745.05,0.0000,0.000000,2026,7,f,1302.75
RIO DE JANEIRO,DUQUE DE CAXIAS,1500,370027,DUQUE DE CAXIAS,RJ,3301702,808161,86700.55,185.6066,0.405376,2026,7,f,1100.31
PARANA,PAULA FREITAS,2,4455,PAULA FREITAS,PR,4118600,5666,86221.67,35.2983,0.044893,2026,7,f,1665.15
PARANA,SAO CARLOS DO IVAI,11,5431,SAO CARLOS DO IVAI,PR,4124608,6587,86205.56,166.9956,0.202541,2026,7,f,1514.76
PARANA,UBIRATA,47,21880,UBIRATA,PR,4128005,24749,86060.93,189.9067,0.214808,2026,7,f,1637.48
RIO GRANDE DO SUL,DOIS IRMAOS,236,23792,DOIS IRMAOS,RS,4306403,30709,85952.75,768.5043,0.991930,2026,7,f,2188.04
MINAS GERAIS,IJACI,4,4564,IJACI,MG,3130408,7003,85943.88,57.1184,0.087642,2026,7,f,1167.67
SAO PAULO,NOVA CASTILHO,1,899,NOVA CASTILHO,SP,3532868,1062,85902.07,94.1620,0.111235,2026,7,f,1681.27
SAO PAULO,PEDERNEIRAS,118,38786,PEDERNEIRAS,SP,3536703,44827,85672.05,263.2342,0.304233,2026,7,f,1528.30
MINAS GERAIS,BONFINOPOLIS DE MINAS,1,3512,BONFINOPOLIS DE MINAS,MG,3108206,5528,85621.56,18.0897,0.028474,2026,7,f,1492.57
SAO PAULO,SALTO,753,99726,SALTO,SP,3545209,134319,85609.33,560.6057,0.755069,2026,7,f,1902.87
GOIAS,BONOPOLIS,2,1419,BONOPOLIS,GO,5203575,3299,85569.57,60.6244,0.140944,2026,7,f,1200.67
PARANA,CARAMBEI,48,18343,CARAMBEI,PR,4104659,23283,85465.62,206.1590,0.261680,2026,7,f,1600.57
PARANA,TELEMACO BORBA,168,61546,TELEMACO BORBA,PR,4127106,75042,85411.17,223.8746,0.272967,2026,7,f,1683.23
RIO GRANDE DO SUL,EUGENIO DE CASTRO,0,2452,EUGENIO DE CASTRO,RS,4307831,2633,85401.44,0.0000,0.000000,2026,7,t,1771.70
SAO PAULO,PRADOPOLIS,46,13207,PRADOPOLIS,SP,3540903,17078,85302.49,269.3524,0.348300,2026,7,f,1538.35
SAO PAULO,ITAJU,1,2111,ITAJU,SP,3522000,3618,85214.21,27.6396,0.047371,2026,7,f,1371.85
MINAS GERAIS,ROMARIA,1,2025,ROMARIA,MG,3156403,3386,85099.82,29.5334,0.049383,2026,7,f,1291.69
SAO PAULO,ITATIBA,881,103145,ITATIBA,SP,3523404,121590,84936.81,724.5662,0.854137,2026,7,f,2282.10
SANTA CATARINA,JARAGUA DO SUL,1943,151102,JARAGUA DO SUL,SC,4208906,182660,84907.82,1063.7250,1.285886,2026,7,f,2341.61
MATO GROSSO,AGUA BOA,21,26043,AGUA BOA,MT,5100201,29219,84866.53,71.8710,0.080636,2026,7,f,2215.90
RIO GRANDE DO SUL,VICTOR GRAEFF,4,2932,VICTOR GRAEFF,RS,4323200,2780,84803.60,143.8849,0.136426,2026,7,f,2384.33
SAO PAULO,ORLANDIA,187,39222,ORLANDIA,SP,3534302,38319,84752.94,488.0086,0.476773,2026,7,f,1737.14
MATO GROSSO DO SUL,ALCINOPOLIS,5,3860,ALCINOPOLIS,MS,5000252,4537,84718.54,110.2050,0.129534,2026,7,f,1395.32
GOIAS,PANAMA,2,1575,PANAMA,GO,5216007,2455,84715.68,81.4664,0.126984,2026,7,f,1380.71
SAO PAULO,CORUMBATAI,3,3507,CORUMBATAI,SP,3512704,4195,84530.15,71.5137,0.085543,2026,7,f,1543.11
SAO PAULO,CANDIDO MOTA,38,25083,CANDIDO MOTA,SP,3510005,29449,84306.94,129.0366,0.151497,2026,7,f,1531.52
SANTA CATARINA,BOM JARDIM DA SERRA,9,3153,BOM JARDIM DA SERRA,SC,4202503,4026,84150.02,223.5469,0.285442,2026,7,f,1591.86
PARANA,FAROL,1,2401,FAROL,PR,4107553,3039,84118.46,32.9056,0.041649,2026,7,f,1519.69
PARANA,SABAUDIA,16,7097,SABAUDIA,PR,4122701,8822,84033.67,181.3648,0.225447,2026,7,f,1580.46
MARANHAO,GODOFREDO VIANA,0,1577,GODOFREDO VIANA,MA,2104305,10186,83957.00,0.0000,0.000000,2026,7,f,799.67
MATO GROSSO,GENERAL CARNEIRO,3,1518,GENERAL CARNEIRO,MT,5103908,6037,83898.13,49.6936,0.197628,2026,7,f,1051.79
RIO GRANDE DO SUL,CANOAS,2126,250394,CANOAS,RS,4304606,347657,83895.04,611.5223,0.849062,2026,7,f,2066.82
RIO GRANDE DO SUL,PEDRAS ALTAS,1,1521,PEDRAS ALTAS,RS,4314175,2061,83868.03,48.5201,0.065746,2026,7,f,1529.35
GOIAS,SAO JOAO DA PARAUNA,1,1391,SAO JOAO DA PARAUNA,GO,5220058,1774,83825.82,56.3698,0.071891,2026,7,f,1629.30
AMAPA,FERREIRA GOMES,1,851,FERREIRA GOMES,AP,1600238,6666,83706.87,15.0015,0.117509,2026,7,f,758.60
RIO DE JANEIRO,MANGARATIBA,251,19735,MANGARATIBA,RJ,3302601,41220,83543.43,608.9277,1.271852,2026,7,f,1501.02
MINAS GERAIS,IGUATAMA,5,4547,IGUATAMA,MG,3130309,6826,83455.76,73.2493,0.109963,2026,7,f,1573.90
RIO GRANDE DO SUL,CHUI,34,8957,CHUI,RS,4305439,6262,83417.44,542.9575,0.379591,2026,7,f,1448.23
MATO GROSSO DO SUL,CAARAPO,23,19427,CAARAPO,MS,5002407,30612,83401.44,75.1339,0.118392,2026,7,f,1227.87
SAO PAULO,ITU,1931,151303,ITU,SP,3523909,168240,83288.93,1147.7651,1.276247,2026,7,f,1874.09
MATO GROSSO DO SUL,DOURADOS,1482,203705,DOURADOS,MS,5003702,243367,83240.34,608.9568,0.727523,2026,7,f,2015.16
RIO GRANDE DO SUL,MACAMBARA,1,1658,MACAMBARA,RS,4311718,4425,83155.48,22.5989,0.060314,2026,7,f,1297.03
MINAS GERAIS,PAINS,11,5943,PAINS,MG,3146503,8142,83087.20,135.1019,0.185092,2026,7,f,1405.87
SANTA CATARINA,VARGEAO,13,3119,VARGEAO,SC,4219101,3634,83058.34,357.7325,0.416800,2026,7,f,2062.19
SANTA CATARINA,LACERDOPOLIS,4,2292,LACERDOPOLIS,SC,4209201,2248,83000.00,177.9359,0.174520,2026,7,f,2588.10
MINAS GERAIS,CAMBUI,29,23975,CAMBUI,MG,3110608,29536,82998.48,98.1853,0.120959,2026,7,f,1743.77
PARANA,SERTANEJA,12,5037,SERTANEJA,PR,4126405,5616,82925.93,213.6752,0.238237,2026,7,f,1730.01
GOIAS,PALESTINA DE GOIAS,0,1698,PALESTINA DE GOIAS,GO,5215652,3132,82863.35,0.0000,0.000000,2026,7,f,1405.74
MINAS GERAIS,CORREGO FUNDO,5,4918,CORREGO FUNDO,MG,3119955,6133,82848.20,81.5262,0.101667,2026,7,f,1374.15
RIO GRANDE DO SUL,MARAU,169,39760,MARAU,RS,4311809,45124,82844.94,374.5235,0.425050,2026,7,f,2256.96
SAO PAULO,PINDAMONHANGABA,421,116376,PINDAMONHANGABA,SP,3538006,165428,82662.43,254.4914,0.361758,2026,7,f,1610.98
SAO PAULO,TEJUPA,3,2048,TEJUPA,SP,3554201,4127,82657.38,72.6920,0.146484,2026,7,f,1042.07
MINAS GERAIS,POUSO ALTO,1,3633,POUSO ALTO,MG,3152600,6566,82639.20,15.2300,0.027525,2026,7,f,1248.01
SANTA CATARINA,ICARA,289,63009,ICARA,SC,4207007,59035,82633.59,489.5401,0.458665,2026,7,f,1976.00
SAO PAULO,QUATA,9,9852,QUATA,SP,3541703,13163,82621.21,68.3735,0.091352,2026,7,f,1377.34
MATO GROSSO,PEDRA PRETA,21,13546,PEDRA PRETA,MT,5106372,18066,82518.27,116.2405,0.155027,2026,7,f,1510.72
RIO GRANDE DO SUL,PONTAO,3,2967,PONTAO,RS,4314779,3296,82517.60,91.0194,0.101112,2026,7,f,1695.82
BAHIA,MUCURI,28,12254,MUCURI,BA,2922003,37977,82350.03,73.7288,0.228497,2026,7,f,1134.46
SANTA CATARINA,ITAPIRANGA,61,16201,ITAPIRANGA,SC,4208401,16638,82338.56,366.6306,0.376520,2026,7,f,2634.98
SAO PAULO,GUAIRA,133,36168,GUAIRA,SP,3517406,39279,82333.00,338.6033,0.367728,2026,7,f,1685.85
TOCANTINS,ALIANCA DO TOCANTINS,1,2933,ALIANCA DO TOCANTINS,TO,1700350,5147,82197.40,19.4288,0.034095,2026,7,f,962.77
SAO PAULO,MARACAI,13,10688,MARACAI,SP,3528809,12673,82038.66,102.5803,0.121632,2026,7,f,1465.29
SAO PAULO,JACAREI,982,172598,JACAREI,SP,3524402,240275,81960.24,408.6984,0.568952,2026,7,f,1799.50
MINAS GERAIS,ROCHEDO DE MINAS,2,1167,ROCHEDO DE MINAS,MG,3156205,2291,81881.71,87.2981,0.171380,2026,7,f,1125.90
MINAS GERAIS,IBIRACI,9,7511,IBIRACI,MG,3129707,10948,81825.81,82.2068,0.119824,2026,7,f,1255.07
RIO GRANDE DO SUL,MONTENEGRO,288,55364,MONTENEGRO,RS,4312401,64322,81767.31,447.7473,0.520194,2026,7,f,1897.77
PARANA,MARIPA,13,5574,MARIPA,PR,4115358,6555,81721.28,198.3219,0.233226,2026,7,f,1580.45
RIO GRANDE DO SUL,CAXIAS DO SUL,4416,386214,CAXIAS DO SUL,RS,4305108,463501,81683.97,952.7488,1.143408,2026,7,f,2330.62
ESPIRITO SANTO,ARACRUZ,415,63965,ARACRUZ,ES,3200607,94765,81515.74,437.9254,0.648792,2026,7,f,1507.13
MATO GROSSO DO SUL,ANAURILANDIA,4,4958,ANAURILANDIA,MS,5000807,7653,81498.76,52.2671,0.080678,2026,7,f,1265.50
SAO PAULO,DESCALVADO,83,30373,DESCALVADO,SP,3513702,31756,81385.66,261.3679,0.273269,2026,7,f,1726.15
GOIAS,PIRANHAS,16,9100,PIRANHAS,GO,5217203,11712,81379.10,136.6120,0.175824,2026,7,f,1598.10
MINAS GERAIS,RODEIRO,8,5677,RODEIRO,MG,3156304,8664,81359.42,92.3361,0.140919,2026,7,f,1186.60
MINAS GERAIS,COMENDADOR GOMES,2,1512,COMENDADOR GOMES,MG,3116902,2773,81280.20,72.1241,0.132275,2026,7,f,1482.71
SAO PAULO,SOROCABA,7142,583150,SOROCABA,SP,3552205,723682,81273.66,986.8976,1.224728,2026,7,f,2165.31
BAHIA,CAIRU,5,1369,CAIRU,BA,2905404,17761,81207.42,28.1516,0.365230,2026,7,f,995.96
ESPIRITO SANTO,VIANA,187,44891,VIANA,ES,3205101,73423,81139.92,254.6886,0.416565,2026,7,f,1186.66
SAO PAULO,MIRASSOLANDIA,5,3311,MIRASSOLANDIA,SP,3530409,4669,80992.50,107.0893,0.151012,2026,7,f,1322.05
RIO GRANDE DO SUL,IGREJINHA,118,29350,IGREJINHA,RS,4310108,32808,80959.74,359.6684,0.402044,2026,7,f,1769.21
SANTA CATARINA,SEARA,42,16985,SEARA,SC,4217501,18620,80915.57,225.5639,0.247277,2026,7,f,2097.28
TOCANTINS,MARIANOPOLIS DO TOCANTINS,4,1944,MARIANOPOLIS DO TOCANTINS,TO,1712504,4615,80866.09,86.6739,0.205761,2026,7,f,1221.45
SANTA CATARINA,JOINVILLE,5216,526468,JOINVILLE,SC,4209102,616317,80828.34,846.3177,0.990753,2026,7,f,2260.92
PARANA,SAO JORGE DO IVAI,9,4944,SAO JORGE DO IVAI,PR,4125308,5168,80750.00,174.1486,0.182039,2026,7,f,1785.31
SAO PAULO,CAMPINAS,15247,1031878,CAMPINAS,SP,3509502,1139047,80741.47,1338.5751,1.477597,2026,7,f,2678.60
MATO GROSSO,RIBEIRAO CASCALHEIRA,9,7309,RIBEIRAO CASCALHEIRA,MT,5107180,10089,80732.08,89.2061,0.123136,2026,7,f,1455.45
SAO PAULO,VALINHOS,2509,121903,VALINHOS,SP,3556206,126373,80718.99,1985.3924,2.058194,2026,7,f,3127.28
PARANA,BRASILANDIA DO SUL,2,2585,BRASILANDIA DO SUL,PR,4103370,3708,80537.76,53.9374,0.077369,2026,7,f,1443.73
PARANA,DIAMANTE DO NORTE,2,4550,DIAMANTE DO NORTE,PR,4107108,5142,80500.39,38.8954,0.043956,2026,7,f,1508.14
RIO GRANDE DO SUL,ERECHIM,631,98091,ERECHIM,RS,4307005,105705,80385.09,596.9443,0.643280,2026,7,f,2385.71
GOIAS,TURVANIA,7,3453,TURVANIA,GO,5221502,4480,80195.09,156.2500,0.202722,2026,7,f,1413.92
SANTA CATARINA,PALMEIRA,1,2481,PALMEIRA,SC,4212056,2561,80067.55,39.0472,0.040306,2026,7,f,1501.95
PARANA,MIRADOR,1,1153,MIRADOR,PR,4115903,2238,79981.68,44.6828,0.086730,2026,7,f,1213.96
MATO GROSSO DO SUL,BATAGUASSU,37,17307,BATAGUASSU,MS,5001904,23031,79975.55,160.6530,0.213786,2026,7,f,1453.70
MINAS GERAIS,CABECEIRA GRANDE,0,1534,CABECEIRA GRANDE,MG,3109451,6627,79944.02,0.0000,0.000000,2026,7,f,1418.63
SAO PAULO,JERIQUARA,4,2477,JERIQUARA,SP,3525409,3863,79935.02,103.5465,0.161486,2026,7,f,1491.08
RIO GRANDE DO SUL,SANTO ANTONIO DO PLANALTO,2,2034,SANTO ANTONIO DO PLANALTO,RS,4317756,2089,79773.58,95.7396,0.098328,2026,7,f,1912.78
MATO GROSSO DO SUL,ITAQUIRAI,10,11498,ITAQUIRAI,MS,5004601,19423,79624.83,51.4854,0.086972,2026,7,f,1255.34
BAHIA,CANDEIAS,109,35153,CANDEIAS,BA,2906501,72382,79440.00,150.5899,0.310073,2026,7,f,845.21
PARANA,MANDAGUARI,120,33087,MANDAGUARI,PR,4114203,36716,79434.03,326.8330,0.362680,2026,7,f,1604.93
RIO GRANDE DO SUL,NOVA BASSANO,26,9522,NOVA BASSANO,RS,4312906,9649,79288.84,269.4580,0.273052,2026,7,f,2046.80
MINAS GERAIS,ARAXA,362,86334,ARAXA,MG,3104007,111691,79211.75,324.1085,0.419302,2026,7,f,1896.33
SANTA CATARINA,SALTO VELOSO,6,3977,SALTO VELOSO,SC,4215406,4390,79188.15,136.6743,0.150867,2026,7,f,1953.74
RIO GRANDE DO SUL,IBIRUBA,67,20591,IBIRUBA,RS,4310009,21583,79138.30,310.4295,0.325385,2026,7,f,2923.72
MATO GROSSO DO SUL,APARECIDA DO TABOADO,42,21582,APARECIDA DO TABOADO,MS,5001003,27674,79107.54,151.7670,0.194607,2026,7,f,1465.45
MINAS GERAIS,RIO PARANAIBA,14,10857,RIO PARANAIBA,MG,3155504,14532,79005.02,96.3391,0.128949,2026,7,f,1446.33
RIO GRANDE DO NORTE,GALINHOS,0,448,GALINHOS,RN,2404101,2104,78741.44,0.0000,0.000000,2026,7,f,993.68
MINAS GERAIS,MADRE DE DEUS DE MINAS,4,3361,MADRE DE DEUS DE MINAS,MG,3139102,5191,78696.01,77.0564,0.119012,2026,7,f,1570.26
PARANA,ITAPEJARA D'OESTE,20,10186,ITAPEJARA D'OESTE,PR,4111209,12344,78624.84,162.0220,0.196348,2026,7,f,1613.14
RIO GRANDE DO SUL,PORTO ALEGRE,17739,958474,PORTO ALEGRE,RS,4314902,1332845,78586.24,1330.9124,1.850754,2026,7,f,3203.31
SAO PAULO,TIETE,150,32884,TIETE,SP,3554508,37663,78457.58,398.2689,0.456149,2026,7,f,2011.60
RIO GRANDE DO SUL,BARRA DO QUARAI,2,2815,BARRA DO QUARAI,RS,4301875,4241,78422.54,47.1587,0.071048,2026,7,f,1229.26
SANTA CATARINA,OURO VERDE,4,1888,OURO VERDE,SC,4211850,2181,78321.87,183.4021,0.211864,2026,7,f,1508.02
SANTA CATARINA,BRUSQUE,1442,137511,BRUSQUE,SC,4202909,141385,78307.71,1019.9102,1.048643,2026,7,f,2235.17
RIO GRANDE DO SUL,PEJUCARA,8,3545,PEJUCARA,RS,4314308,3745,78260.08,213.6182,0.225670,2026,7,f,1691.27
PARANA,IBIPORA,182,43607,IBIPORA,PR,4109807,51603,78248.45,352.6927,0.417364,2026,7,f,1651.74
PARANA,HONORIO SERPA,3,3843,HONORIO SERPA,PR,4109658,4941,78227.28,60.7165,0.078064,2026,7,f,1708.91
PERNAMBUCO,CABO DE SANTO AGOSTINHO,655,73031,CABO DE SANTO AGOSTINHO,PE,2602902,203440,78144.02,321.9622,0.896879,2026,7,f,945.95
RIO GRANDE DO SUL,ENTRE RIOS DO SUL,0,1781,ENTRE RIOS DO SUL,RS,4306957,2685,78104.66,0.0000,0.000000,2026,7,t,1596.55
PARANA,MATELANDIA,32,17126,MATELANDIA,PR,4115606,18450,78092.95,173.4417,0.186850,2026,7,f,1633.10
SANTA CATARINA,ITA,30,6047,ITA,SC,4208005,7067,77857.93,424.5083,0.496114,2026,7,f,2845.16
MARANHAO,SAMBAIBA,8,1865,SAMBAIBA,MA,2109700,5568,77826.87,143.6782,0.428954,2026,7,f,703.14
PARANA,CAPANEMA,32,16729,CAPANEMA,PR,4104501,20481,77763.83,156.2424,0.191285,2026,7,f,1827.28
RIO GRANDE DO SUL,GLORINHA,5,6493,GLORINHA,RS,4309050,7658,77744.71,65.2912,0.077006,2026,7,f,1564.64
SAO PAULO,ONDA VERDE,7,3205,ONDA VERDE,SP,3534005,4771,77675.33,146.7198,0.218409,2026,7,f,1480.85
TOCANTINS,PEDRO AFONSO,11,9583,PEDRO AFONSO,TO,1716505,14055,77583.99,78.2640,0.114787,2026,7,f,1441.40
PARANA,PINHAIS,1552,106265,PINHAIS,PR,4119152,127019,77567.93,1221.8644,1.460500,2026,7,f,2122.76
SANTA CATARINA,ARVOREDO,6,1926,ARVOREDO,SC,4201653,2510,77525.10,239.0438,0.311526,2026,7,f,2237.43
SANTA CATARINA,PALMITOS,25,17269,PALMITOS,SC,4212106,15626,77515.93,159.9898,0.144768,2026,7,f,1913.03
SAO PAULO,TARUMA,7,10565,TARUMA,SP,3553955,14882,77481.72,47.0367,0.066257,2026,7,f,1307.96
SANTA CATARINA,SAO CARLOS,29,9642,SAO CARLOS,SC,4216008,10282,77318.62,282.0463,0.300767,2026,7,f,2123.60
ESPIRITO SANTO,ANCHIETA,149,19108,ANCHIETA,ES,3200409,29984,77293.86,496.9317,0.779778,2026,7,f,1257.88
GOIAS,VICENTINOPOLIS,7,6833,VICENTINOPOLIS,GO,5222054,8768,77281.02,79.8358,0.102444,2026,7,f,1340.26
GOIAS,SANTO ANTONIO DA BARRA,5,1981,SANTO ANTONIO DA BARRA,GO,5219712,4267,77168.27,117.1783,0.252398,2026,7,f,1279.99
GOIAS,GOUVELANDIA,2,2304,GOUVELANDIA,GO,5209150,4390,77029.61,45.5581,0.086806,2026,7,f,1288.30
SANTA CATARINA,RIO FORTUNA,16,5901,RIO FORTUNA,SC,4214904,4847,76997.73,330.1011,0.271140,2026,7,f,1801.19
MATO GROSSO DO SUL,JUTI,2,4010,JUTI,MS,5005152,6729,76969.83,29.7221,0.049875,2026,7,f,1202.34
TOCANTINS,CAMPOS LINDOS,7,2497,CAMPOS LINDOS,TO,1703842,8653,76951.00,80.8968,0.280336,2026,7,f,912.29
MATO GROSSO,SANTO AFONSO,0,1576,SANTO AFONSO,MT,5107263,2519,76907.90,0.0000,0.000000,2026,7,f,1498.51
RIO DE JANEIRO,TRES RIOS,375,44064,TRES RIOS,RJ,3306008,78346,76808.47,478.6460,0.851035,2026,7,f,1438.62
MINAS GERAIS,IGARATINGA,4,8185,IGARATINGA,MG,3130200,10830,76779.96,36.9344,0.048870,2026,7,f,1150.85
SAO PAULO,RIO CLARO,951,198974,RIO CLARO,SP,3543907,201418,76592.54,472.1524,0.477952,2026,7,f,2056.67
SAO PAULO,ARARAS,627,121134,ARARAS,SP,3503307,130866,76588.82,479.1160,0.517609,2026,7,f,1910.50
MINAS GERAIS,IBIA,32,15519,IBIA,MG,3129509,22229,76543.03,143.9561,0.206199,2026,7,f,1577.50
PARANA,VERE,14,6706,VERE,PR,4128609,7932,76503.78,176.5003,0.208768,2026,7,f,1887.70
GOIAS,GOIATUBA,81,33333,GOIATUBA,GO,5209101,35664,76413.19,227.1198,0.243002,2026,7,f,1689.55
MATO GROSSO DO SUL,TERENOS,26,9235,TERENOS,MS,5008008,17652,76396.10,147.2921,0.281538,2026,7,f,1302.89
RONDONIA,RIO CRESPO,3,1524,RIO CRESPO,RO,1100262,3471,76392.97,86.4304,0.196850,2026,7,f,1244.38
GOIAS,VILA PROPICIO,2,1684,VILA PROPICIO,GO,5222302,5815,76390.20,34.3938,0.118765,2026,7,f,1212.43
SAO PAULO,CAPIVARI,143,43877,CAPIVARI,SP,3510401,50068,76385.32,285.6116,0.325911,2026,7,f,1570.15
RIO DE JANEIRO,CABO FRIO,1131,137724,CABO FRIO,RJ,3300704,222161,76361.16,509.0903,0.821208,2026,7,f,1549.33
SAO PAULO,PARAGUACU PAULISTA,53,35755,PARAGUACU PAULISTA,SP,3535507,41120,76213.57,128.8911,0.148231,2026,7,f,1546.02
RIO GRANDE DO SUL,TAPEJARA,66,22469,TAPEJARA,RS,4320909,24557,76169.61,268.7625,0.293738,2026,7,f,1867.41
MINAS GERAIS,SERRA DO SALITRE,9,8364,SERRA DO SALITRE,MG,3166808,11801,76136.68,76.2647,0.107604,2026,7,f,1573.89
SANTA CATARINA,TURVO,37,13598,TURVO,SC,4218806,13043,76105.11,283.6771,0.272099,2026,7,f,2009.39
RIO GRANDE DO SUL,GUABIJU,2,1273,GUABIJU,RS,4309258,1417,75994.35,141.1433,0.157109,2026,7,f,1705.26
MINAS GERAIS,MARIANA,104,40386,MARIANA,MG,3140001,61387,75862.09,169.4170,0.257515,2026,7,f,1553.36
RIO GRANDE DO SUL,WESTFALIA,15,2827,WESTFALIA,RS,4323770,3098,75751.45,484.1833,0.530598,2026,7,f,2321.97
MINAS GERAIS,PLANURA,8,6711,PLANURA,MG,3151602,11145,75657.34,71.7811,0.119207,2026,7,f,1330.63
PARANA,NOVA AURORA,54,11341,NOVA AURORA,PR,4116703,13765,75613.00,392.2993,0.476148,2026,7,f,1730.42
GOIAS,SAO MIGUEL DO PASSA QUATRO,3,2368,SAO MIGUEL DO PASSA QUATRO,GO,5220264,4464,75597.89,67.2043,0.126689,2026,7,f,1824.82
SANTA CATARINA,FAXINAL DOS GUEDES,29,10336,FAXINAL DOS GUEDES,SC,4205308,11192,75534.94,259.1137,0.280573,2026,7,f,1884.75
SAO PAULO,PLANALTO,5,3954,PLANALTO,SP,3539608,4389,75526.77,113.9212,0.126454,2026,7,f,1363.79
SAO PAULO,GUARULHOS,5469,869756,GUARULHOS,SP,3518800,1291771,75522.42,423.3723,0.628797,2026,7,f,1643.73
RIO DE JANEIRO,CARAPEBUS,20,6788,CARAPEBUS,RJ,3300936,13847,75513.32,144.4356,0.294638,2026,7,f,1132.90
SANTA CATARINA,PORTO BELO,442,25102,PORTO BELO,SC,4213500,27688,75508.45,1596.3594,1.760816,2026,7,f,2069.10
SAO PAULO,ITAJOBI,34,15018,ITAJOBI,SP,3521903,16989,75256.58,200.1295,0.226395,2026,7,f,1572.71
PARANA,BOA ESPERANCA,8,4106,BOA ESPERANCA,PR,4103008,4558,75236.95,175.5156,0.194837,2026,7,f,1556.08
MINAS GERAIS,FRONTEIRA,7,8994,FRONTEIRA,MG,3127008,14540,74995.46,48.1431,0.077830,2026,7,f,1354.64
SAO PAULO,RIBEIRAO PRETO,8242,627611,RIBEIRAO PRETO,SP,3543402,698642,74869.27,1179.7172,1.313234,2026,7,f,2507.29
MINAS GERAIS,ITURAMA,33,33910,ITURAMA,MG,3134400,38295,74812.25,86.1731,0.097316,2026,7,f,1765.14
PARANA,PAULO FRONTIN,4,5919,PAULO FRONTIN,PR,4118709,6343,74705.19,63.0616,0.067579,2026,7,f,1462.14
SAO PAULO,ANDRADINA,163,54587,ANDRADINA,SP,3502101,59783,74685.78,272.6528,0.298606,2026,7,f,1774.02
RIO GRANDE DO SUL,VILA LANGARO,1,1842,VILA LANGARO,RS,4323358,2079,74685.43,48.1000,0.054289,2026,7,f,1454.41
RIO GRANDE DO SUL,CRUZ ALTA,168,47440,CRUZ ALTA,RS,4306106,58913,74684.47,285.1663,0.354132,2026,7,f,1995.66
PARANA,ADRIANOPOLIS,1,3916,ADRIANOPOLIS,PR,4100202,6256,74668.96,15.9847,0.025536,2026,7,f,1182.06
BAHIA,CONCEICAO DO JACUIPE,58,17305,CONCEICAO DO JACUIPE,BA,2908507,35308,74613.94,164.2687,0.335163,2026,7,f,1009.81
SANTA CATARINA,VIDEIRA,364,55706,VIDEIRA,SC,4219309,55466,74451.43,656.2579,0.653431,2026,7,f,2199.25
MATO GROSSO,RIBEIRAOZINHO,0,1618,RIBEIRAOZINHO,MT,5107198,2593,74378.71,0.0000,0.000000,2026,7,t,1593.37
BAHIA,SIMOES FILHO,327,53892,SIMOES FILHO,BA,2930709,114559,74270.21,285.4424,0.606769,2026,7,f,884.11
SAO PAULO,BASTOS,61,20561,BASTOS,SP,3505807,21503,74250.24,283.6813,0.296678,2026,7,f,1449.37
SAO PAULO,AMERICANA,2600,212465,AMERICANA,SP,3501608,237240,74188.86,1095.9366,1.223731,2026,7,f,2358.27
MINAS GERAIS,IPATINGA,989,176006,IPATINGA,MG,3131307,227731,74079.68,434.2843,0.561913,2026,7,f,1763.63
MARANHAO,BALSAS,280,86257,BALSAS,MA,2101400,101767,73990.57,275.1383,0.324611,2026,7,f,1166.62
RIO GRANDE DO SUL,FAGUNDES VARELA,7,2469,FAGUNDES VARELA,RS,4307864,2566,73985.97,272.7981,0.283516,2026,7,f,2086.70
SAO PAULO,SANTOS,4186,297361,SANTOS,SP,3548500,418608,73963.51,999.9809,1.407717,2026,7,f,3237.52
SAO PAULO,BOM JESUS DOS PERDOES,101,20729,BOM JESUS DOS PERDOES,SP,3507100,22006,73953.06,458.9657,0.487240,2026,7,f,1604.07
SAO PAULO,ANGATUBA,42,17061,ANGATUBA,SP,3502200,24022,73952.00,174.8397,0.246175,2026,7,f,1526.22
RIO GRANDE DO SUL,FORTALEZA DOS VALOS,7,3999,FORTALEZA DOS VALOS,RS,4308458,4477,73910.65,156.3547,0.175044,2026,7,f,2095.83
RIO GRANDE DO SUL,ESTRELA,143,32891,ESTRELA,RS,4307807,32183,73856.17,444.3340,0.434769,2026,7,f,2031.92
RIO GRANDE DO SUL,SAO MARTINHO DA SERRA,0,2181,SAO MARTINHO DA SERRA,RS,4319125,2860,73849.65,0.0000,0.000000,2026,7,t,1776.57
MINAS GERAIS,ARCOS,50,37568,ARCOS,MG,3104205,41416,73837.00,120.7263,0.133092,2026,7,f,1485.29
PIAUI,LAGOA DO BARRO DO PIAUI,0,1455,LAGOA DO BARRO DO PIAUI,PI,2205565,4995,73812.41,0.0000,0.000000,2026,7,f,791.53
RIO GRANDE DO SUL,NOVA CANDELARIA,4,3093,NOVA CANDELARIA,RS,4313011,3061,73796.80,130.6762,0.129324,2026,7,f,2547.55
MINAS GERAIS,VARGINHA,536,99322,VARGINHA,MG,3170701,136467,73780.24,392.7689,0.539659,2026,7,f,1874.49
RIO GRANDE DO SUL,BENTO GONCALVES,714,103343,BENTO GONCALVES,RS,4302105,123151,73589.32,579.7760,0.690903,2026,7,f,2516.92
SANTA CATARINA,SAO JOAO DO OESTE,20,6192,SAO JOAO DO OESTE,SC,4216255,6295,73577.12,317.7125,0.322997,2026,7,f,3215.69
MINAS GERAIS,ITAMONTE,9,11197,ITAMONTE,MG,3133006,14786,73576.56,60.8684,0.080379,2026,7,f,1160.67
RIO GRANDE DO SUL,PICADA CAFE,18,4504,PICADA CAFE,RS,4314423,5351,73528.69,336.3857,0.399645,2026,7,f,2056.94
RIO GRANDE DO SUL,RIO GRANDE,559,145349,RIO GRANDE,RS,4315602,191900,73510.58,291.2976,0.384592,2026,7,f,1671.01
MATO GROSSO DO SUL,NOVA ANDRADINA,85,43600,NOVA ANDRADINA,MS,5006200,48563,73486.91,175.0304,0.194954,2026,7,f,1656.18
RIO GRANDE DO SUL,CONDOR,7,6266,CONDOR,RS,4305702,6406,73461.13,109.2726,0.111714,2026,7,f,1895.81
SANTA CATARINA,GUATAMBU,18,6884,GUATAMBU,SC,4206652,8425,73303.86,213.6499,0.261476,2026,7,f,1858.24
RIO GRANDE DO SUL,SAO MIGUEL DAS MISSOES,8,6814,SAO MIGUEL DAS MISSOES,RS,4319158,7056,73296.77,113.3787,0.117405,2026,7,f,1484.86
TOCANTINS,BANDEIRANTES DO TOCANTINS,0,1317,BANDEIRANTES DO TOCANTINS,TO,1703057,3407,73289.11,0.0000,0.000000,2026,7,f,1113.71
MATO GROSSO DO SUL,BATAYPORA,6,7800,BATAYPORA,MS,5002001,10712,73266.34,56.0119,0.076923,2026,7,f,1366.25
SAO PAULO,BOITUVA,492,60393,BOITUVA,SP,3507001,61081,73249.13,805.4878,0.814664,2026,7,f,1819.01
SANTA CATARINA,OTACILIO COSTA,40,16104,OTACILIO COSTA,SC,4211751,17312,73231.75,231.0536,0.248385,2026,7,f,1792.79
MINAS GERAIS,BRUMADINHO,93,29896,BRUMADINHO,MG,3109006,38915,73116.54,238.9824,0.311078,2026,7,f,2128.23
RIO GRANDE DO SUL,CAMPESTRE DA SERRA,4,2524,CAMPESTRE DA SERRA,RS,4303673,3242,73041.95,123.3806,0.158479,2026,7,f,1371.16
PARANA,JOAQUIM TAVORA,13,8538,JOAQUIM TAVORA,PR,4112801,11945,73021.85,108.8321,0.152260,2026,7,f,1481.83
MATO GROSSO,NOVA LACERDA,1,4363,NOVA LACERDA,MT,5106182,6670,72989.06,14.9925,0.022920,2026,7,f,1411.77
RIO DE JANEIRO,CASIMIRO DE ABREU,83,22599,CASIMIRO DE ABREU,RJ,3301306,46110,72939.47,180.0043,0.367273,2026,7,f,1378.38
SANTA CATARINA,CACADOR,292,66714,CACADOR,SC,4203006,73720,72913.20,396.0933,0.437689,2026,7,f,1873.80
RIO GRANDE DO SUL,IPE,7,5465,IPE,RS,4310439,5399,72776.81,129.6536,0.128088,2026,7,f,1802.03
SAO PAULO,TAUBATE,1241,249427,TAUBATE,SP,3554102,310739,72754.95,399.3705,0.497540,2026,7,f,1941.51
GOIAS,NOVA CRIXAS,15,8530,NOVA CRIXAS,GO,5214838,12815,72741.71,117.0503,0.175850,2026,7,f,1606.50
MATO GROSSO DO SUL,NAVIRAI,74,42049,NAVIRAI,MS,5005707,50457,72739.30,146.6595,0.175985,2026,7,f,1743.97
MINAS GERAIS,CARNEIRINHO,3,6596,CARNEIRINHO,MG,3114550,9422,72650.39,31.8404,0.045482,2026,7,f,1588.77
PARANA,TIBAGI,22,10914,TIBAGI,PR,4127502,19961,72572.72,110.2149,0.201576,2026,7,f,1248.88
PARA,BARCARENA,147,49891,BARCARENA,PA,1501303,126650,72562.44,116.0679,0.294642,2026,7,f,975.54
MINAS GERAIS,CONTAGEM,1750,397143,CONTAGEM,MG,3118601,621863,72511.78,281.4125,0.440647,2026,7,f,1662.86
PARANA,MALLET,13,11130,MALLET,PR,4113908,13428,72484.06,96.8126,0.116801,2026,7,f,1481.24
RIO DE JANEIRO,COMENDADOR LEVY GASPARIAN,21,5610,COMENDADOR LEVY GASPARIAN,RJ,3300951,8741,72481.64,240.2471,0.374332,2026,7,f,1127.61
PARANA,LOBATO,7,3687,LOBATO,PR,4113601,4601,72455.55,152.1408,0.189856,2026,7,f,1604.37
RIO GRANDE DO SUL,BOM PRINCIPIO,79,12903,BOM PRINCIPIO,RS,4302352,13142,72364.86,601.1262,0.612261,2026,7,f,2002.51
RIO GRANDE DO SUL,DILERMANDO DE AGUIAR,3,1579,DILERMANDO DE AGUIAR,RS,4306379,2806,72323.24,106.9138,0.189994,2026,7,f,1705.85
RIO GRANDE DO NORTE,ALTO DO RODRIGUES,7,6386,ALTO DO RODRIGUES,RN,2400703,12484,72315.20,56.0718,0.109615,2026,7,f,885.33
ESPIRITO SANTO,SERRA,2946,296894,SERRA,ES,3205002,520653,72311.41,565.8279,0.992273,2026,7,f,1541.03
MINAS GERAIS,PARACATU,53,63260,PARACATU,MG,3147006,94023,72311.26,56.3692,0.083781,2026,7,f,1559.79
RONDONIA,CHUPINGUAIA,6,5090,CHUPINGUAIA,RO,1100924,9324,72285.50,64.3501,0.117878,2026,7,f,1275.25
SANTA CATARINA,IPUMIRIM,15,6549,IPUMIRIM,SC,4207700,7816,72263.05,191.9140,0.229043,2026,7,f,2372.79
SAO PAULO,JAMBEIRO,30,4062,JAMBEIRO,SP,3524907,6397,72165.39,468.9698,0.738552,2026,7,f,1751.77
SAO PAULO,SAO CARLOS,1389,215567,SAO CARLOS,SP,3548906,254857,72146.03,545.0115,0.644347,2026,7,f,2281.26
SAO PAULO,PARDINHO,60,5764,PARDINHO,SP,3536109,7153,72133.51,838.8089,1.040944,2026,7,f,1633.36
MATO GROSSO DO SUL,IVINHEMA,42,24027,IVINHEMA,MS,5004700,27821,72084.72,150.9651,0.174803,2026,7,f,1420.01
RIO GRANDE DO SUL,CAMPO BOM,433,50663,CAMPO BOM,RS,4303905,62886,72015.35,688.5475,0.854667,2026,7,f,1991.18
RIO GRANDE DO SUL,IJUI,378,73389,IJUI,RS,4310207,84780,72012.79,445.8599,0.515064,2026,7,f,2280.37
SANTA CATARINA,PEDRAS GRANDES,6,4618,PEDRAS GRANDES,SC,4212403,4245,71935.45,141.3428,0.129926,2026,7,f,1875.23
SAO PAULO,PALMITAL,33,18224,PALMITAL,SP,3535309,19594,71746.81,168.4189,0.181080,2026,7,f,1582.67
RIO GRANDE DO SUL,JULIO DE CASTILHOS,30,15219,JULIO DE CASTILHOS,RS,4311205,18226,71704.27,164.6000,0.197122,2026,7,f,1699.46
GOIAS,SILVANIA,24,16671,SILVANIA,GO,5220603,22245,71665.14,107.8894,0.143963,2026,7,f,1585.22
RIO GRANDE DO SUL,BARAO,10,5558,BARAO,RS,4301651,6461,71646.96,154.7748,0.179921,2026,7,f,2268.93
RONDONIA,SAO MIGUEL DO GUAPORE,12,16225,SAO MIGUEL DO GUAPORE,RO,1100320,21635,71605.82,55.4657,0.073960,2026,7,f,1303.07
RIO GRANDE DO SUL,LAJEADO,899,87936,LAJEADO,RS,4311403,93646,71601.85,959.9983,1.022334,2026,7,f,2490.87
MINAS GERAIS,UBERLANDIA,6333,565639,UBERLANDIA,MG,3170206,713224,71598.38,887.9398,1.119619,2026,7,f,2079.68
SAO PAULO,LIMEIRA,2578,265299,LIMEIRA,SP,3526902,291869,71528.46,883.2730,0.971734,2026,7,f,1932.42
SAO PAULO,SERTAOZINHO,603,117590,SERTAOZINHO,SP,3551702,126887,71520.47,475.2260,0.512799,2026,7,f,1797.64
SAO PAULO,PARAISO,11,5177,PARAISO,SP,3535705,6099,71499.59,180.3574,0.212478,2026,7,f,1744.46
SANTA CATARINA,TIJUCAS,381,49200,TIJUCAS,SC,4218004,51592,71465.52,738.4866,0.774390,2026,7,f,1989.06
PARANA,PONTA GROSSA,1761,273070,PONTA GROSSA,PR,4119905,358371,71387.82,491.3902,0.644890,2026,7,f,1891.65
RIO DE JANEIRO,PETROPOLIS,1665,199246,PETROPOLIS,RJ,3303906,278881,71382.90,597.0288,0.835650,2026,7,f,1822.76
MATO GROSSO,PARANAITA,9,9627,PARANAITA,MT,5106299,11671,71382.83,77.1142,0.093487,2026,7,f,1616.67
TOCANTINS,LAGOA DA CONFUSAO,5,6924,LAGOA DA CONFUSAO,TO,1711902,15288,71287.55,32.7054,0.072213,2026,7,f,1229.28
RIO GRANDE DO SUL,ESTACAO,12,5617,ESTACAO,RS,4307559,5582,71277.68,214.9767,0.213637,2026,7,f,1792.35
SAO PAULO,NANTES,2,1474,NANTES,SP,3532157,2660,71261.65,75.1880,0.135685,2026,7,f,1361.26
GOIAS,JANDAIA,4,4191,JANDAIA,GO,5211701,6272,71224.97,63.7755,0.095443,2026,7,f,1620.89
RIO GRANDE DO SUL,IPIRANGA DO SUL,2,1910,IPIRANGA DO SUL,RS,4310462,1720,71148.84,116.2791,0.104712,2026,7,f,2773.20
PARANA,RIO AZUL,17,12252,RIO AZUL,PR,4122008,14025,71086.77,121.2121,0.138753,2026,7,f,1310.29
RIO DE JANEIRO,ANGRA DOS REIS,712,80827,ANGRA DOS REIS,RJ,3300100,167434,71075.76,425.2422,0.880894,2026,7,f,1463.14
RIO GRANDE DO SUL,ANTONIO PRADO,42,12957,ANTONIO PRADO,RS,4300802,13045,71019.01,321.9624,0.324149,2026,7,f,2153.43
MINAS GERAIS,COROMANDEL,19,23084,COROMANDEL,MG,3119302,28894,71010.76,65.7576,0.082308,2026,7,f,1675.41
SAO PAULO,GUARATINGUETA,340,86645,GUARATINGUETA,SP,3518404,118044,70904.25,288.0282,0.392406,2026,7,f,1872.42
SAO PAULO,MORRO AGUDO,79,22624,MORRO AGUDO,SP,3531902,27933,70890.88,282.8196,0.349187,2026,7,f,1397.00
SANTA CATARINA,NOVA TRENTO,79,13142,NOVA TRENTO,SC,4211504,13727,70874.04,575.5081,0.601126,2026,7,f,2047.66
GOIAS,SANTA FE DE GOIAS,5,3319,SANTA FE DE GOIAS,GO,5219258,4951,70870.73,100.9897,0.150648,2026,7,f,1530.95
PARANA,MARIALVA,159,35732,MARIALVA,PR,4114807,41851,70837.49,379.9192,0.444979,2026,7,f,1696.15
SAO PAULO,CRAVINHOS,179,29311,CRAVINHOS,SP,3513108,33281,70831.80,537.8444,0.610692,2026,7,f,1576.75
GOIAS,GAMELEIRA DE GOIAS,4,1772,GAMELEIRA DE GOIAS,GO,5208152,3456,70712.38,115.7407,0.225734,2026,7,f,1420.81
RIO GRANDE DO SUL,SAO MARCOS,93,22255,SAO MARCOS,RS,4319000,21084,70610.75,441.0928,0.417884,2026,7,f,1695.70
RIO GRANDE DO SUL,FARROUPILHA,437,61229,FARROUPILHA,RS,4307906,70286,70577.65,621.7454,0.713714,2026,7,f,2099.90
RIO GRANDE DO SUL,CAPAO DO CIPO,2,2444,CAPAO DO CIPO,RS,4304655,3119,70575.83,64.1231,0.081833,2026,7,f,1746.81
TOCANTINS,TALISMA,0,768,TALISMA,TO,1720978,2456,70490.64,0.0000,0.000000,2026,7,f,1136.59
PARANA,BOA VENTURA DE SAO ROQUE,3,4334,BOA VENTURA DE SAO ROQUE,PR,4103040,6378,70463.15,47.0367,0.069220,2026,7,f,1567.86
RIO GRANDE DO SUL,SERTAO,9,5596,SERTAO,RS,4320503,5541,70296.70,162.4256,0.160829,2026,7,f,1226.99
PARANA,MARECHAL CANDIDO RONDON,203,56283,MARECHAL CANDIDO RONDON,PR,4114609,55836,70187.82,363.5647,0.360677,2026,7,f,2069.05
SAO PAULO,BURITIZAL,6,3762,BURITIZAL,SP,3508207,4356,70148.76,137.7410,0.159490,2026,7,f,1763.97
MINAS GERAIS,UBERABA,1255,270670,UBERABA,MG,3170107,337836,70120.94,371.4820,0.463664,2026,7,f,1939.60
MINAS GERAIS,MEDEIROS,3,2824,MEDEIROS,MG,3141306,3900,70047.44,76.9231,0.106232,2026,7,f,1685.36
SAO PAULO,CAMPOS NOVOS PAULISTA,4,3194,CAMPOS NOVOS PAULISTA,SP,3509809,4888,70027.62,81.8331,0.125235,2026,7,f,1334.45
TOCANTINS,MONTE DO CARMO,1,2036,MONTE DO CARMO,TO,1713601,5694,70021.95,17.5623,0.049116,2026,7,f,1018.53
SANTA CATARINA,SAUDADES,14,8524,SAUDADES,SC,4217303,10265,69991.52,136.3858,0.164242,2026,7,f,2154.73
GOIAS,ORIZONA,4,12678,ORIZONA,GO,5215306,16399,69978.90,24.3917,0.031551,2026,7,f,1855.19
SAO PAULO,BEBEDOURO,313,77565,BEBEDOURO,SP,3506102,76373,69967.93,409.8307,0.403533,2026,7,f,1734.11
SAO PAULO,RANCHARIA,62,23536,RANCHARIA,SP,3542206,28588,69947.43,216.8742,0.263426,2026,7,f,1424.04
SAO PAULO,VARGEM GRANDE PAULISTA,379,41909,VARGEM GRANDE PAULISTA,SP,3556453,50415,69905.64,751.7604,0.904340,2026,7,f,1929.62
SAO PAULO,RIBEIRAO DO SUL,5,3569,RIBEIRAO DO SUL,SP,3543204,4677,69885.61,106.9061,0.140095,2026,7,f,1402.27
SANTA CATARINA,ILHOTA,64,15644,ILHOTA,SC,4207106,17046,69846.59,375.4547,0.409103,2026,7,f,1724.10
SANTA CATARINA,CAMPO ALEGRE,32,11841,CAMPO ALEGRE,SC,4203303,12501,69807.62,255.9795,0.270247,2026,7,f,1633.87
MATO GROSSO DO SUL,IGUATEMI,9,9629,IGUATEMI,MS,5004304,13808,69712.70,65.1796,0.093468,2026,7,f,1475.20
SANTA CATARINA,GASPAR,413,60249,GASPAR,SC,4205902,72570,69711.30,569.1057,0.685489,2026,7,f,2016.67
SAO PAULO,CAJATI,18,19742,CAJATI,SP,3509254,28515,69706.12,63.1247,0.091176,2026,7,f,1206.25
RIO GRANDE DO NORTE,SAO MIGUEL DO GOSTOSO,13,3584,SAO MIGUEL DO GOSTOSO,RN,2412559,10221,69670.09,127.1891,0.362723,2026,7,f,892.15
SANTA CATARINA,RANCHO QUEIMADO,28,3372,RANCHO QUEIMADO,SC,4214300,3279,69503.51,853.9189,0.830368,2026,7,f,2011.61
TOCANTINS,ARAGUACEMA,1,1858,ARAGUACEMA,TO,1701903,5927,69497.38,16.8719,0.053821,2026,7,f,1126.54
SAO PAULO,COTIA,2025,193817,COTIA,SP,3513009,274413,69460.17,737.9388,1.044800,2026,7,f,2275.73
RIO DE JANEIRO,SAPUCAIA,47,7138,SAPUCAIA,RJ,3305406,17729,69249.31,265.1024,0.658448,2026,7,f,1246.50
RIO GRANDE DO SUL,SEBERI,13,11100,SEBERI,RS,4320206,11950,69246.53,108.7866,0.117117,2026,7,f,1567.87
MINAS GERAIS,JUATUBA,27,19376,JUATUBA,MG,3136652,30716,69160.99,87.9021,0.139348,2026,7,f,1183.00
SANTA CATARINA,CHAPECO,2381,245461,CHAPECO,SC,4204202,254785,69153.54,934.5134,0.970012,2026,7,f,2385.86
SANTA CATARINA,CORUPA,45,14170,CORUPA,SC,4204509,15267,69139.52,294.7534,0.317572,2026,7,f,1989.39
SANTA CATARINA,JACINTO MACHADO,24,10559,JACINTO MACHADO,SC,4208708,10624,69047.63,225.9036,0.227294,2026,7,f,1613.26
SANTA CATARINA,AURORA,19,7071,AURORA,SC,4201901,6780,69027.73,280.2360,0.268703,2026,7,f,2233.37
RIO GRANDE DO SUL,INDEPENDENCIA,9,5983,INDEPENDENCIA,RS,4310405,6427,69022.25,140.0342,0.150426,2026,7,f,1910.25
SAO PAULO,EMBU DAS ARTES,533,152398,EMBU DAS ARTES,SP,3515004,250691,68971.96,212.6123,0.349742,2026,7,f,1249.69
SANTA CATARINA,BLUMENAU,4330,321622,BLUMENAU,SC,4202404,361261,68847.51,1198.5794,1.346301,2026,7,f,2633.68
MINAS GERAIS,FRUTAL,88,55162,FRUTAL,MG,3127107,58588,68730.27,150.2014,0.159530,2026,7,f,1600.24
TOCANTINS,XAMBIOA,4,6470,XAMBIOA,TO,1722107,10517,68718.55,38.0337,0.061824,2026,7,f,1051.05
PIAUI,RIBEIRA DO PIAUI,0,483,RIBEIRA DO PIAUI,PI,2208874,4055,68568.68,0.0000,0.000000,2026,7,f,710.23
PARANA,QUATRO PONTES,13,5004,QUATRO PONTES,PR,4120853,4480,68554.02,290.1786,0.259792,2026,7,f,2437.06
GOIAS,MIMOSO DE GOIAS,0,499,MIMOSO DE GOIAS,GO,5213053,2614,68541.70,0.0000,0.000000,2026,7,f,1104.60
TOCANTINS,DUERE,2,1780,DUERE,TO,1707306,4248,68459.98,47.0810,0.112360,2026,7,f,1188.81
SANTA CATARINA,XAVANTINA,7,2985,XAVANTINA,SC,4219606,3653,68286.34,191.6233,0.234506,2026,7,f,2639.27
RIO GRANDE DO SUL,PASSO FUNDO,2009,166041,PASSO FUNDO,RS,4314100,206215,68227.53,974.2259,1.209942,2026,7,f,2343.36
SAO PAULO,ESPIRITO SANTO DO PINHAL,145,35786,ESPIRITO SANTO DO PINHAL,SP,3515186,39816,68194.87,364.1752,0.405186,2026,7,f,1838.17
RIO GRANDE DO SUL,VENANCIO AIRES,209,59673,VENANCIO AIRES,RS,4322608,68763,68105.43,303.9425,0.350242,2026,7,f,1739.54
RONDONIA,MINISTRO ANDREAZZA,4,6802,MINISTRO ANDREAZZA,RO,1101203,6466,68091.87,61.8620,0.058806,2026,7,f,1209.48
RIO GRANDE DO NORTE,RUY BARBOSA,1,932,RUY BARBOSA,RN,2411106,3206,68072.05,31.1915,0.107296,2026,7,f,690.88
SAO PAULO,SUMARE,830,218916,SUMARE,SP,3552403,279545,68060.93,296.9111,0.379141,2026,7,f,1586.30
SANTA CATARINA,BRACO DO TROMBUDO,10,3632,BRACO DO TROMBUDO,SC,4202859,4026,68011.92,248.3855,0.275330,2026,7,f,1932.61
PARANA,MARINGA,4941,389663,MARINGA,PR,4115200,409657,67903.99,1206.1310,1.268019,2026,7,f,2646.96
RIO GRANDE DO SUL,CHIAPETTA,2,3380,CHIAPETTA,RS,4305405,3913,67903.91,51.1117,0.059172,2026,7,f,1954.81
RIO GRANDE DO SUL,PARAI,30,7819,PARAI,RS,4314001,7194,67869.89,417.0142,0.383681,2026,7,f,2303.16
GOIAS,ALEXANIA,17,17387,ALEXANIA,GO,5200308,27008,67842.16,62.9443,0.097774,2026,7,f,1299.21
MINAS GERAIS,CACHOEIRA DOURADA,2,1371,CACHOEIRA DOURADA,MG,3109808,2315,67775.38,86.3931,0.145879,2026,7,f,1536.12
RONDONIA,CORUMBIARA,6,5638,CORUMBIARA,RO,1100072,7519,67770.45,79.7978,0.106421,2026,7,f,1234.62
MATO GROSSO DO SUL,ROCHEDO,4,2883,ROCHEDO,MS,5007505,5199,67770.15,76.9379,0.138744,2026,7,f,1211.98
SAO PAULO,CACAPAVA,302,69789,CACAPAVA,SP,3508504,96202,67735.30,313.9228,0.432733,2026,7,f,1632.59
RIO DE JANEIRO,RIO DAS OSTRAS,1048,82029,RIO DAS OSTRAS,RJ,3304524,156491,67734.87,669.6871,1.277597,2026,7,f,1840.11
PARANA,CURITIBA,30426,2138895,CURITIBA,PR,4106902,1773718,67691.30,1715.3798,1.422510,2026,7,f,3137.92
MATO GROSSO,RONDONOPOLIS,1337,241134,RONDONOPOLIS,MT,5107602,244911,67650.09,545.9126,0.554463,2026,7,f,1960.35
SANTA CATARINA,BOM JESUS,5,2661,BOM JESUS,SC,4202537,2777,67645.66,180.0504,0.187899,2026,7,f,1602.98
SANTA CATARINA,LAURENTINO,35,7252,LAURENTINO,SC,4209508,7932,67607.29,441.2506,0.482625,2026,7,f,2054.57
GOIAS,OUVIDOR,8,4460,OUVIDOR,GO,5215504,7200,67599.58,111.1111,0.179372,2026,7,f,1528.14
GOIAS,ITARUMA,7,3356,ITARUMA,GO,5211305,6101,67588.76,114.7353,0.208582,2026,7,f,1776.07
MINAS GERAIS,DELTA,4,8153,DELTA,MG,3121258,10494,67510.86,38.1170,0.049062,2026,7,f,1021.95
SANTA CATARINA,CONCORDIA,391,86999,CONCORDIA,SC,4204301,81646,67491.27,478.8967,0.449430,2026,7,f,2277.94
RIO GRANDE DO SUL,NOVA BOA VISTA,0,2027,NOVA BOA VISTA,RS,4312955,2042,67476.00,0.0000,0.000000,2026,7,t,2487.62
MINAS GERAIS,FORMOSO,0,2093,FORMOSO,MG,3126208,7949,67456.03,0.0000,0.000000,2026,7,f,959.33
RIO DE JANEIRO,RIO DE JANEIRO,42293,3386641,RIO DE JANEIRO,RJ,3304557,6211223,67371.97,680.9126,1.248819,2026,7,f,2515.32
PARANA,BOA ESPERANCA DO IGUACU,4,2123,BOA ESPERANCA DO IGUACU,PR,4103024,2455,67222.40,162.9328,0.188413,2026,7,f,2185.28
SAO PAULO,ITAPEVI,444,132348,ITAPEVI,SP,3522505,232297,67220.40,191.1346,0.335479,2026,7,f,1138.47
PARANA,RENASCENCA,5,6002,RENASCENCA,PR,4121604,6845,67212.86,73.0460,0.083306,2026,7,f,1626.85
TOCANTINS,FIGUEIROPOLIS,5,3072,FIGUEIROPOLIS,TO,1707652,5211,67182.88,95.9509,0.162760,2026,7,f,1201.32
SANTA CATARINA,GUARAMIRIM,237,40828,GUARAMIRIM,SC,4206504,46711,67152.28,507.3751,0.580484,2026,7,f,1850.72
MATO GROSSO DO SUL,BONITO,49,16614,BONITO,MS,5002209,23659,67060.19,207.1093,0.294932,2026,7,f,1796.79
MATO GROSSO,NORTELANDIA,8,4237,NORTELANDIA,MT,5106000,5956,67058.26,134.3183,0.188813,2026,7,f,1454.13
RIO GRANDE DO SUL,BARRA FUNDA,4,2508,BARRA FUNDA,RS,4301958,2498,67006.41,160.1281,0.159490,2026,7,f,1991.52
MINAS GERAIS,ESTRELA DO SUL,4,3310,ESTRELA DO SUL,MG,3124807,6840,67003.36,58.4795,0.120846,2026,7,f,1511.39
SANTA CATARINA,MELEIRO,12,7376,MELEIRO,SC,4210803,7006,66987.72,171.2818,0.162690,2026,7,f,1822.00
RIO GRANDE DO SUL,IVOTI,271,19233,IVOTI,RS,4310801,22983,66957.23,1179.1324,1.409037,2026,7,f,2380.00
MINAS GERAIS,JACUTINGA,35,19784,JACUTINGA,MG,3134905,25525,66949.66,137.1205,0.176911,2026,7,f,1537.09
GOIAS,SANTA RITA DO NOVO DESTINO,1,865,SANTA RITA DO NOVO DESTINO,GO,5219456,2689,66798.07,37.1885,0.115607,2026,7,f,961.70
SAO PAULO,ARCO-IRIS,0,1247,ARCO-IRIS,SP,3503356,2044,66697.16,0.0000,0.000000,2026,7,f,1178.32
SAO PAULO,AGUAS DE SAO PEDRO,39,3244,AGUAS DE SAO PEDRO,SP,3500600,2780,66687.05,1402.8777,1.202219,2026,7,f,2932.68
MATO GROSSO,CANABRAVA DO NORTE,0,2903,CANABRAVA DO NORTE,MT,5102694,4485,66674.47,0.0000,0.000000,2026,7,t,1615.55
CEARA,EUSEBIO,1774,44433,EUSEBIO,CE,2304285,74170,66608.49,2391.8026,3.992528,2026,7,f,2512.70
PARANA,BARRA DO JACARE,0,1882,BARRA DO JACARE,PR,4102703,2814,66502.49,0.0000,0.000000,2026,7,f,1473.07
MATO GROSSO DO SUL,PEDRO GOMES,6,4842,PEDRO GOMES,MS,5006408,6941,66407.43,86.4429,0.123916,2026,7,f,1271.33
SAO PAULO,RAFARD,18,7982,RAFARD,SP,3542107,8965,66361.41,200.7808,0.225507,2026,7,f,1616.59
RIO GRANDE DO SUL,ELDORADO DO SUL,244,26147,ELDORADO DO SUL,RS,4306767,39559,66318.44,616.8002,0.933185,2026,7,f,1573.59
PARANA,TEIXEIRA SOARES,9,7518,TEIXEIRA SOARES,PR,4127007,9547,66312.24,94.2705,0.119713,2026,7,f,1413.01
RIO GRANDE DO SUL,ALTO FELIZ,4,2832,ALTO FELIZ,RS,4300570,3072,66136.39,130.2083,0.141243,2026,7,f,1814.97
SAO PAULO,IEPE,11,5630,IEPE,SP,3519907,7619,66115.24,144.3759,0.195382,2026,7,f,1401.72
RIO GRANDE DO SUL,SALDANHA MARINHO,5,2394,SALDANHA MARINHO,RS,4316436,2575,66053.98,194.1748,0.208855,2026,7,f,1873.11
PARANA,PRANCHITA,11,5951,PRANCHITA,PR,4120358,5737,66007.84,191.7378,0.184843,2026,7,f,2502.72
RIO GRANDE DO SUL,IBIACA,7,4156,IBIACA,RS,4309803,4527,65995.36,154.6278,0.168431,2026,7,f,1840.85
MATO GROSSO DO SUL,PONTA PORA,234,55665,PONTA PORA,MS,5006606,92017,65963.79,254.3008,0.420372,2026,7,f,1484.68
SAO PAULO,ZACARIAS,5,2075,ZACARIAS,SP,3557154,2692,65959.14,185.7355,0.240964,2026,7,f,1437.75
GOIAS,CEZARINA,2,6101,CEZARINA,GO,5205455,8090,65904.82,24.7219,0.032782,2026,7,f,1470.53
SAO PAULO,IACANGA,23,8655,IACANGA,SP,3519105,10437,65874.29,220.3698,0.265742,2026,7,f,1415.72
MINAS GERAIS,ITABIRA,272,77738,ITABIRA,MG,3131703,113343,65590.29,239.9795,0.349893,2026,7,f,1619.03
PARANA,PALMEIRA,93,27571,PALMEIRA,PR,4117701,33855,65573.86,274.7009,0.337311,2026,7,f,1563.68
MINAS GERAIS,POCOS DE CALDAS,875,132151,POCOS DE CALDAS,MG,3151800,163742,65547.68,534.3773,0.662121,2026,7,f,1994.50
MINAS GERAIS,SETE LAGOAS,418,165396,SETE LAGOAS,MG,3167202,227397,65543.81,183.8195,0.252727,2026,7,f,1668.60
PARANA,CRUZMALTINA,1,1973,CRUZMALTINA,PR,4106852,2892,65430.15,34.5781,0.050684,2026,7,f,1308.84
GOIAS,PALMEIRAS DE GOIAS,42,23732,PALMEIRAS DE GOIAS,GO,5215702,31858,65399.15,131.8350,0.176976,2026,7,f,1337.68
SAO PAULO,SALTO DE PIRAPORA,111,32968,SALTO DE PIRAPORA,SP,3545308,43748,65292.47,253.7259,0.336690,2026,7,f,1536.70
SAO PAULO,CERQUEIRA CESAR,35,15651,CERQUEIRA CESAR,SP,3511409,21469,65239.09,163.0258,0.223628,2026,7,f,1459.90
SAO PAULO,OUROESTE,19,8921,OUROESTE,SP,3534757,10294,65157.86,184.5735,0.212981,2026,7,f,1715.52
SAO PAULO,IGUAPE,44,14051,IGUAPE,SP,3520301,29115,65150.27,151.1248,0.313145,2026,7,f,1336.34
SAO PAULO,GUARAREMA,182,24145,GUARAREMA,SP,3518305,31236,65138.40,582.6610,0.753779,2026,7,f,1601.96
SAO PAULO,BROTAS,40,20619,BROTAS,SP,3507902,23898,65109.21,167.3780,0.193996,2026,7,f,1482.87
SAO PAULO,RIO DAS PEDRAS,98,25835,RIO DAS PEDRAS,SP,3544004,31328,65038.50,312.8192,0.379330,2026,7,f,1563.69
SANTA CATARINA,BRACO DO NORTE,196,36569,BRACO DO NORTE,SC,4202800,33773,65020.43,580.3452,0.535973,2026,7,f,1873.21
PARANA,VITORINO,11,6223,VITORINO,PR,4128708,9706,65013.91,113.3320,0.176764,2026,7,f,1800.07
SANTA CATARINA,IRACEMINHA,0,3587,IRACEMINHA,SC,4207759,3986,64958.10,0.0000,0.000000,2026,7,t,2149.25
SANTA CATARINA,VIDAL RAMOS,5,5930,VIDAL RAMOS,SC,4219200,6189,64946.36,80.7885,0.084317,2026,7,f,1633.53
PARANA,ENEAS MARQUES,7,5017,ENEAS MARQUES,PR,4107405,5999,64920.82,116.6861,0.139526,2026,7,f,2211.98
PARANA,FLORAI,11,4311,FLORAI,PR,4107801,4792,64824.71,229.5492,0.255161,2026,7,f,1468.80
SAO PAULO,OLIMPIA,266,50167,OLIMPIA,SP,3533908,55074,64815.99,482.9865,0.530229,2026,7,f,1674.78
SANTA CATARINA,ITAPOA,355,23343,ITAPOA,SC,4208450,30750,64736.62,1154.4715,1.520799,2026,7,f,1795.93
GOIAS,MINEIROS,210,60256,MINEIROS,GO,5213103,70081,64729.74,299.6533,0.348513,2026,7,f,1576.30
SANTA CATARINA,BALNEARIO CAMBORIU,5053,120441,BALNEARIO CAMBORIU,SC,4202008,139155,64707.51,3631.2026,4.195415,2026,7,f,3583.85
SAO PAULO,CERQUILHO,215,38054,CERQUILHO,SP,3511508,44695,64690.19,481.0381,0.564987,2026,7,f,1839.05
MINAS GERAIS,PRATINHA,1,2963,PRATINHA,MG,3153004,3559,64673.22,28.0978,0.033750,2026,7,f,1414.64
RIO GRANDE DO SUL,CORONEL BICACO,3,5745,CORONEL BICACO,RS,4305900,6144,64631.35,48.8281,0.052219,2026,7,f,1313.41
SANTA CATARINA,MORRO GRANDE,3,2916,MORRO GRANDE,SC,4211256,3010,64590.70,99.6678,0.102881,2026,7,f,1647.35
SANTA CATARINA,AGUAS FRIAS,6,2806,AGUAS FRIAS,SC,4200556,2839,64576.26,211.3420,0.213828,2026,7,f,2175.45
GOIAS,QUIRINOPOLIS,115,44740,QUIRINOPOLIS,GO,5218508,48447,64472.60,237.3728,0.257041,2026,7,f,1722.78
PARANA,TUPASSI,11,7422,TUPASSI,PR,4127957,8077,64431.97,136.1892,0.148208,2026,7,f,1663.51
MATO GROSSO,GUIRATINGA,8,7795,GUIRATINGA,MT,5104203,10966,64382.27,72.9528,0.102630,2026,7,f,1502.94
SAO PAULO,MONTE ALTO,176,47753,MONTE ALTO,SP,3531308,47574,64379.32,369.9500,0.368563,2026,7,f,1861.15
PARANA,SANTA HELENA,49,22587,SANTA HELENA,PR,4123501,25492,64374.86,192.2172,0.216939,2026,7,f,2128.29
TOCANTINS,PIUM,2,2468,PIUM,TO,1717503,7128,64341.33,28.0584,0.081037,2026,7,f,1037.53
SAO PAULO,LARANJAL PAULISTA,77,22573,LARANJAL PAULISTA,SP,3526407,26261,64315.11,293.2105,0.341115,2026,7,f,1556.49
RIO GRANDE DO SUL,SANTA VITORIA DO PALMAR,42,29054,SANTA VITORIA DO PALMAR,RS,4317301,30983,64252.62,135.5582,0.144558,2026,7,f,1518.77
SAO PAULO,REGENTE FEIJO,45,15921,REGENTE FEIJO,SP,3542404,20145,64224.27,223.3805,0.282646,2026,7,f,1607.09
PARANA,ROLANDIA,248,56736,ROLANDIA,PR,4122404,71670,64220.79,346.0304,0.437112,2026,7,f,1663.39
MATO GROSSO DO SUL,CAMAPUA,13,10337,CAMAPUA,MS,5002605,13583,64218.21,95.7079,0.125762,2026,7,f,1710.09
RIO GRANDE DO SUL,CRUZALTENSE,2,1619,CRUZALTENSE,RS,4306130,1635,64186.54,122.3242,0.123533,2026,7,f,1965.07
SANTA CATARINA,SANTO AMARO DA IMPERATRIZ,203,25845,SANTO AMARO DA IMPERATRIZ,SC,4215703,27272,64165.30,744.3532,0.785452,2026,7,f,1906.51
RIO GRANDE DO NORTE,LAJES,3,3401,LAJES,RN,2406700,9866,64126.29,30.4075,0.088209,2026,7,f,860.33
SAO PAULO,CEDRAL,49,9465,CEDRAL,SP,3511300,12618,64104.45,388.3341,0.517697,2026,7,f,1810.97
GOIAS,CABECEIRAS,1,3844,CABECEIRAS,GO,5204003,7560,64064.55,13.2275,0.026015,2026,7,f,1170.16
SANTA CATARINA,CATANDUVAS,26,10017,CATANDUVAS,SC,4204004,10566,64036.63,246.0723,0.259559,2026,7,f,1900.84
PARANA,ATALAIA,1,3482,ATALAIA,PR,4102208,3980,64008.04,25.1256,0.028719,2026,7,f,1709.41
PARANA,JURANDA,4,7218,JURANDA,PR,4112959,7771,63966.93,51.4734,0.055417,2026,7,f,1524.76
SAO PAULO,ITAPOLIS,123,39278,ITAPOLIS,SP,3522703,39493,63931.79,311.4476,0.313152,2026,7,f,1675.41
MINAS GERAIS,PIRAPETINGA,27,10899,PIRAPETINGA,MG,3151107,11077,63909.72,243.7483,0.247729,2026,7,f,1352.97
SAO PAULO,PONTES GESTAL,1,1946,PONTES GESTAL,SP,3540309,2387,63887.31,41.8936,0.051387,2026,7,f,1493.44
PARANA,MAMBORE,14,12807,MAMBORE,PR,4114005,13452,63873.10,104.0737,0.109315,2026,7,f,1688.63
RIO GRANDE DO SUL,NOVA ALVORADA,8,3078,NOVA ALVORADA,RS,4312757,3163,63845.08,252.9244,0.259909,2026,7,f,2575.70
SAO PAULO,CESARIO LANGE,39,15809,CESARIO LANGE,SP,3511607,19048,63832.63,204.7459,0.246695,2026,7,f,1256.04
SAO PAULO,GUARACI,11,7686,GUARACI,SP,3517901,10350,63815.07,106.2802,0.143117,2026,7,f,1492.66
PARANA,SAO JOAO DO TRIUNFO,10,9196,SAO JOAO DO TRIUNFO,PR,4125100,13726,63813.71,72.8544,0.108743,2026,7,f,1474.27
RIO GRANDE DO SUL,TUPANCIRETA,31,15629,TUPANCIRETA,RS,4322202,20005,63746.76,154.9613,0.198349,2026,7,f,1606.74
SANTA CATARINA,ITAIOPOLIS,26,19320,ITAIOPOLIS,SC,4208104,22051,63700.60,117.9085,0.134576,2026,7,f,1585.77
SANTA CATARINA,RIO DO SUL,645,65993,RIO DO SUL,SC,4214805,72587,63673.98,888.5889,0.977376,2026,7,f,2416.85
SANTA CATARINA,CAPINZAL,32,23425,CAPINZAL,SC,4203907,23314,63590.72,137.2566,0.136606,2026,7,f,1812.66
RIO GRANDE DO SUL,GIRUA,21,13597,GIRUA,RS,4309001,16013,63540.12,131.1434,0.154446,2026,7,f,1632.65
SAO PAULO,PEDRINHAS PAULISTA,5,2676,PEDRINHAS PAULISTA,SP,3537156,2804,63468.97,178.3167,0.186846,2026,7,f,1839.31
MINAS GERAIS,IRAI DE MINAS,6,5847,IRAI DE MINAS,MG,3131604,7180,63400.28,83.5655,0.102617,2026,7,f,1468.50
PARANA,VIRMOND,3,2936,VIRMOND,PR,4128658,3811,63389.92,78.7195,0.102180,2026,7,f,1641.92
PARANA,PATO BRANCO,518,78604,PATO BRANCO,PR,4118501,91836,63350.93,564.0490,0.659000,2026,7,f,2309.92
PARANA,ARAPOTI,38,19476,ARAPOTI,PR,4101606,25777,63347.91,147.4182,0.195112,2026,7,f,1526.02
RONDONIA,CEREJEIRAS,20,14997,CEREJEIRAS,RO,1100056,15890,63334.74,125.8653,0.133360,2026,7,f,1554.33
MINAS GERAIS,INGAI,0,1165,INGAI,MG,3130804,2580,63256.98,0.0000,0.000000,2026,7,f,1349.36
RIO GRANDE DO SUL,CHAPADA,12,9826,CHAPADA,RS,4305306,9540,63213.10,125.7862,0.122125,2026,7,f,1849.22
MATO GROSSO DO SUL,ITAPORA,37,14223,ITAPORA,MS,5004502,24137,63208.10,153.2916,0.260142,2026,7,f,1257.96
RIO GRANDE DO SUL,JARI,1,2564,JARI,RS,4311130,3349,63193.49,29.8597,0.039002,2026,7,f,1331.59
PARANA,TOLEDO,718,138917,TOLEDO,PR,4127700,150470,63192.48,477.1715,0.516855,2026,7,f,2165.17
PARANA,CAMBE,407,85114,CAMBE,PR,4103701,107208,63159.21,379.6358,0.478182,2026,7,f,1753.93
PARANA,PORECATU,21,9886,PORECATU,PR,4120002,11624,63054.71,180.6607,0.212422,2026,7,f,1614.47
SAO PAULO,PARANAPANEMA,49,14685,PARANAPANEMA,SP,3535804,19395,63034.13,252.6424,0.333674,2026,7,f,1579.99
SAO PAULO,TANABI,54,21905,TANABI,SP,3553401,25265,63030.56,213.7344,0.246519,2026,7,f,1480.38
RIO GRANDE DO SUL,COQUEIROS DO SUL,1,2093,COQUEIROS DO SUL,RS,4305850,2211,62995.48,45.2284,0.047778,2026,7,f,2555.61
PARANA,QUINTA DO SOL,2,3340,QUINTA DO SOL,PR,4121109,5001,62978.00,39.9920,0.059880,2026,7,f,1463.10
SAO PAULO,TAQUARIVAI,7,3348,TAQUARIVAI,SP,3553856,6876,62974.69,101.8034,0.209080,2026,7,f,1253.48
MINAS GERAIS,MORADA NOVA DE MINAS,1,6071,MORADA NOVA DE MINAS,MG,3143500,9067,62940.66,11.0290,0.016472,2026,7,f,1429.84
SANTA CATARINA,COCAL DO SUL,73,16724,COCAL DO SUL,SC,4204251,17240,62930.97,423.4339,0.436498,2026,7,f,2094.01
MINAS GERAIS,CONCEICAO DAS ALAGOAS,13,16412,CONCEICAO DAS ALAGOAS,MG,3117306,28381,62796.87,45.8053,0.079210,2026,7,f,1299.73
PARANA,QUEDAS DO IGUACU,32,25240,QUEDAS DO IGUACU,PR,4120903,30738,62721.88,104.1057,0.126783,2026,7,f,1425.00
GOIAS,INACIOLANDIA,5,3224,INACIOLANDIA,GO,5209937,5954,62707.59,83.9772,0.155087,2026,7,f,1249.96
PIAUI,ANTONIO ALMEIDA,1,1234,ANTONIO ALMEIDA,PI,2200806,3152,62696.38,31.7259,0.081037,2026,7,f,906.69
SANTA CATARINA,INDAIAL,374,65413,INDAIAL,SC,4207502,71549,62680.37,522.7187,0.571752,2026,7,f,1941.73
PARANA,CRUZEIRO DO SUL,6,3740,CRUZEIRO DO SUL,PR,4106704,4494,62589.01,133.5113,0.160428,2026,7,f,1407.88
PARANA,PIEN,15,10950,PIEN,PR,4119103,13655,62484.44,109.8499,0.136986,2026,7,f,1421.44
RIO GRANDE DO SUL,SARANDI,61,19153,SARANDI,RS,4320107,22851,62476.96,266.9467,0.318488,2026,7,f,1850.64
SANTA CATARINA,ABELARDO LUZ,33,14797,ABELARDO LUZ,SC,4200101,17392,62434.34,189.7424,0.223018,2026,7,f,1685.84
MATO GROSSO,COLIDER,55,31720,COLIDER,MT,5103205,31370,62423.40,175.3267,0.173392,2026,7,f,1796.83
MINAS GERAIS,ITAU DE MINAS,12,11223,ITAU DE MINAS,MG,3133758,14406,62415.87,83.2986,0.106923,2026,7,f,1532.93
RIO GRANDE DO SUL,SAO JOSE DO OURO,6,7147,SAO JOSE DO OURO,RS,4318606,6834,62370.21,87.7963,0.083951,2026,7,f,2185.37
RIO GRANDE DO SUL,QUEVEDOS,1,1988,QUEVEDOS,RS,4315321,2507,62326.69,39.8883,0.050302,2026,7,f,1417.51
ESPIRITO SANTO,SANTA MARIA DE JETIBA,94,50437,SANTA MARIA DE JETIBA,ES,3204559,41636,62270.27,225.7662,0.186371,2026,7,f,1374.43
MINAS GERAIS,MATIAS BARBOSA,30,9897,MATIAS BARBOSA,MG,3140803,14121,62258.98,212.4495,0.303122,2026,7,f,1435.48
PARANA,ARIRANHA DO IVAI,0,1665,ARIRANHA DO IVAI,PR,4101853,2329,62246.89,0.0000,0.000000,2026,7,f,1383.07
SAO PAULO,COROADOS,5,3920,COROADOS,SP,3512506,5400,62112.04,92.5926,0.127551,2026,7,f,1464.68
RIO GRANDE DO SUL,SANTA CLARA DO SUL,20,5913,SANTA CLARA DO SUL,RS,4316758,6887,62108.90,290.4022,0.338238,2026,7,f,1832.22
RIO GRANDE DO SUL,BARRACAO,2,3915,BARRACAO,RS,4301800,4831,62102.05,41.3993,0.051086,2026,7,f,1797.57
SAO PAULO,PEREIRA BARRETO,46,20216,PEREIRA BARRETO,SP,3537404,24095,62081.72,190.9110,0.227543,2026,7,f,1619.12
SAO PAULO,NOVA INDEPENDENCIA,4,3197,NOVA INDEPENDENCIA,SP,3533205,4609,62039.27,86.7867,0.125117,2026,7,f,1422.32
SAO PAULO,FERNAO,0,1097,FERNAO,SP,3515657,1656,61977.05,0.0000,0.000000,2026,7,f,1270.67
PARANA,PINHAO,9,18681,PINHAO,PR,4119301,29886,61938.97,30.1144,0.048177,2026,7,f,1121.81
MATO GROSSO DO SUL,ELDORADO,6,8315,ELDORADO,MS,5003751,11386,61882.31,52.6963,0.072159,2026,7,f,1275.12
SANTA CATARINA,IRINEOPOLIS,7,8603,IRINEOPOLIS,SC,4207908,10285,61879.05,68.0603,0.081367,2026,7,f,1443.53
MINAS GERAIS,SANTA RITA DO SAPUCAI,70,25658,SANTA RITA DO SAPUCAI,MG,3159605,40635,61875.18,172.2653,0.272819,2026,7,f,1701.65
RIO GRANDE DO SUL,DOM PEDRITO,59,30153,DOM PEDRITO,RS,4306601,36981,61874.26,159.5414,0.195669,2026,7,f,1515.04
AMAZONAS,MANAUS,11810,1042518,MANAUS,AM,1302603,2063689,61855.15,572.2762,1.132834,2026,7,f,1284.70
SANTA CATARINA,IMBITUBA,371,48110,IMBITUBA,SC,4207304,52579,61824.84,705.6049,0.771149,2026,7,f,1867.08
PARANA,CASTRO,163,57954,CASTRO,PR,4104907,73075,61820.06,223.0585,0.281258,2026,7,f,1568.37
RIO GRANDE DO SUL,SAPIRANGA,379,61253,SAPIRANGA,RS,4319901,75648,61786.88,501.0047,0.618745,2026,7,f,1641.28
SANTA CATARINA,PAPANDUVA,34,15867,PAPANDUVA,SC,4212205,19150,61778.49,177.5457,0.214281,2026,7,f,1568.58
PARANA,IVATUBA,7,1878,IVATUBA,PR,4111605,2708,61748.52,258.4934,0.372737,2026,7,f,1780.15
PARA,ULIANOPOLIS,4,7440,ULIANOPOLIS,PA,1508126,37972,61737.20,10.5341,0.053763,2026,7,f,718.62
MATO GROSSO DO SUL,AMAMBAI,61,25884,AMAMBAI,MS,5000609,39325,61697.67,155.1176,0.235667,2026,7,f,1281.38
SAO PAULO,QUADRA,8,2200,QUADRA,SP,3541653,3405,61662.26,234.9486,0.363636,2026,7,f,1517.01
PARANA,UNIFLOR,0,1713,UNIFLOR,PR,4128302,2136,61640.92,0.0000,0.000000,2026,7,f,1318.40
RIO GRANDE DO SUL,GAURAMA,15,5410,GAURAMA,RS,4308706,5665,61609.18,264.7838,0.277264,2026,7,f,2655.63
PARAIBA,CABEDELO,920,36428,CABEDELO,PB,2503209,66519,61527.94,1383.0635,2.525530,2026,7,f,1834.97
RIO GRANDE DO SUL,ENCANTADO,122,21900,ENCANTADO,RS,4306809,22962,61467.73,531.3126,0.557078,2026,7,f,2213.18
PARANA,GUAIRACA,3,4439,GUAIRACA,PR,4108908,6587,61458.48,45.5443,0.067583,2026,7,f,1274.78
SAO PAULO,DIRCE REIS,0,1177,DIRCE REIS,SP,3513850,1620,61410.49,0.0000,0.000000,2026,7,f,1358.16
RIO GRANDE DO SUL,JACUIZINHO,1,1756,JACUIZINHO,RS,4310876,2040,61346.08,49.0196,0.056948,2026,7,f,1148.00
SAO PAULO,RIBEIRAO CORRENTE,14,3424,RIBEIRAO CORRENTE,SP,3543105,4608,61322.48,303.8194,0.408879,2026,7,f,1222.84
MINAS GERAIS,CORREGO DANTA,0,1712,CORREGO DANTA,MG,3119807,2960,61253.38,0.0000,0.000000,2026,7,t,1524.19
RIO GRANDE DO SUL,TRES DE MAIO,60,22577,TRES DE MAIO,RS,4321808,24916,61208.94,240.8091,0.265757,2026,7,f,2038.20
SANTA CATARINA,MASSARANDUBA,87,15585,MASSARANDUBA,SC,4210605,17162,61193.98,506.9339,0.558229,2026,7,f,1903.58
GOIAS,VIANOPOLIS,30,13513,VIANOPOLIS,GO,5222005,14956,61175.65,200.5884,0.222008,2026,7,f,1763.05
RIO GRANDE DO SUL,TEUTONIA,114,29675,TEUTONIA,RS,4321451,32797,61083.36,347.5928,0.384162,2026,7,f,1891.48
RIO GRANDE DO SUL,COLORADO,10,3335,COLORADO,RS,4305603,3258,61073.36,306.9368,0.299850,2026,7,f,2130.43
MINAS GERAIS,IPIACU,1,2567,IPIACU,MG,3131406,3775,61065.17,26.4901,0.038956,2026,7,f,1429.29
PARA,SANTANA DO ARAGUAIA,15,19357,SANTANA DO ARAGUAIA,PA,1506708,32413,61032.73,46.2777,0.077491,2026,7,f,1137.95
SAO PAULO,ALTAIR,0,2148,ALTAIR,SP,3500907,3451,61005.22,0.0000,0.000000,2026,7,f,1313.69
SANTA CATARINA,XANXERE,223,49420,XANXERE,SC,4219507,51607,60952.29,432.1119,0.451234,2026,7,f,2120.34
PARANA,PIRAI DO SUL,33,18206,PIRAI DO SUL,PR,4119400,23651,60939.33,139.5290,0.181259,2026,7,f,1409.00
SANTA CATARINA,NOVO HORIZONTE,0,2026,NOVO HORIZONTE,SC,4211652,2643,60880.82,0.0000,0.000000,2026,7,t,2185.28
SANTA CATARINA,QUILOMBO,27,9800,QUILOMBO,SC,4214201,11022,60824.62,244.9646,0.275510,2026,7,f,1806.72
SANTA CATARINA,GUABIRUBA,159,21881,GUABIRUBA,SC,4206306,24543,60814.29,647.8426,0.726658,2026,7,f,1933.97
PARANA,CLEVELANDIA,17,13397,CLEVELANDIA,PR,4105706,15070,60754.81,112.8069,0.126894,2026,7,f,1590.88
MATO GROSSO DO SUL,VICENTINA,6,5241,VICENTINA,MS,5008404,6336,60721.91,94.6970,0.114482,2026,7,f,1429.37
RIO GRANDE DO SUL,MATO LEITAO,12,4542,MATO LEITAO,RS,4312153,4859,60721.14,246.9644,0.264201,2026,7,f,1637.84
GOIAS,ITUMBIARA,587,106693,ITUMBIARA,GO,5211503,107970,60714.79,543.6695,0.550177,2026,7,f,1838.90
SAO PAULO,CATANDUVA,687,123813,CATANDUVA,SP,3511102,115791,60712.43,593.3104,0.554869,2026,7,f,1898.84
GOIAS,PALMINOPOLIS,1,3052,PALMINOPOLIS,GO,5215900,3851,60704.23,25.9673,0.032765,2026,7,f,1410.92
SAO PAULO,IACRI,11,4478,IACRI,SP,3519204,6131,60697.11,179.4161,0.245645,2026,7,f,1368.52
RIO GRANDE DO SUL,NOVA PRATA,102,24098,NOVA PRATA,RS,4313300,25692,60691.11,397.0107,0.423272,2026,7,f,2089.33
SAO PAULO,ARARAQUARA,1854,214548,ARARAQUARA,SP,3503208,242228,60643.28,765.3946,0.864142,2026,7,f,2128.11
SANTA CATARINA,CAIBI,21,6780,CAIBI,SC,4203105,6304,60600.73,333.1218,0.309735,2026,7,f,2564.39
RIO GRANDE DO SUL,CARAZINHO,242,52699,CARAZINHO,RS,4304705,61804,60594.25,391.5604,0.459212,2026,7,f,2049.08
SAO PAULO,HERCULANDIA,10,7059,HERCULANDIA,SP,3519006,9125,60568.66,109.5890,0.141663,2026,7,f,1172.66
SAO PAULO,SUZANO,925,184387,SUZANO,SP,3552502,307429,60562.59,300.8825,0.501662,2026,7,f,1407.50
RONDONIA,PIMENTA BUENO,45,31983,PIMENTA BUENO,RO,1100189,35079,60558.74,128.2819,0.140700,2026,7,f,1389.70
SANTA CATARINA,SAO BENTO DO SUL,333,74549,SAO BENTO DO SUL,SC,4215802,83277,60499.57,399.8703,0.446686,2026,7,f,1941.74
SAO PAULO,BARRA BONITA,113,32596,BARRA BONITA,SP,3505302,34346,60499.07,329.0048,0.346668,2026,7,f,1853.96
MINAS GERAIS,PIRAPORA,39,33744,PIRAPORA,MG,3151206,55606,60447.78,70.1363,0.115576,2026,7,f,1339.03
RIO GRANDE DO SUL,TAQUARUCU DO SUL,7,2716,TAQUARUCU DO SUL,RS,4321329,3119,60383.78,224.4309,0.257732,2026,7,f,2332.95
SAO PAULO,NOVO HORIZONTE,98,35673,NOVO HORIZONTE,SP,3533502,38324,60374.26,255.7144,0.274718,2026,7,f,1693.96
MATO GROSSO,BARRA DO BUGRES,44,22344,BARRA DO BUGRES,MT,5101704,29403,60340.71,149.6446,0.196921,2026,7,f,1466.38
RIO GRANDE DO SUL,ROQUE GONZALES,6,5316,ROQUE GONZALES,RS,4316303,6576,60333.49,91.2409,0.112867,2026,7,f,1796.07
MINAS GERAIS,UNAI,191,66471,UNAI,MG,3170404,86619,60281.57,220.5059,0.287343,2026,7,f,1760.50
PARANA,LEOPOLIS,4,2638,LEOPOLIS,PR,4113403,3752,60265.99,106.6098,0.151630,2026,7,f,1313.79
PARANA,CAMPO MOURAO,364,91219,CAMPO MOURAO,PR,4104303,99432,60261.36,366.0793,0.399040,2026,7,f,2064.25
MINAS GERAIS,VAZANTE,9,15937,VAZANTE,MG,3171006,19975,60233.24,45.0563,0.056472,2026,7,f,1572.32
PARANA,CANDOI,12,11315,CANDOI,PR,4104428,14973,60204.97,80.1443,0.106054,2026,7,f,1389.16
MINAS GERAIS,BURITIS,4,12803,BURITIS,MG,3109303,24030,60180.57,16.6459,0.031243,2026,7,f,1128.10
RIO GRANDE DO SUL,DOIS IRMAOS DAS MISSOES,3,1615,DOIS IRMAOS DAS MISSOES,RS,4306429,2090,60170.81,143.5407,0.185759,2026,7,f,1288.19
CEARA,AQUIRAZ,360,35057,AQUIRAZ,CE,2301000,80645,60152.62,446.4009,1.026899,2026,7,f,930.64
RIO GRANDE DO SUL,ROCA SALES,14,7957,ROCA SALES,RS,4315800,10418,60146.96,134.3828,0.175946,2026,7,f,1866.11
MINAS GERAIS,PRATA,50,19671,PRATA,MG,3152808,28342,60076.04,176.4166,0.254181,2026,7,f,1557.71
SAO PAULO,TURMALINA,1,1448,TURMALINA,SP,3555307,1669,60051.53,59.9161,0.069061,2026,7,f,1793.09
PARANA,CAMPINA GRANDE DO SUL,162,36597,CAMPINA GRANDE DO SUL,PR,4104006,47825,60047.40,338.7350,0.442659,2026,7,f,1514.06
ESPIRITO SANTO,LINHARES,981,116896,LINHARES,ES,3203205,166786,60043.15,588.1789,0.839208,2026,7,f,1472.50
MATO GROSSO,CUIABA,8573,545291,CUIABA,MT,5103403,650877,59997.13,1317.1459,1.572188,2026,7,f,2428.24
MATO GROSSO,JACIARA,58,28972,JACIARA,MT,5104807,28569,59909.97,203.0173,0.200193,2026,7,f,1638.82
MATO GROSSO,SINOP,1353,189729,SINOP,MT,5107909,196312,59782.63,689.2090,0.713122,2026,7,f,2146.78
SAO PAULO,MAUA,928,275157,MAUA,SP,3529401,418261,59773.04,221.8710,0.337262,2026,7,f,1478.74
SANTA CATARINA,LUZERNA,17,6064,LUZERNA,SC,4210035,5794,59770.28,293.4070,0.280343,2026,7,f,2502.26
PARA,TUCURUI,59,46369,TUCURUI,PA,1508100,91306,59767.24,64.6179,0.127240,2026,7,f,1124.55
SAO PAULO,NOVA EUROPA,12,6997,NOVA EUROPA,SP,3532900,9311,59757.28,128.8798,0.171502,2026,7,f,1301.87
SERGIPE,BARRA DOS COQUEIROS,459,16122,BARRA DOS COQUEIROS,SE,2800605,41511,59718.68,1105.7310,2.847041,2026,7,f,1589.75
PARAIBA,CONDE,49,11312,CONDE,PB,2504603,27605,59710.20,177.5041,0.433168,2026,7,f,880.41
MATO GROSSO,COMODORO,18,14772,COMODORO,MT,5103304,18238,59657.09,98.6950,0.121852,2026,7,f,1444.11
SANTA CATARINA,MAFRA,282,51862,MAFRA,SC,4210100,55286,59631.95,510.0749,0.543751,2026,7,f,1806.38
RIO GRANDE DO SUL,NOVA ROMA DO SUL,7,2844,NOVA ROMA DO SUL,RS,4313359,3466,59628.97,201.9619,0.246132,2026,7,f,2294.79
RIO GRANDE DO SUL,CANDIDO GODOI,3,6418,CANDIDO GODOI,RS,4304309,6294,59584.05,47.6644,0.046744,2026,7,f,2260.55
SANTA CATARINA,TROMBUDO CENTRAL,18,6803,TROMBUDO CENTRAL,SC,4218608,7274,59572.45,247.4567,0.264589,2026,7,f,2025.72
GOIAS,PIRES DO RIO,68,28713,PIRES DO RIO,GO,5217401,32373,59566.98,210.0516,0.236827,2026,7,f,1745.69
SANTA CATARINA,ORLEANS,94,25878,ORLEANS,SC,4211702,23661,59547.10,397.2782,0.363243,2026,7,f,2065.31
MINAS GERAIS,SAO ROQUE DE MINAS,12,6886,SAO ROQUE DE MINAS,MG,3164308,7129,59499.51,168.3266,0.174267,2026,7,f,2002.71
BAHIA,BARREIRAS,433,112510,BARREIRAS,BA,2903201,159734,59470.74,271.0757,0.384855,2026,7,f,1339.99
PARANA,FOZ DO IGUACU,1677,238767,FOZ DO IGUACU,PR,4108304,285415,59468.67,587.5655,0.702358,2026,7,f,1910.76
SAO PAULO,ATIBAIA,1625,149540,ATIBAIA,SP,3504107,158647,59418.61,1024.2866,1.086666,2026,7,f,2283.78
RIO GRANDE DO SUL,MUCUM,8,3861,MUCUM,RS,4312609,4601,59413.82,173.8752,0.207200,2026,7,f,2114.86
MATO GROSSO DO SUL,TAQUARUSSU,4,2310,TAQUARUSSU,MS,5007976,3625,59412.14,110.3448,0.173160,2026,7,f,1326.37
SANTA CATARINA,TIMBO,349,39996,TIMBO,SC,4218202,46099,59389.94,757.0663,0.872587,2026,7,f,2129.74
MATO GROSSO,LAMBARI D'OESTE,2,3346,LAMBARI D'OESTE,MT,5105234,4790,59335.91,41.7537,0.059773,2026,7,f,1165.12
GOIAS,SAO LUIS DE MONTES BELOS,83,32278,SAO LUIS DE MONTES BELOS,GO,5220108,33852,59329.58,245.1849,0.257141,2026,7,f,1873.64
SAO PAULO,MOCOCA,195,54772,MOCOCA,SP,3530508,67681,59315.81,288.1163,0.356021,2026,7,f,1693.15
PARANA,RONDON,6,7994,RONDON,PR,4122602,9097,59221.28,65.9558,0.075056,2026,7,f,1514.88
MINAS GERAIS,ESTRELA DO INDAIA,0,1789,ESTRELA DO INDAIA,MG,3124708,2772,59125.54,0.0000,0.000000,2026,7,f,1427.99
RIO GRANDE DO SUL,CRUZEIRO DO SUL,35,12409,CRUZEIRO DO SUL,RS,4306205,11600,59116.03,301.7241,0.282053,2026,7,f,1693.59
GOIAS,JOVIANIA,17,6325,JOVIANIA,GO,5212105,7159,59109.51,237.4633,0.268775,2026,7,f,1785.45
SAO PAULO,BRAGANCA PAULISTA,1452,162526,BRAGANCA PAULISTA,SP,3507605,176811,59064.70,821.2159,0.893396,2026,7,f,1941.50
RIO GRANDE DO SUL,CASEIROS,6,2898,CASEIROS,RS,4304952,3000,59052.67,200.0000,0.207039,2026,7,f,1774.11
SAO PAULO,ITUVERAVA,125,32219,ITUVERAVA,SP,3524105,37571,59051.53,332.7034,0.387970,2026,7,f,1788.40
GOIAS,DIORAMA,1,1299,DIORAMA,GO,5207105,2062,59035.40,48.4966,0.076982,2026,7,f,1362.30
SANTA CATARINA,ITUPORANGA,160,28057,ITUPORANGA,SC,4208500,26525,59028.95,603.2045,0.570268,2026,7,f,2112.88
SAO PAULO,BARIRI,97,29542,BARIRI,SP,3505203,31595,58989.21,307.0106,0.328346,2026,7,f,1755.66
MATO GROSSO,ARIPUANA,13,18231,ARIPUANA,MT,5101407,24626,58959.47,52.7897,0.071307,2026,7,f,1863.42
SAO PAULO,SANTA BARBARA D'OESTE,786,166941,SANTA BARBARA D'OESTE,SP,3545803,183347,58926.47,428.6953,0.470825,2026,7,f,1877.28
PARANA,CAMPO BONITO,1,2918,CAMPO BONITO,PR,4104055,4027,58901.66,24.8324,0.034270,2026,7,f,1444.58
RIO GRANDE DO SUL,CERRO LARGO,27,12787,CERRO LARGO,RS,4305207,13705,58884.13,197.0084,0.211152,2026,7,f,1996.14
SAO PAULO,VALPARAISO,24,15136,VALPARAISO,SP,3556305,24241,58864.20,99.0058,0.158562,2026,7,f,1439.26
RIO GRANDE DO SUL,SANTA ROSA,318,69884,SANTA ROSA,RS,4317202,76963,58864.08,413.1856,0.455040,2026,7,f,2122.58
SAO PAULO,ITABERA,26,12040,ITABERA,SP,3521705,17983,58842.18,144.5810,0.215947,2026,7,f,1205.06
PARANA,LAPA,63,35364,LAPA,PR,4113205,45003,58830.88,139.9907,0.178147,2026,7,f,1508.11
MINAS GERAIS,CAPINOPOLIS,8,11019,CAPINOPOLIS,MG,3112604,14655,58817.74,54.5889,0.072602,2026,7,f,1337.48
PARANA,JARDIM OLINDA,1,1323,JARDIM OLINDA,PR,4112603,1343,58807.89,74.4602,0.075586,2026,7,f,1120.71
PARANA,MARILANDIA DO SUL,11,6961,MARILANDIA DO SUL,PR,4114906,8677,58806.96,126.7719,0.158023,2026,7,f,1533.15
MINAS GERAIS,GRAO MOGOL,2,4853,GRAO MOGOL,MG,3127800,13901,58805.77,14.3875,0.041212,2026,7,f,904.97
RIO GRANDE DO SUL,SERTAO SANTANA,20,5523,SERTAO SANTANA,RS,4320552,5863,58770.42,341.1223,0.362122,2026,7,f,1517.50
PARANA,JAGUARIAIVA,51,23625,JAGUARIAIVA,PR,4112009,35141,58693.12,145.1296,0.215873,2026,7,f,1418.37
SANTA CATARINA,SIDEROPOLIS,35,12195,SIDEROPOLIS,SC,4217600,13714,58661.37,255.2137,0.287003,2026,7,f,1838.15
RIO GRANDE DO SUL,GRAVATAI,1584,197701,GRAVATAI,RS,4309209,265074,58646.11,597.5690,0.801210,2026,7,f,1696.73
PARANA,OURIZONA,7,2628,OURIZONA,PR,4117404,3187,58541.89,219.6423,0.266362,2026,7,f,1624.55
SAO PAULO,PIRASSUNUNGA,314,66895,PIRASSUNUNGA,SP,3539301,73545,58527.61,426.9495,0.469392,2026,7,f,2014.47
RIO DE JANEIRO,VOLTA REDONDA,1604,166154,VOLTA REDONDA,RJ,3306305,261563,58523.63,613.2366,0.965369,2026,7,f,1787.91
MATO GROSSO,COCALINHO,0,2021,COCALINHO,MT,5103106,6220,58471.06,0.0000,0.000000,2026,7,f,1466.11
MATO GROSSO,ARAPUTANGA,32,13398,ARAPUTANGA,MT,5101258,14786,58458.14,216.4209,0.238842,2026,7,f,1379.75
SAO PAULO,LUCIANOPOLIS,1,1660,LUCIANOPOLIS,SP,3527504,2372,58454.47,42.1585,0.060241,2026,7,f,1464.02
SAO PAULO,MAIRINQUE,136,39593,MAIRINQUE,SP,3528403,50027,58437.70,271.8532,0.343495,2026,7,f,1607.36
SANTA CATARINA,URUSSANGA,63,21519,URUSSANGA,SC,4219002,20919,58437.16,301.1616,0.292765,2026,7,f,1838.88
MARANHAO,SAO RAIMUNDO DAS MANGABEIRAS,11,7529,SAO RAIMUNDO DAS MANGABEIRAS,MA,2111607,18672,58377.95,58.9117,0.146102,2026,7,f,850.43
TOCANTINS,ARAGUACU,2,5213,ARAGUACU,TO,1702000,8133,58340.46,24.5912,0.038366,2026,7,f,1309.80
TOCANTINS,PUGMIL,0,1078,PUGMIL,TO,1718451,2193,58334.25,0.0000,0.000000,2026,7,f,912.80
TOCANTINS,APARECIDA DO RIO NEGRO,3,2244,APARECIDA DO RIO NEGRO,TO,1701101,4856,58329.28,61.7792,0.133690,2026,7,f,1086.79
RIO GRANDE DO SUL,SALTO DO JACUI,22,7816,SALTO DO JACUI,RS,4316451,10203,58308.44,215.6229,0.281474,2026,7,f,1561.65
SAO PAULO,PORTO FERREIRA,184,50045,PORTO FERREIRA,SP,3540705,52649,58298.45,349.4843,0.367669,2026,7,f,1719.41
RIO GRANDE DO SUL,SERAFINA CORREA,40,14451,SERAFINA CORREA,RS,4320404,16961,58281.71,235.8352,0.276797,2026,7,f,2126.45
PARANA,CORONEL DOMINGOS SOARES,0,3307,CORONEL DOMINGOS SOARES,PR,4106456,5649,58230.13,0.0000,0.000000,2026,7,f,1162.70
MINAS GERAIS,ARAGUARI,186,100967,ARAGUARI,MG,3103504,117808,58217.90,157.8840,0.184219,2026,7,f,1693.43
PARANA,NOVA SANTA ROSA,44,9129,NOVA SANTA ROSA,PR,4117222,8322,58192.14,528.7191,0.481981,2026,7,f,1713.57
PARANA,DOIS VIZINHOS,119,41904,DOIS VIZINHOS,PR,4107207,44869,58150.91,265.2165,0.283982,2026,7,f,2032.62
RIO GRANDE DO SUL,LAGOA VERMELHA,44,23143,LAGOA VERMELHA,RS,4311304,27659,58142.49,159.0802,0.190122,2026,7,f,1855.38
SANTA CATARINA,SAO DOMINGOS,19,8580,SAO DOMINGOS,SC,4216107,9226,58115.54,205.9397,0.221445,2026,7,f,2247.77
MINAS GERAIS,ANTONIO DIAS,3,4306,ANTONIO DIAS,MG,3103009,9219,58081.25,32.5415,0.069670,2026,7,f,1006.48
RIO GRANDE DO SUL,TUPANCI DO SUL,0,1363,TUPANCI DO SUL,RS,4322186,1374,58077.15,0.0000,0.000000,2026,7,f,1414.83
SANTA CATARINA,FLORIANOPOLIS,11849,441110,FLORIANOPOLIS,SC,4205407,537211,58059.37,2205.6510,2.686178,2026,7,f,3636.13
RIO GRANDE DO SUL,SAO VICENTE DO SUL,9,6032,SAO VICENTE DO SUL,RS,4319802,8097,58032.11,111.1523,0.149204,2026,7,f,1507.10
SAO PAULO,ANALANDIA,8,3465,ANALANDIA,SP,3502002,4589,58028.33,174.3299,0.230880,2026,7,f,1677.47
MATO GROSSO,TORIXOREU,2,3393,TORIXOREU,MT,5108204,4164,58018.49,48.0307,0.058945,2026,7,f,1390.27
MINAS GERAIS,SANTA JULIANA,19,11352,SANTA JULIANA,MG,3157708,15734,57968.29,120.7576,0.167371,2026,7,f,1600.94
SAO PAULO,CAIEIRAS,425,59993,CAIEIRAS,SP,3509007,95032,57955.42,447.2178,0.708416,2026,7,f,1668.47
PARA,AGUA AZUL DO NORTE,1,4450,AGUA AZUL DO NORTE,PA,1500347,18080,57921.79,5.5310,0.022472,2026,7,f,936.70
MINAS GERAIS,CONCEICAO DO PARA,1,3559,CONCEICAO DO PARA,MG,3117603,5415,57902.68,18.4672,0.028098,2026,7,f,1380.89
SAO PAULO,JABOTICABAL,374,67710,JABOTICABAL,SP,3524303,71821,57869.61,520.7391,0.552356,2026,7,f,1948.36
RIO GRANDE DO SUL,ITAQUI,44,23739,ITAQUI,RS,4310603,35768,57843.30,123.0150,0.185349,2026,7,f,1442.82
SAO PAULO,LINDOIA,15,6676,LINDOIA,SP,3527009,7014,57785.57,213.8580,0.224685,2026,7,f,1690.27
SANTA CATARINA,BRUNOPOLIS,4,1914,BRUNOPOLIS,SC,4202875,2489,57760.55,160.7071,0.208986,2026,7,f,1449.82
SAO PAULO,SALTINHO,28,7476,SALTINHO,SP,3545159,8161,57755.42,343.0952,0.374532,2026,7,f,1814.85
RIO GRANDE DO SUL,CAMPO NOVO,5,4524,CAMPO NOVO,RS,4304002,4975,57749.15,100.5025,0.110522,2026,7,f,1441.24
SAO PAULO,MOGI DAS CRUZES,3242,305371,MOGI DAS CRUZES,SP,3530607,451505,57745.81,718.0430,1.061659,2026,7,f,1851.39
CEARA,MARACANAU,508,104034,MARACANAU,CE,2307650,234509,57738.06,216.6228,0.488302,2026,7,f,910.74
PIAUI,BOM JESUS,22,19610,BOM JESUS,PI,2201903,28796,57705.03,76.3995,0.112188,2026,7,f,1130.24
RIO GRANDE DO SUL,VACARIA,134,53825,VACARIA,RS,4322509,64197,57655.86,208.7325,0.248955,2026,7,f,1790.15
SANTA CATARINA,SAO JOSE,3081,221156,SAO JOSE,SC,4216602,270299,57623.86,1139.8488,1.393134,2026,7,f,2396.69
RIO GRANDE DO SUL,PALMARES DO SUL,19,8573,PALMARES DO SUL,RS,4313656,12844,57603.16,147.9290,0.221626,2026,7,f,1325.77
RONDONIA,CACAULANDIA,4,2776,CACAULANDIA,RO,1100601,4150,57587.71,96.3855,0.144092,2026,7,f,1187.10
SAO PAULO,PAULO DE FARIA,11,4886,PAULO DE FARIA,SP,3536604,7400,57587.30,148.6486,0.225133,2026,7,f,1373.91
GOIAS,BELA VISTA DE GOIAS,69,24779,BELA VISTA DE GOIAS,GO,5203302,34445,57574.86,200.3193,0.278462,2026,7,f,1637.71
SANTA CATARINA,CRICIUMA,2051,195804,CRICIUMA,SC,4204608,214493,57528.91,956.2084,1.047476,2026,7,f,2235.77
SAO PAULO,RIFAINA,18,3471,RIFAINA,SP,3543600,4049,57523.09,444.5542,0.518583,2026,7,f,1599.06
RIO GRANDE DO SUL,SALVADOR DO SUL,32,6548,SALVADOR DO SUL,RS,4316501,6879,57513.59,465.1839,0.488699,2026,7,f,1967.63
PARANA,JANIOPOLIS,3,4332,JANIOPOLIS,PR,4112207,5870,57397.79,51.1073,0.069252,2026,7,f,1208.61
RIO GRANDE DO SUL,VESPASIANO CORREA,1,1782,VESPASIANO CORREA,RS,4322855,1818,57397.14,55.0055,0.056117,2026,7,f,3279.07
SAO PAULO,PONTAL,36,26356,PONTAL,SP,3540200,37607,57275.35,95.7269,0.136591,2026,7,f,1384.14
SAO PAULO,MIGUELOPOLIS,32,14155,MIGUELOPOLIS,SP,3529708,19441,57255.18,164.6006,0.226069,2026,7,f,1416.73
SAO PAULO,ARACATUBA,1313,199327,ARACATUBA,SP,3502804,200124,57253.20,656.0932,0.658717,2026,7,f,2088.68
SANTA CATARINA,SAO JOAQUIM,40,22261,SAO JOAQUIM,SC,4216503,25939,57243.96,154.2079,0.179686,2026,7,f,1604.93
SAO PAULO,SANTA FE DO SUL,103,33758,SANTA FE DO SUL,SP,3546603,34794,57161.58,296.0281,0.305113,2026,7,f,1938.25
SAO PAULO,CRUZEIRO,133,49511,CRUZEIRO,SP,3513405,74961,57122.53,177.4256,0.268627,2026,7,f,1498.46
RIO GRANDE DO SUL,CACHOEIRINHA,697,99404,CACHOEIRINHA,RS,4303103,136258,57110.95,511.5296,0.701179,2026,7,f,1884.12
RIO GRANDE DO SUL,HARMONIA,15,4745,HARMONIA,RS,4309555,5378,57073.45,278.9141,0.316122,2026,7,f,2119.47
RIO GRANDE DO SUL,AJURICABA,5,6891,AJURICABA,RS,4300208,6720,57072.17,74.4048,0.072558,2026,7,f,2357.63
SAO PAULO,SAO ROQUE,449,63469,SAO ROQUE,SP,3550605,79484,57024.90,564.8936,0.707432,2026,7,f,2014.74
SAO PAULO,OLEO,2,1705,OLEO,SP,3533809,2512,57011.15,79.6178,0.117302,2026,7,f,1376.51
PARA,SANTA MARIA DAS BARREIRAS,0,4857,SANTA MARIA DAS BARREIRAS,PA,1506583,16548,57009.06,0.0000,0.000000,2026,7,f,1175.42
SAO PAULO,BATATAIS,179,50783,BATATAIS,SP,3505906,58402,56996.16,306.4964,0.352480,2026,7,f,1826.35
SANTA CATARINA,GUARACIABA,12,9535,GUARACIABA,SC,4206405,10796,56991.29,111.1523,0.125852,2026,7,f,2834.02
MINAS GERAIS,TIMOTEO,166,53922,TIMOTEO,MG,3168705,81579,56987.61,203.4837,0.307852,2026,7,f,1630.44
PIAUI,GUADALUPE,9,4804,GUADALUPE,PI,2204501,10270,56958.71,87.6339,0.187344,2026,7,f,1002.95
PARANA,CORBELIA,35,15908,CORBELIA,PR,4106308,17470,56867.77,200.3434,0.220015,2026,7,f,1707.15
PARANA,RONCADOR,4,8712,RONCADOR,PR,4122503,11251,56837.08,35.5524,0.045914,2026,7,f,1349.95
RIO GRANDE DO SUL,ARAMBARE,3,2871,ARAMBARE,RS,4300851,4112,56804.96,72.9572,0.104493,2026,7,f,1556.44
RIO GRANDE DO SUL,ESPUMOSO,32,15478,ESPUMOSO,RS,4307500,15173,56780.99,210.9009,0.206745,2026,7,f,1984.00
PARANA,CHOPINZINHO,39,18075,CHOPINZINHO,PR,4105409,21085,56739.86,184.9656,0.215768,2026,7,f,1839.01
SANTA CATARINA,TAIO,42,18620,TAIO,SC,4217808,18310,56705.24,229.3829,0.225564,2026,7,f,2065.30
PARANA,SAO JORGE D'OESTE,9,8329,SAO JORGE D'OESTE,PR,4125209,9378,56677.44,95.9693,0.108056,2026,7,f,1829.04
TOCANTINS,BREJINHO DE NAZARE,2,2087,BREJINHO DE NAZARE,TO,1703701,4725,56631.53,42.3280,0.095831,2026,7,f,889.67
RIO GRANDE DO SUL,JACUTINGA,1,3468,JACUTINGA,RS,4310900,3338,56527.56,29.9581,0.028835,2026,7,f,1979.26
RIO GRANDE DO SUL,LINDOLFO COLLOR,12,4525,LINDOLFO COLLOR,RS,4311627,6248,56515.52,192.0615,0.265193,2026,7,f,1516.47
RIO GRANDE DO SUL,PANTANO GRANDE,10,7325,PANTANO GRANDE,RS,4313953,10212,56464.36,97.9240,0.136519,2026,7,f,1438.55
MATO GROSSO,VILA BELA DA SANTISSIMA TRINDADE,8,8066,VILA BELA DA SANTISSIMA TRINDADE,MT,5105507,16774,56436.33,47.6929,0.099182,2026,7,f,1260.10
RIO GRANDE DO SUL,SALVADOR DAS MISSOES,3,2979,SALVADOR DAS MISSOES,RS,4316477,2877,56399.03,104.2753,0.100705,2026,7,f,1696.82
SANTA CATARINA,IPUACU,2,4476,IPUACU,SC,4207684,7730,56390.69,25.8732,0.044683,2026,7,f,1290.53
RIO GRANDE DO SUL,VILA NOVA DO SUL,3,3225,VILA NOVA DO SUL,RS,4323457,3863,56302.87,77.6598,0.093023,2026,7,f,1344.10
SAO PAULO,SAO JOAQUIM DA BARRA,160,41900,SAO JOAQUIM DA BARRA,SP,3549409,48558,56299.39,329.5029,0.381862,2026,7,f,1577.23
SAO PAULO,ALTINOPOLIS,32,12236,ALTINOPOLIS,SP,3501004,16818,56281.25,190.2723,0.261523,2026,7,f,1391.26
RIO GRANDE DO SUL,CIRIACO,8,4426,CIRIACO,RS,4305504,4149,56256.93,192.8175,0.180750,2026,7,f,1730.43
MINAS GERAIS,CLARAVAL,1,2761,CLARAVAL,MG,3116407,4658,56243.67,21.4684,0.036219,2026,7,f,1209.49
MINAS GERAIS,BELO HORIZONTE,54668,2904961,BELO HORIZONTE,MG,3106200,2315560,56227.29,2360.8976,1.881884,2026,7,f,2748.85
RONDONIA,CABIXI,1,4656,CABIXI,RO,1100031,5351,56219.77,18.6881,0.021478,2026,7,f,1323.79
SANTA CATARINA,MAJOR VIEIRA,6,6104,MAJOR VIEIRA,SC,4210308,7425,56189.76,80.8081,0.098296,2026,7,f,1244.76
PARANA,MAUA DA SERRA,11,7613,MAUA DA SERRA,PR,4115754,9383,56188.00,117.2333,0.144490,2026,7,f,1055.56
RIO GRANDE DO SUL,SELBACH,19,5243,SELBACH,RS,4320305,5107,56160.17,372.0384,0.362388,2026,7,f,2458.17
PARANA,RANCHO ALEGRE,0,2586,RANCHO ALEGRE,PR,4121307,3512,56141.80,0.0000,0.000000,2026,7,f,1381.13
SAO PAULO,FLORINEA,3,1796,FLORINEA,SP,3516101,3851,56131.13,77.9018,0.167038,2026,7,f,1361.28
RIO GRANDE DO SUL,IBIRAIARAS,19,7007,IBIRAIARAS,RS,4309902,6776,56109.65,280.4014,0.271157,2026,7,f,2287.25
MATO GROSSO,CONFRESA,19,24782,CONFRESA,MT,5103353,35075,56101.95,54.1696,0.076669,2026,7,f,1500.84
PARANA,ENGENHEIRO BELTRAO,17,10790,ENGENHEIRO BELTRAO,PR,4107504,12454,56098.44,136.5023,0.157553,2026,7,f,1697.37
PARANA,PRADO FERREIRA,2,2613,PRADO FERREIRA,PR,4120333,3709,56067.67,53.9229,0.076540,2026,7,f,1321.84
GOIAS,CARMO DO RIO VERDE,7,6618,CARMO DO RIO VERDE,GO,5205000,9710,55986.30,72.0906,0.105772,2026,7,f,1138.24
MINAS GERAIS,TIROS,7,5850,TIROS,MG,3168903,7883,55948.75,88.7987,0.119658,2026,7,f,1633.94
RIO GRANDE DO SUL,ANTA GORDA,14,6326,ANTA GORDA,RS,4300703,5957,55943.76,235.0176,0.221309,2026,7,f,2682.97
SAO PAULO,CAFELANDIA,46,12623,CAFELANDIA,SP,3508801,16654,55880.57,276.2099,0.364414,2026,7,f,1524.12
RIO GRANDE DO SUL,CAMPINAS DO SUL,5,4769,CAMPINAS DO SUL,RS,4303806,5284,55805.26,94.6253,0.104844,2026,7,f,1877.21
SAO PAULO,MORUNGABA,48,12845,MORUNGABA,SP,3532009,13720,55804.74,349.8542,0.373686,2026,7,f,1680.58
ESPIRITO SANTO,CARIACICA,2730,225591,CARIACICA,ES,3201308,353491,55760.52,772.2969,1.210155,2026,7,f,1244.17
TOCANTINS,SILVANOPOLIS,2,2529,SILVANOPOLIS,TO,1720655,5108,55749.22,39.1543,0.079083,2026,7,f,1231.48
SANTA CATARINA,PERITIBA,6,2807,PERITIBA,SC,4212601,2992,55715.57,200.5348,0.213751,2026,7,f,2454.13
SAO PAULO,UBARANA,8,3907,UBARANA,SP,3555356,5365,55684.25,149.1146,0.204761,2026,7,f,1156.09
GOIAS,MATRINCHA,0,2639,MATRINCHA,GO,5212956,4042,55674.17,0.0000,0.000000,2026,7,f,1160.03
SAO PAULO,PIRAPOZINHO,59,19931,PIRAPOZINHO,SP,3539202,25348,55662.30,232.7600,0.296021,2026,7,f,1546.97
RIO GRANDE DO SUL,SAO MARTINHO,8,5587,SAO MARTINHO,RS,4319109,5481,55635.65,145.9588,0.143190,2026,7,f,1810.54
PARANA,NOVA LONDRINA,25,13691,NOVA LONDRINA,PR,4117107,12923,55592.20,193.4535,0.182602,2026,7,f,1559.23
PARANA,ANGULO,2,2374,ANGULO,PR,4101150,3235,55572.80,61.8238,0.084246,2026,7,f,1394.70
RIO GRANDE DO SUL,XANGRI-LA,255,15470,XANGRI-LA,RS,4323804,16463,55561.20,1548.9279,1.648352,2026,7,f,2134.14
SAO PAULO,ANHEMBI,3,3222,ANHEMBI,SP,3502309,5674,55541.77,52.8728,0.093110,2026,7,f,1188.66
RIO GRANDE DO SUL,BOZANO,1,1855,BOZANO,RS,4302584,2151,55520.69,46.4900,0.053908,2026,7,f,1638.05
PARANA,SULINA,2,2728,SULINA,PR,4126652,3440,55517.15,58.1395,0.073314,2026,7,f,2593.96
RORAIMA,BONFIM,5,2026,BONFIM,RR,1400159,13923,55512.68,35.9118,0.246792,2026,7,f,583.73
SAO PAULO,MESOPOLIS,0,1351,MESOPOLIS,SP,3529658,1952,55497.44,0.0000,0.000000,2026,7,f,1278.93
SERGIPE,DIVINA PASTORA,1,1061,DIVINA PASTORA,SE,2802007,4340,55483.18,23.0415,0.094251,2026,7,f,789.16
RIO DE JANEIRO,CANTAGALO,32,9827,CANTAGALO,RJ,3301108,19390,55456.21,165.0335,0.325633,2026,7,f,1207.29
RIO GRANDE DO NORTE,JANDAIRA,2,2084,JANDAIRA,RN,2405108,6562,55417.25,30.4785,0.095969,2026,7,f,762.69
PARANA,JUSSARA,5,5477,JUSSARA,PR,4113007,6690,55375.93,74.7384,0.091291,2026,7,f,1489.41
PARANA,ANTONINA,17,7303,ANTONINA,PR,4101200,18091,55368.69,93.9694,0.232781,2026,7,f,1211.84
SAO PAULO,GUARARAPES,83,27068,GUARARAPES,SP,3518206,31043,55358.31,267.3711,0.306635,2026,7,f,1575.63
SANTA CATARINA,CAMPO BELO DO SUL,7,5023,CAMPO BELO DO SUL,SC,4203402,7257,55322.59,96.4586,0.139359,2026,7,f,1293.18
PARANA,MEDIANEIRA,174,47717,MEDIANEIRA,PR,4115804,54369,55318.21,320.0353,0.364650,2026,7,f,2049.11
SAO PAULO,AGUAI,67,27180,AGUAI,SP,3500303,32072,55308.15,208.9050,0.246505,2026,7,f,1321.67
SANTA CATARINA,CAMPO ERE,19,9175,CAMPO ERE,SC,4203501,9623,55296.58,197.4436,0.207084,2026,7,f,1921.14
SAO PAULO,APARECIDA D'OESTE,4,3824,APARECIDA D'OESTE,SP,3502606,4086,55260.40,97.8953,0.104603,2026,7,f,1418.94
PARANA,ASSIS CHATEAUBRIAND,94,33711,ASSIS CHATEAUBRIAND,PR,4102000,36808,55252.42,255.3793,0.278841,2026,7,f,1672.22
ALAGOAS,FELIZ DESERTO,4,949,FELIZ DESERTO,AL,2702702,3963,55250.57,100.9336,0.421496,2026,7,f,731.46
PARANA,CASCAVEL,2724,312764,CASCAVEL,PR,4104808,348051,55176.33,782.6439,0.870944,2026,7,f,2217.32
RONDONIA,PORTO VELHO,4145,356481,PORTO VELHO,RO,1100205,460434,55170.11,900.2376,1.162755,2026,7,f,1459.81
PERNAMBUCO,CAMUTANGA,3,2495,CAMUTANGA,PE,2603603,7750,55160.65,38.7097,0.120240,2026,7,f,704.26
RIO GRANDE DO SUL,TAPERA,25,8998,TAPERA,RS,4321006,10592,55150.02,236.0272,0.277840,2026,7,f,2018.36
AMAZONAS,COARI,18,15716,COARI,AM,1301209,70616,55138.76,25.4900,0.114533,2026,7,f,580.54
MATO GROSSO,NOVA BRASILANDIA,4,2745,NOVA BRASILANDIA,MT,5106208,3932,55116.99,101.7294,0.145719,2026,7,f,1187.78
SAO PAULO,SAO JOSE DO RIO PARDO,171,45727,SAO JOSE DO RIO PARDO,SP,3549706,52205,55109.15,327.5548,0.373958,2026,7,f,1547.43
TOCANTINS,ABREULANDIA,1,1038,ABREULANDIA,TO,1700251,2576,55097.05,38.8199,0.096339,2026,7,f,1103.87
GOIAS,ACREUNA,39,16565,ACREUNA,GO,5200134,21568,55089.90,180.8234,0.235436,2026,7,f,1489.52
GOIAS,HIDROLANDIA,97,19275,HIDROLANDIA,GO,5209705,27742,55084.31,349.6503,0.503243,2026,7,f,1626.34
SAO PAULO,BOTUCATU,1037,125106,BOTUCATU,SP,3507506,145155,55059.41,714.4087,0.828897,2026,7,f,1991.29
SANTA CATARINA,MORRO DA FUMACA,89,21921,MORRO DA FUMACA,SC,4211207,18537,55005.72,480.1208,0.406003,2026,7,f,1720.72
SAO PAULO,POTIRENDABA,25,16256,POTIRENDABA,SP,3540804,18496,54996.92,135.1644,0.153789,2026,7,f,1696.31
RIO GRANDE DO SUL,ARROIO GRANDE,19,14464,ARROIO GRANDE,RS,4301305,17558,54989.63,108.2128,0.131361,2026,7,f,1360.17
SANTA CATARINA,JABORA,8,3565,JABORA,SC,4208609,4310,54981.44,185.6148,0.224404,2026,7,f,2085.55
MINAS GERAIS,TUPACIGUARA,36,21784,TUPACIGUARA,MG,3169604,25470,54974.91,141.3428,0.165259,2026,7,f,1424.49
RIO GRANDE DO SUL,UNIAO DA SERRA,0,1081,UNIAO DA SERRA,RS,4322350,1170,54968.38,0.0000,0.000000,2026,7,t,2893.51
SAO PAULO,SAO JOSE DO RIO PRETO,5482,461823,SAO JOSE DO RIO PRETO,SP,3549805,480393,54934.44,1141.1490,1.187035,2026,7,f,2410.09
RIO GRANDE DO SUL,FREDERICO WESTPHALEN,134,29256,FREDERICO WESTPHALEN,RS,4308508,32627,54934.13,410.7028,0.458026,2026,7,f,2257.68
RIO GRANDE DO SUL,NOVA PALMA,6,5197,NOVA PALMA,RS,4313102,5586,54932.33,107.4114,0.115451,2026,7,f,1829.37
MATO GROSSO,PONTES E LACERDA,127,47792,PONTES E LACERDA,MT,5106752,52018,54919.55,244.1463,0.265735,2026,7,f,1576.59
RIO GRANDE DO SUL,SAO FRANCISCO DE PAULA,31,16644,SAO FRANCISCO DE PAULA,RS,4318200,21893,54907.14,141.5978,0.186253,2026,7,f,1572.34
PARANA,IPIRANGA,5,10856,IPIRANGA,PR,4110508,14142,54879.37,35.3557,0.046057,2026,7,f,1507.37
SAO PAULO,BARRETOS,618,116635,BARRETOS,SP,3505500,122485,54826.42,504.5516,0.529858,2026,7,f,1844.44
PARA,RIO MARIA,5,10886,RIO MARIA,PA,1506161,18384,54795.64,27.1976,0.045931,2026,7,f,1039.00
MINAS GERAIS,JOAO PINHEIRO,30,34020,JOAO PINHEIRO,MG,3136306,46801,54758.06,64.1012,0.088183,2026,7,f,1319.21
SAO PAULO,TATUI,533,106910,TATUI,SP,3554003,123942,54739.60,430.0399,0.498550,2026,7,f,1558.09
SAO PAULO,CANDIDO RODRIGUES,6,2325,CANDIDO RODRIGUES,SP,3510104,2889,54673.24,207.6843,0.258065,2026,7,f,1528.06
BAHIA,IBIRAPUA,9,3032,IBIRAPUA,BA,2912806,8896,54651.75,101.1691,0.296834,2026,7,f,1036.38
RIO GRANDE DO SUL,ITAARA,29,4024,ITAARA,RS,4310538,5572,54588.48,520.4594,0.720676,2026,7,f,2136.25
SAO PAULO,SAO PEDRO DO TURVO,7,5152,SAO PEDRO DO TURVO,SP,3550506,7217,54584.45,96.9932,0.135870,2026,7,f,1416.03
RIO GRANDE DO SUL,SANTA CECILIA DO SUL,2,1370,SANTA CECILIA DO SUL,RS,4316733,1674,54576.46,119.4743,0.145985,2026,7,f,2248.46
SANTA CATARINA,TUBARAO,931,115884,TUBARAO,SC,4218707,110088,54566.42,845.6871,0.803390,2026,7,f,2160.06
SANTA CATARINA,PRESIDENTE GETULIO,54,17089,PRESIDENTE GETULIO,SC,4214003,20010,54566.27,269.8651,0.315993,2026,7,f,1966.13
MINAS GERAIS,PATROCINIO,140,80203,PATROCINIO,MG,3148103,89826,54502.98,155.8569,0.174557,2026,7,f,1660.45
PARANA,FLORESTOPOLIS,8,7668,FLORESTOPOLIS,PR,4108007,11446,54502.18,69.8934,0.104330,2026,7,f,1226.32
SAO PAULO,BAURU,3088,322369,BAURU,SP,3506003,379146,54477.06,814.4620,0.957908,2026,7,f,2210.10
RIO GRANDE DO NORTE,PENDENCIAS,6,4423,PENDENCIAS,RN,2409902,12278,54449.42,48.8679,0.135655,2026,7,f,903.44
SANTA CATARINA,GUARUJA DO SUL,7,4556,GUARUJA DO SUL,SC,4206603,4829,54445.64,144.9575,0.153644,2026,7,f,2492.22
PARANA,SERRANOPOLIS DO IGUACU,10,3974,SERRANOPOLIS DO IGUACU,PR,4126355,5007,54438.39,199.7204,0.251636,2026,7,f,1990.96
SANTA CATARINA,XAXIM,116,29756,XAXIM,SC,4219705,31918,54435.65,363.4313,0.389837,2026,7,f,1900.05
MATO GROSSO DO SUL,BELA VISTA,21,10288,BELA VISTA,MS,5002100,21613,54425.58,97.1637,0.204121,2026,7,f,1166.61
SANTA CATARINA,SANGAO,33,13080,SANGAO,SC,4215455,12882,54422.92,256.1714,0.252294,2026,7,f,1365.46
SAO PAULO,PILAR DO SUL,85,28542,PILAR DO SUL,SP,3537909,27619,54411.60,307.7592,0.297807,2026,7,f,1571.17
SANTA CATARINA,BARRA VELHA,298,34838,BARRA VELHA,SC,4202107,45369,54409.51,656.8362,0.855388,2026,7,f,1670.39
PARANA,PORTO BARREIRO,0,2328,PORTO BARREIRO,PR,4120150,3110,54394.86,0.0000,0.000000,2026,7,t,1915.74
SAO PAULO,PITANGUEIRAS,50,25593,PITANGUEIRAS,SP,3539509,33674,54349.35,148.4825,0.195366,2026,7,f,1363.54
SANTA CATARINA,CUNHATAI,1,1757,CUNHATAI,SC,4204756,1968,54284.04,50.8130,0.056915,2026,7,f,2169.22
SAO PAULO,IGARAPAVA,29,18765,IGARAPAVA,SP,3520103,26212,54254.62,110.6363,0.154543,2026,7,f,1501.48
SANTA CATARINA,PASSOS MAIA,8,3313,PASSOS MAIA,SC,4212270,4034,54244.92,198.3143,0.241473,2026,7,f,1587.67
PARANA,FENIX,2,3307,FENIX,PR,4107702,4492,54235.08,44.5236,0.060478,2026,7,f,1434.14
PARANA,SERTANOPOLIS,54,16081,SERTANOPOLIS,PR,4126504,15930,54232.96,338.9831,0.335800,2026,7,f,1843.32
PARANA,GUARAPUAVA,729,147738,GUARAPUAVA,PR,4109401,182093,54170.74,400.3449,0.493441,2026,7,f,1703.75
PARANA,PARANACITY,14,7743,PARANACITY,PR,4118105,9557,54160.20,146.4895,0.180808,2026,7,f,1362.04
SAO PAULO,SAO JOAO DA BOA VISTA,494,85229,SAO JOAO DA BOA VISTA,SP,3549102,92547,54147.42,533.7828,0.579615,2026,7,f,1961.78
PARANA,SANTA TEREZA DO OESTE,25,9555,SANTA TEREZA DO OESTE,PR,4124020,13174,54145.67,189.7677,0.261643,2026,7,f,1489.90
PARANA,CIDADE GAUCHA,16,9187,CIDADE GAUCHA,PR,4105607,11467,54113.89,139.5308,0.174159,2026,7,f,1589.25
GOIAS,IVOLANDIA,0,1066,IVOLANDIA,GO,5211602,2693,54111.40,0.0000,0.000000,2026,7,t,1548.54
PARANA,SANTO ANTONIO DO PARAISO,0,1712,SANTO ANTONIO DO PARAISO,PR,4124301,2125,54023.06,0.0000,0.000000,2026,7,f,1340.41
SAO PAULO,NOVA ALIANCA,15,5059,NOVA ALIANCA,SP,3532801,6693,54010.16,224.1147,0.296501,2026,7,f,1565.88
RIO GRANDE DO SUL,SAO LEOPOLDO,1162,153306,SAO LEOPOLDO,RS,4318705,217409,54003.80,534.4765,0.757961,2026,7,f,1922.89
SANTA CATARINA,BOM RETIRO,16,7449,BOM RETIRO,SC,4202602,8418,53987.88,190.0689,0.214794,2026,7,f,1710.21
SAO PAULO,DIADEMA,1067,259611,DIADEMA,SP,3513801,393237,53985.47,271.3376,0.411000,2026,7,f,1522.03
PARANA,IPORA,58,14047,IPORA,PR,4110607,15746,53982.41,368.3475,0.412900,2026,7,f,1543.14
RIO GRANDE DO SUL,ERNESTINA,3,3310,ERNESTINA,RS,4307054,3034,53867.50,98.8794,0.090634,2026,7,f,1833.01
MATO GROSSO,ALTO BOA VISTA,0,3516,ALTO BOA VISTA,MT,5100359,5715,53846.37,0.0000,0.000000,2026,7,f,1237.65
PARANA,NOVA ALIANCA DO IVAI,3,976,NOVA ALIANCA DO IVAI,PR,4116505,1323,53845.80,226.7574,0.307377,2026,7,f,1455.89
MATO GROSSO,TERRA NOVA DO NORTE,11,10027,TERRA NOVA DO NORTE,MT,5108055,10616,53828.94,103.6172,0.109704,2026,7,f,1545.61
SANTA CATARINA,CAXAMBU DO SUL,4,3655,CAXAMBU DO SUL,SC,4204103,4614,53824.01,86.6927,0.109439,2026,7,f,2494.40
PARANA,IRACEMA DO OESTE,3,1980,IRACEMA DO OESTE,PR,4110656,2343,53804.95,128.0410,0.151515,2026,7,f,1353.34
PARANA,BRAGANEY,2,4287,BRAGANEY,PR,4103354,4854,53771.53,41.2031,0.046653,2026,7,f,1317.26
RIO GRANDE DO SUL,SANTO ANTONIO DO PALMA,6,1746,SANTO ANTONIO DO PALMA,RS,4317558,2091,53766.14,286.9440,0.343643,2026,7,f,2000.81
PARANA,IVAI,11,10846,IVAI,PR,4111407,13229,53751.08,83.1507,0.101420,2026,7,f,1289.23
SANTA CATARINA,FLOR DO SERTAO,2,1486,FLOR DO SERTAO,SC,4205357,1783,53647.22,112.1705,0.134590,2026,7,f,2168.65
GOIAS,BRITANIA,4,4071,BRITANIA,GO,5203807,5695,53643.02,70.2371,0.098256,2026,7,f,1469.56
RIO GRANDE DO SUL,DOIS LAJEADOS,9,2948,DOIS LAJEADOS,RS,4306452,3097,53600.90,290.6038,0.305292,2026,7,f,1823.90
GOIAS,OURO VERDE DE GOIAS,6,2410,OURO VERDE DE GOIAS,GO,5215405,4057,53568.15,147.8925,0.248963,2026,7,f,1332.08
RIO GRANDE DO SUL,SANANDUVA,65,16258,SANANDUVA,RS,4316600,16399,53537.23,396.3656,0.399803,2026,7,f,1943.31
SAO PAULO,RINOPOLIS,18,8274,RINOPOLIS,SP,3543808,9259,53534.94,194.4054,0.217549,2026,7,f,1359.86
GOIAS,BURITI ALEGRE,14,7760,BURITI ALEGRE,GO,5203906,10495,53513.20,133.3969,0.180412,2026,7,f,1463.96
MINAS GERAIS,JOAO MONLEVADE,225,58380,JOAO MONLEVADE,MG,3136207,80187,53454.41,280.5941,0.385406,2026,7,f,1607.09
GOIAS,BOM JARDIM DE GOIAS,5,5337,BOM JARDIM DE GOIAS,GO,5203401,7826,53432.92,63.8896,0.093686,2026,7,f,1367.26
RIO GRANDE DO SUL,TRINDADE DO SUL,5,5220,TRINDADE DO SUL,RS,4321956,7556,53405.37,66.1726,0.095785,2026,7,f,2079.23
SANTA CATARINA,IMBUIA,12,6421,IMBUIA,SC,4207403,5982,53400.37,200.6018,0.186887,2026,7,f,1900.55
RONDONIA,VILHENA,251,91543,VILHENA,RO,1100304,95832,53382.85,261.9167,0.274188,2026,7,f,1650.51
SAO PAULO,MAGDA,2,2622,MAGDA,SP,3528304,3165,53380.41,63.1912,0.076278,2026,7,f,1547.56
MATO GROSSO,POXOREU,23,9558,POXOREU,MT,5107008,23283,53343.94,98.7845,0.240636,2026,7,f,1126.25
SANTA CATARINA,IBICARE,10,3588,IBICARE,SC,4206801,3269,53332.52,305.9039,0.278707,2026,7,f,1917.72
RIO GRANDE DO SUL,COTIPORA,6,3578,COTIPORA,RS,4305959,3846,53328.65,156.0062,0.167691,2026,7,f,2003.46
RIO GRANDE DO SUL,PORTAO,161,32713,PORTAO,RS,4314803,34071,53320.33,472.5426,0.492159,2026,7,f,1627.56
SANTA CATARINA,POUSO REDONDO,47,15194,POUSO REDONDO,SC,4213708,17123,53300.82,274.4846,0.309333,2026,7,f,1720.92
MATO GROSSO,JUARA,51,31391,JUARA,MT,5105101,34906,53258.04,146.1067,0.162467,2026,7,f,1605.60
PARANA,SANTA CECILIA DO PAVAO,2,2779,SANTA CECILIA DO PAVAO,PR,4123204,3365,53243.98,59.4354,0.071968,2026,7,f,1194.03
SAO PAULO,CASA BRANCA,39,22971,CASA BRANCA,SP,3510807,28083,53209.38,138.8741,0.169779,2026,7,f,1545.95
MINAS GERAIS,MINDURI,3,2254,MINDURI,MG,3141900,3741,53199.41,80.1925,0.133097,2026,7,f,1349.72
MATO GROSSO,NOVA MONTE VERDE,7,6881,NOVA MONTE VERDE,MT,5108956,8313,53163.84,84.2055,0.101729,2026,7,f,1604.84
MINAS GERAIS,PARA DE MINAS,188,80715,PARA DE MINAS,MG,3147105,97139,53134.48,193.5371,0.232918,2026,7,f,1716.59
RIO GRANDE DO SUL,TIO HUGO,2,3034,TIO HUGO,RS,4321469,3267,53124.89,61.2182,0.065920,2026,7,f,1671.90
PARANA,FORMOSA DO OESTE,15,7144,FORMOSA DO OESTE,PR,4108205,7635,53117.09,196.4637,0.209966,2026,7,f,1600.27
SAO PAULO,JALES,152,54189,JALES,SP,3524808,48776,53104.15,311.6287,0.280500,2026,7,f,2077.24
RIO GRANDE DO SUL,CHARQUEADAS,60,22933,CHARQUEADAS,RS,4305355,35012,53050.95,171.3698,0.261632,2026,7,f,1785.15
MATO GROSSO DO SUL,MUNDO NOVO,16,12731,MUNDO NOVO,MS,5005681,19193,53050.33,83.3637,0.125677,2026,7,f,1531.14
SAO PAULO,LORENA,156,56042,LORENA,SP,3527207,84855,53047.17,183.8430,0.278363,2026,7,f,1673.50
SAO PAULO,PLATINA,1,1884,PLATINA,SP,3539707,3025,53026.78,33.0579,0.053079,2026,7,f,1317.54
RIO GRANDE DO SUL,GETULIO VARGAS,67,15599,GETULIO VARGAS,RS,4308904,16602,53003.25,403.5658,0.429515,2026,7,f,2249.90
PARANA,JESUITAS,13,8180,JESUITAS,PR,4112751,10506,52977.92,123.7388,0.158924,2026,7,f,1610.56
RIO GRANDE DO SUL,BOM JESUS,4,7684,BOM JESUS,RS,4302303,11202,52972.95,35.7079,0.052056,2026,7,f,1183.20
SAO PAULO,JOSE BONIFACIO,133,37024,JOSE BONIFACIO,SP,3525706,36633,52972.46,363.0606,0.359226,2026,7,f,1697.31
SAO PAULO,JARDINOPOLIS,122,32216,JARDINOPOLIS,SP,3525102,45282,52970.54,269.4227,0.378694,2026,7,f,1536.17
SANTA CATARINA,SANTA HELENA,4,2266,SANTA HELENA,SC,4215554,2425,52952.16,164.9485,0.176523,2026,7,f,2133.42
SAO PAULO,MIRASSOL,594,56169,MIRASSOL,SP,3530300,63337,52826.75,937.8404,1.057523,2026,7,f,2049.55
SAO PAULO,QUINTANA,16,4593,QUINTANA,SP,3542008,7038,52812.73,227.3373,0.348356,2026,7,f,1452.52
MATO GROSSO DO SUL,FIGUEIRAO,5,1806,FIGUEIRAO,MS,5003900,3539,52793.16,141.2828,0.276855,2026,7,f,1711.92
SAO PAULO,MONTE AZUL PAULISTA,74,16783,MONTE AZUL PAULISTA,SP,3531506,18151,52780.23,407.6910,0.440922,2026,7,f,1799.99
ALAGOAS,MARECHAL DEODORO,593,21520,MARECHAL DEODORO,AL,2704708,60370,52769.31,982.2760,2.755576,2026,7,f,1208.19
GOIAS,GOIANIA,17055,1442915,GOIANIA,GO,5208707,1437366,52722.02,1186.5454,1.181982,2026,7,f,2668.80
GOIAS,PIRACANJUBA,47,21382,PIRACANJUBA,GO,5217104,24883,52716.59,188.8840,0.219811,2026,7,f,1876.46
PARANA,PITANGUEIRAS,1,2039,PITANGUEIRAS,PR,4119657,3046,52716.02,32.8299,0.049044,2026,7,f,1609.52
RIO GRANDE DO SUL,NICOLAU VERGUEIRO,0,1714,NICOLAU VERGUEIRO,RS,4312674,1932,52703.42,0.0000,0.000000,2026,7,t,2530.73
PARANA,CORNELIO PROCOPIO,139,40990,CORNELIO PROCOPIO,PR,4106407,45206,52697.45,307.4813,0.339107,2026,7,f,1919.99
TOCANTINS,CRIXAS DO TOCANTINS,0,674,CRIXAS DO TOCANTINS,TO,1706258,1470,52644.22,0.0000,0.000000,2026,7,f,1034.63
MATO GROSSO,TANGARA DA SERRA,348,93694,TANGARA DA SERRA,MT,5107958,106434,52635.44,326.9632,0.371422,2026,7,f,1846.11
SAO PAULO,MARILIA,1615,199026,MARILIA,SP,3529005,237627,52635.31,679.6366,0.811452,2026,7,f,2024.26
SAO PAULO,ITAPURA,1,2228,ITAPURA,SP,3523008,3979,52613.47,25.1319,0.044883,2026,7,f,1299.95
SANTA CATARINA,RIO DAS ANTAS,4,4604,RIO DAS ANTAS,SC,4214409,6253,52605.15,63.9693,0.086881,2026,7,f,1809.13
SANTA CATARINA,TREVISO,4,3423,TREVISO,SC,4218350,3782,52591.22,105.7641,0.116857,2026,7,f,1977.65
MINAS GERAIS,ITUTINGA,0,2698,ITUTINGA,MG,3134509,4217,52582.88,0.0000,0.000000,2026,7,f,1471.50
PARANA,MERCEDES,5,6669,MERCEDES,PR,4115853,5931,52582.87,84.3028,0.074974,2026,7,f,1778.11
SAO PAULO,PALESTINA,15,8359,PALESTINA,SP,3535002,11476,52574.76,130.7076,0.179447,2026,7,f,1569.56
SAO PAULO,QUELUZ,12,4973,QUELUZ,SP,3541901,9159,52572.22,131.0187,0.241303,2026,7,f,1157.07
SAO PAULO,TAQUARITUBA,58,19123,TAQUARITUBA,SP,3553807,24350,52529.90,238.1930,0.303300,2026,7,f,1515.25
RIO GRANDE DO SUL,ESTEIO,373,53913,ESTEIO,RS,4307708,76137,52518.32,489.9064,0.691855,2026,7,f,1899.78
PARA,BENEVIDES,60,25530,BENEVIDES,PA,1501501,63567,52513.80,94.3886,0.235018,2026,7,f,818.99
RIO GRANDE DO SUL,NOVA HARTZ,42,15011,NOVA HARTZ,RS,4313060,20088,52487.16,209.0800,0.279795,2026,7,f,1487.48
RIO GRANDE DO SUL,NOVO HAMBURGO,2445,194010,NOVO HAMBURGO,RS,4313409,227646,52434.84,1074.0360,1.260244,2026,7,f,2138.48
MARANHAO,PORTO FRANCO,18,10262,PORTO FRANCO,MA,2109007,23903,52413.92,75.3044,0.175404,2026,7,f,1084.18
MINAS GERAIS,VISCONDE DO RIO BRANCO,53,31888,VISCONDE DO RIO BRANCO,MG,3172004,39160,52407.51,135.3422,0.166207,2026,7,f,1493.02
RIO GRANDE DO SUL,SANTO AUGUSTO,28,12161,SANTO AUGUSTO,RS,4317806,13902,52398.94,201.4099,0.230244,2026,7,f,1895.92
GOIAS,BALIZA,1,623,BALIZA,GO,5203104,3351,52361.09,29.8418,0.160514,2026,7,f,1183.70
RIO GRANDE DO NORTE,SERRA DO MEL,12,5346,SERRA DO MEL,RN,2413359,13091,52352.07,91.6660,0.224467,2026,7,f,697.83
RIO GRANDE DO SUL,AUREA,6,3103,AUREA,RS,4301552,3396,52342.76,176.6784,0.193361,2026,7,f,1517.58
TOCANTINS,FORMOSO DO ARAGUAIA,2,10685,FORMOSO DO ARAGUAIA,TO,1708205,18881,52336.69,10.5927,0.018718,2026,7,f,1174.54
SAO PAULO,AGUAS DE SANTA BARBARA,23,5647,AGUAS DE SANTA BARBARA,SP,3500550,7177,52328.55,320.4682,0.407296,2026,7,f,1946.69
SAO PAULO,GUAPIACU,52,16721,GUAPIACU,SP,3517505,21711,52235.13,239.5099,0.310986,2026,7,f,1671.55
SAO PAULO,SANTA ALBERTINA,4,5179,SANTA ALBERTINA,SP,3545704,6393,52228.53,62.5684,0.077235,2026,7,f,1489.31
MINAS GERAIS,ITAPAGIPE,11,9611,ITAPAGIPE,MG,3133402,13690,52218.55,80.3506,0.114452,2026,7,f,1635.17
RIO DE JANEIRO,MACUCO,6,4799,MACUCO,RJ,3302452,5415,52193.17,110.8033,0.125026,2026,7,f,1289.93
SAO PAULO,BERNARDINO DE CAMPOS,11,8780,BERNARDINO DE CAMPOS,SP,3506300,11607,52166.71,94.7704,0.125285,2026,7,f,1515.11
MATO GROSSO DO SUL,DEODAPOLIS,7,10253,DEODAPOLIS,MS,5003454,13663,52157.87,51.2333,0.068273,2026,7,f,1317.66
PARANA,SAO PEDRO DO IVAI,5,7877,SAO PEDRO DO IVAI,PR,4125803,8690,52135.56,57.5374,0.063476,2026,7,f,1588.58
SANTA CATARINA,SANTA ROSA DE LIMA,1,2568,SANTA ROSA DE LIMA,SC,4215604,2088,52123.56,47.8927,0.038941,2026,7,f,1903.24
SANTA CATARINA,RIO DOS CEDROS,25,10636,RIO DOS CEDROS,SC,4214706,10865,52091.76,230.0966,0.235051,2026,7,f,1654.22
SANTA CATARINA,IPORA DO OESTE,27,9383,IPORA DO OESTE,SC,4207650,9335,52091.48,289.2341,0.287754,2026,7,f,2584.82
RIO GRANDE DO SUL,PINHAL,28,2418,PINHAL,RS,4314456,2959,52087.53,946.2656,1.157982,2026,7,f,1426.23
GOIAS,APARECIDA DO RIO DOCE,4,1968,APARECIDA DO RIO DOCE,GO,5201454,2907,52059.51,137.5989,0.203252,2026,7,f,1436.79
SANTA CATARINA,APIUNA,27,8032,APIUNA,SC,4201257,9811,52044.64,275.2013,0.336155,2026,7,f,1835.23
MINAS GERAIS,CRUZEIRO DA FORTALEZA,1,2575,CRUZEIRO DA FORTALEZA,MG,3120706,3521,52043.74,28.4010,0.038835,2026,7,f,1557.31
GOIAS,PILAR DE GOIAS,2,1015,PILAR DE GOIAS,GO,5216908,2328,52039.09,85.9107,0.197044,2026,7,f,1090.50
PARA,PRIMAVERA,1,2217,PRIMAVERA,PA,1506104,10851,51981.94,9.2157,0.045106,2026,7,f,716.90
MINAS GERAIS,VARJAO DE MINAS,3,5323,VARJAO DE MINAS,MG,3170750,6969,51926.82,43.0478,0.056359,2026,7,f,1349.13
SAO PAULO,IBIRAREMA,4,4715,IBIRAREMA,SP,3519501,6385,51900.86,62.6468,0.084836,2026,7,f,1429.78
PARANA,CAMPO LARGO,573,104475,CAMPO LARGO,PR,4104204,136327,51863.48,420.3129,0.548457,2026,7,f,1755.14
GOIAS,SANTA HELENA DE GOIAS,107,34104,SANTA HELENA DE GOIAS,GO,5219308,38492,51848.49,277.9798,0.313746,2026,7,f,1538.33
RIO GRANDE DO SUL,TRES ARROIOS,3,2634,TRES ARROIOS,RS,4321634,2591,51829.80,115.7854,0.113895,2026,7,f,2492.19
SANTA CATARINA,ERVAL VELHO,4,4303,ERVAL VELHO,SC,4205209,4885,51827.84,81.8833,0.092958,2026,7,f,1649.61
ACRE,SENADOR GUIOMARD,14,9622,SENADOR GUIOMARD,AC,1200450,21454,51823.48,65.2559,0.145500,2026,7,f,974.21
PARANA,FERNANDES PINHEIRO,9,3607,FERNANDES PINHEIRO,PR,4107736,6255,51786.09,143.8849,0.249515,2026,7,f,1162.70
MATO GROSSO,ALTA FLORESTA,130,62194,ALTA FLORESTA,MT,5100250,58613,51773.38,221.7938,0.209023,2026,7,f,1840.57
BAHIA,GENTIO DO OURO,2,2529,GENTIO DO OURO,BA,2911303,10884,51772.05,18.3756,0.079083,2026,7,f,715.00
GOIAS,LEOPOLDO DE BULHOES,10,4843,LEOPOLDO DE BULHOES,GO,5212303,8745,51725.79,114.3511,0.206484,2026,7,f,1248.93
TOCANTINS,ALMAS,1,2786,ALMAS,TO,1700400,6499,51718.73,15.3870,0.035894,2026,7,f,901.21
SANTA CATARINA,NOVA ERECHIM,10,4287,NOVA ERECHIM,SC,4211405,5155,51697.77,193.9864,0.233263,2026,7,f,2798.97
GOIAS,MUNDO NOVO,2,3565,MUNDO NOVO,GO,5214051,6189,51685.25,32.3154,0.056101,2026,7,f,1347.87
RIO GRANDE DO SUL,LAVRAS DO SUL,4,4612,LAVRAS DO SUL,RS,4311502,7157,51675.98,55.8893,0.086730,2026,7,f,1521.74
SAO PAULO,OSVALDO CRUZ,60,27582,OSVALDO CRUZ,SP,3534609,31272,51651.57,191.8649,0.217533,2026,7,f,1773.28
MARANHAO,ALTO PARNAIBA,2,3543,ALTO PARNAIBA,MA,2100501,11109,51649.02,18.0034,0.056449,2026,7,f,803.48
MATO GROSSO,NOVA GUARITA,8,4803,NOVA GUARITA,MT,5108808,4590,51616.99,174.2919,0.166563,2026,7,f,1130.89
TOCANTINS,PALMEIRANTE,0,1299,PALMEIRANTE,TO,1715705,4798,51604.21,0.0000,0.000000,2026,7,f,862.06
RIO GRANDE DO SUL,VISTA ALEGRE,1,2401,VISTA ALEGRE,RS,4323507,2660,51573.31,37.5940,0.041649,2026,7,f,2168.24
SAO PAULO,NHANDEARA,24,8775,NHANDEARA,SP,3532603,9852,51549.13,243.6054,0.273504,2026,7,f,1668.97
GOIAS,ITABERAI,74,41782,ITABERAI,GO,5210406,44734,51540.42,165.4223,0.177110,2026,7,f,1421.51
SAO PAULO,PRESIDENTE PRUDENTE,1568,199353,PRESIDENTE PRUDENTE,SP,3541406,225668,51480.93,694.8260,0.786544,2026,7,f,2104.17
RONDONIA,CAMPO NOVO DE RONDONIA,1,4514,CAMPO NOVO DE RONDONIA,RO,1100700,8844,51475.69,11.3071,0.022153,2026,7,f,1004.63
RIO GRANDE DO SUL,PALMEIRA DAS MISSOES,70,30347,PALMEIRA DAS MISSOES,RS,4313706,33216,51430.76,210.7418,0.230665,2026,7,f,1578.86
GOIAS,NOVO PLANALTO,1,2235,NOVO PLANALTO,GO,5215256,3716,51362.22,26.9107,0.044743,2026,7,f,1129.16
MINAS GERAIS,CACHOEIRA DE MINAS,4,6419,CACHOEIRA DE MINAS,MG,3109709,11883,51312.38,33.6615,0.062315,2026,7,f,1210.17
TOCANTINS,CENTENARIO,0,584,CENTENARIO,TO,1704105,2131,51302.21,0.0000,0.000000,2026,7,f,860.47
SAO PAULO,RUBINEIA,1,3208,RUBINEIA,SP,3544509,3833,51234.54,26.0892,0.031172,2026,7,f,1417.38
GOIAS,ANAPOLIS,2307,347073,ANAPOLIS,GO,5201108,398869,51225.11,578.3854,0.664702,2026,7,f,1723.02
SANTA CATARINA,SALETE,10,8068,SALETE,SC,4215307,7489,51202.16,133.5292,0.123946,2026,7,f,1842.19
MINAS GERAIS,PATOS DE MINAS,354,136300,PATOS DE MINAS,MG,3148004,159235,51190.81,222.3129,0.259721,2026,7,f,2004.61
PARANA,COLORADO,33,21717,COLORADO,PR,4105904,22896,51174.35,144.1300,0.151955,2026,7,f,1845.18
MATO GROSSO,BARRA DO GARCAS,128,64551,BARRA DO GARCAS,MT,5101803,69210,51115.39,184.9444,0.198293,2026,7,f,1778.99
RIO GRANDE DO SUL,DOUTOR MAURICIO CARDOSO,2,4134,DOUTOR MAURICIO CARDOSO,RS,4306734,4470,51066.22,44.7427,0.048379,2026,7,f,2041.23
ACRE,CAPIXABA,2,3603,CAPIXABA,AC,1200179,10392,51063.99,19.2456,0.055509,2026,7,f,806.69
PARANA,AMPERE,36,17464,AMPERE,PR,4101002,19620,51028.24,183.4862,0.206138,2026,7,f,1815.06
MINAS GERAIS,SAO GONCALO DO ABAETE,2,3394,SAO GONCALO DO ABAETE,MG,3161700,7375,51027.66,27.1186,0.058928,2026,7,f,1212.62
SAO PAULO,LUTECIA,3,1825,LUTECIA,SP,3527900,2661,50975.20,112.7396,0.164384,2026,7,f,1451.06
PARANA,SAO MIGUEL DO IGUACU,69,23809,SAO MIGUEL DO IGUACU,PR,4125704,29122,50972.19,236.9343,0.289806,2026,7,f,1733.78
MINAS GERAIS,ITAUNA,205,75069,ITAUNA,MG,3133808,97669,50947.27,209.8926,0.273082,2026,7,f,1859.49
SANTA CATARINA,MAREMA,5,1783,MAREMA,SC,4210555,2184,50940.93,228.9377,0.280426,2026,7,f,3440.45
SANTA CATARINA,LEOBERTO LEAL,3,3097,LEOBERTO LEAL,SC,4209805,3330,50937.54,90.0901,0.096868,2026,7,f,1675.05
RIO GRANDE DO SUL,BOA VISTA DO BURICA,12,7120,BOA VISTA DO BURICA,RS,4302204,6966,50904.68,172.2653,0.168539,2026,7,f,1976.81
SAO PAULO,CHARQUEADA,17,12459,CHARQUEADA,SP,3511706,15535,50891.99,109.4303,0.136448,2026,7,f,1454.08
MINAS GERAIS,JAGUARACU,1,1541,JAGUARACU,MG,3135001,3092,50882.60,32.3415,0.064893,2026,7,f,1331.52
RIO GRANDE DO NORTE,FELIPE GUERRA,3,3210,FELIPE GUERRA,RN,2403707,5944,50877.02,50.4711,0.093458,2026,7,f,860.07
PARANA,TERRA ROXA,20,15769,TERRA ROXA,PR,4127403,18119,50852.70,110.3814,0.126831,2026,7,f,1587.77
RIO GRANDE DO SUL,CACEQUI,5,6431,CACEQUI,RS,4302907,11157,50804.25,44.8149,0.077748,2026,7,f,1367.34
SAO PAULO,ITAPEVA,258,75502,ITAPEVA,SP,3522406,89728,50803.67,287.5357,0.341713,2026,7,f,1443.07
TOCANTINS,TUPIRAMA,0,759,TUPIRAMA,TO,1721257,1909,50733.89,0.0000,0.000000,2026,7,f,1308.74
RIO GRANDE DO SUL,SANTO ANTONIO DA PATRULHA,135,35248,SANTO ANTONIO DA PATRULHA,RS,4317608,42947,50733.02,314.3409,0.383000,2026,7,f,1614.13
RIO GRANDE DO SUL,CAMAQUA,127,52802,CAMAQUA,RS,4303509,62200,50718.28,204.1801,0.240521,2026,7,f,1605.16
RIO GRANDE DO SUL,CORONEL BARROS,4,2358,CORONEL BARROS,RS,4305871,2822,50693.83,141.7434,0.169635,2026,7,f,2178.56
SAO PAULO,SAO MANUEL,54,32353,SAO MANUEL,SP,3550100,37289,50681.89,144.8148,0.166909,2026,7,f,1448.66
SANTA CATARINA,ALTO BELA VISTA,5,1845,ALTO BELA VISTA,SC,4200754,1856,50653.02,269.3966,0.271003,2026,7,f,2513.02
SANTA CATARINA,DOUTOR PEDRINHO,7,3469,DOUTOR PEDRINHO,SC,4205159,3637,50599.95,192.4663,0.201787,2026,7,f,1771.60
RIO GRANDE DO SUL,NOVA BRESCIA,15,2916,NOVA BRESCIA,RS,4313003,3044,50582.46,492.7727,0.514403,2026,7,f,2582.36
SANTA CATARINA,LAGES,787,143512,LAGES,SC,4209300,164981,50561.28,477.0246,0.548386,2026,7,f,2029.41
MINAS GERAIS,ARAUJOS,12,5809,ARAUJOS,MG,3103900,9199,50543.21,130.4490,0.206576,2026,7,f,1655.99
RIO GRANDE DO SUL,IBIRAPUITA,2,3404,IBIRAPUITA,RS,4309951,3723,50524.31,53.7201,0.058754,2026,7,f,1762.16
MINAS GERAIS,CAMANDUCAIA,26,17933,CAMANDUCAIA,MG,3110509,26097,50515.77,99.6283,0.144984,2026,7,f,1544.47
MATO GROSSO DO SUL,CASSILANDIA,33,19652,CASSILANDIA,MS,5002902,20988,50503.76,157.2327,0.167922,2026,7,f,1522.15
MINAS GERAIS,BRAUNAS,0,1747,BRAUNAS,MG,3108800,4441,50495.38,0.0000,0.000000,2026,7,f,847.02
RIO DE JANEIRO,AREAL,31,8650,AREAL,RJ,3300225,11828,50479.54,262.0900,0.358382,2026,7,f,1352.93
SAO PAULO,ITAPETININGA,643,124549,ITAPETININGA,SP,3522307,157790,50464.55,407.5036,0.516263,2026,7,f,1671.40
RIO GRANDE DO SUL,MORRO REUTER,29,5229,MORRO REUTER,RS,4312476,6029,50429.59,481.0085,0.554599,2026,7,f,1806.64
SAO PAULO,PINDORAMA,41,11023,PINDORAMA,SP,3538105,14542,50426.08,281.9420,0.371950,2026,7,f,1694.67
MINAS GERAIS,MATOZINHOS,47,23892,MATOZINHOS,MG,3141108,37618,50386.14,124.9402,0.196719,2026,7,f,1233.49
PARANA,LONDRINA,5084,478484,LONDRINA,PR,4113700,555965,50362.05,914.4461,1.062522,2026,7,f,2332.51
RIO GRANDE DO SUL,MATO CASTELHANO,2,2198,MATO CASTELHANO,RS,4312138,2553,50333.73,78.3392,0.090992,2026,7,f,1605.58
PARANA,NOVA CANTU,7,4666,NOVA CANTU,PR,4116802,6790,50327.69,103.0928,0.150021,2026,7,f,1355.91
SAO PAULO,GUARACAI,8,6531,GUARACAI,SP,3517802,7441,50323.07,107.5124,0.122493,2026,7,f,1542.83
SAO PAULO,LEME,307,89280,LEME,SP,3526704,98161,50310.33,312.7515,0.343862,2026,7,f,1577.91
TOCANTINS,AGUIARNOPOLIS,0,2099,AGUIARNOPOLIS,TO,1700301,4497,50308.65,0.0000,0.000000,2026,7,f,969.45
PARA,PARAGOMINAS,135,59448,PARAGOMINAS,PA,1505502,105550,50294.69,127.9015,0.227089,2026,7,f,992.06
MINAS GERAIS,BARAO DE COCAIS,27,20882,BARAO DE COCAIS,MG,3105400,30778,50268.70,87.7250,0.129298,2026,7,f,1539.77
SAO PAULO,APIAI,22,15536,APIAI,SP,3502705,24585,50259.35,89.4855,0.141607,2026,7,f,1148.15
SAO PAULO,SANTA CLARA D'OESTE,9,1943,SANTA CLARA D'OESTE,SP,3546108,2598,50251.35,346.4203,0.463201,2026,7,f,1467.76
PARANA,IMBITUVA,52,25129,IMBITUVA,PR,4110102,29924,50241.21,173.7736,0.206932,2026,7,f,1254.07
PARANA,ALTO PIQUIRI,5,6890,ALTO PIQUIRI,PR,4100707,9727,50230.70,51.4033,0.072569,2026,7,f,1180.60
SAO PAULO,UCHOA,23,7971,UCHOA,SP,3555604,10394,50204.35,221.2815,0.288546,2026,7,f,1575.95
SANTA CATARINA,CANOINHAS,194,48853,CANOINHAS,SC,4203808,55016,50160.83,352.6247,0.397110,2026,7,f,1821.76
MINAS GERAIS,ARCEBURGO,8,6751,ARCEBURGO,MG,3104106,9177,50160.07,87.1745,0.118501,2026,7,f,1387.12
SANTA CATARINA,SAO JOAO DO SUL,13,9195,SAO JOAO DO SUL,SC,4216404,8668,50150.55,149.9769,0.141381,2026,7,f,1534.99
PARANA,CIANORTE,343,77108,CIANORTE,PR,4105508,79527,50130.11,431.3001,0.444831,2026,7,f,1868.11
RIO GRANDE DO SUL,GARRUCHOS,1,1497,GARRUCHOS,RS,4308656,2688,50126.12,37.2024,0.066800,2026,7,f,1367.69
SANTA CATARINA,PAINEL,2,1404,PAINEL,SC,4211892,2215,50115.58,90.2935,0.142450,2026,7,f,1156.41
RONDONIA,ALTO ALEGRE DOS PARECIS,8,7985,ALTO ALEGRE DOS PARECIS,RO,1100379,11479,50102.71,69.6925,0.100188,2026,7,f,1173.26
PARAIBA,BOA VISTA,0,2695,BOA VISTA,PB,2502151,6377,50093.46,0.0000,0.000000,2026,7,f,958.96
RIO GRANDE DO SUL,SAO JOSE DO NORTE,11,15650,SAO JOSE DO NORTE,RS,4318507,25443,50051.64,43.2339,0.070288,2026,7,f,1183.51
PARANA,IGUARACU,30,3966,IGUARACU,PR,4110003,5338,50048.33,562.0082,0.756430,2026,7,f,1388.72
RIO GRANDE DO SUL,GUAPORE,90,22064,GUAPORE,RS,4309407,25268,50045.00,356.1817,0.407904,2026,7,f,2065.92
SANTA CATARINA,CURITIBANOS,108,36528,CURITIBANOS,SC,4204806,40045,50040.90,269.6966,0.295664,2026,7,f,1806.18
RIO GRANDE DO SUL,SANTO CRISTO,36,15065,SANTO CRISTO,RS,4317905,15320,50040.21,234.9869,0.238964,2026,7,f,2116.06
SANTA CATARINA,ITAPEMA,2225,69802,ITAPEMA,SC,4208302,75940,50035.95,2929.9447,3.187588,2026,7,f,2579.53
PARANA,CRUZEIRO DO IGUACU,6,3324,CRUZEIRO DO IGUACU,PR,4106571,4133,50000.24,145.1730,0.180505,2026,7,f,1665.75
SAO PAULO,OSCAR BRESSANE,7,1703,OSCAR BRESSANE,SP,3534500,2470,49959.11,283.4008,0.411039,2026,7,f,1469.93
RIO GRANDE DO SUL,ENCRUZILHADA DO SUL,19,18326,ENCRUZILHADA DO SUL,RS,4306908,23819,49940.30,79.7683,0.103678,2026,7,f,1425.04
RIO GRANDE DO SUL,SAO SEPE,21,16715,SAO SEPE,RS,4319604,21219,49932.09,98.9679,0.125636,2026,7,f,1613.74
RIO GRANDE DO NORTE,GOVERNADOR DIX-SEPT ROSADO,7,5430,GOVERNADOR DIX-SEPT ROSADO,RN,2404309,11938,49911.38,58.6363,0.128913,2026,7,f,792.12
MATO GROSSO DO SUL,CARACOL,1,2583,CARACOL,MS,5002803,5036,49870.53,19.8570,0.038715,2026,7,f,1175.54
SANTA CATARINA,CHAPADAO DO LAGEADO,0,2840,CHAPADAO DO LAGEADO,SC,4204194,2950,49869.49,0.0000,0.000000,2026,7,t,1770.31
TOCANTINS,CHAPADA DA NATIVIDADE,0,1104,CHAPADA DA NATIVIDADE,TO,1705102,3117,49848.25,0.0000,0.000000,2026,7,f,809.82
SANTA CATARINA,MODELO,8,3751,MODELO,SC,4210902,4080,49842.16,196.0784,0.213276,2026,7,f,2525.48
PARANA,REALEZA,33,18134,REALEZA,PR,4121406,19247,49825.27,171.4553,0.181979,2026,7,f,2238.89
SANTA CATARINA,GALVAO,3,2639,GALVAO,SC,4205605,3210,49811.21,93.4579,0.113679,2026,7,f,2170.52
RIO GRANDE DO SUL,VALE VERDE,2,2494,VALE VERDE,RS,4322525,3150,49796.83,63.4921,0.080192,2026,7,f,1263.82
RIO GRANDE DO SUL,EREBANGO,8,2308,EREBANGO,RS,4306973,3054,49785.85,261.9515,0.346620,2026,7,f,1452.05
MINAS GERAIS,ESTIVA,3,8768,ESTIVA,MG,3124500,11502,49781.26,26.0824,0.034215,2026,7,f,1161.12
RIO GRANDE DO SUL,PONTE PRETA,3,1588,PONTE PRETA,RS,4314787,1575,49725.08,190.4762,0.188917,2026,7,f,2431.26
RONDONIA,JARU,89,48939,JARU,RO,1100114,50591,49723.43,175.9206,0.181859,2026,7,f,1406.29
SAO PAULO,MARAPOAMA,7,3780,MARAPOAMA,SP,3528858,3292,49684.69,212.6367,0.185185,2026,7,f,1526.46
SANTA CATARINA,URUPEMA,6,1684,URUPEMA,SC,4218954,2656,49642.32,225.9036,0.356295,2026,7,f,1649.66
MINAS GERAIS,SAO GONCALO DO SAPUCAI,24,15125,SAO GONCALO DO SAPUCAI,MG,3162005,23959,49638.01,100.1711,0.158678,2026,7,f,1245.00
TOCANTINS,PORTO NACIONAL,55,46978,PORTO NACIONAL,TO,1718204,64418,49611.82,85.3799,0.117076,2026,7,f,1349.96
RIO GRANDE DO SUL,MONTE BELO DO SUL,5,2431,MONTE BELO DO SUL,RS,4312385,2557,49595.62,195.5417,0.205677,2026,7,f,1921.88
PARANA,CAMPINA DO SIMAO,2,2553,CAMPINA DO SIMAO,PR,4103958,3936,49573.17,50.8130,0.078339,2026,7,f,1316.21
MATO GROSSO,INDIAVAI,5,1248,INDIAVAI,MT,5104500,2213,49552.64,225.9376,0.400641,2026,7,f,1281.65
SAO PAULO,BORBOREMA,34,13392,BORBOREMA,SP,3507407,14226,49551.60,238.9990,0.253883,2026,7,f,1614.88
PARANA,GUAPIRAMA,3,3005,GUAPIRAMA,PR,4109005,4626,49485.30,64.8508,0.099834,2026,7,f,1337.57
SAO PAULO,ADOLFO,8,3125,ADOLFO,SP,3500204,4351,49478.97,183.8658,0.256000,2026,7,f,1514.80
RIO GRANDE DO SUL,NOVA PADUA,9,2268,NOVA PADUA,RS,4313086,2343,49459.67,384.1229,0.396825,2026,7,f,2241.70
SAO PAULO,IPAUSSU,11,8421,IPAUSSU,SP,3520905,13712,49454.35,80.2217,0.130626,2026,7,f,1441.01
BAHIA,MUCUGE,8,4723,MUCUGE,BA,2921906,12137,49401.91,65.9141,0.169384,2026,7,f,1009.75
PARANA,PEROBAL,4,5218,PEROBAL,PR,4118857,7189,49373.77,55.6406,0.076658,2026,7,f,1393.26
PARANA,ITAIPULANDIA,21,9073,ITAIPULANDIA,PR,4110953,11485,49349.24,182.8472,0.231456,2026,7,f,1555.62
SANTA CATARINA,PONTE ALTA DO NORTE,2,2293,PONTE ALTA DO NORTE,SC,4213351,3210,49331.78,62.3053,0.087222,2026,7,f,1197.09
PARANA,RIBEIRAO CLARO,32,10087,RIBEIRAO CLARO,PR,4121802,12364,49315.84,258.8159,0.317240,2026,7,f,1565.81
SAO PAULO,SANTO ANDRE,4993,619203,SANTO ANDRE,SP,3547809,748919,49312.88,666.6943,0.806359,2026,7,f,2460.93
RIO GRANDE DO SUL,SAO LUIZ GONZAGA,65,29057,SAO LUIZ GONZAGA,RS,4318903,34752,49291.84,187.0396,0.223698,2026,7,f,1901.46
SAO PAULO,PRATANIA,15,5072,PRATANIA,SP,3541059,5126,49288.92,292.6258,0.295741,2026,7,f,1368.51
PARANA,RIO BRANCO DO SUL,40,24462,RIO BRANCO DO SUL,PR,4122206,37558,49279.14,106.5019,0.163519,2026,7,f,1030.48
RIO GRANDE DO SUL,VALE REAL,22,4852,VALE REAL,RS,4322541,6058,49206.17,363.1562,0.453421,2026,7,f,1927.06
SAO PAULO,PIRANGI,29,9468,PIRANGI,SP,3539004,10885,49200.28,266.4217,0.306295,2026,7,f,1696.01
RIO GRANDE DO SUL,MONTAURI,4,1629,MONTAURI,RS,4312351,1499,49188.13,266.8446,0.245549,2026,7,f,2821.46
SAO PAULO,ADAMANTINA,139,31983,ADAMANTINA,SP,3500105,34687,49179.66,400.7265,0.434606,2026,7,f,1868.26
RIO GRANDE DO SUL,FELIZ,61,12779,FELIZ,RS,4308102,13764,49155.84,443.1851,0.477346,2026,7,f,2300.06
GOIAS,MORRINHOS,87,41380,MORRINHOS,GO,5213806,51351,49152.36,169.4222,0.210246,2026,7,f,1637.60
MATO GROSSO DO SUL,PARANAIBA,104,40072,PARANAIBA,MS,5006309,40957,49127.28,253.9248,0.259533,2026,7,f,1719.67
RIO GRANDE DO SUL,AUGUSTO PESTANA,6,7177,AUGUSTO PESTANA,RS,4301503,7149,49053.99,83.9278,0.083600,2026,7,f,2387.12
PARANA,TURVO,4,11075,TURVO,PR,4127965,14231,49038.72,28.1077,0.036117,2026,7,f,1317.98
MINAS GERAIS,UNIAO DE MINAS,0,2045,UNIAO DE MINAS,MG,3170438,3828,49027.95,0.0000,0.000000,2026,7,f,1279.07
ALAGOAS,CHA PRETA,1,1953,CHA PRETA,AL,2701902,5910,49017.43,16.9205,0.051203,2026,7,f,674.99
SAO PAULO,JAU,550,120527,JAU,SP,3525300,133497,49011.84,411.9943,0.456329,2026,7,f,1751.62
RIO GRANDE DO SUL,CATUIPE,10,7943,CATUIPE,RS,4305009,8674,49000.00,115.2871,0.125897,2026,7,f,1787.11
SAO PAULO,TUPA,211,63892,TUPA,SP,3555000,63928,48934.77,330.0588,0.330245,2026,7,f,1848.89
SAO PAULO,REGISTRO,175,43489,REGISTRO,SP,3542602,59947,48908.45,291.9245,0.402401,2026,7,f,1533.08
SAO PAULO,INUBIA PAULISTA,5,2555,INUBIA PAULISTA,SP,3520806,3615,48886.03,138.3126,0.195695,2026,7,f,1419.58
SANTA CATARINA,PLANALTO ALEGRE,6,2570,PLANALTO ALEGRE,SC,4213153,2946,48882.21,203.6660,0.233463,2026,7,f,1901.26
RIO DE JANEIRO,PINHEIRAL,72,10328,PINHEIRAL,RJ,3303955,24298,48880.44,296.3207,0.697134,2026,7,f,1366.90
RONDONIA,PARECIS,1,2518,PARECIS,RO,1101450,4125,48850.91,24.2424,0.039714,2026,7,f,1014.39
SAO PAULO,BOA ESPERANCA DO SUL,11,9323,BOA ESPERANCA DO SUL,SP,3506706,12978,48791.49,84.7588,0.117988,2026,7,f,1261.94
BAHIA,ITAGIBA,2,3532,ITAGIBA,BA,2915205,15310,48780.08,13.0634,0.056625,2026,7,f,934.69
PARANA,CONSELHEIRO MAIRINCK,2,2355,CONSELHEIRO MAIRINCK,PR,4106100,3461,48767.70,57.7868,0.084926,2026,7,f,1357.56
PARANA,SANTA INES,1,1068,SANTA INES,PR,4123600,1748,48715.68,57.2082,0.093633,2026,7,f,1333.84
SAO PAULO,RESTINGA,12,4884,RESTINGA,SP,3542701,6404,48687.85,187.3829,0.245700,2026,7,f,1215.00
MATO GROSSO,NOVA XAVANTINA,17,18563,NOVA XAVANTINA,MT,5106257,24345,48683.18,69.8295,0.091580,2026,7,f,1674.32
RONDONIA,ALTA FLORESTA D'OESTE,21,19299,ALTA FLORESTA D'OESTE,RO,1100015,21494,48680.70,97.7017,0.108814,2026,7,f,1210.60
MINAS GERAIS,ITUIUTABA,137,81064,ITUIUTABA,MG,3134202,102217,48673.56,134.0286,0.169002,2026,7,f,1700.41
RIO GRANDE DO SUL,AGUDO,18,12956,AGUDO,RS,4300109,16041,48634.87,112.2125,0.138932,2026,7,f,1720.07
ALAGOAS,PORTO DE PEDRAS,14,2632,PORTO DE PEDRAS,AL,2707404,9295,48585.05,150.6186,0.531915,2026,7,f,731.48
MINAS GERAIS,DORES DE CAMPOS,7,7522,DORES DE CAMPOS,MG,3123007,10007,48563.71,69.9510,0.093060,2026,7,f,1188.87
SAO PAULO,GUARANTA,11,4226,GUARANTA,SP,3518107,6427,48552.20,171.1529,0.260293,2026,7,f,1310.94
SANTA CATARINA,FORQUILHINHA,76,28405,FORQUILHINHA,SC,4205456,31431,48548.38,241.7995,0.267559,2026,7,f,1664.12
RIO GRANDE DO SUL,BOA VISTA DO SUL,5,2752,BOA VISTA DO SUL,RS,4302253,2779,48546.96,179.9208,0.181686,2026,7,f,2314.50
SANTA CATARINA,CORREIA PINTO,22,13393,CORREIA PINTO,SC,4204558,15727,48533.22,139.8868,0.164265,2026,7,f,1531.40
MINAS GERAIS,DOURADOQUARA,0,1071,DOURADOQUARA,MG,3123502,1829,48518.86,0.0000,0.000000,2026,7,f,1368.13
GOIAS,NEROPOLIS,50,22736,NEROPOLIS,GO,5214507,31932,48493.42,156.5827,0.219916,2026,7,f,1390.60
PARANA,JACAREZINHO,74,30825,JACAREZINHO,PR,4111803,40375,48470.41,183.2817,0.240065,2026,7,f,1591.93
RIO GRANDE DO SUL,ITAPUCA,3,1629,ITAPUCA,RS,4310579,1937,48467.22,154.8787,0.184162,2026,7,f,2035.46
PARANA,GUAPOREMA,1,1649,GUAPOREMA,PR,4109104,2191,48463.26,45.6413,0.060643,2026,7,f,1850.26
SAO PAULO,TURIUBA,2,1442,TURIUBA,SP,3555208,1818,48454.90,110.0110,0.138696,2026,7,f,1691.07
SAO PAULO,CRISTAIS PAULISTA,28,6101,CRISTAIS PAULISTA,SP,3513207,9272,48443.81,301.9845,0.458941,2026,7,f,1581.65
SAO PAULO,DOIS CORREGOS,54,21613,DOIS CORREGOS,SP,3514106,24510,48433.17,220.3182,0.249850,2026,7,f,1357.54
GOIAS,LAGOA SANTA,1,860,LAGOA SANTA,GO,5212253,1390,48382.01,71.9424,0.116279,2026,7,f,1385.97
PARANA,ALTO PARAISO,3,2327,ALTO PARAISO,PR,4128625,3055,48366.61,98.1997,0.128921,2026,7,f,1217.29
SAO PAULO,SANTA ROSA DE VITERBO,55,19527,SANTA ROSA DE VITERBO,SP,3547601,23411,48352.87,234.9323,0.281661,2026,7,f,1588.13
MATO GROSSO,JUSCIMEIRA,10,7293,JUSCIMEIRA,MT,5105200,11480,48349.22,87.1080,0.137118,2026,7,f,1222.76
SAO PAULO,GUATAPARA,7,4478,GUATAPARA,SP,3518859,7320,48333.06,95.6284,0.156320,2026,7,f,1428.08
PARANA,JAPURA,16,8012,JAPURA,PR,4112405,9144,48327.54,174.9781,0.199700,2026,7,f,1684.55
MINAS GERAIS,ITAJUBA,182,57822,ITAJUBA,MG,3132404,93073,48327.22,195.5454,0.314759,2026,7,f,1765.13
MINAS GERAIS,LUZ,15,13743,LUZ,MG,3138807,17875,48318.10,83.9161,0.109146,2026,7,f,1754.40
RIO GRANDE DO SUL,TRES PASSOS,75,24423,TRES PASSOS,RS,4321907,25436,48279.29,294.8577,0.307088,2026,7,f,1970.49
RIO DE JANEIRO,SUMIDOURO,19,11332,SUMIDOURO,RJ,3305703,15206,48259.96,124.9507,0.167667,2026,7,f,1223.03
MINAS GERAIS,PRESIDENTE OLEGARIO,8,12141,PRESIDENTE OLEGARIO,MG,3153400,18765,48221.85,42.6326,0.065892,2026,7,f,1444.15
ALAGOAS,JEQUIA DA PRAIA,5,2034,JEQUIA DA PRAIA,AL,2703759,9470,48217.63,52.7983,0.245821,2026,7,f,778.85
SAO PAULO,SAO SIMAO,32,10458,SAO SIMAO,SP,3550902,13442,48213.96,238.0598,0.305986,2026,7,f,1642.69
RIO GRANDE DO SUL,ESTANCIA VELHA,387,40186,ESTANCIA VELHA,RS,4307609,47924,48184.54,807.5286,0.963022,2026,7,f,1975.46
PARANA,MATO RICO,2,2100,MATO RICO,PR,4115739,3267,48162.84,61.2182,0.095238,2026,7,f,1179.56
RIO GRANDE DO SUL,JOIA,7,6399,JOIA,RS,4311155,7184,48147.83,97.4388,0.109392,2026,7,f,1881.40
SAO PAULO,MOMBUCA,10,2886,MOMBUCA,SP,3530904,3722,48143.20,268.6728,0.346500,2026,7,f,1274.03
SANTA CATARINA,SAO JOSE DO CEDRO,30,13319,SAO JOSE DO CEDRO,SC,4216701,14167,48132.35,211.7597,0.225242,2026,7,f,2548.44
PARANA,LINDOESTE,4,4264,LINDOESTE,PR,4113452,5175,48126.96,77.2947,0.093809,2026,7,f,1258.41
SAO PAULO,URU,3,960,URU,SP,3555901,1387,48125.45,216.2942,0.312500,2026,7,f,1489.99
PARANA,PORTO RICO,19,2998,PORTO RICO,PR,4120200,3182,48076.68,597.1087,0.633756,2026,7,f,2008.51
MINAS GERAIS,LAGOA DA PRATA,72,43478,LAGOA DA PRATA,MG,3137205,51412,48073.31,140.0451,0.165601,2026,7,f,1462.44
RIO GRANDE DO NORTE,MACAU,13,11075,MACAU,RN,2407203,27369,48071.91,47.4990,0.117381,2026,7,f,974.59
RORAIMA,SAO JOAO DA BALIZA,1,2870,SAO JOAO DA BALIZA,RR,1400506,8858,48070.56,11.2892,0.034843,2026,7,f,895.80
MATO GROSSO DO SUL,GUIA LOPES DA LAGUNA,10,7020,GUIA LOPES DA LAGUNA,MS,5004106,9940,48048.29,100.6036,0.142450,2026,7,f,1147.34
RIO GRANDE DO SUL,VISTA ALEGRE DO PRATA,2,1346,VISTA ALEGRE DO PRATA,RS,4323606,1590,48029.56,125.7862,0.148588,2026,7,f,2249.69
SAO PAULO,BRODOWSKI,88,20231,BRODOWSKI,SP,3507803,25201,48026.07,349.1925,0.434976,2026,7,f,1711.42
MINAS GERAIS,SANTA VITORIA,12,14994,SANTA VITORIA,MG,3159803,20973,47995.76,57.2164,0.080032,2026,7,f,1529.62
SAO PAULO,FLOREAL,4,2299,FLOREAL,SP,3515905,2733,47995.24,146.3593,0.173989,2026,7,f,1699.56
PARANA,ARAPONGAS,582,110878,ARAPONGAS,PR,4101507,119138,47973.53,488.5091,0.524901,2026,7,f,1778.09
SAO PAULO,SANTA CRUZ DA ESPERANCA,3,1252,SANTA CRUZ DA ESPERANCA,SP,3546256,2116,47948.49,141.7769,0.239617,2026,7,f,1486.50
GOIAS,VILA BOA,0,1151,VILA BOA,GO,5222203,4215,47887.54,0.0000,0.000000,2026,7,f,884.85
RIO GRANDE DO SUL,DAVID CANABARRO,2,4473,DAVID CANABARRO,RS,4306304,4321,47877.81,46.2856,0.044713,2026,7,f,1785.56
MINAS GERAIS,GUAXUPE,102,40362,GUAXUPE,MG,3128709,50911,47760.99,200.3496,0.252713,2026,7,f,1699.14
SANTA CATARINA,FRAIBURGO,89,30931,FRAIBURGO,SC,4205506,33481,47675.19,265.8224,0.287737,2026,7,f,1714.52
MINAS GERAIS,PASSA QUATRO,11,9645,PASSA QUATRO,MG,3147600,15515,47660.14,70.8991,0.114049,2026,7,f,1257.17
MATO GROSSO,CONQUISTA D'OESTE,4,2839,CONQUISTA D'OESTE,MT,5103361,3760,47646.81,106.3830,0.140895,2026,7,f,1523.36
ALAGOAS,CORURIPE,70,20787,CORURIPE,AL,2702306,50414,47622.07,138.8503,0.336749,2026,7,f,849.84
PARANA,CORONEL VIVIDA,62,19932,CORONEL VIVIDA,PR,4106506,23331,47552.23,265.7409,0.311058,2026,7,f,1923.36
RIO GRANDE DO SUL,BARRA DO RIBEIRO,22,8376,BARRA DO RIBEIRO,RS,4301909,12225,47529.98,179.9591,0.262655,2026,7,f,1523.42
PARANA,IRATI,147,49987,IRATI,PR,4110706,59250,47529.86,248.1013,0.294076,2026,7,f,1765.52
GOIAS,MINACU,27,26625,MINACU,GO,5213087,27075,47516.05,99.7230,0.101408,2026,7,f,1290.17
RIO GRANDE DO SUL,DOUTOR RICARDO,2,1733,DOUTOR RICARDO,RS,4306759,1888,47512.71,105.9322,0.115407,2026,7,f,2045.38
SAO PAULO,AVARE,313,78122,AVARE,SP,3504503,92805,47503.24,337.2663,0.400655,2026,7,f,1769.85
SANTA CATARINA,PALMA SOLA,14,6536,PALMA SOLA,SC,4212007,7605,47497.04,184.0894,0.214198,2026,7,f,2139.93
SAO PAULO,VOTUPORANGA,403,102282,VOTUPORANGA,SP,3557105,96634,47418.12,417.0375,0.394009,2026,7,f,1789.36
SANTA CATARINA,FREI ROGERIO,1,2120,FREI ROGERIO,SC,4205555,2411,47411.86,41.4766,0.047170,2026,7,f,1788.63
RIO GRANDE DO SUL,SAO DOMINGOS DO SUL,4,2758,SAO DOMINGOS DO SUL,RS,4318051,2754,47408.86,145.2433,0.145033,2026,7,f,2785.62
SAO PAULO,FERNANDO PRESTES,18,5154,FERNANDO PRESTES,SP,3515608,5942,47401.88,302.9283,0.349243,2026,7,f,1600.05
SAO PAULO,DIVINOLANDIA,38,10791,DIVINOLANDIA,SP,3513900,11158,47372.65,340.5628,0.352145,2026,7,f,1682.61
RIO GRANDE DO SUL,NOVA PETROPOLIS,129,20004,NOVA PETROPOLIS,RS,4313201,23300,47365.58,553.6481,0.644871,2026,7,f,2219.28
ESPIRITO SANTO,PIUMA,118,18288,PIUMA,ES,3204203,22300,47358.88,529.1480,0.645232,2026,7,f,1247.95
SANTA CATARINA,BOM JESUS DO OESTE,2,1830,BOM JESUS DO OESTE,SC,4202578,2187,47358.02,91.4495,0.109290,2026,7,f,2347.75
RIO GRANDE DO SUL,ESTRELA VELHA,8,2791,ESTRELA VELHA,RS,4307815,3070,47325.41,260.5863,0.286636,2026,7,f,1666.27
PARANA,ITAMBARACA,3,4804,ITAMBARACA,PR,4111001,5908,47300.78,50.7786,0.062448,2026,7,f,1287.62
SANTA CATARINA,BELA VISTA DO TOLDO,6,4886,BELA VISTA DO TOLDO,SC,4202131,5872,47298.19,102.1798,0.122800,2026,7,f,1195.56
MINAS GERAIS,CLAUDIO,52,25118,CLAUDIO,MG,3116605,30159,47293.01,172.4195,0.207023,2026,7,f,1520.13
PARANA,FLOR DA SERRA DO SUL,4,3453,FLOR DA SERRA DO SUL,PR,4107850,4364,47286.21,91.6590,0.115841,2026,7,f,1957.58
MARANHAO,BERNARDO DO MEARIM,5,2371,BERNARDO DO MEARIM,MA,2101939,5840,47280.48,85.6164,0.210881,2026,7,f,728.32
MINAS GERAIS,TRES CORACOES,78,41153,TRES CORACOES,MG,3169307,75485,47277.07,103.3318,0.189537,2026,7,f,1370.02
SANTA CATARINA,BENEDITO NOVO,23,11447,BENEDITO NOVO,SC,4202206,10520,47226.62,218.6312,0.200926,2026,7,f,1654.16
PARANA,JUNDIAI DO SUL,1,1397,JUNDIAI DO SUL,PR,4112900,3333,47213.02,30.0030,0.071582,2026,7,f,1278.67
MATO GROSSO,NOVA OLIMPIA,11,11682,NOVA OLIMPIA,MT,5106232,16352,47209.15,67.2701,0.094162,2026,7,f,1378.26
RIO GRANDE DO SUL,TURUCU,4,3028,TURUCU,RS,4322327,3419,47185.14,116.9933,0.132100,2026,7,f,1599.23
SAO PAULO,CAJURU,32,19677,CAJURU,SP,3509403,23830,47159.00,134.2845,0.162626,2026,7,f,1447.00
SAO PAULO,OURINHOS,282,91931,OURINHOS,SP,3534708,103970,47155.54,271.2321,0.306752,2026,7,f,1834.77
PARANA,NOVA ESPERANCA,69,24598,NOVA ESPERANCA,PR,4116901,26585,47150.57,259.5449,0.280511,2026,7,f,1663.04
SAO PAULO,IBATE,48,24525,IBATE,SP,3519303,32178,47138.95,149.1702,0.195719,2026,7,f,1285.02
MATO GROSSO DO SUL,JARDIM,39,17351,JARDIM,MS,5005004,23981,47130.52,162.6287,0.224771,2026,7,f,1572.74
SAO PAULO,ESTIVA GERBI,29,9549,ESTIVA GERBI,SP,3557303,11295,47119.26,256.7508,0.303697,2026,7,f,1645.48
RIO GRANDE DO SUL,LAGOA DOS TRES CANTOS,3,1643,LAGOA DOS TRES CANTOS,RS,4311270,1738,47102.42,172.6122,0.182593,2026,7,f,2326.25
SAO PAULO,URUPES,43,13126,URUPES,SP,3556008,13744,47084.91,312.8638,0.327594,2026,7,f,1630.42
MATO GROSSO DO SUL,CAMPO GRANDE,6495,743673,CAMPO GRANDE,MS,5002704,898100,47065.77,723.1934,0.873368,2026,7,f,2088.31
PARANA,PATO BRAGADO,13,4950,PATO BRAGADO,PR,4118451,5733,47051.11,226.7574,0.262626,2026,7,f,1801.41
SANTA CATARINA,BOMBINHAS,519,24367,BOMBINHAS,SC,4202453,25058,47045.57,2071.1948,2.129930,2026,7,f,1964.03
MINAS GERAIS,CHAPADA GAUCHA,1,5379,CHAPADA GAUCHA,MG,3116159,12355,47036.58,8.0939,0.018591,2026,7,f,1117.56
GOIAS,CASTELANDIA,3,2049,CASTELANDIA,GO,5205059,2985,47008.71,100.5025,0.146413,2026,7,f,1362.98
PARANA,GOIOXIM,0,3705,GOIOXIM,PR,4108650,6566,47001.52,0.0000,0.000000,2026,7,f,1183.13
SAO PAULO,JANDIRA,473,72861,JANDIRA,SP,3525003,118045,46991.46,400.6947,0.649181,2026,7,f,1628.78
SAO PAULO,PEREIRAS,18,5424,PEREIRAS,SP,3537503,8737,46979.86,206.0204,0.331858,2026,7,f,1397.46
PARANA,GOIOERE,71,23409,GOIOERE,PR,4108601,28437,46969.30,249.6747,0.303302,2026,7,f,1577.15
SAO PAULO,ARACOIABA DA SERRA,327,29553,ARACOIABA DA SERRA,SP,3502903,32443,46949.85,1007.9216,1.106487,2026,7,f,1993.37
SAO PAULO,SANTA CRUZ DA CONCEICAO,2,3525,SANTA CRUZ DA CONCEICAO,SP,3546207,4277,46876.32,46.7617,0.056738,2026,7,f,1761.73
RIO GRANDE DO SUL,SAO JOSE DO SUL,9,2226,SAO JOSE DO SUL,RS,4318614,2380,46854.62,378.1513,0.404313,2026,7,f,1684.96
RONDONIA,JI-PARANA,297,120410,JI-PARANA,RO,1100122,124333,46845.74,238.8746,0.246657,2026,7,f,1437.55
PARANA,FRANCISCO BELTRAO,363,85628,FRANCISCO BELTRAO,PR,4108403,96666,46814.84,375.5198,0.423927,2026,7,f,2277.74
TOCANTINS,PALMAS,2916,273315,PALMAS,TO,1721000,302692,46808.20,963.3555,1.066901,2026,7,f,2260.06
MATO GROSSO DO SUL,NIOAQUE,6,7859,NIOAQUE,MS,5005806,13220,46806.66,45.3858,0.076346,2026,7,f,1269.36
RIO GRANDE DO SUL,SAO VENDELINO,13,2361,SAO VENDELINO,RS,4319752,2251,46784.10,577.5211,0.550614,2026,7,f,2313.19
RIO GRANDE DO SUL,PASSO DO SOBRADO,10,5277,PASSO DO SOBRADO,RS,4314076,6025,46783.57,165.9751,0.189502,2026,7,f,1493.09
GOIAS,PORANGATU,57,44922,PORANGATU,GO,5218003,44317,46772.73,128.6188,0.126887,2026,7,f,1524.50
MATO GROSSO DO SUL,RIO VERDE DE MATO GROSSO,25,13836,RIO VERDE DE MATO GROSSO,MS,5007406,19818,46755.32,126.1479,0.180688,2026,7,f,1598.28
SANTA CATARINA,TUNAPOLIS,6,4570,TUNAPOLIS,SC,4218756,4916,46685.52,122.0504,0.131291,2026,7,f,3288.15
RONDONIA,NOVA BRASILANDIA D'OESTE,9,13672,NOVA BRASILANDIA D'OESTE,RO,1100148,15679,46683.59,57.4016,0.065828,2026,7,f,981.78
RIO DE JANEIRO,SEROPEDICA,170,37470,SEROPEDICA,RJ,3305554,80596,46653.38,210.9286,0.453696,2026,7,f,1181.47
SANTA CATARINA,CORONEL FREITAS,25,9016,CORONEL FREITAS,SC,4204400,10388,46649.31,240.6623,0.277285,2026,7,f,2249.78
SANTA CATARINA,JARDINOPOLIS,7,1628,JARDINOPOLIS,SC,4208955,1776,46649.21,394.1441,0.429975,2026,7,f,2584.16
SAO PAULO,MONTE APRAZIVEL,51,19885,MONTE APRAZIVEL,SP,3531407,22280,46614.00,228.9048,0.256475,2026,7,f,1691.50
MATO GROSSO DO SUL,DOURADINA,8,4905,DOURADINA,MS,5003504,5578,46611.51,143.4206,0.163099,2026,7,f,1196.02
MATO GROSSO,VARZEA GRANDE,1615,233438,VARZEA GRANDE,MT,5108402,300078,46601.94,538.1934,0.691833,2026,7,f,1453.88
BAHIA,MORRO DO CHAPEU,16,8582,MORRO DO CHAPEU,BA,2921708,33594,46595.26,47.6276,0.186437,2026,7,f,858.19
RIO GRANDE DO SUL,HUMAITA,10,4348,HUMAITA,RS,4309704,4681,46575.73,213.6296,0.229991,2026,7,f,1799.56
SANTA CATARINA,WITMARSUM,13,3912,WITMARSUM,SC,4219408,4255,46495.65,305.5229,0.332311,2026,7,f,2324.29
GOIAS,ITAUCU,14,5186,ITAUCU,GO,5211404,7736,46490.56,180.9721,0.269958,2026,7,f,1451.46
PARANA,RIO NEGRO,40,27658,RIO NEGRO,PR,4122305,31324,46487.20,127.6976,0.144624,2026,7,f,1799.19
MINAS GERAIS,ALFENAS,207,59722,ALFENAS,MG,3101607,78970,46472.07,262.1249,0.346606,2026,7,f,1745.37
PARANA,MARMELEIRO,16,14606,MARMELEIRO,PR,4115408,15901,46437.52,100.6226,0.109544,2026,7,f,2013.84
RIO GRANDE DO SUL,POCO DAS ANTAS,6,2037,POCO DAS ANTAS,RS,4314753,2171,46418.24,276.3703,0.294551,2026,7,f,1915.28
RIO GRANDE DO SUL,FLORIANO PEIXOTO,0,1544,FLORIANO PEIXOTO,RS,4308250,1668,46406.47,0.0000,0.000000,2026,7,f,1586.03
SAO PAULO,SALES OLIVEIRA,30,9002,SALES OLIVEIRA,SP,3544905,11411,46399.44,262.9042,0.333259,2026,7,f,1668.02
TOCANTINS,MIRACEMA DO TOCANTINS,17,10971,MIRACEMA DO TOCANTINS,TO,1713205,18566,46344.82,91.5652,0.154954,2026,7,f,1345.89
RIO GRANDE DO SUL,BARRA DO RIO AZUL,3,1291,BARRA DO RIO AZUL,RS,4301925,1696,46327.24,176.8868,0.232378,2026,7,f,2481.84
SANTA CATARINA,PONTE ALTA,3,3441,PONTE ALTA,SC,4213302,4437,46315.98,67.6133,0.087184,2026,7,f,1329.52
PARANA,SAO PEDRO DO IGUACU,2,4165,SAO PEDRO DO IGUACU,PR,4125753,5784,46313.45,34.5781,0.048019,2026,7,f,1478.95
MATO GROSSO,VILA RICA,10,15534,VILA RICA,MT,5108600,19888,46290.28,50.2816,0.064375,2026,7,f,1632.85
PARANA,CAFEARA,1,1922,CAFEARA,PR,4103404,2627,46262.66,38.0662,0.052029,2026,7,f,1490.03
SANTA CATARINA,PALHOCA,1793,175350,PALHOCA,SC,4211900,222598,46247.27,805.4879,1.022526,2026,7,f,2029.43
ACRE,PLACIDO DE CASTRO,9,6709,PLACIDO DE CASTRO,AC,1200385,16560,46184.66,54.3478,0.134148,2026,7,f,992.54
PARANA,ASSAI,65,12878,ASSAI,PR,4101903,13797,46183.52,471.1169,0.504737,2026,7,f,1275.36
SAO PAULO,ASSIS,470,95209,ASSIS,SP,3504008,101409,46175.48,463.4697,0.493651,2026,7,f,1997.74
SAO PAULO,SAO SEBASTIAO DA GRAMA,30,7646,SAO SEBASTIAO DA GRAMA,SP,3550803,10441,46152.28,287.3288,0.392362,2026,7,f,1428.62
SANTA CATARINA,AGRONOMICA,18,5459,AGRONOMICA,SC,4200309,6055,46144.67,297.2750,0.329731,2026,7,f,2206.89
RIO GRANDE DO SUL,PROTASIO ALVES,2,1730,PROTASIO ALVES,RS,4315172,2025,46102.72,98.7654,0.115607,2026,7,f,2219.02
SANTA CATARINA,PAULO LOPES,46,7942,PAULO LOPES,SC,4212304,9063,46098.97,507.5582,0.579199,2026,7,f,1513.69
PARANA,MANOEL RIBAS,16,10368,MANOEL RIBAS,PR,4114500,14240,46081.18,112.3596,0.154321,2026,7,f,1828.41
PARANA,TAPEJARA,20,12147,TAPEJARA,PR,4126801,15869,46073.67,126.0319,0.164650,2026,7,f,1355.43
MATO GROSSO,PORTO ALEGRE DO NORTE,7,7129,PORTO ALEGRE DO NORTE,MT,5106778,12127,46040.24,57.7224,0.098190,2026,7,f,1438.58
SAO PAULO,JUNQUEIROPOLIS,25,15604,JUNQUEIROPOLIS,SP,3526001,20448,46012.86,122.2613,0.160215,2026,7,f,1638.65
TOCANTINS,DIVINOPOLIS DO TOCANTINS,2,4183,DIVINOPOLIS DO TOCANTINS,TO,1707108,7024,46007.83,28.4738,0.047813,2026,7,f,1231.09
RIO GRANDE DO SUL,SAO SEBASTIAO DO CAI,94,20018,SAO SEBASTIAO DO CAI,RS,4319505,24428,45995.09,384.8043,0.469577,2026,7,f,1718.35
MINAS GERAIS,PARAOPEBA,26,18590,PARAOPEBA,MG,3147402,24107,45967.27,107.8525,0.139860,2026,7,f,1220.57
SAO PAULO,GUARA,24,12721,GUARA,SP,3517703,18606,45937.60,128.9906,0.188664,2026,7,f,1332.26
PERNAMBUCO,PETROLANDIA,13,13467,PETROLANDIA,PE,2611002,34161,45917.95,38.0551,0.096532,2026,7,f,745.92
SANTA CATARINA,CERRO NEGRO,2,2328,CERRO NEGRO,SC,4204178,3317,45912.87,60.2954,0.085911,2026,7,f,1203.24
MINAS GERAIS,GURINHATA,1,2644,GURINHATA,MG,3129103,5192,45910.63,19.2604,0.037821,2026,7,f,1863.32
SANTA CATARINA,BIGUACU,511,67702,BIGUACU,SC,4202305,76773,45892.67,665.5986,0.754778,2026,7,f,1899.63
GOIAS,PONTALINA,32,14881,PONTALINA,GO,5217708,18309,45881.92,174.7774,0.215039,2026,7,f,1692.99
PARANA,RIO BRANCO DO IVAI,5,2737,RIO BRANCO DO IVAI,PR,4122172,3808,45877.10,131.3025,0.182682,2026,7,f,1163.27
RIO GRANDE DO SUL,SAO GABRIEL,94,38120,SAO GABRIEL,RS,4318309,58487,45872.18,160.7195,0.246590,2026,7,f,1526.68
PARANA,PRIMEIRO DE MAIO,16,9266,PRIMEIRO DE MAIO,PR,4120507,10082,45871.45,158.6987,0.172674,2026,7,f,1561.86
RIO GRANDE DO NORTE,JOAO CAMARA,29,17541,JOAO CAMARA,RN,2405801,33290,45870.29,87.1132,0.165327,2026,7,f,758.00
GOIAS,SAO LUIZ DO NORTE,1,2700,SAO LUIZ DO NORTE,GO,5220157,4837,45838.95,20.6740,0.037037,2026,7,f,1233.48
PARA,NOVO PROGRESSO,5,26566,NOVO PROGRESSO,PA,1505031,33638,45812.71,14.8641,0.018821,2026,7,f,1274.42
GOIAS,ARUANA,8,4606,ARUANA,GO,5202502,8300,45773.61,96.3855,0.173686,2026,7,f,1469.30
PARANA,ASTORGA,50,21924,ASTORGA,PR,4102109,25475,45723.89,196.2709,0.228061,2026,7,f,1554.91
PARANA,CRUZEIRO DO OESTE,34,18541,CRUZEIRO DO OESTE,PR,4106605,23831,45708.07,142.6713,0.183377,2026,7,f,1571.31
TOCANTINS,DOIS IRMAOS DO TOCANTINS,0,2604,DOIS IRMAOS DO TOCANTINS,TO,1707207,6327,45700.81,0.0000,0.000000,2026,7,f,1097.58
PARANA,SAO MATEUS DO SUL,87,37692,SAO MATEUS DO SUL,PR,4125605,42366,45653.17,205.3533,0.230818,2026,7,f,1568.37
RONDONIA,MONTE NEGRO,9,9284,MONTE NEGRO,RO,1101401,11548,45634.74,77.9356,0.096941,2026,7,f,1241.80
RIO GRANDE DO SUL,RONDINHA,5,3981,RONDINHA,RS,4316204,4991,45625.33,100.1803,0.125597,2026,7,f,2559.50
TOCANTINS,GUARAI,24,17213,GUARAI,TO,1709302,24775,45614.77,96.8718,0.139430,2026,7,f,1406.97
RIO DE JANEIRO,VALENCA,157,31840,VALENCA,RJ,3306107,68088,45595.24,230.5840,0.493090,2026,7,f,1443.99
ESPIRITO SANTO,SAO DOMINGOS DO NORTE,12,7503,SAO DOMINGOS DO NORTE,ES,3204658,8589,45586.80,139.7136,0.159936,2026,7,f,1228.15
SAO PAULO,AMERICO BRASILIENSE,53,29288,AMERICO BRASILIENSE,SP,3501707,33019,45578.67,160.5136,0.180961,2026,7,f,1233.06
PARANA,PARANAVAI,355,85271,PARANAVAI,PR,4118402,92001,45540.43,385.8654,0.416320,2026,7,f,1810.85
SAO PAULO,GLICERIO,6,2962,GLICERIO,SP,3517109,4138,45527.31,144.9976,0.202566,2026,7,f,1412.75
SANTA CATARINA,PARAISO,1,3393,PARAISO,SC,4212239,4267,45522.38,23.4357,0.029472,2026,7,f,2750.48
RIO GRANDE DO SUL,MACHADINHO,6,4374,MACHADINHO,RS,4311700,5735,45491.72,104.6207,0.137174,2026,7,f,1501.06
SANTA CATARINA,ATALANTA,6,3348,ATALANTA,SC,4201802,3227,45477.22,185.9312,0.179211,2026,7,f,2095.50
SANTA CATARINA,MARACAJA,21,7579,MARACAJA,SC,4210407,7815,45472.17,268.7140,0.277081,2026,7,f,1861.57
PARANA,PRESIDENTE CASTELO BRANCO,4,3744,PRESIDENTE CASTELO BRANCO,PR,4120408,4336,45464.94,92.2509,0.106838,2026,7,f,1492.24
PERNAMBUCO,VITORIA DE SANTO ANTAO,238,75079,VITORIA DE SANTO ANTAO,PE,2616407,134084,45463.98,177.5007,0.316999,2026,7,f,945.42
RIO GRANDE DO SUL,BARAO DE COTEGIPE,30,5906,BARAO DE COTEGIPE,RS,4301701,7144,45460.39,419.9328,0.507958,2026,7,f,2068.99
PARANA,GUAMIRANGA,5,5475,GUAMIRANGA,PR,4108957,7856,45451.12,63.6456,0.091324,2026,7,f,1305.12
RIO GRANDE DO SUL,CONSTANTINA,11,9248,CONSTANTINA,RS,4305801,10385,45442.95,105.9220,0.118945,2026,7,f,2063.36
RIO GRANDE DO SUL,SAO PEDRO DO BUTIA,3,2967,SAO PEDRO DO BUTIA,RS,4319372,3070,45434.85,97.7199,0.101112,2026,7,f,2153.13
SANTA CATARINA,PRINCESA,0,2713,PRINCESA,SC,4214151,2964,45400.47,0.0000,0.000000,2026,7,f,2349.85
RIO GRANDE DO SUL,CHARRUA,2,1763,CHARRUA,RS,4305371,2768,45392.70,72.2543,0.113443,2026,7,f,1739.81
MINAS GERAIS,BOM JESUS DA PENHA,5,4644,BOM JESUS DA PENHA,MG,3107604,4474,45385.11,111.7568,0.107666,2026,7,f,1448.73
SAO PAULO,SANTO ANTONIO DO ARACANGUA,9,5465,SANTO ANTONIO DO ARACANGUA,SP,3548054,8379,45377.61,107.4114,0.164684,2026,7,f,1499.77
RIO GRANDE DO SUL,SEDE NOVA,1,2373,SEDE NOVA,RS,4320230,2704,45338.39,36.9822,0.042141,2026,7,f,1991.34
RIO GRANDE DO SUL,CENTENARIO,3,2354,CENTENARIO,RS,4305116,2721,45331.50,110.2536,0.127443,2026,7,f,1378.30
PARANA,NOVA FATIMA,11,5453,NOVA FATIMA,PR,4117008,7225,45319.45,152.2491,0.201724,2026,7,f,1230.27
RIO GRANDE DO SUL,MIRAGUAI,4,4331,MIRAGUAI,RS,4312302,4427,45312.18,90.3546,0.092357,2026,7,f,1413.56
RONDONIA,ARIQUEMES,324,97178,ARIQUEMES,RO,1100023,96833,45271.91,334.5967,0.333409,2026,7,f,1458.57
RIO GRANDE DO SUL,RODEIO BONITO,19,6951,RODEIO BONITO,RS,4315909,6654,45258.49,285.5425,0.273342,2026,7,f,1960.07
RIO GRANDE DO SUL,LINHA NOVA,1,1422,LINHA NOVA,RS,4311643,1683,45248.96,59.4177,0.070323,2026,7,f,1864.49
RIO GRANDE DO NORTE,AREIA BRANCA,36,11374,AREIA BRANCA,RN,2401107,24093,45226.70,149.4210,0.316511,2026,7,f,1004.75
TOCANTINS,IPUEIRAS,0,616,IPUEIRAS,TO,1709807,1590,45211.95,0.0000,0.000000,2026,7,f,1060.80
RIO GRANDE DO NORTE,PEDRO AVELINO,0,1543,PEDRO AVELINO,RN,2409704,6242,45194.33,0.0000,0.000000,2026,7,f,764.88
RIO GRANDE DO SUL,OSORIO,391,40946,OSORIO,RS,4313508,47396,45192.63,824.9641,0.954916,2026,7,f,2065.29
SANTA CATARINA,SCHROEDER,82,15391,SCHROEDER,SC,4217402,20061,45191.72,408.7533,0.532779,2026,7,f,1978.64
PARANA,ITAMBE,6,5081,ITAMBE,PR,4111100,6111,45168.06,98.1836,0.118087,2026,7,f,1536.99
SANTA CATARINA,IBIAM,2,1849,IBIAM,SC,4206751,2008,45165.84,99.6016,0.108167,2026,7,f,2299.32
RIO GRANDE DO SUL,CARLOS GOMES,1,1035,CARLOS GOMES,RS,4304853,1368,45148.39,73.0994,0.096618,2026,7,f,1475.20
SANTA CATARINA,AGROLANDIA,30,10398,AGROLANDIA,SC,4200200,10990,45141.95,272.9754,0.288517,2026,7,f,1683.01
MATO GROSSO DO SUL,BODOQUENA,4,5135,BODOQUENA,MS,5002159,8567,45105.64,46.6908,0.077897,2026,7,f,1334.74
SAO PAULO,TAMBAU,35,18614,TAMBAU,SP,3553302,21435,45099.79,163.2843,0.188031,2026,7,f,1702.58
RIO GRANDE DO SUL,FAXINALZINHO,2,1489,FAXINALZINHO,RS,4308052,2520,45095.24,79.3651,0.134318,2026,7,f,1922.21
GOIAS,JUSSARA,42,20089,JUSSARA,GO,5212204,19620,45074.72,214.0673,0.209070,2026,7,f,1661.84
SAO PAULO,UNIAO PAULISTA,0,1287,UNIAO PAULISTA,SP,3555703,1603,45068.00,0.0000,0.000000,2026,7,f,1330.00
SANTA CATARINA,LONTRAS,47,11767,LONTRAS,SC,4209904,12873,45054.53,365.1053,0.399422,2026,7,f,1799.95
PIAUI,GILBUES,2,3072,GILBUES,PI,2204402,10892,45029.84,18.3621,0.065104,2026,7,f,747.26
SANTA CATARINA,RIO DO OESTE,13,6786,RIO DO OESTE,SC,4214607,7747,45012.00,167.8069,0.191571,2026,7,f,2489.70
PARANA,SANTA MARIANA,17,8573,SANTA MARIANA,PR,4123907,11066,44999.19,153.6237,0.198297,2026,7,f,1464.31
PARANA,JANDAIA DO SUL,75,19395,JANDAIA DO SUL,PR,4112108,21408,44978.70,350.3363,0.386698,2026,7,f,1763.44
SAO PAULO,GARCA,185,34791,GARCA,SP,3516705,42110,44971.88,439.3256,0.531747,2026,7,f,1612.63
SANTA CATARINA,DIONISIO CERQUEIRA,45,12521,DIONISIO CERQUEIRA,SC,4205001,15008,44963.55,299.8401,0.359396,2026,7,f,2292.36
SAO PAULO,RIBEIRAO BONITO,14,8595,RIBEIRAO BONITO,SP,3542909,10989,44958.96,127.4001,0.162885,2026,7,f,1436.29
MATO GROSSO DO SUL,SETE QUEDAS,5,5468,SETE QUEDAS,MS,5007703,10994,44928.96,45.4794,0.091441,2026,7,f,1282.59
RIO GRANDE DO SUL,SANTO EXPEDITO DO SUL,2,2204,SANTO EXPEDITO DO SUL,RS,4317954,2349,44928.48,85.1426,0.090744,2026,7,f,2108.68
MINAS GERAIS,PONTE NOVA,136,38030,PONTE NOVA,MG,3152105,57776,44898.56,235.3919,0.357612,2026,7,f,1524.53
RONDONIA,CANDEIAS DO JAMARI,31,10229,CANDEIAS DO JAMARI,RO,1100809,22310,44895.11,138.9511,0.303060,2026,7,f,927.05
PARANA,MISSAL,21,10389,MISSAL,PR,4116059,11064,44894.07,189.8048,0.202137,2026,7,f,1858.61
SAO PAULO,ALTO ALEGRE,4,3076,ALTO ALEGRE,SP,3501103,3841,44883.10,104.1395,0.130039,2026,7,f,1349.61
RIO GRANDE DO SUL,PAIM FILHO,9,3292,PAIM FILHO,RS,4313607,3629,44866.63,248.0022,0.273390,2026,7,f,1670.92
SAO PAULO,GABRIEL MONTEIRO,7,2237,GABRIEL MONTEIRO,SP,3516507,2763,44862.83,253.3478,0.312919,2026,7,f,1710.43
SAO PAULO,ALVARES FLORENCE,1,2634,ALVARES FLORENCE,SP,3501202,3915,44852.62,25.5428,0.037965,2026,7,f,1429.27
ESPIRITO SANTO,VILA VALERIO,37,15393,VILA VALERIO,ES,3205176,13728,44849.36,269.5221,0.240369,2026,7,f,1199.07
RIO GRANDE DO SUL,TUPARENDI,10,8283,TUPARENDI,RS,4322301,8363,44841.09,119.5743,0.120729,2026,7,f,2155.38
SAO PAULO,BURI,30,13439,BURI,SP,3508009,20250,44831.26,148.1481,0.223231,2026,7,f,996.87
PARANA,GUAIRA,77,34296,GUAIRA,PR,4108809,32097,44828.05,239.8978,0.224516,2026,7,f,1631.65
MINAS GERAIS,MONTE ALEGRE DE MINAS,18,14870,MONTE ALEGRE DE MINAS,MG,3142809,20170,44805.21,89.2414,0.121049,2026,7,f,1418.59
SANTA CATARINA,DESCANSO,14,8623,DESCANSO,SC,4204905,8530,44797.30,164.1266,0.162356,2026,7,f,2412.49
RIO GRANDE DO SUL,ROLANTE,42,17055,ROLANTE,RS,4316006,21253,44747.00,197.6192,0.246262,2026,7,f,1643.72
GOIAS,CERES,61,24736,CERES,GO,5205406,22046,44727.25,276.6942,0.246604,2026,7,f,1905.87
SAO PAULO,AGUAS DE LINDOIA,82,17814,AGUAS DE LINDOIA,SP,3500501,17930,44680.15,457.3341,0.460312,2026,7,f,1742.52
SANTA CATARINA,ABDON BATISTA,3,2100,ABDON BATISTA,SC,4200051,2598,44643.96,115.4734,0.142857,2026,7,f,2127.38
SANTA CATARINA,SERRA ALTA,4,2826,SERRA ALTA,SC,4217550,3303,44625.49,121.1020,0.141543,2026,7,f,1823.32
RIO GRANDE DO SUL,MANOEL VIANA,4,5051,MANOEL VIANA,RS,4311759,6801,44602.56,58.8149,0.079192,2026,7,f,1491.49
RIO GRANDE DO SUL,TAQUARI,57,22500,TAQUARI,RS,4321303,25198,44596.59,226.2084,0.253333,2026,7,f,1630.78
MINAS GERAIS,SARZEDO,46,27816,SARZEDO,MG,3165537,36844,44580.45,124.8507,0.165372,2026,7,f,1461.78
RIO GRANDE DO SUL,MARCELINO RAMOS,13,3350,MARCELINO RAMOS,RS,4311908,4320,44568.29,300.9259,0.388060,2026,7,f,2070.86
PERNAMBUCO,RECIFE,16844,795598,RECIFE,PE,2611606,1488920,44563.38,1131.2898,2.117150,2026,7,f,2284.77
RIO GRANDE DO SUL,FAXINAL DO SOTURNO,26,5398,FAXINAL DO SOTURNO,RS,4308003,6702,44543.87,387.9439,0.481660,2026,7,f,1987.81
RIO GRANDE DO SUL,SAO JOAO DO POLESINE,12,2190,SAO JOAO DO POLESINE,RS,4318432,2649,44534.92,453.0011,0.547945,2026,7,f,2028.21
MATO GROSSO,ARAGUAIANA,1,1514,ARAGUAIANA,MT,5101001,3795,44533.60,26.3505,0.066050,2026,7,f,1425.49
PARANA,CAFEZAL DO SUL,3,3188,CAFEZAL DO SUL,PR,4103479,4473,44494.97,67.0691,0.094103,2026,7,f,1393.28
SAO PAULO,PENAPOLIS,174,61393,PENAPOLIS,SP,3537305,61679,44475.10,282.1057,0.283420,2026,7,f,1737.74
MATO GROSSO DO SUL,PORTO MURTINHO,11,3899,PORTO MURTINHO,MS,5006903,12859,44444.44,85.5432,0.282124,2026,7,f,1166.44
RIO GRANDE DO SUL,SAO JOAO DA URTIGA,10,4097,SAO JOAO DA URTIGA,RS,4318424,4461,44443.17,224.1650,0.244081,2026,7,f,2185.87
TOCANTINS,NOVO ACORDO,2,1450,NOVO ACORDO,TO,1715101,3969,44437.64,50.3905,0.137931,2026,7,f,1024.13
SAO PAULO,POA,315,65970,POA,SP,3539806,103765,44434.64,303.5706,0.477490,2026,7,f,1476.59
MATO GROSSO,JAURU,8,7568,JAURU,MT,5105002,8367,44391.54,95.6137,0.105708,2026,7,f,1721.24
PARANA,TAMARANA,5,9203,TAMARANA,PR,4126678,10707,44325.77,46.6984,0.054330,2026,7,f,1129.05
PIAUI,CALDEIRAO GRANDE DO PIAUI,0,1139,CALDEIRAO GRANDE DO PIAUI,PI,2202091,5503,44297.11,0.0000,0.000000,2026,7,f,710.22
RONDONIA,CACOAL,342,91133,CACOAL,RO,1100049,86887,44292.79,393.6147,0.375276,2026,7,f,1625.88
RIO GRANDE DO SUL,QUINZE DE NOVEMBRO,5,3658,QUINZE DE NOVEMBRO,RS,4315354,3910,44217.65,127.8772,0.136687,2026,7,f,2866.59
PARANA,IGUATU,0,1561,IGUATU,PR,4110052,2144,44212.22,0.0000,0.000000,2026,7,f,1480.17
GOIAS,INDIARA,14,10653,INDIARA,GO,5209952,17061,44197.12,82.0585,0.131418,2026,7,f,1441.09
SANTA CATARINA,LINDOIA DO SUL,3,3702,LINDOIA DO SUL,SC,4209854,4549,44191.25,65.9486,0.081037,2026,7,f,1702.86
SAO PAULO,TABOAO DA SERRA,806,166811,TABOAO DA SERRA,SP,3552809,273542,44176.69,294.6531,0.483182,2026,7,f,1740.20
RIO GRANDE DO SUL,ERVAL SECO,5,5434,ERVAL SECO,RS,4307302,6787,44174.30,73.6703,0.092013,2026,7,f,1414.36
TOCANTINS,SANTA MARIA DO TOCANTINS,0,982,SANTA MARIA DO TOCANTINS,TO,1718881,2680,44161.57,0.0000,0.000000,2026,7,f,915.70
SAO PAULO,FLORA RICA,0,1057,FLORA RICA,SP,3515806,1487,44159.38,0.0000,0.000000,2026,7,f,1376.01
SAO PAULO,TAQUARITINGA,235,47187,TAQUARITINGA,SP,3553708,52260,44147.44,449.6747,0.498019,2026,7,f,1620.23
SANTA CATARINA,RIO NEGRINHO,94,39208,RIO NEGRINHO,SC,4215000,39261,44111.66,239.4233,0.239747,2026,7,f,1592.73
PARANA,NOVA PRATA DO IGUACU,9,9158,NOVA PRATA DO IGUACU,PR,4117255,12699,44107.73,70.8717,0.098275,2026,7,f,2106.68
SAO PAULO,MARABA PAULISTA,0,2271,MARABA PAULISTA,SP,3528700,4573,44099.72,0.0000,0.000000,2026,7,f,1197.87
RORAIMA,BOA VISTA,1476,269981,BOA VISTA,RR,1400100,413486,44098.64,356.9649,0.546705,2026,7,f,1399.00
TOCANTINS,DIANOPOLIS,9,10855,DIANOPOLIS,TO,1707009,17739,44065.22,50.7357,0.082911,2026,7,f,1143.30
SAO PAULO,SAO JOSE DA BELA VISTA,7,3916,SAO JOSE DA BELA VISTA,SP,3549508,7626,44062.68,91.7912,0.178754,2026,7,f,1171.92
RIO GRANDE DO SUL,NOVO MACHADO,1,3020,NOVO MACHADO,RS,4313425,3198,44058.47,31.2695,0.033113,2026,7,f,1276.42
PARANA,GUARANIACU,12,10795,GUARANIACU,PR,4109302,13735,43991.55,87.3680,0.111163,2026,7,f,1490.34
RONDONIA,SAO FRANCISCO DO GUAPORE,13,13039,SAO FRANCISCO DO GUAPORE,RO,1101492,16286,43989.38,79.8232,0.099701,2026,7,f,1172.03
SANTA CATARINA,ANCHIETA,6,5455,ANCHIETA,SC,4200804,5943,43982.00,100.9591,0.109991,2026,7,f,2515.03
MINAS GERAIS,CENTRALINA,8,4469,CENTRALINA,MG,3115805,10207,43977.96,78.3776,0.179011,2026,7,f,1367.47
RIO GRANDE DO SUL,TORRES,366,29014,TORRES,RS,4321501,41751,43963.71,876.6257,1.261460,2026,7,f,2080.13
RIO GRANDE DO SUL,SANTO ANGELO,224,61790,SANTO ANGELO,RS,4317509,76917,43941.11,291.2230,0.362518,2026,7,f,2046.80
PARANA,KALORE,6,3568,KALORE,PR,4113106,4582,43918.81,130.9472,0.168161,2026,7,f,1400.13
TOCANTINS,TOCANTINIA,0,1794,TOCANTINIA,TO,1721109,7459,43914.73,0.0000,0.000000,2026,7,f,755.36
PARA,XINGUARA,31,38382,XINGUARA,PA,1508407,52893,43892.10,58.6089,0.080767,2026,7,f,1187.19
BAHIA,LAURO DE FREITAS,3059,108423,LAURO DE FREITAS,BA,2919207,203331,43861.88,1504.4435,2.821357,2026,7,f,1879.69
PARANA,REBOUCAS,14,9596,REBOUCAS,PR,4121505,14514,43802.67,96.4586,0.145894,2026,7,f,1322.81
PARANA,OURO VERDE DO OESTE,4,4087,OURO VERDE DO OESTE,PR,4117453,6785,43793.22,58.9536,0.097871,2026,7,f,1323.87
RIO GRANDE DO SUL,SOLEDADE,93,23552,SOLEDADE,RS,4320800,29991,43774.53,310.0930,0.394871,2026,7,f,1773.11
PARANA,ARAPUA,0,2682,ARAPUA,PR,4101655,3527,43743.98,0.0000,0.000000,2026,7,f,1226.76
MATO GROSSO,NOVA NAZARE,0,1016,NOVA NAZARE,MT,5106174,4200,43738.57,0.0000,0.000000,2026,7,f,1290.57
SAO PAULO,ESPIRITO SANTO DO TURVO,3,2968,ESPIRITO SANTO DO TURVO,SP,3515194,4157,43735.63,72.1674,0.101078,2026,7,f,1193.58
ESPIRITO SANTO,JOAO NEIVA,43,10099,JOAO NEIVA,ES,3203130,14079,43730.52,305.4194,0.425785,2026,7,f,1585.86
SAO PAULO,DUMONT,33,6854,DUMONT,SP,3514601,9471,43712.60,348.4321,0.481471,2026,7,f,1673.48
TOCANTINS,PARAISO DO TOCANTINS,77,44982,PARAISO DO TOCANTINS,TO,1716109,52360,43703.78,147.0588,0.171180,2026,7,f,1526.29
SANTA CATARINA,DONA EMMA,8,3878,DONA EMMA,SC,4205100,4221,43697.70,189.5285,0.206292,2026,7,f,1899.35
SANTA CATARINA,OURO,21,6678,OURO,SC,4211801,7032,43686.29,298.6348,0.314465,2026,7,f,2446.42
SAO PAULO,BOREBI,3,1713,BOREBI,SP,3507456,2713,43660.89,110.5787,0.175131,2026,7,f,1282.36
SANTA CATARINA,SUL BRASIL,0,2326,SUL BRASIL,SC,4217758,2832,43651.13,0.0000,0.000000,2026,7,f,3151.90
ALAGOAS,ATALAIA,20,11046,ATALAIA,AL,2700409,37512,43642.22,53.3163,0.181061,2026,7,f,711.54
SAO PAULO,SALTO GRANDE,5,5660,SALTO GRANDE,SP,3545407,9050,43638.45,55.2486,0.088339,2026,7,f,1320.50
SANTA CATARINA,SAO MARTINHO,13,3777,SAO MARTINHO,SC,4217105,3405,43624.38,381.7915,0.344189,2026,7,f,2224.39
RONDONIA,BURITIS,25,30093,BURITIS,RO,1100452,27992,43619.89,89.3112,0.083076,2026,7,f,1219.49
MATO GROSSO DO SUL,COXIM,72,27323,COXIM,MS,5003306,32151,43570.43,223.9433,0.263514,2026,7,f,1501.32
PARANA,BANDEIRANTES,55,25611,BANDEIRANTES,PR,4102406,31273,43559.40,175.8706,0.214751,2026,7,f,1502.12
SANTA CATARINA,JAGUARUNA,57,20660,JAGUARUNA,SC,4208807,20375,43552.69,279.7546,0.275895,2026,7,f,1851.84
PARANA,ARARUNA,22,11303,ARARUNA,PR,4101705,14485,43548.22,151.8813,0.194639,2026,7,f,1513.63
SANTA CATARINA,URUBICI,28,10158,URUBICI,SC,4218905,10834,43545.87,258.4456,0.275645,2026,7,f,2017.81
PARANA,UMUARAMA,511,109606,UMUARAMA,PR,4128104,117095,43528.72,436.3978,0.466215,2026,7,f,1959.13
GOIAS,AMORINOPOLIS,1,2003,AMORINOPOLIS,GO,5200902,3007,43513.47,33.2557,0.049925,2026,7,f,1484.20
MINAS GERAIS,FORMIGA,97,59460,FORMIGA,MG,3126109,68248,43506.97,142.1287,0.163135,2026,7,f,1636.39
MINAS GERAIS,SAO FRANCISCO DE SALES,0,3545,SAO FRANCISCO DE SALES,MG,3161304,5732,43501.74,0.0000,0.000000,2026,7,f,1313.75
MATO GROSSO DO SUL,CORUMBA,196,53370,CORUMBA,MS,5003207,96268,43497.62,203.5983,0.367248,2026,7,f,1432.56
MINAS GERAIS,PIUMHI,48,30150,PIUMHI,MG,3151503,36062,43496.59,133.1041,0.159204,2026,7,f,1708.76
SANTA CATARINA,SOMBRIO,110,31019,SOMBRIO,SC,4217709,29991,43491.68,366.7767,0.354621,2026,7,f,1687.98
RIO GRANDE DO SUL,GRAMADO DOS LOUREIROS,4,1386,GRAMADO DOS LOUREIROS,RS,4309126,2014,43490.07,198.6097,0.288600,2026,7,f,1252.53
PARANA,PEROLA D'OESTE,15,5863,PEROLA D'OESTE,PR,4119004,6221,43479.67,241.1188,0.255842,2026,7,f,2376.50
CEARA,PEREIRO,7,12002,PEREIRO,CE,2310803,15274,43452.53,45.8295,0.058324,2026,7,f,719.30
MATO GROSSO,MIRASSOL D'OESTE,30,25104,MIRASSOL D'OESTE,MT,5105622,26785,43433.97,112.0030,0.119503,2026,7,f,1480.30
RIO GRANDE DO SUL,COQUEIRO BAIXO,1,959,COQUEIRO BAIXO,RS,4305835,1290,43419.38,77.5194,0.104275,2026,7,f,2430.83
SAO PAULO,JACUPIRANGA,16,11194,JACUPIRANGA,SP,3524600,16097,43418.09,99.3974,0.142934,2026,7,f,1256.95
PARANA,SANTA LUCIA,1,3168,SANTA LUCIA,PR,4123824,3644,43410.54,27.4424,0.031566,2026,7,f,1305.23
TOCANTINS,GURUPI,153,82247,GURUPI,TO,1709500,85125,43406.95,179.7357,0.186025,2026,7,f,1665.16
GOIAS,MOIPORA,0,853,MOIPORA,GO,5213400,1685,43404.15,0.0000,0.000000,2026,7,f,1576.61
SANTA CATARINA,ARROIO TRINTA,3,3945,ARROIO TRINTA,SC,4201604,3556,43390.61,84.3645,0.076046,2026,7,f,2168.63
GOIAS,NIQUELANDIA,21,27242,NIQUELANDIA,GO,5214606,34964,43362.40,60.0618,0.077087,2026,7,f,1385.45
SAO PAULO,BURITAMA,41,14516,BURITAMA,SP,3508108,17210,43358.74,238.2336,0.282447,2026,7,f,1627.85
RIO DE JANEIRO,VASSOURAS,155,19786,VASSOURAS,RJ,3306206,33976,43350.60,456.2044,0.783382,2026,7,f,1519.05
TOCANTINS,DARCINOPOLIS,2,2179,DARCINOPOLIS,TO,1706506,5827,43340.14,34.3230,0.091785,2026,7,f,865.80
MINAS GERAIS,RIO DOCE,3,1561,RIO DOCE,MG,3155009,2484,43333.74,120.7729,0.192184,2026,7,f,1332.87
PARANA,ANDIRA,34,17614,ANDIRA,PR,4101101,19878,43322.92,171.0434,0.193028,2026,7,f,1578.21
RIO GRANDE DO NORTE,RIACHUELO,5,2178,RIACHUELO,RN,2410900,7389,43298.28,67.6682,0.229568,2026,7,f,761.66
RONDONIA,NOVO HORIZONTE DO OESTE,3,6264,NOVO HORIZONTE DO OESTE,RO,1100502,7667,43296.99,39.1287,0.047893,2026,7,f,1102.33
RIO GRANDE DO SUL,CAMBARA DO SUL,7,4266,CAMBARA DO SUL,RS,4303608,6361,43284.39,110.0456,0.164088,2026,7,f,1511.60
ESPIRITO SANTO,JAGUARE,63,22678,JAGUARE,ES,3203056,28931,43277.90,217.7595,0.277802,2026,7,f,1288.05
SANTA CATARINA,SANTA CECILIA,31,13222,SANTA CECILIA,SC,4215505,15546,43242.63,199.4082,0.234458,2026,7,f,1544.14
SAO PAULO,SANTA ISABEL,166,38863,SANTA ISABEL,SP,3546801,53174,43217.76,312.1826,0.427141,2026,7,f,1412.60
SAO PAULO,CARAGUATATUBA,702,92660,CARAGUATATUBA,SP,3510500,134873,43172.58,520.4896,0.757608,2026,7,f,1578.40
MINAS GERAIS,UBA,190,80895,UBA,MG,3169901,103365,43169.47,183.8146,0.234872,2026,7,f,1507.27
PARANA,PITANGA,42,28423,PITANGA,PR,4119608,33567,43159.77,125.1229,0.147768,2026,7,f,1584.10
RIO GRANDE DO SUL,TAPES,12,10872,TAPES,RS,4321105,14695,43150.05,81.6604,0.110375,2026,7,f,1449.76
PERNAMBUCO,BELO JARDIM,74,41342,BELO JARDIM,PE,2601706,79507,43136.18,93.0736,0.178995,2026,7,f,891.95
TOCANTINS,OLIVEIRA DE FATIMA,2,516,OLIVEIRA DE FATIMA,TO,1715507,1164,43108.25,171.8213,0.387597,2026,7,f,925.74
MATO GROSSO DO SUL,GLORIA DE DOURADOS,11,7970,GLORIA DE DOURADOS,MS,5004007,10444,43080.24,105.3236,0.138018,2026,7,f,1559.86
ESPIRITO SANTO,ATILIO VIVACQUA,21,7440,ATILIO VIVACQUA,ES,3200706,10540,43058.73,199.2410,0.282258,2026,7,f,1103.70
RIO GRANDE DO SUL,RESTINGA SECA,28,10922,RESTINGA SECA,RS,4315503,14939,43057.10,187.4289,0.256363,2026,7,f,1470.95
SANTA CATARINA,JUPIA,3,2046,JUPIA,SC,4209177,2555,43052.45,117.4168,0.146628,2026,7,f,2527.58
MINAS GERAIS,CARRANCAS,1,2232,CARRANCAS,MG,3114600,4049,43049.39,24.6975,0.044803,2026,7,f,1610.15
TOCANTINS,PIRAQUE,1,661,PIRAQUE,TO,1717206,2282,43049.08,43.8212,0.151286,2026,7,f,857.47
MINAS GERAIS,JUIZ DE FORA,2906,318559,JUIZ DE FORA,MG,3136702,540756,43035.36,537.3958,0.912233,2026,7,f,1983.62
RIO DE JANEIRO,TERESOPOLIS,869,119275,TERESOPOLIS,RJ,3305802,165123,43025.78,526.2744,0.728568,2026,7,f,1860.47
PARA,REDENCAO,143,91308,REDENCAO,PA,1506138,85597,43012.09,167.0619,0.156613,2026,7,f,1295.20
SAO PAULO,ITAI,55,17792,ITAI,SP,3521804,25180,43000.48,218.4273,0.309128,2026,7,f,1400.91
GOIAS,ITAJA,5,3595,ITAJA,GO,5210802,4380,42992.24,114.1553,0.139082,2026,7,f,1582.01
ESPIRITO SANTO,COLATINA,580,91782,COLATINA,ES,3201506,120033,42971.06,483.2005,0.631932,2026,7,f,1603.31
TOCANTINS,ARAGUAINA,679,166784,ARAGUAINA,TO,1702109,171301,42951.52,396.3783,0.407113,2026,7,f,1450.20
ALAGOAS,MURICI,16,7591,MURICI,AL,2705507,25187,42894.71,63.5248,0.210776,2026,7,f,749.66
PARANA,CAMPINA DA LAGOA,17,12613,CAMPINA DA LAGOA,PR,4103909,15723,42893.98,108.1219,0.134782,2026,7,f,1619.88
PARANA,IBAITI,43,22022,IBAITI,PR,4109708,28830,42887.86,149.1502,0.195259,2026,7,f,1437.92
RONDONIA,CASTANHEIRAS,1,1870,CASTANHEIRAS,RO,1100908,3233,42868.54,30.9310,0.053476,2026,7,f,1163.49
GOIAS,URUTAI,4,1906,URUTAI,GO,5221809,3553,42866.31,112.5809,0.209864,2026,7,f,1587.02
ESPIRITO SANTO,PINHEIROS,46,13189,PINHEIROS,ES,3204104,23915,42846.58,192.3479,0.348775,2026,7,f,1123.49
RIO GRANDE DO SUL,ALEGRETE,114,47438,ALEGRETE,RS,4300406,72409,42840.37,157.4390,0.240314,2026,7,f,1653.21
BAHIA,VARZEA NOVA,6,3929,VARZEA NOVA,BA,2933158,13377,42839.20,44.8531,0.152711,2026,7,f,676.06
RIO GRANDE DO SUL,TRES COROAS,54,19050,TRES COROAS,RS,4321709,24425,42827.96,221.0850,0.283465,2026,7,f,1619.03
RIO GRANDE DO SUL,SANTA MARIA DO HERVAL,14,5482,SANTA MARIA DO HERVAL,RS,4316956,6340,42823.50,220.8202,0.255381,2026,7,f,1764.69
MINAS GERAIS,VARGEM BONITA,0,1304,VARGEM BONITA,MG,3170602,2158,42818.35,0.0000,0.000000,2026,7,f,1496.78
TOCANTINS,ITAPIRATINS,1,1571,ITAPIRATINS,TO,1710904,3577,42798.43,27.9564,0.063654,2026,7,f,933.46
SAO PAULO,JOAO RAMALHO,2,2411,JOAO RAMALHO,SP,3525607,4371,42781.97,45.7561,0.082953,2026,7,f,1261.53
MINAS GERAIS,CAPITOLIO,10,8709,CAPITOLIO,MG,3112802,10380,42758.09,96.3391,0.114824,2026,7,f,1679.34
RIO GRANDE DO SUL,DERRUBADAS,3,2203,DERRUBADAS,RS,4306320,2751,42741.19,109.0513,0.136178,2026,7,f,1783.00
RIO GRANDE DO SUL,SAO BORJA,147,45204,SAO BORJA,RS,4318002,59676,42737.25,246.3302,0.325192,2026,7,f,1568.58
RIO GRANDE DO SUL,CANDELARIA,25,22699,CANDELARIA,RS,4304200,28906,42713.52,86.4872,0.110137,2026,7,f,1375.38
TOCANTINS,NOVA OLINDA,5,4956,NOVA OLINDA,TO,1714880,10367,42683.90,48.2300,0.100888,2026,7,f,916.26
RONDONIA,PRIMAVERA DE RONDONIA,2,2717,PRIMAVERA DE RONDONIA,RO,1101476,3076,42650.52,65.0195,0.073611,2026,7,f,919.32
RIO DE JANEIRO,SAO JOSE DO VALE DO RIO PRETO,34,15043,SAO JOSE DO VALE DO RIO PRETO,RJ,3305158,22080,42646.97,153.9855,0.226019,2026,7,f,1203.03
MINAS GERAIS,ITANHANDU,10,11097,ITANHANDU,MG,3133105,15236,42614.60,65.6340,0.090114,2026,7,f,1483.59
PARANA,ANAHY,2,2433,ANAHY,PR,4101051,2918,42605.55,68.5401,0.082203,2026,7,f,1370.33
SANTA CATARINA,MIRIM DOCE,2,2263,MIRIM DOCE,SC,4210852,2511,42587.42,79.6495,0.088378,2026,7,f,1380.51
RIO GRANDE DO SUL,ALPESTRE,3,5704,ALPESTRE,RS,4300505,7117,42555.71,42.1526,0.052595,2026,7,f,2094.44
RIO GRANDE DO SUL,BOSSOROCA,5,4056,BOSSOROCA,RS,4302501,5890,42538.20,84.8896,0.123274,2026,7,f,1390.70
GOIAS,SAO JOAO D'ALIANCA,2,4708,SAO JOAO D'ALIANCA,GO,5220009,14041,42537.57,14.2440,0.042481,2026,7,f,915.03
RIO GRANDE DO SUL,PIRATINI,15,12958,PIRATINI,RS,4314605,17504,42525.19,85.6947,0.115759,2026,7,f,1240.96
PARANA,ITAUNA DO SUL,4,2466,ITAUNA DO SUL,PR,4111308,3572,42504.20,111.9821,0.162206,2026,7,f,1251.41
SANTA CATARINA,SANTA TEREZINHA,6,6019,SANTA TEREZINHA,SC,4215679,8066,42495.54,74.3863,0.099684,2026,7,f,1685.25
MARANHAO,SAO DOMINGOS DO AZEITAO,3,2418,SAO DOMINGOS DO AZEITAO,MA,2110658,7992,42493.62,37.5375,0.124069,2026,7,f,762.98
RIO GRANDE DO SUL,SAO JOSE DOS AUSENTES,3,2139,SAO JOSE DOS AUSENTES,RS,4318622,4172,42468.12,71.9080,0.140252,2026,7,f,1066.14
PARANA,CAMBARA,33,20179,CAMBARA,PR,4103602,23212,42457.00,142.1678,0.163536,2026,7,f,1436.07
RIO GRANDE DO SUL,TENENTE PORTELA,16,11086,TENENTE PORTELA,RS,4321402,14497,42416.64,110.3677,0.144326,2026,7,f,1735.10
PARA,SAO GERALDO DO ARAGUAIA,6,11812,SAO GERALDO DO ARAGUAIA,PA,1507458,24255,42408.78,24.7372,0.050796,2026,7,f,852.58
SAO PAULO,MOTUCA,0,2962,MOTUCA,SP,3532058,4034,42396.38,0.0000,0.000000,2026,7,f,1479.74
MINAS GERAIS,BOM DESPACHO,67,39326,BOM DESPACHO,MG,3107406,51737,42391.56,129.5011,0.170371,2026,7,f,1785.98
MINAS GERAIS,GUIMARANIA,10,5708,GUIMARANIA,MG,3128907,8478,42383.11,117.9523,0.175193,2026,7,f,1410.72
MINAS GERAIS,NOVA BELEM,2,1604,NOVA BELEM,MG,3144672,3151,42379.56,63.4719,0.124688,2026,7,f,924.70
GOIAS,GOIANDIRA,6,3502,GOIANDIRA,GO,5208509,4973,42375.23,120.6515,0.171331,2026,7,f,1519.40
MINAS GERAIS,DELFINOPOLIS,2,4458,DELFINOPOLIS,MG,3121209,8393,42373.41,23.8294,0.044863,2026,7,f,1458.39
MINAS GERAIS,GUARANESIA,16,14239,GUARANESIA,MG,3128303,19150,42362.87,83.5509,0.112367,2026,7,f,1386.82
BAHIA,SAO GONCALO DOS CAMPOS,47,11080,SAO GONCALO DOS CAMPOS,BA,2929305,39513,42350.26,118.9482,0.424188,2026,7,f,898.41
GOIAS,FAZENDA NOVA,3,3999,FAZENDA NOVA,GO,5207600,5877,42336.06,51.0465,0.075019,2026,7,f,1503.77
SANTA CATARINA,NOVA ITABERABA,13,4315,NOVA ITABERABA,SC,4211454,4536,42317.46,286.5961,0.301275,2026,7,f,2406.86
ACRE,EPITACIOLANDIA,16,9494,EPITACIOLANDIA,AC,1200252,18757,42300.31,85.3015,0.168527,2026,7,f,1026.76
PARANA,SAO TOME,4,4420,SAO TOME,PR,4126108,5232,42277.14,76.4526,0.090498,2026,7,f,1352.04
PARANA,ALVORADA DO SUL,11,7378,ALVORADA DO SUL,PR,4100806,10326,42266.41,106.5272,0.149092,2026,7,f,1538.57
PARANA,BITURUNA,12,13122,BITURUNA,PR,4102901,15533,42256.94,77.2549,0.091449,2026,7,f,1382.61
RIO GRANDE DO SUL,VERA CRUZ,58,22371,VERA CRUZ,RS,4322707,26710,42184.05,217.1471,0.259264,2026,7,f,1596.06
RIO GRANDE DO SUL,SETE DE SETEMBRO,0,1583,SETE DE SETEMBRO,RS,4320578,1830,42178.14,0.0000,0.000000,2026,7,f,1435.27
RIO GRANDE DO SUL,MARATA,7,2447,MARATA,RS,4311791,2470,42164.78,283.4008,0.286065,2026,7,f,2028.04
SERGIPE,ROSARIO DO CATETE,3,3159,ROSARIO DO CATETE,SE,2806107,9295,42160.09,32.2754,0.094967,2026,7,f,753.63
SAO PAULO,PEDREIRA,148,42555,PEDREIRA,SP,3537107,43112,42152.81,343.2919,0.347785,2026,7,f,1769.50
ESPIRITO SANTO,VILA VELHA,5222,293852,VILA VELHA,ES,3205200,467722,42143.26,1116.4752,1.777085,2026,7,f,2232.27
PIAUI,BARREIRAS DO PIAUI,1,491,BARREIRAS DO PIAUI,PI,2201309,3264,42139.09,30.6373,0.203666,2026,7,f,660.51
SAO PAULO,IBITINGA,279,54442,IBITINGA,SP,3519600,60033,42124.08,464.7444,0.512472,2026,7,f,1437.98
RIO GRANDE DO SUL,CACHOEIRA DO SUL,131,61994,CACHOEIRA DO SUL,RS,4303004,80070,42103.62,163.6068,0.211311,2026,7,f,1757.97
PARA,MEDICILANDIA,8,11114,MEDICILANDIA,PA,1504455,27094,42093.05,29.5268,0.071981,2026,7,f,763.10
RIO GRANDE DO SUL,RELVADO,2,1721,RELVADO,RS,4315453,1796,42091.87,111.3586,0.116212,2026,7,f,1810.47
SANTA CATARINA,UNIAO DO OESTE,2,2620,UNIAO DO OESTE,SC,4218855,2774,42088.32,72.0981,0.076336,2026,7,f,2224.06
MATO GROSSO,ROSARIO OESTE,22,8002,ROSARIO OESTE,MT,5107701,15453,42087.43,142.3672,0.274931,2026,7,f,1249.99
RIO GRANDE DO SUL,SANTO ANTONIO DAS MISSOES,4,7674,SANTO ANTONIO DAS MISSOES,RS,4317707,10300,42070.19,38.8350,0.052124,2026,7,f,1526.41
PARANA,ESPIGAO ALTO DO IGUACU,1,1994,ESPIGAO ALTO DO IGUACU,PR,4107546,4797,42057.95,20.8464,0.050150,2026,7,f,1363.45
SAO PAULO,APARECIDA,109,24540,APARECIDA,SP,3502507,32569,42055.30,334.6741,0.444173,2026,7,f,1468.76
SAO PAULO,BILAC,21,6696,BILAC,SP,3506409,7319,42047.41,286.9244,0.313620,2026,7,f,1639.46
SANTA CATARINA,ARARANGUA,442,72731,ARARANGUA,SC,4201406,71922,42033.04,614.5547,0.607719,2026,7,f,1922.77
SAO PAULO,ARTUR NOGUEIRA,204,48600,ARTUR NOGUEIRA,SP,3503802,51456,42032.67,396.4552,0.419753,2026,7,f,1649.80
SAO PAULO,RIBEIRAO PIRES,407,81617,RIBEIRAO PIRES,SP,3543303,115559,41997.85,352.2010,0.498671,2026,7,f,1660.30
SAO PAULO,PEDRANOPOLIS,3,2225,PEDRANOPOLIS,SP,3536901,2787,41954.79,107.6426,0.134831,2026,7,f,1530.81
PARANA,SAO PEDRO DO PARANA,4,2073,SAO PEDRO DO PARANA,PR,4125902,2661,41823.00,150.3194,0.192957,2026,7,f,1682.34
RIO GRANDE DO SUL,SEVERIANO DE ALMEIDA,9,3241,SEVERIANO DE ALMEIDA,RS,4320602,3406,41812.10,264.2396,0.277692,2026,7,f,2745.42
SANTA CATARINA,AGUAS MORNAS,37,6677,AGUAS MORNAS,SC,4200606,6743,41790.30,548.7172,0.554141,2026,7,f,1876.74
GOIAS,PARANAIGUARA,7,6128,PARANAIGUARA,GO,5216304,7607,41781.25,92.0205,0.114230,2026,7,f,1222.10
SAO PAULO,SANTO ANTONIO DA ALEGRIA,10,4754,SANTO ANTONIO DA ALEGRIA,SP,3547908,6775,41761.92,147.6015,0.210349,2026,7,f,1366.48
GOIAS,SANTA ISABEL,0,1788,SANTA ISABEL,GO,5219357,3538,41745.05,0.0000,0.000000,2026,7,f,1333.06
MINAS GERAIS,MARTINHO CAMPOS,8,11819,MARTINHO CAMPOS,MG,3140506,14003,41723.77,57.1306,0.067688,2026,7,f,1396.61
RIO GRANDE DO SUL,TUCUNDUVA,16,4946,TUCUNDUVA,RS,4322103,5542,41710.93,288.7044,0.323494,2026,7,f,1823.72
PARANA,SANTA AMELIA,2,2054,SANTA AMELIA,PR,4123105,3394,41703.59,58.9275,0.097371,2026,7,f,1219.36
AMAPA,MACAPA,1699,224995,MACAPA,AP,1600303,442933,41701.25,383.5795,0.755128,2026,7,f,1313.17
RONDONIA,NOVA MAMORE,15,14309,NOVA MAMORE,RO,1100338,25444,41682.36,58.9530,0.104829,2026,7,f,1152.19
SANTA CATARINA,RIQUEZA,8,4329,RIQUEZA,SC,4215075,4768,41668.20,167.7852,0.184800,2026,7,f,1853.54
SAO PAULO,CAMPO LIMPO PAULISTA,196,57598,CAMPO LIMPO PAULISTA,SP,3509601,77632,41657.24,252.4732,0.340290,2026,7,f,1564.93
ESPIRITO SANTO,ITARANA,26,10036,ITARANA,ES,3202900,10597,41638.29,245.3525,0.259067,2026,7,f,1524.80
SAO PAULO,ENGENHEIRO COELHO,66,14275,ENGENHEIRO COELHO,SP,3515152,19566,41622.71,337.3198,0.462347,2026,7,f,1609.27
PARANA,TOMAZINA,4,5187,TOMAZINA,PR,4127809,8426,41593.28,47.4721,0.077116,2026,7,f,1530.72
MINAS GERAIS,TAPIRAI,0,831,TAPIRAI,MG,3168200,1690,41586.39,0.0000,0.000000,2026,7,f,1331.31
SAO PAULO,ROSEIRA,19,6875,ROSEIRA,SP,3544301,10832,41572.56,175.4062,0.276364,2026,7,f,1393.07
SAO PAULO,URANIA,15,8435,URANIA,SP,3555802,8833,41505.72,169.8177,0.177830,2026,7,f,1502.78
RIO GRANDE DO SUL,SAO PEDRO DAS MISSOES,0,1440,SAO PEDRO DAS MISSOES,RS,4319364,1757,41497.44,0.0000,0.000000,2026,7,f,1178.39
SAO PAULO,BERTIOGA,361,38735,BERTIOGA,SP,3506359,64188,41496.07,562.4104,0.931974,2026,7,f,1511.97
RIO GRANDE DO NORTE,NATAL,7103,486730,NATAL,RN,2408102,751300,41477.50,945.4279,1.459331,2026,7,f,2049.37
SANTA CATARINA,SAO MIGUEL DA BOA VISTA,0,1507,SAO MIGUEL DA BOA VISTA,SC,4217154,1781,41477.26,0.0000,0.000000,2026,7,f,2281.10
SANTA CATARINA,TIMBO GRANDE,13,5077,TIMBO GRANDE,SC,4218251,7342,41467.31,177.0635,0.256057,2026,7,f,1221.89
MATO GROSSO,GUARANTA DO NORTE,23,34776,GUARANTA DO NORTE,MT,5104104,31024,41462.38,74.1362,0.066138,2026,7,f,1740.16
RIO GRANDE DO SUL,BOM RETIRO DO SUL,36,10740,BOM RETIRO DO SUL,RS,4302402,12294,41461.28,292.8258,0.335196,2026,7,f,1774.79
SAO PAULO,CAMPOS DO JORDAO,170,45483,CAMPOS DO JORDAO,SP,3509700,46974,41444.18,361.9023,0.373766,2026,7,f,1626.97
PARANA,SANTO ANTONIO DA PLATINA,120,35109,SANTO ANTONIO DA PLATINA,PR,4124103,44369,41422.71,270.4591,0.341793,2026,7,f,1439.66
SAO PAULO,SANTO ANTONIO DO JARDIM,15,4836,SANTO ANTONIO DO JARDIM,SP,3548104,6126,41420.67,244.8580,0.310174,2026,7,f,1487.79
SANTA CATARINA,BANDEIRANTE,4,2630,BANDEIRANTE,SC,4202081,3144,41418.58,127.2265,0.152091,2026,7,f,1849.34
MINAS GERAIS,TRES PONTAS,111,38745,TRES PONTAS,MG,3169406,55255,41417.07,200.8868,0.286489,2026,7,f,1459.07
SAO PAULO,INDIAPORA,3,3351,INDIAPORA,SP,3520707,4035,41409.42,74.3494,0.089526,2026,7,f,1550.80
SAO PAULO,SALES,8,4602,SALES,SP,3544806,6437,41359.95,124.2815,0.173837,2026,7,f,1449.56
RIO GRANDE DO SUL,MULITERNO,1,1530,MULITERNO,RS,4312625,1721,41353.86,58.1058,0.065359,2026,7,f,2360.89
SAO PAULO,CABRALIA PAULISTA,1,3282,CABRALIA PAULISTA,SP,3508306,4299,41284.25,23.2612,0.030469,2026,7,f,1242.79
PARANA,SALTO DO LONTRA,14,11478,SALTO DO LONTRA,PR,4123006,15223,41283.19,91.9661,0.121972,2026,7,f,1937.98
SANTA CATARINA,BOCAINA DO SUL,0,2590,BOCAINA DO SUL,SC,4202438,3515,41275.68,0.0000,0.000000,2026,7,f,1561.31
SANTA CATARINA,SAO BERNARDINO,0,2066,SAO BERNARDINO,SC,4215752,2684,41274.59,0.0000,0.000000,2026,7,f,2364.31
MINAS GERAIS,CARMO DO PARANAIBA,21,25575,CARMO DO PARANAIBA,MG,3114303,29011,41200.54,72.3863,0.082111,2026,7,f,1498.40
RIO GRANDE DO SUL,RONDA ALTA,10,7503,RONDA ALTA,RS,4316105,9777,41200.37,102.2809,0.133280,2026,7,f,2330.21
RIO GRANDE DO SUL,CRISTAL,5,5863,CRISTAL,RS,4306056,7299,41174.13,68.5025,0.085281,2026,7,f,1456.88
SAO PAULO,SUD MENNUCCI,10,5134,SUD MENNUCCI,SP,3552304,7355,41169.41,135.9619,0.194780,2026,7,f,1361.70
RONDONIA,MIRANTE DA SERRA,9,8688,MIRANTE DA SERRA,RO,1101302,9235,41167.19,97.4553,0.103591,2026,7,f,1199.72
RIO GRANDE DO SUL,NOVO XINGU,1,1174,NOVO XINGU,RS,4313466,1646,41154.92,60.7533,0.085179,2026,7,f,2118.70
MATO GROSSO DO SUL,DOIS IRMAOS DO BURITI,6,5399,DOIS IRMAOS DO BURITI,MS,5003488,11100,41151.08,54.0541,0.111132,2026,7,f,1232.92
RIO GRANDE DO SUL,RIO DOS INDIOS,1,1822,RIO DOS INDIOS,RS,4315552,2835,41149.91,35.2734,0.054885,2026,7,f,1646.66
MINAS GERAIS,CAPITAO ENEAS,3,5493,CAPITAO ENEAS,MG,3112703,14108,41139.64,21.2645,0.054615,2026,7,f,885.31
SAO PAULO,IRAPUA,6,5008,IRAPUA,SP,3521507,6867,41126.55,87.3744,0.119808,2026,7,f,1334.09
SANTA CATARINA,RIO DO CAMPO,4,6078,RIO DO CAMPO,SC,4214508,6452,41122.60,61.9963,0.065811,2026,7,f,2058.98
SAO PAULO,MACATUBA,23,13013,MACATUBA,SP,3528007,16829,41110.40,136.6688,0.176746,2026,7,f,1555.42
PARANA,IVATE,3,5833,IVATE,PR,4111555,6831,41052.55,43.9174,0.051432,2026,7,f,1318.30
BAHIA,SENTO SE,2,4999,SENTO SE,BA,2930204,38154,41049.27,5.2419,0.040008,2026,7,f,604.61
RIO GRANDE DO SUL,FORMIGUEIRO,5,4754,FORMIGUEIRO,RS,4308409,6413,41044.13,77.9666,0.105175,2026,7,f,1436.99
PARANA,ABATIA,3,5375,ABATIA,PR,4100103,7241,41039.36,41.4307,0.055814,2026,7,f,1096.83
MINAS GERAIS,MONTE CARMELO,44,44062,MONTE CARMELO,MG,3143104,47692,41037.51,92.2587,0.099859,2026,7,f,1490.73
RIO GRANDE DO SUL,PUTINGA,7,3423,PUTINGA,RS,4315206,3747,41034.96,186.8161,0.204499,2026,7,f,1838.13
PARANA,MARILUZ,5,7228,MARILUZ,PR,4115101,9847,41023.36,50.7769,0.069175,2026,7,f,1300.28
MINAS GERAIS,CORDISLANDIA,1,1648,CORDISLANDIA,MG,3119005,3200,40995.94,31.2500,0.060680,2026,7,f,1028.84
RIO GRANDE DO SUL,SAO LOURENCO DO SUL,65,33912,SAO LOURENCO DO SUL,RS,4318804,41989,40953.49,154.8024,0.191673,2026,7,f,1750.71
MATO GROSSO,CARLINDA,5,7708,CARLINDA,MT,5102793,10332,40950.25,48.3933,0.064868,2026,7,f,1460.34
MINAS GERAIS,PIAU,0,1707,PIAU,MG,3150109,2796,40942.42,0.0000,0.000000,2026,7,f,1225.92
RONDONIA,ALTO PARAISO,6,11326,ALTO PARAISO,RO,1100403,16320,40926.65,36.7647,0.052975,2026,7,f,1185.26
SAO PAULO,VARZEA PAULISTA,210,86650,VARZEA PAULISTA,SP,3556503,115771,40908.88,181.3926,0.242354,2026,7,f,1446.57
SAO PAULO,MIRANTE DO PARANAPANEMA,13,11335,MIRANTE DO PARANAPANEMA,SP,3530201,15917,40906.45,81.6737,0.114689,2026,7,f,1182.36
RIO GRANDE DO SUL,ROSARIO DO SUL,41,25622,ROSARIO DO SUL,RS,4316402,36630,40903.99,111.9301,0.160019,2026,7,f,1627.08
SAO PAULO,BIRIGUI,423,117743,BIRIGUI,SP,3506508,118979,40902.09,355.5249,0.359257,2026,7,f,1732.98
RIO GRANDE DO SUL,MOSTARDAS,12,8783,MOSTARDAS,RS,4312500,12090,40888.42,99.2556,0.136628,2026,7,f,1246.83
ESPIRITO SANTO,RIO BANANAL,63,20809,RIO BANANAL,ES,3204351,19274,40878.80,326.8652,0.302754,2026,7,f,1231.12
ESPIRITO SANTO,CACHOEIRO DE ITAPEMIRIM,1097,145453,CACHOEIRO DE ITAPEMIRIM,ES,3201209,185786,40872.58,590.4643,0.754196,2026,7,f,1516.30
SANTA CATARINA,SAO JOSE DO CERRITO,4,5822,SAO JOSE DO CERRITO,SC,4216800,8708,40869.77,45.9348,0.068705,2026,7,f,1223.88
ESPIRITO SANTO,ALFREDO CHAVES,55,13146,ALFREDO CHAVES,ES,3200300,13836,40863.33,397.5137,0.418378,2026,7,f,1469.82
PARANA,VERA CRUZ DO OESTE,7,7250,VERA CRUZ DO OESTE,PR,4128559,8215,40852.95,85.2100,0.096552,2026,7,f,1368.31
PARANA,CAMPO DO TENENTE,6,5089,CAMPO DO TENENTE,PR,4104105,7508,40846.16,79.9148,0.117901,2026,7,f,1119.38
MARANHAO,SAO LUIS,6420,531809,SAO LUIS,MA,2111300,1037775,40846.09,618.6312,1.207200,2026,7,f,1595.48
RIO DE JANEIRO,SANTO ANTONIO DE PADUA,79,25066,SANTO ANTONIO DE PADUA,RJ,3304706,41325,40806.70,191.1676,0.315168,2026,7,f,1308.22
SAO PAULO,IPUA,27,9729,IPUA,SP,3521309,14454,40806.01,186.7995,0.277521,2026,7,f,1452.66
SAO PAULO,DRACENA,105,41992,DRACENA,SP,3514403,45474,40797.47,230.9012,0.250048,2026,7,f,1886.73
RIO GRANDE DO SUL,VANINI,1,1922,VANINI,RS,4322558,2004,40780.44,49.9002,0.052029,2026,7,f,1773.91
SAO PAULO,FRANCA,1768,318316,FRANCA,SP,3516200,352536,40777.87,501.5091,0.555423,2026,7,f,1734.79
BAHIA,MATA DE SAO JOAO,99,15901,MATA DE SAO JOAO,BA,2921005,42566,40756.87,232.5800,0.622602,2026,7,f,894.54
PARANA,TRES BARRAS DO PARANA,17,9048,TRES BARRAS DO PARANA,PR,4127858,11135,40731.93,152.6718,0.187887,2026,7,f,1602.60
SAO PAULO,VOTORANTIM,903,92400,VOTORANTIM,SP,3557006,127923,40724.92,705.8934,0.977273,2026,7,f,1837.40
SAO PAULO,TORRINHA,19,9122,TORRINHA,SP,3554706,9335,40715.05,203.5351,0.208288,2026,7,f,1525.18
SAO PAULO,IARAS,0,3276,IARAS,SP,3519253,8010,40700.00,0.0000,0.000000,2026,7,f,1284.97
RIO GRANDE DO SUL,CAPAO DA CANOA,441,47028,CAPAO DA CANOA,RS,4304630,63594,40698.19,693.4616,0.937739,2026,7,f,1932.27
SANTA CATARINA,LEBON REGIS,8,8513,LEBON REGIS,SC,4209706,11472,40683.75,69.7350,0.093974,2026,7,f,1252.95
PARANA,ESPERANCA NOVA,1,1599,ESPERANCA NOVA,PR,4107520,1849,40683.61,54.0833,0.062539,2026,7,f,1417.10
GOIAS,SIMOLANDIA,1,3805,SIMOLANDIA,GO,5220686,5742,40637.23,17.4155,0.026281,2026,7,f,955.32
RONDONIA,ROLIM DE MOURA,90,57547,ROLIM DE MOURA,RO,1100288,56406,40556.52,159.5575,0.156394,2026,7,f,1446.88
RIO GRANDE DO SUL,NOVA ESPERANCA DO SUL,3,3685,NOVA ESPERANCA DO SUL,RS,4313037,4865,40542.24,61.6650,0.081411,2026,7,f,1628.39
SAO PAULO,PAULICEIA,11,6973,PAULICEIA,SP,3536406,7955,40527.22,138.2778,0.157751,2026,7,f,1196.60
PARANA,GUARACI,5,3747,GUARACI,PR,4109203,4748,40499.37,105.3075,0.133440,2026,7,f,1709.29
BAHIA,ILHEUS,354,60408,ILHEUS,BA,2913606,178649,40494.94,198.1539,0.586015,2026,7,f,1298.64
SAO PAULO,GUARIBA,77,26833,GUARIBA,SP,3518602,37498,40482.00,205.3443,0.286960,2026,7,f,1320.05
PARANA,ALTO PARANA,22,10438,ALTO PARANA,PR,4100608,13909,40453.45,158.1710,0.210768,2026,7,f,1448.91
MINAS GERAIS,CAMPOS ALTOS,13,9850,CAMPOS ALTOS,MG,3111507,12979,40439.09,100.1618,0.131980,2026,7,f,1463.90
SAO PAULO,ARAMINA,4,3703,ARAMINA,SP,3503000,5420,40438.93,73.8007,0.108021,2026,7,f,1628.68
RIO GRANDE DO SUL,CANUDOS DO VALE,1,1260,CANUDOS DO VALE,RS,4304614,1656,40430.56,60.3865,0.079365,2026,7,f,1812.70
MINAS GERAIS,DIVINOPOLIS,737,175444,DIVINOPOLIS,MG,3122306,231091,40414.09,318.9220,0.420077,2026,7,f,1835.09
PARANA,TERRA BOA,35,14610,TERRA BOA,PR,4127205,17568,40409.95,199.2259,0.239562,2026,7,f,1465.38
PARANA,UNIAO DA VITORIA,88,43038,UNIAO DA VITORIA,PR,4128203,55033,40400.72,159.9041,0.204470,2026,7,f,1628.91
MINAS GERAIS,MANHUACU,161,57428,MANHUACU,MG,3139409,91886,40383.06,175.2171,0.280351,2026,7,f,1343.65
SANTA CATARINA,RIO RUFINO,2,1912,RIO RUFINO,SC,4215059,2397,40377.14,83.4376,0.104603,2026,7,f,1770.92
GOIAS,AGUA LIMPA,2,1108,AGUA LIMPA,GO,5200209,1858,40331.00,107.6426,0.180505,2026,7,f,1517.07
MATO GROSSO,SANTA TEREZINHA,0,2335,SANTA TEREZINHA,MT,5107776,7596,40302.40,0.0000,0.000000,2026,7,f,1002.97
TOCANTINS,NATIVIDADE,0,4713,NATIVIDADE,TO,1714203,8754,40295.64,0.0000,0.000000,2026,7,f,1184.27
PARANA,PARAISO DO NORTE,15,10836,PARAISO DO NORTE,PR,4118006,13245,40273.84,113.2503,0.138427,2026,7,f,1575.83
PARANA,ANTONIO OLINTO,2,5237,ANTONIO OLINTO,PR,4101309,7018,40269.45,28.4981,0.038190,2026,7,f,1190.28
MINAS GERAIS,CARMO DO RIO CLARO,14,14614,CARMO DO RIO CLARO,MG,3114402,20954,40263.77,66.8130,0.095799,2026,7,f,1360.13
RIO DE JANEIRO,ITAPERUNA,356,55753,ITAPERUNA,RJ,3302205,101041,40257.29,352.3322,0.638531,2026,7,f,1520.46
RIO GRANDE DO SUL,ALTO ALEGRE,3,1571,ALTO ALEGRE,RS,4300554,1800,40245.56,166.6667,0.190961,2026,7,f,1652.45
MATO GROSSO,JUINA,99,42880,JUINA,MT,5105150,45869,40234.93,215.8320,0.230877,2026,7,f,1597.67
RIO GRANDE DO SUL,SANTA MARIA,1749,191523,SANTA MARIA,RS,4316907,271735,40230.46,643.6418,0.913206,2026,7,f,2365.64
GOIAS,SAO MIGUEL DO ARAGUAIA,16,19694,SAO MIGUEL DO ARAGUAIA,GO,5220207,21900,40219.27,73.0594,0.081243,2026,7,f,1608.32
RIO DE JANEIRO,BARRA MANSA,514,92633,BARRA MANSA,RJ,3300407,169894,40208.10,302.5416,0.554878,2026,7,f,1407.80
SAO PAULO,MONCOES,1,2085,MONCOES,SP,3531001,1937,40207.02,51.6262,0.047962,2026,7,f,1338.77
SAO PAULO,SANTA SALETE,2,1532,SANTA SALETE,SP,3547650,1645,40206.69,121.5805,0.130548,2026,7,f,1589.31
MINAS GERAIS,PEDRO LEOPOLDO,96,41900,PEDRO LEOPOLDO,MG,3149309,62580,40178.60,153.4036,0.229117,2026,7,f,1581.33
RONDONIA,PRESIDENTE MEDICI,13,14996,PRESIDENTE MEDICI,RO,1100254,19327,40165.62,67.2634,0.086690,2026,7,f,1164.63
SAO PAULO,VALENTIM GENTIL,29,12395,VALENTIM GENTIL,SP,3556107,14098,40122.93,205.7029,0.233965,2026,7,f,1475.19
MARANHAO,ACAILANDIA,109,60823,ACAILANDIA,MA,2100055,106550,40114.14,102.2994,0.179209,2026,7,f,1007.41
SAO PAULO,GUARUJA,806,176522,GUARUJA,SP,3518701,287634,40107.77,280.2172,0.456600,2026,7,f,1416.67
MINAS GERAIS,BELA VISTA DE MINAS,9,5167,BELA VISTA DE MINAS,MG,3106002,10167,40103.67,88.5217,0.174182,2026,7,f,1242.62
RIO GRANDE DO SUL,VIADUTOS,8,3893,VIADUTOS,RS,4322905,4769,40097.09,167.7501,0.205497,2026,7,f,1777.55
MINAS GERAIS,SANTA RITA DO ITUETO,7,7108,SANTA RITA DO ITUETO,MG,3159506,5826,40086.68,120.1510,0.098481,2026,7,f,1088.91
MATO GROSSO,CAMPINAPOLIS,0,6652,CAMPINAPOLIS,MT,5102603,15347,40063.60,0.0000,0.000000,2026,7,f,861.15
MINAS GERAIS,VARZEA DA PALMA,9,19967,VARZEA DA PALMA,MG,3170800,33744,40059.09,26.6714,0.045074,2026,7,f,1062.12
SAO PAULO,EMBAUBA,1,1632,EMBAUBA,SP,3514957,2323,40048.21,43.0478,0.061275,2026,7,f,1354.87
RIO GRANDE DO SUL,CANELA,250,38156,CANELA,RS,4304408,48946,40038.39,510.7670,0.655205,2026,7,f,2181.94
MINAS GERAIS,LAGAMAR,5,4556,LAGAMAR,MG,3137106,6631,40025.49,75.4034,0.109745,2026,7,f,1507.22
RONDONIA,SERINGUEIRAS,3,8842,SERINGUEIRAS,RO,1101500,11171,40014.05,26.8553,0.033929,2026,7,f,1027.63
RONDONIA,GOVERNADOR JORGE TEIXEIRA,3,5606,GOVERNADOR JORGE TEIXEIRA,RO,1101005,8001,40010.37,37.4953,0.053514,2026,7,f,943.98
PARANA,SENGES,24,11845,SENGES,PR,4126306,17270,40007.18,138.9693,0.202617,2026,7,f,1315.97
RIO GRANDE DO SUL,TRAVESSEIRO,7,1874,TRAVESSEIRO,RS,4321626,2152,39999.07,325.2788,0.373533,2026,7,f,1637.11
SAO PAULO,IBIUNA,188,66499,IBIUNA,SP,3519709,75605,39990.75,248.6608,0.282711,2026,7,f,1324.95
PARANA,WENCESLAU BRAZ,20,15134,WENCESLAU BRAZ,PR,4128500,19188,39986.24,104.2318,0.132153,2026,7,f,1431.15
PARANA,NOVO ITACOLOMI,2,2519,NOVO ITACOLOMI,PR,4117297,3125,39975.36,64.0000,0.079397,2026,7,f,1568.06
SAO PAULO,SANTA ADELIA,23,13121,SANTA ADELIA,SP,3545605,14018,39972.82,164.0748,0.175292,2026,7,f,1450.23
RIO DE JANEIRO,VARRE-SAI,7,4425,VARRE-SAI,RJ,3306156,10207,39964.24,68.5804,0.158192,2026,7,f,1108.62
SAO PAULO,SANTA RITA DO PASSA QUATRO,57,22231,SANTA RITA DO PASSA QUATRO,SP,3547502,24833,39954.09,229.5333,0.256399,2026,7,f,1753.02
MINAS GERAIS,BARROSO,14,13395,BARROSO,MG,3105905,20080,39930.78,69.7211,0.104517,2026,7,f,1232.08
RIO GRANDE DO SUL,ROLADOR,1,1846,ROLADOR,RS,4315958,2291,39897.42,43.6491,0.054171,2026,7,f,1225.08
SANTA CATARINA,SAO JOAO BATISTA,181,30199,SAO JOAO BATISTA,SC,4216305,32687,39885.09,553.7370,0.599358,2026,7,f,1715.92
RIO GRANDE DO SUL,GUARANI DAS MISSOES,4,6531,GUARANI DAS MISSOES,RS,4309506,7415,39884.42,53.9447,0.061246,2026,7,f,1956.16
SANTA CATARINA,PORTO UNIAO,150,34733,PORTO UNIAO,SC,4213609,32970,39882.86,454.9591,0.431866,2026,7,f,1898.25
SANTA CATARINA,AGUAS DE CHAPECO,4,5249,AGUAS DE CHAPECO,SC,4200507,6036,39866.30,66.2691,0.076205,2026,7,f,1626.84
SAO PAULO,PARANAPUA,1,3464,PARANAPUA,SP,3535903,4031,39854.38,24.8077,0.028868,2026,7,f,1515.68
MINAS GERAIS,GUANHAES,35,24866,GUANHAES,MG,3128006,32244,39834.76,108.5473,0.140754,2026,7,f,1379.63
SANTA CATARINA,PENHA,305,27881,PENHA,SC,4212502,33663,39826.01,906.0393,1.093935,2026,7,f,1753.22
RONDONIA,ITAPUA DO OESTE,9,4890,ITAPUA DO OESTE,RO,1101104,8548,39794.34,105.2878,0.184049,2026,7,f,1014.42
PARANA,PEABIRU,13,9891,PEABIRU,PR,4118808,13346,39764.20,97.4075,0.131433,2026,7,f,1549.52
SAO PAULO,JABORANDI,9,4996,JABORANDI,SP,3524204,6221,39719.50,144.6713,0.180144,2026,7,f,1584.97
SANTA CATARINA,BARRA BONITA,3,1484,BARRA BONITA,SC,4202099,1668,39691.85,179.8561,0.202156,2026,7,f,2909.71
ESPIRITO SANTO,VENDA NOVA DO IMIGRANTE,96,24274,VENDA NOVA DO IMIGRANTE,ES,3205069,23831,39671.52,402.8366,0.395485,2026,7,f,1683.88
RIO GRANDE DO SUL,ILOPOLIS,6,3859,ILOPOLIS,RS,4310306,4157,39668.03,144.3349,0.155481,2026,7,f,2139.37
CEARA,HORIZONTE,93,33887,HORIZONTE,CE,2305233,74755,39660.41,124.4064,0.274442,2026,7,f,762.19
SAO PAULO,NEVES PAULISTA,22,7205,NEVES PAULISTA,SP,3532504,9699,39652.75,226.8275,0.305344,2026,7,f,1828.88
MATO GROSSO,GLORIA D'OESTE,1,2518,GLORIA D'OESTE,MT,5103957,2905,39644.75,34.4234,0.039714,2026,7,f,1190.16
ALAGOAS,BELEM,5,1728,BELEM,AL,2700805,4722,39635.75,105.8873,0.289352,2026,7,f,785.36
SAO PAULO,TRABIJU,3,1091,TRABIJU,SP,3554755,1682,39620.10,178.3591,0.274977,2026,7,f,1217.77
GOIAS,ALTO PARAISO DE GOIAS,2,3942,ALTO PARAISO DE GOIAS,GO,5200605,10306,39619.83,19.4062,0.050736,2026,7,f,1767.85
MINAS GERAIS,POMPEU,17,18054,POMPEU,MG,3152006,31047,39614.39,54.7557,0.094162,2026,7,f,1419.04
MATO GROSSO,NOVO HORIZONTE DO NORTE,3,2356,NOVO HORIZONTE DO NORTE,MT,5106273,3349,39607.64,89.5790,0.127334,2026,7,f,1535.86
PARANA,CATANDUVAS,10,6881,CATANDUVAS,PR,4105003,10446,39602.24,95.7304,0.145328,2026,7,f,1376.45
GOIAS,APARECIDA DE GOIANIA,1846,409690,APARECIDA DE GOIANIA,GO,5201405,527796,39577.67,349.7563,0.450585,2026,7,f,1417.33
SANTA CATARINA,ALFREDO WAGNER,23,9628,ALFREDO WAGNER,SC,4200705,10481,39575.14,219.4447,0.238887,2026,7,f,1625.18
GOIAS,MAIRIPOTABA,0,1587,MAIRIPOTABA,GO,5212600,2561,39573.60,0.0000,0.000000,2026,7,f,1624.03
SANTA CATARINA,PETROLANDIA,14,6068,PETROLANDIA,SC,4212700,6716,39559.56,208.4574,0.230719,2026,7,f,3308.39
PARANA,SANTA FE,28,9035,SANTA FE,PR,4123402,11378,39541.75,246.0889,0.309906,2026,7,f,1458.51
PARANA,GENERAL CARNEIRO,6,8738,GENERAL CARNEIRO,PR,4108502,11062,39531.19,54.2397,0.068666,2026,7,f,1246.29
RIO GRANDE DO SUL,TABAI,7,4307,TABAI,RS,4320859,4461,39509.98,156.9155,0.162526,2026,7,f,1576.83
GOIAS,ANICUNS,42,15918,ANICUNS,GO,5201306,18503,39481.38,226.9902,0.263852,2026,7,f,1473.21
MINAS GERAIS,SAO SEBASTIAO DO PARAISO,93,58915,SAO SEBASTIAO DO PARAISO,MG,3164704,71796,39476.43,129.5337,0.157855,2026,7,f,1629.10
GOIAS,CUMARI,1,1919,CUMARI,GO,5206602,2927,39419.54,34.1647,0.052110,2026,7,f,1392.56
MINAS GERAIS,SIMAO PEREIRA,1,2016,SIMAO PEREIRA,MG,3167509,2947,39392.26,33.9328,0.049603,2026,7,f,1350.40
SANTA CATARINA,MACIEIRA,0,1329,MACIEIRA,SC,4210050,1778,39374.58,0.0000,0.000000,2026,7,f,1809.53
PARANA,RESERVA DO IGUACU,1,3560,RESERVA DO IGUACU,PR,4121752,6553,39346.71,15.2602,0.028090,2026,7,f,1098.19
RONDONIA,SANTA LUZIA D'OESTE,5,5759,SANTA LUZIA D'OESTE,RO,1100296,7419,39343.17,67.3945,0.086821,2026,7,f,1110.56
MINAS GERAIS,SAO JOSE DA LAPA,30,21495,SAO JOSE DA LAPA,MG,3162955,26090,39337.64,114.9866,0.139567,2026,7,f,1319.20
RIO GRANDE DO SUL,NONOAI,29,8599,NONOAI,RS,4312708,13719,39315.84,211.3857,0.337249,2026,7,f,1582.13
SANTA CATARINA,CALMON,1,2138,CALMON,SC,4203154,3443,39260.24,29.0444,0.046773,2026,7,f,1031.92
ALAGOAS,SAO JOSE DA LAJE,13,5923,SAO JOSE DA LAJE,AL,2708303,20813,39253.98,62.4610,0.219483,2026,7,f,702.25
RIO GRANDE DO SUL,ITATI,5,2056,ITATI,RS,4310652,2638,39227.82,189.5375,0.243191,2026,7,f,1327.12
SAO PAULO,ITAPECERICA DA SERRA,326,102016,ITAPECERICA DA SERRA,SP,3522208,158522,39206.76,205.6497,0.319558,2026,7,f,1248.65
RIO GRANDE DO SUL,ARROIO DO TIGRE,18,9639,ARROIO DO TIGRE,RS,4301206,12058,39205.42,149.2785,0.186741,2026,7,f,1519.14
SAO PAULO,FERNANDOPOLIS,295,71448,FERNANDOPOLIS,SP,3515509,71186,39203.05,414.4073,0.412888,2026,7,f,1853.80
RIO GRANDE DO SUL,ARVOREZINHA,15,10318,ARVOREZINHA,RS,4301404,10322,39202.87,145.3207,0.145377,2026,7,f,1561.86
SAO PAULO,BARRA DO CHAPEU,1,3259,BARRA DO CHAPEU,SP,3505351,5179,39171.65,19.3087,0.030684,2026,7,f,888.50
SAO PAULO,UBIRAJARA,4,3533,UBIRAJARA,SP,3555505,5132,39171.08,77.9423,0.113218,2026,7,f,1339.15
RONDONIA,CUJUBIM,4,9624,CUJUBIM,RO,1100940,14863,39167.60,26.9125,0.041563,2026,7,f,1152.39
RIO GRANDE DO SUL,ENGENHO VELHO,1,891,ENGENHO VELHO,RS,4306924,1296,39157.41,77.1605,0.112233,2026,7,f,1746.89
SAO PAULO,PARIQUERA-ACU,28,12488,PARIQUERA-ACU,SP,3536208,19233,39156.50,145.5831,0.224215,2026,7,f,1435.07
PARANA,LOANDA,71,21482,LOANDA,PR,4113502,23225,39155.39,305.7051,0.330509,2026,7,f,1760.13
PARANA,VENTANIA,1,7169,VENTANIA,PR,4128534,9681,39126.54,10.3295,0.013949,2026,7,f,1263.37
SANTA CATARINA,GOVERNADOR CELSO RAMOS,175,12588,GOVERNADOR CELSO RAMOS,SC,4206009,16915,39118.95,1034.5847,1.390213,2026,7,f,1823.64
SAO PAULO,CHAVANTES,17,7081,CHAVANTES,SP,3557204,12211,39081.16,139.2187,0.240079,2026,7,f,1348.48
SANTA CATARINA,FORMOSA DO SUL,1,2275,FORMOSA DO SUL,SC,4205431,2682,39076.44,37.2856,0.043956,2026,7,f,2102.36
RIO DE JANEIRO,CARMO,37,7644,CARMO,RJ,3301207,17198,39066.52,215.1413,0.484040,2026,7,f,1309.80
RIO GRANDE DO NORTE,MOSSORO,1850,225071,MOSSORO,RN,2408003,264577,39019.51,699.2293,0.821963,2026,7,f,1397.73
SANTA CATARINA,IBIRAMA,67,19193,IBIRAMA,SC,4206900,19862,38988.77,337.3276,0.349086,2026,7,f,2075.03
GOIAS,CAVALCANTE,0,2848,CAVALCANTE,GO,5205307,9583,38945.95,0.0000,0.000000,2026,7,f,992.49
SAO PAULO,CONCHAL,65,23545,CONCHAL,SP,3512209,28101,38919.04,231.3085,0.276067,2026,7,f,1349.53
ESPIRITO SANTO,GOVERNADOR LINDENBERG,22,10076,GOVERNADOR LINDENBERG,ES,3202256,11009,38914.80,199.8365,0.218341,2026,7,f,1407.77
SANTA CATARINA,ARMAZEM,23,9744,ARMAZEM,SC,4201505,8834,38902.88,260.3577,0.236043,2026,7,f,2061.11
RIO GRANDE DO SUL,JAGUARAO,50,25063,JAGUARAO,RS,4311007,26603,38897.94,187.9487,0.199497,2026,7,f,1581.33
SAO PAULO,ELISIARIO,3,2090,ELISIARIO,SP,3514924,3138,38869.02,95.6023,0.143541,2026,7,f,1535.69
RIO GRANDE DO SUL,SAO JORGE,5,2419,SAO JORGE,RS,4318440,2912,38857.83,171.7033,0.206697,2026,7,f,1677.22
RIO GRANDE DO SUL,CRISSIUMAL,6,12334,CRISSIUMAL,RS,4306007,12886,38853.02,46.5622,0.048646,2026,7,f,1902.99
MINAS GERAIS,SAO JOAO DEL REI,119,63918,SAO JOAO DEL REI,MG,3162500,90225,38851.16,131.8925,0.186176,2026,7,f,1691.04
PARANA,SAO MANOEL DO PARANA,5,1606,SAO MANOEL DO PARANA,PR,4125555,2138,38835.36,233.8634,0.311333,2026,7,f,1301.92
RIO DE JANEIRO,NOVA FRIBURGO,910,144521,NOVA FRIBURGO,RJ,3303401,189939,38789.12,479.1012,0.629666,2026,7,f,1757.65
SAO PAULO,CARDOSO,7,9220,CARDOSO,SP,3510708,11345,38785.81,61.7012,0.075922,2026,7,f,1515.63
RIO GRANDE DO SUL,MINAS DO LEAO,7,5184,MINAS DO LEAO,RS,4312252,7505,38782.28,93.2712,0.135031,2026,7,f,1237.25
GOIAS,RUBIATABA,21,17291,RUBIATABA,GO,5218904,19788,38782.04,106.1249,0.121450,2026,7,f,1478.55
SAO PAULO,CORONEL MACEDO,3,2410,CORONEL MACEDO,SP,3512605,4280,38749.77,70.0935,0.124481,2026,7,f,1281.73
MATO GROSSO,RONDOLANDIA,0,2003,RONDOLANDIA,MT,5107578,3505,38714.41,0.0000,0.000000,2026,7,f,920.06
ESPIRITO SANTO,MARECHAL FLORIANO,58,16463,MARECHAL FLORIANO,ES,3203346,17641,38704.78,328.7795,0.352305,2026,7,f,1433.67
SAO PAULO,COSMOPOLIS,172,48648,COSMOPOLIS,SP,3512803,59773,38702.49,287.7553,0.353560,2026,7,f,1614.71
SAO PAULO,TACIBA,6,3991,TACIBA,SP,3552908,6260,38672.68,95.8466,0.150338,2026,7,f,1391.05
SAO PAULO,SANTA RITA D'OESTE,1,2084,SANTA RITA D'OESTE,SP,3547403,2733,38611.42,36.5898,0.047985,2026,7,f,1350.25
PERNAMBUCO,SAO BENTO DO UNA,19,22222,SAO BENTO DO UNA,PE,2613008,49449,38607.01,38.4234,0.085501,2026,7,f,678.99
MINAS GERAIS,SANTANA DA VARGEM,5,4377,SANTANA DA VARGEM,MG,3158300,6691,38604.54,74.7272,0.114233,2026,7,f,1385.20
CEARA,QUIXERE,3,12779,QUIXERE,CE,2311504,20874,38601.99,14.3719,0.023476,2026,7,f,900.07
PARANA,PRUDENTOPOLIS,64,40397,PRUDENTOPOLIS,PR,4120606,49393,38587.31,129.5730,0.158428,2026,7,f,1411.17
MINAS GERAIS,SAO JOAO BATISTA DO GLORIA,7,5992,SAO JOAO BATISTA DO GLORIA,MG,3162203,7652,38528.36,91.4794,0.116822,2026,7,f,1378.85
RIO GRANDE DO SUL,MARIANO MORO,2,1748,MARIANO MORO,RS,4312005,1858,38526.91,107.6426,0.114416,2026,7,f,2243.73
SAO PAULO,PRESIDENTE EPITACIO,172,35287,PRESIDENTE EPITACIO,SP,3541307,39505,38520.74,435.3879,0.487432,2026,7,f,1428.42
PARANA,SAO JOSE DA BOA VISTA,7,4410,SAO JOSE DA BOA VISTA,PR,4125407,6040,38516.72,115.8940,0.158730,2026,7,f,1395.21
GOIAS,JAUPACI,3,1783,JAUPACI,GO,5212006,2924,38511.29,102.5992,0.168256,2026,7,f,994.09
PARANA,SAO JOAO DO IVAI,23,9297,SAO JOAO DO IVAI,PR,4125001,10667,38494.14,215.6183,0.247392,2026,7,f,1435.26
GOIAS,URUACU,57,39785,URUACU,GO,5221601,42546,38484.28,133.9726,0.143270,2026,7,f,1578.46
GOIAS,MARA ROSA,11,7821,MARA ROSA,GO,5212808,10700,38460.56,102.8037,0.140647,2026,7,f,1531.62
GOIAS,CRISTIANOPOLIS,6,2624,CRISTIANOPOLIS,GO,5206305,3504,38450.91,171.2329,0.228659,2026,7,f,1545.25
RIO GRANDE DO SUL,SAO VALENTIM DO SUL,0,2021,SAO VALENTIM DO SUL,RS,4319711,2207,38449.03,0.0000,0.000000,2026,7,f,1652.84
RIO GRANDE DO SUL,VALE DO SOL,3,7323,VALE DO SOL,RS,4322533,9897,38444.88,30.3122,0.040967,2026,7,f,1538.70
ESPIRITO SANTO,NOVA VENECIA,151,36667,NOVA VENECIA,ES,3203908,49065,38441.27,307.7550,0.411814,2026,7,f,1462.06
MINAS GERAIS,TIRADENTES,19,6365,TIRADENTES,MG,3168804,7744,38423.42,245.3512,0.298507,2026,7,f,1872.35
RIO GRANDE DO NORTE,ASSU,101,33171,ASSU,RN,2400208,56496,38412.93,178.7737,0.304483,2026,7,f,1026.89
BAHIA,MADRE DE DEUS,17,4880,MADRE DE DEUS,BA,2919926,18504,38393.75,91.8720,0.348361,2026,7,f,1046.58
PARANA,PINHALAO,5,4575,PINHALAO,PR,4119202,6566,38365.98,76.1499,0.109290,2026,7,f,1351.43
SAO PAULO,MONTE CASTELO,6,3170,MONTE CASTELO,SP,3531605,4222,38357.89,142.1127,0.189274,2026,7,f,1402.16
RIO GRANDE DO SUL,CAIBATE,5,4307,CAIBATE,RS,4303301,4704,38352.89,106.2925,0.116090,2026,7,f,1856.95
PARANA,DOUTOR CAMARGO,5,5272,DOUTOR CAMARGO,PR,4107306,6327,38349.14,79.0264,0.094841,2026,7,f,1607.28
GOIAS,CALDAS NOVAS,311,85711,CALDAS NOVAS,GO,5204508,98622,38348.68,315.3455,0.362847,2026,7,f,1596.14
SAO PAULO,BALSAMO,38,8217,BALSAMO,SP,3504800,9596,38335.87,395.9983,0.462456,2026,7,f,1568.80
PARAIBA,SANTA LUZIA,10,7947,SANTA LUZIA,PB,2513406,14959,38333.11,66.8494,0.125834,2026,7,f,1091.08
PARANA,IRETAMA,5,7212,IRETAMA,PR,4110805,10684,38330.96,46.7990,0.069329,2026,7,f,1310.73
PARANA,BORRAZOPOLIS,4,6919,BORRAZOPOLIS,PR,4103305,7735,38327.73,51.7130,0.057812,2026,7,f,1549.47
ALAGOAS,BARRA DE SAO MIGUEL,71,3336,BARRA DE SAO MIGUEL,AL,2700607,7944,38322.76,893.7563,2.128297,2026,7,f,1090.24
RIO GRANDE DO SUL,PELOTAS,1839,253068,PELOTAS,RS,4314407,325685,38322.06,564.6560,0.726682,2026,7,f,1959.93
RIO GRANDE DO SUL,HULHA NEGRA,1,3720,HULHA NEGRA,RS,4309654,5976,38296.52,16.7336,0.026882,2026,7,f,1219.72
SANTA CATARINA,PAIAL,1,1229,PAIAL,SC,4211876,1927,38291.65,51.8941,0.081367,2026,7,f,1673.43
BAHIA,COCOS,0,6936,COCOS,BA,2908101,19151,38286.09,0.0000,0.000000,2026,7,f,722.49
RIO GRANDE DO SUL,SAO VALENTIM,0,2538,SAO VALENTIM,RS,4319703,3264,38259.19,0.0000,0.000000,2026,7,f,1963.67
GOIAS,NAZARIO,8,5083,NAZARIO,GO,5214408,8189,38253.51,97.6920,0.157387,2026,7,f,1255.13
SAO PAULO,DOLCINOPOLIS,4,2047,DOLCINOPOLIS,SP,3514205,2207,38237.43,181.2415,0.195408,2026,7,f,1359.18
PARA,BANNACH,3,1336,BANNACH,PA,1501253,4031,38202.68,74.4232,0.224551,2026,7,f,995.23
PARANA,LARANJEIRAS DO SUL,53,25853,LARANJEIRAS DO SUL,PR,4113304,32227,38195.43,164.4584,0.205005,2026,7,f,1801.68
PARANA,FLORIDA,6,2357,FLORIDA,PR,4108106,2652,38182.88,226.2443,0.254561,2026,7,f,903.94
RIO GRANDE DO SUL,ITACURUBI,1,2065,ITACURUBI,RS,4310553,2995,38177.63,33.3890,0.048426,2026,7,f,1298.07
ALAGOAS,ROTEIRO,5,1619,ROTEIRO,AL,2707800,6474,38164.35,77.2320,0.308833,2026,7,f,665.34
SAO PAULO,MARTINOPOLIS,45,18109,MARTINOPOLIS,SP,3529203,24881,38158.27,180.8609,0.248495,2026,7,f,1439.59
PARANA,FAXINAL,29,13982,FAXINAL,PR,4107603,16389,38140.15,176.9480,0.207410,2026,7,f,1452.98
SAO PAULO,RINCAO,5,6901,RINCAO,SP,3543709,9098,38133.33,54.9571,0.072453,2026,7,f,1396.80
MINAS GERAIS,OURO FINO,24,26060,OURO FINO,MG,3146008,32094,38131.46,74.7803,0.092095,2026,7,f,1461.23
GOIAS,AMARALINA,0,1120,AMARALINA,GO,5200829,3268,38127.60,0.0000,0.000000,2026,7,f,1184.95
PARANA,FOZ DO JORDAO,4,3181,FOZ DO JORDAO,PR,4108452,4926,38120.58,81.2018,0.125747,2026,7,f,1270.58
SANTA CATARINA,VARGEM,2,1951,VARGEM,SC,4219150,2627,38090.60,76.1325,0.102512,2026,7,f,1330.09
RIO GRANDE DO SUL,MAXIMILIANO DE ALMEIDA,3,4468,MAXIMILIANO DE ALMEIDA,RS,4312203,4191,38078.74,71.5820,0.067144,2026,7,f,1564.17
RIO GRANDE DO NORTE,BAIA FORMOSA,3,2495,BAIA FORMOSA,RN,2401404,8825,38064.93,33.9943,0.120240,2026,7,f,917.51
TOCANTINS,MIRANORTE,5,9398,MIRANORTE,TO,1713304,12701,38059.52,39.3670,0.053203,2026,7,f,1172.19
RORAIMA,ALTO ALEGRE,1,2968,ALTO ALEGRE,RR,1400050,21096,38042.28,4.7402,0.033693,2026,7,f,467.63
MINAS GERAIS,OLHOS-D'AGUA,1,2995,OLHOS-D'AGUA,MG,3145455,5385,38042.15,18.5701,0.033389,2026,7,f,939.63
RIO GRANDE DO SUL,SANTIAGO,350,38855,SANTIAGO,RS,4317400,48938,38041.83,715.1906,0.900785,2026,7,f,2097.02
PARANA,BELA VISTA DO PARAISO,15,13807,BELA VISTA DO PARAISO,PR,4102802,14833,38026.97,101.1259,0.108641,2026,7,f,1399.26
AMAPA,LARANJAL DO JARI,6,7634,LARANJAL DO JARI,AP,1600279,35114,38025.43,17.0872,0.078596,2026,7,f,867.35
MINAS GERAIS,SAO GOTARDO,59,32879,SAO GOTARDO,MG,3162104,40910,38019.09,144.2190,0.179446,2026,7,f,1594.93
MATO GROSSO,LUCIARA,0,923,LUCIARA,MT,5105309,2509,38012.75,0.0000,0.000000,2026,7,f,1051.57
TOCANTINS,BRASILANDIA DO TOCANTINS,0,786,BRASILANDIA DO TOCANTINS,TO,1703602,1974,37998.99,0.0000,0.000000,2026,7,f,945.34
SANTA CATARINA,IRATI,0,1799,IRATI,SC,4207858,2069,37970.03,0.0000,0.000000,2026,7,f,2193.15
PARANA,URAI,18,8245,URAI,PR,4128401,10406,37963.96,172.9771,0.218314,2026,7,f,1578.68
MINAS GERAIS,PERDOES,24,16947,PERDOES,MG,3149903,21384,37957.54,112.2334,0.141618,2026,7,f,1430.63
SANTA CATARINA,TIGRINHOS,2,1978,TIGRINHOS,SC,4217956,2329,37934.31,85.8738,0.101112,2026,7,f,1442.85
RONDONIA,THEOBROMA,4,5362,THEOBROMA,RO,1101609,8113,37933.44,49.3036,0.074599,2026,7,f,1102.84
RIO GRANDE DO SUL,INHACORA,0,1631,INHACORA,RS,4310413,2014,37932.47,0.0000,0.000000,2026,7,f,1245.23
SERGIPE,FREI PAULO,5,6307,FREI PAULO,SE,2802304,14530,37922.85,34.4116,0.079277,2026,7,f,851.07
ALAGOAS,MARAGOGI,47,7569,MARAGOGI,AL,2704500,32174,37916.52,146.0807,0.620954,2026,7,f,833.62
SAO PAULO,RIOLANDIA,12,5548,RIOLANDIA,SP,3544202,10309,37892.62,116.4031,0.216294,2026,7,f,1152.39
SANTA CATARINA,ASCURRA,24,8024,ASCURRA,SC,4201703,8319,37889.41,288.4962,0.299103,2026,7,f,1713.62
RIO GRANDE DO SUL,ARARICA,35,5899,ARARICA,RS,4300877,8525,37883.28,410.5572,0.593321,2026,7,f,1362.38
MINAS GERAIS,DORES DE GUANHAES,0,2265,DORES DE GUANHAES,MG,3123106,5029,37874.33,0.0000,0.000000,2026,7,f,860.08
SAO PAULO,OCAUCU,7,3056,OCAUCU,SP,3533700,4331,37845.76,161.6255,0.229058,2026,7,f,1349.57
PIAUI,SIMOES,1,4548,SIMOES,PI,2210706,14350,37844.46,6.9686,0.021988,2026,7,f,698.60
RIO DE JANEIRO,RIO DAS FLORES,14,3630,RIO DAS FLORES,RJ,3304508,8954,37826.11,156.3547,0.385675,2026,7,f,1181.25
SAO PAULO,POPULINA,2,3025,POPULINA,SP,3540408,4127,37808.82,48.4614,0.066116,2026,7,f,1340.00
SANTA CATARINA,SANTIAGO DO SUL,2,1290,SANTIAGO DO SUL,SC,4215695,1651,37805.57,121.1387,0.155039,2026,7,f,1422.63
MATO GROSSO,JURUENA,0,8525,JURUENA,MT,5105176,10213,37799.96,0.0000,0.000000,2026,7,f,1627.82
ESPIRITO SANTO,CASTELO,122,34386,CASTELO,ES,3201407,36930,37791.44,330.3547,0.354796,2026,7,f,1634.05
BAHIA,ALAGOINHAS,274,74753,ALAGOINHAS,BA,2900702,151055,37769.20,181.3909,0.366540,2026,7,f,1072.99
SANTA CATARINA,PRAIA GRANDE,22,9913,PRAIA GRANDE,SC,4213807,8270,37762.27,266.0218,0.221931,2026,7,f,1478.65
RIO GRANDE DO SUL,PAVERAMA,15,7138,PAVERAMA,RS,4314159,7978,37761.59,188.0170,0.210143,2026,7,f,1447.12
MINAS GERAIS,LAGOA FORMOSA,17,14321,LAGOA FORMOSA,MG,3137502,18904,37753.02,89.9281,0.118707,2026,7,f,1516.86
SAO PAULO,PIRAPORA DO BOM JESUS,36,11387,PIRAPORA DO BOM JESUS,SP,3539103,18370,37741.64,195.9717,0.316150,2026,7,f,1199.19
PARANA,TAMBOARA,10,3864,TAMBOARA,PR,4126702,4880,37734.63,204.9180,0.258799,2026,7,f,1407.37
BAHIA,PAULO AFONSO,205,73804,PAULO AFONSO,BA,2924009,112870,37732.71,181.6249,0.277763,2026,7,f,1059.84
SAO PAULO,SANTA MARIA DA SERRA,8,4586,SANTA MARIA DA SERRA,SP,3547007,5243,37720.58,152.5844,0.174444,2026,7,f,1491.60
SAO PAULO,UBATUBA,403,74267,UBATUBA,SP,3555406,92981,37716.51,433.4219,0.542637,2026,7,f,1615.62
SAO PAULO,NOVA GRANADA,27,16868,NOVA GRANADA,SP,3533007,19419,37712.60,139.0391,0.160066,2026,7,f,1455.77
SAO PAULO,SAO JOAO DE IRACEMA,2,1362,SAO JOAO DE IRACEMA,SP,3549250,1846,37710.73,108.3424,0.146843,2026,7,f,1454.39
PARANA,MANFRINOPOLIS,1,1971,MANFRINOPOLIS,PR,4114351,2770,37689.17,36.1011,0.050736,2026,7,f,1680.04
MINAS GERAIS,PARAISOPOLIS,20,13114,PARAISOPOLIS,MG,3147303,20445,37638.35,97.8234,0.152509,2026,7,f,1498.20
MINAS GERAIS,CAMPINA VERDE,12,11922,CAMPINA VERDE,MG,3111101,18011,37625.23,66.6260,0.100654,2026,7,f,1558.18
TOCANTINS,GOIANORTE,0,2586,GOIANORTE,TO,1708304,4738,37621.78,0.0000,0.000000,2026,7,f,1104.48
RIO GRANDE DO SUL,GRAMADO XAVIER,2,2726,GRAMADO XAVIER,RS,4309159,3304,37615.01,60.5327,0.073368,2026,7,f,1202.09
MINAS GERAIS,LAGOA SANTA,287,44552,LAGOA SANTA,MG,3137601,75145,37599.04,381.9283,0.644191,2026,7,f,2311.42
AMAZONAS,SILVES,2,998,SILVES,AM,1304005,11559,37566.83,17.3025,0.200401,2026,7,f,559.89
SAO PAULO,FRANCO DA ROCHA,247,78471,FRANCO DA ROCHA,SP,3516408,144849,37543.16,170.5224,0.314766,2026,7,f,1397.55
BAHIA,EUNAPOLIS,180,67899,EUNAPOLIS,BA,2910727,113710,37503.24,158.2974,0.265100,2026,7,f,1253.64
GOIAS,ITAPIRAPUA,4,5624,ITAPIRAPUA,GO,5211008,8007,37498.56,49.9563,0.071124,2026,7,f,1503.44
MINAS GERAIS,SAO FRANCISCO DE PAULA,3,4329,SAO FRANCISCO DE PAULA,MG,3161205,6187,37466.62,48.4888,0.069300,2026,7,f,1205.09
RIO GRANDE DO SUL,BAGE,203,85662,BAGE,RS,4301602,117938,37432.96,172.1243,0.236978,2026,7,f,1662.21
RIO GRANDE DO SUL,LAGOA BONITA DO SUL,2,1956,LAGOA BONITA DO SUL,RS,4311239,2251,37416.26,88.8494,0.102249,2026,7,f,1502.05
MINAS GERAIS,LAVRAS,192,78546,LAVRAS,MG,3138203,104761,37386.83,183.2743,0.244443,2026,7,f,1886.69
PARANA,RIBEIRAO DO PINHAL,15,9791,RIBEIRAO DO PINHAL,PR,4121901,13060,37360.87,114.8545,0.153202,2026,7,f,1275.58
MINAS GERAIS,CASCALHO RICO,1,1370,CASCALHO RICO,MG,3115003,2712,37351.40,36.8732,0.072993,2026,7,f,1254.67
MATO GROSSO DO SUL,FATIMA DO SUL,51,16783,FATIMA DO SUL,MS,5003801,20609,37329.95,247.4647,0.303879,2026,7,f,1514.57
MINAS GERAIS,MACHADO,62,27840,MACHADO,MG,3139003,37684,37319.76,164.5261,0.222701,2026,7,f,1431.70
PARANA,SIQUEIRA CAMPOS,43,17831,SIQUEIRA CAMPOS,PR,4126603,22811,37311.87,188.5055,0.241153,2026,7,f,1562.88
RIO GRANDE DO SUL,COLINAS,9,2399,COLINAS,RS,4305587,2423,37308.30,371.4404,0.375156,2026,7,f,2243.77
MINAS GERAIS,NOVA SERRANA,135,68758,NOVA SERRANA,MG,3145208,105552,37293.07,127.8990,0.196341,2026,7,f,1430.91
PARANA,LIDIANOPOLIS,2,3184,LIDIANOPOLIS,PR,4113429,3938,37287.20,50.7872,0.062814,2026,7,f,1256.59
RIO GRANDE DO SUL,ALEGRIA,4,2872,ALEGRIA,RS,4300455,3651,37277.18,109.5590,0.139276,2026,7,f,2205.90
MINAS GERAIS,OLIVEIRA,32,28739,OLIVEIRA,MG,3145604,39262,37268.53,81.5037,0.111347,2026,7,f,1428.74
MINAS GERAIS,MONTE BELO,9,11012,MONTE BELO,MG,3143005,13046,37259.01,68.9867,0.081729,2026,7,f,1358.18
PARANA,CONGONHINHAS,7,5578,CONGONHINHAS,PR,4106001,8320,37201.56,84.1346,0.125493,2026,7,f,1207.32
MINAS GERAIS,ANTONIO CARLOS,4,6301,ANTONIO CARLOS,MG,3102902,11095,37194.77,36.0523,0.063482,2026,7,f,1252.15
SAO PAULO,SAO JOAO DO PAU D'ALHO,1,1791,SAO JOAO DO PAU D'ALHO,SP,3549300,2242,37188.22,44.6030,0.055835,2026,7,f,1578.37
PARANA,RIO BOM,0,2825,RIO BOM,PR,4122107,3197,37164.53,0.0000,0.000000,2026,7,f,1418.24
RIO GRANDE DO SUL,ARROIO DO PADRE,2,2543,ARROIO DO PADRE,RS,4301073,2599,37149.29,76.9527,0.078647,2026,7,f,1613.45
PARANA,APUCARANA,449,105445,APUCARANA,PR,4101408,130134,37146.43,345.0290,0.425814,2026,7,f,1770.29
RIO GRANDE DO SUL,PORTO MAUA,5,1840,PORTO MAUA,RS,4315057,2142,37141.46,233.4267,0.271739,2026,7,f,1373.97
RIO GRANDE DO SUL,MORMACO,2,2061,MORMACO,RS,4312427,2756,37115.02,72.5689,0.097040,2026,7,f,1549.13
MATO GROSSO,NOVA BANDEIRANTES,4,9569,NOVA BANDEIRANTES,MT,5106158,13635,37113.75,29.3363,0.041802,2026,7,f,1419.80
SAO PAULO,TEODORO SAMPAIO,19,16821,TEODORO SAMPAIO,SP,3554300,22173,37106.39,85.6898,0.112954,2026,7,f,1337.30
MINAS GERAIS,PIRACEMA,1,4986,PIRACEMA,MG,3150604,6700,37099.25,14.9254,0.020056,2026,7,f,1357.43
RONDONIA,ALVORADA D'OESTE,6,10879,ALVORADA D'OESTE,RO,1100346,13117,37098.88,45.7422,0.055152,2026,7,f,1223.18
MINAS GERAIS,CARANDAI,15,17117,CARANDAI,MG,3113206,23812,37097.64,62.9934,0.087632,2026,7,f,1152.80
RONDONIA,COLORADO DO OESTE,10,14867,COLORADO DO OESTE,RO,1100064,15663,37087.34,63.8447,0.067263,2026,7,f,1666.54
RIO GRANDE DO SUL,RIOZINHO,4,3072,RIOZINHO,RS,4315750,4473,37060.59,89.4254,0.130208,2026,7,f,1519.68
MINAS GERAIS,GRUPIARA,1,723,GRUPIARA,MG,3127909,1392,37038.79,71.8391,0.138313,2026,7,f,1419.30
RIO GRANDE DO SUL,MATA,2,3442,MATA,RS,4312104,4698,37038.31,42.5713,0.058106,2026,7,f,1543.63
SAO PAULO,AREALVA,11,5710,AREALVA,SP,3503406,8130,37036.90,135.3014,0.192644,2026,7,f,1731.53
PARANA,PARANAPOEMA,2,1914,PARANAPOEMA,PR,4118303,2398,37022.94,83.4028,0.104493,2026,7,f,1089.81
MINAS GERAIS,CASA GRANDE,1,1361,CASA GRANDE,MG,3114907,2214,37016.26,45.1671,0.073475,2026,7,f,1418.00
SERGIPE,ARACAJU,5544,379705,ARACAJU,SE,2800308,602757,36983.19,919.7736,1.460081,2026,7,f,2087.74
SAO PAULO,PIRAJU,54,24225,PIRAJU,SP,3538808,29436,36982.91,183.4488,0.222910,2026,7,f,1659.91
PARA,CURIONOPOLIS,22,11846,CURIONOPOLIS,PA,1502772,19950,36982.76,110.2757,0.185717,2026,7,f,1036.35
MINAS GERAIS,CAMBUQUIRA,6,7672,CAMBUQUIRA,MG,3110707,12313,36965.73,48.7290,0.078206,2026,7,f,1375.16
SANTA CATARINA,MONTE CASTELO,8,5956,MONTE CASTELO,SC,4211108,7736,36964.71,103.4126,0.134318,2026,7,f,1235.91
SAO PAULO,AGUAS DA PRATA,14,5880,AGUAS DA PRATA,SP,3500402,7369,36960.10,189.9851,0.238095,2026,7,f,1684.99
PARANA,CAMBIRA,11,7544,CAMBIRA,PR,4103800,9460,36930.97,116.2791,0.145811,2026,7,f,1624.96
PARANA,RIO BONITO DO IGUACU,2,10381,RIO BONITO DO IGUACU,PR,4122156,13929,36921.89,14.3585,0.019266,2026,7,f,1218.66
RIO GRANDE DO SUL,NOVO CABRAIS,4,2925,NOVO CABRAIS,RS,4313391,3568,36906.95,112.1076,0.136752,2026,7,f,1644.07
MINAS GERAIS,PARAGUACU,27,15558,PARAGUACU,MG,3147204,21723,36882.57,124.2922,0.173544,2026,7,f,1407.18
PARANA,TUNEIRAS DO OESTE,5,6237,TUNEIRAS DO OESTE,PR,4127908,8067,36881.24,61.9809,0.080167,2026,7,f,1190.36
RIO GRANDE DO SUL,UBIRETAMA,0,1898,UBIRETAMA,RS,4322343,1994,36873.62,0.0000,0.000000,2026,7,f,1986.68
RIO GRANDE DO SUL,PARECI NOVO,14,4469,PARECI NOVO,RS,4314035,4319,36872.89,324.1491,0.313269,2026,7,f,1816.63
RIO GRANDE DO NORTE,BARAUNA,23,12585,BARAUNA,RN,2401453,26913,36828.45,85.4606,0.182757,2026,7,f,816.94
TOCANTINS,FATIMA,0,2434,FATIMA,TO,1707553,3467,36824.92,0.0000,0.000000,2026,7,f,1181.37
RIO GRANDE DO SUL,MONTE ALEGRE DOS CAMPOS,0,1956,MONTE ALEGRE DOS CAMPOS,RS,4312377,3180,36808.49,0.0000,0.000000,2026,7,f,1166.56
RIO GRANDE DO SUL,SOBRADINHO,26,11351,SOBRADINHO,RS,4320701,14226,36780.54,182.7640,0.229055,2026,7,f,1838.82
RONDONIA,TEIXEIROPOLIS,4,3671,TEIXEIROPOLIS,RO,1101559,4256,36754.23,93.9850,0.108962,2026,7,f,1179.05
SANTA CATARINA,GRAVATAL,43,12194,GRAVATAL,SC,4206207,12435,36749.58,345.7982,0.352632,2026,7,f,1841.83
RIO GRANDE DO SUL,CANGUCU,51,47890,CANGUCU,RS,4304507,49680,36745.73,102.6570,0.106494,2026,7,f,1501.90
PARANA,PLANALTINA DO PARANA,7,3233,PLANALTINA DO PARANA,PR,4119707,4070,36742.01,171.9902,0.216517,2026,7,f,1178.56
SANTA CATARINA,TIMBE DO SUL,5,5001,TIMBE DO SUL,SC,4218103,5386,36741.92,92.8333,0.099980,2026,7,f,1777.55
GOIAS,ABADIANIA,20,8796,ABADIANIA,GO,5200100,17232,36735.43,116.0631,0.227376,2026,7,f,1120.29
GOIAS,MOSSAMEDES,5,2935,MOSSAMEDES,GO,5213905,4654,36734.64,107.4345,0.170358,2026,7,f,1488.19
RIO GRANDE DO SUL,SAO PAULO DAS MISSOES,5,4796,SAO PAULO DAS MISSOES,RS,4319307,5846,36726.48,85.5286,0.104254,2026,7,f,1792.43
MINAS GERAIS,PIMENTA,11,6966,PIMENTA,MG,3150505,8563,36723.81,128.4597,0.157910,2026,7,f,1514.49
PARA,FLORESTA DO ARAGUAIA,1,6604,FLORESTA DO ARAGUAIA,PA,1503044,17898,36709.41,5.5872,0.015142,2026,7,f,831.86
PIAUI,MONTE ALEGRE DO PIAUI,3,2345,MONTE ALEGRE DO PIAUI,PI,2206605,10660,36708.63,28.1426,0.127932,2026,7,f,587.18
RIO GRANDE DO SUL,CRISTAL DO SUL,0,2229,CRISTAL DO SUL,RS,4306072,2692,36696.51,0.0000,0.000000,2026,7,f,1402.30
SANTA CATARINA,PONTE SERRADA,16,9421,PONTE SERRADA,SC,4213401,10649,36669.36,150.2488,0.169833,2026,7,f,1564.49
GOIAS,CAMPINACU,1,2054,CAMPINACU,GO,5204656,3708,36668.02,26.9687,0.048685,2026,7,f,1225.94
PARANA,ITAGUAJE,4,3581,ITAGUAJE,PR,4110904,4481,36664.81,89.2658,0.111701,2026,7,f,1391.90
MINAS GERAIS,PASSA TEMPO,3,6114,PASSA TEMPO,MG,3147709,8473,36652.31,35.4066,0.049068,2026,7,f,1242.12
SAO PAULO,PONGAI,4,2819,PONGAI,SP,3540101,3395,36636.23,117.8203,0.141894,2026,7,f,1724.87
PARANA,ICARAIMA,11,7393,ICARAIMA,PR,4109906,8991,36603.94,122.3446,0.148789,2026,7,f,1338.60
PARANA,PLANALTO,9,11023,PLANALTO,PR,4119806,14374,36597.19,62.6131,0.081647,2026,7,f,2090.83
SAO PAULO,MANDURI,13,8192,MANDURI,SP,3528601,9871,36583.73,131.6989,0.158691,2026,7,f,1661.83
PARA,MARABA,533,174863,MARABA,PA,1504208,266533,36576.95,199.9752,0.304810,2026,7,f,1137.50
MINAS GERAIS,ANDRADAS,37,33531,ANDRADAS,MG,3102605,40553,36575.47,91.2386,0.110346,2026,7,f,1827.75
MINAS GERAIS,BAMBUI,6,18105,BAMBUI,MG,3105103,23546,36567.40,25.4820,0.033140,2026,7,f,1499.46
ESPIRITO SANTO,DOMINGOS MARTINS,127,34633,DOMINGOS MARTINS,ES,3201902,35416,36564.66,358.5950,0.366702,2026,7,f,1477.15
PARANA,SANTA IZABEL DO OESTE,10,9222,SANTA IZABEL DO OESTE,PR,4123808,14070,36537.24,71.0732,0.108436,2026,7,f,1908.59
GOIAS,GOIANESIA,123,63403,GOIANESIA,GO,5208608,73707,36519.49,166.8770,0.193997,2026,7,f,1539.47
MINAS GERAIS,SAO VICENTE DE MINAS,5,3657,SAO VICENTE DE MINAS,MG,3165305,6804,36498.53,73.4862,0.136724,2026,7,f,1395.09
GOIAS,SANTA RITA DO ARAGUAIA,3,4796,SANTA RITA DO ARAGUAIA,GO,5219407,5924,36493.75,50.6415,0.062552,2026,7,f,1156.18
MINAS GERAIS,PASSOS,212,89654,PASSOS,MG,3147907,111939,36449.37,189.3889,0.236465,2026,7,f,1683.36
RIO GRANDE DO SUL,DONA FRANCISCA,2,2209,DONA FRANCISCA,RS,4306700,3079,36445.60,64.9562,0.090539,2026,7,f,1460.43
PIAUI,PALMEIRA DO PIAUI,0,1866,PALMEIRA DO PIAUI,PI,2207405,4952,36399.23,0.0000,0.000000,2026,7,f,749.81
RONDONIA,OURO PRETO DO OESTE,40,33460,OURO PRETO DO OESTE,RO,1100155,35044,36396.50,114.1422,0.119546,2026,7,f,1389.04
SAO PAULO,CLEMENTINA,8,6357,CLEMENTINA,SP,3511904,6982,36394.59,114.5803,0.125846,2026,7,f,1390.17
CEARA,ITAITINGA,119,24455,ITAITINGA,CE,2306256,64650,36391.91,184.0681,0.486608,2026,7,f,1008.70
ALAGOAS,SAO MIGUEL DOS MILAGRES,13,3287,SAO MIGUEL DOS MILAGRES,AL,2708709,8482,36372.32,153.2657,0.395497,2026,7,f,959.27
PARANA,TERRA RICA,19,13462,TERRA RICA,PR,4127304,14842,36352.65,128.0151,0.141138,2026,7,f,1486.82
RIO GRANDE DO SUL,PASSA SETE,2,3414,PASSA SETE,RS,4314068,3983,36308.81,50.2134,0.058582,2026,7,f,1266.84
GOIAS,CROMINIA,5,2799,CROMINIA,GO,5206503,3883,36301.57,128.7664,0.178635,2026,7,f,1625.46
SERGIPE,CARIRA,13,10761,CARIRA,SE,2801405,19939,36299.16,65.1989,0.120807,2026,7,f,712.75
MINAS GERAIS,GUAPE,11,10306,GUAPE,MG,3128105,13772,36292.62,79.8722,0.106734,2026,7,f,1354.23
SAO PAULO,SETE BARRAS,17,7584,SETE BARRAS,SP,3551801,12730,36280.36,133.5428,0.224156,2026,7,f,1004.06
RIO DE JANEIRO,BOM JARDIM,46,19031,BOM JARDIM,RJ,3300506,28102,36257.92,163.6894,0.241711,2026,7,f,1392.13
RIO GRANDE DO SUL,SERIO,1,1607,SERIO,RS,4320453,1941,36233.38,51.5198,0.062228,2026,7,f,1799.08
RIO DE JANEIRO,RIO BONITO,232,56424,RIO BONITO,RJ,3304300,56276,36222.65,412.2539,0.411173,2026,7,f,1407.84
SANTA CATARINA,CORONEL MARTINS,0,1834,CORONEL MARTINS,SC,4204459,2065,36203.87,0.0000,0.000000,2026,7,f,2083.12
RIO GRANDE DO SUL,CORONEL PILAR,2,1304,CORONEL PILAR,RS,4305934,1607,36187.31,124.4555,0.153374,2026,7,f,2882.39
SAO PAULO,CONCHAS,27,12923,CONCHAS,SP,3512308,15232,36180.61,177.2584,0.208930,2026,7,f,1601.09
RIO GRANDE DO SUL,CACAPAVA DO SUL,35,25529,CACAPAVA DO SUL,RS,4302808,32515,36161.83,107.6426,0.137099,2026,7,f,1519.48
TOCANTINS,MONTE SANTO DO TOCANTINS,0,841,MONTE SANTO DO TOCANTINS,TO,1713700,2396,36145.24,0.0000,0.000000,2026,7,f,969.74
MINAS GERAIS,CRISTIANO OTONI,1,3759,CRISTIANO OTONI,MG,3120409,4667,36140.56,21.4270,0.026603,2026,7,f,1022.92
SAO PAULO,SAO MIGUEL ARCANJO,38,22514,SAO MIGUEL ARCANJO,SP,3550209,32039,36134.90,118.6054,0.168784,2026,7,f,1302.75
SAO PAULO,SOCORRO,92,39768,SOCORRO,SP,3552106,40122,36122.35,229.3006,0.231342,2026,7,f,1787.74
TOCANTINS,SANDOLANDIA,1,1644,SANDOLANDIA,TO,1718840,3723,36100.46,26.8601,0.060827,2026,7,f,1043.85
BAHIA,RIO REAL,19,15931,RIO REAL,BA,2927002,35362,36080.88,53.7300,0.119264,2026,7,f,749.58
SANTA CATARINA,VITOR MEIRELES,6,4282,VITOR MEIRELES,SC,4219358,5370,36079.14,111.7318,0.140121,2026,7,f,1613.42
MATO GROSSO DO SUL,CORGUINHO,4,2339,CORGUINHO,MS,5003108,4783,36075.89,83.6295,0.171013,2026,7,f,1190.38
GOIAS,INHUMAS,122,49233,INHUMAS,GO,5210000,52204,36024.88,233.6986,0.247801,2026,7,f,1498.36
SAO PAULO,CAPAO BONITO,70,33324,CAPAO BONITO,SP,3510203,46337,36016.19,151.0672,0.210059,2026,7,f,1240.46
RIO GRANDE DO SUL,RIO PARDO,47,23333,RIO PARDO,RS,4315701,34654,36013.71,135.6265,0.201431,2026,7,f,1477.03
MINAS GERAIS,ELOI MENDES,17,16984,ELOI MENDES,MG,3123601,26336,36009.34,64.5504,0.100094,2026,7,f,1354.11
ESPIRITO SANTO,SANTA TERESA,89,21394,SANTA TERESA,ES,3204609,22808,35982.07,390.2140,0.416004,2026,7,f,1744.55
PARA,SAO FELIX DO XINGU,9,27973,SAO FELIX DO XINGU,PA,1507300,65418,35953.62,13.7577,0.032174,2026,7,f,980.71
SAO PAULO,VITORIA BRASIL,4,1368,VITORIA BRASIL,SP,3556958,1794,35942.59,222.9654,0.292398,2026,7,f,1415.49
SAO PAULO,ILHA SOLTEIRA,58,22902,ILHA SOLTEIRA,SP,3520442,25549,35920.47,227.0148,0.253253,2026,7,f,2147.45
MARANHAO,ESTREITO,7,18812,ESTREITO,MA,2104057,33294,35904.34,21.0248,0.037210,2026,7,f,1045.87
SANTA CATARINA,ANGELINA,4,4994,ANGELINA,SC,4200903,5358,35883.17,74.6547,0.080096,2026,7,f,1380.10
BAHIA,ITAPEBI,1,2033,ITAPEBI,BA,2916302,9174,35874.86,10.9004,0.049188,2026,7,f,811.95
GOIAS,CRIXAS,15,12071,CRIXAS,GO,5206404,17065,35854.61,87.8992,0.124265,2026,7,f,1438.23
ACRE,ACRELANDIA,1,8892,ACRELANDIA,AC,1200013,14021,35850.72,7.1322,0.011246,2026,7,f,880.50
SAO PAULO,SABINO,6,3555,SABINO,SP,3544608,5112,35842.14,117.3709,0.168776,2026,7,f,1431.47
PARANA,PALMAS,44,31969,PALMAS,PR,4117602,48247,35819.06,91.1974,0.137633,2026,7,f,1515.41
RIO GRANDE DO SUL,SAPUCAIA DO SUL,376,100515,SAPUCAIA DO SUL,RS,4320008,132107,35799.83,284.6178,0.374074,2026,7,f,1571.59
SANTA CATARINA,RODEIO,50,12313,RODEIO,SC,4215109,12757,35796.82,391.9417,0.406075,2026,7,f,1885.06
CEARA,FORTALEZA,16205,1356916,FORTALEZA,CE,2304400,2428708,35796.74,667.2272,1.194252,2026,7,f,1668.98
PARANA,BOM JESUS DO SUL,5,2498,BOM JESUS DO SUL,PR,4103156,3980,35783.42,125.6281,0.200160,2026,7,f,1545.13
PARA,ACARA,11,7904,ACARA,PA,1500206,59023,35773.63,18.6368,0.139170,2026,7,f,505.33
SAO PAULO,IBIRA,30,8672,IBIRA,SP,3519402,11690,35772.28,256.6296,0.345941,2026,7,f,1717.95
SAO PAULO,POLONI,13,4412,POLONI,SP,3539905,5592,35764.31,232.4750,0.294651,2026,7,f,1589.47
ACRE,BRASILEIA,22,14893,BRASILEIA,AC,1200104,26000,35761.54,84.6154,0.147720,2026,7,f,914.18
SAO PAULO,ASPASIA,0,1434,ASPASIA,SP,3503950,1842,35749.73,0.0000,0.000000,2026,7,f,1361.65
GOIAS,SANTA ROSA DE GOIAS,1,2135,SANTA ROSA DE GOIAS,GO,5219506,2820,35736.52,35.4610,0.046838,2026,7,f,1247.28
ALAGOAS,JAPARATINGA,21,2674,JAPARATINGA,AL,2703601,9219,35718.95,227.7904,0.785340,2026,7,f,827.16
RIO GRANDE DO SUL,SANTA TEREZA,2,1128,SANTA TEREZA,RS,4317251,1505,35708.97,132.8904,0.177305,2026,7,f,2366.65
SAO PAULO,VARGEM GRANDE DO SUL,82,34473,VARGEM GRANDE DO SUL,SP,3556404,40133,35672.44,204.3206,0.237867,2026,7,f,1350.12
BAHIA,SOBRADINHO,3,7139,SOBRADINHO,BA,2930774,25475,35664.14,11.7763,0.042023,2026,7,f,846.24
SANTA CATARINA,MONTE CARLO,5,6616,MONTE CARLO,SC,4211058,9117,35651.31,54.8426,0.075574,2026,7,f,1157.98
SAO PAULO,PAULISTANIA,2,1274,PAULISTANIA,SP,3536570,2090,35648.80,95.6938,0.156986,2026,7,f,1337.04
MINAS GERAIS,BURITIZEIRO,3,12878,BURITIZEIRO,MG,3109402,23910,35635.55,12.5471,0.023296,2026,7,f,923.83
GOIAS,SITIO D'ABADIA,0,747,SITIO D'ABADIA,GO,5220702,2927,35615.99,0.0000,0.000000,2026,7,f,1224.18
RIO GRANDE DO SUL,UNISTALDA,0,1616,UNISTALDA,RS,4322376,1995,35608.02,0.0000,0.000000,2026,7,f,1306.67
RIO GRANDE DO SUL,SILVEIRA MARTINS,7,1890,SILVEIRA MARTINS,RS,4320651,2028,35603.55,345.1677,0.370370,2026,7,f,2041.91
GOIAS,CORREGO DO OURO,2,1526,CORREGO DO OURO,GO,5205703,2454,35603.10,81.4996,0.131062,2026,7,f,1696.12
MINAS GERAIS,MARTINS SOARES,4,5541,MARTINS SOARES,MG,3140530,8396,35588.97,47.6417,0.072189,2026,7,f,910.71
SAO PAULO,ALFREDO MARCONDES,5,3160,ALFREDO MARCONDES,SP,3500808,4445,35576.38,112.4859,0.158228,2026,7,f,1485.42
TOCANTINS,BOM JESUS DO TOCANTINS,0,1507,BOM JESUS DO TOCANTINS,TO,1703305,4038,35567.86,0.0000,0.000000,2026,7,f,1047.77
MINAS GERAIS,CAPETINGA,2,4251,CAPETINGA,MG,3112406,6562,35558.98,30.4785,0.047048,2026,7,f,1133.49
RIO GRANDE DO SUL,CHUVISCA,1,4103,CHUVISCA,RS,4305447,4597,35548.18,21.7533,0.024372,2026,7,f,1608.16
PARANA,SANTA MARIA DO OESTE,3,6647,SANTA MARIA DO OESTE,PR,4123857,9934,35539.16,30.1993,0.045133,2026,7,f,1045.38
GOIAS,ISRAELANDIA,3,1556,ISRAELANDIA,GO,5210307,2560,35539.06,117.1875,0.192802,2026,7,f,1254.54
ACRE,RIO BRANCO,1478,239307,RIO BRANCO,AC,1200401,364756,35533.25,405.2024,0.617617,2026,7,f,1436.01
PARANA,NOVA ESPERANCA DO SUDOESTE,0,4208,NOVA ESPERANCA DO SUDOESTE,PR,4116950,5597,35513.67,0.0000,0.000000,2026,7,f,2953.34
SAO PAULO,CAMPINA DO MONTE ALEGRE,5,3878,CAMPINA DO MONTE ALEGRE,SP,3509452,5954,35511.59,83.9772,0.128932,2026,7,f,1336.83
MATO GROSSO,NOVO SANTO ANTONIO,1,645,NOVO SANTO ANTONIO,MT,5106315,2015,35485.36,49.6278,0.155039,2026,7,f,1343.52
PARANA,SALGADO FILHO,4,3919,SALGADO FILHO,PR,4122800,4075,35480.00,98.1595,0.102067,2026,7,f,1865.95
MINAS GERAIS,BOA ESPERANCA,44,29251,BOA ESPERANCA,MG,3107109,39848,35476.41,110.4196,0.150422,2026,7,f,1439.58
GOIAS,ESTRELA DO NORTE,0,2299,ESTRELA DO NORTE,GO,5207501,3205,35473.01,0.0000,0.000000,2026,7,f,1317.60
BAHIA,FEIRA DE SANTANA,3355,386512,FEIRA DE SANTANA,BA,2910800,616272,35449.37,544.4025,0.868020,2026,7,f,1209.69
SAO PAULO,IPERO,39,16213,IPERO,SP,3521002,36459,35409.72,106.9695,0.240548,2026,7,f,1304.00
SAO PAULO,TUIUTI,15,4998,TUIUTI,SP,3554953,6778,35361.76,221.3042,0.300120,2026,7,f,1438.03
SAO PAULO,BREJO ALEGRE,4,1872,BREJO ALEGRE,SP,3507753,2565,35359.45,155.9454,0.213675,2026,7,f,1329.38
PARANA,JARDIM ALEGRE,8,10478,JARDIM ALEGRE,PR,4112504,12004,35358.96,66.6445,0.076350,2026,7,f,1312.61
SAO PAULO,DUARTINA,12,9363,DUARTINA,SP,3514502,12328,35348.80,97.3394,0.128164,2026,7,f,1624.70
GOIAS,ARAGUAPAZ,4,4919,ARAGUAPAZ,GO,5202155,7153,35344.33,55.9206,0.081317,2026,7,f,1306.11
PARANA,CANTAGALO,12,7382,CANTAGALO,PR,4104451,10933,35336.60,109.7594,0.162558,2026,7,f,1380.05
SANTA CATARINA,PRESIDENTE NEREU,6,1961,PRESIDENTE NEREU,SC,4214102,2301,35325.08,260.7562,0.305966,2026,7,f,1951.22
SAO PAULO,REGINOPOLIS,8,4234,REGINOPOLIS,SP,3542503,7662,35322.89,104.4114,0.188947,2026,7,f,1654.56
MATO GROSSO,FIGUEIROPOLIS D'OESTE,1,2949,FIGUEIROPOLIS D'OESTE,MT,5103809,3187,35317.54,31.3775,0.033910,2026,7,f,1457.44
GOIAS,SENADOR CANEDO,620,92585,SENADOR CANEDO,GO,5220454,155635,35307.32,398.3680,0.669655,2026,7,f,1346.08
SAO PAULO,MONTE ALEGRE DO SUL,46,7721,MONTE ALEGRE DO SUL,SP,3531209,8627,35302.54,533.2097,0.595778,2026,7,f,1992.61
MATO GROSSO,PONTAL DO ARAGUAIA,5,3947,PONTAL DO ARAGUAIA,MT,5106653,6932,35297.46,72.1293,0.126678,2026,7,f,1748.56
PARANA,MIRASELVA,6,1465,MIRASELVA,PR,4116000,1966,35297.05,305.1882,0.409556,2026,7,f,1212.39
RIO GRANDE DO SUL,PARAISO DO SUL,6,4928,PARAISO DO SUL,RS,4314027,6519,35286.70,92.0387,0.121753,2026,7,f,1115.75
MINAS GERAIS,SANTA ROSA DA SERRA,5,2596,SANTA ROSA DA SERRA,MG,3159704,3382,35285.63,147.8415,0.192604,2026,7,f,1205.38
SAO PAULO,TAQUARAL,3,1640,TAQUARAL,SP,3553658,2619,35274.15,114.5475,0.182927,2026,7,f,1606.61
GOIAS,SANCLERLANDIA,8,7165,SANCLERLANDIA,GO,5219001,7918,35271.28,101.0356,0.111654,2026,7,f,1561.85
MINAS GERAIS,CAMPANHA,11,10643,CAMPANHA,MG,3110905,15935,35264.95,69.0304,0.103354,2026,7,f,1448.88
ALAGOAS,MACEIO,9345,452820,MACEIO,AL,2704302,957916,35232.29,975.5553,2.063734,2026,7,f,1605.60
ESPIRITO SANTO,DORES DO RIO PRETO,36,9096,DORES DO RIO PRETO,ES,3202009,6596,35214.98,545.7853,0.395778,2026,7,f,1182.10
RIO DE JANEIRO,SAO SEBASTIAO DO ALTO,7,4716,SAO SEBASTIAO DO ALTO,RJ,3305307,7750,35205.81,90.3226,0.148431,2026,7,f,1123.79
MATO GROSSO DO SUL,RIO NEGRO,3,3456,RIO NEGRO,MS,5007307,4841,35196.45,61.9707,0.086806,2026,7,f,1501.79
ESPIRITO SANTO,SAO MATEUS,473,81259,SAO MATEUS,ES,3204906,123752,35194.88,382.2160,0.582089,2026,7,f,1400.64
RIO GRANDE DO SUL,TRES PALMEIRAS,4,3426,TRES PALMEIRAS,RS,4321857,4716,35178.33,84.8176,0.116754,2026,7,f,1177.01
RIO DE JANEIRO,QUEIMADOS,198,51303,QUEIMADOS,RJ,3304144,140523,35145.93,140.9022,0.385942,2026,7,f,958.95
MINAS GERAIS,SAO TOMAS DE AQUINO,10,4434,SAO TOMAS DE AQUINO,MG,3165107,6740,35131.16,148.3680,0.225530,2026,7,f,1243.41
SAO PAULO,TABAPUA,16,9971,TABAPUA,SP,3552601,11323,35122.41,141.3053,0.160465,2026,7,f,1674.01
RIO GRANDE DO SUL,BOM PROGRESSO,1,1785,BOM PROGRESSO,RS,4302378,2096,35111.16,47.7099,0.056022,2026,7,f,1621.07
SAO PAULO,SANTO ANASTACIO,32,16458,SANTO ANASTACIO,SP,3547700,17963,35098.42,178.1440,0.194434,2026,7,f,1557.89
MATO GROSSO,PEIXOTO DE AZEVEDO,41,23990,PEIXOTO DE AZEVEDO,MT,5106422,32714,35042.76,125.3286,0.170905,2026,7,f,1089.88
MATO GROSSO DO SUL,TACURU,3,3482,TACURU,MS,5007950,10808,34988.06,27.7572,0.086157,2026,7,f,727.90
SAO PAULO,MIRANDOPOLIS,55,21493,MIRANDOPOLIS,SP,3530102,27983,34979.02,196.5479,0.255897,2026,7,f,1683.93
RIO GRANDE DO SUL,SENADOR SALGADO FILHO,2,2487,SENADOR SALGADO FILHO,RS,4320321,2673,34939.39,74.8223,0.080418,2026,7,f,1464.59
ALAGOAS,TAQUARANA,24,8376,TAQUARANA,AL,2709103,19032,34928.49,126.1034,0.286533,2026,7,f,618.00
RIO GRANDE DO SUL,SAO NICOLAU,1,3464,SAO NICOLAU,RS,4319208,5118,34925.56,19.5389,0.028868,2026,7,f,1350.34
PARANA,IVAIPORA,84,29873,IVAIPORA,PR,4111506,32720,34910.33,256.7237,0.281190,2026,7,f,1764.64
MATO GROSSO,CASTANHEIRA,7,6599,CASTANHEIRA,MT,5102850,7506,34846.39,93.2587,0.106077,2026,7,f,1335.04
PARANA,FLORESTA,20,8454,FLORESTA,PR,4107900,10458,34828.84,191.2412,0.236574,2026,7,f,1457.38
MINAS GERAIS,LAGOA GRANDE,1,5927,LAGOA GRANDE,MG,3137536,8969,34814.81,11.1495,0.016872,2026,7,f,1274.20
RONDONIA,ESPIGAO D'OESTE,36,24685,ESPIGAO D'OESTE,RO,1100098,29414,34812.44,122.3907,0.145838,2026,7,f,1371.66
PARANA,CENTENARIO DO SUL,9,8102,CENTENARIO DO SUL,PR,4105102,10832,34760.43,83.0871,0.111084,2026,7,f,1244.49
RONDONIA,VALE DO PARAISO,2,5206,VALE DO PARAISO,RO,1101807,6479,34756.44,30.8690,0.038417,2026,7,f,1218.98
SAO PAULO,CANITAR,3,3154,CANITAR,SP,3510153,6283,34749.01,47.7479,0.095117,2026,7,f,1266.24
SAO PAULO,PIEDADE,152,46642,PIEDADE,SP,3537800,52970,34730.07,286.9549,0.325887,2026,7,f,1446.28
RIO DE JANEIRO,BARRA DO PIRAI,180,44219,BARRA DO PIRAI,RJ,3300308,92883,34728.88,193.7922,0.407065,2026,7,f,1422.60
MINAS GERAIS,ARACAI,0,896,ARACAI,MG,3103207,2181,34712.98,0.0000,0.000000,2026,7,f,1095.05
SANTA CATARINA,TREZE DE MAIO,20,8804,TREZE DE MAIO,SC,4218400,7362,34707.42,271.6653,0.227169,2026,7,f,1556.82
MARANHAO,IMPERATRIZ,1047,208940,IMPERATRIZ,MA,2105302,273110,34695.92,383.3620,0.501101,2026,7,f,1324.19
SAO PAULO,PALMEIRA D'OESTE,9,8589,PALMEIRA D'OESTE,SP,3535200,8903,34692.13,101.0895,0.104785,2026,7,f,1515.31
SAO PAULO,TABATINGA,40,12634,TABATINGA,SP,3552700,14769,34691.65,270.8376,0.316606,2026,7,f,1493.36
RIO GRANDE DO SUL,CAMPINA DAS MISSOES,7,5364,CAMPINA DAS MISSOES,RS,4303707,5882,34643.15,119.0071,0.130500,2026,7,f,2384.95
RIO GRANDE DO SUL,MARQUES DE SOUZA,10,3311,MARQUES DE SOUZA,RS,4312054,3969,34642.23,251.9526,0.302024,2026,7,f,1825.90
PARANA,NOVA TEBAS,2,4839,NOVA TEBAS,PR,4117271,6848,34638.14,29.2056,0.041331,2026,7,f,1473.55
SAO PAULO,PERUIBE,185,47865,PERUIBE,SP,3537602,68352,34629.51,270.6578,0.386504,2026,7,f,1407.11
AMAPA,SANTANA,218,41691,SANTANA,AP,1600600,107618,34619.56,202.5683,0.522895,2026,7,f,1029.14
SAO PAULO,GALIA,11,4542,GALIA,SP,3516606,6380,34615.83,172.4138,0.242184,2026,7,f,1433.66
PARANA,NOSSA SENHORA DAS GRACAS,4,2278,NOSSA SENHORA DAS GRACAS,PR,4116406,3669,34590.62,109.0215,0.175593,2026,7,f,1612.61
RIO GRANDE DO SUL,SAO PEDRO DA SERRA,8,3424,SAO PEDRO DA SERRA,RS,4319356,3548,34569.05,225.4791,0.233645,2026,7,f,1942.46
SANTA CATARINA,SANTA TEREZINHA DO PROGRESSO,0,1985,SANTA TEREZINHA DO PROGRESSO,SC,4215687,2576,34552.02,0.0000,0.000000,2026,7,f,1861.87
RONDONIA,URUPA,4,9551,URUPA,RO,1101708,10725,34518.79,37.2960,0.041880,2026,7,f,1121.21
MINAS GERAIS,SANTO ANTONIO DO MONTE,35,23380,SANTO ANTONIO DO MONTE,MG,3160405,27295,34517.49,128.2286,0.149701,2026,7,f,1404.17
SERGIPE,CRISTINAPOLIS,1,6247,CRISTINAPOLIS,SE,2801702,17100,34497.89,5.8480,0.016008,2026,7,f,661.19
RIO GRANDE DO SUL,HERVEIRAS,0,1815,HERVEIRAS,RS,4309571,2565,34479.14,0.0000,0.000000,2026,7,f,1484.10
MINAS GERAIS,RIACHO DOS MACHADOS,0,4179,RIACHO DOS MACHADOS,MG,3154507,8756,34459.80,0.0000,0.000000,2026,7,f,858.76
PARANA,SAO SEBASTIAO DA AMOREIRA,13,5901,SAO SEBASTIAO DA AMOREIRA,PR,4126009,8063,34425.03,161.2303,0.220302,2026,7,f,1305.25
PARANA,AMAPORA,4,3239,AMAPORA,PR,4100905,4762,34418.10,83.9983,0.123495,2026,7,f,1067.49
ESPIRITO SANTO,SOORETAMA,41,15230,SOORETAMA,ES,3205010,26502,34409.93,154.7053,0.269206,2026,7,f,1154.25
PARANA,SANTA MONICA,1,2052,SANTA MONICA,PR,4123956,3356,34407.33,29.7974,0.048733,2026,7,f,1158.56
GOIAS,IPORA,58,36700,IPORA,GO,5210208,35684,34402.84,162.5378,0.158038,2026,7,f,1748.63
SAO PAULO,RIBEIRAO BRANCO,7,9295,RIBEIRAO BRANCO,SP,3543006,18627,34398.94,37.5799,0.075309,2026,7,f,1023.29
SANTA CATARINA,CELSO RAMOS,3,2587,CELSO RAMOS,SC,4204152,2805,34398.22,106.9519,0.115964,2026,7,f,1552.72
RONDONIA,MACHADINHO D'OESTE,6,21395,MACHADINHO D'OESTE,RO,1100130,30707,34383.24,19.5395,0.028044,2026,7,f,1047.39
SANTA CATARINA,ZORTEA,1,2272,ZORTEA,SC,4219853,3930,34366.41,25.4453,0.044014,2026,7,f,1456.33
BAHIA,LAJEDAO,3,1209,LAJEDAO,BA,2918902,3845,34363.07,78.0234,0.248139,2026,7,f,939.41
TOCANTINS,CHAPADA DE AREIA,0,391,CHAPADA DE AREIA,TO,1704600,1501,34361.09,0.0000,0.000000,2026,7,f,927.68
RIO GRANDE DO SUL,MATO QUEIMADO,0,1701,MATO QUEIMADO,RS,4312179,1795,34344.29,0.0000,0.000000,2026,7,f,1352.71
RIO DE JANEIRO,BOM JESUS DO ITABAPOANA,39,18518,BOM JESUS DO ITABAPOANA,RJ,3300605,35173,34333.47,110.8805,0.210606,2026,7,f,1537.40
ACRE,XAPURI,3,6499,XAPURI,AC,1200708,18243,34315.96,16.4447,0.046161,2026,7,f,898.65
PARANA,SAO JOAO DO CAIUA,4,3936,SAO JOAO DO CAIUA,PR,4124905,5586,34310.06,71.6076,0.101626,2026,7,f,1220.35
SAO PAULO,SERRA NEGRA,108,26480,SERRA NEGRA,SP,3551603,29894,34288.05,361.2765,0.407855,2026,7,f,1836.39
MINAS GERAIS,DIVISA ALEGRE,1,1745,DIVISA ALEGRE,MG,3122355,6321,34280.34,15.8203,0.057307,2026,7,f,846.99
SAO PAULO,GUAPIARA,9,9753,GUAPIARA,SP,3517604,17071,34279.30,52.7210,0.092279,2026,7,f,1032.99
PARANA,LUPIONOPOLIS,3,3432,LUPIONOPOLIS,PR,4113809,4813,34250.16,62.3312,0.087413,2026,7,f,1332.01
MINAS GERAIS,SAO GERALDO,12,6036,SAO GERALDO,MG,3161502,10282,34224.57,116.7088,0.198807,2026,7,f,1086.63
RIO GRANDE DO SUL,PINTO BANDEIRA,15,1924,PINTO BANDEIRA,RS,4314548,2723,34202.72,550.8630,0.779626,2026,7,f,2510.66
PARANA,MOREIRA SALES,7,7866,MOREIRA SALES,PR,4116109,11175,34192.21,62.6398,0.088991,2026,7,f,1204.28
RIO GRANDE DO SUL,IRAI,4,5680,IRAI,RS,4310504,7482,34186.71,53.4616,0.070423,2026,7,f,1572.85
RIO GRANDE DO SUL,NOVO TIRADENTES,0,1537,NOVO TIRADENTES,RS,4313441,2146,34181.27,0.0000,0.000000,2026,7,f,1617.01
PARANA,JAPIRA,3,2793,JAPIRA,PR,4112306,4972,34179.40,60.3379,0.107411,2026,7,f,1339.86
BAHIA,VITORIA DA CONQUISTA,2206,208855,VITORIA DA CONQUISTA,BA,2933307,370879,34152.84,594.8032,1.056235,2026,7,f,1310.93
PARA,CUMARU DO NORTE,2,2155,CUMARU DO NORTE,PA,1502764,14036,34128.81,14.2491,0.092807,2026,7,f,1007.72
PARAIBA,JOAO PESSOA,7336,515106,JOAO PESSOA,PB,2507507,833932,34106.06,879.6880,1.424173,2026,7,f,1879.00
ALAGOAS,SAO LUIS DO QUITUNDE,10,7737,SAO LUIS DO QUITUNDE,AL,2708501,30873,34104.33,32.3908,0.129249,2026,7,f,750.66
RIO GRANDE DO SUL,TAQUARA,232,43316,TAQUARA,RS,4321204,53242,34104.18,435.7462,0.535599,2026,7,f,1711.54
PARA,TUCUMA,18,37195,TUCUMA,PA,1508084,39550,34081.39,45.5120,0.048394,2026,7,f,1120.97
PARANA,CARLOPOLIS,28,13003,CARLOPOLIS,PR,4104709,16905,34061.76,165.6315,0.215335,2026,7,f,1441.28
MINAS GERAIS,ALEM PARAIBA,16,27005,ALEM PARAIBA,MG,3101508,30717,34044.96,52.0884,0.059248,2026,7,f,1372.25
RIO GRANDE DO NORTE,TIBAU DO SUL,35,6550,TIBAU DO SUL,RN,2414209,16929,34037.16,206.7458,0.534351,2026,7,f,1286.38
SAO PAULO,FARTURA,20,11842,FARTURA,SP,3515400,16641,34036.12,120.1851,0.168890,2026,7,f,1482.13
GOIAS,GUARINOS,2,784,GUARINOS,GO,5209457,2161,34033.78,92.5497,0.255102,2026,7,f,1100.76
RIO GRANDE DO SUL,TRES CACHOEIRAS,22,10667,TRES CACHOEIRAS,RS,4321667,10962,34006.84,200.6933,0.206244,2026,7,f,1632.48
PARANA,SANTO ANTONIO DO SUDOESTE,27,16567,SANTO ANTONIO DO SUDOESTE,PR,4124400,23673,33999.32,114.0540,0.162975,2026,7,f,1734.86
SAO PAULO,SANTANA DA PONTE PENSA,0,1299,SANTANA DA PONTE PENSA,SP,3547205,1670,33997.60,0.0000,0.000000,2026,7,f,1574.52
PIAUI,TERESINA,6266,637022,TERESINA,PI,2211001,866300,33994.07,723.3060,0.983639,2026,7,f,1559.89
RIO GRANDE DO SUL,PROGRESSO,9,4467,PROGRESSO,RS,4315156,5340,33993.07,168.5393,0.201478,2026,7,f,1524.47
RIO GRANDE DO SUL,FAZENDA VILANOVA,4,3902,FAZENDA VILANOVA,RS,4308078,4291,33970.17,93.2184,0.102512,2026,7,f,1500.24
GOIAS,NOVA AURORA,2,1551,NOVA AURORA,GO,5214804,2101,33969.06,95.1928,0.128949,2026,7,f,1465.60
MINAS GERAIS,MUZAMBINHO,23,19757,MUZAMBINHO,MG,3144102,21891,33933.26,105.0660,0.116414,2026,7,f,1798.02
MATO GROSSO,APIACAS,7,6266,APIACAS,MT,5100805,8590,33929.34,81.4901,0.111714,2026,7,f,1635.19
TOCANTINS,COLINAS DO TOCANTINS,31,28000,COLINAS DO TOCANTINS,TO,1705508,34233,33923.44,90.5559,0.110714,2026,7,f,1378.65
GOIAS,AURILANDIA,3,1987,AURILANDIA,GO,5202601,3284,33910.78,91.3520,0.150981,2026,7,f,1491.47
RIO GRANDE DO SUL,SENTINELA DO SUL,4,4375,SENTINELA DO SUL,RS,4320354,5306,33904.45,75.3864,0.091429,2026,7,f,1250.16
SERGIPE,JAPARATUBA,2,5699,JAPARATUBA,SE,2803302,16209,33874.39,12.3388,0.035094,2026,7,f,816.67
SAO PAULO,BOCAINA,15,8751,BOCAINA,SP,3506805,11259,33872.99,133.2268,0.171409,2026,7,f,1595.83
RIO GRANDE DO SUL,SAO JERONIMO,36,13262,SAO JERONIMO,RS,4318408,21028,33872.84,171.2003,0.271452,2026,7,f,1635.38
RIO GRANDE DO SUL,VISTA GAUCHA,0,2353,VISTA GAUCHA,RS,4323705,2783,33868.49,0.0000,0.000000,2026,7,f,2018.17
RIO GRANDE DO SUL,PALMITINHO,9,7411,PALMITINHO,RS,4313805,7839,33846.79,114.8106,0.121441,2026,7,f,1562.57
SAO PAULO,GENERAL SALGADO,15,8992,GENERAL SALGADO,SP,3516903,10312,33836.60,145.4616,0.166815,2026,7,f,1735.05
RONDONIA,SAO FELIPE D'OESTE,5,4182,SAO FELIPE D'OESTE,RO,1101484,5258,33835.30,95.0932,0.119560,2026,7,f,1362.82
MINAS GERAIS,CARLOS CHAGAS,3,7128,CARLOS CHAGAS,MG,3113701,18615,33834.65,16.1160,0.042088,2026,7,f,1052.33
RIO GRANDE DO SUL,SANTANA DA BOA VISTA,1,6156,SANTANA DA BOA VISTA,RS,4317004,7024,33831.01,14.2369,0.016244,2026,7,f,1182.47
GOIAS,FORMOSA,57,91825,FORMOSA,GO,5208004,115901,33806.77,49.1799,0.062075,2026,7,f,1553.54
MINAS GERAIS,ALPINOPOLIS,13,16759,ALPINOPOLIS,MG,3101904,18300,33804.26,71.0383,0.077570,2026,7,f,1427.77
GOIAS,CAMPINORTE,17,9630,CAMPINORTE,GO,5204706,12510,33786.65,135.8913,0.176532,2026,7,f,1364.05
MATO GROSSO,ACORIZAL,9,2028,ACORIZAL,MT,5100102,5014,33780.02,179.4974,0.443787,2026,7,f,1231.13
GOIAS,RIALMA,30,10643,RIALMA,GO,5218607,12165,33770.16,246.6091,0.281875,2026,7,f,1469.23
SAO PAULO,ICEM,14,5879,ICEM,SP,3519808,7819,33755.21,179.0510,0.238136,2026,7,f,1574.21
MINAS GERAIS,MATUTINA,2,2574,MATUTINA,MG,3141207,3814,33723.91,52.4384,0.077700,2026,7,f,1804.53
MARANHAO,LORETO,4,2608,LORETO,MA,2106102,11597,33711.05,34.4917,0.153374,2026,7,f,747.53
GOIAS,FIRMINOPOLIS,17,8116,FIRMINOPOLIS,GO,5207808,10419,33689.70,163.1635,0.209463,2026,7,f,1777.07
PARANA,BOM SUCESSO,7,3870,BOM SUCESSO,PR,4103206,6581,33681.51,106.3668,0.180879,2026,7,f,1387.30
GOIAS,ALOANDIA,0,1531,ALOANDIA,GO,5200506,1973,33658.39,0.0000,0.000000,2026,7,f,1654.76
MINAS GERAIS,ITAGUARA,6,12470,ITAGUARA,MG,3132206,13846,33656.65,43.3338,0.048115,2026,7,f,1429.51
RIO GRANDE DO SUL,SAO FRANCISCO DE ASSIS,19,12702,SAO FRANCISCO DE ASSIS,RS,4318101,17618,33634.29,107.8443,0.149583,2026,7,f,1663.89
RIO GRANDE DO SUL,MORRINHOS DO SUL,5,2439,MORRINHOS DO SUL,RS,4312443,3071,33620.32,162.8134,0.205002,2026,7,f,1608.45
TOCANTINS,CRISTALANDIA,1,3589,CRISTALANDIA,TO,1706100,6371,33605.40,15.6961,0.027863,2026,7,f,1299.17
MINAS GERAIS,URUCANIA,6,4857,URUCANIA,MG,3170503,10600,33597.83,56.6038,0.123533,2026,7,f,1080.19
MINAS GERAIS,MONSENHOR PAULO,3,5035,MONSENHOR PAULO,MG,3142601,8340,33594.12,35.9712,0.059583,2026,7,f,1350.50
SANTA CATARINA,GAROPABA,327,27366,GAROPABA,SC,4205704,29959,33556.13,1091.4917,1.194913,2026,7,f,2120.74
MINAS GERAIS,CURVELO,103,59871,CURVELO,MG,3120904,80665,33550.19,127.6886,0.172037,2026,7,f,1429.39
ESPIRITO SANTO,SANTA LEOPOLDINA,9,9084,SANTA LEOPOLDINA,ES,3204500,13106,33545.25,68.6708,0.099075,2026,7,f,1155.17
RIO GRANDE DO SUL,SAO JOSE DO HORTENCIO,17,4067,SAO JOSE DO HORTENCIO,RS,4318481,4447,33538.57,382.2802,0.417999,2026,7,f,1834.47
SERGIPE,CARMOPOLIS,6,5825,CARMOPOLIS,SE,2801504,13853,33524.65,43.3119,0.103004,2026,7,f,766.36
MATO GROSSO,NOSSA SENHORA DO LIVRAMENTO,18,5471,NOSSA SENHORA DO LIVRAMENTO,MT,5106109,12940,33510.51,139.1036,0.329007,2026,7,f,1107.38
TOCANTINS,PARANA,0,2302,PARANA,TO,1716208,10542,33504.65,0.0000,0.000000,2026,7,f,977.59
SANTA CATARINA,LAURO MULLER,31,16338,LAURO MULLER,SC,4209607,14381,33497.67,215.5622,0.189742,2026,7,f,1957.24
MINAS GERAIS,POCO FUNDO,19,15303,POCO FUNDO,MG,3151701,16390,33488.65,115.9243,0.124159,2026,7,f,1458.51
MINAS GERAIS,GOVERNADOR VALADARES,966,175901,GOVERNADOR VALADARES,MG,3127701,257171,33488.48,375.6256,0.549173,2026,7,f,1605.10
RIO GRANDE DO SUL,BRAGA,1,2680,BRAGA,RS,4302600,3268,33488.07,30.5998,0.037313,2026,7,f,1343.57
PARANA,IBEMA,4,4399,IBEMA,PR,4109757,6218,33465.91,64.3294,0.090930,2026,7,f,1329.26
RIO GRANDE DO SUL,CACIQUE DOBLE,2,3245,CACIQUE DOBLE,RS,4303202,4603,33461.22,43.4499,0.061633,2026,7,f,1246.35
MINAS GERAIS,SANTA BARBARA,29,18342,SANTA BARBARA,MG,3157203,30466,33450.01,95.1881,0.158107,2026,7,f,1324.19
RIO GRANDE DO SUL,URUGUAIANA,255,83707,URUGUAIANA,RS,4322400,117210,33406.31,217.5582,0.304634,2026,7,f,1566.17
PARANA,SANTANA DO ITARARE,1,4154,SANTANA DO ITARARE,PR,4124004,5514,33377.22,18.1357,0.024073,2026,7,f,1360.85
ESPIRITO SANTO,ITAGUACU,19,10310,ITAGUACU,ES,3202702,13589,33349.25,139.8190,0.184287,2026,7,f,1255.55
SANTA CATARINA,IRANI,9,8972,IRANI,SC,4207809,10195,33330.36,88.2786,0.100312,2026,7,f,1801.71
SANTA CATARINA,HERVAL D'OESTE,45,18280,HERVAL D'OESTE,SC,4206702,21724,33305.19,207.1442,0.246171,2026,7,f,1922.35
SAO PAULO,IGARATA,36,8503,IGARATA,SP,3520202,10605,33301.56,339.4625,0.423380,2026,7,f,1478.86
RIO GRANDE DO SUL,POUSO NOVO,1,1396,POUSO NOVO,RS,4315131,1739,33297.30,57.5043,0.071633,2026,7,f,1783.78
MARANHAO,IGARAPE DO MEIO,5,3944,IGARAPE DO MEIO,MA,2105153,13974,33268.00,35.7807,0.126775,2026,7,f,646.04
RIO DE JANEIRO,PARAIBA DO SUL,83,20782,PARAIBA DO SUL,RJ,3303708,42063,33263.37,197.3231,0.399384,2026,7,f,1216.57
BAHIA,DIAS D'AVILA,106,28890,DIAS D'AVILA,BA,2910057,71485,33263.17,148.2829,0.366909,2026,7,f,901.27
TOCANTINS,CARMOLANDIA,0,1390,CARMOLANDIA,TO,1703883,2201,33244.89,0.0000,0.000000,2026,7,f,982.10
TOCANTINS,JAU DO TOCANTINS,0,1409,JAU DO TOCANTINS,TO,1711506,3334,33238.15,0.0000,0.000000,2026,7,f,1033.94
MINAS GERAIS,CARMO DO CAJURU,9,17205,CARMO DO CAJURU,MG,3114204,23479,33212.36,38.3321,0.052310,2026,7,f,1484.94
MINAS GERAIS,MARAVILHAS,7,6551,MARAVILHAS,MG,3139706,7333,33206.33,95.4589,0.106854,2026,7,f,1202.04
RIO DE JANEIRO,RIO CLARO,42,7608,RIO CLARO,RJ,3304409,17401,33183.78,241.3654,0.552050,2026,7,f,1232.33
RIO GRANDE DO SUL,PAROBE,138,42025,PAROBE,RS,4314050,52058,33150.45,265.0889,0.328376,2026,7,f,1535.37
RIO GRANDE DO SUL,TERRA DE AREIA,18,9737,TERRA DE AREIA,RS,4321436,10334,33149.80,174.1823,0.184862,2026,7,f,1502.13
SAO PAULO,BARBOSA,3,3961,BARBOSA,SP,3505104,5640,33142.38,53.1915,0.075738,2026,7,f,1080.41
PARANA,BARRACAO,15,12433,BARRACAO,PR,4102604,9759,33128.09,153.7043,0.120647,2026,7,f,1469.89
SAO PAULO,SERRANA,105,30467,SERRANA,SP,3551504,43909,33126.12,239.1309,0.344635,2026,7,f,1283.46
GOIAS,TRES RANCHOS,2,1896,TRES RANCHOS,GO,5221304,2921,33124.27,68.4697,0.105485,2026,7,f,1577.47
ALAGOAS,BELO MONTE,2,1272,BELO MONTE,AL,2700904,5936,33082.38,33.6927,0.157233,2026,7,f,552.98
MATO GROSSO,COLNIZA,1,19846,COLNIZA,MT,5103254,25766,33073.62,3.8811,0.005039,2026,7,f,1262.59
RIO GRANDE DO SUL,CAICARA,5,4146,CAICARA,RS,4303400,4836,33063.28,103.3912,0.120598,2026,7,f,2241.76
RIO DE JANEIRO,SILVA JARDIM,21,10315,SILVA JARDIM,RJ,3305604,21352,33060.70,98.3514,0.203587,2026,7,f,1042.66
ESPIRITO SANTO,FUNDAO,63,11074,FUNDAO,ES,3202207,18014,33052.90,349.7280,0.568900,2026,7,f,1406.78
RONDONIA,VALE DO ANARI,3,4803,VALE DO ANARI,RO,1101757,7788,33039.42,38.5208,0.062461,2026,7,f,1095.38
SAO PAULO,ITIRAPUA,6,3815,ITIRAPUA,SP,3523701,5779,33029.24,103.8242,0.157274,2026,7,f,1202.12
RIO DE JANEIRO,ITAOCARA,56,17415,ITAOCARA,RJ,3302106,22919,33007.07,244.3388,0.321562,2026,7,f,1421.51
GOIAS,GOIAS,21,16466,GOIAS,GO,5208905,24071,32983.55,87.2419,0.127536,2026,7,f,1718.77
PARANA,NOVA AMERICA DA COLINA,1,2444,NOVA AMERICA DA COLINA,PR,4116604,3280,32956.40,30.4878,0.040917,2026,7,f,1149.02
PARANA,SANTA ISABEL DO IVAI,15,7307,SANTA ISABEL DO IVAI,PR,4123709,8912,32954.67,168.3124,0.205283,2026,7,f,1425.90
MINAS GERAIS,VOLTA GRANDE,1,1887,VOLTA GRANDE,MG,3172103,4443,32947.56,22.5073,0.052994,2026,7,f,1153.24
GOIAS,VARJAO,4,2792,VARJAO,GO,5221908,3716,32932.19,107.6426,0.143266,2026,7,f,1544.18
RIO DE JANEIRO,SAO JOSE DE UBA,11,3860,SAO JOSE DE UBA,RJ,3305133,7070,32917.96,155.5870,0.284974,2026,7,f,1150.71
MINAS GERAIS,RIO POMBA,17,11711,RIO POMBA,MG,3155801,17443,32911.83,97.4603,0.145163,2026,7,f,1509.58
SAO PAULO,ANHUMAS,0,2610,ANHUMAS,SP,3502408,4023,32904.80,0.0000,0.000000,2026,7,f,1409.42
SAO PAULO,SANTA MERCEDES,1,2330,SANTA MERCEDES,SP,3547106,2956,32903.25,33.8295,0.042918,2026,7,f,1549.88
SAO PAULO,PIRAJUI,36,15327,PIRAJUI,SP,3538907,22431,32892.38,160.4922,0.234880,2026,7,f,1707.81
RIO DE JANEIRO,SAO FRANCISCO DE ITABAPOANA,42,20111,SAO FRANCISCO DE ITABAPOANA,RJ,3304755,45059,32876.16,93.2111,0.208841,2026,7,f,939.48
MINAS GERAIS,CARATINGA,179,57013,CARATINGA,MG,3113404,87360,32870.30,204.8993,0.313963,2026,7,f,1369.59
PARA,CASTANHAL,453,124131,CASTANHAL,PA,1502400,192256,32862.91,235.6233,0.364937,2026,7,f,1055.05
PARANA,COLOMBO,906,176419,COLOMBO,PR,4105805,232212,32853.49,390.1607,0.513550,2026,7,f,1526.60
SAO PAULO,RUBIACEA,3,1698,RUBIACEA,SP,3544400,2700,32844.07,111.1111,0.176678,2026,7,f,1214.43
GOIAS,IPIRANGA DE GOIAS,0,1786,IPIRANGA DE GOIAS,GO,5210158,2919,32827.00,0.0000,0.000000,2026,7,f,1315.82
PARANA,CONTENDA,27,14643,CONTENDA,PR,4106209,19128,32821.94,141.1543,0.184388,2026,7,f,1234.23
SANTA CATARINA,LAGUNA,193,34705,LAGUNA,SC,4209409,42785,32818.74,451.0927,0.556116,2026,7,f,1700.15
GOIAS,MONTIVIDIU DO NORTE,0,1888,MONTIVIDIU DO NORTE,GO,5213772,3779,32816.88,0.0000,0.000000,2026,7,f,1049.67
RIO DE JANEIRO,CAMBUCI,14,6767,CAMBUCI,RJ,3300902,14616,32811.17,95.7854,0.206886,2026,7,f,1315.25
RIO GRANDE DO SUL,ERVAL GRANDE,10,3581,ERVAL GRANDE,RS,4307203,4930,32793.51,202.8398,0.279252,2026,7,f,1448.46
MINAS GERAIS,BARBACENA,135,80847,BARBACENA,MG,3105608,125317,32785.79,107.7268,0.166982,2026,7,f,1598.76
RONDONIA,COSTA MARQUES,8,6183,COSTA MARQUES,RO,1100080,12627,32782.37,63.3563,0.129387,2026,7,f,1088.06
RIO GRANDE DO SUL,AMARAL FERRADOR,2,4400,AMARAL FERRADOR,RS,4300638,5310,32778.53,37.6648,0.045455,2026,7,f,1018.29
MINAS GERAIS,MARIPA DE MINAS,0,2162,MARIPA DE MINAS,MG,3140209,3387,32776.79,0.0000,0.000000,2026,7,f,1385.29
TOCANTINS,NOVA ROSALANDIA,1,1750,NOVA ROSALANDIA,TO,1715002,3362,32762.34,29.7442,0.057143,2026,7,f,1068.55
SAO PAULO,MACAUBAL,16,6533,MACAUBAL,SP,3528106,7481,32754.71,213.8752,0.244910,2026,7,f,1516.91
PERNAMBUCO,IGARASSU,175,40229,IGARASSU,PE,2606804,115196,32733.91,151.9150,0.435010,2026,7,f,880.67
PARANA,MARILENA,7,6093,MARILENA,PR,4115002,7253,32708.81,96.5118,0.114886,2026,7,f,1287.26
SAO PAULO,NAZARE PAULISTA,35,16260,NAZARE PAULISTA,SP,3532405,18217,32684.31,192.1282,0.215252,2026,7,f,1356.62
SANTA CATARINA,ANITAPOLIS,8,3354,ANITAPOLIS,SC,4201109,3593,32675.48,222.6552,0.238521,2026,7,f,1642.76
PARANA,TAPIRA,4,4646,TAPIRA,PR,4126900,5745,32674.33,69.6258,0.086096,2026,7,f,1376.12
MATO GROSSO,SALTO DO CEU,5,2878,SALTO DO CEU,MT,5107750,3679,32653.17,135.9065,0.173732,2026,7,f,1383.61
RIO GRANDE DO SUL,DOM PEDRO DE ALCANTARA,4,1790,DOM PEDRO DE ALCANTARA,RS,4306551,2562,32652.62,156.1280,0.223464,2026,7,f,1374.70
ESPIRITO SANTO,MARILANDIA,51,11592,MARILANDIA,ES,3203353,12387,32651.41,411.7220,0.439959,2026,7,f,1480.41
ALAGOAS,IGREJA NOVA,6,7126,IGREJA NOVA,AL,2703205,21372,32639.53,28.0741,0.084199,2026,7,f,525.81
MINAS GERAIS,DESTERRO DE ENTRE RIOS,1,5753,DESTERRO DE ENTRE RIOS,MG,3121407,7653,32633.61,13.0668,0.017382,2026,7,f,1120.94
BAHIA,ITATIM,4,6703,ITATIM,BA,2916856,15737,32623.82,25.4178,0.059675,2026,7,f,715.27
RIO GRANDE DO NORTE,PORTO DO MANGUE,0,1435,PORTO DO MANGUE,RN,2410256,5228,32595.45,0.0000,0.000000,2026,7,f,666.78
ALAGOAS,LIMOEIRO DE ANADIA,19,8439,LIMOEIRO DE ANADIA,AL,2704203,24740,32578.94,76.7987,0.225145,2026,7,f,652.14
SAO PAULO,TIMBURI,2,1673,TIMBURI,SP,3554607,2464,32576.30,81.1688,0.119546,2026,7,f,1241.59
SAO PAULO,PRAIA GRANDE,1471,203739,PRAIA GRANDE,SP,3541000,349935,32567.89,420.3638,0.722002,2026,7,f,1795.56
MINAS GERAIS,RIBEIRAO VERMELHO,2,1678,RIBEIRAO VERMELHO,MG,3154705,4080,32564.46,49.0196,0.119190,2026,7,f,1337.90
MINAS GERAIS,PEDRA DO INDAIA,1,2728,PEDRA DO INDAIA,MG,3148905,4112,32541.34,24.3191,0.036657,2026,7,f,1187.01
GOIAS,TEREZOPOLIS DE GOIAS,15,4251,TEREZOPOLIS DE GOIAS,GO,5221197,7944,32533.74,188.8218,0.352858,2026,7,f,1205.20
MATO GROSSO DO SUL,ANASTACIO,21,16151,ANASTACIO,MS,5000708,24114,32505.64,87.0863,0.130023,2026,7,f,1196.18
SAO PAULO,SAO PEDRO,153,32818,SAO PEDRO,SP,3550407,38256,32496.26,399.9373,0.466208,2026,7,f,1747.04
MINAS GERAIS,LASSANCE,4,2578,LASSANCE,MG,3138104,7124,32473.61,56.1482,0.155159,2026,7,f,973.84
RIO GRANDE DO SUL,SAO PEDRO DO SUL,20,12176,SAO PEDRO DO SUL,RS,4319406,15577,32471.14,128.3944,0.164258,2026,7,f,1606.44
SAO PAULO,EMILIANOPOLIS,6,2142,EMILIANOPOLIS,SP,3515129,3014,32470.47,199.0710,0.280112,2026,7,f,1334.16
CEARA,SOBRAL,557,121598,SOBRAL,CE,2312908,203023,32454.10,274.3532,0.458067,2026,7,f,1013.74
SAO PAULO,ELDORADO,6,6887,ELDORADO,SP,3514809,13069,32442.80,45.9102,0.087121,2026,7,f,1096.71
SAO PAULO,ITAQUAQUECETUBA,496,179150,ITAQUAQUECETUBA,SP,3523107,369275,32439.94,134.3172,0.276863,2026,7,f,1101.16
PARA,OURILANDIA DO NORTE,13,18484,OURILANDIA DO NORTE,PA,1505437,32467,32433.36,40.0407,0.070331,2026,7,f,935.72
SANTA CATARINA,SAO CRISTOVAO DO SUL,1,3512,SAO CRISTOVAO DO SUL,SC,4216057,6084,32429.16,16.4366,0.028474,2026,7,f,1488.60
TOCANTINS,RIO DOS BOIS,0,978,RIO DOS BOIS,TO,1718709,2738,32423.30,0.0000,0.000000,2026,7,f,916.21
SAO PAULO,CACONDE,27,13448,CACONDE,SP,3508702,17101,32402.14,157.8855,0.200773,2026,7,f,1386.07
GOIAS,CACHOEIRA DE GOIAS,0,774,CACHOEIRA DE GOIAS,GO,5204201,1405,32400.00,0.0000,0.000000,2026,7,f,1196.62
SAO PAULO,AURIFLAMA,27,13444,AURIFLAMA,SP,3504206,13692,32396.44,197.1954,0.200833,2026,7,f,1494.63
RIO GRANDE DO SUL,PEDRO OSORIO,8,5589,PEDRO OSORIO,RS,4314209,7484,32391.10,106.8947,0.143138,2026,7,f,1254.09
SAO PAULO,VIRADOURO,26,14538,VIRADOURO,SP,3556800,17414,32378.32,149.3052,0.178842,2026,7,f,1399.34
SANTA CATARINA,BELMONTE,1,2601,BELMONTE,SC,4202156,2658,32373.97,37.6223,0.038447,2026,7,f,1798.71
MINAS GERAIS,ITAMOGI,10,8805,ITAMOGI,MG,3132909,10770,32355.34,92.8505,0.113572,2026,7,f,1412.13
RIO DE JANEIRO,PORCIUNCULA,34,5132,PORCIUNCULA,RJ,3304102,17288,32349.20,196.6682,0.662510,2026,7,f,1404.53
RIO GRANDE DO SUL,MAMPITUBA,3,874,MAMPITUBA,RS,4311734,3131,32328.33,95.8160,0.343249,2026,7,f,1297.67
PARANA,QUITANDINHA,13,13775,QUITANDINHA,PR,4121208,18398,32311.07,70.6599,0.094374,2026,7,f,1211.25
SAO PAULO,TAGUAI,19,7386,TAGUAI,SP,3553005,12669,32309.97,149.9724,0.257243,2026,7,f,1290.18
MINAS GERAIS,SAO GONCALO DO PARA,12,10598,SAO GONCALO DO PARA,MG,3161809,11770,32304.25,101.9541,0.113229,2026,7,f,1395.03
RIO GRANDE DO SUL,SAO JOSE DAS MISSOES,1,1716,SAO JOSE DAS MISSOES,RS,4318457,2362,32295.09,42.3370,0.058275,2026,7,f,1309.27
PARANA,GODOY MOREIRA,2,2298,GODOY MOREIRA,PR,4108551,2977,32291.90,67.1817,0.087032,2026,7,f,1320.61
MINAS GERAIS,CATAGUASES,83,43095,CATAGUASES,MG,3115300,66261,32290.73,125.2622,0.192598,2026,7,f,1422.54
RIO DE JANEIRO,SAO PEDRO DA ALDEIA,406,50348,SAO PEDRO DA ALDEIA,RJ,3305208,104029,32289.18,390.2758,0.806388,2026,7,f,1462.39
ESPIRITO SANTO,AGUIA BRANCA,9,8536,AGUIA BRANCA,ES,3200136,9711,32288.95,92.6784,0.105436,2026,7,f,1242.59
PARANA,SAO JERONIMO DA SERRA,5,7053,SAO JERONIMO DA SERRA,PR,4124707,10830,32253.55,46.1681,0.070892,2026,7,f,1168.93
RIO GRANDE DO SUL,CAPAO DO LEAO,39,19291,CAPAO DO LEAO,RS,4304663,26487,32243.06,147.2420,0.202167,2026,7,f,1171.22
MINAS GERAIS,SAO PEDRO DA UNIAO,3,4400,SAO PEDRO DA UNIAO,MG,3163904,4885,32238.28,61.4125,0.068182,2026,7,f,1414.88
GOIAS,CORUMBA DE GOIAS,12,5893,CORUMBA DE GOIAS,GO,5205802,10562,32234.52,113.6148,0.203631,2026,7,f,1266.95
RIO GRANDE DO SUL,TOROPI,2,2411,TOROPI,RS,4321493,2554,32225.53,78.3085,0.082953,2026,7,f,1452.65
MINAS GERAIS,CAMPOS GERAIS,13,16499,CAMPOS GERAIS,MG,3111606,26105,32221.80,49.7989,0.078793,2026,7,f,1282.57
RIO GRANDE DO SUL,HERVAL,1,4942,HERVAL,RS,4307104,6191,32205.30,16.1525,0.020235,2026,7,f,1225.78
SANTA CATARINA,CANELINHA,57,10732,CANELINHA,SC,4203709,12821,32190.00,444.5831,0.531122,2026,7,f,1639.81
MINAS GERAIS,TURVOLANDIA,2,3767,TURVOLANDIA,MG,3169802,4935,32184.80,40.5268,0.053093,2026,7,f,1172.12
PARANA,ALTAMIRA DO PARANA,0,2579,ALTAMIRA DO PARANA,PR,4100459,3590,32175.21,0.0000,0.000000,2026,7,f,1382.24
MINAS GERAIS,MONTES CLAROS,1161,273878,MONTES CLAROS,MG,3143302,414240,32170.33,280.2723,0.423911,2026,7,f,1517.61
MINAS GERAIS,ASTOLFO DUTRA,13,8168,ASTOLFO DUTRA,MG,3104601,14138,32077.80,91.9508,0.159158,2026,7,f,1207.03
AMAZONAS,ITACOATIARA,25,33022,ITACOATIARA,AM,1301902,103598,32065.64,24.1317,0.075707,2026,7,f,734.27
PARAIBA,CABACEIRAS,1,2004,CABACEIRAS,PB,2503100,5335,32065.42,18.7441,0.049900,2026,7,f,833.95
RIO GRANDE DO SUL,DOM FELICIANO,4,10564,DOM FELICIANO,RS,4306502,13051,32041.91,30.6490,0.037864,2026,7,f,1327.63
PARANA,QUERENCIA DO NORTE,4,8035,QUERENCIA DO NORTE,PR,4121000,10685,32030.32,37.4357,0.049782,2026,7,f,1373.66
GOIAS,SANTA TEREZA DE GOIAS,2,2382,SANTA TEREZA DE GOIAS,GO,5219605,3293,32029.76,60.7349,0.083963,2026,7,f,1239.43
RIO GRANDE DO SUL,ARROIO DO SAL,38,7425,ARROIO DO SAL,RS,4301057,11057,31987.61,343.6737,0.511785,2026,7,f,1638.58
SAO PAULO,PONTALINDA,0,2405,PONTALINDA,SP,3540259,4127,31983.77,0.0000,0.000000,2026,7,f,1217.50
ACRE,PORTO ACRE,15,5827,PORTO ACRE,AC,1200807,16693,31952.67,89.8580,0.257422,2026,7,f,733.17
RIO GRANDE DO SUL,PINHEIRO MACHADO,4,8831,PINHEIRO MACHADO,RS,4314506,11214,31915.11,35.6697,0.045295,2026,7,f,1416.97
RIO GRANDE DO SUL,LIBERATO SALZANO,1,3742,LIBERATO SALZANO,RS,4311601,4781,31911.94,20.9161,0.026724,2026,7,f,1705.05
SAO PAULO,ORIENTE,22,4114,ORIENTE,SP,3534104,6085,31894.66,361.5448,0.534759,2026,7,f,1590.53
RIO DE JANEIRO,MIGUEL PEREIRA,105,20435,MIGUEL PEREIRA,RJ,3302908,26582,31871.12,395.0041,0.513824,2026,7,f,1784.00
RIO GRANDE DO SUL,PIRAPO,0,1751,PIRAPO,RS,4314555,2260,31865.49,0.0000,0.000000,2026,7,f,1342.02
RIO GRANDE DO SUL,BOQUEIRAO DO LEAO,6,5803,BOQUEIRAO DO LEAO,RS,4302451,6247,31861.69,96.0461,0.103395,2026,7,f,1647.73
MINAS GERAIS,CARMO DA CACHOEIRA,8,6141,CARMO DA CACHOEIRA,MG,3113909,11547,31847.06,69.2821,0.130272,2026,7,f,1219.36
TOCANTINS,ITAPORA DO TOCANTINS,0,1022,ITAPORA DO TOCANTINS,TO,1711100,2404,31817.39,0.0000,0.000000,2026,7,f,1076.92
PARANA,CRUZ MACHADO,3,14124,CRUZ MACHADO,PR,4106803,15978,31791.46,18.7758,0.021240,2026,7,f,1245.38
GOIAS,MAURILANDIA,12,7923,MAURILANDIA,GO,5213004,10304,31784.55,116.4596,0.151458,2026,7,f,1294.83
RIO GRANDE DO SUL,TIRADENTES DO SUL,1,4233,TIRADENTES DO SUL,RS,4321477,5129,31775.20,19.4970,0.023624,2026,7,f,2310.17
SANTA CATARINA,SALTINHO,0,3031,SALTINHO,SC,4215356,3632,31759.64,0.0000,0.000000,2026,7,f,1583.41
MINAS GERAIS,BIQUINHAS,1,1894,BIQUINHAS,MG,3107000,2383,31738.98,41.9639,0.052798,2026,7,f,1325.89
MATO GROSSO,PORTO ESPERIDIAO,13,5965,PORTO ESPERIDIAO,MT,5106828,10204,31726.19,127.4010,0.217938,2026,7,f,1172.74
BAHIA,SALVADOR,18561,1146568,SALVADOR,BA,2927408,2417678,31724.15,767.7201,1.618831,2026,7,f,1770.35
GOIAS,CACHOEIRA ALTA,13,7253,CACHOEIRA ALTA,GO,5204102,11513,31716.32,112.9158,0.179236,2026,7,f,1562.18
RIO GRANDE DO SUL,VICENTE DUTRA,3,3304,VICENTE DUTRA,RS,4323101,4665,31696.46,64.3087,0.090799,2026,7,f,1497.70
PARANA,BARBOSA FERRAZ,9,8237,BARBOSA FERRAZ,PR,4102505,10795,31695.69,83.3719,0.109263,2026,7,f,1309.84
MINAS GERAIS,BOM JESUS DO AMPARO,2,3492,BOM JESUS DO AMPARO,MG,3107703,5631,31687.62,35.5177,0.057274,2026,7,f,1079.93
TOCANTINS,CACHOEIRINHA,1,669,CACHOEIRINHA,TO,1703826,1961,31664.97,50.9944,0.149477,2026,7,f,763.82
SAO PAULO,ITARARE,50,30898,ITARARE,SP,3523206,44438,31649.60,112.5163,0.161823,2026,7,f,1297.43
MINAS GERAIS,CAETANOPOLIS,7,6689,CAETANOPOLIS,MG,3109907,11435,31647.92,61.2156,0.104649,2026,7,f,1269.47
PARANA,MANDAGUACU,65,19730,MANDAGUACU,PR,4114104,31457,31643.51,206.6313,0.329448,2026,7,f,1651.00
MINAS GERAIS,ITAPECERICA,8,12535,ITAPECERICA,MG,3133501,21046,31642.69,38.0120,0.063821,2026,7,f,1320.83
MINAS GERAIS,CANDEIAS,14,10903,CANDEIAS,MG,3112000,14001,31618.60,99.9929,0.128405,2026,7,f,1219.12
ALAGOAS,JOAQUIM GOMES,1,4068,JOAQUIM GOMES,AL,2703809,17150,31585.83,5.8309,0.024582,2026,7,f,618.24
MINAS GERAIS,DORES DO INDAIA,4,9294,DORES DO INDAIA,MG,3123205,12630,31579.18,31.6706,0.043039,2026,7,f,1495.21
SAO PAULO,ARANDU,6,3855,ARANDU,SP,3503109,6885,31552.36,87.1460,0.155642,2026,7,f,1251.83
SAO PAULO,ALVARES MACHADO,116,20388,ALVARES MACHADO,SP,3501301,27255,31545.44,425.6100,0.568962,2026,7,f,1462.07
MINAS GERAIS,ARACUAI,12,18329,ARACUAI,MG,3103405,34297,31544.83,34.9885,0.065470,2026,7,f,1140.90
PARANA,SANTA TEREZINHA DE ITAIPU,47,17629,SANTA TEREZINHA DE ITAIPU,PR,4124053,24262,31536.72,193.7186,0.266606,2026,7,f,1690.18
MINAS GERAIS,ARINOS,1,8301,ARINOS,MG,3104502,17272,31528.95,5.7897,0.012047,2026,7,f,1080.02
SAO PAULO,ITATINGA,25,12605,ITATINGA,SP,3523503,19070,31523.91,131.0960,0.198334,2026,7,f,1388.79
MINAS GERAIS,SAO LOURENCO,84,30958,SAO LOURENCO,MG,3163706,44798,31519.71,187.5084,0.271335,2026,7,f,1781.22
GOIAS,RIANAPOLIS,5,3656,RIANAPOLIS,GO,5218706,3980,31508.04,125.6281,0.136761,2026,7,f,1482.64
PERNAMBUCO,JABOATAO DOS GUARARAPES,2701,255907,JABOATAO DOS GUARARAPES,PE,2607901,644037,31490.89,419.3858,1.055462,2026,7,f,1141.05
PARANA,GRANDES RIOS,1,3872,GRANDES RIOS,PR,4108700,5641,31475.80,17.7274,0.025826,2026,7,f,1258.21
PARANA,NOVA SANTA BARBARA,5,3373,NOVA SANTA BARBARA,PR,4117214,4184,31455.31,119.5029,0.148236,2026,7,f,1183.28
PARANA,TIJUCAS DO SUL,19,12519,TIJUCAS DO SUL,PR,4127601,17621,31449.69,107.8259,0.151769,2026,7,f,1318.51
MINAS GERAIS,CAMACHO,2,2118,CAMACHO,MG,3110400,2838,31448.56,70.4722,0.094429,2026,7,f,989.79
PARA,TERRA SANTA,0,1146,TERRA SANTA,PA,1507979,18782,31431.10,0.0000,0.000000,2026,7,f,692.20
RIO GRANDE DO SUL,ESPERANCA DO SUL,1,2383,ESPERANCA DO SUL,RS,4307450,3226,31415.38,30.9981,0.041964,2026,7,f,1449.92
MINAS GERAIS,CONCEICAO DA APARECIDA,8,8065,CONCEICAO DA APARECIDA,MG,3117108,10371,31415.10,77.1382,0.099194,2026,7,f,1278.54
MINAS GERAIS,AIMORES,9,11424,AIMORES,MG,3101102,25269,31397.21,35.6168,0.078782,2026,7,f,1341.42
MINAS GERAIS,CAJURI,3,2287,CAJURI,MG,3110202,4088,31383.56,73.3855,0.131176,2026,7,f,1007.83
SAO PAULO,GASTAO VIDIGAL,3,2839,GASTAO VIDIGAL,SP,3516804,3252,31347.48,92.2509,0.105671,2026,7,f,1377.87
PARANA,NOVA LARANJEIRAS,5,5746,NOVA LARANJEIRAS,PR,4117057,12074,31337.75,41.4113,0.087017,2026,7,f,1149.47
PARAIBA,SAO JOSE DO SABUGI,3,1230,SAO JOSE DO SABUGI,PB,2514701,4138,31317.30,72.4988,0.243902,2026,7,f,857.72
TOCANTINS,PALMEIROPOLIS,2,4835,PALMEIROPOLIS,TO,1715754,6975,31315.56,28.6738,0.041365,2026,7,f,1242.87
GOIAS,HIDROLINA,9,2052,HIDROLINA,GO,5209804,3545,31310.86,253.8787,0.438596,2026,7,f,1353.29
PARANA,FRANCISCO ALVES,3,5756,FRANCISCO ALVES,PR,4108320,8116,31307.29,36.9640,0.052120,2026,7,f,1363.92
RIO GRANDE DO SUL,PLANALTO,9,7874,PLANALTO,RS,4314704,10406,31306.75,86.4886,0.114300,2026,7,f,1342.22
ESPIRITO SANTO,ICONHA,30,14818,ICONHA,ES,3202603,12326,31241.36,243.3880,0.202456,2026,7,f,1398.56
SAO PAULO,MACEDONIA,6,2689,MACEDONIA,SP,3528205,3963,31226.34,151.4005,0.223131,2026,7,f,1428.56
SAO PAULO,SARUTAIA,4,2486,SARUTAIA,SP,3551207,3704,31218.95,107.9914,0.160901,2026,7,f,1165.06
RONDONIA,NOVA UNIAO,3,4602,NOVA UNIAO,RO,1101435,6200,31218.87,48.3871,0.065189,2026,7,f,920.17
ESPIRITO SANTO,BARRA DE SAO FRANCISCO,156,35488,BARRA DE SAO FRANCISCO,ES,3200904,42498,31217.40,367.0761,0.439585,2026,7,f,1262.47
SAO PAULO,ITOBI,11,5790,ITOBI,SP,3523800,8046,31212.78,136.7139,0.189983,2026,7,f,1439.31
PARANA,PALMITAL,10,9859,PALMITAL,PR,4117800,13033,31211.62,76.7283,0.101430,2026,7,f,1265.43
MINAS GERAIS,SANTA MARIA DE ITABIRA,5,6214,SANTA MARIA DE ITABIRA,MG,3158003,10485,31192.18,47.6872,0.080463,2026,7,f,1194.25
PARANA,CANDIDO DE ABREU,7,9931,CANDIDO DE ABREU,PR,4104402,15244,31175.22,45.9197,0.070486,2026,7,f,1245.36
MATO GROSSO,CACERES,295,66131,CACERES,MT,5102504,89681,31174.15,328.9437,0.446084,2026,7,f,1459.05
TOCANTINS,RIO SONO,1,1511,RIO SONO,TO,1718758,4841,31149.56,20.6569,0.066181,2026,7,f,987.98
SAO PAULO,PRESIDENTE VENCESLAU,81,32084,PRESIDENTE VENCESLAU,SP,3541505,35201,31143.94,230.1071,0.252462,2026,7,f,1954.88
MINAS GERAIS,BELO VALE,5,6653,BELO VALE,MG,3106408,8627,31136.66,57.9576,0.075154,2026,7,f,1300.70
CEARA,LIMOEIRO DO NORTE,63,41627,LIMOEIRO DO NORTE,CE,2307601,59560,31129.37,105.7757,0.151344,2026,7,f,1128.21
PARANA,RESERVA,11,18749,RESERVA,PR,4121703,24573,31106.13,44.7646,0.058670,2026,7,f,1228.72
GOIAS,PIRENOPOLIS,19,17695,PIRENOPOLIS,GO,5217302,26690,31101.12,71.1877,0.107375,2026,7,f,1492.76
PARA,BELEM,6482,609306,BELEM,PA,1501402,1303403,31100.18,497.3136,1.063833,2026,7,f,1668.52
RIO GRANDE DO SUL,JAGUARI,6,8561,JAGUARI,RS,4311106,10579,31093.39,56.7161,0.070085,2026,7,f,1871.31
MINAS GERAIS,BRASILANDIA DE MINAS,3,9403,BRASILANDIA DE MINAS,MG,3108552,15020,31089.81,19.9734,0.031905,2026,7,f,1225.72
MARANHAO,RIACHAO,5,7629,RIACHAO,MA,2109502,22145,31054.46,22.5785,0.065539,2026,7,f,751.06
MINAS GERAIS,COQUEIRAL,5,5914,COQUEIRAL,MG,3118700,9023,31011.86,55.4139,0.084545,2026,7,f,1177.95
MINAS GERAIS,SAO JOAQUIM DE BICAS,24,18711,SAO JOAQUIM DE BICAS,MG,3162922,34348,31010.36,69.8731,0.128267,2026,7,f,1067.53
RIO GRANDE DO SUL,PORTO VERA CRUZ,2,1201,PORTO VERA CRUZ,RS,4315073,1560,31008.33,128.2051,0.166528,2026,7,f,1544.81
GOIAS,UIRAPURU,1,1417,UIRAPURU,GO,5221577,2798,30976.41,35.7398,0.070572,2026,7,f,1187.62
MATO GROSSO,PORTO ESTRELA,4,1550,PORTO ESTRELA,MT,5106851,3224,30969.91,124.0695,0.258065,2026,7,f,1006.14
RIO GRANDE DO SUL,PINHEIRINHO DO VALE,6,3152,PINHEIRINHO DO VALE,RS,4314498,4540,30961.67,132.1586,0.190355,2026,7,f,1757.29
SAO PAULO,NIPOA,4,3788,NIPOA,SP,3532702,4750,30888.21,84.2105,0.105597,2026,7,f,1346.36
MINAS GERAIS,PERDIGAO,17,8248,PERDIGAO,MG,3149705,12268,30874.31,138.5719,0.206111,2026,7,f,1374.87
PARA,ITAITUBA,122,70480,ITAITUBA,PA,1503606,123314,30864.46,98.9344,0.173099,2026,7,f,1074.37
GOIAS,SAO PATRICIO,0,1224,SAO PATRICIO,GO,5220280,2143,30855.81,0.0000,0.000000,2026,7,f,1242.99
MINAS GERAIS,MURIAE,209,67429,MURIAE,MG,3143906,104108,30846.73,200.7531,0.309956,2026,7,f,1569.08
RIO GRANDE DO SUL,MAQUINE,13,5788,MAQUINE,RS,4311775,7418,30836.88,175.2494,0.224603,2026,7,f,1494.90
MATO GROSSO,SAO JOSE DOS QUATRO MARCOS,42,15714,SAO JOSE DOS QUATRO MARCOS,MT,5107107,17849,30834.11,235.3073,0.267278,2026,7,f,1355.35
RIO GRANDE DO NORTE,SAO JOSE DE MIPIBU,65,20083,SAO JOSE DE MIPIBU,RN,2412203,47286,30829.42,137.4614,0.323657,2026,7,f,824.72
SAO PAULO,FERRAZ DE VASCONCELOS,231,89436,FERRAZ DE VASCONCELOS,SP,3515707,179198,30826.13,128.9077,0.258285,2026,7,f,1201.71
MINAS GERAIS,ALBERTINA,0,2331,ALBERTINA,MG,3101409,2952,30794.72,0.0000,0.000000,2026,7,f,1222.92
MATO GROSSO,ARAGUAINHA,0,324,ARAGUAINHA,MT,5101209,1010,30789.11,0.0000,0.000000,2026,7,f,1663.95
PARA,ALTAMIRA,233,85443,ALTAMIRA,PA,1500602,126279,30788.13,184.5121,0.272696,2026,7,f,1245.26
PARAIBA,CAMPINA GRANDE,2200,242701,CAMPINA GRANDE,PB,2504009,419379,30780.61,524.5852,0.906465,2026,7,f,1373.42
MINAS GERAIS,SANTA RITA DE MINAS,4,3805,SANTA RITA DE MINAS,MG,3159357,6773,30777.50,59.0580,0.105125,2026,7,f,1018.16
MATO GROSSO,ARENAPOLIS,27,8754,ARENAPOLIS,MT,5101308,10576,30774.11,255.2950,0.308430,2026,7,f,1649.73
RIO DE JANEIRO,GUAPIMIRIM,134,24061,GUAPIMIRIM,RJ,3301850,51696,30756.40,259.2077,0.556918,2026,7,f,1197.43
RIO GRANDE DO SUL,GENERAL CAMARA,7,5106,GENERAL CAMARA,RS,4308805,7612,30748.55,91.9601,0.137094,2026,7,f,1484.84
RIO GRANDE DO NORTE,TOUROS,23,10894,TOUROS,RN,2414407,33035,30745.27,69.6231,0.211125,2026,7,f,701.16
SAO PAULO,PIQUEROBI,2,2219,PIQUEROBI,SP,3538303,3264,30727.94,61.2745,0.090131,2026,7,f,1304.25
SAO PAULO,PIRACAIA,82,24417,PIRACAIA,SP,3538600,26029,30713.78,315.0332,0.335832,2026,7,f,1603.66
MATO GROSSO DO SUL,AQUIDAUANA,44,25783,AQUIDAUANA,MS,5001102,46803,30712.80,94.0111,0.170655,2026,7,f,1307.08
SAO PAULO,NOVA CAMPINA,4,4238,NOVA CAMPINA,SP,3532827,8497,30687.65,47.0754,0.094384,2026,7,f,926.06
MINAS GERAIS,SERRA DA SAUDADE,0,477,SERRA DA SAUDADE,MG,3166600,833,30686.67,0.0000,0.000000,2026,7,f,1411.95
ESPIRITO SANTO,IBIRACU,36,7825,IBIRACU,ES,3202504,11723,30683.87,307.0886,0.460064,2026,7,f,1466.20
MINAS GERAIS,NANUQUE,14,23144,NANUQUE,MG,3144300,35038,30677.81,39.9566,0.060491,2026,7,f,1211.08
MINAS GERAIS,SANTANA DO JACARE,3,2289,SANTANA DO JACARE,MG,3158805,4214,30669.67,71.1913,0.131062,2026,7,f,1217.31
ALAGOAS,SAO MIGUEL DOS CAMPOS,66,23279,SAO MIGUEL DOS CAMPOS,AL,2708600,51990,30663.70,126.9475,0.283517,2026,7,f,912.83
RIO DE JANEIRO,ITALVA,14,7546,ITALVA,RJ,3302056,14073,30661.05,99.4813,0.185529,2026,7,f,1227.13
PARANA,ROSARIO DO IVAI,2,4144,ROSARIO DO IVAI,PR,4122651,5435,30660.17,36.7985,0.048263,2026,7,f,1324.47
PARANA,PEROLA,16,10899,PEROLA,PR,4118907,11878,30647.08,134.7028,0.146802,2026,7,f,1485.86
ESPIRITO SANTO,SAO GABRIEL DA PALHA,76,30719,SAO GABRIEL DA PALHA,ES,3204708,32252,30644.64,235.6443,0.247404,2026,7,f,1370.65
RIO GRANDE DO SUL,QUARAI,31,26983,QUARAI,RS,4315305,23500,30640.72,131.9149,0.114887,2026,7,f,1391.76
MATO GROSSO DO SUL,MIRANDA,10,13372,MIRANDA,MS,5005608,25536,30640.47,39.1604,0.074783,2026,7,f,924.13
MINAS GERAIS,IGARAPE,64,32034,IGARAPE,MG,3130101,45847,30576.13,139.5947,0.199788,2026,7,f,1434.96
CEARA,MORADA NOVA,30,33919,MORADA NOVA,CE,2308708,61443,30564.62,48.8257,0.088446,2026,7,f,842.15
MARANHAO,ITINGA DO MARANHAO,20,12299,ITINGA DO MARANHAO,MA,2105427,22513,30538.53,88.8376,0.162615,2026,7,f,882.07
MINAS GERAIS,CRISTINA,5,5065,CRISTINA,MG,3120508,10374,30535.28,48.1974,0.098717,2026,7,f,1226.32
RORAIMA,MUCAJAI,4,5624,MUCAJAI,RR,1400308,18095,30508.10,22.1056,0.071124,2026,7,f,809.57
PARA,JACAREACANGA,1,2026,JACAREACANGA,PA,1503754,24042,30464.10,4.1594,0.049358,2026,7,f,787.87
RORAIMA,CARACARAI,3,4546,CARACARAI,RR,1400209,20957,30417.24,14.3150,0.065992,2026,7,f,714.44
TOCANTINS,BERNARDO SAYAO,1,2092,BERNARDO SAYAO,TO,1703206,4229,30399.62,23.6463,0.047801,2026,7,f,1113.41
SAO PAULO,SAO BENTO DO SAPUCAI,14,8942,SAO BENTO DO SAPUCAI,SP,3548609,11674,30389.58,119.9246,0.156565,2026,7,f,1710.26
SAO PAULO,MURUTINGA DO SUL,4,2958,MURUTINGA DO SUL,SP,3532108,3737,30365.00,107.0377,0.135227,2026,7,f,1502.97
MINAS GERAIS,ABADIA DOS DOURADOS,1,5194,ABADIA DOS DOURADOS,MG,3100104,6272,30356.66,15.9439,0.019253,2026,7,f,1435.00
SANTA CATARINA,ANITA GARIBALDI,8,6805,ANITA GARIBALDI,SC,4201000,8285,30354.98,96.5600,0.117561,2026,7,f,1468.32
SAO PAULO,TAPIRATIBA,5,8378,TAPIRATIBA,SP,3553609,11816,30353.17,42.3155,0.059680,2026,7,f,1422.36
MINAS GERAIS,SANTA MARGARIDA,6,12378,SANTA MARGARIDA,MG,3157906,16395,30349.37,36.5965,0.048473,2026,7,f,933.07
RIO DE JANEIRO,CARDOSO MOREIRA,20,6031,CARDOSO MOREIRA,RJ,3301157,12958,30338.40,154.3448,0.331620,2026,7,f,1077.50
RIO GRANDE DO SUL,CAPITAO,3,2607,CAPITAO,RS,4304697,2921,30321.47,102.7046,0.115075,2026,7,f,1761.46
MINAS GERAIS,CASSIA,18,12888,CASSIA,MG,3115102,17155,30305.57,104.9257,0.139665,2026,7,f,1332.07
SAO PAULO,MARINOPOLIS,2,1551,MARINOPOLIS,SP,3529104,1860,30303.76,107.5269,0.128949,2026,7,f,1441.96
MINAS GERAIS,MONTE SANTO DE MINAS,20,18337,MONTE SANTO DE MINAS,MG,3143203,20890,30279.32,95.7396,0.109069,2026,7,f,1325.93
MINAS GERAIS,NEPOMUCENO,17,20008,NEPOMUCENO,MG,3144607,25018,30274.88,67.9511,0.084966,2026,7,f,1284.35
RIO GRANDE DO SUL,SEGREDO,3,5207,SEGREDO,RS,4320263,6009,30235.65,49.9251,0.057615,2026,7,f,1663.32
PARANA,LUNARDELLI,6,3648,LUNARDELLI,PR,4113759,4872,30231.94,123.1527,0.164474,2026,7,f,1265.28
SAO PAULO,MIRACATU,22,12045,MIRACATU,SP,3529906,18553,30228.37,118.5792,0.182648,2026,7,f,1125.40
ALAGOAS,PIACABUCU,16,3500,PIACABUCU,AL,2706802,15908,30203.92,100.5783,0.457143,2026,7,f,689.66
SAO PAULO,ECHAPORA,5,4116,ECHAPORA,SP,3514700,6205,30201.93,80.5802,0.121477,2026,7,f,1387.75
PARANA,QUATIGUA,7,6694,QUATIGUA,PR,4120705,8099,30189.78,86.4304,0.104571,2026,7,f,1506.45
SERGIPE,UMBAUBA,24,13174,UMBAUBA,SE,2807600,23917,30182.38,100.3470,0.182177,2026,7,f,743.59
MINAS GERAIS,SAO JOSE DA VARGINHA,2,2547,SAO JOSE DA VARGINHA,MG,3163102,4536,30177.25,44.0917,0.078524,2026,7,f,1189.68
MINAS GERAIS,SANTA LUZIA,179,104778,SANTA LUZIA,MG,3157807,219132,30155.78,81.6859,0.170837,2026,7,f,1305.74
SAO PAULO,CAJOBI,14,6803,CAJOBI,SP,3509304,9133,30110.70,153.2903,0.205792,2026,7,f,1564.43
MINAS GERAIS,SERITINGA,0,1067,SERITINGA,MG,3166402,1819,30107.75,0.0000,0.000000,2026,7,f,1450.73
RIO GRANDE DO NORTE,PARNAMIRIM,2590,148581,PARNAMIRIM,RN,2403251,252716,30107.02,1024.8659,1.743157,2026,7,f,1846.59
MINAS GERAIS,NOVA RESENDE,14,18975,NOVA RESENDE,MG,3145109,16387,30082.14,85.4336,0.073781,2026,7,f,1312.37
RIO GRANDE DO SUL,MARIANA PIMENTEL,1,3319,MARIANA PIMENTEL,RS,4311981,3916,30078.40,25.5363,0.030130,2026,7,f,1441.03
PARANA,MARIA HELENA,2,4198,MARIA HELENA,PR,4114708,5865,30077.92,34.1006,0.047642,2026,7,f,1434.22
MINAS GERAIS,CARMOPOLIS DE MINAS,9,14025,CARMOPOLIS DE MINAS,MG,3114501,18003,30071.71,49.9917,0.064171,2026,7,f,1381.32
PARANA,INAJA,0,1869,INAJA,PR,4110300,2536,30062.70,0.0000,0.000000,2026,7,f,1139.89
RORAIMA,RORAINOPOLIS,4,10674,RORAINOPOLIS,RR,1400472,32647,30049.93,12.2523,0.037474,2026,7,f,831.40
MINAS GERAIS,MONTE SIAO,20,20558,MONTE SIAO,MG,3143401,24089,30041.84,83.0254,0.097286,2026,7,f,1480.80
SAO PAULO,TERRA ROXA,10,5918,TERRA ROXA,SP,3554409,7904,30038.71,126.5182,0.168976,2026,7,f,1605.47
PARANA,RAMILANDIA,1,2479,RAMILANDIA,PR,4121257,4221,29989.34,23.6911,0.040339,2026,7,f,1122.96
PARANA,MARQUINHO,1,2825,MARQUINHO,PR,4115457,4504,29969.36,22.2025,0.035398,2026,7,f,1563.73
GOIAS,NOVO BRASIL,5,2509,NOVO BRASIL,GO,5215207,3527,29965.13,141.7635,0.199283,2026,7,f,1369.21
SAO PAULO,AMERICO DE CAMPOS,4,4656,AMERICO DE CAMPOS,SP,3501806,5870,29957.07,68.1431,0.085911,2026,7,f,1580.65
GOIAS,LUZIANIA,53,89722,LUZIANIA,GO,5212501,209129,29956.01,25.3432,0.059071,2026,7,f,1154.28
SAO PAULO,LUCELIA,45,15010,LUCELIA,SP,3527405,20061,29912.17,224.3158,0.299800,2026,7,f,1571.18
RIO DE JANEIRO,CACHOEIRAS DE MACACU,110,32263,CACHOEIRAS DE MACACU,RJ,3300803,56943,29896.60,193.1756,0.340948,2026,7,f,1212.66
MINAS GERAIS,BOCAIUVA,15,28498,BOCAIUVA,MG,3107307,48032,29895.72,31.2292,0.052635,2026,7,f,1035.32
GOIAS,FAINA,2,3516,FAINA,GO,5207535,7070,29893.49,28.2885,0.056883,2026,7,f,1212.29
ESPIRITO SANTO,CONCEICAO DO CASTELO,11,11070,CONCEICAO DO CASTELO,ES,3201704,11937,29880.12,92.1505,0.099368,2026,7,f,1352.34
ESPIRITO SANTO,MONTANHA,39,12048,MONTANHA,ES,3203502,18900,29870.32,206.3492,0.323705,2026,7,f,1129.12
RIO GRANDE DO NORTE,MACAIBA,134,34433,MACAIBA,RN,2407104,82249,29857.37,162.9199,0.389162,2026,7,f,850.48
AMAPA,OIAPOQUE,6,6305,OIAPOQUE,AP,1600501,27482,29850.96,21.8325,0.095163,2026,7,f,846.41
GOIAS,SANTA BARBARA DE GOIAS,17,4010,SANTA BARBARA DE GOIAS,GO,5219100,6149,29831.03,276.4677,0.423940,2026,7,f,1408.78
PARA,TRAIRAO,2,5329,TRAIRAO,PA,1508050,15242,29822.73,13.1216,0.037530,2026,7,f,964.72
RORAIMA,CAROEBE,0,3845,CAROEBE,RR,1400233,10656,29783.88,0.0000,0.000000,2026,7,f,917.60
MATO GROSSO,COTRIGUACU,3,7226,COTRIGUACU,MT,5103379,11011,29765.78,27.2455,0.041517,2026,7,f,1520.40
BAHIA,PORTO SEGURO,335,78252,PORTO SEGURO,BA,2925303,168326,29763.04,199.0186,0.428104,2026,7,f,1293.05
TOCANTINS,RECURSOLANDIA,0,1000,RECURSOLANDIA,TO,1718501,3421,29758.84,0.0000,0.000000,2026,7,f,723.11
SAO PAULO,VERA CRUZ,13,7634,VERA CRUZ,SP,3556602,10176,29756.78,127.7516,0.170291,2026,7,f,1513.70
MINAS GERAIS,LUMINARIAS,2,3845,LUMINARIAS,MG,3138708,5586,29741.14,35.8038,0.052016,2026,7,f,1304.11
PERNAMBUCO,CARUARU,1708,234015,CARUARU,PE,2604106,378048,29727.53,451.7945,0.729868,2026,7,f,1147.39
MATO GROSSO DO SUL,JAPORA,0,2214,JAPORA,MS,5004809,8148,29722.02,0.0000,0.000000,2026,7,f,757.40
RIO GRANDE DO SUL,BUTIA,35,13966,BUTIA,RS,4302709,19084,29715.00,183.3997,0.250609,2026,7,f,1374.61
MINAS GERAIS,SANTOS DUMONT,27,22720,SANTOS DUMONT,MG,3160702,42406,29698.77,63.6702,0.118838,2026,7,f,1222.91
SAO PAULO,PRESIDENTE ALVES,4,2675,PRESIDENTE ALVES,SP,3541109,3804,29698.21,105.1525,0.149533,2026,7,f,1520.64
MINAS GERAIS,PRATAPOLIS,11,6957,PRATAPOLIS,MG,3152907,8406,29693.55,130.8589,0.158114,2026,7,f,1441.15
ESPIRITO SANTO,BAIXO GUANDU,110,29614,BAIXO GUANDU,ES,3200805,30674,29686.74,358.6099,0.371446,2026,7,f,1257.09
GOIAS,MUTUNOPOLIS,2,2464,MUTUNOPOLIS,GO,5214101,3564,29660.77,56.1167,0.081169,2026,7,f,1101.70
MINAS GERAIS,SABARA,96,69541,SABARA,MG,3156700,129380,29658.31,74.2000,0.138048,2026,7,f,1462.10
GOIAS,PADRE BERNARDO,1,9306,PADRE BERNARDO,GO,5215603,34967,29631.97,2.8598,0.010746,2026,7,f,984.91
PERNAMBUCO,LAGOA GRANDE,14,6510,LAGOA GRANDE,PE,2608750,24088,29625.08,58.1202,0.215054,2026,7,f,740.89
SAO PAULO,BOFETE,19,7395,BOFETE,SP,3506904,10460,29615.01,181.6444,0.256930,2026,7,f,1480.67
SAO PAULO,PORANGABA,24,7191,PORANGABA,SP,3540507,10451,29585.69,229.6431,0.333751,2026,7,f,1451.19
RIO GRANDE DO SUL,PORTO LUCENA,5,3491,PORTO LUCENA,RS,4315008,4360,29580.73,114.6789,0.143225,2026,7,f,1673.28
PIAUI,PICOS,238,71380,PICOS,PI,2208007,83090,29566.52,286.4364,0.333427,2026,7,f,1207.78
AMAPA,PORTO GRANDE,2,3574,PORTO GRANDE,AP,1600535,17848,29563.82,11.2057,0.055960,2026,7,f,889.05
GOIAS,URUANA,14,11273,URUANA,GO,5221700,13729,29547.96,101.9739,0.124191,2026,7,f,1422.20
PARA,SAPUCAIA,1,1976,SAPUCAIA,PA,1507755,5847,29536.51,17.1028,0.050607,2026,7,f,780.97
RIO GRANDE DO SUL,BARROS CASSAL,6,7630,BARROS CASSAL,RS,4302006,9296,29526.03,64.5439,0.078637,2026,7,f,1364.70
MINAS GERAIS,LAGOA DOURADA,6,11213,LAGOA DOURADA,MG,3137403,12769,29524.55,46.9888,0.053509,2026,7,f,1077.38
PARANA,DIAMANTE D'OESTE,4,2976,DIAMANTE D'OESTE,PR,4107157,4557,29513.50,87.7770,0.134409,2026,7,f,1469.26
ALAGOAS,JUNQUEIRO,33,10248,JUNQUEIRO,AL,2704005,23907,29509.43,138.0349,0.322014,2026,7,f,749.29
SANTA CATARINA,IPIRA,5,4386,IPIRA,SC,4207601,4578,29487.77,109.2180,0.113999,2026,7,f,2074.85
SAO PAULO,MAIRIPORA,486,68342,MAIRIPORA,SP,3528502,93853,29484.20,517.8311,0.711129,2026,7,f,1825.67
SAO PAULO,BRAUNA,10,3847,BRAUNA,SP,3507704,5356,29472.55,186.7065,0.259943,2026,7,f,1369.89
MINAS GERAIS,SANTA RITA DE CALDAS,4,7943,SANTA RITA DE CALDAS,MG,3159209,8460,29439.83,47.2813,0.050359,2026,7,f,1494.51
GOIAS,CAMPO LIMPO DE GOIAS,17,4675,CAMPO LIMPO DE GOIAS,GO,5204854,8081,29420.99,210.3700,0.363636,2026,7,f,1141.62
BAHIA,ITAPETINGA,80,26958,ITAPETINGA,BA,2916401,65897,29416.70,121.4016,0.296758,2026,7,f,982.63
BAHIA,SANTO ANTONIO DE JESUS,326,73163,SANTO ANTONIO DE JESUS,BA,2928703,103055,29386.39,316.3359,0.445580,2026,7,f,1214.78
MINAS GERAIS,PIEDADE DO RIO GRANDE,1,2391,PIEDADE DO RIO GRANDE,MG,3150307,4604,29356.65,21.7202,0.041824,2026,7,f,1286.04
SAO PAULO,SAGRES,0,1358,SAGRES,SP,3544707,2474,29355.30,0.0000,0.000000,2026,7,f,1184.76
MINAS GERAIS,GUARANI,7,3608,GUARANI,MG,3128402,7714,29320.72,90.7441,0.194013,2026,7,f,1345.45
ALAGOAS,ARAPIRACA,1798,159798,ARAPIRACA,AL,2700300,234696,29318.52,766.0974,1.125171,2026,7,f,1080.25
MINAS GERAIS,URUANA DE MINAS,0,1115,URUANA DE MINAS,MG,3170479,3282,29293.72,0.0000,0.000000,2026,7,f,1091.98
RIO DE JANEIRO,QUATIS,13,5578,QUATIS,RJ,3304128,13682,29292.57,95.0153,0.233058,2026,7,f,1274.65
TOCANTINS,ITACAJA,2,3059,ITACAJA,TO,1710508,6819,29284.94,29.3298,0.065381,2026,7,f,951.97
RIO GRANDE DO SUL,SAO JOSE DO HERVAL,2,1586,SAO JOSE DO HERVAL,RS,4318465,1902,29281.81,105.1525,0.126103,2026,7,f,1379.43
MINAS GERAIS,CAREACU,1,3692,CAREACU,MG,3113602,6816,29280.52,14.6714,0.027086,2026,7,f,1366.57
AMAPA,PEDRA BRANCA DO AMAPARI,0,1173,PEDRA BRANCA DO AMAPARI,AP,1600154,12847,29254.07,0.0000,0.000000,2026,7,f,885.60
PARANA,MATINHOS,162,23420,MATINHOS,PR,4115705,39259,29246.92,412.6442,0.691716,2026,7,f,1729.34
MINAS GERAIS,VICOSA,134,55364,VICOSA,MG,3171303,76430,29239.36,175.3238,0.242035,2026,7,f,1864.42
PARANA,MANDIRITUBA,40,20632,MANDIRITUBA,PR,4114302,27439,29207.81,145.7779,0.193874,2026,7,f,1269.58
PARANA,PAICANDU,42,33744,PAICANDU,PR,4117503,45962,29205.91,91.3798,0.124467,2026,7,f,1423.93
PARANA,MORRETES,38,11194,MORRETES,PR,4116208,18309,29204.87,207.5482,0.339468,2026,7,f,1394.05
RIO DE JANEIRO,IGUABA GRANDE,118,16473,IGUABA GRANDE,RJ,3301876,27920,29178.40,422.6361,0.716324,2026,7,f,1526.99
ACRE,CRUZEIRO DO SUL,130,49627,CRUZEIRO DO SUL,AC,1200203,91888,29167.50,141.4766,0.261954,2026,7,f,905.21
TOCANTINS,PRESIDENTE KENNEDY,1,1333,PRESIDENTE KENNEDY,TO,1718402,3047,29157.53,32.8192,0.075019,2026,7,f,1017.64
PARANA,ALTONIA,14,17118,ALTONIA,PR,4100509,18742,29153.83,74.6985,0.081785,2026,7,f,1362.99
GOIAS,AVELINOPOLIS,4,1759,AVELINOPOLIS,GO,5202809,2868,29152.02,139.4700,0.227402,2026,7,f,1395.39
MINAS GERAIS,SABINOPOLIS,4,8136,SABINOPOLIS,MG,3156809,14240,29145.93,28.0899,0.049164,2026,7,f,984.74
RIO DE JANEIRO,PATY DO ALFERES,57,19541,PATY DO ALFERES,RJ,3303856,29619,29127.92,192.4440,0.291694,2026,7,f,1210.31
BAHIA,IRAQUARA,3,7138,IRAQUARA,BA,2914406,23879,29109.80,12.5633,0.042029,2026,7,f,681.79
RONDONIA,GUAJARA-MIRIM,46,21876,GUAJARA-MIRIM,RO,1100106,39387,29071.37,116.7898,0.210276,2026,7,f,1035.94
RIO GRANDE DO SUL,CAMPOS BORGES,1,3322,CAMPOS BORGES,RS,4304101,3613,29067.26,27.6778,0.030102,2026,7,f,1859.44
RIO GRANDE DO SUL,TRAMANDAI,241,38484,TRAMANDAI,RS,4321600,54387,29046.00,443.1206,0.626234,2026,7,f,1871.57
MINAS GERAIS,PRUDENTE DE MORAIS,1,6112,PRUDENTE DE MORAIS,MG,3153608,11466,29044.30,8.7214,0.016361,2026,7,f,1218.79
PARANA,GUARATUBA,144,24255,GUARATUBA,PR,4109609,42062,29027.36,342.3518,0.593692,2026,7,f,1685.43
SAO PAULO,PIACATU,7,3984,PIACATU,SP,3537701,5519,29004.35,126.8346,0.175703,2026,7,f,1450.85
SAO PAULO,ITAPORANGA,12,9440,ITAPORANGA,SP,3522802,14085,28988.78,85.1970,0.127119,2026,7,f,1283.91
MINAS GERAIS,MATEUS LEME,29,21086,MATEUS LEME,MG,3140704,37841,28963.14,76.6365,0.137532,2026,7,f,1176.11
SAO PAULO,LUPERCIO,2,2272,LUPERCIO,SP,3527801,3981,28948.51,50.2386,0.088028,2026,7,f,1073.89
RIO GRANDE DO SUL,SINIMBU,7,5928,SINIMBU,RS,4320677,8578,28942.29,81.6041,0.118084,2026,7,f,1313.34
GOIAS,ANHANGUERA,0,647,ANHANGUERA,GO,5201207,924,28937.23,0.0000,0.000000,2026,7,f,1518.80
MINAS GERAIS,SILVIANOPOLIS,2,3600,SILVIANOPOLIS,MG,3167400,6179,28921.02,32.3677,0.055556,2026,7,f,1597.35
TOCANTINS,BARROLANDIA,0,2626,BARROLANDIA,TO,1703107,4846,28911.06,0.0000,0.000000,2026,7,f,1073.11
GOIAS,BURITI DE GOIAS,6,2280,BURITI DE GOIAS,GO,5203939,2732,28905.93,219.6193,0.263158,2026,7,f,1419.51
ALAGOAS,SANTA LUZIA DO NORTE,8,1897,SANTA LUZIA DO NORTE,AL,2707909,6919,28898.40,115.6236,0.421719,2026,7,f,692.89
PARANA,JABOTI,4,3183,JABOTI,PR,4111704,5427,28851.30,73.7055,0.125668,2026,7,f,1482.44
RIO GRANDE DO NORTE,TIBAU,10,2555,TIBAU,RN,2411056,5382,28817.35,185.8045,0.391389,2026,7,f,965.37
PARANA,CALIFORNIA,15,7930,CALIFORNIA,PR,4103503,8710,28817.34,172.2158,0.189155,2026,7,f,1415.61
GOIAS,HEITORAI,1,2288,HEITORAI,GO,5209606,3354,28788.61,29.8151,0.043706,2026,7,f,1315.65
SAO PAULO,TAIUVA,5,4260,TAIUVA,SP,3553203,6548,28764.97,76.3592,0.117371,2026,7,f,1644.90
SANTA CATARINA,CAPIVARI DE BAIXO,77,22885,CAPIVARI DE BAIXO,SC,4203956,23975,28739.06,321.1679,0.336465,2026,7,f,1711.32
MATO GROSSO DO SUL,PARANHOS,1,3006,PARANHOS,MS,5006358,12921,28727.11,7.7393,0.033267,2026,7,f,763.99
ESPIRITO SANTO,MIMOSO DO SUL,28,17189,MIMOSO DO SUL,ES,3203403,24475,28717.59,114.4025,0.162895,2026,7,f,1139.00
SANTA CATARINA,JOSE BOITEUX,9,4343,JOSE BOITEUX,SC,4209151,5985,28700.42,150.3759,0.207230,2026,7,f,1488.38
RIO GRANDE DO SUL,TRES FORQUILHAS,0,2348,TRES FORQUILHAS,RS,4321832,2760,28694.57,0.0000,0.000000,2026,7,f,1413.66
GOIAS,FORMOSO,1,3503,FORMOSO,GO,5208103,4660,28652.36,21.4592,0.028547,2026,7,f,1442.82
MATO GROSSO,RIO BRANCO,5,3875,RIO BRANCO,MT,5107206,4535,28642.78,110.2536,0.129032,2026,7,f,1472.23
SAO PAULO,TARABAI,2,4479,TARABAI,SP,3553906,6536,28636.93,30.5998,0.044653,2026,7,f,1266.70
SAO PAULO,ALVINLANDIA,4,1898,ALVINLANDIA,SP,3501509,2885,28635.36,138.6482,0.210748,2026,7,f,1203.52
PARAIBA,PITIMBU,14,4795,PITIMBU,PB,2511905,16751,28605.58,83.5771,0.291971,2026,7,f,792.24
PARAIBA,CAJAZEIRAS,167,44265,CAJAZEIRAS,PB,2503704,63239,28597.02,264.0775,0.377273,2026,7,f,1119.77
MINAS GERAIS,CARMO DA MATA,10,8545,CARMO DA MATA,MG,3114006,11019,28594.43,90.7523,0.117028,2026,7,f,1422.49
PARANA,MARUMBI,4,3257,MARUMBI,PR,4115507,4699,28583.32,85.1245,0.122812,2026,7,f,1424.62
ALAGOAS,UNIAO DOS PALMARES,42,26479,UNIAO DOS PALMARES,AL,2709301,59280,28576.21,70.8502,0.158616,2026,7,f,768.95
MINAS GERAIS,ANDRELANDIA,3,6376,ANDRELANDIA,MG,3102803,11927,28572.31,25.1530,0.047051,2026,7,f,1272.14
TOCANTINS,ARAPOEMA,1,3397,ARAPOEMA,TO,1702307,5550,28571.53,18.0180,0.029438,2026,7,f,1063.76
MINAS GERAIS,NATERCIA,1,3080,NATERCIA,MG,3144409,4691,28557.88,21.3174,0.032468,2026,7,f,1484.28
BAHIA,TABOCAS DO BREJO VELHO,0,2897,TABOCAS DO BREJO VELHO,BA,2930907,11979,28546.87,0.0000,0.000000,2026,7,f,655.88
MINAS GERAIS,MANHUMIRIM,19,14356,MANHUMIRIM,MG,3139508,20613,28520.21,92.1748,0.132349,2026,7,f,1249.19
GOIAS,SAO DOMINGOS,0,3322,SAO DOMINGOS,GO,5219803,9711,28505.10,0.0000,0.000000,2026,7,f,952.58
MINAS GERAIS,PRADOS,6,6351,PRADOS,MG,3152709,9048,28494.58,66.3130,0.094473,2026,7,f,1246.38
MINAS GERAIS,ERVALIA,10,15662,ERVALIA,MG,3124005,20255,28482.30,49.3705,0.063849,2026,7,f,1238.49
GOIAS,ITAPACI,22,14435,ITAPACI,GO,5210901,21087,28449.19,104.3297,0.152407,2026,7,f,1335.74
SERGIPE,ITABAIANA,252,84860,ITABAIANA,SE,2802908,103440,28448.24,243.6195,0.296960,2026,7,f,1080.72
RIO GRANDE DO SUL,IMBE,133,18971,IMBE,RS,4310330,26824,28439.68,495.8246,0.701070,2026,7,f,1774.31
RIO DE JANEIRO,LAJE DO MURIAE,12,2753,LAJE DO MURIAE,RJ,3302304,7336,28435.52,163.5769,0.435888,2026,7,f,1145.60
SAO PAULO,LOURDES,1,1404,LOURDES,SP,3527256,1950,28430.77,51.2821,0.071225,2026,7,f,1400.55
RIO GRANDE DO NORTE,JARDIM DE ANGICOS,0,744,JARDIM DE ANGICOS,RN,2405504,2437,28428.40,0.0000,0.000000,2026,7,f,735.11
MINAS GERAIS,CONCEICAO DAS PEDRAS,0,1824,CONCEICAO DAS PEDRAS,MG,3117207,2772,28423.52,0.0000,0.000000,2026,7,f,1103.41
RIO GRANDE DO NORTE,CAICO,184,58172,CAICO,RN,2402006,61146,28387.74,300.9191,0.316303,2026,7,f,1387.38
GOIAS,GOIANAPOLIS,18,10064,GOIANAPOLIS,GO,5208400,13967,28378.25,128.8752,0.178855,2026,7,f,1280.32
MINAS GERAIS,CONCEICAO DOS OUROS,14,6313,CONCEICAO DOS OUROS,MG,3117801,10880,28357.81,128.6765,0.221765,2026,7,f,1293.50
MINAS GERAIS,FORTALEZA DE MINAS,2,2193,FORTALEZA DE MINAS,MG,3126307,3477,28350.59,57.5209,0.091199,2026,7,f,1390.27
SANTA CATARINA,SANTA ROSA DO SUL,16,9125,SANTA ROSA DO SUL,SC,4215653,9792,28349.06,163.3987,0.175342,2026,7,f,1531.38
SERGIPE,FEIRA NOVA,1,2075,FEIRA NOVA,SE,2802205,5975,28344.27,16.7364,0.048193,2026,7,f,640.00
SAO PAULO,BANANAL,7,5388,BANANAL,SP,3504909,9969,28332.23,70.2177,0.129918,2026,7,f,1340.96
MATO GROSSO,JANGADA,7,4036,JANGADA,MT,5104906,7426,28319.55,94.2634,0.173439,2026,7,f,1095.63
RIO GRANDE DO SUL,CAPELA DE SANTANA,31,6925,CAPELA DE SANTANA,RS,4304689,11159,28313.20,277.8027,0.447653,2026,7,f,1406.12
MINAS GERAIS,ABAETE,25,16199,ABAETE,MG,3100203,22675,28311.84,110.2536,0.154331,2026,7,f,1439.09
MINAS GERAIS,ENTRE RIOS DE MINAS,9,11634,ENTRE RIOS DE MINAS,MG,3123908,14746,28299.67,61.0335,0.077359,2026,7,f,1410.08
SAO PAULO,GUZOLANDIA,3,3134,GUZOLANDIA,SP,3518909,4246,28298.63,70.6547,0.095724,2026,7,f,1208.80
ACRE,BUJARI,3,3709,BUJARI,AC,1200138,12917,28289.77,23.2252,0.080884,2026,7,f,709.71
MINAS GERAIS,QUARTEL GERAL,3,1570,QUARTEL GERAL,MG,3153707,3179,28277.45,94.3693,0.191083,2026,7,f,1266.00
RIO GRANDE DO SUL,IBARAMA,3,3243,IBARAMA,RS,4309753,3732,28260.72,80.3859,0.092507,2026,7,f,1515.91
RIO GRANDE DO SUL,JABOTICABA,4,3077,JABOTICABA,RS,4310850,3779,28251.65,105.8481,0.129997,2026,7,f,1329.75
PARA,BUJARU,5,4377,BUJARU,PA,1501907,24383,28229.50,20.5061,0.114233,2026,7,f,526.09
PARAIBA,PEDRAS DE FOGO,14,14032,PEDRAS DE FOGO,PB,2511202,29662,28216.88,47.1984,0.099772,2026,7,f,753.14
SAO PAULO,TUPI PAULISTA,37,12214,TUPI PAULISTA,SP,3555109,15854,28190.87,233.3796,0.302931,2026,7,f,1947.45
PARA,PICARRA,2,2439,PICARRA,PA,1505635,12832,28186.56,15.5860,0.082001,2026,7,f,864.32
SAO PAULO,SAO JOAO DAS DUAS PONTES,1,1682,SAO JOAO DAS DUAS PONTES,SP,3549201,2580,28183.33,38.7597,0.059453,2026,7,f,1560.38
RIO GRANDE DO NORTE,SENADOR GEORGINO AVELINO,1,1102,SENADOR GEORGINO AVELINO,RN,2413201,4065,28176.14,24.6002,0.090744,2026,7,f,676.62
BAHIA,ARACAS,3,3127,ARACAS,BA,2902054,11557,28175.31,25.9583,0.095939,2026,7,f,725.59
PARANA,SAO JORGE DO PATROCINIO,54,5424,SAO JORGE DO PATROCINIO,PR,4125357,6504,28172.20,830.2583,0.995575,2026,7,f,1373.72
SANTA CATARINA,MATOS COSTA,4,2179,MATOS COSTA,SC,4210704,2761,28165.16,144.8750,0.183570,2026,7,f,1198.14
RIO GRANDE DO SUL,NOVO BARREIRO,0,3502,NOVO BARREIRO,RS,4313490,4272,28163.16,0.0000,0.000000,2026,7,f,1322.87
GOIAS,ITAPURANGA,38,26824,ITAPURANGA,GO,5211206,26113,28143.57,145.5214,0.141664,2026,7,f,1371.33
SAO PAULO,NOVA CANAA PAULISTA,0,1469,NOVA CANAA PAULISTA,SP,3532843,2032,28135.83,0.0000,0.000000,2026,7,f,1499.45
MINAS GERAIS,CRISTAIS,14,9185,CRISTAIS,MG,3120201,12197,28127.33,114.7823,0.152422,2026,7,f,1226.45
SAO PAULO,CATIGUA,5,4918,CATIGUA,SP,3511201,7003,28123.09,71.3980,0.101667,2026,7,f,1398.86
TOCANTINS,SANTA FE DO ARAGUAIA,0,2565,SANTA FE DO ARAGUAIA,TO,1718865,7216,28091.32,0.0000,0.000000,2026,7,f,1011.88
ESPIRITO SANTO,MUNIZ FREIRE,27,13988,MUNIZ FREIRE,ES,3203700,18153,28091.11,148.7357,0.193023,2026,7,f,1075.20
GOIAS,MORRO AGUDO DE GOIAS,0,1792,MORRO AGUDO DE GOIAS,GO,5213855,2456,28089.58,0.0000,0.000000,2026,7,f,1081.81
PARANA,SANTO ANTONIO DO CAIUA,0,1761,SANTO ANTONIO DO CAIUA,PR,4124202,2493,28089.45,0.0000,0.000000,2026,7,f,1309.09
MINAS GERAIS,CONCEICAO DO RIO VERDE,5,6776,CONCEICAO DO RIO VERDE,MG,3117702,12541,28072.24,39.8692,0.073790,2026,7,f,1256.41
PARANA,BOA VISTA DA APARECIDA,6,6261,BOA VISTA DA APARECIDA,PR,4103057,7924,28071.30,75.7193,0.095831,2026,7,f,1272.15
MINAS GERAIS,CABO VERDE,5,7680,CABO VERDE,MG,3109501,11410,28070.11,43.8212,0.065104,2026,7,f,1263.99
MINAS GERAIS,CAPELINHA,15,33031,CAPELINHA,MG,3112307,39626,28058.02,37.8539,0.045412,2026,7,f,1211.15
MINAS GERAIS,JAPARAIBA,1,3467,JAPARAIBA,MG,3135308,4506,28045.94,22.1926,0.028843,2026,7,f,1480.30
MARANHAO,FORTALEZA DOS NOGUEIRAS,7,5970,FORTALEZA DOS NOGUEIRAS,MA,2104107,12640,28041.77,55.3797,0.117253,2026,7,f,922.26
RIO GRANDE DO SUL,LAGOAO,0,3862,LAGOAO,RS,4311254,5341,28041.75,0.0000,0.000000,2026,7,f,1280.03
PARAIBA,MATARACA,2,2302,MATARACA,PB,2509305,8244,28025.96,24.2601,0.086881,2026,7,f,761.17
PIAUI,CORRENTE,6,14600,CORRENTE,PI,2202901,27278,28016.06,21.9957,0.041096,2026,7,f,946.37
SAO PAULO,TAPIRAI,9,4917,TAPIRAI,SP,3553500,7996,28008.25,112.5563,0.183038,2026,7,f,1156.39
MATO GROSSO,VALE DE SAO DOMINGOS,3,1570,VALE DE SAO DOMINGOS,MT,5108352,2904,28002.07,103.3058,0.191083,2026,7,f,1348.22
MINAS GERAIS,VESPASIANO,120,58962,VESPASIANO,MG,3171204,129246,28001.11,92.8462,0.203521,2026,7,f,1291.72
RIO DE JANEIRO,ITABORAI,359,114053,ITABORAI,RJ,3301900,224267,27995.17,160.0771,0.314766,2026,7,f,1101.64
RIO GRANDE DO SUL,IVORA,2,1387,IVORA,RS,4310751,1929,27968.90,103.6807,0.144196,2026,7,f,1960.11
SAO PAULO,BADY BASSITT,172,21374,BADY BASSITT,SP,3504602,27260,27960.20,630.9611,0.804716,2026,7,f,1808.97
MINAS GERAIS,SANTANA DO PARAISO,76,17281,SANTANA DO PARAISO,MG,3158953,44800,27923.62,169.6429,0.439789,2026,7,f,1389.43
PARA,TAILANDIA,56,38967,TAILANDIA,PA,1507953,72493,27913.98,77.2488,0.143711,2026,7,f,829.70
SAO PAULO,FLORIDA PAULISTA,6,8159,FLORIDA PAULISTA,SP,3516002,12958,27912.02,46.3034,0.073538,2026,7,f,1313.48
PARANA,CORUMBATAI DO SUL,2,2924,CORUMBATAI DO SUL,PR,4106555,3760,27908.24,53.1915,0.068399,2026,7,f,1219.96
SAO PAULO,RIBEIRAO DOS INDIOS,2,1481,RIBEIRAO DOS INDIOS,SP,3543238,2025,27905.68,98.7654,0.135044,2026,7,f,1309.36
RORAIMA,IRACEMA,1,1723,IRACEMA,RR,1400282,10023,27891.75,9.9771,0.058038,2026,7,f,781.65
MINAS GERAIS,CAMPO BELO,51,39075,CAMPO BELO,MG,3111200,52277,27891.73,97.5572,0.130518,2026,7,f,1379.80
MINAS GERAIS,TOCANTINS,17,11157,TOCANTINS,MG,3169000,16185,27851.96,105.0355,0.152371,2026,7,f,1244.19
AMAPA,CALCOENE,0,1451,CALCOENE,AP,1600204,10612,27836.51,0.0000,0.000000,2026,7,f,827.69
CEARA,JIJOCA DE JERICOACOARA,13,13534,JIJOCA DE JERICOACOARA,CE,2307254,25555,27829.90,50.8707,0.096054,2026,7,f,968.32
PARANA,FAZENDA RIO GRANDE,388,83580,FAZENDA RIO GRANDE,PR,4107652,148873,27805.32,260.6248,0.464226,2026,7,f,1448.37
MINAS GERAIS,JANAUBA,39,47075,JANAUBA,MG,3135100,70699,27796.16,55.1634,0.082847,2026,7,f,1239.96
CEARA,TIANGUA,96,53747,TIANGUA,CE,2313401,81506,27792.47,117.7827,0.178615,2026,7,f,844.10
CEARA,CAUCAIA,642,140039,CAUCAIA,CE,2303709,355679,27759.74,180.4998,0.458444,2026,7,f,947.97
MINAS GERAIS,ONCA DE PITANGUI,0,1181,ONCA DE PITANGUI,MG,3145802,2969,27742.34,0.0000,0.000000,2026,7,f,1216.35
RIO GRANDE DO SUL,ARROIO DOS RATOS,22,9732,ARROIO DOS RATOS,RS,4301107,14601,27736.80,150.6746,0.226058,2026,7,f,1504.33
MINAS GERAIS,JOANESIA,1,2121,JOANESIA,MG,3136108,4329,27734.81,23.1000,0.047148,2026,7,f,1037.96
ESPIRITO SANTO,SAO ROQUE DO CANAA,16,9151,SAO ROQUE DO CANAA,ES,3204955,10886,27723.77,146.9778,0.174844,2026,7,f,1243.74
PARANA,SAO JOSE DAS PALMEIRAS,4,2880,SAO JOSE DAS PALMEIRAS,PR,4125456,3957,27716.45,101.0867,0.138889,2026,7,f,1557.10
MATO GROSSO,CURVELANDIA,2,3941,CURVELANDIA,MT,5103437,4903,27693.05,40.7914,0.050749,2026,7,f,1300.68
GOIAS,GUARAITA,0,1444,GUARAITA,GO,5209291,2188,27680.53,0.0000,0.000000,2026,7,f,1292.35
SAO PAULO,GUAICARA,18,7606,GUAICARA,SP,3517208,11239,27658.33,160.1566,0.236655,2026,7,f,1305.59
GOIAS,MARZAGAO,4,1561,MARZAGAO,GO,5212907,2758,27658.09,145.0326,0.256246,2026,7,f,1499.44
PIAUI,JOAO COSTA,0,710,JOAO COSTA,PI,2205359,2970,27629.29,0.0000,0.000000,2026,7,f,613.26
RIO DE JANEIRO,TANGUA,27,13619,TANGUA,RJ,3305752,31086,27627.07,86.8558,0.198252,2026,7,f,959.96
MINAS GERAIS,SANTO ANTONIO DO AMPARO,7,9184,SANTO ANTONIO DO AMPARO,MG,3159902,17285,27617.70,40.4975,0.076220,2026,7,f,1176.11
MINAS GERAIS,SAPUCAI-MIRIM,3,4415,SAPUCAI-MIRIM,MG,3165404,6311,27614.32,47.5360,0.067950,2026,7,f,1269.56
TOCANTINS,TAGUATINGA,3,6188,TAGUATINGA,TO,1720903,14011,27610.16,21.4117,0.048481,2026,7,f,1004.29
MATO GROSSO,POCONE,37,19516,POCONE,MT,5106505,31217,27609.12,118.5252,0.189588,2026,7,f,1066.69
PARANA,PORTO VITORIA,1,2798,PORTO VITORIA,PR,4120309,3562,27608.37,28.0741,0.035740,2026,7,f,1212.67
RIO DE JANEIRO,MIRACEMA,49,13786,MIRACEMA,RJ,3303005,26881,27606.00,182.2849,0.355433,2026,7,f,1414.60
GOIAS,NOVA VENEZA,15,6212,NOVA VENEZA,GO,5215009,9481,27602.68,158.2112,0.241468,2026,7,f,1427.24
SAO PAULO,MINEIROS DO TIETE,10,8517,MINEIROS DO TIETE,SP,3529807,11230,27599.38,89.0472,0.117412,2026,7,f,1304.70
BAHIA,ITABUNA,779,100715,ITABUNA,BA,2914802,186708,27595.86,417.2290,0.773470,2026,7,f,1292.99
RIO GRANDE DO SUL,JAQUIRANA,1,2847,JAQUIRANA,RS,4311122,3690,27590.79,27.1003,0.035125,2026,7,f,1058.77
AMAPA,AMAPA,1,974,AMAPA,AP,1600105,7943,27577.11,12.5897,0.102669,2026,7,f,841.51
MINAS GERAIS,NOVA ERA,27,11793,NOVA ERA,MG,3144706,17438,27570.54,154.8343,0.228949,2026,7,f,1342.77
ALAGOAS,CAMPO ALEGRE,17,7845,CAMPO ALEGRE,AL,2701407,32106,27555.13,52.9496,0.216699,2026,7,f,751.21
SAO PAULO,MONTEIRO LOBATO,3,3668,MONTEIRO LOBATO,SP,3531704,4138,27523.20,72.4988,0.081788,2026,7,f,1471.13
SERGIPE,RIACHUELO,2,2055,RIACHUELO,SE,2805901,8748,27499.20,22.8624,0.097324,2026,7,f,688.58
MINAS GERAIS,JEQUITIBA,2,2916,JEQUITIBA,MG,3135704,5883,27494.99,33.9963,0.068587,2026,7,f,1110.23
MARANHAO,BACABEIRA,5,5229,BACABEIRA,MA,2101251,16966,27480.02,29.4707,0.095621,2026,7,f,704.29
SANTA CATARINA,ROMELANDIA,0,4126,ROMELANDIA,SC,4215208,4823,27477.71,0.0000,0.000000,2026,7,f,2356.31
MINAS GERAIS,CRUZILIA,5,11030,CRUZILIA,MG,3120805,15362,27418.37,32.5478,0.045331,2026,7,f,1260.02
SAO PAULO,TAIACU,5,3957,TAIACU,SP,3553104,5677,27415.89,88.0747,0.126358,2026,7,f,1340.52
RIO GRANDE DO SUL,CERRO BRANCO,1,3096,CERRO BRANCO,RS,4305132,3802,27411.89,26.3019,0.032300,2026,7,f,1507.25
ALAGOAS,PASSO DE CAMARAGIBE,5,3374,PASSO DE CAMARAGIBE,AL,2706505,13804,27411.69,36.2214,0.148192,2026,7,f,721.98
TOCANTINS,PAU D'ARCO,1,1580,PAU D'ARCO,TO,1716307,4043,27405.89,24.7341,0.063291,2026,7,f,933.91
BAHIA,BRUMADO,106,51594,BRUMADO,BA,2904605,70510,27398.09,150.3333,0.205450,2026,7,f,1024.01
RIO GRANDE DO NORTE,CARAUBAS,14,9682,CARAUBAS,RN,2402303,19727,27385.46,70.9687,0.144598,2026,7,f,863.21
MINAS GERAIS,AREADO,9,9725,AREADO,MG,3104304,13881,27379.58,64.8368,0.092545,2026,7,f,1355.26
MINAS GERAIS,RIACHINHO,0,3118,RIACHINHO,MG,3154457,6863,27375.49,0.0000,0.000000,2026,7,f,1056.93
ESPIRITO SANTO,BOA ESPERANCA,18,9800,BOA ESPERANCA,ES,3201001,13608,27367.58,132.2751,0.183673,2026,7,f,1151.53
MINAS GERAIS,JURUAIA,14,9614,JURUAIA,MG,3136900,11084,27366.29,126.3082,0.145621,2026,7,f,1433.99
RIO GRANDE DO SUL,CERRO GRANDE DO SUL,5,9383,CERRO GRANDE DO SUL,RS,4305173,9178,27361.08,54.4781,0.053288,2026,7,f,1300.87
SAO PAULO,PINHALZINHO,38,13445,PINHALZINHO,SP,3538204,15224,27351.88,249.6059,0.282633,2026,7,f,1382.52
PERNAMBUCO,PETROLINA,2486,210689,PETROLINA,PE,2611101,386791,27346.89,642.7244,1.179938,2026,7,f,1290.18
PARANA,SAPOPEMA,1,4923,SAPOPEMA,PR,4126207,6695,27337.27,14.9365,0.020313,2026,7,f,1074.17
SAO PAULO,SANTA CRUZ DAS PALMEIRAS,51,22799,SANTA CRUZ DAS PALMEIRAS,SP,3546306,28864,27334.33,176.6907,0.223694,2026,7,f,1607.04
RIO GRANDE DO SUL,VITORIA DAS MISSOES,0,2706,VITORIA DAS MISSOES,RS,4323754,3260,27322.39,0.0000,0.000000,2026,7,f,1414.14
MINAS GERAIS,BOM SUCESSO,4,9462,BOM SUCESSO,MG,3108008,17151,27308.20,23.3223,0.042274,2026,7,f,1366.27
PARANA,AGUDOS DO SUL,17,9979,AGUDOS DO SUL,PR,4100301,10233,27302.65,166.1292,0.170358,2026,7,f,1296.35
PIAUI,FLORIANO,89,54339,FLORIANO,PI,2203909,62036,27298.79,143.4651,0.163787,2026,7,f,1223.01
RIO DE JANEIRO,APERIBE,24,7758,APERIBE,RJ,3300159,11034,27291.01,217.5095,0.309358,2026,7,f,1360.14
MINAS GERAIS,PATROCINIO DO MURIAE,0,3296,PATROCINIO DO MURIAE,MG,3148202,5576,27280.85,0.0000,0.000000,2026,7,f,1451.69
MINAS GERAIS,CAMPESTRE,12,19646,CAMPESTRE,MG,3111002,20696,27278.17,57.9822,0.061081,2026,7,f,1278.69
RIO GRANDE DO SUL,FONTOURA XAVIER,9,7834,FONTOURA XAVIER,RS,4308300,9550,27276.96,94.2408,0.114884,2026,7,f,1460.29
PARAIBA,ESPERANCA,50,14579,ESPERANCA,PB,2506004,31231,27269.38,160.0973,0.342959,2026,7,f,809.81
RIO GRANDE DO NORTE,UPANEMA,11,5338,UPANEMA,RN,2414605,13577,27268.17,81.0194,0.206070,2026,7,f,825.81
GOIAS,SAO FRANCISCO DE GOIAS,4,3610,SAO FRANCISCO DE GOIAS,GO,5219902,6378,27260.74,62.7156,0.110803,2026,7,f,1112.78
CEARA,BEBERIBE,31,19305,BEBERIBE,CE,2302206,53114,27215.14,58.3650,0.160580,2026,7,f,759.16
ESPIRITO SANTO,GUARAPARI,1389,103836,GUARAPARI,ES,3202405,124656,27203.62,1114.2665,1.337686,2026,7,f,1656.50
MINAS GERAIS,PAPAGAIOS,9,11593,PAPAGAIOS,MG,3146909,13920,27185.42,64.6552,0.077633,2026,7,f,1141.60
MATO GROSSO DO SUL,CORONEL SAPUCAIA,2,4707,CORONEL SAPUCAIA,MS,5003157,14289,27170.62,13.9968,0.042490,2026,7,f,699.98
SAO PAULO,REDENCAO DA SERRA,3,2818,REDENCAO DA SERRA,SP,3542305,4494,27160.44,66.7557,0.106458,2026,7,f,1108.67
RIO GRANDE DO NORTE,PAU DOS FERROS,100,31195,PAU DOS FERROS,RN,2409407,30479,27157.19,328.0948,0.320564,2026,7,f,1254.99
PARA,PACAJA,7,12517,PACAJA,PA,1505486,41097,27114.58,17.0329,0.055924,2026,7,f,689.59
BAHIA,CATOLANDIA,0,693,CATOLANDIA,BA,2907400,3434,27106.00,0.0000,0.000000,2026,7,f,750.89
RIO DE JANEIRO,NATIVIDADE,24,7219,NATIVIDADE,RJ,3303104,15074,27095.40,159.2145,0.332456,2026,7,f,1393.71
GOIAS,SANTO ANTONIO DE GOIAS,34,4586,SANTO ANTONIO DE GOIAS,GO,5219738,7386,27092.61,460.3304,0.741387,2026,7,f,1735.60
AMAZONAS,CODAJAS,0,1405,CODAJAS,AM,1301308,23549,27080.26,0.0000,0.000000,2026,7,f,586.95
AMAPA,SERRA DO NAVIO,1,653,SERRA DO NAVIO,AP,1600055,4673,27079.82,21.3995,0.153139,2026,7,f,1096.98
ALAGOAS,PILAR,30,12674,PILAR,AL,2706901,35370,27073.93,84.8176,0.236705,2026,7,f,819.78
MINAS GERAIS,ITUETA,6,3099,ITUETA,MG,3134103,6055,27072.34,99.0917,0.193611,2026,7,f,1287.31
SAO PAULO,LAVINIA,6,3382,LAVINIA,SP,3526506,9689,27071.32,61.9259,0.177410,2026,7,f,1527.78
RIO GRANDE DO SUL,SAGRADA FAMILIA,1,1761,SAGRADA FAMILIA,RS,4316428,2480,27057.26,40.3226,0.056786,2026,7,f,1376.32
MINAS GERAIS,MIRAI,10,8193,MIRAI,MG,3142205,13633,27053.25,73.3514,0.122055,2026,7,f,1161.72
CEARA,FRECHEIRINHA,6,7693,FRECHEIRINHA,CE,2304509,15657,27047.97,38.3215,0.077993,2026,7,f,822.31
ALAGOAS,JACUIPE,0,1067,JACUIPE,AL,2703502,5352,27046.52,0.0000,0.000000,2026,7,f,677.81
PARANA,DIAMANTE DO SUL,2,1956,DIAMANTE DO SUL,PR,4107124,3171,27043.20,63.0716,0.102249,2026,7,f,1190.65
MINAS GERAIS,IBITURUNA,0,1132,IBITURUNA,MG,3130002,2698,27000.00,0.0000,0.000000,2026,7,f,1286.16
SANTA CATARINA,IMARUI,19,8843,IMARUI,SC,4207205,11881,26999.41,159.9192,0.214859,2026,7,f,1397.34
RIO GRANDE DO SUL,FORQUETINHA,5,2064,FORQUETINHA,RS,4308433,2393,26959.05,208.9427,0.242248,2026,7,f,1608.56
CEARA,VARJOTA,15,9867,VARJOTA,CE,2313955,18105,26958.52,82.8500,0.152022,2026,7,f,702.29
PERNAMBUCO,GARANHUNS,470,74504,GARANHUNS,PE,2606002,142506,26908.59,329.8107,0.630839,2026,7,f,1128.17
SANTA CATARINA,MAJOR GERCINO,3,2808,MAJOR GERCINO,SC,4210209,3214,26905.41,93.3416,0.106838,2026,7,f,1622.58
SAO PAULO,CANANEIA,14,5172,CANANEIA,SP,3509908,12289,26897.06,113.9230,0.270688,2026,7,f,1281.29
RIO DE JANEIRO,SANTA MARIA MADALENA,13,4514,SANTA MARIA MADALENA,RJ,3304607,10232,26886.04,127.0524,0.287993,2026,7,f,1337.53
AMAPA,VITORIA DO JARI,3,659,VITORIA DO JARI,AP,1600808,11291,26884.16,26.5698,0.455235,2026,7,f,656.35
SAO PAULO,SANTO ANTONIO DO PINHAL,28,6813,SANTO ANTONIO DO PINHAL,SP,3548203,7133,26881.68,392.5417,0.410979,2026,7,f,1728.57
GOIAS,POSSE,17,25648,POSSE,GO,5218300,34914,26869.59,48.6911,0.066282,2026,7,f,1333.77
SAO PAULO,CACHOEIRA PAULISTA,51,19282,CACHOEIRA PAULISTA,SP,3508603,31564,26859.27,161.5765,0.264495,2026,7,f,1383.47
MINAS GERAIS,DIVISA NOVA,2,3878,DIVISA NOVA,MG,3122405,5851,26848.23,34.1822,0.051573,2026,7,f,1160.89
SERGIPE,PEDRA MOLE,1,812,PEDRA MOLE,SE,2805000,2778,26822.17,35.9971,0.123153,2026,7,f,631.36
MINAS GERAIS,VIRGINIA,5,5454,VIRGINIA,MG,3171709,8908,26814.44,56.1293,0.091676,2026,7,f,987.85
PARA,CAPANEMA,73,45325,CAPANEMA,PA,1502202,70394,26753.44,103.7020,0.161059,2026,7,f,966.47
ESPIRITO SANTO,VARGEM ALTA,51,15953,VARGEM ALTA,ES,3205036,19563,26753.26,260.6962,0.319689,2026,7,f,1316.67
RIO GRANDE DO NORTE,BENTO FERNANDES,1,1637,BENTO FERNANDES,RN,2401602,4807,26749.32,20.8030,0.061087,2026,7,f,702.64
MINAS GERAIS,BORDA DA MATA,21,12327,BORDA DA MATA,MG,3108305,17404,26729.83,120.6619,0.170358,2026,7,f,1531.54
MINAS GERAIS,ALVINOPOLIS,19,8003,ALVINOPOLIS,MG,3102308,15059,26729.07,126.1704,0.237411,2026,7,f,1234.09
PERNAMBUCO,OROBO,7,8602,OROBO,PE,2609709,21808,26727.35,32.0983,0.081376,2026,7,f,685.96
RIO GRANDE DO NORTE,PEDRA PRETA,0,830,PEDRA PRETA,RN,2409605,2441,26726.75,0.0000,0.000000,2026,7,f,756.32
ESPIRITO SANTO,GUACUI,92,27334,GUACUI,ES,3202306,29358,26690.85,313.3728,0.336577,2026,7,f,1302.02
ALAGOAS,BOCA DA MATA,10,7951,BOCA DA MATA,AL,2701001,21187,26690.47,47.1988,0.125770,2026,7,f,747.10
RORAIMA,CANTA,10,2265,CANTA,RR,1400175,18682,26677.76,53.5275,0.441501,2026,7,f,787.97
RIO GRANDE DO SUL,SAO VALERIO DO SUL,0,1088,SAO VALERIO DO SUL,RS,4319737,2543,26677.55,0.0000,0.000000,2026,7,f,1050.48
MINAS GERAIS,JOSE RAYDAN,1,2437,JOSE RAYDAN,MG,3136553,4268,26665.89,23.4302,0.041034,2026,7,f,839.60
SAO PAULO,GETULINA,15,5822,GETULINA,SP,3517000,10232,26665.46,146.5989,0.257643,2026,7,f,1290.17
MINAS GERAIS,ARANTINA,2,1541,ARANTINA,MG,3103603,2915,26663.12,68.6106,0.129786,2026,7,f,1178.03
GOIAS,BRAZABRANTES,5,2093,BRAZABRANTES,GO,5203609,3992,26656.31,125.2505,0.238892,2026,7,f,1266.06
GOIAS,JARAGUA,75,33967,JARAGUA,GO,5211800,45223,26652.28,165.8448,0.220803,2026,7,f,1313.47
BAHIA,BAIANOPOLIS,1,3579,BAIANOPOLIS,BA,2902500,13614,26640.66,7.3454,0.027941,2026,7,f,700.24
RIO GRANDE DO SUL,BROCHIER,5,5271,BROCHIER,RS,4302659,4966,26634.11,100.6847,0.094859,2026,7,f,1992.92
AMAPA,MAZAGAO,3,1904,MAZAGAO,AP,1600402,21924,26617.09,13.6836,0.157563,2026,7,f,650.57
PARANA,PONTAL DO PARANA,107,17389,PONTAL DO PARANA,PR,4119954,30425,26613.25,351.6845,0.615332,2026,7,f,1644.82
SERGIPE,LARANJEIRAS,11,8761,LARANJEIRAS,SE,2803609,23975,26612.43,45.8811,0.125556,2026,7,f,752.52
RIO GRANDE DO SUL,AMETISTA DO SUL,9,6903,AMETISTA DO SUL,RS,4300646,7650,26598.43,117.6471,0.130378,2026,7,f,1500.41
MINAS GERAIS,SERRANIA,4,4012,SERRANIA,MG,3166907,7621,26579.85,52.4866,0.099701,2026,7,f,1155.32
AMAPA,PRACUUBA,0,252,PRACUUBA,AP,1600550,3803,26566.66,0.0000,0.000000,2026,7,f,639.24
SAO PAULO,PANORAMA,20,11962,PANORAMA,SP,3535408,14964,26540.56,133.6541,0.167196,2026,7,f,1347.66
RIO GRANDE DO SUL,ITATIBA DO SUL,2,2302,ITATIBA DO SUL,RS,4310702,3208,26531.48,62.3441,0.086881,2026,7,f,1459.71
RORAIMA,NORMANDIA,0,1173,NORMANDIA,RR,1400407,13986,26523.38,0.0000,0.000000,2026,7,f,486.61
ESPIRITO SANTO,RIO NOVO DO SUL,24,9140,RIO NOVO DO SUL,ES,3204401,11069,26522.63,216.8218,0.262582,2026,7,f,1277.89
MINAS GERAIS,CONSELHEIRO LAFAIETE,146,91843,CONSELHEIRO LAFAIETE,MG,3118304,131621,26459.67,110.9245,0.158967,2026,7,f,1650.12
MINAS GERAIS,FAMA,3,816,FAMA,MG,3125200,2578,26425.91,116.3693,0.367647,2026,7,f,1435.88
PERNAMBUCO,ESCADA,48,24665,ESCADA,PE,2605202,59891,26419.71,80.1456,0.194608,2026,7,f,822.04
GOIAS,ALVORADA DO NORTE,6,5394,ALVORADA DO NORTE,GO,5200803,8446,26415.94,71.0395,0.111235,2026,7,f,1143.51
MINAS GERAIS,LAMBARI,32,16914,LAMBARI,MG,3137809,20414,26399.92,156.7552,0.189192,2026,7,f,1264.21
SAO PAULO,RIO GRANDE DA SERRA,51,24130,RIO GRANDE DA SERRA,SP,3544103,44170,26399.14,115.4630,0.211355,2026,7,f,1233.69
ESPIRITO SANTO,BREJETUBA,25,11241,BREJETUBA,ES,3201159,12985,26388.76,192.5298,0.222400,2026,7,f,1016.25
MINAS GERAIS,SANTO HIPOLITO,0,1055,SANTO HIPOLITO,MG,3160603,2717,26383.88,0.0000,0.000000,2026,7,f,1070.64
MINAS GERAIS,NATALANDIA,0,1557,NATALANDIA,MG,3144375,3520,26363.35,0.0000,0.000000,2026,7,f,1143.35
BAHIA,IRECE,139,49856,IRECE,BA,2914604,74507,26348.84,186.5597,0.278803,2026,7,f,1188.07
MINAS GERAIS,PITANGUI,30,21459,PITANGUI,MG,3151404,26685,26339.40,112.4227,0.139801,2026,7,f,1309.25
GOIAS,TROMBAS,1,2042,TROMBAS,GO,5221452,3120,26326.28,32.0513,0.048972,2026,7,f,1118.10
PARA,PLACAS,0,4738,PLACAS,PA,1505650,18668,26323.23,0.0000,0.000000,2026,7,f,793.04
PIAUI,MIGUEL LEAO,0,388,MIGUEL LEAO,PI,2206308,1318,26322.46,0.0000,0.000000,2026,7,f,694.67
MINAS GERAIS,SANTANA DO RIACHO,1,1976,SANTANA DO RIACHO,MG,3159001,5313,26320.53,18.8218,0.050607,2026,7,f,1345.61
ESPIRITO SANTO,BOM JESUS DO NORTE,42,18358,BOM JESUS DO NORTE,ES,3201100,10254,26307.59,409.5963,0.228783,2026,7,f,1133.04
MINAS GERAIS,SAO JOAO NEPOMUCENO,27,15595,SAO JOAO NEPOMUCENO,MG,3162906,25565,26304.64,105.6131,0.173132,2026,7,f,1374.08
GOIAS,NOVA ROMA,0,1112,NOVA ROMA,GO,5214903,3076,26303.64,0.0000,0.000000,2026,7,f,1060.47
SANTA CATARINA,BALNEARIO RINCAO,71,9918,BALNEARIO RINCAO,SC,4220000,15981,26294.22,444.2776,0.715870,2026,7,f,1651.68
MINAS GERAIS,LEOPOLDINA,41,27009,LEOPOLDINA,MG,3138401,51145,26289.63,80.1642,0.151801,2026,7,f,1401.68
SAO PAULO,ITANHAEM,265,63886,ITANHAEM,SP,3522109,112476,26284.77,235.6058,0.414801,2026,7,f,1374.20
MINAS GERAIS,GONCALVES,4,3208,GONCALVES,MG,3127404,4727,26274.59,84.6203,0.124688,2026,7,f,1786.45
TOCANTINS,PEQUIZEIRO,0,2116,PEQUIZEIRO,TO,1716653,4921,26266.21,0.0000,0.000000,2026,7,f,1002.46
SAO PAULO,AVANHANDAVA,12,7464,AVANHANDAVA,SP,3504404,11263,26258.99,106.5435,0.160772,2026,7,f,1246.92
RIO DE JANEIRO,PARACAMBI,140,24311,PARACAMBI,RJ,3303609,41375,26235.38,338.3686,0.575871,2026,7,f,1349.13
SANTA CATARINA,CAMBORIU,716,88779,CAMBORIU,SC,4203204,103074,26227.55,694.6466,0.806497,2026,7,f,1838.18
MINAS GERAIS,CORONEL PACHECO,3,949,CORONEL PACHECO,MG,3119609,2762,26227.37,108.6169,0.316122,2026,7,f,1116.26
MINAS GERAIS,CALDAS,6,9575,CALDAS,MG,3110301,14217,26206.23,42.2030,0.062663,2026,7,f,1496.53
SAO PAULO,JOANOPOLIS,36,12935,JOANOPOLIS,SP,3525508,12815,26198.75,280.9208,0.278315,2026,7,f,1780.73
CEARA,ARACATI,52,31208,ARACATI,CE,2301109,75113,26180.20,69.2290,0.166624,2026,7,f,904.09
RIO DE JANEIRO,ENGENHEIRO PAULO DE FRONTIN,10,6618,ENGENHEIRO PAULO DE FRONTIN,RJ,3301801,12242,26175.30,81.6860,0.151103,2026,7,f,1284.42
ALAGOAS,FLEXEIRAS,2,2355,FLEXEIRAS,AL,2702801,9618,26157.21,20.7943,0.084926,2026,7,f,656.18
RIO DE JANEIRO,SAO JOAO DE MERITI,547,186709,SAO JOAO DE MERITI,RJ,3305109,440962,26156.56,124.0470,0.292969,2026,7,f,1042.94
PARA,SANTAREM,659,154354,SANTAREM,PA,1506807,331942,26154.78,198.5287,0.426941,2026,7,f,1024.30
TOCANTINS,LIZARDA,0,574,LIZARDA,TO,1712405,2999,26122.37,0.0000,0.000000,2026,7,f,912.48
RIO DE JANEIRO,NOVA IGUACU,1648,344881,NOVA IGUACU,RJ,3303500,785867,26109.54,209.7047,0.477846,2026,7,f,1102.46
PARAIBA,MONTEIRO,15,16540,MONTEIRO,PB,2509701,32277,26099.61,46.4727,0.090689,2026,7,f,855.10
RIO GRANDE DO NORTE,APODI,71,22070,APODI,RN,2401008,36093,26097.03,196.7140,0.321704,2026,7,f,923.68
SAO PAULO,ALAMBARI,6,3779,ALAMBARI,SP,3500758,6141,26095.42,97.7040,0.158772,2026,7,f,1317.23
GOIAS,PALMELO,2,1401,PALMELO,GO,5215801,2259,26091.63,88.5347,0.142755,2026,7,f,1688.91
RIO GRANDE DO SUL,TAVARES,2,4093,TAVARES,RS,4321352,5212,26079.05,38.3730,0.048864,2026,7,f,1361.72
MINAS GERAIS,MORRO DA GARCA,0,958,MORRO DA GARCA,MG,3143609,2411,26068.02,0.0000,0.000000,2026,7,f,1035.11
SAO PAULO,SARAPUI,18,7913,SARAPUI,SP,3551108,10369,26051.02,173.5944,0.227474,2026,7,f,1495.18
RIO GRANDE DO SUL,CERRO GRANDE,1,2014,CERRO GRANDE,RS,4305157,2379,26035.31,42.0345,0.049652,2026,7,f,1824.62
SAO PAULO,EMBU-GUACU,178,48821,EMBU-GUACU,SP,3515103,66970,26025.38,265.7907,0.364597,2026,7,f,1386.48
SAO PAULO,JUQUIA,20,10229,JUQUIA,SP,3526100,17154,26024.13,116.5909,0.195523,2026,7,f,1160.51
RIO DE JANEIRO,DUAS BARRAS,8,5770,DUAS BARRAS,RJ,3301603,10980,25997.09,72.8597,0.138648,2026,7,f,1155.27
MINAS GERAIS,MATIPO,12,10351,MATIPO,MG,3140902,18552,25986.20,64.6831,0.115931,2026,7,f,906.79
GOIAS,NOVA AMERICA,1,1727,NOVA AMERICA,GO,5214705,2337,25982.46,42.7899,0.057904,2026,7,f,1100.11
SAO PAULO,SANTA LUCIA,7,4918,SANTA LUCIA,SP,3546900,7149,25928.38,97.9158,0.142334,2026,7,f,1388.30
PARAIBA,GUARABIRA,107,30708,GUARABIRA,PB,2506301,57484,25907.87,186.1388,0.348443,2026,7,f,1027.67
BAHIA,JUAZEIRO,302,140578,JUAZEIRO,BA,2918407,237821,25900.17,126.9863,0.214827,2026,7,f,1047.97
GOIAS,ADELANDIA,0,1637,ADELANDIA,GO,5200159,2297,25897.26,0.0000,0.000000,2026,7,f,1490.18
MINAS GERAIS,CAETE,28,28527,CAETE,MG,3110004,38776,25895.68,72.2096,0.098153,2026,7,f,1288.62
MINAS GERAIS,CEDRO DO ABAETE,0,557,CEDRO DO ABAETE,MG,3115607,1081,25878.82,0.0000,0.000000,2026,7,f,1156.11
TOCANTINS,RIO DA CONCEICAO,0,594,RIO DA CONCEICAO,TO,1718659,1768,25870.48,0.0000,0.000000,2026,7,f,913.38
AMAPA,CUTIAS,0,232,CUTIAS,AP,1600212,4461,25859.45,0.0000,0.000000,2026,7,f,642.81
PARANA,INACIO MARTINS,3,5387,INACIO MARTINS,PR,4110201,9670,25847.88,31.0238,0.055690,2026,7,f,1124.11
PARA,TOME-ACU,40,25622,TOME-ACU,PA,1508001,67585,25841.28,59.1847,0.156116,2026,7,f,710.04
TOCANTINS,TUPIRATINS,0,594,TUPIRATINS,TO,1721307,1874,25836.18,0.0000,0.000000,2026,7,f,1052.03
MINAS GERAIS,CARVALHOPOLIS,3,2465,CARVALHOPOLIS,MG,3114709,3341,25807.84,89.7935,0.121704,2026,7,f,1425.34
SAO PAULO,ITARIRI,17,6650,ITARIRI,SP,3523305,15528,25800.30,109.4796,0.255639,2026,7,f,1027.49
SAO PAULO,PIRATININGA,154,11571,PIRATININGA,SP,3539400,15108,25791.30,1019.3275,1.330913,2026,7,f,2157.60
SAO PAULO,ESTRELA DO NORTE,1,1513,ESTRELA DO NORTE,SP,3515301,2703,25783.20,36.9959,0.066094,2026,7,f,1405.87
SERGIPE,SIRIRI,3,2230,SIRIRI,SE,2807204,7834,25782.61,38.2946,0.134529,2026,7,f,759.73
MINAS GERAIS,GOIANA,3,2173,GOIANA,MG,3127388,4053,25772.02,74.0192,0.138058,2026,7,f,1384.47
MINAS GERAIS,CORONEL XAVIER CHAVES,3,1750,CORONEL XAVIER CHAVES,MG,3119708,3486,25771.94,86.0585,0.171429,2026,7,f,1530.20
MINAS GERAIS,TEOFILO OTONI,121,75714,TEOFILO OTONI,MG,3168606,137418,25762.62,88.0525,0.159812,2026,7,f,1338.49
MINAS GERAIS,JAIBA,5,21887,JAIBA,MG,3135050,37660,25754.49,13.2767,0.022845,2026,7,f,865.12
SAO PAULO,GUAREI,12,8640,GUAREI,SP,3518503,15013,25724.44,79.9307,0.138889,2026,7,f,1385.89
PARAIBA,CAAPORA,4,6182,CAAPORA,PB,2503001,21193,25723.45,18.8742,0.064704,2026,7,f,673.18
RIO DE JANEIRO,SAO GONCALO,1414,398524,SAO GONCALO,RJ,3304904,896744,25719.37,157.6816,0.354809,2026,7,f,1209.50
SAO PAULO,MARIAPOLIS,10,2098,MARIAPOLIS,SP,3528908,3513,25691.72,284.6570,0.476644,2026,7,f,1361.35
SANTA CATARINA,SAO PEDRO DE ALCANTARA,27,3794,SAO PEDRO DE ALCANTARA,SC,4217253,5776,25677.11,467.4515,0.711650,2026,7,f,2167.98
MINAS GERAIS,CAPARAO,1,3469,CAPARAO,MG,3112109,5048,25672.74,19.8098,0.028827,2026,7,f,986.29
PARA,MOJU,15,17164,MOJU,PA,1504703,84094,25641.22,17.8372,0.087392,2026,7,f,626.33
CEARA,UBAJARA,16,16951,UBAJARA,CE,2313609,32767,25632.10,48.8296,0.094390,2026,7,f,785.04
BAHIA,VALENCA,99,37584,VALENCA,BA,2932903,85655,25619.68,115.5799,0.263410,2026,7,f,935.55
PARANA,ITAPERUCU,30,19652,ITAPERUCU,PR,4111258,31217,25618.03,96.1015,0.152656,2026,7,f,1035.18
RIO GRANDE DO SUL,TUNAS,2,2841,TUNAS,RS,4322152,3681,25604.46,54.3331,0.070398,2026,7,f,1340.45
SAO PAULO,IPIGUA,12,3703,IPIGUA,SP,3521150,6761,25601.39,177.4885,0.324062,2026,7,f,1353.73
MINAS GERAIS,PIEDADE DOS GERAIS,2,3822,PIEDADE DOS GERAIS,MG,3150406,5019,25591.15,39.8486,0.052329,2026,7,f,1087.06
MINAS GERAIS,AGUANIL,2,2369,AGUANIL,MG,3100807,4357,25589.63,45.9031,0.084424,2026,7,f,1383.44
MINAS GERAIS,HELIODORA,1,3293,HELIODORA,MG,3129202,6134,25585.75,16.3026,0.030367,2026,7,f,1086.85
SAO PAULO,SANTA BRANCA,20,8916,SANTA BRANCA,SP,3546009,13975,25585.40,143.1127,0.224316,2026,7,f,1448.84
GOIAS,PETROLINA DE GOIAS,7,6015,PETROLINA DE GOIAS,GO,5216809,9573,25576.41,73.1223,0.116376,2026,7,f,1336.02
MINAS GERAIS,BICAS,9,8842,BICAS,MG,3106903,13978,25575.26,64.3869,0.101787,2026,7,f,1467.66
BAHIA,MUQUEM DO SAO FRANCISCO,1,1770,MUQUEM DO SAO FRANCISCO,BA,2922250,10443,25561.33,9.5758,0.056497,2026,7,f,658.83
BAHIA,MUTUIPE,15,11999,MUTUIPE,BA,2922409,20037,25536.86,74.8615,0.125010,2026,7,f,713.00
TOCANTINS,LAVANDEIRA,0,520,LAVANDEIRA,TO,1712157,1626,25533.21,0.0000,0.000000,2026,7,f,904.21
MINAS GERAIS,ALFREDO VASCONCELOS,7,4672,ALFREDO VASCONCELOS,MG,3101631,6931,25532.25,100.9955,0.149829,2026,7,f,1133.93
RIO DE JANEIRO,CORDEIRO,38,12565,CORDEIRO,RJ,3301504,20783,25527.26,182.8417,0.302427,2026,7,f,1414.42
PARANA,JATAIZINHO,23,9432,JATAIZINHO,PR,4112702,11813,25520.19,194.7008,0.243851,2026,7,f,1263.41
GOIAS,ITAGUARI,4,4284,ITAGUARI,GO,5210562,4963,25514.81,80.5964,0.093371,2026,7,f,1331.54
TOCANTINS,COLMEIA,3,5977,COLMEIA,TO,1716703,8941,25504.98,33.5533,0.050192,2026,7,f,1172.54
GOIAS,DIVINOPOLIS DE GOIAS,0,1358,DIVINOPOLIS DE GOIAS,GO,5208301,4457,25502.58,0.0000,0.000000,2026,7,f,988.81
GOIAS,TRINDADE,422,97012,TRINDADE,GO,5221403,142431,25497.43,296.2838,0.434998,2026,7,f,1355.44
PARAIBA,SOUSA,120,42037,SOUSA,PB,2516201,67259,25495.03,178.4148,0.285463,2026,7,f,981.33
CEARA,PACAJUS,51,34911,PACAJUS,CE,2309607,70983,25471.85,71.8482,0.146086,2026,7,f,835.89
PARA,ORIXIMINA,20,13007,ORIXIMINA,PA,1505304,68294,25469.47,29.2851,0.153763,2026,7,f,727.72
MATO GROSSO,RESERVA DO CABACAL,2,1431,RESERVA DO CABACAL,MT,5107156,2122,25459.00,94.2507,0.139762,2026,7,f,1328.48
GOIAS,GUAPO,34,11929,GUAPO,GO,5209200,19545,25445.59,173.9575,0.285020,2026,7,f,1227.07
AMAPA,TARTARUGALZINHO,2,1119,TARTARUGALZINHO,AP,1600709,12945,25438.78,15.4500,0.178731,2026,7,f,669.00
SERGIPE,NOSSA SENHORA DA GLORIA,34,25510,NOSSA SENHORA DA GLORIA,SE,2804508,41212,25437.25,82.5002,0.133281,2026,7,f,879.22
MINAS GERAIS,SAO JOSE DO JACURI,0,3485,SAO JOSE DO JACURI,MG,3163508,6197,25422.14,0.0000,0.000000,2026,7,f,819.84
RIO DE JANEIRO,MENDES,26,9225,MENDES,RJ,3302809,17502,25412.18,148.5545,0.281843,2026,7,f,1399.30
MINAS GERAIS,RIO ACIMA,7,5856,RIO ACIMA,MG,3154804,10261,25373.94,68.2195,0.119536,2026,7,f,1428.13
MINAS GERAIS,SANTANA DO MANHUACU,5,5978,SANTANA DO MANHUACU,MG,3158904,8987,25357.41,55.6359,0.083640,2026,7,f,829.24
PERNAMBUCO,NAZARE DA MATA,19,10477,NAZARE DA MATA,PE,2609501,30648,25355.23,61.9943,0.181350,2026,7,f,908.93
SERGIPE,MOITA BONITA,9,6385,MOITA BONITA,SE,2804102,11050,25352.04,81.4480,0.140955,2026,7,f,796.80
RIO GRANDE DO SUL,MORRO REDONDO,9,6496,MORRO REDONDO,RS,4312450,6046,25343.37,148.8587,0.138547,2026,7,f,1503.22
ESPIRITO SANTO,PEDRO CANARIO,38,14496,PEDRO CANARIO,ES,3204054,21522,25325.57,176.5635,0.262141,2026,7,f,1091.36
RIO DE JANEIRO,SAO FIDELIS,56,20789,SAO FIDELIS,RJ,3304805,38961,25305.77,143.7335,0.269373,2026,7,f,1296.11
ESPIRITO SANTO,IUNA,59,23453,IUNA,ES,3203007,28590,25287.72,206.3659,0.251567,2026,7,f,1187.08
MINAS GERAIS,INHAUMA,4,3101,INHAUMA,MG,3131000,6239,25286.10,64.1128,0.128991,2026,7,f,1288.32
BAHIA,TEIXEIRA DE FREITAS,226,89152,TEIXEIRA DE FREITAS,BA,2931350,145216,25278.01,155.6302,0.253500,2026,7,f,1204.69
MINAS GERAIS,DIAMANTINA,39,29345,DIAMANTINA,MG,3121605,47702,25181.77,81.7576,0.132902,2026,7,f,1544.40
RIO GRANDE DO SUL,LAJEADO DO BUGRE,0,1591,LAJEADO DO BUGRE,RS,4311429,2601,25156.86,0.0000,0.000000,2026,7,f,1182.61
MINAS GERAIS,PIEDADE DE CARATINGA,10,7350,PIEDADE DE CARATINGA,MG,3150158,8529,25137.18,117.2470,0.136054,2026,7,f,1075.94
MINAS GERAIS,ANGELANDIA,0,4165,ANGELANDIA,MG,3102852,7718,25117.00,0.0000,0.000000,2026,7,f,978.90
MINAS GERAIS,LIMA DUARTE,16,9078,LIMA DUARTE,MG,3138609,17221,25114.51,92.9098,0.176250,2026,7,f,1266.34
PERNAMBUCO,PARANATAMA,2,4613,PARANATAMA,PE,2610301,12199,25113.86,16.3948,0.043356,2026,7,f,567.51
RIO GRANDE DO SUL,ALECRIM,7,5134,ALECRIM,RS,4300307,6123,25105.18,114.3230,0.136346,2026,7,f,1732.26
TOCANTINS,SAO SALVADOR DO TOCANTINS,0,864,SAO SALVADOR DO TOCANTINS,TO,1720259,2385,25097.27,0.0000,0.000000,2026,7,f,815.37
SERGIPE,CANHOBA,1,1200,CANHOBA,SE,2801108,3791,25094.96,26.3783,0.083333,2026,7,f,689.22
GOIAS,IACIARA,0,5343,IACIARA,GO,5209903,10584,25093.73,0.0000,0.000000,2026,7,f,919.34
MINAS GERAIS,AUGUSTO DE LIMA,1,1792,AUGUSTO DE LIMA,MG,3104809,4538,25090.79,22.0361,0.055804,2026,7,f,992.15
SAO PAULO,SANTOPOLIS DO AGUAPEI,1,2416,SANTOPOLIS DO AGUAPEI,SP,3548401,3899,25083.87,25.6476,0.041391,2026,7,f,1254.45
MINAS GERAIS,SAO BRAS DO SUACUI,1,2717,SAO BRAS DO SUACUI,MG,3160900,3989,25076.96,25.0689,0.036805,2026,7,f,1526.19
BAHIA,MARACAS,15,9665,MARACAS,BA,2920502,27620,25066.94,54.3085,0.155199,2026,7,f,858.28
MINAS GERAIS,SAO TIAGO,3,7418,SAO TIAGO,MG,3165008,11192,25065.31,26.8049,0.040442,2026,7,f,1406.52
MINAS GERAIS,SAO SEBASTIAO DO RIO PRETO,0,490,SAO SEBASTIAO DO RIO PRETO,MG,3164803,1259,25063.54,0.0000,0.000000,2026,7,f,1044.03
SAO PAULO,LUIZIANIA,5,2883,LUIZIANIA,SP,3527702,4701,25060.41,106.3603,0.173430,2026,7,f,1314.88
PARA,SANTO ANTONIO DO TAUA,16,7768,SANTO ANTONIO DO TAUA,PA,1507003,27461,25027.89,58.2644,0.205973,2026,7,f,697.67
BAHIA,UNA,4,5179,UNA,BA,2932507,18131,25024.05,22.0617,0.077235,2026,7,f,926.31
MINAS GERAIS,PEQUI,0,2928,PEQUI,MG,3149606,4155,25012.03,0.0000,0.000000,2026,7,f,1495.68
PERNAMBUCO,BREJAO,0,2692,BREJAO,PE,2602407,9079,24997.03,0.0000,0.000000,2026,7,f,636.03
MINAS GERAIS,RITAPOLIS,2,2356,RITAPOLIS,MG,3156106,4994,24992.19,40.0481,0.084890,2026,7,f,1335.21
GOIAS,ABADIA DE GOIAS,25,8730,ABADIA DE GOIAS,GO,5200050,19128,24988.66,130.6985,0.286369,2026,7,f,1180.20
MINAS GERAIS,CARANGOLA,25,19324,CARANGOLA,MG,3113305,31240,24977.69,80.0256,0.129373,2026,7,f,1342.69
TOCANTINS,ARAGUANA,4,1459,ARAGUANA,TO,1702158,4310,24967.29,92.8074,0.274160,2026,7,f,882.97
MINAS GERAIS,FARIA LEMOS,1,1327,FARIA LEMOS,MG,3125309,3188,24926.60,31.3676,0.075358,2026,7,f,1089.64
BAHIA,ESPLANADA,14,10011,ESPLANADA,BA,2910602,32554,24911.84,43.0055,0.139846,2026,7,f,760.79
SERGIPE,PINHAO,2,2053,PINHAO,SE,2805208,5677,24910.52,35.2299,0.097418,2026,7,f,677.94
BAHIA,IBICOARA,13,7937,IBICOARA,BA,2912202,20785,24909.98,62.5451,0.163790,2026,7,f,808.75
MINAS GERAIS,NOVA UNIAO,2,4309,NOVA UNIAO,MG,3136603,5909,24892.37,33.8467,0.046414,2026,7,f,1219.03
RIO GRANDE DO NORTE,JUCURUTU,17,9297,JUCURUTU,RN,2406106,17793,24884.22,95.5432,0.182855,2026,7,f,812.37
ESPIRITO SANTO,MUCURICI,9,3227,MUCURICI,ES,3203601,5466,24883.83,164.6542,0.278897,2026,7,f,1025.33
PARA,MARITUBA,110,42340,MARITUBA,PA,1504422,111785,24873.84,98.4032,0.259802,2026,7,f,883.71
SAO PAULO,SANTA ERNESTINA,12,4064,SANTA ERNESTINA,SP,3546504,6118,24870.06,196.1425,0.295276,2026,7,f,1533.31
MINAS GERAIS,LIBERDADE,0,3418,LIBERDADE,MG,3138500,4737,24868.69,0.0000,0.000000,2026,7,f,1231.78
TOCANTINS,GOIATINS,1,2713,GOIATINS,TO,1709005,12433,24866.65,8.0431,0.036860,2026,7,f,803.98
MINAS GERAIS,JACUI,16,7363,JACUI,MG,3134806,7495,24856.44,213.4757,0.217303,2026,7,f,1127.99
MINAS GERAIS,RIO MANSO,1,3834,RIO MANSO,MG,3155306,5568,24834.59,17.9598,0.026082,2026,7,f,1284.38
MATO GROSSO,PONTE BRANCA,0,751,PONTE BRANCA,MT,5106703,2008,24828.69,0.0000,0.000000,2026,7,f,1511.48
SAO PAULO,MONGAGUA,103,32579,MONGAGUA,SP,3531100,61951,24792.27,166.2604,0.316155,2026,7,f,1287.82
PIAUI,LANDRI SALES,0,1627,LANDRI SALES,PI,2205607,5213,24792.25,0.0000,0.000000,2026,7,f,766.24
BAHIA,SANTO ESTEVAO,60,27436,SANTO ESTEVAO,BA,2928802,52276,24779.36,114.7754,0.218691,2026,7,f,816.54
MINAS GERAIS,AIURUOCA,5,4155,AIURUOCA,MG,3101201,6233,24774.91,80.2182,0.120337,2026,7,f,1650.78
ALAGOAS,VICOSA,24,8561,VICOSA,AL,2709400,24092,24772.29,99.6181,0.280341,2026,7,f,742.73
TOCANTINS,JUARINA,0,917,JUARINA,TO,1711803,2243,24770.40,0.0000,0.000000,2026,7,f,791.63
PARAIBA,PATOS,281,69032,PATOS,PB,2510808,103165,24768.23,272.3792,0.407058,2026,7,f,1142.69
MARANHAO,CAROLINA,7,10449,CAROLINA,MA,2102804,24062,24753.30,29.0915,0.066992,2026,7,f,936.53
ALAGOAS,TEOTONIO VILELA,30,13134,TEOTONIO VILELA,AL,2709152,38053,24751.16,78.8374,0.228415,2026,7,f,740.39
RIO GRANDE DO SUL,VIAMAO,780,162507,VIAMAO,RS,4323002,224112,24742.91,348.0403,0.479979,2026,7,f,1489.82
TOCANTINS,PINDORAMA DO TOCANTINS,0,1432,PINDORAMA DO TOCANTINS,TO,1717008,4478,24739.39,0.0000,0.000000,2026,7,f,787.79
CEARA,BREJO SANTO,21,27130,BREJO SANTO,CE,2302503,51090,24737.97,41.1039,0.077405,2026,7,f,873.09
SAO PAULO,GUARANI D'OESTE,2,1522,GUARANI D'OESTE,SP,3518008,1968,24728.15,101.6260,0.131406,2026,7,f,1226.38
MINAS GERAIS,CONGONHAL,17,8476,CONGONHAL,MG,3117900,11083,24727.69,153.3881,0.200566,2026,7,f,1442.78
ESPIRITO SANTO,PANCAS,28,12537,PANCAS,ES,3204005,18893,24722.49,148.2030,0.223339,2026,7,f,1188.19
SAO PAULO,MIRA ESTRELA,2,2360,MIRA ESTRELA,SP,3530003,3126,24708.89,63.9795,0.084746,2026,7,f,1291.65
SAO PAULO,NOVA LUZITANIA,5,2179,NOVA LUZITANIA,SP,3533304,2837,24702.15,176.2425,0.229463,2026,7,f,1254.56
MINAS GERAIS,ILICINEA,6,10092,ILICINEA,MG,3130507,12741,24689.19,47.0921,0.059453,2026,7,f,1201.48
RIO GRANDE DO NORTE,ITAJA,8,3349,ITAJA,RN,2404853,7292,24682.94,109.7093,0.238877,2026,7,f,820.66
MARANHAO,CAMPESTRE DO MARANHAO,1,4603,CAMPESTRE DO MARANHAO,MA,2102556,12301,24653.04,8.1294,0.021725,2026,7,f,833.52
MINAS GERAIS,DOM SILVERIO,5,3160,DOM SILVERIO,MG,3122702,5228,24641.55,95.6389,0.158228,2026,7,f,1266.36
BAHIA,JAGUARARI,13,11886,JAGUARARI,BA,2917706,32703,24637.01,39.7517,0.109372,2026,7,f,882.99
ESPIRITO SANTO,CONCEICAO DA BARRA,56,13555,CONCEICAO DA BARRA,ES,3201605,27458,24622.11,203.9478,0.413132,2026,7,f,1122.43
MINAS GERAIS,BAEPENDI,10,13266,BAEPENDI,MG,3104908,18366,24607.43,54.4484,0.075381,2026,7,f,1268.97
ESPIRITO SANTO,LARANJA DA TERRA,15,10367,LARANJA DA TERRA,ES,3203163,11094,24601.95,135.2082,0.144690,2026,7,f,1256.48
BAHIA,JACOBINA,120,42835,JACOBINA,BA,2917508,82590,24580.97,145.2960,0.280145,2026,7,f,1083.02
MINAS GERAIS,CONCEICAO DA BARRA DE MINAS,2,2487,CONCEICAO DA BARRA DE MINAS,MG,3115201,3560,24578.93,56.1798,0.080418,2026,7,f,1325.47
BAHIA,SANTO AMARO,25,14437,SANTO AMARO,BA,2928604,56012,24562.08,44.6333,0.173166,2026,7,f,787.73
SAO PAULO,CANAS,6,2657,CANAS,SP,3509957,4931,24542.08,121.6792,0.225819,2026,7,f,1174.28
GOIAS,GUARANI DE GOIAS,0,1695,GUARANI DE GOIAS,GO,5209408,4085,24507.96,0.0000,0.000000,2026,7,f,916.72
MINAS GERAIS,IPUIUNA,4,8444,IPUIUNA,MG,3131505,9135,24456.81,43.7876,0.047371,2026,7,f,1406.05
TOCANTINS,LAGOA DO TOCANTINS,0,1052,LAGOA DO TOCANTINS,TO,1711951,3516,24451.08,0.0000,0.000000,2026,7,f,777.80
BAHIA,JEQUIE,228,88505,JEQUIE,BA,2918001,158813,24448.29,143.5651,0.257613,2026,7,f,1013.69
GOIAS,ITAGUARU,3,4333,ITAGUARU,GO,5210604,4904,24447.19,61.1746,0.069236,2026,7,f,1127.42
GOIAS,CATURAI,4,3369,CATURAI,GO,5205208,5184,24435.96,77.1605,0.118730,2026,7,f,1173.84
SAO PAULO,SAO LUIZ DO PARAITINGA,20,8281,SAO LUIZ DO PARAITINGA,SP,3550001,10337,24434.46,193.4797,0.241517,2026,7,f,1465.87
PERNAMBUCO,CARPINA,211,41873,CARPINA,PE,2604007,79293,24434.31,266.1017,0.503905,2026,7,f,1015.04
MINAS GERAIS,BELMIRO BRAGA,2,1381,BELMIRO BRAGA,MG,3106101,3244,24432.18,61.6523,0.144823,2026,7,f,1338.48
GOIAS,SANTA TEREZINHA DE GOIAS,5,6672,SANTA TEREZINHA DE GOIAS,GO,5219704,10645,24415.88,46.9704,0.074940,2026,7,f,1239.58
MATO GROSSO,SAO JOSE DO POVO,3,1205,SAO JOSE DO POVO,MT,5107297,2875,24409.04,104.3478,0.248963,2026,7,f,1417.51
SAO PAULO,DOBRADA,14,5431,DOBRADA,SP,3514007,8759,24404.04,159.8356,0.257779,2026,7,f,1361.96
PARANA,CURIUVA,5,10422,CURIUVA,PR,4107009,13647,24397.60,36.6381,0.047975,2026,7,f,1174.71
MINAS GERAIS,LAJINHA,7,14957,LAJINHA,MG,3137700,20835,24388.72,33.5973,0.046801,2026,7,f,1298.14
PARAIBA,MAMANGUAPE,35,22357,MAMANGUAPE,PB,2508901,44599,24368.26,78.4771,0.156551,2026,7,f,772.08
MINAS GERAIS,TURMALINA,7,16922,TURMALINA,MG,3169703,20000,24343.45,35.0000,0.041366,2026,7,f,1093.34
MARANHAO,GOVERNADOR EDISON LOBAO,7,5662,GOVERNADOR EDISON LOBAO,MA,2104552,18411,24333.66,38.0207,0.123631,2026,7,f,790.85
PARA,URUARA,13,19203,URUARA,PA,1508159,43558,24284.72,29.8453,0.067698,2026,7,f,840.09
MINAS GERAIS,SERRANOS,1,1137,SERRANOS,MG,3167004,1990,24281.41,50.2513,0.087951,2026,7,f,1182.63
SAO PAULO,PRESIDENTE BERNARDES,14,10086,PRESIDENTE BERNARDES,SP,3541208,14490,24277.64,96.6184,0.138806,2026,7,f,1619.00
MINAS GERAIS,JEQUITAI,0,3208,JEQUITAI,MG,3135605,6484,24257.25,0.0000,0.000000,2026,7,f,954.71
MINAS GERAIS,SANTO ANTONIO DO GRAMA,0,1787,SANTO ANTONIO DO GRAMA,MG,3160108,4229,24253.01,0.0000,0.000000,2026,7,f,1170.30
GOIAS,NOVA IGUACU DE GOIAS,3,1562,NOVA IGUACU DE GOIAS,GO,5214879,3010,24244.19,99.6678,0.192061,2026,7,f,1397.76
MARANHAO,MIRANDA DO NORTE,12,5085,MIRANDA DO NORTE,MA,2106755,23864,24235.92,50.2849,0.235988,2026,7,f,629.09
BAHIA,ITAGIMIRIM,3,1945,ITAGIMIRIM,BA,2915304,6347,24203.40,47.2664,0.154242,2026,7,f,888.00
RIO GRANDE DO SUL,BARAO DO TRIUNFO,5,4872,BARAO DO TRIUNFO,RS,4301750,5889,24188.66,84.9041,0.102627,2026,7,f,1185.44
RIO GRANDE DO NORTE,GOIANINHA,17,11112,GOIANINHA,RN,2404200,26741,24171.98,63.5728,0.152988,2026,7,f,825.49
PARA,SAO FRANCISCO DO PARA,7,5372,SAO FRANCISCO DO PARA,PA,1507409,14894,24156.71,46.9988,0.130305,2026,7,f,681.98
BAHIA,MAIQUINIQUE,3,2226,MAIQUINIQUE,BA,2920007,8731,24154.85,34.3603,0.134771,2026,7,f,859.88
GOIAS,JESUPOLIS,2,1015,JESUPOLIS,GO,5212055,2123,24131.89,94.2063,0.197044,2026,7,f,1290.01
ESPIRITO SANTO,AFONSO CLAUDIO,41,27796,AFONSO CLAUDIO,ES,3200102,30684,24123.97,133.6201,0.147503,2026,7,f,1191.25
GOIAS,TAQUARAL DE GOIAS,2,2569,TAQUARAL DE GOIAS,GO,5221007,4026,24115.75,49.6771,0.077851,2026,7,f,1406.18
SAO PAULO,JUQUITIBA,33,20711,JUQUITIBA,SP,3526209,27404,24108.34,120.4204,0.159336,2026,7,f,1076.35
BAHIA,CAPIM GROSSO,34,22173,CAPIM GROSSO,BA,2906873,33235,24101.58,102.3018,0.153340,2026,7,f,850.17
ESPIRITO SANTO,ALEGRE,66,18451,ALEGRE,ES,3200201,29177,24063.71,226.2056,0.357704,2026,7,f,1336.26
MINAS GERAIS,CONSELHEIRO PENA,11,11546,CONSELHEIRO PENA,MG,3118403,20824,24052.58,52.8237,0.095271,2026,7,f,1260.69
SAO PAULO,OURO VERDE,2,5199,OURO VERDE,SP,3534807,7779,24025.07,25.7102,0.038469,2026,7,f,1167.79
ALAGOAS,NOVO LINO,2,2632,NOVO LINO,AL,2705606,10020,24012.28,19.9601,0.075988,2026,7,f,705.65
MINAS GERAIS,INCONFIDENTES,2,4989,INCONFIDENTES,MG,3130606,7301,24012.19,27.3935,0.040088,2026,7,f,1353.68
RIO GRANDE DO SUL,BENJAMIN CONSTANT DO SUL,0,1210,BENJAMIN CONSTANT DO SUL,RS,4302055,2082,24008.65,0.0000,0.000000,2026,7,f,1631.91
SERGIPE,PORTO DA FOLHA,8,7865,PORTO DA FOLHA,SE,2805604,26576,23999.40,30.1023,0.101716,2026,7,f,616.69
MINAS GERAIS,MUTUM,7,15223,MUTUM,MG,3144003,27635,23986.57,25.3302,0.045983,2026,7,f,1238.20
PERNAMBUCO,MACHADOS,9,5130,MACHADOS,PE,2609105,11333,23975.47,79.4141,0.175439,2026,7,f,730.09
PARA,ANANINDEUA,1159,217965,ANANINDEUA,PA,1500800,478778,23964.96,242.0746,0.531737,2026,7,f,1219.88
SERGIPE,GRACCHO CARDOSO,0,2221,GRACCHO CARDOSO,SE,2802601,5834,23962.80,0.0000,0.000000,2026,7,f,665.05
ESPIRITO SANTO,VILA PAVAO,10,7877,VILA PAVAO,ES,3205150,8911,23942.54,112.2209,0.126952,2026,7,f,1069.92
MINAS GERAIS,INHAPIM,20,15639,INHAPIM,MG,3130903,22692,23940.60,88.1368,0.127885,2026,7,f,1150.02
MINAS GERAIS,CARMO DE MINAS,6,6030,CARMO DE MINAS,MG,3114105,13797,23937.67,43.4877,0.099502,2026,7,f,1189.70
PARANA,SALTO DO ITARARE,3,4311,SALTO DO ITARARE,PR,4122909,5192,23913.71,57.7812,0.069589,2026,7,f,1385.52
SAO PAULO,NOVAIS,3,3265,NOVAIS,SP,3533254,4412,23913.64,67.9964,0.091884,2026,7,f,1145.17
PARANA,XAMBRE,1,4329,XAMBRE,PR,4128807,5798,23887.20,17.2473,0.023100,2026,7,f,1278.58
CEARA,IGUATU,195,65559,IGUATU,CE,2305506,98064,23882.71,198.8497,0.297442,2026,7,f,1009.72
SAO PAULO,SALMOURAO,2,2453,SALMOURAO,SP,3545100,4808,23881.86,41.5973,0.081533,2026,7,f,1280.67
RIO DE JANEIRO,CONCEICAO DE MACABU,18,11600,CONCEICAO DE MACABU,RJ,3301405,21104,23881.73,85.2919,0.155172,2026,7,f,1267.02
MINAS GERAIS,ALTEROSA,10,11353,ALTEROSA,MG,3102001,13915,23877.54,71.8649,0.088082,2026,7,f,1244.79
RIO GRANDE DO NORTE,CARNAUBAIS,0,3488,CARNAUBAIS,RN,2402501,9714,23864.11,0.0000,0.000000,2026,7,f,770.65
RIO GRANDE DO SUL,CIDREIRA,21,8154,CIDREIRA,RS,4305454,17071,23836.68,123.0156,0.257542,2026,7,f,1526.55
AMAZONAS,PRESIDENTE FIGUEIREDO,10,10407,PRESIDENTE FIGUEIREDO,AM,1303536,30668,23813.19,32.6073,0.096089,2026,7,f,976.41
MINAS GERAIS,ABRE CAMPO,3,8317,ABRE CAMPO,MG,3100302,13927,23803.55,21.5409,0.036071,2026,7,f,1100.72
GOIAS,PROFESSOR JAMIL,1,1730,PROFESSOR JAMIL,GO,5218391,3649,23793.64,27.4048,0.057803,2026,7,f,1453.05
BAHIA,ITABELA,17,12665,ITABELA,BA,2914653,28165,23776.42,60.3586,0.134228,2026,7,f,910.41
PARANA,FIGUEIRA,3,5330,FIGUEIRA,PR,4107751,8062,23775.99,37.2116,0.056285,2026,7,f,1371.25
TOCANTINS,SAO FELIX DO TOCANTINS,0,402,SAO FELIX DO TOCANTINS,TO,1720150,1783,23754.91,0.0000,0.000000,2026,7,f,1195.77
MINAS GERAIS,PEDRA DOURADA,1,1255,PEDRA DOURADA,MG,3149002,2757,23754.81,36.2713,0.079681,2026,7,f,1009.99
TOCANTINS,MURICILANDIA,1,879,MURICILANDIA,TO,1713957,3367,23749.93,29.7000,0.113766,2026,7,f,925.82
MINAS GERAIS,FUNILANDIA,2,2032,FUNILANDIA,MG,3127206,4686,23719.16,42.6803,0.098425,2026,7,f,1229.50
SAO PAULO,CAIABU,1,2529,CAIABU,SP,3508900,3712,23710.94,26.9397,0.039541,2026,7,f,1359.73
BAHIA,BOM JESUS DA LAPA,65,30009,BOM JESUS DA LAPA,BA,2903904,65550,23709.44,99.1609,0.216602,2026,7,f,916.66
AMAPA,ITAUBAL,0,316,ITAUBAL,AP,1600253,5599,23704.77,0.0000,0.000000,2026,7,f,628.24
MINAS GERAIS,NOVA PORTEIRINHA,4,3386,NOVA PORTEIRINHA,MG,3145059,6706,23695.35,59.6481,0.118133,2026,7,f,867.32
SAO PAULO,LAVRINHAS,9,4322,LAVRINHAS,SP,3526605,7171,23692.09,125.5055,0.208237,2026,7,f,1164.45
MINAS GERAIS,ESPERA FELIZ,16,16343,ESPERA FELIZ,MG,3124203,24102,23682.64,66.3845,0.097901,2026,7,f,1138.40
MINAS GERAIS,ESTRELA DALVA,0,902,ESTRELA DALVA,MG,3124609,2186,23666.97,0.0000,0.000000,2026,7,f,988.21
TOCANTINS,LAJEADO,0,1311,LAJEADO,TO,1712009,3357,23653.56,0.0000,0.000000,2026,7,f,1306.33
MINAS GERAIS,FRANCISCO DUMONT,2,2243,FRANCISCO DUMONT,MG,3126604,4503,23631.36,44.4148,0.089166,2026,7,f,895.80
RORAIMA,AMAJARI,2,1208,AMAJARI,RR,1400027,13927,23630.36,14.3606,0.165563,2026,7,f,493.70
GOIAS,NOVA GLORIA,4,5664,NOVA GLORIA,GO,5214861,8310,23606.26,48.1348,0.070621,2026,7,f,1215.39
MINAS GERAIS,DESCOBERTO,0,2609,DESCOBERTO,MG,3121308,4928,23599.43,0.0000,0.000000,2026,7,f,1143.37
MINAS GERAIS,BUENO BRANDAO,5,9695,BUENO BRANDAO,MG,3109105,10911,23528.64,45.8253,0.051573,2026,7,f,1501.73
ACRE,SENA MADUREIRA,20,13762,SENA MADUREIRA,AC,1200500,41343,23526.30,48.3758,0.145328,2026,7,f,794.44
SERGIPE,MONTE ALEGRE DE SERGIPE,3,5316,MONTE ALEGRE DE SERGIPE,SE,2804201,14336,23521.28,20.9263,0.056433,2026,7,f,727.55
SAO PAULO,PARISI,2,2124,PARISI,SP,3536257,2892,23489.28,69.1563,0.094162,2026,7,f,1359.26
MINAS GERAIS,CARBONITA,0,6437,CARBONITA,MG,3113503,8512,23487.08,0.0000,0.000000,2026,7,f,1075.86
MINAS GERAIS,CARVALHOS,1,2789,CARVALHOS,MG,3114808,4422,23477.16,22.6142,0.035855,2026,7,f,1190.33
MINAS GERAIS,PEQUERI,2,1868,PEQUERI,MG,3149507,3351,23475.38,59.6837,0.107066,2026,7,f,1306.63
CEARA,QUIXERAMOBIM,49,36063,QUIXERAMOBIM,CE,2311405,82177,23468.35,59.6274,0.135873,2026,7,f,853.65
BAHIA,JANDAIRA,4,1405,JANDAIRA,BA,2917904,9285,23457.94,43.0802,0.284698,2026,7,f,657.50
SAO PAULO,CAPELA DO ALTO,46,16789,CAPELA DO ALTO,SP,3510302,22866,23443.02,201.1720,0.273989,2026,7,f,1062.65
MINAS GERAIS,PAINEIRAS,1,3115,PAINEIRAS,MG,3146404,4224,23424.95,23.6742,0.032103,2026,7,f,1322.83
BAHIA,ITAMARAJU,31,31791,ITAMARAJU,BA,2915601,59605,23412.57,52.0091,0.097512,2026,7,f,997.27
SANTA CATARINA,PASSO DE TORRES,171,17266,PASSO DE TORRES,SC,4212254,12897,23411.18,1325.8897,0.990386,2026,7,f,1750.71
CEARA,SAO JOAO DO JAGUARIBE,0,3930,SAO JOAO DO JAGUARIBE,CE,2312502,5855,23410.42,0.0000,0.000000,2026,7,f,939.84
TOCANTINS,TOCANTINOPOLIS,11,22264,TOCANTINOPOLIS,TO,1721208,22615,23395.67,48.6403,0.049407,2026,7,f,1055.63
BAHIA,CAETITE,56,24317,CAETITE,BA,2905206,52012,23393.51,107.6675,0.230292,2026,7,f,989.14
RIO GRANDE DO NORTE,SAO JOSE DO SERIDO,7,1994,SAO JOSE DO SERIDO,RN,2412401,4558,23376.04,153.5761,0.351053,2026,7,f,1033.87
BAHIA,SAO SEBASTIAO DO PASSE,33,12974,SAO SEBASTIAO DO PASSE,BA,2929503,40958,23367.57,80.5703,0.254355,2026,7,f,884.62
SAO PAULO,SEVERINIA,19,10816,SEVERINIA,SP,3551900,14576,23366.97,130.3513,0.175666,2026,7,f,1360.31
TOCANTINS,WANDERLANDIA,1,3215,WANDERLANDIA,TO,1722081,10522,23357.44,9.5039,0.031104,2026,7,f,870.86
PERNAMBUCO,VICENCIA,20,9185,VICENCIA,PE,2616308,26359,23353.73,75.8754,0.217746,2026,7,f,752.56
MINAS GERAIS,BOTELHOS,6,11107,BOTELHOS,MG,3108404,14828,23349.54,40.4640,0.054020,2026,7,f,1402.29
SERGIPE,NEOPOLIS,14,5617,NEOPOLIS,SE,2804409,16426,23298.73,85.2307,0.249243,2026,7,f,761.43
PARA,JURUTI,2,4186,JURUTI,PA,1503903,50881,23286.53,3.9307,0.047778,2026,7,f,713.05
MINAS GERAIS,ANTONIO PRADO DE MINAS,1,963,ANTONIO PRADO DE MINAS,MG,3103108,1538,23271.78,65.0195,0.103842,2026,7,f,1266.27
MINAS GERAIS,IBERTIOGA,0,2474,IBERTIOGA,MG,3129400,5198,23254.14,0.0000,0.000000,2026,7,f,1060.87
TOCANTINS,ARRAIAS,4,2864,ARRAIAS,TO,1702406,10287,23241.96,38.8840,0.139665,2026,7,f,1165.13
RIO DE JANEIRO,MAGE,351,100330,MAGE,RJ,3302502,228127,23238.86,153.8617,0.349846,2026,7,f,1036.31
MINAS GERAIS,CORINTO,5,14079,CORINTO,MG,3119104,23532,23238.31,21.2477,0.035514,2026,7,f,1046.63
PARA,SAO DOMINGOS DO ARAGUAIA,5,11153,SAO DOMINGOS DO ARAGUAIA,PA,1507151,21092,23232.93,23.7057,0.044831,2026,7,f,922.63
PARANA,CAMPO MAGRO,62,19228,CAMPO MAGRO,PR,4104253,30160,23228.88,205.5703,0.322446,2026,7,f,1402.36
MINAS GERAIS,ALAGOA,4,1555,ALAGOA,MG,3101300,2749,23222.99,145.5075,0.257235,2026,7,f,1327.04
ALAGOAS,COLONIA LEOPOLDINA,4,2980,COLONIA LEOPOLDINA,AL,2702108,15816,23211.24,25.2908,0.134228,2026,7,f,704.10
MINAS GERAIS,CONSOLACAO,0,797,CONSOLACAO,MG,3118502,1563,23198.34,0.0000,0.000000,2026,7,f,1271.89
PIAUI,DOM INOCENCIO,1,1803,DOM INOCENCIO,PI,2203453,9159,23191.40,10.9182,0.055463,2026,7,f,748.74
ALAGOAS,SAO SEBASTIAO,33,13062,SAO SEBASTIAO,AL,2708808,31786,23183.41,103.8193,0.252641,2026,7,f,672.44
PARANA,CERRO AZUL,10,11303,CERRO AZUL,PR,4105201,16134,23181.48,61.9809,0.088472,2026,7,f,935.00
RORAIMA,PACARAIMA,2,2801,PACARAIMA,RR,1400456,19305,23176.43,10.3600,0.071403,2026,7,f,578.04
MINAS GERAIS,SAO DOMINGOS DO PRATA,15,10338,SAO DOMINGOS DO PRATA,MG,3161007,17392,23165.59,86.2466,0.145096,2026,7,f,1153.05
PARA,NOVO REPARTIMENTO,9,26856,NOVO REPARTIMENTO,PA,1505064,60732,23157.48,14.8192,0.033512,2026,7,f,721.31
PERNAMBUCO,PRIMAVERA,4,2698,PRIMAVERA,PE,2611408,13838,23153.56,28.9059,0.148258,2026,7,f,660.57
RIO GRANDE DO SUL,PORTO XAVIER,18,9135,PORTO XAVIER,RS,4315107,9938,23151.74,181.1230,0.197044,2026,7,f,1572.31
PARA,SANTA MARIA DO PARA,31,12452,SANTA MARIA DO PARA,PA,1506609,24624,23151.44,125.8934,0.248956,2026,7,f,793.59
RIO GRANDE DO NORTE,CURRAIS NOVOS,94,28039,CURRAIS NOVOS,RN,2403103,41313,23136.71,227.5313,0.335247,2026,7,f,1156.23
ACRE,ASSIS BRASIL,0,2630,ASSIS BRASIL,AC,1200054,8100,23131.60,0.0000,0.000000,2026,7,f,775.86
SAO PAULO,PARAIBUNA,25,13399,PARAIBUNA,SP,3535606,17667,23126.11,141.5068,0.186581,2026,7,f,1390.47
MINAS GERAIS,SENADOR MODESTINO GONCALVES,2,1739,SENADOR MODESTINO GONCALVES,MG,3165909,4008,23123.50,49.9002,0.115009,2026,7,f,935.44
MINAS GERAIS,DOM BOSCO,0,1727,DOM BOSCO,MG,3122470,3697,23109.82,0.0000,0.000000,2026,7,f,1136.60
MINAS GERAIS,SAO TOME DAS LETRAS,2,2789,SAO TOME DAS LETRAS,MG,3165206,6904,23103.42,28.9687,0.071710,2026,7,f,1341.66
SERGIPE,PROPRIA,22,15859,PROPRIA,SE,2805703,26618,23100.16,82.6508,0.138722,2026,7,f,941.63
BAHIA,GUANAMBI,176,65546,GUANAMBI,BA,2911709,87817,23093.63,200.4168,0.268514,2026,7,f,1201.16
MINAS GERAIS,SANTA BARBARA DO MONTE VERDE,1,4263,SANTA BARBARA DO MONTE VERDE,MG,3157278,3095,23081.74,32.3102,0.023458,2026,7,f,953.43
PERNAMBUCO,POMBOS,23,10994,POMBOS,PE,2611309,27552,23078.00,83.4785,0.209205,2026,7,f,774.09
SERGIPE,SAO MIGUEL DO ALEIXO,1,1197,SAO MIGUEL DO ALEIXO,SE,2807006,3434,23041.06,29.1206,0.083542,2026,7,f,734.03
PERNAMBUCO,SAO VICENTE FERRER,13,6431,SAO VICENTE FERRER,PE,2613800,16677,23038.44,77.9517,0.202146,2026,7,f,623.20
MINAS GERAIS,MANTENA,11,22109,MANTENA,MG,3139607,26535,23022.31,41.4547,0.049753,2026,7,f,1387.38
MINAS GERAIS,CHALE,1,4880,CHALE,MG,3116001,6075,23001.81,16.4609,0.020492,2026,7,f,950.59
MINAS GERAIS,SAO PEDRO DO SUACUI,1,2226,SAO PEDRO DO SUACUI,MG,3164100,5103,22998.63,19.5963,0.044924,2026,7,f,993.57
SAO PAULO,BARRINHA,48,20738,BARRINHA,SP,3505609,32092,22983.30,149.5700,0.231459,2026,7,f,1385.51
MINAS GERAIS,MIRADOURO,12,6040,MIRADOURO,MG,3142106,8968,22978.26,133.8091,0.198675,2026,7,f,1079.43
PARANA,BOCAIUVA DO SUL,22,9465,BOCAIUVA DO SUL,PR,4103107,13299,22971.50,165.4260,0.232435,2026,7,f,1328.20
MINAS GERAIS,PAIVA,2,544,PAIVA,MG,3146602,1474,22970.83,135.6852,0.367647,2026,7,f,1334.26
MINAS GERAIS,OLARIA,0,1029,OLARIA,MG,3145406,1945,22969.67,0.0000,0.000000,2026,7,f,960.76
GOIAS,CALDAZINHA,2,2918,CALDAZINHA,GO,5204557,4507,22964.72,44.3754,0.068540,2026,7,f,1384.25
GOIAS,ARACU,4,2775,ARACU,GO,5201603,3799,22961.83,105.2909,0.144144,2026,7,f,1368.99
MINAS GERAIS,GUARARA,1,2105,GUARARA,MG,3128501,3149,22954.27,31.7561,0.047506,2026,7,f,1219.41
PARAIBA,BAYEUX,224,42520,BAYEUX,PB,2501807,82742,22950.86,270.7210,0.526811,2026,7,f,854.80
MINAS GERAIS,FORTUNA DE MINAS,3,1611,FORTUNA DE MINAS,MG,3126406,3093,22942.45,96.9932,0.186220,2026,7,f,1481.31
PERNAMBUCO,SIRINHAEM,16,9933,SIRINHAEM,PE,2614204,37596,22912.46,42.5577,0.161079,2026,7,f,728.49
MINAS GERAIS,SERRA DOS AIMORES,1,2438,SERRA DOS AIMORES,MG,3166709,6944,22908.84,14.4009,0.041017,2026,7,f,1016.56
PARANA,TUNAS DO PARANA,10,4508,TUNAS DO PARANA,PR,4127882,6219,22908.35,160.7976,0.221828,2026,7,f,1119.88
SERGIPE,RIACHAO DO DANTAS,3,5393,RIACHAO DO DANTAS,SE,2805802,18313,22898.43,16.3818,0.055628,2026,7,f,671.74
TOCANTINS,CONCEICAO DO TOCANTINS,0,1028,CONCEICAO DO TOCANTINS,TO,1705607,3887,22889.89,0.0000,0.000000,2026,7,f,966.54
SAO PAULO,SAO FRANCISCO,4,2127,SAO FRANCISCO,SP,3549003,2602,22888.55,153.7279,0.188058,2026,7,f,1574.40
PARAIBA,SOLEDADE,5,6266,SOLEDADE,PB,2516102,13968,22883.95,35.7961,0.079796,2026,7,f,706.29
MARANHAO,SAO JOAO DO PARAISO,1,3732,SAO JOAO DO PARAISO,MA,2111052,9904,22872.07,10.0969,0.026795,2026,7,f,773.11
SAO PAULO,TRES FRONTEIRAS,5,5290,TRES FRONTEIRAS,SP,3554904,6804,22854.94,73.4862,0.094518,2026,7,f,1569.16
MINAS GERAIS,ESPIRITO SANTO DO DOURADO,0,4331,ESPIRITO SANTO DO DOURADO,MG,3124401,6611,22849.19,0.0000,0.000000,2026,7,f,1278.49
SAO PAULO,ARAPEI,1,1322,ARAPEI,SP,3503158,2330,22848.07,42.9185,0.075643,2026,7,f,1149.76
MINAS GERAIS,ALVORADA DE MINAS,0,2120,ALVORADA DE MINAS,MG,3102407,4159,22844.19,0.0000,0.000000,2026,7,f,798.24
PIAUI,MARCOLANDIA,3,7946,MARCOLANDIA,PI,2205953,8533,22835.46,35.1576,0.037755,2026,7,f,723.89
SERGIPE,POCO REDONDO,7,8640,POCO REDONDO,SE,2805406,33439,22833.79,20.9336,0.081019,2026,7,f,632.67
ALAGOAS,MESSIAS,7,4189,MESSIAS,AL,2705200,15405,22801.23,45.4398,0.167104,2026,7,f,643.98
MINAS GERAIS,CORONEL FABRICIANO,186,60764,CORONEL FABRICIANO,MG,3119401,104736,22798.71,177.5894,0.306102,2026,7,f,1409.34
PARA,DOM ELISEU,18,19085,DOM ELISEU,PA,1502939,58484,22782.93,30.7776,0.094315,2026,7,f,782.32
BAHIA,MEDEIROS NETO,17,9131,MEDEIROS NETO,BA,2921104,22194,22780.57,76.5973,0.186179,2026,7,f,928.63
SAO PAULO,NATIVIDADE DA SERRA,1,3832,NATIVIDADE DA SERRA,SP,3532306,6999,22778.25,14.2878,0.026096,2026,7,f,1183.61
SAO PAULO,BARAO DE ANTONINA,1,1804,BARAO DE ANTONINA,SP,3505005,3531,22770.60,28.3206,0.055432,2026,7,f,1066.93
PARANA,NOVA OLIMPIA,5,4955,NOVA OLIMPIA,PR,4117206,5833,22756.90,85.7192,0.100908,2026,7,f,1373.96
RIO DE JANEIRO,NILOPOLIS,273,67046,NILOPOLIS,RJ,3303203,146774,22754.50,186.0002,0.407183,2026,7,f,1298.90
PARA,ALENQUER,4,13203,ALENQUER,PA,1500404,69377,22753.71,5.7656,0.030296,2026,7,f,562.30
MINAS GERAIS,FLORESTAL,10,6389,FLORESTAL,MG,3126000,8045,22735.74,124.3008,0.156519,2026,7,f,1858.14
MINAS GERAIS,ALTO CAPARAO,2,4133,ALTO CAPARAO,MG,3102050,5795,22722.69,34.5125,0.048391,2026,7,f,1118.10
MINAS GERAIS,MAR DE ESPANHA,6,7662,MAR DE ESPANHA,MG,3139805,12721,22711.34,47.1661,0.078309,2026,7,f,1304.13
PIAUI,PARNAIBA,726,117728,PARNAIBA,PI,2207702,162159,22707.01,447.7087,0.616676,2026,7,f,1121.72
SERGIPE,NOSSA SENHORA APARECIDA,0,3908,NOSSA SENHORA APARECIDA,SE,2804458,9232,22704.18,0.0000,0.000000,2026,7,f,812.94
MINAS GERAIS,FRANCISCO SA,6,10232,FRANCISCO SA,MG,3126703,23476,22700.55,25.5580,0.058640,2026,7,f,904.49
BAHIA,CAMPO FORMOSO,18,24875,CAMPO FORMOSO,BA,2906006,71377,22665.37,25.2182,0.072362,2026,7,f,749.39
TOCANTINS,AUGUSTINOPOLIS,11,9489,AUGUSTINOPOLIS,TO,1702554,17484,22662.26,62.9147,0.115924,2026,7,f,995.19
ALAGOAS,JUNDIA,0,1007,JUNDIA,AL,2703908,4092,22660.80,0.0000,0.000000,2026,7,f,714.04
BAHIA,BARRA DA ESTIVA,20,12083,BARRA DA ESTIVA,BA,2902807,26026,22648.08,76.8462,0.165522,2026,7,f,796.07
SERGIPE,ESTANCIA,59,35995,ESTANCIA,SE,2802106,65078,22637.83,90.6604,0.163912,2026,7,f,896.64
CEARA,FORTIM,10,6346,FORTIM,CE,2304459,17294,22627.85,57.8235,0.157580,2026,7,f,900.17
ALAGOAS,PORTO CALVO,12,8664,PORTO CALVO,AL,2707305,24071,22621.41,49.8525,0.138504,2026,7,f,796.62
MINAS GERAIS,SANTANA DO GARAMBEU,1,1063,SANTANA DO GARAMBEU,MG,3158706,2137,22612.07,46.7946,0.094073,2026,7,f,1087.43
PARA,GOIANESIA DO PARA,8,8404,GOIANESIA DO PARA,PA,1503093,26362,22601.13,30.3467,0.095193,2026,7,f,829.00
MINAS GERAIS,FELIXLANDIA,5,8361,FELIXLANDIA,MG,3125705,13978,22597.44,35.7705,0.059801,2026,7,f,1319.20
SERGIPE,TOBIAS BARRETO,25,28165,TOBIAS BARRETO,SE,2807402,50905,22591.30,49.1111,0.088763,2026,7,f,881.15
RIO GRANDE DO SUL,CERRITO,1,4436,CERRITO,RS,4305124,5808,22583.68,17.2176,0.022543,2026,7,f,1229.98
MINAS GERAIS,SANTANA DO DESERTO,1,1793,SANTANA DO DESERTO,MG,3158607,3747,22571.12,26.6880,0.055772,2026,7,f,1164.44
CEARA,JUAZEIRO DO NORTE,806,162025,JUAZEIRO DO NORTE,CE,2307304,286120,22569.35,281.7000,0.497454,2026,7,f,1021.94
MINAS GERAIS,IBITIURA DE MINAS,0,2514,IBITIURA DE MINAS,MG,3129905,3365,22562.85,0.0000,0.000000,2026,7,f,1530.84
MINAS GERAIS,MATIAS CARDOSO,0,2189,MATIAS CARDOSO,MG,3140852,8895,22549.63,0.0000,0.000000,2026,7,f,742.96
MINAS GERAIS,EUGENOPOLIS,11,6026,EUGENOPOLIS,MG,3124906,10801,22512.27,101.8424,0.182542,2026,7,f,1160.50
SAO PAULO,PEDRA BELA,13,6012,PEDRA BELA,SP,3536802,6557,22505.57,198.2614,0.216234,2026,7,f,1372.00
MINAS GERAIS,SALINAS,15,25933,SALINAS,MG,3157005,40178,22492.26,37.3339,0.057841,2026,7,f,1106.52
PARANA,IMBAU,12,8490,IMBAU,PR,4110078,14249,22490.77,84.2164,0.141343,2026,7,f,1176.57
PARA,ANAPU,4,10581,ANAPU,PA,1500859,31850,22480.35,12.5589,0.037804,2026,7,f,765.01
SAO PAULO,SAO VICENTE,463,175014,SAO VICENTE,SP,3551009,329911,22474.72,140.3409,0.264550,2026,7,f,1451.91
MINAS GERAIS,BOM JARDIM DE MINAS,3,4548,BOM JARDIM DE MINAS,MG,3107505,6783,22474.57,44.2282,0.065963,2026,7,f,1164.24
PARAIBA,SAO BENTO,37,21574,SAO BENTO,PB,2513901,32235,22470.79,114.7821,0.171503,2026,7,f,768.83
TOCANTINS,BARRA DO OURO,2,1267,BARRA DO OURO,TO,1703073,4476,22426.72,44.6828,0.157853,2026,7,f,750.89
MINAS GERAIS,SAO JOAO DA MATA,1,2266,SAO JOAO DA MATA,MG,3162302,2914,22416.95,34.3171,0.044131,2026,7,f,1052.04
MINAS GERAIS,SAO PEDRO DOS FERROS,6,3094,SAO PEDRO DOS FERROS,MG,3164001,7166,22415.02,83.7287,0.193924,2026,7,f,1096.96
PARANA,LARANJAL,1,3061,LARANJAL,PR,4113254,5600,22407.68,17.8571,0.032669,2026,7,f,1001.65
MARANHAO,PEDREIRAS,30,25165,PEDREIRAS,MA,2108207,37050,22406.77,80.9717,0.119213,2026,7,f,1102.76
ESPIRITO SANTO,MUQUI,12,9505,MUQUI,ES,3203809,13745,22399.78,87.3045,0.126249,2026,7,f,1359.97
GOIAS,CAMPOS BELOS,6,15300,CAMPOS BELOS,GO,5204904,18108,22357.19,33.1345,0.039216,2026,7,f,1105.23
RIO GRANDE DO NORTE,SAO GONCALO DO AMARANTE,175,41940,SAO GONCALO DO AMARANTE,RN,2412005,115838,22346.41,151.0731,0.417263,2026,7,f,946.92
MINAS GERAIS,LUISBURGO,3,6038,LUISBURGO,MG,3138674,6956,22336.11,43.1282,0.049685,2026,7,f,974.30
SANTA CATARINA,ENTRE RIOS,0,2342,ENTRE RIOS,SC,4205175,3402,22334.22,0.0000,0.000000,2026,7,f,1241.72
PARA,INHANGAPI,11,2520,INHANGAPI,PA,1503408,10325,22327.36,106.5375,0.436508,2026,7,f,631.70
GOIAS,GOIANIRA,126,38553,GOIANIRA,GO,5208806,71916,22313.35,175.2044,0.326823,2026,7,f,1135.58
PARAIBA,LUCENA,7,4386,LUCENA,PB,2508604,12560,22288.54,55.7325,0.159599,2026,7,f,759.66
PERNAMBUCO,SALGUEIRO,80,34828,SALGUEIRO,PE,2612208,62372,22285.14,128.2627,0.229700,2026,7,f,952.41
RIO GRANDE DO SUL,BALNEARIO PINHAL,5,6361,BALNEARIO PINHAL,RS,4301636,14955,22276.76,33.4336,0.078604,2026,7,f,1475.90
SERGIPE,JAPOATA,0,4022,JAPOATA,SE,2803401,13407,22273.44,0.0000,0.000000,2026,7,f,715.33
BAHIA,SANTA CRUZ CABRALIA,41,10221,SANTA CRUZ CABRALIA,BA,2927705,29185,22254.65,140.4831,0.401135,2026,7,f,1012.34
GOIAS,DAMOLANDIA,1,2293,DAMOLANDIA,GO,5206800,2724,22248.16,36.7107,0.043611,2026,7,f,1029.48
TOCANTINS,PALMEIRAS DO TOCANTINS,1,1734,PALMEIRAS DO TOCANTINS,TO,1713809,4872,22215.72,20.5255,0.057670,2026,7,f,812.99
RIO GRANDE DO NORTE,SAO FERNANDO,2,1421,SAO FERNANDO,RN,2411809,3492,22210.77,57.2738,0.140746,2026,7,f,1045.69
BAHIA,PRADO,30,8745,PRADO,BA,2925501,35003,22197.58,85.7069,0.343053,2026,7,f,985.70
MINAS GERAIS,VEREDINHA,0,3672,VEREDINHA,MG,3171071,5181,22185.49,0.0000,0.000000,2026,7,f,898.68
RIO GRANDE DO NORTE,ANGICOS,10,5059,ANGICOS,RN,2400802,11632,22173.23,85.9697,0.197668,2026,7,f,913.59
MINAS GERAIS,CORREGO NOVO,2,1397,CORREGO NOVO,MG,3120003,2875,22171.13,69.5652,0.143164,2026,7,f,864.05
PARA,PAU D'ARCO,2,2290,PAU D'ARCO,PA,1505551,6931,22149.91,28.8559,0.087336,2026,7,f,882.09
MINAS GERAIS,SAO ROMAO,0,3080,SAO ROMAO,MG,3164209,10315,22113.91,0.0000,0.000000,2026,7,f,726.62
ESPIRITO SANTO,IBATIBA,86,28069,IBATIBA,ES,3202454,25380,22101.93,338.8495,0.306388,2026,7,f,1074.38
RIO GRANDE DO NORTE,JANDUIS,2,1676,JANDUIS,RN,2405207,4746,22084.28,42.1408,0.119332,2026,7,f,822.98
PARA,CONCEICAO DO ARAGUAIA,18,24960,CONCEICAO DO ARAGUAIA,PA,1502707,44617,22083.42,40.3434,0.072115,2026,7,f,1032.80
MINAS GERAIS,CAXAMBU,17,13342,CAXAMBU,MG,3115508,21056,22079.74,80.7371,0.127417,2026,7,f,1615.69
CEARA,URUBURETAMA,3,6632,URUBURETAMA,CE,2313807,20189,22056.27,14.8596,0.045235,2026,7,f,661.25
BAHIA,SATIRO DIAS,4,3151,SATIRO DIAS,BA,2929701,16008,22051.04,24.9875,0.126944,2026,7,f,665.74
RIO GRANDE DO SUL,ALVORADA,360,108750,ALVORADA,RS,4300604,187315,22048.07,192.1896,0.331034,2026,7,f,1332.84
RIO GRANDE DO NORTE,PARELHAS,23,14057,PARELHAS,RN,2408904,21499,22037.07,106.9817,0.163620,2026,7,f,1039.24
ALAGOAS,FEIRA GRANDE,10,8030,FEIRA GRANDE,AL,2702603,22712,22031.75,44.0296,0.124533,2026,7,f,543.54
MINAS GERAIS,CAPUTIRA,4,6926,CAPUTIRA,MG,3112901,8936,22031.33,44.7628,0.057753,2026,7,f,1119.77
BAHIA,ITARANTIM,13,4469,ITARANTIM,BA,2916807,17052,22023.22,76.2374,0.290893,2026,7,f,823.97
TOCANTINS,NOVO JARDIM,0,689,NOVO JARDIM,TO,1715259,2230,22016.59,0.0000,0.000000,2026,7,f,876.15
MINAS GERAIS,JESUANIA,3,2998,JESUANIA,MG,3135902,5138,22011.09,58.3885,0.100067,2026,7,f,1172.13
SAO PAULO,NOVA GUATAPORANGA,1,1571,NOVA GUATAPORANGA,SP,3533106,2156,22008.81,46.3822,0.063654,2026,7,f,1356.94
AMAZONAS,TEFE,12,17693,TEFE,AM,1304203,73669,21983.70,16.2891,0.067823,2026,7,f,767.14
CEARA,JAGUARIBE,29,18156,JAGUARIBE,CE,2306900,33726,21966.05,85.9871,0.159727,2026,7,f,882.89
CEARA,BARBALHA,142,30510,BARBALHA,CE,2301901,75033,21942.40,189.2501,0.465421,2026,7,f,1005.61
MARANHAO,PRESIDENTE DUTRA,32,25836,PRESIDENTE DUTRA,MA,2109106,45155,21926.10,70.8670,0.123858,2026,7,f,1062.56
MINAS GERAIS,OLIVEIRA FORTES,0,828,OLIVEIRA FORTES,MG,3145703,2027,21910.21,0.0000,0.000000,2026,7,f,1134.36
ALAGOAS,BARRA DE SANTO ANTONIO,24,4014,BARRA DE SANTO ANTONIO,AL,2700508,16365,21906.57,146.6544,0.597907,2026,7,f,823.52
ACRE,MANOEL URBANO,3,2042,MANOEL URBANO,AC,1200344,11996,21891.80,25.0083,0.146915,2026,7,f,622.38
MINAS GERAIS,SANTA RITA DE IBITIPOCA,1,1553,SANTA RITA DE IBITIPOCA,MG,3159407,3301,21891.55,30.2939,0.064392,2026,7,f,965.30
SAO PAULO,AREIOPOLIS,10,6697,AREIOPOLIS,SP,3503604,10130,21886.18,98.7167,0.149321,2026,7,f,1345.98
ESPIRITO SANTO,ECOPORANGA,27,13558,ECOPORANGA,ES,3202108,21992,21882.64,122.7719,0.199144,2026,7,f,1062.01
ALAGOAS,PARIPUEIRA,50,4424,PARIPUEIRA,AL,2706448,13835,21869.10,361.4022,1.130199,2026,7,f,1071.88
SERGIPE,SANTANA DO SAO FRANCISCO,1,1474,SANTANA DO SAO FRANCISCO,SE,2806404,7346,21864.28,13.6129,0.067843,2026,7,f,717.52
MINAS GERAIS,RESPLENDOR,12,10124,RESPLENDOR,MG,3154309,17226,21845.41,69.6621,0.118530,2026,7,f,1045.69
SERGIPE,RIBEIROPOLIS,14,10398,RIBEIROPOLIS,SE,2806008,17033,21844.13,82.1934,0.134641,2026,7,f,883.07
MINAS GERAIS,SAO JOAO DO MANHUACU,4,8634,SAO JOAO DO MANHUACU,MG,3162559,11246,21806.15,35.5682,0.046328,2026,7,f,930.40
SAO PAULO,CARAPICUIBA,887,239668,CARAPICUIBA,SP,3510609,386984,21801.46,229.2084,0.370095,2026,7,f,1432.95
SAO PAULO,BOM SUCESSO DE ITARARE,2,2372,BOM SUCESSO DE ITARARE,SP,3507159,3555,21796.62,56.2588,0.084317,2026,7,f,1141.43
PIAUI,SAO GONCALO DO GURGUEIA,1,647,SAO GONCALO DO GURGUEIA,PI,2209757,2947,21789.28,33.9328,0.154560,2026,7,f,669.94
MINAS GERAIS,ACAIACA,2,2401,ACAIACA,MG,3100401,3909,21761.58,51.1640,0.083299,2026,7,f,1142.10
MINAS GERAIS,CORDISBURGO,1,3952,CORDISBURGO,MG,3118908,7547,21747.98,13.2503,0.025304,2026,7,f,1109.52
SERGIPE,SIMAO DIAS,35,22825,SIMAO DIAS,SE,2807105,42578,21733.92,82.2021,0.153341,2026,7,f,850.37
SAO PAULO,PALMARES PAULISTA,5,6152,PALMARES PAULISTA,SP,3535101,9650,21724.97,51.8135,0.081274,2026,7,f,1390.30
MINAS GERAIS,RIO CASCA,9,6325,RIO CASCA,MG,3154903,12789,21722.89,70.3730,0.142292,2026,7,f,1235.03
PERNAMBUCO,SERRA TALHADA,151,51748,SERRA TALHADA,PE,2613909,92228,21719.14,163.7247,0.291799,2026,7,f,992.09
MINAS GERAIS,RESENDE COSTA,7,8663,RESENDE COSTA,MG,3154200,11230,21717.54,62.3330,0.080803,2026,7,f,1360.95
ESPIRITO SANTO,IBITIRAMA,18,7784,IBITIRAMA,ES,3202553,9520,21711.45,189.0756,0.231244,2026,7,f,941.80
ESPIRITO SANTO,PONTO BELO,11,3718,PONTO BELO,ES,3204252,6497,21707.56,169.3089,0.295858,2026,7,f,900.20
MINAS GERAIS,JOAQUIM FELICIO,2,1474,JOAQUIM FELICIO,MG,3136405,3854,21696.94,51.8941,0.135685,2026,7,f,982.06
MINAS GERAIS,IPANEMA,12,13778,IPANEMA,MG,3131208,19522,21688.92,61.4691,0.087095,2026,7,f,1163.65
GOIAS,COLINAS DO SUL,1,1136,COLINAS DO SUL,GO,5205521,4030,21686.60,24.8139,0.088028,2026,7,f,1094.18
MINAS GERAIS,SENADOR CORTES,1,1079,SENADOR CORTES,MG,3165602,2240,21683.04,44.6429,0.092678,2026,7,f,1126.28
ALAGOAS,COITE DO NOIA,18,4301,COITE DO NOIA,AL,2702009,10810,21682.24,166.5125,0.418507,2026,7,f,649.14
TOCANTINS,LUZINOPOLIS,0,903,LUZINOPOLIS,TO,1712454,2717,21648.88,0.0000,0.000000,2026,7,f,658.43
ALAGOAS,RIO LARGO,105,27352,RIO LARGO,AL,2707701,93927,21641.92,111.7889,0.383884,2026,7,f,778.71
MINAS GERAIS,CANAA,4,3194,CANAA,MG,3111705,4715,21641.36,84.8356,0.125235,2026,7,f,999.28
PERNAMBUCO,SANTA CRUZ DO CAPIBARIBE,191,78146,SANTA CRUZ DO CAPIBARIBE,PE,2612505,98254,21634.69,194.3941,0.244414,2026,7,f,965.72
PERNAMBUCO,ABREU E LIMA,192,36544,ABREU E LIMA,PE,2600054,98462,21630.43,194.9991,0.525394,2026,7,f,846.62
SERGIPE,NOSSA SENHORA DAS DORES,14,12372,NOSSA SENHORA DAS DORES,SE,2804607,24996,21627.86,56.0090,0.113159,2026,7,f,760.07
GOIAS,BURITINOPOLIS,0,1387,BURITINOPOLIS,GO,5203962,3145,21624.80,0.0000,0.000000,2026,7,f,883.67
SERGIPE,CUMBE,2,1535,CUMBE,SE,2801900,3824,21618.99,52.3013,0.130293,2026,7,f,711.39
MARANHAO,SANTA INES,101,47783,SANTA INES,MA,2109908,85014,21615.44,118.8040,0.211372,2026,7,f,979.59
PIAUI,QUEIMADA NOVA,2,2895,QUEIMADA NOVA,PI,2208650,8738,21609.98,22.8885,0.069085,2026,7,f,691.98
MINAS GERAIS,TOCOS DO MOJI,2,3048,TOCOS DO MOJI,MG,3169059,3826,21608.21,52.2739,0.065617,2026,7,f,1301.34
BAHIA,AMELIA RODRIGUES,14,9072,AMELIA RODRIGUES,BA,2901106,24138,21598.68,57.9998,0.154321,2026,7,f,840.69
MINAS GERAIS,OLIMPIO NORONHA,1,1234,OLIMPIO NORONHA,MG,3145505,2555,21587.48,39.1389,0.081037,2026,7,f,1089.87
ALAGOAS,MATRIZ DE CAMARAGIBE,13,6386,MATRIZ DE CAMARAGIBE,AL,2705101,23857,21586.58,54.4913,0.203570,2026,7,f,681.56
PERNAMBUCO,TRINDADE,27,15113,TRINDADE,PE,2615607,30321,21576.17,89.0472,0.178654,2026,7,f,700.43
MINAS GERAIS,TABULEIRO,3,2225,TABULEIRO,MG,3167905,4014,21570.75,74.7384,0.134831,2026,7,f,1166.15
SANTA CATARINA,BALNEARIO BARRA DO SUL,52,8091,BALNEARIO BARRA DO SUL,SC,4202057,14912,21567.13,348.7124,0.642689,2026,7,f,1709.56
BAHIA,MULUNGU DO MORRO,1,2587,MULUNGU DO MORRO,BA,2922052,13152,21552.31,7.6034,0.038655,2026,7,f,619.03
SAO PAULO,TORRE DE PEDRA,5,1800,TORRE DE PEDRA,SP,3554656,2046,21547.90,244.3793,0.277778,2026,7,f,1344.68
BAHIA,INHAMBUPE,32,12948,INHAMBUPE,BA,2913705,33790,21546.52,94.7026,0.247142,2026,7,f,739.71
SAO PAULO,SAO LOURENCO DA SERRA,16,10905,SAO LOURENCO DA SERRA,SP,3549953,16067,21541.98,99.5830,0.146722,2026,7,f,1374.59
TOCANTINS,ARAGOMINAS,1,1485,ARAGOMINAS,TO,1701309,5290,21532.70,18.9036,0.067340,2026,7,f,948.87
TOCANTINS,BABACULANDIA,1,2625,BABACULANDIA,TO,1703008,7880,21502.66,12.6904,0.038095,2026,7,f,877.11
BAHIA,BELMONTE,8,3853,BELMONTE,BA,2903409,20121,21488.40,39.7595,0.207630,2026,7,f,837.51
MINAS GERAIS,CAMPO DO MEIO,13,6918,CAMPO DO MEIO,MG,3111309,11377,21479.74,114.2656,0.187916,2026,7,f,1167.47
BAHIA,RAFAEL JAMBEIRO,2,4469,RAFAEL JAMBEIRO,BA,2925956,19662,21476.25,10.1719,0.044753,2026,7,f,562.90
MINAS GERAIS,MUNHOZ,3,6399,MUNHOZ,MG,3143807,7451,21464.10,40.2631,0.046882,2026,7,f,1280.96
ACRE,TARAUACA,8,7734,TARAUACA,AC,1200609,43467,21443.39,18.4048,0.103439,2026,7,f,604.36
SERGIPE,LAGARTO,139,67797,LAGARTO,SE,2803500,101579,21439.72,136.8393,0.205024,2026,7,f,928.75
MINAS GERAIS,SAO DOMINGOS DAS DORES,8,4690,SAO DOMINGOS DAS DORES,MG,3160959,5626,21439.39,142.1969,0.170576,2026,7,f,1159.89
PARA,SAO MIGUEL DO GUAMA,29,19265,SAO MIGUEL DO GUAMA,PA,1507607,52894,21412.22,54.8266,0.150532,2026,7,f,739.47
RIO GRANDE DO SUL,CARAA,9,4452,CARAA,RS,4304713,7394,21392.21,121.7203,0.202156,2026,7,f,1436.47
MINAS GERAIS,DIVINO,16,14882,DIVINO,MG,3122009,20706,21385.59,77.2723,0.107512,2026,7,f,1200.86
CEARA,SANTA QUITERIA,11,18299,SANTA QUITERIA,CE,2312205,40183,21382.80,27.3748,0.060113,2026,7,f,770.52
MATO GROSSO,ALTO PARAGUAI,2,3183,ALTO PARAGUAI,MT,5100508,8009,21382.32,24.9719,0.062834,2026,7,f,1030.35
PARA,SAO DOMINGOS DO CAPIM,0,3688,SAO DOMINGOS DO CAPIM,PA,1507201,30599,21375.83,0.0000,0.000000,2026,7,f,520.37
PARAIBA,PRATA,0,964,PRATA,PB,2512200,3915,21369.09,0.0000,0.000000,2026,7,f,839.70
RIO GRANDE DO NORTE,SERRA NEGRA DO NORTE,3,3072,SERRA NEGRA DO NORTE,RN,2413409,7597,21368.83,39.4893,0.097656,2026,7,f,966.15
PARAIBA,SAO JOSE DO BREJO DO CRUZ,0,367,SAO JOSE DO BREJO DO CRUZ,PB,2514651,1699,21367.27,0.0000,0.000000,2026,7,f,631.90
PARA,ABEL FIGUEIREDO,2,2233,ABEL FIGUEIREDO,PA,1500131,6136,21361.96,32.5945,0.089566,2026,7,f,923.20
MINAS GERAIS,TAIOBEIRAS,20,31219,TAIOBEIRAS,MG,3168002,33050,21342.60,60.5144,0.064064,2026,7,f,1079.79
SAO PAULO,TREMEMBE,199,27948,TREMEMBE,SP,3554805,51173,21334.90,388.8769,0.712037,2026,7,f,1946.41
PERNAMBUCO,GLORIA DO GOITA,11,10219,GLORIA DO GOITA,PE,2606101,29347,21334.86,37.4825,0.107643,2026,7,f,691.86
AMAZONAS,CAREIRO DA VARZEA,0,706,CAREIRO DA VARZEA,AM,1301159,19637,21334.11,0.0000,0.000000,2026,7,f,638.54
SAO PAULO,BALBINOS,2,912,BALBINOS,SP,3504701,3887,21326.22,51.4536,0.219298,2026,7,f,1703.84
RIO GRANDE DO SUL,REDENTORA,2,4235,REDENTORA,RS,4315404,9738,21318.96,20.5381,0.047226,2026,7,f,851.69
SERGIPE,ITABI,3,1881,ITABI,SE,2803104,4745,21314.65,63.2244,0.159490,2026,7,f,772.31
MINAS GERAIS,PASSA VINTE,0,2835,PASSA VINTE,MG,3147808,2233,21300.94,0.0000,0.000000,2026,7,f,1285.86
MINAS GERAIS,SERICITA,2,6282,SERICITA,MG,3166303,7345,21298.57,27.2294,0.031837,2026,7,f,996.25
SERGIPE,ITABAIANINHA,25,17369,ITABAIANINHA,SE,2803005,40678,21283.54,61.4583,0.143935,2026,7,f,682.43
SAO PAULO,RIVERSUL,2,3137,RIVERSUL,SP,3543501,5599,21283.09,35.7207,0.063755,2026,7,f,1032.65
MINAS GERAIS,RAUL SOARES,12,14729,RAUL SOARES,MG,3154002,23423,21257.87,51.2317,0.081472,2026,7,f,1124.02
MINAS GERAIS,PIRAUBA,12,6126,PIRAUBA,MG,3151305,11610,21223.17,103.3592,0.195886,2026,7,f,1245.52
PARA,JACUNDA,11,23043,JACUNDA,PA,1503804,37707,21222.51,29.1723,0.047737,2026,7,f,905.18
ESPIRITO SANTO,SAO JOSE DO CALCADO,23,7042,SAO JOSE DO CALCADO,ES,3204807,10878,21218.24,211.4359,0.326612,2026,7,f,1293.72
MINAS GERAIS,MOEMA,12,6897,MOEMA,MG,3142403,7548,21214.10,158.9825,0.173989,2026,7,f,1289.48
BAHIA,CRUZ DAS ALMAS,98,41190,CRUZ DAS ALMAS,BA,2909802,60348,21196.64,162.3915,0.237922,2026,7,f,1167.93
GOIAS,COCALZINHO DE GOIAS,4,7222,COCALZINHO DE GOIAS,GO,5205513,25016,21193.76,15.9898,0.055386,2026,7,f,1124.98
GOIAS,MONTE ALEGRE DE GOIAS,0,1878,MONTE ALEGRE DE GOIAS,GO,5213509,6692,21187.99,0.0000,0.000000,2026,7,f,817.02
PERNAMBUCO,PALMARES,93,29848,PALMARES,PE,2610004,54584,21179.32,170.3796,0.311579,2026,7,f,872.56
CEARA,ICAPUI,11,8466,ICAPUI,CE,2305357,21433,21144.26,51.3227,0.129931,2026,7,f,824.14
SAO PAULO,SERRA AZUL,5,5824,SERRA AZUL,SP,3551405,12746,21127.96,39.2280,0.085852,2026,7,f,1340.01
SAO PAULO,VARGEM,36,10728,VARGEM,SP,3556354,10512,21119.86,342.4658,0.335570,2026,7,f,1452.82
PARA,BREJO GRANDE DO ARAGUAIA,1,2001,BREJO GRANDE DO ARAGUAIA,PA,1501758,6783,21114.70,14.7427,0.049975,2026,7,f,766.20
SAO PAULO,BARRA DO TURVO,1,2537,BARRA DO TURVO,SP,3505401,6876,21110.97,14.5433,0.039417,2026,7,f,1094.16
PARAIBA,SANTA RITA,140,58291,SANTA RITA,PB,2513703,149910,21102.96,93.3894,0.240174,2026,7,f,798.63
RIO GRANDE DO NORTE,FERNANDO PEDROZA,2,796,FERNANDO PEDROZA,RN,2403756,2938,21100.75,68.0735,0.251256,2026,7,f,820.99
MINAS GERAIS,SANTO ANTONIO DO RIO ABAIXO,1,661,SANTO ANTONIO DO RIO ABAIXO,MG,3160504,1808,21096.24,55.3097,0.151286,2026,7,f,1420.41
MINAS GERAIS,MACHACALIS,3,2714,MACHACALIS,MG,3138906,6487,21096.04,46.2463,0.110538,2026,7,f,941.72
MINAS GERAIS,FREI INOCENCIO,4,4174,FREI INOCENCIO,MG,3126901,8226,21092.75,48.6263,0.095831,2026,7,f,913.56
MARANHAO,LIMA CAMPOS,9,5036,LIMA CAMPOS,MA,2106003,11297,21051.34,79.6672,0.178713,2026,7,f,831.60
BAHIA,PARIPIRANGA,33,10999,PARIPIRANGA,BA,2923803,26604,21049.43,124.0415,0.300027,2026,7,f,777.04
CEARA,PACATUBA,126,27018,PACATUBA,CE,2309706,81524,21028.80,154.5557,0.466356,2026,7,f,862.29
MINAS GERAIS,SANTO ANTONIO DO AVENTUREIRO,2,2159,SANTO ANTONIO DO AVENTUREIRO,MG,3160009,3769,21025.47,53.0645,0.092635,2026,7,f,1154.37
MINAS GERAIS,COIMBRA,8,4866,COIMBRA,MG,3116704,7117,21021.36,112.4069,0.164406,2026,7,f,1226.61
MINAS GERAIS,LAMIM,1,2009,LAMIM,MG,3137908,3184,21016.96,31.4070,0.049776,2026,7,f,991.20
PIAUI,DEMERVAL LOBAO,13,6174,DEMERVAL LOBAO,PI,2203305,16352,21011.07,79.5010,0.210560,2026,7,f,862.34
MINAS GERAIS,CUPARAQUE,1,2241,CUPARAQUE,MG,3120839,3983,20994.98,25.1067,0.044623,2026,7,f,1172.95
RIO GRANDE DO NORTE,JARDIM DO SERIDO,13,7435,JARDIM DO SERIDO,RN,2405702,11655,20992.11,111.5401,0.174849,2026,7,f,1184.50
MINAS GERAIS,SENADOR JOSE BENTO,0,684,SENADOR JOSE BENTO,MG,3165800,2068,20984.04,0.0000,0.000000,2026,7,f,1282.20
CEARA,JAGUARUANA,16,15603,JAGUARUANA,CE,2307007,31701,20980.10,50.4716,0.102544,2026,7,f,789.66
SAO PAULO,AREIAS,0,2023,AREIAS,SP,3503505,3577,20979.03,0.0000,0.000000,2026,7,f,1093.27
TOCANTINS,FILADELFIA,0,1591,FILADELFIA,TO,1707702,7712,20968.23,0.0000,0.000000,2026,7,f,922.76
RIO GRANDE DO NORTE,IPUEIRA,1,988,IPUEIRA,RN,2404804,2035,20967.57,49.1400,0.101215,2026,7,f,929.94
PIAUI,LAGOA DO PIAUI,0,1075,LAGOA DO PIAUI,PI,2205581,4810,20966.53,0.0000,0.000000,2026,7,f,781.88
MINAS GERAIS,LEANDRO FERREIRA,1,2008,LEANDRO FERREIRA,MG,3138302,3199,20964.68,31.2598,0.049801,2026,7,f,1435.77
MINAS GERAIS,BUENOPOLIS,2,5018,BUENOPOLIS,MG,3109204,9150,20956.07,21.8579,0.039857,2026,7,f,1087.41
RIO GRANDE DO NORTE,LAGOA NOVA,4,6789,LAGOA NOVA,RN,2406502,15573,20940.54,25.6855,0.058919,2026,7,f,787.33
PARA,BRASIL NOVO,5,9756,BRASIL NOVO,PA,1501725,24718,20935.43,20.2282,0.051251,2026,7,f,763.34
MINAS GERAIS,SAO SEBASTIAO DO RIO VERDE,1,1142,SAO SEBASTIAO DO RIO VERDE,MG,3164902,2300,20932.61,43.4783,0.087566,2026,7,f,1208.85
ACRE,FEIJO,6,6397,FEIJO,AC,1200302,35426,20926.55,16.9367,0.093794,2026,7,f,610.92
MINAS GERAIS,CAMPANARIO,0,1254,CAMPANARIO,MG,3110806,2923,20926.10,0.0000,0.000000,2026,7,f,957.55
GOIAS,FLORES DE GOIAS,0,2126,FLORES DE GOIAS,GO,5207907,13744,20923.24,0.0000,0.000000,2026,7,f,911.08
TOCANTINS,NOVO ALEGRE,0,477,NOVO ALEGRE,TO,1715150,1846,20916.58,0.0000,0.000000,2026,7,f,1123.63
TOCANTINS,AURORA DO TOCANTINS,1,1054,AURORA DO TOCANTINS,TO,1702703,3342,20914.42,29.9222,0.094877,2026,7,f,988.14
TOCANTINS,PORTO ALEGRE DO TOCANTINS,0,897,PORTO ALEGRE DO TOCANTINS,TO,1718006,2866,20909.63,0.0000,0.000000,2026,7,f,881.18
SAO PAULO,SAO JOSE DO BARREIRO,4,2044,SAO JOSE DO BARREIRO,SP,3549607,3853,20906.57,103.8152,0.195695,2026,7,f,1251.77
MARANHAO,SAO FELIX DE BALSAS,0,578,SAO FELIX DE BALSAS,MA,2110807,4402,20899.82,0.0000,0.000000,2026,7,f,673.96
PERNAMBUCO,ARARIPINA,45,42566,ARARIPINA,PE,2601102,85088,20892.64,52.8864,0.105718,2026,7,f,739.65
CEARA,GUARACIABA DO NORTE,25,22390,GUARACIABA DO NORTE,CE,2305001,42053,20886.83,59.4488,0.111657,2026,7,f,716.54
BAHIA,CAMACAN,13,8338,CAMACAN,BA,2905602,22579,20849.46,57.5756,0.155913,2026,7,f,956.88
GOIAS,CAMPESTRE DE GOIAS,4,2209,CAMPESTRE DE GOIAS,GO,5204607,3755,20841.54,106.5246,0.181077,2026,7,f,1348.84
CEARA,RUSSAS,48,47156,RUSSAS,CE,2311801,72928,20809.29,65.8183,0.101790,2026,7,f,867.47
MINAS GERAIS,DONA EUZEBIA,4,4726,DONA EUZEBIA,MG,3122900,6093,20782.37,65.6491,0.084638,2026,7,f,1113.39
RIO GRANDE DO NORTE,CANGUARETAMA,10,11348,CANGUARETAMA,RN,2402204,29668,20761.66,33.7064,0.088121,2026,7,f,678.69
BAHIA,ENTRE RIOS,28,13036,ENTRE RIOS,BA,2910503,38098,20756.63,73.4947,0.214790,2026,7,f,828.08
MINAS GERAIS,CONCEICAO DE IPANEMA,2,2537,CONCEICAO DE IPANEMA,MG,3117405,4409,20740.98,45.3618,0.078833,2026,7,f,1040.28
MINAS GERAIS,SAO SEBASTIAO DO ANTA,3,4308,SAO SEBASTIAO DO ANTA,MG,3164472,6194,20739.43,48.4340,0.069638,2026,7,f,921.38
ALAGOAS,COQUEIRO SECO,6,1705,COQUEIRO SECO,AL,2702207,5581,20724.24,107.5076,0.351906,2026,7,f,846.43
MINAS GERAIS,DESTERRO DO MELO,2,3690,DESTERRO DO MELO,MG,3121506,2994,20721.78,66.8003,0.054201,2026,7,f,928.67
BAHIA,CONCEICAO DA FEIRA,41,12520,CONCEICAO DA FEIRA,BA,2908200,20800,20702.02,197.1154,0.327476,2026,7,f,770.78
MINAS GERAIS,SAO JOSE DO MANTIMENTO,1,2020,SAO JOSE DO MANTIMENTO,MG,3163607,2753,20701.78,36.3240,0.049505,2026,7,f,1087.61
PERNAMBUCO,SAO JOSE DA COROA GRANDE,25,6111,SAO JOSE DA COROA GRANDE,PE,2613404,18825,20689.03,132.8021,0.409098,2026,7,f,953.27
SAO PAULO,IGARACU DO TIETE,16,16103,IGARACU DO TIETE,SP,3520004,23106,20686.23,69.2461,0.099360,2026,7,f,1348.69
BAHIA,IBOTIRAMA,12,14511,IBOTIRAMA,BA,2913200,26309,20686.04,45.6118,0.082696,2026,7,f,804.43
AMAZONAS,IRANDUBA,41,13196,IRANDUBA,AM,1301852,61163,20657.85,67.0340,0.310700,2026,7,f,805.81
MINAS GERAIS,PEDRO TEIXEIRA,0,1112,PEDRO TEIXEIRA,MG,3149408,1810,20639.23,0.0000,0.000000,2026,7,f,1111.61
MINAS GERAIS,ITINGA,2,4380,ITINGA,MG,3134004,13745,20633.90,14.5507,0.045662,2026,7,f,685.00
MINAS GERAIS,SAO SEBASTIAO DA VARGEM ALEGRE,6,2203,SAO SEBASTIAO DA VARGEM ALEGRE,MG,3164431,3113,20619.02,192.7401,0.272356,2026,7,f,1261.02
AMAZONAS,EIRUNEPE,0,3309,EIRUNEPE,AM,1301407,33170,20610.19,0.0000,0.000000,2026,7,f,588.49
TOCANTINS,TAIPAS DO TOCANTINS,0,455,TAIPAS DO TOCANTINS,TO,1720937,2021,20597.23,0.0000,0.000000,2026,7,f,1041.52
MINAS GERAIS,DIVINESIA,1,1853,DIVINESIA,MG,3121902,4226,20587.55,23.6630,0.053967,2026,7,f,1282.56
MINAS GERAIS,PEDRALVA,5,7399,PEDRALVA,MG,3149101,10760,20585.22,46.4684,0.067577,2026,7,f,1200.49
TOCANTINS,SANTA TEREZA DO TOCANTINS,1,973,SANTA TEREZA DO TOCANTINS,TO,1719004,2781,20584.68,35.9583,0.102775,2026,7,f,942.39
SERGIPE,SANTO AMARO DAS BROTAS,6,3634,SANTO AMARO DAS BROTAS,SE,2806602,11092,20550.13,54.0930,0.165107,2026,7,f,767.22
PIAUI,CAMPO MAIOR,39,33382,CAMPO MAIOR,PI,2202208,45793,20544.67,85.1659,0.116829,2026,7,f,1038.91
MINAS GERAIS,SAO BENTO ABADE,1,2225,SAO BENTO ABADE,MG,3160801,4713,20514.11,21.2179,0.044944,2026,7,f,1108.08
ESPIRITO SANTO,ALTO RIO NOVO,5,5540,ALTO RIO NOVO,ES,3200359,7434,20511.84,67.2585,0.090253,2026,7,f,1247.98
RIO GRANDE DO SUL,DEZESSEIS DE NOVEMBRO,0,2062,DEZESSEIS DE NOVEMBRO,RS,4306353,2507,20507.38,0.0000,0.000000,2026,7,f,1659.75
PIAUI,ALVORADA DO GURGUEIA,0,1635,ALVORADA DO GURGUEIA,PI,2200459,5322,20497.56,0.0000,0.000000,2026,7,f,644.28
MINAS GERAIS,SAO MIGUEL DO ANTA,1,3997,SAO MIGUEL DO ANTA,MG,3163805,6334,20483.11,15.7878,0.025019,2026,7,f,1126.44
ESPIRITO SANTO,IRUPI,30,13312,IRUPI,ES,3202652,13710,20473.96,218.8184,0.225361,2026,7,f,1269.82
SAO PAULO,CAIUA,0,2410,CAIUA,SP,3509106,5466,20471.09,0.0000,0.000000,2026,7,f,1214.27
SAO PAULO,EUCLIDES DA CUNHA PAULISTA,6,5422,EUCLIDES DA CUNHA PAULISTA,SP,3515350,7924,20470.47,75.7193,0.110660,2026,7,f,1077.55
MINAS GERAIS,ALTO RIO DOCE,5,6195,ALTO RIO DOCE,MG,3102100,10891,20466.16,45.9095,0.080710,2026,7,f,945.93
SAO PAULO,SALESOPOLIS,22,13731,SALESOPOLIS,SP,3545001,15202,20456.85,144.7178,0.160221,2026,7,f,1326.05
MINAS GERAIS,VIRGINOPOLIS,7,6995,VIRGINOPOLIS,MG,3171808,10314,20456.85,67.8689,0.100071,2026,7,f,1116.83
TOCANTINS,MAURILANDIA DO TOCANTINS,0,808,MAURILANDIA DO TOCANTINS,TO,1712801,3095,20456.54,0.0000,0.000000,2026,7,f,810.37
PERNAMBUCO,PAULISTA,1195,138219,PAULISTA,PE,2610707,342167,20454.96,349.2447,0.864570,2026,7,f,1197.17
RIO GRANDE DO NORTE,TENENTE LAURENTINO CRUZ,0,2603,TENENTE LAURENTINO CRUZ,RN,2414159,5891,20453.74,0.0000,0.000000,2026,7,f,789.17
PARA,MONTE ALEGRE,10,20037,MONTE ALEGRE,PA,1504802,60012,20451.23,16.6633,0.049908,2026,7,f,687.01
SERGIPE,MARUIM,16,4750,MARUIM,SE,2804003,15719,20418.79,101.7876,0.336842,2026,7,f,770.84
CEARA,SOLONOPOLE,9,8314,SOLONOPOLE,CE,2313005,18179,20391.28,49.5077,0.108251,2026,7,f,788.81
PARANA,DOUTOR ULYSSES,2,2346,DOUTOR ULYSSES,PR,4128633,5697,20387.40,35.1062,0.085251,2026,7,f,893.21
PARA,RONDON DO PARA,18,21851,RONDON DO PARA,PA,1506187,53143,20383.47,33.8709,0.082376,2026,7,f,946.14
BAHIA,ITAJUIPE,7,5513,ITAJUIPE,BA,2915502,18781,20382.04,37.2717,0.126973,2026,7,f,829.36
MINAS GERAIS,GALILEIA,6,2638,GALILEIA,MG,3127305,6222,20379.62,96.4320,0.227445,2026,7,f,1147.43
PIAUI,PAJEU DO PIAUI,1,773,PAJEU DO PIAUI,PI,2207355,3000,20361.33,33.3333,0.129366,2026,7,f,907.28
PARA,LIMOEIRO DO AJURU,0,822,LIMOEIRO DO AJURU,PA,1504000,29569,20358.86,0.0000,0.000000,2026,7,f,463.89
MINAS GERAIS,ITAMARANDIBA,14,26205,ITAMARANDIBA,MG,3132503,32948,20332.04,42.4912,0.053425,2026,7,f,1041.12
PERNAMBUCO,PAUDALHO,112,20917,PAUDALHO,PE,2610608,56665,20329.67,197.6529,0.535450,2026,7,f,1129.46
BAHIA,ITACARE,24,5789,ITACARE,BA,2914901,27704,20326.13,86.6301,0.414579,2026,7,f,1013.93
ESPIRITO SANTO,APIACA,8,6089,APIACA,ES,3200508,7223,20325.90,110.7573,0.131384,2026,7,f,1138.77
MINAS GERAIS,MOEDA,2,4140,MOEDA,MG,3142304,5125,20318.44,39.0244,0.048309,2026,7,f,1551.75
PARAIBA,CATOLE DO ROCHA,44,19328,CATOLE DO ROCHA,PB,2504306,30661,20309.64,143.5048,0.227649,2026,7,f,1018.31
BAHIA,OLIVEIRA DOS BREJINHOS,6,6758,OLIVEIRA DOS BREJINHOS,BA,2923209,20715,20281.15,28.9645,0.088784,2026,7,f,719.07
MINAS GERAIS,CHACARA,2,1508,CHACARA,MG,3115904,3075,20261.46,65.0407,0.132626,2026,7,f,1295.50
MINAS GERAIS,NOVORIZONTE,0,2477,NOVORIZONTE,MG,3145372,4571,20256.84,0.0000,0.000000,2026,7,f,807.48
PARANA,SARANDI,244,82597,SARANDI,PR,4126256,118455,20249.80,205.9854,0.295410,2026,7,f,1461.61
PIAUI,PORTO ALEGRE DO PIAUI,0,527,PORTO ALEGRE DO PIAUI,PI,2208551,2364,20238.16,0.0000,0.000000,2026,7,f,768.43
PERNAMBUCO,MORENO,72,21747,MORENO,PE,2609402,55292,20225.51,130.2178,0.331080,2026,7,f,783.46
MINAS GERAIS,UMBURATIBA,0,699,UMBURATIBA,MG,3170305,2684,20220.19,0.0000,0.000000,2026,7,f,927.61
GOIAS,CAMPOS VERDES,1,2297,CAMPOS VERDES,GO,5204953,4005,20215.73,24.9688,0.043535,2026,7,f,1092.31
PARA,IPIXUNA DO PARA,4,6384,IPIXUNA DO PARA,PA,1503457,30329,20202.02,13.1887,0.062657,2026,7,f,594.25
RIO GRANDE DO NORTE,MONTE DAS GAMELEIRAS,2,719,MONTE DAS GAMELEIRAS,RN,2407906,2276,20176.63,87.8735,0.278164,2026,7,f,652.71
GOIAS,AMERICANO DO BRASIL,3,3933,AMERICANO DO BRASIL,GO,5200852,5259,20174.75,57.0451,0.076278,2026,7,f,914.55
MINAS GERAIS,ALMENARA,12,19266,ALMENARA,MG,3101706,40364,20164.43,29.7295,0.062286,2026,7,f,1088.43
RIO GRANDE DO NORTE,TIMBAUBA DOS BATISTAS,1,889,TIMBAUBA DOS BATISTAS,RN,2414308,2348,20162.27,42.5894,0.112486,2026,7,f,1082.62
MINAS GERAIS,GOIABEIRA,0,1814,GOIABEIRA,MG,3127370,2830,20156.18,0.0000,0.000000,2026,7,f,1272.17
PERNAMBUCO,CUSTODIA,24,17157,CUSTODIA,PE,2605103,37699,20149.31,63.6622,0.139885,2026,7,f,857.53
PARAIBA,ITATUBA,1,2815,ITATUBA,PB,2507200,10499,20146.87,9.5247,0.035524,2026,7,f,675.15
MINAS GERAIS,ITAMBE DO MATO DENTRO,1,877,ITAMBE DO MATO DENTRO,MG,3132800,2142,20139.12,46.6853,0.114025,2026,7,f,1014.00
MINAS GERAIS,SANTA FE DE MINAS,0,609,SANTA FE DE MINAS,MG,3157609,3522,20121.24,0.0000,0.000000,2026,7,f,924.03
SAO PAULO,IRAPURU,3,4028,IRAPURU,SP,3521606,7085,20101.91,42.3430,0.074479,2026,7,f,1356.24
TOCANTINS,ARAGUATINS,18,16175,ARAGUATINS,TO,1702208,31918,20096.50,56.3945,0.111283,2026,7,f,968.04
BAHIA,SAO MIGUEL DAS MATAS,5,3206,SAO MIGUEL DAS MATAS,BA,2929404,10334,20085.93,48.3840,0.155958,2026,7,f,871.05
SAO PAULO,SANTO EXPEDITO,0,1816,SANTO EXPEDITO,SP,3548302,3000,20085.33,0.0000,0.000000,2026,7,f,1258.52
BAHIA,CARAVELAS,3,4342,CARAVELAS,BA,2906907,20580,20083.53,14.5773,0.069093,2026,7,f,896.46
MARANHAO,RIBAMAR FIQUENE,0,2124,RIBAMAR FIQUENE,MA,2109551,7420,20081.00,0.0000,0.000000,2026,7,f,725.47
PERNAMBUCO,OLINDA,1390,161862,OLINDA,PE,2609600,349976,20072.57,397.1701,0.858756,2026,7,f,1277.73
ESPIRITO SANTO,DIVINO DE SAO LOURENCO,6,3691,DIVINO DE SAO LOURENCO,ES,3201803,5083,20058.63,118.0405,0.162558,2026,7,f,1119.67
MINAS GERAIS,PALMA,5,3011,PALMA,MG,3146701,5707,20055.90,87.6117,0.166058,2026,7,f,1296.82
MINAS GERAIS,TAQUARACU DE MINAS,4,3760,TAQUARACU DE MINAS,MG,3168309,4224,20052.79,94.6970,0.106383,2026,7,f,1209.10
RIO DE JANEIRO,BELFORD ROXO,434,153729,BELFORD ROXO,RJ,3300456,483087,20050.92,89.8389,0.282315,2026,7,f,915.03
RIO GRANDE DO NORTE,RIO DO FOGO,3,2747,RIO DO FOGO,RN,2408953,10351,20022.12,28.9827,0.109210,2026,7,f,688.26
PIAUI,JULIO BORGES,0,1187,JULIO BORGES,PI,2205524,5388,20016.15,0.0000,0.000000,2026,7,f,611.82
MARANHAO,LAGOA DO MATO,0,2666,LAGOA DO MATO,MA,2105922,10572,20010.12,0.0000,0.000000,2026,7,f,568.19
GOIAS,ARAGOIANIA,21,7241,ARAGOIANIA,GO,5201801,11890,20007.49,176.6190,0.290015,2026,7,f,1165.08
MINAS GERAIS,FERNANDES TOURINHO,3,1412,FERNANDES TOURINHO,MG,3125804,2789,19978.49,107.5654,0.212465,2026,7,f,1036.92
TOCANTINS,COMBINADO,1,2360,COMBINADO,TO,1705557,4756,19974.98,21.0261,0.042373,2026,7,f,1156.96
MINAS GERAIS,ITAMARATI DE MINAS,1,1865,ITAMARATI DE MINAS,MG,3132602,3690,19962.06,27.1003,0.053619,2026,7,f,1027.88
RIO GRANDE DO SUL,BARRA DO GUARITA,3,1636,BARRA DO GUARITA,RS,4301859,3161,19953.18,94.9067,0.183374,2026,7,f,1418.41
SAO PAULO,LAGOINHA,2,4579,LAGOINHA,SP,3526308,5083,19951.01,39.3468,0.043678,2026,7,f,1368.11
SERGIPE,MACAMBIRA,4,3160,MACAMBIRA,SE,2803708,6838,19935.36,58.4966,0.126582,2026,7,f,859.09
AMAZONAS,RIO PRETO DA EVA,11,7351,RIO PRETO DA EVA,AM,1303569,24936,19885.23,44.1129,0.149640,2026,7,f,801.10
MINAS GERAIS,LAGOA DOS PATOS,0,1450,LAGOA DOS PATOS,MG,3137304,3313,19881.68,0.0000,0.000000,2026,7,f,841.04
SAO PAULO,ITAOCA,0,1488,ITAOCA,SP,3522158,3422,19866.16,0.0000,0.000000,2026,7,f,1008.01
MINAS GERAIS,AGUAS VERMELHAS,2,3414,AGUAS VERMELHAS,MG,3101003,14037,19832.59,14.2481,0.058582,2026,7,f,783.82
ALAGOAS,ANADIA,6,4269,ANADIA,AL,2700201,13966,19830.45,42.9615,0.140548,2026,7,f,686.24
MINAS GERAIS,BOCAINA DE MINAS,0,3456,BOCAINA DE MINAS,MG,3107208,5348,19808.90,0.0000,0.000000,2026,7,f,1391.48
MATO GROSSO,BARAO DE MELGACO,3,1343,BARAO DE MELGACO,MT,5101605,7253,19806.56,41.3622,0.223380,2026,7,f,985.39
MINAS GERAIS,JEQUERI,4,6805,JEQUERI,MG,3135506,12419,19779.53,32.2087,0.058780,2026,7,f,904.68
SAO PAULO,RIBEIRA,0,1299,RIBEIRA,SP,3542800,3132,19770.75,0.0000,0.000000,2026,7,f,1092.39
ALAGOAS,PENEDO,168,26670,PENEDO,AL,2706703,58650,19766.00,286.4450,0.629921,2026,7,f,911.94
RIO GRANDE DO NORTE,JARDIM DE PIRANHAS,8,6938,JARDIM DE PIRANHAS,RN,2405603,13977,19758.25,57.2369,0.115307,2026,7,f,822.69
PERNAMBUCO,TORITAMA,67,23593,TORITAMA,PE,2615409,41137,19757.27,162.8704,0.283983,2026,7,f,775.68
MINAS GERAIS,JAMPRUCA,1,1213,JAMPRUCA,MG,3135076,4296,19751.63,23.2775,0.082440,2026,7,f,912.29
SERGIPE,ARAUA,7,3433,ARAUA,SE,2800407,10318,19750.63,67.8426,0.203903,2026,7,f,749.83
MINAS GERAIS,DURANDE,0,5107,DURANDE,MG,3123528,7817,19727.90,0.0000,0.000000,2026,7,f,1202.37
MINAS GERAIS,ITAMBACURI,5,8994,ITAMBACURI,MG,3132701,21042,19725.07,23.7620,0.055593,2026,7,f,1048.66
SANTA CATARINA,BALNEARIO GAIVOTA,73,13267,BALNEARIO GAIVOTA,SC,4202073,15669,19712.11,465.8881,0.550237,2026,7,f,1743.57
ALAGOAS,PINDOBA,1,617,PINDOBA,AL,2707008,2731,19702.67,36.6166,0.162075,2026,7,f,674.19
MINAS GERAIS,PEDRA DO ANTA,1,2040,PEDRA DO ANTA,MG,3148806,3311,19697.37,30.2024,0.049020,2026,7,f,1138.31
PARA,ITUPIRANGA,18,22120,ITUPIRANGA,PA,1503705,49754,19692.73,36.1780,0.081374,2026,7,f,636.27
PIAUI,REGENERACAO,8,6186,REGENERACAO,PI,2208809,17133,19682.83,46.6935,0.129324,2026,7,f,691.08
MINAS GERAIS,IBIAI,0,2556,IBIAI,MG,3129608,6286,19682.47,0.0000,0.000000,2026,7,f,774.15
BAHIA,NOVA IBIA,1,1385,NOVA IBIA,BA,2922755,6501,19672.05,15.3822,0.072202,2026,7,f,776.20
MINAS GERAIS,AGUAS FORMOSAS,4,7946,AGUAS FORMOSAS,MG,3100906,18448,19667.50,21.6826,0.050340,2026,7,f,991.23
PARANA,GUARAQUECABA,0,1221,GUARAQUECABA,PR,4109500,7430,19660.97,0.0000,0.000000,2026,7,f,974.13
ACRE,RODRIGUES ALVES,2,2887,RODRIGUES ALVES,AC,1200427,14938,19657.58,13.3887,0.069276,2026,7,f,633.26
PARAIBA,PILOES,2,2243,PILOES,PB,2511608,6815,19647.25,29.3470,0.089166,2026,7,f,631.44
PERNAMBUCO,BONITO,17,12124,BONITO,PE,2602308,37474,19645.38,45.3648,0.140218,2026,7,f,709.58
ESPIRITO SANTO,MANTENOPOLIS,27,10100,MANTENOPOLIS,ES,3203304,12770,19640.02,211.4330,0.267327,2026,7,f,1099.96
MINAS GERAIS,PIRANGUCU,1,3023,PIRANGUCU,MG,3150901,6041,19634.99,16.5536,0.033080,2026,7,f,1241.17
MINAS GERAIS,NOVA MODICA,0,1099,NOVA MODICA,MG,3144904,3663,19633.09,0.0000,0.000000,2026,7,f,1067.60
MINAS GERAIS,SAO GONCALO DO RIO PRETO,1,1621,SAO GONCALO DO RIO PRETO,MG,3125507,3032,19631.27,32.9815,0.061690,2026,7,f,1029.69
MINAS GERAIS,ITAOBIM,4,8832,ITAOBIM,MG,3133303,19151,19630.93,20.8866,0.045290,2026,7,f,1044.53
SERGIPE,PIRAMBU,2,2467,PIRAMBU,SE,2805307,7913,19630.48,25.2749,0.081070,2026,7,f,750.38
SAO PAULO,INDIANA,5,3730,INDIANA,SP,3520608,5090,19623.97,98.2318,0.134048,2026,7,f,1627.06
PERNAMBUCO,TIMBAUBA,46,30415,TIMBAUBA,PE,2615300,46147,19616.98,99.6815,0.151241,2026,7,f,824.27
SERGIPE,GARARU,3,3099,GARARU,SE,2802403,11096,19607.61,27.0368,0.096805,2026,7,f,700.41
GOIAS,ARAGARCAS,30,18617,ARAGARCAS,GO,5201702,18390,19607.01,163.1321,0.161143,2026,7,f,1333.37
MINAS GERAIS,ARACITABA,0,718,ARACITABA,MG,3103306,2049,19602.73,0.0000,0.000000,2026,7,f,1076.41
SAO PAULO,CUNHA,21,17021,CUNHA,SP,3513603,22110,19581.23,94.9796,0.123377,2026,7,f,1243.82
SERGIPE,AREIA BRANCA,7,6768,AREIA BRANCA,SE,2800506,18081,19569.38,38.7147,0.103428,2026,7,f,794.41
PIAUI,SAO RAIMUNDO NONATO,20,26368,SAO RAIMUNDO NONATO,PI,2210607,38934,19566.06,51.3690,0.075850,2026,7,f,1068.24
MINAS GERAIS,CAIANA,1,2670,CAIANA,MG,3110103,5304,19563.35,18.8537,0.037453,2026,7,f,932.52
TOCANTINS,PONTE ALTA DO BOM JESUS,0,1314,PONTE ALTA DO BOM JESUS,TO,1717800,4220,19550.47,0.0000,0.000000,2026,7,f,817.92
MATO GROSSO DO SUL,LADARIO,18,10740,LADARIO,MS,5005202,21522,19546.74,83.6353,0.167598,2026,7,f,1172.23
PIAUI,SAO JOAO DO PIAUI,12,9364,SAO JOAO DO PIAUI,PI,2210003,21421,19535.92,56.0198,0.128150,2026,7,f,938.51
RIO GRANDE DO NORTE,PUREZA,1,2620,PUREZA,RN,2410405,9362,19535.25,10.6815,0.038168,2026,7,f,619.44
CEARA,SENADOR POMPEU,10,11379,SENADOR POMPEU,CE,2312700,24266,19529.38,41.2099,0.087881,2026,7,f,781.30
SERGIPE,CAMPO DO BRITO,11,11127,CAMPO DO BRITO,SE,2801009,18149,19526.48,60.6094,0.098859,2026,7,f,921.66
BAHIA,LENCOIS,4,3720,LENCOIS,BA,2919306,10774,19525.71,37.1264,0.107527,2026,7,f,1042.72
MINAS GERAIS,TOMBOS,8,5228,TOMBOS,MG,3169208,8609,19520.50,92.9260,0.153022,2026,7,f,1491.51
SERGIPE,INDIAROBA,2,4108,INDIAROBA,SE,2802809,16549,19511.03,12.0853,0.048685,2026,7,f,611.83
MINAS GERAIS,BRAZOPOLIS,8,9174,BRAZOPOLIS,MG,3108909,14246,19509.06,56.1561,0.087203,2026,7,f,1252.06
PARA,BELTERRA,3,4589,BELTERRA,PA,1501451,18099,19495.22,16.5755,0.065374,2026,7,f,741.15
MINAS GERAIS,LARANJAL,5,3999,LARANJAL,MG,3138005,5963,19486.00,83.8504,0.125031,2026,7,f,1210.39
BAHIA,ITABERABA,57,34917,ITABERABA,BA,2914703,65073,19473.31,87.5939,0.163244,2026,7,f,1013.18
SAO PAULO,JULIO MESQUITA,0,2235,JULIO MESQUITA,SP,3525805,4254,19473.20,0.0000,0.000000,2026,7,f,1240.61
RIO DE JANEIRO,JAPERI,71,26016,JAPERI,RJ,3302270,96289,19470.53,73.7364,0.272909,2026,7,f,786.34
SERGIPE,MALHADOR,5,5038,MALHADOR,SE,2803906,11533,19463.02,43.3539,0.099246,2026,7,f,779.87
ESPIRITO SANTO,AGUA DOCE DO NORTE,8,8522,AGUA DOCE DO NORTE,ES,3200169,12042,19457.48,66.4341,0.093875,2026,7,f,965.09
PARA,MOJUI DOS CAMPOS,5,4388,MOJUI DOS CAMPOS,PA,1504752,23501,19456.66,21.2757,0.113947,2026,7,f,705.92
CEARA,ITAPIPOCA,59,53968,ITAPIPOCA,CE,2306405,131123,19450.22,44.9959,0.109324,2026,7,f,720.40
PIAUI,CURRAL NOVO DO PIAUI,0,1145,CURRAL NOVO DO PIAUI,PI,2203271,5073,19440.17,0.0000,0.000000,2026,7,f,567.11
MINAS GERAIS,SALTO DA DIVISA,0,845,SALTO DA DIVISA,MG,3157104,6110,19428.81,0.0000,0.000000,2026,7,f,810.38
MARANHAO,TRIZIDELA DO VALE,5,11842,TRIZIDELA DO VALE,MA,2112233,22484,19415.10,22.2380,0.042223,2026,7,f,801.90
TOCANTINS,SANTA TEREZINHA DO TOCANTINS,0,896,SANTA TEREZINHA DO TOCANTINS,TO,1720002,2406,19403.99,0.0000,0.000000,2026,7,f,793.10
BAHIA,ADUSTINA,2,3075,ADUSTINA,BA,2900355,14201,19399.62,14.0835,0.065041,2026,7,f,739.27
PIAUI,OEIRAS,36,21974,OEIRAS,PI,2207009,38161,19394.04,94.3372,0.163830,2026,7,f,986.29
BAHIA,VEREDA,1,1778,VEREDA,BA,2933257,6003,19379.31,16.6583,0.056243,2026,7,f,798.60
TOCANTINS,ITAGUATINS,1,1249,ITAGUATINS,TO,1710706,5172,19377.42,19.3349,0.080064,2026,7,f,850.59
PARA,CONCORDIA DO PARA,12,9426,CONCORDIA DO PARA,PA,1502756,26881,19375.47,44.6412,0.127307,2026,7,f,699.98
MINAS GERAIS,SILVEIRANIA,1,1298,SILVEIRANIA,MG,3167301,2323,19374.52,43.0478,0.077042,2026,7,f,1213.40
MINAS GERAIS,MATERLANDIA,0,2063,MATERLANDIA,MG,3140605,3963,19364.12,0.0000,0.000000,2026,7,f,949.39
BAHIA,PINDAI,3,4453,PINDAI,BA,2924504,14731,19361.41,20.3652,0.067370,2026,7,f,780.64
PERNAMBUCO,FLORESTA,6,12765,FLORESTA,PE,2605707,30137,19353.59,19.9091,0.047004,2026,7,f,843.67
BAHIA,BARRO PRETO,1,984,BARRO PRETO,BA,2903300,5833,19350.08,17.1438,0.101626,2026,7,f,860.67
CEARA,ALTO SANTO,7,5634,ALTO SANTO,CE,2300705,14155,19347.44,49.4525,0.124246,2026,7,f,803.58
MATO GROSSO,SAO PEDRO DA CIPA,4,2328,SAO PEDRO DA CIPA,MT,5107404,4191,19347.41,95.4426,0.171821,2026,7,f,1339.52
AMAZONAS,ITAPIRANGA,5,1834,ITAPIRANGA,AM,1302009,10162,19342.35,49.2029,0.272628,2026,7,f,687.95
PERNAMBUCO,ARCOVERDE,146,38271,ARCOVERDE,PE,2601201,77742,19341.17,187.8007,0.381490,2026,7,f,1070.66
RIO GRANDE DO NORTE,CRUZETA,6,3657,CRUZETA,RN,2403004,8005,19330.67,74.9532,0.164069,2026,7,f,984.82
MINAS GERAIS,SANTA CRUZ DO ESCALVADO,1,2735,SANTA CRUZ DO ESCALVADO,MG,3157401,4673,19330.41,21.3995,0.036563,2026,7,f,912.04
TOCANTINS,ANANAS,8,4347,ANANAS,TO,1701002,10325,19324.55,77.4818,0.184035,2026,7,f,905.85
PIAUI,BETANIA DO PIAUI,0,2904,BETANIA DO PIAUI,PI,2201739,6220,19313.02,0.0000,0.000000,2026,7,f,574.10
MINAS GERAIS,MARMELOPOLIS,1,1722,MARMELOPOLIS,MG,3140407,3200,19290.63,31.2500,0.058072,2026,7,f,1119.38
BAHIA,CATU,128,21740,CATU,BA,2907509,48148,19287.22,265.8470,0.588776,2026,7,f,952.59
MINAS GERAIS,SANTANA DE PIRAPAMA,0,3062,SANTANA DE PIRAPAMA,MG,3158508,7030,19279.23,0.0000,0.000000,2026,7,f,910.44
MINAS GERAIS,MONJOLOS,0,303,MONJOLOS,MG,3142502,2169,19278.47,0.0000,0.000000,2026,7,f,1008.05
PERNAMBUCO,SANTA MARIA DA BOA VISTA,13,13465,SANTA MARIA DA BOA VISTA,PE,2612604,40578,19268.89,32.0371,0.096547,2026,7,f,698.96
MINAS GERAIS,ACUCENA,2,4632,ACUCENA,MG,3100500,8943,19243.43,22.3639,0.043178,2026,7,f,890.65
PERNAMBUCO,ITACURUBA,1,1048,ITACURUBA,PE,2607406,4284,19241.36,23.3427,0.095420,2026,7,f,662.99
MINAS GERAIS,BONFIM,3,5274,BONFIM,MG,3108107,7434,19218.19,40.3551,0.056883,2026,7,f,1304.77
BAHIA,ITUBERA,17,8145,ITUBERA,BA,2917300,21902,19216.19,77.6185,0.208717,2026,7,f,826.22
MINAS GERAIS,RIBEIRAO DAS NEVES,129,145239,RIBEIRAO DAS NEVES,MG,3154606,329794,19214.10,39.1153,0.088819,2026,7,f,1126.97
RIO GRANDE DO NORTE,SANTA CRUZ,63,24788,SANTA CRUZ,RN,2411205,37313,19197.30,168.8420,0.254155,2026,7,f,962.17
MINAS GERAIS,MARIA DA FE,5,7151,MARIA DA FE,MG,3139904,14247,19192.11,35.0951,0.069920,2026,7,f,1275.10
MINAS GERAIS,ROSARIO DA LIMEIRA,3,3084,ROSARIO DA LIMEIRA,MG,3156452,4734,19179.97,63.3714,0.097276,2026,7,f,1075.93
SAO PAULO,PACAEMBU,8,8301,PACAEMBU,SP,3534906,14877,19173.49,53.7743,0.096374,2026,7,f,1561.57
BAHIA,GLORIA,2,4998,GLORIA,BA,2911402,15524,19171.28,12.8833,0.040016,2026,7,f,722.37
CEARA,AMONTADA,9,12683,AMONTADA,CE,2300754,42156,19169.89,21.3493,0.070961,2026,7,f,582.24
MINAS GERAIS,PIEDADE DE PONTE NOVA,4,1943,PIEDADE DE PONTE NOVA,MG,3150208,3976,19166.75,100.6036,0.205867,2026,7,f,1126.56
PIAUI,CAJUEIRO DA PRAIA,7,2625,CAJUEIRO DA PRAIA,PI,2202083,7957,19161.87,87.9729,0.266667,2026,7,f,833.97
MARANHAO,GRAJAU,28,30899,GRAJAU,MA,2104800,73872,19161.36,37.9034,0.090618,2026,7,f,821.45
MINAS GERAIS,BANDEIRA DO SUL,4,4088,BANDEIRA DO SUL,MG,3105301,5943,19159.01,67.3061,0.097847,2026,7,f,1440.33
CEARA,ACARAU,37,23588,ACARAU,CE,2300200,65264,19156.82,56.6928,0.156859,2026,7,f,694.70
BAHIA,ITANHEM,7,6738,ITANHEM,BA,2916005,17813,19148.71,39.2971,0.103888,2026,7,f,951.09
PARAIBA,BORBOREMA,1,1420,BORBOREMA,PB,2502706,4214,19143.57,23.7304,0.070423,2026,7,f,691.08
BAHIA,CACULE,18,10451,CACULE,BA,2905008,22462,19143.13,80.1353,0.172232,2026,7,f,1019.26
BAHIA,SAPEACU,13,7215,SAPEACU,BA,2929602,17963,19139.62,72.3710,0.180180,2026,7,f,796.57
CEARA,REDENCAO,5,10293,REDENCAO,CE,2311603,27214,19137.43,18.3729,0.048577,2026,7,f,670.02
CEARA,MARANGUAPE,71,37864,MARANGUAPE,CE,2307700,105093,19137.28,67.5592,0.187513,2026,7,f,833.02
MINAS GERAIS,ALTO JEQUITIBA,5,6668,ALTO JEQUITIBA,MG,3153509,8397,19132.19,59.5451,0.074985,2026,7,f,1163.60
PARAIBA,POCINHOS,6,4996,POCINHOS,PB,2512002,17469,19125.99,34.3466,0.120096,2026,7,f,675.29
MINAS GERAIS,SAO JOAO EVANGELISTA,9,9662,SAO JOAO EVANGELISTA,MG,3162807,15315,19114.33,58.7659,0.093148,2026,7,f,1109.19
MINAS GERAIS,SANTA CRUZ DE MINAS,4,5198,SANTA CRUZ DE MINAS,MG,3157336,8109,19113.95,49.3279,0.076953,2026,7,f,1112.25
MINAS GERAIS,ARGIRITA,3,1098,ARGIRITA,MG,3104403,2688,19111.61,111.6071,0.273224,2026,7,f,1184.26
MINAS GERAIS,SAO JOSE DO ALEGRE,2,2219,SAO JOSE DO ALEGRE,MG,3163201,4133,19109.85,48.3910,0.090131,2026,7,f,910.86
ALAGOAS,PALMEIRA DOS INDIOS,114,34884,PALMEIRA DOS INDIOS,AL,2706307,71574,19102.64,159.2757,0.326797,2026,7,f,878.62
SANTA CATARINA,BALNEARIO ARROIO DO SILVA,53,11196,BALNEARIO ARROIO DO SILVA,SC,4201950,15820,19096.14,335.0190,0.473383,2026,7,f,1530.60
MINAS GERAIS,MATHIAS LOBATO,1,1155,MATHIAS LOBATO,MG,3171501,3038,19092.17,32.9164,0.086580,2026,7,f,907.26
BAHIA,VARZEA DO POCO,8,3220,VARZEA DO POCO,BA,2933109,8101,19091.59,98.7532,0.248447,2026,7,f,759.52
BAHIA,ITUACU,4,6820,ITUACU,BA,2917201,17914,19090.71,22.3289,0.058651,2026,7,f,774.57
RIO GRANDE DO NORTE,SANTANA DO SERIDO,2,1107,SANTANA DO SERIDO,RN,2411429,2696,19083.46,74.1840,0.180668,2026,7,f,1041.01
CEARA,TABULEIRO DO NORTE,14,24656,TABULEIRO DO NORTE,CE,2313104,30652,19072.62,45.6740,0.056781,2026,7,f,895.75
RIO GRANDE DO NORTE,LAGOA DE VELHOS,1,959,LAGOA DE VELHOS,RN,2406403,2567,19066.61,38.9560,0.104275,2026,7,f,815.39
MARANHAO,NOVA COLINAS,1,1510,NOVA COLINAS,MA,2107258,5021,19063.53,19.9164,0.066225,2026,7,f,765.00
CEARA,PARAIPABA,22,12706,PARAIPABA,CE,2310258,32216,19061.65,68.2890,0.173147,2026,7,f,813.25
BAHIA,BARROCAS,6,6556,BARROCAS,BA,2903276,15203,19053.34,39.4659,0.091519,2026,7,f,762.90
MINAS GERAIS,MATO VERDE,4,10764,MATO VERDE,MG,3141009,12038,19030.49,33.2281,0.037161,2026,7,f,970.08
BAHIA,RUY BARBOSA,9,9611,RUY BARBOSA,BA,2927200,28282,19020.79,31.8224,0.093643,2026,7,f,819.06
TOCANTINS,RIACHINHO,0,1548,RIACHINHO,TO,1718550,3960,19013.89,0.0000,0.000000,2026,7,f,708.06
PIAUI,TANQUE DO PIAUI,0,752,TANQUE DO PIAUI,PI,2210979,2316,19013.39,0.0000,0.000000,2026,7,f,955.24
RIO GRANDE DO NORTE,CAICARA DO NORTE,2,1315,CAICARA DO NORTE,RN,2401859,6293,19006.99,31.7813,0.152091,2026,7,f,765.49
CEARA,CRUZ,26,14996,CRUZ,CE,2304251,29761,19006.85,87.3627,0.173380,2026,7,f,834.25
CEARA,JAGUARIBARA,4,5713,JAGUARIBARA,CE,2306801,10356,18977.69,38.6250,0.070016,2026,7,f,892.83
MINAS GERAIS,IBIRITE,149,87454,IBIRITE,MG,3129806,170537,18973.20,87.3711,0.170375,2026,7,f,1185.48
MARANHAO,CAPINZAL DO NORTE,3,3527,CAPINZAL DO NORTE,MA,2102754,11374,18969.05,26.3759,0.085058,2026,7,f,780.81
SERGIPE,SAO FRANCISCO,2,1134,SAO FRANCISCO,SE,2806909,3243,18967.31,61.6713,0.176367,2026,7,f,776.93
PIAUI,PIRIPIRI,46,41186,PIRIPIRI,PI,2208403,65538,18956.35,70.1883,0.111688,2026,7,f,943.13
MARANHAO,SUCUPIRA DO NORTE,4,2082,SUCUPIRA DO NORTE,MA,2111904,10238,18940.13,39.0701,0.192123,2026,7,f,694.83
PERNAMBUCO,GRAVATA,163,47611,GRAVATA,PE,2606408,86516,18929.94,188.4045,0.342358,2026,7,f,1029.73
TOCANTINS,ANGICO,2,960,ANGICO,TO,1701051,2876,18926.63,69.5410,0.208333,2026,7,f,864.48
MINAS GERAIS,GLAUCILANDIA,0,1236,GLAUCILANDIA,MG,3127354,2928,18917.35,0.0000,0.000000,2026,7,f,894.79
ESPIRITO SANTO,JERONIMO MONTEIRO,16,7670,JERONIMO MONTEIRO,ES,3203106,11575,18911.79,138.2289,0.208605,2026,7,f,1357.18
ALAGOAS,SAO BRAS,5,843,SAO BRAS,AL,2708204,6555,18906.79,76.2777,0.593120,2026,7,f,557.56
MINAS GERAIS,ATALEIA,2,4084,ATALEIA,MG,3104700,13736,18906.23,14.5603,0.048972,2026,7,f,850.69
MINAS GERAIS,FRANCISCOPOLIS,1,1566,FRANCISCOPOLIS,MG,3126752,5034,18891.14,19.8649,0.063857,2026,7,f,746.03
RIO GRANDE DO NORTE,CARNAUBA DOS DANTAS,8,4249,CARNAUBA DOS DANTAS,RN,2402402,7992,18881.63,100.1001,0.188280,2026,7,f,1016.38
PARAIBA,JUNCO DO SERIDO,4,1748,JUNCO DO SERIDO,PB,2507804,6793,18871.19,58.8841,0.228833,2026,7,f,836.75
BAHIA,IGRAPIUNA,1,2417,IGRAPIUNA,BA,2913457,13151,18859.02,7.6040,0.041374,2026,7,f,726.44
MINAS GERAIS,GUIDOVAL,2,4763,GUIDOVAL,MG,3128808,7131,18839.29,28.0466,0.041990,2026,7,f,1330.90
AMAZONAS,MANACAPURU,44,27570,MANACAPURU,AM,1302504,101883,18819.75,43.1868,0.159594,2026,7,f,680.39
MARANHAO,CIDELANDIA,7,4685,CIDELANDIA,MA,2103257,12878,18817.36,54.3563,0.149413,2026,7,f,831.99
MINAS GERAIS,PIRANGUINHO,6,5484,PIRANGUINHO,MG,3151008,9120,18812.83,65.7895,0.109409,2026,7,f,1409.41
SERGIPE,CAPELA,13,10888,CAPELA,SE,2801306,31645,18804.27,41.0807,0.119398,2026,7,f,698.56
MINAS GERAIS,SIMONESIA,17,15610,SIMONESIA,MG,3167608,19750,18796.46,86.0759,0.108905,2026,7,f,1037.28
SAO PAULO,SILVEIRAS,1,3977,SILVEIRAS,SP,3552007,6186,18795.02,16.1655,0.025145,2026,7,f,1153.40
BAHIA,LAJEDINHO,0,729,LAJEDINHO,BA,2919009,3527,18792.17,0.0000,0.000000,2026,7,f,672.38
SERGIPE,MALHADA DOS BOIS,3,1304,MALHADA DOS BOIS,SE,2803807,3579,18788.49,83.8223,0.230061,2026,7,f,747.74
ALAGOAS,BATALHA,12,5862,BATALHA,AL,2700706,16448,18770.25,72.9572,0.204708,2026,7,f,781.96
PERNAMBUCO,SAIRE,24,3645,SAIRE,PE,2612000,10887,18756.22,220.4464,0.658436,2026,7,f,838.63
MINAS GERAIS,VIEIRAS,2,2580,VIEIRAS,MG,3171402,3700,18752.70,54.0541,0.077519,2026,7,f,1216.73
MINAS GERAIS,PASSABEM,1,654,PASSABEM,MG,3147501,1600,18751.25,62.5000,0.152905,2026,7,f,1171.67
RIO GRANDE DO NORTE,GROSSOS,3,3799,GROSSOS,RN,2404408,9924,18734.48,30.2297,0.078968,2026,7,f,875.50
PERNAMBUCO,RIO FORMOSO,12,6405,RIO FORMOSO,PE,2611903,20009,18718.83,59.9730,0.187354,2026,7,f,729.18
MINAS GERAIS,SAO FRANCISCO DO GLORIA,3,2372,SAO FRANCISCO DO GLORIA,MG,3161403,4800,18717.29,62.5000,0.126476,2026,7,f,1258.54
PARANA,ALMIRANTE TAMANDARE,357,77947,ALMIRANTE TAMANDARE,PR,4100400,119825,18715.79,297.9345,0.458004,2026,7,f,1352.58
PARA,BOM JESUS DO TOCANTINS,6,4338,BOM JESUS DO TOCANTINS,PA,1501576,18005,18715.58,33.3241,0.138313,2026,7,f,947.99
AMAZONAS,APUI,0,6632,APUI,AM,1300144,20647,18701.65,0.0000,0.000000,2026,7,f,1009.03
MINAS GERAIS,AGUA BOA,1,5826,AGUA BOA,MG,3100609,12589,18700.61,7.9434,0.017164,2026,7,f,872.39
BAHIA,ITANAGRA,0,997,ITANAGRA,BA,2915908,5914,18697.50,0.0000,0.000000,2026,7,f,658.79
PERNAMBUCO,PEDRA,8,5571,PEDRA,PE,2610806,22795,18689.89,35.0954,0.143601,2026,7,f,566.96
BAHIA,BARRA DO ROCHA,1,1123,BARRA DO ROCHA,BA,2903102,5775,18688.66,17.3160,0.089047,2026,7,f,810.44
ACRE,PORTO WALTER,0,678,PORTO WALTER,AC,1200393,10735,18678.34,0.0000,0.000000,2026,7,f,603.27
ALAGOAS,SANTANA DO IPANEMA,82,29540,SANTANA DO IPANEMA,AL,2708006,46220,18677.35,177.4124,0.277590,2026,7,f,721.11
BAHIA,SEABRA,28,29354,SEABRA,BA,2929909,46160,18670.39,60.6586,0.095387,2026,7,f,892.99
RIO GRANDE DO NORTE,IPANGUACU,7,5367,IPANGUACU,RN,2404705,14131,18669.95,49.5365,0.130427,2026,7,f,767.65
AMAZONAS,BOCA DO ACRE,1,5603,BOCA DO ACRE,AM,1300706,35447,18668.29,2.8211,0.017848,2026,7,f,669.72
CEARA,CRATO,232,69879,CRATO,CE,2304202,131050,18661.33,177.0317,0.332002,2026,7,f,1060.11
TOCANTINS,PONTE ALTA DO TOCANTINS,1,2565,PONTE ALTA DO TOCANTINS,TO,1717909,7586,18656.87,13.1822,0.038986,2026,7,f,906.89
MINAS GERAIS,SENADOR AMARAL,4,5387,SENADOR AMARAL,MG,3165578,6206,18648.08,64.4538,0.074253,2026,7,f,1195.38
PARAIBA,CAJAZEIRINHAS,1,952,CAJAZEIRINHAS,PB,2503753,2740,18640.51,36.4964,0.105042,2026,7,f,624.16
RIO GRANDE DO NORTE,TABOLEIRO GRANDE,0,961,TABOLEIRO GRANDE,RN,2413805,2338,18629.60,0.0000,0.000000,2026,7,f,845.26
PARAIBA,ITAPORANGA,15,11774,ITAPORANGA,PB,2507002,23940,18624.35,62.6566,0.127399,2026,7,f,875.23
ALAGOAS,CACIMBINHAS,0,3266,CACIMBINHAS,AL,2701209,10482,18611.24,0.0000,0.000000,2026,7,f,674.58
BAHIA,GANDU,35,14861,GANDU,BA,2911204,32178,18604.11,108.7700,0.235516,2026,7,f,910.60
MINAS GERAIS,SANTANA DOS MONTES,0,1682,SANTANA DOS MONTES,MG,3159100,3469,18603.92,0.0000,0.000000,2026,7,f,938.09
ALAGOAS,MINADOR DO NEGRAO,1,2022,MINADOR DO NEGRAO,AL,2705309,4845,18601.65,20.6398,0.049456,2026,7,f,646.55
MINAS GERAIS,IMBE DE MINAS,4,4126,IMBE DE MINAS,MG,3130556,6986,18600.77,57.2574,0.096946,2026,7,f,854.21
MINAS GERAIS,WENCESLAU BRAZ,0,1161,WENCESLAU BRAZ,MG,3172202,2356,18576.83,0.0000,0.000000,2026,7,f,1240.48
MINAS GERAIS,SOLEDADE DE MINAS,4,2898,SOLEDADE DE MINAS,MG,3167806,5613,18554.61,71.2631,0.138026,2026,7,f,1255.32
PARAIBA,APARECIDA,7,2999,APARECIDA,PB,2500775,7960,18547.36,87.9397,0.233411,2026,7,f,735.42
CEARA,GUARAMIRANGA,9,2556,GUARAMIRANGA,CE,2305100,5654,18538.38,159.1793,0.352113,2026,7,f,748.44
MARANHAO,MIRADOR,3,3424,MIRADOR,MA,2106706,21030,18538.14,14.2653,0.087617,2026,7,f,584.89
MINAS GERAIS,SANTA BARBARA DO TUGURIO,1,2450,SANTA BARBARA DO TUGURIO,MG,3157302,4208,18537.79,23.7643,0.040816,2026,7,f,1035.66
RIO GRANDE DO NORTE,SAO TOME,3,2755,SAO TOME,RN,2412906,9972,18537.51,30.0842,0.108893,2026,7,f,779.34
CEARA,SAO BENEDITO,30,25056,SAO BENEDITO,CE,2312304,47640,18535.35,62.9723,0.119732,2026,7,f,718.45
PARA,PALESTINA DO PARA,0,1244,PALESTINA DO PARA,PA,1505494,6885,18531.88,0.0000,0.000000,2026,7,f,856.12
MINAS GERAIS,CRUCILANDIA,1,4118,CRUCILANDIA,MG,3120607,5434,18530.00,18.4026,0.024284,2026,7,f,1229.03
CEARA,BANABUIU,6,5846,BANABUIU,CE,2301851,17195,18527.42,34.8939,0.102634,2026,7,f,740.46
MINAS GERAIS,SENADOR FIRMINO,9,8160,SENADOR FIRMINO,MG,3165701,7716,18527.22,116.6407,0.110294,2026,7,f,1233.96
CEARA,URUOCA,1,4596,URUOCA,CE,2313906,13746,18516.95,7.2748,0.021758,2026,7,f,611.47
RIO GRANDE DO NORTE,SANTA MARIA,2,1887,SANTA MARIA,RN,2409332,4847,18512.28,41.2626,0.105988,2026,7,f,756.95
RORAIMA,UIRAMUTA,0,154,UIRAMUTA,RR,1400704,13751,18504.33,0.0000,0.000000,2026,7,f,288.65
SERGIPE,NOSSA SENHORA DE LOURDES,2,2345,NOSSA SENHORA DE LOURDES,SE,2804706,6268,18492.34,31.9081,0.085288,2026,7,f,814.61
MARANHAO,VILA NOVA DOS MARTIRIOS,2,2904,VILA NOVA DOS MARTIRIOS,MA,2112852,10362,18480.51,19.3013,0.068871,2026,7,f,727.65
RIO GRANDE DO NORTE,ACARI,8,5059,ACARI,RN,2400109,10597,18479.57,75.4931,0.158134,2026,7,f,1023.87
SAO PAULO,PEDRO DE TOLEDO,6,5073,PEDRO DE TOLEDO,SP,3537206,11281,18473.45,53.1868,0.118273,2026,7,f,1125.29
MINAS GERAIS,RIO PIRACICABA,12,7321,RIO PIRACICABA,MG,3155702,14631,18471.81,82.0176,0.163912,2026,7,f,1311.82
MINAS GERAIS,SAO FELIX DE MINAS,2,1561,SAO FELIX DE MINAS,MG,3161056,3200,18471.25,62.5000,0.128123,2026,7,f,1061.23
MINAS GERAIS,EWBANK DA CAMARA,2,1279,EWBANK DA CAMARA,MG,3125002,3875,18471.23,51.6129,0.156372,2026,7,f,991.70
GOIAS,PLANALTINA,6,29835,PLANALTINA,GO,5217609,105031,18469.82,5.7126,0.020111,2026,7,f,996.10
PARA,PORTEL,14,4586,PORTEL,PA,1505809,62503,18455.75,22.3989,0.305277,2026,7,f,508.31
ACRE,SANTA ROSA DO PURUS,0,340,SANTA ROSA DO PURUS,AC,1200435,6723,18454.56,0.0000,0.000000,2026,7,f,449.80
MARANHAO,BACABAL,112,52858,BACABAL,MA,2101202,103711,18444.22,107.9924,0.211888,2026,7,f,894.93
MINAS GERAIS,CACHOEIRA DA PRATA,2,1923,CACHOEIRA DA PRATA,MG,3109600,3693,18441.65,54.1565,0.104004,2026,7,f,1394.94
CEARA,JAGUARETAMA,2,7396,JAGUARETAMA,CE,2306702,17232,18394.09,11.6063,0.027042,2026,7,f,744.65
AMAZONAS,UARINI,1,974,UARINI,AM,1304260,14431,18380.29,6.9295,0.102669,2026,7,f,516.14
MINAS GERAIS,SAO JOAO DO ORIENTE,1,4102,SAO JOAO DO ORIENTE,MG,3162609,7070,18370.72,14.1443,0.024378,2026,7,f,1045.13
RIO GRANDE DO NORTE,NOVA CRUZ,60,19119,NOVA CRUZ,RN,2408300,34269,18361.23,175.0854,0.313824,2026,7,f,796.06
ALAGOAS,MATA GRANDE,4,6366,MATA GRANDE,AL,2705002,21844,18356.25,18.3117,0.062834,2026,7,f,528.90
CEARA,CASCAVEL,41,30169,CASCAVEL,CE,2303501,72720,18349.34,56.3806,0.135901,2026,7,f,873.81
PERNAMBUCO,TAMANDARE,55,8239,TAMANDARE,PE,2614857,23561,18347.99,233.4366,0.667557,2026,7,f,807.27
MINAS GERAIS,SANTA RITA DE JACUTINGA,1,2961,SANTA RITA DE JACUTINGA,MG,3159308,4755,18347.42,21.0305,0.033772,2026,7,f,1178.73
MINAS GERAIS,PAULISTAS,2,2193,PAULISTAS,MG,3148400,4389,18336.98,45.5685,0.091199,2026,7,f,1000.87
MINAS GERAIS,ENGENHEIRO NAVARRO,0,2645,ENGENHEIRO NAVARRO,MG,3123809,6354,18328.45,0.0000,0.000000,2026,7,f,907.19
MINAS GERAIS,JABOTICATUBAS,8,10850,JABOTICATUBAS,MG,3134608,20406,18317.60,39.2042,0.073733,2026,7,f,1322.35
MINAS GERAIS,ARICANDUVA,1,2247,ARICANDUVA,MG,3104452,4719,18311.08,21.1909,0.044504,2026,7,f,936.92
MINAS GERAIS,PERIQUITO,3,2301,PERIQUITO,MG,3149952,6553,18310.39,45.7806,0.130378,2026,7,f,873.94
BAHIA,UTINGA,3,4149,UTINGA,BA,2932804,16277,18303.07,18.4309,0.072307,2026,7,f,743.48
BAHIA,CAMAMU,14,9080,CAMAMU,BA,2905800,30469,18302.60,45.9483,0.154185,2026,7,f,760.25
PARAIBA,POMBAL,18,18374,POMBAL,PB,2512101,32473,18301.05,55.4307,0.097965,2026,7,f,933.34
MINAS GERAIS,SENHORA DO PORTO,0,1481,SENHORA DO PORTO,MG,3166105,3067,18281.71,0.0000,0.000000,2026,7,f,961.01
MINAS GERAIS,MERCES,11,7925,MERCES,MG,3141603,10373,18257.78,106.0445,0.138801,2026,7,f,1172.23
BAHIA,ITAJU DO COLONIA,0,1139,ITAJU DO COLONIA,BA,2915403,6037,18253.60,0.0000,0.000000,2026,7,f,793.34
PERNAMBUCO,ANGELIM,5,3044,ANGELIM,PE,2601003,10241,18252.81,48.8234,0.164258,2026,7,f,715.39
BAHIA,TEOLANDIA,3,4407,TEOLANDIA,BA,2931608,15332,18237.15,19.5669,0.068074,2026,7,f,818.79
PERNAMBUCO,LAGOA DO CARRO,16,5391,LAGOA DO CARRO,PE,2608453,17981,18237.08,88.9828,0.296791,2026,7,f,736.67
GOIAS,VALPARAISO DE GOIAS,42,45111,VALPARAISO DE GOIAS,GO,5221858,198861,18212.92,21.1203,0.093104,2026,7,f,1444.85
SAO PAULO,PIQUETE,6,7482,PIQUETE,SP,3538501,12490,18203.44,48.0384,0.080192,2026,7,f,1321.99
PERNAMBUCO,SALOA,3,4448,SALOA,PE,2612307,13836,18202.80,21.6826,0.067446,2026,7,f,658.78
MINAS GERAIS,POCRANE,2,4699,POCRANE,MG,3151909,8350,18200.48,23.9521,0.042562,2026,7,f,1000.98
BAHIA,SAO FELIX DO CORIBE,8,8007,SAO FELIX DO CORIBE,BA,2929057,15194,18196.92,52.6524,0.099913,2026,7,f,965.83
BAHIA,FIRMINO ALVES,0,1062,FIRMINO ALVES,BA,2910909,4873,18180.18,0.0000,0.000000,2026,7,f,829.88
MINAS GERAIS,GOUVEIA,4,6637,GOUVEIA,MG,3127602,11331,18176.42,35.3014,0.060268,2026,7,f,1051.14
MARANHAO,BURITICUPU,20,25544,BURITICUPU,MA,2102325,55499,18169.30,36.0367,0.078296,2026,7,f,667.09
PERNAMBUCO,DORMENTES,5,6758,DORMENTES,PE,2605152,17188,18143.70,29.0901,0.073986,2026,7,f,775.81
RIO DE JANEIRO,MESQUITA,302,62855,MESQUITA,RJ,3302858,167127,18123.98,180.7009,0.480471,2026,7,f,1115.94
MINAS GERAIS,SANTA BARBARA DO LESTE,7,6375,SANTA BARBARA DO LESTE,MG,3157252,8458,18115.63,82.7619,0.109804,2026,7,f,1083.66
MARANHAO,COLINAS,8,13366,COLINAS,MA,2103505,40316,18102.24,19.8432,0.059853,2026,7,f,711.68
MINAS GERAIS,CANA VERDE,0,3624,CANA VERDE,MG,3111903,5272,18099.96,0.0000,0.000000,2026,7,f,1162.96
PERNAMBUCO,BOM CONSELHO,15,17236,BOM CONSELHO,PE,2602100,44294,18098.86,33.8646,0.087027,2026,7,f,770.50
TOCANTINS,SAO MIGUEL DO TOCANTINS,1,2422,SAO MIGUEL DO TOCANTINS,TO,1720200,13241,18097.88,7.5523,0.041288,2026,7,f,820.57
ALAGOAS,LAGOA DA CANOA,16,7931,LAGOA DA CANOA,AL,2704104,18457,18084.20,86.6880,0.201740,2026,7,f,633.44
MINAS GERAIS,COUTO DE MAGALHAES DE MINAS,1,2129,COUTO DE MAGALHAES DE MINAS,MG,3120102,4245,18081.98,23.5571,0.046970,2026,7,f,989.82
CEARA,IRACEMA,2,6377,IRACEMA,CE,2306009,14001,18081.14,14.2847,0.031363,2026,7,f,850.77
MINAS GERAIS,PRESIDENTE JUSCELINO,0,1429,PRESIDENTE JUSCELINO,MG,3153202,3465,18079.94,0.0000,0.000000,2026,7,f,1096.77
MINAS GERAIS,SAO GERALDO DO BAIXIO,1,1016,SAO GERALDO DO BAIXIO,MG,3161650,3143,18075.41,31.8167,0.098425,2026,7,f,951.67
PARAIBA,RIACHO DE SANTO ANTONIO,0,442,RIACHO DE SANTO ANTONIO,PB,2512788,1955,18067.52,0.0000,0.000000,2026,7,f,750.97
BAHIA,SANTA MARIA DA VITORIA,25,18293,SANTA MARIA DA VITORIA,BA,2928109,38604,18048.93,64.7601,0.136664,2026,7,f,954.86
CEARA,IBIAPINA,17,11332,IBIAPINA,CE,2305308,23965,18022.32,70.9368,0.150018,2026,7,f,692.97
PARAIBA,ITABAIANA,17,11224,ITABAIANA,PB,2506905,23182,18004.79,73.3328,0.151461,2026,7,f,811.30
RIO GRANDE DO NORTE,PATU,14,7957,PATU,RN,2409308,11007,18001.82,127.1918,0.175946,2026,7,f,832.72
SERGIPE,AQUIDABA,5,7967,AQUIDABA,SE,2800209,20131,17997.07,24.8373,0.062759,2026,7,f,782.01
PIAUI,SEBASTIAO BARROS,0,738,SEBASTIAO BARROS,PI,2210623,3202,17981.57,0.0000,0.000000,2026,7,f,634.49
MARANHAO,SAO PEDRO DOS CRENTES,0,1675,SAO PEDRO DOS CRENTES,MA,2111573,5783,17971.30,0.0000,0.000000,2026,7,f,726.47
BAHIA,SAO FELIX,10,3709,SAO FELIX,BA,2929008,11026,17963.54,90.6947,0.269614,2026,7,f,759.68
BAHIA,UBAITABA,9,7216,UBAITABA,BA,2932200,17596,17961.98,51.1480,0.124723,2026,7,f,979.40
PERNAMBUCO,RIBEIRAO,24,12694,RIBEIRAO,PE,2611804,33507,17955.92,71.6268,0.189066,2026,7,f,833.71
MINAS GERAIS,BARRA LONGA,3,3016,BARRA LONGA,MG,3105707,5666,17955.52,52.9474,0.099469,2026,7,f,1180.30
MINAS GERAIS,TEIXEIRAS,8,8762,TEIXEIRAS,MG,3168507,12255,17955.12,65.2795,0.091303,2026,7,f,1233.73
SAO PAULO,ITAPIRAPUA PAULISTA,0,2063,ITAPIRAPUA PAULISTA,SP,3522653,4306,17953.55,0.0000,0.000000,2026,7,f,1084.01
RIO GRANDE DO NORTE,NISIA FLORESTA,44,9711,NISIA FLORESTA,RN,2408201,31942,17949.97,137.7497,0.453094,2026,7,f,849.24
BAHIA,URUCUCA,6,6344,URUCUCA,BA,2932705,21420,17933.99,28.0112,0.094578,2026,7,f,975.66
PARAIBA,ALAGOA NOVA,5,7140,ALAGOA NOVA,PB,2500403,21013,17932.95,23.7948,0.070028,2026,7,f,726.13
PIAUI,CONCEICAO DO CANINDE,1,1169,CONCEICAO DO CANINDE,PI,2202802,4932,17925.39,20.2758,0.085543,2026,7,f,776.18
BAHIA,SANTALUZ,12,11582,SANTALUZ,BA,2928000,37834,17923.90,31.7175,0.103609,2026,7,f,750.53
MINAS GERAIS,VERMELHO NOVO,4,3600,VERMELHO NOVO,MG,3171154,4899,17923.86,81.6493,0.111111,2026,7,f,859.63
PARA,SALINOPOLIS,25,15563,SALINOPOLIS,PA,1506203,44772,17919.39,55.8385,0.160637,2026,7,f,875.11
MINAS GERAIS,MORRO DO PILAR,0,1449,MORRO DO PILAR,MG,3143708,3133,17900.73,0.0000,0.000000,2026,7,f,866.26
BAHIA,ALCOBACA,17,6238,ALCOBACA,BA,2900801,24530,17899.80,69.3029,0.272523,2026,7,f,747.65
PARA,SAO JOAO DA PONTA,1,769,SAO JOAO DA PONTA,PA,1507466,4430,17897.74,22.5734,0.130039,2026,7,f,566.06
RIO GRANDE DO NORTE,SAO FRANCISCO DO OESTE,1,2206,SAO FRANCISCO DO OESTE,RN,2411908,4161,17869.98,24.0327,0.045331,2026,7,f,913.11
PERNAMBUCO,LAJEDO,27,24808,LAJEDO,PE,2608800,39582,17848.19,68.2128,0.108836,2026,7,f,731.14
RIO GRANDE DO NORTE,SAO MIGUEL,37,19324,SAO MIGUEL,RN,2412500,23537,17846.96,157.1993,0.191472,2026,7,f,778.63
SERGIPE,POCO VERDE,6,9290,POCO VERDE,SE,2805505,21794,17840.83,27.5305,0.064586,2026,7,f,757.03
MINAS GERAIS,DELFIM MOREIRA,4,3567,DELFIM MOREIRA,MG,3121100,7952,17835.01,50.3018,0.112139,2026,7,f,1261.35
BAHIA,CACHOEIRA,36,8774,CACHOEIRA,BA,2904902,29250,17826.19,123.0769,0.410303,2026,7,f,913.46
MINAS GERAIS,VERDELANDIA,0,2336,VERDELANDIA,MG,3171030,7672,17824.69,0.0000,0.000000,2026,7,f,764.71
MINAS GERAIS,ARAPONGA,2,5336,ARAPONGA,MG,3103702,8048,17815.23,24.8509,0.037481,2026,7,f,835.20
MINAS GERAIS,MARILAC,1,1833,MARILAC,MG,3140100,4224,17806.34,23.6742,0.054555,2026,7,f,976.08
CEARA,TRAIRI,13,17389,TRAIRI,CE,2313500,58415,17787.95,22.2546,0.074760,2026,7,f,662.17
BAHIA,WANDERLEY,3,3445,WANDERLEY,BA,2933455,12968,17773.90,23.1339,0.087083,2026,7,f,803.96
AMAZONAS,MANAQUIRI,0,1376,MANAQUIRI,AM,1302553,17107,17767.41,0.0000,0.000000,2026,7,f,568.36
MARANHAO,SAO JOAO DOS PATOS,6,14228,SAO JOAO DOS PATOS,MA,2111102,25020,17757.19,23.9808,0.042170,2026,7,f,851.72
ALAGOAS,DELMIRO GOUVEIA,58,31375,DELMIRO GOUVEIA,AL,2702405,51318,17755.78,113.0208,0.184861,2026,7,f,919.98
MINAS GERAIS,GONZAGA,3,3938,GONZAGA,MG,3127503,5230,17753.35,57.3614,0.076181,2026,7,f,866.16
ALAGOAS,CRAIBAS,19,10317,CRAIBAS,AL,2702355,25397,17725.99,74.8120,0.184162,2026,7,f,558.43
BAHIA,MARAU,3,2973,MARAU,BA,2920700,24527,17723.81,12.2314,0.100908,2026,7,f,1029.95
SERGIPE,BOQUIM,35,12441,BOQUIM,SE,2800670,24636,17723.49,142.0685,0.281328,2026,7,f,880.42
CEARA,MILHA,5,6716,MILHA,CE,2308351,14123,17718.69,35.4032,0.074449,2026,7,f,827.51
BAHIA,NOVA VICOSA,20,12879,NOVA VICOSA,BA,2923001,39509,17711.00,50.6214,0.155292,2026,7,f,905.71
PIAUI,CANTO DO BURITI,6,8561,CANTO DO BURITI,PI,2202307,19365,17710.92,30.9837,0.070085,2026,7,f,913.41
MINAS GERAIS,TAPARUBA,2,1614,TAPARUBA,MG,3168051,3387,17709.18,59.0493,0.123916,2026,7,f,949.47
PERNAMBUCO,CABROBO,22,15051,CABROBO,PE,2603009,30294,17699.05,72.6216,0.146170,2026,7,f,696.24
MINAS GERAIS,FERVEDOURO,4,7325,FERVEDOURO,MG,3125952,10445,17689.04,38.2958,0.054608,2026,7,f,944.84
PARAIBA,MATINHAS,0,1351,MATINHAS,PB,2509339,4571,17681.25,0.0000,0.000000,2026,7,f,557.71
PERNAMBUCO,BEZERROS,56,32853,BEZERROS,PE,2601904,61694,17662.74,90.7706,0.170456,2026,7,f,924.11
BAHIA,SERRINHA,110,44111,SERRINHA,BA,2930501,80435,17662.57,136.7564,0.249371,2026,7,f,924.48
PARA,MOCAJUBA,6,4474,MOCAJUBA,PA,1504604,27198,17661.59,22.0604,0.134108,2026,7,f,694.48
RIO GRANDE DO NORTE,SEVERIANO MELO,2,3265,SEVERIANO MELO,RN,2413607,5487,17654.46,36.4498,0.061256,2026,7,f,852.77
PERNAMBUCO,SURUBIM,108,36655,SURUBIM,PE,2614501,64120,17653.68,168.4342,0.294639,2026,7,f,868.11
PARA,OBIDOS,2,10330,OBIDOS,PA,1505106,52229,17652.68,3.8293,0.019361,2026,7,f,652.59
MINAS GERAIS,BALDIM,6,4369,BALDIM,MG,3105004,7492,17635.48,80.0854,0.137331,2026,7,f,1121.88
PARAIBA,BOM JESUS,0,823,BOM JESUS,PB,2502201,2286,17633.42,0.0000,0.000000,2026,7,f,755.41
BAHIA,JITAUNA,10,3073,JITAUNA,BA,2918308,14355,17626.12,69.6621,0.325415,2026,7,f,770.22
MINAS GERAIS,SERRO,4,10501,SERRO,MG,3167103,21952,17625.87,18.2216,0.038092,2026,7,f,923.20
PARA,AFUA,1,14,AFUA,PA,1500305,37765,17623.65,2.6480,7.142857,2026,7,f,476.09
MINAS GERAIS,ITABIRINHA,7,8171,ITABIRINHA,MG,3131802,10362,17611.18,67.5545,0.085669,2026,7,f,1040.93
ALAGOAS,QUEBRANGULO,3,3127,QUEBRANGULO,AL,2707602,11080,17600.90,27.0758,0.095939,2026,7,f,699.05
MINAS GERAIS,FELICIO DOS SANTOS,1,3196,FELICIO DOS SANTOS,MG,3125408,5133,17594.78,19.4818,0.031289,2026,7,f,879.10
GOIAS,TERESINA DE GOIAS,0,884,TERESINA DE GOIAS,GO,5221080,2701,17585.71,0.0000,0.000000,2026,7,f,1007.11
PARAIBA,QUIXABA,2,719,QUIXABA,PB,2512606,1743,17582.90,114.7447,0.278164,2026,7,f,661.14
ACRE,MANCIO LIMA,7,5328,MANCIO LIMA,AC,1200336,19294,17581.84,36.2807,0.131381,2026,7,f,695.90
CEARA,MARCO,16,10720,MARCO,CE,2307809,25799,17579.63,62.0179,0.149254,2026,7,f,584.74
MINAS GERAIS,PEDRA AZUL,2,8411,PEDRA AZUL,MG,3148707,24410,17569.44,8.1934,0.023778,2026,7,f,900.24
BAHIA,IPIAU,33,19648,IPIAU,BA,2913903,40706,17563.46,81.0691,0.167956,2026,7,f,970.31
BAHIA,JAGUAQUARA,26,19363,JAGUAQUARA,BA,2917607,45964,17558.72,56.5660,0.134277,2026,7,f,791.77
SERGIPE,PACATUBA,0,4186,PACATUBA,SE,2804904,12502,17551.75,0.0000,0.000000,2026,7,f,588.41
PARA,BREU BRANCO,7,13373,BREU BRANCO,PA,1501782,45712,17549.46,15.3133,0.052344,2026,7,f,725.32
PERNAMBUCO,LIMOEIRO,72,25555,LIMOEIRO,PE,2608909,56510,17539.20,127.4111,0.281745,2026,7,f,937.06
MINAS GERAIS,CRISOLITA,0,1280,CRISOLITA,MG,3120151,5265,17531.24,0.0000,0.000000,2026,7,f,796.13
MINAS GERAIS,SANTANA DE CATAGUASES,0,1839,SANTANA DE CATAGUASES,MG,3158409,3489,17527.37,0.0000,0.000000,2026,7,f,1005.32
PARAIBA,AROEIRAS,2,4084,AROEIRAS,PB,2501302,18705,17519.33,10.6923,0.048972,2026,7,f,639.85
BAHIA,UMBURANAS,3,2973,UMBURANAS,BA,2932457,13642,17516.13,21.9909,0.100908,2026,7,f,641.00
MINAS GERAIS,MENDES PIMENTEL,4,3413,MENDES PIMENTEL,MG,3141504,5606,17506.42,71.3521,0.117199,2026,7,f,1068.80
SAO PAULO,IPORANGA,1,1533,IPORANGA,SP,3521200,4046,17505.93,24.7158,0.065232,2026,7,f,1124.95
RIO GRANDE DO NORTE,LUCRECIA,5,1604,LUCRECIA,RN,2406908,3490,17502.01,143.2665,0.311721,2026,7,f,780.38
SERGIPE,SANTA LUZIA DO ITANHY,2,3047,SANTA LUZIA DO ITANHY,SE,2806305,13616,17499.85,14.6886,0.065638,2026,7,f,571.88
BAHIA,CASTRO ALVES,10,7478,CASTRO ALVES,BA,2907301,24712,17478.88,40.4662,0.133726,2026,7,f,819.29
MINAS GERAIS,CARMESIA,2,2937,CARMESIA,MG,3113800,2605,17477.54,76.7754,0.068097,2026,7,f,1123.38
MINAS GERAIS,GUIRICEMA,10,6516,GUIRICEMA,MG,3129004,7778,17469.79,128.5678,0.153468,2026,7,f,1232.23
CEARA,POTIRETAMA,0,2061,POTIRETAMA,CE,2311231,5974,17466.52,0.0000,0.000000,2026,7,f,756.94
MINAS GERAIS,SANTA MARIA DO SUACUI,3,6136,SANTA MARIA DO SUACUI,MG,3158201,12788,17459.02,23.4595,0.048892,2026,7,f,1032.69
CEARA,CHORO,7,3749,CHORO,CE,2303931,12113,17458.85,57.7892,0.186716,2026,7,f,549.53
PERNAMBUCO,CAETES,8,8746,CAETES,PE,2603207,28827,17456.27,27.7518,0.091470,2026,7,f,638.00
MINAS GERAIS,UBAPORANGA,11,7666,UBAPORANGA,MG,3170057,13017,17452.87,84.5049,0.143491,2026,7,f,1088.96
BAHIA,VARZEDO,6,3168,VARZEDO,BA,2933174,9913,17445.27,60.5266,0.189394,2026,7,f,679.67
CEARA,PARACURU,31,14013,PARACURU,CE,2310209,38980,17434.25,79.5280,0.221223,2026,7,f,871.22
BAHIA,XIQUE-XIQUE,10,12732,XIQUE-XIQUE,BA,2933604,44757,17429.23,22.3429,0.078542,2026,7,f,761.53
SAO PAULO,POTIM,16,9398,POTIM,SP,3540754,20392,17422.08,78.4621,0.170249,2026,7,f,1092.82
MINAS GERAIS,ORIZANIA,1,5034,ORIZANIA,MG,3145877,8437,17421.83,11.8526,0.019865,2026,7,f,923.59
MINAS GERAIS,SAO JOSE DO DIVINO,0,917,SAO JOSE DO DIVINO,MG,3163300,3464,17421.48,0.0000,0.000000,2026,7,f,1016.23
MINAS GERAIS,TOLEDO,4,4046,TOLEDO,MG,3169109,7214,17413.09,55.4477,0.098863,2026,7,f,1257.12
MINAS GERAIS,DOM CAVATI,3,3729,DOM CAVATI,MG,3122504,4904,17412.52,61.1746,0.080451,2026,7,f,1192.51
BAHIA,LAFAIETE COUTINHO,0,968,LAFAIETE COUTINHO,BA,2918704,4075,17411.78,0.0000,0.000000,2026,7,f,794.63
MINAS GERAIS,SAO JOAO DO MANTENINHA,0,3687,SAO JOAO DO MANTENINHA,MG,3162575,5331,17399.55,0.0000,0.000000,2026,7,f,1096.76
MARANHAO,LAJEADO NOVO,1,2323,LAJEADO NOVO,MA,2105989,7057,17394.36,14.1703,0.043048,2026,7,f,765.61
PARAIBA,VARZEA,2,868,VARZEA,PB,2517100,2668,17394.30,74.9625,0.230415,2026,7,f,1170.44
SERGIPE,TOMAR DO GERU,3,4278,TOMAR DO GERU,SE,2807501,12012,17385.36,24.9750,0.070126,2026,7,f,552.13
SERGIPE,PEDRINHAS,3,3183,PEDRINHAS,SE,2805109,7396,17383.72,40.5625,0.094251,2026,7,f,745.96
PARAIBA,COREMAS,11,7072,COREMAS,PB,2504801,14683,17368.45,74.9166,0.155543,2026,7,f,772.26
RIO GRANDE DO NORTE,PARAU,1,1335,PARAU,RN,2408706,3579,17365.19,27.9408,0.074906,2026,7,f,867.89
BAHIA,TEODORO SAMPAIO,3,1167,TEODORO SAMPAIO,BA,2931400,7110,17353.16,42.1941,0.257069,2026,7,f,773.05
TOCANTINS,NAZARE,1,1434,NAZARE,TO,1714302,4521,17351.69,22.1190,0.069735,2026,7,f,810.68
BAHIA,WENCESLAU GUIMARAES,4,5759,WENCESLAU GUIMARAES,BA,2933505,24474,17345.75,16.3439,0.069457,2026,7,f,602.20
PARAIBA,SAO MIGUEL DE TAIPU,13,2173,SAO MIGUEL DE TAIPU,PB,2515005,7066,17343.76,183.9796,0.598251,2026,7,f,666.13
PERNAMBUCO,XEXEU,0,3190,XEXEU,PE,2616506,11611,17339.59,0.0000,0.000000,2026,7,f,639.13
BAHIA,TANQUE NOVO,16,6872,TANQUE NOVO,BA,2931053,17158,17335.06,93.2510,0.232829,2026,7,f,672.28
PARAIBA,CONGO,0,1601,CONGO,PB,2504702,4933,17325.16,0.0000,0.000000,2026,7,f,763.73
PARA,ALMEIRIM,2,4638,ALMEIRIM,PA,1500503,34280,17323.42,5.8343,0.043122,2026,7,f,773.03
PIAUI,VALENCA DO PIAUI,11,11545,VALENCA DO PIAUI,PI,2211308,22279,17319.63,49.3738,0.095279,2026,7,f,1059.55
RIO GRANDE DO NORTE,SAO PAULO DO POTENGI,10,6743,SAO PAULO DO POTENGI,RN,2412609,16786,17314.43,59.5735,0.148302,2026,7,f,907.11
AMAZONAS,ANORI,1,1104,ANORI,AM,1300102,17194,17283.41,5.8160,0.090580,2026,7,f,624.85
PARA,GARRAFAO DO NORTE,2,3798,GARRAFAO DO NORTE,PA,1503077,24703,17279.16,8.0962,0.052659,2026,7,f,620.45
PIAUI,AGUA BRANCA,15,15841,AGUA BRANCA,PI,2200202,17573,17272.63,85.3582,0.094691,2026,7,f,838.94
MARANHAO,BENEDITO LEITE,0,419,BENEDITO LEITE,MA,2101806,5469,17270.80,0.0000,0.000000,2026,7,f,715.98
MARANHAO,BOM JARDIM,4,10075,BOM JARDIM,MA,2102002,33100,17253.81,12.0846,0.039702,2026,7,f,545.68
PERNAMBUCO,PESQUEIRA,32,27426,PESQUEIRA,PE,2610905,62722,17253.02,51.0188,0.116678,2026,7,f,863.67
PARA,SAO JOAO DO ARAGUAIA,0,2681,SAO JOAO DO ARAGUAIA,PA,1507508,13664,17234.70,0.0000,0.000000,2026,7,f,684.94
BAHIA,SANTANA,5,9577,SANTANA,BA,2928208,24755,17234.62,20.1979,0.052208,2026,7,f,777.82
PARAIBA,CARRAPATEIRA,0,885,CARRAPATEIRA,PB,2504108,2312,17215.40,0.0000,0.000000,2026,7,f,697.38
PARAIBA,BOQUEIRAO,7,6985,BOQUEIRAO,PB,2502508,17598,17209.34,39.7772,0.100215,2026,7,f,769.10
AMAZONAS,PARINTINS,51,30388,PARINTINS,AM,1303403,96372,17193.26,52.9199,0.167829,2026,7,f,796.66
PARAIBA,BARRA DE SAO MIGUEL,1,1196,BARRA DE SAO MIGUEL,PB,2501708,5906,17189.98,16.9319,0.083612,2026,7,f,692.09
GOIAS,MAMBAI,3,4264,MAMBAI,GO,5212709,8124,17189.81,36.9276,0.070356,2026,7,f,1009.52
MARANHAO,AFONSO CUNHA,0,961,AFONSO CUNHA,MA,2100105,6144,17184.41,0.0000,0.000000,2026,7,f,605.56
AMAZONAS,MANICORE,3,4913,MANICORE,AM,1302702,53914,17183.11,5.5644,0.061062,2026,7,f,701.45
MARANHAO,CAXIAS,87,69959,CAXIAS,MA,2103000,156973,17175.06,55.4235,0.124359,2026,7,f,853.08
MINAS GERAIS,IAPU,11,5954,IAPU,MG,3129301,12030,17171.16,91.4381,0.184750,2026,7,f,1057.55
MINAS GERAIS,SEM-PEIXE,0,1298,SEM-PEIXE,MG,3165560,2433,17165.23,0.0000,0.000000,2026,7,f,1066.41
MARANHAO,PASTOS BONS,11,6407,PASTOS BONS,MA,2108009,18802,17160.51,58.5044,0.171687,2026,7,f,759.03
MINAS GERAIS,NAQUE,3,3464,NAQUE,MG,3144359,6303,17147.55,47.5964,0.086605,2026,7,f,923.24
PIAUI,SAO JOSE DO DIVINO,1,1661,SAO JOSE DO DIVINO,PI,2210052,4841,17147.08,20.6569,0.060205,2026,7,f,675.53
BAHIA,NAZARE,14,10143,NAZARE,BA,2922508,27060,17136.77,51.7369,0.138026,2026,7,f,829.76
MARANHAO,SITIO NOVO,2,5477,SITIO NOVO,MA,2111805,17074,17113.21,11.7137,0.036516,2026,7,f,668.73
MINAS GERAIS,ORATORIOS,1,2311,ORATORIOS,MG,3145851,4917,17105.76,20.3376,0.043271,2026,7,f,1169.90
MARANHAO,SANTA LUZIA,18,20187,SANTA LUZIA,MA,2110005,57635,17104.35,31.2310,0.089166,2026,7,f,712.85
RIO GRANDE DO NORTE,ITAU,5,2373,ITAU,RN,2404903,5320,17100.75,93.9850,0.210704,2026,7,f,705.31
SAO PAULO,RIBEIRAO GRANDE,4,4866,RIBEIRAO GRANDE,SP,3543253,7450,17083.09,53.6913,0.082203,2026,7,f,1110.80
MINAS GERAIS,PEDRA BONITA,2,5416,PEDRA BONITA,MG,3148756,7320,17074.86,27.3224,0.036928,2026,7,f,802.06
SAO PAULO,PRACINHA,2,955,PRACINHA,SP,3540853,2578,17067.88,77.5795,0.209424,2026,7,f,1252.86
PIAUI,SIMPLICIO MENDES,5,5473,SIMPLICIO MENDES,PI,2210805,13870,17066.40,36.0490,0.091358,2026,7,f,856.73
MINAS GERAIS,PONTO CHIQUE,0,1214,PONTO CHIQUE,MG,3152131,3747,17061.92,0.0000,0.000000,2026,7,f,788.63
PIAUI,PAULISTANA,7,16792,PAULISTANA,PI,2207801,21055,17060.79,33.2463,0.041687,2026,7,f,853.62
MINAS GERAIS,FERROS,2,5400,FERROS,MG,3125903,9590,17054.12,20.8551,0.037037,2026,7,f,1059.57
RIO GRANDE DO NORTE,PILOES,4,1205,PILOES,RN,2410009,2965,17048.90,134.9073,0.331950,2026,7,f,753.42
MINAS GERAIS,ITACAMBIRA,0,594,ITACAMBIRA,MG,3132008,4252,17032.69,0.0000,0.000000,2026,7,f,831.20
CEARA,ARATUBA,3,4328,ARATUBA,CE,2301406,11224,17022.01,26.7284,0.069316,2026,7,f,732.99
MINAS GERAIS,ITACARAMBI,1,8111,ITACARAMBI,MG,3132107,17208,17018.25,5.8113,0.012329,2026,7,f,765.85
BAHIA,RIBEIRA DO POMBAL,59,26866,RIBEIRA DO POMBAL,BA,2926608,54010,17013.15,109.2390,0.219608,2026,7,f,869.51
CEARA,INDEPENDENCIA,20,13023,INDEPENDENCIA,CE,2305605,24024,16988.34,83.2501,0.153574,2026,7,f,705.50
MINAS GERAIS,LEME DO PRADO,0,2556,LEME DO PRADO,MG,3138351,4341,16965.22,0.0000,0.000000,2026,7,f,956.16
PARAIBA,COXIXOLA,2,631,COXIXOLA,PB,2504850,1824,16960.53,109.6491,0.316957,2026,7,f,882.30
BAHIA,AIQUARA,1,759,AIQUARA,BA,2900603,4447,16959.30,22.4871,0.131752,2026,7,f,756.71
BAHIA,RIACHAO DO JACUIPE,34,14414,RIACHAO DO JACUIPE,BA,2926301,33386,16950.61,101.8391,0.235882,2026,7,f,934.18
RIO GRANDE DO NORTE,TANGARA,4,5738,TANGARA,RN,2414001,13281,16941.50,30.1182,0.069711,2026,7,f,716.71
TOCANTINS,CARRASCO BONITO,1,892,CARRASCO BONITO,TO,1703891,3318,16935.50,30.1386,0.112108,2026,7,f,590.10
PARAIBA,SAO JOAO DO CARIRI,3,1574,SAO JOAO DO CARIRI,PB,2514008,4226,16932.09,70.9891,0.190597,2026,7,f,945.10
PARA,RUROPOLIS,3,10138,RUROPOLIS,PA,1506195,35769,16929.58,8.3872,0.029592,2026,7,f,731.95
PARAIBA,PAULISTA,15,5407,PAULISTA,PB,2510907,11834,16924.20,126.7534,0.277418,2026,7,f,838.40
CEARA,QUIXADA,106,41995,QUIXADA,CE,2311306,84168,16923.75,125.9386,0.252411,2026,7,f,888.08
BAHIA,ITORORO,9,4804,ITORORO,BA,2917102,16617,16917.13,54.1614,0.187344,2026,7,f,900.14
BAHIA,SENHOR DO BONFIM,79,34818,SENHOR DO BONFIM,BA,2930105,74523,16914.54,106.0075,0.226894,2026,7,f,1035.85
MINAS GERAIS,JURAMENTO,0,923,JURAMENTO,MG,3136801,3768,16910.56,0.0000,0.000000,2026,7,f,885.82
PERNAMBUCO,AMARAJI,7,5182,AMARAJI,PE,2600906,18205,16907.00,38.4510,0.135083,2026,7,f,660.20
BAHIA,TUCANO,42,19034,TUCANO,BA,2931905,48736,16897.39,86.1786,0.220658,2026,7,f,798.18
TOCANTINS,AXIXA DO TOCANTINS,0,3917,AXIXA DO TOCANTINS,TO,1702901,10262,16894.66,0.0000,0.000000,2026,7,f,729.12
MINAS GERAIS,MINAS NOVAS,3,11368,MINAS NOVAS,MG,3141801,24405,16887.03,12.2926,0.026390,2026,7,f,976.97
BAHIA,ITAPICURU,3,4649,ITAPICURU,BA,2916500,31679,16883.83,9.4700,0.064530,2026,7,f,662.46
PERNAMBUCO,VENTUROSA,9,5556,VENTUROSA,PE,2616001,17251,16872.36,52.1709,0.161987,2026,7,f,812.65
BAHIA,ITAMARI,0,2484,ITAMARI,BA,2915700,7051,16863.71,0.0000,0.000000,2026,7,f,782.50
MINAS GERAIS,RIO NOVO,6,4635,RIO NOVO,MG,3155405,8518,16853.25,70.4391,0.129450,2026,7,f,1292.52
ACRE,MARECHAL THAUMATURGO,0,739,MARECHAL THAUMATURGO,AC,1200351,17093,16851.64,0.0000,0.000000,2026,7,f,516.91
MINAS GERAIS,CAPIM BRANCO,4,5695,CAPIM BRANCO,MG,3112505,10663,16835.88,37.5129,0.070237,2026,7,f,1306.80
MINAS GERAIS,DIVINO DAS LARANJEIRAS,0,1706,DIVINO DAS LARANJEIRAS,MG,3122108,4178,16831.26,0.0000,0.000000,2026,7,f,1015.31
MINAS GERAIS,CHIADOR,0,2182,CHIADOR,MG,3116209,2800,16825.00,0.0000,0.000000,2026,7,f,1156.13
MINAS GERAIS,PECANHA,4,9089,PECANHA,MG,3148608,17446,16822.48,22.9279,0.044009,2026,7,f,982.01
RIO GRANDE DO NORTE,EQUADOR,3,2288,EQUADOR,RN,2403400,5360,16821.08,55.9701,0.131119,2026,7,f,866.99
MINAS GERAIS,CARANAIBA,0,1307,CARANAIBA,MG,3113107,2933,16810.77,0.0000,0.000000,2026,7,f,1026.51
MARANHAO,ZE DOCA,16,20105,ZE DOCA,MA,2114007,40801,16809.83,39.2147,0.079582,2026,7,f,760.10
ALAGOAS,OLHO D'AGUA GRANDE,1,1639,OLHO D'AGUA GRANDE,AL,2705903,4330,16803.23,23.0947,0.061013,2026,7,f,436.54
RIO GRANDE DO NORTE,SAO JOAO DO SABUGI,1,2588,SAO JOAO DO SABUGI,RN,2412104,5956,16802.05,16.7898,0.038640,2026,7,f,1017.09
BAHIA,ANDORINHA,2,4774,ANDORINHA,BA,2901353,15012,16800.29,13.3227,0.041894,2026,7,f,796.26
PERNAMBUCO,ITAMBE,19,17043,ITAMBE,PE,2607653,34935,16797.57,54.3867,0.111483,2026,7,f,728.38
PIAUI,SANTO ANTONIO DE LISBOA,3,2277,SANTO ANTONIO DE LISBOA,PI,2209401,5839,16757.84,51.3787,0.131752,2026,7,f,764.21
TOCANTINS,SAO SEBASTIAO DO TOCANTINS,0,865,SAO SEBASTIAO DO TOCANTINS,TO,1720309,4100,16756.59,0.0000,0.000000,2026,7,f,868.76
RIO GRANDE DO NORTE,MAJOR SALES,1,1346,MAJOR SALES,RN,2407252,3924,16749.49,25.4842,0.074294,2026,7,f,774.51
ALAGOAS,MAJOR ISIDORO,8,5236,MAJOR ISIDORO,AL,2704401,17700,16747.63,45.1977,0.152788,2026,7,f,744.14
BAHIA,CARDEAL DA SILVA,12,1878,CARDEAL DA SILVA,BA,2907004,8365,16741.42,143.4549,0.638978,2026,7,f,629.76
PARA,IGARAPE-ACU,20,14177,IGARAPE-ACU,PA,1503200,35797,16741.24,55.8706,0.141074,2026,7,f,718.26
BAHIA,GUARATINGA,6,5279,GUARATINGA,BA,2911808,19049,16737.73,31.4977,0.113658,2026,7,f,822.20
PARAIBA,CACHOEIRA DOS INDIOS,0,3161,CACHOEIRA DOS INDIOS,PB,2503308,9151,16733.14,0.0000,0.000000,2026,7,f,695.21
BAHIA,BONITO,7,2967,BONITO,BA,2904050,15844,16726.14,44.1808,0.235929,2026,7,f,704.84
MINAS GERAIS,REDUTO,4,6088,REDUTO,MG,3154150,7848,16724.90,50.9684,0.065703,2026,7,f,1143.36
MINAS GERAIS,MANGA,1,7414,MANGA,MG,3139300,18886,16720.27,5.2949,0.013488,2026,7,f,833.49
MINAS GERAIS,ITUMIRIM,1,3262,ITUMIRIM,MG,3134301,6638,16716.93,15.0648,0.030656,2026,7,f,1162.49
MINAS GERAIS,SARDOA,2,4444,SARDOA,MG,3165503,5104,16711.21,39.1850,0.045005,2026,7,f,845.55
MINAS GERAIS,DOM JOAQUIM,0,1927,DOM JOAQUIM,MG,3122603,4899,16710.35,0.0000,0.000000,2026,7,f,1029.37
MINAS GERAIS,PORTEIRINHA,7,31296,PORTEIRINHA,MG,3152204,37438,16708.29,18.6976,0.022367,2026,7,f,948.26
BAHIA,FATIMA,5,4005,FATIMA,BA,2910750,17895,16702.49,27.9408,0.124844,2026,7,f,718.87
BAHIA,ANGICAL,2,3364,ANGICAL,BA,2901403,13732,16698.08,14.5645,0.059453,2026,7,f,823.95
ALAGOAS,GIRAU DO PONCIANO,26,15627,GIRAU DO PONCIANO,AL,2702900,36102,16697.47,72.0182,0.166379,2026,7,f,607.35
BAHIA,SALINAS DA MARGARIDA,3,1919,SALINAS DA MARGARIDA,BA,2927309,14987,16686.53,20.0173,0.156331,2026,7,f,675.29
BAHIA,VERA CRUZ,50,9718,VERA CRUZ,BA,2933208,42529,16678.74,117.5668,0.514509,2026,7,f,953.76
ALAGOAS,CAPELA,5,3109,CAPELA,AL,2701704,15032,16674.63,33.2624,0.160823,2026,7,f,743.82
MINAS GERAIS,BERIZAL,0,2136,BERIZAL,MG,3106655,4201,16672.46,0.0000,0.000000,2026,7,f,764.89
BAHIA,AMARGOSA,43,16598,AMARGOSA,BA,2901007,36521,16668.90,117.7405,0.259067,2026,7,f,839.32
BAHIA,NILO PECANHA,2,2876,NILO PECANHA,BA,2922607,12063,16664.84,16.5796,0.069541,2026,7,f,700.48
PIAUI,SAO GONCALO DO PIAUI,2,2248,SAO GONCALO DO PIAUI,PI,2209807,4837,16647.30,41.3479,0.088968,2026,7,f,761.61
CEARA,PENAFORTE,6,4401,PENAFORTE,CE,2310605,8972,16639.88,66.8747,0.136333,2026,7,f,712.89
TOCANTINS,SAMPAIO,0,1192,SAMPAIO,TO,1718808,4215,16639.62,0.0000,0.000000,2026,7,f,832.94
RIO GRANDE DO NORTE,SANTANA DO MATOS,5,4093,SANTANA DO MATOS,RN,2411403,12456,16625.56,40.1413,0.122160,2026,7,f,707.32
BAHIA,NOVA CANAA,5,2464,NOVA CANAA,BA,2922706,13715,16621.66,36.4564,0.202922,2026,7,f,828.75
MINAS GERAIS,VARGEM GRANDE DO RIO PARDO,0,2483,VARGEM GRANDE DO RIO PARDO,MG,3170651,4633,16621.41,0.0000,0.000000,2026,7,f,881.50
MINAS GERAIS,SENHORA DE OLIVEIRA,5,3529,SENHORA DE OLIVEIRA,MG,3166006,5483,16620.10,91.1910,0.141683,2026,7,f,885.56
MINAS GERAIS,PRESIDENTE BERNARDES,1,2818,PRESIDENTE BERNARDES,MG,3153103,4850,16617.73,20.6186,0.035486,2026,7,f,1065.38
PARAIBA,SAPE,15,23685,SAPE,PB,2515302,51306,16615.43,29.2363,0.063331,2026,7,f,745.51
BAHIA,SANTA CRUZ DA VITORIA,1,853,SANTA CRUZ DA VITORIA,BA,2927804,4681,16606.92,21.3630,0.117233,2026,7,f,739.82
MINAS GERAIS,CATAS ALTAS DA NORUEGA,0,1590,CATAS ALTAS DA NORUEGA,MG,3115409,3110,16604.50,0.0000,0.000000,2026,7,f,911.77
PARAIBA,CATURITE,0,2055,CATURITE,PB,2504355,5254,16600.11,0.0000,0.000000,2026,7,f,674.16
SERGIPE,GENERAL MAYNARD,1,1080,GENERAL MAYNARD,SE,2802502,3037,16594.34,32.9272,0.092593,2026,7,f,765.34
TOCANTINS,SITIO NOVO DO TOCANTINS,2,3005,SITIO NOVO DO TOCANTINS,TO,1720804,10830,16586.98,18.4672,0.066556,2026,7,f,803.30
MINAS GERAIS,BOM REPOUSO,4,9894,BOM REPOUSO,MG,3107901,12649,16582.89,31.6231,0.040429,2026,7,f,1274.15
BAHIA,JEREMOABO,13,13213,JEREMOABO,BA,2918100,37626,16580.45,34.5506,0.098388,2026,7,f,764.11
MINAS GERAIS,GUARACIAMA,5,3073,GUARACIAMA,MG,3128253,5051,16579.89,98.9903,0.162707,2026,7,f,925.01
PARAIBA,AMPARO,0,575,AMPARO,PB,2500734,2234,16579.68,0.0000,0.000000,2026,7,f,642.40
ALAGOAS,OLHO D'AGUA DAS FLORES,20,7706,OLHO D'AGUA DAS FLORES,AL,2705705,20695,16579.42,96.6417,0.259538,2026,7,f,697.42
RIO GRANDE DO NORTE,UMARIZAL,8,4747,UMARIZAL,RN,2414506,10078,16577.89,79.3808,0.168527,2026,7,f,836.22
RIO GRANDE DO NORTE,TRIUNFO POTIGUAR,3,1212,TRIUNFO POTIGUAR,RN,2414456,3376,16571.09,88.8626,0.247525,2026,7,f,736.83
PARA,NOVA IPIXUNA,2,4532,NOVA IPIXUNA,PA,1504976,13955,16563.60,14.3318,0.044131,2026,7,f,824.87
MINAS GERAIS,PAULA CANDIDO,4,4979,PAULA CANDIDO,MG,3148301,8659,16557.69,46.1947,0.080337,2026,7,f,1095.60
BAHIA,ITAMBE,9,4419,ITAMBE,BA,2915809,24394,16557.27,36.8943,0.203666,2026,7,f,812.81
CEARA,ITAREMA,11,12574,ITAREMA,CE,2306553,42957,16555.28,25.6070,0.087482,2026,7,f,642.63
PARAIBA,QUEIMADAS,18,20938,QUEIMADAS,PB,2512507,47658,16549.83,37.7691,0.085968,2026,7,f,731.28
BAHIA,CONCEICAO DO COITE,83,33285,CONCEICAO DO COITE,BA,2908408,67825,16543.50,122.3738,0.249362,2026,7,f,854.96
CEARA,JATI,3,3739,JATI,CE,2307205,7861,16531.23,38.1631,0.080235,2026,7,f,727.11
BAHIA,OUROLANDIA,6,5271,OUROLANDIA,BA,2923357,19243,16527.15,31.1802,0.113830,2026,7,f,583.09
PIAUI,CURIMATA,1,3880,CURIMATA,PI,2203206,11270,16526.97,8.8731,0.025773,2026,7,f,693.11
MINAS GERAIS,NACIP RAYDAN,1,860,NACIP RAYDAN,MG,3144201,2459,16525.42,40.6669,0.116279,2026,7,f,889.64
MARANHAO,FEIRA NOVA DO MARANHAO,0,2143,FEIRA NOVA DO MARANHAO,MA,2104073,8048,16523.73,0.0000,0.000000,2026,7,f,680.02
MARANHAO,MARAJA DO SENA,0,1307,MARAJA DO SENA,MA,2106359,7027,16511.03,0.0000,0.000000,2026,7,f,425.87
MINAS GERAIS,COLUNA,1,5100,COLUNA,MG,3116803,8163,16507.17,12.2504,0.019608,2026,7,f,955.24
PERNAMBUCO,CAMARAGIBE,582,61857,CAMARAGIBE,PE,2603454,147771,16488.70,393.8527,0.940880,2026,7,f,1097.38
BAHIA,GONGOGI,1,932,GONGOGI,BA,2911501,5555,16483.17,18.0018,0.107296,2026,7,f,733.31
RIO GRANDE DO NORTE,PASSA E FICA,18,5288,PASSA E FICA,RN,2409100,10896,16481.46,165.1982,0.340393,2026,7,f,741.29
CEARA,CRATEUS,65,41760,CRATEUS,CE,2304103,76390,16476.31,85.0897,0.155651,2026,7,f,920.10
ALAGOAS,CAMPESTRE,2,913,CAMPESTRE,AL,2701357,6665,16474.87,30.0075,0.219058,2026,7,f,700.77
CEARA,IPU,21,19418,IPU,CE,2305803,41081,16467.93,51.1185,0.108147,2026,7,f,735.80
RIO GRANDE DO NORTE,OURO BRANCO,3,2057,OURO BRANCO,RN,2408508,4913,16464.28,61.0625,0.145843,2026,7,f,1010.77
RIO GRANDE DO NORTE,RAFAEL GODEIRO,2,1109,RAFAEL GODEIRO,RN,2410603,2934,16458.76,68.1663,0.180343,2026,7,f,762.21
ALAGOAS,PAULO JACINTO,2,1853,PAULO JACINTO,AL,2706604,6576,16451.79,30.4136,0.107933,2026,7,f,731.19
PARAIBA,UIRAUNA,10,7541,UIRAUNA,PB,2516904,14930,16444.07,66.9792,0.132608,2026,7,f,952.63
PIAUI,SANTA LUZ,1,1775,SANTA LUZ,PI,2209302,5336,16432.72,18.7406,0.056338,2026,7,f,703.92
MINAS GERAIS,JOSENOPOLIS,0,939,JOSENOPOLIS,MG,3136579,3630,16428.37,0.0000,0.000000,2026,7,f,729.18
PARAIBA,SOBRADO,0,3993,SOBRADO,PB,2515971,8236,16423.26,0.0000,0.000000,2026,7,f,652.46
PARA,AURORA DO PARA,1,4579,AURORA DO PARA,PA,1500958,23774,16421.93,4.2063,0.021839,2026,7,f,574.32
CEARA,BATURITE,28,14477,BATURITE,CE,2302107,35218,16417.83,79.5048,0.193410,2026,7,f,773.07
BAHIA,COTEGIPE,2,2985,COTEGIPE,BA,2909406,13063,16417.13,15.3104,0.067002,2026,7,f,621.91
BAHIA,UBATA,4,5632,UBATA,BA,2932309,16094,16416.86,24.8540,0.071023,2026,7,f,768.37
MINAS GERAIS,MEDINA,3,6992,MEDINA,MG,3141405,20156,16407.77,14.8839,0.042906,2026,7,f,825.27
AMAZONAS,JAPURA,0,773,JAPURA,AM,1302108,8858,16407.43,0.0000,0.000000,2026,7,f,823.60
MINAS GERAIS,DOM VICOSO,1,1721,DOM VICOSO,MG,3122801,3095,16382.55,32.3102,0.058106,2026,7,f,1209.15
PARAIBA,BELEM,9,5622,BELEM,PB,2501906,16401,16380.40,54.8747,0.160085,2026,7,f,772.54
BAHIA,UBAIRA,12,6030,UBAIRA,BA,2932101,18626,16379.63,64.4261,0.199005,2026,7,f,759.87
BAHIA,LAJE,12,7416,LAJE,BA,2918803,21052,16366.19,57.0017,0.161812,2026,7,f,672.28
MINAS GERAIS,ALPERCATA,9,3017,ALPERCATA,MG,3101805,6903,16365.78,130.3781,0.298310,2026,7,f,1077.73
ALAGOAS,JARAMATAIA,3,1374,JARAMATAIA,AL,2703700,4985,16364.49,60.1805,0.218341,2026,7,f,637.77
ALAGOAS,MAR VERMELHO,1,1275,MAR VERMELHO,AL,2704906,3155,16357.21,31.6957,0.078431,2026,7,f,904.73
BAHIA,MILAGRES,2,3487,MILAGRES,BA,2921302,11071,16354.80,18.0652,0.057356,2026,7,f,752.90
MARANHAO,SANTA QUITERIA DO MARANHAO,0,3704,SANTA QUITERIA DO MARANHAO,MA,2110104,23957,16349.21,0.0000,0.000000,2026,7,f,509.60
AMAZONAS,LABREA,4,5742,LABREA,AM,1302405,45448,16347.96,8.8013,0.069662,2026,7,f,618.00
SERGIPE,ITAPORANGA D'AJUDA,19,10901,ITAPORANGA D'AJUDA,SE,2803203,34411,16342.62,55.2149,0.174296,2026,7,f,663.07
MINAS GERAIS,ALVARENGA,2,2460,ALVARENGA,MG,3102209,3975,16336.86,50.3145,0.081301,2026,7,f,961.67
ACRE,JORDAO,0,309,JORDAO,AC,1200328,9222,16335.72,0.0000,0.000000,2026,7,f,542.04
PARA,NOVA ESPERANCA DO PIRIA,1,2773,NOVA ESPERANCA DO PIRIA,PA,1504950,20478,16335.19,4.8833,0.036062,2026,7,f,535.30
PIAUI,BERTOLINIA,0,2088,BERTOLINIA,PI,2201705,5562,16332.97,0.0000,0.000000,2026,7,f,945.82
SERGIPE,TELHA,1,1269,TELHA,SE,2807303,3274,16330.79,30.5437,0.078802,2026,7,f,692.33
MARANHAO,BARAO DE GRAJAU,3,3252,BARAO DE GRAJAU,MA,2101509,18984,16324.80,15.8028,0.092251,2026,7,f,815.92
CEARA,JUCAS,9,9199,JUCAS,CE,2307403,23922,16319.29,37.6223,0.097837,2026,7,f,694.23
RIO GRANDE DO NORTE,VICOSA,0,633,VICOSA,RN,2414902,1822,16310.10,0.0000,0.000000,2026,7,f,860.02
ALAGOAS,IBATEGUARA,3,3745,IBATEGUARA,AL,2703007,13731,16304.93,21.8484,0.080107,2026,7,f,666.04
PARAIBA,PARARI,0,560,PARARI,PB,2510659,1720,16303.49,0.0000,0.000000,2026,7,f,810.88
PARAIBA,OURO VELHO,2,818,OURO VELHO,PB,2510600,2918,16292.67,68.5401,0.244499,2026,7,f,789.71
PARAIBA,SERRARIA,3,1333,SERRARIA,PB,2515906,4885,16290.48,61.4125,0.225056,2026,7,f,675.36
MINAS GERAIS,SAO FRANCISCO,3,22374,SAO FRANCISCO,MG,3161106,52762,16286.13,5.6859,0.013408,2026,7,f,813.04
BAHIA,CICERO DANTAS,27,14520,CICERO DANTAS,BA,2907806,30907,16281.81,87.3589,0.185950,2026,7,f,845.53
RIO GRANDE DO NORTE,JOAO DIAS,0,678,JOAO DIAS,RN,2405900,2076,16281.31,0.0000,0.000000,2026,7,f,669.87
PARAIBA,SAO JOSE DE ESPINHARAS,0,1104,SAO JOSE DE ESPINHARAS,PB,2514404,4083,16279.45,0.0000,0.000000,2026,7,f,728.77
MARANHAO,TIMON,92,68201,TIMON,MA,2112209,174465,16279.06,52.7326,0.134895,2026,7,f,937.58
AMAZONAS,CAAPIRANGA,0,530,CAAPIRANGA,AM,1300839,13469,16267.87,0.0000,0.000000,2026,7,f,488.73
PARAIBA,PRINCESA ISABEL,2,9674,PRINCESA ISABEL,PB,2512309,21114,16263.10,9.4724,0.020674,2026,7,f,878.34
PERNAMBUCO,TAQUARITINGA DO NORTE,36,13044,TAQUARITINGA DO NORTE,PE,2615003,24736,16255.17,145.5369,0.275989,2026,7,f,869.56
ALAGOAS,MARIBONDO,12,4086,MARIBONDO,AL,2704807,13679,16248.56,87.7257,0.293686,2026,7,f,783.47
CEARA,MISSAO VELHA,13,17555,MISSAO VELHA,CE,2308401,36822,16247.38,35.3050,0.074053,2026,7,f,629.90
PIAUI,JACOBINA DO PIAUI,0,3409,JACOBINA DO PIAUI,PI,2205151,5613,16246.57,0.0000,0.000000,2026,7,f,800.20
AMAZONAS,TAPAUA,0,1094,TAPAUA,AM,1304104,19599,16225.83,0.0000,0.000000,2026,7,f,541.23
MINAS GERAIS,CENTRAL DE MINAS,1,4750,CENTRAL DE MINAS,MG,3115706,6171,16210.34,16.2048,0.021053,2026,7,f,1098.14
MINAS GERAIS,SAO JOSE DO GOIABAL,2,2814,SAO JOSE DO GOIABAL,MG,3163409,5396,16182.91,37.0645,0.071073,2026,7,f,1115.90
PERNAMBUCO,AFOGADOS DA INGAZEIRA,37,27119,AFOGADOS DA INGAZEIRA,PE,2600104,40241,16177.56,91.9460,0.136436,2026,7,f,919.32
MINAS GERAIS,SAO GERALDO DA PIEDADE,0,2103,SAO GERALDO DA PIEDADE,MG,3161601,3305,16176.40,0.0000,0.000000,2026,7,f,918.91
CEARA,CROATA,2,7008,CROATA,CE,2304236,17481,16175.68,11.4410,0.028539,2026,7,f,576.04
MINAS GERAIS,FREI GASPAR,1,1726,FREI GASPAR,MG,3126802,5640,16149.47,17.7305,0.057937,2026,7,f,814.37
SANTA CATARINA,PESCARIA BRAVA,13,6663,PESCARIA BRAVA,SC,4212650,10190,16141.61,127.5761,0.195107,2026,7,f,1490.29
PERNAMBUCO,TACAIMBO,2,4948,TACAIMBO,PE,2614709,13738,16141.29,14.5582,0.040420,2026,7,f,667.75
RIO GRANDE DO NORTE,MAXARANGUAPE,5,2798,MAXARANGUAPE,RN,2407500,10255,16133.98,48.7567,0.178699,2026,7,f,770.28
BAHIA,IUIU,2,3053,IUIU,BA,2917334,11118,16131.77,17.9888,0.065509,2026,7,f,634.79
BAHIA,BREJOLANDIA,1,2635,BREJOLANDIA,BA,2904407,9108,16129.01,10.9794,0.037951,2026,7,f,739.06
PERNAMBUCO,JUPI,7,7455,JUPI,PE,2608305,15329,16123.03,45.6651,0.093897,2026,7,f,802.92
PIAUI,ALTOS,45,21337,ALTOS,PI,2200400,47453,16119.40,94.8307,0.210901,2026,7,f,836.62
RIO GRANDE DO NORTE,TAIPU,3,3049,TAIPU,RN,2413904,11422,16117.23,26.2651,0.098393,2026,7,f,669.73
AMAZONAS,HUMAITA,18,15781,HUMAITA,AM,1301704,57473,16113.04,31.3191,0.114061,2026,7,f,871.32
MINAS GERAIS,DATAS,1,2594,DATAS,MG,3121001,5465,16112.53,18.2983,0.038551,2026,7,f,862.29
BAHIA,IBICUI,13,3721,IBICUI,BA,2912301,13934,16111.88,93.2970,0.349368,2026,7,f,914.50
CEARA,CANINDE,23,37984,CANINDE,CE,2302800,74174,16108.97,31.0082,0.060552,2026,7,f,816.43
PIAUI,PIRACURUCA,28,17288,PIRACURUCA,PI,2208304,28846,16108.85,97.0672,0.161962,2026,7,f,817.75
BAHIA,AURELINO LEAL,3,2229,AURELINO LEAL,BA,2902401,11179,16103.50,26.8360,0.134590,2026,7,f,745.63
PERNAMBUCO,SAO LOURENCO DA MATA,218,35940,SAO LOURENCO DA MATA,PE,2613701,111249,16099.55,195.9568,0.606566,2026,7,f,850.82
TOCANTINS,SAO BENTO DO TOCANTINS,1,1608,SAO BENTO DO TOCANTINS,TO,1720101,5654,16091.62,17.6866,0.062189,2026,7,f,750.11
MINAS GERAIS,CAPELA NOVA,2,2783,CAPELA NOVA,MG,3112208,4362,16089.87,45.8505,0.071865,2026,7,f,1032.86
PERNAMBUCO,BARREIROS,33,14591,BARREIROS,PE,2601409,40121,16087.26,82.2512,0.226167,2026,7,f,716.35
MINAS GERAIS,RIO PRETO,1,7246,RIO PRETO,MG,3155900,5141,16084.42,19.4515,0.013801,2026,7,f,1203.03
MINAS GERAIS,CACHOEIRA DE PAJEU,0,2358,CACHOEIRA DE PAJEU,MG,3102704,9110,16075.19,0.0000,0.000000,2026,7,f,704.82
BAHIA,BUERAREMA,11,4794,BUERAREMA,BA,2904704,14804,16072.14,74.3042,0.229453,2026,7,f,880.80
MINAS GERAIS,TARUMIRIM,15,7115,TARUMIRIM,MG,3168408,14709,16070.30,101.9784,0.210822,2026,7,f,993.40
BAHIA,LIVRAMENTO DE NOSSA SENHORA,38,25285,LIVRAMENTO DE NOSSA SENHORA,BA,2919504,43903,16069.31,86.5544,0.150287,2026,7,f,884.92
PERNAMBUCO,BARRA DE GUABIRABA,2,3059,BARRA DE GUABIRABA,PE,2601300,12263,16065.97,16.3092,0.065381,2026,7,f,636.98
MINAS GERAIS,ITANHOMI,4,7411,ITANHOMI,MG,3133204,11128,16065.60,35.9454,0.053974,2026,7,f,1161.06
PARA,BRAGANCA,70,39217,BRAGANCA,PA,1501709,123082,16065.14,56.8727,0.178494,2026,7,f,810.48
MINAS GERAIS,TUMIRITINGA,3,1745,TUMIRITINGA,MG,3169505,5886,16056.74,50.9684,0.171920,2026,7,f,895.69
PARAIBA,BANANEIRAS,29,7986,BANANEIRAS,PB,2501500,23134,16036.14,125.3566,0.363135,2026,7,f,803.76
MINAS GERAIS,MONTE AZUL,0,13496,MONTE AZUL,MG,3142908,20328,16034.93,0.0000,0.000000,2026,7,f,951.14
ALAGOAS,TANQUE D'ARCA,2,2016,TANQUE D'ARCA,AL,2709004,5796,16022.95,34.5066,0.099206,2026,7,f,687.88
MINAS GERAIS,PESCADOR,1,1177,PESCADOR,MG,3150000,3570,16021.57,28.0112,0.084962,2026,7,f,965.48
PARANA,PIRAQUARA,267,66382,PIRAQUARA,PR,4119509,118730,16015.57,224.8800,0.402217,2026,7,f,1420.03
PARAIBA,CALDAS BRANDAO,1,2232,CALDAS BRANDAO,PB,2503803,5753,16014.08,17.3822,0.044803,2026,7,f,668.83
RIO GRANDE DO NORTE,EXTREMOZ,84,19356,EXTREMOZ,RN,2403608,61635,16005.65,136.2862,0.433974,2026,7,f,910.25
PARAIBA,SOLANEA,27,11617,SOLANEA,PB,2516003,26774,16003.40,100.8441,0.232418,2026,7,f,839.65
PERNAMBUCO,IBIMIRIM,9,9103,IBIMIRIM,PE,2606606,26593,15995.00,33.8435,0.098869,2026,7,f,646.06
MINAS GERAIS,JEQUITINHONHA,9,7771,JEQUITINHONHA,MG,3135803,24007,15993.17,37.4891,0.115815,2026,7,f,877.23
PARAIBA,RIO TINTO,21,9204,RIO TINTO,PB,2512903,24581,15992.19,85.4318,0.228162,2026,7,f,898.43
MINAS GERAIS,SOBRALIA,1,2647,SOBRALIA,MG,3167707,5137,15990.07,19.4666,0.037779,2026,7,f,1139.19
RIO GRANDE DO NORTE,RODOLFO FERNANDES,5,2367,RODOLFO FERNANDES,RN,2411007,4242,15974.78,117.8689,0.211238,2026,7,f,589.27
CEARA,ITAPAJE,17,21797,ITAPAJE,CE,2306306,46426,15971.93,36.6174,0.077992,2026,7,f,687.35
MARANHAO,BOM JESUS DAS SELVAS,4,7610,BOM JESUS DAS SELVAS,MA,2102036,28599,15971.40,13.9865,0.052562,2026,7,f,698.74
MINAS GERAIS,JANUARIA,11,31527,JANUARIA,MG,3135209,65150,15970.67,16.8841,0.034891,2026,7,f,973.95
RIO GRANDE DO NORTE,MARTINS,14,4004,MARTINS,RN,2407401,8179,15962.46,171.1701,0.349650,2026,7,f,888.12
PARA,CHAVES,0,40,CHAVES,PA,1502509,20757,15955.58,0.0000,0.000000,2026,7,f,584.29
RIO GRANDE DO NORTE,BARCELONA,0,994,BARCELONA,RN,2401503,3986,15951.58,0.0000,0.000000,2026,7,f,727.09
MINAS GERAIS,BRASILIA DE MINAS,11,16686,BRASILIA DE MINAS,MG,3108602,32025,15947.79,34.3482,0.065924,2026,7,f,922.51
RIO GRANDE DO NORTE,CEARA-MIRIM,64,27536,CEARA-MIRIM,RN,2402600,79115,15930.56,80.8949,0.232423,2026,7,f,749.64
PARA,CAPITAO POCO,21,14753,CAPITAO POCO,PA,1502301,56506,15929.88,37.1642,0.142344,2026,7,f,704.58
MINAS GERAIS,CANTAGALO,3,2201,CANTAGALO,MG,3112059,3974,15925.77,75.4907,0.136302,2026,7,f,940.19
PARAIBA,SAO JOAO DO RIO DO PEIXE,9,7297,SAO JOAO DO RIO DO PEIXE,PB,2500700,17964,15924.07,50.1002,0.123338,2026,7,f,847.03
RIO GRANDE DO NORTE,SAO VICENTE,6,2774,SAO VICENTE,RN,2413003,6310,15920.44,95.0872,0.216294,2026,7,f,795.80
PIAUI,ITAUEIRA,2,4034,ITAUEIRA,PI,2205102,10323,15919.98,19.3742,0.049579,2026,7,f,828.90
MINAS GERAIS,ENTRE FOLHAS,6,3459,ENTRE FOLHAS,MG,3123858,5179,15886.27,115.8525,0.173461,2026,7,f,953.02
RIO GRANDE DO NORTE,VENHA-VER,0,1155,VENHA-VER,RN,2414753,3014,15882.55,0.0000,0.000000,2026,7,f,592.10
BAHIA,CAFARNAUM,6,4581,CAFARNAUM,BA,2905305,17466,15871.64,34.3525,0.130976,2026,7,f,661.74
RIO GRANDE DO NORTE,RIACHO DA CRUZ,2,1042,RIACHO DA CRUZ,RN,2410702,2701,15867.09,74.0466,0.191939,2026,7,f,662.16
MARANHAO,PRESIDENTE MEDICI,0,1442,PRESIDENTE MEDICI,MA,2109239,4696,15862.01,0.0000,0.000000,2026,7,f,663.31
PARAIBA,ZABELE,2,576,ZABELE,PB,2517407,2228,15860.41,89.7666,0.347222,2026,7,f,663.21
PIAUI,LAGOINHA DO PIAUI,0,1180,LAGOINHA DO PIAUI,PI,2205540,2939,15852.33,0.0000,0.000000,2026,7,f,646.62
PARAIBA,MOGEIRO,0,4593,MOGEIRO,PB,2509404,13899,15851.28,0.0000,0.000000,2026,7,f,685.55
ALAGOAS,PIRANHAS,26,8319,PIRANHAS,AL,2707107,22609,15845.06,114.9985,0.312538,2026,7,f,826.25
PARA,OEIRAS DO PARA,1,1619,OEIRAS DO PARA,PA,1505205,33844,15837.14,2.9547,0.061767,2026,7,f,460.54
TOCANTINS,ESPERANTINA,0,1914,ESPERANTINA,TO,1707405,7530,15829.61,0.0000,0.000000,2026,7,f,723.55
SERGIPE,SALGADO,6,8249,SALGADO,SE,2806206,20279,15826.37,29.5873,0.072736,2026,7,f,798.99
PERNAMBUCO,CHA GRANDE,18,9379,CHA GRANDE,PE,2604502,20546,15824.44,87.6083,0.191918,2026,7,f,751.12
CEARA,ERERE,0,1161,ERERE,CE,2304277,6474,15824.07,0.0000,0.000000,2026,7,f,705.28
MARANHAO,CODO,45,45553,CODO,MA,2103307,114275,15821.77,39.3787,0.098786,2026,7,f,725.27
PIAUI,BARRO DURO,3,3425,BARRO DURO,PI,2201408,6640,15795.93,45.1807,0.087591,2026,7,f,740.09
GOIAS,DAMIANOPOLIS,1,1558,DAMIANOPOLIS,GO,5206701,3770,15790.19,26.5252,0.064185,2026,7,f,914.23
BAHIA,JUCURUCU,1,2403,JUCURUCU,BA,2918456,9655,15787.05,10.3573,0.041615,2026,7,f,827.44
MINAS GERAIS,CLARO DOS POCOES,1,2572,CLARO DOS POCOES,MG,3116506,7166,15776.30,13.9548,0.038880,2026,7,f,861.27
RIO GRANDE DO NORTE,FRANCISCO DANTAS,2,1360,FRANCISCO DANTAS,RN,2403905,2700,15770.37,74.0741,0.147059,2026,7,f,823.81
CEARA,CAMOCIM,37,24921,CAMOCIM,CE,2302602,62326,15770.10,59.3653,0.148469,2026,7,f,731.25
BAHIA,RODELAS,0,3003,RODELAS,BA,2927101,10308,15766.20,0.0000,0.000000,2026,7,f,697.59
PARA,IGARAPE-MIRI,16,10561,IGARAPE-MIRI,PA,1503309,64831,15763.23,24.6796,0.151501,2026,7,f,617.29
PIAUI,MONSENHOR GIL,5,2530,MONSENHOR GIL,PI,2206407,10255,15760.80,48.7567,0.197628,2026,7,f,799.67
SERGIPE,CEDRO DE SAO JOAO,4,2125,CEDRO DE SAO JOAO,SE,2801603,5391,15757.56,74.1977,0.188235,2026,7,f,764.19
MINAS GERAIS,NINHEIRA,1,3744,NINHEIRA,MG,3144656,10588,15755.19,9.4447,0.026709,2026,7,f,854.27
MARANHAO,PINHEIRO,57,36218,PINHEIRO,MA,2108603,84621,15752.59,67.3592,0.157380,2026,7,f,833.75
BAHIA,CASA NOVA,7,20165,CASA NOVA,BA,2907202,72086,15748.91,9.7106,0.034714,2026,7,f,685.09
MARANHAO,SANTA LUZIA DO PARUA,11,8184,SANTA LUZIA DO PARUA,MA,2110039,24307,15747.07,45.2545,0.134409,2026,7,f,793.93
MARANHAO,ALTO ALEGRE DO MARANHAO,10,6004,ALTO ALEGRE DO MARANHAO,MA,2100436,24048,15731.62,41.5835,0.166556,2026,7,f,671.08
BAHIA,CAATIBA,4,1334,CAATIBA,BA,2904803,6205,15718.29,64.4641,0.299850,2026,7,f,779.57
CEARA,ACARAPE,5,4181,ACARAPE,CE,2300150,14027,15717.83,35.6455,0.119589,2026,7,f,674.46
RIO GRANDE DO NORTE,VILA FLOR,3,1059,VILA FLOR,RN,2415008,3174,15709.83,94.5180,0.283286,2026,7,f,758.88
PARAIBA,AREIA,12,7965,AREIA,PB,2501104,22633,15707.68,53.0199,0.150659,2026,7,f,782.89
PERNAMBUCO,SAO JOAO,3,7585,SAO JOAO,PE,2613206,23837,15706.13,12.5855,0.039552,2026,7,f,739.27
BAHIA,SAUBARA,10,1963,SAUBARA,BA,2929750,11438,15699.60,87.4279,0.509424,2026,7,f,728.12
MINAS GERAIS,JOSE GONCALVES DE MINAS,0,2489,JOSE GONCALVES DE MINAS,MG,3136520,3969,15684.30,0.0000,0.000000,2026,7,f,935.50
CEARA,PACOTI,2,4306,PACOTI,CE,2309805,11186,15678.44,17.8795,0.046447,2026,7,f,720.80
SERGIPE,BREJO GRANDE,1,1257,BREJO GRANDE,SE,2800704,7841,15677.34,12.7535,0.079554,2026,7,f,554.26
AMAZONAS,JUTAI,2,1593,JUTAI,AM,1302306,25172,15674.16,7.9453,0.125549,2026,7,f,566.68
MINAS GERAIS,POTE,2,6497,POTE,MG,3152402,13666,15642.18,14.6349,0.030783,2026,7,f,840.81
BAHIA,CANAVIEIRAS,12,8354,CANAVIEIRAS,BA,2906303,32683,15634.40,36.7163,0.143644,2026,7,f,832.49
PARA,OUREM,4,3430,OUREM,PA,1505403,17855,15630.41,22.4027,0.116618,2026,7,f,694.89
MINAS GERAIS,CATUJI,2,2309,CATUJI,MG,3115458,7030,15630.16,28.4495,0.086618,2026,7,f,827.43
SERGIPE,SAO DOMINGOS,6,4452,SAO DOMINGOS,SE,2806800,10327,15623.61,58.1001,0.134771,2026,7,f,729.31
PARAIBA,DUAS ESTRADAS,0,1092,DUAS ESTRADAS,PB,2505808,3327,15621.58,0.0000,0.000000,2026,7,f,696.67
MINAS GERAIS,GAMELEIRAS,0,1809,GAMELEIRAS,MG,3127339,4793,15620.49,0.0000,0.000000,2026,7,f,723.32
BAHIA,CRISTOPOLIS,2,3835,CRISTOPOLIS,BA,2909703,13993,15616.74,14.2929,0.052151,2026,7,f,778.03
PERNAMBUCO,MIRANDIBA,2,3866,MIRANDIBA,PE,2609303,14166,15615.35,14.1183,0.051733,2026,7,f,719.61
BAHIA,EUCLIDES DA CUNHA,47,22424,EUCLIDES DA CUNHA,BA,2910701,61456,15613.58,76.4775,0.209597,2026,7,f,819.62
MINAS GERAIS,DIOGO DE VASCONCELOS,0,1775,DIOGO DE VASCONCELOS,MG,3121704,3549,15597.35,0.0000,0.000000,2026,7,f,920.07
RIO GRANDE DO NORTE,VERA CRUZ,13,5119,VERA CRUZ,RN,2414803,10735,15586.96,121.0992,0.253956,2026,7,f,662.24
PERNAMBUCO,OURICURI,36,31036,OURICURI,PE,2609907,65245,15582.86,55.1766,0.115994,2026,7,f,725.60
PIAUI,JATOBA DO PIAUI,1,1733,JATOBA DO PIAUI,PI,2205276,4494,15576.99,22.2519,0.057703,2026,7,f,724.37
MINAS GERAIS,MALACACHETA,2,8663,MALACACHETA,MG,3139201,17516,15572.16,11.4181,0.023087,2026,7,f,972.90
PARAIBA,GURJAO,1,880,GURJAO,PB,2506509,3242,15549.97,30.8452,0.113636,2026,7,f,777.68
PIAUI,PEDRO LAURENTINO,0,674,PEDRO LAURENTINO,PI,2207934,2458,15534.99,0.0000,0.000000,2026,7,f,630.74
CEARA,MAURITI,6,16659,MAURITI,CE,2308104,45561,15532.30,13.1692,0.036017,2026,7,f,667.97
CEARA,PINDORETAMA,15,8332,PINDORETAMA,CE,2310852,23391,15531.36,64.1272,0.180029,2026,7,f,794.00
AMAZONAS,ANAMA,0,351,ANAMA,AM,1300086,9962,15528.41,0.0000,0.000000,2026,7,f,559.76
MINAS GERAIS,JUVENILIA,0,1246,JUVENILIA,MG,3136959,5789,15524.44,0.0000,0.000000,2026,7,f,678.48
PARAIBA,RIACHAO DO POCO,1,1838,RIACHAO DO POCO,PB,2512762,4738,15522.58,21.1060,0.054407,2026,7,f,516.30
CEARA,TARRAFAS,1,2997,TARRAFAS,CE,2313252,7529,15516.93,13.2820,0.033367,2026,7,f,767.47
MINAS GERAIS,CAPITAO ANDRADE,1,3055,CAPITAO ANDRADE,MG,3112653,4585,15516.68,21.8103,0.032733,2026,7,f,1030.24
PERNAMBUCO,SAO CAITANO,21,16565,SAO CAITANO,PE,2613107,37126,15514.25,56.5641,0.126773,2026,7,f,698.82
MINAS GERAIS,ESPINOSA,3,21283,ESPINOSA,MG,3124302,30443,15510.86,9.8545,0.014096,2026,7,f,886.68
BAHIA,BIRITINGA,2,3571,BIRITINGA,BA,2903607,15146,15492.80,13.2048,0.056007,2026,7,f,680.46
PARA,SANTA CRUZ DO ARARI,1,314,SANTA CRUZ DO ARARI,PA,1506401,7445,15479.52,13.4318,0.318471,2026,7,f,520.36
PARA,BAIAO,7,4878,BAIAO,PA,1501204,51641,15479.23,13.5551,0.143501,2026,7,f,460.65
PERNAMBUCO,AGRESTINA,9,10995,AGRESTINA,PE,2600302,23779,15479.04,37.8485,0.081855,2026,7,f,705.78
BAHIA,MALHADA,1,3797,MALHADA,BA,2920205,15398,15475.58,6.4943,0.026337,2026,7,f,586.10
PIAUI,BELA VISTA DO PIAUI,0,1270,BELA VISTA DO PIAUI,PI,2201556,4091,15468.83,0.0000,0.000000,2026,7,f,691.55
CEARA,IPAUMIRIM,5,9277,IPAUMIRIM,CE,2305704,12083,15464.79,41.3805,0.053897,2026,7,f,744.84
MINAS GERAIS,NOVO CRUZEIRO,6,13638,NOVO CRUZEIRO,MG,3145307,26975,15447.64,22.2428,0.043995,2026,7,f,783.61
PARAIBA,SAO FRANCISCO,1,1275,SAO FRANCISCO,PB,2513984,3137,15443.74,31.8776,0.078431,2026,7,f,799.27
BAHIA,CONDE,11,5281,CONDE,BA,2908606,23654,15442.72,46.5038,0.208294,2026,7,f,674.79
AMAZONAS,NOVO AIRAO,5,2531,NOVO AIRAO,AM,1303205,15761,15437.85,31.7239,0.197550,2026,7,f,700.88
PARA,ABAETETUBA,78,56352,ABAETETUBA,PA,1500107,158188,15431.59,49.3084,0.138416,2026,7,f,771.33
PARA,PRAINHA,1,2447,PRAINHA,PA,1506005,35577,15428.11,2.8108,0.040866,2026,7,f,451.71
ALAGOAS,JACARE DOS HOMENS,2,1455,JACARE DOS HOMENS,AL,2703403,5083,15426.32,39.3468,0.137457,2026,7,f,724.87
CEARA,ACOPIARA,23,21402,ACOPIARA,CE,2300309,44962,15424.91,51.1543,0.107467,2026,7,f,758.47
PARAIBA,SALGADO DE SAO FELIX,2,2843,SALGADO DE SAO FELIX,PB,2513109,11505,15412.52,17.3837,0.070348,2026,7,f,636.36
PARA,GURUPA,0,1393,GURUPA,PA,1503101,31786,15399.77,0.0000,0.000000,2026,7,f,634.91
MINAS GERAIS,DORES DO TURVO,1,4210,DORES DO TURVO,MG,3123304,4987,15399.64,20.0521,0.023753,2026,7,f,1239.11
PIAUI,ESPERANTINA,24,18176,ESPERANTINA,PI,2203701,40970,15398.90,58.5794,0.132042,2026,7,f,826.99
GOIAS,BONFINOPOLIS,6,5439,BONFINOPOLIS,GO,5203559,10296,15396.27,58.2751,0.110314,2026,7,f,1337.45
PARAIBA,POCO DE JOSE DE MOURA,4,1329,POCO DE JOSE DE MOURA,PB,2512077,4006,15390.66,99.8502,0.300978,2026,7,f,838.02
RIO GRANDE DO NORTE,SAO BENTO DO TRAIRI,4,1438,SAO BENTO DO TRAIRI,RN,2411700,3792,15361.55,105.4852,0.278164,2026,7,f,715.33
PARAIBA,SAO DOMINGOS DO CARIRI,0,924,SAO DOMINGOS DO CARIRI,PB,2513943,2585,15361.32,0.0000,0.000000,2026,7,f,736.91
MINAS GERAIS,ESMERALDAS,41,29293,ESMERALDAS,MG,3124104,85598,15358.90,47.8983,0.139965,2026,7,f,1207.13
PARAIBA,SERRA DA RAIZ,0,654,SERRA DA RAIZ,PB,2515609,3094,15354.56,0.0000,0.000000,2026,7,f,775.82
BAHIA,JUSSARI,2,1251,JUSSARI,BA,2918555,5888,15353.94,33.9674,0.159872,2026,7,f,788.28
PIAUI,ELESBAO VELOSO,4,5774,ELESBAO VELOSO,PI,2203503,13607,15350.41,29.3966,0.069276,2026,7,f,794.04
PARAIBA,SANTO ANDRE,1,794,SANTO ANDRE,PB,2513851,2622,15336.00,38.1388,0.125945,2026,7,f,760.73
MARANHAO,GOVERNADOR LUIZ ROCHA,0,1736,GOVERNADOR LUIZ ROCHA,MA,2104628,7063,15334.14,0.0000,0.000000,2026,7,f,710.62
PARAIBA,BERNARDINO BATISTA,0,715,BERNARDINO BATISTA,PB,2502052,3504,15331.34,0.0000,0.000000,2026,7,f,774.50
RIO GRANDE DO NORTE,ALEXANDRIA,9,8012,ALEXANDRIA,RN,2400505,13640,15331.16,65.9824,0.112332,2026,7,f,767.82
MINAS GERAIS,CORREGO DO BOM JESUS,0,2707,CORREGO DO BOM JESUS,MG,3119906,4272,15328.42,0.0000,0.000000,2026,7,f,1580.09
MARANHAO,SAO FRANCISCO DO BREJAO,2,2682,SAO FRANCISCO DO BREJAO,MA,2110856,9051,15328.36,22.0970,0.074571,2026,7,f,766.28
BAHIA,SERRA DOURADA,1,4881,SERRA DOURADA,BA,2930303,17066,15317.71,5.8596,0.020488,2026,7,f,736.13
PIAUI,JERUMENHA,1,1207,JERUMENHA,PI,2205300,4497,15315.77,22.2370,0.082850,2026,7,f,958.54
MARANHAO,SENADOR LA ROCQUE,7,7113,SENADOR LA ROCQUE,MA,2111763,14700,15315.71,47.6190,0.098411,2026,7,f,797.07
RIO GRANDE DO NORTE,SANTO ANTONIO,13,9844,SANTO ANTONIO,RN,2411502,22177,15309.33,58.6193,0.132060,2026,7,f,756.25
MINAS GERAIS,DIONISIO,2,3191,DIONISIO,MG,3121803,6847,15306.41,29.2099,0.062676,2026,7,f,1053.51
PARAIBA,MATO GROSSO,1,1276,MATO GROSSO,PB,2509370,2543,15296.89,39.3236,0.078370,2026,7,f,812.10
BAHIA,CAPELA DO ALTO ALEGRE,8,3568,CAPELA DO ALTO ALEGRE,BA,2906857,10744,15296.17,74.4602,0.224215,2026,7,f,809.20
PARAIBA,EMAS,0,768,EMAS,PB,2505907,3011,15291.27,0.0000,0.000000,2026,7,f,759.34
AMAZONAS,ALVARAES,0,1183,ALVARAES,AM,1300029,15866,15289.55,0.0000,0.000000,2026,7,f,494.91
BAHIA,NOVA FATIMA,2,3021,NOVA FATIMA,BA,2922730,7967,15287.94,25.1036,0.066203,2026,7,f,865.88
RIO GRANDE DO NORTE,MESSIAS TARGINO,2,1849,MESSIAS TARGINO,RN,2407609,4274,15284.28,46.7946,0.108167,2026,7,f,907.34
BAHIA,ALMADINA,0,1031,ALMADINA,BA,2900900,5218,15276.16,0.0000,0.000000,2026,7,f,912.36
BAHIA,IGAPORA,3,4004,IGAPORA,BA,2913408,15527,15275.71,19.3212,0.074925,2026,7,f,811.64
PARAIBA,INGA,12,7578,INGA,PB,2506806,17692,15270.12,67.8273,0.158353,2026,7,f,841.64
BAHIA,TERRA NOVA,9,2033,TERRA NOVA,BA,2931707,10798,15268.66,83.3488,0.442696,2026,7,f,797.69
PARAIBA,JUAZEIRINHO,5,4837,JUAZEIRINHO,PB,2507705,17007,15265.60,29.3997,0.103370,2026,7,f,673.57
MINAS GERAIS,SAO JOAO DA LAGOA,0,1665,SAO JOAO DA LAGOA,MG,3162252,4822,15265.45,0.0000,0.000000,2026,7,f,949.31
MINAS GERAIS,BIAS FORTES,0,1347,BIAS FORTES,MG,3106804,3361,15264.80,0.0000,0.000000,2026,7,f,1000.58
CEARA,TAUA,35,32650,TAUA,CE,2313302,61227,15260.41,57.1643,0.107198,2026,7,f,831.53
MINAS GERAIS,INDAIABIRA,0,2818,INDAIABIRA,MG,3130655,6346,15257.64,0.0000,0.000000,2026,7,f,751.52
BAHIA,PARAMIRIM,18,9656,PARAMIRIM,BA,2923605,20351,15254.93,88.4477,0.186413,2026,7,f,985.08
PIAUI,CANAVIEIRA,0,399,CANAVIEIRA,PI,2202251,3414,15240.77,0.0000,0.000000,2026,7,f,755.33
PIAUI,CAMPINAS DO PIAUI,1,1501,CAMPINAS DO PIAUI,PI,2202109,4938,15233.09,20.2511,0.066622,2026,7,f,685.57
MINAS GERAIS,BOM JESUS DO GALHO,6,7143,BOM JESUS DO GALHO,MG,3107802,14536,15228.95,41.2768,0.083998,2026,7,f,1035.37
PARAIBA,BREJO DO CRUZ,5,6295,BREJO DO CRUZ,PB,2502805,13613,15228.46,36.7296,0.079428,2026,7,f,732.48
BAHIA,SERRA DO RAMALHO,3,8828,SERRA DO RAMALHO,BA,2930154,34222,15226.64,8.7663,0.033983,2026,7,f,748.40
RIO GRANDE DO NORTE,JOSE DA PENHA,4,2784,JOSE DA PENHA,RN,2406007,5803,15216.61,68.9299,0.143678,2026,7,f,869.82
PERNAMBUCO,SAO JOSE DO BELMONTE,12,14583,SAO JOSE DO BELMONTE,PE,2613503,34843,15208.31,34.4402,0.082288,2026,7,f,780.35
ALAGOAS,SATUBA,44,7810,SATUBA,AL,2708907,24278,15206.52,181.2340,0.563380,2026,7,f,970.21
PARAIBA,TEIXEIRA,9,9759,TEIXEIRA,PB,2516706,14631,15206.00,61.5132,0.092223,2026,7,f,702.92
PERNAMBUCO,SAO JOSE DO EGITO,22,15410,SAO JOSE DO EGITO,PE,2613602,31004,15205.33,70.9586,0.142764,2026,7,f,818.37
BAHIA,IBIRAPITANGA,5,4159,IBIRAPITANGA,BA,2912707,25344,15204.82,19.7285,0.120221,2026,7,f,671.17
MINAS GERAIS,JOAIMA,3,4534,JOAIMA,MG,3136009,13888,15202.04,21.6014,0.066167,2026,7,f,767.77
ALAGOAS,MONTEIROPOLIS,3,1792,MONTEIROPOLIS,AL,2705408,7184,15201.56,41.7595,0.167411,2026,7,f,635.08
PARAIBA,SANTA TERESINHA,0,1862,SANTA TERESINHA,PB,2513802,4402,15199.68,0.0000,0.000000,2026,7,f,755.28
MINAS GERAIS,MONTEZUMA,1,3271,MONTEZUMA,MG,3143450,6888,15199.19,14.5180,0.030572,2026,7,f,840.43
PARAIBA,SAO JOSE DE PIRANHAS,17,8231,SAO JOSE DE PIRANHAS,PB,2514503,19067,15180.00,89.1593,0.206536,2026,7,f,820.53
ALAGOAS,TRAIPU,16,5838,TRAIPU,AL,2709202,23565,15179.93,67.8973,0.274066,2026,7,f,599.73
PIAUI,SAO JOSE DO PEIXE,0,665,SAO JOSE DO PEIXE,PI,2210102,3297,15177.13,0.0000,0.000000,2026,7,f,840.15
MINAS GERAIS,OURO VERDE DE MINAS,0,3117,OURO VERDE DE MINAS,MG,3146206,5757,15175.09,0.0000,0.000000,2026,7,f,835.85
PIAUI,PASSAGEM FRANCA DO PIAUI,0,1001,PASSAGEM FRANCA DO PIAUI,PI,2207751,4135,15170.01,0.0000,0.000000,2026,7,f,776.48
CEARA,QUIXELO,1,7434,QUIXELO,CE,2311355,15910,15166.37,6.2854,0.013452,2026,7,f,693.31
MINAS GERAIS,SANTO ANTONIO DO ITAMBE,0,1636,SANTO ANTONIO DO ITAMBE,MG,3160207,3915,15157.85,0.0000,0.000000,2026,7,f,719.21
PIAUI,FRANCISCO AYRES,0,1051,FRANCISCO AYRES,PI,2204105,4412,15148.01,0.0000,0.000000,2026,7,f,701.60
RIO GRANDE DO NORTE,MONTE ALEGRE,25,7477,MONTE ALEGRE,RN,2407807,23031,15142.68,108.5493,0.334359,2026,7,f,743.36
MARANHAO,DAVINOPOLIS,11,4835,DAVINOPOLIS,MA,2103752,14404,15139.68,76.3677,0.227508,2026,7,f,823.31
BAHIA,SAO JOSE DO JACUIPE,4,3658,SAO JOSE DO JACUIPE,BA,2929370,10187,15138.02,39.2657,0.109349,2026,7,f,711.00
BAHIA,URANDI,7,7622,URANDI,BA,2932606,15355,15133.18,45.5878,0.091839,2026,7,f,970.15
MINAS GERAIS,SANTA CRUZ DE SALINAS,0,1545,SANTA CRUZ DE SALINAS,MG,3157377,3910,15132.74,0.0000,0.000000,2026,7,f,783.39
BAHIA,CORONEL JOAO SA,3,3603,CORONEL JOAO SA,BA,2909208,17056,15131.80,17.5891,0.083264,2026,7,f,704.02
PERNAMBUCO,CUPIRA,28,12868,CUPIRA,PE,2605004,23518,15129.22,119.0577,0.217594,2026,7,f,712.78
MINAS GERAIS,MARIO CAMPOS,24,10252,MARIO CAMPOS,MG,3140159,15900,15124.34,150.9434,0.234101,2026,7,f,1367.25
PARA,SENADOR JOSE PORFIRIO,1,2298,SENADOR JOSE PORFIRIO,PA,1507805,22576,15115.34,4.4295,0.043516,2026,7,f,627.70
PIAUI,COLONIA DO GURGUEIA,0,1776,COLONIA DO GURGUEIA,PI,2202752,6150,15113.66,0.0000,0.000000,2026,7,f,843.92
ALAGOAS,CANAPI,0,4435,CANAPI,AL,2701605,15559,15112.86,0.0000,0.000000,2026,7,f,628.19
MARANHAO,SAO MATEUS DO MARANHAO,16,13560,SAO MATEUS DO MARANHAO,MA,2111508,38829,15105.93,41.2063,0.117994,2026,7,f,753.38
MINAS GERAIS,RUBELITA,4,1431,RUBELITA,MG,3156502,5679,15103.89,70.4349,0.279525,2026,7,f,828.98
RIO GRANDE DO NORTE,OLHO D'AGUA DO BORGES,3,1630,OLHO D'AGUA DO BORGES,RN,2408409,3905,15101.66,76.8246,0.184049,2026,7,f,779.49
BAHIA,ITAPARICA,14,4421,ITAPARICA,BA,2916104,19789,15084.85,70.7464,0.316670,2026,7,f,857.63
AMAZONAS,CARAUARI,0,3880,CARAUARI,AM,1301001,28742,15076.26,0.0000,0.000000,2026,7,f,579.82
RIO GRANDE DO NORTE,DOUTOR SEVERIANO,1,2586,DOUTOR SEVERIANO,RN,2403202,7044,15071.55,14.1965,0.038670,2026,7,f,730.16
PIAUI,LUIS CORREIA,22,11112,LUIS CORREIA,PI,2205706,30641,15071.51,71.7992,0.197984,2026,7,f,694.72
BAHIA,PRESIDENTE TANCREDO NEVES,6,11230,PRESIDENTE TANCREDO NEVES,BA,2925758,27734,15069.34,21.6341,0.053428,2026,7,f,813.19
BAHIA,RIO DE CONTAS,6,5317,RIO DE CONTAS,BA,2926707,13184,15051.27,45.5097,0.112846,2026,7,f,888.97
PIAUI,SANTA CRUZ DOS MILAGRES,0,828,SANTA CRUZ DOS MILAGRES,PI,2209153,3435,15048.03,0.0000,0.000000,2026,7,f,635.96
PIAUI,ELISEU MARTINS,1,1284,ELISEU MARTINS,PI,2203602,4377,15043.18,22.8467,0.077882,2026,7,f,886.51
PERNAMBUCO,MACAPARANA,16,9934,MACAPARANA,PE,2609006,23879,15042.84,67.0045,0.161063,2026,7,f,730.04
SERGIPE,SANTA ROSA DE LIMA,1,1101,SANTA ROSA DE LIMA,SE,2806503,3937,15033.27,25.4001,0.090827,2026,7,f,578.91
PARAIBA,LAGOA SECA,102,12128,LAGOA SECA,PB,2508307,27730,15030.44,367.8327,0.841029,2026,7,f,927.20
PARAIBA,JURIPIRANGA,2,2656,JURIPIRANGA,PB,2507903,10012,15028.07,19.9760,0.075301,2026,7,f,659.58
BAHIA,TANHACU,9,8581,TANHACU,BA,2931004,21006,15023.18,42.8449,0.104883,2026,7,f,716.18
MINAS GERAIS,FREI LAGONEGRO,0,1393,FREI LAGONEGRO,MG,3126950,3391,15020.05,0.0000,0.000000,2026,7,f,894.84
PARA,MAGALHAES BARATA,0,951,MAGALHAES BARATA,PA,1504109,8115,15015.53,0.0000,0.000000,2026,7,f,619.04
MINAS GERAIS,VARGEM ALEGRE,2,3104,VARGEM ALEGRE,MG,3170578,5780,15012.80,34.6021,0.064433,2026,7,f,1037.57
PARAIBA,JACARAU,5,4862,JACARAU,PB,2507309,14477,15007.11,34.5375,0.102838,2026,7,f,721.89
PARAIBA,PIANCO,7,7912,PIANCO,PB,2511301,16441,15004.26,42.5765,0.088473,2026,7,f,818.71
PERNAMBUCO,CANHOTINHO,10,8258,CANHOTINHO,PE,2603702,24329,15002.51,41.1032,0.121095,2026,7,f,705.83
BAHIA,CONCEICAO DO ALMEIDA,11,4761,CONCEICAO DO ALMEIDA,BA,2908309,15794,14974.48,69.6467,0.231044,2026,7,f,864.35
MINAS GERAIS,SAO JOAO DA PONTE,3,9407,SAO JOAO DA PONTE,MG,3162401,23930,14972.88,12.5366,0.031891,2026,7,f,816.07
PIAUI,REDENCAO DO GURGUEIA,0,2443,REDENCAO DO GURGUEIA,PI,2208700,8394,14964.62,0.0000,0.000000,2026,7,f,697.28
RIO GRANDE DO NORTE,LAGOA SALGADA,1,3378,LAGOA SALGADA,RN,2406601,8319,14963.70,12.0207,0.029603,2026,7,f,692.89
RIO GRANDE DO NORTE,FLORANIA,8,3745,FLORANIA,RN,2403806,10196,14957.04,78.4621,0.213618,2026,7,f,884.77
RIO GRANDE DO NORTE,PASSAGEM,2,1036,PASSAGEM,RN,2409209,3115,14954.41,64.2055,0.193050,2026,7,f,744.56
PARAIBA,LAGOA,5,1451,LAGOA,PB,2508109,4415,14947.00,113.2503,0.344590,2026,7,f,737.35
MINAS GERAIS,CATUTI,0,6246,CATUTI,MG,3115474,4739,14945.77,0.0000,0.000000,2026,7,f,743.35
BAHIA,DOM BASILIO,4,6147,DOM BASILIO,BA,2910107,11884,14914.42,33.6587,0.065072,2026,7,f,760.00
PARAIBA,SUME,8,6778,SUME,PB,2516300,17166,14889.96,46.6038,0.118029,2026,7,f,880.46
BAHIA,PALMEIRAS,1,3578,PALMEIRAS,BA,2923506,10339,14887.22,9.6721,0.027949,2026,7,f,932.17
MINAS GERAIS,ITAVERAVA,0,2655,ITAVERAVA,MG,3133907,5642,14885.86,0.0000,0.000000,2026,7,f,1084.27
MINAS GERAIS,VIRGOLANDIA,3,2140,VIRGOLANDIA,MG,3171907,4552,14883.13,65.9051,0.140187,2026,7,f,927.50
PARAIBA,OLIVEDOS,1,1164,OLIVEDOS,PB,2510501,3580,14879.89,27.9330,0.085911,2026,7,f,705.86
MINAS GERAIS,PIRANGA,3,9133,PIRANGA,MG,3150802,17018,14876.95,17.6284,0.032848,2026,7,f,970.68
CEARA,SAO LUIS DO CURU,1,4047,SAO LUIS DO CURU,CE,2312601,10822,14876.82,9.2404,0.024710,2026,7,f,622.89
RIO GRANDE DO NORTE,SERRA DE SAO BENTO,2,1631,SERRA DE SAO BENTO,RN,2413300,5703,14875.15,35.0693,0.122624,2026,7,f,664.27
PIAUI,DOM EXPEDITO LOPES,6,3048,DOM EXPEDITO LOPES,PI,2203404,6320,14868.51,94.9367,0.196850,2026,7,f,918.12
PARAIBA,BELEM DO BREJO DO CRUZ,3,1653,BELEM DO BREJO DO CRUZ,PB,2502003,6268,14862.80,47.8622,0.181488,2026,7,f,798.02
RIO GRANDE DO NORTE,SAO JOSE DO CAMPESTRE,7,2802,SAO JOSE DO CAMPESTRE,RN,2412302,11121,14857.48,62.9440,0.249822,2026,7,f,797.93
RIO GRANDE DO NORTE,SERRA CAIADA,5,2905,SERRA CAIADA,RN,2410306,10125,14855.60,49.3827,0.172117,2026,7,f,632.55
BAHIA,CORIBE,2,4389,CORIBE,BA,2909109,13990,14852.47,14.2959,0.045568,2026,7,f,757.51
PARAIBA,SAO BENTINHO,0,1350,SAO BENTINHO,PB,2513927,4327,14851.86,0.0000,0.000000,2026,7,f,710.23
RIO GRANDE DO NORTE,AFONSO BEZERRA,0,2411,AFONSO BEZERRA,RN,2400307,10839,14846.48,0.0000,0.000000,2026,7,f,792.26
PIAUI,BREJO DO PIAUI,0,1166,BREJO DO PIAUI,PI,2201988,3904,14845.29,0.0000,0.000000,2026,7,f,662.87
BAHIA,LAPAO,14,7684,LAPAO,BA,2919157,25736,14835.72,54.3985,0.182197,2026,7,f,703.21
CEARA,CATARINA,2,4753,CATARINA,CE,2303600,10243,14835.40,19.5255,0.042079,2026,7,f,715.33
MINAS GERAIS,INIMUTABA,2,3367,INIMUTABA,MG,3131109,7371,14831.37,27.1334,0.059400,2026,7,f,989.42
SERGIPE,NOSSA SENHORA DO SOCORRO,182,73966,NOSSA SENHORA DO SOCORRO,SE,2804805,192330,14829.08,94.6290,0.246059,2026,7,f,822.63
PIAUI,CRISTINO CASTRO,4,3980,CRISTINO CASTRO,PI,2203107,10503,14823.96,38.0844,0.100503,2026,7,f,857.08
PARA,VISEU,2,5534,VISEU,PA,1508308,58692,14818.19,3.4076,0.036140,2026,7,f,515.80
PARAIBA,POCO DANTAS,0,960,POCO DANTAS,PB,2512036,3830,14807.57,0.0000,0.000000,2026,7,f,624.78
BAHIA,COARACI,8,5225,COARACI,BA,2908002,17333,14806.61,46.1547,0.153110,2026,7,f,846.49
MINAS GERAIS,BOTUMIRIM,0,1890,BOTUMIRIM,MG,3108503,5790,14802.59,0.0000,0.000000,2026,7,f,760.09
PARAIBA,CRUZ DO ESPIRITO SANTO,3,6188,CRUZ DO ESPIRITO SANTO,PB,2504900,17095,14800.41,17.5490,0.048481,2026,7,f,671.67
BAHIA,BARRA DO CHOCA,29,9176,BARRA DO CHOCA,BA,2902906,36539,14799.26,79.3673,0.316042,2026,7,f,784.48
AMAZONAS,ITAMARATI,2,501,ITAMARATI,AM,1301951,10937,14791.72,18.2866,0.399202,2026,7,f,525.38
PARA,CACHOEIRA DO ARARI,1,1964,CACHOEIRA DO ARARI,PA,1502004,23981,14790.96,4.1700,0.050916,2026,7,f,488.54
BAHIA,JAGUARIPE,2,2990,JAGUARIPE,BA,2917805,17659,14786.85,11.3257,0.066890,2026,7,f,627.54
CEARA,BARRO,2,6333,BARRO,CE,2302008,19381,14785.46,10.3194,0.031581,2026,7,f,729.66
MINAS GERAIS,SERRA AZUL DE MINAS,0,1488,SERRA AZUL DE MINAS,MG,3166501,3792,14780.85,0.0000,0.000000,2026,7,f,738.71
MINAS GERAIS,PRESIDENTE KUBITSCHEK,0,1423,PRESIDENTE KUBITSCHEK,MG,3153301,3071,14774.67,0.0000,0.000000,2026,7,f,842.67
PIAUI,CAPITAO GERVASIO OLIVEIRA,0,842,CAPITAO GERVASIO OLIVEIRA,PI,2202455,3974,14772.02,0.0000,0.000000,2026,7,f,677.47
PIAUI,RIACHO FRIO,0,786,RIACHO FRIO,PI,2208858,4165,14766.63,0.0000,0.000000,2026,7,f,613.04
BAHIA,FEIRA DA MATA,0,1499,FEIRA DA MATA,BA,2910776,5631,14764.70,0.0000,0.000000,2026,7,f,731.17
MINAS GERAIS,MARLIERIA,1,2234,MARLIERIA,MG,3140308,4592,14760.24,21.7770,0.044763,2026,7,f,1319.11
BAHIA,GAVIAO,0,1364,GAVIAO,BA,2911253,4360,14758.94,0.0000,0.000000,2026,7,f,878.17
CEARA,VARZEA ALEGRE,12,20254,VARZEA ALEGRE,CE,2314003,38984,14755.13,30.7819,0.059248,2026,7,f,768.75
PERNAMBUCO,ALAGOINHA,8,4124,ALAGOINHA,PE,2600609,13542,14750.48,59.0755,0.193986,2026,7,f,874.61
CEARA,ICO,18,31173,ICO,CE,2305407,62642,14749.94,28.7347,0.057742,2026,7,f,706.40
PARAIBA,PICUI,12,5327,PICUI,PB,2511400,18333,14744.78,65.4557,0.225268,2026,7,f,811.97
PARAIBA,CURRAL VELHO,1,653,CURRAL VELHO,PB,2505303,2292,14739.53,43.6300,0.153139,2026,7,f,745.84
CEARA,CAMPOS SALES,7,14262,CAMPOS SALES,CE,2302701,25135,14724.77,27.8496,0.049081,2026,7,f,748.63
MARANHAO,ITAPECURU MIRIM,19,20741,ITAPECURU MIRIM,MA,2105401,60440,14724.16,31.4361,0.091606,2026,7,f,658.19
GOIAS,CIDADE OCIDENTAL,8,16298,CIDADE OCIDENTAL,GO,5205497,91767,14722.21,8.7177,0.049086,2026,7,f,1257.39
BAHIA,POTIRAGUA,4,2018,POTIRAGUA,BA,2925402,10274,14720.95,38.9332,0.198216,2026,7,f,857.35
MINAS GERAIS,MONTALVANIA,3,6524,MONTALVANIA,MG,3142700,14060,14720.06,21.3371,0.045984,2026,7,f,803.08
MINAS GERAIS,COROACI,5,4092,COROACI,MG,3119203,10884,14704.24,45.9390,0.122190,2026,7,f,1144.81
MINAS GERAIS,NOVO ORIENTE DE MINAS,1,3416,NOVO ORIENTE DE MINAS,MG,3145356,10275,14694.79,9.7324,0.029274,2026,7,f,834.08
MARANHAO,FERNANDO FALCAO,1,1656,FERNANDO FALCAO,MA,2104081,10873,14693.37,9.1971,0.060386,2026,7,f,584.52
MINAS GERAIS,PADRE PARAISO,3,9515,PADRE PARAISO,MG,3146305,17334,14692.57,17.3070,0.031529,2026,7,f,829.05
BAHIA,CONTENDAS DO SINCORA,1,1188,CONTENDAS DO SINCORA,BA,2908804,4333,14684.28,23.0787,0.084175,2026,7,f,781.32
PIAUI,CAJAZEIRAS DO PIAUI,0,750,CAJAZEIRAS DO PIAUI,PI,2202075,3108,14683.72,0.0000,0.000000,2026,7,f,630.48
MINAS GERAIS,RIO DO PRADO,2,1481,RIO DO PRADO,MG,3155108,4639,14681.40,43.1127,0.135044,2026,7,f,839.03
MARANHAO,JOAO LISBOA,9,9743,JOAO LISBOA,MA,2105500,24709,14678.54,36.4240,0.092374,2026,7,f,850.02
PIAUI,BOM PRINCIPIO DO PIAUI,2,1667,BOM PRINCIPIO DO PIAUI,PI,2201919,5636,14666.25,35.4862,0.119976,2026,7,f,544.35
ALAGOAS,PORTO REAL DO COLEGIO,14,4305,PORTO REAL DO COLEGIO,AL,2707503,20082,14657.45,69.7142,0.325203,2026,7,f,571.27
PERNAMBUCO,CHA DE ALEGRIA,4,3210,CHA DE ALEGRIA,PE,2604403,12984,14654.42,30.8071,0.124611,2026,7,f,658.43
BAHIA,CURACA,3,5705,CURACA,BA,2909901,34180,14626.45,8.7771,0.052585,2026,7,f,646.06
CEARA,MOMBACA,19,16721,MOMBACA,CE,2308500,37735,14622.87,50.3511,0.113630,2026,7,f,765.22
PARAIBA,GURINHEM,1,4358,GURINHEM,PB,2506400,13766,14617.68,7.2643,0.022946,2026,7,f,684.73
PERNAMBUCO,ALTINHO,6,6981,ALTINHO,PE,2600807,20674,14608.78,29.0220,0.085948,2026,7,f,750.58
MINAS GERAIS,MESQUITA,2,2286,MESQUITA,MG,3141702,5040,14595.63,39.6825,0.087489,2026,7,f,1148.49
PERNAMBUCO,CACHOEIRINHA,14,9858,CACHOEIRINHA,PE,2603108,19899,14590.58,70.3553,0.142017,2026,7,f,751.83
BAHIA,IBIRATAIA,6,6023,IBIRATAIA,BA,2912905,18792,14590.52,31.9285,0.099618,2026,7,f,784.17
PARAIBA,MARIZOPOLIS,2,2245,MARIZOPOLIS,PB,2509156,6705,14579.72,29.8285,0.089087,2026,7,f,737.18
RIO GRANDE DO NORTE,ALMINO AFONSO,7,2032,ALMINO AFONSO,RN,2400604,4687,14578.41,149.3493,0.344488,2026,7,f,918.71
PARAIBA,CAPIM,1,2082,CAPIM,PB,2504033,6970,14575.61,14.3472,0.048031,2026,7,f,624.27
SERGIPE,SAO CRISTOVAO,110,36219,SAO CRISTOVAO,SE,2806701,95612,14568.65,115.0483,0.303708,2026,7,f,1124.93
PARAIBA,BARRA DE SANTA ROSA,7,3575,BARRA DE SANTA ROSA,PB,2501609,12904,14567.19,54.2467,0.195804,2026,7,f,686.75
TOCANTINS,BURITI DO TOCANTINS,0,2971,BURITI DO TOCANTINS,TO,1703800,10307,14550.60,0.0000,0.000000,2026,7,f,665.20
PERNAMBUCO,AFRANIO,2,6231,AFRANIO,PE,2600203,18674,14547.93,10.7101,0.032098,2026,7,f,691.79
RIO GRANDE DO NORTE,IELMO MARINHO,4,3157,IELMO MARINHO,RN,2404606,11615,14546.19,34.4382,0.126703,2026,7,f,602.87
MARANHAO,CENTRO NOVO DO MARANHAO,1,3195,CENTRO NOVO DO MARANHAO,MA,2103174,16267,14545.40,6.1474,0.031299,2026,7,f,705.59
PIAUI,MARCOS PARENTE,1,1267,MARCOS PARENTE,PI,2206001,4724,14543.82,21.1685,0.078927,2026,7,f,822.41
PIAUI,OLHO D'AGUA DO PIAUI,2,1064,OLHO D'AGUA DO PIAUI,PI,2207108,2637,14541.52,75.8438,0.187970,2026,7,f,688.37
MINAS GERAIS,CRISTALIA,0,2515,CRISTALIA,MG,3120300,5121,14537.59,0.0000,0.000000,2026,7,f,740.25
MINAS GERAIS,MIRAVANIA,0,1255,MIRAVANIA,MG,3142254,3985,14534.25,0.0000,0.000000,2026,7,f,775.27
RIO GRANDE DO NORTE,PEDRO VELHO,1,4441,PEDRO VELHO,RN,2409803,13824,14532.41,7.2338,0.022517,2026,7,f,697.64
BAHIA,PALMAS DE MONTE ALTO,4,5856,PALMAS DE MONTE ALTO,BA,2923407,20078,14525.30,19.9223,0.068306,2026,7,f,776.26
PARAIBA,RIACHAO DO BACAMARTE,4,1823,RIACHAO DO BACAMARTE,PB,2512754,4690,14524.95,85.2878,0.219419,2026,7,f,669.38
MINAS GERAIS,SANTA EFIGENIA DE MINAS,0,2727,SANTA EFIGENIA DE MINAS,MG,3157500,4039,14521.42,0.0000,0.000000,2026,7,f,915.08
PARA,SAO CAETANO DE ODIVELAS,5,2668,SAO CAETANO DE ODIVELAS,PA,1507102,16666,14510.32,30.0012,0.187406,2026,7,f,611.22
PERNAMBUCO,CAPOEIRAS,3,6162,CAPOEIRAS,PE,2603801,18338,14510.31,16.3595,0.048685,2026,7,f,632.03
MARANHAO,FORMOSA DA SERRA NEGRA,7,6088,FORMOSA DA SERRA NEGRA,MA,2104099,17719,14506.91,39.5056,0.114980,2026,7,f,658.60
PIAUI,SAO MIGUEL DA BAIXA GRANDE,0,752,SAO MIGUEL DA BAIXA GRANDE,PI,2210383,2269,14503.75,0.0000,0.000000,2026,7,f,668.78
MINAS GERAIS,CIPOTANEA,5,4610,CIPOTANEA,MG,3116308,5581,14494.00,89.5897,0.108460,2026,7,f,824.01
PERNAMBUCO,CORTES,2,2839,CORTES,PE,2604809,10198,14489.21,19.6117,0.070447,2026,7,f,678.09
PERNAMBUCO,SANHARO,8,7196,SANHARO,PE,2612406,18624,14480.99,42.9553,0.111173,2026,7,f,656.04
CEARA,GENERAL SAMPAIO,5,2054,GENERAL SAMPAIO,CE,2304608,6734,14464.81,74.2501,0.243427,2026,7,f,634.44
MINAS GERAIS,JACINTO,1,3519,JACINTO,MG,3134707,11042,14462.05,9.0563,0.028417,2026,7,f,903.94
PARA,NOVA TIMBOTEUA,0,3276,NOVA TIMBOTEUA,PA,1505007,12806,14452.37,0.0000,0.000000,2026,7,f,709.95
CEARA,LAVRAS DA MANGABEIRA,12,9478,LAVRAS DA MANGABEIRA,CE,2307502,30802,14447.11,38.9585,0.126609,2026,7,f,677.99
BAHIA,PAU BRASIL,0,2563,PAU BRASIL,BA,2923902,9370,14446.00,0.0000,0.000000,2026,7,f,791.71
RIO GRANDE DO NORTE,AGUA NOVA,1,1294,AGUA NOVA,RN,2400406,2946,14444.67,33.9443,0.077280,2026,7,f,773.54
BAHIA,RIBEIRA DO AMPARO,3,3573,RIBEIRA DO AMPARO,BA,2926509,13841,14431.54,21.6747,0.083963,2026,7,f,643.57
SAO PAULO,ALVARO DE CARVALHO,1,1745,ALVARO DE CARVALHO,SP,3501400,4808,14429.49,20.7987,0.057307,2026,7,f,1137.02
PIAUI,CARIDADE DO PIAUI,0,1150,CARIDADE DO PIAUI,PI,2202554,5033,14417.64,0.0000,0.000000,2026,7,f,633.05
PARAIBA,CAMALAU,1,1643,CAMALAU,PB,2503902,6085,14414.63,16.4339,0.060864,2026,7,f,687.73
PERNAMBUCO,PARNAMIRIM,2,7227,PARNAMIRIM,PE,2610400,18612,14407.69,10.7458,0.027674,2026,7,f,704.76
MINAS GERAIS,JENIPAPO DE MINAS,0,3042,JENIPAPO DE MINAS,MG,3135456,6100,14405.57,0.0000,0.000000,2026,7,f,747.96
MARANHAO,ALDEIAS ALTAS,2,4178,ALDEIAS ALTAS,MA,2100303,23286,14396.89,8.5889,0.047870,2026,7,f,533.46
BAHIA,VALENTE,21,9433,VALENTE,BA,2933000,24362,14390.07,86.1998,0.222623,2026,7,f,868.25
SERGIPE,MURIBECA,1,2361,MURIBECA,SE,2804300,7822,14388.14,12.7845,0.042355,2026,7,f,740.68
BAHIA,JIQUIRICA,6,5545,JIQUIRICA,BA,2918209,13629,14376.92,44.0238,0.108206,2026,7,f,750.18
MINAS GERAIS,SAO JOAO DO PARAISO,1,12702,SAO JOAO DO PARAISO,MG,3162708,23910,14372.10,4.1824,0.007873,2026,7,f,807.01
PARAIBA,SANTA HELENA,2,1734,SANTA HELENA,PB,2513307,5865,14365.90,34.1006,0.115340,2026,7,f,806.74
MINAS GERAIS,PORTO FIRME,3,5661,PORTO FIRME,MG,3152303,10569,14358.88,28.3849,0.052994,2026,7,f,950.39
PARAIBA,PASSAGEM,1,944,PASSAGEM,PB,2510709,2463,14353.23,40.6009,0.105932,2026,7,f,746.66
BAHIA,DARIO MEIRA,1,1897,DARIO MEIRA,BA,2910008,10820,14351.85,9.2421,0.052715,2026,7,f,730.32
RIO GRANDE DO NORTE,SERRINHA,1,2623,SERRINHA,RN,2413508,6436,14351.77,15.5376,0.038124,2026,7,f,684.65
PARAIBA,RIACHAO,0,738,RIACHAO,PB,2512747,2927,14351.55,0.0000,0.000000,2026,7,f,576.42
MARANHAO,ARARI,10,9682,ARARI,MA,2101004,29472,14342.87,33.9305,0.103284,2026,7,f,723.36
CEARA,FORQUILHA,14,9872,FORQUILHA,CE,2304350,24173,14326.07,57.9159,0.141815,2026,7,f,727.41
PIAUI,WALL FERRAZ,0,1033,WALL FERRAZ,PI,2211704,4059,14324.71,0.0000,0.000000,2026,7,f,601.14
PIAUI,ILHA GRANDE,1,3162,ILHA GRANDE,PI,2204659,9274,14324.13,10.7828,0.031626,2026,7,f,675.74
PERNAMBUCO,TRACUNHAEM,4,3439,TRACUNHAEM,PE,2615508,13867,14319.61,28.8455,0.116313,2026,7,f,697.46
CEARA,ABAIARA,2,3576,ABAIARA,CE,2300101,10038,14318.59,19.9243,0.055928,2026,7,f,677.33
RIO GRANDE DO NORTE,FRUTUOSO GOMES,3,2025,FRUTUOSO GOMES,RN,2404002,4122,14311.98,72.7802,0.148148,2026,7,f,794.96
BAHIA,PIRAI DO NORTE,5,3441,PIRAI DO NORTE,BA,2924678,10974,14306.63,45.5622,0.145307,2026,7,f,576.78
MINAS GERAIS,RIO PARDO DE MINAS,1,15572,RIO PARDO DE MINAS,MG,3155603,28271,14301.30,3.5372,0.006422,2026,7,f,805.02
MINAS GERAIS,RAPOSOS,12,9635,RAPOSOS,MG,3153905,16279,14292.59,73.7146,0.124546,2026,7,f,1370.14
PARAIBA,BARRA DE SANTANA,1,2008,BARRA DE SANTANA,PB,2501575,8059,14284.77,12.4085,0.049801,2026,7,f,596.44
PIAUI,VILA NOVA DO PIAUI,1,1382,VILA NOVA DO PIAUI,PI,2211605,2935,14283.13,34.0716,0.072359,2026,7,f,738.02
PARAIBA,SOSSEGO,1,663,SOSSEGO,PB,2516151,3345,14282.51,29.8954,0.150830,2026,7,f,616.53
ALAGOAS,DOIS RIACHOS,3,4398,DOIS RIACHOS,AL,2702504,9805,14281.18,30.5966,0.068213,2026,7,f,614.92
PARAIBA,BOM SUCESSO,3,1639,BOM SUCESSO,PB,2502300,4661,14280.41,64.3639,0.183038,2026,7,f,782.42
CEARA,ASSARE,2,8526,ASSARE,CE,2301604,21697,14278.66,9.2179,0.023458,2026,7,f,720.44
BAHIA,MASCOTE,4,2264,MASCOTE,BA,2920908,13544,14273.26,29.5334,0.176678,2026,7,f,677.40
RIO GRANDE DO NORTE,LAJES PINTADAS,0,1887,LAJES PINTADAS,RN,2406809,4787,14265.72,0.0000,0.000000,2026,7,f,785.09
MARANHAO,SAO BERNARDO,3,4281,SAO BERNARDO,MA,2110609,26943,14259.33,11.1346,0.070077,2026,7,f,648.46
BAHIA,OURICANGAS,3,1174,OURICANGAS,BA,2923308,7716,14256.48,38.8802,0.255537,2026,7,f,721.96
PIAUI,PRATA DO PIAUI,1,803,PRATA DO PIAUI,PI,2208601,3042,14252.14,32.8731,0.124533,2026,7,f,756.31
RIO GRANDE DO NORTE,PARANA,1,1429,PARANA,RN,2408607,3934,14250.64,25.4194,0.069979,2026,7,f,792.64
PIAUI,PAES LANDIM,0,1142,PAES LANDIM,PI,2207306,4088,14242.66,0.0000,0.000000,2026,7,f,709.55
MARANHAO,SENADOR ALEXANDRE COSTA,0,2109,SENADOR ALEXANDRE COSTA,MA,2111748,10207,14237.68,0.0000,0.000000,2026,7,f,661.54
CEARA,BOA VIAGEM,20,27197,BOA VIAGEM,CE,2302404,50411,14237.39,39.6739,0.073538,2026,7,f,714.71
PARA,SANTA BARBARA DO PARA,3,5516,SANTA BARBARA DO PARA,PA,1506351,21087,14235.50,14.2268,0.054387,2026,7,f,762.45
SERGIPE,ILHA DAS FLORES,1,1878,ILHA DAS FLORES,SE,2802700,8321,14228.10,12.0178,0.053248,2026,7,f,522.34
PERNAMBUCO,IPUBI,9,10247,IPUBI,PE,2607307,29009,14220.93,31.0249,0.087831,2026,7,f,677.16
PARA,MAE DO RIO,17,14746,MAE DO RIO,PA,1504059,34353,14217.10,49.4862,0.115286,2026,7,f,786.61
BAHIA,SANTA RITA DE CASSIA,7,6506,SANTA RITA DE CASSIA,BA,2928406,27390,14216.87,25.5568,0.107593,2026,7,f,771.05
PARAIBA,ARARUNA,7,5790,ARARUNA,PB,2501005,17189,14201.47,40.7237,0.120898,2026,7,f,657.11
PARAIBA,ITAPOROROCA,9,7826,ITAPOROROCA,PB,2507101,18382,14200.03,48.9609,0.115001,2026,7,f,653.03
MINAS GERAIS,MIRABELA,1,7093,MIRABELA,MG,3142007,13651,14193.98,7.3255,0.014098,2026,7,f,881.64
MINAS GERAIS,BERILO,2,4663,BERILO,MG,3106507,9826,14184.10,20.3542,0.042891,2026,7,f,907.52
AMAZONAS,CAREIRO,3,4504,CAREIRO,AM,1301100,30792,14181.67,9.7428,0.066607,2026,7,f,698.24
MINAS GERAIS,BRAS PIRES,2,2875,BRAS PIRES,MG,3108701,4260,14172.77,46.9484,0.069565,2026,7,f,926.17
PARAIBA,SAO SEBASTIAO DO UMBUZEIRO,0,698,SAO SEBASTIAO DO UMBUZEIRO,PB,2515203,3279,14172.61,0.0000,0.000000,2026,7,f,649.40
PARA,CAMETA,32,24494,CAMETA,PA,1502103,134184,14171.24,23.8479,0.130644,2026,7,f,597.90
PARAIBA,CURRAL DE CIMA,1,1827,CURRAL DE CIMA,PB,2505279,5254,14167.49,19.0331,0.054735,2026,7,f,653.58
PARA,BREVES,22,14350,BREVES,PA,1501808,106968,14165.45,20.5669,0.153310,2026,7,f,606.08
PIAUI,AMARANTE,8,6757,AMARANTE,PI,2200509,17234,14155.39,46.4199,0.118396,2026,7,f,765.13
MINAS GERAIS,CORONEL MURTA,3,3210,CORONEL MURTA,MG,3119500,8200,14151.71,36.5854,0.093458,2026,7,f,801.24
PARAIBA,BAIA DA TRAICAO,0,2440,BAIA DA TRAICAO,PB,2501401,9224,14143.76,0.0000,0.000000,2026,7,f,660.37
PARAIBA,CATINGUEIRA,1,1218,CATINGUEIRA,PB,2504207,4491,14143.62,22.2668,0.082102,2026,7,f,663.05
MINAS GERAIS,CAMPO AZUL,0,1061,CAMPO AZUL,MG,3111150,3714,14134.89,0.0000,0.000000,2026,7,f,831.73
BAHIA,REMANSO,11,12064,REMANSO,BA,2926004,40586,14127.61,27.1029,0.091180,2026,7,f,802.97
PERNAMBUCO,OROCO,2,4381,OROCO,PE,2609808,13613,14126.86,14.6918,0.045652,2026,7,f,578.24
BAHIA,ITAGUACU DA BAHIA,1,2283,ITAGUACU DA BAHIA,BA,2915353,12311,14125.66,8.1228,0.043802,2026,7,f,658.64
RIO GRANDE DO NORTE,BOM JESUS,5,3716,BOM JESUS,RN,2401701,9952,14119.67,50.2412,0.134553,2026,7,f,760.67
BAHIA,POCOES,30,19448,POCOES,BA,2925105,48293,14119.46,62.1208,0.154258,2026,7,f,793.11
BAHIA,TAPEROA,4,5187,TAPEROA,BA,2931202,18044,14114.50,22.1680,0.077116,2026,7,f,725.65
BAHIA,ARAMARI,5,2186,ARAMARI,BA,2902203,9833,14110.55,50.8492,0.228728,2026,7,f,803.04
PARAIBA,CONCEICAO,6,7200,CONCEICAO,PB,2504405,18260,14110.13,32.8587,0.083333,2026,7,f,749.69
MINAS GERAIS,CORACAO DE JESUS,0,9918,CORACAO DE JESUS,MG,3118809,25377,14105.53,0.0000,0.000000,2026,7,f,893.74
BAHIA,NOVA SOURE,7,6830,NOVA SOURE,BA,2922904,24236,14104.72,28.8827,0.102489,2026,7,f,676.56
MINAS GERAIS,BERTOPOLIS,0,971,BERTOPOLIS,MG,3106606,4451,14104.70,0.0000,0.000000,2026,7,f,697.84
CEARA,NOVA RUSSAS,20,15556,NOVA RUSSAS,CE,2309300,30699,14103.00,65.1487,0.128568,2026,7,f,744.82
PIAUI,GUARIBAS,1,1192,GUARIBAS,PI,2204550,4276,14100.56,23.3863,0.083893,2026,7,f,511.07
MARANHAO,SAO DOMINGOS DO MARANHAO,18,13704,SAO DOMINGOS DO MARANHAO,MA,2110708,34034,14099.19,52.8883,0.131349,2026,7,f,758.81
PARAIBA,ALAGOA GRANDE,13,9203,ALAGOA GRANDE,PB,2500304,26062,14090.71,49.8811,0.141258,2026,7,f,725.37
PARAIBA,MARI,13,7995,MARI,PB,2509107,21512,14087.58,60.4314,0.162602,2026,7,f,675.91
PARAIBA,SERTAOZINHO,2,1838,SERTAOZINHO,PB,2515930,5054,14082.90,39.5726,0.108814,2026,7,f,740.43
MINAS GERAIS,FELISBURGO,1,2781,FELISBURGO,MG,3125606,6489,14080.44,15.4107,0.035958,2026,7,f,906.32
AMAZONAS,AUTAZES,4,3941,AUTAZES,AM,1300300,41564,14074.44,9.6237,0.101497,2026,7,f,649.03
PERNAMBUCO,TEREZINHA,4,2245,TEREZINHA,PE,2615102,6513,14067.40,61.4156,0.178174,2026,7,f,627.03
PIAUI,BURITI DOS LOPES,6,6396,BURITI DOS LOPES,PI,2202000,19654,14064.62,30.5281,0.093809,2026,7,f,655.04
MINAS GERAIS,DIVINOLANDIA DE MINAS,9,4835,DIVINOLANDIA DE MINAS,MG,3122207,6516,14059.85,138.1215,0.186143,2026,7,f,913.25
ALAGOAS,MARAVILHA,5,3259,MARAVILHA,AL,2704609,9534,14057.48,52.4439,0.153421,2026,7,f,713.11
PERNAMBUCO,TERRA NOVA,3,3368,TERRA NOVA,PE,2615201,8920,14053.70,33.6323,0.089074,2026,7,f,676.58
BAHIA,IPIRA,54,27843,IPIRA,BA,2914000,56876,14050.99,94.9434,0.193945,2026,7,f,765.59
PIAUI,BARRAS,11,17044,BARRAS,PI,2201200,47938,14048.63,22.9463,0.064539,2026,7,f,741.61
MARANHAO,GOVERNADOR NUNES FREIRE,8,5942,GOVERNADOR NUNES FREIRE,MA,2104677,23128,14041.94,34.5901,0.134635,2026,7,f,678.51
MINAS GERAIS,RIO VERMELHO,1,5695,RIO VERMELHO,MG,3156007,12641,14037.66,7.9108,0.017559,2026,7,f,904.30
RIO GRANDE DO NORTE,SAO RAFAEL,7,2906,SAO RAFAEL,RN,2412807,7711,14036.44,90.7794,0.240881,2026,7,f,766.60
PERNAMBUCO,RIACHO DAS ALMAS,19,10073,RIACHO DAS ALMAS,PE,2611705,20639,14018.46,92.0587,0.188623,2026,7,f,744.57
RIO GRANDE DO NORTE,CAMPO GRANDE,3,3621,CAMPO GRANDE,RN,2401305,9730,14017.57,30.8325,0.082850,2026,7,f,716.29
MARANHAO,GOVERNADOR EUGENIO BARROS,0,3412,GOVERNADOR EUGENIO BARROS,MA,2104602,13930,14011.06,0.0000,0.000000,2026,7,f,734.73
MINAS GERAIS,CARAI,1,5442,CARAI,MG,3113008,19548,14007.72,5.1156,0.018376,2026,7,f,710.86
PARAIBA,ARACAGI,4,6526,ARACAGI,PB,2500809,16646,14004.15,24.0298,0.061293,2026,7,f,644.87
PARA,SOURE,4,4925,SOURE,PA,1507904,24204,13995.54,16.5262,0.081218,2026,7,f,728.05
BAHIA,JOAO DOURADO,12,7646,JOAO DOURADO,BA,2918357,24854,13995.13,48.2820,0.156945,2026,7,f,751.74
MARANHAO,LAGO DA PEDRA,19,23227,LAGO DA PEDRA,MA,2105708,44403,13988.87,42.7899,0.081801,2026,7,f,819.51
MINAS GERAIS,BANDEIRA,0,1224,BANDEIRA,MG,3105202,4741,13987.98,0.0000,0.000000,2026,7,f,903.55
MARANHAO,ANAPURUS,3,3059,ANAPURUS,MA,2100808,13793,13979.05,21.7502,0.098071,2026,7,f,647.27
MINAS GERAIS,BUGRE,1,1912,BUGRE,MG,3109253,4041,13974.76,24.7463,0.052301,2026,7,f,847.70
AMAZONAS,SANTA ISABEL DO RIO NEGRO,2,754,SANTA ISABEL DO RIO NEGRO,AM,1303601,14164,13969.01,14.1203,0.265252,2026,7,f,448.85
CEARA,ANTONINA DO NORTE,0,3247,ANTONINA DO NORTE,CE,2300804,7245,13967.01,0.0000,0.000000,2026,7,f,793.02
ALAGOAS,CAJUEIRO,8,4414,CAJUEIRO,AL,2701308,16024,13963.31,49.9251,0.181242,2026,7,f,735.55
PARAIBA,CARAUBAS,1,898,CARAUBAS,PB,2504074,3944,13962.47,25.3550,0.111359,2026,7,f,790.87
BAHIA,LICINIO DE ALMEIDA,6,3991,LICINIO DE ALMEIDA,BA,2919405,11834,13960.79,50.7014,0.150338,2026,7,f,846.36
PIAUI,PAQUETA,0,1120,PAQUETA,PI,2207553,3813,13956.73,0.0000,0.000000,2026,7,f,640.94
BAHIA,SAO FELIPE,17,9253,SAO FELIPE,BA,2929107,20283,13947.20,83.8140,0.183724,2026,7,f,792.48
MINAS GERAIS,SAO JOSE DA SAFIRA,0,1287,SAO JOSE DA SAFIRA,MG,3163003,3806,13941.67,0.0000,0.000000,2026,7,f,854.90
CEARA,GRANJEIRO,1,1057,GRANJEIRO,CE,2304806,4841,13935.76,20.6569,0.094607,2026,7,f,693.39
ALAGOAS,CAMPO GRANDE,6,3684,CAMPO GRANDE,AL,2701506,8143,13934.67,73.6829,0.162866,2026,7,f,550.50
PARA,MARACANA,3,3024,MARACANA,PA,1504307,25971,13930.38,11.5513,0.099206,2026,7,f,634.79
CEARA,DEPUTADO IRAPUAN PINHEIRO,2,3687,DEPUTADO IRAPUAN PINHEIRO,CE,2304269,8932,13929.91,22.3914,0.054245,2026,7,f,606.51
BAHIA,ANTAS,7,3734,ANTAS,BA,2901601,14206,13928.62,49.2750,0.187467,2026,7,f,832.00
MINAS GERAIS,SERRANOPOLIS DE MINAS,0,1745,SERRANOPOLIS DE MINAS,MG,3166956,4399,13928.39,0.0000,0.000000,2026,7,f,811.29
PARAIBA,AREIA DE BARAUNAS,0,439,AREIA DE BARAUNAS,PB,2501153,2005,13923.19,0.0000,0.000000,2026,7,f,611.76
BAHIA,PLANALTO,8,6513,PLANALTO,BA,2925006,23334,13922.77,34.2847,0.122831,2026,7,f,768.89
RIO GRANDE DO NORTE,TENENTE ANANIAS,10,4516,TENENTE ANANIAS,RN,2414100,10262,13914.93,97.4469,0.221435,2026,7,f,689.68
RIO GRANDE DO NORTE,VARZEA,2,1486,VARZEA,RN,2414704,5233,13912.29,38.2190,0.134590,2026,7,f,723.48
MINAS GERAIS,RIO ESPERA,0,3218,RIO ESPERA,MG,3155207,5429,13904.77,0.0000,0.000000,2026,7,f,959.91
BAHIA,IPUPIARA,4,3646,IPUPIARA,BA,2914109,9935,13896.73,40.2617,0.109709,2026,7,f,779.19
MARANHAO,JUNCO DO MARANHAO,1,1175,JUNCO DO MARANHAO,MA,2105658,5146,13892.54,19.4326,0.085106,2026,7,f,569.66
RIO GRANDE DO NORTE,SERRINHA DOS PINTOS,2,2402,SERRINHA DOS PINTOS,RN,2413557,4659,13891.82,42.9277,0.083264,2026,7,f,795.22
RIO GRANDE DO NORTE,MONTANHAS,2,4108,MONTANHAS,RN,2407708,11444,13890.42,17.4764,0.048685,2026,7,f,708.38
MARANHAO,CHAPADINHA,29,30991,CHAPADINHA,MA,2103208,81386,13890.13,35.6327,0.093576,2026,7,f,741.25
PERNAMBUCO,IBIRAJUBA,1,2120,IBIRAJUBA,PE,2606705,7140,13886.97,14.0056,0.047170,2026,7,f,704.48
PIAUI,BELEM DO PIAUI,1,982,BELEM DO PIAUI,PI,2201572,3423,13883.44,29.2141,0.101833,2026,7,f,843.88
PARAIBA,CACIMBA DE AREIA,1,1178,CACIMBA DE AREIA,PB,2503407,3291,13876.94,30.3859,0.084890,2026,7,f,672.45
PARAIBA,MASSARANDUBA,6,4804,MASSARANDUBA,PB,2509206,14139,13874.60,42.4358,0.124896,2026,7,f,759.50
CEARA,CARIRE,11,6392,CARIRE,CE,2303105,17632,13868.99,62.3866,0.172090,2026,7,f,608.07
PARAIBA,CUITE,12,5770,CUITE,PB,2505105,19719,13867.18,60.8550,0.207972,2026,7,f,864.92
MINAS GERAIS,ENGENHEIRO CALDAS,8,5066,ENGENHEIRO CALDAS,MG,3123700,13622,13866.17,58.7285,0.157916,2026,7,f,968.64
CEARA,MULUNGU,6,3399,MULUNGU,CE,2309102,10569,13861.58,56.7698,0.176523,2026,7,f,768.51
PIAUI,PADRE MARCOS,2,2760,PADRE MARCOS,PI,2207207,6382,13858.51,31.3381,0.072464,2026,7,f,711.16
PARAIBA,VISTA SERRANA,1,1637,VISTA SERRANA,PB,2505501,3641,13856.63,27.4650,0.061087,2026,7,f,649.30
MINAS GERAIS,RECREIO,6,4540,RECREIO,MG,3154101,11007,13855.82,54.5108,0.132159,2026,7,f,1221.25
BAHIA,HELIOPOLIS,6,2783,HELIOPOLIS,BA,2911857,12309,13854.17,48.7448,0.215595,2026,7,f,748.53
ALAGOAS,INHAPI,6,6263,INHAPI,AL,2703304,15167,13848.42,39.5596,0.095801,2026,7,f,599.89
PERNAMBUCO,EXU,19,11262,EXU,PE,2605301,31843,13827.69,59.6677,0.168709,2026,7,f,647.76
BAHIA,GOVERNADOR MANGABEIRA,18,9711,GOVERNADOR MANGABEIRA,BA,2911600,20605,13824.17,87.3574,0.185357,2026,7,f,814.42
BAHIA,ITIRUCU,4,3706,ITIRUCU,BA,2916906,10999,13820.44,36.3669,0.107933,2026,7,f,833.85
PIAUI,NOSSA SENHORA DOS REMEDIOS,0,1850,NOSSA SENHORA DOS REMEDIOS,PI,2206803,8525,13812.43,0.0000,0.000000,2026,7,f,607.60
CEARA,PENTECOSTE,5,16704,PENTECOSTE,CE,2310704,37813,13810.54,13.2230,0.029933,2026,7,f,733.42
PARAIBA,PEDRA LAVRADA,5,1698,PEDRA LAVRADA,PB,2511103,6859,13808.86,72.8969,0.294464,2026,7,f,756.49
BAHIA,DOM MACEDO COSTA,3,1394,DOM MACEDO COSTA,BA,2910206,4407,13805.31,68.0735,0.215208,2026,7,f,764.82
PARAIBA,CONDADO,2,2281,CONDADO,PB,2504504,6451,13802.05,31.0029,0.087681,2026,7,f,770.62
MINAS GERAIS,PAVAO,0,2200,PAVAO,MG,3148509,8047,13798.06,0.0000,0.000000,2026,7,f,804.53
BAHIA,MIGUEL CALMON,9,7575,MIGUEL CALMON,BA,2921203,24661,13795.06,36.4949,0.118812,2026,7,f,738.57
RIO GRANDE DO NORTE,SITIO NOVO,2,1197,SITIO NOVO,RN,2413706,4654,13793.51,42.9738,0.167084,2026,7,f,664.20
CEARA,PALMACIA,0,2670,PALMACIA,CE,2310100,10242,13792.62,0.0000,0.000000,2026,7,f,689.96
PARAIBA,MONTE HOREBE,0,1480,MONTE HOREBE,PB,2509602,4338,13785.15,0.0000,0.000000,2026,7,f,588.45
RIO GRANDE DO NORTE,BREJINHO,6,4723,BREJINHO,RN,2401800,12202,13781.59,49.1723,0.127038,2026,7,f,714.73
PARAIBA,BREJO DOS SANTOS,2,2227,BREJO DOS SANTOS,PB,2502904,5742,13777.60,34.8311,0.089807,2026,7,f,910.04
MARANHAO,BURITI BRAVO,1,5044,BURITI BRAVO,MA,2102309,22455,13775.42,4.4534,0.019826,2026,7,f,593.63
MINAS GERAIS,VIRGEM DA LAPA,1,5079,VIRGEM DA LAPA,MG,3171600,11804,13773.97,8.4717,0.019689,2026,7,f,959.90
CEARA,SABOEIRO,0,4773,SABOEIRO,CE,2311900,13854,13773.78,0.0000,0.000000,2026,7,f,665.49
AMAZONAS,JURUA,0,855,JURUA,AM,1302207,10742,13773.04,0.0000,0.000000,2026,7,f,516.57
RIO GRANDE DO NORTE,LAGOA DE PEDRAS,1,2289,LAGOA DE PEDRAS,RN,2406304,7338,13768.06,13.6277,0.043687,2026,7,f,552.73
BAHIA,RIBEIRAO DO LARGO,0,1233,RIBEIRAO DO LARGO,BA,2926657,9740,13765.30,0.0000,0.000000,2026,7,f,677.52
ALAGOAS,SAO JOSE DA TAPERA,1,7007,SAO JOSE DA TAPERA,AL,2708402,30604,13760.55,3.2675,0.014271,2026,7,f,603.09
MARANHAO,TUFILANDIA,1,1335,TUFILANDIA,MA,2112274,5507,13757.04,18.1587,0.074906,2026,7,f,622.31
CEARA,ITAICABA,5,4104,ITAICABA,CE,2306207,7536,13753.45,66.3482,0.121832,2026,7,f,772.01
BAHIA,IRARA,25,10414,IRARA,BA,2914505,28043,13752.63,89.1488,0.240061,2026,7,f,858.51
PERNAMBUCO,TRIUNFO,20,8932,TRIUNFO,PE,2615706,14705,13750.77,136.0082,0.223914,2026,7,f,988.78
PERNAMBUCO,IATI,3,4202,IATI,PE,2606507,17165,13749.67,17.4774,0.071395,2026,7,f,670.09
PARAIBA,SERRA BRANCA,4,4491,SERRA BRANCA,PB,2515500,13614,13739.68,29.3815,0.089067,2026,7,f,799.81
AMAZONAS,ENVIRA,0,728,ENVIRA,AM,1301506,17186,13739.32,0.0000,0.000000,2026,7,f,579.21
PERNAMBUCO,INGAZEIRA,1,1305,INGAZEIRA,PE,2607109,4765,13737.04,20.9864,0.076628,2026,7,f,728.49
BAHIA,PONTO NOVO,3,5691,PONTO NOVO,BA,2925253,17938,13736.76,16.7243,0.052715,2026,7,f,629.55
PARAIBA,SERRA GRANDE,0,874,SERRA GRANDE,PB,2515708,2942,13734.19,0.0000,0.000000,2026,7,f,808.70
MINAS GERAIS,PONTO DOS VOLANTES,1,3360,PONTO DOS VOLANTES,MG,3152170,10883,13729.30,9.1886,0.029762,2026,7,f,685.33
PIAUI,DOMINGOS MOURAO,1,760,DOMINGOS MOURAO,PI,2203420,4075,13728.34,24.5399,0.131579,2026,7,f,591.00
MINAS GERAIS,ITAIPE,4,5624,ITAIPE,MG,3132305,10463,13728.28,38.2300,0.071124,2026,7,f,757.17
PIAUI,SUSSUAPARA,3,3710,SUSSUAPARA,PI,2210938,6220,13712.70,48.2315,0.080863,2026,7,f,798.91
PARAIBA,AGUIAR,5,1804,AGUIAR,PB,2500205,5003,13708.77,99.9400,0.277162,2026,7,f,737.35
PARAIBA,MARCACAO,2,2148,MARCACAO,PB,2509057,8999,13705.52,22.2247,0.093110,2026,7,f,547.14
MARANHAO,ALTAMIRA DO MARANHAO,2,1987,ALTAMIRA DO MARANHAO,MA,2100402,6447,13702.96,31.0222,0.100654,2026,7,f,798.15
ALAGOAS,IGACI,12,8769,IGACI,AL,2703106,23995,13698.48,50.0104,0.136846,2026,7,f,646.11
MARANHAO,BARRA DO CORDA,25,45310,BARRA DO CORDA,MA,2101608,84532,13698.13,29.5746,0.055175,2026,7,f,817.61
CEARA,IBARETAMA,2,3749,IBARETAMA,CE,2305266,11956,13697.31,16.7280,0.053348,2026,7,f,624.16
CEARA,POTENGI,3,3022,POTENGI,CE,2311207,8833,13696.48,33.9635,0.099272,2026,7,f,604.42
PARA,TRACUATEUA,3,4296,TRACUATEUA,PA,1508035,28595,13696.03,10.4913,0.069832,2026,7,f,536.71
PARAIBA,LOGRADOURO,0,736,LOGRADOURO,PB,2508554,4797,13668.75,0.0000,0.000000,2026,7,f,713.72
PIAUI,FRONTEIRAS,5,6412,FRONTEIRAS,PI,2204303,10259,13660.69,48.7377,0.077979,2026,7,f,790.71
MARANHAO,DOM PEDRO,9,11604,DOM PEDRO,MA,2103802,23053,13647.16,39.0405,0.077559,2026,7,f,863.58
PIAUI,SANTA ROSA DO PIAUI,0,1285,SANTA ROSA DO PIAUI,PI,2209377,4650,13644.09,0.0000,0.000000,2026,7,f,716.12
PIAUI,NOVO SANTO ANTONIO,0,849,NOVO SANTO ANTONIO,PI,2206951,2827,13640.96,0.0000,0.000000,2026,7,f,664.96
BAHIA,ANDARAI,4,2608,ANDARAI,BA,2901304,13080,13639.76,30.5810,0.153374,2026,7,f,758.20
BAHIA,CANSANCAO,21,10819,CANSANCAO,BA,2906808,37439,13635.33,56.0912,0.194103,2026,7,f,669.08
CEARA,PORTEIRAS,2,6093,PORTEIRAS,CE,2311108,17050,13631.55,11.7302,0.032825,2026,7,f,829.82
PERNAMBUCO,GAMELEIRA,6,5014,GAMELEIRA,PE,2605905,18214,13626.00,32.9417,0.119665,2026,7,f,707.33
PARAIBA,FREI MARTINHO,0,480,FREI MARTINHO,PB,2506202,2846,13624.03,0.0000,0.000000,2026,7,f,854.92
MINAS GERAIS,SETUBINHA,2,2634,SETUBINHA,MG,3165552,9917,13619.04,20.1674,0.075930,2026,7,f,825.56
PARAIBA,CUITE DE MAMANGUAPE,1,2115,CUITE DE MAMANGUAPE,PB,2505238,6251,13614.62,15.9974,0.047281,2026,7,f,661.45
PARA,CURUA,0,1088,CURUA,PA,1502855,14117,13612.52,0.0000,0.000000,2026,7,f,556.04
CEARA,OROS,4,8233,OROS,CE,2309508,19675,13610.72,20.3304,0.048585,2026,7,f,673.92
CEARA,CEDRO,5,10561,CEDRO,CE,2303808,22344,13608.58,22.3774,0.047344,2026,7,f,857.12
CEARA,ALTANEIRA,3,2322,ALTANEIRA,CE,2300606,6782,13584.19,44.2347,0.129199,2026,7,f,699.36
MINAS GERAIS,GUARACIABA,7,5295,GUARACIABA,MG,3128204,9753,13580.85,71.7728,0.132200,2026,7,f,939.25
MARANHAO,ROSARIO,14,10675,ROSARIO,MA,2109601,38475,13577.52,36.3873,0.131148,2026,7,f,675.16
MARANHAO,PERITORO,5,7159,PERITORO,MA,2108454,20479,13571.71,24.4153,0.069842,2026,7,f,710.01
PIAUI,SAO JOAO DA FRONTEIRA,3,856,SAO JOAO DA FRONTEIRA,PI,2209872,5522,13571.17,54.3281,0.350467,2026,7,f,592.16
GOIAS,AGUAS LINDAS DE GOIAS,31,52107,AGUAS LINDAS DE GOIAS,GO,5200258,225693,13567.92,13.7355,0.059493,2026,7,f,1027.34
PARAIBA,TENORIO,0,646,TENORIO,PB,2516755,2966,13564.06,0.0000,0.000000,2026,7,f,702.81
PIAUI,FLORESTA DO PIAUI,0,833,FLORESTA DO PIAUI,PI,2203859,2333,13562.79,0.0000,0.000000,2026,7,f,727.11
PARAIBA,ASSUNCAO,1,924,ASSUNCAO,PB,2501351,4152,13554.67,24.0848,0.108225,2026,7,f,687.73
PARAIBA,SAO MAMEDE,4,2831,SAO MAMEDE,PB,2514909,7470,13553.01,53.5475,0.141293,2026,7,f,964.15
SAO PAULO,FRANCISCO MORATO,172,69755,FRANCISCO MORATO,SP,3516309,165139,13549.00,104.1547,0.246577,2026,7,f,1035.25
PIAUI,FRANCISCO SANTOS,5,2429,FRANCISCO SANTOS,PI,2204204,8237,13541.46,60.7017,0.205846,2026,7,f,882.67
MINAS GERAIS,PADRE CARVALHO,0,1478,PADRE CARVALHO,MG,3146255,5058,13532.62,0.0000,0.000000,2026,7,f,707.54
RIO GRANDE DO NORTE,JAPI,3,1663,JAPI,RN,2405405,5117,13519.05,58.6281,0.180397,2026,7,f,600.23
MINAS GERAIS,RUBIM,2,2851,RUBIM,MG,3156601,10298,13518.55,19.4212,0.070151,2026,7,f,812.90
BAHIA,ACAJUTIBA,4,3927,ACAJUTIBA,BA,2900306,13795,13515.48,28.9960,0.101859,2026,7,f,706.63
PIAUI,SANTO INACIO DO PIAUI,1,1062,SANTO INACIO DO PIAUI,PI,2209500,3646,13507.41,27.4273,0.094162,2026,7,f,761.49
CEARA,CARIUS,2,5725,CARIUS,CE,2303303,17015,13504.03,11.7543,0.034934,2026,7,f,681.18
MARANHAO,AMARANTE DO MARANHAO,4,11253,AMARANTE DO MARANHAO,MA,2100600,37085,13503.63,10.7860,0.035546,2026,7,f,602.61
MARANHAO,IGARAPE GRANDE,3,3927,IGARAPE GRANDE,MA,2105203,10231,13502.49,29.3226,0.076394,2026,7,f,800.72
AMAZONAS,ATALAIA DO NORTE,1,906,ATALAIA DO NORTE,AM,1300201,15314,13501.96,6.5300,0.110375,2026,7,f,556.20
GOIAS,SANTO ANTONIO DO DESCOBERTO,2,15143,SANTO ANTONIO DO DESCOBERTO,GO,5219753,72127,13488.69,2.7729,0.013207,2026,7,f,1046.54
PERNAMBUCO,ITAQUITINGA,1,3936,ITAQUITINGA,PE,2607802,16554,13486.11,6.0408,0.025407,2026,7,f,625.18
CEARA,JARDIM,5,11951,JARDIM,CE,2307106,27411,13484.66,18.2409,0.041838,2026,7,f,726.42
PARAIBA,CUBATI,3,1794,CUBATI,PB,2505006,7580,13473.48,39.5778,0.167224,2026,7,f,693.24
PIAUI,CAMPO ALEGRE DO FIDALGO,1,1424,CAMPO ALEGRE DO FIDALGO,PI,2202117,4616,13472.92,21.6638,0.070225,2026,7,f,636.40
BAHIA,SAO JOSE DA VITORIA,3,1352,SAO JOSE DA VITORIA,BA,2929354,5315,13435.00,56.4440,0.221893,2026,7,f,764.56
CEARA,NOVA OLINDA,6,5848,NOVA OLINDA,CE,2309201,15399,13431.98,38.9636,0.102599,2026,7,f,674.97
CEARA,HIDROLANDIA,4,7356,HIDROLANDIA,CE,2305209,17855,13420.72,22.4027,0.054377,2026,7,f,659.36
RIO GRANDE DO NORTE,SENADOR ELOI DE SOUZA,1,1822,SENADOR ELOI DE SOUZA,RN,2413102,5965,13403.19,16.7645,0.054885,2026,7,f,685.44
CEARA,PALHANO,4,5010,PALHANO,CE,2310001,9346,13392.04,42.7991,0.079840,2026,7,f,838.31
PIAUI,SANTA CRUZ DO PIAUI,4,1811,SANTA CRUZ DO PIAUI,PI,2209104,5831,13385.87,68.5989,0.220872,2026,7,f,778.50
PIAUI,SAO FELIX DO PIAUI,0,754,SAO FELIX DO PIAUI,PI,2209609,2842,13378.96,0.0000,0.000000,2026,7,f,899.57
PERNAMBUCO,SALGADINHO,1,1521,SALGADINHO,PE,2612109,5727,13378.56,17.4611,0.065746,2026,7,f,771.72
CEARA,SALITRE,0,4021,SALITRE,CE,2311959,16633,13369.75,0.0000,0.000000,2026,7,f,544.51
MINAS GERAIS,SENHORA DOS REMEDIOS,1,6885,SENHORA DOS REMEDIOS,MG,3166204,10384,13368.07,9.6302,0.014524,2026,7,f,990.54
AMAZONAS,GUAJARA,0,788,GUAJARA,AM,1301654,13815,13365.62,0.0000,0.000000,2026,7,f,596.23
BAHIA,MARAGOGIPE,13,9859,MARAGOGIPE,BA,2920601,35859,13363.79,36.2531,0.131859,2026,7,f,649.73
PARAIBA,LAGOA DE DENTRO,2,2623,LAGOA DE DENTRO,PB,2508208,7819,13356.82,25.5787,0.076249,2026,7,f,738.79
MARANHAO,VITORINO FREIRE,11,13314,VITORINO FREIRE,MA,2113009,30845,13339.37,35.6622,0.082620,2026,7,f,754.86
MINAS GERAIS,MAMONAS,1,4334,MAMONAS,MG,3139250,5997,13337.17,16.6750,0.023073,2026,7,f,795.96
BAHIA,ENCRUZILHADA,9,5302,ENCRUZILHADA,BA,2910404,19107,13336.89,47.1032,0.169747,2026,7,f,611.21
BAHIA,ELISIO MEDRADO,9,2464,ELISIO MEDRADO,BA,2910305,7808,13336.32,115.2664,0.365260,2026,7,f,744.89
PIAUI,MANOEL EMIDIO,1,1582,MANOEL EMIDIO,PI,2205904,5209,13334.04,19.1975,0.063211,2026,7,f,790.65
CEARA,CHOROZINHO,4,8616,CHOROZINHO,CE,2303956,20163,13329.66,19.8383,0.046425,2026,7,f,723.23
BAHIA,IRAJUBA,1,1588,IRAJUBA,BA,2914208,6101,13327.32,16.3908,0.062972,2026,7,f,772.34
MARANHAO,VITORIA DO MEARIM,12,7825,VITORIA DO MEARIM,MA,2112902,30805,13318.20,38.9547,0.153355,2026,7,f,641.96
PARAIBA,TACIMA,5,1670,TACIMA,PB,2516409,8010,13317.10,62.4220,0.299401,2026,7,f,650.92
BAHIA,ARACI,19,13257,ARACI,BA,2902104,48294,13310.39,39.3424,0.143321,2026,7,f,691.84
PIAUI,ARRAIAL,1,1119,ARRAIAL,PI,2201002,4520,13303.76,22.1239,0.089366,2026,7,f,683.68
MINAS GERAIS,PINTOPOLIS,0,2172,PINTOPOLIS,MG,3150570,7084,13301.81,0.0000,0.000000,2026,7,f,795.88
MINAS GERAIS,FRONTEIRA DOS VALES,0,1215,FRONTEIRA DOS VALES,MG,3127057,4345,13301.73,0.0000,0.000000,2026,7,f,831.76
CEARA,FARIAS BRITO,3,6066,FARIAS BRITO,CE,2304301,18217,13295.82,16.4681,0.049456,2026,7,f,691.36
MINAS GERAIS,SAO JOAO DO PACUI,0,1183,SAO JOAO DO PACUI,MG,3162658,3972,13289.78,0.0000,0.000000,2026,7,f,772.21
PIAUI,PIO IX,3,5767,PIO IX,PI,2208205,17613,13288.76,17.0329,0.052020,2026,7,f,696.71
PIAUI,ANISIO DE ABREU,5,2622,ANISIO DE ABREU,PI,2200707,9407,13286.91,53.1519,0.190694,2026,7,f,740.25
BAHIA,CRISOPOLIS,7,5868,CRISOPOLIS,BA,2909604,19729,13286.03,35.4808,0.119291,2026,7,f,673.53
MINAS GERAIS,LUISLANDIA,0,1751,LUISLANDIA,MG,3138682,6210,13279.87,0.0000,0.000000,2026,7,f,592.92
PARA,SANTAREM NOVO,1,1172,SANTAREM NOVO,PA,1506906,6116,13279.43,16.3506,0.085324,2026,7,f,743.73
PARAIBA,SAO JOSE DOS RAMOS,0,1921,SAO JOSE DOS RAMOS,PB,2514453,5891,13274.49,0.0000,0.000000,2026,7,f,555.75
PIAUI,BURITI DOS MONTES,0,934,BURITI DOS MONTES,PI,2202026,7434,13272.67,0.0000,0.000000,2026,7,f,666.86
PIAUI,TAMBORIL DO PIAUI,0,490,TAMBORIL DO PIAUI,PI,2210953,2949,13270.26,0.0000,0.000000,2026,7,f,671.89
PARAIBA,PUXINANA,6,3790,PUXINANA,PB,2512408,14277,13265.18,42.0256,0.158311,2026,7,f,699.33
MINAS GERAIS,PAI PEDRO,0,1964,PAI PEDRO,MG,3146552,5551,13263.02,0.0000,0.000000,2026,7,f,752.74
PIAUI,PARNAGUA,0,1830,PARNAGUA,PI,2207603,10103,13258.34,0.0000,0.000000,2026,7,f,668.53
BAHIA,ARATACA,4,1723,ARATACA,BA,2902252,10191,13254.15,39.2503,0.232153,2026,7,f,691.76
MARANHAO,AMAPA DO MARANHAO,2,1407,AMAPA DO MARANHAO,MA,2100550,7170,13253.28,27.8940,0.142146,2026,7,f,546.81
CEARA,PARAMOTI,2,3792,PARAMOTI,CE,2310407,10384,13246.63,19.2604,0.052743,2026,7,f,569.94
BAHIA,RIACHO DE SANTANA,6,9088,RIACHO DE SANTANA,BA,2926400,30711,13242.81,19.5370,0.066021,2026,7,f,720.89
PIAUI,NOSSA SENHORA DE NAZARE,1,1705,NOSSA SENHORA DE NAZARE,PI,2206753,5228,13242.16,19.1278,0.058651,2026,7,f,759.01
MARANHAO,MATA ROMA,10,3456,MATA ROMA,MA,2106409,17090,13241.84,58.5138,0.289352,2026,7,f,624.96
BAHIA,SEBASTIAO LARANJEIRAS,1,2179,SEBASTIAO LARANJEIRAS,BA,2930006,9360,13240.71,10.6838,0.045893,2026,7,f,723.55
PARA,ANAJAS,2,888,ANAJAS,PA,1500701,28011,13239.01,7.1401,0.225225,2026,7,f,524.25
PIAUI,ACAUA,1,3422,ACAUA,PI,2200053,6420,13228.04,15.5763,0.029223,2026,7,f,611.20
MINAS GERAIS,CONGONHAS DO NORTE,1,2044,CONGONHAS DO NORTE,MG,3118106,4831,13224.80,20.6996,0.048924,2026,7,f,958.62
PERNAMBUCO,ALIANCA,18,10258,ALIANCA,PE,2600708,35741,13218.68,50.3623,0.175473,2026,7,f,690.20
MINAS GERAIS,URUCUIA,1,3367,URUCUIA,MG,3170529,17479,13209.39,5.7212,0.029700,2026,7,f,727.87
PIAUI,UNIAO,20,16354,UNIAO,PI,2211100,46119,13207.62,43.3661,0.122294,2026,7,f,727.69
BAHIA,UIBAI,9,4224,UIBAI,BA,2932408,13432,13197.22,67.0042,0.213068,2026,7,f,871.38
PIAUI,PEDRO II,9,15967,PEDRO II,PI,2207900,37894,13193.01,23.7505,0.056366,2026,7,f,726.92
CEARA,CATUNDA,1,3127,CATUNDA,CE,2303659,10444,13184.99,9.5749,0.031980,2026,7,f,659.33
CEARA,OCARA,0,9692,OCARA,CE,2309458,24493,13174.62,0.0000,0.000000,2026,7,f,714.07
AMAZONAS,BORBA,1,1560,BORBA,AM,1300805,33080,13170.62,3.0230,0.064103,2026,7,f,567.31
MINAS GERAIS,PALMOPOLIS,0,2285,PALMOPOLIS,MG,3146750,6301,13170.61,0.0000,0.000000,2026,7,f,795.77
CEARA,ARACOIABA,13,8832,ARACOIABA,CE,2301208,25553,13160.26,50.8747,0.147192,2026,7,f,718.73
PARAIBA,RIACHO DOS CAVALOS,3,2936,RIACHO DOS CAVALOS,PB,2512804,8493,13159.19,35.3232,0.102180,2026,7,f,677.30
MINAS GERAIS,IPABA,11,7345,IPABA,MG,3131158,17136,13158.56,64.1923,0.149762,2026,7,f,994.21
CEARA,PACUJA,4,2280,PACUJA,CE,2309904,6175,13155.79,64.7773,0.175439,2026,7,f,723.25
PIAUI,BOCAINA,1,1969,BOCAINA,PI,2201804,4078,13152.77,24.5218,0.050787,2026,7,f,900.37
MARANHAO,MAGALHAES DE ALMEIDA,0,1351,MAGALHAES DE ALMEIDA,MA,2106300,13807,13150.36,0.0000,0.000000,2026,7,f,660.15
BAHIA,IGUAI,8,4765,IGUAI,BA,2913507,21491,13148.67,37.2249,0.167891,2026,7,f,794.87
ALAGOAS,OURO BRANCO,6,4342,OURO BRANCO,AL,2706109,11446,13148.26,52.4201,0.138185,2026,7,f,758.14
RIO GRANDE DO NORTE,PORTALEGRE,7,3686,PORTALEGRE,RN,2410207,7601,13134.06,92.0931,0.189908,2026,7,f,910.62
PARAIBA,SAO JOSE DOS CORDEIROS,0,825,SAO JOSE DOS CORDEIROS,PB,2514800,3411,13132.51,0.0000,0.000000,2026,7,f,702.98
CEARA,CAPISTRANO,3,5678,CAPISTRANO,CE,2302909,17254,13129.77,17.3873,0.052836,2026,7,f,612.32
BAHIA,MACAUBAS,24,18308,MACAUBAS,BA,2919801,41859,13129.46,57.3353,0.131090,2026,7,f,799.52
AMAZONAS,URUCARA,1,1320,URUCARA,AM,1304302,18631,13125.81,5.3674,0.075758,2026,7,f,690.49
BAHIA,APUAREMA,3,1868,APUAREMA,BA,2901957,6913,13124.40,43.3965,0.160600,2026,7,f,836.77
BAHIA,ITAPE,3,2263,ITAPE,BA,2916203,10341,13123.68,29.0107,0.132567,2026,7,f,833.82
PIAUI,MIGUEL ALVES,3,6187,MIGUEL ALVES,PI,2206209,32150,13122.77,9.3313,0.048489,2026,7,f,561.01
BAHIA,AMERICA DOURADA,1,3503,AMERICA DOURADA,BA,2901155,15137,13121.23,6.6063,0.028547,2026,7,f,674.14
BAHIA,IBIQUERA,0,720,IBIQUERA,BA,2912608,3725,13120.54,0.0000,0.000000,2026,7,f,655.52
PIAUI,JUREMA,0,1011,JUREMA,PI,2205532,4425,13120.45,0.0000,0.000000,2026,7,f,570.59
MARANHAO,MONTES ALTOS,3,2632,MONTES ALTOS,MA,2107001,9106,13118.05,32.9453,0.113982,2026,7,f,775.51
PIAUI,CORONEL JOSE DIAS,1,1406,CORONEL JOSE DIAS,PI,2202851,4250,13110.12,23.5294,0.071124,2026,7,f,724.86
AMAZONAS,NOVA OLINDA DO NORTE,0,1993,NOVA OLINDA DO NORTE,AM,1303106,27062,13106.68,0.0000,0.000000,2026,7,f,537.70
CEARA,ARARIPE,2,8595,ARARIPE,CE,2301307,19783,13100.54,10.1097,0.023269,2026,7,f,545.54
BAHIA,MURITIBA,16,9754,MURITIBA,BA,2922300,28707,13097.05,55.7355,0.164035,2026,7,f,936.11
PERNAMBUCO,JATOBA,3,2766,JATOBA,PE,2608057,14020,13096.58,21.3980,0.108460,2026,7,f,826.57
AMAZONAS,NOVO ARIPUANA,0,1573,NOVO ARIPUANA,AM,1303304,23818,13088.29,0.0000,0.000000,2026,7,f,630.53
PIAUI,RIO GRANDE DO PIAUI,1,1612,RIO GRANDE DO PIAUI,PI,2209005,5801,13083.61,17.2384,0.062035,2026,7,f,770.90
BAHIA,OLINDINA,8,7017,OLINDINA,BA,2923100,22633,13080.41,35.3466,0.114009,2026,7,f,659.41
PERNAMBUCO,GRANITO,2,2086,GRANITO,PE,2606309,6967,13071.77,28.7068,0.095877,2026,7,f,697.41
BAHIA,CRAVOLANDIA,0,906,CRAVOLANDIA,BA,2909505,4415,13069.76,0.0000,0.000000,2026,7,f,723.17
BAHIA,CANDIBA,6,4342,CANDIBA,BA,2906600,13016,13067.61,46.0971,0.138185,2026,7,f,751.74
PIAUI,NAZARIA,3,1809,NAZARIA,PI,2206720,10262,13065.29,29.2341,0.165837,2026,7,f,634.76
BAHIA,CARINHANHA,7,7696,CARINHANHA,BA,2907103,28869,13060.20,24.2475,0.090956,2026,7,f,671.34
AMAZONAS,MARAA,0,988,MARAA,AM,1302801,15529,13051.71,0.0000,0.000000,2026,7,f,518.13
RIO GRANDE DO NORTE,RIACHO DE SANTANA,15,1655,RIACHO DE SANTANA,RN,2410801,4127,13044.83,363.4601,0.906344,2026,7,f,708.26
BAHIA,BREJOES,4,3295,BREJOES,BA,2904308,12943,13032.22,30.9047,0.121396,2026,7,f,708.98
PARAIBA,ALGODAO DE JANDAIRA,1,689,ALGODAO DE JANDAIRA,PB,2500577,2953,13031.83,33.8639,0.145138,2026,7,f,556.64
PARAIBA,CUITEGI,1,2344,CUITEGI,PB,2505204,6730,13025.85,14.8588,0.042662,2026,7,f,625.73
PIAUI,SAO MIGUEL DO FIDALGO,0,661,SAO MIGUEL DO FIDALGO,PI,2210391,2829,13020.86,0.0000,0.000000,2026,7,f,686.11
PARAIBA,BARAUNA,1,1006,BARAUNA,PB,2501534,4762,13020.16,20.9996,0.099404,2026,7,f,689.63
PIAUI,GEMINIANO,4,2806,GEMINIANO,PI,2204352,5445,13018.55,73.4619,0.142552,2026,7,f,667.92
MARANHAO,MARACACUME,4,6186,MARACACUME,MA,2106326,21149,13014.61,18.9134,0.064662,2026,7,f,546.44
PIAUI,JOSE DE FREITAS,27,17303,JOSE DE FREITAS,PI,2205508,42559,13013.65,63.4413,0.156042,2026,7,f,709.87
GOIAS,NOVO GAMA,10,27548,NOVO GAMA,GO,5215231,103804,13005.12,9.6335,0.036300,2026,7,f,1000.39
BAHIA,CHORROCHO,4,1801,CHORROCHO,BA,2907707,10579,13005.10,37.8108,0.222099,2026,7,f,660.51
RIO GRANDE DO NORTE,POCO BRANCO,8,3671,POCO BRANCO,RN,2410108,12390,13002.66,64.5682,0.217924,2026,7,f,657.73
PARAIBA,PEDRA BRANCA,0,1105,PEDRA BRANCA,PB,2511004,3739,12998.66,0.0000,0.000000,2026,7,f,803.95
CEARA,IBICUITINGA,4,4745,IBICUITINGA,CE,2305332,11611,12994.32,34.4501,0.084299,2026,7,f,627.47
PERNAMBUCO,PALMEIRINA,1,1934,PALMEIRINA,PE,2610103,7031,12994.17,14.2227,0.051706,2026,7,f,744.56
PARAIBA,UMBUZEIRO,3,2023,UMBUZEIRO,PB,2517001,9124,12993.97,32.8803,0.148295,2026,7,f,654.31
PARAIBA,NATUBA,0,1049,NATUBA,PB,2509909,8945,12984.80,0.0000,0.000000,2026,7,f,597.24
BAHIA,ITAQUARA,1,1524,ITAQUARA,BA,2916708,8153,12971.67,12.2654,0.065617,2026,7,f,636.45
CEARA,GUAIUBA,7,6388,GUAIUBA,CE,2304954,24325,12971.10,28.7770,0.109580,2026,7,f,601.44
PARAIBA,PIRPIRITUBA,1,3483,PIRPIRITUBA,PB,2511806,9340,12953.96,10.7066,0.028711,2026,7,f,705.61
ALAGOAS,AGUA BRANCA,5,6848,AGUA BRANCA,AL,2700102,19008,12944.65,26.3047,0.073014,2026,7,f,625.07
CEARA,MILAGRES,10,9628,MILAGRES,CE,2308302,25900,12943.59,38.6100,0.103864,2026,7,f,740.97
PIAUI,AROAZES,0,1506,AROAZES,PI,2200905,5369,12942.63,0.0000,0.000000,2026,7,f,732.79
PARAIBA,IGARACY,0,2241,IGARACY,PB,2502607,5648,12941.75,0.0000,0.000000,2026,7,f,702.71
PERNAMBUCO,TABIRA,14,15044,TABIRA,PE,2614600,27681,12941.11,50.5762,0.093060,2026,7,f,836.97
BAHIA,SAO DOMINGOS,4,2867,SAO DOMINGOS,BA,2928950,8426,12938.52,47.4721,0.139519,2026,7,f,842.87
CEARA,BARREIRA,17,9968,BARREIRA,CE,2301950,22392,12926.27,75.9200,0.170546,2026,7,f,713.88
CEARA,ARARENDA,0,4349,ARARENDA,CE,2301257,11096,12925.74,0.0000,0.000000,2026,7,f,623.37
RIO GRANDE DO NORTE,CAMPO REDONDO,4,3558,CAMPO REDONDO,RN,2402105,10215,12919.73,39.1581,0.112423,2026,7,f,737.65
PIAUI,JUAZEIRO DO PIAUI,0,1072,JUAZEIRO DO PIAUI,PI,2205516,5214,12918.11,0.0000,0.000000,2026,7,f,798.22
PARAIBA,PILAR,4,4062,PILAR,PB,2511509,12311,12907.24,32.4913,0.098474,2026,7,f,684.50
CEARA,APUIARES,2,5272,APUIARES,CE,2300903,12928,12907.18,15.4703,0.037936,2026,7,f,627.92
BAHIA,UAUA,4,7286,UAUA,BA,2932002,24665,12905.41,16.2173,0.054900,2026,7,f,701.98
BAHIA,MARCIONILIO SOUZA,2,2206,MARCIONILIO SOUZA,BA,2920809,9267,12899.32,21.5820,0.090662,2026,7,f,762.80
MARANHAO,POCAO DE PEDRAS,7,6938,POCAO DE PEDRAS,MA,2108900,17161,12897.09,40.7902,0.100894,2026,7,f,810.21
PERNAMBUCO,SAO JOAQUIM DO MONTE,4,5811,SAO JOAQUIM DO MONTE,PE,2613305,20037,12896.69,19.9631,0.068835,2026,7,f,646.01
MARANHAO,SAO ROBERTO,1,1749,SAO ROBERTO,MA,2111672,4544,12879.84,22.0070,0.057176,2026,7,f,545.37
CEARA,TAMBORIL,6,10195,TAMBORIL,CE,2313203,24815,12863.27,24.1789,0.058852,2026,7,f,688.17
BAHIA,RETIROLANDIA,5,5513,RETIROLANDIA,BA,2926103,13651,12859.72,36.6274,0.090695,2026,7,f,765.41
AMAZONAS,BARCELOS,0,1652,BARCELOS,AM,1300409,18834,12854.41,0.0000,0.000000,2026,7,f,595.57
RIO GRANDE DO NORTE,JACANA,7,7819,JACANA,RN,2405009,7834,12847.08,89.3541,0.089526,2026,7,f,714.44
BAHIA,MALHADA DE PEDRAS,2,3580,MALHADA DE PEDRAS,BA,2920304,8670,12844.87,23.0681,0.055866,2026,7,f,743.95
BAHIA,MORPARA,1,1035,MORPARA,BA,2921609,7996,12839.79,12.5063,0.096618,2026,7,f,615.40
MARANHAO,PAULO RAMOS,11,7156,PAULO RAMOS,MA,2108108,20341,12834.91,54.0780,0.153717,2026,7,f,668.82
PIAUI,CAMPO GRANDE DO PIAUI,1,2356,CAMPO GRANDE DO PIAUI,PI,2202133,6020,12831.06,16.6113,0.042445,2026,7,f,686.67
PARAIBA,NOVA PALMEIRA,7,965,NOVA PALMEIRA,PB,2510303,4259,12827.66,164.3578,0.725389,2026,7,f,859.40
PARAIBA,MALTA,0,2084,MALTA,PB,2508802,6046,12821.04,0.0000,0.000000,2026,7,f,879.93
CEARA,RERIUTABA,10,7535,RERIUTABA,CE,2311702,18606,12820.49,53.7461,0.132714,2026,7,f,724.54
MARANHAO,SAO JOSE DE RIBAMAR,698,73354,SAO JOSE DE RIBAMAR,MA,2111201,244579,12820.31,285.3884,0.951550,2026,7,f,1134.31
AMAZONAS,BARREIRINHA,0,1297,BARREIRINHA,AM,1300508,31051,12819.81,0.0000,0.000000,2026,7,f,521.15
CEARA,MASSAPE,11,13505,MASSAPE,CE,2308005,37697,12818.79,29.1800,0.081451,2026,7,f,652.16
BAHIA,PINTADAS,2,3273,PINTADAS,BA,2924652,10325,12817.92,19.3705,0.061106,2026,7,f,819.37
BAHIA,PEDRO ALEXANDRE,2,2006,PEDRO ALEXANDRE,BA,2924207,13954,12815.68,14.3328,0.099701,2026,7,f,609.45
RIO GRANDE DO NORTE,MARCELINO VIEIRA,5,2860,MARCELINO VIEIRA,RN,2407302,7896,12813.70,63.3232,0.174825,2026,7,f,714.94
PERNAMBUCO,FEIRA NOVA,13,9189,FEIRA NOVA,PE,2605400,21427,12812.90,60.6711,0.141474,2026,7,f,738.81
CEARA,CARIDADE,9,6113,CARIDADE,CE,2303006,16377,12806.25,54.9551,0.147227,2026,7,f,655.30
PERNAMBUCO,JOAO ALFREDO,28,10542,JOAO ALFREDO,PE,2608107,27725,12799.96,100.9919,0.265604,2026,7,f,727.48
MINAS GERAIS,SANTA MARIA DO SALTO,0,1328,SANTA MARIA DO SALTO,MG,3158102,4755,12797.48,0.0000,0.000000,2026,7,f,791.94
PIAUI,SAO JOAO DA CANABRAVA,1,1463,SAO JOAO DA CANABRAVA,PI,2209856,4242,12796.32,23.5738,0.068353,2026,7,f,801.84
MINAS GERAIS,CURRAL DE DENTRO,5,3231,CURRAL DE DENTRO,MG,3120870,7406,12793.28,67.5128,0.154751,2026,7,f,810.26
RIO GRANDE DO NORTE,CORONEL EZEQUIEL,3,1690,CORONEL EZEQUIEL,RN,2402808,5117,12792.65,58.6281,0.177515,2026,7,f,623.76
PIAUI,FRANCISCO MACEDO,0,986,FRANCISCO MACEDO,PI,2204154,2929,12787.98,0.0000,0.000000,2026,7,f,693.49
RIO GRANDE DO NORTE,CORONEL JOAO PESSOA,4,1481,CORONEL JOAO PESSOA,RN,2402907,4237,12784.99,94.4064,0.270088,2026,7,f,777.32
PIAUI,SOCORRO DO PIAUI,0,879,SOCORRO DO PIAUI,PI,2210904,4141,12776.38,0.0000,0.000000,2026,7,f,569.04
MINAS GERAIS,SANTO ANTONIO DO RETIRO,0,3052,SANTO ANTONIO DO RETIRO,MG,3160454,6629,12774.78,0.0000,0.000000,2026,7,f,763.14
PARAIBA,JERICO,6,2977,JERICO,PB,2507408,7516,12769.96,79.8297,0.201545,2026,7,f,811.24
PARA,QUATIPURU,4,1501,QUATIPURU,PA,1506112,11524,12767.18,34.7102,0.266489,2026,7,f,649.32
CEARA,MADALENA,2,6344,MADALENA,CE,2307635,16896,12766.10,11.8371,0.031526,2026,7,f,656.35
MINAS GERAIS,PATIS,0,1465,PATIS,MG,3147956,4837,12743.85,0.0000,0.000000,2026,7,f,744.88
PERNAMBUCO,BUENOS AIRES,2,3667,BUENOS AIRES,PE,2602704,12808,12743.36,15.6152,0.054540,2026,7,f,708.20
AMAZONAS,TABATINGA,30,13798,TABATINGA,AM,1304062,66764,12726.63,44.9344,0.217423,2026,7,f,669.60
BAHIA,BANZAE,4,2643,BANZAE,BA,2902658,11958,12717.93,33.4504,0.151343,2026,7,f,707.64
BAHIA,ABARE,1,3352,ABARE,BA,2900207,17639,12712.68,5.6693,0.029833,2026,7,f,600.78
PIAUI,INHUMA,2,6270,INHUMA,PI,2204709,14958,12709.59,13.3708,0.031898,2026,7,f,822.11
CEARA,BAIXIO,0,1834,BAIXIO,CE,2301802,5704,12708.27,0.0000,0.000000,2026,7,f,660.22
PARAIBA,SAO JOSE DE CAIANA,0,1996,SAO JOSE DE CAIANA,PB,2514305,5034,12708.18,0.0000,0.000000,2026,7,f,647.02
PIAUI,DIRCEU ARCOVERDE,2,2014,DIRCEU ARCOVERDE,PI,2203354,7054,12703.57,28.3527,0.099305,2026,7,f,799.60
PARAIBA,MAE D'AGUA,0,931,MAE D'AGUA,PB,2508703,3583,12700.25,0.0000,0.000000,2026,7,f,740.54
PIAUI,SANTANA DO PIAUI,1,1839,SANTANA DO PIAUI,PI,2209351,4125,12698.18,24.2424,0.054377,2026,7,f,756.73
PERNAMBUCO,CEDRO,4,3387,CEDRO,PE,2604304,10518,12697.66,38.0300,0.118099,2026,7,f,684.12
PIAUI,FRANCINOPOLIS,1,1329,FRANCINOPOLIS,PI,2204006,4505,12695.01,22.1976,0.075245,2026,7,f,679.25
PARAIBA,SAO JOSE DE PRINCESA,0,649,SAO JOSE DE PRINCESA,PB,2514552,3416,12693.79,0.0000,0.000000,2026,7,f,600.80
PARAIBA,MULUNGU,2,2892,MULUNGU,PB,2509800,8791,12693.55,22.7505,0.069156,2026,7,f,701.66
MINAS GERAIS,SANTO ANTONIO DO JACINTO,0,4642,SANTO ANTONIO DO JACINTO,MG,3160306,10327,12689.45,0.0000,0.000000,2026,7,f,721.83
BAHIA,ITIUBA,10,9382,ITIUBA,BA,2917003,33872,12685.34,29.5229,0.106587,2026,7,f,702.63
PARA,SANTA LUZIA DO PARA,6,5037,SANTA LUZIA DO PARA,PA,1506559,20370,12683.36,29.4551,0.119119,2026,7,f,685.08
BAHIA,MUNDO NOVO,7,4227,MUNDO NOVO,BA,2922102,17305,12682.87,40.4507,0.165602,2026,7,f,747.97
MARANHAO,SUCUPIRA DO RIACHAO,0,1305,SUCUPIRA DO RIACHAO,MA,2111953,4985,12680.84,0.0000,0.000000,2026,7,f,658.02
MINAS GERAIS,PEDRAS DE MARIA DA CRUZ,0,2909,PEDRAS DE MARIA DA CRUZ,MG,3149150,10433,12676.70,0.0000,0.000000,2026,7,f,777.73
PIAUI,NOVA SANTA RITA,0,1116,NOVA SANTA RITA,PI,2207959,4076,12672.72,0.0000,0.000000,2026,7,f,581.67
CEARA,COREAU,1,7829,COREAU,CE,2304004,20953,12672.12,4.7726,0.012773,2026,7,f,656.99
TOCANTINS,PRAIA NORTE,0,1626,PRAIA NORTE,TO,1718303,9044,12657.34,0.0000,0.000000,2026,7,f,721.44
PARAIBA,SAO JOSE DO BONFIM,0,1298,SAO JOSE DO BONFIM,PB,2514602,3242,12653.30,0.0000,0.000000,2026,7,f,706.28
AMAZONAS,BERURI,1,998,BERURI,AM,1300631,20718,12651.85,4.8267,0.100200,2026,7,f,608.58
PERNAMBUCO,POCAO,11,5335,POCAO,PE,2611200,10500,12648.29,104.7619,0.206186,2026,7,f,654.04
RIO GRANDE DO NORTE,JUNDIA,0,1140,JUNDIA,RN,2406155,3739,12648.03,0.0000,0.000000,2026,7,f,716.60
BAHIA,CANUDOS,3,4383,CANUDOS,BA,2906824,16105,12646.20,18.6278,0.068446,2026,7,f,711.38
PIAUI,PALMEIRAIS,1,2279,PALMEIRAIS,PI,2207504,13264,12640.46,7.5392,0.043879,2026,7,f,746.07
MINAS GERAIS,COMERCINHO,0,2413,COMERCINHO,MG,3117009,6660,12639.04,0.0000,0.000000,2026,7,f,761.43
PARAIBA,CAICARA,4,1875,CAICARA,PB,2503605,6602,12636.78,60.5877,0.213333,2026,7,f,617.26
PIAUI,PAVUSSU,1,942,PAVUSSU,PI,2207850,3628,12630.37,27.5634,0.106157,2026,7,f,612.34
PARAIBA,OLHO D'AGUA,0,1725,OLHO D'AGUA,PB,2510402,6060,12629.37,0.0000,0.000000,2026,7,f,506.11
BAHIA,CANARANA,4,7535,CANARANA,BA,2906204,24206,12627.28,16.5248,0.053086,2026,7,f,634.87
MARANHAO,FORTUNA,2,4240,FORTUNA,MA,2104206,16976,12624.12,11.7813,0.047170,2026,7,f,663.54
PERNAMBUCO,JAQUEIRA,0,2534,JAQUEIRA,PE,2607950,10247,12621.65,0.0000,0.000000,2026,7,f,544.67
PARAIBA,ALCANTIL,1,1223,ALCANTIL,PB,2500536,5578,12611.69,17.9276,0.081766,2026,7,f,723.59
MINAS GERAIS,LONTRA,2,3541,LONTRA,MG,3138658,8790,12601.02,22.7531,0.056481,2026,7,f,846.80
MARANHAO,OLHO D'AGUA DAS CUNHAS,12,7150,OLHO D'AGUA DAS CUNHAS,MA,2107407,17919,12598.64,66.9680,0.167832,2026,7,f,786.89
CEARA,MUCAMBO,8,5910,MUCAMBO,CE,2309003,13666,12593.59,58.5394,0.135364,2026,7,f,730.44
BAHIA,IACU,6,7420,IACU,BA,2911907,24607,12587.35,24.3833,0.080863,2026,7,f,765.53
PERNAMBUCO,LAGOA DO OURO,4,3702,LAGOA DO OURO,PE,2608602,11933,12585.27,33.5205,0.108050,2026,7,f,631.35
PARAIBA,DAMIAO,0,959,DAMIAO,PB,2505352,4982,12576.07,0.0000,0.000000,2026,7,f,566.06
PARA,MARAPANIM,6,3859,MARAPANIM,PA,1504406,26573,12566.93,22.5793,0.155481,2026,7,f,576.69
MARANHAO,ARAME,3,7802,ARAME,MA,2100956,25517,12565.07,11.7569,0.038452,2026,7,f,570.78
MINAS GERAIS,JORDANIA,1,2405,JORDANIA,MG,3136504,10304,12561.04,9.7050,0.041580,2026,7,f,916.01
AMAZONAS,SANTO ANTONIO DO ICA,1,1388,SANTO ANTONIO DO ICA,AM,1303700,28211,12558.12,3.5447,0.072046,2026,7,f,489.41
PIAUI,LUZILANDIA,5,10944,LUZILANDIA,PI,2205805,25375,12553.77,19.7044,0.045687,2026,7,f,648.33
RIO GRANDE DO NORTE,SAO PEDRO,3,1826,SAO PEDRO,RN,2412708,5776,12552.63,51.9391,0.164294,2026,7,f,766.63
PARAIBA,REMIGIO,9,7248,REMIGIO,PB,2512705,17885,12544.93,50.3215,0.124172,2026,7,f,855.49
PARA,PONTA DE PEDRAS,6,2629,PONTA DE PEDRAS,PA,1505700,24984,12543.71,24.0154,0.228224,2026,7,f,574.17
BAHIA,PE DE SERRA,6,3906,PE DE SERRA,BA,2924058,13243,12537.26,45.3070,0.153610,2026,7,f,757.86
AMAZONAS,FONTE BOA,1,2416,FONTE BOA,AM,1301605,25871,12536.39,3.8653,0.041391,2026,7,f,638.80
MINAS GERAIS,SAO SEBASTIAO DO MARANHAO,1,4010,SAO SEBASTIAO DO MARANHAO,MG,3164506,10079,12513.15,9.9216,0.024938,2026,7,f,756.62
BAHIA,CAMPO ALEGRE DE LOURDES,4,2557,CAMPO ALEGRE DE LOURDES,BA,2905909,30671,12501.09,13.0416,0.156433,2026,7,f,658.13
ALAGOAS,OLIVENCA,2,3168,OLIVENCA,AL,2706000,10812,12498.52,18.4980,0.063131,2026,7,f,521.06
MARANHAO,BREJO,5,4898,BREJO,MA,2102101,34120,12498.21,14.6542,0.102082,2026,7,f,615.04
PARAIBA,SANTA CRUZ,3,1599,SANTA CRUZ,PB,2513208,5947,12495.71,50.4456,0.187617,2026,7,f,784.35
PIAUI,FLORES DO PIAUI,0,1070,FLORES DO PIAUI,PI,2203800,4414,12494.11,0.0000,0.000000,2026,7,f,629.95
PARA,PORTO DE MOZ,2,2456,PORTO DE MOZ,PA,1505908,40597,12492.97,4.9265,0.081433,2026,7,f,484.97
MINAS GERAIS,BONITO DE MINAS,0,2092,BONITO DE MINAS,MG,3108255,10204,12492.55,0.0000,0.000000,2026,7,f,706.44
BAHIA,ARACATU,6,4381,ARACATU,BA,2902005,13936,12485.94,43.0540,0.136955,2026,7,f,757.68
BAHIA,MACARANI,12,4567,MACARANI,BA,2919702,21599,12485.81,55.5581,0.262755,2026,7,f,667.69
PIAUI,CAXINGO,2,1475,CAXINGO,PI,2202653,5496,12484.72,36.3901,0.135593,2026,7,f,577.30
PARA,AVEIRO,0,418,AVEIRO,PA,1501006,18290,12483.16,0.0000,0.000000,2026,7,f,477.87
MINAS GERAIS,VARZELANDIA,3,9646,VARZELANDIA,MG,3170909,18840,12478.66,15.9236,0.031101,2026,7,f,738.74
CEARA,NOVO ORIENTE,9,15624,NOVO ORIENTE,CE,2309409,27545,12477.11,32.6738,0.057604,2026,7,f,771.68
PIAUI,SAO FRANCISCO DO PIAUI,0,1231,SAO FRANCISCO DO PIAUI,PI,2209708,5392,12474.78,0.0000,0.000000,2026,7,f,677.67
RIO GRANDE DO NORTE,ENCANTO,3,2527,ENCANTO,RN,2403301,6016,12474.07,49.8670,0.118718,2026,7,f,783.97
PIAUI,COCAL,5,10868,COCAL,PI,2202703,28212,12471.01,17.7230,0.046007,2026,7,f,594.08
AMAZONAS,BENJAMIN CONSTANT,0,3071,BENJAMIN CONSTANT,AM,1300607,37648,12469.32,0.0000,0.000000,2026,7,f,576.24
AMAZONAS,SAO SEBASTIAO DO UATUMA,0,550,SAO SEBASTIAO DO UATUMA,AM,1303957,11670,12469.15,0.0000,0.000000,2026,7,f,657.76
PARA,MELGACO,1,656,MELGACO,PA,1504505,27881,12463.65,3.5867,0.152439,2026,7,f,476.85
CEARA,UMARI,1,1623,UMARI,CE,2313708,6871,12462.96,14.5539,0.061614,2026,7,f,629.05
CEARA,GROAIRAS,7,6256,GROAIRAS,CE,2304905,10910,12462.60,64.1613,0.111893,2026,7,f,753.78
BAHIA,PIRITIBA,8,4913,PIRITIBA,BA,2924801,17566,12462.20,45.5425,0.162833,2026,7,f,741.19
BAHIA,CIPO,11,9112,CIPO,BA,2907905,17230,12455.95,63.8421,0.120720,2026,7,f,831.75
PIAUI,MATIAS OLIMPIO,1,2079,MATIAS OLIMPIO,PI,2206100,10641,12453.34,9.3976,0.048100,2026,7,f,625.81
AMAZONAS,AMATURA,2,465,AMATURA,AM,1300060,10819,12453.28,18.4860,0.430108,2026,7,f,556.40
MARANHAO,BARREIRINHAS,21,14714,BARREIRINHAS,MA,2101707,65589,12453.14,32.0176,0.142721,2026,7,f,612.86
BAHIA,ANTONIO CARDOSO,3,2201,ANTONIO CARDOSO,BA,2901700,11146,12452.27,26.9155,0.136302,2026,7,f,702.92
PIAUI,SAO LOURENCO DO PIAUI,0,1188,SAO LOURENCO DO PIAUI,PI,2210359,4410,12450.57,0.0000,0.000000,2026,7,f,792.54
PARAIBA,GADO BRAVO,1,1767,GADO BRAVO,PB,2506251,8179,12446.63,12.2264,0.056593,2026,7,f,554.19
BAHIA,BAIXA GRANDE,7,4992,BAIXA GRANDE,BA,2902609,18220,12442.59,38.4193,0.140224,2026,7,f,708.86
BAHIA,QUIXABEIRA,3,3465,QUIXABEIRA,BA,2925931,9461,12434.41,31.7091,0.086580,2026,7,f,666.94
PERNAMBUCO,SANTA CRUZ DA BAIXA VERDE,8,5916,SANTA CRUZ DA BAIXA VERDE,PE,2612471,11567,12425.26,69.1623,0.135227,2026,7,f,629.41
PERNAMBUCO,BUIQUE,14,13106,BUIQUE,PE,2602803,52097,12420.35,26.8729,0.106821,2026,7,f,568.15
PIAUI,ANGICAL DO PIAUI,2,2635,ANGICAL DO PIAUI,PI,2200608,6827,12417.17,29.2954,0.075901,2026,7,f,869.02
BAHIA,CARAIBAS,3,1966,CARAIBAS,BA,2906899,9940,12414.69,30.1811,0.152594,2026,7,f,737.40
AMAZONAS,URUCURITUBA,1,1116,URUCURITUBA,AM,1304401,23945,12410.65,4.1762,0.089606,2026,7,f,629.39
PARAIBA,SANTANA DOS GARROTES,3,1979,SANTANA DOS GARROTES,PB,2513604,6569,12407.06,45.6691,0.151592,2026,7,f,712.84
PARAIBA,SANTA INES,0,1052,SANTA INES,PB,2513356,3227,12400.06,0.0000,0.000000,2026,7,f,715.43
PERNAMBUCO,JUCATI,2,4121,JUCATI,PE,2608255,11517,12398.19,17.3656,0.048532,2026,7,f,651.62
PERNAMBUCO,JOAQUIM NABUCO,2,3737,JOAQUIM NABUCO,PE,2608206,13269,12396.64,15.0727,0.053519,2026,7,f,689.95
PERNAMBUCO,BREJINHO,3,2088,BREJINHO,PE,2602506,7720,12394.17,38.8601,0.143678,2026,7,f,773.01
RIO GRANDE DO NORTE,LUIS GOMES,4,3644,LUIS GOMES,RN,2407005,9070,12392.39,44.1014,0.109769,2026,7,f,751.13
MINAS GERAIS,FRANCISCO BADARO,1,3299,FRANCISCO BADARO,MG,3126505,7366,12382.84,13.5759,0.030312,2026,7,f,945.37
PIAUI,VARZEA GRANDE,2,1161,VARZEA GRANDE,PI,2211407,4417,12375.82,45.2796,0.172265,2026,7,f,839.80
BAHIA,QUEIMADAS,6,6892,QUEIMADAS,BA,2925808,25988,12375.06,23.0876,0.087057,2026,7,f,662.08
BAHIA,ARATUIPE,1,2029,ARATUIPE,BA,2902302,8677,12374.09,11.5247,0.049285,2026,7,f,639.58
MARANHAO,NOVA IORQUE,0,821,NOVA IORQUE,MA,2107308,4320,12369.44,0.0000,0.000000,2026,7,f,727.08
PERNAMBUCO,CORRENTES,2,3997,CORRENTES,PE,2604700,17131,12368.22,11.6747,0.050038,2026,7,f,619.92
BAHIA,MONTE SANTO,8,11878,MONTE SANTO,BA,2921500,47780,12365.11,16.7434,0.067351,2026,7,f,644.10
PERNAMBUCO,VERTENTE DO LERIO,4,4075,VERTENTE DO LERIO,PE,2616183,7558,12364.65,52.9241,0.098160,2026,7,f,693.87
CEARA,QUITERIANOPOLIS,1,9249,QUITERIANOPOLIS,CE,2311264,20213,12363.23,4.9473,0.010812,2026,7,f,677.69
MINAS GERAIS,MATA VERDE,0,2480,MATA VERDE,MG,3140555,9112,12362.16,0.0000,0.000000,2026,7,f,860.93
PIAUI,CARACOL,0,2190,CARACOL,PI,2202505,10318,12361.21,0.0000,0.000000,2026,7,f,643.52
MINAS GERAIS,FRUTA DE LEITE,0,1476,FRUTA DE LEITE,MG,3127073,4647,12360.02,0.0000,0.000000,2026,7,f,672.44
PARAIBA,MATUREIA,1,2306,MATUREIA,PB,2509396,6433,12359.71,15.5448,0.043365,2026,7,f,653.01
MARANHAO,RAPOSA,44,9505,RAPOSA,MA,2109452,30839,12356.79,142.6765,0.462914,2026,7,f,872.96
BAHIA,NOVA REDENCAO,0,1536,NOVA REDENCAO,BA,2922854,7538,12352.75,0.0000,0.000000,2026,7,f,678.60
MARANHAO,SAO JOAO DO SOTER,0,2740,SAO JOAO DO SOTER,MA,2111078,16889,12348.81,0.0000,0.000000,2026,7,f,537.27
PERNAMBUCO,ITAPETIM,8,4259,ITAPETIM,PE,2607703,13791,12346.39,58.0088,0.187838,2026,7,f,874.77
AMAZONAS,CANUTAMA,0,715,CANUTAMA,AM,1300904,16869,12344.95,0.0000,0.000000,2026,7,f,601.49
PIAUI,SAO BRAZ DO PIAUI,1,1073,SAO BRAZ DO PIAUI,PI,2209559,4358,12331.34,22.9463,0.093197,2026,7,f,707.43
MINAS GERAIS,JAPONVAR,3,3771,JAPONVAR,MG,3135357,8127,12321.40,36.9140,0.079554,2026,7,f,741.50
MARANHAO,BOA VISTA DO GURUPI,0,983,BOA VISTA DO GURUPI,MA,2101970,7574,12320.04,0.0000,0.000000,2026,7,f,570.27
PERNAMBUCO,SERTANIA,17,18408,SERTANIA,PE,2614105,32811,12314.99,51.8119,0.092351,2026,7,f,787.05
PIAUI,JARDIM DO MULATO,1,907,JARDIM DO MULATO,PI,2205250,4180,12314.83,23.9234,0.110254,2026,7,f,698.08
PIAUI,SAO LUIS DO PIAUI,0,1093,SAO LUIS DO PIAUI,PI,2210375,2309,12313.99,0.0000,0.000000,2026,7,f,627.35
PARAIBA,TRIUNFO,6,3346,TRIUNFO,PB,2516805,9892,12312.58,60.6551,0.179319,2026,7,f,789.08
CEARA,AURORA,8,7619,AURORA,CE,2301703,23714,12311.29,33.7353,0.105001,2026,7,f,714.57
BAHIA,NOVO HORIZONTE,3,5276,NOVO HORIZONTE,BA,2923035,11162,12307.11,26.8769,0.056861,2026,7,f,637.13
MARANHAO,PIO XII,10,8274,PIO XII,MA,2108702,21886,12306.73,45.6913,0.120861,2026,7,f,726.65
CEARA,MONSENHOR TABOSA,5,7547,MONSENHOR TABOSA,CE,2308609,17149,12300.31,29.1562,0.066251,2026,7,f,705.32
MARANHAO,SATUBINHA,0,1778,SATUBINHA,MA,2111722,8784,12286.09,0.0000,0.000000,2026,7,f,634.69
PIAUI,COCAL DE TELHA,2,1867,COCAL DE TELHA,PI,2202711,4911,12283.45,40.7249,0.107124,2026,7,f,716.92
PIAUI,SAO JOSE DO PIAUI,0,2483,SAO JOSE DO PIAUI,PI,2210201,6597,12280.89,0.0000,0.000000,2026,7,f,717.80
AMAZONAS,PAUINI,0,593,PAUINI,AM,1303502,19373,12276.83,0.0000,0.000000,2026,7,f,454.55
BAHIA,CAEM,1,2447,CAEM,BA,2905107,10384,12268.97,9.6302,0.040866,2026,7,f,806.57
BAHIA,NOVO TRIUNFO,1,2127,NOVO TRIUNFO,BA,2923050,10660,12267.73,9.3809,0.047015,2026,7,f,657.33
BAHIA,IBICARAI,17,6626,IBICARAI,BA,2912103,21665,12260.88,78.4676,0.256565,2026,7,f,1006.71
PARAIBA,FAGUNDES,4,3437,FAGUNDES,PB,2506103,11049,12258.21,36.2024,0.116381,2026,7,f,651.81
CEARA,CARNAUBAL,2,6388,CARNAUBAL,CE,2303402,17210,12252.47,11.6212,0.031309,2026,7,f,654.73
CEARA,PIQUET CARNEIRO,7,5504,PIQUET CARNEIRO,CE,2310902,16616,12249.22,42.1281,0.127180,2026,7,f,704.36
PARAIBA,SAO JOSE DA LAGOA TAPADA,2,1831,SAO JOSE DA LAGOA TAPADA,PB,2514206,7126,12246.56,28.0662,0.109230,2026,7,f,704.78
PIAUI,SAO FRANCISCO DE ASSIS DO PIAUI,0,1396,SAO FRANCISCO DE ASSIS DO PIAUI,PI,2209658,5572,12243.72,0.0000,0.000000,2026,7,f,564.56
MINAS GERAIS,IBIRACATU,0,1532,IBIRACATU,MG,3129657,5081,12239.32,0.0000,0.000000,2026,7,f,702.48
PARAIBA,PEDRO REGIS,0,1395,PEDRO REGIS,PB,2512721,5766,12229.62,0.0000,0.000000,2026,7,f,566.40
PIAUI,JAICOS,4,7734,JAICOS,PI,2205201,17527,12226.28,22.8219,0.051720,2026,7,f,728.46
MARANHAO,PARNARAMA,4,4444,PARNARAMA,MA,2107803,31250,12217.38,12.8000,0.090009,2026,7,f,609.43
PARAIBA,BOA VENTURA,2,1721,BOA VENTURA,PB,2502102,5207,12214.52,38.4098,0.116212,2026,7,f,693.65
BAHIA,CORACAO DE MARIA,12,8818,CORACAO DE MARIA,BA,2908903,26692,12207.55,44.9573,0.136085,2026,7,f,850.84
MARANHAO,BOM LUGAR,3,3536,BOM LUGAR,MA,2102077,12212,12205.70,24.5660,0.084842,2026,7,f,638.84
PARA,IRITUIA,5,5454,IRITUIA,PA,1503507,30955,12202.71,16.1525,0.091676,2026,7,f,616.62
PARAIBA,CASSERENGUE,1,1717,CASSERENGUE,PB,2504157,6889,12180.87,14.5159,0.058241,2026,7,f,581.94
PIAUI,VERA MENDES,0,1061,VERA MENDES,PI,2211506,3185,12180.85,0.0000,0.000000,2026,7,f,599.07
PIAUI,MORRO CABECA NO TEMPO,0,522,MORRO CABECA NO TEMPO,PI,2206654,4377,12180.49,0.0000,0.000000,2026,7,f,579.63
PARAIBA,VIEIROPOLIS,0,1710,VIEIROPOLIS,PB,2517209,4864,12179.69,0.0000,0.000000,2026,7,f,639.99
PIAUI,CURRALINHOS,1,618,CURRALINHOS,PI,2203255,4413,12173.80,22.6603,0.161812,2026,7,f,744.99
PIAUI,CRISTALANDIA DO PIAUI,0,1611,CRISTALANDIA DO PIAUI,PI,2203008,7356,12173.33,0.0000,0.000000,2026,7,f,684.39
PARAIBA,SANTANA DE MANGUEIRA,0,1490,SANTANA DE MANGUEIRA,PB,2513505,5010,12163.67,0.0000,0.000000,2026,7,f,646.52
PIAUI,ALEGRETE DO PIAUI,3,945,ALEGRETE DO PIAUI,PI,2200277,4634,12162.06,64.7389,0.317460,2026,7,f,652.29
PIAUI,CASTELO DO PIAUI,5,6227,CASTELO DO PIAUI,PI,2202604,19288,12158.91,25.9229,0.080295,2026,7,f,711.61
PARAIBA,LIVRAMENTO,0,1584,LIVRAMENTO,PB,2508505,6877,12156.75,0.0000,0.000000,2026,7,f,619.98
PERNAMBUCO,ILHA DE ITAMARACA,30,6095,ILHA DE ITAMARACA,PE,2607604,24540,12155.46,122.2494,0.492207,2026,7,f,871.13
PIAUI,COIVARAS,2,1235,COIVARAS,PI,2202737,4117,12151.81,48.5791,0.161943,2026,7,f,658.23
PARA,PEIXE-BOI,4,2029,PEIXE-BOI,PA,1505601,8285,12149.31,48.2800,0.197141,2026,7,f,756.62
PARAIBA,ALAGOINHA,10,4575,ALAGOINHA,PB,2500502,13725,12144.70,72.8597,0.218579,2026,7,f,687.49
PERNAMBUCO,JATAUBA,96,5739,JATAUBA,PE,2608008,15843,12143.15,605.9458,1.672765,2026,7,f,627.22
PARAIBA,SAO SEBASTIAO DE LAGOA DE ROCA,7,4452,SAO SEBASTIAO DE LAGOA DE ROCA,PB,2515104,11040,12137.05,63.4058,0.157233,2026,7,f,790.63
BAHIA,WAGNER,4,1633,WAGNER,BA,2933406,9503,12134.17,42.0920,0.244948,2026,7,f,680.62
MINAS GERAIS,UBAI,1,3956,UBAI,MG,3170008,11708,12133.33,8.5412,0.025278,2026,7,f,803.38
PERNAMBUCO,CATENDE,12,11633,CATENDE,PE,2604205,32156,12130.71,37.3181,0.103155,2026,7,f,751.85
BAHIA,FLORESTA AZUL,1,1999,FLORESTA AZUL,BA,2911006,11059,12123.97,9.0424,0.050025,2026,7,f,817.95
PARA,CACHOEIRA DO PIRIA,4,3100,CACHOEIRA DO PIRIA,PA,1501956,19630,12119.61,20.3770,0.129032,2026,7,f,564.23
BAHIA,IBIPEBA,2,3642,IBIPEBA,BA,2912400,16603,12117.15,12.0460,0.054915,2026,7,f,713.13
MARANHAO,BURITIRANA,2,3635,BURITIRANA,MA,2102358,12918,12116.74,15.4823,0.055021,2026,7,f,696.88
CEARA,VICOSA DO CEARA,23,25015,VICOSA DO CEARA,CE,2314102,59712,12112.31,38.5182,0.091945,2026,7,f,548.18
PERNAMBUCO,CALCADO,3,4190,CALCADO,PE,2603306,11093,12109.53,27.0441,0.071599,2026,7,f,649.94
PARAIBA,PILOEZINHOS,1,1979,PILOEZINHOS,PB,2511707,5329,12106.59,18.7652,0.050531,2026,7,f,698.44
PERNAMBUCO,SOLIDAO,1,1563,SOLIDAO,PE,2614402,5210,12101.92,19.1939,0.063980,2026,7,f,650.08
PIAUI,PATOS DO PIAUI,0,1276,PATOS DO PIAUI,PI,2207777,5425,12099.72,0.0000,0.000000,2026,7,f,610.90
BAHIA,ITAPITANGA,1,1284,ITAPITANGA,BA,2916609,10279,12082.79,9.7286,0.077882,2026,7,f,655.60
RIO GRANDE DO NORTE,ANTONIO MARTINS,4,2590,ANTONIO MARTINS,RN,2400901,6577,12082.10,60.8180,0.154440,2026,7,f,702.33
PIAUI,ISAIAS COELHO,1,1768,ISAIAS COELHO,PI,2204907,7774,12081.17,12.8634,0.056561,2026,7,f,606.85
PARAIBA,SAO JOAO DO TIGRE,0,770,SAO JOAO DO TIGRE,PB,2514107,4263,12079.76,0.0000,0.000000,2026,7,f,646.30
PARA,SAO SEBASTIAO DA BOA VISTA,0,1307,SAO SEBASTIAO DA BOA VISTA,PA,1507706,25643,12079.05,0.0000,0.000000,2026,7,f,541.45
PERNAMBUCO,FLORES,6,6943,FLORES,PE,2605608,20347,12074.46,29.4884,0.086418,2026,7,f,666.01
PIAUI,CARAUBAS DO PIAUI,0,1652,CARAUBAS DO PIAUI,PI,2202539,5630,12074.07,0.0000,0.000000,2026,7,f,554.55
PARAIBA,TAPEROA,2,3578,TAPEROA,PB,2516508,14068,12068.60,14.2167,0.055897,2026,7,f,700.22
PIAUI,MONSENHOR HIPOLITO,2,2500,MONSENHOR HIPOLITO,PI,2206506,7577,12065.99,26.3957,0.080000,2026,7,f,748.47
MARANHAO,ALTO ALEGRE DO PINDARE,2,5718,ALTO ALEGRE DO PINDARE,MA,2100477,25710,12063.09,7.7791,0.034977,2026,7,f,616.57
CEARA,UMIRIM,2,4679,UMIRIM,CE,2313757,17470,12059.07,11.4482,0.042744,2026,7,f,558.68
BAHIA,AGUA FRIA,4,3044,AGUA FRIA,BA,2900405,14497,12057.53,27.5919,0.131406,2026,7,f,700.83
ALAGOAS,OLHO D'AGUA DO CASADO,2,2610,OLHO D'AGUA DO CASADO,AL,2705804,8349,12048.39,23.9550,0.076628,2026,7,f,576.56
MARANHAO,TUTOIA,10,6961,TUTOIA,MA,2112506,53356,12045.75,18.7420,0.143658,2026,7,f,594.37
BAHIA,APORA,4,4113,APORA,BA,2901908,15922,12043.59,25.1225,0.097253,2026,7,f,710.49
PIAUI,VARZEA BRANCA,0,1094,VARZEA BRANCA,PI,2211357,5055,12036.80,0.0000,0.000000,2026,7,f,610.54
MARANHAO,GOVERNADOR ARCHER,7,2391,GOVERNADOR ARCHER,MA,2104503,10231,12026.88,68.4195,0.292765,2026,7,f,708.84
MINAS GERAIS,MONTE FORMOSO,0,1506,MONTE FORMOSO,MG,3143153,4381,12024.20,0.0000,0.000000,2026,7,f,590.22
PARAIBA,JURU,3,2173,JURU,PB,2508000,9234,12023.18,32.4886,0.138058,2026,7,f,626.11
MARANHAO,PASSAGEM FRANCA,1,4760,PASSAGEM FRANCA,MA,2107902,17220,12021.72,5.8072,0.021008,2026,7,f,634.75
MARANHAO,NOVA OLINDA DO MARANHAO,3,3685,NOVA OLINDA DO MARANHAO,MA,2107357,14314,12013.62,20.9585,0.081411,2026,7,f,627.94
PERNAMBUCO,CAMOCIM DE SAO FELIX,11,6222,CAMOCIM DE SAO FELIX,PE,2603504,17419,12012.52,63.1494,0.176792,2026,7,f,756.16
CEARA,AIUABA,0,3842,AIUABA,CE,2300408,14076,12011.65,0.0000,0.000000,2026,7,f,659.88
BAHIA,MUNIZ FERREIRA,2,2362,MUNIZ FERREIRA,BA,2922201,7190,12006.82,27.8164,0.084674,2026,7,f,816.80
PARAIBA,NOVA OLINDA,2,2295,NOVA OLINDA,PB,2510204,5787,12006.57,34.5602,0.087146,2026,7,f,669.66
BAHIA,BROTAS DE MACAUBAS,1,2892,BROTAS DE MACAUBAS,BA,2904506,11765,12006.20,8.4998,0.034578,2026,7,f,729.30
PARAIBA,SALGADINHO,1,676,SALGADINHO,PB,2513000,3355,12005.37,29.8063,0.147929,2026,7,f,704.73
PERNAMBUCO,CONDADO,13,9651,CONDADO,PE,2604601,24587,11997.68,52.8735,0.134701,2026,7,f,767.77
CEARA,ITAPIUNA,3,5298,ITAPIUNA,CE,2306504,17841,11994.79,16.8152,0.056625,2026,7,f,597.58
BAHIA,BOTUPORA,2,3172,BOTUPORA,BA,2904209,11024,11994.29,18.1422,0.063052,2026,7,f,709.00
PERNAMBUCO,LAGOA DOS GATOS,4,4753,LAGOA DOS GATOS,PE,2608701,14076,11994.25,28.4172,0.084157,2026,7,f,619.00
BAHIA,MAIRI,1,4469,MAIRI,BA,2920106,17674,11994.00,5.6580,0.022376,2026,7,f,708.57
PARAIBA,DIAMANTE,1,2019,DIAMANTE,PB,2505600,6299,11993.65,15.8755,0.049529,2026,7,f,720.93
PIAUI,BRASILEIRA,1,3133,BRASILEIRA,PI,2201960,8436,11986.37,11.8540,0.031918,2026,7,f,799.36
PIAUI,CAPITAO DE CAMPOS,6,4033,CAPITAO DE CAMPOS,PI,2202406,11100,11984.77,54.0541,0.148773,2026,7,f,618.65
PERNAMBUCO,SANTA TEREZINHA,1,3298,SANTA TEREZINHA,PE,2612802,10244,11981.55,9.7618,0.030321,2026,7,f,710.20
CEARA,PEDRA BRANCA,18,19505,PEDRA BRANCA,CE,2310506,40187,11973.95,44.7906,0.092284,2026,7,f,667.71
BAHIA,IRAMAIA,1,1814,IRAMAIA,BA,2914307,10752,11968.75,9.3006,0.055127,2026,7,f,668.60
PARAIBA,JUAREZ TAVORA,5,3104,JUAREZ TAVORA,PB,2507606,7796,11957.80,64.1355,0.161082,2026,7,f,753.84
PERNAMBUCO,ITAIBA,4,8878,ITAIBA,PE,2607505,32650,11952.50,12.2511,0.045055,2026,7,f,603.53
PIAUI,FARTURA DO PIAUI,1,865,FARTURA DO PIAUI,PI,2203750,5284,11947.77,18.9251,0.115607,2026,7,f,575.61
BAHIA,MANOEL VITORINO,3,2608,MANOEL VITORINO,BA,2920403,13860,11935.93,21.6450,0.115031,2026,7,f,672.33
BAHIA,MATINA,0,2355,MATINA,BA,2921054,10330,11932.33,0.0000,0.000000,2026,7,f,731.93
RIO GRANDE DO NORTE,ESPIRITO SANTO,7,2397,ESPIRITO SANTO,RN,2403509,10620,11928.63,65.9134,0.292032,2026,7,f,705.54
MARANHAO,BELAGUA,1,663,BELAGUA,MA,2101731,8460,11922.34,11.8203,0.150830,2026,7,f,388.46
BAHIA,CONDEUBA,14,4808,CONDEUBA,BA,2908705,17053,11922.30,82.0970,0.291181,2026,7,f,801.30
BAHIA,MORTUGABA,8,4428,MORTUGABA,BA,2921807,11143,11921.39,71.7940,0.180668,2026,7,f,704.83
PIAUI,BENEDITINOS,0,3337,BENEDITINOS,PI,2201606,9929,11911.07,0.0000,0.000000,2026,7,f,652.94
MARANHAO,LAGO DOS RODRIGUES,29,5071,LAGO DOS RODRIGUES,MA,2105948,8758,11909.23,331.1258,0.571879,2026,7,f,774.33
PERNAMBUCO,CALUMBI,4,2497,CALUMBI,PE,2603405,5228,11906.85,76.5111,0.160192,2026,7,f,734.95
AMAZONAS,NHAMUNDA,1,1130,NHAMUNDA,AM,1303007,20136,11905.59,4.9662,0.088496,2026,7,f,539.62
PIAUI,SAO JOAO DA SERRA,1,1574,SAO JOAO DA SERRA,PI,2209906,6114,11896.96,16.3559,0.063532,2026,7,f,704.34
BAHIA,CATURAMA,0,2728,CATURAMA,BA,2907558,8841,11891.64,0.0000,0.000000,2026,7,f,653.61
BAHIA,SANTA LUZIA,6,2358,SANTA LUZIA,BA,2928059,13896,11884.36,43.1779,0.254453,2026,7,f,769.97
PERNAMBUCO,TUPARETAMA,0,4437,TUPARETAMA,PE,2615904,8005,11872.83,0.0000,0.000000,2026,7,f,802.72
PIAUI,PORTO,3,2084,PORTO,PI,2208502,12052,11871.64,24.8921,0.143954,2026,7,f,562.71
PARAIBA,TAVARES,2,3194,TAVARES,PB,2516607,14101,11866.75,14.1834,0.062617,2026,7,f,663.48
CEARA,ARNEIROZ,0,2456,ARNEIROZ,CE,2301505,7429,11855.97,0.0000,0.000000,2026,7,f,732.65
MINAS GERAIS,ICARAI DE MINAS,0,2780,ICARAI DE MINAS,MG,3130051,10677,11855.76,0.0000,0.000000,2026,7,f,664.71
PIAUI,ALAGOINHA DO PIAUI,3,2621,ALAGOINHA DO PIAUI,PI,2200251,6819,11847.34,43.9947,0.114460,2026,7,f,640.87
ALAGOAS,PAO DE ACUCAR,8,5218,PAO DE ACUCAR,AL,2706406,23823,11847.25,33.5810,0.153315,2026,7,f,738.27
PARA,VIGIA,21,12107,VIGIA,PA,1508209,50832,11845.71,41.3126,0.173453,2026,7,f,699.55
PIAUI,LAGOA DO SITIO,0,1115,LAGOA DO SITIO,PI,2205599,4520,11843.81,0.0000,0.000000,2026,7,f,692.81
MARANHAO,VIANA,14,16056,VIANA,MA,2112803,51442,11833.35,27.2151,0.087195,2026,7,f,717.55
PIAUI,BARRA D'ALCANTARA,0,1393,BARRA D'ALCANTARA,PI,2201176,3995,11832.54,0.0000,0.000000,2026,7,f,661.27
PIAUI,SANTO ANTONIO DOS MILAGRES,0,383,SANTO ANTONIO DOS MILAGRES,PI,2209450,2138,11826.01,0.0000,0.000000,2026,7,f,593.44
PIAUI,NAZARE DO PIAUI,1,2127,NAZARE DO PIAUI,PI,2206704,6665,11824.76,15.0038,0.047015,2026,7,f,722.03
PARAIBA,NOVA FLORESTA,5,1909,NOVA FLORESTA,PB,2510105,9724,11821.78,51.4192,0.261917,2026,7,f,745.22
BAHIA,JUSSIAPE,1,3117,JUSSIAPE,BA,2918605,7379,11821.11,13.5520,0.032082,2026,7,f,757.64
BAHIA,BELO CAMPO,13,4434,BELO CAMPO,BA,2903508,18412,11818.16,70.6061,0.293189,2026,7,f,746.56
BAHIA,ITAGI,3,2883,ITAGI,BA,2915106,13803,11798.16,21.7344,0.104058,2026,7,f,682.87
PERNAMBUCO,QUIPAPA,5,4243,QUIPAPA,PE,2611507,17928,11795.12,27.8893,0.117841,2026,7,f,633.82
PARAIBA,SANTA CECILIA,0,729,SANTA CECILIA,PB,2513158,7670,11794.39,0.0000,0.000000,2026,7,f,619.23
BAHIA,ANAGE,7,4757,ANAGE,BA,2901205,25438,11789.25,27.5179,0.147152,2026,7,f,718.55
PERNAMBUCO,AGUAS BELAS,17,14041,AGUAS BELAS,PE,2600500,41548,11784.85,40.9165,0.121074,2026,7,f,664.95
PARAIBA,LASTRO,1,1296,LASTRO,PB,2508406,3162,11779.89,31.6256,0.077160,2026,7,f,607.64
PIAUI,MORRO DO CHAPEU DO PIAUI,0,1326,MORRO DO CHAPEU DO PIAUI,PI,2206670,6425,11779.61,0.0000,0.000000,2026,7,f,591.58
PIAUI,COLONIA DO PIAUI,1,2144,COLONIA DO PIAUI,PI,2202778,6994,11779.10,14.2980,0.046642,2026,7,f,716.44
PIAUI,SAO MIGUEL DO TAPUIO,3,4220,SAO MIGUEL DO TAPUIO,PI,2210409,17554,11768.94,17.0901,0.071090,2026,7,f,649.54
PARA,CURUCA,4,6422,CURUCA,PA,1502905,41262,11765.26,9.6941,0.062286,2026,7,f,614.45
PERNAMBUCO,MARAIAL,2,2677,MARAIAL,PE,2609204,9359,11758.20,21.3698,0.074710,2026,7,f,663.74
PARAIBA,MONTADAS,0,1757,MONTADAS,PB,2509503,5812,11757.57,0.0000,0.000000,2026,7,f,711.20
PIAUI,ITAINOPOLIS,3,3987,ITAINOPOLIS,PI,2205003,10790,11756.35,27.8035,0.075245,2026,7,f,783.42
PARAIBA,DESTERRO,4,3299,DESTERRO,PB,2505402,8067,11748.36,49.5847,0.121249,2026,7,f,696.72
MINAS GERAIS,CHAPADA DO NORTE,0,2800,CHAPADA DO NORTE,MG,3116100,10337,11745.77,0.0000,0.000000,2026,7,f,981.72
BAHIA,MAETINGA,2,1554,MAETINGA,BA,2919959,6973,11739.57,28.6821,0.128700,2026,7,f,748.52
MARANHAO,SAO JOAO DO CARU,0,2345,SAO JOAO DO CARU,MA,2111029,12251,11737.57,0.0000,0.000000,2026,7,f,554.76
ALAGOAS,POCO DAS TRINCHEIRAS,1,4202,POCO DAS TRINCHEIRAS,AL,2707206,12518,11727.19,7.9885,0.023798,2026,7,f,509.59
PIAUI,AROEIRAS DO ITAIM,1,965,AROEIRAS DO ITAIM,PI,2200954,2690,11724.91,37.1747,0.103627,2026,7,f,705.46
PIAUI,SAO JOAO DO ARRAIAL,1,1624,SAO JOAO DO ARRAIAL,PI,2209971,8186,11715.61,12.2160,0.061576,2026,7,f,562.84
PARA,CURRALINHO,2,1056,CURRALINHO,PA,1502806,33903,11704.92,5.8992,0.189394,2026,7,f,472.98
PIAUI,AVELINO LOPES,1,2600,AVELINO LOPES,PI,2201101,10866,11700.44,9.2030,0.038462,2026,7,f,678.26
PIAUI,HUGO NAPOLEAO,2,1667,HUGO NAPOLEAO,PI,2204600,3518,11700.11,56.8505,0.119976,2026,7,f,795.13
PARA,FARO,2,188,FARO,PA,1503002,8728,11692.48,22.9148,1.063830,2026,7,f,594.92
MINAS GERAIS,LADAINHA,1,5194,LADAINHA,MG,3137007,14383,11686.99,6.9527,0.019253,2026,7,f,759.02
PIAUI,MASSAPE DO PIAUI,0,1500,MASSAPE DO PIAUI,PI,2206050,5218,11675.55,0.0000,0.000000,2026,7,f,569.05
MARANHAO,COELHO NETO,0,13821,COELHO NETO,MA,2103406,41658,11671.49,0.0000,0.000000,2026,7,f,671.03
PARA,BONITO,1,2516,BONITO,PA,1501600,12622,11666.77,7.9227,0.039746,2026,7,f,739.25
PARAIBA,BONITO DE SANTA FE,5,3187,BONITO DE SANTA FE,PB,2502409,10252,11664.65,48.7710,0.156887,2026,7,f,665.95
BAHIA,ICHU,2,2284,ICHU,BA,2913309,6190,11655.57,32.3102,0.087566,2026,7,f,889.43
CEARA,BARROQUINHA,4,4090,BARROQUINHA,CE,2302057,14567,11653.60,27.4593,0.097800,2026,7,f,509.21
MARANHAO,SANTA HELENA,6,8013,SANTA HELENA,MA,2109809,41561,11643.20,14.4366,0.074878,2026,7,f,599.67
CEARA,BELA CRUZ,11,10230,BELA CRUZ,CE,2302305,32775,11642.04,33.5622,0.107527,2026,7,f,621.73
PIAUI,BATALHA,2,6657,BATALHA,PI,2201507,26300,11641.67,7.6046,0.030044,2026,7,f,649.57
PIAUI,LAGOA ALEGRE,1,2306,LAGOA ALEGRE,PI,2205557,8256,11635.78,12.1124,0.043365,2026,7,f,735.09
PARAIBA,CACIMBAS,0,1884,CACIMBAS,PB,2503555,7223,11630.21,0.0000,0.000000,2026,7,f,559.00
MINAS GERAIS,SANTA HELENA DE MINAS,0,1698,SANTA HELENA DE MINAS,MG,3157658,5938,11624.96,0.0000,0.000000,2026,7,f,673.30
BAHIA,IBIASSUCE,3,3571,IBIASSUCE,BA,2912004,10429,11624.32,28.7659,0.084010,2026,7,f,917.13
BAHIA,ABAIRA,1,2898,ABAIRA,BA,2900108,7301,11622.24,13.6968,0.034507,2026,7,f,901.48
PIAUI,AGRICOLANDIA,1,2321,AGRICOLANDIA,PI,2200103,4940,11606.28,20.2429,0.043085,2026,7,f,728.51
MINAS GERAIS,DIVISOPOLIS,1,1788,DIVISOPOLIS,MG,3122454,10213,11603.15,9.7914,0.055928,2026,7,f,721.76
MARANHAO,SERRANO DO MARANHAO,0,762,SERRANO DO MARANHAO,MA,2111789,10202,11596.94,0.0000,0.000000,2026,7,f,642.91
PIAUI,SAO PEDRO DO PIAUI,6,4892,SAO PEDRO DO PIAUI,PI,2210508,13755,11592.29,43.6205,0.122649,2026,7,f,706.19
CEARA,IPAPORANGA,1,4766,IPAPORANGA,CE,2305654,11575,11589.63,8.6393,0.020982,2026,7,f,648.09
PERNAMBUCO,QUIXABA,1,3713,QUIXABA,PE,2611533,6554,11581.02,15.2579,0.026932,2026,7,f,551.89
CEARA,MARTINOPOLE,3,3190,MARTINOPOLE,CE,2307908,10846,11568.50,27.6600,0.094044,2026,7,f,622.75
CEARA,ITATIRA,11,6826,ITATIRA,CE,2306603,20424,11561.30,53.8582,0.161149,2026,7,f,602.54
CEARA,GRACA,3,5390,GRACA,CE,2304657,13801,11557.57,21.7376,0.055659,2026,7,f,574.75
BAHIA,NOVA ITARANA,2,1538,NOVA ITARANA,BA,2922805,7780,11547.56,25.7069,0.130039,2026,7,f,639.57
BAHIA,SAUDE,2,3349,SAUDE,BA,2929800,10478,11540.18,19.0876,0.059719,2026,7,f,828.22
BAHIA,SERROLANDIA,8,4766,SERROLANDIA,BA,2930600,13335,11529.81,59.9925,0.167856,2026,7,f,814.99
PIAUI,BONFIM DO PIAUI,0,1653,BONFIM DO PIAUI,PI,2201929,5913,11518.01,0.0000,0.000000,2026,7,f,637.35
CEARA,PORANGA,1,4755,PORANGA,CE,2311009,12065,11515.38,8.2884,0.021030,2026,7,f,654.04
MARANHAO,PARAIBANO,4,7569,PARAIBANO,MA,2107704,18274,11508.26,21.8890,0.052847,2026,7,f,735.73
PARAIBA,AGUA BRANCA,3,1778,AGUA BRANCA,PB,2500106,9335,11501.66,32.1371,0.168729,2026,7,f,771.95
CEARA,SANTANA DO ACARAU,2,9605,SANTANA DO ACARAU,CE,2312007,30628,11499.02,6.5300,0.020822,2026,7,f,587.81
PIAUI,COCAL DOS ALVES,2,1803,COCAL DOS ALVES,PI,2202729,6386,11496.09,31.3185,0.110926,2026,7,f,567.23
BAHIA,SITIO DO MATO,0,2115,SITIO DO MATO,BA,2930758,13408,11486.28,0.0000,0.000000,2026,7,f,626.52
ALAGOAS,ESTRELA DE ALAGOAS,10,5345,ESTRELA DE ALAGOAS,AL,2702553,15429,11475.99,64.8130,0.187091,2026,7,f,603.82
MARANHAO,LAGO VERDE,4,3699,LAGO VERDE,MA,2105906,14769,11470.31,27.0838,0.108137,2026,7,f,665.18
BAHIA,CANDIDO SALES,8,8339,CANDIDO SALES,BA,2906709,25247,11449.16,31.6869,0.095935,2026,7,f,733.66
MARANHAO,ARAGUANA,0,2059,ARAGUANA,MA,2100873,11181,11442.18,0.0000,0.000000,2026,7,f,601.30
BAHIA,BOQUIRA,3,6605,BOQUIRA,BA,2904100,19322,11441.41,15.5263,0.045420,2026,7,f,675.66
PARAIBA,AREIAL,4,2003,AREIAL,PB,2501203,7128,11428.59,56.1167,0.199700,2026,7,f,763.73
PERNAMBUCO,CARNAIBA,7,6691,CARNAIBA,PE,2603900,18644,11418.74,37.5456,0.104618,2026,7,f,701.37
PERNAMBUCO,FERREIROS,7,4030,FERREIROS,PE,2605509,15026,11408.43,46.5859,0.173697,2026,7,f,803.44
MARANHAO,LAGO DO JUNCO,5,2406,LAGO DO JUNCO,MA,2105807,9506,11389.02,52.5984,0.207814,2026,7,f,780.64
RIO GRANDE DO NORTE,RAFAEL FERNANDES,3,2955,RAFAEL FERNANDES,RN,2410504,5432,11388.99,55.2283,0.101523,2026,7,f,890.46
BAHIA,SITIO DO QUINTO,11,3322,SITIO DO QUINTO,BA,2930766,14773,11386.25,74.4602,0.331126,2026,7,f,654.99
AMAZONAS,MAUES,10,8365,MAUES,AM,1302900,61204,11370.29,16.3388,0.119546,2026,7,f,488.47
CEARA,IRAUCUBA,9,7296,IRAUCUBA,CE,2306108,23915,11357.81,37.6333,0.123355,2026,7,f,584.86
BAHIA,RIO DO PIRES,5,4710,RIO DO PIRES,BA,2926905,10497,11355.91,47.6327,0.106157,2026,7,f,739.04
MARANHAO,BELA VISTA DO MARANHAO,2,3982,BELA VISTA DO MARANHAO,MA,2101772,11750,11354.38,17.0213,0.050226,2026,7,f,670.39
CEARA,CHAVAL,1,3084,CHAVAL,CE,2303907,12462,11331.33,8.0244,0.032425,2026,7,f,672.47
CEARA,SENADOR SA,7,2085,SENADOR SA,CE,2312809,7262,11328.84,96.3922,0.335731,2026,7,f,623.36
PIAUI,PAU D'ARCO DO PIAUI,0,1045,PAU D'ARCO DO PIAUI,PI,2207793,3880,11328.35,0.0000,0.000000,2026,7,f,539.48
MARANHAO,TUNTUM,9,11391,TUNTUM,MA,2112308,36251,11313.54,24.8269,0.079010,2026,7,f,648.84
PARAIBA,DONA INES,4,2901,DONA INES,PB,2505709,10380,11311.95,38.5356,0.137883,2026,7,f,657.97
PARAIBA,NAZAREZINHO,1,2253,NAZAREZINHO,PB,2510006,7203,11306.54,13.8831,0.044385,2026,7,f,710.83
ALAGOAS,PARICONHA,2,3454,PARICONHA,AL,2706422,10573,11303.32,18.9161,0.057904,2026,7,f,606.59
PIAUI,BOA HORA,1,1759,BOA HORA,PI,2201770,6902,11296.58,14.4886,0.056850,2026,7,f,616.36
PARAIBA,IBIARA,1,1899,IBIARA,PB,2506608,5631,11294.09,17.7588,0.052659,2026,7,f,719.73
ALAGOAS,PALESTINA,1,795,PALESTINA,AL,2706208,4325,11288.32,23.1214,0.125786,2026,7,f,726.16
MARANHAO,LAGOA GRANDE DO MARANHAO,0,2912,LAGOA GRANDE DO MARANHAO,MA,2105963,11411,11286.57,0.0000,0.000000,2026,7,f,589.81
MARANHAO,PACO DO LUMIAR,440,45793,PACO DO LUMIAR,MA,2107506,145643,11284.70,302.1086,0.960846,2026,7,f,1055.14
AMAZONAS,SAO GABRIEL DA CACHOEIRA,2,6227,SAO GABRIEL DA CACHOEIRA,AM,1303809,51795,11283.12,3.8614,0.032118,2026,7,f,577.82
PERNAMBUCO,SANTA CRUZ,2,4314,SANTA CRUZ,PE,2612455,13841,11279.89,14.4498,0.046361,2026,7,f,661.87
CEARA,SANTANA DO CARIRI,0,4850,SANTANA DO CARIRI,CE,2312106,16954,11277.40,0.0000,0.000000,2026,7,f,597.15
BAHIA,PINDOBACU,3,5725,PINDOBACU,BA,2924603,19083,11271.97,15.7208,0.052402,2026,7,f,693.36
BAHIA,FILADELFIA,2,5821,FILADELFIA,BA,2910859,17897,11266.02,11.1751,0.034358,2026,7,f,690.18
PERNAMBUCO,BODOCO,7,12844,BODOCO,PE,2602001,34478,11260.72,20.3028,0.054500,2026,7,f,682.16
PIAUI,SAO JULIAO,4,2209,SAO JULIAO,PI,2210300,6025,11258.42,66.3900,0.181077,2026,7,f,844.95
PERNAMBUCO,VERDEJANTE,2,2716,VERDEJANTE,PE,2616100,9169,11257.61,21.8126,0.073638,2026,7,f,697.90
PARA,SAO JOAO DE PIRABAS,2,3143,SAO JOAO DE PIRABAS,PA,1507474,20689,11256.13,9.6670,0.063633,2026,7,f,624.11
BAHIA,TEOFILANDIA,11,7016,TEOFILANDIA,BA,2931509,21176,11243.77,51.9456,0.156784,2026,7,f,794.16
BAHIA,CABACEIRAS DO PARAGUACU,11,3661,CABACEIRAS DO PARAGUACU,BA,2904852,16559,11234.25,66.4291,0.300464,2026,7,f,631.12
MARANHAO,GOVERNADOR NEWTON BELLO,2,2528,GOVERNADOR NEWTON BELLO,MA,2104651,10713,11225.05,18.6689,0.079114,2026,7,f,619.07
BAHIA,ITAETE,3,3547,ITAETE,BA,2915007,13472,11218.97,22.2684,0.084579,2026,7,f,688.07
PARA,SALVATERRA,2,4388,SALVATERRA,PA,1506302,24129,11218.78,8.2888,0.045579,2026,7,f,723.40
CEARA,CARIRIACU,5,10973,CARIRIACU,CE,2303204,26320,11213.37,18.9970,0.045566,2026,7,f,627.49
BAHIA,PARATINGA,3,5831,PARATINGA,BA,2923704,29252,11206.52,10.2557,0.051449,2026,7,f,652.63
MARANHAO,BURITI,0,4752,BURITI,MA,2102200,29685,11201.95,0.0000,0.000000,2026,7,f,489.45
BAHIA,IBIPITANGA,5,6400,IBIPITANGA,BA,2912509,13863,11184.45,36.0672,0.078125,2026,7,f,783.29
PERNAMBUCO,BETANIA,0,3975,BETANIA,PE,2601805,11232,11173.25,0.0000,0.000000,2026,7,f,640.05
MARANHAO,JATOBA,0,1318,JATOBA,MA,2105450,7471,11171.20,0.0000,0.000000,2026,7,f,559.77
ALAGOAS,SENADOR RUI PALMEIRA,2,3249,SENADOR RUI PALMEIRA,AL,2708956,12303,11162.48,16.2562,0.061557,2026,7,f,560.65
PARAIBA,CACIMBA DE DENTRO,5,4006,CACIMBA DE DENTRO,PB,2503506,16064,11161.54,31.1255,0.124813,2026,7,f,686.16
BAHIA,MACURURE,0,1113,MACURURE,BA,2919900,7256,11159.32,0.0000,0.000000,2026,7,f,659.19
AMAZONAS,TONANTINS,0,755,TONANTINS,AM,1304237,19247,11149.89,0.0000,0.000000,2026,7,f,432.01
PERNAMBUCO,FREI MIGUELINHO,4,5924,FREI MIGUELINHO,PE,2605806,13636,11149.31,29.3341,0.067522,2026,7,f,794.41
MARANHAO,CENTRO DO GUILHERME,1,2128,CENTRO DO GUILHERME,MA,2103158,12342,11142.44,8.1024,0.046992,2026,7,f,735.27
PERNAMBUCO,BOM JARDIM,12,14206,BOM JARDIM,PE,2602209,37629,11136.14,31.8903,0.084471,2026,7,f,690.72
MARANHAO,SAO LUIS GONZAGA DO MARANHAO,4,4803,SAO LUIS GONZAGA DO MARANHAO,MA,2111409,17818,11130.04,22.4492,0.083281,2026,7,f,635.40
CEARA,PARAMBU,9,13903,PARAMBU,CE,2310308,31445,11114.26,28.6214,0.064734,2026,7,f,643.03
MARANHAO,GRACA ARANHA,2,2001,GRACA ARANHA,MA,2104701,6023,11105.10,33.2060,0.099950,2026,7,f,681.18
BAHIA,BOA VISTA DO TUPIM,2,3754,BOA VISTA DO TUPIM,BA,2903805,16873,11097.55,11.8533,0.053277,2026,7,f,618.24
BAHIA,PRESIDENTE DUTRA,7,5299,PRESIDENTE DUTRA,BA,2925600,15130,11086.12,46.2657,0.132100,2026,7,f,752.48
MARANHAO,SAO RAIMUNDO DO DOCA BEZERRA,1,1349,SAO RAIMUNDO DO DOCA BEZERRA,MA,2111631,5650,11082.48,17.6991,0.074129,2026,7,f,589.90
MARANHAO,ESPERANTINOPOLIS,0,7614,ESPERANTINOPOLIS,MA,2104008,18311,11078.37,0.0000,0.000000,2026,7,f,641.75
MARANHAO,TURIACU,5,4843,TURIACU,MA,2112407,37491,11068.66,13.3365,0.103242,2026,7,f,548.20
CEARA,IPUEIRAS,7,14214,IPUEIRAS,CE,2305902,36798,11055.79,19.0228,0.049247,2026,7,f,625.83
BAHIA,PEDRAO,2,1075,PEDRAO,BA,2924108,6235,11054.37,32.0770,0.186047,2026,7,f,706.81
BAHIA,CENTRAL,5,4465,CENTRAL,BA,2907608,16348,11053.40,30.5848,0.111982,2026,7,f,735.38
BAHIA,SANTA INES,5,2274,SANTA INES,BA,2927903,10300,11043.50,48.5437,0.219877,2026,7,f,883.20
PARA,TERRA ALTA,3,2419,TERRA ALTA,PA,1507961,10400,11031.83,28.8462,0.124018,2026,7,f,729.04
BAHIA,VARZEA DA ROCA,11,4255,VARZEA DA ROCA,BA,2933059,13800,11022.46,79.7101,0.258519,2026,7,f,635.29
BAHIA,TAPIRAMUTA,4,2844,TAPIRAMUTA,BA,2931301,15818,11016.88,25.2876,0.140647,2026,7,f,638.16
BAHIA,PLANALTINO,0,2018,PLANALTINO,BA,2924900,8022,11009.22,0.0000,0.000000,2026,7,f,696.59
PERNAMBUCO,SANTA FILOMENA,1,3470,SANTA FILOMENA,PE,2612554,12106,10998.68,8.2604,0.028818,2026,7,f,600.05
PARA,AUGUSTO CORREA,3,5663,AUGUSTO CORREA,PA,1500909,44573,10996.72,6.7305,0.052975,2026,7,f,479.94
BAHIA,QUIJINGUE,4,4556,QUIJINGUE,BA,2925907,25272,10996.52,15.8278,0.087796,2026,7,f,698.98
CEARA,MERUOCA,13,5870,MERUOCA,CE,2308203,15157,10995.84,85.7690,0.221465,2026,7,f,752.71
BAHIA,PIATA,11,6857,PIATA,BA,2924306,20086,10987.35,54.7645,0.160420,2026,7,f,790.79
PARAIBA,ARARA,4,3273,ARARA,PB,2500908,12212,10970.93,32.7547,0.122212,2026,7,f,763.66
PERNAMBUCO,TACARATU,2,4361,TACARATU,PE,2614808,23902,10969.71,8.3675,0.045861,2026,7,f,581.90
BAHIA,SANTA BARBARA,16,5929,SANTA BARBARA,BA,2927507,20952,10962.77,76.3650,0.269860,2026,7,f,722.28
PIAUI,NOVO ORIENTE DO PIAUI,0,2185,NOVO ORIENTE DO PIAUI,PI,2206902,6097,10956.70,0.0000,0.000000,2026,7,f,724.29
MARANHAO,SANTANA DO MARANHAO,1,767,SANTANA DO MARANHAO,MA,2110237,10567,10953.72,9.4634,0.130378,2026,7,f,552.60
PARAIBA,SERRA REDONDA,2,2441,SERRA REDONDA,PB,2515807,6828,10942.44,29.2912,0.081934,2026,7,f,753.33
BAHIA,RIO DO ANTONIO,5,4363,RIO DO ANTONIO,BA,2926806,13146,10935.80,38.0344,0.114600,2026,7,f,723.78
BAHIA,CANDEAL,0,1343,CANDEAL,BA,2906402,7772,10931.68,0.0000,0.000000,2026,7,f,735.08
BAHIA,BARRA,9,10392,BARRA,BA,2902708,51092,10931.12,17.6153,0.086605,2026,7,f,621.14
MARANHAO,SAO JOSE DOS BASILIOS,0,1919,SAO JOSE DOS BASILIOS,MA,2111250,6957,10914.19,0.0000,0.000000,2026,7,f,543.75
PIAUI,CAMPO LARGO DO PIAUI,1,883,CAMPO LARGO DO PIAUI,PI,2202174,7419,10901.87,13.4789,0.113250,2026,7,f,525.88
PIAUI,ALTO LONGA,2,3905,ALTO LONGA,PI,2200301,13479,10899.40,14.8379,0.051216,2026,7,f,754.37
PERNAMBUCO,BREJO DA MADRE DE DEUS,16,20935,BREJO DA MADRE DE DEUS,PE,2602605,48648,10895.31,32.8893,0.076427,2026,7,f,675.81
PARAIBA,SAO VICENTE DO SERIDO,0,2274,SAO VICENTE DO SERIDO,PB,2515401,10291,10883.59,0.0000,0.000000,2026,7,f,565.48
PIAUI,ASSUNCAO DO PIAUI,0,1281,ASSUNCAO DO PIAUI,PI,2201051,7452,10875.60,0.0000,0.000000,2026,7,f,499.26
MINAS GERAIS,CONEGO MARINHO,1,1988,CONEGO MARINHO,MG,3117836,7237,10875.36,13.8179,0.050302,2026,7,f,703.42
MARANHAO,GONCALVES DIAS,6,4407,GONCALVES DIAS,MA,2104404,17206,10872.95,34.8716,0.136147,2026,7,f,761.90
MARANHAO,CURURUPU,3,5013,CURURUPU,MA,2103703,31558,10872.17,9.5063,0.059844,2026,7,f,699.05
PIAUI,MADEIRO,0,1369,MADEIRO,PI,2205854,8032,10871.76,0.0000,0.000000,2026,7,f,617.37
AMAZONAS,SAO PAULO DE OLIVENCA,1,1912,SAO PAULO DE OLIVENCA,AM,1303908,32967,10871.48,3.0333,0.052301,2026,7,f,396.95
BAHIA,TANQUINHO,4,1948,TANQUINHO,BA,2931103,7717,10864.46,51.8336,0.205339,2026,7,f,789.95
ALAGOAS,CARNEIROS,1,2187,CARNEIROS,AL,2701803,8999,10845.76,11.1123,0.045725,2026,7,f,607.69
PERNAMBUCO,SANTA MARIA DO CAMBUCA,6,5455,SANTA MARIA DO CAMBUCA,PE,2612703,14013,10806.75,42.8174,0.109991,2026,7,f,698.75
PIAUI,IPIRANGA DO PIAUI,1,3047,IPIRANGA DO PIAUI,PI,2204808,9420,10805.73,10.6157,0.032819,2026,7,f,708.73
MARANHAO,VARGEM GRANDE,14,9551,VARGEM GRANDE,MA,2112704,43261,10803.06,32.3617,0.146582,2026,7,f,616.42
BAHIA,SANTA BRIGIDA,5,3523,SANTA BRIGIDA,BA,2927606,14965,10797.19,33.4113,0.141924,2026,7,f,578.63
PIAUI,LAGOA DE SAO FRANCISCO,1,1840,LAGOA DE SAO FRANCISCO,PI,2205573,6331,10788.03,15.7953,0.054348,2026,7,f,610.03
PERNAMBUCO,INAJA,3,4253,INAJA,PE,2607000,25603,10787.95,11.7174,0.070538,2026,7,f,506.86
PIAUI,JOCA MARQUES,0,1176,JOCA MARQUES,PI,2205458,5394,10775.86,0.0000,0.000000,2026,7,f,545.86
MARANHAO,AGUA DOCE DO MARANHAO,0,977,AGUA DOCE DO MARANHAO,MA,2100154,12142,10768.08,0.0000,0.000000,2026,7,f,597.92
BAHIA,CANAPOLIS,0,2707,CANAPOLIS,BA,2906105,10225,10764.69,0.0000,0.000000,2026,7,f,628.47
PERNAMBUCO,SERRITA,3,4432,SERRITA,PE,2614006,18207,10764.49,16.4772,0.067690,2026,7,f,632.57
BAHIA,ANGUERA,6,1972,ANGUERA,BA,2901502,11031,10747.17,54.3922,0.304260,2026,7,f,720.44
BAHIA,BONINAL,3,4767,BONINAL,BA,2904001,13622,10745.56,22.0232,0.062933,2026,7,f,761.38
MARANHAO,SANTA FILOMENA DO MARANHAO,0,1767,SANTA FILOMENA DO MARANHAO,MA,2109759,6697,10734.06,0.0000,0.000000,2026,7,f,602.71
BAHIA,GUAJERU,2,1714,GUAJERU,BA,2911659,8050,10718.76,24.8447,0.116686,2026,7,f,803.95
MARANHAO,CONCEICAO DO LAGO-ACU,2,1964,CONCEICAO DO LAGO-ACU,MA,2103554,14915,10710.69,13.4093,0.101833,2026,7,f,542.17
MARANHAO,PORTO RICO DO MARANHAO,0,968,PORTO RICO DO MARANHAO,MA,2109056,5954,10710.28,0.0000,0.000000,2026,7,f,671.08
PERNAMBUCO,JUREMA,3,4336,JUREMA,PE,2608404,13648,10709.70,21.9812,0.069188,2026,7,f,613.20
BAHIA,IBITITA,4,4038,IBITITA,BA,2913101,16969,10705.99,23.5724,0.099059,2026,7,f,699.28
MARANHAO,COROATA,11,14652,COROATA,MA,2103604,59566,10702.15,18.4669,0.075075,2026,7,f,625.41
PERNAMBUCO,BELEM DE MARIA,1,2970,BELEM DE MARIA,PE,2601508,10378,10669.97,9.6358,0.033670,2026,7,f,699.08
CEARA,TURURU,0,5261,TURURU,CE,2313559,15412,10667.08,0.0000,0.000000,2026,7,f,565.11
MARANHAO,MILAGRES DO MARANHAO,0,535,MILAGRES DO MARANHAO,MA,2106672,8818,10661.94,0.0000,0.000000,2026,7,f,433.27
MARANHAO,MARANHAOZINHO,1,2429,MARANHAOZINHO,MA,2106375,13761,10657.95,7.2669,0.041169,2026,7,f,468.04
MARANHAO,DUQUE BACELAR,2,1368,DUQUE BACELAR,MA,2103901,10223,10637.58,19.5637,0.146199,2026,7,f,535.56
BAHIA,MIRANGABA,0,3494,MIRANGABA,BA,2921401,15734,10626.10,0.0000,0.000000,2026,7,f,610.87
MARANHAO,PRESIDENTE SARNEY,2,3622,PRESIDENTE SARNEY,MA,2109270,17511,10624.35,11.4214,0.055218,2026,7,f,516.19
BAHIA,TREMEDAL,3,3883,TREMEDAL,BA,2931806,16296,10613.59,18.4094,0.077260,2026,7,f,667.27
BAHIA,CALDEIRAO GRANDE,1,3150,CALDEIRAO GRANDE,BA,2905503,13080,10608.18,7.6453,0.031746,2026,7,f,620.16
PIAUI,PIMENTEIRAS,1,2047,PIMENTEIRAS,PI,2208106,11341,10603.74,8.8176,0.048852,2026,7,f,696.28
BAHIA,BOA NOVA,1,2133,BOA NOVA,BA,2903706,13690,10585.10,7.3046,0.046882,2026,7,f,705.02
PARA,COLARES,2,1441,COLARES,PA,1502608,12868,10583.93,15.5424,0.138793,2026,7,f,655.87
PIAUI,MURICI DOS PORTELAS,2,1388,MURICI DOS PORTELAS,PI,2206696,9797,10577.73,20.4144,0.144092,2026,7,f,586.54
MARANHAO,SAO FRANCISCO DO MARANHAO,0,660,SAO FRANCISCO DO MARANHAO,MA,2110906,12064,10559.43,0.0000,0.000000,2026,7,f,595.04
PIAUI,CABECEIRAS DO PIAUI,0,2556,CABECEIRAS DO PIAUI,PI,2202059,10212,10557.87,0.0000,0.000000,2026,7,f,623.38
PERNAMBUCO,ARACOIABA,1,5033,ARACOIABA,PE,2601052,19243,10555.16,5.1967,0.019869,2026,7,f,654.41
MARANHAO,MATINHA,4,5663,MATINHA,MA,2106508,22034,10553.42,18.1538,0.070634,2026,7,f,630.66
CEARA,MORRINHOS,8,7165,MORRINHOS,CE,2308906,22753,10547.84,35.1602,0.111654,2026,7,f,667.16
PARAIBA,MANAIRA,0,2353,MANAIRA,PB,2509008,10434,10545.72,0.0000,0.000000,2026,7,f,617.91
CEARA,GRANJA,10,14799,GRANJA,CE,2304707,53344,10523.66,18.7463,0.067572,2026,7,f,564.83
PIAUI,SAO JOAO DA VARJOTA,1,1126,SAO JOAO DA VARJOTA,PI,2209955,4383,10481.41,22.8154,0.088810,2026,7,f,606.44
PIAUI,JOAQUIM PIRES,0,2961,JOAQUIM PIRES,PI,2205409,13886,10481.28,0.0000,0.000000,2026,7,f,613.19
BAHIA,CORDEIROS,5,2237,CORDEIROS,BA,2909000,7546,10475.75,66.2603,0.223514,2026,7,f,816.33
MARANHAO,PIRAPEMAS,3,2130,PIRAPEMAS,MA,2108801,17714,10470.19,16.9358,0.140845,2026,7,f,629.73
BAHIA,LAGOA REAL,2,3227,LAGOA REAL,BA,2918753,14105,10445.37,14.1794,0.061977,2026,7,f,635.69
BAHIA,JACARACI,8,3278,JACARACI,BA,2917409,14436,10438.90,55.4170,0.244051,2026,7,f,842.61
PERNAMBUCO,PANELAS,3,6712,PANELAS,PE,2610202,22991,10436.48,13.0486,0.044696,2026,7,f,609.74
CEARA,MORAUJO,1,2935,MORAUJO,CE,2308807,8254,10427.67,12.1153,0.034072,2026,7,f,763.44
PERNAMBUCO,VERTENTES,7,7574,VERTENTES,PE,2616209,21959,10421.06,31.8776,0.092421,2026,7,f,820.75
MARANHAO,SAO PEDRO DA AGUA BRANCA,4,3228,SAO PEDRO DA AGUA BRANCA,MA,2111532,14338,10417.00,27.8979,0.123916,2026,7,f,728.31
BAHIA,SAO GABRIEL,9,5827,SAO GABRIEL,BA,2929255,18600,10406.08,48.3871,0.154453,2026,7,f,689.50
MARANHAO,MATOES,3,4407,MATOES,MA,2106607,32174,10393.52,9.3243,0.068074,2026,7,f,597.81
BAHIA,SOUTO SOARES,0,4943,SOUTO SOARES,BA,2930808,17054,10390.70,0.0000,0.000000,2026,7,f,634.01
BAHIA,MACAJUBA,1,2198,MACAJUBA,BA,2919603,10454,10387.60,9.5657,0.045496,2026,7,f,673.31
BAHIA,PILAO ARCADO,2,3251,PILAO ARCADO,BA,2924405,35357,10384.90,5.6566,0.061520,2026,7,f,514.71
PIAUI,MILTON BRANDAO,0,1645,MILTON BRANDAO,PI,2206357,6542,10382.91,0.0000,0.000000,2026,7,f,548.51
BAHIA,BARRA DO MENDES,2,3074,BARRA DO MENDES,BA,2903003,13836,10361.09,14.4550,0.065062,2026,7,f,879.61
PERNAMBUCO,PASSIRA,9,11180,PASSIRA,PE,2610509,28340,10356.39,31.7572,0.080501,2026,7,f,698.48
PARA,BAGRE,3,676,BAGRE,PA,1501105,31892,10342.66,9.4067,0.443787,2026,7,f,358.65
MARANHAO,PRESIDENTE VARGAS,2,1877,PRESIDENTE VARGAS,MA,2109304,10549,10321.74,18.9591,0.106553,2026,7,f,549.26
BAHIA,IPECAETA,10,3673,IPECAETA,BA,2913804,13709,10314.68,72.9448,0.272257,2026,7,f,518.63
PIAUI,BOQUEIRAO DO PIAUI,0,2123,BOQUEIRAO DO PIAUI,PI,2201945,6545,10301.60,0.0000,0.000000,2026,7,f,672.54
PERNAMBUCO,CUMARU,5,5106,CUMARU,PE,2604908,15920,10294.60,31.4070,0.097924,2026,7,f,750.88
MARANHAO,MORROS,2,3659,MORROS,MA,2107100,18554,10264.74,10.7793,0.054660,2026,7,f,509.29
MARANHAO,CANDIDO MENDES,1,2085,CANDIDO MENDES,MA,2102606,19932,10261.19,5.0171,0.047962,2026,7,f,587.02
PIAUI,SIGEFREDO PACHECO,1,2526,SIGEFREDO PACHECO,PI,2210656,9460,10254.33,10.5708,0.039588,2026,7,f,659.91
AMAZONAS,BOA VISTA DO RAMOS,0,995,BOA VISTA DO RAMOS,AM,1300680,23785,10249.27,0.0000,0.000000,2026,7,f,497.38
PERNAMBUCO,TUPANATINGA,3,6744,TUPANATINGA,PE,2615805,26937,10243.57,11.1371,0.044484,2026,7,f,507.68
PARA,MUANA,4,2115,MUANA,PA,1504901,45368,10235.72,8.8168,0.189125,2026,7,f,505.26
BAHIA,BARRO ALTO,3,2981,BARRO ALTO,BA,2903235,13453,10223.59,22.2999,0.100637,2026,7,f,708.95
PARAIBA,IMACULADA,2,2291,IMACULADA,PB,2506707,10392,10199.00,19.2456,0.087298,2026,7,f,599.58
MARANHAO,JENIPAPO DOS VIEIRAS,0,2866,JENIPAPO DOS VIEIRAS,MA,2105476,17076,10197.06,0.0000,0.000000,2026,7,f,465.99
AMAZONAS,IPIXUNA,1,85,IPIXUNA,AM,1301803,24311,10194.73,4.1134,1.176471,2026,7,f,508.99
CEARA,ALCANTARAS,9,5393,ALCANTARAS,CE,2300507,11369,10171.78,79.1626,0.166883,2026,7,f,753.79
MARANHAO,CARUTAPERA,3,3639,CARUTAPERA,MA,2102903,24238,10167.79,12.3773,0.082440,2026,7,f,676.39
CEARA,TEJUCUOCA,1,4940,TEJUCUOCA,CE,2313351,17154,10163.75,5.8295,0.020243,2026,7,f,554.86
MARANHAO,LUIS DOMINGUES,0,1159,LUIS DOMINGUES,MA,2106201,7161,10158.78,0.0000,0.000000,2026,7,f,592.02
MARANHAO,SAO BENEDITO DO RIO PRETO,1,2374,SAO BENEDITO DO RIO PRETO,MA,2110401,18364,10154.32,5.4454,0.042123,2026,7,f,445.33
MARANHAO,GUIMARAES,2,1517,GUIMARAES,MA,2104909,10290,10133.24,19.4363,0.131839,2026,7,f,740.79
BAHIA,CAETANOS,2,2097,CAETANOS,BA,2905156,11266,10128.97,17.7525,0.095374,2026,7,f,696.70
MARANHAO,MONCAO,2,4050,MONCAO,MA,2106904,27751,10102.95,7.2069,0.049383,2026,7,f,555.93
PERNAMBUCO,MOREILANDIA,9,2488,MOREILANDIA,PE,2614303,10540,10100.76,85.3890,0.361736,2026,7,f,640.24
BAHIA,MIRANTE,1,1781,MIRANTE,BA,2921450,10187,10093.45,9.8164,0.056148,2026,7,f,627.62
MARANHAO,ANAJATUBA,12,5891,ANAJATUBA,MA,2100709,25322,10087.63,47.3896,0.203701,2026,7,f,647.55
BAHIA,PIRIPA,3,2907,PIRIPA,BA,2924702,9152,10087.08,32.7797,0.103199,2026,7,f,716.89
MARANHAO,AXIXA,3,3226,AXIXA,MA,2101103,11790,10019.59,25.4453,0.092994,2026,7,f,692.03
BAHIA,ANTONIO GONCALVES,3,2568,ANTONIO GONCALVES,BA,2901809,10862,9988.95,27.6192,0.116822,2026,7,f,750.04
CEARA,MIRAIMA,1,3153,MIRAIMA,CE,2308377,14196,9964.92,7.0442,0.031716,2026,7,f,453.17
BAHIA,NORDESTINA,5,2909,NORDESTINA,BA,2922656,18523,9963.94,26.9935,0.171880,2026,7,f,571.72
PERNAMBUCO,AGUA PRETA,5,7703,AGUA PRETA,PE,2600401,26461,9963.42,18.8957,0.064910,2026,7,f,648.88
MARANHAO,BACURITUBA,0,995,BACURITUBA,MA,2101350,5252,9927.27,0.0000,0.000000,2026,7,f,624.92
BAHIA,IBITIARA,4,5920,IBITIARA,BA,2913002,14637,9915.97,27.3280,0.067568,2026,7,f,771.57
MARANHAO,PERI MIRIM,4,2780,PERI MIRIM,MA,2108405,11108,9904.57,36.0101,0.143885,2026,7,f,665.56
MARANHAO,SANTA RITA,11,12061,SANTA RITA,MA,2110203,37035,9848.68,29.7016,0.091203,2026,7,f,667.41
PERNAMBUCO,SAO BENEDITO DO SUL,4,2080,SAO BENEDITO DO SUL,PE,2612901,13113,9843.36,30.5041,0.192308,2026,7,f,606.58
MARANHAO,ITAIPAVA DO GRAJAU,1,2185,ITAIPAVA DO GRAJAU,MA,2105351,13828,9841.55,7.2317,0.045767,2026,7,f,553.45
BAHIA,BURITIRAMA,2,2340,BURITIRAMA,BA,2904753,19589,9792.23,10.2098,0.085470,2026,7,f,511.72
MARANHAO,OLINDA NOVA DO MARANHAO,1,2420,OLINDA NOVA DO MARANHAO,MA,2107456,13577,9778.38,7.3654,0.041322,2026,7,f,566.55
MARANHAO,BREJO DE AREIA,0,2392,BREJO DE AREIA,MA,2102150,9218,9773.16,0.0000,0.000000,2026,7,f,516.09
CEARA,PIRES FERREIRA,4,2998,PIRES FERREIRA,CE,2310951,10606,9767.21,37.7145,0.133422,2026,7,f,651.65
MARANHAO,CENTRAL DO MARANHAO,0,966,CENTRAL DO MARANHAO,MA,2103125,7094,9748.24,0.0000,0.000000,2026,7,f,580.82
BAHIA,SERRA PRETA,7,5117,SERRA PRETA,BA,2930402,17996,9738.72,38.8975,0.136799,2026,7,f,726.76
MARANHAO,APICUM-ACU,1,2012,APICUM-ACU,MA,2100832,17519,9710.43,5.7081,0.049702,2026,7,f,594.97
BAHIA,ERICO CARDOSO,1,3074,ERICO CARDOSO,BA,2900504,10604,9707.09,9.4304,0.032531,2026,7,f,765.89
BAHIA,SANTANOPOLIS,10,2437,SANTANOPOLIS,BA,2928307,8716,9692.75,114.7315,0.410341,2026,7,f,741.39
PERNAMBUCO,CASINHAS,0,4967,CASINHAS,PE,2604155,12967,9688.52,0.0000,0.000000,2026,7,f,604.46
BAHIA,PRESIDENTE JANIO QUADROS,3,2184,PRESIDENTE JANIO QUADROS,BA,2925709,12621,9667.54,23.7699,0.137363,2026,7,f,670.52
MARANHAO,PENALVA,13,4871,PENALVA,MA,2108306,32511,9636.49,39.9865,0.266886,2026,7,f,565.26
MARANHAO,URBANO SANTOS,2,4824,URBANO SANTOS,MA,2112605,32812,9604.75,6.0953,0.041459,2026,7,f,552.47
MARANHAO,BACURI,5,1734,BACURI,MA,2101301,16290,9598.71,30.6937,0.288351,2026,7,f,639.65
MARANHAO,CANTANHEDE,7,3066,CANTANHEDE,MA,2102705,24303,9598.53,28.8030,0.228311,2026,7,f,737.41
MARANHAO,MIRINZAL,3,3440,MIRINZAL,MA,2106805,13978,9531.76,21.4623,0.087209,2026,7,f,750.33
BAHIA,BOM JESUS DA SERRA,0,1677,BOM JESUS DA SERRA,BA,2903953,9730,9492.91,0.0000,0.000000,2026,7,f,655.08
MARANHAO,CAJARI,4,2370,CAJARI,MA,2102507,16412,9450.58,24.3724,0.168776,2026,7,f,552.62
MARANHAO,SANTO AMARO DO MARANHAO,2,1491,SANTO AMARO DO MARANHAO,MA,2110278,13949,9438.53,14.3379,0.134138,2026,7,f,520.09
MARANHAO,SAO VICENTE FERRER,3,3475,SAO VICENTE FERRER,MA,2111706,19498,9423.27,15.3862,0.086331,2026,7,f,605.08
MARANHAO,HUMBERTO DE CAMPOS,1,2381,HUMBERTO DE CAMPOS,MA,2105005,25680,9393.61,3.8941,0.041999,2026,7,f,415.69
MARANHAO,TIMBIRAS,2,5078,TIMBIRAS,MA,2112100,26484,9384.38,7.5517,0.039386,2026,7,f,538.90
MARANHAO,JOSELANDIA,2,5343,JOSELANDIA,MA,2105609,14924,9365.72,13.4012,0.037432,2026,7,f,669.96
BAHIA,JUSSARA,3,4823,JUSSARA,BA,2918506,16354,9284.46,18.3441,0.062202,2026,7,f,656.54
MARANHAO,PEDRO DO ROSARIO,2,4036,PEDRO DO ROSARIO,MA,2108256,24320,9284.33,8.2237,0.049554,2026,7,f,507.80
MARANHAO,PAULINO NEVES,0,1291,PAULINO NEVES,MA,2108058,17056,9262.66,0.0000,0.000000,2026,7,f,560.24
BAHIA,LAMARAO,1,1501,LAMARAO,BA,2919108,9015,9234.83,11.0926,0.066622,2026,7,f,697.73
MARANHAO,ALCANTARA,2,2912,ALCANTARA,MA,2100204,18467,9219.74,10.8301,0.068681,2026,7,f,681.48
MINAS GERAIS,SAO JOAO DAS MISSOES,0,2801,SAO JOAO DAS MISSOES,MG,3162450,13024,9139.90,0.0000,0.000000,2026,7,f,657.00
MARANHAO,PRESIDENTE JUSCELINO,1,1600,PRESIDENTE JUSCELINO,MA,2109205,11356,9022.37,8.8059,0.062500,2026,7,f,539.16
MARANHAO,ARAIOSES,4,2501,ARAIOSES,MA,2100907,39052,8996.31,10.2428,0.159936,2026,7,f,495.55
MARANHAO,PALMEIRANDIA,1,3447,PALMEIRANDIA,MA,2107605,21059,8936.32,4.7486,0.029011,2026,7,f,522.16
MARANHAO,PRIMEIRA CRUZ,0,602,PRIMEIRA CRUZ,MA,2109403,13614,8851.77,0.0000,0.000000,2026,7,f,413.00
MARANHAO,TURILANDIA,3,3438,TURILANDIA,MA,2112456,31638,8850.12,9.4823,0.087260,2026,7,f,469.19
PERNAMBUCO,CARNAUBEIRA DA PENHA,1,2506,CARNAUBEIRA DA PENHA,PE,2603926,12239,8747.36,8.1706,0.039904,2026,7,f,646.68
MARANHAO,CACHOEIRA GRANDE,1,1241,CACHOEIRA GRANDE,MA,2102374,9732,8738.49,10.2754,0.080580,2026,7,f,389.45
MARANHAO,SAO BENTO,10,9645,SAO BENTO,MA,2110500,46395,8711.05,21.5540,0.103681,2026,7,f,536.73
MARANHAO,ICATU,2,2601,ICATU,MA,2105104,24794,8547.27,8.0665,0.076894,2026,7,f,439.27
MARANHAO,BEQUIMAO,1,4332,BEQUIMAO,MA,2101905,19584,8485.14,5.1062,0.023084,2026,7,f,679.09
BAHIA,MANSIDAO,0,970,MANSIDAO,BA,2920452,13919,8462.32,0.0000,0.000000,2026,7,f,611.87
MARANHAO,CEDRAL,4,1671,CEDRAL,MA,2103109,10208,8440.93,39.1850,0.239378,2026,7,f,616.29
MARANHAO,SAO JOAO BATISTA,5,3860,SAO JOAO BATISTA,MA,2111003,18544,8246.12,26.9629,0.129534,2026,7,f,591.36
MARANHAO,CAJAPIO,0,1579,CAJAPIO,MA,2102408,10121,8079.74,0.0000,0.000000,2026,7,f,507.33
MARANHAO,MATOES DO NORTE,1,1119,MATOES DO NORTE,MA,2106631,17432,7722.87,5.7366,0.089366,2026,7,f,446.05
PERNAMBUCO,MANARI,1,3609,MANARI,PE,2609154,23763,7707.53,4.2082,0.027709,2026,7,f,359.10
MARANHAO,NINA RODRIGUES,1,1483,NINA RODRIGUES,MA,2107209,14176,7701.33,7.0542,0.067431,2026,7,f,535.22
