ano_referencia,mes_referencia,categoria_fenabrave,posicao,marca,quantidade_emplacada,participacao_percentual_relatorio,participacao_percentual_calculada,segmento_veiculos,pagina_pdf,url_fonte,metodo_extracao
2024,1,eletricos,1,BYD,2774,63.9900,63.99,autos,20,https://www.fenabrave.org.br/portal/files/2024_01_02.pdf,transcricao_visual_verificada
2024,1,eletricos,2,GWM,696,16.0600,16.06,autos,20,https://www.fenabrave.org.br/portal/files/2024_01_02.pdf,transcricao_visual_verificada
2024,1,eletricos,3,VOLVO,275,6.3400,6.34,autos,20,https://www.fenabrave.org.br/portal/files/2024_01_02.pdf,transcricao_visual_verificada
2024,1,eletricos,4,PEUGEOT,270,6.2300,6.23,autos,20,https://www.fenabrave.org.br/portal/files/2024_01_02.pdf,transcricao_visual_verificada
2024,1,eletricos,5,JAC,115,2.6500,2.65,autos,20,https://www.fenabrave.org.br/portal/files/2024_01_02.pdf,transcricao_visual_verificada
2024,1,eletricos,6,BMW,58,1.3400,1.34,autos,20,https://www.fenabrave.org.br/portal/files/2024_01_02.pdf,transcricao_visual_verificada
2024,1,eletricos,7,RENAULT,34,0.7800,0.78,autos,20,https://www.fenabrave.org.br/portal/files/2024_01_02.pdf,transcricao_visual_verificada
2024,1,eletricos,8,FORD,22,0.5100,0.51,autos,20,https://www.fenabrave.org.br/portal/files/2024_01_02.pdf,transcricao_visual_verificada
2024,1,eletricos,9,PORSCHE,22,0.5100,0.51,autos,20,https://www.fenabrave.org.br/portal/files/2024_01_02.pdf,transcricao_visual_verificada
2024,1,eletricos,10,GM,16,0.3700,0.37,autos,20,https://www.fenabrave.org.br/portal/files/2024_01_02.pdf,transcricao_visual_verificada
2024,1,eletricos,11,MINI,15,0.3500,0.35,autos,20,https://www.fenabrave.org.br/portal/files/2024_01_02.pdf,transcricao_visual_verificada
2024,1,eletricos,12,CAOA CHERY,11,0.2500,0.25,autos,20,https://www.fenabrave.org.br/portal/files/2024_01_02.pdf,transcricao_visual_verificada
2024,1,eletricos,13,M.BENZ,8,0.1800,0.18,autos,20,https://www.fenabrave.org.br/portal/files/2024_01_02.pdf,transcricao_visual_verificada
2024,1,eletricos,14,DONGFENG,5,0.1200,0.12,autos,20,https://www.fenabrave.org.br/portal/files/2024_01_02.pdf,transcricao_visual_verificada
2024,1,eletricos,15,TESLA,4,0.0900,0.09,autos,20,https://www.fenabrave.org.br/portal/files/2024_01_02.pdf,transcricao_visual_verificada
2024,1,hibridos,1,GWM,1619,21.1900,21.19,autos,20,https://www.fenabrave.org.br/portal/files/2024_01_02.pdf,transcricao_visual_verificada
2024,1,hibridos,2,TOYOTA,1593,20.8500,20.85,autos,20,https://www.fenabrave.org.br/portal/files/2024_01_02.pdf,transcricao_visual_verificada
2024,1,hibridos,3,BYD,1519,19.8800,19.88,autos,20,https://www.fenabrave.org.br/portal/files/2024_01_02.pdf,transcricao_visual_verificada
2024,1,hibridos,4,CAOA CHERY,741,9.7000,9.70,autos,20,https://www.fenabrave.org.br/portal/files/2024_01_02.pdf,transcricao_visual_verificada
2024,1,hibridos,5,VOLVO,393,5.1400,5.14,autos,20,https://www.fenabrave.org.br/portal/files/2024_01_02.pdf,transcricao_visual_verificada
2024,1,hibridos,6,M.BENZ,349,4.5700,4.57,autos,20,https://www.fenabrave.org.br/portal/files/2024_01_02.pdf,transcricao_visual_verificada
2024,1,hibridos,7,LAND ROVER,277,3.6200,3.62,autos,20,https://www.fenabrave.org.br/portal/files/2024_01_02.pdf,transcricao_visual_verificada
2024,1,hibridos,8,KIA,257,3.3600,3.36,autos,20,https://www.fenabrave.org.br/portal/files/2024_01_02.pdf,transcricao_visual_verificada
2024,1,hibridos,9,BMW,239,3.1300,3.13,autos,20,https://www.fenabrave.org.br/portal/files/2024_01_02.pdf,transcricao_visual_verificada
2024,1,hibridos,10,HONDA,191,2.5000,2.50,autos,20,https://www.fenabrave.org.br/portal/files/2024_01_02.pdf,transcricao_visual_verificada
2024,1,hibridos,11,AUDI,90,1.1800,1.18,autos,20,https://www.fenabrave.org.br/portal/files/2024_01_02.pdf,transcricao_visual_verificada
2024,1,hibridos,12,HYUNDAI,75,0.9800,0.98,autos,20,https://www.fenabrave.org.br/portal/files/2024_01_02.pdf,transcricao_visual_verificada
2024,1,hibridos,13,LEXUS,75,0.9800,0.98,autos,20,https://www.fenabrave.org.br/portal/files/2024_01_02.pdf,transcricao_visual_verificada
2024,1,hibridos,14,MINI,66,0.8600,0.86,autos,20,https://www.fenabrave.org.br/portal/files/2024_01_02.pdf,transcricao_visual_verificada
2024,1,hibridos,15,JEEP,56,0.7300,0.73,autos,20,https://www.fenabrave.org.br/portal/files/2024_01_02.pdf,transcricao_visual_verificada
2024,2,eletricos,1,BYD,2528,69.4700,69.47,autos_e_comerciais_leves,22,https://www.fenabrave.org.br/portal/files/2024_02_02.pdf,extracao_textual
2024,2,eletricos,2,GWM,588,16.1600,16.16,autos_e_comerciais_leves,22,https://www.fenabrave.org.br/portal/files/2024_02_02.pdf,extracao_textual
2024,2,eletricos,3,JAC,157,4.3100,4.31,autos_e_comerciais_leves,22,https://www.fenabrave.org.br/portal/files/2024_02_02.pdf,extracao_textual
2024,2,eletricos,4,VOLVO,113,3.1100,3.11,autos_e_comerciais_leves,22,https://www.fenabrave.org.br/portal/files/2024_02_02.pdf,extracao_textual
2024,2,eletricos,5,BMW,69,1.9000,1.90,autos_e_comerciais_leves,22,https://www.fenabrave.org.br/portal/files/2024_02_02.pdf,extracao_textual
2024,2,eletricos,6,PEUGEOT,62,1.7000,1.70,autos_e_comerciais_leves,22,https://www.fenabrave.org.br/portal/files/2024_02_02.pdf,extracao_textual
2024,2,eletricos,7,RENAULT,32,0.8800,0.88,autos_e_comerciais_leves,22,https://www.fenabrave.org.br/portal/files/2024_02_02.pdf,extracao_textual
2024,2,eletricos,8,M.BENZ,19,0.5200,0.52,autos_e_comerciais_leves,22,https://www.fenabrave.org.br/portal/files/2024_02_02.pdf,extracao_textual
2024,2,eletricos,9,GMC,12,0.3300,0.33,autos_e_comerciais_leves,22,https://www.fenabrave.org.br/portal/files/2024_02_02.pdf,extracao_textual
2024,2,eletricos,10,FORD,10,0.2700,0.27,autos_e_comerciais_leves,22,https://www.fenabrave.org.br/portal/files/2024_02_02.pdf,extracao_textual
2024,2,eletricos,11,PORSCHE,9,0.2500,0.25,autos_e_comerciais_leves,22,https://www.fenabrave.org.br/portal/files/2024_02_02.pdf,extracao_textual
2024,2,eletricos,12,CAOA CHERY,8,0.2200,0.22,autos_e_comerciais_leves,22,https://www.fenabrave.org.br/portal/files/2024_02_02.pdf,extracao_textual
2024,2,eletricos,13,MINI,8,0.2200,0.22,autos_e_comerciais_leves,22,https://www.fenabrave.org.br/portal/files/2024_02_02.pdf,extracao_textual
2024,2,eletricos,14,GM,7,0.1900,0.19,autos_e_comerciais_leves,22,https://www.fenabrave.org.br/portal/files/2024_02_02.pdf,extracao_textual
2024,2,eletricos,15,ARROW,4,0.1100,0.11,autos_e_comerciais_leves,22,https://www.fenabrave.org.br/portal/files/2024_02_02.pdf,extracao_textual
2024,2,hibridos,1,BYD,1900,27.8900,27.89,autos_e_comerciais_leves,22,https://www.fenabrave.org.br/portal/files/2024_02_02.pdf,extracao_textual
2024,2,hibridos,2,TOYOTA,1548,22.7200,22.72,autos_e_comerciais_leves,22,https://www.fenabrave.org.br/portal/files/2024_02_02.pdf,extracao_textual
2024,2,hibridos,3,GWM,1127,16.5400,16.54,autos_e_comerciais_leves,22,https://www.fenabrave.org.br/portal/files/2024_02_02.pdf,extracao_textual
2024,2,hibridos,4,CAOA CHERY,582,8.5400,8.54,autos_e_comerciais_leves,22,https://www.fenabrave.org.br/portal/files/2024_02_02.pdf,extracao_textual
2024,2,hibridos,5,M.BENZ,303,4.4500,4.45,autos_e_comerciais_leves,22,https://www.fenabrave.org.br/portal/files/2024_02_02.pdf,extracao_textual
2024,2,hibridos,6,LAND ROVER,274,4.0200,4.02,autos_e_comerciais_leves,22,https://www.fenabrave.org.br/portal/files/2024_02_02.pdf,extracao_textual
2024,2,hibridos,7,VOLVO,225,3.3000,3.30,autos_e_comerciais_leves,22,https://www.fenabrave.org.br/portal/files/2024_02_02.pdf,extracao_textual
2024,2,hibridos,8,BMW,195,2.8600,2.86,autos_e_comerciais_leves,22,https://www.fenabrave.org.br/portal/files/2024_02_02.pdf,extracao_textual
2024,2,hibridos,9,KIA,179,2.6300,2.63,autos_e_comerciais_leves,22,https://www.fenabrave.org.br/portal/files/2024_02_02.pdf,extracao_textual
2024,2,hibridos,10,HONDA,121,1.7800,1.78,autos_e_comerciais_leves,22,https://www.fenabrave.org.br/portal/files/2024_02_02.pdf,extracao_textual
2024,2,hibridos,11,AUDI,98,1.4400,1.44,autos_e_comerciais_leves,22,https://www.fenabrave.org.br/portal/files/2024_02_02.pdf,extracao_textual
2024,2,hibridos,12,LEXUS,77,1.1300,1.13,autos_e_comerciais_leves,22,https://www.fenabrave.org.br/portal/files/2024_02_02.pdf,extracao_textual
2024,2,hibridos,13,MINI,52,0.7600,0.76,autos_e_comerciais_leves,22,https://www.fenabrave.org.br/portal/files/2024_02_02.pdf,extracao_textual
2024,2,hibridos,14,FORD,46,0.6800,0.68,autos_e_comerciais_leves,22,https://www.fenabrave.org.br/portal/files/2024_02_02.pdf,extracao_textual
2024,2,hibridos,15,JEEP,28,0.4100,0.41,autos_e_comerciais_leves,22,https://www.fenabrave.org.br/portal/files/2024_02_02.pdf,extracao_textual
2024,3,eletricos,1,BYD,4763,77.6100,77.61,autos_e_comerciais_leves,22,https://www.fenabrave.org.br/portal/files/2024_03_02.pdf,extracao_textual
2024,3,eletricos,2,GWM,608,9.9100,9.91,autos_e_comerciais_leves,22,https://www.fenabrave.org.br/portal/files/2024_03_02.pdf,extracao_textual
2024,3,eletricos,3,JAC,210,3.4200,3.42,autos_e_comerciais_leves,22,https://www.fenabrave.org.br/portal/files/2024_03_02.pdf,extracao_textual
2024,3,eletricos,4,VOLVO,208,3.3900,3.39,autos_e_comerciais_leves,22,https://www.fenabrave.org.br/portal/files/2024_03_02.pdf,extracao_textual
2024,3,eletricos,5,RENAULT,121,1.9700,1.97,autos_e_comerciais_leves,22,https://www.fenabrave.org.br/portal/files/2024_03_02.pdf,extracao_textual
2024,3,eletricos,6,BMW,111,1.8100,1.81,autos_e_comerciais_leves,22,https://www.fenabrave.org.br/portal/files/2024_03_02.pdf,extracao_textual
2024,3,eletricos,7,NISSAN,28,0.4600,0.46,autos_e_comerciais_leves,22,https://www.fenabrave.org.br/portal/files/2024_03_02.pdf,extracao_textual
2024,3,eletricos,8,M.BENZ,12,0.2000,0.20,autos_e_comerciais_leves,22,https://www.fenabrave.org.br/portal/files/2024_03_02.pdf,extracao_textual
2024,3,eletricos,9,MINI,11,0.1800,0.18,autos_e_comerciais_leves,22,https://www.fenabrave.org.br/portal/files/2024_03_02.pdf,extracao_textual
2024,3,eletricos,10,FORD,10,0.1600,0.16,autos_e_comerciais_leves,22,https://www.fenabrave.org.br/portal/files/2024_03_02.pdf,extracao_textual
2024,3,eletricos,11,PORSCHE,10,0.1600,0.16,autos_e_comerciais_leves,22,https://www.fenabrave.org.br/portal/files/2024_03_02.pdf,extracao_textual
2024,3,eletricos,12,PEUGEOT,8,0.1300,0.13,autos_e_comerciais_leves,22,https://www.fenabrave.org.br/portal/files/2024_03_02.pdf,extracao_textual
2024,3,eletricos,13,AUDI,6,0.1000,0.10,autos_e_comerciais_leves,22,https://www.fenabrave.org.br/portal/files/2024_03_02.pdf,extracao_textual
2024,3,eletricos,14,GM,6,0.1000,0.10,autos_e_comerciais_leves,22,https://www.fenabrave.org.br/portal/files/2024_03_02.pdf,extracao_textual
2024,3,eletricos,15,VW,5,0.0800,0.08,autos_e_comerciais_leves,22,https://www.fenabrave.org.br/portal/files/2024_03_02.pdf,extracao_textual
2024,3,hibridos,1,TOYOTA,1908,25.5200,25.52,autos_e_comerciais_leves,22,https://www.fenabrave.org.br/portal/files/2024_03_02.pdf,extracao_textual
2024,3,hibridos,2,BYD,1450,19.4000,19.40,autos_e_comerciais_leves,22,https://www.fenabrave.org.br/portal/files/2024_03_02.pdf,extracao_textual
2024,3,hibridos,3,GWM,1097,14.6700,14.67,autos_e_comerciais_leves,22,https://www.fenabrave.org.br/portal/files/2024_03_02.pdf,extracao_textual
2024,3,hibridos,4,CAOA CHERY,782,10.4600,10.46,autos_e_comerciais_leves,22,https://www.fenabrave.org.br/portal/files/2024_03_02.pdf,extracao_textual
2024,3,hibridos,5,M.BENZ,475,6.3500,6.35,autos_e_comerciais_leves,22,https://www.fenabrave.org.br/portal/files/2024_03_02.pdf,extracao_textual
2024,3,hibridos,6,VOLVO,392,5.2400,5.24,autos_e_comerciais_leves,22,https://www.fenabrave.org.br/portal/files/2024_03_02.pdf,extracao_textual
2024,3,hibridos,7,KIA,275,3.6800,3.68,autos_e_comerciais_leves,22,https://www.fenabrave.org.br/portal/files/2024_03_02.pdf,extracao_textual
2024,3,hibridos,8,LAND ROVER,265,3.5400,3.54,autos_e_comerciais_leves,22,https://www.fenabrave.org.br/portal/files/2024_03_02.pdf,extracao_textual
2024,3,hibridos,9,HONDA,255,3.4100,3.41,autos_e_comerciais_leves,22,https://www.fenabrave.org.br/portal/files/2024_03_02.pdf,extracao_textual
2024,3,hibridos,10,BMW,153,2.0500,2.05,autos_e_comerciais_leves,22,https://www.fenabrave.org.br/portal/files/2024_03_02.pdf,extracao_textual
2024,3,hibridos,11,AUDI,97,1.3000,1.30,autos_e_comerciais_leves,22,https://www.fenabrave.org.br/portal/files/2024_03_02.pdf,extracao_textual
2024,3,hibridos,12,LEXUS,79,1.0600,1.06,autos_e_comerciais_leves,22,https://www.fenabrave.org.br/portal/files/2024_03_02.pdf,extracao_textual
2024,3,hibridos,13,MINI,78,1.0400,1.04,autos_e_comerciais_leves,22,https://www.fenabrave.org.br/portal/files/2024_03_02.pdf,extracao_textual
2024,3,hibridos,14,FORD,65,0.8700,0.87,autos_e_comerciais_leves,22,https://www.fenabrave.org.br/portal/files/2024_03_02.pdf,extracao_textual
2024,3,hibridos,15,HYUNDAI,26,0.3500,0.35,autos_e_comerciais_leves,22,https://www.fenabrave.org.br/portal/files/2024_03_02.pdf,extracao_textual
2024,4,eletricos,1,BYD,5346,79.7300,79.73,autos_e_comerciais_leves,22,https://www.fenabrave.org.br/portal/files/2024_04_02.pdf,extracao_textual
2024,4,eletricos,2,GWM,672,10.0200,10.02,autos_e_comerciais_leves,22,https://www.fenabrave.org.br/portal/files/2024_04_02.pdf,extracao_textual
2024,4,eletricos,3,VOLVO,146,2.1800,2.18,autos_e_comerciais_leves,22,https://www.fenabrave.org.br/portal/files/2024_04_02.pdf,extracao_textual
2024,4,eletricos,4,JAC,145,2.1600,2.16,autos_e_comerciais_leves,22,https://www.fenabrave.org.br/portal/files/2024_04_02.pdf,extracao_textual
2024,4,eletricos,5,RENAULT,134,2.0000,2.00,autos_e_comerciais_leves,22,https://www.fenabrave.org.br/portal/files/2024_04_02.pdf,extracao_textual
2024,4,eletricos,6,FORD,112,1.6700,1.67,autos_e_comerciais_leves,22,https://www.fenabrave.org.br/portal/files/2024_04_02.pdf,extracao_textual
2024,4,eletricos,7,BMW,90,1.3400,1.34,autos_e_comerciais_leves,22,https://www.fenabrave.org.br/portal/files/2024_04_02.pdf,extracao_textual
2024,4,eletricos,8,AUDI,14,0.2100,0.21,autos_e_comerciais_leves,22,https://www.fenabrave.org.br/portal/files/2024_04_02.pdf,extracao_textual
2024,4,eletricos,9,VW,11,0.1600,0.16,autos_e_comerciais_leves,22,https://www.fenabrave.org.br/portal/files/2024_04_02.pdf,extracao_textual
2024,4,eletricos,10,MINI,8,0.1200,0.12,autos_e_comerciais_leves,22,https://www.fenabrave.org.br/portal/files/2024_04_02.pdf,extracao_textual
2024,4,eletricos,11,PORSCHE,6,0.0900,0.09,autos_e_comerciais_leves,22,https://www.fenabrave.org.br/portal/files/2024_04_02.pdf,extracao_textual
2024,4,eletricos,12,GMC,5,0.0700,0.07,autos_e_comerciais_leves,22,https://www.fenabrave.org.br/portal/files/2024_04_02.pdf,extracao_textual
2024,4,eletricos,13,GM,3,0.0400,0.04,autos_e_comerciais_leves,22,https://www.fenabrave.org.br/portal/files/2024_04_02.pdf,extracao_textual
2024,4,eletricos,14,M.BENZ,3,0.0400,0.04,autos_e_comerciais_leves,22,https://www.fenabrave.org.br/portal/files/2024_04_02.pdf,extracao_textual
2024,4,eletricos,15,ARROW,2,0.0300,0.03,autos_e_comerciais_leves,22,https://www.fenabrave.org.br/portal/files/2024_04_02.pdf,extracao_textual
2024,4,hibridos,1,TOYOTA,1901,22.3600,22.36,autos_e_comerciais_leves,22,https://www.fenabrave.org.br/portal/files/2024_04_02.pdf,extracao_textual
2024,4,hibridos,2,BYD,1699,19.9900,19.99,autos_e_comerciais_leves,22,https://www.fenabrave.org.br/portal/files/2024_04_02.pdf,extracao_textual
2024,4,hibridos,3,GWM,1609,18.9300,18.93,autos_e_comerciais_leves,22,https://www.fenabrave.org.br/portal/files/2024_04_02.pdf,extracao_textual
2024,4,hibridos,4,CAOA CHERY,954,11.2200,11.22,autos_e_comerciais_leves,22,https://www.fenabrave.org.br/portal/files/2024_04_02.pdf,extracao_textual
2024,4,hibridos,5,M.BENZ,499,5.8700,5.87,autos_e_comerciais_leves,22,https://www.fenabrave.org.br/portal/files/2024_04_02.pdf,extracao_textual
2024,4,hibridos,6,BMW,336,3.9500,3.95,autos_e_comerciais_leves,22,https://www.fenabrave.org.br/portal/files/2024_04_02.pdf,extracao_textual
2024,4,hibridos,7,HONDA,318,3.7400,3.74,autos_e_comerciais_leves,22,https://www.fenabrave.org.br/portal/files/2024_04_02.pdf,extracao_textual
2024,4,hibridos,8,VOLVO,291,3.4200,3.42,autos_e_comerciais_leves,22,https://www.fenabrave.org.br/portal/files/2024_04_02.pdf,extracao_textual
2024,4,hibridos,9,KIA,278,3.2700,3.27,autos_e_comerciais_leves,22,https://www.fenabrave.org.br/portal/files/2024_04_02.pdf,extracao_textual
2024,4,hibridos,10,LAND ROVER,259,3.0500,3.05,autos_e_comerciais_leves,22,https://www.fenabrave.org.br/portal/files/2024_04_02.pdf,extracao_textual
2024,4,hibridos,11,LEXUS,91,1.0700,1.07,autos_e_comerciais_leves,22,https://www.fenabrave.org.br/portal/files/2024_04_02.pdf,extracao_textual
2024,4,hibridos,12,AUDI,73,0.8600,0.86,autos_e_comerciais_leves,22,https://www.fenabrave.org.br/portal/files/2024_04_02.pdf,extracao_textual
2024,4,hibridos,13,PORSCHE,55,0.6500,0.65,autos_e_comerciais_leves,22,https://www.fenabrave.org.br/portal/files/2024_04_02.pdf,extracao_textual
2024,4,hibridos,14,MINI,39,0.4600,0.46,autos_e_comerciais_leves,22,https://www.fenabrave.org.br/portal/files/2024_04_02.pdf,extracao_textual
2024,4,hibridos,15,JAGUAR,31,0.3600,0.36,autos_e_comerciais_leves,22,https://www.fenabrave.org.br/portal/files/2024_04_02.pdf,extracao_textual
2024,5,eletricos,1,BYD,3695,71.4000,71.40,autos_e_comerciais_leves,22,https://www.fenabrave.org.br/portal/files/2024_05_02.pdf,extracao_textual
2024,5,eletricos,2,VOLVO,571,11.0300,11.03,autos_e_comerciais_leves,22,https://www.fenabrave.org.br/portal/files/2024_05_02.pdf,extracao_textual
2024,5,eletricos,3,GWM,534,10.3200,10.32,autos_e_comerciais_leves,22,https://www.fenabrave.org.br/portal/files/2024_05_02.pdf,extracao_textual
2024,5,eletricos,4,JAC,114,2.2000,2.20,autos_e_comerciais_leves,22,https://www.fenabrave.org.br/portal/files/2024_05_02.pdf,extracao_textual
2024,5,eletricos,5,RENAULT,113,2.1800,2.18,autos_e_comerciais_leves,22,https://www.fenabrave.org.br/portal/files/2024_05_02.pdf,extracao_textual
2024,5,eletricos,6,BMW,58,1.1200,1.12,autos_e_comerciais_leves,22,https://www.fenabrave.org.br/portal/files/2024_05_02.pdf,extracao_textual
2024,5,eletricos,7,VW,20,0.3900,0.39,autos_e_comerciais_leves,22,https://www.fenabrave.org.br/portal/files/2024_05_02.pdf,extracao_textual
2024,5,eletricos,8,MINI,15,0.2900,0.29,autos_e_comerciais_leves,22,https://www.fenabrave.org.br/portal/files/2024_05_02.pdf,extracao_textual
2024,5,eletricos,9,PORSCHE,14,0.2700,0.27,autos_e_comerciais_leves,22,https://www.fenabrave.org.br/portal/files/2024_05_02.pdf,extracao_textual
2024,5,eletricos,10,GM,11,0.2100,0.21,autos_e_comerciais_leves,22,https://www.fenabrave.org.br/portal/files/2024_05_02.pdf,extracao_textual
2024,5,eletricos,11,M.BENZ,7,0.1400,0.14,autos_e_comerciais_leves,22,https://www.fenabrave.org.br/portal/files/2024_05_02.pdf,extracao_textual
2024,5,eletricos,12,AUDI,6,0.1200,0.12,autos_e_comerciais_leves,22,https://www.fenabrave.org.br/portal/files/2024_05_02.pdf,extracao_textual
2024,5,eletricos,13,FORD,4,0.0800,0.08,autos_e_comerciais_leves,22,https://www.fenabrave.org.br/portal/files/2024_05_02.pdf,extracao_textual
2024,5,eletricos,14,HITECH,4,0.0800,0.08,autos_e_comerciais_leves,22,https://www.fenabrave.org.br/portal/files/2024_05_02.pdf,extracao_textual
2024,5,eletricos,15,ARROW,2,0.0400,0.04,autos_e_comerciais_leves,22,https://www.fenabrave.org.br/portal/files/2024_05_02.pdf,extracao_textual
2024,5,hibridos,1,TOYOTA,1947,23.0800,23.08,autos_e_comerciais_leves,22,https://www.fenabrave.org.br/portal/files/2024_05_02.pdf,extracao_textual
2024,5,hibridos,2,BYD,1559,18.4800,18.48,autos_e_comerciais_leves,22,https://www.fenabrave.org.br/portal/files/2024_05_02.pdf,extracao_textual
2024,5,hibridos,3,GWM,1438,17.0400,17.04,autos_e_comerciais_leves,22,https://www.fenabrave.org.br/portal/files/2024_05_02.pdf,extracao_textual
2024,5,hibridos,4,CAOA CHERY,1019,12.0800,12.08,autos_e_comerciais_leves,22,https://www.fenabrave.org.br/portal/files/2024_05_02.pdf,extracao_textual
2024,5,hibridos,5,M.BENZ,490,5.8100,5.81,autos_e_comerciais_leves,22,https://www.fenabrave.org.br/portal/files/2024_05_02.pdf,extracao_textual
2024,5,hibridos,6,VOLVO,356,4.2200,4.22,autos_e_comerciais_leves,22,https://www.fenabrave.org.br/portal/files/2024_05_02.pdf,extracao_textual
2024,5,hibridos,7,BMW,348,4.1200,4.12,autos_e_comerciais_leves,22,https://www.fenabrave.org.br/portal/files/2024_05_02.pdf,extracao_textual
2024,5,hibridos,8,PORSCHE,310,3.6700,3.67,autos_e_comerciais_leves,22,https://www.fenabrave.org.br/portal/files/2024_05_02.pdf,extracao_textual
2024,5,hibridos,9,HONDA,276,3.2700,3.27,autos_e_comerciais_leves,22,https://www.fenabrave.org.br/portal/files/2024_05_02.pdf,extracao_textual
2024,5,hibridos,10,LAND ROVER,235,2.7900,2.79,autos_e_comerciais_leves,22,https://www.fenabrave.org.br/portal/files/2024_05_02.pdf,extracao_textual
2024,5,hibridos,11,KIA,207,2.4500,2.45,autos_e_comerciais_leves,22,https://www.fenabrave.org.br/portal/files/2024_05_02.pdf,extracao_textual
2024,5,hibridos,12,LEXUS,75,0.8900,0.89,autos_e_comerciais_leves,22,https://www.fenabrave.org.br/portal/files/2024_05_02.pdf,extracao_textual
2024,5,hibridos,13,FORD,57,0.6800,0.68,autos_e_comerciais_leves,22,https://www.fenabrave.org.br/portal/files/2024_05_02.pdf,extracao_textual
2024,5,hibridos,14,AUDI,49,0.5800,0.58,autos_e_comerciais_leves,22,https://www.fenabrave.org.br/portal/files/2024_05_02.pdf,extracao_textual
2024,5,hibridos,15,MINI,36,0.4300,0.43,autos_e_comerciais_leves,22,https://www.fenabrave.org.br/portal/files/2024_05_02.pdf,extracao_textual
2024,6,eletricos,1,BYD,3347,64.4900,64.49,autos_e_comerciais_leves,22,https://www.fenabrave.org.br/portal/files/2024_06_02.pdf,extracao_textual
2024,6,eletricos,2,VOLVO,835,16.0900,16.09,autos_e_comerciais_leves,22,https://www.fenabrave.org.br/portal/files/2024_06_02.pdf,extracao_textual
2024,6,eletricos,3,GWM,589,11.3500,11.35,autos_e_comerciais_leves,22,https://www.fenabrave.org.br/portal/files/2024_06_02.pdf,extracao_textual
2024,6,eletricos,4,RENAULT,176,3.3900,3.39,autos_e_comerciais_leves,22,https://www.fenabrave.org.br/portal/files/2024_06_02.pdf,extracao_textual
2024,6,eletricos,5,BMW,81,1.5600,1.56,autos_e_comerciais_leves,22,https://www.fenabrave.org.br/portal/files/2024_06_02.pdf,extracao_textual
2024,6,eletricos,6,JAC,48,0.9200,0.92,autos_e_comerciais_leves,22,https://www.fenabrave.org.br/portal/files/2024_06_02.pdf,extracao_textual
2024,6,eletricos,7,MINI,33,0.6400,0.64,autos_e_comerciais_leves,22,https://www.fenabrave.org.br/portal/files/2024_06_02.pdf,extracao_textual
2024,6,eletricos,8,M.BENZ,15,0.2900,0.29,autos_e_comerciais_leves,22,https://www.fenabrave.org.br/portal/files/2024_06_02.pdf,extracao_textual
2024,6,eletricos,9,VW,12,0.2300,0.23,autos_e_comerciais_leves,22,https://www.fenabrave.org.br/portal/files/2024_06_02.pdf,extracao_textual
2024,6,eletricos,10,AUDI,11,0.2100,0.21,autos_e_comerciais_leves,22,https://www.fenabrave.org.br/portal/files/2024_06_02.pdf,extracao_textual
2024,6,eletricos,11,GM,10,0.1900,0.19,autos_e_comerciais_leves,22,https://www.fenabrave.org.br/portal/files/2024_06_02.pdf,extracao_textual
2024,6,eletricos,12,PORSCHE,8,0.1500,0.15,autos_e_comerciais_leves,22,https://www.fenabrave.org.br/portal/files/2024_06_02.pdf,extracao_textual
2024,6,eletricos,13,ARROW,5,0.1000,0.10,autos_e_comerciais_leves,22,https://www.fenabrave.org.br/portal/files/2024_06_02.pdf,extracao_textual
2024,6,eletricos,14,CAOA CHERY,5,0.1000,0.10,autos_e_comerciais_leves,22,https://www.fenabrave.org.br/portal/files/2024_06_02.pdf,extracao_textual
2024,6,eletricos,15,FORD,3,0.0600,0.06,autos_e_comerciais_leves,22,https://www.fenabrave.org.br/portal/files/2024_06_02.pdf,extracao_textual
2024,6,hibridos,1,GWM,2153,23.3900,23.39,autos_e_comerciais_leves,22,https://www.fenabrave.org.br/portal/files/2024_06_02.pdf,extracao_textual
2024,6,hibridos,2,BYD,1989,21.6100,21.61,autos_e_comerciais_leves,22,https://www.fenabrave.org.br/portal/files/2024_06_02.pdf,extracao_textual
2024,6,hibridos,3,TOYOTA,1644,17.8600,17.86,autos_e_comerciais_leves,22,https://www.fenabrave.org.br/portal/files/2024_06_02.pdf,extracao_textual
2024,6,hibridos,4,CAOA CHERY,1020,11.0800,11.08,autos_e_comerciais_leves,22,https://www.fenabrave.org.br/portal/files/2024_06_02.pdf,extracao_textual
2024,6,hibridos,5,M.BENZ,382,4.1500,4.15,autos_e_comerciais_leves,22,https://www.fenabrave.org.br/portal/files/2024_06_02.pdf,extracao_textual
2024,6,hibridos,6,BMW,369,4.0100,4.01,autos_e_comerciais_leves,22,https://www.fenabrave.org.br/portal/files/2024_06_02.pdf,extracao_textual
2024,6,hibridos,7,PORSCHE,337,3.6600,3.66,autos_e_comerciais_leves,22,https://www.fenabrave.org.br/portal/files/2024_06_02.pdf,extracao_textual
2024,6,hibridos,8,VOLVO,313,3.4000,3.40,autos_e_comerciais_leves,22,https://www.fenabrave.org.br/portal/files/2024_06_02.pdf,extracao_textual
2024,6,hibridos,9,HONDA,270,2.9300,2.93,autos_e_comerciais_leves,22,https://www.fenabrave.org.br/portal/files/2024_06_02.pdf,extracao_textual
2024,6,hibridos,10,LAND ROVER,245,2.6600,2.66,autos_e_comerciais_leves,22,https://www.fenabrave.org.br/portal/files/2024_06_02.pdf,extracao_textual
2024,6,hibridos,11,KIA,223,2.4200,2.42,autos_e_comerciais_leves,22,https://www.fenabrave.org.br/portal/files/2024_06_02.pdf,extracao_textual
2024,6,hibridos,12,LEXUS,80,0.8700,0.87,autos_e_comerciais_leves,22,https://www.fenabrave.org.br/portal/files/2024_06_02.pdf,extracao_textual
2024,6,hibridos,13,AUDI,79,0.8600,0.86,autos_e_comerciais_leves,22,https://www.fenabrave.org.br/portal/files/2024_06_02.pdf,extracao_textual
2024,6,hibridos,14,FORD,33,0.3600,0.36,autos_e_comerciais_leves,22,https://www.fenabrave.org.br/portal/files/2024_06_02.pdf,extracao_textual
2024,6,hibridos,15,MINI,30,0.3300,0.33,autos_e_comerciais_leves,22,https://www.fenabrave.org.br/portal/files/2024_06_02.pdf,extracao_textual
2024,7,eletricos,1,BYD,3350,71.2500,71.25,autos_e_comerciais_leves,22,https://www.fenabrave.org.br/portal/files/2024_07_02.pdf,extracao_textual
2024,7,eletricos,2,VOLVO,455,9.6800,9.68,autos_e_comerciais_leves,22,https://www.fenabrave.org.br/portal/files/2024_07_02.pdf,extracao_textual
2024,7,eletricos,3,GWM,398,8.4600,8.46,autos_e_comerciais_leves,22,https://www.fenabrave.org.br/portal/files/2024_07_02.pdf,extracao_textual
2024,7,eletricos,4,RENAULT,148,3.1500,3.15,autos_e_comerciais_leves,22,https://www.fenabrave.org.br/portal/files/2024_07_02.pdf,extracao_textual
2024,7,eletricos,5,JAC,122,2.5900,2.59,autos_e_comerciais_leves,22,https://www.fenabrave.org.br/portal/files/2024_07_02.pdf,extracao_textual
2024,7,eletricos,6,BMW,95,2.0200,2.02,autos_e_comerciais_leves,22,https://www.fenabrave.org.br/portal/files/2024_07_02.pdf,extracao_textual
2024,7,eletricos,7,MINI,40,0.8500,0.85,autos_e_comerciais_leves,22,https://www.fenabrave.org.br/portal/files/2024_07_02.pdf,extracao_textual
2024,7,eletricos,8,CAOA CHERY,19,0.4000,0.40,autos_e_comerciais_leves,22,https://www.fenabrave.org.br/portal/files/2024_07_02.pdf,extracao_textual
2024,7,eletricos,9,GM,18,0.3800,0.38,autos_e_comerciais_leves,22,https://www.fenabrave.org.br/portal/files/2024_07_02.pdf,extracao_textual
2024,7,eletricos,10,M.BENZ,13,0.2800,0.28,autos_e_comerciais_leves,22,https://www.fenabrave.org.br/portal/files/2024_07_02.pdf,extracao_textual
2024,7,eletricos,11,VW,13,0.2800,0.28,autos_e_comerciais_leves,22,https://www.fenabrave.org.br/portal/files/2024_07_02.pdf,extracao_textual
2024,7,eletricos,12,PEUGEOT,9,0.1900,0.19,autos_e_comerciais_leves,22,https://www.fenabrave.org.br/portal/files/2024_07_02.pdf,extracao_textual
2024,7,eletricos,13,FORD,7,0.1500,0.15,autos_e_comerciais_leves,22,https://www.fenabrave.org.br/portal/files/2024_07_02.pdf,extracao_textual
2024,7,eletricos,14,AUDI,5,0.1100,0.11,autos_e_comerciais_leves,22,https://www.fenabrave.org.br/portal/files/2024_07_02.pdf,extracao_textual
2024,7,eletricos,15,PORSCHE,4,0.0900,0.09,autos_e_comerciais_leves,22,https://www.fenabrave.org.br/portal/files/2024_07_02.pdf,extracao_textual
2024,7,hibridos,1,GWM,2786,26.2600,26.26,autos_e_comerciais_leves,22,https://www.fenabrave.org.br/portal/files/2024_07_02.pdf,extracao_textual
2024,7,hibridos,2,BYD,2732,25.7500,25.75,autos_e_comerciais_leves,22,https://www.fenabrave.org.br/portal/files/2024_07_02.pdf,extracao_textual
2024,7,hibridos,3,TOYOTA,1758,16.5700,16.57,autos_e_comerciais_leves,22,https://www.fenabrave.org.br/portal/files/2024_07_02.pdf,extracao_textual
2024,7,hibridos,4,CAOA CHERY,623,5.8700,5.87,autos_e_comerciais_leves,22,https://www.fenabrave.org.br/portal/files/2024_07_02.pdf,extracao_textual
2024,7,hibridos,5,M.BENZ,617,5.8200,5.82,autos_e_comerciais_leves,22,https://www.fenabrave.org.br/portal/files/2024_07_02.pdf,extracao_textual
2024,7,hibridos,6,BMW,432,4.0700,4.07,autos_e_comerciais_leves,22,https://www.fenabrave.org.br/portal/files/2024_07_02.pdf,extracao_textual
2024,7,hibridos,7,VOLVO,375,3.5300,3.53,autos_e_comerciais_leves,22,https://www.fenabrave.org.br/portal/files/2024_07_02.pdf,extracao_textual
2024,7,hibridos,8,LAND ROVER,349,3.2900,3.29,autos_e_comerciais_leves,22,https://www.fenabrave.org.br/portal/files/2024_07_02.pdf,extracao_textual
2024,7,hibridos,9,HONDA,279,2.6300,2.63,autos_e_comerciais_leves,22,https://www.fenabrave.org.br/portal/files/2024_07_02.pdf,extracao_textual
2024,7,hibridos,10,PORSCHE,185,1.7400,1.74,autos_e_comerciais_leves,22,https://www.fenabrave.org.br/portal/files/2024_07_02.pdf,extracao_textual
2024,7,hibridos,11,KIA,183,1.7200,1.72,autos_e_comerciais_leves,22,https://www.fenabrave.org.br/portal/files/2024_07_02.pdf,extracao_textual
2024,7,hibridos,12,LEXUS,107,1.0100,1.01,autos_e_comerciais_leves,22,https://www.fenabrave.org.br/portal/files/2024_07_02.pdf,extracao_textual
2024,7,hibridos,13,AUDI,52,0.4900,0.49,autos_e_comerciais_leves,22,https://www.fenabrave.org.br/portal/files/2024_07_02.pdf,extracao_textual
2024,7,hibridos,14,MINI,34,0.3200,0.32,autos_e_comerciais_leves,22,https://www.fenabrave.org.br/portal/files/2024_07_02.pdf,extracao_textual
2024,7,hibridos,15,FORD,33,0.3100,0.31,autos_e_comerciais_leves,22,https://www.fenabrave.org.br/portal/files/2024_07_02.pdf,extracao_textual
2024,8,eletricos,1,BYD,3808,74.4500,74.45,autos_e_comerciais_leves,22,https://www.fenabrave.org.br/portal/files/2024_08_02.pdf,extracao_textual
2024,8,eletricos,2,VOLVO,418,8.1700,8.17,autos_e_comerciais_leves,22,https://www.fenabrave.org.br/portal/files/2024_08_02.pdf,extracao_textual
2024,8,eletricos,3,GWM,382,7.4700,7.47,autos_e_comerciais_leves,22,https://www.fenabrave.org.br/portal/files/2024_08_02.pdf,extracao_textual
2024,8,eletricos,4,RENAULT,139,2.7200,2.72,autos_e_comerciais_leves,22,https://www.fenabrave.org.br/portal/files/2024_08_02.pdf,extracao_textual
2024,8,eletricos,5,BMW,99,1.9400,1.94,autos_e_comerciais_leves,22,https://www.fenabrave.org.br/portal/files/2024_08_02.pdf,extracao_textual
2024,8,eletricos,6,JAC,94,1.8400,1.84,autos_e_comerciais_leves,22,https://www.fenabrave.org.br/portal/files/2024_08_02.pdf,extracao_textual
2024,8,eletricos,7,PORSCHE,46,0.9000,0.90,autos_e_comerciais_leves,22,https://www.fenabrave.org.br/portal/files/2024_08_02.pdf,extracao_textual
2024,8,eletricos,8,FORD,37,0.7200,0.72,autos_e_comerciais_leves,22,https://www.fenabrave.org.br/portal/files/2024_08_02.pdf,extracao_textual
2024,8,eletricos,9,MINI,25,0.4900,0.49,autos_e_comerciais_leves,22,https://www.fenabrave.org.br/portal/files/2024_08_02.pdf,extracao_textual
2024,8,eletricos,10,AUDI,11,0.2200,0.22,autos_e_comerciais_leves,22,https://www.fenabrave.org.br/portal/files/2024_08_02.pdf,extracao_textual
2024,8,eletricos,11,M.BENZ,8,0.1600,0.16,autos_e_comerciais_leves,22,https://www.fenabrave.org.br/portal/files/2024_08_02.pdf,extracao_textual
2024,8,eletricos,12,ARROW,7,0.1400,0.14,autos_e_comerciais_leves,22,https://www.fenabrave.org.br/portal/files/2024_08_02.pdf,extracao_textual
2024,8,eletricos,13,VW,7,0.1400,0.14,autos_e_comerciais_leves,22,https://www.fenabrave.org.br/portal/files/2024_08_02.pdf,extracao_textual
2024,8,eletricos,14,CAOA CHERY,6,0.1200,0.12,autos_e_comerciais_leves,22,https://www.fenabrave.org.br/portal/files/2024_08_02.pdf,extracao_textual
2024,8,eletricos,15,GM,6,0.1200,0.12,autos_e_comerciais_leves,22,https://www.fenabrave.org.br/portal/files/2024_08_02.pdf,extracao_textual
2024,8,hibridos,1,BYD,2900,30.3600,30.36,autos_e_comerciais_leves,22,https://www.fenabrave.org.br/portal/files/2024_08_02.pdf,extracao_textual
2024,8,hibridos,2,GWM,2112,22.1100,22.11,autos_e_comerciais_leves,22,https://www.fenabrave.org.br/portal/files/2024_08_02.pdf,extracao_textual
2024,8,hibridos,3,TOYOTA,1736,18.1700,18.17,autos_e_comerciais_leves,22,https://www.fenabrave.org.br/portal/files/2024_08_02.pdf,extracao_textual
2024,8,hibridos,4,M.BENZ,464,4.8600,4.86,autos_e_comerciais_leves,22,https://www.fenabrave.org.br/portal/files/2024_08_02.pdf,extracao_textual
2024,8,hibridos,5,VOLVO,430,4.5000,4.50,autos_e_comerciais_leves,22,https://www.fenabrave.org.br/portal/files/2024_08_02.pdf,extracao_textual
2024,8,hibridos,6,BMW,331,3.4700,3.47,autos_e_comerciais_leves,22,https://www.fenabrave.org.br/portal/files/2024_08_02.pdf,extracao_textual
2024,8,hibridos,7,HONDA,292,3.0600,3.06,autos_e_comerciais_leves,22,https://www.fenabrave.org.br/portal/files/2024_08_02.pdf,extracao_textual
2024,8,hibridos,8,LAND ROVER,254,2.6600,2.66,autos_e_comerciais_leves,22,https://www.fenabrave.org.br/portal/files/2024_08_02.pdf,extracao_textual
2024,8,hibridos,9,CAOA CHERY,236,2.4700,2.47,autos_e_comerciais_leves,22,https://www.fenabrave.org.br/portal/files/2024_08_02.pdf,extracao_textual
2024,8,hibridos,10,KIA,194,2.0300,2.03,autos_e_comerciais_leves,22,https://www.fenabrave.org.br/portal/files/2024_08_02.pdf,extracao_textual
2024,8,hibridos,11,FORD,178,1.8600,1.86,autos_e_comerciais_leves,22,https://www.fenabrave.org.br/portal/files/2024_08_02.pdf,extracao_textual
2024,8,hibridos,12,PORSCHE,163,1.7100,1.71,autos_e_comerciais_leves,22,https://www.fenabrave.org.br/portal/files/2024_08_02.pdf,extracao_textual
2024,8,hibridos,13,LEXUS,103,1.0800,1.08,autos_e_comerciais_leves,22,https://www.fenabrave.org.br/portal/files/2024_08_02.pdf,extracao_textual
2024,8,hibridos,14,AUDI,80,0.8400,0.84,autos_e_comerciais_leves,22,https://www.fenabrave.org.br/portal/files/2024_08_02.pdf,extracao_textual
2024,8,hibridos,15,MINI,30,0.3100,0.31,autos_e_comerciais_leves,22,https://www.fenabrave.org.br/portal/files/2024_08_02.pdf,extracao_textual
2024,9,eletricos,1,BYD,3516,74.7300,74.73,autos_e_comerciais_leves,22,https://www.fenabrave.org.br/portal/files/2024_09_02.pdf,extracao_textual
2024,9,eletricos,2,VOLVO,330,7.0100,7.01,autos_e_comerciais_leves,22,https://www.fenabrave.org.br/portal/files/2024_09_02.pdf,extracao_textual
2024,9,eletricos,3,GWM,307,6.5200,6.52,autos_e_comerciais_leves,22,https://www.fenabrave.org.br/portal/files/2024_09_02.pdf,extracao_textual
2024,9,eletricos,4,JAC,162,3.4400,3.44,autos_e_comerciais_leves,22,https://www.fenabrave.org.br/portal/files/2024_09_02.pdf,extracao_textual
2024,9,eletricos,5,RENAULT,134,2.8500,2.85,autos_e_comerciais_leves,22,https://www.fenabrave.org.br/portal/files/2024_09_02.pdf,extracao_textual
2024,9,eletricos,6,BMW,88,1.8700,1.87,autos_e_comerciais_leves,22,https://www.fenabrave.org.br/portal/files/2024_09_02.pdf,extracao_textual
2024,9,eletricos,7,NISSAN,34,0.7200,0.72,autos_e_comerciais_leves,22,https://www.fenabrave.org.br/portal/files/2024_09_02.pdf,extracao_textual
2024,9,eletricos,8,PORSCHE,34,0.7200,0.72,autos_e_comerciais_leves,22,https://www.fenabrave.org.br/portal/files/2024_09_02.pdf,extracao_textual
2024,9,eletricos,9,GM,25,0.5300,0.53,autos_e_comerciais_leves,22,https://www.fenabrave.org.br/portal/files/2024_09_02.pdf,extracao_textual
2024,9,eletricos,10,MINI,17,0.3600,0.36,autos_e_comerciais_leves,22,https://www.fenabrave.org.br/portal/files/2024_09_02.pdf,extracao_textual
2024,9,eletricos,11,FORD,15,0.3200,0.32,autos_e_comerciais_leves,22,https://www.fenabrave.org.br/portal/files/2024_09_02.pdf,extracao_textual
2024,9,eletricos,12,M.BENZ,14,0.3000,0.30,autos_e_comerciais_leves,22,https://www.fenabrave.org.br/portal/files/2024_09_02.pdf,extracao_textual
2024,9,eletricos,13,VW,6,0.1300,0.13,autos_e_comerciais_leves,22,https://www.fenabrave.org.br/portal/files/2024_09_02.pdf,extracao_textual
2024,9,eletricos,14,PEUGEOT,5,0.1100,0.11,autos_e_comerciais_leves,22,https://www.fenabrave.org.br/portal/files/2024_09_02.pdf,extracao_textual
2024,9,eletricos,15,ARROW,4,0.0900,0.09,autos_e_comerciais_leves,22,https://www.fenabrave.org.br/portal/files/2024_09_02.pdf,extracao_textual
2024,9,hibridos,1,BYD,2445,28.3300,28.33,autos_e_comerciais_leves,22,https://www.fenabrave.org.br/portal/files/2024_09_02.pdf,extracao_textual
2024,9,hibridos,2,GWM,1952,22.6200,22.62,autos_e_comerciais_leves,22,https://www.fenabrave.org.br/portal/files/2024_09_02.pdf,extracao_textual
2024,9,hibridos,3,TOYOTA,1692,19.6100,19.61,autos_e_comerciais_leves,22,https://www.fenabrave.org.br/portal/files/2024_09_02.pdf,extracao_textual
2024,9,hibridos,4,M.BENZ,683,7.9100,7.91,autos_e_comerciais_leves,22,https://www.fenabrave.org.br/portal/files/2024_09_02.pdf,extracao_textual
2024,9,hibridos,5,BMW,301,3.4900,3.49,autos_e_comerciais_leves,22,https://www.fenabrave.org.br/portal/files/2024_09_02.pdf,extracao_textual
2024,9,hibridos,6,HONDA,289,3.3500,3.35,autos_e_comerciais_leves,22,https://www.fenabrave.org.br/portal/files/2024_09_02.pdf,extracao_textual
2024,9,hibridos,7,VOLVO,282,3.2700,3.27,autos_e_comerciais_leves,22,https://www.fenabrave.org.br/portal/files/2024_09_02.pdf,extracao_textual
2024,9,hibridos,8,LAND ROVER,235,2.7200,2.72,autos_e_comerciais_leves,22,https://www.fenabrave.org.br/portal/files/2024_09_02.pdf,extracao_textual
2024,9,hibridos,9,PORSCHE,150,1.7400,1.74,autos_e_comerciais_leves,22,https://www.fenabrave.org.br/portal/files/2024_09_02.pdf,extracao_textual
2024,9,hibridos,10,CAOA CHERY,135,1.5600,1.56,autos_e_comerciais_leves,22,https://www.fenabrave.org.br/portal/files/2024_09_02.pdf,extracao_textual
2024,9,hibridos,11,KIA,119,1.3800,1.38,autos_e_comerciais_leves,22,https://www.fenabrave.org.br/portal/files/2024_09_02.pdf,extracao_textual
2024,9,hibridos,12,FORD,106,1.2300,1.23,autos_e_comerciais_leves,22,https://www.fenabrave.org.br/portal/files/2024_09_02.pdf,extracao_textual
2024,9,hibridos,13,LEXUS,94,1.0900,1.09,autos_e_comerciais_leves,22,https://www.fenabrave.org.br/portal/files/2024_09_02.pdf,extracao_textual
2024,9,hibridos,14,AUDI,46,0.5300,0.53,autos_e_comerciais_leves,22,https://www.fenabrave.org.br/portal/files/2024_09_02.pdf,extracao_textual
2024,9,hibridos,15,HYUNDAI,28,0.3200,0.32,autos_e_comerciais_leves,22,https://www.fenabrave.org.br/portal/files/2024_09_02.pdf,extracao_textual
2024,10,eletricos,1,BYD,4334,70.9300,70.93,autos_e_comerciais_leves,22,https://www.fenabrave.org.br/portal/files/2024_10_02.pdf,extracao_textual
2024,10,eletricos,2,GWM,498,8.1500,8.15,autos_e_comerciais_leves,22,https://www.fenabrave.org.br/portal/files/2024_10_02.pdf,extracao_textual
2024,10,eletricos,3,JAC,293,4.8000,4.80,autos_e_comerciais_leves,22,https://www.fenabrave.org.br/portal/files/2024_10_02.pdf,extracao_textual
2024,10,eletricos,4,VOLVO,292,4.7800,4.78,autos_e_comerciais_leves,22,https://www.fenabrave.org.br/portal/files/2024_10_02.pdf,extracao_textual
2024,10,eletricos,5,FORD,230,3.7600,3.76,autos_e_comerciais_leves,22,https://www.fenabrave.org.br/portal/files/2024_10_02.pdf,extracao_textual
2024,10,eletricos,6,RENAULT,146,2.3900,2.39,autos_e_comerciais_leves,22,https://www.fenabrave.org.br/portal/files/2024_10_02.pdf,extracao_textual
2024,10,eletricos,7,BMW,79,1.2900,1.29,autos_e_comerciais_leves,22,https://www.fenabrave.org.br/portal/files/2024_10_02.pdf,extracao_textual
2024,10,eletricos,8,MINI,49,0.8000,0.80,autos_e_comerciais_leves,22,https://www.fenabrave.org.br/portal/files/2024_10_02.pdf,extracao_textual
2024,10,eletricos,9,AUDI,48,0.7900,0.79,autos_e_comerciais_leves,22,https://www.fenabrave.org.br/portal/files/2024_10_02.pdf,extracao_textual
2024,10,eletricos,10,PORSCHE,42,0.6900,0.69,autos_e_comerciais_leves,22,https://www.fenabrave.org.br/portal/files/2024_10_02.pdf,extracao_textual
2024,10,eletricos,11,GM,29,0.4700,0.47,autos_e_comerciais_leves,22,https://www.fenabrave.org.br/portal/files/2024_10_02.pdf,extracao_textual
2024,10,eletricos,12,M.BENZ,19,0.3100,0.31,autos_e_comerciais_leves,22,https://www.fenabrave.org.br/portal/files/2024_10_02.pdf,extracao_textual
2024,10,eletricos,13,ZEEKR,15,0.2500,0.25,autos_e_comerciais_leves,22,https://www.fenabrave.org.br/portal/files/2024_10_02.pdf,extracao_textual
2024,10,eletricos,14,KIA,9,0.1500,0.15,autos_e_comerciais_leves,22,https://www.fenabrave.org.br/portal/files/2024_10_02.pdf,extracao_textual
2024,10,eletricos,15,PEUGEOT,8,0.1300,0.13,autos_e_comerciais_leves,22,https://www.fenabrave.org.br/portal/files/2024_10_02.pdf,extracao_textual
2024,10,hibridos,1,BYD,3067,30.9100,30.91,autos_e_comerciais_leves,22,https://www.fenabrave.org.br/portal/files/2024_10_02.pdf,extracao_textual
2024,10,hibridos,2,GWM,2286,23.0400,23.04,autos_e_comerciais_leves,22,https://www.fenabrave.org.br/portal/files/2024_10_02.pdf,extracao_textual
2024,10,hibridos,3,TOYOTA,1506,15.1800,15.18,autos_e_comerciais_leves,22,https://www.fenabrave.org.br/portal/files/2024_10_02.pdf,extracao_textual
2024,10,hibridos,4,M.BENZ,705,7.1000,7.10,autos_e_comerciais_leves,22,https://www.fenabrave.org.br/portal/files/2024_10_02.pdf,extracao_textual
2024,10,hibridos,5,VOLVO,534,5.3800,5.38,autos_e_comerciais_leves,22,https://www.fenabrave.org.br/portal/files/2024_10_02.pdf,extracao_textual
2024,10,hibridos,6,CAOA CHERY,456,4.6000,4.60,autos_e_comerciais_leves,22,https://www.fenabrave.org.br/portal/files/2024_10_02.pdf,extracao_textual
2024,10,hibridos,7,BMW,295,2.9700,2.97,autos_e_comerciais_leves,22,https://www.fenabrave.org.br/portal/files/2024_10_02.pdf,extracao_textual
2024,10,hibridos,8,HONDA,285,2.8700,2.87,autos_e_comerciais_leves,22,https://www.fenabrave.org.br/portal/files/2024_10_02.pdf,extracao_textual
2024,10,hibridos,9,LAND ROVER,195,1.9700,1.97,autos_e_comerciais_leves,22,https://www.fenabrave.org.br/portal/files/2024_10_02.pdf,extracao_textual
2024,10,hibridos,10,KIA,128,1.2900,1.29,autos_e_comerciais_leves,22,https://www.fenabrave.org.br/portal/files/2024_10_02.pdf,extracao_textual
2024,10,hibridos,11,FORD,109,1.1000,1.10,autos_e_comerciais_leves,22,https://www.fenabrave.org.br/portal/files/2024_10_02.pdf,extracao_textual
2024,10,hibridos,12,LEXUS,93,0.9400,0.94,autos_e_comerciais_leves,22,https://www.fenabrave.org.br/portal/files/2024_10_02.pdf,extracao_textual
2024,10,hibridos,13,AUDI,79,0.8000,0.80,autos_e_comerciais_leves,22,https://www.fenabrave.org.br/portal/files/2024_10_02.pdf,extracao_textual
2024,10,hibridos,14,JAGUAR,55,0.5500,0.55,autos_e_comerciais_leves,22,https://www.fenabrave.org.br/portal/files/2024_10_02.pdf,extracao_textual
2024,10,hibridos,15,PORSCHE,52,0.5200,0.52,autos_e_comerciais_leves,22,https://www.fenabrave.org.br/portal/files/2024_10_02.pdf,extracao_textual
2024,11,eletricos,1,BYD,3666,67.6900,67.69,autos_e_comerciais_leves,22,https://www.fenabrave.org.br/portal/files/2024_11_02.pdf,extracao_textual
2024,11,eletricos,2,GWM,576,10.6400,10.64,autos_e_comerciais_leves,22,https://www.fenabrave.org.br/portal/files/2024_11_02.pdf,extracao_textual
2024,11,eletricos,3,JAC,367,6.7800,6.78,autos_e_comerciais_leves,22,https://www.fenabrave.org.br/portal/files/2024_11_02.pdf,extracao_textual
2024,11,eletricos,4,VOLVO,279,5.1500,5.15,autos_e_comerciais_leves,22,https://www.fenabrave.org.br/portal/files/2024_11_02.pdf,extracao_textual
2024,11,eletricos,5,RENAULT,133,2.4600,2.46,autos_e_comerciais_leves,22,https://www.fenabrave.org.br/portal/files/2024_11_02.pdf,extracao_textual
2024,11,eletricos,6,BMW,87,1.6100,1.61,autos_e_comerciais_leves,22,https://www.fenabrave.org.br/portal/files/2024_11_02.pdf,extracao_textual
2024,11,eletricos,7,GM,63,1.1600,1.16,autos_e_comerciais_leves,22,https://www.fenabrave.org.br/portal/files/2024_11_02.pdf,extracao_textual
2024,11,eletricos,8,FORD,46,0.8500,0.85,autos_e_comerciais_leves,22,https://www.fenabrave.org.br/portal/files/2024_11_02.pdf,extracao_textual
2024,11,eletricos,9,MINI,37,0.6800,0.68,autos_e_comerciais_leves,22,https://www.fenabrave.org.br/portal/files/2024_11_02.pdf,extracao_textual
2024,11,eletricos,10,PEUGEOT,36,0.6600,0.66,autos_e_comerciais_leves,22,https://www.fenabrave.org.br/portal/files/2024_11_02.pdf,extracao_textual
2024,11,eletricos,11,AUDI,30,0.5500,0.55,autos_e_comerciais_leves,22,https://www.fenabrave.org.br/portal/files/2024_11_02.pdf,extracao_textual
2024,11,eletricos,12,PORSCHE,26,0.4800,0.48,autos_e_comerciais_leves,22,https://www.fenabrave.org.br/portal/files/2024_11_02.pdf,extracao_textual
2024,11,eletricos,13,ZEEKR,24,0.4400,0.44,autos_e_comerciais_leves,22,https://www.fenabrave.org.br/portal/files/2024_11_02.pdf,extracao_textual
2024,11,eletricos,14,M.BENZ,16,0.3000,0.30,autos_e_comerciais_leves,22,https://www.fenabrave.org.br/portal/files/2024_11_02.pdf,extracao_textual
2024,11,eletricos,15,ARROW,7,0.1300,0.13,autos_e_comerciais_leves,22,https://www.fenabrave.org.br/portal/files/2024_11_02.pdf,extracao_textual
2024,11,hibridos,1,BYD,4381,37.3600,37.36,autos_e_comerciais_leves,22,https://www.fenabrave.org.br/portal/files/2024_11_02.pdf,extracao_textual
2024,11,hibridos,2,GWM,2070,17.6500,17.65,autos_e_comerciais_leves,22,https://www.fenabrave.org.br/portal/files/2024_11_02.pdf,extracao_textual
2024,11,hibridos,3,TOYOTA,1542,13.1500,13.15,autos_e_comerciais_leves,22,https://www.fenabrave.org.br/portal/files/2024_11_02.pdf,extracao_textual
2024,11,hibridos,4,FIAT,1099,9.3700,9.37,autos_e_comerciais_leves,22,https://www.fenabrave.org.br/portal/files/2024_11_02.pdf,extracao_textual
2024,11,hibridos,5,M.BENZ,517,4.4100,4.41,autos_e_comerciais_leves,22,https://www.fenabrave.org.br/portal/files/2024_11_02.pdf,extracao_textual
2024,11,hibridos,6,CAOA CHERY,380,3.2400,3.24,autos_e_comerciais_leves,22,https://www.fenabrave.org.br/portal/files/2024_11_02.pdf,extracao_textual
2024,11,hibridos,7,BMW,357,3.0400,3.04,autos_e_comerciais_leves,22,https://www.fenabrave.org.br/portal/files/2024_11_02.pdf,extracao_textual
2024,11,hibridos,8,VOLVO,329,2.8100,2.81,autos_e_comerciais_leves,22,https://www.fenabrave.org.br/portal/files/2024_11_02.pdf,extracao_textual
2024,11,hibridos,9,HONDA,231,1.9700,1.97,autos_e_comerciais_leves,22,https://www.fenabrave.org.br/portal/files/2024_11_02.pdf,extracao_textual
2024,11,hibridos,10,LAND ROVER,204,1.7400,1.74,autos_e_comerciais_leves,22,https://www.fenabrave.org.br/portal/files/2024_11_02.pdf,extracao_textual
2024,11,hibridos,11,PORSCHE,123,1.0500,1.05,autos_e_comerciais_leves,22,https://www.fenabrave.org.br/portal/files/2024_11_02.pdf,extracao_textual
2024,11,hibridos,12,KIA,116,0.9900,0.99,autos_e_comerciais_leves,22,https://www.fenabrave.org.br/portal/files/2024_11_02.pdf,extracao_textual
2024,11,hibridos,13,FORD,106,0.9000,0.90,autos_e_comerciais_leves,22,https://www.fenabrave.org.br/portal/files/2024_11_02.pdf,extracao_textual
2024,11,hibridos,14,LEXUS,105,0.9000,0.90,autos_e_comerciais_leves,22,https://www.fenabrave.org.br/portal/files/2024_11_02.pdf,extracao_textual
2024,11,hibridos,15,AUDI,98,0.8400,0.84,autos_e_comerciais_leves,22,https://www.fenabrave.org.br/portal/files/2024_11_02.pdf,extracao_textual
2024,12,eletricos,1,BYD,2781,63.6500,63.65,autos_e_comerciais_leves,22,https://www.fenabrave.org.br/portal/files/2024_12_02.pdf,extracao_textual
2024,12,eletricos,2,GWM,478,10.9400,10.94,autos_e_comerciais_leves,22,https://www.fenabrave.org.br/portal/files/2024_12_02.pdf,extracao_textual
2024,12,eletricos,3,VOLVO,418,9.5700,9.57,autos_e_comerciais_leves,22,https://www.fenabrave.org.br/portal/files/2024_12_02.pdf,extracao_textual
2024,12,eletricos,4,JAC,154,3.5200,3.52,autos_e_comerciais_leves,22,https://www.fenabrave.org.br/portal/files/2024_12_02.pdf,extracao_textual
2024,12,eletricos,5,BMW,109,2.4900,2.49,autos_e_comerciais_leves,22,https://www.fenabrave.org.br/portal/files/2024_12_02.pdf,extracao_textual
2024,12,eletricos,6,RENAULT,106,2.4300,2.43,autos_e_comerciais_leves,22,https://www.fenabrave.org.br/portal/files/2024_12_02.pdf,extracao_textual
2024,12,eletricos,7,PORSCHE,98,2.2400,2.24,autos_e_comerciais_leves,22,https://www.fenabrave.org.br/portal/files/2024_12_02.pdf,extracao_textual
2024,12,eletricos,8,ZEEKR,55,1.2600,1.26,autos_e_comerciais_leves,22,https://www.fenabrave.org.br/portal/files/2024_12_02.pdf,extracao_textual
2024,12,eletricos,9,MINI,48,1.1000,1.10,autos_e_comerciais_leves,22,https://www.fenabrave.org.br/portal/files/2024_12_02.pdf,extracao_textual
2024,12,eletricos,10,GM,33,0.7600,0.76,autos_e_comerciais_leves,22,https://www.fenabrave.org.br/portal/files/2024_12_02.pdf,extracao_textual
2024,12,eletricos,11,M.BENZ,16,0.3700,0.37,autos_e_comerciais_leves,22,https://www.fenabrave.org.br/portal/files/2024_12_02.pdf,extracao_textual
2024,12,eletricos,12,VW,13,0.3000,0.30,autos_e_comerciais_leves,22,https://www.fenabrave.org.br/portal/files/2024_12_02.pdf,extracao_textual
2024,12,eletricos,13,AUDI,10,0.2300,0.23,autos_e_comerciais_leves,22,https://www.fenabrave.org.br/portal/files/2024_12_02.pdf,extracao_textual
2024,12,eletricos,14,RIDDARA,9,0.2100,0.21,autos_e_comerciais_leves,22,https://www.fenabrave.org.br/portal/files/2024_12_02.pdf,extracao_textual
2024,12,eletricos,15,HYUNDAI,8,0.1800,0.18,autos_e_comerciais_leves,22,https://www.fenabrave.org.br/portal/files/2024_12_02.pdf,extracao_textual
2024,12,hibridos,1,BYD,7310,42.3400,42.34,autos_e_comerciais_leves,22,https://www.fenabrave.org.br/portal/files/2024_12_02.pdf,extracao_textual
2024,12,hibridos,2,FIAT,2692,15.5900,15.59,autos_e_comerciais_leves,22,https://www.fenabrave.org.br/portal/files/2024_12_02.pdf,extracao_textual
2024,12,hibridos,3,GWM,2644,15.3100,15.31,autos_e_comerciais_leves,22,https://www.fenabrave.org.br/portal/files/2024_12_02.pdf,extracao_textual
2024,12,hibridos,4,TOYOTA,1583,9.1700,9.17,autos_e_comerciais_leves,22,https://www.fenabrave.org.br/portal/files/2024_12_02.pdf,extracao_textual
2024,12,hibridos,5,M.BENZ,716,4.1500,4.15,autos_e_comerciais_leves,22,https://www.fenabrave.org.br/portal/files/2024_12_02.pdf,extracao_textual
2024,12,hibridos,6,VOLVO,371,2.1500,2.15,autos_e_comerciais_leves,22,https://www.fenabrave.org.br/portal/files/2024_12_02.pdf,extracao_textual
2024,12,hibridos,7,HONDA,349,2.0200,2.02,autos_e_comerciais_leves,22,https://www.fenabrave.org.br/portal/files/2024_12_02.pdf,extracao_textual
2024,12,hibridos,8,BMW,340,1.9700,1.97,autos_e_comerciais_leves,22,https://www.fenabrave.org.br/portal/files/2024_12_02.pdf,extracao_textual
2024,12,hibridos,9,CAOA CHERY,330,1.9100,1.91,autos_e_comerciais_leves,22,https://www.fenabrave.org.br/portal/files/2024_12_02.pdf,extracao_textual
2024,12,hibridos,10,LAND ROVER,273,1.5800,1.58,autos_e_comerciais_leves,22,https://www.fenabrave.org.br/portal/files/2024_12_02.pdf,extracao_textual
2024,12,hibridos,11,AUDI,165,0.9600,0.96,autos_e_comerciais_leves,22,https://www.fenabrave.org.br/portal/files/2024_12_02.pdf,extracao_textual
2024,12,hibridos,12,PORSCHE,129,0.7500,0.75,autos_e_comerciais_leves,22,https://www.fenabrave.org.br/portal/files/2024_12_02.pdf,extracao_textual
2024,12,hibridos,13,KIA,127,0.7400,0.74,autos_e_comerciais_leves,22,https://www.fenabrave.org.br/portal/files/2024_12_02.pdf,extracao_textual
2024,12,hibridos,14,LEXUS,123,0.7100,0.71,autos_e_comerciais_leves,22,https://www.fenabrave.org.br/portal/files/2024_12_02.pdf,extracao_textual
2024,12,hibridos,15,FORD,67,0.3900,0.39,autos_e_comerciais_leves,22,https://www.fenabrave.org.br/portal/files/2024_12_02.pdf,extracao_textual
2025,1,eletricos,1,BYD,2474,66.9200,66.92,autos_e_comerciais_leves,22,https://www.fenabrave.org.br/portal/files/2025_01_02.pdf,extracao_textual
2025,1,eletricos,2,VOLVO,394,10.6600,10.66,autos_e_comerciais_leves,22,https://www.fenabrave.org.br/portal/files/2025_01_02.pdf,extracao_textual
2025,1,eletricos,3,GWM,349,9.4400,9.44,autos_e_comerciais_leves,22,https://www.fenabrave.org.br/portal/files/2025_01_02.pdf,extracao_textual
2025,1,eletricos,4,RENAULT,100,2.7000,2.70,autos_e_comerciais_leves,22,https://www.fenabrave.org.br/portal/files/2025_01_02.pdf,extracao_textual
2025,1,eletricos,5,BMW,68,1.8400,1.84,autos_e_comerciais_leves,22,https://www.fenabrave.org.br/portal/files/2025_01_02.pdf,extracao_textual
2025,1,eletricos,6,ZEEKR,57,1.5400,1.54,autos_e_comerciais_leves,22,https://www.fenabrave.org.br/portal/files/2025_01_02.pdf,extracao_textual
2025,1,eletricos,7,PORSCHE,55,1.4900,1.49,autos_e_comerciais_leves,22,https://www.fenabrave.org.br/portal/files/2025_01_02.pdf,extracao_textual
2025,1,eletricos,8,MINI,40,1.0800,1.08,autos_e_comerciais_leves,22,https://www.fenabrave.org.br/portal/files/2025_01_02.pdf,extracao_textual
2025,1,eletricos,9,JAC,38,1.0300,1.03,autos_e_comerciais_leves,22,https://www.fenabrave.org.br/portal/files/2025_01_02.pdf,extracao_textual
2025,1,eletricos,10,NETA,19,0.5100,0.51,autos_e_comerciais_leves,22,https://www.fenabrave.org.br/portal/files/2025_01_02.pdf,extracao_textual
2025,1,eletricos,11,VW,16,0.4300,0.43,autos_e_comerciais_leves,22,https://www.fenabrave.org.br/portal/files/2025_01_02.pdf,extracao_textual
2025,1,eletricos,12,GM,15,0.4100,0.41,autos_e_comerciais_leves,22,https://www.fenabrave.org.br/portal/files/2025_01_02.pdf,extracao_textual
2025,1,eletricos,13,AUDI,13,0.3500,0.35,autos_e_comerciais_leves,22,https://www.fenabrave.org.br/portal/files/2025_01_02.pdf,extracao_textual
2025,1,eletricos,14,DONGFENG,10,0.2700,0.27,autos_e_comerciais_leves,22,https://www.fenabrave.org.br/portal/files/2025_01_02.pdf,extracao_textual
2025,1,eletricos,15,FORD,10,0.2700,0.27,autos_e_comerciais_leves,22,https://www.fenabrave.org.br/portal/files/2025_01_02.pdf,extracao_textual
2025,1,hibridos,1,BYD,4107,32.0900,32.09,autos_e_comerciais_leves,22,https://www.fenabrave.org.br/portal/files/2025_01_02.pdf,extracao_textual
2025,1,hibridos,2,FIAT,2883,22.5300,22.53,autos_e_comerciais_leves,22,https://www.fenabrave.org.br/portal/files/2025_01_02.pdf,extracao_textual
2025,1,hibridos,3,GWM,2241,17.5100,17.51,autos_e_comerciais_leves,22,https://www.fenabrave.org.br/portal/files/2025_01_02.pdf,extracao_textual
2025,1,hibridos,4,TOYOTA,1002,7.8300,7.83,autos_e_comerciais_leves,22,https://www.fenabrave.org.br/portal/files/2025_01_02.pdf,extracao_textual
2025,1,hibridos,5,M.BENZ,539,4.2100,4.21,autos_e_comerciais_leves,22,https://www.fenabrave.org.br/portal/files/2025_01_02.pdf,extracao_textual
2025,1,hibridos,6,HONDA,404,3.1600,3.16,autos_e_comerciais_leves,22,https://www.fenabrave.org.br/portal/files/2025_01_02.pdf,extracao_textual
2025,1,hibridos,7,CAOA CHERY,390,3.0500,3.05,autos_e_comerciais_leves,22,https://www.fenabrave.org.br/portal/files/2025_01_02.pdf,extracao_textual
2025,1,hibridos,8,VOLVO,262,2.0500,2.05,autos_e_comerciais_leves,22,https://www.fenabrave.org.br/portal/files/2025_01_02.pdf,extracao_textual
2025,1,hibridos,9,LAND ROVER,234,1.8300,1.83,autos_e_comerciais_leves,22,https://www.fenabrave.org.br/portal/files/2025_01_02.pdf,extracao_textual
2025,1,hibridos,10,BMW,200,1.5600,1.56,autos_e_comerciais_leves,22,https://www.fenabrave.org.br/portal/files/2025_01_02.pdf,extracao_textual
2025,1,hibridos,11,PORSCHE,162,1.2700,1.27,autos_e_comerciais_leves,22,https://www.fenabrave.org.br/portal/files/2025_01_02.pdf,extracao_textual
2025,1,hibridos,12,KIA,127,0.9900,0.99,autos_e_comerciais_leves,22,https://www.fenabrave.org.br/portal/files/2025_01_02.pdf,extracao_textual
2025,1,hibridos,13,AUDI,90,0.7000,0.70,autos_e_comerciais_leves,22,https://www.fenabrave.org.br/portal/files/2025_01_02.pdf,extracao_textual
2025,1,hibridos,14,LEXUS,90,0.7000,0.70,autos_e_comerciais_leves,22,https://www.fenabrave.org.br/portal/files/2025_01_02.pdf,extracao_textual
2025,1,hibridos,15,FORD,29,0.2300,0.23,autos_e_comerciais_leves,22,https://www.fenabrave.org.br/portal/files/2025_01_02.pdf,extracao_textual
2025,2,eletricos,1,BYD,3473,77.3300,77.33,autos_e_comerciais_leves,22,https://www.fenabrave.org.br/portal/files/2025_02_02.pdf,extracao_textual
2025,2,eletricos,2,VOLVO,363,8.0800,8.08,autos_e_comerciais_leves,22,https://www.fenabrave.org.br/portal/files/2025_02_02.pdf,extracao_textual
2025,2,eletricos,3,GWM,262,5.8300,5.83,autos_e_comerciais_leves,22,https://www.fenabrave.org.br/portal/files/2025_02_02.pdf,extracao_textual
2025,2,eletricos,4,BMW,66,1.4700,1.47,autos_e_comerciais_leves,22,https://www.fenabrave.org.br/portal/files/2025_02_02.pdf,extracao_textual
2025,2,eletricos,5,RENAULT,53,1.1800,1.18,autos_e_comerciais_leves,22,https://www.fenabrave.org.br/portal/files/2025_02_02.pdf,extracao_textual
2025,2,eletricos,6,ZEEKR,52,1.1600,1.16,autos_e_comerciais_leves,22,https://www.fenabrave.org.br/portal/files/2025_02_02.pdf,extracao_textual
2025,2,eletricos,7,PORSCHE,45,1.0000,1.00,autos_e_comerciais_leves,22,https://www.fenabrave.org.br/portal/files/2025_02_02.pdf,extracao_textual
2025,2,eletricos,8,JAC,40,0.8900,0.89,autos_e_comerciais_leves,22,https://www.fenabrave.org.br/portal/files/2025_02_02.pdf,extracao_textual
2025,2,eletricos,9,MINI,36,0.8000,0.80,autos_e_comerciais_leves,22,https://www.fenabrave.org.br/portal/files/2025_02_02.pdf,extracao_textual
2025,2,eletricos,10,M.BENZ,25,0.5600,0.56,autos_e_comerciais_leves,22,https://www.fenabrave.org.br/portal/files/2025_02_02.pdf,extracao_textual
2025,2,eletricos,11,AUDI,20,0.4500,0.45,autos_e_comerciais_leves,22,https://www.fenabrave.org.br/portal/files/2025_02_02.pdf,extracao_textual
2025,2,eletricos,12,FORD,13,0.2900,0.29,autos_e_comerciais_leves,22,https://www.fenabrave.org.br/portal/files/2025_02_02.pdf,extracao_textual
2025,2,eletricos,13,NETA,8,0.1800,0.18,autos_e_comerciais_leves,22,https://www.fenabrave.org.br/portal/files/2025_02_02.pdf,extracao_textual
2025,2,eletricos,14,VW,8,0.1800,0.18,autos_e_comerciais_leves,22,https://www.fenabrave.org.br/portal/files/2025_02_02.pdf,extracao_textual
2025,2,eletricos,15,GM,7,0.1600,0.16,autos_e_comerciais_leves,22,https://www.fenabrave.org.br/portal/files/2025_02_02.pdf,extracao_textual
2025,2,hibridos,1,BYD,3557,30.3000,30.30,autos_e_comerciais_leves,22,https://www.fenabrave.org.br/portal/files/2025_02_02.pdf,extracao_textual
2025,2,hibridos,2,FIAT,2122,18.0800,18.08,autos_e_comerciais_leves,22,https://www.fenabrave.org.br/portal/files/2025_02_02.pdf,extracao_textual
2025,2,hibridos,3,GWM,1747,14.8800,14.88,autos_e_comerciais_leves,22,https://www.fenabrave.org.br/portal/files/2025_02_02.pdf,extracao_textual
2025,2,hibridos,4,TOYOTA,1574,13.4100,13.41,autos_e_comerciais_leves,22,https://www.fenabrave.org.br/portal/files/2025_02_02.pdf,extracao_textual
2025,2,hibridos,5,M.BENZ,628,5.3500,5.35,autos_e_comerciais_leves,22,https://www.fenabrave.org.br/portal/files/2025_02_02.pdf,extracao_textual
2025,2,hibridos,6,HONDA,463,3.9400,3.94,autos_e_comerciais_leves,22,https://www.fenabrave.org.br/portal/files/2025_02_02.pdf,extracao_textual
2025,2,hibridos,7,CAOA CHERY,382,3.2500,3.25,autos_e_comerciais_leves,22,https://www.fenabrave.org.br/portal/files/2025_02_02.pdf,extracao_textual
2025,2,hibridos,8,VOLVO,371,3.1600,3.16,autos_e_comerciais_leves,22,https://www.fenabrave.org.br/portal/files/2025_02_02.pdf,extracao_textual
2025,2,hibridos,9,BMW,234,1.9900,1.99,autos_e_comerciais_leves,22,https://www.fenabrave.org.br/portal/files/2025_02_02.pdf,extracao_textual
2025,2,hibridos,10,LAND ROVER,187,1.5900,1.59,autos_e_comerciais_leves,22,https://www.fenabrave.org.br/portal/files/2025_02_02.pdf,extracao_textual
2025,2,hibridos,11,PORSCHE,145,1.2400,1.24,autos_e_comerciais_leves,22,https://www.fenabrave.org.br/portal/files/2025_02_02.pdf,extracao_textual
2025,2,hibridos,12,AUDI,87,0.7400,0.74,autos_e_comerciais_leves,22,https://www.fenabrave.org.br/portal/files/2025_02_02.pdf,extracao_textual
2025,2,hibridos,13,KIA,81,0.6900,0.69,autos_e_comerciais_leves,22,https://www.fenabrave.org.br/portal/files/2025_02_02.pdf,extracao_textual
2025,2,hibridos,14,LEXUS,78,0.6600,0.66,autos_e_comerciais_leves,22,https://www.fenabrave.org.br/portal/files/2025_02_02.pdf,extracao_textual
2025,2,hibridos,15,JEEP,25,0.2100,0.21,autos_e_comerciais_leves,22,https://www.fenabrave.org.br/portal/files/2025_02_02.pdf,extracao_textual
2025,3,eletricos,1,BYD,3728,77.6800,77.68,autos_e_comerciais_leves,22,https://www.fenabrave.org.br/portal/files/2025_03_02.pdf,extracao_textual
2025,3,eletricos,2,VOLVO,439,9.1500,9.15,autos_e_comerciais_leves,22,https://www.fenabrave.org.br/portal/files/2025_03_02.pdf,extracao_textual
2025,3,eletricos,3,GWM,203,4.2300,4.23,autos_e_comerciais_leves,22,https://www.fenabrave.org.br/portal/files/2025_03_02.pdf,extracao_textual
2025,3,eletricos,4,BMW,85,1.7700,1.77,autos_e_comerciais_leves,22,https://www.fenabrave.org.br/portal/files/2025_03_02.pdf,extracao_textual
2025,3,eletricos,5,RENAULT,73,1.5200,1.52,autos_e_comerciais_leves,22,https://www.fenabrave.org.br/portal/files/2025_03_02.pdf,extracao_textual
2025,3,eletricos,6,PORSCHE,55,1.1500,1.15,autos_e_comerciais_leves,22,https://www.fenabrave.org.br/portal/files/2025_03_02.pdf,extracao_textual
2025,3,eletricos,7,MINI,48,1.0000,1.00,autos_e_comerciais_leves,22,https://www.fenabrave.org.br/portal/files/2025_03_02.pdf,extracao_textual
2025,3,eletricos,8,JAC,33,0.6900,0.69,autos_e_comerciais_leves,22,https://www.fenabrave.org.br/portal/files/2025_03_02.pdf,extracao_textual
2025,3,eletricos,9,ZEEKR,32,0.6700,0.67,autos_e_comerciais_leves,22,https://www.fenabrave.org.br/portal/files/2025_03_02.pdf,extracao_textual
2025,3,eletricos,10,RIDDARA,19,0.4000,0.40,autos_e_comerciais_leves,22,https://www.fenabrave.org.br/portal/files/2025_03_02.pdf,extracao_textual
2025,3,eletricos,11,M.BENZ,16,0.3300,0.33,autos_e_comerciais_leves,22,https://www.fenabrave.org.br/portal/files/2025_03_02.pdf,extracao_textual
2025,3,eletricos,12,GM,14,0.2900,0.29,autos_e_comerciais_leves,22,https://www.fenabrave.org.br/portal/files/2025_03_02.pdf,extracao_textual
2025,3,eletricos,13,VW,11,0.2300,0.23,autos_e_comerciais_leves,22,https://www.fenabrave.org.br/portal/files/2025_03_02.pdf,extracao_textual
2025,3,eletricos,14,NETA,9,0.1900,0.19,autos_e_comerciais_leves,22,https://www.fenabrave.org.br/portal/files/2025_03_02.pdf,extracao_textual
2025,3,eletricos,15,FEVER,6,0.1300,0.13,autos_e_comerciais_leves,22,https://www.fenabrave.org.br/portal/files/2025_03_02.pdf,extracao_textual
2025,3,hibridos,1,BYD,4332,33.0600,33.06,autos_e_comerciais_leves,22,https://www.fenabrave.org.br/portal/files/2025_03_02.pdf,extracao_textual
2025,3,hibridos,2,FIAT,2395,18.2800,18.28,autos_e_comerciais_leves,22,https://www.fenabrave.org.br/portal/files/2025_03_02.pdf,extracao_textual
2025,3,hibridos,3,GWM,1889,14.4200,14.42,autos_e_comerciais_leves,22,https://www.fenabrave.org.br/portal/files/2025_03_02.pdf,extracao_textual
2025,3,hibridos,4,TOYOTA,1699,12.9700,12.97,autos_e_comerciais_leves,22,https://www.fenabrave.org.br/portal/files/2025_03_02.pdf,extracao_textual
2025,3,hibridos,5,M.BENZ,560,4.2700,4.27,autos_e_comerciais_leves,22,https://www.fenabrave.org.br/portal/files/2025_03_02.pdf,extracao_textual
2025,3,hibridos,6,CAOA CHERY,431,3.2900,3.29,autos_e_comerciais_leves,22,https://www.fenabrave.org.br/portal/files/2025_03_02.pdf,extracao_textual
2025,3,hibridos,7,HONDA,340,2.5900,2.59,autos_e_comerciais_leves,22,https://www.fenabrave.org.br/portal/files/2025_03_02.pdf,extracao_textual
2025,3,hibridos,8,VOLVO,268,2.0500,2.05,autos_e_comerciais_leves,22,https://www.fenabrave.org.br/portal/files/2025_03_02.pdf,extracao_textual
2025,3,hibridos,9,BMW,258,1.9700,1.97,autos_e_comerciais_leves,22,https://www.fenabrave.org.br/portal/files/2025_03_02.pdf,extracao_textual
2025,3,hibridos,10,PORSCHE,225,1.7200,1.72,autos_e_comerciais_leves,22,https://www.fenabrave.org.br/portal/files/2025_03_02.pdf,extracao_textual
2025,3,hibridos,11,LAND ROVER,206,1.5700,1.57,autos_e_comerciais_leves,22,https://www.fenabrave.org.br/portal/files/2025_03_02.pdf,extracao_textual
2025,3,hibridos,12,AUDI,107,0.8200,0.82,autos_e_comerciais_leves,22,https://www.fenabrave.org.br/portal/files/2025_03_02.pdf,extracao_textual
2025,3,hibridos,13,FORD,106,0.8100,0.81,autos_e_comerciais_leves,22,https://www.fenabrave.org.br/portal/files/2025_03_02.pdf,extracao_textual
2025,3,hibridos,14,KIA,99,0.7600,0.76,autos_e_comerciais_leves,22,https://www.fenabrave.org.br/portal/files/2025_03_02.pdf,extracao_textual
2025,3,hibridos,15,LEXUS,89,0.6800,0.68,autos_e_comerciais_leves,22,https://www.fenabrave.org.br/portal/files/2025_03_02.pdf,extracao_textual
2025,4,eletricos,1,BYD,3602,76.6500,76.65,autos_e_comerciais_leves,22,https://www.fenabrave.org.br/portal/files/2025_04_02.pdf,extracao_textual
2025,4,eletricos,2,VOLVO,424,9.0200,9.02,autos_e_comerciais_leves,22,https://www.fenabrave.org.br/portal/files/2025_04_02.pdf,extracao_textual
2025,4,eletricos,3,GWM,191,4.0600,4.06,autos_e_comerciais_leves,22,https://www.fenabrave.org.br/portal/files/2025_04_02.pdf,extracao_textual
2025,4,eletricos,4,RENAULT,123,2.6200,2.62,autos_e_comerciais_leves,22,https://www.fenabrave.org.br/portal/files/2025_04_02.pdf,extracao_textual
2025,4,eletricos,5,BMW,73,1.5500,1.55,autos_e_comerciais_leves,22,https://www.fenabrave.org.br/portal/files/2025_04_02.pdf,extracao_textual
2025,4,eletricos,6,JAC,69,1.4700,1.47,autos_e_comerciais_leves,22,https://www.fenabrave.org.br/portal/files/2025_04_02.pdf,extracao_textual
2025,4,eletricos,7,MINI,45,0.9600,0.96,autos_e_comerciais_leves,22,https://www.fenabrave.org.br/portal/files/2025_04_02.pdf,extracao_textual
2025,4,eletricos,8,ZEEKR,45,0.9600,0.96,autos_e_comerciais_leves,22,https://www.fenabrave.org.br/portal/files/2025_04_02.pdf,extracao_textual
2025,4,eletricos,9,PORSCHE,43,0.9200,0.92,autos_e_comerciais_leves,22,https://www.fenabrave.org.br/portal/files/2025_04_02.pdf,extracao_textual
2025,4,eletricos,10,M.BENZ,26,0.5500,0.55,autos_e_comerciais_leves,22,https://www.fenabrave.org.br/portal/files/2025_04_02.pdf,extracao_textual
2025,4,eletricos,11,OMODA,13,0.2800,0.28,autos_e_comerciais_leves,22,https://www.fenabrave.org.br/portal/files/2025_04_02.pdf,extracao_textual
2025,4,eletricos,12,FEVER,11,0.2300,0.23,autos_e_comerciais_leves,22,https://www.fenabrave.org.br/portal/files/2025_04_02.pdf,extracao_textual
2025,4,eletricos,13,GM,9,0.1900,0.19,autos_e_comerciais_leves,22,https://www.fenabrave.org.br/portal/files/2025_04_02.pdf,extracao_textual
2025,4,eletricos,14,NETA,6,0.1300,0.13,autos_e_comerciais_leves,22,https://www.fenabrave.org.br/portal/files/2025_04_02.pdf,extracao_textual
2025,4,eletricos,15,FORD,3,0.0600,0.06,autos_e_comerciais_leves,22,https://www.fenabrave.org.br/portal/files/2025_04_02.pdf,extracao_textual
2025,4,hibridos,1,BYD,4878,32.2600,32.26,autos_e_comerciais_leves,22,https://www.fenabrave.org.br/portal/files/2025_04_02.pdf,extracao_textual
2025,4,hibridos,2,FIAT,3932,26.0000,26.00,autos_e_comerciais_leves,22,https://www.fenabrave.org.br/portal/files/2025_04_02.pdf,extracao_textual
2025,4,hibridos,3,GWM,2140,14.1500,14.15,autos_e_comerciais_leves,22,https://www.fenabrave.org.br/portal/files/2025_04_02.pdf,extracao_textual
2025,4,hibridos,4,TOYOTA,1526,10.0900,10.09,autos_e_comerciais_leves,22,https://www.fenabrave.org.br/portal/files/2025_04_02.pdf,extracao_textual
2025,4,hibridos,5,M.BENZ,717,4.7400,4.74,autos_e_comerciais_leves,22,https://www.fenabrave.org.br/portal/files/2025_04_02.pdf,extracao_textual
2025,4,hibridos,6,CAOA CHERY,382,2.5300,2.53,autos_e_comerciais_leves,22,https://www.fenabrave.org.br/portal/files/2025_04_02.pdf,extracao_textual
2025,4,hibridos,7,VOLVO,367,2.4300,2.43,autos_e_comerciais_leves,22,https://www.fenabrave.org.br/portal/files/2025_04_02.pdf,extracao_textual
2025,4,hibridos,8,BMW,241,1.5900,1.59,autos_e_comerciais_leves,22,https://www.fenabrave.org.br/portal/files/2025_04_02.pdf,extracao_textual
2025,4,hibridos,9,LAND ROVER,195,1.2900,1.29,autos_e_comerciais_leves,22,https://www.fenabrave.org.br/portal/files/2025_04_02.pdf,extracao_textual
2025,4,hibridos,10,HONDA,170,1.1200,1.12,autos_e_comerciais_leves,22,https://www.fenabrave.org.br/portal/files/2025_04_02.pdf,extracao_textual
2025,4,hibridos,11,PORSCHE,150,0.9900,0.99,autos_e_comerciais_leves,22,https://www.fenabrave.org.br/portal/files/2025_04_02.pdf,extracao_textual
2025,4,hibridos,12,KIA,113,0.7500,0.75,autos_e_comerciais_leves,22,https://www.fenabrave.org.br/portal/files/2025_04_02.pdf,extracao_textual
2025,4,hibridos,13,LEXUS,104,0.6900,0.69,autos_e_comerciais_leves,22,https://www.fenabrave.org.br/portal/files/2025_04_02.pdf,extracao_textual
2025,4,hibridos,14,AUDI,69,0.4600,0.46,autos_e_comerciais_leves,22,https://www.fenabrave.org.br/portal/files/2025_04_02.pdf,extracao_textual
2025,4,hibridos,15,FORD,58,0.3800,0.38,autos_e_comerciais_leves,22,https://www.fenabrave.org.br/portal/files/2025_04_02.pdf,extracao_textual
2025,5,eletricos,1,BYD,5591,80.2800,80.28,autos_e_comerciais_leves,22,https://www.fenabrave.org.br/portal/files/2025_05_02.pdf,extracao_textual
2025,5,eletricos,2,VOLVO,514,7.3800,7.38,autos_e_comerciais_leves,22,https://www.fenabrave.org.br/portal/files/2025_05_02.pdf,extracao_textual
2025,5,eletricos,3,GWM,181,2.6000,2.60,autos_e_comerciais_leves,22,https://www.fenabrave.org.br/portal/files/2025_05_02.pdf,extracao_textual
2025,5,eletricos,4,RENAULT,175,2.5100,2.51,autos_e_comerciais_leves,22,https://www.fenabrave.org.br/portal/files/2025_05_02.pdf,extracao_textual
2025,5,eletricos,5,OMODA,123,1.7700,1.77,autos_e_comerciais_leves,22,https://www.fenabrave.org.br/portal/files/2025_05_02.pdf,extracao_textual
2025,5,eletricos,6,BMW,85,1.2200,1.22,autos_e_comerciais_leves,22,https://www.fenabrave.org.br/portal/files/2025_05_02.pdf,extracao_textual
2025,5,eletricos,7,JAC,61,0.8800,0.88,autos_e_comerciais_leves,22,https://www.fenabrave.org.br/portal/files/2025_05_02.pdf,extracao_textual
2025,5,eletricos,8,MINI,43,0.6200,0.62,autos_e_comerciais_leves,22,https://www.fenabrave.org.br/portal/files/2025_05_02.pdf,extracao_textual
2025,5,eletricos,9,ZEEKR,40,0.5700,0.57,autos_e_comerciais_leves,22,https://www.fenabrave.org.br/portal/files/2025_05_02.pdf,extracao_textual
2025,5,eletricos,10,PORSCHE,39,0.5600,0.56,autos_e_comerciais_leves,22,https://www.fenabrave.org.br/portal/files/2025_05_02.pdf,extracao_textual
2025,5,eletricos,11,AUDI,26,0.3700,0.37,autos_e_comerciais_leves,22,https://www.fenabrave.org.br/portal/files/2025_05_02.pdf,extracao_textual
2025,5,eletricos,12,VW,17,0.2400,0.24,autos_e_comerciais_leves,22,https://www.fenabrave.org.br/portal/files/2025_05_02.pdf,extracao_textual
2025,5,eletricos,13,M.BENZ,14,0.2000,0.20,autos_e_comerciais_leves,22,https://www.fenabrave.org.br/portal/files/2025_05_02.pdf,extracao_textual
2025,5,eletricos,14,FORD,10,0.1400,0.14,autos_e_comerciais_leves,22,https://www.fenabrave.org.br/portal/files/2025_05_02.pdf,extracao_textual
2025,5,eletricos,15,DONGFENG,6,0.0900,0.09,autos_e_comerciais_leves,22,https://www.fenabrave.org.br/portal/files/2025_05_02.pdf,extracao_textual
2025,5,hibridos,1,FIAT,4298,28.0800,28.08,autos_e_comerciais_leves,22,https://www.fenabrave.org.br/portal/files/2025_05_02.pdf,extracao_textual
2025,5,hibridos,2,BYD,3803,24.8500,24.85,autos_e_comerciais_leves,22,https://www.fenabrave.org.br/portal/files/2025_05_02.pdf,extracao_textual
2025,5,hibridos,3,GWM,3035,19.8300,19.83,autos_e_comerciais_leves,22,https://www.fenabrave.org.br/portal/files/2025_05_02.pdf,extracao_textual
2025,5,hibridos,4,TOYOTA,1273,8.3200,8.32,autos_e_comerciais_leves,22,https://www.fenabrave.org.br/portal/files/2025_05_02.pdf,extracao_textual
2025,5,hibridos,5,M.BENZ,807,5.2700,5.27,autos_e_comerciais_leves,22,https://www.fenabrave.org.br/portal/files/2025_05_02.pdf,extracao_textual
2025,5,hibridos,6,CAOA CHERY,557,3.6400,3.64,autos_e_comerciais_leves,22,https://www.fenabrave.org.br/portal/files/2025_05_02.pdf,extracao_textual
2025,5,hibridos,7,VOLVO,276,1.8000,1.80,autos_e_comerciais_leves,22,https://www.fenabrave.org.br/portal/files/2025_05_02.pdf,extracao_textual
2025,5,hibridos,8,JAECOO,275,1.8000,1.80,autos_e_comerciais_leves,22,https://www.fenabrave.org.br/portal/files/2025_05_02.pdf,extracao_textual
2025,5,hibridos,9,BMW,249,1.6300,1.63,autos_e_comerciais_leves,22,https://www.fenabrave.org.br/portal/files/2025_05_02.pdf,extracao_textual
2025,5,hibridos,10,LAND ROVER,174,1.1400,1.14,autos_e_comerciais_leves,22,https://www.fenabrave.org.br/portal/files/2025_05_02.pdf,extracao_textual
2025,5,hibridos,11,PORSCHE,154,1.0100,1.01,autos_e_comerciais_leves,22,https://www.fenabrave.org.br/portal/files/2025_05_02.pdf,extracao_textual
2025,5,hibridos,12,HONDA,119,0.7800,0.78,autos_e_comerciais_leves,22,https://www.fenabrave.org.br/portal/files/2025_05_02.pdf,extracao_textual
2025,5,hibridos,13,LEXUS,98,0.6400,0.64,autos_e_comerciais_leves,22,https://www.fenabrave.org.br/portal/files/2025_05_02.pdf,extracao_textual
2025,5,hibridos,14,KIA,65,0.4200,0.42,autos_e_comerciais_leves,22,https://www.fenabrave.org.br/portal/files/2025_05_02.pdf,extracao_textual
2025,5,hibridos,15,AUDI,53,0.3500,0.35,autos_e_comerciais_leves,22,https://www.fenabrave.org.br/portal/files/2025_05_02.pdf,extracao_textual
2025,6,eletricos,1,BYD,4475,75.6900,75.69,autos_e_comerciais_leves,22,https://www.fenabrave.org.br/portal/files/2025_06_02.pdf,extracao_textual
2025,6,eletricos,2,VOLVO,464,7.8500,7.85,autos_e_comerciais_leves,22,https://www.fenabrave.org.br/portal/files/2025_06_02.pdf,extracao_textual
2025,6,eletricos,3,RENAULT,214,3.6200,3.62,autos_e_comerciais_leves,22,https://www.fenabrave.org.br/portal/files/2025_06_02.pdf,extracao_textual
2025,6,eletricos,4,GWM,183,3.1000,3.10,autos_e_comerciais_leves,22,https://www.fenabrave.org.br/portal/files/2025_06_02.pdf,extracao_textual
2025,6,eletricos,5,BMW,104,1.7600,1.76,autos_e_comerciais_leves,22,https://www.fenabrave.org.br/portal/files/2025_06_02.pdf,extracao_textual
2025,6,eletricos,6,OMODA,99,1.6700,1.67,autos_e_comerciais_leves,22,https://www.fenabrave.org.br/portal/files/2025_06_02.pdf,extracao_textual
2025,6,eletricos,7,JAC,72,1.2200,1.22,autos_e_comerciais_leves,22,https://www.fenabrave.org.br/portal/files/2025_06_02.pdf,extracao_textual
2025,6,eletricos,8,GAC,64,1.0800,1.08,autos_e_comerciais_leves,22,https://www.fenabrave.org.br/portal/files/2025_06_02.pdf,extracao_textual
2025,6,eletricos,9,M.BENZ,51,0.8600,0.86,autos_e_comerciais_leves,22,https://www.fenabrave.org.br/portal/files/2025_06_02.pdf,extracao_textual
2025,6,eletricos,10,MINI,39,0.6600,0.66,autos_e_comerciais_leves,22,https://www.fenabrave.org.br/portal/files/2025_06_02.pdf,extracao_textual
2025,6,eletricos,11,ZEEKR,35,0.5900,0.59,autos_e_comerciais_leves,22,https://www.fenabrave.org.br/portal/files/2025_06_02.pdf,extracao_textual
2025,6,eletricos,12,PORSCHE,31,0.5200,0.52,autos_e_comerciais_leves,22,https://www.fenabrave.org.br/portal/files/2025_06_02.pdf,extracao_textual
2025,6,eletricos,13,AUDI,22,0.3700,0.37,autos_e_comerciais_leves,22,https://www.fenabrave.org.br/portal/files/2025_06_02.pdf,extracao_textual
2025,6,eletricos,14,GM,17,0.2900,0.29,autos_e_comerciais_leves,22,https://www.fenabrave.org.br/portal/files/2025_06_02.pdf,extracao_textual
2025,6,eletricos,15,NETA,12,0.2000,0.20,autos_e_comerciais_leves,22,https://www.fenabrave.org.br/portal/files/2025_06_02.pdf,extracao_textual
2025,6,hibridos,1,FIAT,4348,28.2000,28.20,autos_e_comerciais_leves,22,https://www.fenabrave.org.br/portal/files/2025_06_02.pdf,extracao_textual
2025,6,hibridos,2,BYD,3688,23.9200,23.92,autos_e_comerciais_leves,22,https://www.fenabrave.org.br/portal/files/2025_06_02.pdf,extracao_textual
2025,6,hibridos,3,GWM,2838,18.4000,18.40,autos_e_comerciais_leves,22,https://www.fenabrave.org.br/portal/files/2025_06_02.pdf,extracao_textual
2025,6,hibridos,4,TOYOTA,1254,8.1300,8.13,autos_e_comerciais_leves,22,https://www.fenabrave.org.br/portal/files/2025_06_02.pdf,extracao_textual
2025,6,hibridos,5,M.BENZ,788,5.1100,5.11,autos_e_comerciais_leves,22,https://www.fenabrave.org.br/portal/files/2025_06_02.pdf,extracao_textual
2025,6,hibridos,6,CAOA CHERY,573,3.7200,3.72,autos_e_comerciais_leves,22,https://www.fenabrave.org.br/portal/files/2025_06_02.pdf,extracao_textual
2025,6,hibridos,7,JAECOO,381,2.4700,2.47,autos_e_comerciais_leves,22,https://www.fenabrave.org.br/portal/files/2025_06_02.pdf,extracao_textual
2025,6,hibridos,8,VOLVO,330,2.1400,2.14,autos_e_comerciais_leves,22,https://www.fenabrave.org.br/portal/files/2025_06_02.pdf,extracao_textual
2025,6,hibridos,9,BMW,268,1.7400,1.74,autos_e_comerciais_leves,22,https://www.fenabrave.org.br/portal/files/2025_06_02.pdf,extracao_textual
2025,6,hibridos,10,LAND ROVER,205,1.3300,1.33,autos_e_comerciais_leves,22,https://www.fenabrave.org.br/portal/files/2025_06_02.pdf,extracao_textual
2025,6,hibridos,11,PORSCHE,171,1.1100,1.11,autos_e_comerciais_leves,22,https://www.fenabrave.org.br/portal/files/2025_06_02.pdf,extracao_textual
2025,6,hibridos,12,MITSUBISHI,128,0.8300,0.83,autos_e_comerciais_leves,22,https://www.fenabrave.org.br/portal/files/2025_06_02.pdf,extracao_textual
2025,6,hibridos,13,HONDA,103,0.6700,0.67,autos_e_comerciais_leves,22,https://www.fenabrave.org.br/portal/files/2025_06_02.pdf,extracao_textual
2025,6,hibridos,14,LEXUS,97,0.6300,0.63,autos_e_comerciais_leves,22,https://www.fenabrave.org.br/portal/files/2025_06_02.pdf,extracao_textual
2025,6,hibridos,15,AUDI,60,0.3900,0.39,autos_e_comerciais_leves,22,https://www.fenabrave.org.br/portal/files/2025_06_02.pdf,extracao_textual
2025,7,eletricos,1,BYD,5487,78.5900,78.59,autos_e_comerciais_leves,22,https://www.fenabrave.org.br/portal/files/2025_07_02.pdf,extracao_textual
2025,7,eletricos,2,VOLVO,329,4.7100,4.71,autos_e_comerciais_leves,22,https://www.fenabrave.org.br/portal/files/2025_07_02.pdf,extracao_textual
2025,7,eletricos,3,GAC,271,3.8800,3.88,autos_e_comerciais_leves,22,https://www.fenabrave.org.br/portal/files/2025_07_02.pdf,extracao_textual
2025,7,eletricos,4,GWM,191,2.7400,2.74,autos_e_comerciais_leves,22,https://www.fenabrave.org.br/portal/files/2025_07_02.pdf,extracao_textual
2025,7,eletricos,5,RENAULT,182,2.6100,2.61,autos_e_comerciais_leves,22,https://www.fenabrave.org.br/portal/files/2025_07_02.pdf,extracao_textual
2025,7,eletricos,6,OMODA JAECOO,101,1.4500,1.45,autos_e_comerciais_leves,22,https://www.fenabrave.org.br/portal/files/2025_07_02.pdf,extracao_textual
2025,7,eletricos,7,BMW,98,1.4000,1.40,autos_e_comerciais_leves,22,https://www.fenabrave.org.br/portal/files/2025_07_02.pdf,extracao_textual
2025,7,eletricos,8,JAC,74,1.0600,1.06,autos_e_comerciais_leves,22,https://www.fenabrave.org.br/portal/files/2025_07_02.pdf,extracao_textual
2025,7,eletricos,9,MINI,49,0.7000,0.70,autos_e_comerciais_leves,22,https://www.fenabrave.org.br/portal/files/2025_07_02.pdf,extracao_textual
2025,7,eletricos,10,PORSCHE,31,0.4400,0.44,autos_e_comerciais_leves,22,https://www.fenabrave.org.br/portal/files/2025_07_02.pdf,extracao_textual
2025,7,eletricos,11,ZEEKR,29,0.4200,0.42,autos_e_comerciais_leves,22,https://www.fenabrave.org.br/portal/files/2025_07_02.pdf,extracao_textual
2025,7,eletricos,12,GEELY,28,0.4000,0.40,autos_e_comerciais_leves,22,https://www.fenabrave.org.br/portal/files/2025_07_02.pdf,extracao_textual
2025,7,eletricos,13,VW,27,0.3900,0.39,autos_e_comerciais_leves,22,https://www.fenabrave.org.br/portal/files/2025_07_02.pdf,extracao_textual
2025,7,eletricos,14,AUDI,18,0.2600,0.26,autos_e_comerciais_leves,22,https://www.fenabrave.org.br/portal/files/2025_07_02.pdf,extracao_textual
2025,7,eletricos,15,M.BENZ,15,0.2100,0.21,autos_e_comerciais_leves,22,https://www.fenabrave.org.br/portal/files/2025_07_02.pdf,extracao_textual
2025,7,hibridos,1,FIAT,4690,25.8200,25.82,autos_e_comerciais_leves,22,https://www.fenabrave.org.br/portal/files/2025_07_02.pdf,extracao_textual
2025,7,hibridos,2,BYD,4204,23.1500,23.15,autos_e_comerciais_leves,22,https://www.fenabrave.org.br/portal/files/2025_07_02.pdf,extracao_textual
2025,7,hibridos,3,GWM,3741,20.6000,20.60,autos_e_comerciais_leves,22,https://www.fenabrave.org.br/portal/files/2025_07_02.pdf,extracao_textual
2025,7,hibridos,4,TOYOTA,1352,7.4400,7.44,autos_e_comerciais_leves,22,https://www.fenabrave.org.br/portal/files/2025_07_02.pdf,extracao_textual
2025,7,hibridos,5,M.BENZ,725,3.9900,3.99,autos_e_comerciais_leves,22,https://www.fenabrave.org.br/portal/files/2025_07_02.pdf,extracao_textual
2025,7,hibridos,6,OMODA JAECOO,620,3.4100,3.41,autos_e_comerciais_leves,22,https://www.fenabrave.org.br/portal/files/2025_07_02.pdf,extracao_textual
2025,7,hibridos,7,CAOA CHERY,596,3.2800,3.28,autos_e_comerciais_leves,22,https://www.fenabrave.org.br/portal/files/2025_07_02.pdf,extracao_textual
2025,7,hibridos,8,VOLVO,402,2.2100,2.21,autos_e_comerciais_leves,22,https://www.fenabrave.org.br/portal/files/2025_07_02.pdf,extracao_textual
2025,7,hibridos,9,GAC,367,2.0200,2.02,autos_e_comerciais_leves,22,https://www.fenabrave.org.br/portal/files/2025_07_02.pdf,extracao_textual
2025,7,hibridos,10,BMW,261,1.4400,1.44,autos_e_comerciais_leves,22,https://www.fenabrave.org.br/portal/files/2025_07_02.pdf,extracao_textual
2025,7,hibridos,11,MITSUBISHI,261,1.4400,1.44,autos_e_comerciais_leves,22,https://www.fenabrave.org.br/portal/files/2025_07_02.pdf,extracao_textual
2025,7,hibridos,12,LAND ROVER,234,1.2900,1.29,autos_e_comerciais_leves,22,https://www.fenabrave.org.br/portal/files/2025_07_02.pdf,extracao_textual
2025,7,hibridos,13,PORSCHE,176,0.9700,0.97,autos_e_comerciais_leves,22,https://www.fenabrave.org.br/portal/files/2025_07_02.pdf,extracao_textual
2025,7,hibridos,14,LEXUS,121,0.6700,0.67,autos_e_comerciais_leves,22,https://www.fenabrave.org.br/portal/files/2025_07_02.pdf,extracao_textual
2025,7,hibridos,15,KIA,94,0.5200,0.52,autos_e_comerciais_leves,22,https://www.fenabrave.org.br/portal/files/2025_07_02.pdf,extracao_textual
2025,8,eletricos,1,BYD,5649,74.3000,74.30,autos_e_comerciais_leves,22,https://www.fenabrave.org.br/portal/files/2025_08_02.pdf,extracao_textual
2025,8,eletricos,2,VOLVO,375,4.9300,4.93,autos_e_comerciais_leves,22,https://www.fenabrave.org.br/portal/files/2025_08_02.pdf,extracao_textual
2025,8,eletricos,3,GWM,320,4.2100,4.21,autos_e_comerciais_leves,22,https://www.fenabrave.org.br/portal/files/2025_08_02.pdf,extracao_textual
2025,8,eletricos,4,GM,317,4.1700,4.17,autos_e_comerciais_leves,22,https://www.fenabrave.org.br/portal/files/2025_08_02.pdf,extracao_textual
2025,8,eletricos,5,GAC,242,3.1800,3.18,autos_e_comerciais_leves,22,https://www.fenabrave.org.br/portal/files/2025_08_02.pdf,extracao_textual
2025,8,eletricos,6,RENAULT,164,2.1600,2.16,autos_e_comerciais_leves,22,https://www.fenabrave.org.br/portal/files/2025_08_02.pdf,extracao_textual
2025,8,eletricos,7,GEELY,159,2.0900,2.09,autos_e_comerciais_leves,22,https://www.fenabrave.org.br/portal/files/2025_08_02.pdf,extracao_textual
2025,8,eletricos,8,OMODA JAECOO,85,1.1200,1.12,autos_e_comerciais_leves,22,https://www.fenabrave.org.br/portal/files/2025_08_02.pdf,extracao_textual
2025,8,eletricos,9,ZEEKR,60,0.7900,0.79,autos_e_comerciais_leves,22,https://www.fenabrave.org.br/portal/files/2025_08_02.pdf,extracao_textual
2025,8,eletricos,10,BMW,59,0.7800,0.78,autos_e_comerciais_leves,22,https://www.fenabrave.org.br/portal/files/2025_08_02.pdf,extracao_textual
2025,8,eletricos,11,MINI,44,0.5800,0.58,autos_e_comerciais_leves,22,https://www.fenabrave.org.br/portal/files/2025_08_02.pdf,extracao_textual
2025,8,eletricos,12,NETA,28,0.3700,0.37,autos_e_comerciais_leves,22,https://www.fenabrave.org.br/portal/files/2025_08_02.pdf,extracao_textual
2025,8,eletricos,13,PORSCHE,24,0.3200,0.32,autos_e_comerciais_leves,22,https://www.fenabrave.org.br/portal/files/2025_08_02.pdf,extracao_textual
2025,8,eletricos,14,NISSAN,23,0.3000,0.30,autos_e_comerciais_leves,22,https://www.fenabrave.org.br/portal/files/2025_08_02.pdf,extracao_textual
2025,8,eletricos,15,JAC,11,0.1400,0.14,autos_e_comerciais_leves,22,https://www.fenabrave.org.br/portal/files/2025_08_02.pdf,extracao_textual
2025,8,hibridos,1,BYD,4163,23.5300,23.53,autos_e_comerciais_leves,22,https://www.fenabrave.org.br/portal/files/2025_08_02.pdf,extracao_textual
2025,8,hibridos,2,FIAT,3576,20.2100,20.21,autos_e_comerciais_leves,22,https://www.fenabrave.org.br/portal/files/2025_08_02.pdf,extracao_textual
2025,8,hibridos,3,GWM,3405,19.2400,19.24,autos_e_comerciais_leves,22,https://www.fenabrave.org.br/portal/files/2025_08_02.pdf,extracao_textual
2025,8,hibridos,4,TOYOTA,2470,13.9600,13.96,autos_e_comerciais_leves,22,https://www.fenabrave.org.br/portal/files/2025_08_02.pdf,extracao_textual
2025,8,hibridos,5,M.BENZ,708,4.0000,4.00,autos_e_comerciais_leves,22,https://www.fenabrave.org.br/portal/files/2025_08_02.pdf,extracao_textual
2025,8,hibridos,6,OMODA JAECOO,635,3.5900,3.59,autos_e_comerciais_leves,22,https://www.fenabrave.org.br/portal/files/2025_08_02.pdf,extracao_textual
2025,8,hibridos,7,CAOA CHERY,539,3.0500,3.05,autos_e_comerciais_leves,22,https://www.fenabrave.org.br/portal/files/2025_08_02.pdf,extracao_textual
2025,8,hibridos,8,VOLVO,437,2.4700,2.47,autos_e_comerciais_leves,22,https://www.fenabrave.org.br/portal/files/2025_08_02.pdf,extracao_textual
2025,8,hibridos,9,BMW,317,1.7900,1.79,autos_e_comerciais_leves,22,https://www.fenabrave.org.br/portal/files/2025_08_02.pdf,extracao_textual
2025,8,hibridos,10,GAC,297,1.6800,1.68,autos_e_comerciais_leves,22,https://www.fenabrave.org.br/portal/files/2025_08_02.pdf,extracao_textual
2025,8,hibridos,11,LAND ROVER,232,1.3100,1.31,autos_e_comerciais_leves,22,https://www.fenabrave.org.br/portal/files/2025_08_02.pdf,extracao_textual
2025,8,hibridos,12,MITSUBISHI,161,0.9100,0.91,autos_e_comerciais_leves,22,https://www.fenabrave.org.br/portal/files/2025_08_02.pdf,extracao_textual
2025,8,hibridos,13,PORSCHE,146,0.8300,0.83,autos_e_comerciais_leves,22,https://www.fenabrave.org.br/portal/files/2025_08_02.pdf,extracao_textual
2025,8,hibridos,14,LEXUS,116,0.6600,0.66,autos_e_comerciais_leves,22,https://www.fenabrave.org.br/portal/files/2025_08_02.pdf,extracao_textual
2025,8,hibridos,15,HYUNDAI,106,0.6000,0.60,autos_e_comerciais_leves,22,https://www.fenabrave.org.br/portal/files/2025_08_02.pdf,extracao_textual
2025,9,eletricos,1,BYD,5687,70.8300,70.83,autos_e_comerciais_leves,22,https://www.fenabrave.org.br/portal/files/2025_09_02.pdf,extracao_textual
2025,9,eletricos,2,VOLVO,430,5.3600,5.36,autos_e_comerciais_leves,22,https://www.fenabrave.org.br/portal/files/2025_09_02.pdf,extracao_textual
2025,9,eletricos,3,GWM,429,5.3400,5.34,autos_e_comerciais_leves,22,https://www.fenabrave.org.br/portal/files/2025_09_02.pdf,extracao_textual
2025,9,eletricos,4,GM,421,5.2400,5.24,autos_e_comerciais_leves,22,https://www.fenabrave.org.br/portal/files/2025_09_02.pdf,extracao_textual
2025,9,eletricos,5,GEELY,196,2.4400,2.44,autos_e_comerciais_leves,22,https://www.fenabrave.org.br/portal/files/2025_09_02.pdf,extracao_textual
2025,9,eletricos,6,GAC,194,2.4200,2.42,autos_e_comerciais_leves,22,https://www.fenabrave.org.br/portal/files/2025_09_02.pdf,extracao_textual
2025,9,eletricos,7,OMODA JAECOO,98,1.2200,1.22,autos_e_comerciais_leves,22,https://www.fenabrave.org.br/portal/files/2025_09_02.pdf,extracao_textual
2025,9,eletricos,8,ZEEKR,92,1.1500,1.15,autos_e_comerciais_leves,22,https://www.fenabrave.org.br/portal/files/2025_09_02.pdf,extracao_textual
2025,9,eletricos,9,BMW,87,1.0800,1.08,autos_e_comerciais_leves,22,https://www.fenabrave.org.br/portal/files/2025_09_02.pdf,extracao_textual
2025,9,eletricos,10,NISSAN,77,0.9600,0.96,autos_e_comerciais_leves,22,https://www.fenabrave.org.br/portal/files/2025_09_02.pdf,extracao_textual
2025,9,eletricos,11,RENAULT,75,0.9300,0.93,autos_e_comerciais_leves,22,https://www.fenabrave.org.br/portal/files/2025_09_02.pdf,extracao_textual
2025,9,eletricos,12,JAC,58,0.7200,0.72,autos_e_comerciais_leves,22,https://www.fenabrave.org.br/portal/files/2025_09_02.pdf,extracao_textual
2025,9,eletricos,13,MINI,46,0.5700,0.57,autos_e_comerciais_leves,22,https://www.fenabrave.org.br/portal/files/2025_09_02.pdf,extracao_textual
2025,9,eletricos,14,PORSCHE,31,0.3900,0.39,autos_e_comerciais_leves,22,https://www.fenabrave.org.br/portal/files/2025_09_02.pdf,extracao_textual
2025,9,eletricos,15,AUDI,26,0.3200,0.32,autos_e_comerciais_leves,22,https://www.fenabrave.org.br/portal/files/2025_09_02.pdf,extracao_textual
2025,9,hibridos,1,BYD,4333,22.7000,22.70,autos_e_comerciais_leves,22,https://www.fenabrave.org.br/portal/files/2025_09_02.pdf,extracao_textual
2025,9,hibridos,2,FIAT,4011,21.0100,21.01,autos_e_comerciais_leves,22,https://www.fenabrave.org.br/portal/files/2025_09_02.pdf,extracao_textual
2025,9,hibridos,3,GWM,3232,16.9300,16.93,autos_e_comerciais_leves,22,https://www.fenabrave.org.br/portal/files/2025_09_02.pdf,extracao_textual
2025,9,hibridos,4,TOYOTA,3038,15.9100,15.91,autos_e_comerciais_leves,22,https://www.fenabrave.org.br/portal/files/2025_09_02.pdf,extracao_textual
2025,9,hibridos,5,M.BENZ,833,4.3600,4.36,autos_e_comerciais_leves,22,https://www.fenabrave.org.br/portal/files/2025_09_02.pdf,extracao_textual
2025,9,hibridos,6,OMODA JAECOO,740,3.8800,3.88,autos_e_comerciais_leves,22,https://www.fenabrave.org.br/portal/files/2025_09_02.pdf,extracao_textual
2025,9,hibridos,7,VOLVO,472,2.4700,2.47,autos_e_comerciais_leves,22,https://www.fenabrave.org.br/portal/files/2025_09_02.pdf,extracao_textual
2025,9,hibridos,8,CAOA CHERY,433,2.2700,2.27,autos_e_comerciais_leves,22,https://www.fenabrave.org.br/portal/files/2025_09_02.pdf,extracao_textual
2025,9,hibridos,9,GAC,374,1.9600,1.96,autos_e_comerciais_leves,22,https://www.fenabrave.org.br/portal/files/2025_09_02.pdf,extracao_textual
2025,9,hibridos,10,PEUGEOT,330,1.7300,1.73,autos_e_comerciais_leves,22,https://www.fenabrave.org.br/portal/files/2025_09_02.pdf,extracao_textual
2025,9,hibridos,11,BMW,294,1.5400,1.54,autos_e_comerciais_leves,22,https://www.fenabrave.org.br/portal/files/2025_09_02.pdf,extracao_textual
2025,9,hibridos,12,PORSCHE,190,1.0000,1.00,autos_e_comerciais_leves,22,https://www.fenabrave.org.br/portal/files/2025_09_02.pdf,extracao_textual
2025,9,hibridos,13,LAND ROVER,173,0.9100,0.91,autos_e_comerciais_leves,22,https://www.fenabrave.org.br/portal/files/2025_09_02.pdf,extracao_textual
2025,9,hibridos,14,MITSUBISHI,157,0.8200,0.82,autos_e_comerciais_leves,22,https://www.fenabrave.org.br/portal/files/2025_09_02.pdf,extracao_textual
2025,9,hibridos,15,HONDA,129,0.6800,0.68,autos_e_comerciais_leves,22,https://www.fenabrave.org.br/portal/files/2025_09_02.pdf,extracao_textual
2025,10,eletricos,1,BYD,5391,68.2200,68.22,autos_e_comerciais_leves,22,https://www.fenabrave.org.br/portal/files/2025_10_02.pdf,extracao_textual
2025,10,eletricos,2,VOLVO,505,6.3900,6.39,autos_e_comerciais_leves,22,https://www.fenabrave.org.br/portal/files/2025_10_02.pdf,extracao_textual
2025,10,eletricos,3,GM,492,6.2300,6.23,autos_e_comerciais_leves,22,https://www.fenabrave.org.br/portal/files/2025_10_02.pdf,extracao_textual
2025,10,eletricos,4,GWM,343,4.3400,4.34,autos_e_comerciais_leves,22,https://www.fenabrave.org.br/portal/files/2025_10_02.pdf,extracao_textual
2025,10,eletricos,5,GEELY,265,3.3500,3.35,autos_e_comerciais_leves,22,https://www.fenabrave.org.br/portal/files/2025_10_02.pdf,extracao_textual
2025,10,eletricos,6,GAC,218,2.7600,2.76,autos_e_comerciais_leves,22,https://www.fenabrave.org.br/portal/files/2025_10_02.pdf,extracao_textual
2025,10,eletricos,7,RENAULT,127,1.6100,1.61,autos_e_comerciais_leves,22,https://www.fenabrave.org.br/portal/files/2025_10_02.pdf,extracao_textual
2025,10,eletricos,8,OMODA JAECOO,83,1.0500,1.05,autos_e_comerciais_leves,22,https://www.fenabrave.org.br/portal/files/2025_10_02.pdf,extracao_textual
2025,10,eletricos,9,BMW,71,0.9000,0.90,autos_e_comerciais_leves,22,https://www.fenabrave.org.br/portal/files/2025_10_02.pdf,extracao_textual
2025,10,eletricos,10,NETA,57,0.7200,0.72,autos_e_comerciais_leves,22,https://www.fenabrave.org.br/portal/files/2025_10_02.pdf,extracao_textual
2025,10,eletricos,11,MINI,49,0.6200,0.62,autos_e_comerciais_leves,22,https://www.fenabrave.org.br/portal/files/2025_10_02.pdf,extracao_textual
2025,10,eletricos,12,ZEEKR,48,0.6100,0.61,autos_e_comerciais_leves,22,https://www.fenabrave.org.br/portal/files/2025_10_02.pdf,extracao_textual
2025,10,eletricos,13,LEAPMOTOR,47,0.5900,0.59,autos_e_comerciais_leves,22,https://www.fenabrave.org.br/portal/files/2025_10_02.pdf,extracao_textual
2025,10,eletricos,14,RADAR,44,0.5600,0.56,autos_e_comerciais_leves,22,https://www.fenabrave.org.br/portal/files/2025_10_02.pdf,extracao_textual
2025,10,eletricos,15,PORSCHE,42,0.5300,0.53,autos_e_comerciais_leves,22,https://www.fenabrave.org.br/portal/files/2025_10_02.pdf,extracao_textual
2025,10,hibridos,1,BYD,4802,24.1900,24.19,autos_e_comerciais_leves,22,https://www.fenabrave.org.br/portal/files/2025_10_02.pdf,extracao_textual
2025,10,hibridos,2,GWM,3995,20.1300,20.13,autos_e_comerciais_leves,22,https://www.fenabrave.org.br/portal/files/2025_10_02.pdf,extracao_textual
2025,10,hibridos,3,FIAT,3938,19.8400,19.84,autos_e_comerciais_leves,22,https://www.fenabrave.org.br/portal/files/2025_10_02.pdf,extracao_textual
2025,10,hibridos,4,TOYOTA,1884,9.4900,9.49,autos_e_comerciais_leves,22,https://www.fenabrave.org.br/portal/files/2025_10_02.pdf,extracao_textual
2025,10,hibridos,5,M.BENZ,962,4.8500,4.85,autos_e_comerciais_leves,22,https://www.fenabrave.org.br/portal/files/2025_10_02.pdf,extracao_textual
2025,10,hibridos,6,OMODA JAECOO,778,3.9200,3.92,autos_e_comerciais_leves,22,https://www.fenabrave.org.br/portal/files/2025_10_02.pdf,extracao_textual
2025,10,hibridos,7,CAOA CHERY,688,3.4700,3.47,autos_e_comerciais_leves,22,https://www.fenabrave.org.br/portal/files/2025_10_02.pdf,extracao_textual
2025,10,hibridos,8,PEUGEOT,495,2.4900,2.49,autos_e_comerciais_leves,22,https://www.fenabrave.org.br/portal/files/2025_10_02.pdf,extracao_textual
2025,10,hibridos,9,VOLVO,473,2.3800,2.38,autos_e_comerciais_leves,22,https://www.fenabrave.org.br/portal/files/2025_10_02.pdf,extracao_textual
2025,10,hibridos,10,GAC,381,1.9200,1.92,autos_e_comerciais_leves,22,https://www.fenabrave.org.br/portal/files/2025_10_02.pdf,extracao_textual
2025,10,hibridos,11,BMW,365,1.8400,1.84,autos_e_comerciais_leves,22,https://www.fenabrave.org.br/portal/files/2025_10_02.pdf,extracao_textual
2025,10,hibridos,12,PORSCHE,212,1.0700,1.07,autos_e_comerciais_leves,22,https://www.fenabrave.org.br/portal/files/2025_10_02.pdf,extracao_textual
2025,10,hibridos,13,LAND ROVER,173,0.8700,0.87,autos_e_comerciais_leves,22,https://www.fenabrave.org.br/portal/files/2025_10_02.pdf,extracao_textual
2025,10,hibridos,14,LEXUS,139,0.7000,0.70,autos_e_comerciais_leves,22,https://www.fenabrave.org.br/portal/files/2025_10_02.pdf,extracao_textual
2025,10,hibridos,15,MITSUBISHI,120,0.6000,0.60,autos_e_comerciais_leves,22,https://www.fenabrave.org.br/portal/files/2025_10_02.pdf,extracao_textual
2025,11,eletricos,1,BYD,4485,62.0200,62.02,autos_e_comerciais_leves,22,https://www.fenabrave.org.br/portal/files/2025_11_02.pdf,extracao_textual
2025,11,eletricos,2,GEELY,985,13.6200,13.62,autos_e_comerciais_leves,22,https://www.fenabrave.org.br/portal/files/2025_11_02.pdf,extracao_textual
2025,11,eletricos,3,VOLVO,350,4.8400,4.84,autos_e_comerciais_leves,22,https://www.fenabrave.org.br/portal/files/2025_11_02.pdf,extracao_textual
2025,11,eletricos,4,GM,296,4.0900,4.09,autos_e_comerciais_leves,22,https://www.fenabrave.org.br/portal/files/2025_11_02.pdf,extracao_textual
2025,11,eletricos,5,RENAULT,296,4.0900,4.09,autos_e_comerciais_leves,22,https://www.fenabrave.org.br/portal/files/2025_11_02.pdf,extracao_textual
2025,11,eletricos,6,GWM,214,2.9600,2.96,autos_e_comerciais_leves,22,https://www.fenabrave.org.br/portal/files/2025_11_02.pdf,extracao_textual
2025,11,eletricos,7,GAC,186,2.5700,2.57,autos_e_comerciais_leves,22,https://www.fenabrave.org.br/portal/files/2025_11_02.pdf,extracao_textual
2025,11,eletricos,8,BMW,78,1.0800,1.08,autos_e_comerciais_leves,22,https://www.fenabrave.org.br/portal/files/2025_11_02.pdf,extracao_textual
2025,11,eletricos,9,OMODA JAECOO,67,0.9300,0.93,autos_e_comerciais_leves,22,https://www.fenabrave.org.br/portal/files/2025_11_02.pdf,extracao_textual
2025,11,eletricos,10,JAC,65,0.9000,0.90,autos_e_comerciais_leves,22,https://www.fenabrave.org.br/portal/files/2025_11_02.pdf,extracao_textual
2025,11,eletricos,11,AUDI,37,0.5100,0.51,autos_e_comerciais_leves,22,https://www.fenabrave.org.br/portal/files/2025_11_02.pdf,extracao_textual
2025,11,eletricos,12,PORSCHE,36,0.5000,0.50,autos_e_comerciais_leves,22,https://www.fenabrave.org.br/portal/files/2025_11_02.pdf,extracao_textual
2025,11,eletricos,13,MINI,33,0.4600,0.46,autos_e_comerciais_leves,22,https://www.fenabrave.org.br/portal/files/2025_11_02.pdf,extracao_textual
2025,11,eletricos,14,NETA,22,0.3000,0.30,autos_e_comerciais_leves,22,https://www.fenabrave.org.br/portal/files/2025_11_02.pdf,extracao_textual
2025,11,eletricos,15,ZEEKR,21,0.2900,0.29,autos_e_comerciais_leves,22,https://www.fenabrave.org.br/portal/files/2025_11_02.pdf,extracao_textual
2025,11,hibridos,1,BYD,5322,28.1800,28.18,autos_e_comerciais_leves,22,https://www.fenabrave.org.br/portal/files/2025_11_02.pdf,extracao_textual
2025,11,hibridos,2,GWM,3809,20.1700,20.17,autos_e_comerciais_leves,22,https://www.fenabrave.org.br/portal/files/2025_11_02.pdf,extracao_textual
2025,11,hibridos,3,FIAT,2986,15.8100,15.81,autos_e_comerciais_leves,22,https://www.fenabrave.org.br/portal/files/2025_11_02.pdf,extracao_textual
2025,11,hibridos,4,TOYOTA,1953,10.3400,10.34,autos_e_comerciais_leves,22,https://www.fenabrave.org.br/portal/files/2025_11_02.pdf,extracao_textual
2025,11,hibridos,5,OMODA JAECOO,1146,6.0700,6.07,autos_e_comerciais_leves,22,https://www.fenabrave.org.br/portal/files/2025_11_02.pdf,extracao_textual
2025,11,hibridos,6,M.BENZ,700,3.7100,3.71,autos_e_comerciais_leves,22,https://www.fenabrave.org.br/portal/files/2025_11_02.pdf,extracao_textual
2025,11,hibridos,7,CAOA CHERY,580,3.0700,3.07,autos_e_comerciais_leves,22,https://www.fenabrave.org.br/portal/files/2025_11_02.pdf,extracao_textual
2025,11,hibridos,8,BMW,385,2.0400,2.04,autos_e_comerciais_leves,22,https://www.fenabrave.org.br/portal/files/2025_11_02.pdf,extracao_textual
2025,11,hibridos,9,GAC,355,1.8800,1.88,autos_e_comerciais_leves,22,https://www.fenabrave.org.br/portal/files/2025_11_02.pdf,extracao_textual
2025,11,hibridos,10,PEUGEOT,353,1.8700,1.87,autos_e_comerciais_leves,22,https://www.fenabrave.org.br/portal/files/2025_11_02.pdf,extracao_textual
2025,11,hibridos,11,VOLVO,334,1.7700,1.77,autos_e_comerciais_leves,22,https://www.fenabrave.org.br/portal/files/2025_11_02.pdf,extracao_textual
2025,11,hibridos,12,MITSUBISHI,148,0.7800,0.78,autos_e_comerciais_leves,22,https://www.fenabrave.org.br/portal/files/2025_11_02.pdf,extracao_textual
2025,11,hibridos,13,FORD,139,0.7400,0.74,autos_e_comerciais_leves,22,https://www.fenabrave.org.br/portal/files/2025_11_02.pdf,extracao_textual
2025,11,hibridos,14,PORSCHE,130,0.6900,0.69,autos_e_comerciais_leves,22,https://www.fenabrave.org.br/portal/files/2025_11_02.pdf,extracao_textual
2025,11,hibridos,15,LAND ROVER,110,0.5800,0.58,autos_e_comerciais_leves,22,https://www.fenabrave.org.br/portal/files/2025_11_02.pdf,extracao_textual
2025,12,eletricos,1,BYD,7099,61.6200,61.62,autos_e_comerciais_leves,22,https://www.fenabrave.org.br/portal/files/2025_12_02.pdf,extracao_textual
2025,12,eletricos,2,GEELY,1731,15.0300,15.03,autos_e_comerciais_leves,22,https://www.fenabrave.org.br/portal/files/2025_12_02.pdf,extracao_textual
2025,12,eletricos,3,GM,613,5.3200,5.32,autos_e_comerciais_leves,22,https://www.fenabrave.org.br/portal/files/2025_12_02.pdf,extracao_textual
2025,12,eletricos,4,VOLVO,575,4.9900,4.99,autos_e_comerciais_leves,22,https://www.fenabrave.org.br/portal/files/2025_12_02.pdf,extracao_textual
2025,12,eletricos,5,GWM,372,3.2300,3.23,autos_e_comerciais_leves,22,https://www.fenabrave.org.br/portal/files/2025_12_02.pdf,extracao_textual
2025,12,eletricos,6,GAC,272,2.3600,2.36,autos_e_comerciais_leves,22,https://www.fenabrave.org.br/portal/files/2025_12_02.pdf,extracao_textual
2025,12,eletricos,7,RENAULT,197,1.7100,1.71,autos_e_comerciais_leves,22,https://www.fenabrave.org.br/portal/files/2025_12_02.pdf,extracao_textual
2025,12,eletricos,8,MG,89,0.7700,0.77,autos_e_comerciais_leves,22,https://www.fenabrave.org.br/portal/files/2025_12_02.pdf,extracao_textual
2025,12,eletricos,9,BMW,70,0.6100,0.61,autos_e_comerciais_leves,22,https://www.fenabrave.org.br/portal/files/2025_12_02.pdf,extracao_textual
2025,12,eletricos,10,OMODA JAECOO,68,0.5900,0.59,autos_e_comerciais_leves,22,https://www.fenabrave.org.br/portal/files/2025_12_02.pdf,extracao_textual
2025,12,eletricos,11,HYUNDAI,67,0.5800,0.58,autos_e_comerciais_leves,22,https://www.fenabrave.org.br/portal/files/2025_12_02.pdf,extracao_textual
2025,12,eletricos,12,MINI,61,0.5300,0.53,autos_e_comerciais_leves,22,https://www.fenabrave.org.br/portal/files/2025_12_02.pdf,extracao_textual
2025,12,eletricos,13,ZEEKR,60,0.5200,0.52,autos_e_comerciais_leves,22,https://www.fenabrave.org.br/portal/files/2025_12_02.pdf,extracao_textual
2025,12,eletricos,14,LEAPMOTOR,46,0.4000,0.40,autos_e_comerciais_leves,22,https://www.fenabrave.org.br/portal/files/2025_12_02.pdf,extracao_textual
2025,12,eletricos,15,M.BENZ,41,0.3600,0.36,autos_e_comerciais_leves,22,https://www.fenabrave.org.br/portal/files/2025_12_02.pdf,extracao_textual
2025,12,hibridos,1,BYD,8558,30.3200,30.32,autos_e_comerciais_leves,22,https://www.fenabrave.org.br/portal/files/2025_12_02.pdf,extracao_textual
2025,12,hibridos,2,TOYOTA,5189,18.3900,18.39,autos_e_comerciais_leves,22,https://www.fenabrave.org.br/portal/files/2025_12_02.pdf,extracao_textual
2025,12,hibridos,3,GWM,3998,14.1700,14.17,autos_e_comerciais_leves,22,https://www.fenabrave.org.br/portal/files/2025_12_02.pdf,extracao_textual
2025,12,hibridos,4,FIAT,3428,12.1500,12.15,autos_e_comerciais_leves,22,https://www.fenabrave.org.br/portal/files/2025_12_02.pdf,extracao_textual
2025,12,hibridos,5,OMODA JAECOO,1875,6.6400,6.64,autos_e_comerciais_leves,22,https://www.fenabrave.org.br/portal/files/2025_12_02.pdf,extracao_textual
2025,12,hibridos,6,M.BENZ,740,2.6200,2.62,autos_e_comerciais_leves,22,https://www.fenabrave.org.br/portal/files/2025_12_02.pdf,extracao_textual
2025,12,hibridos,7,PEUGEOT,661,2.3400,2.34,autos_e_comerciais_leves,22,https://www.fenabrave.org.br/portal/files/2025_12_02.pdf,extracao_textual
2025,12,hibridos,8,CAOA CHERY,648,2.3000,2.30,autos_e_comerciais_leves,22,https://www.fenabrave.org.br/portal/files/2025_12_02.pdf,extracao_textual
2025,12,hibridos,9,VOLVO,565,2.0000,2.00,autos_e_comerciais_leves,22,https://www.fenabrave.org.br/portal/files/2025_12_02.pdf,extracao_textual
2025,12,hibridos,10,BMW,425,1.5100,1.51,autos_e_comerciais_leves,22,https://www.fenabrave.org.br/portal/files/2025_12_02.pdf,extracao_textual
2025,12,hibridos,11,GAC,406,1.4400,1.44,autos_e_comerciais_leves,22,https://www.fenabrave.org.br/portal/files/2025_12_02.pdf,extracao_textual
2025,12,hibridos,12,LEAPMOTOR,385,1.3600,1.36,autos_e_comerciais_leves,22,https://www.fenabrave.org.br/portal/files/2025_12_02.pdf,extracao_textual
2025,12,hibridos,13,PORSCHE,254,0.9000,0.90,autos_e_comerciais_leves,22,https://www.fenabrave.org.br/portal/files/2025_12_02.pdf,extracao_textual
2025,12,hibridos,14,FORD,248,0.8800,0.88,autos_e_comerciais_leves,22,https://www.fenabrave.org.br/portal/files/2025_12_02.pdf,extracao_textual
2025,12,hibridos,15,LEXUS,168,0.6000,0.60,autos_e_comerciais_leves,22,https://www.fenabrave.org.br/portal/files/2025_12_02.pdf,extracao_textual
2026,1,eletricos,1,BYD,5113,62.1900,62.19,autos_e_comerciais_leves,22,https://www.fenabrave.org.br/portal/files/2026_01_02.pdf,extracao_textual
2026,1,eletricos,2,GEELY,1337,16.2600,16.26,autos_e_comerciais_leves,22,https://www.fenabrave.org.br/portal/files/2026_01_02.pdf,extracao_textual
2026,1,eletricos,3,GM,396,4.8200,4.82,autos_e_comerciais_leves,22,https://www.fenabrave.org.br/portal/files/2026_01_02.pdf,extracao_textual
2026,1,eletricos,4,VOLVO,390,4.7400,4.74,autos_e_comerciais_leves,22,https://www.fenabrave.org.br/portal/files/2026_01_02.pdf,extracao_textual
2026,1,eletricos,5,GAC,220,2.6800,2.68,autos_e_comerciais_leves,22,https://www.fenabrave.org.br/portal/files/2026_01_02.pdf,extracao_textual
2026,1,eletricos,6,GWM,193,2.3500,2.35,autos_e_comerciais_leves,22,https://www.fenabrave.org.br/portal/files/2026_01_02.pdf,extracao_textual
2026,1,eletricos,7,MG,103,1.2500,1.25,autos_e_comerciais_leves,22,https://www.fenabrave.org.br/portal/files/2026_01_02.pdf,extracao_textual
2026,1,eletricos,8,RENAULT,93,1.1300,1.13,autos_e_comerciais_leves,22,https://www.fenabrave.org.br/portal/files/2026_01_02.pdf,extracao_textual
2026,1,eletricos,9,ZEEKR,53,0.6400,0.64,autos_e_comerciais_leves,22,https://www.fenabrave.org.br/portal/files/2026_01_02.pdf,extracao_textual
2026,1,eletricos,10,JAC,46,0.5600,0.56,autos_e_comerciais_leves,22,https://www.fenabrave.org.br/portal/files/2026_01_02.pdf,extracao_textual
2026,1,eletricos,11,OMODA JAECOO,39,0.4700,0.47,autos_e_comerciais_leves,22,https://www.fenabrave.org.br/portal/files/2026_01_02.pdf,extracao_textual
2026,1,eletricos,12,BMW,37,0.4500,0.45,autos_e_comerciais_leves,22,https://www.fenabrave.org.br/portal/files/2026_01_02.pdf,extracao_textual
2026,1,eletricos,13,MINI,37,0.4500,0.45,autos_e_comerciais_leves,22,https://www.fenabrave.org.br/portal/files/2026_01_02.pdf,extracao_textual
2026,1,eletricos,14,LEAPMOTOR,34,0.4100,0.41,autos_e_comerciais_leves,22,https://www.fenabrave.org.br/portal/files/2026_01_02.pdf,extracao_textual
2026,1,eletricos,15,NETA,32,0.3900,0.39,autos_e_comerciais_leves,22,https://www.fenabrave.org.br/portal/files/2026_01_02.pdf,extracao_textual
2026,1,hibridos,1,BYD,4688,24.4500,24.45,autos_e_comerciais_leves,22,https://www.fenabrave.org.br/portal/files/2026_01_02.pdf,extracao_textual
2026,1,hibridos,2,TOYOTA,3944,20.5700,20.57,autos_e_comerciais_leves,22,https://www.fenabrave.org.br/portal/files/2026_01_02.pdf,extracao_textual
2026,1,hibridos,3,GWM,3096,16.1500,16.15,autos_e_comerciais_leves,22,https://www.fenabrave.org.br/portal/files/2026_01_02.pdf,extracao_textual
2026,1,hibridos,4,FIAT,2206,11.5100,11.51,autos_e_comerciais_leves,22,https://www.fenabrave.org.br/portal/files/2026_01_02.pdf,extracao_textual
2026,1,hibridos,5,OMODA JAECOO,1648,8.6000,8.60,autos_e_comerciais_leves,22,https://www.fenabrave.org.br/portal/files/2026_01_02.pdf,extracao_textual
2026,1,hibridos,6,GAC,488,2.5500,2.55,autos_e_comerciais_leves,22,https://www.fenabrave.org.br/portal/files/2026_01_02.pdf,extracao_textual
2026,1,hibridos,7,M.BENZ,470,2.4500,2.45,autos_e_comerciais_leves,22,https://www.fenabrave.org.br/portal/files/2026_01_02.pdf,extracao_textual
2026,1,hibridos,8,LEAPMOTOR,408,2.1300,2.13,autos_e_comerciais_leves,22,https://www.fenabrave.org.br/portal/files/2026_01_02.pdf,extracao_textual
2026,1,hibridos,9,PEUGEOT,348,1.8200,1.82,autos_e_comerciais_leves,22,https://www.fenabrave.org.br/portal/files/2026_01_02.pdf,extracao_textual
2026,1,hibridos,10,VOLVO,328,1.7100,1.71,autos_e_comerciais_leves,22,https://www.fenabrave.org.br/portal/files/2026_01_02.pdf,extracao_textual
2026,1,hibridos,11,BMW,307,1.6000,1.60,autos_e_comerciais_leves,22,https://www.fenabrave.org.br/portal/files/2026_01_02.pdf,extracao_textual
2026,1,hibridos,12,CAOA CHERY,236,1.2300,1.23,autos_e_comerciais_leves,22,https://www.fenabrave.org.br/portal/files/2026_01_02.pdf,extracao_textual
2026,1,hibridos,13,LAND ROVER,160,0.8300,0.83,autos_e_comerciais_leves,22,https://www.fenabrave.org.br/portal/files/2026_01_02.pdf,extracao_textual
2026,1,hibridos,14,PORSCHE,159,0.8300,0.83,autos_e_comerciais_leves,22,https://www.fenabrave.org.br/portal/files/2026_01_02.pdf,extracao_textual
2026,1,hibridos,15,DENZA,130,0.6800,0.68,autos_e_comerciais_leves,22,https://www.fenabrave.org.br/portal/files/2026_01_02.pdf,extracao_textual
2026,2,eletricos,1,BYD,6759,78.0100,78.01,autos_e_comerciais_leves,22,https://www.fenabrave.org.br/portal/files/2026_02_02.pdf,extracao_textual
2026,2,eletricos,2,GM,443,5.1100,5.11,autos_e_comerciais_leves,22,https://www.fenabrave.org.br/portal/files/2026_02_02.pdf,extracao_textual
2026,2,eletricos,3,GEELY,422,4.8700,4.87,autos_e_comerciais_leves,22,https://www.fenabrave.org.br/portal/files/2026_02_02.pdf,extracao_textual
2026,2,eletricos,4,GWM,226,2.6100,2.61,autos_e_comerciais_leves,22,https://www.fenabrave.org.br/portal/files/2026_02_02.pdf,extracao_textual
2026,2,eletricos,5,VOLVO,183,2.1100,2.11,autos_e_comerciais_leves,22,https://www.fenabrave.org.br/portal/files/2026_02_02.pdf,extracao_textual
2026,2,eletricos,6,GAC,158,1.8200,1.82,autos_e_comerciais_leves,22,https://www.fenabrave.org.br/portal/files/2026_02_02.pdf,extracao_textual
2026,2,eletricos,7,MG,114,1.3200,1.32,autos_e_comerciais_leves,22,https://www.fenabrave.org.br/portal/files/2026_02_02.pdf,extracao_textual
2026,2,eletricos,8,OMODA JAECOO,62,0.7200,0.72,autos_e_comerciais_leves,22,https://www.fenabrave.org.br/portal/files/2026_02_02.pdf,extracao_textual
2026,2,eletricos,9,ZEEKR,61,0.7000,0.70,autos_e_comerciais_leves,22,https://www.fenabrave.org.br/portal/files/2026_02_02.pdf,extracao_textual
2026,2,eletricos,10,RENAULT,48,0.5500,0.55,autos_e_comerciais_leves,22,https://www.fenabrave.org.br/portal/files/2026_02_02.pdf,extracao_textual
2026,2,eletricos,11,MINI,44,0.5100,0.51,autos_e_comerciais_leves,22,https://www.fenabrave.org.br/portal/files/2026_02_02.pdf,extracao_textual
2026,2,eletricos,12,JAC,39,0.4500,0.45,autos_e_comerciais_leves,22,https://www.fenabrave.org.br/portal/files/2026_02_02.pdf,extracao_textual
2026,2,eletricos,13,BMW,29,0.3300,0.33,autos_e_comerciais_leves,22,https://www.fenabrave.org.br/portal/files/2026_02_02.pdf,extracao_textual
2026,2,eletricos,14,LEAPMOTOR,20,0.2300,0.23,autos_e_comerciais_leves,22,https://www.fenabrave.org.br/portal/files/2026_02_02.pdf,extracao_textual
2026,2,eletricos,15,PORSCHE,16,0.1800,0.18,autos_e_comerciais_leves,22,https://www.fenabrave.org.br/portal/files/2026_02_02.pdf,extracao_textual
2026,2,hibridos,1,BYD,4671,24.0500,24.05,autos_e_comerciais_leves,22,https://www.fenabrave.org.br/portal/files/2026_02_02.pdf,extracao_textual
2026,2,hibridos,2,TOYOTA,4261,21.9400,21.94,autos_e_comerciais_leves,22,https://www.fenabrave.org.br/portal/files/2026_02_02.pdf,extracao_textual
2026,2,hibridos,3,GWM,3742,19.2700,19.27,autos_e_comerciais_leves,22,https://www.fenabrave.org.br/portal/files/2026_02_02.pdf,extracao_textual
2026,2,hibridos,4,FIAT,1798,9.2600,9.26,autos_e_comerciais_leves,22,https://www.fenabrave.org.br/portal/files/2026_02_02.pdf,extracao_textual
2026,2,hibridos,5,OMODA JAECOO,1772,9.1200,9.12,autos_e_comerciais_leves,22,https://www.fenabrave.org.br/portal/files/2026_02_02.pdf,extracao_textual
2026,2,hibridos,6,M.BENZ,513,2.6400,2.64,autos_e_comerciais_leves,22,https://www.fenabrave.org.br/portal/files/2026_02_02.pdf,extracao_textual
2026,2,hibridos,7,PEUGEOT,336,1.7300,1.73,autos_e_comerciais_leves,22,https://www.fenabrave.org.br/portal/files/2026_02_02.pdf,extracao_textual
2026,2,hibridos,8,BMW,334,1.7200,1.72,autos_e_comerciais_leves,22,https://www.fenabrave.org.br/portal/files/2026_02_02.pdf,extracao_textual
2026,2,hibridos,9,GAC,309,1.5900,1.59,autos_e_comerciais_leves,22,https://www.fenabrave.org.br/portal/files/2026_02_02.pdf,extracao_textual
2026,2,hibridos,10,LEAPMOTOR,297,1.5300,1.53,autos_e_comerciais_leves,22,https://www.fenabrave.org.br/portal/files/2026_02_02.pdf,extracao_textual
2026,2,hibridos,11,VOLVO,210,1.0800,1.08,autos_e_comerciais_leves,22,https://www.fenabrave.org.br/portal/files/2026_02_02.pdf,extracao_textual
2026,2,hibridos,12,PORSCHE,167,0.8600,0.86,autos_e_comerciais_leves,22,https://www.fenabrave.org.br/portal/files/2026_02_02.pdf,extracao_textual
2026,2,hibridos,13,LAND ROVER,152,0.7800,0.78,autos_e_comerciais_leves,22,https://www.fenabrave.org.br/portal/files/2026_02_02.pdf,extracao_textual
2026,2,hibridos,14,JETOUR,126,0.6500,0.65,autos_e_comerciais_leves,22,https://www.fenabrave.org.br/portal/files/2026_02_02.pdf,extracao_textual
2026,2,hibridos,15,DENZA,124,0.6400,0.64,autos_e_comerciais_leves,22,https://www.fenabrave.org.br/portal/files/2026_02_02.pdf,extracao_textual
2026,3,eletricos,1,BYD,9901,70.4700,70.47,autos_e_comerciais_leves,22,https://www.fenabrave.org.br/portal/files/2026_03_02.pdf,extracao_textual
2026,3,eletricos,2,GEELY,1375,9.7900,9.79,autos_e_comerciais_leves,22,https://www.fenabrave.org.br/portal/files/2026_03_02.pdf,extracao_textual
2026,3,eletricos,3,GM,982,6.9900,6.99,autos_e_comerciais_leves,22,https://www.fenabrave.org.br/portal/files/2026_03_02.pdf,extracao_textual
2026,3,eletricos,4,VOLVO,441,3.1400,3.14,autos_e_comerciais_leves,22,https://www.fenabrave.org.br/portal/files/2026_03_02.pdf,extracao_textual
2026,3,eletricos,5,GWM,313,2.2300,2.23,autos_e_comerciais_leves,22,https://www.fenabrave.org.br/portal/files/2026_03_02.pdf,extracao_textual
2026,3,eletricos,6,MG,300,2.1400,2.14,autos_e_comerciais_leves,22,https://www.fenabrave.org.br/portal/files/2026_03_02.pdf,extracao_textual
2026,3,eletricos,7,GAC,208,1.4800,1.48,autos_e_comerciais_leves,22,https://www.fenabrave.org.br/portal/files/2026_03_02.pdf,extracao_textual
2026,3,eletricos,8,ZEEKR,79,0.5600,0.56,autos_e_comerciais_leves,22,https://www.fenabrave.org.br/portal/files/2026_03_02.pdf,extracao_textual
2026,3,eletricos,9,OMODA JAECOO,68,0.4800,0.48,autos_e_comerciais_leves,22,https://www.fenabrave.org.br/portal/files/2026_03_02.pdf,extracao_textual
2026,3,eletricos,10,RENAULT,68,0.4800,0.48,autos_e_comerciais_leves,22,https://www.fenabrave.org.br/portal/files/2026_03_02.pdf,extracao_textual
2026,3,eletricos,11,MINI,62,0.4400,0.44,autos_e_comerciais_leves,22,https://www.fenabrave.org.br/portal/files/2026_03_02.pdf,extracao_textual
2026,3,eletricos,12,NETA,57,0.4100,0.41,autos_e_comerciais_leves,22,https://www.fenabrave.org.br/portal/files/2026_03_02.pdf,extracao_textual
2026,3,eletricos,13,LEAPMOTOR,50,0.3600,0.36,autos_e_comerciais_leves,22,https://www.fenabrave.org.br/portal/files/2026_03_02.pdf,extracao_textual
2026,3,eletricos,14,BMW,31,0.2200,0.22,autos_e_comerciais_leves,22,https://www.fenabrave.org.br/portal/files/2026_03_02.pdf,extracao_textual
2026,3,eletricos,15,PORSCHE,22,0.1600,0.16,autos_e_comerciais_leves,22,https://www.fenabrave.org.br/portal/files/2026_03_02.pdf,extracao_textual
2026,3,hibridos,1,BYD,6511,25.0800,25.08,autos_e_comerciais_leves,22,https://www.fenabrave.org.br/portal/files/2026_03_02.pdf,extracao_textual
2026,3,hibridos,2,TOYOTA,5028,19.3700,19.37,autos_e_comerciais_leves,22,https://www.fenabrave.org.br/portal/files/2026_03_02.pdf,extracao_textual
2026,3,hibridos,3,GWM,4440,17.1000,17.10,autos_e_comerciais_leves,22,https://www.fenabrave.org.br/portal/files/2026_03_02.pdf,extracao_textual
2026,3,hibridos,4,FIAT,2540,9.7800,9.78,autos_e_comerciais_leves,22,https://www.fenabrave.org.br/portal/files/2026_03_02.pdf,extracao_textual
2026,3,hibridos,5,OMODA JAECOO,2382,9.1800,9.18,autos_e_comerciais_leves,22,https://www.fenabrave.org.br/portal/files/2026_03_02.pdf,extracao_textual
2026,3,hibridos,6,M.BENZ,709,2.7300,2.73,autos_e_comerciais_leves,22,https://www.fenabrave.org.br/portal/files/2026_03_02.pdf,extracao_textual
2026,3,hibridos,7,JETOUR,542,2.0900,2.09,autos_e_comerciais_leves,22,https://www.fenabrave.org.br/portal/files/2026_03_02.pdf,extracao_textual
2026,3,hibridos,8,PEUGEOT,475,1.8300,1.83,autos_e_comerciais_leves,22,https://www.fenabrave.org.br/portal/files/2026_03_02.pdf,extracao_textual
2026,3,hibridos,9,LEAPMOTOR,466,1.8000,1.80,autos_e_comerciais_leves,22,https://www.fenabrave.org.br/portal/files/2026_03_02.pdf,extracao_textual
2026,3,hibridos,10,GAC,443,1.7100,1.71,autos_e_comerciais_leves,22,https://www.fenabrave.org.br/portal/files/2026_03_02.pdf,extracao_textual
2026,3,hibridos,11,BMW,431,1.6600,1.66,autos_e_comerciais_leves,22,https://www.fenabrave.org.br/portal/files/2026_03_02.pdf,extracao_textual
2026,3,hibridos,12,VOLVO,377,1.4500,1.45,autos_e_comerciais_leves,22,https://www.fenabrave.org.br/portal/files/2026_03_02.pdf,extracao_textual
2026,3,hibridos,13,PORSCHE,234,0.9000,0.90,autos_e_comerciais_leves,22,https://www.fenabrave.org.br/portal/files/2026_03_02.pdf,extracao_textual
2026,3,hibridos,14,LAND ROVER,224,0.8600,0.86,autos_e_comerciais_leves,22,https://www.fenabrave.org.br/portal/files/2026_03_02.pdf,extracao_textual
2026,3,hibridos,15,JEEP,196,0.7600,0.76,autos_e_comerciais_leves,22,https://www.fenabrave.org.br/portal/files/2026_03_02.pdf,extracao_textual
2026,4,eletricos,1,BYD,10425,59.6500,59.65,autos_e_comerciais_leves,22,https://www.fenabrave.org.br/portal/files/2026_04_02.pdf,extracao_textual
2026,4,eletricos,2,GEELY,3761,21.5200,21.52,autos_e_comerciais_leves,22,https://www.fenabrave.org.br/portal/files/2026_04_02.pdf,extracao_textual
2026,4,eletricos,3,GM,1247,7.1400,7.14,autos_e_comerciais_leves,22,https://www.fenabrave.org.br/portal/files/2026_04_02.pdf,extracao_textual
2026,4,eletricos,4,VOLVO,419,2.4000,2.40,autos_e_comerciais_leves,22,https://www.fenabrave.org.br/portal/files/2026_04_02.pdf,extracao_textual
2026,4,eletricos,5,GWM,365,2.0900,2.09,autos_e_comerciais_leves,22,https://www.fenabrave.org.br/portal/files/2026_04_02.pdf,extracao_textual
2026,4,eletricos,6,GAC,360,2.0600,2.06,autos_e_comerciais_leves,22,https://www.fenabrave.org.br/portal/files/2026_04_02.pdf,extracao_textual
2026,4,eletricos,7,LEAPMOTOR,274,1.5700,1.57,autos_e_comerciais_leves,22,https://www.fenabrave.org.br/portal/files/2026_04_02.pdf,extracao_textual
2026,4,eletricos,8,MG,235,1.3400,1.34,autos_e_comerciais_leves,22,https://www.fenabrave.org.br/portal/files/2026_04_02.pdf,extracao_textual
2026,4,eletricos,9,OMODA JAECOO,115,0.6600,0.66,autos_e_comerciais_leves,22,https://www.fenabrave.org.br/portal/files/2026_04_02.pdf,extracao_textual
2026,4,eletricos,10,ZEEKR,94,0.5400,0.54,autos_e_comerciais_leves,22,https://www.fenabrave.org.br/portal/files/2026_04_02.pdf,extracao_textual
2026,4,eletricos,11,MINI,56,0.3200,0.32,autos_e_comerciais_leves,22,https://www.fenabrave.org.br/portal/files/2026_04_02.pdf,extracao_textual
2026,4,eletricos,12,BMW,25,0.1400,0.14,autos_e_comerciais_leves,22,https://www.fenabrave.org.br/portal/files/2026_04_02.pdf,extracao_textual
2026,4,eletricos,13,PORSCHE,22,0.1300,0.13,autos_e_comerciais_leves,22,https://www.fenabrave.org.br/portal/files/2026_04_02.pdf,extracao_textual
2026,4,eletricos,14,FORD,19,0.1100,0.11,autos_e_comerciais_leves,22,https://www.fenabrave.org.br/portal/files/2026_04_02.pdf,extracao_textual
2026,4,eletricos,15,RENAULT,18,0.1000,0.10,autos_e_comerciais_leves,22,https://www.fenabrave.org.br/portal/files/2026_04_02.pdf,extracao_textual
2026,4,hibridos,1,BYD,8049,31.0100,31.01,autos_e_comerciais_leves,22,https://www.fenabrave.org.br/portal/files/2026_04_02.pdf,extracao_textual
2026,4,hibridos,2,TOYOTA,4138,15.9400,15.94,autos_e_comerciais_leves,22,https://www.fenabrave.org.br/portal/files/2026_04_02.pdf,extracao_textual
2026,4,hibridos,3,GWM,3292,12.6800,12.68,autos_e_comerciais_leves,22,https://www.fenabrave.org.br/portal/files/2026_04_02.pdf,extracao_textual
2026,4,hibridos,4,OMODA JAECOO,2710,10.4400,10.44,autos_e_comerciais_leves,22,https://www.fenabrave.org.br/portal/files/2026_04_02.pdf,extracao_textual
2026,4,hibridos,5,FIAT,2276,8.7700,8.77,autos_e_comerciais_leves,22,https://www.fenabrave.org.br/portal/files/2026_04_02.pdf,extracao_textual
2026,4,hibridos,6,JEEP,1082,4.1700,4.17,autos_e_comerciais_leves,22,https://www.fenabrave.org.br/portal/files/2026_04_02.pdf,extracao_textual
2026,4,hibridos,7,M.BENZ,692,2.6700,2.67,autos_e_comerciais_leves,22,https://www.fenabrave.org.br/portal/files/2026_04_02.pdf,extracao_textual
2026,4,hibridos,8,JETOUR,623,2.4000,2.40,autos_e_comerciais_leves,22,https://www.fenabrave.org.br/portal/files/2026_04_02.pdf,extracao_textual
2026,4,hibridos,9,LEAPMOTOR,407,1.5700,1.57,autos_e_comerciais_leves,22,https://www.fenabrave.org.br/portal/files/2026_04_02.pdf,extracao_textual
2026,4,hibridos,10,BMW,395,1.5200,1.52,autos_e_comerciais_leves,22,https://www.fenabrave.org.br/portal/files/2026_04_02.pdf,extracao_textual
2026,4,hibridos,11,GAC,369,1.4200,1.42,autos_e_comerciais_leves,22,https://www.fenabrave.org.br/portal/files/2026_04_02.pdf,extracao_textual
2026,4,hibridos,12,VOLVO,340,1.3100,1.31,autos_e_comerciais_leves,22,https://www.fenabrave.org.br/portal/files/2026_04_02.pdf,extracao_textual
2026,4,hibridos,13,PEUGEOT,284,1.0900,1.09,autos_e_comerciais_leves,22,https://www.fenabrave.org.br/portal/files/2026_04_02.pdf,extracao_textual
2026,4,hibridos,14,GEELY,242,0.9300,0.93,autos_e_comerciais_leves,22,https://www.fenabrave.org.br/portal/files/2026_04_02.pdf,extracao_textual
2026,4,hibridos,15,LAND ROVER,181,0.7000,0.70,autos_e_comerciais_leves,22,https://www.fenabrave.org.br/portal/files/2026_04_02.pdf,extracao_textual
2026,5,eletricos,1,BYD,13244,63.2000,63.20,autos_e_comerciais_leves,22,https://www.fenabrave.org.br/portal/files/2026_05_02.pdf,extracao_textual
2026,5,eletricos,2,GEELY,4567,21.7900,21.79,autos_e_comerciais_leves,22,https://www.fenabrave.org.br/portal/files/2026_05_02.pdf,extracao_textual
2026,5,eletricos,3,GM,1122,5.3500,5.35,autos_e_comerciais_leves,22,https://www.fenabrave.org.br/portal/files/2026_05_02.pdf,extracao_textual
2026,5,eletricos,4,GWM,490,2.3400,2.34,autos_e_comerciais_leves,22,https://www.fenabrave.org.br/portal/files/2026_05_02.pdf,extracao_textual
2026,5,eletricos,5,LEAPMOTOR,476,2.2700,2.27,autos_e_comerciais_leves,22,https://www.fenabrave.org.br/portal/files/2026_05_02.pdf,extracao_textual
2026,5,eletricos,6,VOLVO,347,1.6600,1.66,autos_e_comerciais_leves,22,https://www.fenabrave.org.br/portal/files/2026_05_02.pdf,extracao_textual
2026,5,eletricos,7,MG,187,0.8900,0.89,autos_e_comerciais_leves,22,https://www.fenabrave.org.br/portal/files/2026_05_02.pdf,extracao_textual
2026,5,eletricos,8,GAC,185,0.8800,0.88,autos_e_comerciais_leves,22,https://www.fenabrave.org.br/portal/files/2026_05_02.pdf,extracao_textual
2026,5,eletricos,9,OMODA JAECOO,81,0.3900,0.39,autos_e_comerciais_leves,22,https://www.fenabrave.org.br/portal/files/2026_05_02.pdf,extracao_textual
2026,5,eletricos,10,ZEEKR,49,0.2300,0.23,autos_e_comerciais_leves,22,https://www.fenabrave.org.br/portal/files/2026_05_02.pdf,extracao_textual
2026,5,eletricos,11,RIDDARA,42,0.2000,0.20,autos_e_comerciais_leves,22,https://www.fenabrave.org.br/portal/files/2026_05_02.pdf,extracao_textual
2026,5,eletricos,12,MINI,39,0.1900,0.19,autos_e_comerciais_leves,22,https://www.fenabrave.org.br/portal/files/2026_05_02.pdf,extracao_textual
2026,5,eletricos,13,BMW,27,0.1300,0.13,autos_e_comerciais_leves,22,https://www.fenabrave.org.br/portal/files/2026_05_02.pdf,extracao_textual
2026,5,eletricos,14,JAC,26,0.1200,0.12,autos_e_comerciais_leves,22,https://www.fenabrave.org.br/portal/files/2026_05_02.pdf,extracao_textual
2026,5,eletricos,15,FOTON,10,0.0500,0.05,autos_e_comerciais_leves,22,https://www.fenabrave.org.br/portal/files/2026_05_02.pdf,extracao_textual
2026,5,hibridos,1,BYD,8460,27.6100,27.61,autos_e_comerciais_leves,22,https://www.fenabrave.org.br/portal/files/2026_05_02.pdf,extracao_textual
2026,5,hibridos,2,GWM,4975,16.2400,16.24,autos_e_comerciais_leves,22,https://www.fenabrave.org.br/portal/files/2026_05_02.pdf,extracao_textual
2026,5,hibridos,3,TOYOTA,3951,12.9000,12.90,autos_e_comerciais_leves,22,https://www.fenabrave.org.br/portal/files/2026_05_02.pdf,extracao_textual
2026,5,hibridos,4,OMODA JAECOO,3095,10.1000,10.10,autos_e_comerciais_leves,22,https://www.fenabrave.org.br/portal/files/2026_05_02.pdf,extracao_textual
2026,5,hibridos,5,JEEP,2660,8.6800,8.68,autos_e_comerciais_leves,22,https://www.fenabrave.org.br/portal/files/2026_05_02.pdf,extracao_textual
2026,5,hibridos,6,FIAT,2445,7.9800,7.98,autos_e_comerciais_leves,22,https://www.fenabrave.org.br/portal/files/2026_05_02.pdf,extracao_textual
2026,5,hibridos,7,JETOUR,691,2.2600,2.26,autos_e_comerciais_leves,22,https://www.fenabrave.org.br/portal/files/2026_05_02.pdf,extracao_textual
2026,5,hibridos,8,GEELY,606,1.9800,1.98,autos_e_comerciais_leves,22,https://www.fenabrave.org.br/portal/files/2026_05_02.pdf,extracao_textual
2026,5,hibridos,9,M.BENZ,581,1.9000,1.90,autos_e_comerciais_leves,22,https://www.fenabrave.org.br/portal/files/2026_05_02.pdf,extracao_textual
2026,5,hibridos,10,LEAPMOTOR,417,1.3600,1.36,autos_e_comerciais_leves,22,https://www.fenabrave.org.br/portal/files/2026_05_02.pdf,extracao_textual
2026,5,hibridos,11,GAC,370,1.2100,1.21,autos_e_comerciais_leves,22,https://www.fenabrave.org.br/portal/files/2026_05_02.pdf,extracao_textual
2026,5,hibridos,12,BMW,350,1.1400,1.14,autos_e_comerciais_leves,22,https://www.fenabrave.org.br/portal/files/2026_05_02.pdf,extracao_textual
2026,5,hibridos,13,DENZA,333,1.0900,1.09,autos_e_comerciais_leves,22,https://www.fenabrave.org.br/portal/files/2026_05_02.pdf,extracao_textual
2026,5,hibridos,14,VOLVO,298,0.9700,0.97,autos_e_comerciais_leves,22,https://www.fenabrave.org.br/portal/files/2026_05_02.pdf,extracao_textual
2026,5,hibridos,15,PEUGEOT,257,0.8400,0.84,autos_e_comerciais_leves,22,https://www.fenabrave.org.br/portal/files/2026_05_02.pdf,extracao_textual
2026,6,eletricos,1,BYD,12699,60.1000,60.10,autos_e_comerciais_leves,22,https://www.fenabrave.org.br/portal/files/2026_06_02.pdf,extracao_textual
2026,6,eletricos,2,GEELY,4663,22.0700,22.07,autos_e_comerciais_leves,22,https://www.fenabrave.org.br/portal/files/2026_06_02.pdf,extracao_textual
2026,6,eletricos,3,GAC,1058,5.0100,5.01,autos_e_comerciais_leves,22,https://www.fenabrave.org.br/portal/files/2026_06_02.pdf,extracao_textual
2026,6,eletricos,4,GM,871,4.1200,4.12,autos_e_comerciais_leves,22,https://www.fenabrave.org.br/portal/files/2026_06_02.pdf,extracao_textual
2026,6,eletricos,5,LEAPMOTOR,512,2.4200,2.42,autos_e_comerciais_leves,22,https://www.fenabrave.org.br/portal/files/2026_06_02.pdf,extracao_textual
2026,6,eletricos,6,GWM,383,1.8100,1.81,autos_e_comerciais_leves,22,https://www.fenabrave.org.br/portal/files/2026_06_02.pdf,extracao_textual
2026,6,eletricos,7,VOLVO,339,1.6000,1.60,autos_e_comerciais_leves,22,https://www.fenabrave.org.br/portal/files/2026_06_02.pdf,extracao_textual
2026,6,eletricos,8,MG,228,1.0800,1.08,autos_e_comerciais_leves,22,https://www.fenabrave.org.br/portal/files/2026_06_02.pdf,extracao_textual
2026,6,eletricos,9,FARIZON,64,0.3000,0.30,autos_e_comerciais_leves,22,https://www.fenabrave.org.br/portal/files/2026_06_02.pdf,extracao_textual
2026,6,eletricos,10,ZEEKR,43,0.2000,0.20,autos_e_comerciais_leves,22,https://www.fenabrave.org.br/portal/files/2026_06_02.pdf,extracao_textual
2026,6,eletricos,11,OMODA JAECOO,38,0.1800,0.18,autos_e_comerciais_leves,22,https://www.fenabrave.org.br/portal/files/2026_06_02.pdf,extracao_textual
2026,6,eletricos,12,NETA,31,0.1500,0.15,autos_e_comerciais_leves,22,https://www.fenabrave.org.br/portal/files/2026_06_02.pdf,extracao_textual
2026,6,eletricos,13,MINI,26,0.1200,0.12,autos_e_comerciais_leves,22,https://www.fenabrave.org.br/portal/files/2026_06_02.pdf,extracao_textual
2026,6,eletricos,14,JAC,22,0.1000,0.10,autos_e_comerciais_leves,22,https://www.fenabrave.org.br/portal/files/2026_06_02.pdf,extracao_textual
2026,6,eletricos,15,LEXUS,20,0.0900,0.09,autos_e_comerciais_leves,22,https://www.fenabrave.org.br/portal/files/2026_06_02.pdf,extracao_textual
2026,6,hibridos,1,BYD,8554,25.6300,25.63,autos_e_comerciais_leves,22,https://www.fenabrave.org.br/portal/files/2026_06_02.pdf,extracao_textual
2026,6,hibridos,2,OMODA JAECOO,4794,14.3600,14.36,autos_e_comerciais_leves,22,https://www.fenabrave.org.br/portal/files/2026_06_02.pdf,extracao_textual
2026,6,hibridos,3,GWM,4647,13.9200,13.92,autos_e_comerciais_leves,22,https://www.fenabrave.org.br/portal/files/2026_06_02.pdf,extracao_textual
2026,6,hibridos,4,TOYOTA,3648,10.9300,10.93,autos_e_comerciais_leves,22,https://www.fenabrave.org.br/portal/files/2026_06_02.pdf,extracao_textual
2026,6,hibridos,5,JEEP,3115,9.3300,9.33,autos_e_comerciais_leves,22,https://www.fenabrave.org.br/portal/files/2026_06_02.pdf,extracao_textual
2026,6,hibridos,6,FIAT,2258,6.7700,6.77,autos_e_comerciais_leves,22,https://www.fenabrave.org.br/portal/files/2026_06_02.pdf,extracao_textual
2026,6,hibridos,7,GEELY,1172,3.5100,3.51,autos_e_comerciais_leves,22,https://www.fenabrave.org.br/portal/files/2026_06_02.pdf,extracao_textual
2026,6,hibridos,8,JETOUR,951,2.8500,2.85,autos_e_comerciais_leves,22,https://www.fenabrave.org.br/portal/files/2026_06_02.pdf,extracao_textual
2026,6,hibridos,9,M.BENZ,627,1.8800,1.88,autos_e_comerciais_leves,22,https://www.fenabrave.org.br/portal/files/2026_06_02.pdf,extracao_textual
2026,6,hibridos,10,DENZA,566,1.7000,1.70,autos_e_comerciais_leves,22,https://www.fenabrave.org.br/portal/files/2026_06_02.pdf,extracao_textual
2026,6,hibridos,11,LEAPMOTOR,477,1.4300,1.43,autos_e_comerciais_leves,22,https://www.fenabrave.org.br/portal/files/2026_06_02.pdf,extracao_textual
2026,6,hibridos,12,BMW,449,1.3500,1.35,autos_e_comerciais_leves,22,https://www.fenabrave.org.br/portal/files/2026_06_02.pdf,extracao_textual
2026,6,hibridos,13,VOLVO,307,0.9200,0.92,autos_e_comerciais_leves,22,https://www.fenabrave.org.br/portal/files/2026_06_02.pdf,extracao_textual
2026,6,hibridos,14,CAOA CHERY,305,0.9100,0.91,autos_e_comerciais_leves,22,https://www.fenabrave.org.br/portal/files/2026_06_02.pdf,extracao_textual
2026,6,hibridos,15,GAC,270,0.8100,0.81,autos_e_comerciais_leves,22,https://www.fenabrave.org.br/portal/files/2026_06_02.pdf,extracao_textual
2026,7,eletricos,1,BYD,14759,57.2500,57.25,autos_e_comerciais_leves,22,https://www.fenabrave.org.br/portal/files/2026_07_02.pdf,extracao_textual
2026,7,eletricos,2,GEELY,6222,24.1400,24.14,autos_e_comerciais_leves,22,https://www.fenabrave.org.br/portal/files/2026_07_02.pdf,extracao_textual
2026,7,eletricos,3,GAC,1416,5.4900,5.49,autos_e_comerciais_leves,22,https://www.fenabrave.org.br/portal/files/2026_07_02.pdf,extracao_textual
2026,7,eletricos,4,GWM,1035,4.0200,4.02,autos_e_comerciais_leves,22,https://www.fenabrave.org.br/portal/files/2026_07_02.pdf,extracao_textual
2026,7,eletricos,5,GM,592,2.3000,2.30,autos_e_comerciais_leves,22,https://www.fenabrave.org.br/portal/files/2026_07_02.pdf,extracao_textual
2026,7,eletricos,6,LEAPMOTOR,552,2.1400,2.14,autos_e_comerciais_leves,22,https://www.fenabrave.org.br/portal/files/2026_07_02.pdf,extracao_textual
2026,7,eletricos,7,MG,499,1.9400,1.94,autos_e_comerciais_leves,22,https://www.fenabrave.org.br/portal/files/2026_07_02.pdf,extracao_textual
2026,7,eletricos,8,VOLVO,300,1.1600,1.16,autos_e_comerciais_leves,22,https://www.fenabrave.org.br/portal/files/2026_07_02.pdf,extracao_textual
2026,7,eletricos,9,ZEEKR,69,0.2700,0.27,autos_e_comerciais_leves,22,https://www.fenabrave.org.br/portal/files/2026_07_02.pdf,extracao_textual
2026,7,eletricos,10,NETA,50,0.1900,0.19,autos_e_comerciais_leves,22,https://www.fenabrave.org.br/portal/files/2026_07_02.pdf,extracao_textual
2026,7,eletricos,11,FEVER,42,0.1600,0.16,autos_e_comerciais_leves,22,https://www.fenabrave.org.br/portal/files/2026_07_02.pdf,extracao_textual
2026,7,eletricos,12,JAC,34,0.1300,0.13,autos_e_comerciais_leves,22,https://www.fenabrave.org.br/portal/files/2026_07_02.pdf,extracao_textual
2026,7,eletricos,13,MINI,30,0.1200,0.12,autos_e_comerciais_leves,22,https://www.fenabrave.org.br/portal/files/2026_07_02.pdf,extracao_textual
2026,7,eletricos,14,TOYOTA,26,0.1000,0.10,autos_e_comerciais_leves,22,https://www.fenabrave.org.br/portal/files/2026_07_02.pdf,extracao_textual
2026,7,eletricos,15,FOTON,25,0.1000,0.10,autos_e_comerciais_leves,22,https://www.fenabrave.org.br/portal/files/2026_07_02.pdf,extracao_textual
2026,7,hibridos,1,BYD,8706,23.8400,23.84,autos_e_comerciais_leves,22,https://www.fenabrave.org.br/portal/files/2026_07_02.pdf,extracao_textual
2026,7,hibridos,2,GWM,6280,17.2000,17.20,autos_e_comerciais_leves,22,https://www.fenabrave.org.br/portal/files/2026_07_02.pdf,extracao_textual
2026,7,hibridos,3,OMODA JAECOO,5741,15.7200,15.72,autos_e_comerciais_leves,22,https://www.fenabrave.org.br/portal/files/2026_07_02.pdf,extracao_textual
2026,7,hibridos,4,TOYOTA,3586,9.8200,9.82,autos_e_comerciais_leves,22,https://www.fenabrave.org.br/portal/files/2026_07_02.pdf,extracao_textual
2026,7,hibridos,5,FIAT,2982,8.1700,8.17,autos_e_comerciais_leves,22,https://www.fenabrave.org.br/portal/files/2026_07_02.pdf,extracao_textual
2026,7,hibridos,6,JEEP,1675,4.5900,4.59,autos_e_comerciais_leves,22,https://www.fenabrave.org.br/portal/files/2026_07_02.pdf,extracao_textual
2026,7,hibridos,7,CAOA CHERY,1439,3.9400,3.94,autos_e_comerciais_leves,22,https://www.fenabrave.org.br/portal/files/2026_07_02.pdf,extracao_textual
2026,7,hibridos,8,GEELY,1236,3.3900,3.39,autos_e_comerciais_leves,22,https://www.fenabrave.org.br/portal/files/2026_07_02.pdf,extracao_textual
2026,7,hibridos,9,JETOUR,997,2.7300,2.73,autos_e_comerciais_leves,22,https://www.fenabrave.org.br/portal/files/2026_07_02.pdf,extracao_textual
2026,7,hibridos,10,M.BENZ,625,1.7100,1.71,autos_e_comerciais_leves,22,https://www.fenabrave.org.br/portal/files/2026_07_02.pdf,extracao_textual
2026,7,hibridos,11,LEAPMOTOR,554,1.5200,1.52,autos_e_comerciais_leves,22,https://www.fenabrave.org.br/portal/files/2026_07_02.pdf,extracao_textual
2026,7,hibridos,12,DENZA,525,1.4400,1.44,autos_e_comerciais_leves,22,https://www.fenabrave.org.br/portal/files/2026_07_02.pdf,extracao_textual
2026,7,hibridos,13,BMW,388,1.0600,1.06,autos_e_comerciais_leves,22,https://www.fenabrave.org.br/portal/files/2026_07_02.pdf,extracao_textual
2026,7,hibridos,14,VOLVO,338,0.9300,0.93,autos_e_comerciais_leves,22,https://www.fenabrave.org.br/portal/files/2026_07_02.pdf,extracao_textual
2026,7,hibridos,15,PEUGEOT,273,0.7500,0.75,autos_e_comerciais_leves,22,https://www.fenabrave.org.br/portal/files/2026_07_02.pdf,extracao_textual
2026,8,eletricos,1,BYD,16078,59.2100,59.21,autos_e_comerciais_leves,22,https://www.fenabrave.org.br/portal/files/2026_08_02.pdf,extracao_textual
2026,8,eletricos,2,GEELY,6178,22.7500,22.75,autos_e_comerciais_leves,22,https://www.fenabrave.org.br/portal/files/2026_08_02.pdf,extracao_textual
2026,8,eletricos,3,GAC,1364,5.0200,5.02,autos_e_comerciais_leves,22,https://www.fenabrave.org.br/portal/files/2026_08_02.pdf,extracao_textual
2026,8,eletricos,4,GWM,1286,4.7400,4.74,autos_e_comerciais_leves,22,https://www.fenabrave.org.br/portal/files/2026_08_02.pdf,extracao_textual
2026,8,eletricos,5,MG,646,2.3800,2.38,autos_e_comerciais_leves,22,https://www.fenabrave.org.br/portal/files/2026_08_02.pdf,extracao_textual
2026,8,eletricos,6,GM,571,2.1000,2.10,autos_e_comerciais_leves,22,https://www.fenabrave.org.br/portal/files/2026_08_02.pdf,extracao_textual
2026,8,eletricos,7,LEAPMOTOR,416,1.5300,1.53,autos_e_comerciais_leves,22,https://www.fenabrave.org.br/portal/files/2026_08_02.pdf,extracao_textual
2026,8,eletricos,8,VOLVO,178,0.6600,0.66,autos_e_comerciais_leves,22,https://www.fenabrave.org.br/portal/files/2026_08_02.pdf,extracao_textual
2026,8,eletricos,9,OMODA JAECOO,115,0.4200,0.42,autos_e_comerciais_leves,22,https://www.fenabrave.org.br/portal/files/2026_08_02.pdf,extracao_textual
2026,8,eletricos,10,ZEEKR,74,0.2700,0.27,autos_e_comerciais_leves,22,https://www.fenabrave.org.br/portal/files/2026_08_02.pdf,extracao_textual
2026,8,eletricos,11,HITECH E,29,0.1100,0.11,autos_e_comerciais_leves,22,https://www.fenabrave.org.br/portal/files/2026_08_02.pdf,extracao_textual
2026,8,eletricos,12,FOTON,24,0.0900,0.09,autos_e_comerciais_leves,22,https://www.fenabrave.org.br/portal/files/2026_08_02.pdf,extracao_textual
2026,8,eletricos,13,JAC,23,0.0800,0.08,autos_e_comerciais_leves,22,https://www.fenabrave.org.br/portal/files/2026_08_02.pdf,extracao_textual
2026,8,eletricos,14,M.BENZ,20,0.0700,0.07,autos_e_comerciais_leves,22,https://www.fenabrave.org.br/portal/files/2026_08_02.pdf,extracao_textual
2026,8,eletricos,15,MINI,20,0.0700,0.07,autos_e_comerciais_leves,22,https://www.fenabrave.org.br/portal/files/2026_08_02.pdf,extracao_textual
2026,8,hibridos,1,BYD,8389,22.7300,22.73,autos_e_comerciais_leves,22,https://www.fenabrave.org.br/portal/files/2026_08_02.pdf,extracao_textual
2026,8,hibridos,2,GWM,6944,18.8200,18.82,autos_e_comerciais_leves,22,https://www.fenabrave.org.br/portal/files/2026_08_02.pdf,extracao_textual
2026,8,hibridos,3,OMODA JAECOO,5787,15.6800,15.68,autos_e_comerciais_leves,22,https://www.fenabrave.org.br/portal/files/2026_08_02.pdf,extracao_textual
2026,8,hibridos,4,FIAT,3536,9.5800,9.58,autos_e_comerciais_leves,22,https://www.fenabrave.org.br/portal/files/2026_08_02.pdf,extracao_textual
2026,8,hibridos,5,TOYOTA,2831,7.6700,7.67,autos_e_comerciais_leves,22,https://www.fenabrave.org.br/portal/files/2026_08_02.pdf,extracao_textual
2026,8,hibridos,6,JEEP,1972,5.3400,5.34,autos_e_comerciais_leves,22,https://www.fenabrave.org.br/portal/files/2026_08_02.pdf,extracao_textual
2026,8,hibridos,7,JETOUR,1452,3.9300,3.93,autos_e_comerciais_leves,22,https://www.fenabrave.org.br/portal/files/2026_08_02.pdf,extracao_textual
2026,8,hibridos,8,GEELY,1346,3.6500,3.65,autos_e_comerciais_leves,22,https://www.fenabrave.org.br/portal/files/2026_08_02.pdf,extracao_textual
2026,8,hibridos,9,CAOA CHERY,1084,2.9400,2.94,autos_e_comerciais_leves,22,https://www.fenabrave.org.br/portal/files/2026_08_02.pdf,extracao_textual
2026,8,hibridos,10,DENZA,677,1.8300,1.83,autos_e_comerciais_leves,22,https://www.fenabrave.org.br/portal/files/2026_08_02.pdf,extracao_textual
2026,8,hibridos,11,LEAPMOTOR,601,1.6300,1.63,autos_e_comerciais_leves,22,https://www.fenabrave.org.br/portal/files/2026_08_02.pdf,extracao_textual
2026,8,hibridos,12,M.BENZ,442,1.2000,1.20,autos_e_comerciais_leves,22,https://www.fenabrave.org.br/portal/files/2026_08_02.pdf,extracao_textual
2026,8,hibridos,13,BMW,352,0.9500,0.95,autos_e_comerciais_leves,22,https://www.fenabrave.org.br/portal/files/2026_08_02.pdf,extracao_textual
2026,8,hibridos,14,GAC,233,0.6300,0.63,autos_e_comerciais_leves,22,https://www.fenabrave.org.br/portal/files/2026_08_02.pdf,extracao_textual
2026,8,hibridos,15,PEUGEOT,229,0.6200,0.62,autos_e_comerciais_leves,22,https://www.fenabrave.org.br/portal/files/2026_08_02.pdf,extracao_textual
