osm_id,nome,operador,rede,latitude,longitude,coordenada_aproximada,municipio_declarado,uf_declarada,acesso_original,acesso_classificado,capacidade_original,conectores_tags_json,url_objeto,data_edicao_osm,data_base_osm,data_coleta_utc,fonte,licenca,atribuicao,url_licenca,unidade
node/10004329264,Eletroposto Loja Elétrica Ltda - Filial Anel Rodoviário,,,-19.8922445,-43.9783609,f,,,customers,restrito_declarado,1,{},https://www.openstreetmap.org/node/10004329264,2022-09-06T13:58:56Z,2026-10-01T01:10:13Z,2026-10-01T01:12:13.509918+00:00,OpenStreetMap,ODbL-1.0,© OpenStreetMap contributors,https://www.openstreetmap.org/copyright,objeto_mapeado_nao_numero_de_carregadores
node/10004330849,Eletroposto Loja Elétrica - Filial Barão,,,-19.9649503,-43.9623188,f,,,customers,restrito_declarado,1,{},https://www.openstreetmap.org/node/10004330849,2022-09-06T13:54:40Z,2026-10-01T01:10:13Z,2026-10-01T01:12:13.509918+00:00,OpenStreetMap,ODbL-1.0,© OpenStreetMap contributors,https://www.openstreetmap.org/copyright,objeto_mapeado_nao_numero_de_carregadores
node/10004346887,Eletroposto Loja Elétrica Ltda - Filial Ipatinga,,,-19.4726377,-42.5581511,f,,,customers,restrito_declarado,1,{},https://www.openstreetmap.org/node/10004346887,2022-09-06T14:12:36Z,2026-10-01T01:10:13Z,2026-10-01T01:12:13.509918+00:00,OpenStreetMap,ODbL-1.0,© OpenStreetMap contributors,https://www.openstreetmap.org/copyright,objeto_mapeado_nao_numero_de_carregadores
node/10004362622,Eletroposto Loja Elétrica Ltda - Filial Sion,,,-19.9491727,-43.9364432,f,,,customers,restrito_declarado,2,{},https://www.openstreetmap.org/node/10004362622,2022-09-06T14:05:15Z,2026-10-01T01:10:13Z,2026-10-01T01:12:13.509918+00:00,OpenStreetMap,ODbL-1.0,© OpenStreetMap contributors,https://www.openstreetmap.org/copyright,objeto_mapeado_nao_numero_de_carregadores
node/10004371471,Eletroposto Loja Elétrica Ltda - Filial Uberlândia,,,-18.9352999,-48.232656,f,,,customers,restrito_declarado,1,{},https://www.openstreetmap.org/node/10004371471,2022-09-06T14:18:23Z,2026-10-01T01:10:13Z,2026-10-01T01:12:13.509918+00:00,OpenStreetMap,ODbL-1.0,© OpenStreetMap contributors,https://www.openstreetmap.org/copyright,objeto_mapeado_nao_numero_de_carregadores
node/10007641358,,atmosfera,,-23.449359,-45.066307,f,,,,nao_informado,1,{},https://www.openstreetmap.org/node/10007641358,2022-09-08T01:01:09Z,2026-10-01T01:10:13Z,2026-10-01T01:12:13.509918+00:00,OpenStreetMap,ODbL-1.0,© OpenStreetMap contributors,https://www.openstreetmap.org/copyright,objeto_mapeado_nao_numero_de_carregadores
node/10035080438,,,,-23.2182454,-45.9174641,f,,,yes,publico_declarado,1,"{""socket:type2_cable"": ""1""}",https://www.openstreetmap.org/node/10035080438,2022-09-18T21:47:57Z,2026-10-01T01:10:13Z,2026-10-01T01:12:13.509918+00:00,OpenStreetMap,ODbL-1.0,© OpenStreetMap contributors,https://www.openstreetmap.org/copyright,objeto_mapeado_nao_numero_de_carregadores
node/10035080439,,,,-23.2189317,-45.9176975,f,,,yes,publico_declarado,1,"{""socket:type2_cable"": ""1""}",https://www.openstreetmap.org/node/10035080439,2022-09-18T21:47:57Z,2026-10-01T01:10:13Z,2026-10-01T01:12:13.509918+00:00,OpenStreetMap,ODbL-1.0,© OpenStreetMap contributors,https://www.openstreetmap.org/copyright,objeto_mapeado_nao_numero_de_carregadores
node/10035080440,,,,-23.2188921,-45.9177136,f,,,yes,publico_declarado,,"{""socket:type2_cable"": ""1""}",https://www.openstreetmap.org/node/10035080440,2022-09-18T21:47:57Z,2026-10-01T01:10:13Z,2026-10-01T01:12:13.509918+00:00,OpenStreetMap,ODbL-1.0,© OpenStreetMap contributors,https://www.openstreetmap.org/copyright,objeto_mapeado_nao_numero_de_carregadores
node/10126478277,,,,-15.6018301,-56.0572712,f,,,private,restrito_declarado,1,{},https://www.openstreetmap.org/node/10126478277,2022-10-24T16:41:08Z,2026-10-01T01:10:13Z,2026-10-01T01:12:13.509918+00:00,OpenStreetMap,ODbL-1.0,© OpenStreetMap contributors,https://www.openstreetmap.org/copyright,objeto_mapeado_nao_numero_de_carregadores
node/10162494544,,,,-5.8634722,-35.2121821,f,,,,nao_informado,,{},https://www.openstreetmap.org/node/10162494544,2022-11-06T16:45:33Z,2026-10-01T01:10:13Z,2026-10-01T01:12:13.509918+00:00,OpenStreetMap,ODbL-1.0,© OpenStreetMap contributors,https://www.openstreetmap.org/copyright,objeto_mapeado_nao_numero_de_carregadores
node/10242331797,Estação de carregamento de veículos elétricos,UNICRED,,-31.3356719,-54.104769,f,,,private,restrito_declarado,,{},https://www.openstreetmap.org/node/10242331797,2022-12-06T13:06:55Z,2026-10-01T01:10:13Z,2026-10-01T01:12:13.509918+00:00,OpenStreetMap,ODbL-1.0,© OpenStreetMap contributors,https://www.openstreetmap.org/copyright,objeto_mapeado_nao_numero_de_carregadores
node/10602948115,,,,-15.5921419,-56.1062974,f,,,yes,publico_declarado,1,{},https://www.openstreetmap.org/node/10602948115,2023-03-20T00:13:30Z,2026-10-01T01:10:13Z,2026-10-01T01:12:13.509918+00:00,OpenStreetMap,ODbL-1.0,© OpenStreetMap contributors,https://www.openstreetmap.org/copyright,objeto_mapeado_nao_numero_de_carregadores
node/10607159268,Eletroposto,,,-30.9832749,-54.6765582,f,,,,nao_informado,,{},https://www.openstreetmap.org/node/10607159268,2023-02-05T01:09:00Z,2026-10-01T01:10:13Z,2026-10-01T01:12:13.509918+00:00,OpenStreetMap,ODbL-1.0,© OpenStreetMap contributors,https://www.openstreetmap.org/copyright,objeto_mapeado_nao_numero_de_carregadores
node/10689741126,,Audi,,-15.6116207,-56.0769117,f,,,yes,publico_declarado,2,{},https://www.openstreetmap.org/node/10689741126,2023-04-22T01:40:42Z,2026-10-01T01:10:13Z,2026-10-01T01:12:13.509918+00:00,OpenStreetMap,ODbL-1.0,© OpenStreetMap contributors,https://www.openstreetmap.org/copyright,objeto_mapeado_nao_numero_de_carregadores
node/10692094359,,Restaurante Cansian Zamban,,-27.8150697,-50.3248606,f,,,,nao_informado,2,{},https://www.openstreetmap.org/node/10692094359,2023-02-25T00:26:16Z,2026-10-01T01:10:13Z,2026-10-01T01:12:13.509918+00:00,OpenStreetMap,ODbL-1.0,© OpenStreetMap contributors,https://www.openstreetmap.org/copyright,objeto_mapeado_nao_numero_de_carregadores
node/10693428105,,Renault,,-3.8470609,-32.414057,f,,,,nao_informado,8,{},https://www.openstreetmap.org/node/10693428105,2024-01-02T15:00:43Z,2026-10-01T01:10:13Z,2026-10-01T01:12:13.509918+00:00,OpenStreetMap,ODbL-1.0,© OpenStreetMap contributors,https://www.openstreetmap.org/copyright,objeto_mapeado_nao_numero_de_carregadores
node/10731730843,,BMW,,-15.6118861,-56.0766532,f,,,,nao_informado,,{},https://www.openstreetmap.org/node/10731730843,2023-04-22T01:40:42Z,2026-10-01T01:10:13Z,2026-10-01T01:12:13.509918+00:00,OpenStreetMap,ODbL-1.0,© OpenStreetMap contributors,https://www.openstreetmap.org/copyright,objeto_mapeado_nao_numero_de_carregadores
node/10738040107,,,,1.9362224,-60.5940476,f,,,,nao_informado,,{},https://www.openstreetmap.org/node/10738040107,2023-03-15T20:49:16Z,2026-10-01T01:10:13Z,2026-10-01T01:12:13.509918+00:00,OpenStreetMap,ODbL-1.0,© OpenStreetMap contributors,https://www.openstreetmap.org/copyright,objeto_mapeado_nao_numero_de_carregadores
node/10741852272,,,,-3.7337065,-38.506407,f,,,,nao_informado,,{},https://www.openstreetmap.org/node/10741852272,2023-03-17T16:16:37Z,2026-10-01T01:10:13Z,2026-10-01T01:12:13.509918+00:00,OpenStreetMap,ODbL-1.0,© OpenStreetMap contributors,https://www.openstreetmap.org/copyright,objeto_mapeado_nao_numero_de_carregadores
node/10785433203,Carregador Volvo,,,-23.0381823,-45.5798308,f,,,customers,restrito_declarado,1,{},https://www.openstreetmap.org/node/10785433203,2026-03-11T01:36:21Z,2026-10-01T01:10:13Z,2026-10-01T01:12:13.509918+00:00,OpenStreetMap,ODbL-1.0,© OpenStreetMap contributors,https://www.openstreetmap.org/copyright,objeto_mapeado_nao_numero_de_carregadores
node/10816567801,ZE zerio emission,,,-3.8441429,-32.4106235,f,,,,nao_informado,1,{},https://www.openstreetmap.org/node/10816567801,2023-04-17T20:46:54Z,2026-10-01T01:10:13Z,2026-10-01T01:12:13.509918+00:00,OpenStreetMap,ODbL-1.0,© OpenStreetMap contributors,https://www.openstreetmap.org/copyright,objeto_mapeado_nao_numero_de_carregadores
node/10876231596,,Certel,,-29.4506024,-51.9847566,f,,,,nao_informado,1,{},https://www.openstreetmap.org/node/10876231596,2023-05-07T17:31:07Z,2026-10-01T01:10:13Z,2026-10-01T01:12:13.509918+00:00,OpenStreetMap,ODbL-1.0,© OpenStreetMap contributors,https://www.openstreetmap.org/copyright,objeto_mapeado_nao_numero_de_carregadores
node/10916942983,,,,-22.9408608,-43.0566957,f,,,customers,restrito_declarado,4,{},https://www.openstreetmap.org/node/10916942983,2026-05-17T22:35:11Z,2026-10-01T01:10:13Z,2026-10-01T01:12:13.509918+00:00,OpenStreetMap,ODbL-1.0,© OpenStreetMap contributors,https://www.openstreetmap.org/copyright,objeto_mapeado_nao_numero_de_carregadores
node/10964777724,,,,-15.796732,-47.8679936,f,,,,nao_informado,3 kW,{},https://www.openstreetmap.org/node/10964777724,2023-06-09T05:04:56Z,2026-10-01T01:10:13Z,2026-10-01T01:12:13.509918+00:00,OpenStreetMap,ODbL-1.0,© OpenStreetMap contributors,https://www.openstreetmap.org/copyright,objeto_mapeado_nao_numero_de_carregadores
node/10970973175,,,,-25.4360275,-49.2570994,f,,,,nao_informado,,{},https://www.openstreetmap.org/node/10970973175,2023-06-12T12:23:14Z,2026-10-01T01:10:13Z,2026-10-01T01:12:13.509918+00:00,OpenStreetMap,ODbL-1.0,© OpenStreetMap contributors,https://www.openstreetmap.org/copyright,objeto_mapeado_nao_numero_de_carregadores
node/10970973176,,,,-25.4360729,-49.2571122,f,,,,nao_informado,,{},https://www.openstreetmap.org/node/10970973176,2023-06-12T12:23:14Z,2026-10-01T01:10:13Z,2026-10-01T01:12:13.509918+00:00,OpenStreetMap,ODbL-1.0,© OpenStreetMap contributors,https://www.openstreetmap.org/copyright,objeto_mapeado_nao_numero_de_carregadores
node/10991138819,,Cofesa Max,,-23.5804177,-48.029594,f,,,yes,publico_declarado,2,{},https://www.openstreetmap.org/node/10991138819,2026-08-28T23:55:27Z,2026-10-01T01:10:13Z,2026-10-01T01:12:13.509918+00:00,OpenStreetMap,ODbL-1.0,© OpenStreetMap contributors,https://www.openstreetmap.org/copyright,objeto_mapeado_nao_numero_de_carregadores
node/11040399357,,incharge,,-19.7659193,-47.9511737,f,,,yes,publico_declarado,22,{},https://www.openstreetmap.org/node/11040399357,2023-07-11T20:39:51Z,2026-10-01T01:10:13Z,2026-10-01T01:12:13.509918+00:00,OpenStreetMap,ODbL-1.0,© OpenStreetMap contributors,https://www.openstreetmap.org/copyright,objeto_mapeado_nao_numero_de_carregadores
node/11047084703,,,,-2.4996608,-44.3093862,f,,,yes,publico_declarado,,{},https://www.openstreetmap.org/node/11047084703,2023-07-14T18:58:22Z,2026-10-01T01:10:13Z,2026-10-01T01:12:13.509918+00:00,OpenStreetMap,ODbL-1.0,© OpenStreetMap contributors,https://www.openstreetmap.org/copyright,objeto_mapeado_nao_numero_de_carregadores
node/11047084704,,,,-2.5094902,-44.2425175,f,,,yes,publico_declarado,,{},https://www.openstreetmap.org/node/11047084704,2023-07-14T18:58:22Z,2026-10-01T01:10:13Z,2026-10-01T01:12:13.509918+00:00,OpenStreetMap,ODbL-1.0,© OpenStreetMap contributors,https://www.openstreetmap.org/copyright,objeto_mapeado_nao_numero_de_carregadores
node/11047095114,,,,-2.5274601,-44.2555793,f,,,yes,publico_declarado,,{},https://www.openstreetmap.org/node/11047095114,2023-07-14T18:58:22Z,2026-10-01T01:10:13Z,2026-10-01T01:12:13.509918+00:00,OpenStreetMap,ODbL-1.0,© OpenStreetMap contributors,https://www.openstreetmap.org/copyright,objeto_mapeado_nao_numero_de_carregadores
node/11056667405,Zaitt 24h,automático,,-16.3321005,-48.9379945,f,,,,nao_informado,,{},https://www.openstreetmap.org/node/11056667405,2026-04-21T22:28:40Z,2026-10-01T01:10:13Z,2026-10-01T01:12:13.509918+00:00,OpenStreetMap,ODbL-1.0,© OpenStreetMap contributors,https://www.openstreetmap.org/copyright,objeto_mapeado_nao_numero_de_carregadores
node/11099953638,,Ferreira Costa,,-8.0305727,-34.9027206,f,,,,nao_informado,2,{},https://www.openstreetmap.org/node/11099953638,2023-08-08T19:38:52Z,2026-10-01T01:10:13Z,2026-10-01T01:12:13.509918+00:00,OpenStreetMap,ODbL-1.0,© OpenStreetMap contributors,https://www.openstreetmap.org/copyright,objeto_mapeado_nao_numero_de_carregadores
node/11159495258,Eletroposto,,,-23.2769738,-45.8450227,f,,,,nao_informado,3,{},https://www.openstreetmap.org/node/11159495258,2023-08-31T18:03:51Z,2026-10-01T01:10:13Z,2026-10-01T01:12:13.509918+00:00,OpenStreetMap,ODbL-1.0,© OpenStreetMap contributors,https://www.openstreetmap.org/copyright,objeto_mapeado_nao_numero_de_carregadores
node/11173226868,,,,-21.9082817,-48.052922,f,,,,nao_informado,,{},https://www.openstreetmap.org/node/11173226868,2023-09-07T01:13:00Z,2026-10-01T01:10:13Z,2026-10-01T01:12:13.509918+00:00,OpenStreetMap,ODbL-1.0,© OpenStreetMap contributors,https://www.openstreetmap.org/copyright,objeto_mapeado_nao_numero_de_carregadores
node/11178979747,,Marco Imóveis,,-26.7365722,-49.1786547,f,,,,nao_informado,1,"{""socket:type2"": ""1""}",https://www.openstreetmap.org/node/11178979747,2026-01-31T02:38:37Z,2026-10-01T01:10:13Z,2026-10-01T01:12:13.509918+00:00,OpenStreetMap,ODbL-1.0,© OpenStreetMap contributors,https://www.openstreetmap.org/copyright,objeto_mapeado_nao_numero_de_carregadores
node/11186080609,,,,-29.3265909,-49.7149949,f,,,,nao_informado,1,{},https://www.openstreetmap.org/node/11186080609,2023-10-28T15:24:41Z,2026-10-01T01:10:13Z,2026-10-01T01:12:13.509918+00:00,OpenStreetMap,ODbL-1.0,© OpenStreetMap contributors,https://www.openstreetmap.org/copyright,objeto_mapeado_nao_numero_de_carregadores
node/11266520418,,Copel,,-25.4184653,-50.7609022,f,,,,nao_informado,,{},https://www.openstreetmap.org/node/11266520418,2023-10-16T10:22:15Z,2026-10-01T01:10:13Z,2026-10-01T01:12:13.509918+00:00,OpenStreetMap,ODbL-1.0,© OpenStreetMap contributors,https://www.openstreetmap.org/copyright,objeto_mapeado_nao_numero_de_carregadores
node/11269493456,,,,-15.592589,-56.1061185,f,,,yes,publico_declarado,2,{},https://www.openstreetmap.org/node/11269493456,2023-10-17T14:55:06Z,2026-10-01T01:10:13Z,2026-10-01T01:12:13.509918+00:00,OpenStreetMap,ODbL-1.0,© OpenStreetMap contributors,https://www.openstreetmap.org/copyright,objeto_mapeado_nao_numero_de_carregadores
node/11291548116,,,,-17.0172536,-39.5426917,f,,,yes,publico_declarado,,{},https://www.openstreetmap.org/node/11291548116,2023-10-27T01:13:24Z,2026-10-01T01:10:13Z,2026-10-01T01:12:13.509918+00:00,OpenStreetMap,ODbL-1.0,© OpenStreetMap contributors,https://www.openstreetmap.org/copyright,objeto_mapeado_nao_numero_de_carregadores
node/11371485834,Rancho Empyreo,Zletric,,-22.2356973,-47.3905387,f,,,yes,publico_declarado,2,"{""socket:type2"": ""2"", ""socket:type2:output"": ""60 kW""}",https://www.openstreetmap.org/node/11371485834,2023-11-23T16:39:56Z,2026-10-01T01:10:13Z,2026-10-01T01:12:13.509918+00:00,OpenStreetMap,ODbL-1.0,© OpenStreetMap contributors,https://www.openstreetmap.org/copyright,objeto_mapeado_nao_numero_de_carregadores
node/11373288894,,,,-15.5895041,-56.0844744,f,,,,nao_informado,1,{},https://www.openstreetmap.org/node/11373288894,2024-09-07T03:38:30Z,2026-10-01T01:10:13Z,2026-10-01T01:12:13.509918+00:00,OpenStreetMap,ODbL-1.0,© OpenStreetMap contributors,https://www.openstreetmap.org/copyright,objeto_mapeado_nao_numero_de_carregadores
node/11384376944,,,,-18.4473108,-50.4478369,f,,,,nao_informado,,{},https://www.openstreetmap.org/node/11384376944,2023-11-29T19:18:05Z,2026-10-01T01:10:13Z,2026-10-01T01:12:13.509918+00:00,OpenStreetMap,ODbL-1.0,© OpenStreetMap contributors,https://www.openstreetmap.org/copyright,objeto_mapeado_nao_numero_de_carregadores
node/11407439656,,,,-3.7248111,-38.5030188,f,,,yes,publico_declarado,,{},https://www.openstreetmap.org/node/11407439656,2024-05-12T02:47:01Z,2026-10-01T01:10:13Z,2026-10-01T01:12:13.509918+00:00,OpenStreetMap,ODbL-1.0,© OpenStreetMap contributors,https://www.openstreetmap.org/copyright,objeto_mapeado_nao_numero_de_carregadores
node/11423691566,,Dr. Energia,,-22.9366901,-43.062011,f,,,,nao_informado,2,{},https://www.openstreetmap.org/node/11423691566,2023-12-16T22:52:09Z,2026-10-01T01:10:13Z,2026-10-01T01:12:13.509918+00:00,OpenStreetMap,ODbL-1.0,© OpenStreetMap contributors,https://www.openstreetmap.org/copyright,objeto_mapeado_nao_numero_de_carregadores
node/11509303840,,CPFL,,-22.8159597,-47.0725375,f,,,,nao_informado,,{},https://www.openstreetmap.org/node/11509303840,2024-01-11T19:57:10Z,2026-10-01T01:10:13Z,2026-10-01T01:12:13.509918+00:00,OpenStreetMap,ODbL-1.0,© OpenStreetMap contributors,https://www.openstreetmap.org/copyright,objeto_mapeado_nao_numero_de_carregadores
node/11509303841,,CPFL,,-22.823067,-47.0689188,f,,,,nao_informado,,{},https://www.openstreetmap.org/node/11509303841,2024-01-12T14:23:04Z,2026-10-01T01:10:13Z,2026-10-01T01:12:13.509918+00:00,OpenStreetMap,ODbL-1.0,© OpenStreetMap contributors,https://www.openstreetmap.org/copyright,objeto_mapeado_nao_numero_de_carregadores
node/11509303842,,CPFL,,-22.8846111,-47.0078098,f,,,,nao_informado,,{},https://www.openstreetmap.org/node/11509303842,2024-01-11T19:57:10Z,2026-10-01T01:10:13Z,2026-10-01T01:12:13.509918+00:00,OpenStreetMap,ODbL-1.0,© OpenStreetMap contributors,https://www.openstreetmap.org/copyright,objeto_mapeado_nao_numero_de_carregadores
node/11512434387,,Ostradamus,,-27.7201556,-48.5635222,f,,,customers,restrito_declarado,1,{},https://www.openstreetmap.org/node/11512434387,2024-01-12T23:53:49Z,2026-10-01T01:10:13Z,2026-10-01T01:12:13.509918+00:00,OpenStreetMap,ODbL-1.0,© OpenStreetMap contributors,https://www.openstreetmap.org/copyright,objeto_mapeado_nao_numero_de_carregadores
node/11524381332,,,,-3.8496665,-32.4256793,f,,,,nao_informado,,{},https://www.openstreetmap.org/node/11524381332,2024-01-17T09:50:00Z,2026-10-01T01:10:13Z,2026-10-01T01:12:13.509918+00:00,OpenStreetMap,ODbL-1.0,© OpenStreetMap contributors,https://www.openstreetmap.org/copyright,objeto_mapeado_nao_numero_de_carregadores
node/11524381344,,,,-3.8351549,-32.4005121,f,,,,nao_informado,,{},https://www.openstreetmap.org/node/11524381344,2024-01-17T09:50:00Z,2026-10-01T01:10:13Z,2026-10-01T01:12:13.509918+00:00,OpenStreetMap,ODbL-1.0,© OpenStreetMap contributors,https://www.openstreetmap.org/copyright,objeto_mapeado_nao_numero_de_carregadores
node/11569158498,,,,-3.7064793,-40.3369466,f,,,yes,publico_declarado,2,"{""socket:type2_combo"": ""2"", ""socket:type2_combo:output"": ""40kW""}",https://www.openstreetmap.org/node/11569158498,2026-03-30T18:52:40Z,2026-10-01T01:10:13Z,2026-10-01T01:12:13.509918+00:00,OpenStreetMap,ODbL-1.0,© OpenStreetMap contributors,https://www.openstreetmap.org/copyright,objeto_mapeado_nao_numero_de_carregadores
node/11766684441,,,,-22.8532612,-45.2341682,f,,,,nao_informado,2,{},https://www.openstreetmap.org/node/11766684441,2024-03-27T18:12:49Z,2026-10-01T01:10:13Z,2026-10-01T01:12:13.509918+00:00,OpenStreetMap,ODbL-1.0,© OpenStreetMap contributors,https://www.openstreetmap.org/copyright,objeto_mapeado_nao_numero_de_carregadores
node/11766684442,,,,-22.8528905,-45.2344847,f,,,,nao_informado,2,{},https://www.openstreetmap.org/node/11766684442,2024-03-27T18:12:49Z,2026-10-01T01:10:13Z,2026-10-01T01:12:13.509918+00:00,OpenStreetMap,ODbL-1.0,© OpenStreetMap contributors,https://www.openstreetmap.org/copyright,objeto_mapeado_nao_numero_de_carregadores
node/11769426400,,,,-23.0233484,-45.5817961,f,,,permit,restrito_declarado,,{},https://www.openstreetmap.org/node/11769426400,2024-03-28T17:32:07Z,2026-10-01T01:10:13Z,2026-10-01T01:12:13.509918+00:00,OpenStreetMap,ODbL-1.0,© OpenStreetMap contributors,https://www.openstreetmap.org/copyright,objeto_mapeado_nao_numero_de_carregadores
node/11822399303,,,,-15.5852875,-56.0781292,f,,,,nao_informado,,{},https://www.openstreetmap.org/node/11822399303,2024-04-16T15:50:55Z,2026-10-01T01:10:13Z,2026-10-01T01:12:13.509918+00:00,OpenStreetMap,ODbL-1.0,© OpenStreetMap contributors,https://www.openstreetmap.org/copyright,objeto_mapeado_nao_numero_de_carregadores
node/12030154393,,Auto Posto Pomerode,,-26.7346049,-49.1747571,f,,,,nao_informado,2,"{""socket:type2"": ""1""}",https://www.openstreetmap.org/node/12030154393,2026-02-03T01:50:07Z,2026-10-01T01:10:13Z,2026-10-01T01:12:13.509918+00:00,OpenStreetMap,ODbL-1.0,© OpenStreetMap contributors,https://www.openstreetmap.org/copyright,objeto_mapeado_nao_numero_de_carregadores
node/12098687902,,Restaurante Wunderwald,,-26.8052885,-49.1655732,f,,,,nao_informado,1,"{""socket:type2"": ""1""}",https://www.openstreetmap.org/node/12098687902,2026-02-13T01:27:33Z,2026-10-01T01:10:13Z,2026-10-01T01:12:13.509918+00:00,OpenStreetMap,ODbL-1.0,© OpenStreetMap contributors,https://www.openstreetmap.org/copyright,objeto_mapeado_nao_numero_de_carregadores
node/12183014713,GWM Canopus,,,-15.6046755,-56.0842495,f,,,,nao_informado,1,{},https://www.openstreetmap.org/node/12183014713,2024-09-17T23:06:22Z,2026-10-01T01:10:13Z,2026-10-01T01:12:13.509918+00:00,OpenStreetMap,ODbL-1.0,© OpenStreetMap contributors,https://www.openstreetmap.org/copyright,objeto_mapeado_nao_numero_de_carregadores
node/12190026409,ChargePoint,ChargePoint,,-23.524961,-46.6670982,f,,,yes,publico_declarado,,{},https://www.openstreetmap.org/node/12190026409,2024-11-13T16:09:57Z,2026-10-01T01:10:13Z,2026-10-01T01:12:13.509918+00:00,OpenStreetMap,ODbL-1.0,© OpenStreetMap contributors,https://www.openstreetmap.org/copyright,objeto_mapeado_nao_numero_de_carregadores
node/12254080440,,,,-26.914711,-49.0696802,f,,,,nao_informado,2,"{""socket:type2"": ""1""}",https://www.openstreetmap.org/node/12254080440,2024-11-04T00:05:14Z,2026-10-01T01:10:13Z,2026-10-01T01:12:13.509918+00:00,OpenStreetMap,ODbL-1.0,© OpenStreetMap contributors,https://www.openstreetmap.org/copyright,objeto_mapeado_nao_numero_de_carregadores
node/12277259176,Intelbras Revendedora,,,-15.6104709,-56.0781757,f,,,,nao_informado,1,{},https://www.openstreetmap.org/node/12277259176,2024-10-21T19:41:08Z,2026-10-01T01:10:13Z,2026-10-01T01:12:13.509918+00:00,OpenStreetMap,ODbL-1.0,© OpenStreetMap contributors,https://www.openstreetmap.org/copyright,objeto_mapeado_nao_numero_de_carregadores
node/12288636505,,,,-3.6896409,-40.3307032,f,,,yes,publico_declarado,1,"{""socket:type2_combo"": ""1"", ""socket:type2_combo:output"": ""30 kW""}",https://www.openstreetmap.org/node/12288636505,2025-09-06T10:38:10Z,2026-10-01T01:10:13Z,2026-10-01T01:12:13.509918+00:00,OpenStreetMap,ODbL-1.0,© OpenStreetMap contributors,https://www.openstreetmap.org/copyright,objeto_mapeado_nao_numero_de_carregadores
node/12303216043,,,,-23.618914,-46.602196,f,,,private,restrito_declarado,60,{},https://www.openstreetmap.org/node/12303216043,2026-07-27T12:56:52Z,2026-10-01T01:10:13Z,2026-10-01T01:12:13.509918+00:00,OpenStreetMap,ODbL-1.0,© OpenStreetMap contributors,https://www.openstreetmap.org/copyright,objeto_mapeado_nao_numero_de_carregadores
node/12311370574,,,,-17.7776719,-48.7538148,f,,,,nao_informado,,{},https://www.openstreetmap.org/node/12311370574,2026-07-13T22:08:33Z,2026-10-01T01:10:13Z,2026-10-01T01:12:13.509918+00:00,OpenStreetMap,ODbL-1.0,© OpenStreetMap contributors,https://www.openstreetmap.org/copyright,objeto_mapeado_nao_numero_de_carregadores
node/12474286528,,,,-23.5258218,-46.7326867,f,,,yes,publico_declarado,,{},https://www.openstreetmap.org/node/12474286528,2025-01-04T21:08:15Z,2026-10-01T01:10:13Z,2026-10-01T01:12:13.509918+00:00,OpenStreetMap,ODbL-1.0,© OpenStreetMap contributors,https://www.openstreetmap.org/copyright,objeto_mapeado_nao_numero_de_carregadores
node/12474324132,,,,-23.5179967,-46.7270876,f,,,yes,publico_declarado,,{},https://www.openstreetmap.org/node/12474324132,2025-01-04T21:10:03Z,2026-10-01T01:10:13Z,2026-10-01T01:12:13.509918+00:00,OpenStreetMap,ODbL-1.0,© OpenStreetMap contributors,https://www.openstreetmap.org/copyright,objeto_mapeado_nao_numero_de_carregadores
node/12482436120,,Fazzenda Park Resort,,-26.9809194,-48.9284431,f,,,,nao_informado,2,"{""socket:type2"": ""1""}",https://www.openstreetmap.org/node/12482436120,2025-08-17T13:41:26Z,2026-10-01T01:10:13Z,2026-10-01T01:12:13.509918+00:00,OpenStreetMap,ODbL-1.0,© OpenStreetMap contributors,https://www.openstreetmap.org/copyright,objeto_mapeado_nao_numero_de_carregadores
node/12498963601,A02097 TRAFO TRI-F  FLR-01F2,,,-7.7831428,-38.0233385,f,,,,nao_informado,,{},https://www.openstreetmap.org/node/12498963601,2025-01-13T20:15:18Z,2026-10-01T01:10:13Z,2026-10-01T01:12:13.509918+00:00,OpenStreetMap,ODbL-1.0,© OpenStreetMap contributors,https://www.openstreetmap.org/copyright,objeto_mapeado_nao_numero_de_carregadores
node/12511152974,Estação de recarga de veículos elétricos,EDP,,-20.3894819,-40.494529,f,,,customers,restrito_declarado,,{},https://www.openstreetmap.org/node/12511152974,2025-03-04T22:28:08Z,2026-10-01T01:10:13Z,2026-10-01T01:12:13.509918+00:00,OpenStreetMap,ODbL-1.0,© OpenStreetMap contributors,https://www.openstreetmap.org/copyright,objeto_mapeado_nao_numero_de_carregadores
node/12650382737,ChargePoint,Curitiba e Copel,,-25.426782,-49.3084772,f,,,,nao_informado,,{},https://www.openstreetmap.org/node/12650382737,2025-03-10T17:46:00Z,2026-10-01T01:10:13Z,2026-10-01T01:12:13.509918+00:00,OpenStreetMap,ODbL-1.0,© OpenStreetMap contributors,https://www.openstreetmap.org/copyright,objeto_mapeado_nao_numero_de_carregadores
node/12660530308,,,,-16.7095533,-49.2213754,f,,,unknown,outro_valor_revisar,150 KW,{},https://www.openstreetmap.org/node/12660530308,2025-03-13T18:55:13Z,2026-10-01T01:10:13Z,2026-10-01T01:12:13.509918+00:00,OpenStreetMap,ODbL-1.0,© OpenStreetMap contributors,https://www.openstreetmap.org/copyright,objeto_mapeado_nao_numero_de_carregadores
node/12741512739,,,,-22.4210617,-44.3051398,f,,,customers,restrito_declarado,7kw,{},https://www.openstreetmap.org/node/12741512739,2025-04-09T13:09:44Z,2026-10-01T01:10:13Z,2026-10-01T01:12:13.509918+00:00,OpenStreetMap,ODbL-1.0,© OpenStreetMap contributors,https://www.openstreetmap.org/copyright,objeto_mapeado_nao_numero_de_carregadores
node/12741512740,Eletroposto Graal Embaixador - DC - 120kw,Eletrograal,Eletrograal,-22.454522,-44.3894839,f,,,yes,publico_declarado,120kw,{},https://www.openstreetmap.org/node/12741512740,2025-04-09T13:19:59Z,2026-10-01T01:10:13Z,2026-10-01T01:12:13.509918+00:00,OpenStreetMap,ODbL-1.0,© OpenStreetMap contributors,https://www.openstreetmap.org/copyright,objeto_mapeado_nao_numero_de_carregadores
node/12741512741,Eletroposto Graal Embaixador AC - 22kw,Eletrograal,Eletrograal,-22.4545194,-44.3894589,f,,,yes,publico_declarado,22kw,{},https://www.openstreetmap.org/node/12741512741,2025-04-09T13:19:59Z,2026-10-01T01:10:13Z,2026-10-01T01:12:13.509918+00:00,OpenStreetMap,ODbL-1.0,© OpenStreetMap contributors,https://www.openstreetmap.org/copyright,objeto_mapeado_nao_numero_de_carregadores
node/12741515734,Eletroposto Mate Amargo,Shell Recharge,Shell Recharge,-22.4574155,-44.4237011,f,,,yes,publico_declarado,150kw,{},https://www.openstreetmap.org/node/12741515734,2025-04-09T13:19:59Z,2026-10-01T01:10:13Z,2026-10-01T01:12:13.509918+00:00,OpenStreetMap,ODbL-1.0,© OpenStreetMap contributors,https://www.openstreetmap.org/copyright,objeto_mapeado_nao_numero_de_carregadores
node/12741539017,Eletroposto Graal Itatiaia AC - 22kw,Eletrograal,Eletrograal,-22.4843572,-44.5473651,f,,,yes,publico_declarado,22kw,{},https://www.openstreetmap.org/node/12741539017,2025-04-09T13:24:48Z,2026-10-01T01:10:13Z,2026-10-01T01:12:13.509918+00:00,OpenStreetMap,ODbL-1.0,© OpenStreetMap contributors,https://www.openstreetmap.org/copyright,objeto_mapeado_nao_numero_de_carregadores
node/12741539018,Eletroposto Graal Itatiaia DC - 120kw,Eletrograal,Eletrograal,-22.4843871,-44.5473597,f,,,yes,publico_declarado,120kw,{},https://www.openstreetmap.org/node/12741539018,2025-04-09T13:24:48Z,2026-10-01T01:10:13Z,2026-10-01T01:12:13.509918+00:00,OpenStreetMap,ODbL-1.0,© OpenStreetMap contributors,https://www.openstreetmap.org/copyright,objeto_mapeado_nao_numero_de_carregadores
node/12748215721,,,,-22.8702082,-42.3313273,f,,,,nao_informado,,{},https://www.openstreetmap.org/node/12748215721,2025-04-11T16:47:57Z,2026-10-01T01:10:13Z,2026-10-01T01:12:13.509918+00:00,OpenStreetMap,ODbL-1.0,© OpenStreetMap contributors,https://www.openstreetmap.org/copyright,objeto_mapeado_nao_numero_de_carregadores
node/12748227923,,,,-22.8702544,-42.3310323,f,,,,nao_informado,,{},https://www.openstreetmap.org/node/12748227923,2025-04-11T16:47:54Z,2026-10-01T01:10:13Z,2026-10-01T01:12:13.509918+00:00,OpenStreetMap,ODbL-1.0,© OpenStreetMap contributors,https://www.openstreetmap.org/copyright,objeto_mapeado_nao_numero_de_carregadores
node/12829452596,,,,-29.3609372,-50.8531997,f,,,,nao_informado,,{},https://www.openstreetmap.org/node/12829452596,2025-05-12T01:40:13Z,2026-10-01T01:10:13Z,2026-10-01T01:12:13.509918+00:00,OpenStreetMap,ODbL-1.0,© OpenStreetMap contributors,https://www.openstreetmap.org/copyright,objeto_mapeado_nao_numero_de_carregadores
node/12909344207,,Itapê Shopping,,-23.5778329,-48.0387729,f,,,yes,publico_declarado,5,{},https://www.openstreetmap.org/node/12909344207,2026-06-11T00:47:32Z,2026-10-01T01:10:13Z,2026-10-01T01:12:13.509918+00:00,OpenStreetMap,ODbL-1.0,© OpenStreetMap contributors,https://www.openstreetmap.org/copyright,objeto_mapeado_nao_numero_de_carregadores
node/12909344208,,,,-23.6091247,-48.0621767,f,,,,nao_informado,,{},https://www.openstreetmap.org/node/12909344208,2025-06-12T11:45:35Z,2026-10-01T01:10:13Z,2026-10-01T01:12:13.509918+00:00,OpenStreetMap,ODbL-1.0,© OpenStreetMap contributors,https://www.openstreetmap.org/copyright,objeto_mapeado_nao_numero_de_carregadores
node/12909344209,,Maggi BYD,,-23.5792606,-48.0294775,f,,,yes,publico_declarado,1,{},https://www.openstreetmap.org/node/12909344209,2026-06-11T00:47:32Z,2026-10-01T01:10:13Z,2026-10-01T01:12:13.509918+00:00,OpenStreetMap,ODbL-1.0,© OpenStreetMap contributors,https://www.openstreetmap.org/copyright,objeto_mapeado_nao_numero_de_carregadores
node/12909344218,,Hotel Universitário,,-23.5903158,-48.0493273,f,,,customers,restrito_declarado,,{},https://www.openstreetmap.org/node/12909344218,2025-06-12T11:45:35Z,2026-10-01T01:10:13Z,2026-10-01T01:12:13.509918+00:00,OpenStreetMap,ODbL-1.0,© OpenStreetMap contributors,https://www.openstreetmap.org/copyright,objeto_mapeado_nao_numero_de_carregadores
node/13043895695,,Shopping Park Europeu,,-26.8862704,-49.068608,f,,,,nao_informado,2,"{""socket:type2"": ""2""}",https://www.openstreetmap.org/node/13043895695,2025-08-03T01:15:21Z,2026-10-01T01:10:13Z,2026-10-01T01:12:13.509918+00:00,OpenStreetMap,ODbL-1.0,© OpenStreetMap contributors,https://www.openstreetmap.org/copyright,objeto_mapeado_nao_numero_de_carregadores
node/13064569852,,SolarPro Sistemas de Energia,,-26.7187095,-49.1664506,f,,,yes,publico_declarado,1,"{""socket:type2"": ""1""}",https://www.openstreetmap.org/node/13064569852,2026-09-16T12:50:49Z,2026-10-01T01:10:13Z,2026-10-01T01:12:13.509918+00:00,OpenStreetMap,ODbL-1.0,© OpenStreetMap contributors,https://www.openstreetmap.org/copyright,objeto_mapeado_nao_numero_de_carregadores
node/13064664032,,,,-26.7064365,-49.1622908,f,,,,nao_informado,1,"{""socket:type2"": ""1""}",https://www.openstreetmap.org/node/13064664032,2026-02-10T10:59:16Z,2026-10-01T01:10:13Z,2026-10-01T01:12:13.509918+00:00,OpenStreetMap,ODbL-1.0,© OpenStreetMap contributors,https://www.openstreetmap.org/copyright,objeto_mapeado_nao_numero_de_carregadores
node/13075193628,,,Planeta Charge,-4.3545581,-39.310341,f,,,,nao_informado,2,"{""socket:type:output"": ""60""}",https://www.openstreetmap.org/node/13075193628,2025-08-17T01:09:23Z,2026-10-01T01:10:13Z,2026-10-01T01:12:13.509918+00:00,OpenStreetMap,ODbL-1.0,© OpenStreetMap contributors,https://www.openstreetmap.org/copyright,objeto_mapeado_nao_numero_de_carregadores
node/13099363312,SAU 6,Rodovias do Tietê,,-23.0589177,-47.8230715,f,,,,nao_informado,1,{},https://www.openstreetmap.org/node/13099363312,2025-08-27T01:00:04Z,2026-10-01T01:10:13Z,2026-10-01T01:12:13.509918+00:00,OpenStreetMap,ODbL-1.0,© OpenStreetMap contributors,https://www.openstreetmap.org/copyright,objeto_mapeado_nao_numero_de_carregadores
node/13099952990,Estação de recarga de veículos elétricos,EDP,,-20.3116544,-40.3035515,f,,,customers,restrito_declarado,,{},https://www.openstreetmap.org/node/13099952990,2025-08-27T06:48:49Z,2026-10-01T01:10:13Z,2026-10-01T01:12:13.509918+00:00,OpenStreetMap,ODbL-1.0,© OpenStreetMap contributors,https://www.openstreetmap.org/copyright,objeto_mapeado_nao_numero_de_carregadores
node/13104399059,,,,-29.6733036,-51.1379515,f,,,permissive,outro_valor_revisar,,{},https://www.openstreetmap.org/node/13104399059,2025-08-28T20:01:39Z,2026-10-01T01:10:13Z,2026-10-01T01:12:13.509918+00:00,OpenStreetMap,ODbL-1.0,© OpenStreetMap contributors,https://www.openstreetmap.org/copyright,objeto_mapeado_nao_numero_de_carregadores
node/13106395232,,Fort Atacadista,,-29.6765674,-51.138982,f,,,permissive,outro_valor_revisar,2,{},https://www.openstreetmap.org/node/13106395232,2026-05-04T18:05:35Z,2026-10-01T01:10:13Z,2026-10-01T01:12:13.509918+00:00,OpenStreetMap,ODbL-1.0,© OpenStreetMap contributors,https://www.openstreetmap.org/copyright,objeto_mapeado_nao_numero_de_carregadores
node/13151253783,,,,-22.7377256,-46.9267978,f,,,yes,publico_declarado,,{},https://www.openstreetmap.org/node/13151253783,2025-12-26T21:45:16Z,2026-10-01T01:10:13Z,2026-10-01T01:12:13.509918+00:00,OpenStreetMap,ODbL-1.0,© OpenStreetMap contributors,https://www.openstreetmap.org/copyright,objeto_mapeado_nao_numero_de_carregadores
node/13165579454,,,,-23.4709014,-47.4287262,f,,,customers,restrito_declarado,1,{},https://www.openstreetmap.org/node/13165579454,2026-06-11T01:17:52Z,2026-10-01T01:10:13Z,2026-10-01T01:12:13.509918+00:00,OpenStreetMap,ODbL-1.0,© OpenStreetMap contributors,https://www.openstreetmap.org/copyright,objeto_mapeado_nao_numero_de_carregadores
node/13171219870,,Auto Posto Martendal,,-26.7123388,-48.9081503,f,,,,nao_informado,,{},https://www.openstreetmap.org/node/13171219870,2025-09-25T15:29:30Z,2026-10-01T01:10:13Z,2026-10-01T01:12:13.509918+00:00,OpenStreetMap,ODbL-1.0,© OpenStreetMap contributors,https://www.openstreetmap.org/copyright,objeto_mapeado_nao_numero_de_carregadores
node/13189098501,Phone charging station,,,-23.5249094,-46.6675212,f,,,,nao_informado,,{},https://www.openstreetmap.org/node/13189098501,2025-10-02T17:05:53Z,2026-10-01T01:10:13Z,2026-10-01T01:12:13.509918+00:00,OpenStreetMap,ODbL-1.0,© OpenStreetMap contributors,https://www.openstreetmap.org/copyright,objeto_mapeado_nao_numero_de_carregadores
node/13197897172,,1,,-23.5200258,-47.4640817,f,,,customers,restrito_declarado,1,{},https://www.openstreetmap.org/node/13197897172,2026-06-11T00:47:32Z,2026-10-01T01:10:13Z,2026-10-01T01:12:13.509918+00:00,OpenStreetMap,ODbL-1.0,© OpenStreetMap contributors,https://www.openstreetmap.org/copyright,objeto_mapeado_nao_numero_de_carregadores
node/13207252416,,Incharge,,-22.8739268,-45.2651042,f,,,yes,publico_declarado,"Carregadores DC 60 kW, 90 kW e 150 kW. Carregador AC 22 kW.",{},https://www.openstreetmap.org/node/13207252416,2025-10-10T18:14:49Z,2026-10-01T01:10:13Z,2026-10-01T01:12:13.509918+00:00,OpenStreetMap,ODbL-1.0,© OpenStreetMap contributors,https://www.openstreetmap.org/copyright,objeto_mapeado_nao_numero_de_carregadores
node/13233697801,Phone charging station,,,-25.5205347,-54.5636522,f,,,,nao_informado,,{},https://www.openstreetmap.org/node/13233697801,2025-10-14T22:38:47Z,2026-10-01T01:10:13Z,2026-10-01T01:12:13.509918+00:00,OpenStreetMap,ODbL-1.0,© OpenStreetMap contributors,https://www.openstreetmap.org/copyright,objeto_mapeado_nao_numero_de_carregadores
node/13233760901,,,,-24.792224,-53.2889632,f,,,,nao_informado,,{},https://www.openstreetmap.org/node/13233760901,2025-10-14T23:48:25Z,2026-10-01T01:10:13Z,2026-10-01T01:12:13.509918+00:00,OpenStreetMap,ODbL-1.0,© OpenStreetMap contributors,https://www.openstreetmap.org/copyright,objeto_mapeado_nao_numero_de_carregadores
node/13234904906,Chargeon Atacadão,,,-23.9816693,-46.2655753,f,,,,nao_informado,,{},https://www.openstreetmap.org/node/13234904906,2025-10-15T14:28:23Z,2026-10-01T01:10:13Z,2026-10-01T01:12:13.509918+00:00,OpenStreetMap,ODbL-1.0,© OpenStreetMap contributors,https://www.openstreetmap.org/copyright,objeto_mapeado_nao_numero_de_carregadores
node/13234906108,Power2Go Hotel Ilhas da Grécia,,,-23.9898933,-46.2460784,f,,,,nao_informado,,{},https://www.openstreetmap.org/node/13234906108,2025-10-15T14:28:23Z,2026-10-01T01:10:13Z,2026-10-01T01:12:13.509918+00:00,OpenStreetMap,ODbL-1.0,© OpenStreetMap contributors,https://www.openstreetmap.org/copyright,objeto_mapeado_nao_numero_de_carregadores
node/13234906214,Moby - Recarga de veículos,,,-23.9941471,-46.2707017,f,,,,nao_informado,,{},https://www.openstreetmap.org/node/13234906214,2025-10-15T14:28:20Z,2026-10-01T01:10:13Z,2026-10-01T01:12:13.509918+00:00,OpenStreetMap,ODbL-1.0,© OpenStreetMap contributors,https://www.openstreetmap.org/copyright,objeto_mapeado_nao_numero_de_carregadores
node/13235612198,,Shell Recharge Solutions,,-23.667906,-46.6780725,f,,,,nao_informado,,{},https://www.openstreetmap.org/node/13235612198,2025-10-16T00:20:47Z,2026-10-01T01:10:13Z,2026-10-01T01:12:13.509918+00:00,OpenStreetMap,ODbL-1.0,© OpenStreetMap contributors,https://www.openstreetmap.org/copyright,objeto_mapeado_nao_numero_de_carregadores
node/13271282349,,Rissul,,-29.6336509,-50.8355055,f,,,permissive,outro_valor_revisar,2,{},https://www.openstreetmap.org/node/13271282349,2026-02-11T22:11:48Z,2026-10-01T01:10:13Z,2026-10-01T01:12:13.509918+00:00,OpenStreetMap,ODbL-1.0,© OpenStreetMap contributors,https://www.openstreetmap.org/copyright,objeto_mapeado_nao_numero_de_carregadores
node/13274382551,,,,-2.4278757,-54.7349356,f,,,,nao_informado,,{},https://www.openstreetmap.org/node/13274382551,2025-11-01T19:06:11Z,2026-10-01T01:10:13Z,2026-10-01T01:12:13.509918+00:00,OpenStreetMap,ODbL-1.0,© OpenStreetMap contributors,https://www.openstreetmap.org/copyright,objeto_mapeado_nao_numero_de_carregadores
node/13274423523,,,,-2.4278199,-54.7349266,f,,,,nao_informado,,{},https://www.openstreetmap.org/node/13274423523,2025-11-01T19:06:11Z,2026-10-01T01:10:13Z,2026-10-01T01:12:13.509918+00:00,OpenStreetMap,ODbL-1.0,© OpenStreetMap contributors,https://www.openstreetmap.org/copyright,objeto_mapeado_nao_numero_de_carregadores
node/13296558941,Ecofortte Eletropostos - Mini Preço,,,-25.4915369,-49.2145927,f,,,customers,restrito_declarado,62,{},https://www.openstreetmap.org/node/13296558941,2025-11-11T12:35:56Z,2026-10-01T01:10:13Z,2026-10-01T01:12:13.509918+00:00,OpenStreetMap,ODbL-1.0,© OpenStreetMap contributors,https://www.openstreetmap.org/copyright,objeto_mapeado_nao_numero_de_carregadores
node/13331914228,,EcoCarga,,-8.1137005,-35.2418783,f,,,yes,publico_declarado,40kW,{},https://www.openstreetmap.org/node/13331914228,2025-11-25T19:10:12Z,2026-10-01T01:10:13Z,2026-10-01T01:12:13.509918+00:00,OpenStreetMap,ODbL-1.0,© OpenStreetMap contributors,https://www.openstreetmap.org/copyright,objeto_mapeado_nao_numero_de_carregadores
node/13373116017,,Shell Recharge,,-26.9254072,-49.0571684,f,,,,nao_informado,2,"{""socket:type2"": ""2""}",https://www.openstreetmap.org/node/13373116017,2025-12-13T01:54:42Z,2026-10-01T01:10:13Z,2026-10-01T01:12:13.509918+00:00,OpenStreetMap,ODbL-1.0,© OpenStreetMap contributors,https://www.openstreetmap.org/copyright,objeto_mapeado_nao_numero_de_carregadores
node/13373615091,,,,-8.0867973,-34.8883314,f,,,yes,publico_declarado,60,{},https://www.openstreetmap.org/node/13373615091,2025-12-13T09:37:16Z,2026-10-01T01:10:13Z,2026-10-01T01:12:13.509918+00:00,OpenStreetMap,ODbL-1.0,© OpenStreetMap contributors,https://www.openstreetmap.org/copyright,objeto_mapeado_nao_numero_de_carregadores
node/13376864808,,,,-29.3230303,-49.7268848,f,,,yes,publico_declarado,,{},https://www.openstreetmap.org/node/13376864808,2025-12-14T22:38:45Z,2026-10-01T01:10:13Z,2026-10-01T01:12:13.509918+00:00,OpenStreetMap,ODbL-1.0,© OpenStreetMap contributors,https://www.openstreetmap.org/copyright,objeto_mapeado_nao_numero_de_carregadores
node/13376876732,,,,-29.3230303,-49.7268848,f,,,yes,publico_declarado,,{},https://www.openstreetmap.org/node/13376876732,2025-12-14T23:02:13Z,2026-10-01T01:10:13Z,2026-10-01T01:12:13.509918+00:00,OpenStreetMap,ODbL-1.0,© OpenStreetMap contributors,https://www.openstreetmap.org/copyright,objeto_mapeado_nao_numero_de_carregadores
node/13381987589,,,,-10.438752,-45.1729123,f,,,yes,publico_declarado,,{},https://www.openstreetmap.org/node/13381987589,2025-12-16T19:23:30Z,2026-10-01T01:10:13Z,2026-10-01T01:12:13.509918+00:00,OpenStreetMap,ODbL-1.0,© OpenStreetMap contributors,https://www.openstreetmap.org/copyright,objeto_mapeado_nao_numero_de_carregadores
node/13408712444,,Würth Industry Service,,-23.7043841,-46.5778873,f,,,private,restrito_declarado,1,{},https://www.openstreetmap.org/node/13408712444,2026-07-12T23:53:27Z,2026-10-01T01:10:13Z,2026-10-01T01:12:13.509918+00:00,OpenStreetMap,ODbL-1.0,© OpenStreetMap contributors,https://www.openstreetmap.org/copyright,objeto_mapeado_nao_numero_de_carregadores
node/13411856528,Supermercado Confiança Loja 2,Supermercado Confiança,,-23.4893189,-47.4286462,f,,,yes,publico_declarado,3,"{""socket:type2_combo"": ""3"", ""socket:type2_combo:output"": ""20 kW""}",https://www.openstreetmap.org/node/13411856528,2026-07-09T10:14:04Z,2026-10-01T01:10:13Z,2026-10-01T01:12:13.509918+00:00,OpenStreetMap,ODbL-1.0,© OpenStreetMap contributors,https://www.openstreetmap.org/copyright,objeto_mapeado_nao_numero_de_carregadores
node/13419209101,,,,-15.8134425,-48.0166957,f,,,,nao_informado,,{},https://www.openstreetmap.org/node/13419209101,2025-12-30T22:40:32Z,2026-10-01T01:10:13Z,2026-10-01T01:12:13.509918+00:00,OpenStreetMap,ODbL-1.0,© OpenStreetMap contributors,https://www.openstreetmap.org/copyright,objeto_mapeado_nao_numero_de_carregadores
node/13448068623,,UMC,,-18.9465329,-48.2697358,f,,,yes,publico_declarado,4,"{""socket:ccs"": ""1"", ""socket:chademo"": ""1"", ""socket:type2"": ""2""}",https://www.openstreetmap.org/node/13448068623,2026-01-13T04:25:38Z,2026-10-01T01:10:13Z,2026-10-01T01:12:13.509918+00:00,OpenStreetMap,ODbL-1.0,© OpenStreetMap contributors,https://www.openstreetmap.org/copyright,objeto_mapeado_nao_numero_de_carregadores
node/13459411401,,,,-15.8320513,-48.0171708,f,,,,nao_informado,,{},https://www.openstreetmap.org/node/13459411401,2026-01-16T01:52:53Z,2026-10-01T01:10:13Z,2026-10-01T01:12:13.509918+00:00,OpenStreetMap,ODbL-1.0,© OpenStreetMap contributors,https://www.openstreetmap.org/copyright,objeto_mapeado_nao_numero_de_carregadores
node/13473583951,,,,-12.8967464,-38.4462525,f,,,private,restrito_declarado,,{},https://www.openstreetmap.org/node/13473583951,2026-02-07T14:50:12Z,2026-10-01T01:10:13Z,2026-10-01T01:12:13.509918+00:00,OpenStreetMap,ODbL-1.0,© OpenStreetMap contributors,https://www.openstreetmap.org/copyright,objeto_mapeado_nao_numero_de_carregadores
node/13512298012,Eletroposto,,,-29.9935912,-50.1446132,f,,,,nao_informado,,{},https://www.openstreetmap.org/node/13512298012,2026-01-30T14:28:42Z,2026-10-01T01:10:13Z,2026-10-01T01:12:13.509918+00:00,OpenStreetMap,ODbL-1.0,© OpenStreetMap contributors,https://www.openstreetmap.org/copyright,objeto_mapeado_nao_numero_de_carregadores
node/13512315004,Eletroposto,,,-29.9957619,-50.1468755,f,,,,nao_informado,,{},https://www.openstreetmap.org/node/13512315004,2026-01-30T14:35:15Z,2026-10-01T01:10:13Z,2026-10-01T01:12:13.509918+00:00,OpenStreetMap,ODbL-1.0,© OpenStreetMap contributors,https://www.openstreetmap.org/copyright,objeto_mapeado_nao_numero_de_carregadores
node/13512318028,Eletroposto,,,-29.8882224,-50.276322,f,,,,nao_informado,,{},https://www.openstreetmap.org/node/13512318028,2026-01-30T14:57:11Z,2026-10-01T01:10:13Z,2026-10-01T01:12:13.509918+00:00,OpenStreetMap,ODbL-1.0,© OpenStreetMap contributors,https://www.openstreetmap.org/copyright,objeto_mapeado_nao_numero_de_carregadores
node/13512340416,Eletroposto,,,-29.8994221,-50.2766186,f,,,yes,publico_declarado,,{},https://www.openstreetmap.org/node/13512340416,2026-04-25T02:07:25Z,2026-10-01T01:10:13Z,2026-10-01T01:12:13.509918+00:00,OpenStreetMap,ODbL-1.0,© OpenStreetMap contributors,https://www.openstreetmap.org/copyright,objeto_mapeado_nao_numero_de_carregadores
node/13518459470,Eletroposto,,,-29.3309725,-49.7848597,f,,,,nao_informado,,{},https://www.openstreetmap.org/node/13518459470,2026-02-02T03:22:56Z,2026-10-01T01:10:13Z,2026-10-01T01:12:13.509918+00:00,OpenStreetMap,ODbL-1.0,© OpenStreetMap contributors,https://www.openstreetmap.org/copyright,objeto_mapeado_nao_numero_de_carregadores
node/13527722466,Eletroposto Nobile Suítes Uberlândia,,,-18.9176184,-48.2648381,f,,,,nao_informado,,{},https://www.openstreetmap.org/node/13527722466,2026-02-06T04:12:23Z,2026-10-01T01:10:13Z,2026-10-01T01:12:13.509918+00:00,OpenStreetMap,ODbL-1.0,© OpenStreetMap contributors,https://www.openstreetmap.org/copyright,objeto_mapeado_nao_numero_de_carregadores
node/13568352401,,,,-15.8470974,-47.8929176,f,,,,nao_informado,,{},https://www.openstreetmap.org/node/13568352401,2026-02-15T22:06:02Z,2026-10-01T01:10:13Z,2026-10-01T01:12:13.509918+00:00,OpenStreetMap,ODbL-1.0,© OpenStreetMap contributors,https://www.openstreetmap.org/copyright,objeto_mapeado_nao_numero_de_carregadores
node/13585736682,,Via Porto BYD,,-29.903374,-50.2724305,f,,,yes,publico_declarado,,{},https://www.openstreetmap.org/node/13585736682,2026-02-20T21:51:01Z,2026-10-01T01:10:13Z,2026-10-01T01:12:13.509918+00:00,OpenStreetMap,ODbL-1.0,© OpenStreetMap contributors,https://www.openstreetmap.org/copyright,objeto_mapeado_nao_numero_de_carregadores
node/13592371235,,,,-23.5359326,-47.0924331,f,,,customers,restrito_declarado,2,"{""socket:type2"": ""2"", ""socket:type2:output"": ""7.4 kW""}",https://www.openstreetmap.org/node/13592371235,2026-02-23T10:14:19Z,2026-10-01T01:10:13Z,2026-10-01T01:12:13.509918+00:00,OpenStreetMap,ODbL-1.0,© OpenStreetMap contributors,https://www.openstreetmap.org/copyright,objeto_mapeado_nao_numero_de_carregadores
node/13593234318,,Sim,,-29.9443733,-50.9475762,f,,,yes,publico_declarado,,{},https://www.openstreetmap.org/node/13593234318,2026-02-23T15:47:08Z,2026-10-01T01:10:13Z,2026-10-01T01:12:13.509918+00:00,OpenStreetMap,ODbL-1.0,© OpenStreetMap contributors,https://www.openstreetmap.org/copyright,objeto_mapeado_nao_numero_de_carregadores
node/13593487658,,,,-27.0977851,-52.6444943,f,,,,nao_informado,,{},https://www.openstreetmap.org/node/13593487658,2026-02-23T18:26:51Z,2026-10-01T01:10:13Z,2026-10-01T01:12:13.509918+00:00,OpenStreetMap,ODbL-1.0,© OpenStreetMap contributors,https://www.openstreetmap.org/copyright,objeto_mapeado_nao_numero_de_carregadores
node/13633308072,Eletroposto,BR,,-23.0008304,-43.3516362,f,,,,nao_informado,,{},https://www.openstreetmap.org/node/13633308072,2026-03-10T07:42:02Z,2026-10-01T01:10:13Z,2026-10-01T01:12:13.509918+00:00,OpenStreetMap,ODbL-1.0,© OpenStreetMap contributors,https://www.openstreetmap.org/copyright,objeto_mapeado_nao_numero_de_carregadores
node/13685153892,,,,-13.0046089,-41.369063,f,,,,nao_informado,,{},https://www.openstreetmap.org/node/13685153892,2026-03-27T17:34:02Z,2026-10-01T01:10:13Z,2026-10-01T01:12:13.509918+00:00,OpenStreetMap,ODbL-1.0,© OpenStreetMap contributors,https://www.openstreetmap.org/copyright,objeto_mapeado_nao_numero_de_carregadores
node/13692209781,BR Super Carga - Muda Hotel,,BR Super Carga,-3.738329,-40.9937507,f,,,,nao_informado,,"{""socket:type2_combo"": ""2"", ""socket:type2_combo:output"": ""20 kW""}",https://www.openstreetmap.org/node/13692209781,2026-03-30T18:59:11Z,2026-10-01T01:10:13Z,2026-10-01T01:12:13.509918+00:00,OpenStreetMap,ODbL-1.0,© OpenStreetMap contributors,https://www.openstreetmap.org/copyright,objeto_mapeado_nao_numero_de_carregadores
node/13692209786,Planeta Charge - Supermercado Nidobox,,,-3.7629511,-38.5457294,f,Fortaleza,,,nao_informado,,"{""socket:type2_combo"": ""2""}",https://www.openstreetmap.org/node/13692209786,2026-03-30T19:17:49Z,2026-10-01T01:10:13Z,2026-10-01T01:12:13.509918+00:00,OpenStreetMap,ODbL-1.0,© OpenStreetMap contributors,https://www.openstreetmap.org/copyright,objeto_mapeado_nao_numero_de_carregadores
node/13692216876,BR Super Carga - Rest. Raizes do Litoral,,BR Super Carga,-3.4653031,-39.1592498,f,,,,nao_informado,,"{""socket:type2_combo"": ""1"", ""socket:type2_combo:output"": ""40 kW""}",https://www.openstreetmap.org/node/13692216876,2026-03-30T18:47:06Z,2026-10-01T01:10:13Z,2026-10-01T01:12:13.509918+00:00,OpenStreetMap,ODbL-1.0,© OpenStreetMap contributors,https://www.openstreetmap.org/copyright,objeto_mapeado_nao_numero_de_carregadores
node/13692216877,Voltz - Paraipaba,,Voltz,-3.4649149,-39.1551018,f,,,,nao_informado,,"{""socket:type2_combo"": ""2""}",https://www.openstreetmap.org/node/13692216877,2026-03-30T18:47:06Z,2026-10-01T01:10:13Z,2026-10-01T01:12:13.509918+00:00,OpenStreetMap,ODbL-1.0,© OpenStreetMap contributors,https://www.openstreetmap.org/copyright,objeto_mapeado_nao_numero_de_carregadores
node/13692235370,VOLTZ DC - Cometa Maraponga,,Voltz,-3.7920621,-38.5672742,f,,,,nao_informado,,"{""socket:type2_combo"": ""2""}",https://www.openstreetmap.org/node/13692235370,2026-03-30T19:09:57Z,2026-10-01T01:10:13Z,2026-10-01T01:12:13.509918+00:00,OpenStreetMap,ODbL-1.0,© OpenStreetMap contributors,https://www.openstreetmap.org/copyright,objeto_mapeado_nao_numero_de_carregadores
node/13692236135,Voltz - Cometa Kennedy,,Voltz,-3.7298337,-38.5688567,f,,,,nao_informado,,"{""socket:type2_combo"": ""2""}",https://www.openstreetmap.org/node/13692236135,2026-03-30T19:04:45Z,2026-10-01T01:10:13Z,2026-10-01T01:12:13.509918+00:00,OpenStreetMap,ODbL-1.0,© OpenStreetMap contributors,https://www.openstreetmap.org/copyright,objeto_mapeado_nao_numero_de_carregadores
node/13748836969,,,Cariri Charge,-7.2162711,-39.3177871,f,,,,nao_informado,,"{""socket:type2_combo"": ""1"", ""socket:type2_combo:output"": ""40""}",https://www.openstreetmap.org/node/13748836969,2026-04-21T13:14:06Z,2026-10-01T01:10:13Z,2026-10-01T01:12:13.509918+00:00,OpenStreetMap,ODbL-1.0,© OpenStreetMap contributors,https://www.openstreetmap.org/copyright,objeto_mapeado_nao_numero_de_carregadores
node/13749004769,Pé de Serra,,BR Super Carga,-5.0458509,-39.0490231,f,,,,nao_informado,,"{""socket:type2_combo"": ""1"", ""socket:type2_combo:output"": ""40""}",https://www.openstreetmap.org/node/13749004769,2026-04-21T14:18:22Z,2026-10-01T01:10:13Z,2026-10-01T01:12:13.509918+00:00,OpenStreetMap,ODbL-1.0,© OpenStreetMap contributors,https://www.openstreetmap.org/copyright,objeto_mapeado_nao_numero_de_carregadores
node/13749130509,Zee Flow Casa Grande,,Zee Flow,-4.9961131,-39.0317684,f,,,,nao_informado,,"{""socket:type2_combo"": ""1""}",https://www.openstreetmap.org/node/13749130509,2026-04-21T14:12:22Z,2026-10-01T01:10:13Z,2026-10-01T01:12:13.509918+00:00,OpenStreetMap,ODbL-1.0,© OpenStreetMap contributors,https://www.openstreetmap.org/copyright,objeto_mapeado_nao_numero_de_carregadores
node/13749141410,Ello Hotel,,BR Super Carga,-6.3837951,-39.266514,f,,,,nao_informado,,"{""socket:type2_combo"": ""2"", ""socket:type2_combo:output"": ""60 kW""}",https://www.openstreetmap.org/node/13749141410,2026-04-21T14:30:00Z,2026-10-01T01:10:13Z,2026-10-01T01:12:13.509918+00:00,OpenStreetMap,ODbL-1.0,© OpenStreetMap contributors,https://www.openstreetmap.org/copyright,objeto_mapeado_nao_numero_de_carregadores
node/13768795530,,,,-29.8627203,-51.1804084,f,,,permissive,outro_valor_revisar,1,{},https://www.openstreetmap.org/node/13768795530,2026-04-28T00:11:46Z,2026-10-01T01:10:13Z,2026-10-01T01:12:13.509918+00:00,OpenStreetMap,ODbL-1.0,© OpenStreetMap contributors,https://www.openstreetmap.org/copyright,objeto_mapeado_nao_numero_de_carregadores
node/13784743672,,,,-29.6365259,-51.0105514,f,,,,nao_informado,,{},https://www.openstreetmap.org/node/13784743672,2026-05-01T13:55:29Z,2026-10-01T01:10:13Z,2026-10-01T01:12:13.509918+00:00,OpenStreetMap,ODbL-1.0,© OpenStreetMap contributors,https://www.openstreetmap.org/copyright,objeto_mapeado_nao_numero_de_carregadores
node/13785644140,Posto Ceará 1,,Tino Energia,-3.7867066,-38.6978344,f,,,,nao_informado,,{},https://www.openstreetmap.org/node/13785644140,2026-05-01T22:24:48Z,2026-10-01T01:10:13Z,2026-10-01T01:12:13.509918+00:00,OpenStreetMap,ODbL-1.0,© OpenStreetMap contributors,https://www.openstreetmap.org/copyright,objeto_mapeado_nao_numero_de_carregadores
node/13806990820,,BMW,,-18.9265466,-48.2590541,f,,,,nao_informado,,{},https://www.openstreetmap.org/node/13806990820,2026-05-07T19:33:14Z,2026-10-01T01:10:13Z,2026-10-01T01:12:13.509918+00:00,OpenStreetMap,ODbL-1.0,© OpenStreetMap contributors,https://www.openstreetmap.org/copyright,objeto_mapeado_nao_numero_de_carregadores
node/13846858158,,,,-23.1169779,-47.218282,f,,,customers,restrito_declarado,,{},https://www.openstreetmap.org/node/13846858158,2026-05-18T21:19:54Z,2026-10-01T01:10:13Z,2026-10-01T01:12:13.509918+00:00,OpenStreetMap,ODbL-1.0,© OpenStreetMap contributors,https://www.openstreetmap.org/copyright,objeto_mapeado_nao_numero_de_carregadores
node/13852199227,,,,-25.5305846,-49.0864145,f,,,,nao_informado,,{},https://www.openstreetmap.org/node/13852199227,2026-05-20T11:04:32Z,2026-10-01T01:10:13Z,2026-10-01T01:12:13.509918+00:00,OpenStreetMap,ODbL-1.0,© OpenStreetMap contributors,https://www.openstreetmap.org/copyright,objeto_mapeado_nao_numero_de_carregadores
node/13852199228,,,,-25.5306081,-49.0863326,f,,,,nao_informado,,{},https://www.openstreetmap.org/node/13852199228,2026-05-20T11:04:32Z,2026-10-01T01:10:13Z,2026-10-01T01:12:13.509918+00:00,OpenStreetMap,ODbL-1.0,© OpenStreetMap contributors,https://www.openstreetmap.org/copyright,objeto_mapeado_nao_numero_de_carregadores
node/13858896779,,,,-17.8023379,-50.9226822,f,,,,nao_informado,,{},https://www.openstreetmap.org/node/13858896779,2026-05-21T20:58:16Z,2026-10-01T01:10:13Z,2026-10-01T01:12:13.509918+00:00,OpenStreetMap,ODbL-1.0,© OpenStreetMap contributors,https://www.openstreetmap.org/copyright,objeto_mapeado_nao_numero_de_carregadores
node/13863616366,,,,-15.8830555,-47.8216895,f,,,,nao_informado,,{},https://www.openstreetmap.org/node/13863616366,2026-05-22T23:50:22Z,2026-10-01T01:10:13Z,2026-10-01T01:12:13.509918+00:00,OpenStreetMap,ODbL-1.0,© OpenStreetMap contributors,https://www.openstreetmap.org/copyright,objeto_mapeado_nao_numero_de_carregadores
node/13927611655,,Elétrica Area,,-23.5334013,-47.4656809,f,,,customers,restrito_declarado,1,{},https://www.openstreetmap.org/node/13927611655,2026-06-11T01:17:52Z,2026-10-01T01:10:13Z,2026-10-01T01:12:13.509918+00:00,OpenStreetMap,ODbL-1.0,© OpenStreetMap contributors,https://www.openstreetmap.org/copyright,objeto_mapeado_nao_numero_de_carregadores
node/13927611656,,,,-23.5396613,-47.467284,f,,,yes,publico_declarado,1,{},https://www.openstreetmap.org/node/13927611656,2026-06-11T01:17:52Z,2026-10-01T01:10:13Z,2026-10-01T01:12:13.509918+00:00,OpenStreetMap,ODbL-1.0,© OpenStreetMap contributors,https://www.openstreetmap.org/copyright,objeto_mapeado_nao_numero_de_carregadores
node/13927611657,,Volvo,,-23.4813792,-47.4209347,f,,,customers,restrito_declarado,1,"{""socket:type2"": ""1"", ""socket:type2:output"": ""3.7 kW""}",https://www.openstreetmap.org/node/13927611657,2026-07-26T13:39:07Z,2026-10-01T01:10:13Z,2026-10-01T01:12:13.509918+00:00,OpenStreetMap,ODbL-1.0,© OpenStreetMap contributors,https://www.openstreetmap.org/copyright,objeto_mapeado_nao_numero_de_carregadores
node/13927611658,,Padaria Real,,-23.4809832,-47.420404,f,,,customers,restrito_declarado,1,{},https://www.openstreetmap.org/node/13927611658,2026-06-11T01:17:52Z,2026-10-01T01:10:13Z,2026-10-01T01:12:13.509918+00:00,OpenStreetMap,ODbL-1.0,© OpenStreetMap contributors,https://www.openstreetmap.org/copyright,objeto_mapeado_nao_numero_de_carregadores
node/13927611671,,Hospital Doutor Miguel Soeiro,,-23.5321068,-47.4961012,f,,,customers,restrito_declarado,2,{},https://www.openstreetmap.org/node/13927611671,2026-06-11T01:17:52Z,2026-10-01T01:10:13Z,2026-10-01T01:12:13.509918+00:00,OpenStreetMap,ODbL-1.0,© OpenStreetMap contributors,https://www.openstreetmap.org/copyright,objeto_mapeado_nao_numero_de_carregadores
node/13952255937,Troove Lopes | Robert Kennedy SBC,Troove Lopes,,-23.7038527,-46.5766502,f,,,yes,publico_declarado,2,"{""socket:type1_combo"": ""1"", ""socket:type1_combo:output"": ""60"", ""socket:type2_combo"": ""1"", ""socket:type2_combo:output"": ""60""}",https://www.openstreetmap.org/node/13952255937,2026-08-03T10:02:46Z,2026-10-01T01:10:13Z,2026-10-01T01:12:13.509918+00:00,OpenStreetMap,ODbL-1.0,© OpenStreetMap contributors,https://www.openstreetmap.org/copyright,objeto_mapeado_nao_numero_de_carregadores
node/13974291807,,,,-12.9968048,-38.4440207,f,,,,nao_informado,,{},https://www.openstreetmap.org/node/13974291807,2026-06-29T09:48:05Z,2026-10-01T01:10:13Z,2026-10-01T01:12:13.509918+00:00,OpenStreetMap,ODbL-1.0,© OpenStreetMap contributors,https://www.openstreetmap.org/copyright,objeto_mapeado_nao_numero_de_carregadores
node/13974293919,,,,-12.981747,-38.449861,f,,,,nao_informado,,{},https://www.openstreetmap.org/node/13974293919,2026-06-29T09:47:31Z,2026-10-01T01:10:13Z,2026-10-01T01:12:13.509918+00:00,OpenStreetMap,ODbL-1.0,© OpenStreetMap contributors,https://www.openstreetmap.org/copyright,objeto_mapeado_nao_numero_de_carregadores
node/13988044273,Eletroposto Karg,Karg,,-23.6933276,-46.5509385,f,,,yes,publico_declarado,10,"{""socket:chademo"": ""5"", ""socket:type2_combo"": ""5""}",https://www.openstreetmap.org/node/13988044273,2026-08-02T12:48:50Z,2026-10-01T01:10:13Z,2026-10-01T01:12:13.509918+00:00,OpenStreetMap,ODbL-1.0,© OpenStreetMap contributors,https://www.openstreetmap.org/copyright,objeto_mapeado_nao_numero_de_carregadores
node/13988088510,Eletroposto Karg - Parque Dom Pedro,Karg,,-22.8453034,-47.0638249,f,,,yes,publico_declarado,20,"{""socket:chademo"": ""10"", ""socket:type2"": ""10""}",https://www.openstreetmap.org/node/13988088510,2026-07-25T14:04:22Z,2026-10-01T01:10:13Z,2026-10-01T01:12:13.509918+00:00,OpenStreetMap,ODbL-1.0,© OpenStreetMap contributors,https://www.openstreetmap.org/copyright,objeto_mapeado_nao_numero_de_carregadores
node/13992691878,,Padaria Real,,-23.4811909,-47.4208865,f,,,customers,restrito_declarado,1,"{""socket:type2"": ""1""}",https://www.openstreetmap.org/node/13992691878,2026-07-06T15:07:11Z,2026-10-01T01:10:13Z,2026-10-01T01:12:13.509918+00:00,OpenStreetMap,ODbL-1.0,© OpenStreetMap contributors,https://www.openstreetmap.org/copyright,objeto_mapeado_nao_numero_de_carregadores
node/14006867032,Atacadão Santa Rosa,,,-15.5781365,-56.111036,f,,,,nao_informado,2,{},https://www.openstreetmap.org/node/14006867032,2026-07-12T18:48:06Z,2026-10-01T01:10:13Z,2026-10-01T01:12:13.509918+00:00,OpenStreetMap,ODbL-1.0,© OpenStreetMap contributors,https://www.openstreetmap.org/copyright,objeto_mapeado_nao_numero_de_carregadores
node/14016420601,ev charger - WeCharge,,,-27.4365176,-48.394705,f,,,,nao_informado,,{},https://www.openstreetmap.org/node/14016420601,2026-07-15T01:34:39Z,2026-10-01T01:10:13Z,2026-10-01T01:12:13.509918+00:00,OpenStreetMap,ODbL-1.0,© OpenStreetMap contributors,https://www.openstreetmap.org/copyright,objeto_mapeado_nao_numero_de_carregadores
node/14016441001,ev charger - Brasilis,,,-27.4378951,-48.3997539,f,,,,nao_informado,,{},https://www.openstreetmap.org/node/14016441001,2026-07-15T01:39:27Z,2026-10-01T01:10:13Z,2026-10-01T01:12:13.509918+00:00,OpenStreetMap,ODbL-1.0,© OpenStreetMap contributors,https://www.openstreetmap.org/copyright,objeto_mapeado_nao_numero_de_carregadores
node/14029080801,we charge,We charge,,-27.1800644,-51.5219281,f,,,,nao_informado,,{},https://www.openstreetmap.org/node/14029080801,2026-07-20T16:14:16Z,2026-10-01T01:10:13Z,2026-10-01T01:12:13.509918+00:00,OpenStreetMap,ODbL-1.0,© OpenStreetMap contributors,https://www.openstreetmap.org/copyright,objeto_mapeado_nao_numero_de_carregadores
node/14029083101,coulomb,,,-27.1792161,-51.5221894,f,,,,nao_informado,,{},https://www.openstreetmap.org/node/14029083101,2026-07-20T16:15:42Z,2026-10-01T01:10:13Z,2026-10-01T01:12:13.509918+00:00,OpenStreetMap,ODbL-1.0,© OpenStreetMap contributors,https://www.openstreetmap.org/copyright,objeto_mapeado_nao_numero_de_carregadores
node/14042715592,,Carrefour,,-8.0406487,-34.9094605,f,,,,nao_informado,,{},https://www.openstreetmap.org/node/14042715592,2026-07-23T22:26:55Z,2026-10-01T01:10:13Z,2026-10-01T01:12:13.509918+00:00,OpenStreetMap,ODbL-1.0,© OpenStreetMap contributors,https://www.openstreetmap.org/copyright,objeto_mapeado_nao_numero_de_carregadores
node/14057322688,Rest. 2 Irmãos,Ative Charge,Tupi Mobilidade,-8.0667623,-39.1358544,f,,,,nao_informado,,"{""socket:type2_combo"": ""1""}",https://www.openstreetmap.org/node/14057322688,2026-07-28T23:19:51Z,2026-10-01T01:10:13Z,2026-10-01T01:12:13.509918+00:00,OpenStreetMap,ODbL-1.0,© OpenStreetMap contributors,https://www.openstreetmap.org/copyright,objeto_mapeado_nao_numero_de_carregadores
node/14059057583,Elevva,,,-12.9898912,-38.4544696,f,,,yes,publico_declarado,2,{},https://www.openstreetmap.org/node/14059057583,2026-08-18T12:30:44Z,2026-10-01T01:10:13Z,2026-10-01T01:12:13.509918+00:00,OpenStreetMap,ODbL-1.0,© OpenStreetMap contributors,https://www.openstreetmap.org/copyright,objeto_mapeado_nao_numero_de_carregadores
node/14060269900,Galinha Caipira,,Tupi Mobilidade,-6.4399757,-38.8569179,f,,,,nao_informado,,"{""socket:type2_combo"": ""1"", ""socket:type2_combo:output"": ""40 kW""}",https://www.openstreetmap.org/node/14060269900,2026-07-29T23:21:22Z,2026-10-01T01:10:13Z,2026-10-01T01:12:13.509918+00:00,OpenStreetMap,ODbL-1.0,© OpenStreetMap contributors,https://www.openstreetmap.org/copyright,objeto_mapeado_nao_numero_de_carregadores
node/14060309020,Pousada Recanto do Cedro,,,-12.5653458,-41.3866943,f,,,,nao_informado,,"{""socket:type2_cable"": ""1"", ""socket:type2_cable:output"": ""6 kW""}",https://www.openstreetmap.org/node/14060309020,2026-07-29T23:43:21Z,2026-10-01T01:10:13Z,2026-10-01T01:12:13.509918+00:00,OpenStreetMap,ODbL-1.0,© OpenStreetMap contributors,https://www.openstreetmap.org/copyright,objeto_mapeado_nao_numero_de_carregadores
node/14060318053,Elet. Pet.,,Tupi Mobilidade,-9.388165,-40.5175972,f,,,,nao_informado,,"{""socket:type2_combo"": ""1""}",https://www.openstreetmap.org/node/14060318053,2026-07-29T23:29:47Z,2026-10-01T01:10:13Z,2026-10-01T01:12:13.509918+00:00,OpenStreetMap,ODbL-1.0,© OpenStreetMap contributors,https://www.openstreetmap.org/copyright,objeto_mapeado_nao_numero_de_carregadores
node/14060318054,,,,-9.3867353,-40.5166125,f,,,,nao_informado,,{},https://www.openstreetmap.org/node/14060318054,2026-07-29T23:29:47Z,2026-10-01T01:10:13Z,2026-10-01T01:12:13.509918+00:00,OpenStreetMap,ODbL-1.0,© OpenStreetMap contributors,https://www.openstreetmap.org/copyright,objeto_mapeado_nao_numero_de_carregadores
node/14060332615,Posto Ipiranga,ViaVolt,Tupi Mobilidade,-14.21442,-41.6471193,f,,,,nao_informado,,"{""socket:type2_combo"": ""1"", ""socket:type2_combo:output"": ""80 kW""}",https://www.openstreetmap.org/node/14060332615,2026-07-29T23:54:05Z,2026-10-01T01:10:13Z,2026-10-01T01:12:13.509918+00:00,OpenStreetMap,ODbL-1.0,© OpenStreetMap contributors,https://www.openstreetmap.org/copyright,objeto_mapeado_nao_numero_de_carregadores
node/14063792217,Três Irmãos Supermercado,PluGo!,Spott,-18.7808489,-42.941469,f,,,,nao_informado,,"{""socket:type2_combo"": ""1""}",https://www.openstreetmap.org/node/14063792217,2026-07-31T11:52:46Z,2026-10-01T01:10:13Z,2026-10-01T01:12:13.509918+00:00,OpenStreetMap,ODbL-1.0,© OpenStreetMap contributors,https://www.openstreetmap.org/copyright,objeto_mapeado_nao_numero_de_carregadores
node/14063795833,,,Spott,-16.7207044,-43.8696261,f,,,,nao_informado,,"{""socket:type2_combo"": ""1""}",https://www.openstreetmap.org/node/14063795833,2026-07-31T11:41:20Z,2026-10-01T01:10:13Z,2026-10-01T01:12:13.509918+00:00,OpenStreetMap,ODbL-1.0,© OpenStreetMap contributors,https://www.openstreetmap.org/copyright,objeto_mapeado_nao_numero_de_carregadores
node/14063798499,Ibis Budget,PluGo!,Spott,-20.2750715,-42.0581914,f,,,,nao_informado,,"{""socket:type2_combo"": ""2"", ""socket:type2_combo:output"": ""60 kWh""}",https://www.openstreetmap.org/node/14063798499,2026-07-31T12:11:13Z,2026-10-01T01:10:13Z,2026-10-01T01:12:13.509918+00:00,OpenStreetMap,ODbL-1.0,© OpenStreetMap contributors,https://www.openstreetmap.org/copyright,objeto_mapeado_nao_numero_de_carregadores
node/14063798500,Posto Jr Faisão I,Posto Jr Faisao Limitada,,-15.8107383,-41.3762257,f,,,,nao_informado,,"{""socket:type2_combo"": ""2""}",https://www.openstreetmap.org/node/14063798500,2026-07-31T12:16:47Z,2026-10-01T01:10:13Z,2026-10-01T01:12:13.509918+00:00,OpenStreetMap,ODbL-1.0,© OpenStreetMap contributors,https://www.openstreetmap.org/copyright,objeto_mapeado_nao_numero_de_carregadores
node/14063808942,Vamos Lá,,,-18.2432071,-43.6042428,f,,,,nao_informado,,"{""socket:type2_combo"": ""2""}",https://www.openstreetmap.org/node/14063808942,2026-07-31T11:48:01Z,2026-10-01T01:10:13Z,2026-10-01T01:12:13.509918+00:00,OpenStreetMap,ODbL-1.0,© OpenStreetMap contributors,https://www.openstreetmap.org/copyright,objeto_mapeado_nao_numero_de_carregadores
node/14063877539,Posto Limarques 01,Rota Elétrica,Tupi Mobilidade,-8.50805,-39.3128143,f,,,,nao_informado,,"{""socket:type2_combo"": ""1""}",https://www.openstreetmap.org/node/14063877539,2026-07-31T12:37:51Z,2026-10-01T01:10:13Z,2026-10-01T01:12:13.509918+00:00,OpenStreetMap,ODbL-1.0,© OpenStreetMap contributors,https://www.openstreetmap.org/copyright,objeto_mapeado_nao_numero_de_carregadores
node/14063883389,Posto Moderno,BR Super Carga,Tupi Mobilidade,-12.8740945,-39.8562607,f,,,,nao_informado,,"{""socket:type2_combo"": ""2"", ""socket:type2_combo:output"": ""40 kWh""}",https://www.openstreetmap.org/node/14063883389,2026-07-31T12:30:46Z,2026-10-01T01:10:13Z,2026-10-01T01:12:13.509918+00:00,OpenStreetMap,ODbL-1.0,© OpenStreetMap contributors,https://www.openstreetmap.org/copyright,objeto_mapeado_nao_numero_de_carregadores
node/14071218813,,,,-27.8662893,-54.4845814,f,,,,nao_informado,,{},https://www.openstreetmap.org/node/14071218813,2026-08-03T19:34:07Z,2026-10-01T01:10:13Z,2026-10-01T01:12:13.509918+00:00,OpenStreetMap,ODbL-1.0,© OpenStreetMap contributors,https://www.openstreetmap.org/copyright,objeto_mapeado_nao_numero_de_carregadores
node/14103090040,,ATM EVS,,-22.37474,-46.9425427,f,,,yes,publico_declarado,60kWh,{},https://www.openstreetmap.org/node/14103090040,2026-08-18T13:27:43Z,2026-10-01T01:10:13Z,2026-10-01T01:12:13.509918+00:00,OpenStreetMap,ODbL-1.0,© OpenStreetMap contributors,https://www.openstreetmap.org/copyright,objeto_mapeado_nao_numero_de_carregadores
node/14106303351,,,,-15.7879585,-47.8309276,f,,,,nao_informado,,{},https://www.openstreetmap.org/node/14106303351,2026-08-21T02:06:41Z,2026-10-01T01:10:13Z,2026-10-01T01:12:13.509918+00:00,OpenStreetMap,ODbL-1.0,© OpenStreetMap contributors,https://www.openstreetmap.org/copyright,objeto_mapeado_nao_numero_de_carregadores
node/14113725902,,,,-19.9688387,-44.2051398,f,,,,nao_informado,,{},https://www.openstreetmap.org/node/14113725902,2026-08-22T21:59:04Z,2026-10-01T01:10:13Z,2026-10-01T01:12:13.509918+00:00,OpenStreetMap,ODbL-1.0,© OpenStreetMap contributors,https://www.openstreetmap.org/copyright,objeto_mapeado_nao_numero_de_carregadores
node/14113726601,,,,-19.9748699,-44.2006018,f,,,,nao_informado,,{},https://www.openstreetmap.org/node/14113726601,2026-08-22T22:01:03Z,2026-10-01T01:10:13Z,2026-10-01T01:12:13.509918+00:00,OpenStreetMap,ODbL-1.0,© OpenStreetMap contributors,https://www.openstreetmap.org/copyright,objeto_mapeado_nao_numero_de_carregadores
node/14120387999,Elevva,,,-12.9975189,-38.4642952,f,,,,nao_informado,,{},https://www.openstreetmap.org/node/14120387999,2026-08-24T17:27:05Z,2026-10-01T01:10:13Z,2026-10-01T01:12:13.509918+00:00,OpenStreetMap,ODbL-1.0,© OpenStreetMap contributors,https://www.openstreetmap.org/copyright,objeto_mapeado_nao_numero_de_carregadores
node/14125333242,,EnergiZap.com.BR,,-11.8044493,-39.3796861,f,,,,nao_informado,22,{},https://www.openstreetmap.org/node/14125333242,2026-08-27T14:07:57Z,2026-10-01T01:10:13Z,2026-10-01T01:12:13.509918+00:00,OpenStreetMap,ODbL-1.0,© OpenStreetMap contributors,https://www.openstreetmap.org/copyright,objeto_mapeado_nao_numero_de_carregadores
node/14128783639,,http://energizap.com.br/,,-11.811631,-39.3852888,f,,,yes,publico_declarado,22,{},https://www.openstreetmap.org/node/14128783639,2026-08-27T14:07:57Z,2026-10-01T01:10:13Z,2026-10-01T01:12:13.509918+00:00,OpenStreetMap,ODbL-1.0,© OpenStreetMap contributors,https://www.openstreetmap.org/copyright,objeto_mapeado_nao_numero_de_carregadores
node/14128978930,,EnergiZap.com.br,,-11.8009404,-39.3800209,f,,,yes,publico_declarado,7,{},https://www.openstreetmap.org/node/14128978930,2026-08-27T14:07:57Z,2026-10-01T01:10:13Z,2026-10-01T01:12:13.509918+00:00,OpenStreetMap,ODbL-1.0,© OpenStreetMap contributors,https://www.openstreetmap.org/copyright,objeto_mapeado_nao_numero_de_carregadores
node/14138228101,,,,-19.966682,-44.1800138,f,,,,nao_informado,,{},https://www.openstreetmap.org/node/14138228101,2026-08-31T20:01:49Z,2026-10-01T01:10:13Z,2026-10-01T01:12:13.509918+00:00,OpenStreetMap,ODbL-1.0,© OpenStreetMap contributors,https://www.openstreetmap.org/copyright,objeto_mapeado_nao_numero_de_carregadores
node/14151228767,,Ion,Tupi,-3.8258489,-38.5798503,f,,,,nao_informado,,"{""socket:type2_cable"": ""1"", ""socket:type2_cable:output"": ""7 kW"", ""socket:type2_combo"": ""2"", ""socket:type2_combo:output"": ""60 kW""}",https://www.openstreetmap.org/node/14151228767,2026-09-04T18:09:06Z,2026-10-01T01:10:13Z,2026-10-01T01:12:13.509918+00:00,OpenStreetMap,ODbL-1.0,© OpenStreetMap contributors,https://www.openstreetmap.org/copyright,objeto_mapeado_nao_numero_de_carregadores
node/14157442494,,,,-13.0048258,-38.5241287,f,,,,nao_informado,,{},https://www.openstreetmap.org/node/14157442494,2026-09-06T12:05:47Z,2026-10-01T01:10:13Z,2026-10-01T01:12:13.509918+00:00,OpenStreetMap,ODbL-1.0,© OpenStreetMap contributors,https://www.openstreetmap.org/copyright,objeto_mapeado_nao_numero_de_carregadores
node/14163612621,Multicharge Eletroposto,Move,,-23.5089677,-46.8682907,f,,,yes,publico_declarado,5,{},https://www.openstreetmap.org/node/14163612621,2026-09-08T19:23:45Z,2026-10-01T01:10:13Z,2026-10-01T01:12:13.509918+00:00,OpenStreetMap,ODbL-1.0,© OpenStreetMap contributors,https://www.openstreetmap.org/copyright,objeto_mapeado_nao_numero_de_carregadores
node/14170154063,,,CLUBE CHARGE,-18.861204,-41.9459995,f,,,yes,publico_declarado,7,{},https://www.openstreetmap.org/node/14170154063,2026-09-10T16:59:37Z,2026-10-01T01:10:13Z,2026-10-01T01:12:13.509918+00:00,OpenStreetMap,ODbL-1.0,© OpenStreetMap contributors,https://www.openstreetmap.org/copyright,objeto_mapeado_nao_numero_de_carregadores
node/14176061761,Eletroposto,Central Parking,,-26.7441215,-49.1764855,f,,,,nao_informado,1,"{""socket:type2"": ""1""}",https://www.openstreetmap.org/node/14176061761,2026-09-12T23:40:08Z,2026-10-01T01:10:13Z,2026-10-01T01:12:13.509918+00:00,OpenStreetMap,ODbL-1.0,© OpenStreetMap contributors,https://www.openstreetmap.org/copyright,objeto_mapeado_nao_numero_de_carregadores
node/14179630670,NAP Energia Solar II,NAP Energia Solar,,-8.3658931,-36.689407,f,Pesqueira,,,nao_informado,2,"{""socket:type2_combo"": ""2"", ""socket:type2_combo:output"": ""60 kW""}",https://www.openstreetmap.org/node/14179630670,2026-09-14T02:06:52Z,2026-10-01T01:10:13Z,2026-10-01T01:12:13.509918+00:00,OpenStreetMap,ODbL-1.0,© OpenStreetMap contributors,https://www.openstreetmap.org/copyright,objeto_mapeado_nao_numero_de_carregadores
node/14179661189,PlugEco Eletropostos,PlugEco,,-8.3635124,-36.5573828,f,Sanharó,,,nao_informado,2,"{""socket:type2_combo"": ""2"", ""socket:type2_combo:output"": ""50 kW""}",https://www.openstreetmap.org/node/14179661189,2026-09-14T01:52:14Z,2026-10-01T01:10:13Z,2026-10-01T01:12:13.509918+00:00,OpenStreetMap,ODbL-1.0,© OpenStreetMap contributors,https://www.openstreetmap.org/copyright,objeto_mapeado_nao_numero_de_carregadores
node/14181447149,,Grazziotin Engenharia & Energia Solar,,-25.8660953,-50.3793871,f,,,yes,publico_declarado,"70 DC, 20 AC",{},https://www.openstreetmap.org/node/14181447149,2026-09-14T19:30:24Z,2026-10-01T01:10:13Z,2026-10-01T01:12:13.509918+00:00,OpenStreetMap,ODbL-1.0,© OpenStreetMap contributors,https://www.openstreetmap.org/copyright,objeto_mapeado_nao_numero_de_carregadores
node/14205359176,,,,-2.4578488,-54.7192953,f,,,yes,publico_declarado,30,{},https://www.openstreetmap.org/node/14205359176,2026-09-22T02:53:54Z,2026-10-01T01:10:13Z,2026-10-01T01:12:13.509918+00:00,OpenStreetMap,ODbL-1.0,© OpenStreetMap contributors,https://www.openstreetmap.org/copyright,objeto_mapeado_nao_numero_de_carregadores
node/14205359177,,,,-2.4577054,-54.7191662,f,,,yes,publico_declarado,30,{},https://www.openstreetmap.org/node/14205359177,2026-09-22T02:53:54Z,2026-10-01T01:10:13Z,2026-10-01T01:12:13.509918+00:00,OpenStreetMap,ODbL-1.0,© OpenStreetMap contributors,https://www.openstreetmap.org/copyright,objeto_mapeado_nao_numero_de_carregadores
node/14213435213,,Petrobras,,-3.7136308,-53.7323349,f,,,yes,publico_declarado,40,{},https://www.openstreetmap.org/node/14213435213,2026-09-25T04:20:24Z,2026-10-01T01:10:13Z,2026-10-01T01:12:13.509918+00:00,OpenStreetMap,ODbL-1.0,© OpenStreetMap contributors,https://www.openstreetmap.org/copyright,objeto_mapeado_nao_numero_de_carregadores
node/4305047889,,Balsa Leia,,-1.9192939,-55.5156603,f,,,,nao_informado,,{},https://www.openstreetmap.org/node/4305047889,2016-12-13T19:12:32Z,2026-10-01T01:10:13Z,2026-10-01T01:12:13.509918+00:00,OpenStreetMap,ODbL-1.0,© OpenStreetMap contributors,https://www.openstreetmap.org/copyright,objeto_mapeado_nao_numero_de_carregadores
node/4324626090,,Auto Posto Porto,,-15.851941,-58.4704355,f,,,,nao_informado,,{},https://www.openstreetmap.org/node/4324626090,2018-06-14T00:43:21Z,2026-10-01T01:10:13Z,2026-10-01T01:12:13.509918+00:00,OpenStreetMap,ODbL-1.0,© OpenStreetMap contributors,https://www.openstreetmap.org/copyright,objeto_mapeado_nao_numero_de_carregadores
node/4380754491,Posto e Conveniência Celeiro,,,-12.0600494,-63.5575703,f,,,,nao_informado,,{},https://www.openstreetmap.org/node/4380754491,2016-09-02T13:41:43Z,2026-10-01T01:10:13Z,2026-10-01T01:12:13.509918+00:00,OpenStreetMap,ODbL-1.0,© OpenStreetMap contributors,https://www.openstreetmap.org/copyright,objeto_mapeado_nao_numero_de_carregadores
node/4391907990,,,,-10.9875913,-38.8011237,f,,,,nao_informado,,{},https://www.openstreetmap.org/node/4391907990,2016-09-08T14:59:07Z,2026-10-01T01:10:13Z,2026-10-01T01:12:13.509918+00:00,OpenStreetMap,ODbL-1.0,© OpenStreetMap contributors,https://www.openstreetmap.org/copyright,objeto_mapeado_nao_numero_de_carregadores
node/4406374089,,Petrobrás,,-29.8487759,-51.1418072,f,,,,nao_informado,,{},https://www.openstreetmap.org/node/4406374089,2017-06-03T03:17:48Z,2026-10-01T01:10:13Z,2026-10-01T01:12:13.509918+00:00,OpenStreetMap,ODbL-1.0,© OpenStreetMap contributors,https://www.openstreetmap.org/copyright,objeto_mapeado_nao_numero_de_carregadores
node/4450584394,,Ipiranga,,-6.0716894,-49.8977085,f,,,,nao_informado,,{},https://www.openstreetmap.org/node/4450584394,2016-10-16T15:37:27Z,2026-10-01T01:10:13Z,2026-10-01T01:12:13.509918+00:00,OpenStreetMap,ODbL-1.0,© OpenStreetMap contributors,https://www.openstreetmap.org/copyright,objeto_mapeado_nao_numero_de_carregadores
node/4493304798,posto Patrão,,,-10.876467,-61.9460593,f,,,,nao_informado,,{},https://www.openstreetmap.org/node/4493304798,2016-11-10T22:16:29Z,2026-10-01T01:10:13Z,2026-10-01T01:12:13.509918+00:00,OpenStreetMap,ODbL-1.0,© OpenStreetMap contributors,https://www.openstreetmap.org/copyright,objeto_mapeado_nao_numero_de_carregadores
node/4503244793,,Pedropaulo,,-2.8616839,-67.769798,f,,,,nao_informado,,{},https://www.openstreetmap.org/node/4503244793,2018-06-28T15:31:53Z,2026-10-01T01:10:13Z,2026-10-01T01:12:13.509918+00:00,OpenStreetMap,ODbL-1.0,© OpenStreetMap contributors,https://www.openstreetmap.org/copyright,objeto_mapeado_nao_numero_de_carregadores
node/4503280690,,Equador,,-2.8605419,-67.7703995,f,,,,nao_informado,,{},https://www.openstreetmap.org/node/4503280690,2016-11-15T23:36:19Z,2026-10-01T01:10:13Z,2026-10-01T01:12:13.509918+00:00,OpenStreetMap,ODbL-1.0,© OpenStreetMap contributors,https://www.openstreetmap.org/copyright,objeto_mapeado_nao_numero_de_carregadores
node/4549319921,,Auto posto Novo mundo,,-8.7768771,-50.4689332,f,,,,nao_informado,,{},https://www.openstreetmap.org/node/4549319921,2016-12-11T15:24:48Z,2026-10-01T01:10:13Z,2026-10-01T01:12:13.509918+00:00,OpenStreetMap,ODbL-1.0,© OpenStreetMap contributors,https://www.openstreetmap.org/copyright,objeto_mapeado_nao_numero_de_carregadores
node/4556211697,Posto Paizão,Posto Shell,,-28.6356251,-53.610052,f,,,,nao_informado,,{},https://www.openstreetmap.org/node/4556211697,2016-12-26T12:02:35Z,2026-10-01T01:10:13Z,2026-10-01T01:12:13.509918+00:00,OpenStreetMap,ODbL-1.0,© OpenStreetMap contributors,https://www.openstreetmap.org/copyright,objeto_mapeado_nao_numero_de_carregadores
node/4556251493,,Posto Ipiranga,,-28.6531775,-53.5892539,f,,,,nao_informado,,{},https://www.openstreetmap.org/node/4556251493,2017-06-18T18:12:20Z,2026-10-01T01:10:13Z,2026-10-01T01:12:13.509918+00:00,OpenStreetMap,ODbL-1.0,© OpenStreetMap contributors,https://www.openstreetmap.org/copyright,objeto_mapeado_nao_numero_de_carregadores
node/4557762766,Estrelar Auto Elétrica,,,-28.6468323,-53.5852484,f,,,,nao_informado,,{},https://www.openstreetmap.org/node/4557762766,2017-01-12T16:26:50Z,2026-10-01T01:10:13Z,2026-10-01T01:12:13.509918+00:00,OpenStreetMap,ODbL-1.0,© OpenStreetMap contributors,https://www.openstreetmap.org/copyright,objeto_mapeado_nao_numero_de_carregadores
node/4557938491,PROTTI,,,-28.6461669,-53.5962822,f,,,,nao_informado,,{},https://www.openstreetmap.org/node/4557938491,2018-01-23T14:11:12Z,2026-10-01T01:10:13Z,2026-10-01T01:12:13.509918+00:00,OpenStreetMap,ODbL-1.0,© OpenStreetMap contributors,https://www.openstreetmap.org/copyright,objeto_mapeado_nao_numero_de_carregadores
node/4565028090,,Ipiranga,,-8.7017417,-35.1567764,f,,,,nao_informado,,{},https://www.openstreetmap.org/node/4565028090,2016-12-21T12:37:15Z,2026-10-01T01:10:13Z,2026-10-01T01:12:13.509918+00:00,OpenStreetMap,ODbL-1.0,© OpenStreetMap contributors,https://www.openstreetmap.org/copyright,objeto_mapeado_nao_numero_de_carregadores
node/4572010593,,auto pisto mar- alegre BR,,-22.9469499,-43.0574955,f,,,,nao_informado,,{},https://www.openstreetmap.org/node/4572010593,2025-01-13T21:45:08Z,2026-10-01T01:10:13Z,2026-10-01T01:12:13.509918+00:00,OpenStreetMap,ODbL-1.0,© OpenStreetMap contributors,https://www.openstreetmap.org/copyright,objeto_mapeado_nao_numero_de_carregadores
node/4572572393,,Bandeira Petrobrás,,-20.480274,-54.6406611,f,,,,nao_informado,,{},https://www.openstreetmap.org/node/4572572393,2016-12-26T05:30:13Z,2026-10-01T01:10:13Z,2026-10-01T01:12:13.509918+00:00,OpenStreetMap,ODbL-1.0,© OpenStreetMap contributors,https://www.openstreetmap.org/copyright,objeto_mapeado_nao_numero_de_carregadores
node/4572582789,,Bandeira Grupo JD,,-20.4924163,-54.6491459,f,,,,nao_informado,,{},https://www.openstreetmap.org/node/4572582789,2016-12-26T05:30:15Z,2026-10-01T01:10:13Z,2026-10-01T01:12:13.509918+00:00,OpenStreetMap,ODbL-1.0,© OpenStreetMap contributors,https://www.openstreetmap.org/copyright,objeto_mapeado_nao_numero_de_carregadores
node/4582037290,,Ipiranga,,-6.0897752,-49.8585738,f,,,,nao_informado,,{},https://www.openstreetmap.org/node/4582037290,2022-07-13T13:25:41Z,2026-10-01T01:10:13Z,2026-10-01T01:12:13.509918+00:00,OpenStreetMap,ODbL-1.0,© OpenStreetMap contributors,https://www.openstreetmap.org/copyright,objeto_mapeado_nao_numero_de_carregadores
node/4582038191,,Petrobrás,,-6.0814076,-49.8568224,f,,,,nao_informado,,{},https://www.openstreetmap.org/node/4582038191,2025-09-12T01:39:00Z,2026-10-01T01:10:13Z,2026-10-01T01:12:13.509918+00:00,OpenStreetMap,ODbL-1.0,© OpenStreetMap contributors,https://www.openstreetmap.org/copyright,objeto_mapeado_nao_numero_de_carregadores
node/4584108395,,,,-28.5865236,-52.2039698,f,,,,nao_informado,,{},https://www.openstreetmap.org/node/4584108395,2017-01-01T17:48:16Z,2026-10-01T01:10:13Z,2026-10-01T01:12:13.509918+00:00,OpenStreetMap,ODbL-1.0,© OpenStreetMap contributors,https://www.openstreetmap.org/copyright,objeto_mapeado_nao_numero_de_carregadores
node/4584855597,,,,-29.3353583,-49.73252,f,,,,nao_informado,,{},https://www.openstreetmap.org/node/4584855597,2017-01-02T05:51:37Z,2026-10-01T01:10:13Z,2026-10-01T01:12:13.509918+00:00,OpenStreetMap,ODbL-1.0,© OpenStreetMap contributors,https://www.openstreetmap.org/copyright,objeto_mapeado_nao_numero_de_carregadores
node/4592819489,,Curitiba Eco Elétrico,,-25.4424143,-49.241076,f,,,,nao_informado,,{},https://www.openstreetmap.org/node/4592819489,2017-01-06T16:09:59Z,2026-10-01T01:10:13Z,2026-10-01T01:12:13.509918+00:00,OpenStreetMap,ODbL-1.0,© OpenStreetMap contributors,https://www.openstreetmap.org/copyright,objeto_mapeado_nao_numero_de_carregadores
node/4606999394,,BASE SA BOMON,,-3.1243995,-51.7214434,f,,,,nao_informado,,{},https://www.openstreetmap.org/node/4606999394,2017-01-13T23:28:29Z,2026-10-01T01:10:13Z,2026-10-01T01:12:13.509918+00:00,OpenStreetMap,ODbL-1.0,© OpenStreetMap contributors,https://www.openstreetmap.org/copyright,objeto_mapeado_nao_numero_de_carregadores
node/4610868389,,auto posto 3 corações,,-14.3143625,-49.1539578,f,,,,nao_informado,,{},https://www.openstreetmap.org/node/4610868389,2017-01-16T01:51:07Z,2026-10-01T01:10:13Z,2026-10-01T01:12:13.509918+00:00,OpenStreetMap,ODbL-1.0,© OpenStreetMap contributors,https://www.openstreetmap.org/copyright,objeto_mapeado_nao_numero_de_carregadores
node/4610868391,,auto posto hotel churrasqueira Belém Brasília,,-14.3149875,-49.150605,f,,,,nao_informado,,{},https://www.openstreetmap.org/node/4610868391,2017-01-16T01:51:12Z,2026-10-01T01:10:13Z,2026-10-01T01:12:13.509918+00:00,OpenStreetMap,ODbL-1.0,© OpenStreetMap contributors,https://www.openstreetmap.org/copyright,objeto_mapeado_nao_numero_de_carregadores
node/4614878389,,,,-23.5466205,-51.451983,f,,,,nao_informado,,{},https://www.openstreetmap.org/node/4614878389,2017-01-17T21:00:58Z,2026-10-01T01:10:13Z,2026-10-01T01:12:13.509918+00:00,OpenStreetMap,ODbL-1.0,© OpenStreetMap contributors,https://www.openstreetmap.org/copyright,objeto_mapeado_nao_numero_de_carregadores
node/4616238990,,Posto Toledo,,-21.7059385,-41.0404375,f,,,,nao_informado,,{},https://www.openstreetmap.org/node/4616238990,2026-01-20T03:30:30Z,2026-10-01T01:10:13Z,2026-10-01T01:12:13.509918+00:00,OpenStreetMap,ODbL-1.0,© OpenStreetMap contributors,https://www.openstreetmap.org/copyright,objeto_mapeado_nao_numero_de_carregadores
node/4616238991,,Posto Graffite,,-21.7030023,-41.0362613,f,,,,nao_informado,,{},https://www.openstreetmap.org/node/4616238991,2017-01-18T13:46:15Z,2026-10-01T01:10:13Z,2026-10-01T01:12:13.509918+00:00,OpenStreetMap,ODbL-1.0,© OpenStreetMap contributors,https://www.openstreetmap.org/copyright,objeto_mapeado_nao_numero_de_carregadores
node/4624938691,,Rede Marajó do Cariri,,-11.9051072,-49.174018,f,,,,nao_informado,,{},https://www.openstreetmap.org/node/4624938691,2017-01-23T08:46:17Z,2026-10-01T01:10:13Z,2026-10-01T01:12:13.509918+00:00,OpenStreetMap,ODbL-1.0,© OpenStreetMap contributors,https://www.openstreetmap.org/copyright,objeto_mapeado_nao_numero_de_carregadores
node/4628974813,,Posto Brasil,,-5.6167765,-45.7686658,f,,,,nao_informado,,{},https://www.openstreetmap.org/node/4628974813,2017-01-24T13:58:33Z,2026-10-01T01:10:13Z,2026-10-01T01:12:13.509918+00:00,OpenStreetMap,ODbL-1.0,© OpenStreetMap contributors,https://www.openstreetmap.org/copyright,objeto_mapeado_nao_numero_de_carregadores
node/4637903489,,Auto Posto Nova Olinda,,-7.6285043,-48.4263858,f,,,,nao_informado,,{},https://www.openstreetmap.org/node/4637903489,2017-01-27T16:07:06Z,2026-10-01T01:10:13Z,2026-10-01T01:12:13.509918+00:00,OpenStreetMap,ODbL-1.0,© OpenStreetMap contributors,https://www.openstreetmap.org/copyright,objeto_mapeado_nao_numero_de_carregadores
node/4649312895,,Posto Bolinha,,-25.4588262,-49.2619757,f,,,,nao_informado,,{},https://www.openstreetmap.org/node/4649312895,2017-01-31T20:32:06Z,2026-10-01T01:10:13Z,2026-10-01T01:12:13.509918+00:00,OpenStreetMap,ODbL-1.0,© OpenStreetMap contributors,https://www.openstreetmap.org/copyright,objeto_mapeado_nao_numero_de_carregadores
node/4653450999,,Megapetro,,-29.8901003,-50.275825,f,,,,nao_informado,,{},https://www.openstreetmap.org/node/4653450999,2017-02-01T18:15:42Z,2026-10-01T01:10:13Z,2026-10-01T01:12:13.509918+00:00,OpenStreetMap,ODbL-1.0,© OpenStreetMap contributors,https://www.openstreetmap.org/copyright,objeto_mapeado_nao_numero_de_carregadores
node/4658429490,,Posto Jatobá BR,,-8.8941941,-36.4956354,f,,,,nao_informado,,{},https://www.openstreetmap.org/node/4658429490,2017-02-03T04:07:12Z,2026-10-01T01:10:13Z,2026-10-01T01:12:13.509918+00:00,OpenStreetMap,ODbL-1.0,© OpenStreetMap contributors,https://www.openstreetmap.org/copyright,objeto_mapeado_nao_numero_de_carregadores
node/4664191294,,ipiringa,,-29.7593053,-57.0656058,f,,,,nao_informado,,{},https://www.openstreetmap.org/node/4664191294,2018-03-26T17:02:55Z,2026-10-01T01:10:13Z,2026-10-01T01:12:13.509918+00:00,OpenStreetMap,ODbL-1.0,© OpenStreetMap contributors,https://www.openstreetmap.org/copyright,objeto_mapeado_nao_numero_de_carregadores
node/4681043894,Posto Talismã,Ipiranga,,-4.1675213,-40.7525294,f,,,,nao_informado,,{},https://www.openstreetmap.org/node/4681043894,2017-09-30T02:14:44Z,2026-10-01T01:10:13Z,2026-10-01T01:12:13.509918+00:00,OpenStreetMap,ODbL-1.0,© OpenStreetMap contributors,https://www.openstreetmap.org/copyright,objeto_mapeado_nao_numero_de_carregadores
node/4683545689,,POSTO SERTÃ,,-7.8482197,-34.9095055,f,,,,nao_informado,,{},https://www.openstreetmap.org/node/4683545689,2019-02-10T21:53:36Z,2026-10-01T01:10:13Z,2026-10-01T01:12:13.509918+00:00,OpenStreetMap,ODbL-1.0,© OpenStreetMap contributors,https://www.openstreetmap.org/copyright,objeto_mapeado_nao_numero_de_carregadores
node/4688564590,,BR,,-3.7462426,-38.5851818,f,,,,nao_informado,,{},https://www.openstreetmap.org/node/4688564590,2023-04-21T00:35:10Z,2026-10-01T01:10:13Z,2026-10-01T01:12:13.509918+00:00,OpenStreetMap,ODbL-1.0,© OpenStreetMap contributors,https://www.openstreetmap.org/copyright,objeto_mapeado_nao_numero_de_carregadores
node/4692672413,,Sat,,-6.3381319,-35.3140321,f,,,,nao_informado,,{},https://www.openstreetmap.org/node/4692672413,2017-02-18T20:37:26Z,2026-10-01T01:10:13Z,2026-10-01T01:12:13.509918+00:00,OpenStreetMap,ODbL-1.0,© OpenStreetMap contributors,https://www.openstreetmap.org/copyright,objeto_mapeado_nao_numero_de_carregadores
node/4692710389,,Sat,,-6.335439,-35.2999211,f,,,,nao_informado,,{},https://www.openstreetmap.org/node/4692710389,2017-02-18T20:37:30Z,2026-10-01T01:10:13Z,2026-10-01T01:12:13.509918+00:00,OpenStreetMap,ODbL-1.0,© OpenStreetMap contributors,https://www.openstreetmap.org/copyright,objeto_mapeado_nao_numero_de_carregadores
node/4715091590,,GNV BR ARACATI,,-4.5783902,-37.7791617,f,,,,nao_informado,,{},https://www.openstreetmap.org/node/4715091590,2018-03-01T14:51:57Z,2026-10-01T01:10:13Z,2026-10-01T01:12:13.509918+00:00,OpenStreetMap,ODbL-1.0,© OpenStreetMap contributors,https://www.openstreetmap.org/copyright,objeto_mapeado_nao_numero_de_carregadores
node/4715773790,,Sat,,-6.3355801,-35.300003,f,,,,nao_informado,,{},https://www.openstreetmap.org/node/4715773790,2017-03-03T22:28:13Z,2026-10-01T01:10:13Z,2026-10-01T01:12:13.509918+00:00,OpenStreetMap,ODbL-1.0,© OpenStreetMap contributors,https://www.openstreetmap.org/copyright,objeto_mapeado_nao_numero_de_carregadores
node/4715780189,,Sat,,-6.3381434,-35.3140715,f,,,,nao_informado,,{},https://www.openstreetmap.org/node/4715780189,2017-03-03T22:26:37Z,2026-10-01T01:10:13Z,2026-10-01T01:12:13.509918+00:00,OpenStreetMap,ODbL-1.0,© OpenStreetMap contributors,https://www.openstreetmap.org/copyright,objeto_mapeado_nao_numero_de_carregadores
node/4726712289,,posto seta,,-8.2787392,-36.0042067,f,,,,nao_informado,,{},https://www.openstreetmap.org/node/4726712289,2017-03-09T20:55:43Z,2026-10-01T01:10:13Z,2026-10-01T01:12:13.509918+00:00,OpenStreetMap,ODbL-1.0,© OpenStreetMap contributors,https://www.openstreetmap.org/copyright,objeto_mapeado_nao_numero_de_carregadores
node/4735586927,,Ipiranga,,-30.3764126,-56.4522907,f,,,,nao_informado,,{},https://www.openstreetmap.org/node/4735586927,2017-03-15T06:24:56Z,2026-10-01T01:10:13Z,2026-10-01T01:12:13.509918+00:00,OpenStreetMap,ODbL-1.0,© OpenStreetMap contributors,https://www.openstreetmap.org/copyright,objeto_mapeado_nao_numero_de_carregadores
node/4735586928,,,,-30.3855634,-56.4401337,f,,,,nao_informado,,{},https://www.openstreetmap.org/node/4735586928,2017-03-15T06:25:00Z,2026-10-01T01:10:13Z,2026-10-01T01:12:13.509918+00:00,OpenStreetMap,ODbL-1.0,© OpenStreetMap contributors,https://www.openstreetmap.org/copyright,objeto_mapeado_nao_numero_de_carregadores
node/4741393330,,,,-16.6906974,-49.2574125,f,,,,nao_informado,,{},https://www.openstreetmap.org/node/4741393330,2017-03-18T12:40:24Z,2026-10-01T01:10:13Z,2026-10-01T01:12:13.509918+00:00,OpenStreetMap,ODbL-1.0,© OpenStreetMap contributors,https://www.openstreetmap.org/copyright,objeto_mapeado_nao_numero_de_carregadores
node/4742231421,,Boa Hora Project,,-8.3299846,-36.2239297,f,,,,nao_informado,,{},https://www.openstreetmap.org/node/4742231421,2017-03-18T22:31:50Z,2026-10-01T01:10:13Z,2026-10-01T01:12:13.509918+00:00,OpenStreetMap,ODbL-1.0,© OpenStreetMap contributors,https://www.openstreetmap.org/copyright,objeto_mapeado_nao_numero_de_carregadores
node/4756281122,,,,-12.9950869,-38.4762139,f,,,,nao_informado,,{},https://www.openstreetmap.org/node/4756281122,2017-03-26T13:30:30Z,2026-10-01T01:10:13Z,2026-10-01T01:12:13.509918+00:00,OpenStreetMap,ODbL-1.0,© OpenStreetMap contributors,https://www.openstreetmap.org/copyright,objeto_mapeado_nao_numero_de_carregadores
node/4760842726,,2802 - POSTO CENTRAL,,-8.5793127,-35.3860234,f,,,,nao_informado,,{},https://www.openstreetmap.org/node/4760842726,2017-03-28T23:28:05Z,2026-10-01T01:10:13Z,2026-10-01T01:12:13.509918+00:00,OpenStreetMap,ODbL-1.0,© OpenStreetMap contributors,https://www.openstreetmap.org/copyright,objeto_mapeado_nao_numero_de_carregadores
node/4762342849,,"2800 - AMPM, Germares conveniência",,-8.6799582,-35.1585008,f,,,,nao_informado,,{},https://www.openstreetmap.org/node/4762342849,2017-03-29T17:26:46Z,2026-10-01T01:10:13Z,2026-10-01T01:12:13.509918+00:00,OpenStreetMap,ODbL-1.0,© OpenStreetMap contributors,https://www.openstreetmap.org/copyright,objeto_mapeado_nao_numero_de_carregadores
node/4762824159,,2808 - CONVENIÊNCIA PETROX,,-8.8038874,-35.1877511,f,,,,nao_informado,,{},https://www.openstreetmap.org/node/4762824159,2017-03-29T20:14:42Z,2026-10-01T01:10:13Z,2026-10-01T01:12:13.509918+00:00,OpenStreetMap,ODbL-1.0,© OpenStreetMap contributors,https://www.openstreetmap.org/copyright,objeto_mapeado_nao_numero_de_carregadores
node/4790962823,,,,-28.173459,-53.4732253,f,,,,nao_informado,,{},https://www.openstreetmap.org/node/4790962823,2017-04-13T02:59:09Z,2026-10-01T01:10:13Z,2026-10-01T01:12:13.509918+00:00,OpenStreetMap,ODbL-1.0,© OpenStreetMap contributors,https://www.openstreetmap.org/copyright,objeto_mapeado_nao_numero_de_carregadores
node/4791443535,,POSTO UMBURUÇU,,-9.3259521,-40.4634509,f,,,,nao_informado,,{},https://www.openstreetmap.org/node/4791443535,2017-04-13T10:18:42Z,2026-10-01T01:10:13Z,2026-10-01T01:12:13.509918+00:00,OpenStreetMap,ODbL-1.0,© OpenStreetMap contributors,https://www.openstreetmap.org/copyright,objeto_mapeado_nao_numero_de_carregadores
node/4791451027,,3026 - POSTO CACHOEIRA 2,,-8.0795808,-39.1312595,f,,,,nao_informado,,{},https://www.openstreetmap.org/node/4791451027,2017-04-13T10:17:40Z,2026-10-01T01:10:13Z,2026-10-01T01:12:13.509918+00:00,OpenStreetMap,ODbL-1.0,© OpenStreetMap contributors,https://www.openstreetmap.org/copyright,objeto_mapeado_nao_numero_de_carregadores
node/4791465922,,3079 - POSTO CACHOEIRA 4,,-8.096094,-39.5858624,f,,,,nao_informado,,{},https://www.openstreetmap.org/node/4791465922,2020-04-10T16:48:40Z,2026-10-01T01:10:13Z,2026-10-01T01:12:13.509918+00:00,OpenStreetMap,ODbL-1.0,© OpenStreetMap contributors,https://www.openstreetmap.org/copyright,objeto_mapeado_nao_numero_de_carregadores
node/4794306230,,POSTO VERCOL 2,,-8.0621634,-39.1185872,f,,,,nao_informado,,{},https://www.openstreetmap.org/node/4794306230,2017-04-15T00:45:18Z,2026-10-01T01:10:13Z,2026-10-01T01:12:13.509918+00:00,OpenStreetMap,ODbL-1.0,© OpenStreetMap contributors,https://www.openstreetmap.org/copyright,objeto_mapeado_nao_numero_de_carregadores
node/4795166726,,WA - TAURUS,,-20.4667233,-55.7816601,f,,,,nao_informado,,{},https://www.openstreetmap.org/node/4795166726,2017-04-16T00:21:11Z,2026-10-01T01:10:13Z,2026-10-01T01:12:13.509918+00:00,OpenStreetMap,ODbL-1.0,© OpenStreetMap contributors,https://www.openstreetmap.org/copyright,objeto_mapeado_nao_numero_de_carregadores
node/4795791923,,,,-5.4534426,-44.4600041,f,,,,nao_informado,,{},https://www.openstreetmap.org/node/4795791923,2017-04-15T21:27:07Z,2026-10-01T01:10:13Z,2026-10-01T01:12:13.509918+00:00,OpenStreetMap,ODbL-1.0,© OpenStreetMap contributors,https://www.openstreetmap.org/copyright,objeto_mapeado_nao_numero_de_carregadores
node/4802042236,,AUTO POSTO BEZERRA,,-7.5869021,-37.5382207,f,,,,nao_informado,,{},https://www.openstreetmap.org/node/4802042236,2017-04-18T17:57:10Z,2026-10-01T01:10:13Z,2026-10-01T01:12:13.509918+00:00,OpenStreetMap,ODbL-1.0,© OpenStreetMap contributors,https://www.openstreetmap.org/copyright,objeto_mapeado_nao_numero_de_carregadores
node/4805650324,,ipiranga,,-13.3692468,-39.0706836,f,,,,nao_informado,,{},https://www.openstreetmap.org/node/4805650324,2017-04-20T11:41:40Z,2026-10-01T01:10:13Z,2026-10-01T01:12:13.509918+00:00,OpenStreetMap,ODbL-1.0,© OpenStreetMap contributors,https://www.openstreetmap.org/copyright,objeto_mapeado_nao_numero_de_carregadores
node/4806120322,,AUTO POSTO MARAVILHA 2,,-7.986487,-38.2905457,f,,,,nao_informado,,{},https://www.openstreetmap.org/node/4806120322,2017-04-20T16:43:48Z,2026-10-01T01:10:13Z,2026-10-01T01:12:13.509918+00:00,OpenStreetMap,ODbL-1.0,© OpenStreetMap contributors,https://www.openstreetmap.org/copyright,objeto_mapeado_nao_numero_de_carregadores
node/4807447521,,,,-6.0727892,-49.8667124,f,,,,nao_informado,,{},https://www.openstreetmap.org/node/4807447521,2017-04-21T11:40:05Z,2026-10-01T01:10:13Z,2026-10-01T01:12:13.509918+00:00,OpenStreetMap,ODbL-1.0,© OpenStreetMap contributors,https://www.openstreetmap.org/copyright,objeto_mapeado_nao_numero_de_carregadores
node/4809609621,,,,-6.0781921,-49.9127061,f,,,,nao_informado,,{},https://www.openstreetmap.org/node/4809609621,2017-04-22T11:38:36Z,2026-10-01T01:10:13Z,2026-10-01T01:12:13.509918+00:00,OpenStreetMap,ODbL-1.0,© OpenStreetMap contributors,https://www.openstreetmap.org/copyright,objeto_mapeado_nao_numero_de_carregadores
node/4833360622,,Posto Caracol,,-5.0232173,-56.1867318,f,,,,nao_informado,,{},https://www.openstreetmap.org/node/4833360622,2017-05-03T19:44:12Z,2026-10-01T01:10:13Z,2026-10-01T01:12:13.509918+00:00,OpenStreetMap,ODbL-1.0,© OpenStreetMap contributors,https://www.openstreetmap.org/copyright,objeto_mapeado_nao_numero_de_carregadores
node/4833371721,,Posto Ipiranga - Míriam,,-4.3468797,-55.7881323,f,,,,nao_informado,,{},https://www.openstreetmap.org/node/4833371721,2018-12-27T13:27:21Z,2026-10-01T01:10:13Z,2026-10-01T01:12:13.509918+00:00,OpenStreetMap,ODbL-1.0,© OpenStreetMap contributors,https://www.openstreetmap.org/copyright,objeto_mapeado_nao_numero_de_carregadores
node/4840101722,,Ipiranga,,-23.2798452,-50.0554445,f,,,,nao_informado,,{},https://www.openstreetmap.org/node/4840101722,2020-01-18T17:01:55Z,2026-10-01T01:10:13Z,2026-10-01T01:12:13.509918+00:00,OpenStreetMap,ODbL-1.0,© OpenStreetMap contributors,https://www.openstreetmap.org/copyright,objeto_mapeado_nao_numero_de_carregadores
node/4856083921,,Líder,,-21.7369309,-43.4423561,f,,,,nao_informado,,{},https://www.openstreetmap.org/node/4856083921,2025-11-29T18:52:05Z,2026-10-01T01:10:13Z,2026-10-01T01:12:13.509918+00:00,OpenStreetMap,ODbL-1.0,© OpenStreetMap contributors,https://www.openstreetmap.org/copyright,objeto_mapeado_nao_numero_de_carregadores
node/4858345621,,,,3.3655523,-59.8401516,f,,,,nao_informado,,{},https://www.openstreetmap.org/node/4858345621,2017-05-16T19:44:47Z,2026-10-01T01:10:13Z,2026-10-01T01:12:13.509918+00:00,OpenStreetMap,ODbL-1.0,© OpenStreetMap contributors,https://www.openstreetmap.org/copyright,objeto_mapeado_nao_numero_de_carregadores
node/4859977223,Posto Medeiros,Bandeira Branca,,-16.6644533,-49.2799114,f,,,,nao_informado,,{},https://www.openstreetmap.org/node/4859977223,2021-04-19T21:44:41Z,2026-10-01T01:10:13Z,2026-10-01T01:12:13.509918+00:00,OpenStreetMap,ODbL-1.0,© OpenStreetMap contributors,https://www.openstreetmap.org/copyright,objeto_mapeado_nao_numero_de_carregadores
node/4880374522,,Posto Dom Eliseu,,-4.312501,-47.5532271,f,,,,nao_informado,,{},https://www.openstreetmap.org/node/4880374522,2017-05-27T16:25:47Z,2026-10-01T01:10:13Z,2026-10-01T01:12:13.509918+00:00,OpenStreetMap,ODbL-1.0,© OpenStreetMap contributors,https://www.openstreetmap.org/copyright,objeto_mapeado_nao_numero_de_carregadores
node/4883611726,,,,-19.4987459,-41.9773688,f,,,,nao_informado,,{},https://www.openstreetmap.org/node/4883611726,2026-05-24T21:10:04Z,2026-10-01T01:10:13Z,2026-10-01T01:12:13.509918+00:00,OpenStreetMap,ODbL-1.0,© OpenStreetMap contributors,https://www.openstreetmap.org/copyright,objeto_mapeado_nao_numero_de_carregadores
node/4894584421,,Taurus,,-20.350113,-56.1561919,f,,,,nao_informado,,{},https://www.openstreetmap.org/node/4894584421,2017-06-04T01:56:39Z,2026-10-01T01:10:13Z,2026-10-01T01:12:13.509918+00:00,OpenStreetMap,ODbL-1.0,© OpenStreetMap contributors,https://www.openstreetmap.org/copyright,objeto_mapeado_nao_numero_de_carregadores
node/4894620822,,Taurus,,-20.6520776,-55.8983273,f,,,,nao_informado,,{},https://www.openstreetmap.org/node/4894620822,2017-06-04T03:11:29Z,2026-10-01T01:10:13Z,2026-10-01T01:12:13.509918+00:00,OpenStreetMap,ODbL-1.0,© OpenStreetMap contributors,https://www.openstreetmap.org/copyright,objeto_mapeado_nao_numero_de_carregadores
node/4896288025,,,,-20.4729376,-55.7934858,f,,,,nao_informado,,{},https://www.openstreetmap.org/node/4896288025,2017-06-05T02:58:27Z,2026-10-01T01:10:13Z,2026-10-01T01:12:13.509918+00:00,OpenStreetMap,ODbL-1.0,© OpenStreetMap contributors,https://www.openstreetmap.org/copyright,objeto_mapeado_nao_numero_de_carregadores
node/4919875122,,POSTO SÃO JOÃO BATISTA (BR),,-7.5759824,-40.5100458,f,,,,nao_informado,,{},https://www.openstreetmap.org/node/4919875122,2018-03-01T14:51:57Z,2026-10-01T01:10:13Z,2026-10-01T01:12:13.509918+00:00,OpenStreetMap,ODbL-1.0,© OpenStreetMap contributors,https://www.openstreetmap.org/copyright,objeto_mapeado_nao_numero_de_carregadores
node/4936168324,,Posto Terras Altas,,-22.273609,-44.8764036,f,,,,nao_informado,,{},https://www.openstreetmap.org/node/4936168324,2017-06-25T21:48:29Z,2026-10-01T01:10:13Z,2026-10-01T01:12:13.509918+00:00,OpenStreetMap,ODbL-1.0,© OpenStreetMap contributors,https://www.openstreetmap.org/copyright,objeto_mapeado_nao_numero_de_carregadores
node/4949362224,,Petrobras,,-18.5942435,-46.5124107,f,,,,nao_informado,,{},https://www.openstreetmap.org/node/4949362224,2017-07-03T18:12:32Z,2026-10-01T01:10:13Z,2026-10-01T01:12:13.509918+00:00,OpenStreetMap,ODbL-1.0,© OpenStreetMap contributors,https://www.openstreetmap.org/copyright,objeto_mapeado_nao_numero_de_carregadores
node/4949389421,,Shell,,-18.5960102,-46.515508,f,,,,nao_informado,,{},https://www.openstreetmap.org/node/4949389421,2022-07-18T17:36:25Z,2026-10-01T01:10:13Z,2026-10-01T01:12:13.509918+00:00,OpenStreetMap,ODbL-1.0,© OpenStreetMap contributors,https://www.openstreetmap.org/copyright,objeto_mapeado_nao_numero_de_carregadores
node/4950821221,,Petrobras,,-19.0399727,-46.222983,f,,,,nao_informado,,{},https://www.openstreetmap.org/node/4950821221,2017-07-04T11:53:15Z,2026-10-01T01:10:13Z,2026-10-01T01:12:13.509918+00:00,OpenStreetMap,ODbL-1.0,© OpenStreetMap contributors,https://www.openstreetmap.org/copyright,objeto_mapeado_nao_numero_de_carregadores
node/4978088229,,Ipiranga Chammas,,-23.1974233,-49.7563619,f,,,,nao_informado,,{},https://www.openstreetmap.org/node/4978088229,2017-07-18T20:28:51Z,2026-10-01T01:10:13Z,2026-10-01T01:12:13.509918+00:00,OpenStreetMap,ODbL-1.0,© OpenStreetMap contributors,https://www.openstreetmap.org/copyright,objeto_mapeado_nao_numero_de_carregadores
node/4978121522,,Posto Combustível Chammas,,-23.191972,-49.7573221,f,,,,nao_informado,,{},https://www.openstreetmap.org/node/4978121522,2017-07-27T14:17:41Z,2026-10-01T01:10:13Z,2026-10-01T01:12:13.509918+00:00,OpenStreetMap,ODbL-1.0,© OpenStreetMap contributors,https://www.openstreetmap.org/copyright,objeto_mapeado_nao_numero_de_carregadores
node/4983903821,,posto Zrma,,-18.4559961,-50.4536279,f,,,,nao_informado,,{},https://www.openstreetmap.org/node/4983903821,2017-07-20T22:59:41Z,2026-10-01T01:10:13Z,2026-10-01T01:12:13.509918+00:00,OpenStreetMap,ODbL-1.0,© OpenStreetMap contributors,https://www.openstreetmap.org/copyright,objeto_mapeado_nao_numero_de_carregadores
node/4983903826,,posto Jacarezinho,,-18.4465348,-50.4570783,f,,,,nao_informado,,{},https://www.openstreetmap.org/node/4983903826,2017-07-20T23:00:11Z,2026-10-01T01:10:13Z,2026-10-01T01:12:13.509918+00:00,OpenStreetMap,ODbL-1.0,© OpenStreetMap contributors,https://www.openstreetmap.org/copyright,objeto_mapeado_nao_numero_de_carregadores
node/4983903827,,posto Central,,-18.4478733,-50.4555572,f,,,,nao_informado,,{},https://www.openstreetmap.org/node/4983903827,2017-07-20T23:00:13Z,2026-10-01T01:10:13Z,2026-10-01T01:12:13.509918+00:00,OpenStreetMap,ODbL-1.0,© OpenStreetMap contributors,https://www.openstreetmap.org/copyright,objeto_mapeado_nao_numero_de_carregadores
node/4983903829,,posto varejão,,-18.449399,-50.4475032,f,,,,nao_informado,,{},https://www.openstreetmap.org/node/4983903829,2017-07-20T23:00:24Z,2026-10-01T01:10:13Z,2026-10-01T01:12:13.509918+00:00,OpenStreetMap,ODbL-1.0,© OpenStreetMap contributors,https://www.openstreetmap.org/copyright,objeto_mapeado_nao_numero_de_carregadores
node/4983903830,,posto Jacarezinho 2,,-18.4495282,-50.4452577,f,,,,nao_informado,,{},https://www.openstreetmap.org/node/4983903830,2023-11-29T19:15:37Z,2026-10-01T01:10:13Z,2026-10-01T01:12:13.509918+00:00,OpenStreetMap,ODbL-1.0,© OpenStreetMap contributors,https://www.openstreetmap.org/copyright,objeto_mapeado_nao_numero_de_carregadores
node/4983903832,,posto Lucas,,-18.4483128,-50.439158,f,,,,nao_informado,,{},https://www.openstreetmap.org/node/4983903832,2019-05-23T16:54:37Z,2026-10-01T01:10:13Z,2026-10-01T01:12:13.509918+00:00,OpenStreetMap,ODbL-1.0,© OpenStreetMap contributors,https://www.openstreetmap.org/copyright,objeto_mapeado_nao_numero_de_carregadores
node/4983904030,,POSTO SAO JUDAS TADEU 1,,-18.4523005,-50.4498137,f,,,,nao_informado,,{},https://www.openstreetmap.org/node/4983904030,2023-11-29T19:21:16Z,2026-10-01T01:10:13Z,2026-10-01T01:12:13.509918+00:00,OpenStreetMap,ODbL-1.0,© OpenStreetMap contributors,https://www.openstreetmap.org/copyright,objeto_mapeado_nao_numero_de_carregadores
node/4983904321,,,,-18.4494216,-50.4521335,f,,,,nao_informado,,{},https://www.openstreetmap.org/node/4983904321,2017-07-20T23:00:05Z,2026-10-01T01:10:13Z,2026-10-01T01:12:13.509918+00:00,OpenStreetMap,ODbL-1.0,© OpenStreetMap contributors,https://www.openstreetmap.org/copyright,objeto_mapeado_nao_numero_de_carregadores
node/4983904322,,BANDEIRA BRANCA,,-18.4499427,-50.4442872,f,,,,nao_informado,,{},https://www.openstreetmap.org/node/4983904322,2023-11-29T19:14:28Z,2026-10-01T01:10:13Z,2026-10-01T01:12:13.509918+00:00,OpenStreetMap,ODbL-1.0,© OpenStreetMap contributors,https://www.openstreetmap.org/copyright,objeto_mapeado_nao_numero_de_carregadores
node/4983946329,,,,-18.4479987,-50.4495245,f,,,,nao_informado,,{},https://www.openstreetmap.org/node/4983946329,2017-07-21T00:19:04Z,2026-10-01T01:10:13Z,2026-10-01T01:12:13.509918+00:00,OpenStreetMap,ODbL-1.0,© OpenStreetMap contributors,https://www.openstreetmap.org/copyright,objeto_mapeado_nao_numero_de_carregadores
node/4983960826,,,,-18.448398,-50.4482816,f,,,,nao_informado,,{},https://www.openstreetmap.org/node/4983960826,2017-07-21T00:19:08Z,2026-10-01T01:10:13Z,2026-10-01T01:12:13.509918+00:00,OpenStreetMap,ODbL-1.0,© OpenStreetMap contributors,https://www.openstreetmap.org/copyright,objeto_mapeado_nao_numero_de_carregadores
node/4990278821,,Posto JB II,,-8.8826158,-36.4781466,f,,,,nao_informado,,{},https://www.openstreetmap.org/node/4990278821,2022-10-28T03:45:45Z,2026-10-01T01:10:13Z,2026-10-01T01:12:13.509918+00:00,OpenStreetMap,ODbL-1.0,© OpenStreetMap contributors,https://www.openstreetmap.org/copyright,objeto_mapeado_nao_numero_de_carregadores
node/4998875823,,Petrobras - Posto Luma,,-19.7685873,-44.0922267,f,,,,nao_informado,,{},https://www.openstreetmap.org/node/4998875823,2017-07-28T02:53:06Z,2026-10-01T01:10:13Z,2026-10-01T01:12:13.509918+00:00,OpenStreetMap,ODbL-1.0,© OpenStreetMap contributors,https://www.openstreetmap.org/copyright,objeto_mapeado_nao_numero_de_carregadores
node/5000975722,,Petrobras,,-25.4189072,-49.9969186,f,,,,nao_informado,,{},https://www.openstreetmap.org/node/5000975722,2017-07-29T03:49:59Z,2026-10-01T01:10:13Z,2026-10-01T01:12:13.509918+00:00,OpenStreetMap,ODbL-1.0,© OpenStreetMap contributors,https://www.openstreetmap.org/copyright,objeto_mapeado_nao_numero_de_carregadores
node/5015597421,,Shell,,-12.1475309,-44.9943831,f,,,,nao_informado,,{},https://www.openstreetmap.org/node/5015597421,2022-10-21T15:13:28Z,2026-10-01T01:10:13Z,2026-10-01T01:12:13.509918+00:00,OpenStreetMap,ODbL-1.0,© OpenStreetMap contributors,https://www.openstreetmap.org/copyright,objeto_mapeado_nao_numero_de_carregadores
node/5038970021,,Petrobras Belvedere (podium),,-21.2303082,-43.7898943,f,,,,nao_informado,,{},https://www.openstreetmap.org/node/5038970021,2017-08-16T11:59:42Z,2026-10-01T01:10:13Z,2026-10-01T01:12:13.509918+00:00,OpenStreetMap,ODbL-1.0,© OpenStreetMap contributors,https://www.openstreetmap.org/copyright,objeto_mapeado_nao_numero_de_carregadores
node/5148630023,,Ellca,,-1.4650827,-48.4937825,f,,,,nao_informado,,{},https://www.openstreetmap.org/node/5148630023,2017-10-04T23:57:19Z,2026-10-01T01:10:13Z,2026-10-01T01:12:13.509918+00:00,OpenStreetMap,ODbL-1.0,© OpenStreetMap contributors,https://www.openstreetmap.org/copyright,objeto_mapeado_nao_numero_de_carregadores
node/5231546821,,Cigas Companhia de Gas do Amazonas,,-3.0567684,-60.0250796,f,,,,nao_informado,,{},https://www.openstreetmap.org/node/5231546821,2017-11-15T23:48:48Z,2026-10-01T01:10:13Z,2026-10-01T01:12:13.509918+00:00,OpenStreetMap,ODbL-1.0,© OpenStreetMap contributors,https://www.openstreetmap.org/copyright,objeto_mapeado_nao_numero_de_carregadores
node/5261182014,,Posto BR,,-1.3755333,-48.4149001,f,,,,nao_informado,,{},https://www.openstreetmap.org/node/5261182014,2022-08-15T16:56:52Z,2026-10-01T01:10:13Z,2026-10-01T01:12:13.509918+00:00,OpenStreetMap,ODbL-1.0,© OpenStreetMap contributors,https://www.openstreetmap.org/copyright,objeto_mapeado_nao_numero_de_carregadores
node/5350108821,,Barreiras 2 (São Pedro),,-12.1741062,-44.8106133,f,,,,nao_informado,,{},https://www.openstreetmap.org/node/5350108821,2018-01-20T00:36:54Z,2026-10-01T01:10:13Z,2026-10-01T01:12:13.509918+00:00,OpenStreetMap,ODbL-1.0,© OpenStreetMap contributors,https://www.openstreetmap.org/copyright,objeto_mapeado_nao_numero_de_carregadores
node/5649812371,Assai Vila Guilherme,,,-23.5220436,-46.6017625,f,,,,nao_informado,,{},https://www.openstreetmap.org/node/5649812371,2024-11-10T02:27:43Z,2026-10-01T01:10:13Z,2026-10-01T01:12:13.509918+00:00,OpenStreetMap,ODbL-1.0,© OpenStreetMap contributors,https://www.openstreetmap.org/copyright,objeto_mapeado_nao_numero_de_carregadores
node/6302105785,,Usina hidrelétrica Salto do Vau,,-26.035058,-51.1920765,f,,,,nao_informado,,{},https://www.openstreetmap.org/node/6302105785,2019-02-25T20:16:14Z,2026-10-01T01:10:13Z,2026-10-01T01:12:13.509918+00:00,OpenStreetMap,ODbL-1.0,© OpenStreetMap contributors,https://www.openstreetmap.org/copyright,objeto_mapeado_nao_numero_de_carregadores
node/6361077255,Mobike,,,-23.5720384,-46.6965196,f,,,,nao_informado,,{},https://www.openstreetmap.org/node/6361077255,2025-07-10T19:51:11Z,2026-10-01T01:10:13Z,2026-10-01T01:12:13.509918+00:00,OpenStreetMap,ODbL-1.0,© OpenStreetMap contributors,https://www.openstreetmap.org/copyright,objeto_mapeado_nao_numero_de_carregadores
node/6401386518,,,,-3.7713175,-38.481439,f,,,,nao_informado,,{},https://www.openstreetmap.org/node/6401386518,2019-04-12T20:32:08Z,2026-10-01T01:10:13Z,2026-10-01T01:12:13.509918+00:00,OpenStreetMap,ODbL-1.0,© OpenStreetMap contributors,https://www.openstreetmap.org/copyright,objeto_mapeado_nao_numero_de_carregadores
node/6401386519,,,,-3.7712991,-38.4813128,f,,,,nao_informado,,{},https://www.openstreetmap.org/node/6401386519,2019-04-12T20:32:08Z,2026-10-01T01:10:13Z,2026-10-01T01:12:13.509918+00:00,OpenStreetMap,ODbL-1.0,© OpenStreetMap contributors,https://www.openstreetmap.org/copyright,objeto_mapeado_nao_numero_de_carregadores
node/6512348929,Posto Mirante,,,-15.4756833,-55.7335447,f,,,,nao_informado,,{},https://www.openstreetmap.org/node/6512348929,2019-05-31T01:53:00Z,2026-10-01T01:10:13Z,2026-10-01T01:12:13.509918+00:00,OpenStreetMap,ODbL-1.0,© OpenStreetMap contributors,https://www.openstreetmap.org/copyright,objeto_mapeado_nao_numero_de_carregadores
node/6757448841,,EDP,,-20.3145983,-40.2905974,f,,,,nao_informado,,{},https://www.openstreetmap.org/node/6757448841,2019-08-29T16:35:32Z,2026-10-01T01:10:13Z,2026-10-01T01:12:13.509918+00:00,OpenStreetMap,ODbL-1.0,© OpenStreetMap contributors,https://www.openstreetmap.org/copyright,objeto_mapeado_nao_numero_de_carregadores
node/6852378964,Posto de Carregamento EDP,EDP,,-20.2805718,-40.2880122,f,,,yes,publico_declarado,,{},https://www.openstreetmap.org/node/6852378964,2019-10-04T17:52:03Z,2026-10-01T01:10:13Z,2026-10-01T01:12:13.509918+00:00,OpenStreetMap,ODbL-1.0,© OpenStreetMap contributors,https://www.openstreetmap.org/copyright,objeto_mapeado_nao_numero_de_carregadores
node/7031910085,,Marconi,,-5.7252194,-35.2636748,f,,,,nao_informado,,{},https://www.openstreetmap.org/node/7031910085,2019-12-04T12:34:24Z,2026-10-01T01:10:13Z,2026-10-01T01:12:13.509918+00:00,OpenStreetMap,ODbL-1.0,© OpenStreetMap contributors,https://www.openstreetmap.org/copyright,objeto_mapeado_nao_numero_de_carregadores
node/7052772385,,,,-30.1958095,-50.6568395,f,,,,nao_informado,,{},https://www.openstreetmap.org/node/7052772385,2019-12-12T18:23:12Z,2026-10-01T01:10:13Z,2026-10-01T01:12:13.509918+00:00,OpenStreetMap,ODbL-1.0,© OpenStreetMap contributors,https://www.openstreetmap.org/copyright,objeto_mapeado_nao_numero_de_carregadores
node/7098550069,,ABB BRasil,,-23.5015679,-46.733278,f,,,yes,publico_declarado,,{},https://www.openstreetmap.org/node/7098550069,2019-12-31T16:35:21Z,2026-10-01T01:10:13Z,2026-10-01T01:12:13.509918+00:00,OpenStreetMap,ODbL-1.0,© OpenStreetMap contributors,https://www.openstreetmap.org/copyright,objeto_mapeado_nao_numero_de_carregadores
node/7174911428,Eletrovia Paranaense,Copel,,-25.4593899,-51.9513483,f,,,,nao_informado,,"{""socket:chademo"": ""1"", ""socket:type2"": ""1"", ""socket:type2_combo"": ""1""}",https://www.openstreetmap.org/node/7174911428,2026-03-10T07:49:40Z,2026-10-01T01:10:13Z,2026-10-01T01:12:13.509918+00:00,OpenStreetMap,ODbL-1.0,© OpenStreetMap contributors,https://www.openstreetmap.org/copyright,objeto_mapeado_nao_numero_de_carregadores
node/8122125803,,Parceria Solar,,-29.6892348,-53.7930779,f,,,,nao_informado,1,{},https://www.openstreetmap.org/node/8122125803,2020-11-15T22:34:15Z,2026-10-01T01:10:13Z,2026-10-01T01:12:13.509918+00:00,OpenStreetMap,ODbL-1.0,© OpenStreetMap contributors,https://www.openstreetmap.org/copyright,objeto_mapeado_nao_numero_de_carregadores
node/8793186704,Estação de Carregamento de Carros Elétricos ou Híbridos,Pátio Shopping,Porsche,-27.0703977,-52.626905,f,,,customers,restrito_declarado,2,{},https://www.openstreetmap.org/node/8793186704,2021-06-02T22:41:27Z,2026-10-01T01:10:13Z,2026-10-01T01:12:13.509918+00:00,OpenStreetMap,ODbL-1.0,© OpenStreetMap contributors,https://www.openstreetmap.org/copyright,objeto_mapeado_nao_numero_de_carregadores
node/8843546330,,,,-27.7940994,-50.2838641,f,,,,nao_informado,2,{},https://www.openstreetmap.org/node/8843546330,2022-02-13T19:55:19Z,2026-10-01T01:10:13Z,2026-10-01T01:12:13.509918+00:00,OpenStreetMap,ODbL-1.0,© OpenStreetMap contributors,https://www.openstreetmap.org/copyright,objeto_mapeado_nao_numero_de_carregadores
node/9136401881,,Blumenau Norte Shopping,,-26.8636876,-49.0934814,f,,,,nao_informado,2,"{""socket:type2"": ""2""}",https://www.openstreetmap.org/node/9136401881,2025-12-10T16:25:55Z,2026-10-01T01:10:13Z,2026-10-01T01:12:13.509918+00:00,OpenStreetMap,ODbL-1.0,© OpenStreetMap contributors,https://www.openstreetmap.org/copyright,objeto_mapeado_nao_numero_de_carregadores
node/9136401882,,Shopping Neumarkt,,-26.92017,-49.0698469,f,,,,nao_informado,2,"{""socket:type2"": ""2""}",https://www.openstreetmap.org/node/9136401882,2021-09-30T23:06:19Z,2026-10-01T01:10:13Z,2026-10-01T01:12:13.509918+00:00,OpenStreetMap,ODbL-1.0,© OpenStreetMap contributors,https://www.openstreetmap.org/copyright,objeto_mapeado_nao_numero_de_carregadores
node/9225529282,Eletroposto Volvo,,,-29.2681815,-50.3026039,f,,,,nao_informado,,{},https://www.openstreetmap.org/node/9225529282,2021-11-05T00:04:47Z,2026-10-01T01:10:13Z,2026-10-01T01:12:13.509918+00:00,OpenStreetMap,ODbL-1.0,© OpenStreetMap contributors,https://www.openstreetmap.org/copyright,objeto_mapeado_nao_numero_de_carregadores
node/9377925973,,,,-5.8514428,-35.2058373,f,,,,nao_informado,2,{},https://www.openstreetmap.org/node/9377925973,2022-03-14T00:44:43Z,2026-10-01T01:10:13Z,2026-10-01T01:12:13.509918+00:00,OpenStreetMap,ODbL-1.0,© OpenStreetMap contributors,https://www.openstreetmap.org/copyright,objeto_mapeado_nao_numero_de_carregadores
node/9377925974,,,,-5.8514459,-35.2058255,f,,,,nao_informado,,{},https://www.openstreetmap.org/node/9377925974,2021-12-30T02:25:36Z,2026-10-01T01:10:13Z,2026-10-01T01:12:13.509918+00:00,OpenStreetMap,ODbL-1.0,© OpenStreetMap contributors,https://www.openstreetmap.org/copyright,objeto_mapeado_nao_numero_de_carregadores
node/9480171164,Plaza,,,-8.0362673,-34.9129013,f,,,yes,publico_declarado,2,{},https://www.openstreetmap.org/node/9480171164,2022-02-05T05:10:10Z,2026-10-01T01:10:13Z,2026-10-01T01:12:13.509918+00:00,OpenStreetMap,ODbL-1.0,© OpenStreetMap contributors,https://www.openstreetmap.org/copyright,objeto_mapeado_nao_numero_de_carregadores
node/9480171165,,Ferreira Costa,,-8.030758,-34.9022679,f,,,yes,publico_declarado,2,{},https://www.openstreetmap.org/node/9480171165,2023-08-08T19:37:33Z,2026-10-01T01:10:13Z,2026-10-01T01:12:13.509918+00:00,OpenStreetMap,ODbL-1.0,© OpenStreetMap contributors,https://www.openstreetmap.org/copyright,objeto_mapeado_nao_numero_de_carregadores
node/9480171166,Riomar - Estacionamento D3,,,-8.0864867,-34.8937857,f,,,yes,publico_declarado,1,{},https://www.openstreetmap.org/node/9480171166,2022-02-05T05:10:10Z,2026-10-01T01:10:13Z,2026-10-01T01:12:13.509918+00:00,OpenStreetMap,ODbL-1.0,© OpenStreetMap contributors,https://www.openstreetmap.org/copyright,objeto_mapeado_nao_numero_de_carregadores
node/9480171167,Riomar - 1,,,-8.0859264,-34.8949015,f,,,,nao_informado,2,{},https://www.openstreetmap.org/node/9480171167,2022-02-05T05:10:10Z,2026-10-01T01:10:13Z,2026-10-01T01:12:13.509918+00:00,OpenStreetMap,ODbL-1.0,© OpenStreetMap contributors,https://www.openstreetmap.org/copyright,objeto_mapeado_nao_numero_de_carregadores
node/9480171168,Ferreira Costa - B,,,-8.030732,-34.9025604,f,,,yes,publico_declarado,1,{},https://www.openstreetmap.org/node/9480171168,2022-02-05T05:10:10Z,2026-10-01T01:10:13Z,2026-10-01T01:12:13.509918+00:00,OpenStreetMap,ODbL-1.0,© OpenStreetMap contributors,https://www.openstreetmap.org/copyright,objeto_mapeado_nao_numero_de_carregadores
node/9480171169,JCPM,,,-8.0895162,-34.8820006,f,,,yes,publico_declarado,1,{},https://www.openstreetmap.org/node/9480171169,2022-02-05T05:10:10Z,2026-10-01T01:10:13Z,2026-10-01T01:12:13.509918+00:00,OpenStreetMap,ODbL-1.0,© OpenStreetMap contributors,https://www.openstreetmap.org/copyright,objeto_mapeado_nao_numero_de_carregadores
node/9480171170,Santé,,,-8.1139867,-34.8935842,f,,,,nao_informado,1,{},https://www.openstreetmap.org/node/9480171170,2022-02-05T05:10:10Z,2026-10-01T01:10:13Z,2026-10-01T01:12:13.509918+00:00,OpenStreetMap,ODbL-1.0,© OpenStreetMap contributors,https://www.openstreetmap.org/copyright,objeto_mapeado_nao_numero_de_carregadores
node/9480171171,Shopping Recife - B,,,-8.1186155,-34.9028878,f,,,yes,publico_declarado,1,{},https://www.openstreetmap.org/node/9480171171,2022-02-05T05:10:10Z,2026-10-01T01:10:13Z,2026-10-01T01:12:13.509918+00:00,OpenStreetMap,ODbL-1.0,© OpenStreetMap contributors,https://www.openstreetmap.org/copyright,objeto_mapeado_nao_numero_de_carregadores
node/9480171172,Shopping Recife - A,,,-8.1179951,-34.9043079,f,,,yes,publico_declarado,2,{},https://www.openstreetmap.org/node/9480171172,2022-02-05T05:10:10Z,2026-10-01T01:10:13Z,2026-10-01T01:12:13.509918+00:00,OpenStreetMap,ODbL-1.0,© OpenStreetMap contributors,https://www.openstreetmap.org/copyright,objeto_mapeado_nao_numero_de_carregadores
node/9480171173,Posto Pichilau,,,-8.1771812,-34.9494398,f,,,yes,publico_declarado,3,{},https://www.openstreetmap.org/node/9480171173,2025-12-11T00:21:31Z,2026-10-01T01:10:13Z,2026-10-01T01:12:13.509918+00:00,OpenStreetMap,ODbL-1.0,© OpenStreetMap contributors,https://www.openstreetmap.org/copyright,objeto_mapeado_nao_numero_de_carregadores
node/9480171174,Aeroporto dos Guararapes,,,-8.1309349,-34.9169529,f,,,yes,publico_declarado,2,{},https://www.openstreetmap.org/node/9480171174,2022-02-05T05:10:10Z,2026-10-01T01:10:13Z,2026-10-01T01:12:13.509918+00:00,OpenStreetMap,ODbL-1.0,© OpenStreetMap contributors,https://www.openstreetmap.org/copyright,objeto_mapeado_nao_numero_de_carregadores
node/9480171175,Ferreira Costa,,,-8.112029,-34.9118505,f,,,yes,publico_declarado,2,{},https://www.openstreetmap.org/node/9480171175,2022-02-05T05:10:10Z,2026-10-01T01:10:13Z,2026-10-01T01:12:13.509918+00:00,OpenStreetMap,ODbL-1.0,© OpenStreetMap contributors,https://www.openstreetmap.org/copyright,objeto_mapeado_nao_numero_de_carregadores
node/9480171176,Deskontão,,,-8.1142535,-34.9122194,f,,,yes,publico_declarado,2,{},https://www.openstreetmap.org/node/9480171176,2022-02-05T05:10:10Z,2026-10-01T01:10:13Z,2026-10-01T01:12:13.509918+00:00,OpenStreetMap,ODbL-1.0,© OpenStreetMap contributors,https://www.openstreetmap.org/copyright,objeto_mapeado_nao_numero_de_carregadores
node/9480171177,Rota Premium - Volvo,,,-8.1103704,-34.9104835,f,,,yes,publico_declarado,1,{},https://www.openstreetmap.org/node/9480171177,2022-02-05T05:10:10Z,2026-10-01T01:10:13Z,2026-10-01T01:12:13.509918+00:00,OpenStreetMap,ODbL-1.0,© OpenStreetMap contributors,https://www.openstreetmap.org/copyright,objeto_mapeado_nao_numero_de_carregadores
node/9480171178,Jac,,,-8.1004388,-34.9099466,f,,,yes,publico_declarado,1,{},https://www.openstreetmap.org/node/9480171178,2022-02-05T05:10:10Z,2026-10-01T01:10:13Z,2026-10-01T01:12:13.509918+00:00,OpenStreetMap,ODbL-1.0,© OpenStreetMap contributors,https://www.openstreetmap.org/copyright,objeto_mapeado_nao_numero_de_carregadores
node/9480171179,Camará Shopping,,,-8.0154427,-34.9777858,f,,,yes,publico_declarado,2,{},https://www.openstreetmap.org/node/9480171179,2022-02-05T05:10:10Z,2026-10-01T01:10:13Z,2026-10-01T01:12:13.509918+00:00,OpenStreetMap,ODbL-1.0,© OpenStreetMap contributors,https://www.openstreetmap.org/copyright,objeto_mapeado_nao_numero_de_carregadores
node/9480171180,Shopping Patteo,,,-7.9935884,-34.8403285,f,,,yes,publico_declarado,2,{},https://www.openstreetmap.org/node/9480171180,2022-02-05T05:10:10Z,2026-10-01T01:10:13Z,2026-10-01T01:12:13.509918+00:00,OpenStreetMap,ODbL-1.0,© OpenStreetMap contributors,https://www.openstreetmap.org/copyright,objeto_mapeado_nao_numero_de_carregadores
node/9480171181,Shopping Difusora,,,-8.2776985,-35.9720681,f,,,yes,publico_declarado,2,{},https://www.openstreetmap.org/node/9480171181,2022-02-05T05:10:10Z,2026-10-01T01:10:13Z,2026-10-01T01:12:13.509918+00:00,OpenStreetMap,ODbL-1.0,© OpenStreetMap contributors,https://www.openstreetmap.org/copyright,objeto_mapeado_nao_numero_de_carregadores
node/9480242093,Conselho distrital,,,-3.8477466,-32.4156884,f,,,unknown,outro_valor_revisar,2,{},https://www.openstreetmap.org/node/9480242093,2022-02-05T05:16:40Z,2026-10-01T01:10:13Z,2026-10-01T01:12:13.509918+00:00,OpenStreetMap,ODbL-1.0,© OpenStreetMap contributors,https://www.openstreetmap.org/copyright,objeto_mapeado_nao_numero_de_carregadores
node/9480242094,Palácio São Miguel,,,-3.8413463,-32.4109425,f,,,unknown,outro_valor_revisar,1,{},https://www.openstreetmap.org/node/9480242094,2022-02-05T05:16:40Z,2026-10-01T01:10:13Z,2026-10-01T01:12:13.509918+00:00,OpenStreetMap,ODbL-1.0,© OpenStreetMap contributors,https://www.openstreetmap.org/copyright,objeto_mapeado_nao_numero_de_carregadores
node/9531180579,,,,-29.2721497,-50.3216061,f,,,,nao_informado,,{},https://www.openstreetmap.org/node/9531180579,2022-02-24T01:48:04Z,2026-10-01T01:10:13Z,2026-10-01T01:12:13.509918+00:00,OpenStreetMap,ODbL-1.0,© OpenStreetMap contributors,https://www.openstreetmap.org/copyright,objeto_mapeado_nao_numero_de_carregadores
node/9531242015,,,,-29.1719767,-51.1755466,f,,,,nao_informado,,{},https://www.openstreetmap.org/node/9531242015,2026-06-28T17:27:29Z,2026-10-01T01:10:13Z,2026-10-01T01:12:13.509918+00:00,OpenStreetMap,ODbL-1.0,© OpenStreetMap contributors,https://www.openstreetmap.org/copyright,objeto_mapeado_nao_numero_de_carregadores
node/9543449499,,,,-23.349863,-46.5569984,f,,,yes,publico_declarado,1,"{""socket:type2_cable"": ""1""}",https://www.openstreetmap.org/node/9543449499,2022-02-27T19:10:42Z,2026-10-01T01:10:13Z,2026-10-01T01:12:13.509918+00:00,OpenStreetMap,ODbL-1.0,© OpenStreetMap contributors,https://www.openstreetmap.org/copyright,objeto_mapeado_nao_numero_de_carregadores
node/9556554164,,ABB,,-23.2054704,-45.9078728,f,,,yes,publico_declarado,1,"{""socket:type2_cable"": ""1""}",https://www.openstreetmap.org/node/9556554164,2023-04-15T03:35:49Z,2026-10-01T01:10:13Z,2026-10-01T01:12:13.509918+00:00,OpenStreetMap,ODbL-1.0,© OpenStreetMap contributors,https://www.openstreetmap.org/copyright,objeto_mapeado_nao_numero_de_carregadores
node/9575141392,,ABB,,-23.1992486,-45.8816864,f,,,yes,publico_declarado,1,"{""socket:type2_cable"": ""1""}",https://www.openstreetmap.org/node/9575141392,2023-04-15T03:35:49Z,2026-10-01T01:10:13Z,2026-10-01T01:12:13.509918+00:00,OpenStreetMap,ODbL-1.0,© OpenStreetMap contributors,https://www.openstreetmap.org/copyright,objeto_mapeado_nao_numero_de_carregadores
node/9575141393,,ABB,,-23.2170792,-45.8901769,f,,,yes,publico_declarado,1,"{""socket:type2_cable"": ""1""}",https://www.openstreetmap.org/node/9575141393,2023-06-26T02:35:31Z,2026-10-01T01:10:13Z,2026-10-01T01:12:13.509918+00:00,OpenStreetMap,ODbL-1.0,© OpenStreetMap contributors,https://www.openstreetmap.org/copyright,objeto_mapeado_nao_numero_de_carregadores
node/9654398597,Eletroposto,,,-5.0808437,-42.8046536,f,,,,nao_informado,,{},https://www.openstreetmap.org/node/9654398597,2022-04-09T19:24:05Z,2026-10-01T01:10:13Z,2026-10-01T01:12:13.509918+00:00,OpenStreetMap,ODbL-1.0,© OpenStreetMap contributors,https://www.openstreetmap.org/copyright,objeto_mapeado_nao_numero_de_carregadores
node/9846894535,Volvo,,,-15.5752544,-56.0722493,f,,,yes,publico_declarado,2,{},https://www.openstreetmap.org/node/9846894535,2023-07-09T03:12:03Z,2026-10-01T01:10:13Z,2026-10-01T01:12:13.509918+00:00,OpenStreetMap,ODbL-1.0,© OpenStreetMap contributors,https://www.openstreetmap.org/copyright,objeto_mapeado_nao_numero_de_carregadores
node/9973035224,Posto Pichilau (Corredor Verde),Neoenergia,,-8.3933453,-35.2589599,f,,,permissive,outro_valor_revisar,,{},https://www.openstreetmap.org/node/9973035224,2022-08-23T19:41:39Z,2026-10-01T01:10:13Z,2026-10-01T01:12:13.509918+00:00,OpenStreetMap,ODbL-1.0,© OpenStreetMap contributors,https://www.openstreetmap.org/copyright,objeto_mapeado_nao_numero_de_carregadores
way/1023718704,,,,-8.0376808,-34.8988211,t,,,,nao_informado,2,{},https://www.openstreetmap.org/way/1023718704,2023-04-03T15:12:28Z,2026-10-01T01:10:13Z,2026-10-01T01:12:13.509918+00:00,OpenStreetMap,ODbL-1.0,© OpenStreetMap contributors,https://www.openstreetmap.org/copyright,objeto_mapeado_nao_numero_de_carregadores
way/1045130108,,UFSC,,-27.6020001,-48.5202856,t,,,,nao_informado,,{},https://www.openstreetmap.org/way/1045130108,2025-09-05T23:41:23Z,2026-10-01T01:10:13Z,2026-10-01T01:12:13.509918+00:00,OpenStreetMap,ODbL-1.0,© OpenStreetMap contributors,https://www.openstreetmap.org/copyright,objeto_mapeado_nao_numero_de_carregadores
way/1045130109,,Fundação CERTI,,-27.6020949,-48.5190258,t,,,yes,publico_declarado,1,{},https://www.openstreetmap.org/way/1045130109,2022-03-28T19:21:00Z,2026-10-01T01:10:13Z,2026-10-01T01:12:13.509918+00:00,OpenStreetMap,ODbL-1.0,© OpenStreetMap contributors,https://www.openstreetmap.org/copyright,objeto_mapeado_nao_numero_de_carregadores
way/1049788965,Eletroposto Fiep,,,-25.446158,-49.2446513,t,,,,nao_informado,,{},https://www.openstreetmap.org/way/1049788965,2022-04-07T00:39:08Z,2026-10-01T01:10:13Z,2026-10-01T01:12:13.509918+00:00,OpenStreetMap,ODbL-1.0,© OpenStreetMap contributors,https://www.openstreetmap.org/copyright,objeto_mapeado_nao_numero_de_carregadores
way/1049788966,Eletroposto Fiep - Lactec,,,-25.4477217,-49.2431776,t,,,,nao_informado,,{},https://www.openstreetmap.org/way/1049788966,2022-04-07T00:39:08Z,2026-10-01T01:10:13Z,2026-10-01T01:12:13.509918+00:00,OpenStreetMap,ODbL-1.0,© OpenStreetMap contributors,https://www.openstreetmap.org/copyright,objeto_mapeado_nao_numero_de_carregadores
way/1049788967,Eletroposto Fiep - Lactec,,,-25.4469438,-49.2429192,t,,,,nao_informado,,{},https://www.openstreetmap.org/way/1049788967,2022-04-07T00:39:08Z,2026-10-01T01:10:13Z,2026-10-01T01:12:13.509918+00:00,OpenStreetMap,ODbL-1.0,© OpenStreetMap contributors,https://www.openstreetmap.org/copyright,objeto_mapeado_nao_numero_de_carregadores
way/1189724320,,,,-2.4954529,-44.2618898,t,,,yes,publico_declarado,,{},https://www.openstreetmap.org/way/1189724320,2025-08-16T21:52:22Z,2026-10-01T01:10:13Z,2026-10-01T01:12:13.509918+00:00,OpenStreetMap,ODbL-1.0,© OpenStreetMap contributors,https://www.openstreetmap.org/copyright,objeto_mapeado_nao_numero_de_carregadores
way/1247733767,,,,-12.8942304,-38.4447411,t,,,private,restrito_declarado,,{},https://www.openstreetmap.org/way/1247733767,2024-02-12T00:02:31Z,2026-10-01T01:10:13Z,2026-10-01T01:12:13.509918+00:00,OpenStreetMap,ODbL-1.0,© OpenStreetMap contributors,https://www.openstreetmap.org/copyright,objeto_mapeado_nao_numero_de_carregadores
way/1249452241,,,,-25.4184557,-50.7609033,t,,,,nao_informado,,{},https://www.openstreetmap.org/way/1249452241,2024-02-12T11:17:21Z,2026-10-01T01:10:13Z,2026-10-01T01:12:13.509918+00:00,OpenStreetMap,ODbL-1.0,© OpenStreetMap contributors,https://www.openstreetmap.org/copyright,objeto_mapeado_nao_numero_de_carregadores
way/1306587187,,,,-25.4292255,-49.2797971,t,,,,nao_informado,,{},https://www.openstreetmap.org/way/1306587187,2026-05-28T13:09:35Z,2026-10-01T01:10:13Z,2026-10-01T01:12:13.509918+00:00,OpenStreetMap,ODbL-1.0,© OpenStreetMap contributors,https://www.openstreetmap.org/copyright,objeto_mapeado_nao_numero_de_carregadores
way/1340138202,Eletroposto,UFMS,,-20.5026955,-54.6143561,t,,,yes,publico_declarado,4,{},https://www.openstreetmap.org/way/1340138202,2024-12-24T12:27:17Z,2026-10-01T01:10:13Z,2026-10-01T01:12:13.509918+00:00,OpenStreetMap,ODbL-1.0,© OpenStreetMap contributors,https://www.openstreetmap.org/copyright,objeto_mapeado_nao_numero_de_carregadores
way/1349984736,,BR Properties,movE driver,-23.6083194,-46.6964068,t,,,permissive,outro_valor_revisar,2,"{""socket:type2"": ""2"", ""socket:type2_cable"": ""2""}",https://www.openstreetmap.org/way/1349984736,2025-01-12T09:57:52Z,2026-10-01T01:10:13Z,2026-10-01T01:12:13.509918+00:00,OpenStreetMap,ODbL-1.0,© OpenStreetMap contributors,https://www.openstreetmap.org/copyright,objeto_mapeado_nao_numero_de_carregadores
way/1364932977,,,,-23.4691413,-46.4091543,t,,,,nao_informado,,{},https://www.openstreetmap.org/way/1364932977,2025-03-06T06:36:40Z,2026-10-01T01:10:13Z,2026-10-01T01:12:13.509918+00:00,OpenStreetMap,ODbL-1.0,© OpenStreetMap contributors,https://www.openstreetmap.org/copyright,objeto_mapeado_nao_numero_de_carregadores
way/1373715702,,,,-5.5870973,-36.9497804,t,,,customers,restrito_declarado,,{},https://www.openstreetmap.org/way/1373715702,2025-04-01T14:00:12Z,2026-10-01T01:10:13Z,2026-10-01T01:12:13.509918+00:00,OpenStreetMap,ODbL-1.0,© OpenStreetMap contributors,https://www.openstreetmap.org/copyright,objeto_mapeado_nao_numero_de_carregadores
way/1415079809,,,,-23.5737453,-46.642004,t,,,customers,restrito_declarado,3,{},https://www.openstreetmap.org/way/1415079809,2025-07-16T04:11:27Z,2026-10-01T01:10:13Z,2026-10-01T01:12:13.509918+00:00,OpenStreetMap,ODbL-1.0,© OpenStreetMap contributors,https://www.openstreetmap.org/copyright,objeto_mapeado_nao_numero_de_carregadores
way/1443051940,,,,-9.3921314,-40.5250173,t,,,,nao_informado,,{},https://www.openstreetmap.org/way/1443051940,2025-10-18T17:42:41Z,2026-10-01T01:10:13Z,2026-10-01T01:12:13.509918+00:00,OpenStreetMap,ODbL-1.0,© OpenStreetMap contributors,https://www.openstreetmap.org/copyright,objeto_mapeado_nao_numero_de_carregadores
way/1455794765,Eletroposto,,,-30.4078417,-51.4539657,t,,,,nao_informado,,{},https://www.openstreetmap.org/way/1455794765,2025-12-03T15:39:03Z,2026-10-01T01:10:13Z,2026-10-01T01:12:13.509918+00:00,OpenStreetMap,ODbL-1.0,© OpenStreetMap contributors,https://www.openstreetmap.org/copyright,objeto_mapeado_nao_numero_de_carregadores
way/1499999686,,Eletroposto Marzagão Caldas Novas | LOGI CHARGE,ELETROPOSTO LOGI CHARGE,-17.9831712,-48.6375505,t,,,yes,publico_declarado,10,{},https://www.openstreetmap.org/way/1499999686,2026-06-20T13:42:18Z,2026-10-01T01:10:13Z,2026-10-01T01:12:13.509918+00:00,OpenStreetMap,ODbL-1.0,© OpenStreetMap contributors,https://www.openstreetmap.org/copyright,objeto_mapeado_nao_numero_de_carregadores
way/1508000372,,,,-23.2284616,-45.9127376,t,,,,nao_informado,,{},https://www.openstreetmap.org/way/1508000372,2026-05-06T02:48:47Z,2026-10-01T01:10:13Z,2026-10-01T01:12:13.509918+00:00,OpenStreetMap,ODbL-1.0,© OpenStreetMap contributors,https://www.openstreetmap.org/copyright,objeto_mapeado_nao_numero_de_carregadores
way/1510270560,Eletroposto Evvo - Rodoferroviária,,,-25.4361001,-49.2548858,t,,,,nao_informado,,{},https://www.openstreetmap.org/way/1510270560,2026-06-10T10:37:41Z,2026-10-01T01:10:13Z,2026-10-01T01:12:13.509918+00:00,OpenStreetMap,ODbL-1.0,© OpenStreetMap contributors,https://www.openstreetmap.org/copyright,objeto_mapeado_nao_numero_de_carregadores
way/1512166535,,,,-3.7368436,-38.5075326,t,Fortaleza,,,nao_informado,,{},https://www.openstreetmap.org/way/1512166535,2026-05-11T16:57:54Z,2026-10-01T01:10:13Z,2026-10-01T01:12:13.509918+00:00,OpenStreetMap,ODbL-1.0,© OpenStreetMap contributors,https://www.openstreetmap.org/copyright,objeto_mapeado_nao_numero_de_carregadores
way/1529278429,,,,-20.8330157,-49.3553198,t,,,customers,restrito_declarado,1,"{""socket:type2_combo"": ""1"", ""socket:type2_combo:current"": ""100"", ""socket:type2_combo:output"": ""30"", ""socket:type2_combo:voltage"": ""1000""}",https://www.openstreetmap.org/way/1529278429,2026-06-14T01:59:35Z,2026-10-01T01:10:13Z,2026-10-01T01:12:13.509918+00:00,OpenStreetMap,ODbL-1.0,© OpenStreetMap contributors,https://www.openstreetmap.org/copyright,objeto_mapeado_nao_numero_de_carregadores
way/1534608434,,Alliance Power Solutions,,-22.3554565,-46.9270413,t,,,yes,publico_declarado,1,{},https://www.openstreetmap.org/way/1534608434,2026-07-02T15:21:09Z,2026-10-01T01:10:13Z,2026-10-01T01:12:13.509918+00:00,OpenStreetMap,ODbL-1.0,© OpenStreetMap contributors,https://www.openstreetmap.org/copyright,objeto_mapeado_nao_numero_de_carregadores
way/1534608435,,Alliance Power Solution,,-22.3762459,-46.9452385,t,,,yes,publico_declarado,3,{},https://www.openstreetmap.org/way/1534608435,2026-07-02T15:21:09Z,2026-10-01T01:10:13Z,2026-10-01T01:12:13.509918+00:00,OpenStreetMap,ODbL-1.0,© OpenStreetMap contributors,https://www.openstreetmap.org/copyright,objeto_mapeado_nao_numero_de_carregadores
way/1535088588,,Tupi,,-22.9864765,-49.8678312,t,,,customers,restrito_declarado,,{},https://www.openstreetmap.org/way/1535088588,2026-07-03T23:40:35Z,2026-10-01T01:10:13Z,2026-10-01T01:12:13.509918+00:00,OpenStreetMap,ODbL-1.0,© OpenStreetMap contributors,https://www.openstreetmap.org/copyright,objeto_mapeado_nao_numero_de_carregadores
way/1535978628,,SP-Volt,,-3.0610851,-59.9885508,t,,,,nao_informado,50,{},https://www.openstreetmap.org/way/1535978628,2026-07-06T19:47:43Z,2026-10-01T01:10:13Z,2026-10-01T01:12:13.509918+00:00,OpenStreetMap,ODbL-1.0,© OpenStreetMap contributors,https://www.openstreetmap.org/copyright,objeto_mapeado_nao_numero_de_carregadores
way/1549065270,Eletroposto,,,-15.5714725,-56.078326,t,,,customers,restrito_declarado,2,{},https://www.openstreetmap.org/way/1549065270,2026-08-12T11:44:29Z,2026-10-01T01:10:13Z,2026-10-01T01:12:13.509918+00:00,OpenStreetMap,ODbL-1.0,© OpenStreetMap contributors,https://www.openstreetmap.org/copyright,objeto_mapeado_nao_numero_de_carregadores
way/1556472559,,,,-15.5789542,-56.0973901,t,,,yes,publico_declarado,2,{},https://www.openstreetmap.org/way/1556472559,2026-09-06T00:58:28Z,2026-10-01T01:10:13Z,2026-10-01T01:12:13.509918+00:00,OpenStreetMap,ODbL-1.0,© OpenStreetMap contributors,https://www.openstreetmap.org/copyright,objeto_mapeado_nao_numero_de_carregadores
way/1562313014,,,,-27.5963077,-48.580127,t,,,,nao_informado,,{},https://www.openstreetmap.org/way/1562313014,2026-09-25T22:47:51Z,2026-10-01T01:10:13Z,2026-10-01T01:12:13.509918+00:00,OpenStreetMap,ODbL-1.0,© OpenStreetMap contributors,https://www.openstreetmap.org/copyright,objeto_mapeado_nao_numero_de_carregadores
way/371432992,Go Eletric,,,-23.5684088,-46.6117302,t,São Paulo,,yes,publico_declarado,8,{},https://www.openstreetmap.org/way/371432992,2025-04-30T14:14:27Z,2026-10-01T01:10:13Z,2026-10-01T01:12:13.509918+00:00,OpenStreetMap,ODbL-1.0,© OpenStreetMap contributors,https://www.openstreetmap.org/copyright,objeto_mapeado_nao_numero_de_carregadores
way/684814865,Enel,,,-22.7996977,-42.9823641,t,,,,nao_informado,,{},https://www.openstreetmap.org/way/684814865,2019-04-21T04:19:09Z,2026-10-01T01:10:13Z,2026-10-01T01:12:13.509918+00:00,OpenStreetMap,ODbL-1.0,© OpenStreetMap contributors,https://www.openstreetmap.org/copyright,objeto_mapeado_nao_numero_de_carregadores
way/804451196,Posto BR São Lucas,,,-3.0923667,-59.987901,t,Manaus,,,nao_informado,,{},https://www.openstreetmap.org/way/804451196,2025-06-03T17:09:29Z,2026-10-01T01:10:13Z,2026-10-01T01:12:13.509918+00:00,OpenStreetMap,ODbL-1.0,© OpenStreetMap contributors,https://www.openstreetmap.org/copyright,objeto_mapeado_nao_numero_de_carregadores
way/908604269,,Go Electric,,-23.4826403,-47.4394111,t,,,yes,publico_declarado,2,{},https://www.openstreetmap.org/way/908604269,2026-06-11T01:17:52Z,2026-10-01T01:10:13Z,2026-10-01T01:12:13.509918+00:00,OpenStreetMap,ODbL-1.0,© OpenStreetMap contributors,https://www.openstreetmap.org/copyright,objeto_mapeado_nao_numero_de_carregadores
way/909127223,Enel,,,-23.5485132,-46.7359186,t,São Paulo,,,nao_informado,,{},https://www.openstreetmap.org/way/909127223,2021-02-20T18:04:22Z,2026-10-01T01:10:13Z,2026-10-01T01:12:13.509918+00:00,OpenStreetMap,ODbL-1.0,© OpenStreetMap contributors,https://www.openstreetmap.org/copyright,objeto_mapeado_nao_numero_de_carregadores
